read_id	most_likely_taxon	confidence	assignment_certainty	taxon_name	kingdom
e90bbf82-0d05-4098-a908-69688d8e28f4	186651	0.9493012537553854	high	Microvirga subterranea	Bacteria
e83f72d6-575d-49b9-9829-a40b46084f97	186651	0.9493007329570324	high	Microvirga subterranea	Bacteria
abad9136-5c7c-401a-97f2-9bde39b7cbf2	186651	0.9493007329570324	high	Microvirga subterranea	Bacteria
6e60e784-739a-4f0b-887b-de3394f2085b	186651	0.9493008368224548	high	Microvirga subterranea	Bacteria
b24e7a79-e1b8-448e-9bc9-552a5b6b6629	186651	0.9493004222385364	high	Microvirga subterranea	Bacteria
06099c9a-6f43-4abd-9678-f85574a46274	186651	0.949331099584878	high	Microvirga subterranea	Bacteria
04fd392b-a83f-46e7-86b6-d698df7a46d4	186651	0.9492714348692928	high	Microvirga subterranea	Bacteria
a60510df-dcea-4116-b888-52122847cc9e	186651	0.9913057102400282	high	Microvirga subterranea	Bacteria
f38ab071-1491-4921-8ad5-01b102ca8b72	186651	0.996326862304394	high	Microvirga subterranea	Bacteria
8e9c96f9-9b94-4170-aa95-e09f99d59adf	186651	0.94930156800866	high	Microvirga subterranea	Bacteria
6b9163ea-d4a6-45a1-8a99-c48ee3fcc89d	186651	0.9493013583579942	high	Microvirga subterranea	Bacteria
34c3e569-bc3e-4c58-abbb-2ca1a1c054b2	186651	0.94930156800866	high	Microvirga subterranea	Bacteria
739f2170-81ab-499c-ac1a-27abec942bec	186651	0.8872730547606648	high	Microvirga subterranea	Bacteria
b20fdd3d-7393-4965-85b0-3a5fabf23053	186651	0.949300215821262	high	Microvirga subterranea	Bacteria
eb409561-234b-448d-b65d-2525169be06f	186651	0.9780426796091216	high	Microvirga subterranea	Bacteria
2e540ff6-d589-4ee6-ab67-b173d9be9bda	186651	0.94930156800866	high	Microvirga subterranea	Bacteria
3106b4ce-6665-4133-a79c-e98905188731	186651	0.9493014631089796	high	Microvirga subterranea	Bacteria
17030511-a9a5-48c4-b5d9-ee44371a43c8	186651	0.9999999998315232	high	Microvirga subterranea	Bacteria
a1e45107-f57c-4364-ae2a-fd8960b1f5c6	186651	0.9493015680086592	high	Microvirga subterranea	Bacteria
a7c7ba12-aad9-4cf8-b55d-0302db0e000e	186651	0.6388546215939626	medium	Microvirga subterranea	Bacteria
faa1d0ea-0600-4589-b631-8f535f05e879	186651	0.9493309737746468	high	Microvirga subterranea	Bacteria
06f589ea-f356-4067-bbaa-88c1a50eb2d5	186651	0.9493009408346894	high	Microvirga subterranea	Bacteria
f20f92e0-9c91-46ee-8b54-b31f161eb203	186651	0.9493008368224548	high	Microvirga subterranea	Bacteria
f973ed00-107c-4e9e-bd69-1c685e49e76f	186651	0.990684678622292	high	Microvirga subterranea	Bacteria
1a119fff-2022-4fa2-926c-b0f10fdc6af3	186651	0.999057589302099	high	Microvirga subterranea	Bacteria
8f2ea1b6-5c41-44e0-9659-510a49d13442	186651	0.9493293543288756	high	Microvirga subterranea	Bacteria
ca73dde2-1d52-40c3-84c4-ed595d3f0d34	186651	0.9493009408346894	high	Microvirga subterranea	Bacteria
ba95cf7c-0400-4dfe-9f10-13440d1d9bc9	186651	0.990650944598573	high	Microvirga subterranea	Bacteria
cf365a5d-f902-44d7-a143-e31570439509	186651	0.9493009408346894	high	Microvirga subterranea	Bacteria
3f0e6e72-f90f-475d-be7e-25e6b82507cf	186651	0.9493008368224553	high	Microvirga subterranea	Bacteria
bb7dbd8d-e3a8-4773-9d28-e7e44299e266	1128670	0.976116342940632	high	Microvirga makkahensis	Bacteria
f69eec85-d453-4099-990a-733c06933ecb	186651	0.9493011493008424	high	Microvirga subterranea	Bacteria
793a14e4-b7ca-470c-8d43-c86083ca86e2	186651	0.8872730547606648	high	Microvirga subterranea	Bacteria
2116bf17-be3a-4578-bde3-8c2a8985956d	186651	0.9493010449940484	high	Microvirga subterranea	Bacteria
c514a34a-b92a-4b83-9b40-80c6e67dbcbf	186651	0.9493014631089796	high	Microvirga subterranea	Bacteria
29049125-e0d2-49b0-b4cd-5fb0f907cf78	186651	0.9493007329570324	high	Microvirga subterranea	Bacteria
868f926a-da66-4c90-9feb-54a6e7b88a5b	186651	0.9493004222385352	high	Microvirga subterranea	Bacteria
6fe3dcf0-f471-4a26-a0a1-1e183be06938	186651	0.9493012537553854	high	Microvirga subterranea	Bacteria
05da4a9d-54b3-4244-9c0a-629bd1cab72e	186651	0.9493001128302196	high	Microvirga subterranea	Bacteria
247c3816-1337-468a-a0c2-1d745a1d6ff7	186651	0.94930156800866	high	Microvirga subterranea	Bacteria
28e30699-7b76-4878-8bd8-10e16c109e74	186651	0.94930156800866	high	Microvirga subterranea	Bacteria
fbd6a1dc-d957-404a-b7cc-651f4e5468ac	1128670	0.9328311624974672	high	Microvirga makkahensis	Bacteria
cf23363e-d62d-499a-bef5-edf68bd45d2b	186651	0.94930156800866	high	Microvirga subterranea	Bacteria
290d0364-8bc1-40b5-81fb-43def0f871b4	186651	0.9493015680086592	high	Microvirga subterranea	Bacteria
ba691196-c486-4a32-82af-9ed724e08a8c	186651	0.9493007329570324	high	Microvirga subterranea	Bacteria
874e7c5c-a0bd-4f5a-bf1b-313a8f69ad0d	186651	0.9493009408346887	high	Microvirga subterranea	Bacteria
b0835274-65ae-47e9-a272-dcfe6e7d033e	186651	0.9493013583579936	high	Microvirga subterranea	Bacteria
4b01c261-c9c7-4bda-a684-0fcf832d8f56	186651	0.949271351731358	high	Microvirga subterranea	Bacteria
1709e3c9-e8e2-4b24-8df6-d9b1558aea33	186651	0.94930156800866	high	Microvirga subterranea	Bacteria
ce0831ae-ba63-469c-8392-0592203f6aa0	186651	0.9963086823662392	high	Microvirga subterranea	Bacteria
854b9831-54b7-4528-8e82-bbadbbb9a2cd	186651	0.9493013583579928	high	Microvirga subterranea	Bacteria
60661e46-7b6c-4e6a-ab2c-e5ad94eab3cf	186651	0.949304566881151	high	Microvirga subterranea	Bacteria
f6ef968f-89f2-4903-b98d-a1086fe20524	186651	0.9493011493008424	high	Microvirga subterranea	Bacteria
219021b4-04c2-45f2-83ba-bf6f04fcab41	186651	0.9493009408346904	high	Microvirga subterranea	Bacteria
c6bd1a4c-00a3-475b-9b64-785f6ba99b14	186651	0.9780424015370104	high	Microvirga subterranea	Bacteria
5edd36b2-d8b9-4339-92ec-dc2eb2d7c2e4	1128670	0.5731771365892231	medium	Microvirga makkahensis	Bacteria
05298b4f-a729-43f6-b6e2-ca629d31c5cf	186651	0.9978624884138192	high	Microvirga subterranea	Bacteria
a8f47d66-4a5c-4a44-a443-8c90dde4bc6e	186651	0.7678024754159858	medium	Microvirga subterranea	Bacteria
ca9aee2c-429e-4098-8e9f-fd1fd7168b9c	186651	0.8872730547606648	high	Microvirga subterranea	Bacteria
bfda8493-c617-4294-9b64-9e2ec9b5536a	186651	0.9963265210547244	high	Microvirga subterranea	Bacteria
125a3246-ade6-4213-b01b-a2faba609085	186651	0.9493006292381108	high	Microvirga subterranea	Bacteria
f1a03fea-a0a1-4cbf-ab6f-02fb7112ddf7	186651	0.949300318957265	high	Microvirga subterranea	Bacteria
7d96fdd6-2a84-400b-830c-d19aa8e19496	186651	0.9996124776566258	high	Microvirga subterranea	Bacteria
edfa584d-39f2-4a9f-a150-90083aba169f	186651	0.9906510047302296	high	Microvirga subterranea	Bacteria
e1bae30a-37f0-43b1-841d-ba3518de10ae	186651	0.7645497320420543	medium	Microvirga subterranea	Bacteria
cb522270-4a49-4d63-b1bd-ea513e27c18a	186651	0.9492968918679668	high	Microvirga subterranea	Bacteria
2f0dbe76-d447-443a-8cb9-897aeff36148	186651	0.9493004222385364	high	Microvirga subterranea	Bacteria
efc64713-717d-4218-92b7-d63cfd71d542	186651	0.9493014631089796	high	Microvirga subterranea	Bacteria
527bedec-c861-4be2-bd15-b6b91c8dd96c	186651	0.9493014631089796	high	Microvirga subterranea	Bacteria
8cecd0b1-551c-481d-8d89-ccbe433e2539	186651	0.9493008368224553	high	Microvirga subterranea	Bacteria
6d873d0c-e561-46fe-9973-5a9c74cbb626	186651	0.9493005256653828	high	Microvirga subterranea	Bacteria
7b207dde-2c0d-4254-831e-4cb400353d7d	186651	0.94930156800866	high	Microvirga subterranea	Bacteria
e47a4b3d-f53c-4bab-a272-98f121e2cdf0	186651	0.9493305974121568	high	Microvirga subterranea	Bacteria
7a62aa36-f6f7-45bb-991b-462910e3c0b4	186651	0.9999967182534868	high	Microvirga subterranea	Bacteria
6c25a723-8569-4676-8668-71fb8523120c	186651	0.9780429588610547	high	Microvirga subterranea	Bacteria
d5bddf43-86cc-4068-b11f-b0defbf18abc	1128670	0.7625164242945581	medium	Microvirga makkahensis	Bacteria
311ea40c-3666-4a69-bcc3-2b58ceaf589e	186651	0.9493015680086592	high	Microvirga subterranea	Bacteria
e6a90088-6e11-4295-b22e-fa1a5736c4bd	186651	0.990651185635012	high	Microvirga subterranea	Bacteria
b146d67b-952c-4ba2-8de4-e7d6f3d78d45	186651	0.9493008368224553	high	Microvirga subterranea	Bacteria
aaacec5f-8cb9-464d-add6-fc52a76b733a	186651	0.9780429588610547	high	Microvirga subterranea	Bacteria
1c6d6910-2a5c-4531-a810-3d3bc9e15d03	186651	0.9492417677536336	high	Microvirga subterranea	Bacteria
a1be72e7-e4cb-4850-9dce-bce4c1696f77	186651	0.9999999999169216	high	Microvirga subterranea	Bacteria
6e9078cf-5d83-4092-bed6-767543c458e2	186651	0.9493010449940488	high	Microvirga subterranea	Bacteria
b5a80cf4-dc3a-46ee-bdd0-d5d1be48a025	186651	0.9493008368224538	high	Microvirga subterranea	Bacteria
ef4f2247-a3a9-4c87-8b01-6f6fc602cedd	186651	0.9493303473902238	high	Microvirga subterranea	Bacteria
bd94d551-81d0-43f9-9cc8-3342ae0f2b0a	186651	0.9493007329570324	high	Microvirga subterranea	Bacteria
6d0e9018-c5cb-4e98-a580-1fa19291ee78	186651	0.9493013583579936	high	Microvirga subterranea	Bacteria
097743c7-1318-47d5-9cad-06f782984b57	186651	0.9492999072817984	high	Microvirga subterranea	Bacteria
3a2f98ea-247b-47aa-825c-f712c2688b72	186651	0.9493009408346894	high	Microvirga subterranea	Bacteria
32324451-b4fa-4d58-93f0-34db07a482fa	1128670	0.569824404011098	medium	Microvirga makkahensis	Bacteria
352432e6-d830-40b7-82ae-0952555b66dd	186651	0.9493008368224553	high	Microvirga subterranea	Bacteria
50ddf820-387f-4f56-bd46-7d4dbd022d8e	186651	0.990650884551586	high	Microvirga subterranea	Bacteria
ac9c10b5-bb3c-446b-bd7e-7f67d6bba1e1	186651	1.0	confident	Microvirga subterranea	Bacteria
cf4941b5-e9f9-49d6-8c1a-6baa4e4addb4	186651	0.9493009408346894	high	Microvirga subterranea	Bacteria
69ae51a2-5d43-429f-9353-4ab94e64afbe	186651	0.9997408369153612	high	Microvirga subterranea	Bacteria
a673cb70-510f-4de7-8e18-c383e1c12e9e	186651	0.9493009408346894	high	Microvirga subterranea	Bacteria
f3231527-84f5-4274-94f2-81b5de58dae0	186651	0.9493014631089792	high	Microvirga subterranea	Bacteria
2e31b1bf-0bc9-45da-bfd1-1c0d769dd4c4	186651	0.9983352605346782	high	Microvirga subterranea	Bacteria
3db3dab2-ded7-4d57-b19d-f1e74fb863e7	186651	0.9493008368224538	high	Microvirga subterranea	Bacteria
f9be0e61-c237-4d4d-9908-8a8ec2025bd5	186651	0.949242392962209	high	Microvirga subterranea	Bacteria
fd62fcad-625f-47bf-95d5-260759956095	186651	0.9493012537553868	high	Microvirga subterranea	Bacteria
2a40e4b6-48fb-410e-aae2-931e4cbd7dac	186651	0.949300732957032	high	Microvirga subterranea	Bacteria
8f914a2d-576d-484b-9114-f2747c1b4d96	186651	0.9493014631089792	high	Microvirga subterranea	Bacteria
17affb2c-588e-466e-98f2-dfa6f9194575	186651	0.9493013583579942	high	Microvirga subterranea	Bacteria
d65b63da-90c1-417e-bb40-30f0ba40005a	186651	0.949308261212182	high	Microvirga subterranea	Bacteria
ef5211b8-02db-4952-966f-52cc25864571	186651	0.8872730547606648	high	Microvirga subterranea	Bacteria
c58b76bb-f13e-40dc-9f83-ddff6aee95bb	186651	0.94930156800866	high	Microvirga subterranea	Bacteria
6fa148e3-7a6b-44e6-ad88-7caf921761c0	186651	0.9493012537553862	high	Microvirga subterranea	Bacteria
6572f3e8-8c53-4250-b46d-6e95cd141698	186651	0.9493014631089792	high	Microvirga subterranea	Bacteria
041c8eca-1d07-4618-a2d9-b2c165d27b0d	186651	0.9493302226440496	high	Microvirga subterranea	Bacteria
03fad76e-c586-4ef4-bd0a-6c3685a8cf84	186651	0.9906338999550977	high	Microvirga subterranea	Bacteria
a8fb9102-fe2b-4e4d-a52f-7b0b0c672743	186651	0.9493009408346894	high	Microvirga subterranea	Bacteria
adfa593e-8263-4a2d-ac4f-2400206fb17f	186651	0.9493014631089796	high	Microvirga subterranea	Bacteria
b60305e1-04f6-42d3-af5f-13a92e58948c	1128670	0.5602781882082559	medium	Microvirga makkahensis	Bacteria
b18c9ae8-6da1-4dfc-afc1-cd8c777074ca	186651	0.9493008368224548	high	Microvirga subterranea	Bacteria
b9ad6190-a566-4ed7-9e30-641b8af21768	186651	0.8816460404848501	high	Microvirga subterranea	Bacteria
8df7d9f3-5a79-4542-8351-0b2f8afe1d8a	1128670	0.999998213864226	high	Microvirga makkahensis	Bacteria
917af09f-0edd-435b-94ea-2d1e18656fbd	186651	0.9493012537553868	high	Microvirga subterranea	Bacteria
d39db0eb-6a5a-4e34-99f2-1f3eba860071	186651	0.9493012537553868	high	Microvirga subterranea	Bacteria
ed3c7d7a-4fbf-43f5-a05c-0fcccc0652b3	1128670	0.9977651515205052	high	Microvirga makkahensis	Bacteria
bfd15002-bf98-4171-b616-08093484a9f0	186651	0.9780432393003332	high	Microvirga subterranea	Bacteria
7b0d115f-7901-4bbb-9e4a-fa77ff333ab2	186651	0.990667480516136	high	Microvirga subterranea	Bacteria
5b1c1a37-fe90-4a0f-94c8-0dd61df3177f	186651	0.9493013583579942	high	Microvirga subterranea	Bacteria
c56c858f-7efa-4656-885b-33053019af53	186651	0.9780414830555724	high	Microvirga subterranea	Bacteria
ee38ce92-b216-4c41-8908-8a177c7eec4a	186651	0.7679101080304052	medium	Microvirga subterranea	Bacteria
b1c5e085-6395-4731-8235-f0a83c210929	186651	0.9493013583579936	high	Microvirga subterranea	Bacteria
b8fbd216-2715-4dce-86cd-c688f9a3a0c0	186651	0.9493009408346887	high	Microvirga subterranea	Bacteria
71af7df0-9bae-4ac2-a683-7f09af27808b	186651	0.9493008368224538	high	Microvirga subterranea	Bacteria
7c85f2c5-a96f-45b5-b6bb-463a23e35676	186651	0.990650764710906	high	Microvirga subterranea	Bacteria
b289a2a3-a42e-405d-8ab6-62876f60c683	186651	0.9493303473902238	high	Microvirga subterranea	Bacteria
0ceac8ac-d009-49ef-a65d-9b01505c5a06	186651	0.9493009408346887	high	Microvirga subterranea	Bacteria
bc5d3ee7-dc1c-4cae-a8f6-f8dc6a140635	186651	0.9960487513292112	high	Microvirga subterranea	Bacteria
979d6ab0-8efb-44c1-902f-62c6164b0da2	186651	0.8872730547606648	high	Microvirga subterranea	Bacteria
c9d5acad-4e03-4ba3-a2d9-d0b0f4579006	186651	0.949300318957265	high	Microvirga subterranea	Bacteria
d77100e0-0f2b-4ae1-a0b9-7915cb517daf	186651	0.9960486828500088	high	Microvirga subterranea	Bacteria
d77e9a20-7563-4112-bef2-1ea7d6388843	186651	0.9493014631089792	high	Microvirga subterranea	Bacteria
f5d24aa0-2280-46c2-b062-93b441194f48	186651	0.999085819978503	high	Microvirga subterranea	Bacteria
0c481f5c-16ba-476c-85b6-f8f4a4fcb9d2	186651	0.9493015680086592	high	Microvirga subterranea	Bacteria
5a0565f6-a498-42b7-b141-1d3fc3a2f41f	186651	0.9493009408346887	high	Microvirga subterranea	Bacteria
1dcbdf08-c84f-49ba-8142-82b979303fe1	186651	0.9493010449940484	high	Microvirga subterranea	Bacteria
07affbea-35d5-4a44-b5f9-70a74d9670ec	186651	0.9493009408346894	high	Microvirga subterranea	Bacteria
97a6df8e-e1b0-4c14-aa8b-a3022281d404	186651	0.9493022005471312	high	Microvirga subterranea	Bacteria
be7bf41a-6e86-413f-9bca-ca3a1a102af3	186651	0.8872730547606648	high	Microvirga subterranea	Bacteria
77366e9d-dba6-479f-97a1-01552fe6dce1	186651	0.6392953024652934	medium	Microvirga subterranea	Bacteria
8655ba03-820f-4224-8792-33623d0ae2bd	186651	0.999981438004859	high	Microvirga subterranea	Bacteria
45771395-a6e4-4c13-9c2c-281d36e56fdc	186651	0.9493011493008424	high	Microvirga subterranea	Bacteria
c1cccce8-9e14-4801-9fe9-1b0e6174c944	186651	0.9493009408346887	high	Microvirga subterranea	Bacteria
079dc848-b27f-4822-9787-ced70b5be057	186651	0.9493009408346894	high	Microvirga subterranea	Bacteria
bdb1be7a-9cfd-45f9-8cc2-c14376aa770d	186651	0.9493006292381108	high	Microvirga subterranea	Bacteria
b45ae9b8-95d6-4b53-a1b0-adf3952d7582	186651	0.9493008368224553	high	Microvirga subterranea	Bacteria
c8f88c8b-9cbb-41a7-a269-e7cacfae2edb	186651	0.9493007329570324	high	Microvirga subterranea	Bacteria
43faf14e-5d72-4ab9-b25a-19261c87f5c9	186651	0.9493013583579928	high	Microvirga subterranea	Bacteria
7b643673-97f0-4aeb-b840-96e7bb1a7f1e	186651	0.9780431456881796	high	Microvirga subterranea	Bacteria
5142d1a2-73e9-4bf2-8b43-8b98c2eea8a9	186651	0.9999544360872404	high	Microvirga subterranea	Bacteria
9d58f7f0-0bcd-49b1-b9ef-7294f36fc644	186651	0.9493303473902238	high	Microvirga subterranea	Bacteria
9ea787e3-22d6-4f49-9a30-e65cc32bb4b0	186651	0.9906504665784748	high	Microvirga subterranea	Bacteria
d86b7c6a-1ed0-4405-b440-c689fac60db6	186651	0.949300732957032	high	Microvirga subterranea	Bacteria
120fe05b-b677-4664-8626-d10519ba4fde	186651	0.9493015680086592	high	Microvirga subterranea	Bacteria
949a02b1-eed1-440c-bd6f-cfce012b5488	186651	0.9493012537553868	high	Microvirga subterranea	Bacteria
b94f42cf-d65e-49b0-a2e1-0af720d1e692	186651	0.8872730547606648	high	Microvirga subterranea	Bacteria
821eb083-29ce-4498-b492-df16ae42a4a3	186651	0.9493597377991888	high	Microvirga subterranea	Bacteria
31508453-d9d1-4439-9daf-491f0a5c1909	186651	0.9999933392935187	high	Microvirga subterranea	Bacteria
44bb9fa6-a2ec-4040-9005-3ff6d6822363	186651	0.94930156800866	high	Microvirga subterranea	Bacteria
5a6cc479-b3ad-4703-ae18-44f619913093	186651	0.9493009408346894	high	Microvirga subterranea	Bacteria
b72436fd-9b02-4ddb-8670-0ef81dc10a11	186651	0.9493304723128008	high	Microvirga subterranea	Bacteria
0e31d493-7d6c-49cd-9b92-4e42b70879fd	186651	0.99063380391015	high	Microvirga subterranea	Bacteria
631369fd-e72f-421a-98dc-f31657c32291	186651	0.9492716014980508	high	Microvirga subterranea	Bacteria
4aef34d6-beb0-4e9e-b4a0-4f2bae154047	186651	0.9999849968969308	high	Microvirga subterranea	Bacteria
77ae95cc-1c5f-4297-8fab-656b33c46aba	186651	0.9493010449940475	high	Microvirga subterranea	Bacteria
b31e9a39-d04a-45c1-bbf9-5254d73919b7	186651	0.9999999899660108	high	Microvirga subterranea	Bacteria
212e371e-95a1-4384-bc37-fca40f778871	186651	0.999984553645141	high	Microvirga subterranea	Bacteria
7b59dfae-59bf-4bf5-b1f8-c2c68f91acf0	186651	0.9999964155513004	high	Microvirga subterranea	Bacteria
dba65424-6f4f-4598-a566-98a384edf23f	186651	0.9493012537553862	high	Microvirga subterranea	Bacteria
e31a598e-c221-43c0-8dac-a2b7e686c06f	186651	0.9493011493008432	high	Microvirga subterranea	Bacteria
a9700f51-e937-4c0c-88b8-f8824a5579f5	186651	0.9493597377991896	high	Microvirga subterranea	Bacteria
cd1d60a8-e295-4a51-bd8c-00690d9ac312	186651	0.9493008368224553	high	Microvirga subterranea	Bacteria
adebf7d3-b1a4-4abb-a000-f31ec59609aa	186651	0.9493004222385358	high	Microvirga subterranea	Bacteria
ddf7c971-d1fd-408f-9761-5ffe3f124d4e	186651	0.9493012537553854	high	Microvirga subterranea	Bacteria
39998877-1d79-4b4c-a1f3-fbc6e8ed54a7	186651	0.9780430522085136	high	Microvirga subterranea	Bacteria
b0322ec2-6f20-42b3-ae8e-06e408304507	186651	0.9493013583579928	high	Microvirga subterranea	Bacteria
5c7aa3c7-35d2-414a-9525-57a53f71171e	186651	0.9493014631089796	high	Microvirga subterranea	Bacteria
73699d9a-b948-4f2f-bbe1-c11628d31a01	186651	0.9493010449940468	high	Microvirga subterranea	Bacteria
1ba0924a-2b24-4038-9588-d57cec135dd3	186651	0.9493007329570324	high	Microvirga subterranea	Bacteria
9df1ebaa-bfd0-4229-a6c0-d8862bd8d57b	186651	0.9492999072817998	high	Microvirga subterranea	Bacteria
27cad5ce-0351-4be1-9ebc-ea6ae9d0948a	186651	0.94930156800866	high	Microvirga subterranea	Bacteria
9c2a81fb-df12-4add-96f4-39a36da44552	186651	0.94930156800866	high	Microvirga subterranea	Bacteria
e4c13053-3db9-43f9-af2b-5a4825145724	186651	0.9493299736794154	high	Microvirga subterranea	Bacteria
d914f619-d3e3-4e14-a408-79ef13aabe1e	186651	0.9493010449940484	high	Microvirga subterranea	Bacteria
82bcb03a-2a7c-4fef-aa00-7b7de604871a	186651	0.8872730547606648	high	Microvirga subterranea	Bacteria
df0ba321-b1af-4ca6-babd-0e57a4608a41	186651	0.9493013583579936	high	Microvirga subterranea	Bacteria
9984fda4-a538-4696-97d4-375fee764a53	186651	0.9999999996128583	high	Microvirga subterranea	Bacteria
229ef1d7-2223-4040-9151-cebc637d60c5	186651	0.9493008368224548	high	Microvirga subterranea	Bacteria
26f0cff1-91d8-4bb9-abc3-85d1cb38a1c6	186651	0.949292873338277	high	Microvirga subterranea	Bacteria
3df6ccd7-27c1-4ebd-9efd-b5cf4853afc3	186651	0.9493013583579942	high	Microvirga subterranea	Bacteria
0df2403d-a6d4-4ff2-aa16-3b08b62ad473	186651	0.9493001128302196	high	Microvirga subterranea	Bacteria
2c03f913-2743-443f-8e53-c40ffdb0004c	186651	0.9780430522085136	high	Microvirga subterranea	Bacteria
bc50bd4b-3817-4c65-904b-49f2555ba106	186651	0.8872730547606648	high	Microvirga subterranea	Bacteria
599d8cd2-e540-491e-bb4e-5eca507362b0	186651	0.9780421246372584	high	Microvirga subterranea	Bacteria
70a1ff25-6da7-44ef-871c-abf5785e5303	186651	0.999981438004859	high	Microvirga subterranea	Bacteria
6e3d3a63-255c-4742-95f5-f347862ef6ba	186651	0.9493007329570324	high	Microvirga subterranea	Bacteria
00e7fcaf-7e91-4a26-ab14-84b7d923c82f	186651	0.9492712687107212	high	Microvirga subterranea	Bacteria
e70eeb2b-a235-4e82-898e-1cba4ce2c0ee	186651	0.8872730547606648	high	Microvirga subterranea	Bacteria
b9c1f09a-a099-42fb-97d6-7ec13d77ec8f	186651	0.8872730547606634	high	Microvirga subterranea	Bacteria
1a089640-d56b-4202-b8cb-1388310db6db	186651	0.9493606148767234	high	Microvirga subterranea	Bacteria
a248f4d0-89cc-4005-afcb-3556a3b2ae2b	186651	0.999999999831406	high	Microvirga subterranea	Bacteria
e61eed6d-c2e0-4b3b-af6c-e8f8fabdb4dc	186651	0.9780431456881792	high	Microvirga subterranea	Bacteria
1d2fea74-08d7-4ec7-842e-d80eff424042	186651	0.9780948588794304	high	Microvirga subterranea	Bacteria
f52584c7-e5f2-4cbe-a3a4-365338a9052f	186651	0.9493015680086592	high	Microvirga subterranea	Bacteria
9b02f45f-6755-421d-9e92-d3e9bd1b0d9c	186651	0.9493007329570324	high	Microvirga subterranea	Bacteria
16700fb6-bbc0-49ba-9704-42a6d4e1b905	186651	0.9493008368224553	high	Microvirga subterranea	Bacteria
5da27095-0acf-4fd5-bd2e-dd8c7d361aba	186651	0.9983352062747062	high	Microvirga subterranea	Bacteria
6535d1d4-fee8-45cc-9995-b626235f67c9	186651	0.8872730547606648	high	Microvirga subterranea	Bacteria
40e3eb7d-f942-4946-95f0-61ae288e02fe	186651	0.949308032171732	high	Microvirga subterranea	Bacteria
d0241c06-445d-4e9f-af44-21e4af0165df	1128670	0.7580167887241221	medium	Microvirga makkahensis	Bacteria
a42a930f-c659-43ad-8d2d-de1223cb9b83	186651	0.9493013583579936	high	Microvirga subterranea	Bacteria
6a97e8fe-2efe-4ba9-bd6f-95c4c96f54ec	186651	0.9492716849893744	high	Microvirga subterranea	Bacteria
b3d290a7-cf08-4cae-84a0-e513337adf7e	186651	0.8872730547606648	high	Microvirga subterranea	Bacteria
1fb47897-9c00-405c-aee3-faaa73ccf69d	186651	0.9493012537553862	high	Microvirga subterranea	Bacteria
1e36be13-6250-48d5-9075-2f6e1358d61c	186651	0.9906508245890896	high	Microvirga subterranea	Bacteria
aa3dc4e6-df3c-404c-949d-311609156814	186651	0.8872730547606648	high	Microvirga subterranea	Bacteria
bde6ba3a-6f91-41e2-8313-9e7de8f42b82	186651	0.7578665086402807	medium	Microvirga subterranea	Bacteria
d35733c1-f268-4c10-ab2f-a0bffb3cdc65	186651	0.9493006292381108	high	Microvirga subterranea	Bacteria
d246179d-79e0-4dc5-9d92-c9070ffd34f1	186651	0.7679101080304027	medium	Microvirga subterranea	Bacteria
2982058d-28cf-4d97-b125-3207177dc640	186651	0.94930156800866	high	Microvirga subterranea	Bacteria
160ca0cb-4db6-426e-8091-6a1049d70212	186651	0.9950230587539102	high	Microvirga subterranea	Bacteria
12a98b3d-d42e-4530-9e1a-b1e282898905	186651	0.9493014631089792	high	Microvirga subterranea	Bacteria
a38df426-79f8-409f-8280-bf64d1aa9c4b	186651	0.9780418489024678	high	Microvirga subterranea	Bacteria
22f6d7d5-81a5-40ab-bc79-3c813e722d8d	186651	0.7679097217729097	medium	Microvirga subterranea	Bacteria
5a0897e9-ae5c-4fbf-8821-53961d292f23	186651	0.9493303473902238	high	Microvirga subterranea	Bacteria
30bd179c-5517-4fbc-ae83-7b2bf721ba42	186651	0.9950048081737292	high	Microvirga subterranea	Bacteria
5cd48841-40ec-49f7-b595-b594a059e64d	186651	0.9493013583579936	high	Microvirga subterranea	Bacteria
c8ffeb3d-603f-46a1-bd2a-889e5746e0fb	186651	0.9493303473902238	high	Microvirga subterranea	Bacteria
0feca94c-f281-41cc-bd9f-10197413a8b9	186651	0.9493309737746468	high	Microvirga subterranea	Bacteria
28bdad38-ceec-4b35-9f78-360b0f15123f	186651	0.9493004222385358	high	Microvirga subterranea	Bacteria
9ecc2243-02e8-4f7f-9ec6-cd345ce6d8dd	186651	0.9493009408346887	high	Microvirga subterranea	Bacteria
b04ad064-68ab-4206-8a2f-9094b8e49d60	186651	0.9493593020423984	high	Microvirga subterranea	Bacteria
99930d7d-1a14-4f39-96a3-fee9cc9814ed	186651	0.9999999998391628	high	Microvirga subterranea	Bacteria
a6adbfbc-ba89-426f-9551-b932a667c33d	186651	0.9999836546674052	high	Microvirga subterranea	Bacteria
6b1cf39e-4435-483d-bc36-971193284a3d	186651	0.9493012537553868	high	Microvirga subterranea	Bacteria
2782c2c8-470e-4fde-bd2c-01b44c0aee50	186651	0.9493013583579936	high	Microvirga subterranea	Bacteria
3be6ecbb-ae76-404f-8669-dd1f099c1e60	186651	0.9493014631089796	high	Microvirga subterranea	Bacteria
45cb7c82-71b2-4ab7-847f-9d0a6fcda3c3	186651	0.990651246107144	high	Microvirga subterranea	Bacteria
8125ad0d-de4c-47c3-861e-a0d38f0a0bb1	186651	0.9492719361741327	high	Microvirga subterranea	Bacteria
7a311f38-4eef-4d39-a5b2-15e48418641a	186651	0.949300318957265	high	Microvirga subterranea	Bacteria
a96102dd-6b0f-4d31-ad82-ee7629d0bf93	186651	0.9493014631089792	high	Microvirga subterranea	Bacteria
6db88d02-6052-4321-9b8f-20eb8ff9b7ac	186651	0.9996263799532878	high	Microvirga subterranea	Bacteria
45d84890-49f9-4a41-8a75-01ff1d2b542a	186651	0.9999999996233526	high	Microvirga subterranea	Bacteria
9b33ce40-f087-46aa-b700-25f779a085b0	186651	0.9493006292381108	high	Microvirga subterranea	Bacteria
59f8f5a9-dd99-4e9a-a06e-34658bb6a6de	186651	0.949300318957265	high	Microvirga subterranea	Bacteria
0058e61f-2873-4f31-99d3-d23a5ea0f897	186651	0.9492711858071338	high	Microvirga subterranea	Bacteria
846defd7-f28e-45b5-b84c-039bd82e83c9	186651	0.9492719361741336	high	Microvirga subterranea	Bacteria
65fb571a-68de-40ba-afa4-5e60f2634605	186651	0.9492998047238128	high	Microvirga subterranea	Bacteria
a1290daa-a126-4581-ba1c-05b980076b26	186651	0.9493006292381108	high	Microvirga subterranea	Bacteria
a811ef2e-e987-4022-862c-52fec52095c0	186651	0.9493013583579936	high	Microvirga subterranea	Bacteria
ac1f7b6e-e5db-49b1-a580-86cc3e5ae67b	186651	0.8872730547606648	high	Microvirga subterranea	Bacteria
8579ce41-27c7-409b-bf06-2c090a930b81	186651	0.9492412125517906	high	Microvirga subterranea	Bacteria
fb13e62e-277f-4325-b069-0cb02170f82d	186651	0.9493007329570324	high	Microvirga subterranea	Bacteria
6a7b27e1-14ae-4239-8c89-3830c488acba	186651	0.9493593020423976	high	Microvirga subterranea	Bacteria
74642b26-29d4-426b-83a3-19c2fa2d05bd	186651	0.9493009408346894	high	Microvirga subterranea	Bacteria
8fe2d48b-12e5-4a03-bdc5-f3c09674e2f5	186651	0.9493007329570312	high	Microvirga subterranea	Bacteria
786f84c2-f625-4b27-8b96-ea4a8bbe37b5	186651	0.8872730547606648	high	Microvirga subterranea	Bacteria
6c749265-e8a1-4abe-923c-c1e96c5c7cac	186651	0.9493000099838338	high	Microvirga subterranea	Bacteria
9cb51c8a-8363-4406-86e9-8933a0f05a4b	186651	0.9493005256653816	high	Microvirga subterranea	Bacteria
1d59ce9c-70d7-401f-8e27-93558d3b911d	186651	0.9493009408346894	high	Microvirga subterranea	Bacteria
612a642d-8988-41c0-b645-780de641ab5c	186651	0.949301149300842	high	Microvirga subterranea	Bacteria
47aff4c8-cd3f-4796-9474-b57527cc8728	186651	0.9493593020423968	high	Microvirga subterranea	Bacteria
98444579-f347-4f4b-9ae1-df16001d9a71	186651	0.7678033968478128	medium	Microvirga subterranea	Bacteria
b511d22b-13a6-48a2-b6b3-54d64d2b6366	186651	0.9493013583579928	high	Microvirga subterranea	Bacteria
da11ee95-be9c-464d-8b18-61e4444f17d9	186651	0.9999999990694624	high	Microvirga subterranea	Bacteria
6e90bd7f-bd43-473b-a429-0fefe0642e2f	186651	0.9493015680086592	high	Microvirga subterranea	Bacteria
9a4993e9-2961-4898-b539-8d3123a0cef0	186651	0.949241954389098	high	Microvirga subterranea	Bacteria
c6c4bca6-bd2d-4751-9381-873539c392fc	186651	0.9779636431536664	high	Microvirga subterranea	Bacteria
6cd4b60e-b792-4037-ae88-adb1a16c574f	186651	0.9779635691074758	high	Microvirga subterranea	Bacteria
077b97cf-373b-4e5e-96a5-ea46a887ea8c	186651	0.9493010449940475	high	Microvirga subterranea	Bacteria
37f9ffdc-3c91-401e-8a78-61ed69ded31c	186651	0.8872730547606648	high	Microvirga subterranea	Bacteria
5849f70f-9077-42f1-9faf-172d882480de	186651	0.9493014631089796	high	Microvirga subterranea	Bacteria
f898e7c2-8e83-49d6-b999-f7dd9fe2a0f6	186651	0.9949711095734276	high	Microvirga subterranea	Bacteria
a3e4fa24-41ca-46f6-9ab9-e4fd374a23cf	186651	0.9493006292381108	high	Microvirga subterranea	Bacteria
8e187b0f-c0de-4482-96ad-ad4d01401f77	186651	0.9493009408346894	high	Microvirga subterranea	Bacteria
77de0cd1-3487-4347-b5bc-db6cf601dff5	186651	0.9493300980739036	high	Microvirga subterranea	Bacteria
d7665bbb-be84-4663-bcbe-bdbb81815015	186651	0.5824314047063148	medium	Microvirga subterranea	Bacteria
487c2ffe-f679-4589-8a8d-5606705b4ce8	186651	0.949358868124602	high	Microvirga subterranea	Bacteria
3995303c-8d31-4709-baf8-cb2d2a74a91f	186651	0.949300732957032	high	Microvirga subterranea	Bacteria
8f6c242e-2ada-4ccf-bcb4-f7bf6bfc3095	186651	0.9493003189572644	high	Microvirga subterranea	Bacteria
06c57831-2e71-4d1c-b922-ab1dc677d3bb	186651	0.9493004222385352	high	Microvirga subterranea	Bacteria
eef40fae-7f77-42e0-ade8-94584651e4eb	186651	0.9493013583579942	high	Microvirga subterranea	Bacteria
89e6c0d3-8c7f-469c-a797-cdfda5fd61fc	186651	0.8872730547606648	high	Microvirga subterranea	Bacteria
35ec1ec5-fd1c-4761-9b6f-00c73eaaf109	186651	0.9999994037679952	high	Microvirga subterranea	Bacteria
73641c07-2eb9-46be-ab21-eb1b7ce0411e	186651	0.949301149300842	high	Microvirga subterranea	Bacteria
182c1be3-f6b1-480d-83fc-6e3543af7713	186651	0.978042586787697	high	Microvirga subterranea	Bacteria
71c70298-38e3-4835-9640-b5431e01e641	186651	0.8872730547606648	high	Microvirga subterranea	Bacteria
4a018833-9c61-4648-b8a0-2d4de2bf1315	186651	0.9493300980739036	high	Microvirga subterranea	Bacteria
66f04c5d-20ef-4443-a103-a6de9a500f24	186651	0.949300525665382	high	Microvirga subterranea	Bacteria
066b9c0a-d136-4234-aee5-acb0a4f72b09	186651	0.8872730547606634	high	Microvirga subterranea	Bacteria
0004ec75-9a24-4e2f-9e28-0e5044590e23	186651	0.9493008368224548	high	Microvirga subterranea	Bacteria
9897a78f-06fd-4f46-a653-e88ebd0287d1	186651	0.9493012537553862	high	Microvirga subterranea	Bacteria
b955b37b-daef-4b76-a23b-48d2210a30e9	186651	0.9493008368224548	high	Microvirga subterranea	Bacteria
d7864355-dafe-4eeb-be5e-b41ea43a7d93	186651	0.8872730547606648	high	Microvirga subterranea	Bacteria
ad310b07-9e39-48c2-a1ef-0a908b98205d	186651	0.9999814368239714	high	Microvirga subterranea	Bacteria
65c83555-bbb8-4e8a-b6de-620904fc1f50	186651	0.94930188360304	high	Microvirga subterranea	Bacteria
e45d5bf3-8dd5-46e2-bcd5-010f38089b72	186651	0.9493008368224553	high	Microvirga subterranea	Bacteria
ede9f26c-df68-461e-bf80-cda1c5f2dca9	1128670	1.0	confident	Microvirga makkahensis	Bacteria
9850b114-892d-47db-9bda-61eef058a02a	1128670	1.0	confident	Microvirga makkahensis	Bacteria
77a33718-a416-443d-949a-b436b4fc60ac	1128670	1.0	confident	Microvirga makkahensis	Bacteria
356efa78-0ca1-4585-ae8c-4c010be63e42	1128670	1.0	confident	Microvirga makkahensis	Bacteria
c459f7c6-43e3-43f9-9da9-06948c2b2ba1	1128670	1.0	confident	Microvirga makkahensis	Bacteria
98794db6-1fb4-4eb3-9463-1d99c053bc87	1128670	1.0	confident	Microvirga makkahensis	Bacteria
08406979-9447-48cf-9664-2ab55295992c	1128670	1.0	confident	Microvirga makkahensis	Bacteria
62f18e26-0348-452a-806d-498927b8cb58	1128670	1.0	confident	Microvirga makkahensis	Bacteria
991ac15f-c2e6-4554-a7d5-796d0d85eac3	1128670	1.0	confident	Microvirga makkahensis	Bacteria
90e22c3c-5be0-46a2-a6c5-32c0b5b10600	1128670	1.0	confident	Microvirga makkahensis	Bacteria
da22dc5c-6799-4982-a158-fae648aefe5d	1128670	1.0	confident	Microvirga makkahensis	Bacteria
800f510d-b1fb-4889-8fdd-133f252486eb	1128670	1.0	confident	Microvirga makkahensis	Bacteria
710689ce-2783-44fc-9c6b-06e9610dad7f	1128670	1.0	confident	Microvirga makkahensis	Bacteria
3ae196e2-6c77-4d51-bdac-46cbd9d1b7af	1128670	1.0	confident	Microvirga makkahensis	Bacteria
e3622b1a-8a8b-49eb-8c57-cd4cdd762982	1128670	1.0	confident	Microvirga makkahensis	Bacteria
1599ded4-ca5f-45a7-9070-49c15344ad5a	1128670	1.0	confident	Microvirga makkahensis	Bacteria
03aa15cf-da20-4c29-bdeb-eedba77467b4	1128670	1.0	confident	Microvirga makkahensis	Bacteria
e7b35f80-5b06-4b4f-b94f-ac8fc5f4865f	73090	0.89132868723216	high	Acidovorax_sp.	Bacteria
897414e3-4487-494d-9a36-88ccdca0eb9f	73090	0.7753931431105365	medium	Acidovorax_sp.	Bacteria
2d29013f-eb05-4ce8-9438-10530bc366fd	73090	0.7753909418854057	medium	Acidovorax_sp.	Bacteria
82ef428c-10f7-49e7-91fd-5d6624d3fe79	73090	0.7753953231652417	medium	Acidovorax_sp.	Bacteria
fbd05880-14ab-4bc2-a0d9-41d19f3275ae	73090	0.7753931731813897	medium	Acidovorax_sp.	Bacteria
9ec79e4e-76dd-4da5-829c-32641351f118	73090	0.9520830496347482	high	Acidovorax_sp.	Bacteria
6b4789cd-8e29-4f7a-944e-51d3617c5bc5	73090	0.7753953548264009	medium	Acidovorax_sp.	Bacteria
d710a876-c9b3-4c14-bc21-edba30cfabbc	73090	0.7753909569726484	medium	Acidovorax_sp.	Bacteria
562eb136-56bf-4de4-838e-a3424ee2a26d	73090	0.7753909569726477	medium	Acidovorax_sp.	Bacteria
0c856055-5935-404e-8d2d-613fceed7f3d	73090	0.7753953277069551	medium	Acidovorax_sp.	Bacteria
70e33538-63cb-4096-a1e2-7513fbf5f7a5	73090	0.7753953277069551	medium	Acidovorax_sp.	Bacteria
a2f28828-4eb2-4362-9741-aa105d34c243	73090	0.7753909343261989	medium	Acidovorax_sp.	Bacteria
06e5d264-df72-4018-a33d-db479b1fb61f	73090	0.7753953277069551	medium	Acidovorax_sp.	Bacteria
ae5db8a4-c50b-450d-a3f1-5842fab9fd20	73090	0.775395332242416	medium	Acidovorax_sp.	Bacteria
c6b77d8f-6327-4a27-abea-8572ef9c78f2	73090	0.77857532872277	medium	Acidovorax_sp.	Bacteria
63a45701-ca2b-495d-89cb-b6bf0abbeef7	73090	0.7753909494342149	medium	Acidovorax_sp.	Bacteria
946b914e-ec46-4778-b63d-4ecf3ffa449b	73090	0.7753931491412432	medium	Acidovorax_sp.	Bacteria
d855ac09-5acc-456c-8e0c-5809b7ff2a18	73090	0.7753953322424166	medium	Acidovorax_sp.	Bacteria
b624c5d7-2a09-48e4-9711-85df874abbb0	73090	0.7753953322424153	medium	Acidovorax_sp.	Bacteria
78f32a1c-fc8b-40c3-baf1-d5def6be6543	73090	0.7753953638166826	medium	Acidovorax_sp.	Bacteria
b01d4bd3-d8e7-409a-96dd-d14b8350aea3	73090	0.7753953367716394	medium	Acidovorax_sp.	Bacteria
1aa7ca52-eff1-472b-a4e9-df36a6815241	73090	0.7753953458114216	medium	Acidovorax_sp.	Bacteria
6ef6bf67-660d-4906-bff2-5987b02b0cb1	73090	0.7753953367716389	medium	Acidovorax_sp.	Bacteria
407f4ebb-e8c2-43d8-9351-19054e5e10b4	73090	0.7753931370715307	medium	Acidovorax_sp.	Bacteria
a9d3097b-5ea4-4e14-84c0-da72d517c412	73090	0.7753975394510383	medium	Acidovorax_sp.	Bacteria
2d8fb9eb-ec8b-4497-83be-0dcf9935fa7e	73090	0.7753905263663164	medium	Acidovorax_sp.	Bacteria
416242fc-7b65-48e2-b6b1-d478ccfdf32d	73090	0.7753909494342149	medium	Acidovorax_sp.	Bacteria
e5bc1435-765c-41be-bff2-46ed7b1612f3	73090	0.7753931249685488	medium	Acidovorax_sp.	Bacteria
f5db4a16-fa07-4dc2-8e1a-003ede0e94ac	73090	0.7753931551636613	medium	Acidovorax_sp.	Bacteria
b56eb853-6aac-40e4-a2c4-786eda9187c4	73090	0.7753909343261989	medium	Acidovorax_sp.	Bacteria
61c00bc6-68e0-4c11-80b6-76bcb7b23304	73090	0.7753953231652417	medium	Acidovorax_sp.	Bacteria
9f905740-6258-4d0c-9bc9-a1a7888a5ba3	73090	0.7753953277069547	medium	Acidovorax_sp.	Bacteria
0a106fab-f50d-4560-9f43-2e607a17799f	73090	0.7753909267565723	medium	Acidovorax_sp.	Bacteria
d428b406-e60a-4802-aafd-3fd19c9e498c	73090	0.7753909645007252	medium	Acidovorax_sp.	Bacteria
93905e5a-df01-4e32-b083-918fb0ba1e84	73090	0.7754019176636339	medium	Acidovorax_sp.	Bacteria
f4e28650-0d03-4880-a714-e3d65a763c09	80878	0.6333801775947188	medium	Acidovorax temperans	Bacteria
d7faa8c5-9dd5-4ea0-b709-2dccf6466a51	73090	0.7753910688183488	medium	Acidovorax_sp.	Bacteria
29ae7c69-0b5a-47d0-a7ae-2d8f7d95d3f7	73090	0.893239609018203	high	Acidovorax_sp.	Bacteria
d71d3a36-9fef-4adb-b6f8-acc36d06f9c3	73090	0.7753931249685488	medium	Acidovorax_sp.	Bacteria
6a062afc-d881-4450-b760-e1900793daba	73090	0.7753909569726477	medium	Acidovorax_sp.	Bacteria
64028a75-b80a-4d42-8e37-4ee86c1b84a6	73090	0.7753909418854062	medium	Acidovorax_sp.	Bacteria
ea731569-d463-44c0-9b2c-d2d67882a640	73090	0.7753953458114197	medium	Acidovorax_sp.	Bacteria
88ace11f-298b-42fe-b505-8448b892ff0f	73090	0.7753953231652424	medium	Acidovorax_sp.	Bacteria
59b90ccc-0f47-4185-82a0-e40acc6db21c	73090	0.5923454270373388	medium	Acidovorax_sp.	Bacteria
e2084cb5-cf9f-4495-9040-a85542a75d0b	73090	0.7753953277069551	medium	Acidovorax_sp.	Bacteria
a5ce9828-c3ef-49c0-85b4-124b33ca37ea	73090	0.7753905263663171	medium	Acidovorax_sp.	Bacteria
861d94af-9c93-4da0-9e2f-e7a9f8b3f3f0	73090	0.5923496230420273	medium	Acidovorax_sp.	Bacteria
948e40a4-8ccc-4e5f-82c0-6adcc0fc017f	73090	0.7753953277069551	medium	Acidovorax_sp.	Bacteria
706ef1fe-d52e-4ead-ab06-7f7c9b472aad	73090	0.7753909267565723	medium	Acidovorax_sp.	Bacteria
d1f57a77-c41a-4966-a7d0-c08fc8584896	73090	0.8913857174078526	high	Acidovorax_sp.	Bacteria
52f65933-4bea-4a7e-8a3e-8ee00d24df00	73090	0.7753953458114202	medium	Acidovorax_sp.	Bacteria
9f0a2dc0-93ce-4376-99d7-e289b441c982	73090	0.7753953367716394	medium	Acidovorax_sp.	Bacteria
1afedc57-6718-4b54-a105-8a8a733b7c99	73090	0.7785753287227698	medium	Acidovorax_sp.	Bacteria
8c605065-d526-4bc0-8d92-74f0ff54b734	73090	0.7753909343261989	medium	Acidovorax_sp.	Bacteria
657cf72f-c140-4de7-b58b-ed54002dab37	73090	0.5879061896510924	medium	Acidovorax_sp.	Bacteria
c08b6f93-2afb-4185-b0a7-a6f071ecd2ae	73090	0.8913293824094689	high	Acidovorax_sp.	Bacteria
d9e123fe-4e51-48d3-87d4-7b042642a7bc	73090	0.8913292661484287	high	Acidovorax_sp.	Bacteria
97aa1d20-410b-4d9e-beb5-3cc50661afce	73090	0.775395332242416	medium	Acidovorax_sp.	Bacteria
829e469a-33f7-4896-af78-509de4a2ba3c	73090	0.7753909267565723	medium	Acidovorax_sp.	Bacteria
07779431-74c4-4b96-9f26-d80315f4758b	73090	0.7753953277069551	medium	Acidovorax_sp.	Bacteria
fd308073-8506-44b1-a0c4-b3fbbb3f42a5	73090	0.7753953322424166	medium	Acidovorax_sp.	Bacteria
c9466980-fd10-4b2d-a878-2b0426785c7c	73090	0.8930938010570733	high	Acidovorax_sp.	Bacteria
07ce7d03-b0b0-4148-897a-69116b51b20c	73090	0.7753953367716394	medium	Acidovorax_sp.	Bacteria
6163b06f-6e33-49ba-a469-974b846ab0d0	73090	0.775395332242416	medium	Acidovorax_sp.	Bacteria
8d9d805e-b4bb-43d1-9c67-ceb5c250e445	73090	0.77539103179094	medium	Acidovorax_sp.	Bacteria
3e2367b2-aa76-4108-9625-ee01f8a93c7c	73090	0.7753953548263995	medium	Acidovorax_sp.	Bacteria
41fa0b6c-4c98-44e0-b142-3418abee7382	73090	0.7753953548264021	medium	Acidovorax_sp.	Bacteria
79034062-d5d8-4999-b29b-4f6660af4803	73090	0.775393124968548	medium	Acidovorax_sp.	Bacteria
55f919ed-797e-4d2e-baed-cd7365f733e8	73090	0.7753953503220042	medium	Acidovorax_sp.	Bacteria
b7cb477d-51a7-4582-8ce9-5ec1918fd871	73090	0.7753909343261989	medium	Acidovorax_sp.	Bacteria
3df43d78-30d6-42b0-8e40-e668a1e82360	73090	0.7753910019865292	medium	Acidovorax_sp.	Bacteria
c47f0dd7-9c64-4d4e-9880-37744a810036	73090	0.7753931310242077	medium	Acidovorax_sp.	Bacteria
14fad13e-9f75-4493-81ea-6e1af43a6c08	73090	0.7753909343262002	medium	Acidovorax_sp.	Bacteria
1519aece-16aa-4052-a029-692e15eb3780	73090	0.7753953503220055	medium	Acidovorax_sp.	Bacteria
2963f619-efe4-442e-8928-70c339202924	73090	0.7753945458385736	medium	Acidovorax_sp.	Bacteria
03c954b8-046f-4aeb-af37-be78b57de836	73090	0.7753953231652417	medium	Acidovorax_sp.	Bacteria
694a51ae-b2fe-45ae-a5ac-90559b474bde	73090	0.7753909418854057	medium	Acidovorax_sp.	Bacteria
e9809604-90cf-45a4-8202-b1f496d8ced0	73090	0.7753953412946365	medium	Acidovorax_sp.	Bacteria
38657d58-3eb2-481e-b97a-75c0063e07c2	73090	0.7753909267565717	medium	Acidovorax_sp.	Bacteria
692d16f2-80ef-470c-85e7-b626f731c63d	73090	0.7753931249685482	medium	Acidovorax_sp.	Bacteria
7c5d986d-3afe-4e5c-912f-91fb08f77817	73090	0.7753909267565722	medium	Acidovorax_sp.	Bacteria
4d06353c-c8ee-493a-a405-646622eee8d6	73090	0.7753953367716407	medium	Acidovorax_sp.	Bacteria
c2a11801-6dc6-424c-86f1-c7bd8bba1b1e	73090	0.7785753287227698	medium	Acidovorax_sp.	Bacteria
6267d8ee-b103-484e-b391-302ef43f2b87	73090	0.775395345811419	medium	Acidovorax_sp.	Bacteria
88672d59-df37-41c4-afae-02f933f31a3e	73090	0.7753953231652424	medium	Acidovorax_sp.	Bacteria
7bf08648-3b9b-460c-b9f1-81aa9ddad1e8	73090	0.775395332242416	medium	Acidovorax_sp.	Bacteria
67f8441b-6710-45d9-9900-bd4c98d0ae44	73090	0.7753909494342149	medium	Acidovorax_sp.	Bacteria
ff46d862-dca2-465a-9a2b-a1fe8c8d27f3	73090	0.7753953322424179	medium	Acidovorax_sp.	Bacteria
8ba7eaa2-37cc-4389-ab75-8cbcf911c347	73090	0.7753954567486062	medium	Acidovorax_sp.	Bacteria
1d751ca4-87ef-4441-9553-3a893702c35c	73090	0.7753909343261989	medium	Acidovorax_sp.	Bacteria
9c76744f-1a5f-487a-806c-d90dc0451234	73090	0.7753953231652422	medium	Acidovorax_sp.	Bacteria
bdaf2ddb-e28f-48b2-b201-788d795dc386	73090	0.7753953458114216	medium	Acidovorax_sp.	Bacteria
0f2efe87-412e-40e7-ae77-702b51900629	73090	0.7753953231652424	medium	Acidovorax_sp.	Bacteria
958e11dd-f67d-4d03-bcea-6ff551ca0aa5	73090	0.7753953458114202	medium	Acidovorax_sp.	Bacteria
0686c2bb-992f-42c8-ab2d-ff97c8d0bf4b	73090	0.7753909569726484	medium	Acidovorax_sp.	Bacteria
6fe28a5b-4ff3-4423-928a-6945975ef8f9	73090	0.7753931370715307	medium	Acidovorax_sp.	Bacteria
7e9ba129-663a-4d10-8238-061c1c3036a8	73090	0.7753953231652424	medium	Acidovorax_sp.	Bacteria
28df6a6c-fda6-464f-8637-a90bf3bdc910	73090	0.7753931491412408	medium	Acidovorax_sp.	Bacteria
d0664dbc-bb20-4ebf-bb14-42a96718889c	73090	0.7753909418854062	medium	Acidovorax_sp.	Bacteria
0a355ae1-0cea-4a60-8ed3-4847a347f4b5	73090	0.7753953503220031	medium	Acidovorax_sp.	Bacteria
dfe1cc0e-3ebe-4a08-8cc5-142a4d45fb35	73090	0.7753910466321942	medium	Acidovorax_sp.	Bacteria
bce815a6-c697-4418-a863-a6c9040d26bd	73090	0.775395332242416	medium	Acidovorax_sp.	Bacteria
18b29196-f9ed-4f2a-95d9-522ef92c0b2a	73090	0.7753952727900685	medium	Acidovorax_sp.	Bacteria
848d4664-e9ac-403b-95cc-7ab47d07683c	73090	0.7753953593246212	medium	Acidovorax_sp.	Bacteria
a3d42513-a9c4-4283-8024-71accb47fa4e	73090	0.7753931491412408	medium	Acidovorax_sp.	Bacteria
da11d76f-23f2-4ce2-91e6-b77a90463e99	73090	0.7753953906403415	medium	Acidovorax_sp.	Bacteria
8cea556f-7a10-4cef-aec9-92a654b4e075	73090	0.8913256283588262	high	Acidovorax_sp.	Bacteria
981763ec-0e26-4e0f-9247-8e89c6982f4a	73090	0.7753909645007259	medium	Acidovorax_sp.	Bacteria
d5e383ce-6054-4505-a855-a276ba1319aa	73090	0.7753953277069551	medium	Acidovorax_sp.	Bacteria
e759a64d-25f8-4952-852d-9634d59049fd	73090	0.7753909267565722	medium	Acidovorax_sp.	Bacteria
56ae592a-0863-4359-ab04-f81b1fe90c0d	73090	0.7753953367716394	medium	Acidovorax_sp.	Bacteria
3a37f12f-8abd-42e0-8e3c-0ab2b8e7c764	73090	0.7753953231652424	medium	Acidovorax_sp.	Bacteria
8b8237c7-443f-4a1a-b676-226a2c06dab2	73090	0.7753909267565721	medium	Acidovorax_sp.	Bacteria
5660aa68-ff06-4ad9-bceb-b532de5f6076	73090	0.7753909569726471	medium	Acidovorax_sp.	Bacteria
283b9b2f-9699-4303-8d54-e11e8b087580	73090	0.7753905182237132	medium	Acidovorax_sp.	Bacteria
3e5f9d59-f373-4036-a57d-1fa163a3ed73	73090	0.775391016909107	medium	Acidovorax_sp.	Bacteria
7023e49a-b877-426f-9d8e-8abef979aa59	73090	0.7753953458114202	medium	Acidovorax_sp.	Bacteria
ffd01cc4-6690-4855-a9b1-dcfbab70725b	73090	0.7753909267565723	medium	Acidovorax_sp.	Bacteria
1d93632b-9a9e-4c38-ae71-94ae0f8be16c	73090	0.7753953322424172	medium	Acidovorax_sp.	Bacteria
44c0e59f-eef2-43ac-8fbc-46c30e4c459e	73090	0.893239609018203	high	Acidovorax_sp.	Bacteria
a3538999-0db8-4443-aab5-986f7de9a944	73090	0.7754019176636339	medium	Acidovorax_sp.	Bacteria
9d1a7aa8-67e2-4bf7-935a-335f25769bda	73090	0.7753909267565722	medium	Acidovorax_sp.	Bacteria
90bbe961-d8a6-446c-81ae-45b5c5629365	73090	0.7753887376129311	medium	Acidovorax_sp.	Bacteria
de913a4f-0101-4ff2-bbc0-cbfa0c2749a0	73090	0.7753905263663164	medium	Acidovorax_sp.	Bacteria
840dfa96-ba64-46f8-8ea8-a9dea7f233e8	73090	0.7753887466840428	medium	Acidovorax_sp.	Bacteria
812af273-b038-4443-a83b-51646ab4480c	73090	0.7753953231652424	medium	Acidovorax_sp.	Bacteria
50525394-27d7-44f5-afb5-e6e6bb6593a9	73090	0.7753909418854038	medium	Acidovorax_sp.	Bacteria
acca885f-0965-4641-b92f-70383819a3f0	73090	0.7753953638166814	medium	Acidovorax_sp.	Bacteria
f3b8944f-1b41-44fc-a804-49f80ae009ec	73090	0.775390941885405	medium	Acidovorax_sp.	Bacteria
e34a27b2-91a4-4ba1-a54c-a19497609e15	73090	0.7753909418854069	medium	Acidovorax_sp.	Bacteria
b1ccd4d4-76eb-4754-b7ae-82c0ff0c781f	73090	0.7753953277069551	medium	Acidovorax_sp.	Bacteria
d950f42f-4af4-43b0-a11e-e3287975912e	73090	0.7753909267565723	medium	Acidovorax_sp.	Bacteria
2ab9a248-bfc3-4c15-895d-6d16c0daa079	73090	0.7753953412946365	medium	Acidovorax_sp.	Bacteria
70a3b60d-0ce8-487a-a20d-df7d9269a29b	73090	0.7753953412946353	medium	Acidovorax_sp.	Bacteria
a9154b12-304b-4ca6-b29a-69d9a4187c87	73090	0.7753909494342149	medium	Acidovorax_sp.	Bacteria
d7665d52-5acb-4c1c-ae5c-9c802ed8d30c	73090	0.7753931491412408	medium	Acidovorax_sp.	Bacteria
9144ce1b-8da9-43bd-9294-ebba0e464a13	73090	0.7753953277069551	medium	Acidovorax_sp.	Bacteria
4a3d3079-f0b0-4c4b-8554-e0bb55b8eb21	73090	0.7753953772560149	medium	Acidovorax_sp.	Bacteria
73e408d0-0581-400d-8ace-544ea1109636	73090	0.7753953277069551	medium	Acidovorax_sp.	Bacteria
5f787787-b149-4cfb-b63f-74661d8ad2c2	73090	0.7753975243744424	medium	Acidovorax_sp.	Bacteria
2605697b-3426-4105-9692-98d4e390068b	73090	0.7753953231652422	medium	Acidovorax_sp.	Bacteria
0c6b2977-8fe1-4e3b-8f90-208ea0bc2ec7	73090	0.7753953322424166	medium	Acidovorax_sp.	Bacteria
6bffe82c-65b3-4bf9-96cc-a586c9e21c95	73090	0.7753953412946365	medium	Acidovorax_sp.	Bacteria
67a8e19b-1646-4b11-8ec1-c09d5e23d2ed	73090	0.7753953277069553	medium	Acidovorax_sp.	Bacteria
ca8163ed-336e-45f3-bb65-5b3a9b202523	73090	0.8930940344190047	high	Acidovorax_sp.	Bacteria
65e58f75-8cfe-4820-bd8c-b69c5a09e0af	73090	0.7753931551636625	medium	Acidovorax_sp.	Bacteria
1fa4b040-8b76-49f8-8065-abd775dd5aa8	73090	0.7753865936543101	medium	Acidovorax_sp.	Bacteria
cc6b0225-771a-4e08-b17f-a29323fabf6d	73090	0.775395345811419	medium	Acidovorax_sp.	Bacteria
a6872ad0-fd9b-4099-9955-140eaf752e0f	73090	0.7753953277069544	medium	Acidovorax_sp.	Bacteria
b55e9cd9-6822-4fe6-8ae0-367cf665e0b6	73090	0.8931497587402175	high	Acidovorax_sp.	Bacteria
93aa7718-6e81-4a35-a67a-d19bdbc26b74	73090	0.7753953367716389	medium	Acidovorax_sp.	Bacteria
76402fdd-fcce-4520-a74d-da8c2b1dae58	73090	0.7753953322424166	medium	Acidovorax_sp.	Bacteria
4cea4ea4-484e-4908-a7f6-2a5a0e4daa51	73090	0.7753909494342149	medium	Acidovorax_sp.	Bacteria
a2c25ece-c88b-44fb-a89b-894db3b7ba3b	73090	0.7753953458114209	medium	Acidovorax_sp.	Bacteria
2e529f72-7c3c-4108-8c0c-d5fdf48cc2a0	73090	0.7753953412946353	medium	Acidovorax_sp.	Bacteria
829aca52-641c-41d0-98ae-9ff532a788bc	80878	0.6210704471141472	medium	Acidovorax temperans	Bacteria
e9b99c03-7749-4958-a0b5-471551d8549e	73090	0.7753909267565723	medium	Acidovorax_sp.	Bacteria
e9605b92-4d8f-4556-b7b0-da707c150e8d	73090	0.8914414467796142	high	Acidovorax_sp.	Bacteria
7704e6b2-91d3-4321-88fb-a25dadedfd9d	73090	0.8929239113846662	high	Acidovorax_sp.	Bacteria
321638c0-38c4-4b15-b5c7-e55d54f39507	73090	0.7753953458114202	medium	Acidovorax_sp.	Bacteria
295c37b4-ac49-4357-a479-3371d1b66c98	73090	0.7753931911251695	medium	Acidovorax_sp.	Bacteria
5830bc07-b758-466a-95b3-626713989362	73090	0.7753953593246224	medium	Acidovorax_sp.	Bacteria
e30274c4-1710-4f7b-9aed-61bdc2e33585	73090	0.7753909267565721	medium	Acidovorax_sp.	Bacteria
326e72ef-8f98-4d18-aae2-8c3b99267705	73090	0.775395323165243	medium	Acidovorax_sp.	Bacteria
01e473d7-187c-43db-85a3-950b5f62ceba	73090	0.7753975304175229	medium	Acidovorax_sp.	Bacteria
50f41918-6ea9-44e3-a12d-60d0c983da26	73090	0.7753909267565723	medium	Acidovorax_sp.	Bacteria
688aec36-03c9-4135-9244-dc5cac644de9	73090	0.7753953412946378	medium	Acidovorax_sp.	Bacteria
a4ee55cc-a5ca-44cf-aa5d-4d3b24842081	73090	0.7753953458114197	medium	Acidovorax_sp.	Bacteria
9afa357c-053e-49be-aa48-ebad8e594b2b	73090	0.7753953412946353	medium	Acidovorax_sp.	Bacteria
d226e0d8-7f8a-4142-9320-19b89f2ef8d2	73090	0.7753909418854057	medium	Acidovorax_sp.	Bacteria
878d83a0-393a-497c-8311-0c5192d0f585	73090	0.8913274274694943	high	Acidovorax_sp.	Bacteria
4419efb8-a44d-4c9b-9982-cf91390d3d5a	73090	0.7753931310242073	medium	Acidovorax_sp.	Bacteria
bbbacdf5-210a-48d9-8c31-f42e067fbe74	73090	0.7753931310242077	medium	Acidovorax_sp.	Bacteria
afd25eca-3629-4e95-96e2-883973f2d2f4	73090	0.893315338189119	high	Acidovorax_sp.	Bacteria
fab54474-3c1d-42fb-ab4b-36c75c573b60	73090	0.5924925833945334	medium	Acidovorax_sp.	Bacteria
15d55049-e164-4820-aae7-277802f54548	73090	0.8931991916061327	high	Acidovorax_sp.	Bacteria
828775b7-a889-4e24-963f-e93a5e2a9204	73090	0.7753953231652424	medium	Acidovorax_sp.	Bacteria
d3b63d12-3d69-478d-814a-65cbe466d6ee	73090	0.7753909569726484	medium	Acidovorax_sp.	Bacteria
2d9cd911-1e6b-47fc-b3db-622b0f74728c	73090	0.7753909494342149	medium	Acidovorax_sp.	Bacteria
3ad333b6-3ece-45fd-a202-724f677d0fb8	73090	0.7753909267565717	medium	Acidovorax_sp.	Bacteria
dab102ee-c51e-4378-8e17-8aa342af6cc5	73090	0.7753928176588064	medium	Acidovorax_sp.	Bacteria
501bc172-07cb-41c6-897f-35ebcd292376	73090	0.7753953322424179	medium	Acidovorax_sp.	Bacteria
c896ac7b-5fa8-4894-b489-a583f7739983	73090	0.8932077071907527	high	Acidovorax_sp.	Bacteria
1a4569c4-dd0b-411b-a868-b9286056e524	73090	0.7753909343261995	medium	Acidovorax_sp.	Bacteria
f47a8045-eb6e-4ac6-9f33-ed0be2c30ebf	73090	0.7753909343261995	medium	Acidovorax_sp.	Bacteria
1bf38e6d-155e-47b2-a7af-dc7f876a7d4c	73090	0.775393124968548	medium	Acidovorax_sp.	Bacteria
8d347973-f319-4737-a8a2-7846a731db8c	73090	0.592144955433504	medium	Acidovorax_sp.	Bacteria
e25d1b97-5e36-47d7-936c-61cdf4c31129	73090	0.7753931491412408	medium	Acidovorax_sp.	Bacteria
2e61666c-6941-4083-8f72-e07066fca2c6	73090	0.7753953231652417	medium	Acidovorax_sp.	Bacteria
00091cf5-1f93-4f6d-89e8-dc8716d4b3e0	73090	0.7753953277069551	medium	Acidovorax_sp.	Bacteria
c2ab7a57-d00a-4ba4-981f-a80da7d25a6e	73090	0.7753953367716394	medium	Acidovorax_sp.	Bacteria
0ad6e3b8-60ac-460d-8b31-32e94936c4a0	73090	0.7753932030468358	medium	Acidovorax_sp.	Bacteria
e47c6b82-2172-40fd-ab93-b1d0f9e20397	73090	0.7753909267565723	medium	Acidovorax_sp.	Bacteria
248d9baf-dc89-4927-abaa-0df03cd9b4b3	73090	0.8914973835617067	high	Acidovorax_sp.	Bacteria
30f810ec-4bdc-4e65-a1f5-c139298acf42	73090	0.7753953412946365	medium	Acidovorax_sp.	Bacteria
04f6522b-71de-4ef4-bb7e-f84d7a16bdb5	73090	0.7753896500956791	medium	Acidovorax_sp.	Bacteria
9b942cc3-7330-4c9e-ae7b-499fc122886c	73090	0.7753909267565723	medium	Acidovorax_sp.	Bacteria
7e45591e-564d-44eb-9ff3-69999e2791da	73090	0.7753896970987629	medium	Acidovorax_sp.	Bacteria
b1eae7d4-f411-4b75-8c12-0ac40d07a43e	73090	0.7753953503220042	medium	Acidovorax_sp.	Bacteria
7a4da5da-812e-4198-aa32-bcebce21c77f	73090	0.7753951072576325	medium	Acidovorax_sp.	Bacteria
4ef4379c-d11b-4a5a-a05b-81dc6afc93cc	73090	0.7753909645007264	medium	Acidovorax_sp.	Bacteria
1277a8e9-4198-4517-9ace-596f6f6771d0	73090	0.7753909343261989	medium	Acidovorax_sp.	Bacteria
e130a584-44b2-4835-a998-eefe53b5130a	73090	0.7753909569726484	medium	Acidovorax_sp.	Bacteria
b734dfe2-0d2b-4cca-aee9-82b53d84e1cb	73090	0.7753953367716394	medium	Acidovorax_sp.	Bacteria
a4bc9241-0aa3-4ab4-8752-af1aeaddce5b	73090	0.775391001986528	medium	Acidovorax_sp.	Bacteria
5938bbd8-000f-4e00-9cfa-81c5f24dec81	73090	0.7753953277069551	medium	Acidovorax_sp.	Bacteria
6ae5f544-564d-4eff-8384-8743a348db9d	73090	0.7753909267565721	medium	Acidovorax_sp.	Bacteria
588c327e-b5a2-49ee-9552-253290261ae5	73090	0.7753953367716394	medium	Acidovorax_sp.	Bacteria
d3e7c44d-6e3a-4753-85ec-f1223bfa56a4	73090	0.7753909418854062	medium	Acidovorax_sp.	Bacteria
a4d69ad1-98a8-41a1-9a2a-963cff6ba3b5	73090	0.775395332242416	medium	Acidovorax_sp.	Bacteria
15006f4d-42d1-4c76-b8e5-18b901392923	73090	0.8913852532132447	high	Acidovorax_sp.	Bacteria
e1838561-540d-4d98-9afd-4f8c86026bc8	73090	0.7753909720184688	medium	Acidovorax_sp.	Bacteria
f5b376fb-cb7c-49e8-989a-8f9129eb17f0	73090	0.7753909343261989	medium	Acidovorax_sp.	Bacteria
aa2ec348-5afa-48c7-a3b6-ce2e6a4fdc35	73090	0.7753909418854069	medium	Acidovorax_sp.	Bacteria
f7148b19-0caa-4b7b-a311-528de1f527e3	73090	0.7753909267565717	medium	Acidovorax_sp.	Bacteria
a49cc40d-9f08-4497-82ac-5088c4e0b050	73090	0.7753920960921727	medium	Acidovorax_sp.	Bacteria
7d530574-d1d5-4504-8b9b-d59dbb8698cb	73090	0.7753909343261985	medium	Acidovorax_sp.	Bacteria
63b4a86f-9c71-4c4c-85ab-88e92123fdc4	73090	0.7753905182237132	medium	Acidovorax_sp.	Bacteria
d600d246-cdd9-45da-9a2e-7c0c4f7ecaed	73090	0.7753910019865304	medium	Acidovorax_sp.	Bacteria
f823a0e1-217a-4585-ae9f-7393efc3e8c1	73090	0.8932393677880672	high	Acidovorax_sp.	Bacteria
90861bc3-b95b-4fd1-9ccf-8af6128431b3	73090	0.7753953458114202	medium	Acidovorax_sp.	Bacteria
68f68d34-5062-4b6b-81ca-c3653764bb0e	73090	0.7753931551636625	medium	Acidovorax_sp.	Bacteria
d04da1d6-2801-484c-8532-8db8bf72c0b3	73090	0.7753909494342149	medium	Acidovorax_sp.	Bacteria
fd1bbdd4-c6f4-460a-830e-a53a4a10f94d	73090	0.7785753287227705	medium	Acidovorax_sp.	Bacteria
e71f9d16-cf70-4086-a5a8-51bb9474bd91	73090	0.7753953503220031	medium	Acidovorax_sp.	Bacteria
5a6e316e-7339-4a24-a32a-8703ab4e3126	73090	0.8913858725652579	high	Acidovorax_sp.	Bacteria
f35a9f0a-8bef-45f3-acb0-3146ce5befea	73090	0.8912728667770788	high	Acidovorax_sp.	Bacteria
016b3633-fb34-4790-947f-e2926d4c8421	73090	0.7753909343261989	medium	Acidovorax_sp.	Bacteria
d126aa95-89a5-43dd-a9b1-cc75afe07b91	73090	0.7753931431105365	medium	Acidovorax_sp.	Bacteria
f3d113a7-ee5f-4b55-8611-2c55acac739a	73090	0.7753909494342163	medium	Acidovorax_sp.	Bacteria
5984f956-0df4-4131-a3cf-8cc7c6e5cee9	73090	0.775390926756573	medium	Acidovorax_sp.	Bacteria
9254413a-313e-4620-8d68-3c8480dab510	73090	0.7753909267565723	medium	Acidovorax_sp.	Bacteria
1492186e-3f69-4277-b3d7-847ab3596a5f	73090	0.7753909569726471	medium	Acidovorax_sp.	Bacteria
0c6e3db6-a491-4e6c-9ba0-1d4f5a3a4ec6	73090	0.9520712211209752	high	Acidovorax_sp.	Bacteria
5641a026-4ac8-46c7-8243-698478d1949e	73090	0.7753909267565723	medium	Acidovorax_sp.	Bacteria
e3c18aea-932f-4840-9fd6-665b0e52fd3c	73090	0.7753909267565723	medium	Acidovorax_sp.	Bacteria
dfb3bd5d-5741-4584-b89b-bb3030e7c7ae	80878	0.9999998268069596	high	Acidovorax temperans	Bacteria
c3b304c0-e561-4192-887a-ed5ee2a4942a	73090	0.7753953231652424	medium	Acidovorax_sp.	Bacteria
4b09846a-1bf2-403b-8285-c36d2310d16f	73090	0.7753909343261995	medium	Acidovorax_sp.	Bacteria
f2222f37-3328-44ad-b904-e6e9e45723eb	73090	0.775390941885405	medium	Acidovorax_sp.	Bacteria
34040d1c-ed9b-49a6-ac06-08c7be029d95	73090	0.7753953231652417	medium	Acidovorax_sp.	Bacteria
55db8f84-4b76-4642-928e-2c760565827c	73090	0.7753909267565723	medium	Acidovorax_sp.	Bacteria
12323509-e0fe-4257-a927-3e84d76a2ebc	73090	0.7753953231652424	medium	Acidovorax_sp.	Bacteria
458aecdf-be84-4a0e-a45b-a6a907c45e48	73090	0.7753909343261977	medium	Acidovorax_sp.	Bacteria
32bdab16-c4ae-4f6c-9f6b-54c34a9a69be	73090	0.7753909343261989	medium	Acidovorax_sp.	Bacteria
228085c1-36e6-4c6b-9059-ed3864dd9cf6	73090	0.7753953322424172	medium	Acidovorax_sp.	Bacteria
05cc419c-5172-48bd-92f6-09a1c717f500	73090	0.7753887376129294	medium	Acidovorax_sp.	Bacteria
36c482c0-3a90-4bc8-af2b-da88909aedd6	73090	0.7753931551636618	medium	Acidovorax_sp.	Bacteria
d9ce06a6-e714-4b61-89fb-ae3d172a2710	73090	0.7753953727823659	medium	Acidovorax_sp.	Bacteria
324355f9-71c5-412a-981d-75b308dff114	73090	0.7753909343261992	medium	Acidovorax_sp.	Bacteria
eaf06e00-656d-42c9-a9fb-b7899ce12931	73090	0.7753909343261995	medium	Acidovorax_sp.	Bacteria
a2206cb8-dbaf-4bb8-a425-7760c0bf5f37	73090	0.7753909418854059	medium	Acidovorax_sp.	Bacteria
7f03ee7c-9c35-4766-b525-58ebabc9ea77	73090	0.775395332242416	medium	Acidovorax_sp.	Bacteria
ecec7664-edec-41d5-b8f8-b749b5d4b79a	73090	0.7753953322424166	medium	Acidovorax_sp.	Bacteria
6c167b43-ba25-458f-b015-9de706c30d1b	73090	0.7753953277069547	medium	Acidovorax_sp.	Bacteria
a7669346-dbc9-4f64-923c-60ec6970fe11	73090	0.7753909267565723	medium	Acidovorax_sp.	Bacteria
5dbc942e-69e4-450a-85d6-9ff49c42e879	73090	0.7754019176636352	medium	Acidovorax_sp.	Bacteria
c6fd4965-45c3-449e-be92-3ae0a45d6908	73090	0.8913291500470862	high	Acidovorax_sp.	Bacteria
16a33865-1805-47ce-b933-bd42cf001fff	73090	0.8912165579143074	high	Acidovorax_sp.	Bacteria
5b69d87a-2932-4006-a738-ebe0c13654a4	73090	0.7753931791708384	medium	Acidovorax_sp.	Bacteria
1812a83a-24ae-4940-bbea-d859c1523fa1	73090	0.7753953503220042	medium	Acidovorax_sp.	Bacteria
c1d0e19c-563f-4b73-9a46-c387ef1e2aa6	73090	0.7753909267565721	medium	Acidovorax_sp.	Bacteria
e37c18d8-9cce-4634-bb6b-cd4deef08473	73090	0.7753909418854062	medium	Acidovorax_sp.	Bacteria
95c0313c-fe40-4704-b6b6-f96072254fdf	73090	0.7753953277069551	medium	Acidovorax_sp.	Bacteria
9004ac43-2d88-43ce-8789-acee65f95736	73090	0.7753953322424153	medium	Acidovorax_sp.	Bacteria
0d616cbf-cdc3-4dd0-ad17-4518c9c4611f	73090	0.7753953322424166	medium	Acidovorax_sp.	Bacteria
0f6088f6-6677-41d4-acbd-135e2ebaa9ff	73090	0.7753953593246224	medium	Acidovorax_sp.	Bacteria
37ea4d70-0959-4094-9e64-5e9ba8183f2e	73090	0.7753953503220031	medium	Acidovorax_sp.	Bacteria
fc2c8400-70b5-421b-b462-7f72ee342d3e	73090	0.7753909267565721	medium	Acidovorax_sp.	Bacteria
b62b207c-0345-482d-b126-7acbdb6c7c2b	73090	0.9512975735399124	high	Acidovorax_sp.	Bacteria
c8f7a337-dc7b-41eb-9d3d-085d2e103bec	73090	0.8932075122357129	high	Acidovorax_sp.	Bacteria
47092e71-0800-405a-a264-cd98bf0902d1	73090	0.7753909645007278	medium	Acidovorax_sp.	Bacteria
9a1e740e-5e68-40bf-b37e-41d2cbb1bd8b	73090	0.7753909267565723	medium	Acidovorax_sp.	Bacteria
21823f6e-4ed6-43c5-b7e0-e53b553da2ed	73090	0.7753909720184695	medium	Acidovorax_sp.	Bacteria
33ad9da2-a807-45fd-8579-5c383ad34fac	73090	0.7753953727823647	medium	Acidovorax_sp.	Bacteria
956a9f30-735f-4c09-869f-d6023683e99b	73090	0.7753953277069544	medium	Acidovorax_sp.	Bacteria
a46ed81f-6e08-4a11-85ea-fd5d8c706fc0	73090	0.7753953412946365	medium	Acidovorax_sp.	Bacteria
df32e7c2-10d3-492d-b29a-c79bc1ec94b9	73090	0.7753909418854057	medium	Acidovorax_sp.	Bacteria
b1ffe829-728c-44d4-983e-1016b5a01dd1	73090	0.7753909267565722	medium	Acidovorax_sp.	Bacteria
776b9a25-5874-45ce-b6d7-b329f2545014	73090	0.7753909870230397	medium	Acidovorax_sp.	Bacteria
68dc4c13-c21f-4c62-bb70-a91d534d4a24	73090	0.7753953367716394	medium	Acidovorax_sp.	Bacteria
e3d0e693-5522-47b3-a126-a8f156f29d0a	73090	0.7753953277069544	medium	Acidovorax_sp.	Bacteria
370100fe-275d-4d06-adee-5c49bb6a32a7	73090	0.775388746684039	medium	Acidovorax_sp.	Bacteria
4c70bee7-df5e-4860-a81d-c67759f24ef1	73090	0.7753931431105379	medium	Acidovorax_sp.	Bacteria
93d9ab98-f03d-44e7-9095-af2ce7136b88	73090	0.7753909191765038	medium	Acidovorax_sp.	Bacteria
5c0e74e3-109c-4f49-884d-ad563f76c0bb	73090	0.8913293824094682	high	Acidovorax_sp.	Bacteria
a5b6bcaf-dd2d-4054-9fc6-acab3158bac2	73090	0.775395323165243	medium	Acidovorax_sp.	Bacteria
80fe4549-ff31-45b2-8470-579c94ace093	73090	0.7753909267565727	medium	Acidovorax_sp.	Bacteria
4fccb2a0-f424-4f8a-aad1-18c0a731b7a6	73090	0.7753953548263995	medium	Acidovorax_sp.	Bacteria
877f4e48-18f0-4f4d-ad22-df6ec1aeb82f	73090	0.7753975424539473	medium	Acidovorax_sp.	Bacteria
bb625052-8848-43e4-966a-984c65440e39	73090	0.7753953322424166	medium	Acidovorax_sp.	Bacteria
8c93292d-2f9b-4169-b291-a7eced1504a3	73090	0.7753931249685488	medium	Acidovorax_sp.	Bacteria
a47f3c6e-fc3d-43ce-8fdc-853e046a0369	73090	0.7753909418854057	medium	Acidovorax_sp.	Bacteria
ff046d41-a371-4bc6-a223-5d485fa190ea	73090	0.7753909418854059	medium	Acidovorax_sp.	Bacteria
9a319d27-74ca-41ae-b5af-c6375f4881f6	73090	0.7753953367716394	medium	Acidovorax_sp.	Bacteria
5f74e65c-6416-4a46-bae9-ae66cd28621f	73090	0.7753909418854062	medium	Acidovorax_sp.	Bacteria
71fa0642-85a4-4766-8e8c-69d722dd3fd6	73090	0.7753953322424163	medium	Acidovorax_sp.	Bacteria
414d7e8a-ae4f-487b-9acd-c8763f53a0ac	73090	0.7754019176636336	medium	Acidovorax_sp.	Bacteria
b1e6c203-0ff0-4328-a907-9bdce3871cbe	73090	0.7785753287227699	medium	Acidovorax_sp.	Bacteria
e85a7dc6-20b3-433e-ac2c-c2e2d61069c4	73090	0.7753979896764337	medium	Acidovorax_sp.	Bacteria
86d911f1-9f10-4ae6-8532-7108931b416e	73090	0.7753909418854062	medium	Acidovorax_sp.	Bacteria
31f6eace-6d3e-49ba-8334-c5ebc61334bf	73090	0.7753953231652424	medium	Acidovorax_sp.	Bacteria
46b6591b-d000-4d27-8491-b5858da1051e	73090	0.7753909418854057	medium	Acidovorax_sp.	Bacteria
8013eeec-8200-46d6-bc38-2fd441e8f0fe	73090	0.7753909267565721	medium	Acidovorax_sp.	Bacteria
9fbe4720-c70a-4658-a7cb-9dfa539a9a15	73090	0.9511887437729228	high	Acidovorax_sp.	Bacteria
c9f9fbba-8269-40b7-b340-baca6fbc17fc	73090	0.7753953412946365	medium	Acidovorax_sp.	Bacteria
e2ff0022-00e8-4021-a468-1b331b816456	73090	0.8914416398406264	high	Acidovorax_sp.	Bacteria
88ceb736-fc71-4d22-87af-225f68bc254f	73090	0.7753909343261989	medium	Acidovorax_sp.	Bacteria
0460cb6d-4794-41c3-9fd3-c71586a95d30	73090	0.7753953638166776	medium	Acidovorax_sp.	Bacteria
1aa2809f-6667-4044-8763-f7b72b308034	73090	0.7753909343261989	medium	Acidovorax_sp.	Bacteria
1b9c261f-436b-4639-a9fd-5dd1d92cf8d1	73090	0.7753909343261985	medium	Acidovorax_sp.	Bacteria
85648adc-7bc8-42cd-9ea0-41c9be1843c4	73090	0.775395323165243	medium	Acidovorax_sp.	Bacteria
70008dc2-1ce6-48c5-b1e1-b8258a323537	73090	0.7753909343261992	medium	Acidovorax_sp.	Bacteria
15bf1be6-494c-4392-a96c-204f3dcb71c8	73090	0.7753975334328331	medium	Acidovorax_sp.	Bacteria
976bcfe8-ce91-4005-bc36-add34b142f1e	73090	0.7753909343261992	medium	Acidovorax_sp.	Bacteria
f56153d8-1b9d-4d60-86c3-1299a72270a6	73090	0.7753953412946353	medium	Acidovorax_sp.	Bacteria
c52aee75-b7c4-4633-a6c7-6ae350c40f5d	73090	0.7753931431105372	medium	Acidovorax_sp.	Bacteria
2650cfb7-d7ce-4b77-9927-1a3833bfc177	73090	0.7753953277069551	medium	Acidovorax_sp.	Bacteria
93206951-8fd7-46e7-913c-f6e65632a4f9	73090	0.7753931731813859	medium	Acidovorax_sp.	Bacteria
12a5cc71-a20b-4aa3-8cff-ba8b9db58e3c	73090	0.7753909267565723	medium	Acidovorax_sp.	Bacteria
db36e54f-d61b-4b5a-acf1-699752c1dce7	73090	0.7753909267565721	medium	Acidovorax_sp.	Bacteria
ea6940bc-62a0-4712-ad8a-c18eada293e5	303	1.0	confident	Pseudomonas putida	Bacteria
385a3b6e-35a2-41b2-8aee-ec1f0f9b4c42	303	1.0	confident	Pseudomonas putida	Bacteria
a6b7d5d4-66ef-4809-b4e1-f6362321bf29	303	1.0	confident	Pseudomonas putida	Bacteria
26c8f2fe-a551-458a-b888-fd9e10d466c6	303	1.0	confident	Pseudomonas putida	Bacteria
56218bb0-887f-4dda-86a8-f5f4ad1a19cb	303	1.0	confident	Pseudomonas putida	Bacteria
a7132606-ea7f-4490-95e9-04c8d1fce46f	303	1.0	confident	Pseudomonas putida	Bacteria
5dc8b249-2699-43fb-8042-f1a60ba0d6d5	303	1.0	confident	Pseudomonas putida	Bacteria
0bde1508-04e0-4bf1-82b3-5a4c833152a2	303	1.0	confident	Pseudomonas putida	Bacteria
2c539e56-ae88-4129-9f74-7932407d2aca	303	1.0	confident	Pseudomonas putida	Bacteria
ce747a4f-235d-4ef1-aa7f-a576a81fa522	303	1.0	confident	Pseudomonas putida	Bacteria
ae61238c-e763-42eb-8709-a9befa7bd764	303	1.0	confident	Pseudomonas putida	Bacteria
c323ac0d-34b7-400e-8362-eee7f532abc1	303	1.0	confident	Pseudomonas putida	Bacteria
6a673b13-411f-4afe-8722-52941360f09a	303	1.0	confident	Pseudomonas putida	Bacteria
43f3b85a-8244-4b25-97d9-05b355f0b06f	303	1.0	confident	Pseudomonas putida	Bacteria
afe6cea0-327c-4af2-afd2-23bf4e73dc73	303	1.0	confident	Pseudomonas putida	Bacteria
9d401a8c-6f2f-43ef-99a4-3d89a7ead254	303	1.0	confident	Pseudomonas putida	Bacteria
f58c2e98-66c3-4a0f-8408-56c9601130a4	303	1.0	confident	Pseudomonas putida	Bacteria
2f5b85cf-9e80-4c2d-97b7-349aabf4aab7	303	1.0	confident	Pseudomonas putida	Bacteria
de75fcad-c8f6-4b4a-a9c5-4c7181b56958	303	1.0	confident	Pseudomonas putida	Bacteria
6443744d-3720-484c-8d74-4d3dbb5e75b9	303	1.0	confident	Pseudomonas putida	Bacteria
5042dbfb-f926-4329-bb5b-8a15a63c4cd2	303	1.0	confident	Pseudomonas putida	Bacteria
08044a04-ac5b-4180-967c-0ccf67ab1bd4	303	1.0	confident	Pseudomonas putida	Bacteria
0b9e82bb-0824-4ab2-9a80-aff931cd3f40	303	1.0	confident	Pseudomonas putida	Bacteria
243e4b0c-e9ad-4c18-b344-01c203de319b	303	1.0	confident	Pseudomonas putida	Bacteria
aba42d03-57b3-4f2d-8b86-b445383f752b	303	1.0	confident	Pseudomonas putida	Bacteria
4efec4eb-2b85-4ea4-ad3e-11e3e9cc2e75	303	1.0	confident	Pseudomonas putida	Bacteria
b240e662-aa54-4823-9031-60159fd6120c	303	1.0	confident	Pseudomonas putida	Bacteria
31a275db-9819-4301-bd73-1a3310da3d52	303	1.0	confident	Pseudomonas putida	Bacteria
6f245a8b-4a14-408a-be66-c31ceeac3e24	303	1.0	confident	Pseudomonas putida	Bacteria
379417c1-33c1-452e-a0d4-03ed4889c2bb	303	1.0	confident	Pseudomonas putida	Bacteria
ad35be24-c94b-497d-9cb1-c1a058e61d1b	303	1.0	confident	Pseudomonas putida	Bacteria
ca21d23a-81ed-4302-9bac-d0f527f4fbd8	303	1.0	confident	Pseudomonas putida	Bacteria
bf9b11a0-dcd0-4ef2-a5dd-39a92f0cead9	303	1.0	confident	Pseudomonas putida	Bacteria
21cf280b-d556-4542-bd26-23c131591626	303	1.0	confident	Pseudomonas putida	Bacteria
16a87861-0838-49b9-acba-4921b75e32f1	303	1.0	confident	Pseudomonas putida	Bacteria
f5e89d64-238b-4803-923a-ac3c58a4d659	303	1.0	confident	Pseudomonas putida	Bacteria
38aa750b-21db-4e1c-854c-4917dcefa0e2	303	1.0	confident	Pseudomonas putida	Bacteria
802cf975-7b3e-4ae7-99c9-2f14772def04	303	1.0	confident	Pseudomonas putida	Bacteria
37c42a25-4a72-47ef-aebd-7a932c50177c	303	1.0	confident	Pseudomonas putida	Bacteria
c038a175-d75e-4c8a-aa3b-ff3b6e865a10	303	1.0	confident	Pseudomonas putida	Bacteria
76583e40-a9c5-4ba4-987a-795c4757849d	303	1.0	confident	Pseudomonas putida	Bacteria
ac784270-3305-40a5-a9f6-dc351a72ac45	303	1.0	confident	Pseudomonas putida	Bacteria
bf8827ec-726b-4e7d-8a7f-9e6dffcfef82	2493639	1.0	confident	Silvanigrellales bacterium RF1110005	Bacteria
1213c70c-74bf-49a1-a758-8719fb99859e	2493639	1.0	confident	Silvanigrellales bacterium RF1110005	Bacteria
08e2cb57-e69f-4e9e-9fc8-c2c68ad34f53	2493639	1.0	confident	Silvanigrellales bacterium RF1110005	Bacteria
e695568b-8430-48ef-9b74-e245852b28fc	2493639	1.0	confident	Silvanigrellales bacterium RF1110005	Bacteria
e3572fda-5a9d-4763-b485-65030687a3ff	2493639	1.0	confident	Silvanigrellales bacterium RF1110005	Bacteria
c42128ce-dc57-4507-8336-de0e8b13af23	2493639	1.0	confident	Silvanigrellales bacterium RF1110005	Bacteria
e553890d-5d3c-443f-a495-3f726c78812f	2493639	1.0	confident	Silvanigrellales bacterium RF1110005	Bacteria
833d11e4-0328-43d9-9075-fdd494252717	2493639	1.0	confident	Silvanigrellales bacterium RF1110005	Bacteria
a3983d8a-0d7e-4302-93af-2a1f7ea60855	2493639	1.0	confident	Silvanigrellales bacterium RF1110005	Bacteria
cda9f5d1-9ca9-4112-844b-8b0c1fbd9ad4	2493639	1.0	confident	Silvanigrellales bacterium RF1110005	Bacteria
b58fa588-6bd7-4ef8-9ab3-c5b2410095bb	2493639	1.0	confident	Silvanigrellales bacterium RF1110005	Bacteria
2c2f55f3-b9ae-4b47-9736-deab804f902f	2493639	1.0	confident	Silvanigrellales bacterium RF1110005	Bacteria
0f248e97-4f00-454e-88fa-b905afde5ea3	2493639	1.0	confident	Silvanigrellales bacterium RF1110005	Bacteria
244fc7b5-ef66-4fb3-8b13-6b3d8742cb80	2493639	1.0	confident	Silvanigrellales bacterium RF1110005	Bacteria
88e7ec52-881b-42f4-a217-608f726d7b42	2493639	1.0	confident	Silvanigrellales bacterium RF1110005	Bacteria
bece6cc4-d37f-4e60-bfef-e3a1d8624c28	2493639	1.0	confident	Silvanigrellales bacterium RF1110005	Bacteria
2d434c8e-d03b-45be-bd42-53f54c8f10c4	2493639	1.0	confident	Silvanigrellales bacterium RF1110005	Bacteria
d4cdbbdb-e625-4495-b27c-78c8f5707b83	2493639	1.0	confident	Silvanigrellales bacterium RF1110005	Bacteria
9efff501-4f56-4ae4-8c5b-2155e9b226f3	2493639	1.0	confident	Silvanigrellales bacterium RF1110005	Bacteria
47fed902-2fee-4945-9efc-064c504c0cb6	2493639	1.0	confident	Silvanigrellales bacterium RF1110005	Bacteria
9860291f-43bf-4469-a765-899efdbb660d	2493639	1.0	confident	Silvanigrellales bacterium RF1110005	Bacteria
5a735ad8-6856-4329-afce-6f20c7f22c9d	2493639	1.0	confident	Silvanigrellales bacterium RF1110005	Bacteria
0134e752-0577-4900-ab6c-5514fa23b1c3	2493639	1.0	confident	Silvanigrellales bacterium RF1110005	Bacteria
aa506276-76c5-4285-be01-48b580757dab	2493639	1.0	confident	Silvanigrellales bacterium RF1110005	Bacteria
07e89614-ba0f-48e6-b81d-02bde4d4fc43	2493639	1.0	confident	Silvanigrellales bacterium RF1110005	Bacteria
e6278847-cfcd-4376-a038-ebdea6607494	2493639	1.0	confident	Silvanigrellales bacterium RF1110005	Bacteria
7c464228-798c-48d5-bb56-2de9ce815e8c	2493639	1.0	confident	Silvanigrellales bacterium RF1110005	Bacteria
f7625faf-4a7c-4ff5-82de-9de8486857cf	2493639	1.0	confident	Silvanigrellales bacterium RF1110005	Bacteria
cc9954b1-ca6f-43c6-9fa5-5a0595a71ba0	2493639	1.0	confident	Silvanigrellales bacterium RF1110005	Bacteria
cd7711a3-a529-4ae9-9833-e0eee48a7790	2493639	1.0	confident	Silvanigrellales bacterium RF1110005	Bacteria
ea6e54ac-b9b1-46da-b076-de0c1306a6cd	2493639	1.0	confident	Silvanigrellales bacterium RF1110005	Bacteria
cd78b537-503a-4973-8188-0f0069362cbb	2493639	1.0	confident	Silvanigrellales bacterium RF1110005	Bacteria
e5cb3b70-9ea9-4388-b1d4-81ca19e3289f	2493639	1.0	confident	Silvanigrellales bacterium RF1110005	Bacteria
dcbeee9a-4afa-4324-9080-a2797f4db675	2493639	1.0	confident	Silvanigrellales bacterium RF1110005	Bacteria
c7f298ce-4c57-4353-9bf0-97877a6048b6	2493639	1.0	confident	Silvanigrellales bacterium RF1110005	Bacteria
b7c3af4c-cd3d-41a8-a213-194683a045c6	2493639	1.0	confident	Silvanigrellales bacterium RF1110005	Bacteria
38c95cf3-eb72-4d4f-90dd-74d05bbb5f30	2493639	1.0	confident	Silvanigrellales bacterium RF1110005	Bacteria
bb755923-a294-44b5-8ed3-8c7fe0c62044	2493639	1.0	confident	Silvanigrellales bacterium RF1110005	Bacteria
e903234a-0e6e-4c23-849e-c153e71df688	2493639	1.0	confident	Silvanigrellales bacterium RF1110005	Bacteria
05190513-1fc1-4468-975a-72aeb04e3cd0	2493639	1.0	confident	Silvanigrellales bacterium RF1110005	Bacteria
36f106a4-e823-43e6-822e-887e2bc33ee1	2493639	1.0	confident	Silvanigrellales bacterium RF1110005	Bacteria
e9dc21a4-14e7-46be-8949-a57fd0ebc080	2493639	1.0	confident	Silvanigrellales bacterium RF1110005	Bacteria
1d97dfc1-989a-4d0f-91cb-df1332a098ce	2493639	1.0	confident	Silvanigrellales bacterium RF1110005	Bacteria
d07e2897-5736-4fe2-9b00-c4a279187b67	2493639	1.0	confident	Silvanigrellales bacterium RF1110005	Bacteria
4b1a9c68-50d6-4d1c-8972-ce52c3907d5f	2493639	1.0	confident	Silvanigrellales bacterium RF1110005	Bacteria
34b81397-030e-4da6-9a5a-f0189a1db551	2493639	1.0	confident	Silvanigrellales bacterium RF1110005	Bacteria
c80a2cc8-a9b5-4f14-844e-3477ab5578a6	2493639	1.0	confident	Silvanigrellales bacterium RF1110005	Bacteria
ec691ac1-bbf9-4806-a3d0-deba575a9ff4	2493639	1.0	confident	Silvanigrellales bacterium RF1110005	Bacteria
dc151bb9-5ff9-49cd-854e-808e0d3ebcb9	2493639	1.0	confident	Silvanigrellales bacterium RF1110005	Bacteria
aa7e1638-05e3-4e47-bd1b-b5417e1810d0	2493639	1.0	confident	Silvanigrellales bacterium RF1110005	Bacteria
47e30918-72ef-423c-a9d0-48d8dc0d9e30	2493639	1.0	confident	Silvanigrellales bacterium RF1110005	Bacteria
c21c3f65-cda3-4544-97f5-1adb656f69b5	2493639	1.0	confident	Silvanigrellales bacterium RF1110005	Bacteria
e1ac7beb-7f03-436b-acbe-bee5a91951e1	2493639	1.0	confident	Silvanigrellales bacterium RF1110005	Bacteria
db39a8e0-c9f3-4af5-81b5-39b873b6e41d	2493639	1.0	confident	Silvanigrellales bacterium RF1110005	Bacteria
f79446ce-da74-4b5d-bad9-89d9f86056dc	2493639	1.0	confident	Silvanigrellales bacterium RF1110005	Bacteria
b57bc916-1d07-4aba-8d01-686e0e7050dc	2493639	1.0	confident	Silvanigrellales bacterium RF1110005	Bacteria
a71f48ad-6d9e-4d63-9eea-e0b95b231cfa	2493639	1.0	confident	Silvanigrellales bacterium RF1110005	Bacteria
c9946126-4ec3-4e2c-950f-8760df74c61e	2493639	1.0	confident	Silvanigrellales bacterium RF1110005	Bacteria
d756a590-4750-4626-9834-51f5a824a75e	2493639	1.0	confident	Silvanigrellales bacterium RF1110005	Bacteria
99542bf4-2127-456b-91ee-cd336f692e50	2493639	1.0	confident	Silvanigrellales bacterium RF1110005	Bacteria
28133438-74cf-4623-a259-dd20feed9858	2493639	1.0	confident	Silvanigrellales bacterium RF1110005	Bacteria
4c9789f0-2c98-4c18-ac62-e92e1eae9af5	2493639	1.0	confident	Silvanigrellales bacterium RF1110005	Bacteria
732d2572-2d9a-48e7-9831-603b4d34184d	2493639	1.0	confident	Silvanigrellales bacterium RF1110005	Bacteria
8908c3b4-7131-4a73-afaf-d13d6fde0d5a	2493639	1.0	confident	Silvanigrellales bacterium RF1110005	Bacteria
55a3607f-29d9-4ef4-b6b7-b25e8a568fe9	2493639	1.0	confident	Silvanigrellales bacterium RF1110005	Bacteria
227d6402-bdd6-4f39-b7ed-9b438158936b	2493639	1.0	confident	Silvanigrellales bacterium RF1110005	Bacteria
938cc50d-49ba-4022-9556-442dd748e32d	2493639	1.0	confident	Silvanigrellales bacterium RF1110005	Bacteria
19cd0803-605a-49f6-9ada-c6a3c0f8ff4a	2493639	1.0	confident	Silvanigrellales bacterium RF1110005	Bacteria
cb5a2861-8bbd-465e-8fc8-198fb92d5c79	2493639	1.0	confident	Silvanigrellales bacterium RF1110005	Bacteria
382c2219-fe4b-4803-b26e-f161cc68bca2	2493639	1.0	confident	Silvanigrellales bacterium RF1110005	Bacteria
50b912d9-95f8-4322-bb3c-e372be3c4594	2493639	1.0	confident	Silvanigrellales bacterium RF1110005	Bacteria
85a93506-d9db-4b42-8993-cd8f00cfbfa7	2493639	1.0	confident	Silvanigrellales bacterium RF1110005	Bacteria
d63c2d78-7ed2-4771-986e-a7cf04cd2086	2493639	1.0	confident	Silvanigrellales bacterium RF1110005	Bacteria
7143a247-0da9-43de-825c-14e9181d96ea	2493639	1.0	confident	Silvanigrellales bacterium RF1110005	Bacteria
a6c517a5-6fd2-4fed-bf2b-6573e82c2b34	2493639	1.0	confident	Silvanigrellales bacterium RF1110005	Bacteria
67df785b-b3cc-465c-b677-1317de6ac5d9	2493639	1.0	confident	Silvanigrellales bacterium RF1110005	Bacteria
4fb91cda-9941-4df4-b406-8cc2f5cdf1ca	2493639	1.0	confident	Silvanigrellales bacterium RF1110005	Bacteria
22efe572-c811-4580-ace9-ad79a6aab87c	2493639	1.0	confident	Silvanigrellales bacterium RF1110005	Bacteria
527c82f5-ee01-41b2-8e1d-4904ebfe517e	2493639	1.0	confident	Silvanigrellales bacterium RF1110005	Bacteria
ce4dffd8-008d-461f-bef6-81a5fd04a94b	2493639	1.0	confident	Silvanigrellales bacterium RF1110005	Bacteria
dea97227-0921-4f11-8819-65ae991e944b	2493639	1.0	confident	Silvanigrellales bacterium RF1110005	Bacteria
560e8278-14c7-41bb-87e8-faf945233b73	2493639	1.0	confident	Silvanigrellales bacterium RF1110005	Bacteria
927b3734-bb23-42ef-985f-d351fef1fd0e	2493639	1.0	confident	Silvanigrellales bacterium RF1110005	Bacteria
2389cdd2-c83f-4cf7-a15b-90e0f2d7e8c9	2493639	1.0	confident	Silvanigrellales bacterium RF1110005	Bacteria
93087e02-945b-4961-bd59-f7e3dd6d2076	2493639	1.0	confident	Silvanigrellales bacterium RF1110005	Bacteria
47910461-4728-431a-a57e-f8f0f70836b5	2493639	1.0	confident	Silvanigrellales bacterium RF1110005	Bacteria
0cec4ed5-f589-4aba-9e21-e7dce599ebcf	2493639	1.0	confident	Silvanigrellales bacterium RF1110005	Bacteria
bdf4bdea-1eee-4360-8f27-83e6c0accd73	2493639	1.0	confident	Silvanigrellales bacterium RF1110005	Bacteria
45e2b0ec-7b93-4ba0-9e2a-10b5b1be1d82	2493639	1.0	confident	Silvanigrellales bacterium RF1110005	Bacteria
5827c5ee-cc6b-44a0-823d-d52dc230c364	2493639	1.0	confident	Silvanigrellales bacterium RF1110005	Bacteria
77965be2-7c41-44e3-85b5-e8d5ce424454	2493639	1.0	confident	Silvanigrellales bacterium RF1110005	Bacteria
2e8e28f1-d2f7-4237-ae4f-30f9a05edd6d	2493639	1.0	confident	Silvanigrellales bacterium RF1110005	Bacteria
6644417f-4346-429a-b585-dcafc6cec1cf	2493639	1.0	confident	Silvanigrellales bacterium RF1110005	Bacteria
bba036b3-4a5d-4719-a07a-75bb3377d232	2493639	1.0	confident	Silvanigrellales bacterium RF1110005	Bacteria
e0b8f02d-26c7-4c7f-929d-e12eb19646a0	2493639	1.0	confident	Silvanigrellales bacterium RF1110005	Bacteria
9a5dd63c-7e34-4b3d-b390-333943a0aa68	2493639	1.0	confident	Silvanigrellales bacterium RF1110005	Bacteria
504cbde2-e32e-4766-a34c-7691ec2fe729	2493639	1.0	confident	Silvanigrellales bacterium RF1110005	Bacteria
3ee3fd05-0183-407b-bfd1-297135d1e59b	2493639	1.0	confident	Silvanigrellales bacterium RF1110005	Bacteria
ddfe4b93-22b8-463b-a2b9-5efeb0f8b518	2493639	1.0	confident	Silvanigrellales bacterium RF1110005	Bacteria
432b7451-043f-4cbe-bed4-7a60585ef489	2493639	1.0	confident	Silvanigrellales bacterium RF1110005	Bacteria
236f6cf2-4f2f-438b-9d0a-1429c41b1211	2493639	1.0	confident	Silvanigrellales bacterium RF1110005	Bacteria
edf0b6d4-1999-4e6e-9de6-d72ef3a1e79f	2493639	1.0	confident	Silvanigrellales bacterium RF1110005	Bacteria
c82aa07b-560c-47eb-bfbd-bab5852143b1	2493639	1.0	confident	Silvanigrellales bacterium RF1110005	Bacteria
33154adb-db3c-40bc-a17f-24f56e8426fc	2493639	1.0	confident	Silvanigrellales bacterium RF1110005	Bacteria
edacfa2f-4fc0-40e1-8f2c-1b61eaf80331	2493639	1.0	confident	Silvanigrellales bacterium RF1110005	Bacteria
7e515f14-2884-4d98-9f1c-c6e7f8bd10ea	2493639	1.0	confident	Silvanigrellales bacterium RF1110005	Bacteria
b73b31d7-0ee7-4806-a4ea-66b2460be6d8	2493639	1.0	confident	Silvanigrellales bacterium RF1110005	Bacteria
3d1c7b64-932b-4eaf-971e-4bf617a45b52	2493639	1.0	confident	Silvanigrellales bacterium RF1110005	Bacteria
e1879682-1359-4fb2-adbc-ae35a318d319	2493639	1.0	confident	Silvanigrellales bacterium RF1110005	Bacteria
7aa76d22-770f-4fc9-9bd4-7998ec1fde30	2493639	1.0	confident	Silvanigrellales bacterium RF1110005	Bacteria
b59aa4f1-6ff0-4136-940e-7a6a4bd71709	2493639	1.0	confident	Silvanigrellales bacterium RF1110005	Bacteria
99270fbc-8511-4cfe-bbaf-3708ce54b8ce	2493639	1.0	confident	Silvanigrellales bacterium RF1110005	Bacteria
00b3cf29-b7ee-494b-83e8-2918970498cc	2493639	1.0	confident	Silvanigrellales bacterium RF1110005	Bacteria
49cba9da-5457-4236-bb7b-9bfd58029673	2493639	1.0	confident	Silvanigrellales bacterium RF1110005	Bacteria
25421175-f770-4ce6-b695-6ccb590c64dc	2493639	1.0	confident	Silvanigrellales bacterium RF1110005	Bacteria
6e439f94-2b90-4c67-8431-fe200131a7e6	2493639	1.0	confident	Silvanigrellales bacterium RF1110005	Bacteria
bda5dab3-532b-42bb-b302-7323981aff7d	2493639	1.0	confident	Silvanigrellales bacterium RF1110005	Bacteria
5792c838-78b8-4150-8770-670a1a9cf36b	2493639	1.0	confident	Silvanigrellales bacterium RF1110005	Bacteria
b3eefc88-d9d6-4f6a-ad1f-07e64da88db3	2493639	1.0	confident	Silvanigrellales bacterium RF1110005	Bacteria
ff866f95-017c-49a9-b6ef-4ae7f1be9678	2493639	1.0	confident	Silvanigrellales bacterium RF1110005	Bacteria
06995c0a-efa5-4fde-9527-1524c80ba63c	2493639	1.0	confident	Silvanigrellales bacterium RF1110005	Bacteria
b3650bcf-2381-45db-9456-9ba82978f233	2493639	1.0	confident	Silvanigrellales bacterium RF1110005	Bacteria
cf916a1b-596b-49ac-ae13-2f5365d13480	2493639	1.0	confident	Silvanigrellales bacterium RF1110005	Bacteria
b5c46b35-3f55-4d40-8c7f-58d2f8869507	2493639	1.0	confident	Silvanigrellales bacterium RF1110005	Bacteria
9239b68b-0432-4c38-890a-0f1e4949ecf3	2493639	1.0	confident	Silvanigrellales bacterium RF1110005	Bacteria
ad6c1950-2471-4969-9ac1-f3bc3336c907	2493639	1.0	confident	Silvanigrellales bacterium RF1110005	Bacteria
c443dd71-3098-46b2-b585-5ff7584aa734	2493639	1.0	confident	Silvanigrellales bacterium RF1110005	Bacteria
ee738de5-7e25-405e-a8c3-f238164a1f11	2493639	1.0	confident	Silvanigrellales bacterium RF1110005	Bacteria
7e384702-d837-4f59-9086-bd798b5343bf	2493639	1.0	confident	Silvanigrellales bacterium RF1110005	Bacteria
91a48a86-847b-413c-b525-496494a7c6b4	2493639	1.0	confident	Silvanigrellales bacterium RF1110005	Bacteria
bbdfa8ed-be1d-4973-85fe-1a961815cd3b	2493639	1.0	confident	Silvanigrellales bacterium RF1110005	Bacteria
23b0c1c2-99f9-4e51-8c91-50c047d88898	2493639	1.0	confident	Silvanigrellales bacterium RF1110005	Bacteria
6874be0d-3899-4a5c-8599-8d77da80af0f	2493639	1.0	confident	Silvanigrellales bacterium RF1110005	Bacteria
d0442536-8912-4e46-974b-aa0d9c4145fe	2493639	1.0	confident	Silvanigrellales bacterium RF1110005	Bacteria
71fe4f09-74db-488e-b868-0493c9429e7e	2493639	1.0	confident	Silvanigrellales bacterium RF1110005	Bacteria
985e800a-8743-4b8f-8251-c2ff817965a3	2493639	1.0	confident	Silvanigrellales bacterium RF1110005	Bacteria
328cdf4f-d29f-41d7-9052-17f35b5ff72b	2493639	1.0	confident	Silvanigrellales bacterium RF1110005	Bacteria
4fc8742d-cf5f-4886-a6d9-d85008b2aea9	2493639	1.0	confident	Silvanigrellales bacterium RF1110005	Bacteria
702cbe84-cd12-4de9-ab58-d6022bdebe01	2493639	1.0	confident	Silvanigrellales bacterium RF1110005	Bacteria
929d43b8-1578-4bb6-b66e-92440e1bb5c1	2493639	1.0	confident	Silvanigrellales bacterium RF1110005	Bacteria
a208e10e-55ea-4e69-b23c-f901b50bdbce	2493639	1.0	confident	Silvanigrellales bacterium RF1110005	Bacteria
ef2739d7-5308-4c0d-bc0f-b102c86ca115	2493639	1.0	confident	Silvanigrellales bacterium RF1110005	Bacteria
dd6d606a-b60b-4719-9ef7-9d2cc258d62d	2493639	1.0	confident	Silvanigrellales bacterium RF1110005	Bacteria
95c698eb-ac16-495d-a922-318023e59966	2493639	1.0	confident	Silvanigrellales bacterium RF1110005	Bacteria
e1eebf1e-6099-4c97-a24c-d3a1d50aa581	2493639	1.0	confident	Silvanigrellales bacterium RF1110005	Bacteria
7bf616b3-7fbf-4b16-a552-6d3b87f8b3ce	2493639	1.0	confident	Silvanigrellales bacterium RF1110005	Bacteria
be595683-f443-4906-bbf3-3ac2c347eb14	2493639	1.0	confident	Silvanigrellales bacterium RF1110005	Bacteria
c0d33ac6-12d1-427f-b8d8-3e1d5ed2a188	2493639	1.0	confident	Silvanigrellales bacterium RF1110005	Bacteria
49a8c655-c091-4cb6-b5b4-63828b772df5	2493639	1.0	confident	Silvanigrellales bacterium RF1110005	Bacteria
40cb2341-c0f9-4b9c-a3e2-9e8d33e94465	2493639	1.0	confident	Silvanigrellales bacterium RF1110005	Bacteria
5f74689a-812d-4a46-ba14-20951075dbc1	2493639	1.0	confident	Silvanigrellales bacterium RF1110005	Bacteria
66f0718b-220d-4c2a-8007-2b8175728d20	2493639	1.0	confident	Silvanigrellales bacterium RF1110005	Bacteria
8612ee0a-f8d0-40a0-9c92-3985c3dae4ef	2493639	1.0	confident	Silvanigrellales bacterium RF1110005	Bacteria
a9f93c9d-0e13-4ba6-ac6d-ebdf5dd6711b	2493639	1.0	confident	Silvanigrellales bacterium RF1110005	Bacteria
54dc27e0-f13a-444f-857c-df199c7bc6a1	2493639	1.0	confident	Silvanigrellales bacterium RF1110005	Bacteria
082413b1-343a-47b9-9c36-9241c72dd33a	2493639	1.0	confident	Silvanigrellales bacterium RF1110005	Bacteria
e5451f52-420d-431d-b221-74b13966d19d	2493639	1.0	confident	Silvanigrellales bacterium RF1110005	Bacteria
8b071adf-83fd-43e4-85c0-6d1953d27948	2493639	1.0	confident	Silvanigrellales bacterium RF1110005	Bacteria
d1cd09d5-2b1b-4bff-bf95-3124bbd794b7	2493639	1.0	confident	Silvanigrellales bacterium RF1110005	Bacteria
a6bb3f63-6b73-4464-9938-01bcea0f5486	2493639	1.0	confident	Silvanigrellales bacterium RF1110005	Bacteria
de2cfaf4-338c-4ad4-b912-345ec147d09b	2493639	1.0	confident	Silvanigrellales bacterium RF1110005	Bacteria
1c1bcca6-2f80-4d37-8c64-0c60037f4b84	2493639	1.0	confident	Silvanigrellales bacterium RF1110005	Bacteria
0a17c34b-9f6e-4294-8db0-8bf41aaafb46	2493639	1.0	confident	Silvanigrellales bacterium RF1110005	Bacteria
b2a13ba3-9100-4dbb-9fcb-04d16d9d09c3	2493639	1.0	confident	Silvanigrellales bacterium RF1110005	Bacteria
97147f69-ba34-4885-a108-ed2b808de7a5	2493639	1.0	confident	Silvanigrellales bacterium RF1110005	Bacteria
36841141-2858-482f-a5fe-e802db519a27	2493639	1.0	confident	Silvanigrellales bacterium RF1110005	Bacteria
719dec65-d042-4754-a720-73b0500dcc23	2493639	1.0	confident	Silvanigrellales bacterium RF1110005	Bacteria
7b7e774a-806e-465e-9a84-cb0417330403	2493639	1.0	confident	Silvanigrellales bacterium RF1110005	Bacteria
187d721f-5cbb-4cb9-8e8f-9a030bd3e959	2493639	1.0	confident	Silvanigrellales bacterium RF1110005	Bacteria
9c20f957-175d-41b9-ba9d-8c728bc350a1	2493639	1.0	confident	Silvanigrellales bacterium RF1110005	Bacteria
b3da4a91-b858-4d9c-af66-eca11b76a148	2493639	1.0	confident	Silvanigrellales bacterium RF1110005	Bacteria
e32ccb47-2cbd-408f-b127-b117ad688bf2	2493639	1.0	confident	Silvanigrellales bacterium RF1110005	Bacteria
703a438a-9450-4935-b3ee-e0738bce859b	2493639	1.0	confident	Silvanigrellales bacterium RF1110005	Bacteria
80c5597f-0978-4645-9f17-83bd830e5462	2493639	1.0	confident	Silvanigrellales bacterium RF1110005	Bacteria
27ea67fd-f0e3-4c64-86b1-84e0b2ac0c0b	80866	1.0	confident	Delftia acidovorans	Bacteria
6967d906-d9e7-458b-b986-373f678dac6e	80866	1.0	confident	Delftia acidovorans	Bacteria
95e023ec-d6e5-49e5-aba5-cf4b608daa03	80866	1.0	confident	Delftia acidovorans	Bacteria
7cfdddd9-cba1-4e08-9d22-a43de0966b81	80866	1.0	confident	Delftia acidovorans	Bacteria
3f6b9b96-f697-4289-9cf0-b73f9347e65d	80866	1.0	confident	Delftia acidovorans	Bacteria
11c6e98c-c417-4d62-9659-5cd0299d3847	80866	1.0	confident	Delftia acidovorans	Bacteria
d7756997-891f-4f89-80c2-038d6c760e65	80866	1.0	confident	Delftia acidovorans	Bacteria
33976988-7e07-471f-9770-9d7c3984f218	80866	1.0	confident	Delftia acidovorans	Bacteria
3c2daa67-36f0-404c-a1c0-f13b1e3b30e5	80866	1.0	confident	Delftia acidovorans	Bacteria
b66df24a-9a5a-4540-be04-07b8c4e50b78	80866	1.0	confident	Delftia acidovorans	Bacteria
6eb72ca7-20a1-4168-8c91-3a13bb9276c7	80866	1.0	confident	Delftia acidovorans	Bacteria
edc83547-f0ab-4717-9af7-2dd2af30e41d	80866	1.0	confident	Delftia acidovorans	Bacteria
2b8545eb-ddb0-4214-86ee-59d99edfac73	80866	1.0	confident	Delftia acidovorans	Bacteria
fe0afa73-ee2e-41dc-92ae-e36fc98ef04e	80866	1.0	confident	Delftia acidovorans	Bacteria
2e6a56af-d4cf-4e98-b9f7-4f14edcb4493	80866	1.0	confident	Delftia acidovorans	Bacteria
0e0bae84-e434-47ed-a5a3-91d75ceecebe	80866	1.0	confident	Delftia acidovorans	Bacteria
286f4c7d-1a66-46ca-871a-6ae81e5058bb	80866	1.0	confident	Delftia acidovorans	Bacteria
7e507f1e-b090-4f8d-ba27-34504451b5e5	80866	1.0	confident	Delftia acidovorans	Bacteria
6bc3ac16-8138-47ee-b256-6a44e4a60b09	80866	1.0	confident	Delftia acidovorans	Bacteria
d3652af8-1767-43ee-9ea1-9944a3b34608	80866	1.0	confident	Delftia acidovorans	Bacteria
91221428-ec6c-4284-a8ea-8c69d718be1c	80866	1.0	confident	Delftia acidovorans	Bacteria
af9ada85-04e3-461f-8fbe-fb0b89edf272	80866	1.0	confident	Delftia acidovorans	Bacteria
e06b424e-9a91-42c9-a486-af77fd70adfc	80866	1.0	confident	Delftia acidovorans	Bacteria
dcad4df6-371c-45b8-a421-dc9a3692de0f	80866	1.0	confident	Delftia acidovorans	Bacteria
ef8a5936-6094-422f-9a5b-df4c3d774313	80866	1.0	confident	Delftia acidovorans	Bacteria
615b99d4-cb75-4bda-a0bc-382fd27ac41c	80866	1.0	confident	Delftia acidovorans	Bacteria
ba3cf647-fd71-441a-a0d7-76b51c32317a	80866	1.0	confident	Delftia acidovorans	Bacteria
1654dbc0-2832-41c1-9931-938525b8f233	80866	1.0	confident	Delftia acidovorans	Bacteria
4f0fb12e-6a64-4a89-a893-c1709b8ac3ea	80866	1.0	confident	Delftia acidovorans	Bacteria
f085e1e8-b72b-4253-8b65-b26c65142663	80866	1.0	confident	Delftia acidovorans	Bacteria
384b1fb5-956a-4b16-9cd0-f64fbdc0b310	80866	1.0	confident	Delftia acidovorans	Bacteria
f4db1988-e66e-4c29-bf45-63ecc58ab8b8	80866	1.0	confident	Delftia acidovorans	Bacteria
4ed57967-2638-4041-aeb3-65f97f30e5c1	80866	1.0	confident	Delftia acidovorans	Bacteria
ab30e594-0ea8-4984-806d-ff3f9f9f3f28	80866	1.0	confident	Delftia acidovorans	Bacteria
b57e97d2-859d-4959-9ac3-758b722a428f	80866	1.0	confident	Delftia acidovorans	Bacteria
21a043ff-39a7-4e3d-bdd6-3390cdb9c159	80866	1.0	confident	Delftia acidovorans	Bacteria
de68f801-d40d-47ae-8115-f693a56e48d3	80866	1.0	confident	Delftia acidovorans	Bacteria
fa4ce575-a1a9-42bb-91e2-9fc0afde5957	80866	1.0	confident	Delftia acidovorans	Bacteria
655ab809-a894-479f-96d1-cd06d3b96713	80866	1.0	confident	Delftia acidovorans	Bacteria
666438c6-8646-403a-a31c-a2805a60bdc0	80866	1.0	confident	Delftia acidovorans	Bacteria
a8e28d32-0d8d-4500-816d-ebaae3512310	80866	1.0	confident	Delftia acidovorans	Bacteria
39ac32e5-fbc0-4cba-8c6c-0fcd4235c3da	80866	1.0	confident	Delftia acidovorans	Bacteria
b18e43ab-3b86-4344-a2e7-535cc5293183	80866	1.0	confident	Delftia acidovorans	Bacteria
a7aeed80-d10b-4aa4-8571-572127f03663	80866	1.0	confident	Delftia acidovorans	Bacteria
bbb78810-bc45-4ee1-97c7-b5a82eeee6ed	80866	1.0	confident	Delftia acidovorans	Bacteria
851d8194-33cd-4b9b-812b-2beae1202eca	80866	1.0	confident	Delftia acidovorans	Bacteria
dfb2cca4-45a5-421d-ac00-aca4865eae6a	80866	1.0	confident	Delftia acidovorans	Bacteria
35e2681b-02cd-412d-85f2-fb5e7cba5418	80866	1.0	confident	Delftia acidovorans	Bacteria
c94d2d66-7072-43d0-8664-ce982d03bf49	80866	1.0	confident	Delftia acidovorans	Bacteria
a2517a90-765c-4bf4-a725-ec79ad605c86	80866	1.0	confident	Delftia acidovorans	Bacteria
e50e251f-3be6-4bb5-883b-070d3885a58b	80866	1.0	confident	Delftia acidovorans	Bacteria
557fc7a9-f628-46e0-8f5e-f9025890d5f8	80866	1.0	confident	Delftia acidovorans	Bacteria
10af6cc9-36d6-48fd-9635-3c1bc1d45be6	80866	1.0	confident	Delftia acidovorans	Bacteria
d064dc02-4cdf-4a98-a808-ba448146070c	80866	1.0	confident	Delftia acidovorans	Bacteria
6a56e8de-88d2-431e-bd84-9414b9da1996	80866	1.0	confident	Delftia acidovorans	Bacteria
b9f87132-296d-4079-8718-e2f204f82b1b	80866	1.0	confident	Delftia acidovorans	Bacteria
88a3389d-2600-48d4-ad9b-439152fb13bb	80866	1.0	confident	Delftia acidovorans	Bacteria
25b46308-e584-42f2-916e-44b188e3ab01	80866	1.0	confident	Delftia acidovorans	Bacteria
6f773f79-8d49-489e-bd28-e511691ae7e5	80866	1.0	confident	Delftia acidovorans	Bacteria
e87e402e-11e3-49d9-9e6a-75ec25391af5	80866	1.0	confident	Delftia acidovorans	Bacteria
ee6d8b31-2873-4694-9496-78db5ee0170a	80866	1.0	confident	Delftia acidovorans	Bacteria
96a21702-b67f-40f1-b54a-0c255df2f1a7	80866	1.0	confident	Delftia acidovorans	Bacteria
853571ed-5de0-4c64-beb6-945f6880c3b7	80866	1.0	confident	Delftia acidovorans	Bacteria
9fb434a4-6184-492d-860e-4f5d06484979	80866	1.0	confident	Delftia acidovorans	Bacteria
c7c4ac93-1f0e-4689-afe4-1e0dacf1b575	80866	1.0	confident	Delftia acidovorans	Bacteria
d21dd8cb-f988-44dc-a91b-f1b07184df33	80866	1.0	confident	Delftia acidovorans	Bacteria
441c35d7-a3a4-4f9a-b7f0-99c2d90933f7	80866	1.0	confident	Delftia acidovorans	Bacteria
8776f015-5baa-4071-b78d-9d011b45f3bb	80866	1.0	confident	Delftia acidovorans	Bacteria
9a2f7fed-a645-472b-9c76-d8f7d3c9431e	80866	1.0	confident	Delftia acidovorans	Bacteria
4adb3a8c-9d49-4b09-baeb-094731d2ded2	80866	1.0	confident	Delftia acidovorans	Bacteria
de1a4ec1-13f8-4a74-98c7-f3ba92767aaf	80866	1.0	confident	Delftia acidovorans	Bacteria
27a7d2f2-b74f-4d16-b596-6b9a8b2d7be0	80866	1.0	confident	Delftia acidovorans	Bacteria
c987539a-d590-4a77-983d-b6e91ddade8d	80866	1.0	confident	Delftia acidovorans	Bacteria
db505bd5-2f1f-462d-9025-5c28234065cc	80866	1.0	confident	Delftia acidovorans	Bacteria
a53c5f1b-8d9d-4756-a334-6d636bb8047d	80866	1.0	confident	Delftia acidovorans	Bacteria
0430c1e9-7c98-413e-89d4-8728e7493265	80866	1.0	confident	Delftia acidovorans	Bacteria
e64a5573-8aca-42e9-8a0d-c2c0a11ac569	80866	1.0	confident	Delftia acidovorans	Bacteria
6cc0d2c4-4e40-4d45-9919-3ae0325e4ca3	80866	1.0	confident	Delftia acidovorans	Bacteria
77a81853-2e4f-4e67-b85d-f9eba1cb8ac2	80866	1.0	confident	Delftia acidovorans	Bacteria
0c243dbb-9478-4bf6-b7ff-d8060522c4f5	80866	1.0	confident	Delftia acidovorans	Bacteria
b88c121f-4374-453e-b88f-1e119aaceaf7	80866	1.0	confident	Delftia acidovorans	Bacteria
39f7a5f9-ade7-405c-8138-bf83b69e0f61	80866	1.0	confident	Delftia acidovorans	Bacteria
f0f2e9cf-4b5d-4be6-82f1-b83e06d6fbd1	80866	1.0	confident	Delftia acidovorans	Bacteria
b4e4c6e6-a5fb-4063-9deb-7a0db3858d00	80866	1.0	confident	Delftia acidovorans	Bacteria
8d8f7a56-46cf-48d4-b2ff-7c9f1f945d06	80866	1.0	confident	Delftia acidovorans	Bacteria
7e40fb75-5152-4f7d-9ed8-1c99168421ed	80866	1.0	confident	Delftia acidovorans	Bacteria
acb1130a-5963-4b3b-ab3e-cb28943ca58b	80866	1.0	confident	Delftia acidovorans	Bacteria
d5a366e3-7267-4154-89e9-7914d743502a	80866	1.0	confident	Delftia acidovorans	Bacteria
5cbdcfd5-0748-459c-a9eb-e26b7712bab8	80866	1.0	confident	Delftia acidovorans	Bacteria
2e53fa03-68b4-4abd-8597-af56f668a12d	80866	1.0	confident	Delftia acidovorans	Bacteria
ce740b9b-1513-4ba7-aab1-5e80fb137e35	80866	1.0	confident	Delftia acidovorans	Bacteria
9dd7f95b-017f-4a19-af32-73717ea70b4d	80866	1.0	confident	Delftia acidovorans	Bacteria
d2e05795-dcc1-4c5c-aadc-2673a6c8728d	80866	1.0	confident	Delftia acidovorans	Bacteria
54d2fab0-ee60-4efa-8c60-b7f8bbdb65ed	80866	1.0	confident	Delftia acidovorans	Bacteria
a7599230-634b-492f-b083-40970a1497da	80866	1.0	confident	Delftia acidovorans	Bacteria
31bf5da6-a16b-42eb-a40c-ea9c775e7ad2	80866	1.0	confident	Delftia acidovorans	Bacteria
f7d66456-409f-41fc-92d8-a0f949f3dbcc	80866	1.0	confident	Delftia acidovorans	Bacteria
12afa833-69d6-46be-b548-9f45926d7177	80866	1.0	confident	Delftia acidovorans	Bacteria
374b99a4-053b-45e7-bedc-03c9fd72d155	80866	1.0	confident	Delftia acidovorans	Bacteria
3dda8113-88ed-4cd0-bee0-dc5a90cec663	80866	1.0	confident	Delftia acidovorans	Bacteria
056ce9d1-dde4-4cd7-ae62-b11042cb675c	80866	1.0	confident	Delftia acidovorans	Bacteria
823e6ed1-da27-4eb8-b4d1-cbb50235ade7	80866	1.0	confident	Delftia acidovorans	Bacteria
423c0390-f9e5-40e6-997d-68edc45bdc25	80866	1.0	confident	Delftia acidovorans	Bacteria
ccbb38b4-f300-462c-afd6-baa7ed6b75b4	80866	1.0	confident	Delftia acidovorans	Bacteria
41fab8fa-2acb-4298-8325-cc5df681a5cf	80866	1.0	confident	Delftia acidovorans	Bacteria
8703494c-bff1-4afc-b307-3aaa151c60db	80866	1.0	confident	Delftia acidovorans	Bacteria
6f5c7172-105a-4b0b-b40c-5b8794169fd5	80866	1.0	confident	Delftia acidovorans	Bacteria
57b92df0-f05a-4707-b8b2-bf28d1957398	80866	1.0	confident	Delftia acidovorans	Bacteria
c5ad0798-8e54-4906-ad15-d7afca09f695	80866	1.0	confident	Delftia acidovorans	Bacteria
35f0add9-5efe-4345-9d54-6239b0559f8d	80866	1.0	confident	Delftia acidovorans	Bacteria
8ff56f4a-c97a-4dad-8e00-51db1c86098c	80866	1.0	confident	Delftia acidovorans	Bacteria
fe8bb7d6-7461-4140-b744-d47e495039f0	80866	1.0	confident	Delftia acidovorans	Bacteria
e67cef6b-f713-41e2-a6e7-89995786a219	80866	1.0	confident	Delftia acidovorans	Bacteria
f83dc8ad-2086-4682-8d7b-4bd4b17113b8	80866	1.0	confident	Delftia acidovorans	Bacteria
35093c4c-4181-4b6e-82e4-fa696864ff70	80866	1.0	confident	Delftia acidovorans	Bacteria
d4fc42b6-1809-4fbf-8a03-82b1fa4d3546	80866	1.0	confident	Delftia acidovorans	Bacteria
1fc2ec67-e1a3-431d-9399-5e1f55d24b6e	80866	1.0	confident	Delftia acidovorans	Bacteria
166170bc-7ba8-463e-a97e-30879b60ac3d	80866	1.0	confident	Delftia acidovorans	Bacteria
cf140b93-66d9-4f4f-9a51-225d93523161	80866	1.0	confident	Delftia acidovorans	Bacteria
9bfefb31-80e2-4df0-ab64-c6b53894374d	80866	1.0	confident	Delftia acidovorans	Bacteria
96766451-a276-42cd-96c8-b98e72d1a48e	80866	1.0	confident	Delftia acidovorans	Bacteria
6b241ac7-0cc6-42e2-8736-e3648f86397d	80866	1.0	confident	Delftia acidovorans	Bacteria
71036d2d-7e9b-4bf7-be0f-3c5bfdf51052	80866	1.0	confident	Delftia acidovorans	Bacteria
faac475e-edd5-4121-a560-af7d346141fb	80866	1.0	confident	Delftia acidovorans	Bacteria
d435adb4-75ef-4b1a-ae38-070a722f24cd	80866	1.0	confident	Delftia acidovorans	Bacteria
6d0fcc7e-16c0-4cbc-af4e-3b5e733bd695	80866	1.0	confident	Delftia acidovorans	Bacteria
00ce5511-90ce-4611-9fde-53f0b8316756	80866	1.0	confident	Delftia acidovorans	Bacteria
33eea4d2-1535-441e-9519-f40f73267c64	80866	1.0	confident	Delftia acidovorans	Bacteria
ecaa74e1-757b-4411-befb-74af5718239e	80866	1.0	confident	Delftia acidovorans	Bacteria
c9df8e50-b4c6-4f64-95b5-c073aaf55643	80866	1.0	confident	Delftia acidovorans	Bacteria
66c1ca04-4a41-4da7-8d31-9fc77e502533	80866	1.0	confident	Delftia acidovorans	Bacteria
741ba265-777f-4c43-86a7-a2f9e512a9a2	80866	1.0	confident	Delftia acidovorans	Bacteria
f6ef92e8-8c87-4614-8e90-c9c166bfa237	80866	1.0	confident	Delftia acidovorans	Bacteria
e4537074-54ed-4e8d-9118-e54b873caec5	80866	1.0	confident	Delftia acidovorans	Bacteria
90222643-41b9-4fd2-9e72-c7a1358c1c39	80866	1.0	confident	Delftia acidovorans	Bacteria
c56e50e8-f1a2-4c90-b368-2ed01a544e5b	80866	1.0	confident	Delftia acidovorans	Bacteria
f75c98a8-88b0-49e2-ab84-01d14f2949f4	80866	1.0	confident	Delftia acidovorans	Bacteria
691698de-b3c1-4721-82f8-228820e07c26	80866	1.0	confident	Delftia acidovorans	Bacteria
cba8baa1-e362-486c-8cb1-87f72d63b6d4	80866	1.0	confident	Delftia acidovorans	Bacteria
a4332c3f-4988-4c29-845f-9719e7ea3764	80866	1.0	confident	Delftia acidovorans	Bacteria
ec3bbe13-be3f-478e-9aef-862ad00a05e9	80866	1.0	confident	Delftia acidovorans	Bacteria
6d1560d1-1640-44c0-9a6d-39e13d60180c	80866	1.0	confident	Delftia acidovorans	Bacteria
e84abc85-269e-4d84-bac7-f9d909964b23	80866	1.0	confident	Delftia acidovorans	Bacteria
8cf24458-6fc3-4c78-97cc-c9e5132c1051	80866	1.0	confident	Delftia acidovorans	Bacteria
39b3779c-6ad3-4fa9-802b-ad3e06c13781	80866	1.0	confident	Delftia acidovorans	Bacteria
87185016-7b1a-4909-852b-f164a225e667	80866	1.0	confident	Delftia acidovorans	Bacteria
6f0e70b1-fdff-4123-978f-ee6789aee6d0	80866	1.0	confident	Delftia acidovorans	Bacteria
be635506-78f0-4c7a-a14b-9a236fbed411	80866	1.0	confident	Delftia acidovorans	Bacteria
7bd769c6-6d93-41a4-b9f0-b34a0356fa64	80866	1.0	confident	Delftia acidovorans	Bacteria
2311c918-b0f3-4945-a901-23c627922ecd	80866	1.0	confident	Delftia acidovorans	Bacteria
7bb364d8-54b1-4adf-8755-b49394449896	80866	1.0	confident	Delftia acidovorans	Bacteria
d5db5d21-37a2-428b-b3c3-5f3491d21f40	80866	1.0	confident	Delftia acidovorans	Bacteria
73e11acc-b5d8-46d9-ac58-3c2435b8b6ea	80866	1.0	confident	Delftia acidovorans	Bacteria
45eb681c-6ea5-4dde-a1fd-327f33c38392	80866	1.0	confident	Delftia acidovorans	Bacteria
490f18f9-c7a7-48b2-8009-b565e9c0b868	80866	1.0	confident	Delftia acidovorans	Bacteria
a641e4c0-f408-4bef-9651-2ea0888ced8c	80866	1.0	confident	Delftia acidovorans	Bacteria
6c2acda6-9969-45c9-af1b-454d1b3f517e	80866	1.0	confident	Delftia acidovorans	Bacteria
8079e933-c4bc-4a50-a18f-2d7c6644bfe1	80866	1.0	confident	Delftia acidovorans	Bacteria
2a9e596a-629c-4193-8e1f-b645d5f61484	80866	1.0	confident	Delftia acidovorans	Bacteria
3ea43ecc-7e57-4dd4-8609-4280b6b19bdd	80866	1.0	confident	Delftia acidovorans	Bacteria
56470e85-b45c-4786-9cb0-a0db9e4d8e6e	80866	1.0	confident	Delftia acidovorans	Bacteria
867df618-74d6-48f8-8628-8b4125a21602	80866	1.0	confident	Delftia acidovorans	Bacteria
de64d3e7-9e72-4264-be65-9d3dbd9a39c7	80866	1.0	confident	Delftia acidovorans	Bacteria
a3b3f321-d1ef-437c-bee1-63d9fe3efe97	80866	1.0	confident	Delftia acidovorans	Bacteria
70fcb562-c7b3-4662-a5ed-fa65ea347c3c	80866	1.0	confident	Delftia acidovorans	Bacteria
751ca175-813e-464d-a54c-f9a493e12bbc	80866	1.0	confident	Delftia acidovorans	Bacteria
59ead263-bb2e-4027-8ded-6157e840bc4c	80866	1.0	confident	Delftia acidovorans	Bacteria
3a8e56f9-1ec0-4f5b-b76e-87a100d3b85e	80866	1.0	confident	Delftia acidovorans	Bacteria
b0fb3c47-b940-4fc9-9932-c103abcabcd1	80866	1.0	confident	Delftia acidovorans	Bacteria
58eec244-ce9a-40ff-aada-065349bc7695	80866	1.0	confident	Delftia acidovorans	Bacteria
8e76f31c-d5ee-4014-b0ce-d19c8b7ee4b4	80866	1.0	confident	Delftia acidovorans	Bacteria
97ef9261-d8c2-46e0-a3cf-a332820893cc	80866	1.0	confident	Delftia acidovorans	Bacteria
dae540a4-ad93-4ac6-b1b1-8999a6215eca	80866	1.0	confident	Delftia acidovorans	Bacteria
589e07f1-b9f6-4771-82ea-efac35497465	80866	1.0	confident	Delftia acidovorans	Bacteria
c7c0bef1-b41f-4b9b-a2e8-34800acc884f	80866	1.0	confident	Delftia acidovorans	Bacteria
81f5513f-aad0-496a-b726-dbc95eef1e8b	80866	1.0	confident	Delftia acidovorans	Bacteria
ecd3ca0f-07d4-47ef-8176-6ff563c8d56b	80866	1.0	confident	Delftia acidovorans	Bacteria
64975b86-7c06-4655-9681-cc159f0cb757	80866	1.0	confident	Delftia acidovorans	Bacteria
070cb340-1fa1-45fe-9f3f-98fb1a1cb416	80866	1.0	confident	Delftia acidovorans	Bacteria
a70434da-4f84-40b2-a21e-00b21edc36d7	80866	1.0	confident	Delftia acidovorans	Bacteria
6b923d85-5511-42d3-a709-5c03fab94b1f	80866	1.0	confident	Delftia acidovorans	Bacteria
caadc572-8a9e-41d1-a6c6-29e8d305b4e2	80866	1.0	confident	Delftia acidovorans	Bacteria
fa1e870f-9ccc-4645-864d-e1d0653c19c5	80866	1.0	confident	Delftia acidovorans	Bacteria
3e3b96cc-e348-4556-8715-69fbd44cc9cd	80866	1.0	confident	Delftia acidovorans	Bacteria
610ad5ce-5d4b-401b-b049-2d0154708837	80866	1.0	confident	Delftia acidovorans	Bacteria
42e3da02-36b2-47c4-b3be-300e29748e0b	80866	1.0	confident	Delftia acidovorans	Bacteria
7f12d834-1e73-4624-b51f-78ca503e08d9	80866	1.0	confident	Delftia acidovorans	Bacteria
ce194cda-c038-4f6a-810d-235b09120cd6	80866	1.0	confident	Delftia acidovorans	Bacteria
1252e9eb-87f4-4250-813a-3ade3d87106c	80866	1.0	confident	Delftia acidovorans	Bacteria
cf475eeb-e419-4b1b-82f2-018e9510b056	80866	1.0	confident	Delftia acidovorans	Bacteria
ce4a548b-0a34-4d2b-a3ca-6fffb46b549b	80866	1.0	confident	Delftia acidovorans	Bacteria
6c772add-c0f4-42be-97d3-5df0e16fdfba	80866	1.0	confident	Delftia acidovorans	Bacteria
d1d8390b-e83f-4db0-8103-0f5fb11a302d	80866	1.0	confident	Delftia acidovorans	Bacteria
0bd9c1ec-2c7d-435a-a3cb-4ecd65b21352	80866	1.0	confident	Delftia acidovorans	Bacteria
20c65000-ee7a-4bef-b431-f81c945cb95f	80866	1.0	confident	Delftia acidovorans	Bacteria
09509c0b-b87e-42c2-bc43-4ceb9dffd3fd	80866	1.0	confident	Delftia acidovorans	Bacteria
8469f9fc-2225-4c35-abbc-57038ad79896	80866	1.0	confident	Delftia acidovorans	Bacteria
d5468396-db58-48a3-8841-084ea01f3c76	80866	1.0	confident	Delftia acidovorans	Bacteria
d683d552-3afd-4663-bd80-b0cae6244b0f	80866	1.0	confident	Delftia acidovorans	Bacteria
0e559027-65ab-4422-bacd-8098bf1cdf05	80866	1.0	confident	Delftia acidovorans	Bacteria
a2daa3cb-8f97-494c-994d-467966816808	80866	1.0	confident	Delftia acidovorans	Bacteria
ad4977fb-a98c-4d42-bddc-cacd996f9e21	80866	1.0	confident	Delftia acidovorans	Bacteria
1c1d6a96-33ba-4b6a-8804-2d6a1d8d0259	80866	1.0	confident	Delftia acidovorans	Bacteria
a68f4d98-33e6-4956-b617-1c8a634f0461	80866	1.0	confident	Delftia acidovorans	Bacteria
222645c2-96f3-43f8-8f25-ca4b9d4edb68	80866	1.0	confident	Delftia acidovorans	Bacteria
03457269-fcd4-498c-89ec-43322fccc166	80866	1.0	confident	Delftia acidovorans	Bacteria
dcbab85e-44ce-4717-bf9f-e1d13ac64034	80866	1.0	confident	Delftia acidovorans	Bacteria
ac860de5-380c-4800-bd9f-2a5bf161fbe8	80866	1.0	confident	Delftia acidovorans	Bacteria
58157dbe-37ef-4913-bea2-8655436bceee	80866	1.0	confident	Delftia acidovorans	Bacteria
5754f735-70f8-408c-afe7-9f03804d5b15	80866	1.0	confident	Delftia acidovorans	Bacteria
557e5a76-b3d6-4f70-b949-ef8e02a100d3	80866	1.0	confident	Delftia acidovorans	Bacteria
ea3f2ef4-c038-40f1-8c39-251dfaab61ac	80866	1.0	confident	Delftia acidovorans	Bacteria
949a4e94-7790-48b5-b7f0-5331591f2440	80866	1.0	confident	Delftia acidovorans	Bacteria
c18226d7-c6e3-4c60-a4fe-3b1ee355eb0b	80866	1.0	confident	Delftia acidovorans	Bacteria
0c4c8966-a1ed-4a07-8082-bcb0606f9e21	80866	1.0	confident	Delftia acidovorans	Bacteria
043f1326-ea74-4b75-b9ad-7857f8146a85	80866	1.0	confident	Delftia acidovorans	Bacteria
7984fc83-aa1d-4618-b5ef-38e4d8322754	80866	1.0	confident	Delftia acidovorans	Bacteria
a930b951-6a90-4511-90f4-f15bbaa93a93	80866	1.0	confident	Delftia acidovorans	Bacteria
d0e8ac12-4c5a-4727-b916-bb6dc5fc22f8	80866	1.0	confident	Delftia acidovorans	Bacteria
7810d832-d8e8-417c-bbcb-0d3c5e02e7f8	80866	1.0	confident	Delftia acidovorans	Bacteria
8bba3eec-fe3e-4f36-800b-e944eea1b301	80866	1.0	confident	Delftia acidovorans	Bacteria
e274793b-ceba-4f77-b384-22f3961cb1c6	80866	1.0	confident	Delftia acidovorans	Bacteria
abee6eff-8e9f-4c20-afef-1529c270832c	80866	1.0	confident	Delftia acidovorans	Bacteria
2c90def0-90f9-43d6-affe-aa28f299a632	80866	1.0	confident	Delftia acidovorans	Bacteria
b826c001-2a0b-4b2d-b727-341773989060	80866	1.0	confident	Delftia acidovorans	Bacteria
9e84b33c-7dd2-45e1-9cf2-ac374b543458	80866	1.0	confident	Delftia acidovorans	Bacteria
f903888f-ccd1-4114-b024-246960a1eac8	80866	1.0	confident	Delftia acidovorans	Bacteria
ac013b9b-19f7-4a66-a9a3-515e539060ae	80866	1.0	confident	Delftia acidovorans	Bacteria
8f2a2c8b-a9b5-4f4e-9b86-662e59086c6b	80866	1.0	confident	Delftia acidovorans	Bacteria
9e76552b-f4e0-4b75-80e0-cb2cacb08fb8	80866	1.0	confident	Delftia acidovorans	Bacteria
81da8eb9-3053-44d3-9d7f-0e55b0e4fd19	80866	1.0	confident	Delftia acidovorans	Bacteria
45ac39a1-d756-40a5-a322-d4263e9adfe5	80866	1.0	confident	Delftia acidovorans	Bacteria
5759756c-086c-4840-93f2-f552f8622e20	80866	1.0	confident	Delftia acidovorans	Bacteria
23d41eb3-ad54-44cc-b789-2d8a0398047f	80866	1.0	confident	Delftia acidovorans	Bacteria
a7567b75-94bd-4a60-bd5e-ce1c7afb5862	80866	1.0	confident	Delftia acidovorans	Bacteria
9b25ef92-1c5d-44f3-b9c8-f8e3e0199004	80866	1.0	confident	Delftia acidovorans	Bacteria
754d71f0-2f74-4008-a020-13d3a89c889c	80866	1.0	confident	Delftia acidovorans	Bacteria
380c4884-4d0f-4d3f-b329-85fa4e2eb2fd	80866	1.0	confident	Delftia acidovorans	Bacteria
ae26f1c1-4827-4a8c-9c28-7d32cce74f17	80866	1.0	confident	Delftia acidovorans	Bacteria
17a425e3-0f68-476b-8e25-d41adb0473e6	80866	1.0	confident	Delftia acidovorans	Bacteria
fa41795e-3d0f-4f87-92b9-3e7d8e437f7e	80866	1.0	confident	Delftia acidovorans	Bacteria
2750c298-c7a1-43ad-a2d6-40af2ed9fd50	80866	1.0	confident	Delftia acidovorans	Bacteria
decccce9-99b1-4244-bd4f-24a95aecedfc	80866	1.0	confident	Delftia acidovorans	Bacteria
cfcd1b78-ad4b-4601-816d-695887c81038	80866	1.0	confident	Delftia acidovorans	Bacteria
f57e02dd-1682-4742-bfdd-4f9921cf5b53	80866	1.0	confident	Delftia acidovorans	Bacteria
3b5301b6-b2e6-4a74-8712-099cfc4ab8c7	80866	1.0	confident	Delftia acidovorans	Bacteria
039cb2d2-02e8-469a-8315-e172c10655bb	80866	1.0	confident	Delftia acidovorans	Bacteria
a140f79a-4fd2-451b-9e74-7787e9a9fd0c	80866	1.0	confident	Delftia acidovorans	Bacteria
d2aa5e9b-e351-4287-a3d2-7b58f4fccd65	80866	1.0	confident	Delftia acidovorans	Bacteria
1c467193-19db-488c-9819-950f1a40ddc0	80866	1.0	confident	Delftia acidovorans	Bacteria
ba96919a-af72-48bc-88b3-a1aeca25f020	80866	1.0	confident	Delftia acidovorans	Bacteria
5ce30d36-56ab-40c8-8f5f-cae5005e305f	80866	1.0	confident	Delftia acidovorans	Bacteria
c652e9f4-5a05-423c-a6b1-ae8b74a61b7a	80866	1.0	confident	Delftia acidovorans	Bacteria
66fe1065-7df1-4538-8633-6c1fd0db1053	80866	1.0	confident	Delftia acidovorans	Bacteria
31d04327-4236-42cc-b69c-9f73dd514186	80866	1.0	confident	Delftia acidovorans	Bacteria
0031fa10-3423-45ff-8d65-277653ced649	80866	1.0	confident	Delftia acidovorans	Bacteria
ead30647-ec67-40f1-8eed-29e93130749c	80866	1.0	confident	Delftia acidovorans	Bacteria
3980509f-0a99-476f-904d-89e04e964da5	80866	1.0	confident	Delftia acidovorans	Bacteria
31cf5973-de4c-4325-9390-7304a098e39c	80866	1.0	confident	Delftia acidovorans	Bacteria
4259ee29-9951-43dd-8cc8-324e1ed426f4	80866	1.0	confident	Delftia acidovorans	Bacteria
6ba4ec7a-53d7-4dd3-9423-502470ee4e35	80866	1.0	confident	Delftia acidovorans	Bacteria
2570a86f-ff14-422a-9556-cef9ba5c110b	80866	1.0	confident	Delftia acidovorans	Bacteria
13027ccc-08c9-456c-9ef5-a01bbcb4279e	80866	1.0	confident	Delftia acidovorans	Bacteria
d8203634-efa8-4e7e-a7a4-376775ad0950	80866	1.0	confident	Delftia acidovorans	Bacteria
e342b2d0-2026-4871-bb8e-2b0d05b60a9c	80866	1.0	confident	Delftia acidovorans	Bacteria
e8d88c52-6ac9-45a9-91fb-645e990855c2	80866	1.0	confident	Delftia acidovorans	Bacteria
ed3a3d33-2930-4501-b40a-fd7f24918e11	80866	1.0	confident	Delftia acidovorans	Bacteria
a1aaea43-aecc-49f2-8260-d74ee30eadca	80866	1.0	confident	Delftia acidovorans	Bacteria
af407e94-1d4c-4485-825b-9757384004b9	80866	1.0	confident	Delftia acidovorans	Bacteria
9a562db5-52d0-4aa1-9394-97098284dd55	80866	1.0	confident	Delftia acidovorans	Bacteria
516d07b6-48c7-4762-810a-bf3522db7ca0	80866	1.0	confident	Delftia acidovorans	Bacteria
c8e53e80-afbe-44ac-869b-2e834aecc06b	80866	1.0	confident	Delftia acidovorans	Bacteria
82caca6d-79c1-422d-a651-1f68fd0ea44a	80866	1.0	confident	Delftia acidovorans	Bacteria
acb29c86-4d5e-49c7-9daf-2d5c165a8742	80866	1.0	confident	Delftia acidovorans	Bacteria
dddef004-775a-48d2-88d0-b0b78d1035cf	80866	1.0	confident	Delftia acidovorans	Bacteria
1553efea-3cd2-4b3b-8a90-3b0c9a6ef646	80866	1.0	confident	Delftia acidovorans	Bacteria
f2aabdad-5c77-4d92-b605-5d7f6fa6b4d4	80866	1.0	confident	Delftia acidovorans	Bacteria
5c7431ed-25a4-4948-beec-818031f20565	80866	1.0	confident	Delftia acidovorans	Bacteria
3bab1d45-e989-42f2-9c94-49e7df3ca923	80866	1.0	confident	Delftia acidovorans	Bacteria
d3849d6c-9c2c-49d3-81f4-4c518cb55821	80866	1.0	confident	Delftia acidovorans	Bacteria
2aa4f11d-2d08-4b9d-8948-a579e520f934	80866	1.0	confident	Delftia acidovorans	Bacteria
c6c3b322-bbc9-4aea-9270-8f5083028a58	80866	1.0	confident	Delftia acidovorans	Bacteria
fc312b19-78f0-41dc-ad71-adc48ccb1d32	80866	1.0	confident	Delftia acidovorans	Bacteria
a62c89ac-f808-4f1f-80db-becd95e7691e	80866	1.0	confident	Delftia acidovorans	Bacteria
6bf510a8-0937-4676-8806-571231d20a87	80866	1.0	confident	Delftia acidovorans	Bacteria
69a10b89-9e6d-4480-bd25-6155f6c96373	80866	1.0	confident	Delftia acidovorans	Bacteria
1939e678-3c8c-4386-a8b9-c1b7ba036821	80866	1.0	confident	Delftia acidovorans	Bacteria
29642f7f-6c2c-49b2-bf02-90116045dc79	80866	1.0	confident	Delftia acidovorans	Bacteria
e1f6c6c0-a9ae-4677-b7c7-d3a269ca1aa0	80866	1.0	confident	Delftia acidovorans	Bacteria
d151f06a-83b5-449b-88d7-e223187a26d8	80866	1.0	confident	Delftia acidovorans	Bacteria
f9d5529a-5c70-4357-ba99-9f980edc187a	80866	1.0	confident	Delftia acidovorans	Bacteria
e50a3c8e-f622-43e8-8318-13b430a10966	80866	1.0	confident	Delftia acidovorans	Bacteria
a6b5d18d-4bb9-4a5e-a85d-b340fb27d4b1	80866	1.0	confident	Delftia acidovorans	Bacteria
a00896b4-4727-43b7-a4d6-51749b4738a2	80866	1.0	confident	Delftia acidovorans	Bacteria
3e9a6b5c-16e0-4db9-a301-404f70f0cfcd	80866	1.0	confident	Delftia acidovorans	Bacteria
e8e639ec-6cd9-4a61-9dad-6c6c0297cdd9	80866	1.0	confident	Delftia acidovorans	Bacteria
169da8c0-b395-4737-a29f-3dec421eea06	80866	1.0	confident	Delftia acidovorans	Bacteria
91a2cc4e-1c17-4f91-b597-8e37501277ba	80866	1.0	confident	Delftia acidovorans	Bacteria
eced5660-d4b3-46e3-9eb6-2829e4371dff	80866	1.0	confident	Delftia acidovorans	Bacteria
cd55e9f5-d65e-43a1-a7f5-9663ce65a94c	80866	1.0	confident	Delftia acidovorans	Bacteria
3c76ae76-b7fe-4b68-aa82-0b243ef6c20e	80866	1.0	confident	Delftia acidovorans	Bacteria
ec091784-640a-4122-904e-d537873a6ef0	80866	1.0	confident	Delftia acidovorans	Bacteria
76b58ffd-f82e-47f1-ab4f-df1f73db2cc2	80866	1.0	confident	Delftia acidovorans	Bacteria
c7dc5994-f7f6-45d1-a2f9-3c50f34074ba	80866	1.0	confident	Delftia acidovorans	Bacteria
59195ba1-ce45-4fe3-8fd5-697e1242a007	80866	1.0	confident	Delftia acidovorans	Bacteria
7696eb23-3a95-4a77-88b7-3bd93c64cce6	80866	1.0	confident	Delftia acidovorans	Bacteria
0aecfcdc-4a77-4617-a6c4-4a76a5f60df3	80866	1.0	confident	Delftia acidovorans	Bacteria
544b12aa-2620-4bbd-9021-43ef33803878	80866	1.0	confident	Delftia acidovorans	Bacteria
2d646032-9367-4caa-8170-fbe4c5328799	80866	1.0	confident	Delftia acidovorans	Bacteria
79e3f5d4-0bf2-4e50-91bf-08db22407533	80866	1.0	confident	Delftia acidovorans	Bacteria
f6fcba9b-e716-4a1b-bb36-555b71b80d09	80866	1.0	confident	Delftia acidovorans	Bacteria
2f238d76-6dd5-4add-ac8e-801f89470a86	80866	1.0	confident	Delftia acidovorans	Bacteria
0cc431be-6c87-4b12-bbbb-87c6d5e91cbe	80866	1.0	confident	Delftia acidovorans	Bacteria
5ee09232-1ecf-4862-97ed-c49f4ced2fa6	80866	1.0	confident	Delftia acidovorans	Bacteria
a35bd6be-dde9-4dd0-9c79-c9b93d09ce74	80866	1.0	confident	Delftia acidovorans	Bacteria
1719cd92-f2fe-44f3-a6a1-a529d1eb06ca	80866	1.0	confident	Delftia acidovorans	Bacteria
96a6997a-8273-495e-90bd-19d9db8b2403	80866	1.0	confident	Delftia acidovorans	Bacteria
bf394795-0925-471c-bbc0-935b7ad21fa8	80866	1.0	confident	Delftia acidovorans	Bacteria
297a433c-4197-4fbe-b8f7-0f95ec855339	80866	1.0	confident	Delftia acidovorans	Bacteria
fedb900e-ca2d-4253-ad2c-0594c092f7b8	80866	1.0	confident	Delftia acidovorans	Bacteria
6962a534-dfdc-49d8-a537-a25fd1e53b3e	80866	1.0	confident	Delftia acidovorans	Bacteria
d2f0942c-933c-4ed6-9122-2bc8c38541f1	80866	1.0	confident	Delftia acidovorans	Bacteria
0e97adec-07ef-42c8-8796-e1cb8dfa2166	80866	1.0	confident	Delftia acidovorans	Bacteria
d0068dd9-3394-49cd-8700-1919c800a509	80866	1.0	confident	Delftia acidovorans	Bacteria
0fa12b07-12ed-466b-88bd-5090b2d3a586	80866	1.0	confident	Delftia acidovorans	Bacteria
9469c460-2687-441b-8002-830f25cc5b1f	80866	1.0	confident	Delftia acidovorans	Bacteria
fc473646-5f26-4824-a0d5-7b5afe754b48	80866	1.0	confident	Delftia acidovorans	Bacteria
e8619ec3-f11e-44e8-87dc-b20388157284	80866	1.0	confident	Delftia acidovorans	Bacteria
043169ca-fb06-4459-b389-5f1d22b86b61	80866	1.0	confident	Delftia acidovorans	Bacteria
bcf7ae57-4fb6-43c7-abfc-9f85b25919f9	80866	1.0	confident	Delftia acidovorans	Bacteria
527abad4-93f2-40f0-b37a-9f9de2e7ae30	80866	1.0	confident	Delftia acidovorans	Bacteria
933b70bc-dbfd-4531-ab5b-986159f146a6	80866	1.0	confident	Delftia acidovorans	Bacteria
834939c7-c59f-4f3a-a5f0-1b367e021649	80866	1.0	confident	Delftia acidovorans	Bacteria
4aa8dbe0-bfc6-43bb-96c8-74ca41b11934	80866	1.0	confident	Delftia acidovorans	Bacteria
b2f5cfb2-314d-455a-a1db-cdf4f29af5ad	80866	1.0	confident	Delftia acidovorans	Bacteria
213b859e-0395-4062-aa0b-fa7f07c9ac19	80866	1.0	confident	Delftia acidovorans	Bacteria
db00e01d-361c-49af-a3bd-baf6798d4f2b	80866	1.0	confident	Delftia acidovorans	Bacteria
554a3298-c295-444f-bbb6-908caf7002c1	80866	1.0	confident	Delftia acidovorans	Bacteria
1f6495cd-8050-4534-8aa1-bae1d41f9854	80866	1.0	confident	Delftia acidovorans	Bacteria
ac02a94e-5258-4a53-b98b-211a6a68769d	80866	1.0	confident	Delftia acidovorans	Bacteria
d0385485-4bb2-4c8b-a8f5-31176032e0c0	80866	1.0	confident	Delftia acidovorans	Bacteria
e13225a7-77f0-4bf9-b0ef-cd9149300e97	80866	1.0	confident	Delftia acidovorans	Bacteria
69a87160-4288-4db9-90ad-bfb88e880aac	80866	1.0	confident	Delftia acidovorans	Bacteria
f167fb30-dec3-4a31-b18b-67223ef69918	80866	1.0	confident	Delftia acidovorans	Bacteria
ba54f354-966f-4c59-94d3-1a159b1f37a2	80866	1.0	confident	Delftia acidovorans	Bacteria
35ee9553-fbdb-4283-97e5-8c97c981a547	80866	1.0	confident	Delftia acidovorans	Bacteria
dc7fee6a-ee15-4fe1-ad7f-76096390e185	80866	1.0	confident	Delftia acidovorans	Bacteria
5f0bdc2f-2854-4c9b-9d26-8f5ac325ab46	80866	1.0	confident	Delftia acidovorans	Bacteria
9e864886-9f03-4811-a0a4-ec360f5ed2de	80866	1.0	confident	Delftia acidovorans	Bacteria
4b3377f6-6b5e-4d2a-8c7d-b6fd204c2a6b	80866	1.0	confident	Delftia acidovorans	Bacteria
f58732fa-13fd-4d1a-9684-f996ef6efe83	80866	1.0	confident	Delftia acidovorans	Bacteria
88ba65ea-df40-4484-a7c0-e8024ac02608	80866	1.0	confident	Delftia acidovorans	Bacteria
33b2e08f-209c-4f83-aa71-a7e4abb19248	80866	1.0	confident	Delftia acidovorans	Bacteria
0bb3b9f0-5feb-4ca8-875b-41ecd098c4cf	80866	1.0	confident	Delftia acidovorans	Bacteria
15fb0a20-e013-4992-ac3e-a922facae636	80866	1.0	confident	Delftia acidovorans	Bacteria
05c0b8b2-d712-478e-b8a9-828523048fdd	80866	1.0	confident	Delftia acidovorans	Bacteria
3bbace61-1677-4fa6-b563-daba917255f1	80866	1.0	confident	Delftia acidovorans	Bacteria
e26872e0-73da-401c-99e7-df05bc539c00	80866	1.0	confident	Delftia acidovorans	Bacteria
2c3f3a9f-1cc9-4b52-b115-ef92e87cb24a	80866	1.0	confident	Delftia acidovorans	Bacteria
350881da-f894-4891-8685-b2d542531e0c	80866	1.0	confident	Delftia acidovorans	Bacteria
66b85d23-1801-4e10-817b-5b8eb5b9a9b1	80866	1.0	confident	Delftia acidovorans	Bacteria
d38b3a8c-0470-41f2-a7f5-1ffd4ab69771	80866	1.0	confident	Delftia acidovorans	Bacteria
37e075dc-f304-4758-b719-857a6f1e9fe8	80866	1.0	confident	Delftia acidovorans	Bacteria
31497572-5b23-41a5-aace-93ce6fa7ed5e	80866	1.0	confident	Delftia acidovorans	Bacteria
5e6c85eb-d83e-46d0-80cf-57320c0e4fe4	80866	1.0	confident	Delftia acidovorans	Bacteria
6c48db72-c802-4bec-8bd1-2b2c60ab3042	80866	1.0	confident	Delftia acidovorans	Bacteria
07909e46-abc4-4f65-bbcc-3a77372c27be	80866	1.0	confident	Delftia acidovorans	Bacteria
5361ba27-0a16-4cd3-bcc8-6e44837a2f23	80866	1.0	confident	Delftia acidovorans	Bacteria
fb4793ee-544a-411e-b06c-06339c1a02f0	80866	1.0	confident	Delftia acidovorans	Bacteria
9ad183af-fa0a-4678-b70f-4b415e945abb	80866	1.0	confident	Delftia acidovorans	Bacteria
941cc76e-47da-4d05-b6fc-9263578d5522	80866	1.0	confident	Delftia acidovorans	Bacteria
53a5abab-f479-457b-8d75-d35975e00466	80866	1.0	confident	Delftia acidovorans	Bacteria
a649b58e-b9b0-4ea5-be31-5a1d157dcf2d	80866	1.0	confident	Delftia acidovorans	Bacteria
094e5f29-342a-4c28-bc89-4ee6dafc51fd	80866	1.0	confident	Delftia acidovorans	Bacteria
4462dd00-65c8-49fb-85ca-cbb540e819ee	80866	1.0	confident	Delftia acidovorans	Bacteria
b97dd388-6e03-40b9-bbbb-c911a2fa37a6	80866	1.0	confident	Delftia acidovorans	Bacteria
c62321a1-2d34-4b9b-b111-9d737186afd6	80866	1.0	confident	Delftia acidovorans	Bacteria
d310ee11-9967-4230-b658-f4cb1af451c1	80866	1.0	confident	Delftia acidovorans	Bacteria
c24addd5-5055-45d3-b0ee-9451fa8f2961	80866	1.0	confident	Delftia acidovorans	Bacteria
a67950ca-ff2b-4c55-b67f-9c42fed3328e	80866	1.0	confident	Delftia acidovorans	Bacteria
0c40da06-5dc5-48c3-b9c5-f7ae05db9529	80866	1.0	confident	Delftia acidovorans	Bacteria
dfbcd883-328a-49bd-8149-90ec61b8d00e	80866	1.0	confident	Delftia acidovorans	Bacteria
16342c69-4348-4c40-a7cc-1b3ccd508771	80866	1.0	confident	Delftia acidovorans	Bacteria
5490541a-ecf7-4c9c-bfe3-11a09cb58d75	80866	1.0	confident	Delftia acidovorans	Bacteria
522c7b6f-a78b-4e83-9a57-c28c0ebd9da4	80866	1.0	confident	Delftia acidovorans	Bacteria
1bc7ed6d-df12-45d0-9b4b-244ab676e74a	80866	1.0	confident	Delftia acidovorans	Bacteria
cc90efe1-a02d-4bd7-8768-76084364ae15	80866	1.0	confident	Delftia acidovorans	Bacteria
41af9ce3-2e76-4c1b-90fe-5cc7f0bd83cf	80866	1.0	confident	Delftia acidovorans	Bacteria
b94f957f-840f-4fa2-9013-bdc3ec9b1036	80866	1.0	confident	Delftia acidovorans	Bacteria
9a4d2d9e-9b75-4b81-886a-f973914d8770	80866	1.0	confident	Delftia acidovorans	Bacteria
e011dff1-9cb8-4d2d-ae71-77bf9193662a	80866	1.0	confident	Delftia acidovorans	Bacteria
2d468271-ff52-4a6e-b1fd-a2c811d9d292	80866	1.0	confident	Delftia acidovorans	Bacteria
7e636549-0d51-4c0c-896b-9213dae96c6f	80866	1.0	confident	Delftia acidovorans	Bacteria
fa6a3359-7687-4428-b6f2-773b74388690	80866	1.0	confident	Delftia acidovorans	Bacteria
e4214245-9a4c-45f9-bd38-2597556fb9ca	80866	1.0	confident	Delftia acidovorans	Bacteria
ed08f1a3-3bf5-40e3-9317-06da02dcb8a1	80866	1.0	confident	Delftia acidovorans	Bacteria
18e211ac-fce6-49e4-bcb4-579bc47e5afc	80866	1.0	confident	Delftia acidovorans	Bacteria
00447e0b-634c-4785-9a5a-73e424d31a92	80866	1.0	confident	Delftia acidovorans	Bacteria
a5f3ef32-d344-4270-8f9a-bb41433ca18f	80866	1.0	confident	Delftia acidovorans	Bacteria
ca2b4e43-b1a9-42ea-bf64-9d5d4ed26913	80866	1.0	confident	Delftia acidovorans	Bacteria
5a53fa4e-b6d4-4185-9158-0806c1a7f9dd	80866	1.0	confident	Delftia acidovorans	Bacteria
f98714b8-d2bc-46e3-9bc9-c9b2dc3ab5ea	80866	1.0	confident	Delftia acidovorans	Bacteria
d3d9f94a-1a41-456e-b4d7-2288ee30d3e3	80866	1.0	confident	Delftia acidovorans	Bacteria
569f91ba-31bb-42be-85b8-363e387672c0	80866	1.0	confident	Delftia acidovorans	Bacteria
0b87d363-8089-4830-93ed-e15c24931dbc	80866	1.0	confident	Delftia acidovorans	Bacteria
7e3b7ee1-7b16-448a-ad0f-e2fb2793e0c5	80866	1.0	confident	Delftia acidovorans	Bacteria
8878a86d-5db5-446f-bde2-f2b7bb7935fd	80866	1.0	confident	Delftia acidovorans	Bacteria
5d991f3c-04d8-485f-85b1-bc8a922ba485	80866	1.0	confident	Delftia acidovorans	Bacteria
5bf075ac-43e4-43c0-bda2-0857747606fa	80866	1.0	confident	Delftia acidovorans	Bacteria
110b2ac9-460a-4051-9ae2-59eb51b3ce93	80866	1.0	confident	Delftia acidovorans	Bacteria
236d1039-ec8b-4403-8286-05b460c1fb85	80866	1.0	confident	Delftia acidovorans	Bacteria
0fb6d9aa-4032-4d45-9c72-a9b8ac427108	80866	1.0	confident	Delftia acidovorans	Bacteria
eadeb2fe-2f1d-4bbd-81ff-64da17b7bfee	80866	1.0	confident	Delftia acidovorans	Bacteria
eba6e344-01dc-4dad-af67-547c17ef6cd7	80866	1.0	confident	Delftia acidovorans	Bacteria
7c28e592-11d3-49a7-aa4b-9e8622406ebe	80866	1.0	confident	Delftia acidovorans	Bacteria
59d96d0f-9e91-4b37-bd17-ee078d917f21	80866	1.0	confident	Delftia acidovorans	Bacteria
3796229f-13c5-4107-a06c-c4ef9eb26417	80866	1.0	confident	Delftia acidovorans	Bacteria
b399ee75-5038-4b1b-a4cc-0ebe3d98a23e	80866	1.0	confident	Delftia acidovorans	Bacteria
63b51c22-65b3-4e32-97a5-43693cbe7047	80866	1.0	confident	Delftia acidovorans	Bacteria
50118761-a9ba-47d6-975f-e70d2ad362a8	80866	1.0	confident	Delftia acidovorans	Bacteria
8655af15-8d1e-4c2e-96e5-c67299c039ad	80866	1.0	confident	Delftia acidovorans	Bacteria
215b064b-0344-4861-ad6d-e71d417e8e65	80866	1.0	confident	Delftia acidovorans	Bacteria
8bb48be7-23a5-41c9-afb4-eef54a60c234	80866	1.0	confident	Delftia acidovorans	Bacteria
2a09203f-2926-4608-a3a6-c29124958925	80866	1.0	confident	Delftia acidovorans	Bacteria
be3e2462-3096-4d1f-a123-97588de778b8	80866	1.0	confident	Delftia acidovorans	Bacteria
97468e1b-aa4b-4b65-ad3d-d496322d7b92	80866	1.0	confident	Delftia acidovorans	Bacteria
b11faecb-19cb-40f2-8368-c0741c1dd54b	80866	1.0	confident	Delftia acidovorans	Bacteria
8ed5cce1-423d-4adb-b92e-e3305f57ed7f	80866	1.0	confident	Delftia acidovorans	Bacteria
490d0d06-ebc0-4299-9111-f33a2d8388b4	80866	1.0	confident	Delftia acidovorans	Bacteria
fb6e3821-0c01-48e5-ac86-ecc613587736	80866	1.0	confident	Delftia acidovorans	Bacteria
7134bd01-ed07-488e-a815-79be992b50ea	80866	1.0	confident	Delftia acidovorans	Bacteria
d5b90880-009f-4951-891f-3a5faa8d9919	80866	1.0	confident	Delftia acidovorans	Bacteria
56c49330-0ee6-4f52-b9e2-75cd98b253af	80866	1.0	confident	Delftia acidovorans	Bacteria
71c2b566-f9ab-4f46-a995-4e723744e746	80866	1.0	confident	Delftia acidovorans	Bacteria
08e8b01e-eddd-476a-979e-4150b0b04238	80866	1.0	confident	Delftia acidovorans	Bacteria
82238422-b31d-4852-9343-17b6bfc7ff8f	80866	1.0	confident	Delftia acidovorans	Bacteria
a6d56739-ad6b-4a41-9aec-7e68a13bc682	80866	1.0	confident	Delftia acidovorans	Bacteria
cff80702-014f-4805-9240-40f53720b693	80866	1.0	confident	Delftia acidovorans	Bacteria
7c654f43-9cb4-4ad9-8764-9cff736894f0	80866	1.0	confident	Delftia acidovorans	Bacteria
d7e37d85-b47c-4f9e-b05e-dffc7ad062f0	80866	1.0	confident	Delftia acidovorans	Bacteria
183eb99e-1367-4fba-a521-cfebd4c2042c	80866	1.0	confident	Delftia acidovorans	Bacteria
c46d537c-0c82-4eee-b8ea-f717d54ec3c2	80866	1.0	confident	Delftia acidovorans	Bacteria
bff8b45a-1798-4af0-8947-2320f6f4bc68	80866	1.0	confident	Delftia acidovorans	Bacteria
b91398ff-5dec-4758-8524-888cf4fe1317	80866	1.0	confident	Delftia acidovorans	Bacteria
ae27e6aa-48ef-4fa5-8a50-4fbb5741499e	80866	1.0	confident	Delftia acidovorans	Bacteria
f86ed011-f889-45f0-aa2a-83b7814d3b61	80866	1.0	confident	Delftia acidovorans	Bacteria
98e68c5b-e173-48f3-9cdc-62300000ee13	80866	1.0	confident	Delftia acidovorans	Bacteria
bf4c8beb-952c-4c86-a770-184a077eed46	80866	1.0	confident	Delftia acidovorans	Bacteria
45b09a1d-ae5f-4ebd-a8ea-8ac4d0dab990	80866	1.0	confident	Delftia acidovorans	Bacteria
1ba2179f-0bbe-4ca0-97e4-0727a85e7f33	80866	1.0	confident	Delftia acidovorans	Bacteria
341efdd2-4cfc-48ce-a3af-d235acba1ff6	80866	1.0	confident	Delftia acidovorans	Bacteria
24270dcc-b332-40ab-91e1-bfba9dc867d7	80866	1.0	confident	Delftia acidovorans	Bacteria
578e15b5-540c-4106-98e4-9ef9e5faa787	80866	1.0	confident	Delftia acidovorans	Bacteria
dbcf4513-0bb2-4943-a877-da773e507a62	80866	1.0	confident	Delftia acidovorans	Bacteria
97e99264-66cc-4210-8b90-85dc84b4b032	80866	1.0	confident	Delftia acidovorans	Bacteria
ac1dbc77-54a5-47a0-8ede-c3a2df240fd1	80866	1.0	confident	Delftia acidovorans	Bacteria
8fac37da-18f0-4c1b-9a65-6576c0eb06dd	80866	1.0	confident	Delftia acidovorans	Bacteria
47c4a035-7d6c-4fa9-82c2-0a96503055ff	80866	1.0	confident	Delftia acidovorans	Bacteria
5001b4ee-f26a-4abb-8695-9435f6b97d3b	80866	1.0	confident	Delftia acidovorans	Bacteria
7f1747f0-47ad-4e02-a8be-0da036b6765b	80866	1.0	confident	Delftia acidovorans	Bacteria
ad669c96-6ab4-45b5-ab82-f691daec24dd	80866	1.0	confident	Delftia acidovorans	Bacteria
e98f6e5c-d8fc-483c-953e-a4c667581327	80866	1.0	confident	Delftia acidovorans	Bacteria
fd201b33-4ef1-41d4-8e54-d13038ddd45e	80866	1.0	confident	Delftia acidovorans	Bacteria
e7a825df-d543-40eb-b3d4-0e9663c46298	80866	1.0	confident	Delftia acidovorans	Bacteria
27a736a0-0600-4da9-86b8-c2010a002b0a	80866	1.0	confident	Delftia acidovorans	Bacteria
a0d4ba27-58ad-4f11-8f35-a5f71918a2d3	80866	1.0	confident	Delftia acidovorans	Bacteria
1ba9d1f2-64f2-4ae6-9d91-bd5d1861e397	80866	1.0	confident	Delftia acidovorans	Bacteria
85597a7c-5176-4b81-85d5-77eecd24a655	80866	1.0	confident	Delftia acidovorans	Bacteria
66e38285-f2bd-4775-81a7-47f9c4b93616	80866	1.0	confident	Delftia acidovorans	Bacteria
eb233a81-c633-47a7-b8da-8d7cae3294fd	80866	1.0	confident	Delftia acidovorans	Bacteria
e0c02fca-02ea-4559-b798-e89c2bcbcb86	80866	1.0	confident	Delftia acidovorans	Bacteria
4a959fce-e6c6-405b-8327-4ae756b31856	80866	1.0	confident	Delftia acidovorans	Bacteria
4e740adb-d3d0-48fd-852d-68e6ec86fabb	80866	1.0	confident	Delftia acidovorans	Bacteria
11b2d953-8290-49c8-ad9f-e7ae6f9e9d2a	80866	1.0	confident	Delftia acidovorans	Bacteria
d7f8dfc7-d958-4cf2-93fa-d91d9139f641	80866	1.0	confident	Delftia acidovorans	Bacteria
6345de2c-5405-4f56-be11-5521365eaf78	80866	1.0	confident	Delftia acidovorans	Bacteria
618a56a1-8e83-4340-9718-04c5826d3ed9	80866	1.0	confident	Delftia acidovorans	Bacteria
91264e06-124b-4bc1-9e55-4a61fd86e9a3	80866	1.0	confident	Delftia acidovorans	Bacteria
a253751c-5d59-4aa3-b40b-7dae34f6d31c	80866	1.0	confident	Delftia acidovorans	Bacteria
b77f25c6-db87-424f-b9f0-a09bcae984d7	80866	1.0	confident	Delftia acidovorans	Bacteria
c879dccc-bf49-44fd-a1da-271d1ced768c	80866	1.0	confident	Delftia acidovorans	Bacteria
e0258252-719c-41da-918c-07aebdf08edd	80866	1.0	confident	Delftia acidovorans	Bacteria
618d5b03-3eeb-4015-a8bf-de91487ce054	80866	1.0	confident	Delftia acidovorans	Bacteria
19ad6264-4651-4038-944d-0b297734d5a5	80866	1.0	confident	Delftia acidovorans	Bacteria
264726b9-b184-48a4-a0ee-c93cedd2342e	80866	1.0	confident	Delftia acidovorans	Bacteria
0c37a2d6-d28a-45c9-a16f-a9a3a519216f	80866	1.0	confident	Delftia acidovorans	Bacteria
83ad7147-0fd4-45ba-8cc6-5b1c77284ec9	80866	1.0	confident	Delftia acidovorans	Bacteria
86b34139-2272-46a4-96e0-ba9d04edd021	80866	1.0	confident	Delftia acidovorans	Bacteria
fe98f331-6063-4f23-9429-2e3269df3e2f	80866	1.0	confident	Delftia acidovorans	Bacteria
5c77579c-e040-402a-9e7a-4a029e50f16b	80866	1.0	confident	Delftia acidovorans	Bacteria
6ebd7200-043c-407c-993d-d0af4a01cf61	80866	1.0	confident	Delftia acidovorans	Bacteria
8d89dc5d-0801-4f2e-ac87-07e877a725f1	80866	1.0	confident	Delftia acidovorans	Bacteria
3c6a90e7-540b-4669-a686-e8d0b2c0397a	80866	1.0	confident	Delftia acidovorans	Bacteria
a80a34c4-19e2-46a7-a6ae-0c09e28bfb27	80866	1.0	confident	Delftia acidovorans	Bacteria
67825608-6430-4773-8b43-a7f9bc76da5d	80866	1.0	confident	Delftia acidovorans	Bacteria
dc1a1677-4729-4ba1-bc1a-b12dfdba2bc2	80866	1.0	confident	Delftia acidovorans	Bacteria
ee9de479-9ffd-4875-93dc-df21a174220c	80866	1.0	confident	Delftia acidovorans	Bacteria
b8fce6a5-72c4-41b5-8567-155ddb3b8e4e	80866	1.0	confident	Delftia acidovorans	Bacteria
336248c5-129a-4774-aae2-514719e30e37	80866	1.0	confident	Delftia acidovorans	Bacteria
cdbdc0be-ecbc-4ddd-8ceb-0e744e1804fa	80866	1.0	confident	Delftia acidovorans	Bacteria
82997bb0-d158-4e79-8048-0a8a9cf0c9b2	80866	1.0	confident	Delftia acidovorans	Bacteria
6a49863e-d530-4da4-bbb4-211e57a2a952	80866	1.0	confident	Delftia acidovorans	Bacteria
f4330bf0-7b4b-456d-bda5-459a24ad2420	80866	1.0	confident	Delftia acidovorans	Bacteria
c9499dc5-b863-4321-b803-e37eefe38223	80866	1.0	confident	Delftia acidovorans	Bacteria
79bffb49-9270-4111-bf22-b8f5dc5c9989	80866	1.0	confident	Delftia acidovorans	Bacteria
e0576a36-c020-439b-a29d-460b54dca562	80866	1.0	confident	Delftia acidovorans	Bacteria
c7db2214-abdf-467c-aae7-1a1d51a90f42	80866	1.0	confident	Delftia acidovorans	Bacteria
528fb687-c432-4bc8-9af1-336fd68839d6	80866	1.0	confident	Delftia acidovorans	Bacteria
96653453-fc09-4cea-b38f-23be2ba8c3c4	80866	1.0	confident	Delftia acidovorans	Bacteria
b16c33a0-223c-425f-bc62-de76ee9a0a7c	80866	1.0	confident	Delftia acidovorans	Bacteria
bae9b33f-a108-4be6-8457-cd8e4433a6aa	80866	1.0	confident	Delftia acidovorans	Bacteria
334681ae-6948-447e-b07a-7848b34d0ee4	80866	1.0	confident	Delftia acidovorans	Bacteria
708a47ea-7f92-427f-ae60-618aff27dfa8	80866	1.0	confident	Delftia acidovorans	Bacteria
396685b8-f47d-42ba-88a0-69257b63ce8b	80866	1.0	confident	Delftia acidovorans	Bacteria
f13fef6d-f031-4eb1-a298-d383956834c6	80866	1.0	confident	Delftia acidovorans	Bacteria
ecfcaa82-2c61-403d-ad8e-f01377d453ff	80866	1.0	confident	Delftia acidovorans	Bacteria
9bd75614-c92d-4bc7-88bd-dfcf4be62bd8	80866	1.0	confident	Delftia acidovorans	Bacteria
f75ce291-ee08-4b70-9b42-51ef13132b69	80866	1.0	confident	Delftia acidovorans	Bacteria
16cf64ea-cb66-4c39-b85c-2a6022796d0f	80866	1.0	confident	Delftia acidovorans	Bacteria
8be978cf-3a9a-4f3a-b5b4-e81a8022e225	80866	1.0	confident	Delftia acidovorans	Bacteria
61e145c5-b836-473f-8fa5-290d9d2ed83b	80866	1.0	confident	Delftia acidovorans	Bacteria
ad0b33f4-facf-4417-aff6-dcef94a2aedd	80866	1.0	confident	Delftia acidovorans	Bacteria
a51c3e41-6aa1-42f7-ad5e-bc9f84d52221	80866	1.0	confident	Delftia acidovorans	Bacteria
8af39487-3862-46a0-a5c3-a6e840beca3e	80866	1.0	confident	Delftia acidovorans	Bacteria
0e162d0f-0be6-4e8a-9aef-f9035d41dd03	80866	1.0	confident	Delftia acidovorans	Bacteria
6ed10491-835f-4672-9741-c08c21e09bb0	80866	1.0	confident	Delftia acidovorans	Bacteria
4226e3e4-8418-4ff4-8dcb-6718fb097ab1	80866	1.0	confident	Delftia acidovorans	Bacteria
6214b638-2e57-465b-b7a4-90957316592f	80866	1.0	confident	Delftia acidovorans	Bacteria
cb4cd934-1fff-4f32-a82f-6246f289b65c	80866	1.0	confident	Delftia acidovorans	Bacteria
37ffe1a9-abbc-48a6-9d08-fc00bfb5570c	80866	1.0	confident	Delftia acidovorans	Bacteria
4068ea89-52fd-4b06-8e14-51de317d1953	80866	1.0	confident	Delftia acidovorans	Bacteria
e748dbb1-3f95-4dc4-95cc-4c3f9de0ce01	80866	1.0	confident	Delftia acidovorans	Bacteria
be24e50b-615e-401b-99c1-59c1af888a4c	80866	1.0	confident	Delftia acidovorans	Bacteria
32e19a6a-abbc-4957-9ef1-946ee5007a2b	80866	1.0	confident	Delftia acidovorans	Bacteria
963b18ac-eeba-4162-a40b-8f5135a8d864	80866	1.0	confident	Delftia acidovorans	Bacteria
017ae62e-3d45-4467-a464-32edba918d5f	80866	1.0	confident	Delftia acidovorans	Bacteria
b7686fbb-a3df-4530-b85a-bfe837946a7f	80866	1.0	confident	Delftia acidovorans	Bacteria
3f4924e0-a517-4a69-aee9-9d764652466c	80866	1.0	confident	Delftia acidovorans	Bacteria
c42b5416-4717-4734-9bc4-7454f4a2019d	80866	1.0	confident	Delftia acidovorans	Bacteria
5ce62bc5-44dc-4d0c-82e4-a06c57f65993	80866	1.0	confident	Delftia acidovorans	Bacteria
d0434968-2ba4-4c06-8c88-1e8747c24b45	80866	1.0	confident	Delftia acidovorans	Bacteria
809d084f-4b5e-42e3-9b61-ff7977b89ec8	80866	1.0	confident	Delftia acidovorans	Bacteria
51cb6d9e-53a8-4d73-b2f3-5f2b61917c36	80866	1.0	confident	Delftia acidovorans	Bacteria
4b8d8d1a-8e19-4e78-b168-c92af8a095fa	80866	1.0	confident	Delftia acidovorans	Bacteria
e335c50f-afc9-4afd-add9-9fa703e58edb	80866	1.0	confident	Delftia acidovorans	Bacteria
3d22ed97-a143-4ae5-9cc3-8e67d0a772db	80866	1.0	confident	Delftia acidovorans	Bacteria
e60533b9-ca0e-44e8-a743-469274680767	80866	1.0	confident	Delftia acidovorans	Bacteria
3e23103e-a11b-4681-9d9b-7d929d478e11	80866	1.0	confident	Delftia acidovorans	Bacteria
7a0331c2-937f-4531-99b7-d553b7b68933	80866	1.0	confident	Delftia acidovorans	Bacteria
c5086771-9e1c-44d2-a1b9-9635c25ee0da	80866	1.0	confident	Delftia acidovorans	Bacteria
1e5cfd94-0487-4a38-8ba2-a50eab91cccf	80866	1.0	confident	Delftia acidovorans	Bacteria
f4e4f0a4-b316-4266-9bf7-55f89e2fdb2c	80866	1.0	confident	Delftia acidovorans	Bacteria
b34c960f-aefd-426c-a4cd-4f23446b969b	80866	1.0	confident	Delftia acidovorans	Bacteria
c2a25561-1641-4eb6-b441-3693029ae981	80866	1.0	confident	Delftia acidovorans	Bacteria
c7251dc1-8d51-41a0-9302-0b24269cce6a	80866	1.0	confident	Delftia acidovorans	Bacteria
8dbf4b74-1ead-4046-9779-b29eadb872f4	80866	1.0	confident	Delftia acidovorans	Bacteria
3ef1c582-fdf7-459b-adde-a7a905b04e45	80866	1.0	confident	Delftia acidovorans	Bacteria
10f8c7fa-8fee-4b36-b72d-70ee50983719	80866	1.0	confident	Delftia acidovorans	Bacteria
384cfef5-8d30-41c7-aa8d-7f28b0d00260	80866	1.0	confident	Delftia acidovorans	Bacteria
105cce80-20a5-47a0-a534-071b50f41db2	80866	1.0	confident	Delftia acidovorans	Bacteria
6e46c05b-cfba-4ec1-a0fb-811728369c7c	80866	1.0	confident	Delftia acidovorans	Bacteria
015b456f-66cc-4aea-bec9-6b161b879138	80866	1.0	confident	Delftia acidovorans	Bacteria
89ad0544-3034-468c-b645-38c17b1f3c14	80866	1.0	confident	Delftia acidovorans	Bacteria
58bae712-6864-4afa-b055-729928316354	80866	1.0	confident	Delftia acidovorans	Bacteria
9c476079-423c-4cca-b6c9-80668867b69d	80866	1.0	confident	Delftia acidovorans	Bacteria
202af564-fed9-49eb-a0c2-fdb8fc21d010	80866	1.0	confident	Delftia acidovorans	Bacteria
1d7768cd-e85d-456c-bf0d-9024c9eaf75e	80866	1.0	confident	Delftia acidovorans	Bacteria
76c42b4e-1480-422e-ab08-36dfddfa3537	80866	1.0	confident	Delftia acidovorans	Bacteria
b4934544-bc02-4edc-83ac-8bec7aa0c6ad	80866	1.0	confident	Delftia acidovorans	Bacteria
324d8fdc-5ba1-442b-9f1b-9f4f92ae8ab8	80866	1.0	confident	Delftia acidovorans	Bacteria
8bc298fc-41e0-46b1-8af9-b58d4948b4b8	80866	1.0	confident	Delftia acidovorans	Bacteria
3ccf0acd-373e-4546-a2bb-1b9cb3d59160	80866	1.0	confident	Delftia acidovorans	Bacteria
6eafd51f-ae6a-4c02-a216-9d658dc011f3	80866	1.0	confident	Delftia acidovorans	Bacteria
c1e1b0f5-ef5e-40e8-866c-d25116644ced	80866	1.0	confident	Delftia acidovorans	Bacteria
f10b82f3-24e1-4da5-bdf0-ca24eceb5d46	80866	1.0	confident	Delftia acidovorans	Bacteria
92238ac0-c774-44cc-bd86-3a4e9b151a37	80866	1.0	confident	Delftia acidovorans	Bacteria
b2b56852-079f-4f48-92c6-95535a433f2a	80866	1.0	confident	Delftia acidovorans	Bacteria
ed4528be-18d8-40b2-a01b-f2513d5cee5d	80866	1.0	confident	Delftia acidovorans	Bacteria
ddba8189-3e72-433d-b736-05700a9482d8	80866	1.0	confident	Delftia acidovorans	Bacteria
1874d814-265e-49d6-bea9-4b3caf56fc33	80866	1.0	confident	Delftia acidovorans	Bacteria
da7bfa91-c6d2-4cd4-aeec-fc7df14003fb	80866	1.0	confident	Delftia acidovorans	Bacteria
0e764233-1cd1-4f02-bdc8-b7728adc37a5	80866	1.0	confident	Delftia acidovorans	Bacteria
f971e03a-7968-4f0a-a363-2943548be043	80866	1.0	confident	Delftia acidovorans	Bacteria
ac69f3e6-fca7-4551-a7ee-5029672dd112	80866	1.0	confident	Delftia acidovorans	Bacteria
3ee779c5-e6c9-46a7-98a4-189c1d0304f8	80866	1.0	confident	Delftia acidovorans	Bacteria
5e127047-049e-462f-a1b1-6221a93058ed	80866	1.0	confident	Delftia acidovorans	Bacteria
85dbc109-46e3-4d24-8a82-fc42d1cdb244	80866	1.0	confident	Delftia acidovorans	Bacteria
a99ef2f1-8586-4c3d-8c3d-69ed901c4c6d	80866	1.0	confident	Delftia acidovorans	Bacteria
007f94db-31f9-4815-a8b0-3ba1606b0d58	80866	1.0	confident	Delftia acidovorans	Bacteria
59cc0881-d04c-465e-9319-93009b8c84ae	80866	1.0	confident	Delftia acidovorans	Bacteria
70f08121-5a44-4a70-a8f2-1215951a1ac7	80866	1.0	confident	Delftia acidovorans	Bacteria
0401ed18-e56c-490f-971e-763b1a56aa60	80866	1.0	confident	Delftia acidovorans	Bacteria
6a1ced36-7bae-4a50-84e7-172fccf03337	80866	1.0	confident	Delftia acidovorans	Bacteria
bf4beac2-4266-4b69-a971-6023f9236d5a	80866	1.0	confident	Delftia acidovorans	Bacteria
8116b8d2-cac9-4a69-8341-54e89bc1e736	80866	1.0	confident	Delftia acidovorans	Bacteria
f3002846-0c45-4e88-8208-a59f933c7ce5	80866	1.0	confident	Delftia acidovorans	Bacteria
2d367a91-bb9a-46ef-bb4a-4300b1bdca19	80866	1.0	confident	Delftia acidovorans	Bacteria
42ff3eef-8e64-477d-92da-76428f29fc94	80866	1.0	confident	Delftia acidovorans	Bacteria
bda8558c-5332-4427-9307-8ba0128eafe9	80866	1.0	confident	Delftia acidovorans	Bacteria
60ee25d8-5904-4eea-b87e-cec4314a89ad	80866	1.0	confident	Delftia acidovorans	Bacteria
a96fb9fc-567d-412f-b2af-cc6f2d581d12	80866	1.0	confident	Delftia acidovorans	Bacteria
9707d060-cfb1-4607-ad13-b56478832586	80866	1.0	confident	Delftia acidovorans	Bacteria
7186ba0d-a5e2-4aba-8b50-7495bd0cb8e0	80866	1.0	confident	Delftia acidovorans	Bacteria
13a75aa2-b5f4-4fd8-a377-8625312e7dee	80866	1.0	confident	Delftia acidovorans	Bacteria
210894aa-59ad-4c67-bd5e-2273a984177c	80866	1.0	confident	Delftia acidovorans	Bacteria
a21dee8a-2858-40db-8a07-aeb91a1fb3ff	80866	1.0	confident	Delftia acidovorans	Bacteria
84fe3d52-048b-46ca-90c3-a5e4e077e661	80866	1.0	confident	Delftia acidovorans	Bacteria
bd5a9af8-75ec-46e0-baf8-9205e22f7ae6	80866	1.0	confident	Delftia acidovorans	Bacteria
e224661e-3eb1-4bf9-8b34-228944c91894	80866	1.0	confident	Delftia acidovorans	Bacteria
941e6091-1bb8-40ce-8156-3d9d813ecb5f	80866	1.0	confident	Delftia acidovorans	Bacteria
fc3d83ea-9aa9-42d9-b20b-3a0809eb5018	80866	1.0	confident	Delftia acidovorans	Bacteria
ed19793f-0638-448e-98a1-2c436a7fc801	80866	1.0	confident	Delftia acidovorans	Bacteria
854088d4-47c9-4aed-bd26-6d052d824d53	80866	1.0	confident	Delftia acidovorans	Bacteria
63d378ec-bf92-4421-9168-d8de18657df6	80866	1.0	confident	Delftia acidovorans	Bacteria
151c24b1-3931-4f38-841d-e444acedee81	80866	1.0	confident	Delftia acidovorans	Bacteria
279507db-e2e6-406b-b7b4-3c448c542d8c	80866	1.0	confident	Delftia acidovorans	Bacteria
a432d56b-f2c3-44a2-a6a8-9d4c79cc865a	80866	1.0	confident	Delftia acidovorans	Bacteria
14858cee-e443-4df0-81c0-ed27bb636d8c	80866	1.0	confident	Delftia acidovorans	Bacteria
2b049a48-ae2b-43db-a86f-b20a1313963b	80866	1.0	confident	Delftia acidovorans	Bacteria
1f3e743d-cecc-4cbd-8106-e8c655f96b06	80866	1.0	confident	Delftia acidovorans	Bacteria
063e0097-bf20-4d9e-8ef8-e5b89db16181	80866	1.0	confident	Delftia acidovorans	Bacteria
82cb7e8f-1479-4f2a-9daf-cd4e8e0bce14	80866	1.0	confident	Delftia acidovorans	Bacteria
0037b50c-4c33-44c3-84fe-5a272d705c3b	80866	1.0	confident	Delftia acidovorans	Bacteria
90c718ef-fed6-4dee-b652-f413c5fd16e2	80866	1.0	confident	Delftia acidovorans	Bacteria
db54a141-91a1-4324-aca3-b951efc02bf0	80866	1.0	confident	Delftia acidovorans	Bacteria
d5b1ff12-9c79-4f6e-8c1f-f94c7119a175	80866	1.0	confident	Delftia acidovorans	Bacteria
0c7f4236-cd13-4495-a514-edb7bb074a10	80866	1.0	confident	Delftia acidovorans	Bacteria
b222488b-6e83-4633-b5de-afad1c9f5c86	80866	1.0	confident	Delftia acidovorans	Bacteria
e0eea460-6713-4fd0-a93e-a354d50f984b	80866	1.0	confident	Delftia acidovorans	Bacteria
193f7e72-7e94-4788-9003-629673b2e880	80866	1.0	confident	Delftia acidovorans	Bacteria
1c27968c-b0bf-483e-8476-a7d459e3f633	80866	1.0	confident	Delftia acidovorans	Bacteria
eb2af6ce-3246-481f-84d2-db26a1445552	80866	1.0	confident	Delftia acidovorans	Bacteria
c945da6d-7d52-46c9-a28c-a669f1e5d647	80866	1.0	confident	Delftia acidovorans	Bacteria
c28c078b-ae15-4c59-927c-79d420a9e584	80866	1.0	confident	Delftia acidovorans	Bacteria
7be521a4-88d3-41a5-bbef-7dcf42c88f1f	80866	1.0	confident	Delftia acidovorans	Bacteria
13f5227a-63d2-4736-aeea-0020de66af5f	80866	1.0	confident	Delftia acidovorans	Bacteria
c8657598-7bc3-44a5-8fe2-19bfe641e1d3	80866	1.0	confident	Delftia acidovorans	Bacteria
c00d370e-499e-4ef3-bcd6-0fb962415c5d	80866	1.0	confident	Delftia acidovorans	Bacteria
3854aac2-a8bc-4f54-9f8e-24402b698687	80866	1.0	confident	Delftia acidovorans	Bacteria
9daaafa9-820a-4919-8aca-b4d631bd5661	80866	1.0	confident	Delftia acidovorans	Bacteria
d8068da9-49a0-48e3-ac39-4c3e285a9f6e	80866	1.0	confident	Delftia acidovorans	Bacteria
ddd085a5-eae0-4841-a456-724f81776807	80866	1.0	confident	Delftia acidovorans	Bacteria
8976311b-c813-4b70-be70-8b940b1a5dc2	80866	1.0	confident	Delftia acidovorans	Bacteria
cc873298-478e-452c-88bc-66214987234b	80866	1.0	confident	Delftia acidovorans	Bacteria
391d420b-d9c6-4c76-b40c-27f905658804	80866	1.0	confident	Delftia acidovorans	Bacteria
d23e40ac-d262-4db9-a0b3-2a8b9bdae5c2	80866	1.0	confident	Delftia acidovorans	Bacteria
5a4867d2-e107-454c-a5db-025fdc879588	80866	1.0	confident	Delftia acidovorans	Bacteria
b094f37f-3685-4e36-9969-b8ad70b0157b	80866	1.0	confident	Delftia acidovorans	Bacteria
8c296a52-3ab2-4c6c-ac27-74d453915266	80866	1.0	confident	Delftia acidovorans	Bacteria
f4affeb0-b924-4df8-a4b4-56041c720642	80866	1.0	confident	Delftia acidovorans	Bacteria
a2b9c5c6-e0a9-497d-b938-f4ada0327cdc	80866	1.0	confident	Delftia acidovorans	Bacteria
501d6d22-97a2-4d19-9ab2-312e9fef0b88	80866	1.0	confident	Delftia acidovorans	Bacteria
18dd4074-8be9-42ee-b126-22e22e013d2c	80866	1.0	confident	Delftia acidovorans	Bacteria
5f634630-4c31-4b1a-a0a2-8998a9d9f517	80866	1.0	confident	Delftia acidovorans	Bacteria
b1625b1a-c87f-4abd-abcb-51d73089bcbe	80866	1.0	confident	Delftia acidovorans	Bacteria
e4493818-8741-4c48-af5b-9323b637299e	80866	1.0	confident	Delftia acidovorans	Bacteria
ad415339-cb57-4b7c-a8fe-40b262a45d54	80866	1.0	confident	Delftia acidovorans	Bacteria
aa452c82-5d66-4577-b6c2-dd023372cc9b	80866	1.0	confident	Delftia acidovorans	Bacteria
8cbd6a39-8b21-4eb6-b1b3-850b689ebf3d	80866	1.0	confident	Delftia acidovorans	Bacteria
2d9b4411-1262-492c-92cf-bca4f9f18256	80866	1.0	confident	Delftia acidovorans	Bacteria
fb667222-7a5a-4f10-b7a3-fa6d43ae3ffb	80866	1.0	confident	Delftia acidovorans	Bacteria
53fa851a-320b-4f08-aee1-be545e2100fb	80866	1.0	confident	Delftia acidovorans	Bacteria
b97f4cd2-0eab-4f59-8d1f-f056d9a8b5e5	80866	1.0	confident	Delftia acidovorans	Bacteria
a774c280-9927-408f-bfe1-1180ad1bc7b6	80866	1.0	confident	Delftia acidovorans	Bacteria
595a60e5-b58c-48ea-8c2e-eb455cecef3d	80866	1.0	confident	Delftia acidovorans	Bacteria
87dc5562-a0a4-4ed2-b8a7-245b01222f30	80866	1.0	confident	Delftia acidovorans	Bacteria
3ef5f731-20e0-4454-9d68-e98c389c7b32	80866	1.0	confident	Delftia acidovorans	Bacteria
74945ca8-fd10-43c2-bfd5-641b2967ff1a	80866	1.0	confident	Delftia acidovorans	Bacteria
ca458690-884c-482c-8e46-27ce981dcb99	80866	1.0	confident	Delftia acidovorans	Bacteria
f0e17849-0e5e-4b4e-b440-b0c315e66ea3	80866	1.0	confident	Delftia acidovorans	Bacteria
c56a5fd2-a600-4a22-893d-21e3f8fe70df	80866	1.0	confident	Delftia acidovorans	Bacteria
fe2d9ae0-f07d-4179-8478-1d466d216882	80866	1.0	confident	Delftia acidovorans	Bacteria
9a1dfce3-1783-4f52-a3f5-0a7da07d76d9	80866	1.0	confident	Delftia acidovorans	Bacteria
4a0b0eca-e03a-4e08-a739-db85f7c74e23	80866	1.0	confident	Delftia acidovorans	Bacteria
ae232cc7-cf2e-4d17-8b04-874b5245d4e8	80866	1.0	confident	Delftia acidovorans	Bacteria
e58d2c72-a86f-4988-9d89-e20c8bfd6631	80866	1.0	confident	Delftia acidovorans	Bacteria
28a00f36-b1a6-4c2a-9bb7-9a79aa9bdfc1	80866	1.0	confident	Delftia acidovorans	Bacteria
9208ed75-7323-4c21-8cd5-dd110314c2af	80866	1.0	confident	Delftia acidovorans	Bacteria
8df9d702-3b37-4b4d-bc5e-ffb8ea6ec480	80866	1.0	confident	Delftia acidovorans	Bacteria
89a57391-39af-4f01-8832-54c668d156ea	80866	1.0	confident	Delftia acidovorans	Bacteria
54ab5101-da9c-42bd-89c0-68f639a1f0ea	80866	1.0	confident	Delftia acidovorans	Bacteria
21fa7743-4bf6-4eb1-802a-4a55993bf678	80866	1.0	confident	Delftia acidovorans	Bacteria
51f5f6ba-7cc5-4199-87c7-0131d55eb9b1	80866	1.0	confident	Delftia acidovorans	Bacteria
093d63a6-9f5b-464c-9404-4dca560acfad	80866	1.0	confident	Delftia acidovorans	Bacteria
baadfea2-2c4f-4efa-abdf-cd203dfab3af	80866	1.0	confident	Delftia acidovorans	Bacteria
54aea2c7-5c72-4bf1-9734-75a42f984851	80866	1.0	confident	Delftia acidovorans	Bacteria
f21a330d-77fe-4b25-8bcb-b7a969ce15a5	80866	1.0	confident	Delftia acidovorans	Bacteria
b093e600-f0be-4066-ac97-19dff6137b48	80866	1.0	confident	Delftia acidovorans	Bacteria
24d29af8-93ac-4d59-ab7e-d5f06898466b	80866	1.0	confident	Delftia acidovorans	Bacteria
7560b1ff-7dd6-4ba1-84a4-a8da85d9f283	80866	1.0	confident	Delftia acidovorans	Bacteria
8e2776dc-6ae4-42fa-8851-9c755dd4442e	80866	1.0	confident	Delftia acidovorans	Bacteria
27be9a4e-25b8-4f6f-82f3-435b60c2d3b1	80866	1.0	confident	Delftia acidovorans	Bacteria
dc871805-ad2a-48f2-a45c-2f0d97b7c4a0	80866	1.0	confident	Delftia acidovorans	Bacteria
da10d5b6-4dad-458c-8331-727346c0d8d6	80866	1.0	confident	Delftia acidovorans	Bacteria
515c75b2-a558-40d4-9c96-60b9af880f41	80866	1.0	confident	Delftia acidovorans	Bacteria
23c24951-35aa-4d7b-9fcc-8980d63361b8	80866	1.0	confident	Delftia acidovorans	Bacteria
5cd8099e-f21b-4bd6-92dd-704e793403ed	80866	1.0	confident	Delftia acidovorans	Bacteria
d669eb5d-2193-484c-b281-654974a099a1	80866	1.0	confident	Delftia acidovorans	Bacteria
f325df06-f5ea-450a-aec5-f9758ecca957	80866	1.0	confident	Delftia acidovorans	Bacteria
af9d9e05-9f63-4211-babd-eb24f0d6354b	73012	1.0	confident	Haliangium_sp.	Bacteria
2bcca24d-1214-4e6f-8728-c3d813b4bc84	73012	1.0	confident	Haliangium_sp.	Bacteria
c54feabd-3291-4354-841d-e028ce1ed588	73012	1.0	confident	Haliangium_sp.	Bacteria
7dffbfc3-d2cc-4203-9404-994327feb5b8	73012	1.0	confident	Haliangium_sp.	Bacteria
0e648808-15b4-4837-bbfc-23685cde2ef4	73012	1.0	confident	Haliangium_sp.	Bacteria
87a77c71-42c9-4e2c-93f8-a20daf49f5a2	73012	1.0	confident	Haliangium_sp.	Bacteria
d23e5480-9a95-4d88-b63a-8aaba8f4d0bd	73012	1.0	confident	Haliangium_sp.	Bacteria
8bfb2bff-0625-4a58-853f-ff59aa69fd3c	73012	1.0	confident	Haliangium_sp.	Bacteria
0633cc00-d37e-44a5-a909-d4e31aa7c8f5	73012	1.0	confident	Haliangium_sp.	Bacteria
234ae90d-3846-427d-9931-c4972dcb4405	73012	1.0	confident	Haliangium_sp.	Bacteria
e5a79032-ea1c-4a97-8e0c-a11e7955210e	73012	1.0	confident	Haliangium_sp.	Bacteria
e71f6c62-609e-42d0-8bae-7cd71e15e900	73012	1.0	confident	Haliangium_sp.	Bacteria
973ca417-347b-47de-9f7e-b63f5a3feba5	73012	1.0	confident	Haliangium_sp.	Bacteria
9fc55de8-677a-45dc-8729-68f432d77f28	73012	1.0	confident	Haliangium_sp.	Bacteria
6e0004c0-cae0-4300-81a1-14d3ac89e618	73012	1.0	confident	Haliangium_sp.	Bacteria
945fd997-fcb9-453c-9566-bd47080a9c40	73012	1.0	confident	Haliangium_sp.	Bacteria
ad2ec64e-37d2-4ef3-ba1e-78190216011d	73012	1.0	confident	Haliangium_sp.	Bacteria
7176ba91-a26e-4c04-9579-53c5158ec1fd	73012	1.0	confident	Haliangium_sp.	Bacteria
0ec2181b-80e6-462d-9ded-587495a1563f	73012	1.0	confident	Haliangium_sp.	Bacteria
c27601f9-55f9-4661-a3d2-28c26b32a550	73012	1.0	confident	Haliangium_sp.	Bacteria
290bbff3-1204-4914-b778-52f2e061635f	73012	1.0	confident	Haliangium_sp.	Bacteria
01ef2a92-585a-4a54-8e35-9be4b215cf3d	73012	1.0	confident	Haliangium_sp.	Bacteria
15b20325-9a58-433f-accd-7c09858768d5	73012	1.0	confident	Haliangium_sp.	Bacteria
c3e65747-75de-442a-972d-e132f3d78dc8	73012	1.0	confident	Haliangium_sp.	Bacteria
32d48fef-8cd5-409b-95e4-d3360fefa47a	73012	1.0	confident	Haliangium_sp.	Bacteria
b7f96353-ff95-4b61-b3a7-32726fb32f27	73012	1.0	confident	Haliangium_sp.	Bacteria
df4250fa-7fdc-4d94-8d45-a236da0c1f7d	73012	1.0	confident	Haliangium_sp.	Bacteria
857097e5-3700-4e7d-bd1b-1212e09ab654	73012	1.0	confident	Haliangium_sp.	Bacteria
f6fc65ab-57d5-4e43-a013-fa0d3f8cc1f8	73012	1.0	confident	Haliangium_sp.	Bacteria
a890869e-4460-4d1c-8f0d-c1978565bce7	73012	1.0	confident	Haliangium_sp.	Bacteria
b7901ef7-769e-487a-a175-33b51341030c	73012	1.0	confident	Haliangium_sp.	Bacteria
1c1ba2a2-c9d1-4476-a2f5-e0e90bac98f2	73012	1.0	confident	Haliangium_sp.	Bacteria
fb6783fa-3f25-4355-89c1-2ba138bd103d	73012	1.0	confident	Haliangium_sp.	Bacteria
befd6d04-a569-4adf-8b39-6a85d15c7d1b	73012	1.0	confident	Haliangium_sp.	Bacteria
d4755f9c-b962-4e81-81b5-d428a967debe	73012	1.0	confident	Haliangium_sp.	Bacteria
7bc9228d-8ada-4e03-a85f-0887cef25f6a	73012	1.0	confident	Haliangium_sp.	Bacteria
493d48d5-72c1-4a62-9b55-3d83e1b358ce	73012	1.0	confident	Haliangium_sp.	Bacteria
0e00ef87-6de5-46a6-83bb-9d74dc7c6086	73012	1.0	confident	Haliangium_sp.	Bacteria
19b95085-d199-4b98-bc1b-65ef50f716b9	73012	1.0	confident	Haliangium_sp.	Bacteria
f3d3386a-2171-43f0-9215-cbebe74bad14	73012	1.0	confident	Haliangium_sp.	Bacteria
aebeb631-6da9-44e1-93ad-0144be28919e	73012	1.0	confident	Haliangium_sp.	Bacteria
49b035b0-39d5-4b35-aeb1-f84455a92e07	73012	1.0	confident	Haliangium_sp.	Bacteria
c5829493-9192-4ee9-96f5-591f6262c3f3	73012	1.0	confident	Haliangium_sp.	Bacteria
29ac9d1f-0838-4f69-b8a6-443a654cb1e5	73012	1.0	confident	Haliangium_sp.	Bacteria
7cda31b1-9ba4-41a9-8708-effe709c104b	73012	1.0	confident	Haliangium_sp.	Bacteria
20d8f4a3-47b8-42a8-9cf6-54696ab30be0	73012	1.0	confident	Haliangium_sp.	Bacteria
8d81c6c6-f115-4287-b898-e040f4de50f3	73012	1.0	confident	Haliangium_sp.	Bacteria
52965620-7f83-4acc-9d2d-6bca493e3526	73012	1.0	confident	Haliangium_sp.	Bacteria
8eb97926-2404-49cf-adb1-7ff42b74b66f	73012	1.0	confident	Haliangium_sp.	Bacteria
285b9877-a25c-4a4b-b6eb-0b96c472cafb	73012	1.0	confident	Haliangium_sp.	Bacteria
11fa322a-8e78-4f5e-a948-e45e34abeea8	73012	1.0	confident	Haliangium_sp.	Bacteria
fd365c5c-f808-4cac-a2e4-ea22424315c2	73012	1.0	confident	Haliangium_sp.	Bacteria
502085d9-a338-4af4-9047-c8d10522e798	73012	1.0	confident	Haliangium_sp.	Bacteria
0337e511-5e81-4e3a-b454-f95092b366b9	73012	1.0	confident	Haliangium_sp.	Bacteria
83bc23c3-4bd7-47e0-8b68-a33b3bca49a6	73012	1.0	confident	Haliangium_sp.	Bacteria
50ad70e6-5688-4d40-9b8a-2a1b84f32c5b	73012	1.0	confident	Haliangium_sp.	Bacteria
6decf52d-5c80-4ff0-83f3-f370543e164a	73012	1.0	confident	Haliangium_sp.	Bacteria
65c8764a-794d-4b28-8876-67ddba4fd06c	73012	1.0	confident	Haliangium_sp.	Bacteria
8e9962ba-829e-4e87-be1f-f1ba1e1902a0	73012	1.0	confident	Haliangium_sp.	Bacteria
1e41a517-9355-42b6-ae22-248a1ba19c97	73012	1.0	confident	Haliangium_sp.	Bacteria
cfa176bd-f69e-4c47-92a3-351283bf345e	73012	1.0	confident	Haliangium_sp.	Bacteria
679a59c4-c08a-49e6-af9e-fcc118f01386	73012	1.0	confident	Haliangium_sp.	Bacteria
2bb8495b-2606-4a3e-aeed-9d652b3cc82c	73012	1.0	confident	Haliangium_sp.	Bacteria
90ed8a0f-0ece-481d-bdf8-371b88257681	73012	1.0	confident	Haliangium_sp.	Bacteria
2cc33a17-f32d-46d6-b727-a62ec4bbcf84	73012	1.0	confident	Haliangium_sp.	Bacteria
ba0ce9b8-4bc8-4779-aeae-3f0900d7bd27	73012	1.0	confident	Haliangium_sp.	Bacteria
94942a29-d1a0-42dc-a5b7-da8b95149a7a	73012	1.0	confident	Haliangium_sp.	Bacteria
6a132f79-db93-4e3a-b982-32cbf9b1ee25	73012	1.0	confident	Haliangium_sp.	Bacteria
7ad33e93-5d7f-4976-bbf3-cd0cf8b2304b	73012	1.0	confident	Haliangium_sp.	Bacteria
ba6f1ae7-460a-424c-b901-46e1cbc62540	73012	1.0	confident	Haliangium_sp.	Bacteria
c281f774-deac-4cc3-9f76-296ca68c0b47	73012	1.0	confident	Haliangium_sp.	Bacteria
a8fab91d-7125-4553-bbda-018d1bab54c3	73012	1.0	confident	Haliangium_sp.	Bacteria
37016f72-bb75-44c6-8aff-814124877e3e	73012	1.0	confident	Haliangium_sp.	Bacteria
7a723ab4-37b9-4f04-9787-b569558e145e	73012	1.0	confident	Haliangium_sp.	Bacteria
7359b52e-7f28-42f7-a2c3-a13773685806	73012	1.0	confident	Haliangium_sp.	Bacteria
e9739548-6fa6-4825-be2d-a1dee8147963	73012	1.0	confident	Haliangium_sp.	Bacteria
960a77f9-dc9d-4771-ae85-c5544054711a	73012	1.0	confident	Haliangium_sp.	Bacteria
bf926521-13ec-445a-b3a6-15f0b504f4fe	73012	1.0	confident	Haliangium_sp.	Bacteria
aaa7e8be-377c-49d2-b87f-3a9df5b7edf1	73012	1.0	confident	Haliangium_sp.	Bacteria
ce7fd6bd-5afe-4d02-86cd-d531e0486875	73012	1.0	confident	Haliangium_sp.	Bacteria
c8419977-0bcb-40ee-93a5-fee8d1dd3ef6	73012	1.0	confident	Haliangium_sp.	Bacteria
a973e135-0d3d-4e98-9438-d2fe54f0a4c9	73012	1.0	confident	Haliangium_sp.	Bacteria
622b412f-98c8-46f8-bb28-fdecf5e62ab0	73012	1.0	confident	Haliangium_sp.	Bacteria
26352d94-51ea-4dd7-8711-3f3f98614bd8	73012	1.0	confident	Haliangium_sp.	Bacteria
4a6efe31-411f-4802-8c94-f71240120375	73012	1.0	confident	Haliangium_sp.	Bacteria
f2c846ea-f54e-4e42-81be-1f46986cf979	73012	1.0	confident	Haliangium_sp.	Bacteria
5e9818cc-d445-439c-9240-bd1ed3ff90c6	73012	1.0	confident	Haliangium_sp.	Bacteria
acfa225a-97b4-4f0c-ab62-262c9816e14d	73012	1.0	confident	Haliangium_sp.	Bacteria
a740d126-b089-498f-a19c-4465b191395f	73012	1.0	confident	Haliangium_sp.	Bacteria
ba3a8146-3421-4ab4-abbf-26083edce967	73012	1.0	confident	Haliangium_sp.	Bacteria
3b178214-faae-4208-8c73-e3da126d679a	73012	1.0	confident	Haliangium_sp.	Bacteria
6bb14132-a911-4434-af85-03fc9326896b	73012	1.0	confident	Haliangium_sp.	Bacteria
17cbd32a-9360-49c2-a610-c384af41ebb6	73012	1.0	confident	Haliangium_sp.	Bacteria
ed517cf7-49c7-4fd0-bb84-710771abfd96	73012	1.0	confident	Haliangium_sp.	Bacteria
eea7d7bb-7073-4455-a6be-8f17f924f029	73012	1.0	confident	Haliangium_sp.	Bacteria
2c0d2772-eaf5-4fc8-8c9d-b233417c4c48	73012	1.0	confident	Haliangium_sp.	Bacteria
dbe5dabc-0335-458b-8863-c1aea85bd29d	73012	1.0	confident	Haliangium_sp.	Bacteria
f6cdbfd1-7d6d-4073-983d-56691fe51405	73012	1.0	confident	Haliangium_sp.	Bacteria
5bb18400-5044-40ab-9da3-659527367c15	73012	1.0	confident	Haliangium_sp.	Bacteria
435ec0ec-6243-4e2c-abfb-bebf71da3af3	73012	1.0	confident	Haliangium_sp.	Bacteria
2c7141b7-1c69-4e78-9996-cbaaa2b7450b	73012	1.0	confident	Haliangium_sp.	Bacteria
7898fe9e-1b4c-435f-97b3-f8ef4c380e29	73012	1.0	confident	Haliangium_sp.	Bacteria
ce46c51c-a54e-4551-90f0-dea8752962c0	73012	1.0	confident	Haliangium_sp.	Bacteria
e29e58df-1de0-45bd-b29e-4a21fc827310	73012	1.0	confident	Haliangium_sp.	Bacteria
525c26e1-a310-429e-8890-4977a42ad9c2	73012	1.0	confident	Haliangium_sp.	Bacteria
f0793275-cae5-44f2-ae6b-6c28485140e8	73012	1.0	confident	Haliangium_sp.	Bacteria
7be03f32-730b-4b9e-bdf2-1b325af500dc	73012	1.0	confident	Haliangium_sp.	Bacteria
619112d3-6565-4aa5-bcfe-22172e1b32ac	73012	1.0	confident	Haliangium_sp.	Bacteria
521f43f9-039a-4e59-88e7-c8ee588af21e	73012	1.0	confident	Haliangium_sp.	Bacteria
79f2dec7-6f32-485e-8cfc-26a8d1cbb5c1	73012	1.0	confident	Haliangium_sp.	Bacteria
29d9cda2-0684-447e-a2fb-f0661f5b9421	73012	1.0	confident	Haliangium_sp.	Bacteria
06f92b8d-ee6e-4c70-8329-d8f7ac47421d	73012	1.0	confident	Haliangium_sp.	Bacteria
368b0c27-afe7-4819-a8b4-2d40bb28ba59	73012	1.0	confident	Haliangium_sp.	Bacteria
8dd8f0a3-6ef1-40e9-8abc-8b667c557359	73012	1.0	confident	Haliangium_sp.	Bacteria
e8d62430-c1d6-4587-b929-a12568fa9d0e	73012	1.0	confident	Haliangium_sp.	Bacteria
9f20b2e8-048a-4de9-a173-863b93819dee	73012	1.0	confident	Haliangium_sp.	Bacteria
7ab8c6b7-343c-44a7-bfd6-c57d995c66cd	73012	1.0	confident	Haliangium_sp.	Bacteria
634ff7d1-ebd0-4b16-b7b6-88834cb616b0	73012	1.0	confident	Haliangium_sp.	Bacteria
9172997c-3079-4d38-b0f4-b543108dda33	73012	1.0	confident	Haliangium_sp.	Bacteria
7d7f41c0-1ff0-4d95-a463-c1d0953a3efe	73012	1.0	confident	Haliangium_sp.	Bacteria
170b6dcb-bb31-4f6d-9ce4-5d1427715a22	73012	1.0	confident	Haliangium_sp.	Bacteria
2d37a9f5-b3f4-4d7f-93ac-389b0c2db77c	73012	1.0	confident	Haliangium_sp.	Bacteria
6b22255d-1200-4ff0-b34d-d7d1baf1dd69	73012	1.0	confident	Haliangium_sp.	Bacteria
300c2313-fa6e-4a18-94b6-a2c2e4eac78d	73012	1.0	confident	Haliangium_sp.	Bacteria
7247f5d8-fe09-4572-815b-50d8396a5cbf	73012	1.0	confident	Haliangium_sp.	Bacteria
def131f1-7663-4d6b-ac7c-b0ae7fdda07f	73012	1.0	confident	Haliangium_sp.	Bacteria
2934c0cd-05bf-4ec3-82de-dc15d2315ca1	73012	1.0	confident	Haliangium_sp.	Bacteria
3b32d6a4-efb6-4827-9bad-28ce24fc5d9a	73012	1.0	confident	Haliangium_sp.	Bacteria
ae17c0c7-1210-4556-b73c-33e001fef003	73012	1.0	confident	Haliangium_sp.	Bacteria
433bc6ae-14af-4280-9f05-1d04127fe2a3	73012	1.0	confident	Haliangium_sp.	Bacteria
5f073881-6df1-4e2e-8a8b-c6620f34b5b3	73012	1.0	confident	Haliangium_sp.	Bacteria
dad4550f-5634-441c-9d97-f48c3236ff56	73012	1.0	confident	Haliangium_sp.	Bacteria
55e662d8-c2be-4524-9014-0abc62041b08	73012	1.0	confident	Haliangium_sp.	Bacteria
83354ad7-4852-4974-bd34-0f913377bf68	73012	1.0	confident	Haliangium_sp.	Bacteria
339f88ba-7c59-44b3-ab38-974c13e155c6	73012	1.0	confident	Haliangium_sp.	Bacteria
626a5047-84c0-4b61-a712-e3e9045ba80a	73012	1.0	confident	Haliangium_sp.	Bacteria
aca559ba-f0c0-46b6-9b61-cd2e004df7f7	73012	1.0	confident	Haliangium_sp.	Bacteria
1abd908c-3be2-46e2-9793-02f5cd8a646a	73012	1.0	confident	Haliangium_sp.	Bacteria
ea80a43a-decd-411a-afe0-5820ec1211ff	73012	1.0	confident	Haliangium_sp.	Bacteria
e85ca7a0-ba35-4200-9aa9-5aae80f83340	73012	1.0	confident	Haliangium_sp.	Bacteria
0dedcac9-9e8f-4156-98cb-742805218aa8	73012	1.0	confident	Haliangium_sp.	Bacteria
429650a0-1f53-4d16-b5eb-0e8e1618116a	73012	1.0	confident	Haliangium_sp.	Bacteria
ad76b745-843f-4f79-87ed-73e73f2e5a3b	73012	1.0	confident	Haliangium_sp.	Bacteria
018a4397-16e6-4551-a281-c07f7bc161f8	73012	1.0	confident	Haliangium_sp.	Bacteria
a6121f3b-13d9-417c-a7af-03071a09a6a8	73012	1.0	confident	Haliangium_sp.	Bacteria
0e8e96c9-3b72-47fd-a0da-9d79a2c6498e	73012	1.0	confident	Haliangium_sp.	Bacteria
bfbb3131-62bc-41ed-834e-21cfe1d89069	73012	1.0	confident	Haliangium_sp.	Bacteria
d04af5d2-e700-48f1-9c03-05fe5c4e2a98	73012	1.0	confident	Haliangium_sp.	Bacteria
fc5efa5f-d334-4a84-ae4f-adee3095b613	73012	1.0	confident	Haliangium_sp.	Bacteria
cdbeefe9-083b-4d8c-b641-96cfb6dd813c	73012	1.0	confident	Haliangium_sp.	Bacteria
1d0c8edb-240c-49c8-8397-941a6f0f2655	73012	1.0	confident	Haliangium_sp.	Bacteria
f5f391eb-db5d-4470-b745-df55a78f40eb	73012	1.0	confident	Haliangium_sp.	Bacteria
b08fade7-99c0-41a4-ab16-976332189182	73012	1.0	confident	Haliangium_sp.	Bacteria
34b11c2b-e041-4e1b-aa56-543c1bf6d500	73012	1.0	confident	Haliangium_sp.	Bacteria
e788ed98-3792-4d73-be4a-15ce9fdcc867	73012	1.0	confident	Haliangium_sp.	Bacteria
05dcf852-b859-42bb-ab5a-903220664e90	73012	1.0	confident	Haliangium_sp.	Bacteria
b1280769-3ad0-4ab2-8c0f-e66472d820e8	73012	1.0	confident	Haliangium_sp.	Bacteria
59cb64c8-6eec-477a-bfbf-67672b376c55	73012	1.0	confident	Haliangium_sp.	Bacteria
7527aca0-2f1d-4483-a75f-ff41220a3315	73012	1.0	confident	Haliangium_sp.	Bacteria
078c1e3b-4266-4822-adfd-94ad4ca5b99f	73012	1.0	confident	Haliangium_sp.	Bacteria
9bbe33f6-2270-4e11-a1be-e1e4171d5804	73012	1.0	confident	Haliangium_sp.	Bacteria
48122a95-5cae-40fb-9b39-2c3e32f5b3d1	73012	1.0	confident	Haliangium_sp.	Bacteria
a6e97e79-e6c8-4803-8da6-9e036fd48b29	73012	1.0	confident	Haliangium_sp.	Bacteria
538f62b8-fd29-41c0-bca9-8c08a913ef91	73012	1.0	confident	Haliangium_sp.	Bacteria
d9854a62-4b4b-4858-b4b9-6cb62f6eeb8e	73012	1.0	confident	Haliangium_sp.	Bacteria
6875726a-f404-441c-9559-67fb59a50135	73012	1.0	confident	Haliangium_sp.	Bacteria
35f39eb3-d7cd-487b-b84b-80889938ddee	73012	1.0	confident	Haliangium_sp.	Bacteria
42bf7419-0263-4a4a-8d7f-fe02403d47d2	73012	1.0	confident	Haliangium_sp.	Bacteria
b8022018-d682-4e56-b120-14915000f610	73012	1.0	confident	Haliangium_sp.	Bacteria
392e3393-3261-4d04-975f-14253fbd2887	73012	1.0	confident	Haliangium_sp.	Bacteria
62edfd29-a401-4398-9868-4d64549e9226	73012	1.0	confident	Haliangium_sp.	Bacteria
0825a64b-18ee-418d-8968-a02254809412	73012	1.0	confident	Haliangium_sp.	Bacteria
12d204dc-d75e-400a-a9f2-beb099f7494d	73012	1.0	confident	Haliangium_sp.	Bacteria
7171502e-ce53-4951-a542-1471dfea8acd	73012	1.0	confident	Haliangium_sp.	Bacteria
e585f2e9-3068-4900-9cf1-e8158ebef267	73012	1.0	confident	Haliangium_sp.	Bacteria
5ec8a440-cd06-4d62-8c3b-be5a0ccc4366	73012	1.0	confident	Haliangium_sp.	Bacteria
6976d936-cb47-4aac-a7e8-e0c838bba25f	73012	1.0	confident	Haliangium_sp.	Bacteria
b699de28-e705-4c4f-b447-5456e7d14591	73012	1.0	confident	Haliangium_sp.	Bacteria
a16cd01b-ddaf-4013-9d10-b51687dc2ad5	73012	1.0	confident	Haliangium_sp.	Bacteria
c5f334e8-73fd-4a11-a524-f3e7e4dcdabb	73012	1.0	confident	Haliangium_sp.	Bacteria
0f02e472-e633-4730-96e4-a2d11b42c373	73012	1.0	confident	Haliangium_sp.	Bacteria
cfb405df-f0dd-4acf-923c-e8c2bfebd8ff	73012	1.0	confident	Haliangium_sp.	Bacteria
69a5ecdd-60a1-450c-bdef-43e09eeab8f0	73012	1.0	confident	Haliangium_sp.	Bacteria
c40627fd-1c3e-4b7f-bf0a-a93c007d2895	73012	1.0	confident	Haliangium_sp.	Bacteria
94488e41-3231-49cc-909e-28c88f5d87ad	73012	1.0	confident	Haliangium_sp.	Bacteria
5b58dba4-10ab-4e22-922e-2bbc61fa0176	73012	1.0	confident	Haliangium_sp.	Bacteria
8cd648d9-d067-4660-bae1-bf90eb3c691d	73012	1.0	confident	Haliangium_sp.	Bacteria
31cd6661-998b-4600-9e3d-58721e4c1b44	73012	1.0	confident	Haliangium_sp.	Bacteria
2c497cf0-fa51-4aaa-b3ec-e4e422d08ae8	73012	1.0	confident	Haliangium_sp.	Bacteria
4215e099-913e-4db9-bfe6-06bd3514a48a	73012	1.0	confident	Haliangium_sp.	Bacteria
d1815b8b-4e1b-47bd-8184-3203dbf40e04	73012	1.0	confident	Haliangium_sp.	Bacteria
9c5095c6-fd72-4eb8-b414-6c2f57e99d2b	73012	1.0	confident	Haliangium_sp.	Bacteria
30e77f34-a16e-4df1-adf1-8d12fd743908	73012	1.0	confident	Haliangium_sp.	Bacteria
f63acb9c-1750-4a09-b64c-84a12142b355	73012	1.0	confident	Haliangium_sp.	Bacteria
e3716cdc-b474-45dd-a012-a73413fdb795	73012	1.0	confident	Haliangium_sp.	Bacteria
4908921b-4d98-42d0-aeff-37dee6942794	73012	1.0	confident	Haliangium_sp.	Bacteria
3d230fc6-e9ab-40bb-a61d-848a8d5f3497	73012	1.0	confident	Haliangium_sp.	Bacteria
977d1bce-84c9-4cc4-a664-e3a615674eb6	73012	1.0	confident	Haliangium_sp.	Bacteria
55c61d11-7ffd-462f-8a74-9078eb5ef380	73012	1.0	confident	Haliangium_sp.	Bacteria
78115736-0442-4edb-9768-e23496de10c3	73012	1.0	confident	Haliangium_sp.	Bacteria
71e5aab8-8246-4b35-b630-35a309ba7771	73012	1.0	confident	Haliangium_sp.	Bacteria
d833e34a-2a25-497e-a49a-816508f5fb49	73012	1.0	confident	Haliangium_sp.	Bacteria
6d2ca981-fbe3-4760-b706-7fc52aed4ec2	73012	1.0	confident	Haliangium_sp.	Bacteria
32dec996-9be3-4832-973d-4c0f79643e82	73012	1.0	confident	Haliangium_sp.	Bacteria
645b1b32-e5e0-46d4-8ddb-741644cabd61	73012	1.0	confident	Haliangium_sp.	Bacteria
edf04b91-c595-4f08-8993-f0b3b6cd4ef6	73012	1.0	confident	Haliangium_sp.	Bacteria
5f2164db-2ffa-4d09-8181-30b39223520b	73012	1.0	confident	Haliangium_sp.	Bacteria
6c7d5ba4-dce6-4ab2-becb-11c9be13052d	73012	1.0	confident	Haliangium_sp.	Bacteria
ff6703df-50fe-462d-96eb-d8aaa18a4802	73012	1.0	confident	Haliangium_sp.	Bacteria
c378b028-e840-490a-9373-8d5f737f1464	73012	1.0	confident	Haliangium_sp.	Bacteria
7dd99fe5-45d0-43c2-8ca4-f7cc155155ef	73012	1.0	confident	Haliangium_sp.	Bacteria
e47bd7d0-e9a7-4f09-8ccf-39c8d14ae20e	73012	1.0	confident	Haliangium_sp.	Bacteria
bcd5a3ec-6ab3-46b0-baa4-9b8def55a784	73012	1.0	confident	Haliangium_sp.	Bacteria
4adddd79-553c-4ea4-be3d-cd73c9327584	73012	1.0	confident	Haliangium_sp.	Bacteria
5cb2b47e-ab0a-4c82-a8cc-f57d8380e63c	73012	1.0	confident	Haliangium_sp.	Bacteria
8189e481-2b3f-4933-8b4f-18de87c1c765	73012	1.0	confident	Haliangium_sp.	Bacteria
6fb441e9-ac0d-478d-a54b-44dfda8860d6	73012	1.0	confident	Haliangium_sp.	Bacteria
e7bdfaec-bd74-4e27-95ac-44372076aa96	73012	1.0	confident	Haliangium_sp.	Bacteria
3954327a-989b-46ab-8816-d987df3c3a72	73012	1.0	confident	Haliangium_sp.	Bacteria
f1c6ab35-91e7-4fed-baa4-3812034cbd0e	73012	1.0	confident	Haliangium_sp.	Bacteria
1eccce9b-cf51-473d-85f5-8bcb1bf1709e	73012	1.0	confident	Haliangium_sp.	Bacteria
9dee9c4e-cd2f-446f-8adb-517b6205657a	73012	1.0	confident	Haliangium_sp.	Bacteria
7081d011-a017-4b34-929c-efec8839b65f	73012	1.0	confident	Haliangium_sp.	Bacteria
2d5be42e-1abd-45f1-b4f1-6e6aebfa0da5	73012	1.0	confident	Haliangium_sp.	Bacteria
015dba73-80a9-4f0a-b715-6814cfc83f64	73012	1.0	confident	Haliangium_sp.	Bacteria
508186ac-f088-492c-a260-74045d2f7beb	73012	1.0	confident	Haliangium_sp.	Bacteria
86bd26f6-601f-4724-aa03-b38042d4d59a	73012	1.0	confident	Haliangium_sp.	Bacteria
9d6ce42d-d98f-439b-b4c4-f7d9aa92c48f	73012	1.0	confident	Haliangium_sp.	Bacteria
37a4f341-2f57-4438-bb49-262a1d86ae6c	73012	1.0	confident	Haliangium_sp.	Bacteria
debe9f03-628b-40df-8508-00474a161169	73012	1.0	confident	Haliangium_sp.	Bacteria
7820f99f-e52d-43fb-8c24-c0426196cc21	73012	1.0	confident	Haliangium_sp.	Bacteria
6de8ad15-0e3f-4c2c-9948-1e4e816b0a83	73012	1.0	confident	Haliangium_sp.	Bacteria
9bebc7d6-df71-488a-bbba-9041c0152d66	73012	1.0	confident	Haliangium_sp.	Bacteria
659cd7f1-8358-482d-bd0a-4b2f116f5f63	73012	1.0	confident	Haliangium_sp.	Bacteria
46dbe02c-c5be-42f4-a9c0-91fe16e96691	73012	1.0	confident	Haliangium_sp.	Bacteria
84c13ad5-2256-4e7d-9d4b-12cb65ea57b4	73012	1.0	confident	Haliangium_sp.	Bacteria
854efdd9-a900-4466-b33b-018c3409ab72	73012	1.0	confident	Haliangium_sp.	Bacteria
03f64e23-86c1-4db2-9493-51bafb76ccb4	73012	1.0	confident	Haliangium_sp.	Bacteria
0bdc097f-aaf0-40a3-8c4a-2d91fa9a20c4	73012	1.0	confident	Haliangium_sp.	Bacteria
d36280e3-136d-4b74-8ec3-55ce109c5661	73012	1.0	confident	Haliangium_sp.	Bacteria
f4807adc-55c4-4038-adb7-c0a229b8479b	73012	1.0	confident	Haliangium_sp.	Bacteria
04ec2c01-0187-4d61-8c45-c80d95ca53b9	73012	1.0	confident	Haliangium_sp.	Bacteria
b6d0d591-8454-48da-ba68-9e7d8081f024	73012	1.0	confident	Haliangium_sp.	Bacteria
7dad0e40-fb9a-4635-89ac-0cb3197981b2	73012	1.0	confident	Haliangium_sp.	Bacteria
2c6cbd72-027a-4522-9b64-356f43430885	73012	1.0	confident	Haliangium_sp.	Bacteria
4efa5317-55be-4614-8121-ecf8e6709167	73012	1.0	confident	Haliangium_sp.	Bacteria
67002cb8-38ca-4457-937b-e82f34e3def1	73012	1.0	confident	Haliangium_sp.	Bacteria
5c2beba5-841f-4827-a5bd-d7a53cf203b6	73012	1.0	confident	Haliangium_sp.	Bacteria
fcb08c66-d362-4883-9865-ac95c1198fcb	73012	1.0	confident	Haliangium_sp.	Bacteria
80fc32c0-8ed3-4746-8d20-dd24c115df40	73012	1.0	confident	Haliangium_sp.	Bacteria
e28e1f77-d7d0-444b-aae6-c6f6bd57fe3c	73012	1.0	confident	Haliangium_sp.	Bacteria
2dd72d60-4110-4b68-a56f-3b9c49d506b6	73012	1.0	confident	Haliangium_sp.	Bacteria
3fa5884f-18b5-4715-bc2f-8fd98b010791	73012	1.0	confident	Haliangium_sp.	Bacteria
22821c14-a56e-4dc0-8fa6-7ef5a8d80246	73012	1.0	confident	Haliangium_sp.	Bacteria
d8d7efbc-f0c9-4535-8875-ab465d0d1b2d	73012	1.0	confident	Haliangium_sp.	Bacteria
596481d9-4105-4512-b7dd-714d3f87c0dc	73012	1.0	confident	Haliangium_sp.	Bacteria
646fdfdf-1b23-4f08-a62b-7d4dc9a2193c	73012	1.0	confident	Haliangium_sp.	Bacteria
37075fef-7654-47b9-921b-7810d331b5c9	73012	1.0	confident	Haliangium_sp.	Bacteria
d84e17b8-cc61-4849-8b66-09b09cb297c2	73012	1.0	confident	Haliangium_sp.	Bacteria
8571179e-1388-45e9-9a96-5f507795f1ef	73012	1.0	confident	Haliangium_sp.	Bacteria
fe683f2a-3340-4457-b594-bcf413c326c9	73012	1.0	confident	Haliangium_sp.	Bacteria
9481d307-0956-4304-b726-cacc63d37052	73012	1.0	confident	Haliangium_sp.	Bacteria
e29998d9-f372-4b62-89fa-7cf9640b22fd	73012	1.0	confident	Haliangium_sp.	Bacteria
a40957d7-39c1-41cd-8713-389f5b0bf288	73012	1.0	confident	Haliangium_sp.	Bacteria
1d17ef91-4792-4c3f-a606-b58913c730a2	73012	1.0	confident	Haliangium_sp.	Bacteria
31a4cb77-4bfd-4527-b431-84b364372ef7	73012	1.0	confident	Haliangium_sp.	Bacteria
a462c429-4e91-4fbb-bcf2-2499114010fe	73012	1.0	confident	Haliangium_sp.	Bacteria
63b99f6b-d201-47bb-8b33-ecfdcf405690	73012	1.0	confident	Haliangium_sp.	Bacteria
b60d3e33-4c21-4ef6-8c95-f24342436925	73012	1.0	confident	Haliangium_sp.	Bacteria
43db7f76-2c84-4522-a371-aa1eb96eba41	73012	1.0	confident	Haliangium_sp.	Bacteria
6b3b17ab-2451-482d-a1ab-b4858000d840	73012	1.0	confident	Haliangium_sp.	Bacteria
77d86473-c1bf-4051-95cb-add16ad638f3	73012	1.0	confident	Haliangium_sp.	Bacteria
4554db54-4541-47a3-b9d1-7d773cbcccf8	73012	1.0	confident	Haliangium_sp.	Bacteria
1b16e911-2daa-429c-a5ff-33c36afdd9da	73012	1.0	confident	Haliangium_sp.	Bacteria
ba3c9c67-5c83-4c8e-b47c-fccf18fca2e4	73012	1.0	confident	Haliangium_sp.	Bacteria
f67c6727-7d67-47e3-812e-6d8c2f4002ee	73012	1.0	confident	Haliangium_sp.	Bacteria
bc427f52-d12a-424c-b957-7f6371a8d3fd	73012	1.0	confident	Haliangium_sp.	Bacteria
69c5099c-2a19-4efc-8ae1-8d76ab6ca2e5	73012	1.0	confident	Haliangium_sp.	Bacteria
874c58db-f79c-4d81-84b1-c8cdd96353b1	73012	1.0	confident	Haliangium_sp.	Bacteria
52a7fee9-8859-46b0-adb0-16bbc27a1f2e	73012	1.0	confident	Haliangium_sp.	Bacteria
4280ad00-30c8-4903-9019-a0885d151449	73012	1.0	confident	Haliangium_sp.	Bacteria
5ac7c1f3-2280-46ba-a863-79ad6ef89ff4	73012	1.0	confident	Haliangium_sp.	Bacteria
e71f3ebc-456e-4d8c-b9f4-3a84f43a3674	73012	1.0	confident	Haliangium_sp.	Bacteria
267a9022-28e6-4bdd-a6e7-c248962906ff	73012	1.0	confident	Haliangium_sp.	Bacteria
58108d1d-37c9-4bc2-a224-e248cbd025f7	73012	1.0	confident	Haliangium_sp.	Bacteria
5b52d29a-a4fa-4b26-9f61-1f4f0561b2b7	73012	1.0	confident	Haliangium_sp.	Bacteria
0807c6b3-284d-4cb8-bf54-a58944aea3fc	73012	1.0	confident	Haliangium_sp.	Bacteria
290a1da2-c837-47fa-bb9d-a481b0512af7	73012	1.0	confident	Haliangium_sp.	Bacteria
f0ee92b4-cda5-4f80-9637-3d2662a6e7a4	73012	1.0	confident	Haliangium_sp.	Bacteria
c3ef6ab0-ff17-401c-864f-d8525d84b5fc	73012	1.0	confident	Haliangium_sp.	Bacteria
33dff13d-1d96-42db-9712-c77d0050dc99	73012	1.0	confident	Haliangium_sp.	Bacteria
04c68449-8eeb-4c17-9d7c-79b16fd4fc32	73012	1.0	confident	Haliangium_sp.	Bacteria
e6550704-f6b2-4aac-bbfa-1b66aef46c43	73012	1.0	confident	Haliangium_sp.	Bacteria
9a6e7e89-b104-4915-a592-c9611f3748ee	73012	1.0	confident	Haliangium_sp.	Bacteria
f2f18587-e007-490f-928c-6e9341c1aa86	73012	1.0	confident	Haliangium_sp.	Bacteria
63f96647-f1f3-4bf0-9d98-fc6340d1b501	73012	1.0	confident	Haliangium_sp.	Bacteria
bcf66f31-b9a6-44d3-91c6-32513db355dc	73012	1.0	confident	Haliangium_sp.	Bacteria
e6c3af95-f01d-46dc-90b6-0a5c94a417de	73012	1.0	confident	Haliangium_sp.	Bacteria
7fbcd380-493e-42c3-a277-ed0cb64fbf30	73012	1.0	confident	Haliangium_sp.	Bacteria
e9a0c9b6-7d58-4eca-bcf3-414c6d749109	73012	1.0	confident	Haliangium_sp.	Bacteria
91dff299-d70a-4bb9-8f7f-2670251aab02	73012	1.0	confident	Haliangium_sp.	Bacteria
3ebfdc54-584d-43d1-86e0-be0303b59d57	73012	1.0	confident	Haliangium_sp.	Bacteria
d13d38a9-df55-4ee4-9498-303b7602e132	73012	1.0	confident	Haliangium_sp.	Bacteria
e6721396-c8a8-4d76-bef5-ba3811738831	73012	1.0	confident	Haliangium_sp.	Bacteria
c44b7d66-4ab4-45c5-ba80-907cf0e6bf00	73012	1.0	confident	Haliangium_sp.	Bacteria
6d815376-c0db-40b2-a22c-3d55cdde2c94	73012	1.0	confident	Haliangium_sp.	Bacteria
04535dfa-47e0-49d2-8923-d942f36fca9a	73012	1.0	confident	Haliangium_sp.	Bacteria
1870a783-5339-47cf-947d-46ca9cb7cfc4	73012	1.0	confident	Haliangium_sp.	Bacteria
fa1f4455-f2d7-40e6-a6a8-b80de37c8dd8	73012	1.0	confident	Haliangium_sp.	Bacteria
1103e9a9-e69a-4d89-bc08-f2244d1ccb53	73012	1.0	confident	Haliangium_sp.	Bacteria
37c6906c-9493-492f-afc8-35b571365270	73012	1.0	confident	Haliangium_sp.	Bacteria
6569ff3f-6d0c-42e7-9a2b-a555183b7017	73012	1.0	confident	Haliangium_sp.	Bacteria
8e0775ad-e0dd-4fa6-afdf-67d798687fe7	73012	1.0	confident	Haliangium_sp.	Bacteria
d2de9765-b4e1-417a-a699-e2f3df9b56d0	73012	1.0	confident	Haliangium_sp.	Bacteria
d952e8b8-f801-4608-93dd-495226d077af	73012	1.0	confident	Haliangium_sp.	Bacteria
75ae4689-0ea1-4689-b110-b80ff56ccf5d	73012	1.0	confident	Haliangium_sp.	Bacteria
f5270f08-4b44-4b3a-92cc-efa49cbd947e	73012	1.0	confident	Haliangium_sp.	Bacteria
c034e31e-6779-4ddf-8334-86ae397a9253	73012	1.0	confident	Haliangium_sp.	Bacteria
fb18ac98-1d82-487b-88ea-989bb399596f	73012	1.0	confident	Haliangium_sp.	Bacteria
b16a5dd1-05d7-4a63-bb9d-5531f577fa3d	73012	1.0	confident	Haliangium_sp.	Bacteria
7cf47c08-12f5-43b9-a14d-d33db5a344b8	73012	1.0	confident	Haliangium_sp.	Bacteria
34c8e0c6-3dc8-44f9-b5f1-f73e18139be7	73012	1.0	confident	Haliangium_sp.	Bacteria
e66d672d-bf7d-4c1e-9083-47885a9d0b92	73012	1.0	confident	Haliangium_sp.	Bacteria
85ff956a-cb0e-4d83-8e75-dfd4d0c04f81	73012	1.0	confident	Haliangium_sp.	Bacteria
19412c6b-1059-496d-96b5-0f0e91d494a7	73012	1.0	confident	Haliangium_sp.	Bacteria
9b618a35-e1c3-44b5-b71b-679e984381c5	73012	1.0	confident	Haliangium_sp.	Bacteria
fd096429-2b62-4703-b2bc-320c9ed9c0b2	73012	1.0	confident	Haliangium_sp.	Bacteria
aebcc20d-eaac-4845-a7c2-b52f3c4c5ac4	73012	1.0	confident	Haliangium_sp.	Bacteria
ff4c21f4-39c9-499b-9ef2-430941b3663e	73012	1.0	confident	Haliangium_sp.	Bacteria
457a4826-396e-4922-afa2-7f2ab042f6b2	73012	1.0	confident	Haliangium_sp.	Bacteria
64164ad4-f7ef-433b-9ff9-ba9a5072b54e	73012	1.0	confident	Haliangium_sp.	Bacteria
d1981000-1834-45e9-8af2-d41e0d76c13f	73012	1.0	confident	Haliangium_sp.	Bacteria
fa96bea7-3396-4c7b-a21d-7e2e8cc9e532	73012	1.0	confident	Haliangium_sp.	Bacteria
1ec3118c-a7dd-42a8-bc12-aae30c56db37	73012	1.0	confident	Haliangium_sp.	Bacteria
c29b3743-935f-4368-8075-405c847be128	73012	1.0	confident	Haliangium_sp.	Bacteria
7c2532a6-5c84-4b46-9999-d0329fbcaa59	73012	1.0	confident	Haliangium_sp.	Bacteria
e825003b-be09-4500-bdc6-e40615f0f742	73012	1.0	confident	Haliangium_sp.	Bacteria
4677f082-870d-46df-bfa7-f4ee6376f055	73012	1.0	confident	Haliangium_sp.	Bacteria
0b44fc9a-8612-4cd7-89f9-d7c8244c342e	73012	1.0	confident	Haliangium_sp.	Bacteria
161403fb-f541-413b-836e-60dedb5c33bd	73012	1.0	confident	Haliangium_sp.	Bacteria
db51364d-c8de-4a7c-9cf3-a389db7a077c	73012	1.0	confident	Haliangium_sp.	Bacteria
8d212422-87b4-46b4-a7a8-010b1e2a10ab	73012	1.0	confident	Haliangium_sp.	Bacteria
35785ace-f7c1-4bc7-b31f-2eb56a3e161e	73012	1.0	confident	Haliangium_sp.	Bacteria
7cfffd39-4480-4e21-acca-511185c53760	73012	1.0	confident	Haliangium_sp.	Bacteria
220be4fb-749c-4315-b12f-76c171034130	73012	1.0	confident	Haliangium_sp.	Bacteria
eeaedce3-8960-4608-a10f-592f365317df	73012	1.0	confident	Haliangium_sp.	Bacteria
6f7a52bb-879c-49fb-acbc-e85d61767ff6	73012	1.0	confident	Haliangium_sp.	Bacteria
bb650ae6-1845-47ac-87fc-a0455b3668f3	73012	1.0	confident	Haliangium_sp.	Bacteria
71892869-d2b2-467e-8b32-74f8ee77f659	73012	1.0	confident	Haliangium_sp.	Bacteria
c1fb2817-d192-407e-b67d-ca9d6ca53e32	73012	1.0	confident	Haliangium_sp.	Bacteria
bfcf2787-25c8-408f-a3cd-79bc0c6e3317	73012	1.0	confident	Haliangium_sp.	Bacteria
6d6396a4-75b4-4bea-83e7-80d61eed49a2	73012	1.0	confident	Haliangium_sp.	Bacteria
2844af93-2c51-4cee-8d65-bee83924bad2	73012	1.0	confident	Haliangium_sp.	Bacteria
264c4e19-0497-4211-a783-371d398d72c0	73012	1.0	confident	Haliangium_sp.	Bacteria
bcf83c72-8127-4d4b-8772-1f4688c81f9d	73012	1.0	confident	Haliangium_sp.	Bacteria
9fd5579a-cac2-43e7-b7a1-52df839df12e	73012	1.0	confident	Haliangium_sp.	Bacteria
f4be6791-978e-49b0-ac7b-c0e4342f00e9	73012	1.0	confident	Haliangium_sp.	Bacteria
4941768c-4ba6-49f8-9b49-ad79c4bb033e	73012	1.0	confident	Haliangium_sp.	Bacteria
a40b8f3d-6064-4dc2-868e-f1d3a3941d3a	73012	1.0	confident	Haliangium_sp.	Bacteria
ef15b643-c1f5-4405-b39e-4c61260bc7c3	73012	1.0	confident	Haliangium_sp.	Bacteria
6038952a-1c9d-4c1e-8366-ccbab9cff813	73012	1.0	confident	Haliangium_sp.	Bacteria
d7f5c200-7b14-4843-9bac-c6ea402af862	73012	1.0	confident	Haliangium_sp.	Bacteria
dc7212a8-1edf-4a20-bccd-72d1ed075698	73012	1.0	confident	Haliangium_sp.	Bacteria
a3b1792b-c4cf-49e7-be40-8b05a4800be0	73012	1.0	confident	Haliangium_sp.	Bacteria
0c83ff6f-74b1-4217-a66d-11706dc9ba6c	73012	1.0	confident	Haliangium_sp.	Bacteria
42696f15-6fff-4622-a94b-11083147ad1d	73012	1.0	confident	Haliangium_sp.	Bacteria
a9d8e1f3-1fdc-4ba2-b0f7-fa46ee850218	73012	1.0	confident	Haliangium_sp.	Bacteria
1f901eb7-4cf7-4b3a-b38f-8dcb2f40d71f	73012	1.0	confident	Haliangium_sp.	Bacteria
828b9d0d-0660-4752-bb7b-d99b40807218	73012	1.0	confident	Haliangium_sp.	Bacteria
6a909aa7-74df-4e7b-9976-3605043c8dd8	73012	1.0	confident	Haliangium_sp.	Bacteria
9e3e34cc-bcee-4493-8979-032871e53bb2	73012	1.0	confident	Haliangium_sp.	Bacteria
bdce6aa2-383a-4631-a3ff-3c0b8a3316a0	73012	1.0	confident	Haliangium_sp.	Bacteria
ecb850bd-8315-4a0c-a5c6-fd5045205976	73012	1.0	confident	Haliangium_sp.	Bacteria
e6314595-cb51-4003-8597-ca101ce5e301	73012	1.0	confident	Haliangium_sp.	Bacteria
453cb382-cdd2-4ded-9fd2-76b2dd6a50c7	73012	1.0	confident	Haliangium_sp.	Bacteria
1948442a-bb53-459b-93fb-ac5532bb6d81	73012	1.0	confident	Haliangium_sp.	Bacteria
571f068a-94fd-46db-adc1-a56c8d71d2e1	73012	1.0	confident	Haliangium_sp.	Bacteria
e5dc7728-d49c-4374-9369-a133541b8d86	73012	1.0	confident	Haliangium_sp.	Bacteria
69f86d49-31ee-41b3-88c1-96ee1d686e97	73012	1.0	confident	Haliangium_sp.	Bacteria
dad00093-6e2e-472a-bc44-5d1b8365702d	73012	1.0	confident	Haliangium_sp.	Bacteria
bbb98853-61fb-419f-9f07-e47fdfd4016c	73012	1.0	confident	Haliangium_sp.	Bacteria
db6e87d5-180a-405d-b33b-cf71752e7b76	73012	1.0	confident	Haliangium_sp.	Bacteria
119f3861-9075-47d3-a66d-b39660627b6b	73012	1.0	confident	Haliangium_sp.	Bacteria
204d9eef-1987-4eb6-81df-a1811dea55ca	73012	1.0	confident	Haliangium_sp.	Bacteria
8340078b-7eba-4220-a7d3-209b73cc41b8	73012	1.0	confident	Haliangium_sp.	Bacteria
5c374687-daa7-43a2-8774-d1c27b55d720	73012	1.0	confident	Haliangium_sp.	Bacteria
f219db6b-9720-4549-a59a-7b9e34d05ca7	73012	1.0	confident	Haliangium_sp.	Bacteria
738e5e06-145e-4a40-bbbe-9349aad521fc	73012	1.0	confident	Haliangium_sp.	Bacteria
35285037-c535-42cc-8b24-473bdb63d5ab	73012	1.0	confident	Haliangium_sp.	Bacteria
957b0873-4746-4874-b2b9-74950205217b	73012	1.0	confident	Haliangium_sp.	Bacteria
88a3b91f-8e8d-4397-92e1-a60d50eb51c8	73012	1.0	confident	Haliangium_sp.	Bacteria
74dd38ad-0128-495b-b759-c15646c1bb7c	73012	1.0	confident	Haliangium_sp.	Bacteria
a6f72794-dcbd-4a28-a43e-cc437f2de0f5	73012	1.0	confident	Haliangium_sp.	Bacteria
fa0fda57-5c53-47a0-a2e7-ace184e79ce1	73012	1.0	confident	Haliangium_sp.	Bacteria
44f9a3cb-01bb-4343-8e33-8e8a369bbe52	73012	1.0	confident	Haliangium_sp.	Bacteria
0b067be1-b9c7-4805-aefc-658fe982cd2e	73012	1.0	confident	Haliangium_sp.	Bacteria
762dd6b7-03ac-45ff-afba-d6213790ed22	73012	1.0	confident	Haliangium_sp.	Bacteria
ae7be6c7-a813-4475-841a-514e445714ec	73012	1.0	confident	Haliangium_sp.	Bacteria
f8fc05a4-fb8c-425c-b0c9-52bbfc07fc06	73012	1.0	confident	Haliangium_sp.	Bacteria
a59303ee-6911-41b9-85f8-771ecd424d78	73012	1.0	confident	Haliangium_sp.	Bacteria
26733505-7d71-4334-bc4e-469abed169ea	73012	1.0	confident	Haliangium_sp.	Bacteria
e8149f9e-a9e6-432b-8044-74e9c385f1ed	73012	1.0	confident	Haliangium_sp.	Bacteria
4bc23790-6baa-416d-a114-71b1703a50b5	73012	1.0	confident	Haliangium_sp.	Bacteria
6dfbd434-d342-48f1-ad5d-ec856b659e9e	73012	1.0	confident	Haliangium_sp.	Bacteria
706ee803-f554-43e7-8dd3-b11c8b8c6972	73012	1.0	confident	Haliangium_sp.	Bacteria
be500cbb-577e-4db5-9a1b-f123176e736a	73012	1.0	confident	Haliangium_sp.	Bacteria
11c53b32-1193-455b-a50b-24fc9b431d10	73012	1.0	confident	Haliangium_sp.	Bacteria
dbe9cca0-d22a-47f1-85a5-ad923e27aaab	73012	1.0	confident	Haliangium_sp.	Bacteria
406b1072-0726-4b6f-bd4a-18527d4e951f	73012	1.0	confident	Haliangium_sp.	Bacteria
ba0fa27b-71ed-4e05-8619-dda29543b9b4	73012	1.0	confident	Haliangium_sp.	Bacteria
98b8fe70-01c2-4ec3-9a26-3e334bee7358	73012	1.0	confident	Haliangium_sp.	Bacteria
c631d6cc-be73-48dd-938b-765906ddf1c5	73012	1.0	confident	Haliangium_sp.	Bacteria
41801dfc-bbd3-41ab-bf96-091c85235ccf	73012	1.0	confident	Haliangium_sp.	Bacteria
2a559b26-9b93-4253-bcde-f2d41ec9cbf7	73012	1.0	confident	Haliangium_sp.	Bacteria
ffdc4e92-ad17-4969-8945-b452abfba9b6	73012	1.0	confident	Haliangium_sp.	Bacteria
56cbc71e-e4b1-4866-b42a-7f6163ddc09f	73012	1.0	confident	Haliangium_sp.	Bacteria
d4a1ddec-6d12-422c-97eb-9eae3222ac6f	73012	1.0	confident	Haliangium_sp.	Bacteria
1898fd4d-7fac-41f9-ab6c-13d039e46082	73012	1.0	confident	Haliangium_sp.	Bacteria
80da3e74-4869-4807-8922-8dab88eceb29	73012	1.0	confident	Haliangium_sp.	Bacteria
b164bcba-8ec8-45ab-a28f-516407ea0923	73012	1.0	confident	Haliangium_sp.	Bacteria
5f12fc70-ac51-4a8e-8a53-7a81a80ed7b3	73012	1.0	confident	Haliangium_sp.	Bacteria
b2f206d2-c4c9-4d8b-af4e-2956047a3da8	73012	1.0	confident	Haliangium_sp.	Bacteria
b0af0b03-f821-4a6a-97df-da982cf36761	73012	1.0	confident	Haliangium_sp.	Bacteria
a330b159-6c6d-46a2-b60b-1b5c8d7e2f25	73012	1.0	confident	Haliangium_sp.	Bacteria
0ba77803-c5d6-47f4-b133-af6589b34408	73012	1.0	confident	Haliangium_sp.	Bacteria
18643bfe-8345-4ce4-9454-f73da4e751fa	73012	1.0	confident	Haliangium_sp.	Bacteria
6ec96b52-6fd7-4fed-b838-edc0037a1b98	73012	1.0	confident	Haliangium_sp.	Bacteria
7245d4ba-ec0b-4944-857b-77ce327ff3fb	73012	1.0	confident	Haliangium_sp.	Bacteria
f2e9f8fb-1652-43f7-bf8e-397e88adedd3	73012	1.0	confident	Haliangium_sp.	Bacteria
bceaca90-c4f8-4640-909b-cf4389cd6f1e	73012	1.0	confident	Haliangium_sp.	Bacteria
eed2d44e-f6e1-43f4-8a23-9e6b318bc0d0	73012	1.0	confident	Haliangium_sp.	Bacteria
cac8c80c-86df-44ec-b658-516b5d79eab9	73012	1.0	confident	Haliangium_sp.	Bacteria
fa0a127e-2419-45e4-bbe7-722decb77754	73012	1.0	confident	Haliangium_sp.	Bacteria
8aee7896-2355-43c3-b66e-b72b642d7766	73012	1.0	confident	Haliangium_sp.	Bacteria
4de0bdcf-998e-4ee5-83e6-0e06831d448f	73012	1.0	confident	Haliangium_sp.	Bacteria
299a49db-04a0-4569-9127-aa50d22daf0b	73012	1.0	confident	Haliangium_sp.	Bacteria
738eb837-d8eb-4f40-878b-d8b676fe9aa2	73012	1.0	confident	Haliangium_sp.	Bacteria
e05131a2-8c8e-46b2-bfa1-375dfa551958	73012	1.0	confident	Haliangium_sp.	Bacteria
ac2edfa7-9560-4bcd-9adc-a9adbe266d3e	73012	1.0	confident	Haliangium_sp.	Bacteria
43eeb5da-b510-42f3-89f1-3f242f3ad000	73012	1.0	confident	Haliangium_sp.	Bacteria
5ae786d6-4cb4-44e6-8a81-855157d936b6	73012	1.0	confident	Haliangium_sp.	Bacteria
82654b29-bf49-4413-9212-9452aad94213	73012	1.0	confident	Haliangium_sp.	Bacteria
17b2936e-b7de-49c8-b5fc-a4d7299e9cf1	73012	1.0	confident	Haliangium_sp.	Bacteria
4b30b287-56c0-462c-ab31-f00b5b20a2db	73012	1.0	confident	Haliangium_sp.	Bacteria
ff9cc0e2-ad34-419d-9d0c-1a8464832b55	73012	1.0	confident	Haliangium_sp.	Bacteria
a683b212-c556-4eb7-8e5c-9e23df220926	73012	1.0	confident	Haliangium_sp.	Bacteria
94cd0572-7403-4e9d-a20b-8d5c8ff779c2	73012	1.0	confident	Haliangium_sp.	Bacteria
ae910031-c9dd-4729-8809-bcc3b7fb9c92	73012	1.0	confident	Haliangium_sp.	Bacteria
2751ea39-6a34-4a06-a2c9-4844bf9a7548	73012	1.0	confident	Haliangium_sp.	Bacteria
813c4d9e-82f0-4767-b193-28d9cdbdad28	73012	1.0	confident	Haliangium_sp.	Bacteria
348e7c95-218b-400d-bd32-bf35b282ee7d	73012	1.0	confident	Haliangium_sp.	Bacteria
446b0731-33b5-4128-91a2-d874636bdb90	73012	1.0	confident	Haliangium_sp.	Bacteria
721f2873-87e3-405b-ae54-eb49abaac32b	73012	1.0	confident	Haliangium_sp.	Bacteria
9fc5612f-9f90-49b4-ad3b-8cc7f3943ad4	73012	1.0	confident	Haliangium_sp.	Bacteria
8ff30cb8-ce2b-4b51-9353-6bfcffe7307b	73012	1.0	confident	Haliangium_sp.	Bacteria
d9a96f62-d9ae-492c-9b42-a6d68d675a4b	73012	1.0	confident	Haliangium_sp.	Bacteria
f8d5ce11-7e3f-4474-b0ef-c2e5ac52e6d8	73012	1.0	confident	Haliangium_sp.	Bacteria
44e9a1f2-b8c5-47b3-abae-4bf153ddbc6e	73012	1.0	confident	Haliangium_sp.	Bacteria
07976e88-febd-4954-93af-b0f5d65a271b	73012	1.0	confident	Haliangium_sp.	Bacteria
885cdc58-3716-4829-a093-e27f93af22ad	73012	1.0	confident	Haliangium_sp.	Bacteria
b44ea273-7d1a-4e21-b070-55263228da02	73012	1.0	confident	Haliangium_sp.	Bacteria
cd854793-b046-430b-8240-5556517a5e31	73012	1.0	confident	Haliangium_sp.	Bacteria
106decf4-f189-4dbc-a99c-e74605b41db3	73012	1.0	confident	Haliangium_sp.	Bacteria
be4c0399-4dde-4664-b2e7-1f718fe4f8eb	73012	1.0	confident	Haliangium_sp.	Bacteria
2f17fcee-5ba3-4c1e-a298-3b1f6b839db9	73012	1.0	confident	Haliangium_sp.	Bacteria
56618376-90b9-4853-8e04-473bb8faa739	73012	1.0	confident	Haliangium_sp.	Bacteria
a47e1dc8-9aae-4ed4-8048-7991f4893ba1	73012	1.0	confident	Haliangium_sp.	Bacteria
7d11c7de-a7f6-4292-ae9e-cff214d28bbb	73012	1.0	confident	Haliangium_sp.	Bacteria
e87bf6b1-c5fe-427c-a364-dfb9998dc771	73012	1.0	confident	Haliangium_sp.	Bacteria
65ae474c-5a61-4da3-85b2-b1ba68f9c82c	73012	1.0	confident	Haliangium_sp.	Bacteria
42cdd299-0118-4c58-8185-714d86bfd9a4	73012	1.0	confident	Haliangium_sp.	Bacteria
9155fc95-e774-459d-888f-dc050c0384c7	73012	1.0	confident	Haliangium_sp.	Bacteria
327e989a-5e26-451c-a459-05ce6c1415f9	73012	1.0	confident	Haliangium_sp.	Bacteria
12919107-eeaa-4c38-a938-99788e0db490	73012	1.0	confident	Haliangium_sp.	Bacteria
f2836d41-67b7-46c3-8f94-1f33ab22b4c6	73012	1.0	confident	Haliangium_sp.	Bacteria
2d9f9f03-338e-4d4a-9eb1-6e651080872c	73012	1.0	confident	Haliangium_sp.	Bacteria
4741b9c8-1c29-4f99-8a8b-306262a018a9	73012	1.0	confident	Haliangium_sp.	Bacteria
e4ca5541-b831-4a67-a80b-b3624b3fd49b	73012	1.0	confident	Haliangium_sp.	Bacteria
e974bbfb-31e6-48f1-9ace-ac036bb24a6d	73012	1.0	confident	Haliangium_sp.	Bacteria
9e5e4d2e-dea0-46a1-b74b-00cbf6b2bd95	73012	1.0	confident	Haliangium_sp.	Bacteria
d0720787-e329-4da3-8eca-d4c764b4f122	73012	1.0	confident	Haliangium_sp.	Bacteria
b3378780-a0ce-4e1a-a43f-b494cceb962d	73012	1.0	confident	Haliangium_sp.	Bacteria
b2e2d766-3db3-4666-949e-733b51b0bbe5	73012	1.0	confident	Haliangium_sp.	Bacteria
c6e47533-753f-45fd-889f-7d346ea622c8	73012	1.0	confident	Haliangium_sp.	Bacteria
c5a72f11-a9d2-4167-8209-d6ec90e52937	73012	1.0	confident	Haliangium_sp.	Bacteria
89e09b34-d573-4138-aa08-4cebf0c1b8ee	73012	1.0	confident	Haliangium_sp.	Bacteria
15287cd9-9ee5-407f-832a-fef8c21851b5	73012	1.0	confident	Haliangium_sp.	Bacteria
fb9d6e5b-762e-4248-bffb-b35a7a79f68e	73012	1.0	confident	Haliangium_sp.	Bacteria
7931b88a-5e3a-4112-a522-d555b165371e	73012	1.0	confident	Haliangium_sp.	Bacteria
53beb8b1-67e3-426d-bc07-85feb6af2aa5	73012	1.0	confident	Haliangium_sp.	Bacteria
bf74bf27-4b34-44e0-9228-a5a654018eaa	73012	1.0	confident	Haliangium_sp.	Bacteria
c52a2176-33ff-45eb-b281-b6a30c30d8ab	73012	1.0	confident	Haliangium_sp.	Bacteria
143a728b-a39b-4eb0-a628-60dce74ca02e	73012	1.0	confident	Haliangium_sp.	Bacteria
647a4234-4b19-46c2-a2d3-11d814d26a83	73012	1.0	confident	Haliangium_sp.	Bacteria
e9a18036-47a7-43c8-a90e-9f7745ffad83	73012	1.0	confident	Haliangium_sp.	Bacteria
7acacd3b-d2bb-48bb-991a-c4cf8e1ef9e7	73012	1.0	confident	Haliangium_sp.	Bacteria
a68f16f3-5971-46c5-9c64-4c892af7f52d	73012	1.0	confident	Haliangium_sp.	Bacteria
a625819b-c545-43c5-8baa-6ed78fe3b6b5	73012	1.0	confident	Haliangium_sp.	Bacteria
22e86abb-b14e-4cf2-8d16-639aa4ad0e98	73012	1.0	confident	Haliangium_sp.	Bacteria
e24691ce-35db-4ea7-b4e6-b858a0ba09f6	73012	1.0	confident	Haliangium_sp.	Bacteria
6b2b281a-c26b-4288-86c3-b7e5802e860e	73012	1.0	confident	Haliangium_sp.	Bacteria
6b2895c0-2e49-4885-90b1-d6058b49c633	73012	1.0	confident	Haliangium_sp.	Bacteria
70290d7e-e83b-48f6-82f3-b98a14ec5846	73012	1.0	confident	Haliangium_sp.	Bacteria
0c8b461a-89b5-4ece-9f5b-4764485869ab	73012	1.0	confident	Haliangium_sp.	Bacteria
cbbfed91-e585-4727-9748-3f5a6d0c7318	73012	1.0	confident	Haliangium_sp.	Bacteria
3a1567fc-883e-4c49-8ac2-3d7e00274b50	73012	1.0	confident	Haliangium_sp.	Bacteria
8d652189-e9ee-4f56-9060-8f6f8aba0490	73012	1.0	confident	Haliangium_sp.	Bacteria
15bd16c3-4860-413f-ad0d-b7610ede8f5f	73012	1.0	confident	Haliangium_sp.	Bacteria
0346f66c-67d6-47ca-b48a-9bc4d4d23931	73012	1.0	confident	Haliangium_sp.	Bacteria
d4a6eb91-255e-46f6-bd3c-0ca3c1e114e5	73012	1.0	confident	Haliangium_sp.	Bacteria
05e46c19-771e-4576-878b-e070ec530606	73012	1.0	confident	Haliangium_sp.	Bacteria
b9a58ae5-8897-493a-ad65-830230bb840f	73012	1.0	confident	Haliangium_sp.	Bacteria
e3c2b0b9-5054-4344-a83d-98829fba1905	73012	1.0	confident	Haliangium_sp.	Bacteria
5ddbd05d-2b43-4723-81a7-abc051616d64	73012	1.0	confident	Haliangium_sp.	Bacteria
d6bcfbc6-d0c3-488d-8148-5a70a36f7462	73012	1.0	confident	Haliangium_sp.	Bacteria
2958d339-8538-453a-b326-ab9c0f83f55b	73012	1.0	confident	Haliangium_sp.	Bacteria
02abd108-002d-4f8e-a9d9-be525a56fcc9	73012	1.0	confident	Haliangium_sp.	Bacteria
3ca8dad0-3065-4cf3-8c1f-44462a380353	73012	1.0	confident	Haliangium_sp.	Bacteria
44dbad95-e75a-4495-94eb-9a80ba74bf20	73012	1.0	confident	Haliangium_sp.	Bacteria
7f6695b4-4080-45c9-89d7-f418e6e4e3dc	73012	1.0	confident	Haliangium_sp.	Bacteria
7ea0541c-d51b-409e-bc7e-c836ab741e62	73012	1.0	confident	Haliangium_sp.	Bacteria
8854551b-7a1b-4393-b970-a575c0580103	73012	1.0	confident	Haliangium_sp.	Bacteria
95ff687e-d18c-4fe2-b3fe-2f6861d006b5	73012	1.0	confident	Haliangium_sp.	Bacteria
a6827d7b-248a-4741-be2f-56fa82eea7b6	73012	1.0	confident	Haliangium_sp.	Bacteria
80bab985-ecad-4522-a3da-d881ca82635b	73012	1.0	confident	Haliangium_sp.	Bacteria
fd2904da-7452-4e35-a1f7-2be1cc4f8ac5	73012	1.0	confident	Haliangium_sp.	Bacteria
ce0dbf63-9e13-40f8-a085-be6a71553f51	73012	1.0	confident	Haliangium_sp.	Bacteria
ea52b03c-057f-4798-a2ec-6139844ca18a	73012	1.0	confident	Haliangium_sp.	Bacteria
96c2e8c0-19f3-487a-a4b1-a7f10865ffc9	73012	1.0	confident	Haliangium_sp.	Bacteria
8c2d8073-db51-4580-b3af-64397aa74168	73012	1.0	confident	Haliangium_sp.	Bacteria
37473fc0-706e-480c-ad1b-e284bd546635	73012	1.0	confident	Haliangium_sp.	Bacteria
e131e51a-af91-4622-9c8d-f5e92e1da76d	73012	1.0	confident	Haliangium_sp.	Bacteria
29efa450-dd0e-49c8-bece-605a26026be3	73012	1.0	confident	Haliangium_sp.	Bacteria
da1312fd-b88d-42ab-b8bf-d69c74014f65	73012	1.0	confident	Haliangium_sp.	Bacteria
2e8fb91a-b8d5-4d8d-8086-5d298a303f3f	73012	1.0	confident	Haliangium_sp.	Bacteria
0b166b59-736b-49b9-a34e-3e6bbf850d15	73012	1.0	confident	Haliangium_sp.	Bacteria
7fa8d30c-0b6d-4c1d-a7d1-8eb87c92d9da	73012	1.0	confident	Haliangium_sp.	Bacteria
6445dd4f-9c68-4fc3-992b-6fe035e12a18	73012	1.0	confident	Haliangium_sp.	Bacteria
472b9102-b347-46f3-864a-3675afbcd264	73012	1.0	confident	Haliangium_sp.	Bacteria
e4d0817e-5fab-476d-be02-e69edfc20889	73012	1.0	confident	Haliangium_sp.	Bacteria
2d2dd9f3-52ac-4592-971c-67ca0fc65912	73012	1.0	confident	Haliangium_sp.	Bacteria
8f985f78-1bbb-40cb-bf20-09bbd5597e34	73012	1.0	confident	Haliangium_sp.	Bacteria
cd518606-f01e-476e-99f4-6e5f69ed310f	73012	1.0	confident	Haliangium_sp.	Bacteria
bd73830a-7bea-4f38-96f1-6243ac29a985	73012	1.0	confident	Haliangium_sp.	Bacteria
6da845ad-d8b8-485a-ac39-8233e2989c98	73012	1.0	confident	Haliangium_sp.	Bacteria
82b49109-e0de-4523-bcae-a8c9c72a2fbb	73012	1.0	confident	Haliangium_sp.	Bacteria
64b4e36d-8e51-4ac4-a593-c7a04393023f	73012	1.0	confident	Haliangium_sp.	Bacteria
5bf8e139-706f-4490-a2c1-c615fd4ca13b	73012	1.0	confident	Haliangium_sp.	Bacteria
54ddf094-d61c-4d96-a796-069a95ec2ad0	73012	1.0	confident	Haliangium_sp.	Bacteria
93b7df98-7853-47c7-8f58-e5f7709b93b0	73012	1.0	confident	Haliangium_sp.	Bacteria
9e15fd1a-0b42-4da6-8e64-b320dac8a160	73012	1.0	confident	Haliangium_sp.	Bacteria
b9aa7b3c-0b4e-4ac1-b437-168026239ab3	73012	1.0	confident	Haliangium_sp.	Bacteria
91cb1030-1087-4fd2-bd8b-6f334209cc5b	73012	1.0	confident	Haliangium_sp.	Bacteria
cb16148f-dba7-431d-9c53-067262b5b887	73012	1.0	confident	Haliangium_sp.	Bacteria
0a000442-ad25-456d-9f43-eb3109ba3451	73012	1.0	confident	Haliangium_sp.	Bacteria
904eee12-4990-4bd2-9f48-cd214ffad8b4	73012	1.0	confident	Haliangium_sp.	Bacteria
4048882d-a6aa-4f6a-95c5-c3a2218f3c19	73012	1.0	confident	Haliangium_sp.	Bacteria
7fd9eb76-4cc0-4eaa-893a-48ff946abe8a	73012	1.0	confident	Haliangium_sp.	Bacteria
e3b4ffe2-10b1-49a0-8e34-a7744367a0ee	73012	1.0	confident	Haliangium_sp.	Bacteria
755e0e63-9289-45ca-a058-eab403405fbe	73012	1.0	confident	Haliangium_sp.	Bacteria
69b1049e-4bbe-471f-b601-7102c75f8b16	73012	1.0	confident	Haliangium_sp.	Bacteria
28004d17-c8a4-48ef-9b33-cd0741d0675e	73012	1.0	confident	Haliangium_sp.	Bacteria
4bc61d09-acaf-4cb2-a820-a858031b3dd3	73012	1.0	confident	Haliangium_sp.	Bacteria
204b4030-2834-4fd7-9b8b-a58fecb362be	73012	1.0	confident	Haliangium_sp.	Bacteria
e0dc79b7-3bd3-44d2-9fcd-b61cfb795121	73012	1.0	confident	Haliangium_sp.	Bacteria
d361838f-57b8-4279-b956-c1c63fa5183c	73012	1.0	confident	Haliangium_sp.	Bacteria
ff676713-8d77-4bfe-9036-b875ffd70634	73012	1.0	confident	Haliangium_sp.	Bacteria
eb21d367-e520-4711-bd92-3a87af5666c9	73012	1.0	confident	Haliangium_sp.	Bacteria
046bb05a-75df-41a9-87bc-b5938f0433c6	73012	1.0	confident	Haliangium_sp.	Bacteria
51810bf2-c036-4031-bd6b-8127e972aeb8	73012	1.0	confident	Haliangium_sp.	Bacteria
aeb30773-9221-4590-84c8-44083cd5e2b3	73012	1.0	confident	Haliangium_sp.	Bacteria
2d6422dd-31b2-43ed-8892-0b2c719707f9	73012	1.0	confident	Haliangium_sp.	Bacteria
3284c781-82e6-468d-9d90-3857dffc055a	73012	1.0	confident	Haliangium_sp.	Bacteria
dcaa0730-ab5b-45e6-9db2-19c00eee0570	73012	1.0	confident	Haliangium_sp.	Bacteria
1c2eea4d-a34f-43ef-bf28-8fbd6365321e	73012	1.0	confident	Haliangium_sp.	Bacteria
b3cfa269-a620-487e-ad78-13a04ed02678	73012	1.0	confident	Haliangium_sp.	Bacteria
af8b8b18-8a26-4b40-9160-81c54a74916b	73012	1.0	confident	Haliangium_sp.	Bacteria
e1a5f425-de84-4e7e-a118-e55ddee115da	73012	1.0	confident	Haliangium_sp.	Bacteria
17b20303-1321-417d-ad96-4014e9ee1051	73012	1.0	confident	Haliangium_sp.	Bacteria
c3efa3d2-b1c7-42c1-aa58-46c5fd54dcc8	73012	1.0	confident	Haliangium_sp.	Bacteria
ee144448-5f0f-4cbd-ba1d-5d92fdacd9fd	73012	1.0	confident	Haliangium_sp.	Bacteria
a0101904-b763-4bf8-9ef5-e551718e3f9d	73012	1.0	confident	Haliangium_sp.	Bacteria
79d6de74-4faa-41b1-bebe-8f81de3ee873	73012	1.0	confident	Haliangium_sp.	Bacteria
023d65d1-cee4-493b-8ffa-a47f9eb43fcb	73012	1.0	confident	Haliangium_sp.	Bacteria
45d1304a-418d-4bb0-955f-7ce0486ad118	73012	1.0	confident	Haliangium_sp.	Bacteria
4387955d-b17c-4f29-b605-37d6d38a5f72	73012	1.0	confident	Haliangium_sp.	Bacteria
02b0f21d-069f-4329-a111-2eb199520be0	73012	1.0	confident	Haliangium_sp.	Bacteria
ff0673b3-f1cc-4d79-bc6b-0fdd104546c7	73012	1.0	confident	Haliangium_sp.	Bacteria
9b3f4640-ca97-45d2-8097-c0b183d9625c	73012	1.0	confident	Haliangium_sp.	Bacteria
c3423138-bf9e-4599-ab03-f7d66e8b7554	73012	1.0	confident	Haliangium_sp.	Bacteria
66c9f2c6-a55e-4eba-855a-abf5e018c3d1	73012	1.0	confident	Haliangium_sp.	Bacteria
f8dc2f76-512b-4606-a983-8d97d8cbccf4	73012	1.0	confident	Haliangium_sp.	Bacteria
987f8798-d4a4-4325-b787-7848cf8de514	73012	1.0	confident	Haliangium_sp.	Bacteria
99c0614d-6039-405a-a594-c463583b7f77	73012	1.0	confident	Haliangium_sp.	Bacteria
a11f3f00-b6f4-455c-b25d-6659929c9669	73012	1.0	confident	Haliangium_sp.	Bacteria
fbce6b9d-c4ae-4d87-a180-e882b76207c3	73012	1.0	confident	Haliangium_sp.	Bacteria
57b45553-aa7d-4efe-98bf-b6f6c50b5995	73012	1.0	confident	Haliangium_sp.	Bacteria
07a67c7d-2568-4677-8718-24445eedc1f1	73012	1.0	confident	Haliangium_sp.	Bacteria
36e9d6ae-b3a6-45d5-95fd-97de0708a363	73012	1.0	confident	Haliangium_sp.	Bacteria
727da944-64c5-4652-bc10-ff2642f3769f	73012	1.0	confident	Haliangium_sp.	Bacteria
df7f49ad-2b27-4ac8-9f68-d0e690937e9a	73012	1.0	confident	Haliangium_sp.	Bacteria
c962ef3a-64d1-4a74-9f42-8ef3a2bbea68	73012	1.0	confident	Haliangium_sp.	Bacteria
57750da2-0e69-40e2-9617-b6f7cb9262f7	73012	1.0	confident	Haliangium_sp.	Bacteria
63f42d6a-4b00-46b9-b355-d6095d7ae647	73012	1.0	confident	Haliangium_sp.	Bacteria
6c22f680-7388-4471-9c7d-d5b0350d3b92	73012	1.0	confident	Haliangium_sp.	Bacteria
36f727e0-c91a-4f07-ae01-6a9da603b8d1	73012	1.0	confident	Haliangium_sp.	Bacteria
ec2bf48b-87d4-438b-9194-b75c269bfc2a	73012	1.0	confident	Haliangium_sp.	Bacteria
eebf85a9-1f2b-4211-a1f6-e1f4375f246c	73012	1.0	confident	Haliangium_sp.	Bacteria
1b6bd6a5-184b-46b4-9b56-573f0066cb23	73012	1.0	confident	Haliangium_sp.	Bacteria
e74c7be0-54eb-4588-a4fb-38d989f50c99	73012	1.0	confident	Haliangium_sp.	Bacteria
6cbc5d44-b0a1-4470-b2e0-f51978d590cd	73012	1.0	confident	Haliangium_sp.	Bacteria
4a0cdeac-4da4-4318-8f57-684747072f67	73012	1.0	confident	Haliangium_sp.	Bacteria
2108ef8d-c078-4e4d-a16d-ade00dbbeba3	73012	1.0	confident	Haliangium_sp.	Bacteria
136dab13-8ba8-443e-916f-13b7808579b1	73012	1.0	confident	Haliangium_sp.	Bacteria
fa5302bc-8838-4f2b-af80-c108509fe540	73012	1.0	confident	Haliangium_sp.	Bacteria
efd7902a-cf20-4782-9135-61d4d09349ac	73012	1.0	confident	Haliangium_sp.	Bacteria
4f35a3b8-f35f-4c2a-8e41-9f1a15dac158	73012	1.0	confident	Haliangium_sp.	Bacteria
8ccea6af-c75f-4054-9a35-be86ec5420ca	73012	1.0	confident	Haliangium_sp.	Bacteria
96ca65a3-dded-40ff-b05e-d50119782202	73012	1.0	confident	Haliangium_sp.	Bacteria
8b27b61a-5331-4bbf-8f04-dc4c9e70bf10	73012	1.0	confident	Haliangium_sp.	Bacteria
799cc2fc-debb-46fd-9caf-2b0b8ffde689	73012	1.0	confident	Haliangium_sp.	Bacteria
156e90de-8c28-42fe-8440-035f34ad0c14	73012	1.0	confident	Haliangium_sp.	Bacteria
cffe7f3e-2216-46c6-925d-1f755364c21b	73012	1.0	confident	Haliangium_sp.	Bacteria
b52bf4b1-10ef-4bfe-a6f0-4385aabaad0a	73012	1.0	confident	Haliangium_sp.	Bacteria
45de8e44-13ce-4fa8-b406-c2bafa189c0d	73012	1.0	confident	Haliangium_sp.	Bacteria
cbb59787-f26f-4bad-8d95-7726d6fa21a1	73012	1.0	confident	Haliangium_sp.	Bacteria
39c42bb4-3758-4e0d-bcd9-b7eda1f61b7e	73012	1.0	confident	Haliangium_sp.	Bacteria
3bf93c75-e85d-42d0-9fb7-36c891a972cd	73012	1.0	confident	Haliangium_sp.	Bacteria
6346d580-1d17-4703-88a6-fcf087af9d8f	73012	1.0	confident	Haliangium_sp.	Bacteria
a62dac3a-8ccc-4f4d-8806-46fa33306d20	73012	1.0	confident	Haliangium_sp.	Bacteria
2f4d04af-5027-4279-a103-b9ee91bbd41e	73012	1.0	confident	Haliangium_sp.	Bacteria
a5665cea-44f6-4613-bee6-fec380e649e8	73012	1.0	confident	Haliangium_sp.	Bacteria
19ce876e-1d72-460c-8afe-c816eae32341	73012	1.0	confident	Haliangium_sp.	Bacteria
a7460f6e-c421-4258-8086-588b7f9fabd8	73012	1.0	confident	Haliangium_sp.	Bacteria
27fa0a0a-af21-4c8e-9386-3754a9fcac89	73012	1.0	confident	Haliangium_sp.	Bacteria
b0ff3f41-f6c3-4daf-86b8-eb4ab414fb03	73012	1.0	confident	Haliangium_sp.	Bacteria
7c0ea15a-3a8b-4e4a-a17d-c0118b66c3d1	73012	1.0	confident	Haliangium_sp.	Bacteria
756d0ee4-f29f-4e30-a1fa-3d187f913a56	73012	1.0	confident	Haliangium_sp.	Bacteria
7a9c4dca-0d74-4899-8a4c-74cf20c1adbe	73012	1.0	confident	Haliangium_sp.	Bacteria
8badd902-63f2-4632-9045-449ddf828bb2	73012	1.0	confident	Haliangium_sp.	Bacteria
5e8cad4b-c39a-4b30-a5fd-6632da6ef650	73012	1.0	confident	Haliangium_sp.	Bacteria
b3d6f211-d5d8-4f24-86ae-b4dccae5b416	73012	1.0	confident	Haliangium_sp.	Bacteria
d99bc797-08b1-475d-a334-31a5ddca3ef3	73012	1.0	confident	Haliangium_sp.	Bacteria
300ed476-4dbd-4559-99be-a482e49746df	73012	1.0	confident	Haliangium_sp.	Bacteria
50bc1de7-5f00-4849-9742-1994026501c3	73012	1.0	confident	Haliangium_sp.	Bacteria
349e583c-bc9f-4334-9ad7-dba17ca23227	73012	1.0	confident	Haliangium_sp.	Bacteria
a21ecaa5-0f63-4028-b19a-73438d09a890	73012	1.0	confident	Haliangium_sp.	Bacteria
306b89a1-6be7-4618-bbf3-1455aaaf8ee4	73012	1.0	confident	Haliangium_sp.	Bacteria
729e4a6d-fb2a-46cd-8931-6f312f5be7a1	73012	1.0	confident	Haliangium_sp.	Bacteria
86e17089-f14b-4520-b4a0-6cdea5826e57	73012	1.0	confident	Haliangium_sp.	Bacteria
107eb5cf-8a95-4035-8ec8-588f6e86715d	73012	1.0	confident	Haliangium_sp.	Bacteria
64a6a631-614f-4fb9-95b7-e55b069156fb	73012	1.0	confident	Haliangium_sp.	Bacteria
3578b3c0-85dc-431c-acee-366f5cd1128d	73012	1.0	confident	Haliangium_sp.	Bacteria
bc683011-04d9-4169-9cac-ffbbbb6acb55	73012	1.0	confident	Haliangium_sp.	Bacteria
1850863f-6f1d-417d-befa-596a572f1c9e	73012	1.0	confident	Haliangium_sp.	Bacteria
937556cb-ebbd-4239-8779-25eaf9522ecd	73012	1.0	confident	Haliangium_sp.	Bacteria
7bb5d39f-dd23-4595-900a-fcf316357a6e	73012	1.0	confident	Haliangium_sp.	Bacteria
1c8c6319-10a5-447e-b069-a5bca9e8ed47	73012	1.0	confident	Haliangium_sp.	Bacteria
7e7e7b97-9589-4282-983b-958f06d21c41	73012	1.0	confident	Haliangium_sp.	Bacteria
0e1d6559-9db6-41c7-8be4-a6d21a4d89fe	73012	1.0	confident	Haliangium_sp.	Bacteria
4cbab15c-7736-492b-9f31-3f5934e41554	73012	1.0	confident	Haliangium_sp.	Bacteria
22acfa68-8f78-4537-87df-732363d5979e	73012	1.0	confident	Haliangium_sp.	Bacteria
4eeee866-10f2-4071-9327-dbaed9cbbe26	73012	1.0	confident	Haliangium_sp.	Bacteria
677b07c2-246e-47a5-ad81-64edd060ca41	73012	1.0	confident	Haliangium_sp.	Bacteria
d306ed25-b84b-4228-b181-5cbe6aabbbb2	73012	1.0	confident	Haliangium_sp.	Bacteria
63445afd-9be3-4882-9072-f0d365d6baec	73012	1.0	confident	Haliangium_sp.	Bacteria
0acda013-fbd4-4558-9d70-36115aa18afd	73012	1.0	confident	Haliangium_sp.	Bacteria
35dddd00-ba18-4285-91aa-f88e614254c6	73012	1.0	confident	Haliangium_sp.	Bacteria
b0641ce1-8a74-496b-aca4-01587cf6e376	73012	1.0	confident	Haliangium_sp.	Bacteria
ad2d59b2-7a95-475f-acd9-5ebbbffc3c93	73012	1.0	confident	Haliangium_sp.	Bacteria
77ddd7e3-d55a-4462-bce5-a2eb760a3d16	73012	1.0	confident	Haliangium_sp.	Bacteria
9640a0ed-8af7-446e-9cd0-108a24d3e211	73012	1.0	confident	Haliangium_sp.	Bacteria
5990a7f8-7b3b-4919-9099-486473b95248	73012	1.0	confident	Haliangium_sp.	Bacteria
1175d158-923d-4782-bfbb-9b8afe3c5503	73012	1.0	confident	Haliangium_sp.	Bacteria
22b7b5aa-ad6a-4ce5-ae4d-b896ced6ce72	73012	1.0	confident	Haliangium_sp.	Bacteria
ce942230-759e-4d01-b1b3-62f6c3aeb4c7	73012	1.0	confident	Haliangium_sp.	Bacteria
58fd7c92-1a96-4b5b-b4f6-1a49230f9408	73012	1.0	confident	Haliangium_sp.	Bacteria
155f73a5-3a8c-4bae-b6d8-22afcc064b4a	73012	1.0	confident	Haliangium_sp.	Bacteria
35daead5-2817-4c47-ada4-75efeff9d35b	73012	1.0	confident	Haliangium_sp.	Bacteria
8ef0ccc7-138b-4e32-98dc-0e75c269778e	73012	1.0	confident	Haliangium_sp.	Bacteria
44358b6e-64b1-4b32-9ead-d4478cb9ceed	73012	1.0	confident	Haliangium_sp.	Bacteria
8370d3ea-1fcc-4c33-8e2a-b3f10bba889c	73012	1.0	confident	Haliangium_sp.	Bacteria
43da0437-2042-4e73-aecf-340011427c83	73012	1.0	confident	Haliangium_sp.	Bacteria
b5afcb00-0dfe-4010-add8-f6a0c3e32434	73012	1.0	confident	Haliangium_sp.	Bacteria
2e97845a-3c8e-4a56-8b9a-cfff1b15012b	73012	1.0	confident	Haliangium_sp.	Bacteria
c584f275-e811-461b-b8ff-8df4ab849c54	73012	1.0	confident	Haliangium_sp.	Bacteria
f6a21e08-216e-4b05-8ed0-46b4d300f53b	73012	1.0	confident	Haliangium_sp.	Bacteria
da8715a6-054d-44be-9aee-a84819f96b6f	73012	1.0	confident	Haliangium_sp.	Bacteria
6e7ac0f6-b4c2-4efa-87d5-c30d79d5e9fa	73012	1.0	confident	Haliangium_sp.	Bacteria
4b770f7e-f718-4714-8594-f7e201a67e69	73012	1.0	confident	Haliangium_sp.	Bacteria
a2b6349b-1fdc-4cb1-9af0-2d6b905df6be	73012	1.0	confident	Haliangium_sp.	Bacteria
b66300a2-d865-4611-8dc4-7c99e271191b	73012	1.0	confident	Haliangium_sp.	Bacteria
4d06a992-23a5-4860-ae63-99a2d0444455	73012	1.0	confident	Haliangium_sp.	Bacteria
2b176468-8431-44eb-8f31-8bd9feb3fdd4	73012	1.0	confident	Haliangium_sp.	Bacteria
5d6e526b-0116-4a45-9e5a-ce57beecdf20	73012	1.0	confident	Haliangium_sp.	Bacteria
059e0342-441e-434d-8181-c1d022962b63	73012	1.0	confident	Haliangium_sp.	Bacteria
4f0ce98c-8304-4442-a173-81c820fc84bb	73012	1.0	confident	Haliangium_sp.	Bacteria
dadadee1-8187-4f20-a7e6-67066b4a1ef3	73012	1.0	confident	Haliangium_sp.	Bacteria
4875cbbe-8e80-402f-88eb-a2a046e697cd	73012	1.0	confident	Haliangium_sp.	Bacteria
bdc0915f-908f-4c4f-a813-8186ef6d747d	73012	1.0	confident	Haliangium_sp.	Bacteria
9a50f103-b242-433d-8298-b5a2bb63b25d	73012	1.0	confident	Haliangium_sp.	Bacteria
6c86d07f-86a7-4ffc-a4c7-c07043844ea2	73012	1.0	confident	Haliangium_sp.	Bacteria
ccc539ae-541f-4e00-8461-9ab64307cfdb	73012	1.0	confident	Haliangium_sp.	Bacteria
6e20a70d-ca0a-4975-b959-c6df75d2ae24	73012	1.0	confident	Haliangium_sp.	Bacteria
4d576af6-cb90-46d0-849a-1f0ecc86714c	73012	1.0	confident	Haliangium_sp.	Bacteria
37aff3db-3beb-4e65-a619-0cc017c3912a	73012	1.0	confident	Haliangium_sp.	Bacteria
9ab8ebb4-62dc-4d6e-97a0-7956dc544351	73012	1.0	confident	Haliangium_sp.	Bacteria
9e0c2ffe-b689-48aa-b766-2e6f2d405cc2	73012	1.0	confident	Haliangium_sp.	Bacteria
4ec56e02-f30b-43ca-ae44-af6ae744a28b	73012	1.0	confident	Haliangium_sp.	Bacteria
2b9cc627-9869-48f5-8559-036856f76db7	73012	1.0	confident	Haliangium_sp.	Bacteria
eb4f7831-cfae-4e67-a06f-a061747bbc4e	73012	1.0	confident	Haliangium_sp.	Bacteria
18208807-4a46-4a64-aa28-3b67dcdce8b9	73012	1.0	confident	Haliangium_sp.	Bacteria
6c5053d5-5c39-415b-8170-b9311d932cff	73012	1.0	confident	Haliangium_sp.	Bacteria
59a34894-84c5-4268-9487-fd9fded8e417	73012	1.0	confident	Haliangium_sp.	Bacteria
7b60b083-11c5-4efd-bf87-ec81405180d0	73012	1.0	confident	Haliangium_sp.	Bacteria
bb470add-f289-4dc4-9424-c3f6e3e17c27	73012	1.0	confident	Haliangium_sp.	Bacteria
7ff70eca-bfb2-4bde-852e-5e2a7ad9186a	73012	1.0	confident	Haliangium_sp.	Bacteria
57ca3d3e-8f11-46d0-900e-06360148cede	73012	1.0	confident	Haliangium_sp.	Bacteria
4ef6abe1-f5d4-4399-b05b-dbb7f6a52df6	73012	1.0	confident	Haliangium_sp.	Bacteria
50846546-c49b-4552-8825-c56bd5eb351d	73012	1.0	confident	Haliangium_sp.	Bacteria
7e8bf666-472d-453f-b587-b4da3e8b8fcd	73012	1.0	confident	Haliangium_sp.	Bacteria
7deb5566-65be-4134-a2f1-b1787b7551a9	73012	1.0	confident	Haliangium_sp.	Bacteria
992f337a-a3e6-4bff-aecf-dc3e4c13ec07	73012	1.0	confident	Haliangium_sp.	Bacteria
32f4df17-e22b-4983-887d-dd6567bc2c0b	73012	1.0	confident	Haliangium_sp.	Bacteria
c759f37b-66e4-4208-abe9-76768f9439c4	73012	1.0	confident	Haliangium_sp.	Bacteria
5a0ffef5-af9b-427d-ba53-8ba0e9f38434	73012	1.0	confident	Haliangium_sp.	Bacteria
5b6f0f82-43be-4818-a7fe-ae3ced545cae	73012	1.0	confident	Haliangium_sp.	Bacteria
84135657-796d-49db-bfa6-ff09883d5cda	73012	1.0	confident	Haliangium_sp.	Bacteria
f8651b68-8b72-4950-8fdf-9736a2f1e649	73012	1.0	confident	Haliangium_sp.	Bacteria
15bfb8d6-229d-4523-aaaa-0e6f49244496	73012	1.0	confident	Haliangium_sp.	Bacteria
ec7770e9-7375-462a-8a75-eed402215255	73012	1.0	confident	Haliangium_sp.	Bacteria
48b7fc0a-a4c3-4b0c-bbf4-3e1f49fc9269	73012	1.0	confident	Haliangium_sp.	Bacteria
0d246b00-cd7e-47da-95f3-1da8b92cf3d0	73012	1.0	confident	Haliangium_sp.	Bacteria
0be3c1b8-7331-48fd-b404-ccd08d5483cc	73012	1.0	confident	Haliangium_sp.	Bacteria
b05f8ae2-a0d1-4523-b285-8e45a166fd48	73012	1.0	confident	Haliangium_sp.	Bacteria
1b44e796-0a20-43fa-b2c9-a155de8a98e6	73012	1.0	confident	Haliangium_sp.	Bacteria
3c37e8eb-ab21-46c3-99a2-6c67ff05a8fc	73012	1.0	confident	Haliangium_sp.	Bacteria
14c86934-9279-4083-a854-c8a97085dc9b	73012	1.0	confident	Haliangium_sp.	Bacteria
bda389fc-86f6-4b7f-bb33-b21ee3f7b639	73012	1.0	confident	Haliangium_sp.	Bacteria
ad795dc1-e8b9-4635-a7bc-3678aceb238b	73012	1.0	confident	Haliangium_sp.	Bacteria
70a30fea-02c2-4965-a677-bff890f9281d	73012	1.0	confident	Haliangium_sp.	Bacteria
4f71ce98-83dd-422c-9967-56b37896cf09	73012	1.0	confident	Haliangium_sp.	Bacteria
3c597389-9ad2-4f89-98f3-50c330470e0e	73012	1.0	confident	Haliangium_sp.	Bacteria
4d3ca6a1-a9e5-45d1-82f8-b0299d2e106d	73012	1.0	confident	Haliangium_sp.	Bacteria
4db36491-6058-4645-900a-4b5a7e2e9c08	73012	1.0	confident	Haliangium_sp.	Bacteria
159d8bfd-704a-49e5-9bc9-99da0834fb3c	73012	1.0	confident	Haliangium_sp.	Bacteria
5db454f1-f34c-443d-893f-cb7db46e908e	73012	1.0	confident	Haliangium_sp.	Bacteria
fc915e71-4e9c-43e9-a67b-2b5159913153	73012	1.0	confident	Haliangium_sp.	Bacteria
45e61ea8-dd89-4007-9304-f70c506cfa06	73012	1.0	confident	Haliangium_sp.	Bacteria
90e1cabc-d34f-47cd-bde3-6082e2cff3b8	73012	1.0	confident	Haliangium_sp.	Bacteria
7b97a189-6b94-4486-b097-ebf14cf6ca7d	73012	1.0	confident	Haliangium_sp.	Bacteria
44434b43-1b05-4f90-ae13-2adcaba9cf7f	73012	1.0	confident	Haliangium_sp.	Bacteria
5bbc1c7e-850b-4a20-8e1c-5d27bdb23a71	73012	1.0	confident	Haliangium_sp.	Bacteria
06269c88-3a21-409c-af4d-8633e700f441	73012	1.0	confident	Haliangium_sp.	Bacteria
ec349da2-a7a6-4434-89cc-5dcca0bf5b61	73012	1.0	confident	Haliangium_sp.	Bacteria
22c68b5f-7e5c-420c-a81c-43558c9c1d62	73012	1.0	confident	Haliangium_sp.	Bacteria
f89b99f8-a092-4116-bd78-87693739faed	73012	1.0	confident	Haliangium_sp.	Bacteria
a47d0403-f5d9-4c45-9838-8d9e8c1bbe24	73012	1.0	confident	Haliangium_sp.	Bacteria
7b8de329-e9e0-4880-b641-3b6dd1a88145	73012	1.0	confident	Haliangium_sp.	Bacteria
672f4bfc-4b17-4462-9b1e-4abff6185488	73012	1.0	confident	Haliangium_sp.	Bacteria
fdc89557-a372-451b-9052-cc2213ab46f6	73012	1.0	confident	Haliangium_sp.	Bacteria
8ee7fdf5-cdae-409d-b08a-ae89b6667b03	73012	1.0	confident	Haliangium_sp.	Bacteria
4522005c-158a-42ca-b2fc-f67a12517173	73012	1.0	confident	Haliangium_sp.	Bacteria
e06071fd-692a-433e-922c-80551cd0d239	73012	1.0	confident	Haliangium_sp.	Bacteria
0959c199-c50e-4002-9362-f85353eb08c6	73012	1.0	confident	Haliangium_sp.	Bacteria
e714581c-39e5-4a5e-8ac3-329a72676346	73012	1.0	confident	Haliangium_sp.	Bacteria
4f646237-147d-4d3e-a8c0-ddcacd1f92db	73012	1.0	confident	Haliangium_sp.	Bacteria
6274f1f0-046c-44d0-9eee-d8f1f47d6b77	73012	1.0	confident	Haliangium_sp.	Bacteria
ad279deb-d008-4e5e-9f44-0172eaca955e	73012	1.0	confident	Haliangium_sp.	Bacteria
17520593-70d7-499e-a915-93ef2895295d	73012	1.0	confident	Haliangium_sp.	Bacteria
161296eb-dd0b-420c-a9f1-0eda37180fde	73012	1.0	confident	Haliangium_sp.	Bacteria
fe678c40-53c8-4239-b892-1672b41130da	913326	1.0	confident	Skermanella stibiiresistens	Bacteria
2bfd1eab-fcc8-4699-930a-b05a74c9f96b	913326	1.0	confident	Skermanella stibiiresistens	Bacteria
b6f4782a-c337-45af-bb3a-ce262ff3281a	913326	1.0	confident	Skermanella stibiiresistens	Bacteria
f38db72f-23bf-438d-93f0-77acbf6946e7	913326	1.0	confident	Skermanella stibiiresistens	Bacteria
be9ab773-9da6-46cc-99fb-6b77429b9a56	913326	1.0	confident	Skermanella stibiiresistens	Bacteria
6fddc8d4-0477-4dfe-b062-2a8a8e54ad18	913326	1.0	confident	Skermanella stibiiresistens	Bacteria
f5e0acc5-6969-4606-a31e-44b2577f6c20	913326	1.0	confident	Skermanella stibiiresistens	Bacteria
f3e138ee-4bbc-450d-aa17-b1f0cdf9b264	913326	1.0	confident	Skermanella stibiiresistens	Bacteria
896d3cc3-aa73-4541-8816-e0d5b1bf17ee	913326	1.0	confident	Skermanella stibiiresistens	Bacteria
e1bb68c9-8d43-43f6-adfd-5e97d8fa42f4	913326	1.0	confident	Skermanella stibiiresistens	Bacteria
0a0d2a91-ff69-4699-954d-161ef3cc166f	913326	1.0	confident	Skermanella stibiiresistens	Bacteria
288d2985-3cd9-4969-9ac0-d38ce36ee2a0	913326	1.0	confident	Skermanella stibiiresistens	Bacteria
1e223ee7-5701-4a45-b5e7-3a98c4706d47	913326	1.0	confident	Skermanella stibiiresistens	Bacteria
1ee80035-7955-4150-979e-f55a95e056ca	913326	1.0	confident	Skermanella stibiiresistens	Bacteria
d438c648-5e1f-436d-8bc3-c793e9a13be3	913326	1.0	confident	Skermanella stibiiresistens	Bacteria
8be4a270-3f62-4f60-92bd-a566248e0a13	913326	1.0	confident	Skermanella stibiiresistens	Bacteria
7c03c353-d308-463e-82cf-6cf0d9966717	913326	1.0	confident	Skermanella stibiiresistens	Bacteria
cfa740f1-256c-4014-84ab-4d6f54948521	913326	1.0	confident	Skermanella stibiiresistens	Bacteria
dc298806-c540-4581-83d3-2f109b478016	913326	1.0	confident	Skermanella stibiiresistens	Bacteria
e94fcfa4-264b-4f4c-a564-4e29f1bfa4f2	913326	1.0	confident	Skermanella stibiiresistens	Bacteria
23092424-e5bb-4396-a878-32a55bc2fc1f	913326	1.0	confident	Skermanella stibiiresistens	Bacteria
c304d8da-b8cc-4197-b540-909543a7f4db	913326	1.0	confident	Skermanella stibiiresistens	Bacteria
cefaea44-8b1e-4677-87bf-7a11087b9453	913326	1.0	confident	Skermanella stibiiresistens	Bacteria
6319de52-4483-4858-a6be-841031ab0e4d	913326	1.0	confident	Skermanella stibiiresistens	Bacteria
8a2992d5-fa1c-40a0-95e4-7945461126af	913326	1.0	confident	Skermanella stibiiresistens	Bacteria
390a2f4a-8bf3-4b16-90eb-4eec3bf7a2d9	913326	1.0	confident	Skermanella stibiiresistens	Bacteria
8491f3e0-8a07-41bf-892a-992f20bbedc3	913326	1.0	confident	Skermanella stibiiresistens	Bacteria
ed3501e4-3690-4d0e-bb61-77eca651cd3c	913326	1.0	confident	Skermanella stibiiresistens	Bacteria
7e196fd8-7517-4bb4-a5f7-d86cbe5250ee	913326	1.0	confident	Skermanella stibiiresistens	Bacteria
2901ab14-16e6-4ac3-8f10-ac16831469b1	913326	1.0	confident	Skermanella stibiiresistens	Bacteria
d6fa2f93-16b3-410b-8811-f36cf0dd23e6	913326	1.0	confident	Skermanella stibiiresistens	Bacteria
d919a8b3-fe7c-43c2-8d27-f321b3348223	913326	1.0	confident	Skermanella stibiiresistens	Bacteria
c80e8223-2ec9-4648-a1c3-9f1958ab4ed8	913326	1.0	confident	Skermanella stibiiresistens	Bacteria
5fea027d-a15b-46b6-a75f-b051ace04e7b	913326	1.0	confident	Skermanella stibiiresistens	Bacteria
5a3c45d3-e877-4eb4-9089-7b324453f138	913326	1.0	confident	Skermanella stibiiresistens	Bacteria
bf8625ca-cd85-4908-9805-93a358396925	913326	1.0	confident	Skermanella stibiiresistens	Bacteria
97e93daa-d839-425f-955b-def293699525	913326	1.0	confident	Skermanella stibiiresistens	Bacteria
98660ddb-9e09-49b7-8194-9ce23e651f22	913326	1.0	confident	Skermanella stibiiresistens	Bacteria
da52dd6b-d8d0-4195-80ce-0c03b4734754	913326	1.0	confident	Skermanella stibiiresistens	Bacteria
aa098de4-9074-4423-87fa-38d303d1d618	913326	1.0	confident	Skermanella stibiiresistens	Bacteria
5941e0cc-af69-46ba-95f7-f29530fa0c74	913326	1.0	confident	Skermanella stibiiresistens	Bacteria
a97949ed-3d58-40c3-935e-a7b133fda61a	913326	1.0	confident	Skermanella stibiiresistens	Bacteria
d2769933-b868-473d-8788-2bec4249d823	913326	1.0	confident	Skermanella stibiiresistens	Bacteria
9b3f05cb-7574-4dcb-8318-5588243ee937	913326	1.0	confident	Skermanella stibiiresistens	Bacteria
ccfeb600-9431-4ea1-a383-a167add9e5b9	913326	1.0	confident	Skermanella stibiiresistens	Bacteria
5274dfd9-780e-49ee-b065-adce47f4104b	913326	1.0	confident	Skermanella stibiiresistens	Bacteria
bb5dee10-a2b6-43c0-b38b-19ca92e8c152	913326	1.0	confident	Skermanella stibiiresistens	Bacteria
178e20f6-8f69-4aa2-a6a8-ba7c1c3738d2	913326	1.0	confident	Skermanella stibiiresistens	Bacteria
1c62a0d3-6e86-4f20-b02c-1e2bdf5bec04	913326	1.0	confident	Skermanella stibiiresistens	Bacteria
0263674a-a8aa-4f8f-80a9-7c914e5fb763	913326	1.0	confident	Skermanella stibiiresistens	Bacteria
a981c344-a046-4995-9824-ef374caf450e	913326	1.0	confident	Skermanella stibiiresistens	Bacteria
89ac9bed-b6bb-4122-a8df-6c1efe806aec	913326	1.0	confident	Skermanella stibiiresistens	Bacteria
1af2217d-97e8-48c5-b182-d9425932a42a	913326	1.0	confident	Skermanella stibiiresistens	Bacteria
8a4daa58-e5e7-47f6-9472-bbd56409d2be	913326	1.0	confident	Skermanella stibiiresistens	Bacteria
8246ceaf-8dd0-42ed-944c-33a2214a2200	913326	1.0	confident	Skermanella stibiiresistens	Bacteria
01a6921d-3071-4ad6-9710-3b2a59d9ed8e	913326	1.0	confident	Skermanella stibiiresistens	Bacteria
55fe3407-9bed-407f-922c-d897a9ee3ec7	913326	1.0	confident	Skermanella stibiiresistens	Bacteria
18d5f2c4-38d7-42a5-a1a5-fdc4a6685348	913326	1.0	confident	Skermanella stibiiresistens	Bacteria
61f37606-ca57-410f-87bf-a621d17374c5	913326	1.0	confident	Skermanella stibiiresistens	Bacteria
f7214737-37bd-44dd-a7a8-125b22f4f1e0	913326	1.0	confident	Skermanella stibiiresistens	Bacteria
6c267be9-c59d-43a1-9479-dbf92f870af6	913326	1.0	confident	Skermanella stibiiresistens	Bacteria
29fb685d-0e02-4ed8-afe1-701be4d9b8d9	913326	1.0	confident	Skermanella stibiiresistens	Bacteria
6d182155-60ed-4689-ab28-a24b9532e55b	913326	1.0	confident	Skermanella stibiiresistens	Bacteria
8f81da9f-8c74-40fe-942e-28977e5ec98d	913326	1.0	confident	Skermanella stibiiresistens	Bacteria
165feea9-c8b3-446b-a21f-29579dc56bde	913326	1.0	confident	Skermanella stibiiresistens	Bacteria
a0db0191-6bae-4d95-9bf4-8c7763e40050	913326	1.0	confident	Skermanella stibiiresistens	Bacteria
dce788ff-5e17-4326-9ee8-a1d77047f5f3	913326	1.0	confident	Skermanella stibiiresistens	Bacteria
d6578381-91ba-40f7-b217-20c8f51e8acd	913326	1.0	confident	Skermanella stibiiresistens	Bacteria
a0ae628e-5c18-4505-a9eb-f9def1339cb6	913326	1.0	confident	Skermanella stibiiresistens	Bacteria
d84fc282-fe9f-4921-b55a-8a40af6a87dc	913326	1.0	confident	Skermanella stibiiresistens	Bacteria
265b8133-5e07-4778-85a9-22f09e3e831c	913326	1.0	confident	Skermanella stibiiresistens	Bacteria
f0ec21f2-c5e7-4193-84de-9c25716ec742	913326	1.0	confident	Skermanella stibiiresistens	Bacteria
447281ee-1e5c-4cef-a134-107dc6161bb1	913326	1.0	confident	Skermanella stibiiresistens	Bacteria
d09fd7f0-9112-4cee-825b-9701d1487d8a	913326	1.0	confident	Skermanella stibiiresistens	Bacteria
0cf9ce20-47d4-4bd4-948d-ab272da6cfbd	913326	1.0	confident	Skermanella stibiiresistens	Bacteria
94f75f54-12d4-4d6e-8990-0832eaff5f6d	913326	1.0	confident	Skermanella stibiiresistens	Bacteria
6b68e6b0-5030-4fd5-bdc6-b0c69070294e	913326	1.0	confident	Skermanella stibiiresistens	Bacteria
cbcaad57-5342-4f08-9b9f-1f0c883f2e94	913326	1.0	confident	Skermanella stibiiresistens	Bacteria
a3bbed39-4b9d-4e69-b80d-ed645c62e997	913326	1.0	confident	Skermanella stibiiresistens	Bacteria
1d0d0fa7-6fa8-4b40-b2f5-9c43c6e8a961	913326	1.0	confident	Skermanella stibiiresistens	Bacteria
12a31be7-c91d-45b2-926b-2212785dae65	913326	1.0	confident	Skermanella stibiiresistens	Bacteria
031f2092-d770-4cf7-8ca7-608323814463	913326	1.0	confident	Skermanella stibiiresistens	Bacteria
8b1998f8-3809-48c9-89fa-17e9f44ca973	913326	1.0	confident	Skermanella stibiiresistens	Bacteria
7fc3c936-ea87-4630-9067-1f9373ddf567	913326	1.0	confident	Skermanella stibiiresistens	Bacteria
de5e4baf-872b-4507-95c2-4fc43cca8a10	913326	1.0	confident	Skermanella stibiiresistens	Bacteria
8e1c10e4-aeba-4c19-830f-956630741586	913326	1.0	confident	Skermanella stibiiresistens	Bacteria
4634f93c-2dd2-48cc-9b39-4fb1765e251e	913326	1.0	confident	Skermanella stibiiresistens	Bacteria
f5bd4968-be63-4914-8b63-c39863aa3ef0	913326	1.0	confident	Skermanella stibiiresistens	Bacteria
d40d83ee-5f92-48b0-b7e0-9eb9e9be976c	913326	1.0	confident	Skermanella stibiiresistens	Bacteria
f3818f21-27ed-4528-9b58-8ca36ce634ff	913326	1.0	confident	Skermanella stibiiresistens	Bacteria
822b96e0-59e2-4971-9fcd-d335cb03c8d9	913326	1.0	confident	Skermanella stibiiresistens	Bacteria
c3c63be8-e76d-4035-9703-9f1584b08e19	913326	1.0	confident	Skermanella stibiiresistens	Bacteria
b1fc1b4b-ae67-4832-9a2a-7e45c996930e	913326	1.0	confident	Skermanella stibiiresistens	Bacteria
aff23685-8014-4f46-b396-5213229165e5	913326	1.0	confident	Skermanella stibiiresistens	Bacteria
17ebe1d6-1b5e-4560-8096-ce19bef94e2f	913326	1.0	confident	Skermanella stibiiresistens	Bacteria
b748e259-ec3e-4803-8889-0243c673c7a7	913326	1.0	confident	Skermanella stibiiresistens	Bacteria
8f5f9265-15ab-4789-97c4-4607321e374b	913326	1.0	confident	Skermanella stibiiresistens	Bacteria
e42c5391-0510-493d-95d8-dd6039c75111	913326	1.0	confident	Skermanella stibiiresistens	Bacteria
c44fc8eb-c922-48d5-b873-f8f8c92fa45e	913326	1.0	confident	Skermanella stibiiresistens	Bacteria
f9dce6cd-b018-4138-95ef-8cb0c098ee0c	913326	1.0	confident	Skermanella stibiiresistens	Bacteria
5ce2738d-af7b-4b2d-8dd7-e6b690079479	913326	1.0	confident	Skermanella stibiiresistens	Bacteria
361e9453-86ef-426f-9bc9-9274331c82ef	913326	1.0	confident	Skermanella stibiiresistens	Bacteria
f1e787a3-0c37-4c98-a42c-4abd33e012fa	913326	1.0	confident	Skermanella stibiiresistens	Bacteria
8a548dd2-1272-4fd6-a271-0652e4d72096	913326	1.0	confident	Skermanella stibiiresistens	Bacteria
8eae575d-63a7-4bfd-9e71-6ad3fc329f35	913326	1.0	confident	Skermanella stibiiresistens	Bacteria
7139fa0b-e147-4591-9ee9-173eb7ae2f71	913326	1.0	confident	Skermanella stibiiresistens	Bacteria
041c53b4-f061-413d-9591-a90568f13c77	913326	1.0	confident	Skermanella stibiiresistens	Bacteria
d2a959ba-83d8-40b6-88b2-7e61c8684308	913326	1.0	confident	Skermanella stibiiresistens	Bacteria
f7ae507c-b87f-4a63-b111-492785e7622e	913326	1.0	confident	Skermanella stibiiresistens	Bacteria
72ced2df-a281-4b87-82e3-6217ceb82632	913326	1.0	confident	Skermanella stibiiresistens	Bacteria
78e7823c-3148-4131-b1de-4a03dc696802	913326	1.0	confident	Skermanella stibiiresistens	Bacteria
a769869d-eeef-4129-9bd6-58e6aee262ea	913326	1.0	confident	Skermanella stibiiresistens	Bacteria
118cde2d-16bb-4f6a-b0fe-98a43f383bd5	913326	1.0	confident	Skermanella stibiiresistens	Bacteria
b0abe5a8-1267-4f17-afc7-5c48a26a316e	913326	1.0	confident	Skermanella stibiiresistens	Bacteria
1e726b40-c370-46b5-a93a-e39fc60ece0f	913326	1.0	confident	Skermanella stibiiresistens	Bacteria
6af277a0-9d55-400f-a006-f3b219b49ee6	913326	1.0	confident	Skermanella stibiiresistens	Bacteria
ab7d861f-4008-4280-8f99-fc98e99414d8	913326	1.0	confident	Skermanella stibiiresistens	Bacteria
5f31cde7-d175-474c-9a8f-93721209f480	913326	1.0	confident	Skermanella stibiiresistens	Bacteria
3b695abf-54d9-4147-8878-f9e5c44f6c29	913326	1.0	confident	Skermanella stibiiresistens	Bacteria
723a5742-7a89-43f6-bfd0-796fa0585fe1	913326	1.0	confident	Skermanella stibiiresistens	Bacteria
1fad1291-bb14-405d-9af9-4fdac0f9260d	913326	1.0	confident	Skermanella stibiiresistens	Bacteria
a5cb1d64-ec4b-4067-bb4d-7a742ab7b14d	913326	1.0	confident	Skermanella stibiiresistens	Bacteria
d3838850-c196-4810-a207-839a79933744	913326	1.0	confident	Skermanella stibiiresistens	Bacteria
8e78ffa2-7371-480a-8089-b43b5f0c709e	913326	1.0	confident	Skermanella stibiiresistens	Bacteria
d1f2a3bf-7c12-4205-aeb6-baa5ef31037f	913326	1.0	confident	Skermanella stibiiresistens	Bacteria
8525c470-bef5-453f-b03c-9d6fa18fbdd7	913326	1.0	confident	Skermanella stibiiresistens	Bacteria
e2b2372c-efa5-4878-92fc-60a47952c097	913326	1.0	confident	Skermanella stibiiresistens	Bacteria
312665ac-7914-4ce5-a701-b1c0c717c41a	913326	1.0	confident	Skermanella stibiiresistens	Bacteria
e96dbe85-c0b0-4444-9ce5-40692fcc1464	913326	1.0	confident	Skermanella stibiiresistens	Bacteria
d834b641-af81-4d03-b524-733ca9f96422	913326	1.0	confident	Skermanella stibiiresistens	Bacteria
a032f99b-20d1-4e2d-a41d-39fffc8328d7	913326	1.0	confident	Skermanella stibiiresistens	Bacteria
6c61272d-d66f-4c2f-b882-4b1feea7a67b	913326	1.0	confident	Skermanella stibiiresistens	Bacteria
5823468f-98d9-4b8e-8f73-1ed41fa12ba0	913326	1.0	confident	Skermanella stibiiresistens	Bacteria
9499f791-84fa-4885-94b7-665cb0865b7f	913326	1.0	confident	Skermanella stibiiresistens	Bacteria
f8616fed-1b39-4e9a-bb3f-9f0917e5b8db	913326	1.0	confident	Skermanella stibiiresistens	Bacteria
0f43979d-e174-4d6d-a96c-8085f5275c55	913326	1.0	confident	Skermanella stibiiresistens	Bacteria
b2855b39-2c36-48dc-ac8c-8fb08105b2fb	913326	1.0	confident	Skermanella stibiiresistens	Bacteria
24223c65-36ce-40a5-92f2-13d3737d580d	913326	1.0	confident	Skermanella stibiiresistens	Bacteria
5c2d9d6d-2341-469a-95e1-e21fe0d2e06b	913326	1.0	confident	Skermanella stibiiresistens	Bacteria
e5296f5c-aea3-453e-99f4-70641744f675	913326	1.0	confident	Skermanella stibiiresistens	Bacteria
5c96fefe-ee31-4522-87cb-fe9fff50eeaf	913326	1.0	confident	Skermanella stibiiresistens	Bacteria
1c3ed5e9-e185-4c18-8046-f48466976254	913326	1.0	confident	Skermanella stibiiresistens	Bacteria
1ed59da0-d1f4-414a-a75d-f44303de615d	913326	1.0	confident	Skermanella stibiiresistens	Bacteria
8d4ad0bf-0722-4d66-86bd-3164591e63d5	913326	1.0	confident	Skermanella stibiiresistens	Bacteria
33d5312e-894d-4905-854e-0c97a3486a0d	913326	1.0	confident	Skermanella stibiiresistens	Bacteria
7914f4ec-9666-4bcc-bc9c-54b06314308e	913326	1.0	confident	Skermanella stibiiresistens	Bacteria
24a44227-6397-4e1a-97d5-ca959e7c433b	913326	1.0	confident	Skermanella stibiiresistens	Bacteria
a796705a-3c9c-4bc5-98ab-6c67ec4092bb	913326	1.0	confident	Skermanella stibiiresistens	Bacteria
c9d305f4-50f1-4277-b96c-707ef772496c	913326	1.0	confident	Skermanella stibiiresistens	Bacteria
387880ac-972c-4ba5-8271-bd7ec58d03dd	913326	1.0	confident	Skermanella stibiiresistens	Bacteria
28d4cd93-7eac-460a-a733-afc0d688b2f4	913326	1.0	confident	Skermanella stibiiresistens	Bacteria
e9c2f948-7b2c-4f6a-ab03-363d0e6a0ff4	913326	1.0	confident	Skermanella stibiiresistens	Bacteria
42b25a25-ec87-4293-91ce-d87248832dd8	913326	1.0	confident	Skermanella stibiiresistens	Bacteria
c4dc1bcd-7591-4288-95fc-388b1e89e04c	913326	1.0	confident	Skermanella stibiiresistens	Bacteria
21c55622-ce07-4a9f-9f20-c37c58532737	913326	1.0	confident	Skermanella stibiiresistens	Bacteria
08bfdf42-bffa-404d-adb9-dd632a836117	913326	1.0	confident	Skermanella stibiiresistens	Bacteria
f6db0814-f6c8-4c9c-a418-0f6a739c372a	913326	1.0	confident	Skermanella stibiiresistens	Bacteria
25f1e2d7-796a-4a6b-b706-7caa023766e9	913326	1.0	confident	Skermanella stibiiresistens	Bacteria
b9c546ef-1222-4400-a094-312bea4c6d0b	913326	1.0	confident	Skermanella stibiiresistens	Bacteria
c549844a-c5be-401b-961a-cc99a4fa896c	913326	1.0	confident	Skermanella stibiiresistens	Bacteria
af8284b2-2eff-40b3-9e30-4f3fda1e4340	913326	1.0	confident	Skermanella stibiiresistens	Bacteria
22141c42-1f91-415d-8f1f-cff72489df38	913326	1.0	confident	Skermanella stibiiresistens	Bacteria
6130d908-43d0-4f7a-ab96-7801c01b252b	913326	1.0	confident	Skermanella stibiiresistens	Bacteria
838f60f0-2012-4d46-82f5-1f70b9d5be4a	913326	1.0	confident	Skermanella stibiiresistens	Bacteria
a896f460-0161-4849-8a3c-5d03d8bf19f8	913326	1.0	confident	Skermanella stibiiresistens	Bacteria
640a8119-6f16-4c1a-9454-483a41002df0	913326	1.0	confident	Skermanella stibiiresistens	Bacteria
8969bf0f-1f29-4232-9aab-8831bd2f8456	913326	1.0	confident	Skermanella stibiiresistens	Bacteria
20a040a4-896d-4eef-a0d8-b0d3ca30315d	913326	1.0	confident	Skermanella stibiiresistens	Bacteria
616504b4-a316-4542-8af6-e2f532d73041	913326	1.0	confident	Skermanella stibiiresistens	Bacteria
b8be972c-c8e7-49e6-94ca-3325ca6f141b	913326	1.0	confident	Skermanella stibiiresistens	Bacteria
4a8e045f-b187-43d1-bffb-a4b749c4be18	913326	1.0	confident	Skermanella stibiiresistens	Bacteria
d1661318-a83a-4a3e-b965-41ece62e1875	913326	1.0	confident	Skermanella stibiiresistens	Bacteria
8824042d-30c7-4ab3-955c-a5d95a55a4d7	913326	1.0	confident	Skermanella stibiiresistens	Bacteria
392e8274-8391-4b80-9e75-6f30b0f6eca6	913326	1.0	confident	Skermanella stibiiresistens	Bacteria
0662e433-05e3-4efc-b27f-81f7102b36b1	913326	1.0	confident	Skermanella stibiiresistens	Bacteria
665b9898-fe44-4d36-9179-acdc46a5bb57	913326	1.0	confident	Skermanella stibiiresistens	Bacteria
d3bda6c4-2f67-4ff0-aa63-d9aa62bac963	913326	1.0	confident	Skermanella stibiiresistens	Bacteria
2f86cfa2-47a2-4574-ac63-dcb459eedca0	913326	1.0	confident	Skermanella stibiiresistens	Bacteria
a8e6e0f1-134b-40c6-a4ba-108185d60b0d	913326	1.0	confident	Skermanella stibiiresistens	Bacteria
d2323eb8-95d9-4831-9647-f6cbf4b5fc56	913326	1.0	confident	Skermanella stibiiresistens	Bacteria
2d5e3120-0f04-4a47-9754-ce43842cc64e	913326	1.0	confident	Skermanella stibiiresistens	Bacteria
786104c7-97ac-414e-8583-a9f8f3c68f93	913326	1.0	confident	Skermanella stibiiresistens	Bacteria
bd63574a-63d9-41de-8646-1dafb8268b17	913326	1.0	confident	Skermanella stibiiresistens	Bacteria
2e650981-d71c-47f9-b681-d6d24658b555	913326	1.0	confident	Skermanella stibiiresistens	Bacteria
76a348b6-e78b-493b-9c97-b6cbc995d75d	913326	1.0	confident	Skermanella stibiiresistens	Bacteria
795264aa-9ff0-4000-8a6b-f8e170ab3467	913326	1.0	confident	Skermanella stibiiresistens	Bacteria
c38fed2b-a8b6-465a-b0f2-b876f92db918	913326	1.0	confident	Skermanella stibiiresistens	Bacteria
39889c8f-766e-4270-b4b0-319b6bbaef4f	913326	1.0	confident	Skermanella stibiiresistens	Bacteria
b70f72f1-4a88-4efa-8b65-9fc9c117f7a8	913326	1.0	confident	Skermanella stibiiresistens	Bacteria
26ae47cb-080f-42f4-b715-034043349eb0	913326	1.0	confident	Skermanella stibiiresistens	Bacteria
46999250-fe05-4255-9f94-5ad64fc0fc77	913326	1.0	confident	Skermanella stibiiresistens	Bacteria
2b2299a9-4598-40bd-8fa9-49940711fbc2	913326	1.0	confident	Skermanella stibiiresistens	Bacteria
2a6f3a13-fd58-434f-8499-02b345965c7a	913326	1.0	confident	Skermanella stibiiresistens	Bacteria
5a34a46f-4940-4348-ab7e-10ccc0683431	913326	1.0	confident	Skermanella stibiiresistens	Bacteria
36b30adf-145b-4714-b2e4-827447d799f8	913326	1.0	confident	Skermanella stibiiresistens	Bacteria
0b9cfbc7-7f24-41d7-80df-d7356f2f9e56	913326	1.0	confident	Skermanella stibiiresistens	Bacteria
1480da05-c4f0-4ddf-85a1-1d37c36f433e	913326	1.0	confident	Skermanella stibiiresistens	Bacteria
670aa2a0-45d8-4c99-9f94-3c7d55a9d953	913326	1.0	confident	Skermanella stibiiresistens	Bacteria
46ae2843-590b-46b1-aadf-455ba9fe5dba	913326	1.0	confident	Skermanella stibiiresistens	Bacteria
4f51ca37-7069-42f1-ac3c-abd5702fbb7e	913326	1.0	confident	Skermanella stibiiresistens	Bacteria
e1c24aa6-5014-4ada-9ac2-4271822d884e	913326	1.0	confident	Skermanella stibiiresistens	Bacteria
9a730bed-5915-406e-8b09-637cdbbfe307	913326	1.0	confident	Skermanella stibiiresistens	Bacteria
842d19b1-9324-46e1-94bd-738e1c858c48	913326	1.0	confident	Skermanella stibiiresistens	Bacteria
61fe17cd-63fd-418d-960a-c498c78bc4b2	913326	1.0	confident	Skermanella stibiiresistens	Bacteria
70b82efe-b676-466e-acf9-a35989ded33e	913326	1.0	confident	Skermanella stibiiresistens	Bacteria
459f1c20-01c3-43bd-9702-be74d7422662	913326	1.0	confident	Skermanella stibiiresistens	Bacteria
9f51cf24-3dd5-4072-9c2b-e89da43f72ec	913326	1.0	confident	Skermanella stibiiresistens	Bacteria
09aaa1aa-c828-4ad5-94f8-ab18d4874484	913326	1.0	confident	Skermanella stibiiresistens	Bacteria
dde20872-6ba5-4a17-abeb-01c2d6d53207	913326	1.0	confident	Skermanella stibiiresistens	Bacteria
739d2e16-e086-4c6f-a736-8addfce58bdb	913326	1.0	confident	Skermanella stibiiresistens	Bacteria
0af4fc85-2cc4-4efe-bdef-75d4738d6f6c	913326	1.0	confident	Skermanella stibiiresistens	Bacteria
862c5846-fdf7-47fb-b3d9-2c609705f3c8	913326	1.0	confident	Skermanella stibiiresistens	Bacteria
61021e20-a833-41ee-a52e-d320dbd69776	913326	1.0	confident	Skermanella stibiiresistens	Bacteria
8f33ca14-2a81-4e9d-b96d-76cdf483bde3	913326	1.0	confident	Skermanella stibiiresistens	Bacteria
a7efd12d-82aa-44f7-b46a-6a41275e5706	913326	1.0	confident	Skermanella stibiiresistens	Bacteria
23cd235f-f6fb-4673-a9aa-7a7edd036cff	913326	1.0	confident	Skermanella stibiiresistens	Bacteria
99d519f9-704e-45bc-9049-52b20c75b658	913326	1.0	confident	Skermanella stibiiresistens	Bacteria
383f709a-fccd-4d63-b056-301aa9d6a3a1	913326	1.0	confident	Skermanella stibiiresistens	Bacteria
45dca595-6d49-46e1-8ec7-fa8ce38191b0	913326	1.0	confident	Skermanella stibiiresistens	Bacteria
d249ce53-8f53-4be1-8914-36dc74235c32	913326	1.0	confident	Skermanella stibiiresistens	Bacteria
0b288aab-1658-41b5-bfb2-5dbf6a3020fe	913326	1.0	confident	Skermanella stibiiresistens	Bacteria
b0887170-4b03-4e33-8344-888311bc8e60	913326	1.0	confident	Skermanella stibiiresistens	Bacteria
f8dea3ab-4677-4b9f-88e2-ae326171e524	913326	1.0	confident	Skermanella stibiiresistens	Bacteria
01ab2ca5-bee5-4e19-b20d-82ad6bd03f32	913326	1.0	confident	Skermanella stibiiresistens	Bacteria
b6731d5e-9dd8-4968-9f55-2202c132b0c2	913326	1.0	confident	Skermanella stibiiresistens	Bacteria
76be5cc9-7700-4725-b878-4ae7d64140ef	913326	1.0	confident	Skermanella stibiiresistens	Bacteria
fb95fc36-ab3d-475a-b630-5fb89cb38139	913326	1.0	confident	Skermanella stibiiresistens	Bacteria
c3ba5f76-6f87-4598-9ea0-82ec8c7017ea	913326	1.0	confident	Skermanella stibiiresistens	Bacteria
69ac0ff7-1806-4372-acdc-248a37575a42	913326	1.0	confident	Skermanella stibiiresistens	Bacteria
0a9fa5d3-29ad-4d2d-b60f-3e84dd2b4c43	913326	1.0	confident	Skermanella stibiiresistens	Bacteria
d11dc74b-1bd6-4b56-8e0f-f784d5cfd801	913326	1.0	confident	Skermanella stibiiresistens	Bacteria
1873d11b-6660-46d4-b469-26decaf6bf59	913326	1.0	confident	Skermanella stibiiresistens	Bacteria
f464a7b3-468a-4ae0-ba5f-ee84010d0354	913326	1.0	confident	Skermanella stibiiresistens	Bacteria
2f5b2dbf-7528-43b3-af58-4d3ba49cdf8a	913326	1.0	confident	Skermanella stibiiresistens	Bacteria
409e9ace-33e7-4071-a79a-4c51c0a060b2	913326	1.0	confident	Skermanella stibiiresistens	Bacteria
9ceec866-4bac-432a-af78-fc11d382d7df	913326	1.0	confident	Skermanella stibiiresistens	Bacteria
e439ef3b-66c6-44ad-a1fc-b111a80da3a3	913326	1.0	confident	Skermanella stibiiresistens	Bacteria
c5094236-99ac-44d2-be4b-32f4ee480e83	913326	1.0	confident	Skermanella stibiiresistens	Bacteria
10d871b4-08c4-41cf-836f-3eb5ec54f8f1	913326	1.0	confident	Skermanella stibiiresistens	Bacteria
f3240700-b169-4045-b8fc-60b0ab4a17d2	913326	1.0	confident	Skermanella stibiiresistens	Bacteria
112e78ee-78f3-483a-bf71-8133762b5ac3	913326	1.0	confident	Skermanella stibiiresistens	Bacteria
f098612f-a258-4cac-808e-6d2420a35a6c	913326	1.0	confident	Skermanella stibiiresistens	Bacteria
6bfb220a-437b-4069-8c7a-93f577ca1056	913326	1.0	confident	Skermanella stibiiresistens	Bacteria
7e201fd6-bf88-473e-8953-79d23068007b	913326	1.0	confident	Skermanella stibiiresistens	Bacteria
a9e050cd-fe9a-4905-a154-a129c53ffca4	913326	1.0	confident	Skermanella stibiiresistens	Bacteria
9e9d034c-f946-441c-b2a0-6b095bb29893	913326	1.0	confident	Skermanella stibiiresistens	Bacteria
99f28de7-aee6-4cfe-bc0d-43e81596eb02	913326	1.0	confident	Skermanella stibiiresistens	Bacteria
0cee456b-ea6e-400b-bb74-5d04cc80b044	913326	1.0	confident	Skermanella stibiiresistens	Bacteria
4e452950-8079-4caa-ba9d-ee93553e18ee	913326	1.0	confident	Skermanella stibiiresistens	Bacteria
7b7a4899-5507-45a7-af8f-7ca91165a47c	913326	1.0	confident	Skermanella stibiiresistens	Bacteria
56b786b6-bbc7-4dc7-815e-2657a0cd37b0	913326	1.0	confident	Skermanella stibiiresistens	Bacteria
367953dc-d484-49e9-b787-909f51f27186	913326	1.0	confident	Skermanella stibiiresistens	Bacteria
83aea240-c85f-46b4-9c8d-d59d1568f974	913326	1.0	confident	Skermanella stibiiresistens	Bacteria
2b27fdc0-425e-451d-8efa-0d363f313b55	913326	1.0	confident	Skermanella stibiiresistens	Bacteria
7c8e599b-1abb-4504-a75a-e5ea12b62e1c	913326	1.0	confident	Skermanella stibiiresistens	Bacteria
c9f413af-7f31-4002-ab91-ef254e8454b2	913326	1.0	confident	Skermanella stibiiresistens	Bacteria
d8635663-204a-4fef-b556-fb2c035ebb24	913326	1.0	confident	Skermanella stibiiresistens	Bacteria
e1e75084-ad0c-4b9f-831e-b6843e3ea8de	913326	1.0	confident	Skermanella stibiiresistens	Bacteria
ff5b4215-0c02-4f47-9f87-da99c8003fef	913326	1.0	confident	Skermanella stibiiresistens	Bacteria
a4fd4259-3397-4c41-8dd1-280f6cd34f70	913326	1.0	confident	Skermanella stibiiresistens	Bacteria
d5bbd45e-d6ea-4c5a-8647-70ae7817a945	913326	1.0	confident	Skermanella stibiiresistens	Bacteria
1efa6ec3-1bc4-4e49-a8d0-52b6ee44346f	913326	1.0	confident	Skermanella stibiiresistens	Bacteria
d043b97a-715c-4d0c-bf4e-38beeb91b71d	913326	1.0	confident	Skermanella stibiiresistens	Bacteria
0129e1be-0440-40ca-9307-834f0c166ba7	913326	1.0	confident	Skermanella stibiiresistens	Bacteria
0af144a8-36e2-422d-8b05-b4fd80d99b08	913326	1.0	confident	Skermanella stibiiresistens	Bacteria
626b8b96-7fde-4375-a518-5d6529b3dd17	913326	1.0	confident	Skermanella stibiiresistens	Bacteria
918bbb69-2c61-4b24-9a49-fadb48f6eaf3	913326	1.0	confident	Skermanella stibiiresistens	Bacteria
6ac358f4-8ae5-4f2e-bba1-74fa57ea2b8c	913326	1.0	confident	Skermanella stibiiresistens	Bacteria
6ccc2c36-b401-4ceb-a694-6ed2e069060c	913326	1.0	confident	Skermanella stibiiresistens	Bacteria
5667adac-3c61-42cf-adf1-2defc2b26231	913326	1.0	confident	Skermanella stibiiresistens	Bacteria
a8342ce5-7c37-4e80-b824-66b89f93d3b8	913326	1.0	confident	Skermanella stibiiresistens	Bacteria
176136a7-03a4-47f8-bf84-2fc3c0d00520	913326	1.0	confident	Skermanella stibiiresistens	Bacteria
a13249f0-23e4-4941-a8fa-974d8e2335b5	913326	1.0	confident	Skermanella stibiiresistens	Bacteria
0d628007-6168-4816-b5f8-c197a3750c73	913326	1.0	confident	Skermanella stibiiresistens	Bacteria
fa67027e-85cf-4ee9-9d06-0d1a37ee4390	913326	1.0	confident	Skermanella stibiiresistens	Bacteria
99068d62-3b7a-48f7-b2c2-18a132f269ec	913326	1.0	confident	Skermanella stibiiresistens	Bacteria
63d380a1-3bcf-44a3-bb17-3bc3c840e375	913326	1.0	confident	Skermanella stibiiresistens	Bacteria
0159cb4a-4c9e-43df-9158-1b2beffb1a2e	913326	1.0	confident	Skermanella stibiiresistens	Bacteria
58ee5e38-2c5f-4a36-beb2-30708502f5fc	913326	1.0	confident	Skermanella stibiiresistens	Bacteria
16803a7a-6a20-4098-9e31-c5dad0f85661	913326	1.0	confident	Skermanella stibiiresistens	Bacteria
9e1e0688-6c01-4d32-9194-b522d9e22313	913326	1.0	confident	Skermanella stibiiresistens	Bacteria
1a359ac3-ad65-463b-9dd9-82742b48cee0	913326	1.0	confident	Skermanella stibiiresistens	Bacteria
779862d4-034a-4764-96e5-4f9f965ca6ec	913326	1.0	confident	Skermanella stibiiresistens	Bacteria
da6fec44-d833-4e1e-b443-3166cf47f9de	913326	1.0	confident	Skermanella stibiiresistens	Bacteria
603d0ab7-1849-4e74-8462-60bc4f99250a	913326	1.0	confident	Skermanella stibiiresistens	Bacteria
f2050288-d013-4fa4-98f5-0aabd46fd151	913326	1.0	confident	Skermanella stibiiresistens	Bacteria
0735032d-da0b-4676-801f-df73b25d4f03	913326	1.0	confident	Skermanella stibiiresistens	Bacteria
8476ee25-2b66-4af8-8543-b599b9d341e5	913326	1.0	confident	Skermanella stibiiresistens	Bacteria
332d2601-0ab4-49a2-a806-f762fec2d53c	913326	1.0	confident	Skermanella stibiiresistens	Bacteria
ee895113-7bbe-4bbf-8298-0277ba6b1dd3	913326	1.0	confident	Skermanella stibiiresistens	Bacteria
dfe69f2f-ccd8-4b44-8cd7-7b54f068459b	913326	1.0	confident	Skermanella stibiiresistens	Bacteria
7543a02b-717a-45d1-9372-bc6d1ee4bc75	913326	1.0	confident	Skermanella stibiiresistens	Bacteria
052fdd03-bfcc-4e3d-8b1c-c92d3bd848e8	913326	1.0	confident	Skermanella stibiiresistens	Bacteria
e65f2712-7455-4c8e-907b-b2f2c95d1e8d	913326	1.0	confident	Skermanella stibiiresistens	Bacteria
54a0b99f-ff4c-4136-9747-b62ba6599f16	913326	1.0	confident	Skermanella stibiiresistens	Bacteria
ae910f2d-9ba3-4ac2-8b95-7b1e37d7afb9	913326	1.0	confident	Skermanella stibiiresistens	Bacteria
ef64fe2a-f48b-44e9-b126-e2a63ac34841	913326	1.0	confident	Skermanella stibiiresistens	Bacteria
a58d40eb-2b34-4082-b3f8-855c3a25fefb	913326	1.0	confident	Skermanella stibiiresistens	Bacteria
c6a426e7-812a-4030-8e12-c30c3201cf1f	913326	1.0	confident	Skermanella stibiiresistens	Bacteria
6d9e5489-8297-48d1-aea0-cfab3c753332	913326	1.0	confident	Skermanella stibiiresistens	Bacteria
7a1caaf7-2f4f-4453-b957-d6cf4f259c67	913326	1.0	confident	Skermanella stibiiresistens	Bacteria
3b6383cf-10ae-47e5-acbc-ae8d9ddcbbbc	913326	1.0	confident	Skermanella stibiiresistens	Bacteria
35e80d7f-d234-4a50-b10d-482e0fbddbc4	913326	1.0	confident	Skermanella stibiiresistens	Bacteria
5f2433cc-25fa-4716-ae58-7b50a057fbc7	913326	1.0	confident	Skermanella stibiiresistens	Bacteria
46e30de7-a3c8-42a6-ac1f-93386865c152	913326	1.0	confident	Skermanella stibiiresistens	Bacteria
ff039386-90ed-4042-947c-90f7fbbe7595	913326	1.0	confident	Skermanella stibiiresistens	Bacteria
0bee4c09-c31a-4c5f-ad94-b905abd841b5	913326	1.0	confident	Skermanella stibiiresistens	Bacteria
a8ccd578-f29c-473f-9844-192589dafa0f	913326	1.0	confident	Skermanella stibiiresistens	Bacteria
540171b5-8747-4b5b-8271-7b60aa69e230	913326	1.0	confident	Skermanella stibiiresistens	Bacteria
3646102c-6779-48de-af3f-3ee2a886eca1	913326	1.0	confident	Skermanella stibiiresistens	Bacteria
d54fe403-03d1-4756-b785-2a925e2c6f34	913326	1.0	confident	Skermanella stibiiresistens	Bacteria
d5f04b2e-c237-4117-89c6-7944df621503	913326	1.0	confident	Skermanella stibiiresistens	Bacteria
29e00c4a-d28c-4e98-b2c7-27796a169b0f	913326	1.0	confident	Skermanella stibiiresistens	Bacteria
499369e1-f278-424e-9455-6c00467f3e22	913326	1.0	confident	Skermanella stibiiresistens	Bacteria
9bea1c4c-1165-4765-ac9d-4eec1a9b93b1	913326	1.0	confident	Skermanella stibiiresistens	Bacteria
acefa0a5-2ee3-40d9-b654-2ce41e09d1a5	913326	1.0	confident	Skermanella stibiiresistens	Bacteria
f4addbbf-36fd-406f-8391-c5f475418efe	913326	1.0	confident	Skermanella stibiiresistens	Bacteria
47913ded-54f9-4e61-9b27-833dddb4b7eb	913326	1.0	confident	Skermanella stibiiresistens	Bacteria
86647e6a-c52d-4af1-a7a5-9693bbb1d386	913326	1.0	confident	Skermanella stibiiresistens	Bacteria
8b0c94a9-1e5d-4f52-8470-a7336c9082ec	913326	1.0	confident	Skermanella stibiiresistens	Bacteria
4faa5a23-8a15-42bc-9f8f-057d126ee146	913326	1.0	confident	Skermanella stibiiresistens	Bacteria
18338a26-65c7-4d40-80f7-0b3adaf2a3c3	913326	1.0	confident	Skermanella stibiiresistens	Bacteria
fd0958c8-370f-4ed3-8ca8-c0dd39286c21	913326	1.0	confident	Skermanella stibiiresistens	Bacteria
553c1cb3-a898-4fb8-a625-d4901eceb880	913326	1.0	confident	Skermanella stibiiresistens	Bacteria
ad4f58ef-f6b6-40aa-bb67-61c329ed2c34	913326	1.0	confident	Skermanella stibiiresistens	Bacteria
9b74c722-2da2-4781-9dac-69bc5ce6ca69	913326	1.0	confident	Skermanella stibiiresistens	Bacteria
7389f3e2-67a5-4bfb-a170-1db25a488499	913326	1.0	confident	Skermanella stibiiresistens	Bacteria
284587d3-ba4d-49c0-a426-65c363cc443b	913326	1.0	confident	Skermanella stibiiresistens	Bacteria
c4c5bd48-b7ac-44ca-b094-97564a771cec	913326	1.0	confident	Skermanella stibiiresistens	Bacteria
7796d4e0-5040-40cd-969e-ce500e99d6d5	913326	1.0	confident	Skermanella stibiiresistens	Bacteria
a1cebff0-b019-453d-8d04-c39ea3dcef7e	913326	1.0	confident	Skermanella stibiiresistens	Bacteria
2d5d6990-cdea-4b22-b5b2-a28f2d922011	913326	1.0	confident	Skermanella stibiiresistens	Bacteria
ab5c2788-771f-4211-ab6d-70d609131b65	913326	1.0	confident	Skermanella stibiiresistens	Bacteria
dd8ad9bc-eaf3-405b-b2b6-086767ea7561	913326	1.0	confident	Skermanella stibiiresistens	Bacteria
48f05d2c-2051-4670-b49e-1070b3852f1f	913326	1.0	confident	Skermanella stibiiresistens	Bacteria
ad861760-361a-4001-b438-af396d1ba327	913326	1.0	confident	Skermanella stibiiresistens	Bacteria
affbc29e-0a77-458f-9567-9c21142bcfa4	913326	1.0	confident	Skermanella stibiiresistens	Bacteria
2508627f-0ec7-4483-a0f9-d7d12f77fdac	913326	1.0	confident	Skermanella stibiiresistens	Bacteria
dc87cf2b-27c2-42fd-a921-ddf85c49ce64	913326	1.0	confident	Skermanella stibiiresistens	Bacteria
ee2bf0d0-0f22-4ace-ad77-1128bf244df6	913326	1.0	confident	Skermanella stibiiresistens	Bacteria
8ccb7f04-f4ac-475b-bbb8-163020c30590	913326	1.0	confident	Skermanella stibiiresistens	Bacteria
5dbb0477-3b0d-4682-90ca-4c26a6a8b072	913326	1.0	confident	Skermanella stibiiresistens	Bacteria
aebed87b-5c66-4f4a-b048-53aca7a46db7	913326	1.0	confident	Skermanella stibiiresistens	Bacteria
6bb8b66e-9c16-4595-891c-0227dda17f72	913326	1.0	confident	Skermanella stibiiresistens	Bacteria
1dcda29b-ab76-43ac-b988-5ab29a8eb1d4	913326	1.0	confident	Skermanella stibiiresistens	Bacteria
a874a669-b896-4952-9b3c-7b7f118963d8	913326	1.0	confident	Skermanella stibiiresistens	Bacteria
8fa1306d-1122-403f-95a2-1098b024c033	913326	1.0	confident	Skermanella stibiiresistens	Bacteria
6a24a63e-35b4-4d05-8350-e6f3e664d2ea	913326	1.0	confident	Skermanella stibiiresistens	Bacteria
45e339a0-1546-4cb0-ab34-c51a0c7cfdb3	913326	1.0	confident	Skermanella stibiiresistens	Bacteria
182e479f-1320-4dfe-80a1-1088cb488bb9	913326	1.0	confident	Skermanella stibiiresistens	Bacteria
69a22902-26ff-4a31-b3b8-0483bc39d04e	913326	1.0	confident	Skermanella stibiiresistens	Bacteria
6db592e4-5db6-4af2-9ddc-9e110b1a0c52	913326	1.0	confident	Skermanella stibiiresistens	Bacteria
30cd49c3-23fc-4801-902b-5a7ad53be9ac	913326	1.0	confident	Skermanella stibiiresistens	Bacteria
9821cf68-284e-4d46-b731-f677096e6d26	913326	1.0	confident	Skermanella stibiiresistens	Bacteria
7f901671-89cf-42e4-8d02-d7a031a6e4d1	913326	1.0	confident	Skermanella stibiiresistens	Bacteria
f96b4559-d5a2-4ffa-a012-e48a9179aaf7	913326	1.0	confident	Skermanella stibiiresistens	Bacteria
d718e033-2be5-4669-84b0-7c47e3986ad6	913326	1.0	confident	Skermanella stibiiresistens	Bacteria
bf26f6ea-2639-4f8c-91f4-07c2acd39fbc	913326	1.0	confident	Skermanella stibiiresistens	Bacteria
e93aaaa8-ff56-45b8-bf71-433f459f97a9	913326	1.0	confident	Skermanella stibiiresistens	Bacteria
ccdf704b-9908-442e-9725-4f33cfb9954c	913326	1.0	confident	Skermanella stibiiresistens	Bacteria
bfe025cd-de6c-43ad-849c-3d28d15d8f92	913326	1.0	confident	Skermanella stibiiresistens	Bacteria
67aa988d-2395-4e08-bc87-ab1687f9a81a	913326	1.0	confident	Skermanella stibiiresistens	Bacteria
0486e19f-5547-4be7-9398-c625f7e9e430	913326	1.0	confident	Skermanella stibiiresistens	Bacteria
fbe7fde6-3e39-4493-ab47-e76fe4ab9c17	913326	1.0	confident	Skermanella stibiiresistens	Bacteria
20f8211c-8c63-4882-be1a-ecf48c2f9375	913326	1.0	confident	Skermanella stibiiresistens	Bacteria
af4422ca-fded-4e8d-a2c5-25eba36cbf9b	913326	1.0	confident	Skermanella stibiiresistens	Bacteria
75a613d5-a757-4661-8c76-f27d60772f04	913326	1.0	confident	Skermanella stibiiresistens	Bacteria
a0927ff0-ba71-44b0-8b1f-6175af023cc1	913326	1.0	confident	Skermanella stibiiresistens	Bacteria
2235d1e6-9247-4ba3-a713-cb7a64f39b75	913326	1.0	confident	Skermanella stibiiresistens	Bacteria
57996bd7-def1-4861-b1a5-3cdaa932195c	913326	1.0	confident	Skermanella stibiiresistens	Bacteria
d4504fc6-1cca-46ff-b6d8-964c9f363208	913326	1.0	confident	Skermanella stibiiresistens	Bacteria
859bfa52-7761-491c-8565-32ac8e0397c4	913326	1.0	confident	Skermanella stibiiresistens	Bacteria
4be12cc0-2f4a-4a10-9b44-f358dedb0d82	913326	1.0	confident	Skermanella stibiiresistens	Bacteria
5df44abf-f21a-480d-9680-2049f923a95f	913326	1.0	confident	Skermanella stibiiresistens	Bacteria
47667579-8da3-4f92-b802-8c4d8bce3bda	913326	1.0	confident	Skermanella stibiiresistens	Bacteria
4d87dd81-c6de-4b93-ab42-ef0c688a4938	913326	1.0	confident	Skermanella stibiiresistens	Bacteria
3514068b-ddf4-40e8-a371-0fa317dc8fce	913326	1.0	confident	Skermanella stibiiresistens	Bacteria
a3fb0928-ffa0-487d-9009-1aff350edecc	913326	1.0	confident	Skermanella stibiiresistens	Bacteria
b38c723c-abb2-425b-92ae-26456c224d08	913326	1.0	confident	Skermanella stibiiresistens	Bacteria
94cdda88-b023-4d85-b471-f7fa3bc3a508	913326	1.0	confident	Skermanella stibiiresistens	Bacteria
9b80dcf1-5029-45d9-ac42-a4f3fbf2df98	913326	1.0	confident	Skermanella stibiiresistens	Bacteria
3cf65e03-a40c-4e64-b871-229caf12014c	913326	1.0	confident	Skermanella stibiiresistens	Bacteria
02e3af18-1c42-4174-bf2d-be99d5c64816	913326	1.0	confident	Skermanella stibiiresistens	Bacteria
ec6db519-4aea-4fcd-bdc2-e75bfa5394fd	913326	1.0	confident	Skermanella stibiiresistens	Bacteria
bc3b5539-55e1-47bb-859b-ae73f6bd5ff0	913326	1.0	confident	Skermanella stibiiresistens	Bacteria
243de358-44ce-44c2-aa14-830b8d3d110c	913326	1.0	confident	Skermanella stibiiresistens	Bacteria
d62884ae-68f9-4de2-ab76-ef8261cd5403	913326	1.0	confident	Skermanella stibiiresistens	Bacteria
5d309241-fb31-4795-9a6c-63d6ebf2aed8	913326	1.0	confident	Skermanella stibiiresistens	Bacteria
7442e5fa-9ffe-401e-afc8-c757f4f5f2f9	913326	1.0	confident	Skermanella stibiiresistens	Bacteria
d7eb115b-42da-486e-976c-2e4879e5d5b2	913326	1.0	confident	Skermanella stibiiresistens	Bacteria
dc38ce64-99ba-45b3-b6ba-c7c29173ee99	913326	1.0	confident	Skermanella stibiiresistens	Bacteria
40893b89-ce7a-4f12-bced-170820f75c22	913326	1.0	confident	Skermanella stibiiresistens	Bacteria
3aa1ddc0-4d99-476c-a439-0e2b3606f461	913326	1.0	confident	Skermanella stibiiresistens	Bacteria
79764673-33b2-421c-8157-65ebba6f93c0	913326	1.0	confident	Skermanella stibiiresistens	Bacteria
2a55cb84-98ae-410d-a6e2-e1c977c61d0d	913326	1.0	confident	Skermanella stibiiresistens	Bacteria
4b25af0e-a905-45b3-bf31-05345613cd40	913326	1.0	confident	Skermanella stibiiresistens	Bacteria
6106ba86-7221-4eee-ad0d-acdb47826ce7	913326	1.0	confident	Skermanella stibiiresistens	Bacteria
6a9218ee-8e5e-412a-9418-e0623a28f3fb	913326	1.0	confident	Skermanella stibiiresistens	Bacteria
0e3e1963-51e7-4d9f-880d-8d70fc89e2d3	913326	1.0	confident	Skermanella stibiiresistens	Bacteria
e276c0c1-beac-4583-8631-6c6b574b0a59	913326	1.0	confident	Skermanella stibiiresistens	Bacteria
6048fd12-e6a8-4f74-9f8c-dda3aa3b0daf	913326	1.0	confident	Skermanella stibiiresistens	Bacteria
9af54e53-6716-48dd-8fd4-0083783cd67a	913326	1.0	confident	Skermanella stibiiresistens	Bacteria
7d0c1b32-c15b-4dbd-9c74-7150ac370121	913326	1.0	confident	Skermanella stibiiresistens	Bacteria
ec88f2c0-d98b-4ccb-b15c-0107d53556b7	913326	1.0	confident	Skermanella stibiiresistens	Bacteria
cb5ef3ad-9bb8-4c24-bd1b-06c6ea4de4ee	913326	1.0	confident	Skermanella stibiiresistens	Bacteria
33e65004-7820-4d77-a416-0191ab4f8b5c	913326	1.0	confident	Skermanella stibiiresistens	Bacteria
c7d0ff4e-bae2-4c8a-8caa-dcdafc999d07	913326	1.0	confident	Skermanella stibiiresistens	Bacteria
509d4e28-eff0-4b74-9de1-c2c1d19c28af	913326	1.0	confident	Skermanella stibiiresistens	Bacteria
32db5747-cd9a-465d-9e05-50ea98cc6f06	913326	1.0	confident	Skermanella stibiiresistens	Bacteria
51ba1758-7b70-486f-bf6c-e90559a90faf	913326	1.0	confident	Skermanella stibiiresistens	Bacteria
42f8cd4c-46a6-4dc1-a844-78fb96a4d28b	913326	1.0	confident	Skermanella stibiiresistens	Bacteria
2bb6b9ac-769c-4a88-ae08-00cad44d9334	913326	1.0	confident	Skermanella stibiiresistens	Bacteria
aee13173-b4ae-4690-8b35-dad9b4a89791	913326	1.0	confident	Skermanella stibiiresistens	Bacteria
f5d32b4a-9ccb-4726-abb7-83ec8115c7ee	913326	1.0	confident	Skermanella stibiiresistens	Bacteria
489d570d-181c-428c-8660-93a04e9c5031	913326	1.0	confident	Skermanella stibiiresistens	Bacteria
116475dc-bfdb-40ad-bc52-e67489531b79	913326	1.0	confident	Skermanella stibiiresistens	Bacteria
4c3e9f55-41dc-4321-8c53-848521d58427	913326	1.0	confident	Skermanella stibiiresistens	Bacteria
4b897262-3ffa-4dbe-a8eb-d8ac32b1628e	913326	1.0	confident	Skermanella stibiiresistens	Bacteria
7425024b-7c74-46db-81db-3b9ef879ff3d	913326	1.0	confident	Skermanella stibiiresistens	Bacteria
584ee67f-2d9e-4a4f-8ff6-85637af5115e	913326	1.0	confident	Skermanella stibiiresistens	Bacteria
879ee504-9bc2-4af3-b90c-ed9d5059bccd	913326	1.0	confident	Skermanella stibiiresistens	Bacteria
cd9c00a5-e142-4377-a133-dec18f42bfd7	913326	1.0	confident	Skermanella stibiiresistens	Bacteria
f3455b2b-67bc-4660-a38f-d12d674aec49	913326	1.0	confident	Skermanella stibiiresistens	Bacteria
1dceacd7-d1f2-413c-940d-07d9c000ceca	913326	1.0	confident	Skermanella stibiiresistens	Bacteria
459c5c5d-cb1e-42c6-a613-e11b668104b1	913326	1.0	confident	Skermanella stibiiresistens	Bacteria
77422cf1-293f-402f-bb40-b4ecdb2e5f2c	913326	1.0	confident	Skermanella stibiiresistens	Bacteria
6e5a09ba-cccc-4741-b417-6bfcbf360b90	913326	1.0	confident	Skermanella stibiiresistens	Bacteria
cc84874a-e0b9-4ff3-9e4c-aa225ebc8d39	913326	1.0	confident	Skermanella stibiiresistens	Bacteria
2dcc5502-30b7-4d96-aa64-0b6d667a43dc	913326	1.0	confident	Skermanella stibiiresistens	Bacteria
154f293d-ee06-4dff-8a84-f70aa5d4f568	913326	1.0	confident	Skermanella stibiiresistens	Bacteria
2f266b8b-623b-4fde-9a29-97e0bcd212a2	913326	1.0	confident	Skermanella stibiiresistens	Bacteria
6fae8b25-2d08-4715-a4f5-67e4dd3253a4	913326	1.0	confident	Skermanella stibiiresistens	Bacteria
5f0c75aa-99b5-4e9f-9d8d-4372f897923a	913326	1.0	confident	Skermanella stibiiresistens	Bacteria
6b778525-eb57-4179-936a-bab57769d5a1	913326	1.0	confident	Skermanella stibiiresistens	Bacteria
a65cadd9-6f1c-4282-bfcd-0626fd138dd6	913326	1.0	confident	Skermanella stibiiresistens	Bacteria
764fa9f5-eee2-4457-ae35-bb2abaf2bc83	913326	1.0	confident	Skermanella stibiiresistens	Bacteria
18428043-c94d-4f22-bb00-92819f129e0c	913326	1.0	confident	Skermanella stibiiresistens	Bacteria
67e8d4ea-3637-4f81-8f2f-399c9c4ea4ad	913326	1.0	confident	Skermanella stibiiresistens	Bacteria
315cb9a9-954e-4795-a753-8dc163504f19	913326	1.0	confident	Skermanella stibiiresistens	Bacteria
3bd65d4b-6203-4570-9a7b-74ecd86b025d	913326	1.0	confident	Skermanella stibiiresistens	Bacteria
e98a8f82-acaa-4c79-9ebb-46aed950764a	913326	1.0	confident	Skermanella stibiiresistens	Bacteria
39d97723-6968-419a-b7c1-45d5b2a483eb	913326	1.0	confident	Skermanella stibiiresistens	Bacteria
f22cd1a4-ac96-4abf-9d74-349661fc54fb	913326	1.0	confident	Skermanella stibiiresistens	Bacteria
aa5d9d24-bb9d-4167-a141-b768715157af	913326	1.0	confident	Skermanella stibiiresistens	Bacteria
522f7ae3-5a93-4916-9e58-ea0562db9f90	913326	1.0	confident	Skermanella stibiiresistens	Bacteria
5703222c-8752-4a8b-8894-d7edd5e14a53	913326	1.0	confident	Skermanella stibiiresistens	Bacteria
ecf0129e-524a-49ce-a1ed-6f8f363e432e	913326	1.0	confident	Skermanella stibiiresistens	Bacteria
7bd00eb2-cf4b-4599-b964-7561be087841	913326	1.0	confident	Skermanella stibiiresistens	Bacteria
ee1e868c-e9cd-4e69-9cd3-243079f3e90a	913326	1.0	confident	Skermanella stibiiresistens	Bacteria
364b1869-78e1-4f07-9c1d-a2f22115f10c	913326	1.0	confident	Skermanella stibiiresistens	Bacteria
5b1b1a22-5e2d-4ee0-954f-3475bf56f610	913326	1.0	confident	Skermanella stibiiresistens	Bacteria
be26df96-9c41-4ab9-bb9d-0dcada23b22b	913326	1.0	confident	Skermanella stibiiresistens	Bacteria
44ad6a70-35fa-48b8-aea2-14c4306edeaf	913326	1.0	confident	Skermanella stibiiresistens	Bacteria
2cf44bf5-37b5-427a-b5ad-1ab4856c2370	913326	1.0	confident	Skermanella stibiiresistens	Bacteria
c4394286-c5dd-47e4-acde-7b502ce8159a	913326	1.0	confident	Skermanella stibiiresistens	Bacteria
6c007632-c1ab-4b1b-86b3-95983b791a19	913326	1.0	confident	Skermanella stibiiresistens	Bacteria
6f02dcec-873c-4ddb-8bc5-6c377b8aaa26	913326	1.0	confident	Skermanella stibiiresistens	Bacteria
6ef2c206-f81f-4213-b124-da02e743d631	913326	1.0	confident	Skermanella stibiiresistens	Bacteria
7fe92b50-da52-439d-9bd6-10808b516d84	913326	1.0	confident	Skermanella stibiiresistens	Bacteria
216a8898-d89f-4809-b7f8-b04325f40f1f	913326	1.0	confident	Skermanella stibiiresistens	Bacteria
56dfeaa5-70fa-49a7-9a53-f157219cbc62	913326	1.0	confident	Skermanella stibiiresistens	Bacteria
08e204d2-9268-4aa9-b6d2-08a5d6f03f9e	913326	1.0	confident	Skermanella stibiiresistens	Bacteria
472500f5-cefc-491b-9074-688201ca448a	913326	1.0	confident	Skermanella stibiiresistens	Bacteria
3926628f-0397-49d2-a079-822ab182d057	913326	1.0	confident	Skermanella stibiiresistens	Bacteria
4c8759f4-3c2b-4843-9329-472e06a7adc4	913326	1.0	confident	Skermanella stibiiresistens	Bacteria
94926da0-ae0e-4124-94cc-367400c21ecf	913326	1.0	confident	Skermanella stibiiresistens	Bacteria
50833798-1758-4305-a036-8b2cb6948f9a	913326	1.0	confident	Skermanella stibiiresistens	Bacteria
6e69c276-07c1-45fd-9545-9ad2e4337d66	913326	1.0	confident	Skermanella stibiiresistens	Bacteria
94e46a5c-63db-471c-9378-2bb8c29cab8c	913326	1.0	confident	Skermanella stibiiresistens	Bacteria
3745ba53-51b2-433a-85c3-f54d2c426905	913326	1.0	confident	Skermanella stibiiresistens	Bacteria
0c981f47-880c-4dec-8b0d-3b6d82cc2634	913326	1.0	confident	Skermanella stibiiresistens	Bacteria
8f759bf2-125d-426c-a831-362f9c3cd8f3	913326	1.0	confident	Skermanella stibiiresistens	Bacteria
dd8cc8f0-c377-4ee2-ab8b-6d731c3bd2dd	913326	1.0	confident	Skermanella stibiiresistens	Bacteria
6e6b4583-17ad-442a-b6f4-c012434a9bcc	913326	1.0	confident	Skermanella stibiiresistens	Bacteria
f14b6e72-75ab-4286-a4ea-fd496fb5c39d	913326	1.0	confident	Skermanella stibiiresistens	Bacteria
91bc3b66-c0b0-4eda-a75a-2e7cfae6bc7f	913326	1.0	confident	Skermanella stibiiresistens	Bacteria
a47aea80-34b3-49b0-a79d-05fd0465f1f3	913326	1.0	confident	Skermanella stibiiresistens	Bacteria
487a53e9-2b21-4c4e-a0ab-14d680a47180	913326	1.0	confident	Skermanella stibiiresistens	Bacteria
f882f780-eeb4-4052-8540-9e3813201326	913326	1.0	confident	Skermanella stibiiresistens	Bacteria
2788f894-7834-46cd-8a75-b5fd16a03e22	913326	1.0	confident	Skermanella stibiiresistens	Bacteria
99160ce8-e0f6-4d66-bbed-6182bd037a0f	913326	1.0	confident	Skermanella stibiiresistens	Bacteria
f5134912-eeee-4c14-b58a-cd1cdc866265	913326	1.0	confident	Skermanella stibiiresistens	Bacteria
be0d57bf-d007-43ee-bec2-05c3fb7d6933	913326	1.0	confident	Skermanella stibiiresistens	Bacteria
fb23b464-66cd-4cff-99cc-978f1645d575	913326	1.0	confident	Skermanella stibiiresistens	Bacteria
999f8a88-c0a5-4940-bef1-97755a48598b	913326	1.0	confident	Skermanella stibiiresistens	Bacteria
229058d7-2c5a-41bd-9ee7-ab5521fbe397	913326	1.0	confident	Skermanella stibiiresistens	Bacteria
a9f7611f-e98c-4d6a-bc71-473a7d079cca	913326	1.0	confident	Skermanella stibiiresistens	Bacteria
43515dc7-2c48-43d0-98b9-00c8cc09a949	913326	1.0	confident	Skermanella stibiiresistens	Bacteria
0daaa69d-96d1-419d-8656-1766bf948462	913326	1.0	confident	Skermanella stibiiresistens	Bacteria
5836612c-c535-4800-9b09-22fe0400bec7	913326	1.0	confident	Skermanella stibiiresistens	Bacteria
c7f44b55-b071-4960-aa46-ba206bc07510	913326	1.0	confident	Skermanella stibiiresistens	Bacteria
b149bab5-90e1-4f83-9bac-2cc7ba79ceac	913326	1.0	confident	Skermanella stibiiresistens	Bacteria
2c4cf7dc-6035-479d-8325-ed90e647a284	913326	1.0	confident	Skermanella stibiiresistens	Bacteria
3c6d8c94-b4f1-4872-a832-13dd052f33ee	913326	1.0	confident	Skermanella stibiiresistens	Bacteria
9250e70e-66a9-4c43-bd42-de2e8d5d8631	913326	1.0	confident	Skermanella stibiiresistens	Bacteria
9693ee48-762a-4f03-96ca-8a60a25a2caf	913326	1.0	confident	Skermanella stibiiresistens	Bacteria
6feed1b2-f5bc-4d46-aeb0-107a5cff2550	913326	1.0	confident	Skermanella stibiiresistens	Bacteria
a694da1f-f969-400c-b0d6-03cba8c58225	913326	1.0	confident	Skermanella stibiiresistens	Bacteria
1957b4c5-cf4c-4247-ae3a-66617731adbe	913326	1.0	confident	Skermanella stibiiresistens	Bacteria
afda6c8c-5a3d-4c97-bcf8-d67f447229fd	913326	1.0	confident	Skermanella stibiiresistens	Bacteria
3d35beec-bd9f-452c-bdaa-a7b753f3133e	913326	1.0	confident	Skermanella stibiiresistens	Bacteria
d7926598-3315-4c67-a44c-f536b2fa6764	913326	1.0	confident	Skermanella stibiiresistens	Bacteria
7dffc048-c4cf-46f2-957f-bac3fc0cc231	913326	1.0	confident	Skermanella stibiiresistens	Bacteria
ecb18886-7d8b-4c1f-b163-68e2a4fe3119	913326	1.0	confident	Skermanella stibiiresistens	Bacteria
24822aa0-e106-4cbd-b586-24a07cf18e55	913326	1.0	confident	Skermanella stibiiresistens	Bacteria
90082a7f-eeb9-4f60-8eeb-d9aefba7618d	913326	1.0	confident	Skermanella stibiiresistens	Bacteria
043d609f-c9db-453b-b7ac-b68a62d1d1b5	913326	1.0	confident	Skermanella stibiiresistens	Bacteria
91204134-e82e-46e5-a245-2931a277ec73	913326	1.0	confident	Skermanella stibiiresistens	Bacteria
3c0ba8e2-a3fc-484a-8fc4-309c63baa2c8	913326	1.0	confident	Skermanella stibiiresistens	Bacteria
1756d3db-a8dc-43a2-b1c6-18d110af9d59	913326	1.0	confident	Skermanella stibiiresistens	Bacteria
5e015766-c794-4922-a9e4-89bd535267ee	913326	1.0	confident	Skermanella stibiiresistens	Bacteria
dfe28fd8-0c1e-411a-b8db-79d21d875d39	913326	1.0	confident	Skermanella stibiiresistens	Bacteria
8094e023-1dbb-4675-b688-d0801183512c	913326	1.0	confident	Skermanella stibiiresistens	Bacteria
7abdd9a3-ed64-45e2-94af-1e33b56c7064	913326	1.0	confident	Skermanella stibiiresistens	Bacteria
ec31e844-8ee2-48ce-b520-cb5a9258b83b	913326	1.0	confident	Skermanella stibiiresistens	Bacteria
c5f07422-f70a-4902-a019-2dcf7c390729	913326	1.0	confident	Skermanella stibiiresistens	Bacteria
8e3a2201-aeef-4d2b-ba3a-9182fdfe7c07	913326	1.0	confident	Skermanella stibiiresistens	Bacteria
a39ced41-6d27-4c05-97a1-c0464693f41d	913326	1.0	confident	Skermanella stibiiresistens	Bacteria
934472b4-e78e-4b12-a95e-0aa0f17e7403	913326	1.0	confident	Skermanella stibiiresistens	Bacteria
812d1351-39ac-4aa7-ae10-ba7623d469eb	913326	1.0	confident	Skermanella stibiiresistens	Bacteria
3c3c529c-926b-4933-9a00-9f29dcf79fb4	913326	1.0	confident	Skermanella stibiiresistens	Bacteria
5230246c-d603-4860-b594-8e31c2a9a446	913326	1.0	confident	Skermanella stibiiresistens	Bacteria
506a7dea-634f-40e4-aab4-c9ba3120e9dc	913326	1.0	confident	Skermanella stibiiresistens	Bacteria
74828e38-50f8-4329-86d1-a181b48308d8	913326	1.0	confident	Skermanella stibiiresistens	Bacteria
16a0ab27-704c-4add-823f-b4b4b6133d4a	913326	1.0	confident	Skermanella stibiiresistens	Bacteria
f489cbb4-fabf-4ce3-94fb-8e79962d4e26	913326	1.0	confident	Skermanella stibiiresistens	Bacteria
7d7195be-7e9d-4b19-8bfc-74ae44ed152d	913326	1.0	confident	Skermanella stibiiresistens	Bacteria
0c791c55-baba-4bcd-a972-d05f6483132f	913326	1.0	confident	Skermanella stibiiresistens	Bacteria
ce8ce4b7-ab37-4b7a-b69e-ecb9c5193503	913326	1.0	confident	Skermanella stibiiresistens	Bacteria
9594b272-e90f-4d31-9ebe-df68aaa1e2df	913326	1.0	confident	Skermanella stibiiresistens	Bacteria
8dd33332-3ec0-4420-a226-1677989f5380	913326	1.0	confident	Skermanella stibiiresistens	Bacteria
6e038fe5-1461-47a0-b40d-0aafe77dd792	913326	1.0	confident	Skermanella stibiiresistens	Bacteria
66283e28-21a5-4ee4-95a5-72db2904dadf	913326	1.0	confident	Skermanella stibiiresistens	Bacteria
e209773a-948f-489e-949e-404ab12c6953	913326	1.0	confident	Skermanella stibiiresistens	Bacteria
4f581cdf-5d14-421b-95b2-2afa72dd0781	913326	1.0	confident	Skermanella stibiiresistens	Bacteria
3ce046b4-c49d-42f0-9758-a3629e220f8e	913326	1.0	confident	Skermanella stibiiresistens	Bacteria
424675d0-3f20-46e1-b2b8-6a649cf84d95	913326	1.0	confident	Skermanella stibiiresistens	Bacteria
dfab40a4-4e81-47bc-abe2-fd2e096ffe22	913326	1.0	confident	Skermanella stibiiresistens	Bacteria
4327a938-356d-4968-aa10-07be8be54a51	913326	1.0	confident	Skermanella stibiiresistens	Bacteria
6f8062ae-b661-4f4b-915e-52e6def012de	913326	1.0	confident	Skermanella stibiiresistens	Bacteria
4ab50884-2c35-4bfb-9dec-c435d64d19d4	913326	1.0	confident	Skermanella stibiiresistens	Bacteria
4f0413ca-51e5-47ac-a4df-58aa19b9531f	913326	1.0	confident	Skermanella stibiiresistens	Bacteria
15061261-47ed-434a-aad2-bcb4a8bda710	913326	1.0	confident	Skermanella stibiiresistens	Bacteria
2210736f-b5b9-482b-a250-f85eb2c9b3de	913326	1.0	confident	Skermanella stibiiresistens	Bacteria
1031661d-cbc6-4c77-9695-42ad622404e3	913326	1.0	confident	Skermanella stibiiresistens	Bacteria
6abbcd8f-cf6a-41f1-9ce7-c0c7a908ca93	913326	1.0	confident	Skermanella stibiiresistens	Bacteria
e81bfb48-482a-4cfd-83d3-572cd3598d01	913326	1.0	confident	Skermanella stibiiresistens	Bacteria
be59572b-52b3-4566-b400-0f45cf289446	913326	1.0	confident	Skermanella stibiiresistens	Bacteria
b46eff87-ef2b-454c-8942-cab78add5cff	913326	1.0	confident	Skermanella stibiiresistens	Bacteria
f0aaced5-060b-4bc2-9f27-6cce4063244d	913326	1.0	confident	Skermanella stibiiresistens	Bacteria
178fadc5-acea-4ce0-a8cb-d609f210328d	913326	1.0	confident	Skermanella stibiiresistens	Bacteria
e4164aca-eaca-496d-a009-93d157fbac67	913326	1.0	confident	Skermanella stibiiresistens	Bacteria
2d15f1b2-e129-424c-b8ed-a6b7c3414670	913326	1.0	confident	Skermanella stibiiresistens	Bacteria
c630fd79-b253-4258-a67e-92a6e3766c3b	913326	1.0	confident	Skermanella stibiiresistens	Bacteria
e05d91e0-da35-4119-adb3-ab1b39c3ca18	913326	1.0	confident	Skermanella stibiiresistens	Bacteria
1d616c27-2af5-4f2e-bcea-fa9c60767859	913326	1.0	confident	Skermanella stibiiresistens	Bacteria
3f4507ab-61c1-4b49-a503-b33f8e62b74f	913326	1.0	confident	Skermanella stibiiresistens	Bacteria
87df30bd-48d9-42c2-8d7d-38066953bba3	913326	1.0	confident	Skermanella stibiiresistens	Bacteria
f0f680cd-398c-4eca-b822-befe1d499b58	913326	1.0	confident	Skermanella stibiiresistens	Bacteria
8f257996-7e5e-419d-899a-87f6f6b33da3	913326	1.0	confident	Skermanella stibiiresistens	Bacteria
c85142e0-43fd-4e30-aa33-59573dd0e481	913326	1.0	confident	Skermanella stibiiresistens	Bacteria
d593058d-d51d-4922-9f0d-b6ec67e171c8	913326	1.0	confident	Skermanella stibiiresistens	Bacteria
4a87335c-4819-4f87-a468-b5bf26687d4a	913326	1.0	confident	Skermanella stibiiresistens	Bacteria
a8c317d8-5d02-45b4-9ae7-37f58e0833c4	913326	1.0	confident	Skermanella stibiiresistens	Bacteria
5115596c-6f2b-4920-8e82-56ce57b97336	913326	1.0	confident	Skermanella stibiiresistens	Bacteria
000ce8d5-a469-4439-a056-b369d43e3e14	913326	1.0	confident	Skermanella stibiiresistens	Bacteria
4394db57-5626-4ad7-ae03-d3c7442af076	913326	1.0	confident	Skermanella stibiiresistens	Bacteria
86de35e1-0251-406d-a12a-ec3bbfc12857	913326	1.0	confident	Skermanella stibiiresistens	Bacteria
b2b967ea-1d1a-4e4d-877e-203653626ba7	913326	1.0	confident	Skermanella stibiiresistens	Bacteria
450af47f-304a-4264-92a0-a3e060c0db2b	913326	1.0	confident	Skermanella stibiiresistens	Bacteria
06f712dd-efe9-40b0-a838-ff9487752967	913326	1.0	confident	Skermanella stibiiresistens	Bacteria
c5b85d93-552e-49e5-8c36-b7f6fbc692f4	913326	1.0	confident	Skermanella stibiiresistens	Bacteria
8d5fc9ee-0999-4b72-a536-a2044cf1d212	913326	1.0	confident	Skermanella stibiiresistens	Bacteria
3a3beb2e-a61c-4fb0-827b-7c42bb4b380e	913326	1.0	confident	Skermanella stibiiresistens	Bacteria
3dc582b4-2ad8-4561-b19b-5914310dd48c	913326	1.0	confident	Skermanella stibiiresistens	Bacteria
58e59ae5-8720-4abb-a2f3-a2172b0f8ade	913326	1.0	confident	Skermanella stibiiresistens	Bacteria
6e8bc788-8fca-49c8-a6e7-52b87c29bd26	913326	1.0	confident	Skermanella stibiiresistens	Bacteria
d0dbacfc-7aa7-46dd-97c8-66f81dda5e2d	913326	1.0	confident	Skermanella stibiiresistens	Bacteria
a31125d9-d710-413c-abdb-9756094d576d	913326	1.0	confident	Skermanella stibiiresistens	Bacteria
547b9818-7a84-4461-8467-559f29b32d61	913326	1.0	confident	Skermanella stibiiresistens	Bacteria
bc3018f3-5a19-4321-8b60-1d1c7569a34b	913326	1.0	confident	Skermanella stibiiresistens	Bacteria
cf96f5ac-ac3b-4605-851e-4e6609cf8879	913326	1.0	confident	Skermanella stibiiresistens	Bacteria
89b72815-2365-4d68-bff9-49e7381925eb	913326	1.0	confident	Skermanella stibiiresistens	Bacteria
97b99d9b-6bd2-4af5-9038-55d637284c8a	913326	1.0	confident	Skermanella stibiiresistens	Bacteria
c59fe953-7d36-44ca-8347-c0d989c0525c	913326	1.0	confident	Skermanella stibiiresistens	Bacteria
e0e974e6-e5f2-40b9-907b-18c8affd4f97	913326	1.0	confident	Skermanella stibiiresistens	Bacteria
c25e85bf-6149-44e3-9c8d-743793f8cc05	913326	1.0	confident	Skermanella stibiiresistens	Bacteria
73f06daf-78bf-4f96-b06b-bc208bea9e34	913326	1.0	confident	Skermanella stibiiresistens	Bacteria
3e6cbac5-d987-4fbb-8852-c292704bf41e	913326	1.0	confident	Skermanella stibiiresistens	Bacteria
19e50dee-fefa-4daf-b24f-6ee78c94646d	913326	1.0	confident	Skermanella stibiiresistens	Bacteria
ed1565de-2cb4-46ee-816b-852235d23b13	913326	1.0	confident	Skermanella stibiiresistens	Bacteria
baffa72a-6ff5-4101-a55d-8f66cd6207ea	913326	1.0	confident	Skermanella stibiiresistens	Bacteria
180c671a-6100-4d1b-b7e9-2d707288e13f	913326	1.0	confident	Skermanella stibiiresistens	Bacteria
6fd6482d-6bfb-456b-b8df-588d7b25dde4	913326	1.0	confident	Skermanella stibiiresistens	Bacteria
d759c896-a644-4e77-966a-303c43445a78	913326	1.0	confident	Skermanella stibiiresistens	Bacteria
adc74173-973b-4629-b1e7-9ff838e174f0	913326	1.0	confident	Skermanella stibiiresistens	Bacteria
16caae94-1d49-4d94-8a1a-4ace996bf4a4	913326	1.0	confident	Skermanella stibiiresistens	Bacteria
2a10bdbd-7b37-466e-a9fb-f1a96a2b868c	913326	1.0	confident	Skermanella stibiiresistens	Bacteria
da245a12-61d3-4d3b-8ec9-748b2fbda01d	913326	1.0	confident	Skermanella stibiiresistens	Bacteria
35c3cc3d-5c93-4461-8a02-496bb23f53e7	913326	1.0	confident	Skermanella stibiiresistens	Bacteria
c8469c00-868b-4009-96c4-6b62654f80b4	913326	1.0	confident	Skermanella stibiiresistens	Bacteria
a2753a17-a7f8-46f8-ba21-8b46b7aec11a	913326	1.0	confident	Skermanella stibiiresistens	Bacteria
7872fc4f-7180-4fa5-bb29-a0b216025e64	913326	1.0	confident	Skermanella stibiiresistens	Bacteria
40325089-7626-404b-ad2a-b54b68f88379	913326	1.0	confident	Skermanella stibiiresistens	Bacteria
19accfa3-77ef-4014-8b5c-0d532c0f5d03	913326	1.0	confident	Skermanella stibiiresistens	Bacteria
cbc6dddb-6e66-48e7-9e40-fb547156df86	913326	1.0	confident	Skermanella stibiiresistens	Bacteria
e2b9d6f1-2f13-4f74-bc26-03f12b8712fe	913326	1.0	confident	Skermanella stibiiresistens	Bacteria
a6abba5e-c165-459b-b96c-5058762ca6e3	913326	1.0	confident	Skermanella stibiiresistens	Bacteria
662639bc-f5cf-4c11-a81b-13677bb099f5	913326	1.0	confident	Skermanella stibiiresistens	Bacteria
87800e1e-9c7a-497a-98d8-c0b766e1d813	913326	1.0	confident	Skermanella stibiiresistens	Bacteria
ee87e419-610f-40bd-9a50-16bf87264497	913326	1.0	confident	Skermanella stibiiresistens	Bacteria
96f46bf5-1ff7-46cd-a3fa-aea0d30da267	913326	1.0	confident	Skermanella stibiiresistens	Bacteria
e0b815d6-dbe9-41b9-90d5-a604cb66043f	913326	1.0	confident	Skermanella stibiiresistens	Bacteria
1a09af9a-36ca-4db6-a28d-d3e5d1938a42	913326	1.0	confident	Skermanella stibiiresistens	Bacteria
419c213c-e4b1-4ad6-b8e4-fffdf1079265	913326	1.0	confident	Skermanella stibiiresistens	Bacteria
7db87587-ec10-4fc7-a43b-1fe8dea77a74	913326	1.0	confident	Skermanella stibiiresistens	Bacteria
f176502e-94d4-43e2-919e-fe923a3d01c4	913326	1.0	confident	Skermanella stibiiresistens	Bacteria
bff33097-769d-4afd-b73b-7f6b9f302ac8	913326	1.0	confident	Skermanella stibiiresistens	Bacteria
ab08d687-aebe-48ee-9381-6dd968f72ad3	913326	1.0	confident	Skermanella stibiiresistens	Bacteria
c9a59f93-0de4-4d4b-8109-a629fae0956a	913326	1.0	confident	Skermanella stibiiresistens	Bacteria
1e27b44e-aeb8-4b62-8f68-51fb7d0204d1	913326	1.0	confident	Skermanella stibiiresistens	Bacteria
eeb283bb-7aa1-4b2d-8782-2d19a3d99d26	913326	1.0	confident	Skermanella stibiiresistens	Bacteria
f90fa18b-5b7b-4d00-b4fd-77bb4a81b0df	913326	1.0	confident	Skermanella stibiiresistens	Bacteria
25b8baab-c0e1-4457-b65f-025ddaf50561	913326	1.0	confident	Skermanella stibiiresistens	Bacteria
f6f4b1e1-c6da-4bd0-b5a6-a839495e5fc6	913326	1.0	confident	Skermanella stibiiresistens	Bacteria
a11e6254-db3b-425a-9b56-01e0b975ab9c	913326	1.0	confident	Skermanella stibiiresistens	Bacteria
669912eb-a608-4f36-b154-575b251e7512	913326	1.0	confident	Skermanella stibiiresistens	Bacteria
cd3692b2-3118-4adc-b6a0-29dacfad70e9	913326	1.0	confident	Skermanella stibiiresistens	Bacteria
b42a2bdb-95a8-41b6-8400-31c3954930e7	913326	1.0	confident	Skermanella stibiiresistens	Bacteria
19556337-ba1b-49df-9cf2-85f4c77992a4	913326	1.0	confident	Skermanella stibiiresistens	Bacteria
11bc8bc4-c345-4b99-92ea-c16e21070d4a	913326	1.0	confident	Skermanella stibiiresistens	Bacteria
4e9a2c0e-70bd-4c22-9769-8912ce9071f3	913326	1.0	confident	Skermanella stibiiresistens	Bacteria
c721d397-0a3d-4698-9add-2fc7e7112f1d	913326	1.0	confident	Skermanella stibiiresistens	Bacteria
d7ed01a9-16e6-43cd-844e-639539062ad3	913326	1.0	confident	Skermanella stibiiresistens	Bacteria
f3fb5c93-9cf9-49e8-b292-f93e2bbfe5af	913326	1.0	confident	Skermanella stibiiresistens	Bacteria
1654d787-98a3-4408-b401-a320688c88ec	913326	1.0	confident	Skermanella stibiiresistens	Bacteria
ad332efc-0a73-46d2-a090-f363ee78c533	913326	1.0	confident	Skermanella stibiiresistens	Bacteria
7d8dd85b-a034-443d-96a6-d3bd30e09980	913326	1.0	confident	Skermanella stibiiresistens	Bacteria
be270dcf-558c-498a-9131-fd8049cc3fa8	913326	1.0	confident	Skermanella stibiiresistens	Bacteria
c00f3d10-a975-442b-95b3-cbba74fa1f5a	913326	1.0	confident	Skermanella stibiiresistens	Bacteria
1cf695e5-f174-49a3-a8f1-fcee75ed3728	913326	1.0	confident	Skermanella stibiiresistens	Bacteria
7e1a58c0-b6d4-49b0-b822-66a50212036d	913326	1.0	confident	Skermanella stibiiresistens	Bacteria
6d990f3e-fe0b-4912-9580-bd059c02d3c3	913326	1.0	confident	Skermanella stibiiresistens	Bacteria
c68923c1-d446-462c-bf55-c72e51bef865	913326	1.0	confident	Skermanella stibiiresistens	Bacteria
98faa93a-9fcc-40b1-8870-d55b2cba8cae	913326	1.0	confident	Skermanella stibiiresistens	Bacteria
4e9a0a01-e326-4ffc-bded-2f786e783261	913326	1.0	confident	Skermanella stibiiresistens	Bacteria
9f08a8a6-aa68-4ee6-89d3-39395563eee5	913326	1.0	confident	Skermanella stibiiresistens	Bacteria
93cee2cd-8309-42e4-8317-8ea04effa226	913326	1.0	confident	Skermanella stibiiresistens	Bacteria
f89bf3ed-1728-4fc9-8ac6-21c36f02d26c	913326	1.0	confident	Skermanella stibiiresistens	Bacteria
0ee4b8b2-3fc3-42a2-8824-e06a1dfc9791	913326	1.0	confident	Skermanella stibiiresistens	Bacteria
a97c67ca-bf9f-4efe-9300-50718cc96b95	913326	1.0	confident	Skermanella stibiiresistens	Bacteria
bb955c30-a9c5-4120-bc26-0bfa71578e64	913326	1.0	confident	Skermanella stibiiresistens	Bacteria
107525ed-36cf-4ecc-a2d7-e8ec32c4e111	913326	1.0	confident	Skermanella stibiiresistens	Bacteria
cb6c615c-b8ff-4c1e-bd4a-92921131b48d	913326	1.0	confident	Skermanella stibiiresistens	Bacteria
84257867-b174-487c-9ff9-74158a8a9f04	913326	1.0	confident	Skermanella stibiiresistens	Bacteria
1008a655-63c2-44ca-ba2d-315c4dbe56a9	913326	1.0	confident	Skermanella stibiiresistens	Bacteria
2851f982-9238-4d4d-8f28-1b234c348996	913326	1.0	confident	Skermanella stibiiresistens	Bacteria
2ccd786e-4609-46d3-82eb-74ed1c78594e	913326	1.0	confident	Skermanella stibiiresistens	Bacteria
677d9fa7-fe49-4885-a8e9-7ba1f9202ac0	913326	1.0	confident	Skermanella stibiiresistens	Bacteria
7b90b34e-a0bc-4c9c-81bc-61993e2d7aea	913326	1.0	confident	Skermanella stibiiresistens	Bacteria
193eab9b-4806-4a79-b685-496cb18dbd10	913326	1.0	confident	Skermanella stibiiresistens	Bacteria
a608401f-5518-49bd-ba03-c4f37909aea0	913326	1.0	confident	Skermanella stibiiresistens	Bacteria
c8effd5d-b0b0-474d-9ae0-b6106e89eb8f	913326	1.0	confident	Skermanella stibiiresistens	Bacteria
f1931430-9a3a-4149-b1d7-411881696d58	913326	1.0	confident	Skermanella stibiiresistens	Bacteria
fdeb2f51-460b-4c51-a177-84c3a57e643f	913326	1.0	confident	Skermanella stibiiresistens	Bacteria
cf47eb09-0b8a-40d8-8e92-6135ea99081d	913326	1.0	confident	Skermanella stibiiresistens	Bacteria
f88fdbb4-2559-4dae-aba7-b367079e6e41	913326	1.0	confident	Skermanella stibiiresistens	Bacteria
364db136-822c-4629-8712-135f523668f9	913326	1.0	confident	Skermanella stibiiresistens	Bacteria
ac01dbc9-418e-43ac-9b9f-cb6f3da2c1b7	913326	1.0	confident	Skermanella stibiiresistens	Bacteria
5d86396e-b01f-40c8-b0d4-ecf22f8b53ab	913326	1.0	confident	Skermanella stibiiresistens	Bacteria
270b3cd9-efcf-49db-bc7b-2a411b85ea4c	913326	1.0	confident	Skermanella stibiiresistens	Bacteria
1c60664c-a00e-43a0-8f8f-b0af6e271c0c	913326	1.0	confident	Skermanella stibiiresistens	Bacteria
904323ca-c9b2-4169-b974-71de213f489e	913326	1.0	confident	Skermanella stibiiresistens	Bacteria
106668c3-957e-4923-b866-598c116e3ac3	913326	1.0	confident	Skermanella stibiiresistens	Bacteria
0e012bb2-41f2-4ed3-8b60-c910a3ffb9d1	913326	1.0	confident	Skermanella stibiiresistens	Bacteria
8744f542-de03-45d3-a589-274d7a61d24a	913326	1.0	confident	Skermanella stibiiresistens	Bacteria
2c347197-efd2-4227-a9c8-24c38deb4b33	913326	1.0	confident	Skermanella stibiiresistens	Bacteria
82a6a0b7-c3e9-4c4d-ad85-8c4297ed4dd9	913326	1.0	confident	Skermanella stibiiresistens	Bacteria
cfb0a024-f3a5-4241-922e-11f082f9b7bc	913326	1.0	confident	Skermanella stibiiresistens	Bacteria
f8bef890-aff5-407c-8e97-1199297687ba	913326	1.0	confident	Skermanella stibiiresistens	Bacteria
704d4641-35cc-4eb5-840e-d8166f78f6ee	913326	1.0	confident	Skermanella stibiiresistens	Bacteria
a703c059-918b-48e1-9d0e-028df1555d5c	913326	1.0	confident	Skermanella stibiiresistens	Bacteria
f5d31a52-1833-4c88-a870-f628aaaa812c	913326	1.0	confident	Skermanella stibiiresistens	Bacteria
cebf3faa-7a81-42f0-bfb5-96aba3ac79d0	913326	1.0	confident	Skermanella stibiiresistens	Bacteria
465f1284-81d5-4250-89bf-b979bccfdf09	913326	1.0	confident	Skermanella stibiiresistens	Bacteria
bcfa9572-8d73-42a0-a4f9-789f393506e3	913326	1.0	confident	Skermanella stibiiresistens	Bacteria
c65427f0-5f3b-4778-a374-d50fdf682373	913326	1.0	confident	Skermanella stibiiresistens	Bacteria
91c42da7-e90e-4fb3-aa0a-2a31aa98d0ba	913326	1.0	confident	Skermanella stibiiresistens	Bacteria
70db8b61-8090-4965-a9bb-59bb02471d23	913326	1.0	confident	Skermanella stibiiresistens	Bacteria
87dbabb3-9130-4077-bfc6-a69af63b4385	913326	1.0	confident	Skermanella stibiiresistens	Bacteria
d405249d-0c66-4422-aa36-8a78c95ef8ff	913326	1.0	confident	Skermanella stibiiresistens	Bacteria
9144cd8e-2e6a-40d2-b133-90bdefd70733	913326	1.0	confident	Skermanella stibiiresistens	Bacteria
fe43bb14-be0c-42c4-bdae-a981ea8a2723	913326	1.0	confident	Skermanella stibiiresistens	Bacteria
bbb0afbc-9ef2-4ce8-b104-cf00c02ba6b4	913326	1.0	confident	Skermanella stibiiresistens	Bacteria
113b0ed7-5b87-42a8-b194-0f35bc78c5ea	913326	1.0	confident	Skermanella stibiiresistens	Bacteria
eacfab5c-04fd-4c41-950d-5d1fdf51cf00	913326	1.0	confident	Skermanella stibiiresistens	Bacteria
85409d8b-a502-4f52-90e0-ec100bd4d120	913326	1.0	confident	Skermanella stibiiresistens	Bacteria
79a0cb3b-0212-4034-9222-266b748ea5a0	913326	1.0	confident	Skermanella stibiiresistens	Bacteria
ae7c0919-82a7-496e-922e-d84132bd486a	913326	1.0	confident	Skermanella stibiiresistens	Bacteria
715b8e8e-58a1-4eac-8f6e-50d2e375adc3	913326	1.0	confident	Skermanella stibiiresistens	Bacteria
c60536ee-4cf5-4709-b41e-270bf6cd1888	913326	1.0	confident	Skermanella stibiiresistens	Bacteria
a2c6d1b5-7315-4b07-86a5-f24a14ec061d	913326	1.0	confident	Skermanella stibiiresistens	Bacteria
8ecc12ab-f2c3-4c7d-af1c-b8e27c95ba62	913326	1.0	confident	Skermanella stibiiresistens	Bacteria
ff9fdd31-6c41-4491-84aa-709c59af7ab2	913326	1.0	confident	Skermanella stibiiresistens	Bacteria
3a438667-5772-495e-8be4-6b2d9c17bd32	913326	1.0	confident	Skermanella stibiiresistens	Bacteria
49f33c5b-9e79-43fb-9485-d910fdfa3575	913326	1.0	confident	Skermanella stibiiresistens	Bacteria
4e7cbbd0-7115-435e-b8d5-25a7acd69502	913326	1.0	confident	Skermanella stibiiresistens	Bacteria
5594406a-01bc-4a6f-86b2-9ae2b0aeae58	913326	1.0	confident	Skermanella stibiiresistens	Bacteria
59b75a73-d057-4863-9674-4bf8f04f50d5	913326	1.0	confident	Skermanella stibiiresistens	Bacteria
83ff55cb-16f4-4815-8a93-5ce7c33a7688	913326	1.0	confident	Skermanella stibiiresistens	Bacteria
162fb8f2-216d-4937-be7d-069fdebd99be	913326	1.0	confident	Skermanella stibiiresistens	Bacteria
7fb55187-a84a-4433-a61e-5587807843ff	913326	1.0	confident	Skermanella stibiiresistens	Bacteria
57442202-a528-47f4-b3aa-68f402ff52dc	913326	1.0	confident	Skermanella stibiiresistens	Bacteria
b9c9eac8-51b3-4358-88d0-79da087b29e6	913326	1.0	confident	Skermanella stibiiresistens	Bacteria
080dde43-66c5-49fe-aedf-7cecae972995	913326	1.0	confident	Skermanella stibiiresistens	Bacteria
a501dfbb-dc57-4bb0-b0af-56c32e84a8ed	913326	1.0	confident	Skermanella stibiiresistens	Bacteria
a34b51a3-4d17-477c-ba1e-3820bed32976	913326	1.0	confident	Skermanella stibiiresistens	Bacteria
6f5b3446-b8aa-443a-9785-c215b48496fb	913326	1.0	confident	Skermanella stibiiresistens	Bacteria
94fb9420-bc1e-4c28-b04f-d5ed257c10e0	913326	1.0	confident	Skermanella stibiiresistens	Bacteria
727ac4b2-9583-408b-a534-81c2cde1732e	913326	1.0	confident	Skermanella stibiiresistens	Bacteria
e71d9149-62d8-4f47-9c3d-7b8b0191db01	913326	1.0	confident	Skermanella stibiiresistens	Bacteria
425a3d44-d6bf-4cb0-a276-168edf4b2552	913326	1.0	confident	Skermanella stibiiresistens	Bacteria
db448de1-e2cf-493b-a15a-6fb1eceb566d	913326	1.0	confident	Skermanella stibiiresistens	Bacteria
91fe6ffe-41de-410f-bc80-f100ecffaeff	913326	1.0	confident	Skermanella stibiiresistens	Bacteria
8f780f44-3665-480c-bb41-07ed6663e790	913326	1.0	confident	Skermanella stibiiresistens	Bacteria
9f5f84dc-9e5d-4258-aad4-77813ed7a1b1	913326	1.0	confident	Skermanella stibiiresistens	Bacteria
d3e5df33-980e-4f27-a831-fc23cbd440da	913326	1.0	confident	Skermanella stibiiresistens	Bacteria
4bf19e99-1c03-4ced-82c4-1609f1328c29	913326	1.0	confident	Skermanella stibiiresistens	Bacteria
d7ed7759-638b-40cb-b0b4-56fb66bb4197	913326	1.0	confident	Skermanella stibiiresistens	Bacteria
0ac3747d-4aba-47ae-8edf-7937536471c8	913326	1.0	confident	Skermanella stibiiresistens	Bacteria
dd79b5fd-1e3a-452c-8d70-268cd33f0b08	913326	1.0	confident	Skermanella stibiiresistens	Bacteria
749a48df-70fa-4dc7-876d-2b151e2d6a58	913326	1.0	confident	Skermanella stibiiresistens	Bacteria
2ebe8a5e-8255-4fcb-8b86-180887428af4	913326	1.0	confident	Skermanella stibiiresistens	Bacteria
64f2193e-35f2-4dfb-a914-3769396b4be8	913326	1.0	confident	Skermanella stibiiresistens	Bacteria
fb445ed1-4887-43d5-8fa6-815910115424	913326	1.0	confident	Skermanella stibiiresistens	Bacteria
8fc3000f-2ea0-4cfd-b745-f3bcb6667b92	913326	1.0	confident	Skermanella stibiiresistens	Bacteria
83562f36-16f7-4565-be83-d9255bb49306	913326	1.0	confident	Skermanella stibiiresistens	Bacteria
ec0dae00-5809-458c-877d-ff44b824f8a0	913326	1.0	confident	Skermanella stibiiresistens	Bacteria
fbb3acd1-da01-4a0b-9179-f63a84d305d4	913326	1.0	confident	Skermanella stibiiresistens	Bacteria
00c2adcd-2aee-42fc-9e0b-74586c566868	913326	1.0	confident	Skermanella stibiiresistens	Bacteria
c4fbb5db-f723-47ed-b7d9-8f79659db3d4	913326	1.0	confident	Skermanella stibiiresistens	Bacteria
1269632f-ef83-4261-94d7-2e88413cd3ff	913326	1.0	confident	Skermanella stibiiresistens	Bacteria
7f2c640a-6dae-45d3-b84c-46c3bc57208b	913326	1.0	confident	Skermanella stibiiresistens	Bacteria
5e540654-56bd-49da-8218-9a0439e50ba1	913326	1.0	confident	Skermanella stibiiresistens	Bacteria
2d158e2c-1d50-465a-b107-6dc80198f664	913326	1.0	confident	Skermanella stibiiresistens	Bacteria
5becb336-57f6-48a7-952e-769f3f374080	913326	1.0	confident	Skermanella stibiiresistens	Bacteria
8b5fc829-fbfc-4ec7-a18a-8e4556c75241	913326	1.0	confident	Skermanella stibiiresistens	Bacteria
9de7235d-41c1-4d4e-ab16-d8d03cf66426	913326	1.0	confident	Skermanella stibiiresistens	Bacteria
83844b17-04cd-42a1-acb5-df589930e48d	913326	1.0	confident	Skermanella stibiiresistens	Bacteria
c3317bd5-1152-46f3-9b11-ced52d156280	913326	1.0	confident	Skermanella stibiiresistens	Bacteria
169ce471-0427-4679-ac46-c76f614d8e44	913326	1.0	confident	Skermanella stibiiresistens	Bacteria
8497c27d-2508-4575-ba92-1d829e7b38f0	913326	1.0	confident	Skermanella stibiiresistens	Bacteria
ed248d24-054b-4052-a031-30ef064632ee	913326	1.0	confident	Skermanella stibiiresistens	Bacteria
049c226e-e002-4030-83c8-5ca952a387dd	913326	1.0	confident	Skermanella stibiiresistens	Bacteria
68251531-bc0e-4284-bd90-f6d54329f16b	913326	1.0	confident	Skermanella stibiiresistens	Bacteria
8426214f-2e97-4353-ac74-09235bc7b5c4	913326	1.0	confident	Skermanella stibiiresistens	Bacteria
15f005fd-4ec6-4c27-a145-311eefe56599	913326	1.0	confident	Skermanella stibiiresistens	Bacteria
128efbec-2a83-4ee5-ab1a-44dd1b53bbef	913326	1.0	confident	Skermanella stibiiresistens	Bacteria
91abbb61-e64f-406f-a7fe-4cf736c9672e	913326	1.0	confident	Skermanella stibiiresistens	Bacteria
cb1d4ff2-8d48-43cf-b241-576512bf1e17	913326	1.0	confident	Skermanella stibiiresistens	Bacteria
b6cebe36-3875-41b7-81b1-de47c1f8e6a2	913326	1.0	confident	Skermanella stibiiresistens	Bacteria
4dfe3ec3-5a68-4c6e-86fb-91b3bb502859	913326	1.0	confident	Skermanella stibiiresistens	Bacteria
bf9ebde1-52c6-4262-9726-f1d9103b58e9	913326	1.0	confident	Skermanella stibiiresistens	Bacteria
eaa26691-825a-42f8-b3e6-3a5720d4b365	913326	1.0	confident	Skermanella stibiiresistens	Bacteria
34dab43a-73e6-41af-b4f9-c2a50f4525c9	913326	1.0	confident	Skermanella stibiiresistens	Bacteria
8aa5c028-6238-4cdc-ac0b-efddfba62105	913326	1.0	confident	Skermanella stibiiresistens	Bacteria
996c5674-3ff4-4b3c-ae49-8efbe3c929d4	913326	1.0	confident	Skermanella stibiiresistens	Bacteria
0daeba2d-b98a-49ae-9cb7-137f54bd99e0	913326	1.0	confident	Skermanella stibiiresistens	Bacteria
a4df7fba-6438-432a-9e47-017cde640239	913326	1.0	confident	Skermanella stibiiresistens	Bacteria
c96c083f-f2ac-434a-b3fb-04ec4041e828	913326	1.0	confident	Skermanella stibiiresistens	Bacteria
9deaa3f0-4dc9-442e-8a50-ad04b673cf10	913326	1.0	confident	Skermanella stibiiresistens	Bacteria
10a2579c-4732-4f77-920d-099b43b758a7	913326	1.0	confident	Skermanella stibiiresistens	Bacteria
04e08415-98e8-4ce1-b211-504774d6dcc4	913326	1.0	confident	Skermanella stibiiresistens	Bacteria
481b0dd9-8eba-4fdc-b4ba-8633cb72193b	913326	1.0	confident	Skermanella stibiiresistens	Bacteria
ebb662bb-b51b-4d23-9cac-c3b94bddbacb	913326	1.0	confident	Skermanella stibiiresistens	Bacteria
1f4a7151-439d-462e-9bcf-37704182438b	913326	1.0	confident	Skermanella stibiiresistens	Bacteria
269b9db1-7ead-42bf-9b58-a612a6bdc512	913326	1.0	confident	Skermanella stibiiresistens	Bacteria
b96e656a-289d-40d9-bf6d-2a78fe7797f1	913326	1.0	confident	Skermanella stibiiresistens	Bacteria
ffb40f96-d983-4177-93fc-2def7bf90dba	913326	1.0	confident	Skermanella stibiiresistens	Bacteria
de6c2eb7-c35a-4388-aa17-13fa53dca285	913326	1.0	confident	Skermanella stibiiresistens	Bacteria
05c496fa-81ba-4842-8a45-6d6c2cf15038	913326	1.0	confident	Skermanella stibiiresistens	Bacteria
6649624c-5387-4661-bb43-c07c80291dc5	913326	1.0	confident	Skermanella stibiiresistens	Bacteria
41a26d2e-2bc8-4a5b-9498-0a4d8af16038	913326	1.0	confident	Skermanella stibiiresistens	Bacteria
ff3d1c56-118f-451d-93d8-2eaf85461058	913326	1.0	confident	Skermanella stibiiresistens	Bacteria
4f635300-4d7a-4df2-8142-33ce4ed0ef10	913326	1.0	confident	Skermanella stibiiresistens	Bacteria
04fdd6d7-2eb4-4c53-b121-28c6cd57e509	913326	1.0	confident	Skermanella stibiiresistens	Bacteria
1c0d1b18-81c3-4eac-8d8b-49d65dabbbb1	913326	1.0	confident	Skermanella stibiiresistens	Bacteria
1116995e-8f55-40e2-b22b-1160bae3fac8	913326	1.0	confident	Skermanella stibiiresistens	Bacteria
2e56efa8-8f98-4430-ae66-de58f0b0a113	913326	1.0	confident	Skermanella stibiiresistens	Bacteria
9280b853-9dd6-4735-800f-9cf5012092aa	913326	1.0	confident	Skermanella stibiiresistens	Bacteria
07ff6dfa-ff64-445b-bac7-d2edb27bad0f	913326	1.0	confident	Skermanella stibiiresistens	Bacteria
a9f8dc0e-aa66-4d51-81c7-fc8aa06b2551	913326	1.0	confident	Skermanella stibiiresistens	Bacteria
5d1b0096-50e3-45bc-9810-b3b5e96dd261	913326	1.0	confident	Skermanella stibiiresistens	Bacteria
32309ac4-fcbc-4292-854b-7808a86ff88c	913326	1.0	confident	Skermanella stibiiresistens	Bacteria
9ed725e0-6bfa-44e3-8659-a7e42680d0d9	913326	1.0	confident	Skermanella stibiiresistens	Bacteria
32cc5c49-2a29-4ee1-b7e3-a1967b08b875	913326	1.0	confident	Skermanella stibiiresistens	Bacteria
3ccc5bd4-7d9c-44a9-9f8a-b283874d91b2	913326	1.0	confident	Skermanella stibiiresistens	Bacteria
64b06999-4954-4e94-8e57-54fbef906b37	913326	1.0	confident	Skermanella stibiiresistens	Bacteria
7a7784b1-b39d-4957-98a0-3a52d3f5d517	913326	1.0	confident	Skermanella stibiiresistens	Bacteria
671d1887-cf64-4107-8cdf-1d2f9f0e413c	913326	1.0	confident	Skermanella stibiiresistens	Bacteria
39f3a222-f361-4761-9e04-50adc20de236	913326	1.0	confident	Skermanella stibiiresistens	Bacteria
06dbb53f-c51d-4550-a8ff-391b41fc3aff	913326	1.0	confident	Skermanella stibiiresistens	Bacteria
a219c974-0383-41f7-9b65-57d9f9cd266a	913326	1.0	confident	Skermanella stibiiresistens	Bacteria
db37b273-af26-435a-bc47-72c429e4db17	913326	1.0	confident	Skermanella stibiiresistens	Bacteria
8dbe024e-dd36-466e-8bb1-1dd006507581	913326	1.0	confident	Skermanella stibiiresistens	Bacteria
a562b487-4d88-4e72-a970-a4527efcd601	913326	1.0	confident	Skermanella stibiiresistens	Bacteria
c585c5b7-5190-44bb-a7c4-bf3266ed72cc	913326	1.0	confident	Skermanella stibiiresistens	Bacteria
a948e591-c5bd-47f8-af79-0c55c94e6f89	913326	1.0	confident	Skermanella stibiiresistens	Bacteria
c02f9907-6ab8-470d-a853-8a5f75ac00d9	913326	1.0	confident	Skermanella stibiiresistens	Bacteria
f240a52f-4bd9-4057-b801-37fa6dfa9091	913326	1.0	confident	Skermanella stibiiresistens	Bacteria
0fdfcdf6-fc52-4fec-b699-cd2670dc9f92	913326	1.0	confident	Skermanella stibiiresistens	Bacteria
9dc4062e-de4f-4733-bd0e-d998e1bb18ad	913326	1.0	confident	Skermanella stibiiresistens	Bacteria
2204d31a-f001-4758-b459-62cbc0766d61	913326	1.0	confident	Skermanella stibiiresistens	Bacteria
2ad3011e-90e7-404c-ad14-8dfb7855bedb	913326	1.0	confident	Skermanella stibiiresistens	Bacteria
9c7e990c-de1b-4e65-9cc9-5b8b380871fb	913326	1.0	confident	Skermanella stibiiresistens	Bacteria
6148aaf5-26c0-4888-83df-20957c62273a	913326	1.0	confident	Skermanella stibiiresistens	Bacteria
a23edc64-89bf-409f-aff2-34db643dc7b0	913326	1.0	confident	Skermanella stibiiresistens	Bacteria
5abde064-7384-426d-bd37-dee8f18353ef	913326	1.0	confident	Skermanella stibiiresistens	Bacteria
e19a02a6-3986-4777-83da-6012602bd600	913326	1.0	confident	Skermanella stibiiresistens	Bacteria
38371725-7b5a-4ad3-be70-bce336d9a88a	913326	1.0	confident	Skermanella stibiiresistens	Bacteria
5c21f729-ca07-47f1-929c-ed0e5b2d1e94	913326	1.0	confident	Skermanella stibiiresistens	Bacteria
f85e5d25-8de8-4147-b4dd-8364d2308015	913326	1.0	confident	Skermanella stibiiresistens	Bacteria
a2d5bd77-f3a8-4272-884c-6f09329afded	913326	1.0	confident	Skermanella stibiiresistens	Bacteria
239d726f-e03a-48af-8038-0467a8a46a0b	913326	1.0	confident	Skermanella stibiiresistens	Bacteria
4cc89f4c-a82f-476f-9664-804d8d38b2d8	913326	1.0	confident	Skermanella stibiiresistens	Bacteria
ea1a3f3b-84f1-4863-bba3-c39751b46f63	913326	1.0	confident	Skermanella stibiiresistens	Bacteria
f09c0011-62f1-48ce-a3e6-c329a84eedf5	913326	1.0	confident	Skermanella stibiiresistens	Bacteria
b0e46b96-cb29-43c5-aa15-55f06c835176	913326	1.0	confident	Skermanella stibiiresistens	Bacteria
c11d9092-7385-4779-8e50-7fb66d49306d	913326	1.0	confident	Skermanella stibiiresistens	Bacteria
8cb59bdb-1cf5-4b39-a50c-c756a69b0608	913326	1.0	confident	Skermanella stibiiresistens	Bacteria
a6b7f4e6-914a-4f8d-9bc9-e9d1240b153c	913326	1.0	confident	Skermanella stibiiresistens	Bacteria
04639165-6bb4-4538-9d2d-630cd8d07961	913326	1.0	confident	Skermanella stibiiresistens	Bacteria
59f25c97-b8f5-4f22-9563-982c73431be7	913326	1.0	confident	Skermanella stibiiresistens	Bacteria
d50c24f6-f7ad-4e19-9c82-e6ea76775e06	913326	1.0	confident	Skermanella stibiiresistens	Bacteria
02efd1b2-bdd1-42ae-a9a9-646ffe91990f	913326	1.0	confident	Skermanella stibiiresistens	Bacteria
6e8cba82-ebf5-4873-b650-92f626c7a6b5	913326	1.0	confident	Skermanella stibiiresistens	Bacteria
7fc4573e-1e87-4e9f-9aac-b8c1332243b6	913326	1.0	confident	Skermanella stibiiresistens	Bacteria
ebbd88e6-e9cd-4b23-a3ad-b5fac2fa7cb2	913326	1.0	confident	Skermanella stibiiresistens	Bacteria
f5ddee08-d4ff-47c8-adf9-5e6bc171b969	913326	1.0	confident	Skermanella stibiiresistens	Bacteria
546722e7-bb3a-4791-819d-0217b60effea	913326	1.0	confident	Skermanella stibiiresistens	Bacteria
2a1c826b-5d6a-4cc2-8058-dbd7069dea9d	913326	1.0	confident	Skermanella stibiiresistens	Bacteria
c6125dda-477e-404e-b4f4-1e10a1eb74f7	913326	1.0	confident	Skermanella stibiiresistens	Bacteria
9117c170-6ff6-48f1-bc92-9cbdf2742ae1	913326	1.0	confident	Skermanella stibiiresistens	Bacteria
e5cdeafc-1c3e-4351-bb54-a6e47ea85995	913326	1.0	confident	Skermanella stibiiresistens	Bacteria
3e96a999-6bb1-4fd7-b364-d10f5bb469bf	913326	1.0	confident	Skermanella stibiiresistens	Bacteria
9e1cc792-e2d6-4c48-902a-b588e2e33ea7	913326	1.0	confident	Skermanella stibiiresistens	Bacteria
050ee7f4-ff8b-4cbf-8c72-e1606412d553	913326	1.0	confident	Skermanella stibiiresistens	Bacteria
b0895fe8-d7fd-4a4d-8960-b88c71996c51	913326	1.0	confident	Skermanella stibiiresistens	Bacteria
fe2dd713-2db0-47ef-a0b1-b833eb0d2fcf	913326	1.0	confident	Skermanella stibiiresistens	Bacteria
e50a716a-246c-43c9-b903-0da29867810b	913326	1.0	confident	Skermanella stibiiresistens	Bacteria
87ec2e66-214b-48c1-aa25-b2d5cb98408b	913326	1.0	confident	Skermanella stibiiresistens	Bacteria
8ef8fb92-c33f-4825-8964-c1105d4415f2	913326	1.0	confident	Skermanella stibiiresistens	Bacteria
efb6e87b-d35a-4e1f-96d1-8c954f596991	913326	1.0	confident	Skermanella stibiiresistens	Bacteria
f3e4cdef-6721-43f0-9966-8bb693f6225e	913326	1.0	confident	Skermanella stibiiresistens	Bacteria
6f81e252-0c0a-405e-a18f-08872f97bc2d	913326	1.0	confident	Skermanella stibiiresistens	Bacteria
3ba70e1f-4214-41ee-ba20-ac2a3a48ba28	913326	1.0	confident	Skermanella stibiiresistens	Bacteria
aef4dfb3-8ad6-4739-8c47-3fb5cdbc44d6	913326	1.0	confident	Skermanella stibiiresistens	Bacteria
5b8c8415-a8cb-4434-9f09-a18be0875acc	913326	1.0	confident	Skermanella stibiiresistens	Bacteria
793aa73e-e341-4051-8b91-9a89f3eee6a1	913326	1.0	confident	Skermanella stibiiresistens	Bacteria
c3ce20c9-83cb-4712-a93a-4132b7b40c15	913326	1.0	confident	Skermanella stibiiresistens	Bacteria
79789b13-7e41-4396-8822-eab8a1d75ba0	913326	1.0	confident	Skermanella stibiiresistens	Bacteria
70f95070-f0d3-4b71-9892-e8a012020524	913326	1.0	confident	Skermanella stibiiresistens	Bacteria
bfef759a-f175-4f62-a6b4-91216b34b2fa	913326	1.0	confident	Skermanella stibiiresistens	Bacteria
7604c085-a8fb-43c1-87b5-5b1b88231b6a	913326	1.0	confident	Skermanella stibiiresistens	Bacteria
afcd8331-4819-42b2-ad8c-ceba0656e917	913326	1.0	confident	Skermanella stibiiresistens	Bacteria
0c46289b-55f7-4987-afe5-3605f0ae4109	913326	1.0	confident	Skermanella stibiiresistens	Bacteria
696be3d6-cbb5-497c-b8a0-5cbb57c61489	913326	1.0	confident	Skermanella stibiiresistens	Bacteria
ae6c10b1-476b-41e8-96ff-80f7826883bc	913326	1.0	confident	Skermanella stibiiresistens	Bacteria
5893e467-328d-4adc-9782-6dd29bd718a9	913326	1.0	confident	Skermanella stibiiresistens	Bacteria
79763350-c35f-4677-a606-52fb45a4d902	913326	1.0	confident	Skermanella stibiiresistens	Bacteria
cf15ed51-7018-4892-a69b-57503d89ee0a	913326	1.0	confident	Skermanella stibiiresistens	Bacteria
9dff7adb-99f1-49aa-8152-1bc5318e3ddc	913326	1.0	confident	Skermanella stibiiresistens	Bacteria
ef00e890-c8fe-49fb-a62a-8831a8adac57	913326	1.0	confident	Skermanella stibiiresistens	Bacteria
aaf3b636-2cdb-4c25-9304-1cf7ab0fbab3	913326	1.0	confident	Skermanella stibiiresistens	Bacteria
a1c2f3e3-9d07-4d46-90eb-40c28a4dcb3e	913326	1.0	confident	Skermanella stibiiresistens	Bacteria
43e3e8bc-47b5-4847-be98-822fa5794f16	913326	1.0	confident	Skermanella stibiiresistens	Bacteria
d4d4078d-64c0-47b1-9899-afab97a05271	913326	1.0	confident	Skermanella stibiiresistens	Bacteria
8af36b16-9660-41f6-af6b-ff6ed41df210	913326	1.0	confident	Skermanella stibiiresistens	Bacteria
b4ffa547-042d-4d35-a639-de2d609f3283	913326	1.0	confident	Skermanella stibiiresistens	Bacteria
8cd41788-2f36-4101-83bb-b0dbc5a03f55	913326	1.0	confident	Skermanella stibiiresistens	Bacteria
2941bf9b-4c8b-4161-8628-7646b696139a	913326	1.0	confident	Skermanella stibiiresistens	Bacteria
85baad44-a44a-41ec-9906-0be8d7912f52	913326	1.0	confident	Skermanella stibiiresistens	Bacteria
d7dea453-8f38-4f7b-800c-22d0631259a4	913326	1.0	confident	Skermanella stibiiresistens	Bacteria
e42c6555-24f5-4f83-87b1-ab4049b181bf	913326	1.0	confident	Skermanella stibiiresistens	Bacteria
9f3b39b3-832d-46a6-891c-8ceb265934e2	913326	1.0	confident	Skermanella stibiiresistens	Bacteria
72a2232e-3822-42af-8aed-af5aba4df671	913326	1.0	confident	Skermanella stibiiresistens	Bacteria
3b442179-72cb-4c05-b183-eca988dd6f51	913326	1.0	confident	Skermanella stibiiresistens	Bacteria
b010d1c6-79ea-466c-89c7-0dd4cdc307b1	913326	1.0	confident	Skermanella stibiiresistens	Bacteria
fc10ed79-7bbc-4af3-8c48-6eefa9bee7d2	913326	1.0	confident	Skermanella stibiiresistens	Bacteria
642a1995-cda8-4230-8c03-024ee098d0aa	913326	1.0	confident	Skermanella stibiiresistens	Bacteria
f2f40671-2a16-4147-8520-5390e0fcf7d8	913326	1.0	confident	Skermanella stibiiresistens	Bacteria
cca0d47e-fa07-496b-b9d7-3fce6c1314a6	913326	1.0	confident	Skermanella stibiiresistens	Bacteria
3967dde3-62de-4234-9807-6b94822d9a0f	913326	1.0	confident	Skermanella stibiiresistens	Bacteria
ab12920b-77b7-454a-afed-9a234eab13db	913326	1.0	confident	Skermanella stibiiresistens	Bacteria
2651db74-b796-4ed6-827c-67d87850ea76	913326	1.0	confident	Skermanella stibiiresistens	Bacteria
e090f2fd-b034-4787-be51-c681cd7e6615	913326	1.0	confident	Skermanella stibiiresistens	Bacteria
dfb509d2-ab4e-40d6-8c11-32525d9f48f8	913326	1.0	confident	Skermanella stibiiresistens	Bacteria
b79f5df5-4a82-4d27-a540-5eecaf18352d	913326	1.0	confident	Skermanella stibiiresistens	Bacteria
89694b0e-9c00-4ae0-9a98-1a2ac94a78e3	913326	1.0	confident	Skermanella stibiiresistens	Bacteria
7b4c1eeb-3654-4778-a64c-15eed8cd39ac	913326	1.0	confident	Skermanella stibiiresistens	Bacteria
b01b1832-90a6-4e06-8bdf-a0a535620820	913326	1.0	confident	Skermanella stibiiresistens	Bacteria
ba62f964-0fc2-424c-b130-81421efd7924	913326	1.0	confident	Skermanella stibiiresistens	Bacteria
eb7d65df-b108-4f4e-89be-f98490a722b8	913326	1.0	confident	Skermanella stibiiresistens	Bacteria
d65a3dbe-b024-421b-a82d-6fc7214b2539	913326	1.0	confident	Skermanella stibiiresistens	Bacteria
71db8adb-a19c-4c1e-a7c2-c52717a6bac2	913326	1.0	confident	Skermanella stibiiresistens	Bacteria
daf50926-f3f6-4000-ae3f-91aff31d8486	913326	1.0	confident	Skermanella stibiiresistens	Bacteria
59318832-1aeb-4eba-bc71-6d9d3a6b7455	913326	1.0	confident	Skermanella stibiiresistens	Bacteria
311dd596-a29e-484e-a3a4-6fc42bc4a265	913326	1.0	confident	Skermanella stibiiresistens	Bacteria
1a930420-514e-42ce-9471-0554c571bd90	913326	1.0	confident	Skermanella stibiiresistens	Bacteria
a102e19c-772e-41fd-af5e-940ebb58fe9b	913326	1.0	confident	Skermanella stibiiresistens	Bacteria
640b5dcc-9dd1-4098-b340-e3b1f2c0f3c2	913326	1.0	confident	Skermanella stibiiresistens	Bacteria
0452b152-a657-4d8f-aa18-b4401fb4696b	913326	1.0	confident	Skermanella stibiiresistens	Bacteria
34c465cb-53fc-4cd8-ad52-60a4d289647b	913326	1.0	confident	Skermanella stibiiresistens	Bacteria
919aaa6e-31bf-4714-9ddc-57bcd292184a	913326	1.0	confident	Skermanella stibiiresistens	Bacteria
1ccceb18-f957-49e5-b89d-bf437e0004c7	913326	1.0	confident	Skermanella stibiiresistens	Bacteria
6db12d86-dee0-46fa-93e1-2c7af97cd47f	913326	1.0	confident	Skermanella stibiiresistens	Bacteria
9cc32467-c757-4361-95e0-c73e7a330cb6	913326	1.0	confident	Skermanella stibiiresistens	Bacteria
ba6b3957-232e-428f-a07c-548adf73ac3a	913326	1.0	confident	Skermanella stibiiresistens	Bacteria
7880f49c-0241-4eaa-972b-37fe51dd11c2	913326	1.0	confident	Skermanella stibiiresistens	Bacteria
abc7d458-980c-4d96-8e1f-fc67a7b814f6	913326	1.0	confident	Skermanella stibiiresistens	Bacteria
74f8e7c1-e3f4-4fdd-9534-0ca086498cb6	913326	1.0	confident	Skermanella stibiiresistens	Bacteria
fcc04d0d-ff86-41d9-8e47-27d3a3152440	913326	1.0	confident	Skermanella stibiiresistens	Bacteria
1470246f-628f-4e0d-8b4f-e95d1a0c78f0	913326	1.0	confident	Skermanella stibiiresistens	Bacteria
f86cfcb6-fd57-4fbc-bc5c-78bd2f735857	913326	1.0	confident	Skermanella stibiiresistens	Bacteria
9e51489f-6eae-405e-99d6-7a45210bfcba	913326	1.0	confident	Skermanella stibiiresistens	Bacteria
f695fc8c-09e1-4493-9e32-d8dbf730bffe	913326	1.0	confident	Skermanella stibiiresistens	Bacteria
492f2ab3-33aa-4545-9018-3fcbe774de8a	913326	1.0	confident	Skermanella stibiiresistens	Bacteria
990e7d04-99cf-4bb9-9e7c-3dc096d76228	913326	1.0	confident	Skermanella stibiiresistens	Bacteria
ebf51c29-e851-4227-9db4-49c4b6e41bb8	913326	1.0	confident	Skermanella stibiiresistens	Bacteria
71e8def1-165a-47c7-8736-bfc336088c22	913326	1.0	confident	Skermanella stibiiresistens	Bacteria
6bee0d36-2e8e-417a-a645-d3a32a6884b2	913326	1.0	confident	Skermanella stibiiresistens	Bacteria
4f38f0a4-1b85-442f-8525-c4700dd6241d	913326	1.0	confident	Skermanella stibiiresistens	Bacteria
78a96227-1472-4461-89a8-fd89310fcc0b	913326	1.0	confident	Skermanella stibiiresistens	Bacteria
a9f69773-e703-4708-88ef-500ad00b358b	913326	1.0	confident	Skermanella stibiiresistens	Bacteria
c34fa861-29f7-414c-9d95-7a5488a1d20f	913326	1.0	confident	Skermanella stibiiresistens	Bacteria
65b8b837-afd6-4280-afcd-a04b0045df9e	913326	1.0	confident	Skermanella stibiiresistens	Bacteria
f1ff0e5e-3966-4273-ade2-7bee5be3b1b9	913326	1.0	confident	Skermanella stibiiresistens	Bacteria
43078d67-e4b4-42ea-8e5d-77d2137d0056	913326	1.0	confident	Skermanella stibiiresistens	Bacteria
7e37f1ba-9439-4624-bd7a-2351a176ae7f	913326	1.0	confident	Skermanella stibiiresistens	Bacteria
796c5747-0466-4aad-94f0-4795f1b26f9a	913326	1.0	confident	Skermanella stibiiresistens	Bacteria
2c05a0f1-7c29-4b8a-a0ca-e33347bcb700	913326	1.0	confident	Skermanella stibiiresistens	Bacteria
4ef6c49c-8576-4370-88c2-d48667b37751	913326	1.0	confident	Skermanella stibiiresistens	Bacteria
6eaba2e2-c6ac-497a-bd8d-98ccfa4676c3	913326	1.0	confident	Skermanella stibiiresistens	Bacteria
83b9d78f-e677-4ebd-b783-cbb66862f5d6	913326	1.0	confident	Skermanella stibiiresistens	Bacteria
1ab89392-7556-4f14-9166-717bf4cc897b	913326	1.0	confident	Skermanella stibiiresistens	Bacteria
9618ca80-4e0f-4335-8867-5cbf3506257f	913326	1.0	confident	Skermanella stibiiresistens	Bacteria
47248bbb-2d4a-4af6-adc7-8ceca4ee46d6	913326	1.0	confident	Skermanella stibiiresistens	Bacteria
6a5abf5f-8652-453b-813b-6709217479bb	913326	1.0	confident	Skermanella stibiiresistens	Bacteria
61ed2255-56c3-442d-a352-c1307256641d	913326	1.0	confident	Skermanella stibiiresistens	Bacteria
cd4e868d-2da4-496c-a924-69dc39ffb490	913326	1.0	confident	Skermanella stibiiresistens	Bacteria
4d7bf3df-6b75-4799-8c26-5c91bcf0a66d	913326	1.0	confident	Skermanella stibiiresistens	Bacteria
6ee58468-80f2-405d-b685-fa66d36929d5	913326	1.0	confident	Skermanella stibiiresistens	Bacteria
3ca6c3a0-e0b3-4e6c-989b-61efdc72de81	913326	1.0	confident	Skermanella stibiiresistens	Bacteria
1f2eaf96-7da2-403a-a969-b0951ccfac6a	913326	1.0	confident	Skermanella stibiiresistens	Bacteria
8549e4a4-606b-4116-acbb-d752bd53bde9	913326	1.0	confident	Skermanella stibiiresistens	Bacteria
9af286d6-f480-4c7f-a99d-ffeca98b47b0	913326	1.0	confident	Skermanella stibiiresistens	Bacteria
32119bb4-fc8d-4ec5-93f0-0dc6dfc2353e	913326	1.0	confident	Skermanella stibiiresistens	Bacteria
1597e11f-9084-4085-b528-a24c0dc7fdf6	913326	1.0	confident	Skermanella stibiiresistens	Bacteria
62e04064-ce6b-4d26-b13b-d1ca5309552b	913326	1.0	confident	Skermanella stibiiresistens	Bacteria
9bb709d5-8768-453f-8452-3434ad22b88c	913326	1.0	confident	Skermanella stibiiresistens	Bacteria
e37bb9f8-f7ca-45c1-acb2-a44e0a68720e	913326	1.0	confident	Skermanella stibiiresistens	Bacteria
1174e224-ca7e-4f01-8067-7b7bb2ae9b49	913326	1.0	confident	Skermanella stibiiresistens	Bacteria
32fb2a5e-ec8f-4f62-8166-445ea98f775c	913326	1.0	confident	Skermanella stibiiresistens	Bacteria
290e523f-f214-4419-9e06-7ea36aea97f0	913326	1.0	confident	Skermanella stibiiresistens	Bacteria
a76d1999-ff07-4e82-a4fa-527a0ea2f872	913326	1.0	confident	Skermanella stibiiresistens	Bacteria
73c98de6-d38a-4440-9c38-e22c4a86c3d6	913326	1.0	confident	Skermanella stibiiresistens	Bacteria
179e0058-fb3c-4f7b-b743-c7099b3cbdc2	913326	1.0	confident	Skermanella stibiiresistens	Bacteria
25ade193-4fbd-4314-95ea-31a55cfadb07	913326	1.0	confident	Skermanella stibiiresistens	Bacteria
5e2f287b-906d-419c-8812-0dd163229fbb	913326	1.0	confident	Skermanella stibiiresistens	Bacteria
46978fdc-2d3a-4196-b7d7-e765a2407e49	913326	1.0	confident	Skermanella stibiiresistens	Bacteria
1b6ad800-9f58-489e-8435-13e274406446	913326	1.0	confident	Skermanella stibiiresistens	Bacteria
6707631b-7120-4d37-8d0c-3f058b8307ab	913326	1.0	confident	Skermanella stibiiresistens	Bacteria
b1a1f9a6-abe2-408c-baf0-fd79d0cbc463	913326	1.0	confident	Skermanella stibiiresistens	Bacteria
dd2c0037-f24c-4979-9c82-22e525928ffa	913326	1.0	confident	Skermanella stibiiresistens	Bacteria
4e991e23-7d71-4114-b0f3-2beb11a8c474	913326	1.0	confident	Skermanella stibiiresistens	Bacteria
73b5506d-0e45-41d3-a330-034bf106b6c4	913326	1.0	confident	Skermanella stibiiresistens	Bacteria
ae3cbff6-b88d-402d-b165-ad49aa45093d	913326	1.0	confident	Skermanella stibiiresistens	Bacteria
c8adac92-23d2-4c65-bfbb-ab275191a7db	913326	1.0	confident	Skermanella stibiiresistens	Bacteria
d1b14f97-4402-4be2-a29c-22e16c3fe321	913326	1.0	confident	Skermanella stibiiresistens	Bacteria
38e4cac9-0e42-42a6-8db3-f5a95abf6ad8	913326	1.0	confident	Skermanella stibiiresistens	Bacteria
58ef2227-3cc3-463f-aa97-6a1cf1625029	913326	1.0	confident	Skermanella stibiiresistens	Bacteria
7b08c45e-362e-4794-be1b-a23666a070bb	913326	1.0	confident	Skermanella stibiiresistens	Bacteria
55eff661-f58f-4b15-a218-382a8e5b359e	913326	1.0	confident	Skermanella stibiiresistens	Bacteria
dbc90d3e-4225-4fd2-bc15-87d00e67e189	913326	1.0	confident	Skermanella stibiiresistens	Bacteria
afea6994-9273-4193-9b4b-753958cd2b43	913326	1.0	confident	Skermanella stibiiresistens	Bacteria
eb5a45c5-4f8d-4083-a28e-ef769cf01578	913326	1.0	confident	Skermanella stibiiresistens	Bacteria
f94dc4a3-18b7-49c0-88ba-71f0321e2707	913326	1.0	confident	Skermanella stibiiresistens	Bacteria
28c89ac4-89f2-480a-b3eb-3cfc36596020	913326	1.0	confident	Skermanella stibiiresistens	Bacteria
16b481d8-4c70-425e-9b1e-3062e0332dd6	913326	1.0	confident	Skermanella stibiiresistens	Bacteria
63678a0b-96c7-42f4-a794-e2444afdf08f	913326	1.0	confident	Skermanella stibiiresistens	Bacteria
c6306411-0246-4e96-be33-1af93ec1babd	913326	1.0	confident	Skermanella stibiiresistens	Bacteria
5cc2abbc-fb9e-425d-acbd-be668556ea19	913326	1.0	confident	Skermanella stibiiresistens	Bacteria
4a18e13e-2aea-43f9-b98b-2bb9477dfe98	913326	1.0	confident	Skermanella stibiiresistens	Bacteria
12f2e3d6-3e53-4f82-ae9f-a2cc0e0e88c9	913326	1.0	confident	Skermanella stibiiresistens	Bacteria
ec0faf9f-5eba-49f5-af4d-aac8d2837f16	913326	1.0	confident	Skermanella stibiiresistens	Bacteria
94d11b68-60f6-4d59-8ebf-bf89c7dd6ff7	913326	1.0	confident	Skermanella stibiiresistens	Bacteria
80d4549f-6a86-40ad-8974-446d842cd084	913326	1.0	confident	Skermanella stibiiresistens	Bacteria
0095552f-d8b0-456e-8b72-7d84a96bf652	913326	1.0	confident	Skermanella stibiiresistens	Bacteria
b161a91a-5f6a-48d3-b98f-43e3a5e20f56	913326	1.0	confident	Skermanella stibiiresistens	Bacteria
f4ee484f-f602-4d7e-afb0-003e7d68d6f0	913326	1.0	confident	Skermanella stibiiresistens	Bacteria
aa82e38b-4354-4354-9010-ae442e403e4f	913326	1.0	confident	Skermanella stibiiresistens	Bacteria
d2154eb5-2372-4023-8cd1-909fdeda5724	913326	1.0	confident	Skermanella stibiiresistens	Bacteria
bf8b61e2-63b8-4dcd-bc18-e44339df2960	913326	1.0	confident	Skermanella stibiiresistens	Bacteria
96878572-ca20-48b7-b9ec-1374555fda89	913326	1.0	confident	Skermanella stibiiresistens	Bacteria
d420417f-75ab-4b0d-8898-ca2fcca99a73	913326	1.0	confident	Skermanella stibiiresistens	Bacteria
4340d8b3-1463-40d4-bdc7-ba8862f54aa2	913326	1.0	confident	Skermanella stibiiresistens	Bacteria
9e0d7ba6-c7ab-4cd3-94cf-8d151076a0b7	913326	1.0	confident	Skermanella stibiiresistens	Bacteria
dea3c009-b443-403c-b031-d8d31cf49583	913326	1.0	confident	Skermanella stibiiresistens	Bacteria
3a16524a-3e50-4cc9-985f-4fd492c1aa20	913326	1.0	confident	Skermanella stibiiresistens	Bacteria
3b79b573-2c57-4f06-944f-1e42dd8a87ff	913326	1.0	confident	Skermanella stibiiresistens	Bacteria
9be0df7a-0731-484b-b812-ca02af4f5dd8	913326	1.0	confident	Skermanella stibiiresistens	Bacteria
35e2c0c1-8f5f-4ae5-aecd-7bcf830fde63	913326	1.0	confident	Skermanella stibiiresistens	Bacteria
446e0d36-48f5-4c4d-9517-c43741328518	913326	1.0	confident	Skermanella stibiiresistens	Bacteria
1ca264ff-1e49-4ed7-924a-0bb074eef48d	913326	1.0	confident	Skermanella stibiiresistens	Bacteria
2af9f81a-9a68-4db6-a91e-ceba1c93880b	913326	1.0	confident	Skermanella stibiiresistens	Bacteria
3bfce2c7-3296-4de8-9563-cf85dc05ab63	913326	1.0	confident	Skermanella stibiiresistens	Bacteria
edc8bcc5-b4b1-4f78-8539-3d3e62cc07d7	913326	1.0	confident	Skermanella stibiiresistens	Bacteria
1a04f890-0124-4127-9390-6961b0a3457c	913326	1.0	confident	Skermanella stibiiresistens	Bacteria
ffbe989a-ad6a-46d3-b064-6c11d557cec5	913326	1.0	confident	Skermanella stibiiresistens	Bacteria
11263218-97cd-4cac-8879-06c85f1107d6	913326	1.0	confident	Skermanella stibiiresistens	Bacteria
7f959607-e697-45ab-815c-7339e1a863f9	913326	1.0	confident	Skermanella stibiiresistens	Bacteria
db76a854-6c88-4c8f-9563-cb742fb8fb13	913326	1.0	confident	Skermanella stibiiresistens	Bacteria
1b13c3b7-cc05-4785-93f7-e26accc2f9de	913326	1.0	confident	Skermanella stibiiresistens	Bacteria
7684a010-6b59-4a74-935b-d19c5bea2c23	913326	1.0	confident	Skermanella stibiiresistens	Bacteria
8747e11f-3d80-4f66-9abd-19589c2724cf	913326	1.0	confident	Skermanella stibiiresistens	Bacteria
b6641967-e3de-4e62-8da4-616ce64db0bc	913326	1.0	confident	Skermanella stibiiresistens	Bacteria
194a6241-e499-450e-b5ed-28f323b4e185	913326	1.0	confident	Skermanella stibiiresistens	Bacteria
0620886e-838b-4631-9b70-0d5c7c862daf	913326	1.0	confident	Skermanella stibiiresistens	Bacteria
1d62626c-0558-43e8-9f06-e24739624d76	913326	1.0	confident	Skermanella stibiiresistens	Bacteria
3b1f1a67-af4c-4ea5-8d6c-82885326fd8a	913326	1.0	confident	Skermanella stibiiresistens	Bacteria
7e92dd83-1f76-42dc-a37b-e3db61f9dcdc	913326	1.0	confident	Skermanella stibiiresistens	Bacteria
48a1b238-cd8a-4e5b-b72d-be2a99ce3d69	913326	1.0	confident	Skermanella stibiiresistens	Bacteria
b843d24c-7bae-4898-b4b2-34302f423147	913326	1.0	confident	Skermanella stibiiresistens	Bacteria
18deeede-23b1-461d-9f5d-f794604fe1d0	913326	1.0	confident	Skermanella stibiiresistens	Bacteria
7a0faba6-6bfa-45dd-ab55-ebb91405af8e	913326	1.0	confident	Skermanella stibiiresistens	Bacteria
383c7967-82fa-4263-8854-cc4a762b5a21	913326	1.0	confident	Skermanella stibiiresistens	Bacteria
784b3dde-b21f-4c08-8129-4afb47e56cbf	913326	1.0	confident	Skermanella stibiiresistens	Bacteria
955de926-b3e7-4da0-a1e3-75de5f3c4186	913326	1.0	confident	Skermanella stibiiresistens	Bacteria
73312719-53a7-4e40-8410-5a63e873cdd3	913326	1.0	confident	Skermanella stibiiresistens	Bacteria
526caa9d-d085-4546-bdd2-29f2f0a23a81	913326	1.0	confident	Skermanella stibiiresistens	Bacteria
b50480f5-f9ab-438c-a349-3ca03a49be2c	913326	1.0	confident	Skermanella stibiiresistens	Bacteria
1e63763e-6805-4ae0-80d7-1035f1d33be3	913326	1.0	confident	Skermanella stibiiresistens	Bacteria
c9843f5f-1f9b-4286-844f-de484ddf92b5	913326	1.0	confident	Skermanella stibiiresistens	Bacteria
4c3e90b3-e427-4f96-b7d8-86e1941759e8	913326	1.0	confident	Skermanella stibiiresistens	Bacteria
8ac4d471-b5ad-4625-9d82-9ab92b5eaacc	913326	1.0	confident	Skermanella stibiiresistens	Bacteria
646037fb-c20e-4818-835c-c65fdead97c8	913326	1.0	confident	Skermanella stibiiresistens	Bacteria
564319f8-e451-4e98-abaa-f8d268147da1	913326	1.0	confident	Skermanella stibiiresistens	Bacteria
e746545f-4a5b-47c1-b22f-69967ba30cb2	913326	1.0	confident	Skermanella stibiiresistens	Bacteria
0336e3da-a59c-4b2b-bda7-6e7a978833b4	913326	1.0	confident	Skermanella stibiiresistens	Bacteria
1aab3f9c-3af6-44bd-9322-f5ca6b43ff4b	913326	1.0	confident	Skermanella stibiiresistens	Bacteria
82133097-dd96-48cb-849d-b9f8ff61e214	913326	1.0	confident	Skermanella stibiiresistens	Bacteria
4d051c6a-68da-45b1-998c-4d9f1d83b435	913326	1.0	confident	Skermanella stibiiresistens	Bacteria
0b7a9ca8-7c57-48f2-b07d-e9dc9465165f	913326	1.0	confident	Skermanella stibiiresistens	Bacteria
c8e56d20-4d85-458a-ad49-859d4a0bfd6d	913326	1.0	confident	Skermanella stibiiresistens	Bacteria
b5955af4-9aed-4ddd-a5fb-260efc379316	913326	1.0	confident	Skermanella stibiiresistens	Bacteria
06ac3673-0bd0-47fe-b0ae-b41812abd5b3	913326	1.0	confident	Skermanella stibiiresistens	Bacteria
53276eed-c90e-4edd-8c0d-2cc04cff7741	913326	1.0	confident	Skermanella stibiiresistens	Bacteria
c34d2a75-bf83-4400-8c66-862961edea2a	913326	1.0	confident	Skermanella stibiiresistens	Bacteria
f32e0c4e-e679-4d3c-b606-cda0ba1331b4	913326	1.0	confident	Skermanella stibiiresistens	Bacteria
26c60989-5883-43e3-9459-fc6e903f9a29	913326	1.0	confident	Skermanella stibiiresistens	Bacteria
3401dc87-5116-461d-b904-0c7196c473e8	913326	1.0	confident	Skermanella stibiiresistens	Bacteria
c074f73f-4211-48a6-9b84-d2d1852647e7	913326	1.0	confident	Skermanella stibiiresistens	Bacteria
0795ba93-943b-4b54-b059-9078d103e0f9	913326	1.0	confident	Skermanella stibiiresistens	Bacteria
1f115b55-bb86-4152-a270-83aa43bbad09	913326	1.0	confident	Skermanella stibiiresistens	Bacteria
24f302a4-579f-41a1-8146-b88bddb749a1	913326	1.0	confident	Skermanella stibiiresistens	Bacteria
b452841a-95a1-4a18-9eb5-534338684d04	913326	1.0	confident	Skermanella stibiiresistens	Bacteria
2340311e-6a00-4046-b8f5-61009e71e4b2	913326	1.0	confident	Skermanella stibiiresistens	Bacteria
619ff802-7197-4ece-8724-db9dd61226fa	913326	1.0	confident	Skermanella stibiiresistens	Bacteria
89caa0ad-40b2-4832-a85d-b65bec39de46	913326	1.0	confident	Skermanella stibiiresistens	Bacteria
4b668b29-bac6-4892-a490-441211d62ac1	913326	1.0	confident	Skermanella stibiiresistens	Bacteria
cfc86ba6-8f36-47f5-97a1-834638f271bc	913326	1.0	confident	Skermanella stibiiresistens	Bacteria
d28f912a-1f1a-4a5a-940e-640f1ac3a645	913326	1.0	confident	Skermanella stibiiresistens	Bacteria
b12773a6-d670-440e-a5f9-66047142a96c	913326	1.0	confident	Skermanella stibiiresistens	Bacteria
64f85b54-9912-4496-944e-754984fc5b69	913326	1.0	confident	Skermanella stibiiresistens	Bacteria
ad10bc0e-b553-4361-8e4c-5665bd0a01cf	913326	1.0	confident	Skermanella stibiiresistens	Bacteria
31385a9d-8fd3-4427-9d57-d8ed7d707ee8	913326	1.0	confident	Skermanella stibiiresistens	Bacteria
737ab8cd-b162-4920-9893-0e6a1baa3e5f	913326	1.0	confident	Skermanella stibiiresistens	Bacteria
0db00dc3-baec-4164-b429-8d576b53eadd	913326	1.0	confident	Skermanella stibiiresistens	Bacteria
8464d535-022c-4a71-b8ff-e51de4bea701	913326	1.0	confident	Skermanella stibiiresistens	Bacteria
61be6bb9-9f59-4a35-971e-9ae650ec4506	913326	1.0	confident	Skermanella stibiiresistens	Bacteria
e171f804-d98c-414b-9fc9-89bd246c0379	913326	1.0	confident	Skermanella stibiiresistens	Bacteria
a346facc-e48e-4945-a353-92fb6e8a5a52	913326	1.0	confident	Skermanella stibiiresistens	Bacteria
25fcff73-0400-49ef-8b7a-ca5da52ddaa6	913326	1.0	confident	Skermanella stibiiresistens	Bacteria
37ce4e46-2134-4a85-9f53-f1ba102e5bb7	913326	1.0	confident	Skermanella stibiiresistens	Bacteria
47966005-89c7-4955-aaf6-3ca3edc3fc2e	913326	1.0	confident	Skermanella stibiiresistens	Bacteria
e72265c4-cfc0-45b2-a473-37a70301c444	913326	1.0	confident	Skermanella stibiiresistens	Bacteria
378501f9-1845-4f17-b32f-b7100d51644c	913326	1.0	confident	Skermanella stibiiresistens	Bacteria
3183ebcb-9532-4f34-8f68-eabbdfafffa9	913326	1.0	confident	Skermanella stibiiresistens	Bacteria
e6613c40-7078-4e3a-809a-0cb2cd3fe874	913326	1.0	confident	Skermanella stibiiresistens	Bacteria
f92585a6-600d-4d0d-92ae-7e2215b5b4d4	913326	1.0	confident	Skermanella stibiiresistens	Bacteria
3cb635a9-5abe-4505-aefa-41108f22f09c	913326	1.0	confident	Skermanella stibiiresistens	Bacteria
18ad76b0-ae73-4ac3-92ae-fef3bed06230	913326	1.0	confident	Skermanella stibiiresistens	Bacteria
504a87fb-9275-4b2f-9a31-630a9eb29ae1	913326	1.0	confident	Skermanella stibiiresistens	Bacteria
9efb4206-824f-4e70-a53f-077d2f8737d2	913326	1.0	confident	Skermanella stibiiresistens	Bacteria
baae8ed4-260c-4938-9f17-ab0459aa6846	913326	1.0	confident	Skermanella stibiiresistens	Bacteria
5f3d8641-b21c-458a-87bc-e3b3a1d0f9ba	913326	1.0	confident	Skermanella stibiiresistens	Bacteria
bb672b3b-1f8f-4e5d-97f0-019b5cddd4de	913326	1.0	confident	Skermanella stibiiresistens	Bacteria
df49646c-3eaf-4195-afd8-6571f80e0f35	913326	1.0	confident	Skermanella stibiiresistens	Bacteria
7a434b87-04ed-4ce5-bbc5-323c0ce0c7b9	913326	1.0	confident	Skermanella stibiiresistens	Bacteria
0c38e418-2fa3-4690-8370-bc7915f3a13d	913326	1.0	confident	Skermanella stibiiresistens	Bacteria
4e2cfee2-9d42-4300-bfa8-83fd306bc568	913326	1.0	confident	Skermanella stibiiresistens	Bacteria
2fd2531a-f5fa-4fdc-b5f4-243cbe671eb1	913326	1.0	confident	Skermanella stibiiresistens	Bacteria
6751e55d-da3f-47ed-a74b-fe3418593dc2	913326	1.0	confident	Skermanella stibiiresistens	Bacteria
e2bfd16d-82f4-456e-bf56-68ab0a9e3b0b	913326	1.0	confident	Skermanella stibiiresistens	Bacteria
a40933cf-ef9a-4f77-9f57-a8579ddcfeb3	913326	1.0	confident	Skermanella stibiiresistens	Bacteria
226bbdfa-caec-479a-8353-41995074c0c1	913326	1.0	confident	Skermanella stibiiresistens	Bacteria
e27b7dab-5410-4dfd-8d9f-2b17ba772738	913326	1.0	confident	Skermanella stibiiresistens	Bacteria
b39735e5-3b57-4154-bc6d-e4b05be5a6ad	913326	1.0	confident	Skermanella stibiiresistens	Bacteria
6fc9b356-72f1-4039-8d87-3018d3b57936	913326	1.0	confident	Skermanella stibiiresistens	Bacteria
2d592d03-6f5b-468a-a1aa-5cbfdaea6b0a	913326	1.0	confident	Skermanella stibiiresistens	Bacteria
6f017a98-c21f-4ce2-9942-272eaf4a8dc4	913326	1.0	confident	Skermanella stibiiresistens	Bacteria
48e08e8f-8f22-4d07-850b-c3c12f8efc40	913326	1.0	confident	Skermanella stibiiresistens	Bacteria
83ba7b2d-b45b-4c18-b849-8b7a8499ec8e	913326	1.0	confident	Skermanella stibiiresistens	Bacteria
bb9729cd-53d1-4e1d-8023-7cfd8b078498	913326	1.0	confident	Skermanella stibiiresistens	Bacteria
55190492-e0fb-4286-a413-8120c75d106e	913326	1.0	confident	Skermanella stibiiresistens	Bacteria
d3a0fd75-6687-4054-97c0-65b136f5c2a3	913326	1.0	confident	Skermanella stibiiresistens	Bacteria
c9b18b13-7cf5-4063-904a-90dba8e011b9	913326	1.0	confident	Skermanella stibiiresistens	Bacteria
6099b165-cc83-49c6-9b85-75a02ced8238	913326	1.0	confident	Skermanella stibiiresistens	Bacteria
a57bbc85-c209-4b66-b007-b0ad14e27620	913326	1.0	confident	Skermanella stibiiresistens	Bacteria
d5b20b1a-2b92-4e27-9a98-6124489a934b	913326	1.0	confident	Skermanella stibiiresistens	Bacteria
ae708fc9-857b-4398-9fef-2734c5808679	913326	1.0	confident	Skermanella stibiiresistens	Bacteria
f1f68857-fe3e-4e52-b177-de5d3b462d87	913326	1.0	confident	Skermanella stibiiresistens	Bacteria
6c36c746-87eb-4d6a-971d-5d339d27b768	913326	1.0	confident	Skermanella stibiiresistens	Bacteria
d22ae303-0100-4b99-8d92-bf070332d91f	913326	1.0	confident	Skermanella stibiiresistens	Bacteria
4af2e07e-20f4-4623-b302-227312f17763	913326	1.0	confident	Skermanella stibiiresistens	Bacteria
98b0d8e1-58c5-4812-9ba6-9f71c0a47661	913326	1.0	confident	Skermanella stibiiresistens	Bacteria
070504a3-7acc-4b11-9791-0036e53e35c8	913326	1.0	confident	Skermanella stibiiresistens	Bacteria
32339ffc-994b-480c-a807-521b3fa5ff26	913326	1.0	confident	Skermanella stibiiresistens	Bacteria
de380b92-ddeb-4528-a73f-f7dbdc0ef9df	913326	1.0	confident	Skermanella stibiiresistens	Bacteria
dd0e865d-cd4f-44de-afa1-b0acdcaefb6c	913326	1.0	confident	Skermanella stibiiresistens	Bacteria
0bb65c86-5887-4202-b346-cf23a33cce8f	913326	1.0	confident	Skermanella stibiiresistens	Bacteria
0726e8ca-8c85-4f43-aa29-1bfc5e9c999b	913326	1.0	confident	Skermanella stibiiresistens	Bacteria
895f94ef-4d91-40e6-97cb-a23c74e78578	913326	1.0	confident	Skermanella stibiiresistens	Bacteria
de040258-7d27-4f23-9eec-e43735e66730	913326	1.0	confident	Skermanella stibiiresistens	Bacteria
f82e9213-c964-49d3-a97b-2693e6c9a337	913326	1.0	confident	Skermanella stibiiresistens	Bacteria
7d600b4e-5544-4770-a74f-13e172d0f4ef	913326	1.0	confident	Skermanella stibiiresistens	Bacteria
659e5c0a-40cb-409a-b707-476b5d64f8a9	913326	1.0	confident	Skermanella stibiiresistens	Bacteria
7be52105-e44d-46d0-b355-ff5d6233cc15	913326	1.0	confident	Skermanella stibiiresistens	Bacteria
ee355e8e-b59b-456a-a1c1-87cefbcedca2	913326	1.0	confident	Skermanella stibiiresistens	Bacteria
74541240-a2b0-4ce5-a0fb-28d12c9f39f1	913326	1.0	confident	Skermanella stibiiresistens	Bacteria
4d243a1a-888c-43a9-90cf-5031ab695c6d	913326	1.0	confident	Skermanella stibiiresistens	Bacteria
62d56bbc-fa22-4da4-a55c-5c733f0667a6	913326	1.0	confident	Skermanella stibiiresistens	Bacteria
45602c6d-c7f7-4a6f-9318-2efdbd7884d5	913326	1.0	confident	Skermanella stibiiresistens	Bacteria
803b79e9-b15a-4674-9978-5069ce8b7ce6	913326	1.0	confident	Skermanella stibiiresistens	Bacteria
e3822ed1-85b2-4f49-b541-387a86b12b87	913326	1.0	confident	Skermanella stibiiresistens	Bacteria
7f438211-648f-412f-950f-42bf563958fa	913326	1.0	confident	Skermanella stibiiresistens	Bacteria
d1137edb-612f-4464-a515-0959d90b0d4b	913326	1.0	confident	Skermanella stibiiresistens	Bacteria
acd97ae5-2fb1-494c-b4f3-549f9d7ed2f0	913326	1.0	confident	Skermanella stibiiresistens	Bacteria
11b5e277-bf40-48fe-8911-d8afde0390de	913326	1.0	confident	Skermanella stibiiresistens	Bacteria
d5cd6201-b41d-4249-912f-df59963452d3	913326	1.0	confident	Skermanella stibiiresistens	Bacteria
1ba0fbbb-0060-489e-a6ef-79aa2c152862	913326	1.0	confident	Skermanella stibiiresistens	Bacteria
217fb2f5-0089-4f39-a3ee-94975e73af19	913326	1.0	confident	Skermanella stibiiresistens	Bacteria
02c4eaa8-050e-42ee-8d93-57da08ff0b40	913326	1.0	confident	Skermanella stibiiresistens	Bacteria
39cc93da-6b93-4fd3-a3d2-7aceab201652	913326	1.0	confident	Skermanella stibiiresistens	Bacteria
d379eee1-76ce-411f-96a1-daee394af54f	913326	1.0	confident	Skermanella stibiiresistens	Bacteria
b2ae9a1e-ff37-411b-8c58-38b348481501	913326	1.0	confident	Skermanella stibiiresistens	Bacteria
f412a19a-af0e-4299-85de-46468d9ac5aa	913326	1.0	confident	Skermanella stibiiresistens	Bacteria
3496324b-402b-4306-9bd8-581684a68d88	913326	1.0	confident	Skermanella stibiiresistens	Bacteria
8a6c3f7f-97ec-4be1-90fc-3a2a9ae56368	913326	1.0	confident	Skermanella stibiiresistens	Bacteria
95848998-4a85-40e2-82b6-dc55eab9b5c4	913326	1.0	confident	Skermanella stibiiresistens	Bacteria
e8b10a60-2af2-4c7c-b969-2378c664e507	913326	1.0	confident	Skermanella stibiiresistens	Bacteria
d7164770-04a8-47b3-bad9-111005b13458	913326	1.0	confident	Skermanella stibiiresistens	Bacteria
4b280d28-0886-42d3-92ff-85fac406edb5	913326	1.0	confident	Skermanella stibiiresistens	Bacteria
39ff1b6c-fbc8-4502-b19b-8922e2c1cabe	913326	1.0	confident	Skermanella stibiiresistens	Bacteria
2cfad719-3c90-414b-9286-1c7baa60e13c	913326	1.0	confident	Skermanella stibiiresistens	Bacteria
0c2a3391-327c-413f-8e49-55bf1133b78f	913326	1.0	confident	Skermanella stibiiresistens	Bacteria
890f84d8-1da6-4258-8ac9-19de5a696a76	913326	1.0	confident	Skermanella stibiiresistens	Bacteria
488fd398-d7ba-417d-9aaf-ed7ef194261a	913326	1.0	confident	Skermanella stibiiresistens	Bacteria
665f11c1-4697-4800-af02-39208cccfefc	913326	1.0	confident	Skermanella stibiiresistens	Bacteria
2eab6556-ad75-4c59-9a02-111e722a34dc	913326	1.0	confident	Skermanella stibiiresistens	Bacteria
fe8d415a-0d7b-4d67-8092-3560e1d28d3c	913326	1.0	confident	Skermanella stibiiresistens	Bacteria
cb01c1fa-dcdf-4034-9c41-625ff4bf07e0	913326	1.0	confident	Skermanella stibiiresistens	Bacteria
476d462a-8c22-48b7-822c-89bd6ee8a83d	913326	1.0	confident	Skermanella stibiiresistens	Bacteria
ef434655-634c-48f8-9a72-134340dd966a	913326	1.0	confident	Skermanella stibiiresistens	Bacteria
2239b0f2-71b7-4e20-be28-3a7b9593ca60	913326	1.0	confident	Skermanella stibiiresistens	Bacteria
8bd0103d-c5ec-4257-b26e-d35f2f0f5598	913326	1.0	confident	Skermanella stibiiresistens	Bacteria
814788e6-bcde-435e-b2df-82ddaacfeb7d	913326	1.0	confident	Skermanella stibiiresistens	Bacteria
8dc9d59a-c8d0-44b1-8cf8-d4564fbf9f08	913326	1.0	confident	Skermanella stibiiresistens	Bacteria
d75fa7d5-6afd-4134-b727-4236716550b7	913326	1.0	confident	Skermanella stibiiresistens	Bacteria
ffafcf42-0302-4cf1-bf4e-42e51333e4cb	913326	1.0	confident	Skermanella stibiiresistens	Bacteria
9e56dd97-c478-4d54-a513-ac2a4c2e5588	913326	1.0	confident	Skermanella stibiiresistens	Bacteria
8e0ae18f-d880-456e-85be-858c16cb6062	913326	1.0	confident	Skermanella stibiiresistens	Bacteria
ea408533-aa59-4bdf-b50f-403830cace01	913326	1.0	confident	Skermanella stibiiresistens	Bacteria
d1d72321-1dea-4ee4-9f45-51e61d388da0	913326	1.0	confident	Skermanella stibiiresistens	Bacteria
d3702fd1-9493-47be-b76e-400c3f986a2e	913326	1.0	confident	Skermanella stibiiresistens	Bacteria
c803f0ba-fc9b-469d-867c-73040f161f92	913326	1.0	confident	Skermanella stibiiresistens	Bacteria
defc2ca8-9743-4761-9be5-a95efc63d962	913326	1.0	confident	Skermanella stibiiresistens	Bacteria
84d413b8-207f-44f7-bd0d-5f6898f7f141	913326	1.0	confident	Skermanella stibiiresistens	Bacteria
73cef821-3285-4cb5-9df3-aad87e2ed41a	913326	1.0	confident	Skermanella stibiiresistens	Bacteria
b3095da7-7ba6-4c13-8773-2eac2b0b7836	913326	1.0	confident	Skermanella stibiiresistens	Bacteria
8eb1758e-e7ac-4cdf-a7f4-2043f19bd46f	913326	1.0	confident	Skermanella stibiiresistens	Bacteria
8b6879fb-bd48-4edb-93c7-863ce1960bde	913326	1.0	confident	Skermanella stibiiresistens	Bacteria
f8d8deac-5c60-4efd-ac8e-f750415880c7	913326	1.0	confident	Skermanella stibiiresistens	Bacteria
6e28f867-8bfc-484c-864f-879720106bf9	913326	1.0	confident	Skermanella stibiiresistens	Bacteria
fe6ea365-7ad6-4657-bb39-ba42c3e73d59	913326	1.0	confident	Skermanella stibiiresistens	Bacteria
98d4c6f5-5a8a-4277-9779-2b8435261cdc	913326	1.0	confident	Skermanella stibiiresistens	Bacteria
894da612-66da-4d1d-bd0e-def9a20a26cd	913326	1.0	confident	Skermanella stibiiresistens	Bacteria
432e0555-6501-4d26-aad1-0d9b66f4c827	913326	1.0	confident	Skermanella stibiiresistens	Bacteria
2aa60ba4-aebf-4ccc-b336-bcf509c3e035	913326	1.0	confident	Skermanella stibiiresistens	Bacteria
45d1db39-7f0f-4faf-971f-dcc573e60786	913326	1.0	confident	Skermanella stibiiresistens	Bacteria
228fe4de-818f-43b9-9225-5b8c156cb4e1	913326	1.0	confident	Skermanella stibiiresistens	Bacteria
44bf87dd-110b-4a2d-a724-efe260972893	913326	1.0	confident	Skermanella stibiiresistens	Bacteria
b093d122-f62e-4f3c-8510-400066b48928	913326	1.0	confident	Skermanella stibiiresistens	Bacteria
998b8158-1a1f-4433-9c05-c4cf63a6b402	913326	1.0	confident	Skermanella stibiiresistens	Bacteria
b7f37073-40c1-4bf3-8294-415c993d5d30	913326	1.0	confident	Skermanella stibiiresistens	Bacteria
ac7ed41c-8df1-4096-9889-eb0d171a0023	913326	1.0	confident	Skermanella stibiiresistens	Bacteria
ac1748da-434a-4ed5-af0d-04ce712de71a	913326	1.0	confident	Skermanella stibiiresistens	Bacteria
8638963d-ce54-47d9-9a40-2e00df74ab84	913326	1.0	confident	Skermanella stibiiresistens	Bacteria
d37287db-14cb-4a36-8453-95ce24f09b0b	913326	1.0	confident	Skermanella stibiiresistens	Bacteria
a3026806-c938-4256-a029-5d4e084a2b35	913326	1.0	confident	Skermanella stibiiresistens	Bacteria
6fe01743-3bb8-4328-8758-9c7365eb37fe	913326	1.0	confident	Skermanella stibiiresistens	Bacteria
865f5269-6854-4faa-a427-13d8c98ad1e1	913326	1.0	confident	Skermanella stibiiresistens	Bacteria
defdd578-f6b3-456b-af7f-ebe57864d70d	913326	1.0	confident	Skermanella stibiiresistens	Bacteria
f1cd96ab-3229-4d87-b7f4-6ef88554b431	913326	1.0	confident	Skermanella stibiiresistens	Bacteria
c29d5ecf-0d56-4d93-ada6-4377f22ca4ff	913326	1.0	confident	Skermanella stibiiresistens	Bacteria
86aea899-bafb-44bc-b3c0-551816be3034	913326	1.0	confident	Skermanella stibiiresistens	Bacteria
30591039-7ced-427b-a766-60960edc8685	913326	1.0	confident	Skermanella stibiiresistens	Bacteria
b911f1a2-cfed-4906-a45c-0f74ea2dd30d	913326	1.0	confident	Skermanella stibiiresistens	Bacteria
3b1aa4e1-e046-46df-8b92-5608170c0c45	913326	1.0	confident	Skermanella stibiiresistens	Bacteria
19ae1de2-d010-4426-a412-180804d66a7c	913326	1.0	confident	Skermanella stibiiresistens	Bacteria
1055f082-9654-4739-8a05-4e3cb77e51cb	913326	1.0	confident	Skermanella stibiiresistens	Bacteria
94c8da5f-c72e-4603-94c1-731f5e197c7c	913326	1.0	confident	Skermanella stibiiresistens	Bacteria
12da4be4-c0f5-4778-9057-61e4a32704f6	913326	1.0	confident	Skermanella stibiiresistens	Bacteria
74d4dc69-deb1-4a9c-a0fd-8420b2aaf205	913326	1.0	confident	Skermanella stibiiresistens	Bacteria
b0ea9f4f-c467-40cc-a1b0-7cb871be8ff7	913326	1.0	confident	Skermanella stibiiresistens	Bacteria
3e104bda-67c8-4ea4-9e57-f1fef0b2ee9c	913326	1.0	confident	Skermanella stibiiresistens	Bacteria
f20a73f6-b46a-4f9c-a267-d03a70df1cf0	913326	1.0	confident	Skermanella stibiiresistens	Bacteria
2d79b631-51fa-471a-af1c-61e78c8ee0f0	913326	1.0	confident	Skermanella stibiiresistens	Bacteria
1d5ba43d-9032-465d-a947-bbe0c611afd8	913326	1.0	confident	Skermanella stibiiresistens	Bacteria
aefb5e58-f1d3-460c-b0d8-78ee8640bd36	913326	1.0	confident	Skermanella stibiiresistens	Bacteria
8e8d9919-5556-4b6b-84fc-1f73917e0b48	913326	1.0	confident	Skermanella stibiiresistens	Bacteria
005ffff0-4fb2-4288-83f6-fedfe65eae70	913326	1.0	confident	Skermanella stibiiresistens	Bacteria
e370f0cd-c51d-481e-b8c7-9a37df830a30	913326	1.0	confident	Skermanella stibiiresistens	Bacteria
b7aa7580-3c2e-42b5-b64e-0728c8fe7e57	913326	1.0	confident	Skermanella stibiiresistens	Bacteria
8c4da2d9-f917-4b50-b745-83fac30e4b5d	913326	1.0	confident	Skermanella stibiiresistens	Bacteria
ffa4ce0c-7d1e-4da5-a262-b7aef31282cf	913326	1.0	confident	Skermanella stibiiresistens	Bacteria
11cb9dfd-0dc5-4e8f-bc07-a5e396c8a293	913326	1.0	confident	Skermanella stibiiresistens	Bacteria
95310be1-1ec3-4f50-855b-c73f1fa00482	913326	1.0	confident	Skermanella stibiiresistens	Bacteria
4b83a8f2-8b66-4ca1-bdbc-c33b5a500374	913326	1.0	confident	Skermanella stibiiresistens	Bacteria
5ba96d02-bdcb-4e2a-8428-a2ed4252b8b1	913326	1.0	confident	Skermanella stibiiresistens	Bacteria
779d4157-49a5-434d-9085-87e04f8ced87	913326	1.0	confident	Skermanella stibiiresistens	Bacteria
56c09586-1b26-40f5-af13-a529cb995140	913326	1.0	confident	Skermanella stibiiresistens	Bacteria
90ee1a32-9e6b-473b-8c76-0dab4291d858	913326	1.0	confident	Skermanella stibiiresistens	Bacteria
c468251f-65c3-4284-ada9-40d74e054669	913326	1.0	confident	Skermanella stibiiresistens	Bacteria
8d326b37-dc6d-43ac-8697-3849ba9bb4a5	913326	1.0	confident	Skermanella stibiiresistens	Bacteria
90023021-4e05-4c1f-ac07-8e16bc480f3d	913326	1.0	confident	Skermanella stibiiresistens	Bacteria
6999d077-68c9-4057-9df2-9711c61f0adb	913326	1.0	confident	Skermanella stibiiresistens	Bacteria
a2e7ddfc-d429-41d7-b0bb-2bbd29595c5a	913326	1.0	confident	Skermanella stibiiresistens	Bacteria
d42f42c4-8c96-43f1-83bf-ee619f516bfb	913326	1.0	confident	Skermanella stibiiresistens	Bacteria
625f89ac-2442-4985-90ec-1e89c7637ad1	913326	1.0	confident	Skermanella stibiiresistens	Bacteria
fc4fde95-ad13-474f-9881-71e69a217769	913326	1.0	confident	Skermanella stibiiresistens	Bacteria
3aa35a8b-f2cd-44b9-8279-632187cfa408	913326	1.0	confident	Skermanella stibiiresistens	Bacteria
32b52155-96cd-4341-a7b2-0c97cc4207ff	913326	1.0	confident	Skermanella stibiiresistens	Bacteria
56f3d1b1-7b8a-4b6a-bdb8-7011d9c48930	913326	1.0	confident	Skermanella stibiiresistens	Bacteria
f2847b44-39dc-4703-869e-9cbceb813bc5	913326	1.0	confident	Skermanella stibiiresistens	Bacteria
e34a7bed-1512-4e6f-85b0-376e2b1892b9	913326	1.0	confident	Skermanella stibiiresistens	Bacteria
b5e78f13-2c76-4fc7-87aa-5506ed61faaa	913326	1.0	confident	Skermanella stibiiresistens	Bacteria
8410e735-4715-4b01-93f8-29e16b855adb	913326	1.0	confident	Skermanella stibiiresistens	Bacteria
1ddc7f12-22be-4a7e-b04a-cbaba2521146	913326	1.0	confident	Skermanella stibiiresistens	Bacteria
0bbb6d96-a9d5-42e4-938f-0090f0a68dd7	913326	1.0	confident	Skermanella stibiiresistens	Bacteria
45900c55-4930-40c7-879b-f33f51a5a23e	913326	1.0	confident	Skermanella stibiiresistens	Bacteria
cd3768bb-23ae-49d0-8d87-26e4574690e1	913326	1.0	confident	Skermanella stibiiresistens	Bacteria
9d9e683d-f401-412f-8101-2fb58fa12384	913326	1.0	confident	Skermanella stibiiresistens	Bacteria
8525088e-ef7d-4818-a884-5ba54d1844d4	913326	1.0	confident	Skermanella stibiiresistens	Bacteria
7353d6c5-b5af-43ab-b059-8c45e2b1edba	913326	1.0	confident	Skermanella stibiiresistens	Bacteria
381a477b-6fac-4e2b-bc74-65895963ba18	913326	1.0	confident	Skermanella stibiiresistens	Bacteria
02d614ae-6d69-46e4-a9fa-13eb455155a9	913326	1.0	confident	Skermanella stibiiresistens	Bacteria
affafc41-aa7a-417a-8b60-5ff79b2daae4	913326	1.0	confident	Skermanella stibiiresistens	Bacteria
d8365770-d121-4e95-94a5-00ea5224c3dc	913326	1.0	confident	Skermanella stibiiresistens	Bacteria
327c9318-7460-41c5-819d-167000615dee	913326	1.0	confident	Skermanella stibiiresistens	Bacteria
3f845f4d-3f44-4ef2-8ece-bbb9866890a7	913326	1.0	confident	Skermanella stibiiresistens	Bacteria
6222b221-b69d-47ab-8d80-583697331619	913326	1.0	confident	Skermanella stibiiresistens	Bacteria
b552c68c-049a-42a6-84f7-470ad0631d3b	913326	1.0	confident	Skermanella stibiiresistens	Bacteria
716d6c37-05a6-4399-8744-7d67b427b9a1	913326	1.0	confident	Skermanella stibiiresistens	Bacteria
27f758f2-0fd4-4005-9710-0068f1f29796	913326	1.0	confident	Skermanella stibiiresistens	Bacteria
6e60206b-52ef-4d7d-bcff-d984443d9fcd	913326	1.0	confident	Skermanella stibiiresistens	Bacteria
49d7bdf0-9bc7-4eb4-93cd-922160e8fa44	913326	1.0	confident	Skermanella stibiiresistens	Bacteria
bd2d3a46-352f-4309-9f7e-d1f1756f61a1	913326	1.0	confident	Skermanella stibiiresistens	Bacteria
3a0b61a1-c62d-4219-82fd-7b578f1417ff	913326	1.0	confident	Skermanella stibiiresistens	Bacteria
098898b5-feea-44ff-84ef-06701d5e8794	913326	1.0	confident	Skermanella stibiiresistens	Bacteria
2ef47471-d5ca-40f1-85aa-059074db45c1	913326	1.0	confident	Skermanella stibiiresistens	Bacteria
a68364ca-2533-470d-b3b0-8f47325406c3	913326	1.0	confident	Skermanella stibiiresistens	Bacteria
ce92de72-7c6a-43b2-ab84-6f13cbc0344f	913326	1.0	confident	Skermanella stibiiresistens	Bacteria
7f1ad682-3c80-4529-b459-61f6424b5ebf	913326	1.0	confident	Skermanella stibiiresistens	Bacteria
e06ddc18-134c-415f-85bc-3bcc08e767a2	913326	1.0	confident	Skermanella stibiiresistens	Bacteria
2b85fd47-c82a-4428-9a1c-60f55a2833be	913326	1.0	confident	Skermanella stibiiresistens	Bacteria
634d4150-7d2a-4967-ad30-46592050db51	913326	1.0	confident	Skermanella stibiiresistens	Bacteria
e4aae5ce-a914-45c0-aeac-1f2b35570940	913326	1.0	confident	Skermanella stibiiresistens	Bacteria
40bb4896-dab8-44cb-8707-8377f041b14e	913326	1.0	confident	Skermanella stibiiresistens	Bacteria
a2d51a36-9c42-45e9-8493-36cf7ed29180	913326	1.0	confident	Skermanella stibiiresistens	Bacteria
82144718-7e35-45c2-9a47-a0feceaaad55	913326	1.0	confident	Skermanella stibiiresistens	Bacteria
a221092c-a56f-4e69-a0b1-eaf53fe8f18d	913326	1.0	confident	Skermanella stibiiresistens	Bacteria
67856aed-8db4-41ef-9c9f-a9a9c1f6a06b	913326	1.0	confident	Skermanella stibiiresistens	Bacteria
e9a5fdfd-9734-4146-b4d7-4502ba0bbd48	913326	1.0	confident	Skermanella stibiiresistens	Bacteria
adca08d4-e3c6-413b-b754-ab91777be910	913326	1.0	confident	Skermanella stibiiresistens	Bacteria
a7fe45c3-01ce-44bd-87f0-822a9599c547	913326	1.0	confident	Skermanella stibiiresistens	Bacteria
fa0fe279-8720-4792-a6cc-f6e5f5e632b2	913326	1.0	confident	Skermanella stibiiresistens	Bacteria
fba611f5-9c63-406d-9985-ae91551ee72a	913326	1.0	confident	Skermanella stibiiresistens	Bacteria
9feb1596-1cfc-466e-815f-83333e65f4a2	913326	1.0	confident	Skermanella stibiiresistens	Bacteria
10328578-1dd0-4ccb-b11d-b4d2ef3c3a00	913326	1.0	confident	Skermanella stibiiresistens	Bacteria
9ecb49c8-cd1d-41d9-846b-d770d3bddd7c	913326	1.0	confident	Skermanella stibiiresistens	Bacteria
86c2e385-6e35-4f04-a6fb-c66b5361c913	913326	1.0	confident	Skermanella stibiiresistens	Bacteria
2074530f-cec3-48cc-9049-1d86becb330c	913326	1.0	confident	Skermanella stibiiresistens	Bacteria
8b7877d7-36d3-4d0e-b368-6fc320e57771	913326	1.0	confident	Skermanella stibiiresistens	Bacteria
03cd7ad0-6c29-4a75-8915-eeefb4907bb7	913326	1.0	confident	Skermanella stibiiresistens	Bacteria
1c2da3e1-500c-4ce0-bdca-2d84ba23bcbe	913326	1.0	confident	Skermanella stibiiresistens	Bacteria
659853ee-094d-4f98-8bfa-f123eddf8328	913326	1.0	confident	Skermanella stibiiresistens	Bacteria
f5c2224f-8fd2-4dc6-bffe-e16f76ea7365	913326	1.0	confident	Skermanella stibiiresistens	Bacteria
f5563129-6d7f-4f8e-89d0-3242a23bc4e0	913326	1.0	confident	Skermanella stibiiresistens	Bacteria
2812b696-9f5b-4b11-a7a3-9da84f02754a	913326	1.0	confident	Skermanella stibiiresistens	Bacteria
e96ed6bd-2894-4214-aa9c-6b16bf1176f7	913326	1.0	confident	Skermanella stibiiresistens	Bacteria
20aa3c87-dd23-458e-8cf3-3709dd113c1b	913326	1.0	confident	Skermanella stibiiresistens	Bacteria
857c4157-60ab-4c0d-85ae-780a0ea6e96e	913326	1.0	confident	Skermanella stibiiresistens	Bacteria
d3f5520e-305c-4d6f-9c4b-07009156db00	913326	1.0	confident	Skermanella stibiiresistens	Bacteria
0eb70ebd-0265-4689-aa63-447c332f28c9	913326	1.0	confident	Skermanella stibiiresistens	Bacteria
ea39d386-2a9c-4207-af55-9067d7268351	913326	1.0	confident	Skermanella stibiiresistens	Bacteria
2aca4441-6da4-46a9-b24b-196c89807fa1	913326	1.0	confident	Skermanella stibiiresistens	Bacteria
2d2bfa64-e67d-4a2a-a8bc-e64019054ac4	913326	1.0	confident	Skermanella stibiiresistens	Bacteria
7c5cdf9d-532a-4001-9b5b-8253aeb20ca4	913326	1.0	confident	Skermanella stibiiresistens	Bacteria
949f02c8-eb1e-4b42-a9f8-e4198d354e8a	913326	1.0	confident	Skermanella stibiiresistens	Bacteria
18fb83ff-1df6-4624-9af7-e3aed90a9967	913326	1.0	confident	Skermanella stibiiresistens	Bacteria
d484556c-42f5-4cda-8693-5fbc51748f7f	913326	1.0	confident	Skermanella stibiiresistens	Bacteria
3343cecb-07a0-4c53-a262-29c3eaf986e7	913326	1.0	confident	Skermanella stibiiresistens	Bacteria
6ad4869c-dbc2-4958-b459-274646123f17	913326	1.0	confident	Skermanella stibiiresistens	Bacteria
3d031d05-e0a6-4971-8ca8-98f61541e7ab	913326	1.0	confident	Skermanella stibiiresistens	Bacteria
0b3ed0bb-ed86-4945-8cf5-5e1213c892ba	913326	1.0	confident	Skermanella stibiiresistens	Bacteria
ec58378c-6551-4356-b7d3-b203f4b0fdae	913326	1.0	confident	Skermanella stibiiresistens	Bacteria
a77b8d31-1b5b-4f3f-ab81-5aa48c48d2da	913326	1.0	confident	Skermanella stibiiresistens	Bacteria
ce52996a-229c-4d92-9157-e998ab5468b0	913326	1.0	confident	Skermanella stibiiresistens	Bacteria
53cf5ded-9e39-415b-af83-dba0e5bd9977	913326	1.0	confident	Skermanella stibiiresistens	Bacteria
27188786-fd5a-4d34-8af7-ee061941b8c7	913326	1.0	confident	Skermanella stibiiresistens	Bacteria
705447de-af59-4783-a31d-b82912c4c179	913326	1.0	confident	Skermanella stibiiresistens	Bacteria
1e9e0e58-2821-44f9-bac9-8ed3eae6967f	913326	1.0	confident	Skermanella stibiiresistens	Bacteria
2be87557-9dd1-4aa0-bc57-b3cc3bdde0d1	913326	1.0	confident	Skermanella stibiiresistens	Bacteria
80921fbc-f1e1-40f5-aa14-48217f74cf64	913326	1.0	confident	Skermanella stibiiresistens	Bacteria
47fdbdfe-f6ce-4294-b592-7009238e4935	913326	1.0	confident	Skermanella stibiiresistens	Bacteria
35b86d72-eb64-4cd7-99a7-52169deaf824	913326	1.0	confident	Skermanella stibiiresistens	Bacteria
71e4108f-a8b3-4ce0-ba41-15b337f05946	913326	1.0	confident	Skermanella stibiiresistens	Bacteria
ccadd109-9ff5-43e4-881c-99ca277299d1	913326	1.0	confident	Skermanella stibiiresistens	Bacteria
b6be8e24-21ff-4602-a678-6c136c980aa6	913326	1.0	confident	Skermanella stibiiresistens	Bacteria
4cd70cb5-2b85-44a9-ac1e-387782a7978d	913326	1.0	confident	Skermanella stibiiresistens	Bacteria
84f5c668-2347-4743-a3eb-45aba1a73d0a	913326	1.0	confident	Skermanella stibiiresistens	Bacteria
82f8194c-8db8-48e4-b640-1cfdfa3a11a3	913326	1.0	confident	Skermanella stibiiresistens	Bacteria
ba810cf6-21d7-44cd-b792-fc689c16519e	913326	1.0	confident	Skermanella stibiiresistens	Bacteria
c42c3245-9f64-4f23-8018-d7e4b4cab6d3	913326	1.0	confident	Skermanella stibiiresistens	Bacteria
9c818137-d77c-4838-ba93-00606f17f38c	913326	1.0	confident	Skermanella stibiiresistens	Bacteria
5e400772-cdbe-4a5b-940a-3707a312dd31	913326	1.0	confident	Skermanella stibiiresistens	Bacteria
263941ce-5769-4057-b1a4-e75c8e35a8ff	913326	1.0	confident	Skermanella stibiiresistens	Bacteria
eeb5ec09-e917-48d1-a442-a49870d62a08	913326	1.0	confident	Skermanella stibiiresistens	Bacteria
1fd61c04-39e9-4987-aa4d-d99d509976da	913326	1.0	confident	Skermanella stibiiresistens	Bacteria
3a06830a-ca6d-4e4c-b848-c90ca693f7f4	913326	1.0	confident	Skermanella stibiiresistens	Bacteria
95714547-2bb8-4af8-ac31-501e0903c538	913326	1.0	confident	Skermanella stibiiresistens	Bacteria
1b228a63-7b89-429b-ab9b-87e20d621219	913326	1.0	confident	Skermanella stibiiresistens	Bacteria
947dfcbe-0168-46c3-837b-6b786914dc68	913326	1.0	confident	Skermanella stibiiresistens	Bacteria
f1ee8d2f-bf96-489d-9ca1-3ed96e295d3c	913326	1.0	confident	Skermanella stibiiresistens	Bacteria
4fd15be8-9490-43ab-907c-549f4db7f1ff	913326	1.0	confident	Skermanella stibiiresistens	Bacteria
69b6ec12-f33c-4fce-8945-5e2e5f1ddc17	913326	1.0	confident	Skermanella stibiiresistens	Bacteria
ed6e6e4e-5d40-457e-ab15-203f756a9867	913326	1.0	confident	Skermanella stibiiresistens	Bacteria
cfb54ce4-3519-4887-bdc9-45265246577b	913326	1.0	confident	Skermanella stibiiresistens	Bacteria
2051754b-1630-4d82-bebf-17b4046ddf4d	913326	1.0	confident	Skermanella stibiiresistens	Bacteria
7bd39a26-8d1e-4ff5-b15d-deed6709426f	913326	1.0	confident	Skermanella stibiiresistens	Bacteria
381269c3-19a2-41f2-9bf0-6cd595c4f9d3	913326	1.0	confident	Skermanella stibiiresistens	Bacteria
816638ac-b411-42ed-ae19-c296f723fb29	913326	1.0	confident	Skermanella stibiiresistens	Bacteria
67dc3029-6358-4fa0-9d28-76a9ead3b9eb	913326	1.0	confident	Skermanella stibiiresistens	Bacteria
8b91733a-5917-4dd7-86a5-a54b6b0ee4d4	913326	1.0	confident	Skermanella stibiiresistens	Bacteria
e9d0b72b-f53b-4690-9d63-885d82c4c3f3	913326	1.0	confident	Skermanella stibiiresistens	Bacteria
faa1a213-2be5-40ee-a411-7b4cd6fb71bf	913326	1.0	confident	Skermanella stibiiresistens	Bacteria
7d0fbb0a-55b6-4ace-8ef1-7243504f3233	913326	1.0	confident	Skermanella stibiiresistens	Bacteria
0cc08fa3-c2fa-4095-9408-fccf46bc8ac6	913326	1.0	confident	Skermanella stibiiresistens	Bacteria
df6acf65-4e02-4252-86c9-5ae1c96dac4e	913326	1.0	confident	Skermanella stibiiresistens	Bacteria
5ac0b450-04b2-40bb-89ff-836645369855	913326	1.0	confident	Skermanella stibiiresistens	Bacteria
040cd113-93f4-43d1-bb6e-7b252a7a25cb	913326	1.0	confident	Skermanella stibiiresistens	Bacteria
da64be2c-e021-4ad2-84cd-fb8b32d06c82	913326	1.0	confident	Skermanella stibiiresistens	Bacteria
7f32cd90-cf88-432f-8911-a7ef993a7971	913326	1.0	confident	Skermanella stibiiresistens	Bacteria
f911d98b-6b3e-4b42-95b6-738ec9b82cf2	913326	1.0	confident	Skermanella stibiiresistens	Bacteria
40e60e74-b976-47ac-a691-88a75001c83b	913326	1.0	confident	Skermanella stibiiresistens	Bacteria
e5494d38-503f-4b20-baf7-f0b67ceaceb9	913326	1.0	confident	Skermanella stibiiresistens	Bacteria
310e18a5-c636-4086-9042-f8715713e47d	913326	1.0	confident	Skermanella stibiiresistens	Bacteria
e36bb4ee-575a-4ef4-a29a-25ee11224259	913326	1.0	confident	Skermanella stibiiresistens	Bacteria
b1e98b0f-af56-4d2a-bd8c-fc3bf75f1e8a	913326	1.0	confident	Skermanella stibiiresistens	Bacteria
22a55f4f-63b2-43b7-9cf1-37592d8e37f8	913326	1.0	confident	Skermanella stibiiresistens	Bacteria
6f468e79-1429-4aa8-ad4b-bc549eb55d73	913326	1.0	confident	Skermanella stibiiresistens	Bacteria
2c1d2147-5724-4d3e-8031-87cb5f6b612f	913326	1.0	confident	Skermanella stibiiresistens	Bacteria
b2e225b2-379f-4384-a236-1992433babca	913326	1.0	confident	Skermanella stibiiresistens	Bacteria
07cadaf6-f328-4089-b96e-b3de13fa8bfe	913326	1.0	confident	Skermanella stibiiresistens	Bacteria
9a03088d-f9a1-4d7d-ba93-0284402387a5	913326	1.0	confident	Skermanella stibiiresistens	Bacteria
5be7000c-f02d-4b99-af3b-b6b08b6862f9	913326	1.0	confident	Skermanella stibiiresistens	Bacteria
b9d0d616-3ec7-415b-9268-b63dac8e236f	913326	1.0	confident	Skermanella stibiiresistens	Bacteria
eac7a2d1-7615-44be-9e9a-2d5ab86db97c	913326	1.0	confident	Skermanella stibiiresistens	Bacteria
62c50fe7-163d-4b4c-9c92-ab739665419e	913326	1.0	confident	Skermanella stibiiresistens	Bacteria
397c485d-8fc3-4b0f-aa17-38bf91b3d4aa	913326	1.0	confident	Skermanella stibiiresistens	Bacteria
df288d43-48bb-4b50-9bd0-4be173ff8271	913326	1.0	confident	Skermanella stibiiresistens	Bacteria
fe3dc39f-54be-4810-bcc6-7dd34f3fa1bc	913326	1.0	confident	Skermanella stibiiresistens	Bacteria
4a95410b-5234-4dad-9125-d488e6886c61	913326	1.0	confident	Skermanella stibiiresistens	Bacteria
02ad7b0e-1766-4b40-8f11-9bb9e47af9a2	913326	1.0	confident	Skermanella stibiiresistens	Bacteria
698b7772-f454-4156-904f-c1d51ff4080a	913326	1.0	confident	Skermanella stibiiresistens	Bacteria
69da8e7f-134f-4841-8756-50d72a341173	913326	1.0	confident	Skermanella stibiiresistens	Bacteria
b84e3c77-3fab-4e24-bd52-568c47e9bdd1	913326	1.0	confident	Skermanella stibiiresistens	Bacteria
f7397017-a64d-4d90-a469-17fbb32bde38	913326	1.0	confident	Skermanella stibiiresistens	Bacteria
aba43138-f836-4e86-87e6-27c396309dd9	913326	1.0	confident	Skermanella stibiiresistens	Bacteria
29988c93-1709-4798-90ea-a2ff91fd9715	913326	1.0	confident	Skermanella stibiiresistens	Bacteria
cf8dd10e-517d-4ccf-bab5-09fed900ead0	913326	1.0	confident	Skermanella stibiiresistens	Bacteria
7b1f1abb-b124-495f-8398-faa2e3c679f2	913326	1.0	confident	Skermanella stibiiresistens	Bacteria
91a4f144-28ac-4a8a-8346-7af94e7358a5	913326	1.0	confident	Skermanella stibiiresistens	Bacteria
22929b51-03db-47a9-a721-d231f8391313	913326	1.0	confident	Skermanella stibiiresistens	Bacteria
fad3f8f8-d61d-4c98-8205-e4b48e45deb0	913326	1.0	confident	Skermanella stibiiresistens	Bacteria
addcf836-48dd-4617-b4ad-deff0b176c46	913326	1.0	confident	Skermanella stibiiresistens	Bacteria
86b612bd-b24a-48d9-a593-bddc86bf2756	913326	1.0	confident	Skermanella stibiiresistens	Bacteria
4a092b31-f001-41aa-9b3a-c1a2d276d295	913326	1.0	confident	Skermanella stibiiresistens	Bacteria
cda3ea17-f838-4740-8386-a098b2d96f57	913326	1.0	confident	Skermanella stibiiresistens	Bacteria
163c2166-6c60-41c2-8ff0-8e7782ce577d	913326	1.0	confident	Skermanella stibiiresistens	Bacteria
43203fb5-6ea7-49e7-bd96-c9812243a942	913326	1.0	confident	Skermanella stibiiresistens	Bacteria
163f9e08-43e0-4199-9627-e8d82e384551	913326	1.0	confident	Skermanella stibiiresistens	Bacteria
263d124d-fc8c-4416-b512-9f0fedd10358	913326	1.0	confident	Skermanella stibiiresistens	Bacteria
35d196dd-770e-4708-8957-9373a179e1b9	913326	1.0	confident	Skermanella stibiiresistens	Bacteria
20c908d8-4ac8-4630-ba74-8a2fa975e186	913326	1.0	confident	Skermanella stibiiresistens	Bacteria
6d65e141-222f-41c4-8610-019def2bec47	913326	1.0	confident	Skermanella stibiiresistens	Bacteria
36149d88-a587-4d0f-af6c-52a889db65a4	913326	1.0	confident	Skermanella stibiiresistens	Bacteria
aed63700-ecbf-449b-ab94-1a133597d65a	913326	1.0	confident	Skermanella stibiiresistens	Bacteria
59937064-e096-4aa5-9c52-e77c523652c4	913326	1.0	confident	Skermanella stibiiresistens	Bacteria
d28e54d6-e431-4fed-9d57-e4f3de5b67df	913326	1.0	confident	Skermanella stibiiresistens	Bacteria
71ee3a6f-2cce-4ff6-b781-0751657a25ae	913326	1.0	confident	Skermanella stibiiresistens	Bacteria
cd54f952-7c0c-4483-b5d1-5aaa8400372e	913326	1.0	confident	Skermanella stibiiresistens	Bacteria
f2c966d8-e470-499f-8bc1-dbe13cc7f5c9	913326	1.0	confident	Skermanella stibiiresistens	Bacteria
6e5b2f7c-16db-4d49-9acc-c03b640ac0e1	913326	1.0	confident	Skermanella stibiiresistens	Bacteria
13225b4d-7e09-4a9d-b5d8-6873b0377112	913326	1.0	confident	Skermanella stibiiresistens	Bacteria
c498b532-8d06-4a59-9f12-89300af48e60	913326	1.0	confident	Skermanella stibiiresistens	Bacteria
f0be29e0-dfd9-4f57-9ccb-7e7526426d1b	913326	1.0	confident	Skermanella stibiiresistens	Bacteria
c3c32227-45e7-498c-8ef6-737007d0f724	913326	1.0	confident	Skermanella stibiiresistens	Bacteria
ce6d386f-c59a-4b9f-a251-2fc512413b4e	913326	1.0	confident	Skermanella stibiiresistens	Bacteria
9c2e5451-ac00-45a1-9385-569959dc1a00	913326	1.0	confident	Skermanella stibiiresistens	Bacteria
937b1fdb-114f-4bb1-826c-b5ad318c0e08	913326	1.0	confident	Skermanella stibiiresistens	Bacteria
d6e93d14-1fe4-41a7-9e69-deb713ce7bd5	913326	1.0	confident	Skermanella stibiiresistens	Bacteria
76a64b9d-e59f-49fd-a6be-d14a57e29739	913326	1.0	confident	Skermanella stibiiresistens	Bacteria
fff209c2-9b82-4445-96f3-8b261a7f732d	913326	1.0	confident	Skermanella stibiiresistens	Bacteria
605677c9-849e-481a-80f2-c951270d436e	913326	1.0	confident	Skermanella stibiiresistens	Bacteria
9ab949e8-2e1f-4d8f-8ec7-e066940a6f66	913326	1.0	confident	Skermanella stibiiresistens	Bacteria
3b49b2b6-ede9-44dc-ad80-304e2a278f14	913326	1.0	confident	Skermanella stibiiresistens	Bacteria
96a0c13c-ec1e-459a-b1c0-32d93efc56c7	913326	1.0	confident	Skermanella stibiiresistens	Bacteria
b0956ea2-d2ed-4a30-ac4c-cb3711a18965	913326	1.0	confident	Skermanella stibiiresistens	Bacteria
8b7673ad-22f2-498c-ad8c-b7866722f214	913326	1.0	confident	Skermanella stibiiresistens	Bacteria
7d93ff9a-f86c-40db-9574-b1e75c5cdc04	913326	1.0	confident	Skermanella stibiiresistens	Bacteria
7c701e4d-962f-466f-97ac-2a1f52c96496	913326	1.0	confident	Skermanella stibiiresistens	Bacteria
ca41ce2d-2001-4879-99e2-3931a1687596	913326	1.0	confident	Skermanella stibiiresistens	Bacteria
23411722-8492-47bc-9272-087e695fe907	913326	1.0	confident	Skermanella stibiiresistens	Bacteria
dd0bcfab-1611-4883-921d-1ae2ff052591	913326	1.0	confident	Skermanella stibiiresistens	Bacteria
d9a8b830-b5da-49d5-8781-a9300eb5eeac	913326	1.0	confident	Skermanella stibiiresistens	Bacteria
56acaf0b-6879-404f-9368-e39aabb96509	913326	1.0	confident	Skermanella stibiiresistens	Bacteria
13ab45da-32eb-474e-8b9e-a6589d7e7185	913326	1.0	confident	Skermanella stibiiresistens	Bacteria
fa8c7620-c7d9-44c4-8164-9f366d8d19bd	913326	1.0	confident	Skermanella stibiiresistens	Bacteria
4af2f171-badb-4eff-a327-32f066ebd168	913326	1.0	confident	Skermanella stibiiresistens	Bacteria
80cdc9ee-074b-4a90-9fde-5fa4fc662fe7	913326	1.0	confident	Skermanella stibiiresistens	Bacteria
9ca6dbd5-8609-4ab1-a1a3-499dbf191fb8	913326	1.0	confident	Skermanella stibiiresistens	Bacteria
92434d79-7677-40e8-9963-3b5ee031e330	913326	1.0	confident	Skermanella stibiiresistens	Bacteria
71fa6b9a-6f01-4fe0-ab12-0fadd690da6b	913326	1.0	confident	Skermanella stibiiresistens	Bacteria
466caa9c-d868-4d9c-9926-e7c601960afa	913326	1.0	confident	Skermanella stibiiresistens	Bacteria
64ea4c39-bdaa-4e5f-84eb-28fe2168dfac	913326	1.0	confident	Skermanella stibiiresistens	Bacteria
143bb1f4-8567-4e35-aa52-9a07f1a282dd	913326	1.0	confident	Skermanella stibiiresistens	Bacteria
fd50301d-0bea-439d-a4dd-1773ca9b3b99	913326	1.0	confident	Skermanella stibiiresistens	Bacteria
d2df7d93-0c4d-4c94-9812-9d33c3d65586	913326	1.0	confident	Skermanella stibiiresistens	Bacteria
10ee3793-80cb-4927-8535-4fb1f59d67fc	913326	1.0	confident	Skermanella stibiiresistens	Bacteria
5b7b8297-6743-4f0f-b1df-02ac5006acec	913326	1.0	confident	Skermanella stibiiresistens	Bacteria
bc348ee6-984c-4ce8-b185-1524cc8e6f4b	913326	1.0	confident	Skermanella stibiiresistens	Bacteria
716856b8-76a2-4ea9-beac-0d4c9d341c29	913326	1.0	confident	Skermanella stibiiresistens	Bacteria
54ad012d-3163-4976-b2e8-a203e50bebcf	913326	1.0	confident	Skermanella stibiiresistens	Bacteria
18593aee-519d-4cff-ad76-d3de06d45ab3	913326	1.0	confident	Skermanella stibiiresistens	Bacteria
476922bc-029b-4f50-93fa-88f92fc26389	913326	1.0	confident	Skermanella stibiiresistens	Bacteria
0fe8933f-73e5-49b6-823c-c5bc245f33fb	913326	1.0	confident	Skermanella stibiiresistens	Bacteria
f8bf0ef2-ed74-4d66-9df2-a187e6339398	913326	1.0	confident	Skermanella stibiiresistens	Bacteria
ed838329-a659-44fc-9633-34c5a0451f51	913326	1.0	confident	Skermanella stibiiresistens	Bacteria
deb4994b-1ab8-425b-b84d-44cf4fdb271b	913326	1.0	confident	Skermanella stibiiresistens	Bacteria
c3a45d36-5c0e-49b7-b61e-197df616e63a	913326	1.0	confident	Skermanella stibiiresistens	Bacteria
ea85f134-d3a4-45e1-9e66-6bcedf949037	913326	1.0	confident	Skermanella stibiiresistens	Bacteria
3597b8c5-1608-47b5-8847-7b8753ca9d9b	913326	1.0	confident	Skermanella stibiiresistens	Bacteria
a851b87a-65ba-4551-ad98-a6d981fb86ae	913326	1.0	confident	Skermanella stibiiresistens	Bacteria
ff1bb589-e4d7-4779-88bc-2eb18e5954c2	913326	1.0	confident	Skermanella stibiiresistens	Bacteria
e3d43343-aa69-4219-9fab-31831cd06780	913326	1.0	confident	Skermanella stibiiresistens	Bacteria
c1ed16dc-e3af-4013-815a-909ce34accca	913326	1.0	confident	Skermanella stibiiresistens	Bacteria
5b47f61d-d3c8-4094-b307-651822fecfa8	913326	1.0	confident	Skermanella stibiiresistens	Bacteria
3ed58e5f-8f35-492d-97e6-c9664d8fc8a1	913326	1.0	confident	Skermanella stibiiresistens	Bacteria
982370ac-64f1-4a88-89ed-eb85471e7741	913326	1.0	confident	Skermanella stibiiresistens	Bacteria
dfc222e7-ee7f-4638-a1d9-bf0011f59cb3	913326	1.0	confident	Skermanella stibiiresistens	Bacteria
5c185924-1c76-4527-a1f2-a134e1cf50ca	913326	1.0	confident	Skermanella stibiiresistens	Bacteria
363aad1c-b6ba-4490-a2ce-480ede88d0e5	913326	1.0	confident	Skermanella stibiiresistens	Bacteria
18ca1901-7cac-4d6f-a065-f72cde2edce6	913326	1.0	confident	Skermanella stibiiresistens	Bacteria
b2d870c2-efb6-4d1b-8896-6302594a57a4	913326	1.0	confident	Skermanella stibiiresistens	Bacteria
7a563075-52a8-4c78-8c93-ff61c6aea522	913326	1.0	confident	Skermanella stibiiresistens	Bacteria
6d076ae3-ed58-4416-a976-84c52da33896	913326	1.0	confident	Skermanella stibiiresistens	Bacteria
3590b613-24f7-4fdd-8fb6-90c796aa493f	913326	1.0	confident	Skermanella stibiiresistens	Bacteria
f267a7fa-38c9-4419-98d5-314f170af794	913326	1.0	confident	Skermanella stibiiresistens	Bacteria
c95028ac-998a-416c-a349-6c7f1bc373fd	913326	1.0	confident	Skermanella stibiiresistens	Bacteria
ed617964-e7d3-414e-9e8c-2745d1de592b	913326	1.0	confident	Skermanella stibiiresistens	Bacteria
9e5067ba-2f42-4f78-9371-431ad2c73d54	913326	1.0	confident	Skermanella stibiiresistens	Bacteria
a1fa9b02-4c0d-4c1d-801f-6f46016d4fdb	913326	1.0	confident	Skermanella stibiiresistens	Bacteria
80b5d15b-8195-4c1a-b914-6881cd66fff0	913326	1.0	confident	Skermanella stibiiresistens	Bacteria
67edf68e-4937-43b0-8363-9bfc197c2d8a	913326	1.0	confident	Skermanella stibiiresistens	Bacteria
a868353e-877b-4945-82ca-9bc4ab4dd028	913326	1.0	confident	Skermanella stibiiresistens	Bacteria
2597528d-3f51-40cc-8c30-e87e22137304	913326	1.0	confident	Skermanella stibiiresistens	Bacteria
59f59a7e-4b25-471f-bca7-814a08c76bd5	913326	1.0	confident	Skermanella stibiiresistens	Bacteria
092019ef-e0e6-4a25-b681-9cd090fb6bca	913326	1.0	confident	Skermanella stibiiresistens	Bacteria
2bde1490-a088-46e3-a55e-d1123842950a	913326	1.0	confident	Skermanella stibiiresistens	Bacteria
d4580eab-599f-4b83-ae75-9685a95f6332	913326	1.0	confident	Skermanella stibiiresistens	Bacteria
2db0c675-25ff-4262-86f9-99dccefd1f08	913326	1.0	confident	Skermanella stibiiresistens	Bacteria
78ddb4b7-966a-41ea-bbdb-9c59c3a86635	913326	1.0	confident	Skermanella stibiiresistens	Bacteria
00ac5239-ee56-47b3-9d6f-9de5eda58c91	913326	1.0	confident	Skermanella stibiiresistens	Bacteria
653c8d0b-98a6-4861-bcf3-91257c015fe3	913326	1.0	confident	Skermanella stibiiresistens	Bacteria
fe38000f-0770-45ff-a403-4643efe0573f	913326	1.0	confident	Skermanella stibiiresistens	Bacteria
481b168c-77f2-40f7-b1ea-e7e84edf8b55	913326	1.0	confident	Skermanella stibiiresistens	Bacteria
29768d1c-3d63-4ecd-95c5-ece72b7e785d	913326	1.0	confident	Skermanella stibiiresistens	Bacteria
f97ea475-21c7-48f4-82fc-cb9903e9048c	913326	1.0	confident	Skermanella stibiiresistens	Bacteria
2cb9c691-56c3-4962-9fcb-c2b7d102f748	913326	1.0	confident	Skermanella stibiiresistens	Bacteria
f20654c5-c860-4a7f-926b-06aea571cf14	913326	1.0	confident	Skermanella stibiiresistens	Bacteria
2153b199-86f2-4936-9663-cef229e2a55a	913326	1.0	confident	Skermanella stibiiresistens	Bacteria
c08cc25d-f3db-4cf2-a3c2-c6f351ebeb05	913326	1.0	confident	Skermanella stibiiresistens	Bacteria
28d96917-4e29-4f15-9367-6c8608da6692	913326	1.0	confident	Skermanella stibiiresistens	Bacteria
b09be0de-4df8-41da-a769-c72bc955828e	913326	1.0	confident	Skermanella stibiiresistens	Bacteria
108e1068-b091-4f14-b79c-a69d9031a36b	913326	1.0	confident	Skermanella stibiiresistens	Bacteria
19eccd2a-281d-4689-ba92-9352250cb4bb	913326	1.0	confident	Skermanella stibiiresistens	Bacteria
efc44e59-56df-41fb-ae67-c279904b2616	913326	1.0	confident	Skermanella stibiiresistens	Bacteria
32e88a49-97ba-4422-89af-585bf9bf35b5	913326	1.0	confident	Skermanella stibiiresistens	Bacteria
5387616d-2d63-45de-b511-fb34a0be2524	913326	1.0	confident	Skermanella stibiiresistens	Bacteria
1d1a57f2-f2c3-4907-848f-13c9ae495876	913326	1.0	confident	Skermanella stibiiresistens	Bacteria
a58926d9-1028-41f9-b071-54b987000a0d	913326	1.0	confident	Skermanella stibiiresistens	Bacteria
d8bd531a-17f9-4370-9ec7-ebfd7a427b3c	913326	1.0	confident	Skermanella stibiiresistens	Bacteria
8cc34454-bc2c-43fa-9aad-f9c34813de40	913326	1.0	confident	Skermanella stibiiresistens	Bacteria
363c262d-8810-4d51-bbec-a31ee6615652	913326	1.0	confident	Skermanella stibiiresistens	Bacteria
14305ad5-ee85-46de-9d81-97c9672c1a3e	913326	1.0	confident	Skermanella stibiiresistens	Bacteria
5c081707-86f7-4383-80c8-1b19020887e1	913326	1.0	confident	Skermanella stibiiresistens	Bacteria
07750e17-9148-42bd-9310-d094d241893b	913326	1.0	confident	Skermanella stibiiresistens	Bacteria
109af7e6-03f2-4703-a426-53e6b76f30af	913326	1.0	confident	Skermanella stibiiresistens	Bacteria
fba7483c-5395-4a19-94f2-ab7e5106d831	913326	1.0	confident	Skermanella stibiiresistens	Bacteria
ee355ff1-59c3-48d4-a24c-95a8162ec29d	913326	1.0	confident	Skermanella stibiiresistens	Bacteria
be771d10-36d4-4438-8bda-8cae7a167f97	913326	1.0	confident	Skermanella stibiiresistens	Bacteria
00f8d4fd-059c-4587-a989-d01c770e71f8	913326	1.0	confident	Skermanella stibiiresistens	Bacteria
60018ff2-4c50-4f1c-a019-c360a021b8c1	913326	1.0	confident	Skermanella stibiiresistens	Bacteria
76f0a690-f2b5-40c9-a30a-6c7f5535445e	913326	1.0	confident	Skermanella stibiiresistens	Bacteria
95cf5482-75d7-4669-bba1-3f40600858ec	913326	1.0	confident	Skermanella stibiiresistens	Bacteria
909419a4-6772-47f7-85d9-89405ec79af3	913326	1.0	confident	Skermanella stibiiresistens	Bacteria
a7e12c83-0c1d-4f7b-8e82-59aa8d792294	913326	1.0	confident	Skermanella stibiiresistens	Bacteria
eb4da859-b58c-4e93-8e4a-6d77e2e74a40	913326	1.0	confident	Skermanella stibiiresistens	Bacteria
6e51f3a2-5fe4-400f-b43b-56dfca307e01	913326	1.0	confident	Skermanella stibiiresistens	Bacteria
5a62ab20-62d1-461a-b7e6-a13ffb9f29ac	913326	1.0	confident	Skermanella stibiiresistens	Bacteria
2e5f8ef6-d41d-4f4f-9104-c13aaacf0894	913326	1.0	confident	Skermanella stibiiresistens	Bacteria
8323e4ff-024f-4520-abdb-2bee9c0e1017	913326	1.0	confident	Skermanella stibiiresistens	Bacteria
d3c281da-5457-468b-a561-d758119ccbc9	913326	1.0	confident	Skermanella stibiiresistens	Bacteria
714604bf-dc78-43b6-9619-fea94e2ce7d9	913326	1.0	confident	Skermanella stibiiresistens	Bacteria
dcadaa0a-0de1-4950-a2ac-d717ef1848c7	913326	1.0	confident	Skermanella stibiiresistens	Bacteria
a420bcaf-811e-42f2-a200-b56cce44582d	913326	1.0	confident	Skermanella stibiiresistens	Bacteria
9c2770f4-9b36-44d8-bc72-7dae918550c9	913326	1.0	confident	Skermanella stibiiresistens	Bacteria
4f426749-3ecc-4df0-96ce-4abfcc143606	913326	1.0	confident	Skermanella stibiiresistens	Bacteria
377d4ebf-432a-4709-ae4d-fc80d9899f04	913326	1.0	confident	Skermanella stibiiresistens	Bacteria
1a6f916b-cd1b-44d5-ac84-11e6b8989c70	913326	1.0	confident	Skermanella stibiiresistens	Bacteria
95d78bd2-9e13-449f-8f99-a0b5cf467991	913326	1.0	confident	Skermanella stibiiresistens	Bacteria
f86d1a7f-a42a-4b80-a60a-a84ea454184c	913326	1.0	confident	Skermanella stibiiresistens	Bacteria
9e1813e5-e5cd-4a65-b8f5-bfd6d66b3af0	913326	1.0	confident	Skermanella stibiiresistens	Bacteria
9e7fc905-554d-4461-8b1d-adb1711d9ad1	913326	1.0	confident	Skermanella stibiiresistens	Bacteria
efec3d9c-573f-456d-b1d9-e068d0f2fe64	913326	1.0	confident	Skermanella stibiiresistens	Bacteria
3eb5a365-187d-4224-9037-641a558603f3	913326	1.0	confident	Skermanella stibiiresistens	Bacteria
b2c72087-3208-43be-95c4-61776ad08d68	913326	1.0	confident	Skermanella stibiiresistens	Bacteria
97e7031c-f890-4e6b-93ef-3a5bcc07cd91	913326	1.0	confident	Skermanella stibiiresistens	Bacteria
4bc7902c-c82e-47e6-9e8a-5310d8940752	913326	1.0	confident	Skermanella stibiiresistens	Bacteria
d6421787-4a56-4d88-bd7e-7e1e7bdbcc4c	913326	1.0	confident	Skermanella stibiiresistens	Bacteria
66d81684-e559-4e9e-9f54-18227b57bcfa	913326	1.0	confident	Skermanella stibiiresistens	Bacteria
1da16360-2771-4917-b941-09d3ee15bef9	913326	1.0	confident	Skermanella stibiiresistens	Bacteria
7061ad3f-1cd2-4ed0-a839-1fa92e63893a	913326	1.0	confident	Skermanella stibiiresistens	Bacteria
44a7e645-b58f-4747-8655-251cbdac4f9c	913326	1.0	confident	Skermanella stibiiresistens	Bacteria
ce333e33-3a2b-4f9a-aaa7-bd4d3ecc1bd7	913326	1.0	confident	Skermanella stibiiresistens	Bacteria
3b36c824-bacc-4793-93fc-83ddb89ce4c4	913326	1.0	confident	Skermanella stibiiresistens	Bacteria
a6fe5798-91ea-499e-ae47-51437baf81df	913326	1.0	confident	Skermanella stibiiresistens	Bacteria
821114d1-614c-408d-831d-29a7a51de5a6	913326	1.0	confident	Skermanella stibiiresistens	Bacteria
47ef664a-ab0d-48bb-913c-3912603acf09	913326	1.0	confident	Skermanella stibiiresistens	Bacteria
48cdf227-f846-4ef3-89c4-bd04dc0b3657	913326	1.0	confident	Skermanella stibiiresistens	Bacteria
2c7a26b4-9b36-4198-9138-db9dbdc46c47	913326	1.0	confident	Skermanella stibiiresistens	Bacteria
b098d82a-ed69-4541-a89f-824adaf615f8	913326	1.0	confident	Skermanella stibiiresistens	Bacteria
10d5d242-6ade-438a-909d-9c0680989c25	913326	1.0	confident	Skermanella stibiiresistens	Bacteria
b7aede93-c14a-4749-af2a-ba106dcc2e6a	913326	1.0	confident	Skermanella stibiiresistens	Bacteria
ab1defbe-c713-4999-8e0e-d4c30426d81c	913326	1.0	confident	Skermanella stibiiresistens	Bacteria
dffdd7e5-0e86-4e97-a997-94de12673788	913326	1.0	confident	Skermanella stibiiresistens	Bacteria
77e7e88a-ca09-4f83-bf23-46a9289bb57f	913326	1.0	confident	Skermanella stibiiresistens	Bacteria
c1999bcf-da5b-4e30-9611-b2300029794a	913326	1.0	confident	Skermanella stibiiresistens	Bacteria
1d559ede-a855-477a-af9f-214076919e7c	913326	1.0	confident	Skermanella stibiiresistens	Bacteria
c5714fa6-f01a-4383-8b2b-70c015540269	913326	1.0	confident	Skermanella stibiiresistens	Bacteria
fe884980-3cfa-4ef8-80f9-1d6cbc8f6488	913326	1.0	confident	Skermanella stibiiresistens	Bacteria
6fc074ee-33c6-4c42-aba3-6a8c997ac709	913326	1.0	confident	Skermanella stibiiresistens	Bacteria
92404050-8e4b-45f8-a6d4-2329f95a9ece	913326	1.0	confident	Skermanella stibiiresistens	Bacteria
8827679e-ec7b-4dd3-9386-4ffdc2d6d011	913326	1.0	confident	Skermanella stibiiresistens	Bacteria
bfe473fb-e561-4c48-af80-1bca265ea338	913326	1.0	confident	Skermanella stibiiresistens	Bacteria
5b90b9ab-e3b4-4815-8b06-ab72204e9d9c	913326	1.0	confident	Skermanella stibiiresistens	Bacteria
e4b48e67-a6da-49b8-b06c-3f4057b0cb4d	913326	1.0	confident	Skermanella stibiiresistens	Bacteria
d1646171-a8d8-485d-aac7-c32141525671	913326	1.0	confident	Skermanella stibiiresistens	Bacteria
abe9bb60-bd82-4fd6-9cf4-bf092f03d52c	913326	1.0	confident	Skermanella stibiiresistens	Bacteria
7df7db73-befb-4895-ba24-17724676321f	913326	1.0	confident	Skermanella stibiiresistens	Bacteria
c12bfc45-36dd-4ebe-843b-7da52346bf6e	913326	1.0	confident	Skermanella stibiiresistens	Bacteria
055f0dc9-3db1-4195-a927-75357930f87f	913326	1.0	confident	Skermanella stibiiresistens	Bacteria
e57c9112-fb0c-4b36-99dd-a415f10c4920	913326	1.0	confident	Skermanella stibiiresistens	Bacteria
00a6ff90-2454-4635-be4d-f9f4a0cc286a	913326	1.0	confident	Skermanella stibiiresistens	Bacteria
dd93ddb9-aeda-4cf5-8ba1-126c57a5fd0c	913326	1.0	confident	Skermanella stibiiresistens	Bacteria
9baa3f01-4045-4314-9847-48058e061cb7	913326	1.0	confident	Skermanella stibiiresistens	Bacteria
4949d6f0-c1c0-449e-b8ba-04a46383992c	913326	1.0	confident	Skermanella stibiiresistens	Bacteria
aa7d1547-287e-4a8b-85f5-1fa27e9cb23a	913326	1.0	confident	Skermanella stibiiresistens	Bacteria
bc917206-a9f9-4533-94c9-44eba8bd630e	913326	1.0	confident	Skermanella stibiiresistens	Bacteria
13776d73-4943-4afa-84eb-99c46cb4e8ea	913326	1.0	confident	Skermanella stibiiresistens	Bacteria
36f63637-001b-47f6-b39c-8b849cf9fe8f	913326	1.0	confident	Skermanella stibiiresistens	Bacteria
c750a832-3905-4852-8ad9-e1b2794d0cec	913326	1.0	confident	Skermanella stibiiresistens	Bacteria
8ee98464-e8b5-4640-8e51-87547219f969	913326	1.0	confident	Skermanella stibiiresistens	Bacteria
a16014ff-b39b-43a3-937f-d7d66ecd77a5	913326	1.0	confident	Skermanella stibiiresistens	Bacteria
d89ad806-5caa-4d16-87d8-5e55a708cdc5	913326	1.0	confident	Skermanella stibiiresistens	Bacteria
3d253058-1e4b-4f5a-a1d6-99d3df492337	913326	1.0	confident	Skermanella stibiiresistens	Bacteria
ebecd03c-0878-479f-8b67-acc7be50e08f	913326	1.0	confident	Skermanella stibiiresistens	Bacteria
376cdef1-68e4-4610-ac4e-506d0e3a5dd5	913326	1.0	confident	Skermanella stibiiresistens	Bacteria
4f0ee04e-dfed-447e-9672-22849bed7c33	913326	1.0	confident	Skermanella stibiiresistens	Bacteria
f94b4aae-0d2e-4ec2-ba5b-da7a31d64d1c	913326	1.0	confident	Skermanella stibiiresistens	Bacteria
13284771-3429-4a23-91fe-e4fca34ed950	913326	1.0	confident	Skermanella stibiiresistens	Bacteria
c1825a34-60d9-4a75-8d6f-69c7def1205a	913326	1.0	confident	Skermanella stibiiresistens	Bacteria
c9d21c51-2fbc-4709-ab3f-ad222cc2905c	913326	1.0	confident	Skermanella stibiiresistens	Bacteria
baec0671-e10a-4a86-a7a0-431c625cd279	913326	1.0	confident	Skermanella stibiiresistens	Bacteria
7b99be9e-3552-47f9-8536-73a66e6c68a4	913326	1.0	confident	Skermanella stibiiresistens	Bacteria
d5d6ee52-001d-4ed4-b876-57962b8a17a1	913326	1.0	confident	Skermanella stibiiresistens	Bacteria
496cfb72-6d6a-4b96-a089-d06a6c15844a	913326	1.0	confident	Skermanella stibiiresistens	Bacteria
ea7531e8-e425-4a74-9418-849f8603ed2d	913326	1.0	confident	Skermanella stibiiresistens	Bacteria
4235448e-5835-49d6-8eec-fd9f1dec1b4e	913326	1.0	confident	Skermanella stibiiresistens	Bacteria
04c86160-ef5b-4741-a039-7fbbf87d52ae	913326	1.0	confident	Skermanella stibiiresistens	Bacteria
94be1990-f47a-4aab-a56f-dc2b03e230da	913326	1.0	confident	Skermanella stibiiresistens	Bacteria
dc197186-1848-4c22-9d9f-b23394c1e143	913326	1.0	confident	Skermanella stibiiresistens	Bacteria
ba74a2a1-8de0-4063-b3b6-9c697ec15c1a	913326	1.0	confident	Skermanella stibiiresistens	Bacteria
fe710ea6-f174-4e2f-9d08-d4ec7c2cc472	913326	1.0	confident	Skermanella stibiiresistens	Bacteria
458d0bea-90c5-4558-86b0-3e1f43d43834	913326	1.0	confident	Skermanella stibiiresistens	Bacteria
f19453a2-2b7b-4a93-ab29-79ce4174b72f	913326	1.0	confident	Skermanella stibiiresistens	Bacteria
432fc387-136e-4f6d-82ed-2648b6c79396	913326	1.0	confident	Skermanella stibiiresistens	Bacteria
19553964-c77d-4fae-9079-cc66ac40f760	913326	1.0	confident	Skermanella stibiiresistens	Bacteria
678e8421-2fbd-4d09-b153-a29a48dc3098	913326	1.0	confident	Skermanella stibiiresistens	Bacteria
839564fa-b7a2-4506-aac6-fb4e959d1de1	913326	1.0	confident	Skermanella stibiiresistens	Bacteria
50990125-e3bb-4cfb-aa99-103411f0491c	913326	1.0	confident	Skermanella stibiiresistens	Bacteria
4fdf9fa9-505e-4f5f-b4b6-d9b30c268268	913326	1.0	confident	Skermanella stibiiresistens	Bacteria
df8e85d1-1933-4e96-8076-0e921b821b84	913326	1.0	confident	Skermanella stibiiresistens	Bacteria
81c5c985-c791-4a88-8ff1-cd4ed1d8766d	913326	1.0	confident	Skermanella stibiiresistens	Bacteria
8c8d364e-ab58-4217-8b56-4bafdb037aed	913326	1.0	confident	Skermanella stibiiresistens	Bacteria
049a4f0c-a6fb-404b-a20e-294a91266270	913326	1.0	confident	Skermanella stibiiresistens	Bacteria
8429a381-2181-482c-9bd0-f0a5204f48fd	913326	1.0	confident	Skermanella stibiiresistens	Bacteria
07859de7-c33c-4330-89f1-d19495ae5d00	913326	1.0	confident	Skermanella stibiiresistens	Bacteria
e2fbd188-799c-4eb3-b722-df3980e415e6	913326	1.0	confident	Skermanella stibiiresistens	Bacteria
ec8a3151-7c29-4f87-b0b5-31529fb2733d	913326	1.0	confident	Skermanella stibiiresistens	Bacteria
9429e97d-1b6d-4d1d-bb2a-4d9f5405df6f	913326	1.0	confident	Skermanella stibiiresistens	Bacteria
4689b5b7-a7dc-4ca4-a3f8-34f968889aef	913326	1.0	confident	Skermanella stibiiresistens	Bacteria
0b4047ae-ab48-44f3-917a-9cf3e3bb19a8	913326	1.0	confident	Skermanella stibiiresistens	Bacteria
549d00e8-cca9-44e3-a062-741ba1042882	913326	1.0	confident	Skermanella stibiiresistens	Bacteria
d08315ef-7368-4557-af1c-e6b3650929c2	913326	1.0	confident	Skermanella stibiiresistens	Bacteria
2ca60042-338e-4c72-9b71-d6246e750c3c	913326	1.0	confident	Skermanella stibiiresistens	Bacteria
ac0abe59-e3a4-42c4-bc7f-aae02f5aafb2	913326	1.0	confident	Skermanella stibiiresistens	Bacteria
6621b675-2c42-4ed9-bb5b-6d67043ae5b8	913326	1.0	confident	Skermanella stibiiresistens	Bacteria
b704d4fe-0cae-4d1b-a662-7ef3245eae97	913326	1.0	confident	Skermanella stibiiresistens	Bacteria
aed7cc79-15e8-40db-9081-8248153b82f0	913326	1.0	confident	Skermanella stibiiresistens	Bacteria
47ce4199-918a-4736-b1c1-2e2c6bc6956b	913326	1.0	confident	Skermanella stibiiresistens	Bacteria
27b777d4-e6c3-42cc-90a4-0993311546ce	913326	1.0	confident	Skermanella stibiiresistens	Bacteria
0eef6a2a-328d-459c-8fac-8c9650dbfcea	913326	1.0	confident	Skermanella stibiiresistens	Bacteria
6035911f-9d67-45ec-a22f-f854ea5def3c	913326	1.0	confident	Skermanella stibiiresistens	Bacteria
39af82c1-707e-47d6-981f-6bb24c6e64b0	913326	1.0	confident	Skermanella stibiiresistens	Bacteria
07c46b58-b4ba-4dba-b769-1303d3b53e7d	913326	1.0	confident	Skermanella stibiiresistens	Bacteria
9d3176bc-9569-492a-a103-62d8204193a0	913326	1.0	confident	Skermanella stibiiresistens	Bacteria
81c57270-4069-4c57-99eb-2d1c08516813	913326	1.0	confident	Skermanella stibiiresistens	Bacteria
5887cb33-21f4-4920-85a2-78660ea7f57f	913326	1.0	confident	Skermanella stibiiresistens	Bacteria
aea49980-8c5b-42f8-8d3d-a57d8ac5ff72	913326	1.0	confident	Skermanella stibiiresistens	Bacteria
02ca9128-54c6-4480-a547-9cc281b205f7	913326	1.0	confident	Skermanella stibiiresistens	Bacteria
8e5529a5-ed1a-4c68-9207-24ec374391e0	913326	1.0	confident	Skermanella stibiiresistens	Bacteria
228171cd-f663-4130-8dcb-cd904c081dc4	913326	1.0	confident	Skermanella stibiiresistens	Bacteria
195e5d0a-09f2-4b0d-8f8f-833a0b72fc60	913326	1.0	confident	Skermanella stibiiresistens	Bacteria
970ef9e1-5641-4796-a93a-31e01f97bc24	913326	1.0	confident	Skermanella stibiiresistens	Bacteria
dcdb28ab-3162-45ca-b477-5143c7a4938b	913326	1.0	confident	Skermanella stibiiresistens	Bacteria
75c671af-f128-4709-b12e-e2d91ece03a0	913326	1.0	confident	Skermanella stibiiresistens	Bacteria
c9ffe191-c464-4efe-b01d-c7d9a8a86306	913326	1.0	confident	Skermanella stibiiresistens	Bacteria
c5a21d5d-8c21-4b48-8037-5f4aecc6fde4	913326	1.0	confident	Skermanella stibiiresistens	Bacteria
e0b60ae6-bd0e-4a6c-bf1b-a951f1c0959a	913326	1.0	confident	Skermanella stibiiresistens	Bacteria
3dcb845e-0379-46b4-85b8-01607fd8f7a1	913326	1.0	confident	Skermanella stibiiresistens	Bacteria
ce5edfab-cf67-46ca-a3c8-3340a0823f09	913326	1.0	confident	Skermanella stibiiresistens	Bacteria
1c652122-3565-47b2-9820-0c7a1fdcdaa9	913326	1.0	confident	Skermanella stibiiresistens	Bacteria
b57ed8bc-fa95-4e9c-b014-75cbae021bff	913326	1.0	confident	Skermanella stibiiresistens	Bacteria
33ab40e9-4278-4100-a46c-2ca916e4e01d	913326	1.0	confident	Skermanella stibiiresistens	Bacteria
69af5990-f691-4ef7-bb04-ac189196180c	913326	1.0	confident	Skermanella stibiiresistens	Bacteria
9f63e28a-c48a-41cc-b6b3-947740b7b736	913326	1.0	confident	Skermanella stibiiresistens	Bacteria
6b2b4cc9-314b-41cb-86d6-145e02d53ca2	913326	1.0	confident	Skermanella stibiiresistens	Bacteria
6b3bb059-2c22-40b3-b020-76e02308b09a	913326	1.0	confident	Skermanella stibiiresistens	Bacteria
95d9cd8a-5be4-439d-ba45-acfa4bee9827	913326	1.0	confident	Skermanella stibiiresistens	Bacteria
10bb1827-a22a-4d29-a8f9-558194fe5b73	913326	1.0	confident	Skermanella stibiiresistens	Bacteria
a1a02ba9-a1d7-4a2d-9bdf-3224f71a0a99	913326	1.0	confident	Skermanella stibiiresistens	Bacteria
3151a555-a825-46a8-a228-946f47e55b42	913326	1.0	confident	Skermanella stibiiresistens	Bacteria
eadc2797-5517-4ba3-b31a-60a25bff73d1	913326	1.0	confident	Skermanella stibiiresistens	Bacteria
51b0cb49-293c-454d-9dc0-298041e4f28f	913326	1.0	confident	Skermanella stibiiresistens	Bacteria
a2f3cb7c-a9b8-41af-80b1-25ccde656214	913326	1.0	confident	Skermanella stibiiresistens	Bacteria
60d19c82-9c57-4d5f-bbe8-1fa333c2895c	913326	1.0	confident	Skermanella stibiiresistens	Bacteria
8b78abc6-a0db-47be-bd85-59f27e797bbe	913326	1.0	confident	Skermanella stibiiresistens	Bacteria
736cb7e5-0e57-4610-9a9a-351226f51077	913326	1.0	confident	Skermanella stibiiresistens	Bacteria
d93f4bbc-3108-4e76-8648-d577ba3464e9	913326	1.0	confident	Skermanella stibiiresistens	Bacteria
aa63503e-cef1-4373-aaed-ef7362a3d8ef	913326	1.0	confident	Skermanella stibiiresistens	Bacteria
c55e5ad1-144e-4578-ac60-99ceb93919b3	913326	1.0	confident	Skermanella stibiiresistens	Bacteria
865265ee-54c8-438f-a242-67ed154efd80	913326	1.0	confident	Skermanella stibiiresistens	Bacteria
0296f860-fd27-466c-993b-b5644653fb53	913326	1.0	confident	Skermanella stibiiresistens	Bacteria
c1ac2286-c24e-4799-be21-39d84b9457ef	913326	1.0	confident	Skermanella stibiiresistens	Bacteria
ebe3bab7-65b6-4ac4-8033-d68e4545276d	913326	1.0	confident	Skermanella stibiiresistens	Bacteria
eff9e768-ae9e-485c-bf06-436141039753	913326	1.0	confident	Skermanella stibiiresistens	Bacteria
21922253-a4ef-4cae-a022-5e774db67d09	913326	1.0	confident	Skermanella stibiiresistens	Bacteria
e475cd5d-d165-4dd6-818a-bbb435949899	913326	1.0	confident	Skermanella stibiiresistens	Bacteria
4849a415-b059-4c55-aa53-50ad47a5034f	913326	1.0	confident	Skermanella stibiiresistens	Bacteria
f634b4b4-7ee3-48fe-afa3-89d20c3f40a8	913326	1.0	confident	Skermanella stibiiresistens	Bacteria
96fb36a5-550d-458d-bf9e-9a1559a944ff	913326	1.0	confident	Skermanella stibiiresistens	Bacteria
0f45e971-ebd2-49d8-becc-110e148eb96b	913326	1.0	confident	Skermanella stibiiresistens	Bacteria
b295658f-4a05-4002-ae91-dded8870efc4	913326	1.0	confident	Skermanella stibiiresistens	Bacteria
98b2e749-ffa9-4486-891b-647ce742370f	913326	1.0	confident	Skermanella stibiiresistens	Bacteria
2ca66a48-5f0e-4dd5-ac57-2d73eba8d425	913326	1.0	confident	Skermanella stibiiresistens	Bacteria
45027590-021d-42fa-9b7c-5a9d7ceecc10	913326	1.0	confident	Skermanella stibiiresistens	Bacteria
cf81c9a2-d806-49a8-abc4-eea9f10b7dde	913326	1.0	confident	Skermanella stibiiresistens	Bacteria
34765611-f3d8-469e-a11e-8371de65be70	913326	1.0	confident	Skermanella stibiiresistens	Bacteria
f0b8da52-c428-4e60-9a24-5d0959a08611	913326	1.0	confident	Skermanella stibiiresistens	Bacteria
a513b750-6b39-47cb-a335-0bb574391c50	913326	1.0	confident	Skermanella stibiiresistens	Bacteria
f01772fd-83b2-4623-964d-a944f02fa3ac	913326	1.0	confident	Skermanella stibiiresistens	Bacteria
aa16c316-3070-4d48-843e-7f9bfb18c5d9	913326	1.0	confident	Skermanella stibiiresistens	Bacteria
6e1d5e80-6996-4a98-ac3b-1e4345a29138	913326	1.0	confident	Skermanella stibiiresistens	Bacteria
f4d1ec8d-f6ec-4b98-8722-83cf5d14de7f	913326	1.0	confident	Skermanella stibiiresistens	Bacteria
3e8dee98-54f6-4174-886c-1e91b42a3b10	913326	1.0	confident	Skermanella stibiiresistens	Bacteria
06554524-fb71-4fd4-8c99-d6c9509a9679	913326	1.0	confident	Skermanella stibiiresistens	Bacteria
822cecbf-77a5-4b15-8c93-01deb507937e	913326	1.0	confident	Skermanella stibiiresistens	Bacteria
e8d279ce-7e12-41d9-b4cf-e3366e8910ab	913326	1.0	confident	Skermanella stibiiresistens	Bacteria
ee81aaa8-fe4e-4edd-b37f-f154622dfc0d	913326	1.0	confident	Skermanella stibiiresistens	Bacteria
1ae7df36-2853-411c-9636-1691f73761c5	913326	1.0	confident	Skermanella stibiiresistens	Bacteria
8c5abf13-d74e-42e1-9015-a348560b5905	913326	1.0	confident	Skermanella stibiiresistens	Bacteria
8a3c7dfe-f313-4747-8602-9dd01c7a87f1	913326	1.0	confident	Skermanella stibiiresistens	Bacteria
e6c522b5-b62a-4f8c-b1c5-29529f7abdb9	913326	1.0	confident	Skermanella stibiiresistens	Bacteria
3a3fc4f8-7f4d-4767-a351-ca4a75643ca3	913326	1.0	confident	Skermanella stibiiresistens	Bacteria
ea98184f-c3f2-4d70-9342-c14a2fdaf058	913326	1.0	confident	Skermanella stibiiresistens	Bacteria
bb2f21dd-9649-4d10-8057-5fe8af1fd753	913326	1.0	confident	Skermanella stibiiresistens	Bacteria
ccdc0e49-a40d-49bf-9f7f-673feaac8eb4	913326	1.0	confident	Skermanella stibiiresistens	Bacteria
1e60894f-3017-470f-927b-a3574cc642a7	913326	1.0	confident	Skermanella stibiiresistens	Bacteria
7fc4f869-da26-4c0e-8df8-01e8772274e9	913326	1.0	confident	Skermanella stibiiresistens	Bacteria
a77566d4-2232-489e-9fd9-283e98495683	913326	1.0	confident	Skermanella stibiiresistens	Bacteria
67d7ee3b-c8d9-455e-9a8a-b156ff720793	913326	1.0	confident	Skermanella stibiiresistens	Bacteria
fa4b43e1-7e80-4d72-9510-ac6c407913a5	913326	1.0	confident	Skermanella stibiiresistens	Bacteria
23e34863-29b1-40ef-9629-80656c87bb90	913326	1.0	confident	Skermanella stibiiresistens	Bacteria
c15d4018-3fd9-4b4c-8d97-e9c11f8d0787	913326	1.0	confident	Skermanella stibiiresistens	Bacteria
4d9d9421-683b-4f07-a07f-bd0316341427	913326	1.0	confident	Skermanella stibiiresistens	Bacteria
37089873-1264-46da-b6f1-801a68359bfc	913326	1.0	confident	Skermanella stibiiresistens	Bacteria
fff2db77-4651-4ddf-b358-03dcc2029422	913326	1.0	confident	Skermanella stibiiresistens	Bacteria
586f8dca-d7e7-40dc-91dc-8cebc3df5d27	913326	1.0	confident	Skermanella stibiiresistens	Bacteria
e97b1ef2-2160-4c06-922a-fba53556d5cf	913326	1.0	confident	Skermanella stibiiresistens	Bacteria
f295d16f-17f2-4cff-8454-b4426aa7166f	913326	1.0	confident	Skermanella stibiiresistens	Bacteria
cb6fbabf-d87a-459c-bf42-b2687f8b4226	913326	1.0	confident	Skermanella stibiiresistens	Bacteria
c3b57703-793b-4ddd-b89a-e155b98f475b	913326	1.0	confident	Skermanella stibiiresistens	Bacteria
ebef38b3-1441-4e71-8b47-855f16446925	913326	1.0	confident	Skermanella stibiiresistens	Bacteria
66f808a2-1e5c-4ca0-af32-d13afd57d25e	913326	1.0	confident	Skermanella stibiiresistens	Bacteria
e00c401e-55fe-41c0-8d07-85234888a636	913326	1.0	confident	Skermanella stibiiresistens	Bacteria
3b9d6bda-2fd6-4d19-af3c-956efc4c95c2	913326	1.0	confident	Skermanella stibiiresistens	Bacteria
bd811762-020d-4295-81e1-2364059fddf1	913326	1.0	confident	Skermanella stibiiresistens	Bacteria
421042a6-77a5-47ef-b8f0-cb1c03f47198	913326	1.0	confident	Skermanella stibiiresistens	Bacteria
8bd4d246-062f-44e5-bedb-66da1c467313	913326	1.0	confident	Skermanella stibiiresistens	Bacteria
18a08085-9679-483e-ad89-e652a1ec0be1	913326	1.0	confident	Skermanella stibiiresistens	Bacteria
e4920734-1016-4b4e-89e3-efdba7a3a609	913326	1.0	confident	Skermanella stibiiresistens	Bacteria
dcd755ce-cff4-424d-b474-fc6c841e6c88	913326	1.0	confident	Skermanella stibiiresistens	Bacteria
d906c1a7-df17-4f0f-a897-1786dde47f22	913326	1.0	confident	Skermanella stibiiresistens	Bacteria
45b7a03d-3a02-429b-adda-6bdced5160a5	913326	1.0	confident	Skermanella stibiiresistens	Bacteria
67f4de6d-8dc6-46f9-b09a-4f2c367dfec0	913326	1.0	confident	Skermanella stibiiresistens	Bacteria
e202e813-793b-484f-817f-dfe4e2c9d2f0	913326	1.0	confident	Skermanella stibiiresistens	Bacteria
cb160be6-902a-419f-8663-8e9333971973	913326	1.0	confident	Skermanella stibiiresistens	Bacteria
6ea2740d-977e-4c1a-bc12-b96a8fefd71b	913326	1.0	confident	Skermanella stibiiresistens	Bacteria
0e493941-b530-4b49-99bb-57a2c16483ee	913326	1.0	confident	Skermanella stibiiresistens	Bacteria
7716cdb3-214f-4933-9435-dcb551fa0a38	913326	1.0	confident	Skermanella stibiiresistens	Bacteria
96b5c767-9316-4a8f-9dc3-f0ba10eaea51	913326	1.0	confident	Skermanella stibiiresistens	Bacteria
ca5724ca-f985-4690-85c7-147ab7b1ffcb	913326	1.0	confident	Skermanella stibiiresistens	Bacteria
633a626b-4d00-4b6f-b753-381726018522	913326	1.0	confident	Skermanella stibiiresistens	Bacteria
7919942c-fb13-4b2a-bf71-af855888097c	913326	1.0	confident	Skermanella stibiiresistens	Bacteria
f9850c19-c8cd-4905-aefd-8207a66eb168	913326	1.0	confident	Skermanella stibiiresistens	Bacteria
d5c3802f-3843-4449-b3a9-964e2b2649e4	913326	1.0	confident	Skermanella stibiiresistens	Bacteria
fa07e9ca-5979-48f9-ba5f-084bc8654a72	913326	1.0	confident	Skermanella stibiiresistens	Bacteria
1bd11889-5560-4580-8f48-77694039e059	913326	1.0	confident	Skermanella stibiiresistens	Bacteria
8d60b6bd-8baf-4aec-9d20-d4c0868c6c13	913326	1.0	confident	Skermanella stibiiresistens	Bacteria
e0591d60-810f-43ca-86af-f7dadb183752	913326	1.0	confident	Skermanella stibiiresistens	Bacteria
47fdf49d-4851-4e3d-b8ec-f6038f64ea74	913326	1.0	confident	Skermanella stibiiresistens	Bacteria
b063b2cd-004d-4236-819f-adc2adaa7cd5	913326	1.0	confident	Skermanella stibiiresistens	Bacteria
dada2921-954d-4d3f-9315-091b5c795c49	913326	1.0	confident	Skermanella stibiiresistens	Bacteria
32793ccc-2e82-420d-ad47-7137b8636b19	913326	1.0	confident	Skermanella stibiiresistens	Bacteria
ee6fe99f-8bd8-489c-bd2b-bb11fa6d60dd	913326	1.0	confident	Skermanella stibiiresistens	Bacteria
17f87183-c1d9-44bd-a4ca-ed1a67315601	913326	1.0	confident	Skermanella stibiiresistens	Bacteria
bc086d02-d59a-49af-a6e5-73a831b30cd4	913326	1.0	confident	Skermanella stibiiresistens	Bacteria
9c25e64b-dba6-4d50-a88d-d032d0c2590e	913326	1.0	confident	Skermanella stibiiresistens	Bacteria
3e3d257c-4cd6-4b8e-b76c-d34751c118af	913326	1.0	confident	Skermanella stibiiresistens	Bacteria
a400fb65-7902-46b3-8891-8259eb3ba5d8	913326	1.0	confident	Skermanella stibiiresistens	Bacteria
91e6c7c5-4a90-45bd-beef-5290ed40181a	913326	1.0	confident	Skermanella stibiiresistens	Bacteria
22a6868e-d734-43a4-88b5-7750c53b813d	913326	1.0	confident	Skermanella stibiiresistens	Bacteria
de0efa6a-8d6d-4c83-af27-967ec6aca0eb	913326	1.0	confident	Skermanella stibiiresistens	Bacteria
532a20cc-e722-428e-9c49-f69ca04a8075	913326	1.0	confident	Skermanella stibiiresistens	Bacteria
cbc81824-4d67-43bf-a4e8-a34da4af0c35	913326	1.0	confident	Skermanella stibiiresistens	Bacteria
cc6f43f4-524b-4608-bc8e-398d43410c1a	913326	1.0	confident	Skermanella stibiiresistens	Bacteria
ee50a911-d9d7-452d-9cfe-12543a1fde13	913326	1.0	confident	Skermanella stibiiresistens	Bacteria
b91619bd-8e84-4f70-a3d0-df95b3145a9c	913326	1.0	confident	Skermanella stibiiresistens	Bacteria
8b46b4bd-7459-4518-958b-cdec1a24f20e	913326	1.0	confident	Skermanella stibiiresistens	Bacteria
c595f62c-cef8-46ce-bdde-efa6d5aca5ed	913326	1.0	confident	Skermanella stibiiresistens	Bacteria
517f4926-6939-47df-8d24-71bc41a4adcd	913326	1.0	confident	Skermanella stibiiresistens	Bacteria
d5cfadf6-cb76-432f-acff-5e4f611ad33d	913326	1.0	confident	Skermanella stibiiresistens	Bacteria
d13d1c03-03f5-4e1e-8f7f-e38b0d1227bd	913326	1.0	confident	Skermanella stibiiresistens	Bacteria
791a076b-f666-4df5-96f8-227981bc991a	913326	1.0	confident	Skermanella stibiiresistens	Bacteria
73d5f474-16aa-43de-94d2-0b9dfdb0fc60	913326	1.0	confident	Skermanella stibiiresistens	Bacteria
271c8969-8f68-4b3f-987f-37b72166ff36	913326	1.0	confident	Skermanella stibiiresistens	Bacteria
0dcd8d0c-9fab-408e-b478-e5caeff8159e	913326	1.0	confident	Skermanella stibiiresistens	Bacteria
3b6a8dc6-59b7-45c9-bd0e-e6e04748fd56	913326	1.0	confident	Skermanella stibiiresistens	Bacteria
0bffc79f-4765-4487-884f-42325b1b5b48	913326	1.0	confident	Skermanella stibiiresistens	Bacteria
448150b5-2cd7-473f-838d-d1486454f84f	913326	1.0	confident	Skermanella stibiiresistens	Bacteria
8ec48aca-be27-45da-babe-697f2bb0c6e9	913326	1.0	confident	Skermanella stibiiresistens	Bacteria
035c4eff-19e6-4a16-9a08-6272727de0fd	913326	1.0	confident	Skermanella stibiiresistens	Bacteria
9232c1e4-b887-4d4d-b489-559b36126f9e	913326	1.0	confident	Skermanella stibiiresistens	Bacteria
517f3473-aedb-4240-ab53-b6033f4fdcfb	913326	1.0	confident	Skermanella stibiiresistens	Bacteria
9d820d2b-40b9-41c1-bac6-5a3e99e82c34	913326	1.0	confident	Skermanella stibiiresistens	Bacteria
07f3be4d-6290-444e-9513-6d3cdaa5ce6a	913326	1.0	confident	Skermanella stibiiresistens	Bacteria
7e504cbf-d440-47fe-b839-f135b9a3dbbd	913326	1.0	confident	Skermanella stibiiresistens	Bacteria
173140f7-f574-4e2d-9473-7d68d69890bd	913326	1.0	confident	Skermanella stibiiresistens	Bacteria
39d1eb42-83a4-4bfa-9047-23e04528a3c7	913326	1.0	confident	Skermanella stibiiresistens	Bacteria
32b2f9bd-4d7e-43cd-bdf2-a51391f86613	913326	1.0	confident	Skermanella stibiiresistens	Bacteria
61e2ca7d-44bc-46af-885d-d669c2d12934	913326	1.0	confident	Skermanella stibiiresistens	Bacteria
fee25eb6-ebd5-494a-a555-8c115f0ebfee	913326	1.0	confident	Skermanella stibiiresistens	Bacteria
d5027e1e-a628-4209-8e2d-c3ca9202714a	913326	1.0	confident	Skermanella stibiiresistens	Bacteria
5f94e1ce-e5a4-4e0e-bf7f-f7f229e86d16	913326	1.0	confident	Skermanella stibiiresistens	Bacteria
7a863c5c-07bc-4ccc-b8c8-96de8437d722	913326	1.0	confident	Skermanella stibiiresistens	Bacteria
c99a5c06-7f53-4ad6-8845-0a656adc3e4b	913326	1.0	confident	Skermanella stibiiresistens	Bacteria
8eb9a8e1-04a8-4b54-9d14-37cd5f647f1a	913326	1.0	confident	Skermanella stibiiresistens	Bacteria
1f8f3658-4f79-4996-8870-a98fa2d44bbb	913326	1.0	confident	Skermanella stibiiresistens	Bacteria
b94f5cdb-6a96-4e07-a1c9-aca2e1be9d09	913326	1.0	confident	Skermanella stibiiresistens	Bacteria
3fbe20c9-360f-407b-95c6-18cde40ee15b	913326	1.0	confident	Skermanella stibiiresistens	Bacteria
2c0d1a75-a8df-40c7-a235-839dd1e08f7f	913326	1.0	confident	Skermanella stibiiresistens	Bacteria
76afc3a2-f816-4856-9240-6f9c85e6cac3	913326	1.0	confident	Skermanella stibiiresistens	Bacteria
9123a685-c6a4-422e-b649-3e97bbdca466	913326	1.0	confident	Skermanella stibiiresistens	Bacteria
ff9d644f-9090-460f-80c4-a36e61332686	913326	1.0	confident	Skermanella stibiiresistens	Bacteria
412e64b1-0919-4a6f-94e1-c0912449251d	913326	1.0	confident	Skermanella stibiiresistens	Bacteria
b58aad14-8eb5-4407-b701-7d3ff601cbd4	913326	1.0	confident	Skermanella stibiiresistens	Bacteria
20ea9f8b-9c4e-41d8-b62e-64eb264b600d	913326	1.0	confident	Skermanella stibiiresistens	Bacteria
0f2b8d33-d120-4f33-acd3-bf094583a4e4	913326	1.0	confident	Skermanella stibiiresistens	Bacteria
9a9adda5-15f5-407d-abc1-548cfab310d3	913326	1.0	confident	Skermanella stibiiresistens	Bacteria
7296903e-f56a-4dec-825c-d884d06c331b	913326	1.0	confident	Skermanella stibiiresistens	Bacteria
520d447c-ffe4-49f9-adc2-e188f16497f1	913326	1.0	confident	Skermanella stibiiresistens	Bacteria
360eb9d0-9433-47d4-891f-613add71bb35	913326	1.0	confident	Skermanella stibiiresistens	Bacteria
1a788e04-ba9c-4aa2-ae8e-231d4055f473	913326	1.0	confident	Skermanella stibiiresistens	Bacteria
cd7815c3-faf9-49f9-b363-1029adca15ed	913326	1.0	confident	Skermanella stibiiresistens	Bacteria
78499f82-db3b-4df2-b5d0-ae132c15c5cd	913326	1.0	confident	Skermanella stibiiresistens	Bacteria
99a06c7f-38c4-44b7-84dd-1585b9b6b22b	913326	1.0	confident	Skermanella stibiiresistens	Bacteria
c67a3f34-8f14-49a2-9c72-961b2ae0d019	913326	1.0	confident	Skermanella stibiiresistens	Bacteria
025c658c-8f30-4ba2-b621-153cf5b7ec28	913326	1.0	confident	Skermanella stibiiresistens	Bacteria
c68e4e3b-4754-4b0c-a35e-76d7c5a523a0	913326	1.0	confident	Skermanella stibiiresistens	Bacteria
d3bb18d5-983a-4be7-886c-1fac1836ed18	913326	1.0	confident	Skermanella stibiiresistens	Bacteria
ebfc6968-041b-45fd-b3ad-b1fa9e973cf7	913326	1.0	confident	Skermanella stibiiresistens	Bacteria
f6432c18-bfcc-414d-97f8-a76f3e468cb3	913326	1.0	confident	Skermanella stibiiresistens	Bacteria
d0387513-e950-4d10-ad0f-842cfbac6a77	913326	1.0	confident	Skermanella stibiiresistens	Bacteria
6c38dc36-0304-4cad-8443-c98979872ca3	913326	1.0	confident	Skermanella stibiiresistens	Bacteria
5e18531c-22ba-44b3-b106-28134bd84e23	913326	1.0	confident	Skermanella stibiiresistens	Bacteria
5d1389e8-02c3-4341-a0e6-d7ea05c644cb	913326	1.0	confident	Skermanella stibiiresistens	Bacteria
f92fbb47-ab9b-4f41-a774-24f45c58a9d3	913326	1.0	confident	Skermanella stibiiresistens	Bacteria
3ae0762c-402c-4dc5-a886-9157cb18ee65	913326	1.0	confident	Skermanella stibiiresistens	Bacteria
5d8764f6-ad72-439e-ae11-9539866ad550	913326	1.0	confident	Skermanella stibiiresistens	Bacteria
eae64acc-40e0-4c6b-962a-19eba4d351f1	913326	1.0	confident	Skermanella stibiiresistens	Bacteria
241de17a-16ec-463c-85c4-1f4eb1f2565d	913326	1.0	confident	Skermanella stibiiresistens	Bacteria
496e6da4-5e7d-45d4-92e0-de932c6169db	913326	1.0	confident	Skermanella stibiiresistens	Bacteria
c50887a0-353d-4982-a515-ad2cd5f43321	913326	1.0	confident	Skermanella stibiiresistens	Bacteria
bc59c1ba-5262-4620-91bb-ab96c6506e03	913326	1.0	confident	Skermanella stibiiresistens	Bacteria
9a15c032-fdb2-4233-9dcf-157721d82333	913326	1.0	confident	Skermanella stibiiresistens	Bacteria
d5ada6df-2630-4983-ac19-90c858f17232	913326	1.0	confident	Skermanella stibiiresistens	Bacteria
2cd0998c-684a-4167-86e9-ec36eab9dee3	913326	1.0	confident	Skermanella stibiiresistens	Bacteria
5f423a36-04e3-426c-840e-4d92b3d27e6b	913326	1.0	confident	Skermanella stibiiresistens	Bacteria
887e05be-cb0f-4c23-b0c8-781c2c1f3fc4	913326	1.0	confident	Skermanella stibiiresistens	Bacteria
ceff186e-7191-4cb9-94f9-d9d92f56081e	913326	1.0	confident	Skermanella stibiiresistens	Bacteria
038622e3-6a42-4803-b7aa-2701b34c128f	913326	1.0	confident	Skermanella stibiiresistens	Bacteria
e50286e3-4379-4bf1-8d3d-d898af7c3957	913326	1.0	confident	Skermanella stibiiresistens	Bacteria
a2070c81-667a-4183-a4ec-6cdf68ed8119	913326	1.0	confident	Skermanella stibiiresistens	Bacteria
c8c49dfe-ea82-4c98-8a77-f03fa0b5f727	913326	1.0	confident	Skermanella stibiiresistens	Bacteria
19bc14fd-bd43-4ee3-93dd-0e35285d8b5c	913326	1.0	confident	Skermanella stibiiresistens	Bacteria
b6b59bbe-1a5a-480c-bc5c-b4049828578a	913326	1.0	confident	Skermanella stibiiresistens	Bacteria
b7227ba7-1d0c-4758-a15e-c094d9b14ad6	913326	1.0	confident	Skermanella stibiiresistens	Bacteria
f90c5c2f-4a53-425c-9715-fdce2a7e0b0e	913326	1.0	confident	Skermanella stibiiresistens	Bacteria
b7aa6a5a-3634-4f7b-b49b-8da163b4b794	913326	1.0	confident	Skermanella stibiiresistens	Bacteria
8ccc1018-0908-485a-a7b0-5de97c1cb71d	913326	1.0	confident	Skermanella stibiiresistens	Bacteria
ec319363-cd09-4f56-ba81-f68788b46d0e	913326	1.0	confident	Skermanella stibiiresistens	Bacteria
9965ea91-c04f-473c-a3b4-a01e672e18c9	913326	1.0	confident	Skermanella stibiiresistens	Bacteria
c87f7982-f7c1-4b07-b871-dafa5d0b1750	913326	1.0	confident	Skermanella stibiiresistens	Bacteria
71e59070-7d44-484b-bd3d-a6608cd8491c	913326	1.0	confident	Skermanella stibiiresistens	Bacteria
6749065f-93ab-48ed-afaf-24acd72fb7fe	913326	1.0	confident	Skermanella stibiiresistens	Bacteria
dbc9c294-2e43-4d34-a6a8-9e490b7d1552	913326	1.0	confident	Skermanella stibiiresistens	Bacteria
e5fbc9ac-7f62-49ea-b7c5-b07d215f1f07	913326	1.0	confident	Skermanella stibiiresistens	Bacteria
9f9da725-2973-435f-b8c8-43c4550b9c12	913326	1.0	confident	Skermanella stibiiresistens	Bacteria
3168837c-601b-43af-bcfc-71582fa987b3	913326	1.0	confident	Skermanella stibiiresistens	Bacteria
dbcc260e-5064-408b-bc24-ade8bc17a96c	913326	1.0	confident	Skermanella stibiiresistens	Bacteria
290be783-e323-4ba3-97ff-a44f58c584d9	913326	1.0	confident	Skermanella stibiiresistens	Bacteria
8901a934-30aa-4221-94c9-8109351392cb	913326	1.0	confident	Skermanella stibiiresistens	Bacteria
44cef326-a051-428c-a5b3-7b268a5b437c	913326	1.0	confident	Skermanella stibiiresistens	Bacteria
a0504d73-83e7-4061-b922-886f2b2a4d73	913326	1.0	confident	Skermanella stibiiresistens	Bacteria
e71b1949-6329-478d-b9d8-6c709e429878	913326	1.0	confident	Skermanella stibiiresistens	Bacteria
0f5d956a-fa76-439c-b24e-c7911c1e4a0a	913326	1.0	confident	Skermanella stibiiresistens	Bacteria
292ba324-9729-4b14-9768-f304cd2ad0b7	913326	1.0	confident	Skermanella stibiiresistens	Bacteria
fa47dafd-01c2-495b-85a9-99c161569312	913326	1.0	confident	Skermanella stibiiresistens	Bacteria
e5104c1c-cd0d-452b-9a0e-63b3a8a3f241	913326	1.0	confident	Skermanella stibiiresistens	Bacteria
06b1ca18-f669-423d-9503-9c15fcae244d	913326	1.0	confident	Skermanella stibiiresistens	Bacteria
99f1958e-b4ef-4461-8d1b-bda08287e4e6	913326	1.0	confident	Skermanella stibiiresistens	Bacteria
8b9476de-9761-4168-82dd-12995292808c	913326	1.0	confident	Skermanella stibiiresistens	Bacteria
9a1ff83a-735f-4736-933e-1268dbdefea9	913326	1.0	confident	Skermanella stibiiresistens	Bacteria
6ba862a9-cca1-4f3a-835a-0a3ab282a70a	913326	1.0	confident	Skermanella stibiiresistens	Bacteria
85f33dbd-0529-4594-be9b-f4f97b82cbc4	913326	1.0	confident	Skermanella stibiiresistens	Bacteria
6e2bcdb2-2f81-407c-b0b3-00f5e3e3f597	913326	1.0	confident	Skermanella stibiiresistens	Bacteria
d08974c4-1ad5-4d10-80a5-bc848c741225	913326	1.0	confident	Skermanella stibiiresistens	Bacteria
35de7f40-8ed5-4adb-9f03-b559fec930d4	913326	1.0	confident	Skermanella stibiiresistens	Bacteria
0f65a846-e3b1-42f7-ad99-426effc22af6	913326	1.0	confident	Skermanella stibiiresistens	Bacteria
699a12b0-457e-4c2e-a43a-35e2ee18fcfd	913326	1.0	confident	Skermanella stibiiresistens	Bacteria
9f47ba4e-eeff-486c-902f-750005a2fdc1	913326	1.0	confident	Skermanella stibiiresistens	Bacteria
971a2299-6961-4aa8-bdf4-9c551d7fce36	913326	1.0	confident	Skermanella stibiiresistens	Bacteria
46c4fcbd-16f7-4f0a-9b5e-165da11258f9	913326	1.0	confident	Skermanella stibiiresistens	Bacteria
8ee49c0c-142c-4960-99f2-cd91305cba7e	913326	1.0	confident	Skermanella stibiiresistens	Bacteria
eac06d79-d226-4cc2-b2ed-f728d25e782e	913326	1.0	confident	Skermanella stibiiresistens	Bacteria
21f72492-5e1d-438a-b25f-4bfbb919d0d3	913326	1.0	confident	Skermanella stibiiresistens	Bacteria
44fbbae9-3541-4013-af54-12b0a3133153	913326	1.0	confident	Skermanella stibiiresistens	Bacteria
0c7e8bc4-654c-432d-b3f2-30053f4b510b	913326	1.0	confident	Skermanella stibiiresistens	Bacteria
8c60b378-88d6-46bd-a458-e73dfdb59950	913326	1.0	confident	Skermanella stibiiresistens	Bacteria
bdc9849b-13e7-41b9-92f8-ef6a708bfdfd	913326	1.0	confident	Skermanella stibiiresistens	Bacteria
fd57442b-8820-4d1b-b4da-b40a2bf3337e	913326	1.0	confident	Skermanella stibiiresistens	Bacteria
f9faba72-7536-488a-8198-ba56e5910ff3	913326	1.0	confident	Skermanella stibiiresistens	Bacteria
15e49b58-64e6-4736-98ea-852c374b67b0	913326	1.0	confident	Skermanella stibiiresistens	Bacteria
f66912d8-a3b4-4394-a808-314f3b22018d	913326	1.0	confident	Skermanella stibiiresistens	Bacteria
a2de5e55-f415-4b43-8cf6-e221f6f22603	913326	1.0	confident	Skermanella stibiiresistens	Bacteria
4f8658a0-65ca-4adf-9203-13919d826966	913326	1.0	confident	Skermanella stibiiresistens	Bacteria
05c419c0-73ae-493d-b030-68489445badc	913326	1.0	confident	Skermanella stibiiresistens	Bacteria
9a3c399b-18fa-4bb3-8297-a6cfdff17f2e	913326	1.0	confident	Skermanella stibiiresistens	Bacteria
04d72e51-30f3-4efc-ac11-27372ffc4a38	913326	1.0	confident	Skermanella stibiiresistens	Bacteria
1e056126-a846-450c-93dc-00b88f6a9f3b	913326	1.0	confident	Skermanella stibiiresistens	Bacteria
25842992-6a07-42b2-896d-6a91fe02a921	913326	1.0	confident	Skermanella stibiiresistens	Bacteria
ce92fb53-bb62-491b-bfb3-38dd93f4f914	913326	1.0	confident	Skermanella stibiiresistens	Bacteria
5630a377-e305-4a18-a6e4-e6c857a28444	913326	1.0	confident	Skermanella stibiiresistens	Bacteria
457cc60d-32b7-4a07-9845-58f3a5f2d56c	913326	1.0	confident	Skermanella stibiiresistens	Bacteria
6cb525ff-3a89-4535-bc15-3e200e61af6a	913326	1.0	confident	Skermanella stibiiresistens	Bacteria
de85d669-1089-465c-b8e5-711cdbfe1e37	913326	1.0	confident	Skermanella stibiiresistens	Bacteria
cd640db0-21ee-490c-a622-eb31be95a43d	913326	1.0	confident	Skermanella stibiiresistens	Bacteria
e19773e4-a13a-4a69-a0d4-f6f75b7e10ed	913326	1.0	confident	Skermanella stibiiresistens	Bacteria
f17caea4-4c7e-4a57-adf6-52b639c5290c	913326	1.0	confident	Skermanella stibiiresistens	Bacteria
dc62d402-0fbe-4fef-9ab4-71137da3604f	913326	1.0	confident	Skermanella stibiiresistens	Bacteria
4b2a3240-8e6e-4263-ac8f-4f71c4408d6d	913326	1.0	confident	Skermanella stibiiresistens	Bacteria
dba53dd0-083c-4522-bc50-915e703ea61d	913326	1.0	confident	Skermanella stibiiresistens	Bacteria
c03aa636-b303-44ac-a47e-832116ba6e8e	913326	1.0	confident	Skermanella stibiiresistens	Bacteria
9f9450ff-3307-4bfc-8398-120255037eeb	913326	1.0	confident	Skermanella stibiiresistens	Bacteria
b0544f45-f64e-4af3-9ed4-be635e4a4449	913326	1.0	confident	Skermanella stibiiresistens	Bacteria
650a6909-d170-47f4-83e0-e6a27e5625a5	913326	1.0	confident	Skermanella stibiiresistens	Bacteria
be8d2254-aaad-458c-9b30-0eb7c2523dc9	913326	1.0	confident	Skermanella stibiiresistens	Bacteria
52ea31a0-82e5-4061-b6fa-f07e130ac149	913326	1.0	confident	Skermanella stibiiresistens	Bacteria
284fcd82-4aa7-4b45-9285-8c2ff628d871	913326	1.0	confident	Skermanella stibiiresistens	Bacteria
4b1e239e-454a-4716-8dae-f2e06be2c621	913326	1.0	confident	Skermanella stibiiresistens	Bacteria
4ed10ca8-3191-4a41-8760-71b1ef1b5e78	913326	1.0	confident	Skermanella stibiiresistens	Bacteria
8773801a-355c-4a78-8c5e-12562acbf8c4	913326	1.0	confident	Skermanella stibiiresistens	Bacteria
500b1092-78c8-447b-8106-9499176c1c55	913326	1.0	confident	Skermanella stibiiresistens	Bacteria
7d0664f8-99c0-4be9-adbb-3dab0dd0e70c	913326	1.0	confident	Skermanella stibiiresistens	Bacteria
edbac34d-9dc0-4087-b6c2-96a90fd5d097	913326	1.0	confident	Skermanella stibiiresistens	Bacteria
eaf058ed-1d7a-4eba-9cc2-11a5a46b73ec	913326	1.0	confident	Skermanella stibiiresistens	Bacteria
3c535a02-7602-4426-a1ac-05338292843b	913326	1.0	confident	Skermanella stibiiresistens	Bacteria
afb8173a-fa9c-498f-932a-a7b11ae5691f	913326	1.0	confident	Skermanella stibiiresistens	Bacteria
68d49337-32fe-4184-a68c-1e5d0e318fd3	913326	1.0	confident	Skermanella stibiiresistens	Bacteria
4314363e-89d9-41e8-a0b9-8eb4bddd2eb5	913326	1.0	confident	Skermanella stibiiresistens	Bacteria
9c36e30d-575c-4ecb-bec2-aa2268d00b10	913326	1.0	confident	Skermanella stibiiresistens	Bacteria
6b5ea779-f847-41f4-9643-1f828990e8c4	913326	1.0	confident	Skermanella stibiiresistens	Bacteria
05359808-017b-4e26-9d28-8bed1b745bde	913326	1.0	confident	Skermanella stibiiresistens	Bacteria
59c09066-9e9a-4639-b560-c955794c37b4	913326	1.0	confident	Skermanella stibiiresistens	Bacteria
3f109052-edfd-47f0-b878-66ec78d717f5	913326	1.0	confident	Skermanella stibiiresistens	Bacteria
fa244de1-9f4e-492e-8462-cdd786628d9f	913326	1.0	confident	Skermanella stibiiresistens	Bacteria
32d98a89-dda9-4381-aa66-969a3edc215f	913326	1.0	confident	Skermanella stibiiresistens	Bacteria
c4ed58cd-7461-4e7d-a892-5835e6804374	913326	1.0	confident	Skermanella stibiiresistens	Bacteria
3edeed28-62f1-4426-b6bf-1cc44563ddf2	913326	1.0	confident	Skermanella stibiiresistens	Bacteria
55e2d0f2-03b6-4f8a-b97d-10654df522b5	913326	1.0	confident	Skermanella stibiiresistens	Bacteria
620cf1c2-1a5a-49f3-9e07-36e504c8b3f9	913326	1.0	confident	Skermanella stibiiresistens	Bacteria
b53cdf61-5a49-4664-9ac6-d51519faba92	913326	1.0	confident	Skermanella stibiiresistens	Bacteria
0d8cdc93-f6a3-4a21-a53a-a74209389881	913326	1.0	confident	Skermanella stibiiresistens	Bacteria
302b0a6b-2981-41ab-b419-014227dc83a7	913326	1.0	confident	Skermanella stibiiresistens	Bacteria
392e45b4-a0bd-40c5-b7ce-cb093cafb471	913326	1.0	confident	Skermanella stibiiresistens	Bacteria
fdfc5ee0-f321-4020-99a0-ff52fb79a9de	913326	1.0	confident	Skermanella stibiiresistens	Bacteria
3f16b315-501b-43cd-bb28-703427cc8095	913326	1.0	confident	Skermanella stibiiresistens	Bacteria
43ab30d5-d880-4c11-81ae-6a817514f330	913326	1.0	confident	Skermanella stibiiresistens	Bacteria
0d316cd9-0cf0-4743-a96e-7c0faf62a204	913326	1.0	confident	Skermanella stibiiresistens	Bacteria
3d97caec-f6e4-4e2a-9a0a-abc8b50c0d39	913326	1.0	confident	Skermanella stibiiresistens	Bacteria
921c3be9-3cee-4907-9ec3-81bbbe0ec99e	913326	1.0	confident	Skermanella stibiiresistens	Bacteria
e414896f-d31f-4e9a-a064-1120fb922417	913326	1.0	confident	Skermanella stibiiresistens	Bacteria
940a29ed-f951-4572-8354-24ed83e40308	913326	1.0	confident	Skermanella stibiiresistens	Bacteria
068c69d1-5f96-4548-acb4-923027cb3bcc	913326	1.0	confident	Skermanella stibiiresistens	Bacteria
ffaad71c-4211-496d-89f9-e2386f1c49db	913326	1.0	confident	Skermanella stibiiresistens	Bacteria
15b49bf5-1459-49a8-b133-2d964c3b11db	913326	1.0	confident	Skermanella stibiiresistens	Bacteria
6b123e1f-358c-4b30-b145-a43eee5ff581	913326	1.0	confident	Skermanella stibiiresistens	Bacteria
153d3a97-4ccb-44a8-8890-d6c7bfa1019a	913326	1.0	confident	Skermanella stibiiresistens	Bacteria
571721d9-26c4-42b5-a88a-d30973ad9cea	913326	1.0	confident	Skermanella stibiiresistens	Bacteria
06a882b6-a332-4bbf-bffd-d012f32eda20	913326	1.0	confident	Skermanella stibiiresistens	Bacteria
a79989b1-e092-49ad-be9c-2b17b434e56c	913326	1.0	confident	Skermanella stibiiresistens	Bacteria
8637622c-7518-49b1-b293-0d5a7d00b032	913326	1.0	confident	Skermanella stibiiresistens	Bacteria
887ead33-b223-4e10-9fae-4b2c48244844	913326	1.0	confident	Skermanella stibiiresistens	Bacteria
75a97bf0-0ec1-48b2-89a2-5071cd5f43d9	913326	1.0	confident	Skermanella stibiiresistens	Bacteria
b78dcaff-ac64-4686-bfe7-45f03779d139	913326	1.0	confident	Skermanella stibiiresistens	Bacteria
1f8cf106-cad8-4f34-809c-cfe1a3580abb	913326	1.0	confident	Skermanella stibiiresistens	Bacteria
84db0ba2-d43c-4d27-b438-3114df265f8d	913326	1.0	confident	Skermanella stibiiresistens	Bacteria
8a4cb511-f816-420b-a7db-7bacd1b96514	913326	1.0	confident	Skermanella stibiiresistens	Bacteria
a44af487-9aae-40ad-ba86-27833eb7b636	913326	1.0	confident	Skermanella stibiiresistens	Bacteria
63d20a0a-0b1e-4855-a7b0-85afc791b4a9	913326	1.0	confident	Skermanella stibiiresistens	Bacteria
e1fd0b68-a005-49c2-8e36-430fa9bad32d	913326	1.0	confident	Skermanella stibiiresistens	Bacteria
3e1bb4ff-1f0b-4474-9cdc-8010ac138c88	913326	1.0	confident	Skermanella stibiiresistens	Bacteria
c464dd47-4640-46ec-9aaf-c60f1ddbd3d9	913326	1.0	confident	Skermanella stibiiresistens	Bacteria
4b3ad585-eea7-43de-9d41-2a5cb99bc8c6	913326	1.0	confident	Skermanella stibiiresistens	Bacteria
b4c3673d-e62e-4969-b298-0028e5ac6b05	913326	1.0	confident	Skermanella stibiiresistens	Bacteria
4bb45bb8-5da4-4724-b838-48c63a6bf046	913326	1.0	confident	Skermanella stibiiresistens	Bacteria
c757a33e-1583-4784-a7e2-d5e6635fcfb2	913326	1.0	confident	Skermanella stibiiresistens	Bacteria
9b9ca0d6-c1aa-44ab-9abe-f561f0c829b1	913326	1.0	confident	Skermanella stibiiresistens	Bacteria
2e68ac0a-4a64-4877-b30d-3c0460932dde	913326	1.0	confident	Skermanella stibiiresistens	Bacteria
2ad5d34b-20bf-4092-8b89-4b1d4b3689e7	913326	1.0	confident	Skermanella stibiiresistens	Bacteria
22bef9b3-f950-4b3d-8f63-f3467f0ae1f4	913326	1.0	confident	Skermanella stibiiresistens	Bacteria
517de7fc-1e2b-4825-8408-0a4da9091d3e	913326	1.0	confident	Skermanella stibiiresistens	Bacteria
619e69bf-0d96-479c-a0c8-5e61d33fb112	913326	1.0	confident	Skermanella stibiiresistens	Bacteria
1644ed56-16dd-44ea-b5b1-25befc30d711	913326	1.0	confident	Skermanella stibiiresistens	Bacteria
96957d9d-5325-4ac1-8ebd-3bab02dc768e	913326	1.0	confident	Skermanella stibiiresistens	Bacteria
817d5d8d-699c-4d1c-8791-e02b68be3612	913326	1.0	confident	Skermanella stibiiresistens	Bacteria
298b2a41-362c-4e67-ba87-afd3fa9b616d	913326	1.0	confident	Skermanella stibiiresistens	Bacteria
303b590c-1305-416d-9efe-8f541977e715	913326	1.0	confident	Skermanella stibiiresistens	Bacteria
d5fcf853-e0c7-45ea-b45d-256af6c508c1	913326	1.0	confident	Skermanella stibiiresistens	Bacteria
d543ddb6-8c71-4c5d-8d04-437179f66a22	913326	1.0	confident	Skermanella stibiiresistens	Bacteria
d7f29aad-fdcf-4573-ba2f-9154629f2604	913326	1.0	confident	Skermanella stibiiresistens	Bacteria
bd50f4d1-2580-487c-9d0b-d4fc3fda5d3b	913326	1.0	confident	Skermanella stibiiresistens	Bacteria
8dcf44f3-5cf6-4cef-944b-0474ebd3d956	426702	1.0	confident	Alkalibacterium pelagium	Bacteria
a1e6af4f-604f-4b45-9ff8-4922c81fe7d2	426702	1.0	confident	Alkalibacterium pelagium	Bacteria
bb59f942-e64d-4d2b-8921-eda5d282ce44	426702	1.0	confident	Alkalibacterium pelagium	Bacteria
6a990a0e-c02b-46fa-ac23-176b14d9f5dc	426702	1.0	confident	Alkalibacterium pelagium	Bacteria
bee92d8a-5a5a-4d0f-9382-3a9ac5293408	426702	1.0	confident	Alkalibacterium pelagium	Bacteria
b0f08641-55d3-401c-afdd-d5665313d96f	426702	1.0	confident	Alkalibacterium pelagium	Bacteria
d6ac645e-cd2f-46be-aecb-37e1ea84a72d	426702	1.0	confident	Alkalibacterium pelagium	Bacteria
1a4c2e61-1bd6-4ec2-b8af-ff9bdc05e53a	426702	1.0	confident	Alkalibacterium pelagium	Bacteria
f02688a5-cfd9-483f-9a26-91970a4c6863	426702	1.0	confident	Alkalibacterium pelagium	Bacteria
1c935528-e4f5-4ee0-9170-3c3481fb151f	426702	1.0	confident	Alkalibacterium pelagium	Bacteria
8117e959-d19e-40d9-9dea-c978f2b6379d	426702	1.0	confident	Alkalibacterium pelagium	Bacteria
dcda1083-237e-4abd-9d8f-5db37a36fd7c	426702	1.0	confident	Alkalibacterium pelagium	Bacteria
2c266d4c-725f-4401-b8f9-05db0002e5bd	426702	1.0	confident	Alkalibacterium pelagium	Bacteria
666b9a12-27fa-4f57-b53f-ecd9141de352	426702	1.0	confident	Alkalibacterium pelagium	Bacteria
6d6b57f4-394f-4dea-93d2-3cddf72793ea	426702	1.0	confident	Alkalibacterium pelagium	Bacteria
111715cf-a52b-4390-8210-eaf145cfc492	426702	1.0	confident	Alkalibacterium pelagium	Bacteria
43675ca8-5f93-4c47-ba65-0507e76e85c6	426702	1.0	confident	Alkalibacterium pelagium	Bacteria
d583ff28-a539-48cf-844e-accbd0617fe6	426702	1.0	confident	Alkalibacterium pelagium	Bacteria
f3a38838-e57d-4e3a-9a5c-116e7c58ec10	426702	1.0	confident	Alkalibacterium pelagium	Bacteria
bda5ebbf-acab-40ce-bc0e-e90857ec74cc	426702	1.0	confident	Alkalibacterium pelagium	Bacteria
c78507a2-291f-4dd0-a724-999ed6cf2cf7	426702	1.0	confident	Alkalibacterium pelagium	Bacteria
b93afba3-1936-4c8b-a969-f49f88f22348	426702	1.0	confident	Alkalibacterium pelagium	Bacteria
7efa1cb9-6cc0-4b25-8aa2-fca82f5195b4	426702	1.0	confident	Alkalibacterium pelagium	Bacteria
cd523bce-2d2f-432b-a79c-f5dcc81f8ce0	426702	1.0	confident	Alkalibacterium pelagium	Bacteria
fe179336-f86a-4d90-9e01-713564a21386	426702	1.0	confident	Alkalibacterium pelagium	Bacteria
68905120-b57e-4966-9c49-51346052f334	426702	1.0	confident	Alkalibacterium pelagium	Bacteria
cf16d21a-720a-44ce-98e1-f90bca11b284	426702	1.0	confident	Alkalibacterium pelagium	Bacteria
f165d780-d881-4565-b541-c4a2ea4aea17	426702	1.0	confident	Alkalibacterium pelagium	Bacteria
657af834-f65e-42bf-8027-6f02d47eaa54	426702	1.0	confident	Alkalibacterium pelagium	Bacteria
8a06602a-3939-4263-be79-8ac2df24d1d7	426702	1.0	confident	Alkalibacterium pelagium	Bacteria
6b849fcd-8602-4115-96d0-238c24a9837e	426702	1.0	confident	Alkalibacterium pelagium	Bacteria
775a3a71-7c9c-4d41-b9cc-9bfb651b4be4	426702	1.0	confident	Alkalibacterium pelagium	Bacteria
795e5b35-df30-4f54-9b82-f6f4667f5562	426702	1.0	confident	Alkalibacterium pelagium	Bacteria
e48410b8-1bcb-4eba-8f84-287e95e16efb	426702	1.0	confident	Alkalibacterium pelagium	Bacteria
70799280-b5cb-49dd-8355-b3813368898d	426702	1.0	confident	Alkalibacterium pelagium	Bacteria
8e5cd644-b73a-4cb7-8f11-3d4201eab00d	426702	1.0	confident	Alkalibacterium pelagium	Bacteria
c13308fc-9988-42a7-9bcc-d21d23db6f03	426702	1.0	confident	Alkalibacterium pelagium	Bacteria
f8e13387-7f00-4e52-98e9-705df981ff2a	426702	1.0	confident	Alkalibacterium pelagium	Bacteria
604308de-ed4f-42e8-a2a2-e2e5a6e7916b	426702	1.0	confident	Alkalibacterium pelagium	Bacteria
4cba80b1-ad32-4d2e-9baa-b89971a28b14	426702	1.0	confident	Alkalibacterium pelagium	Bacteria
18909d25-49b6-43c9-9cf6-630ced6255d9	426702	1.0	confident	Alkalibacterium pelagium	Bacteria
597940d4-e0b4-4929-9736-89c0a66d3a03	426702	1.0	confident	Alkalibacterium pelagium	Bacteria
1e258f56-621a-4fec-b281-9cb91b90ed6d	426702	1.0	confident	Alkalibacterium pelagium	Bacteria
d185af57-8a0f-4960-831f-7bb577a9daca	426702	1.0	confident	Alkalibacterium pelagium	Bacteria
22c09a66-bef5-45b8-9df4-675c0b95f985	426702	1.0	confident	Alkalibacterium pelagium	Bacteria
24e283f9-ca5b-4013-a352-c8781a504936	426702	1.0	confident	Alkalibacterium pelagium	Bacteria
f7ee1467-0d94-40fb-9175-a513a7c397f7	426702	1.0	confident	Alkalibacterium pelagium	Bacteria
0e6d4272-2eaf-4620-9609-db1807eebefe	426702	1.0	confident	Alkalibacterium pelagium	Bacteria
d1309e85-be0a-41bb-aa33-e32d4c3e54d9	426702	1.0	confident	Alkalibacterium pelagium	Bacteria
c6e56881-d28d-4cb6-9132-859d5f383a08	426702	1.0	confident	Alkalibacterium pelagium	Bacteria
7b16494d-fb71-403a-925c-287a5c1a1f1c	426702	1.0	confident	Alkalibacterium pelagium	Bacteria
42c7997e-9be9-4db9-a320-e5edccdbd297	426702	1.0	confident	Alkalibacterium pelagium	Bacteria
be78749a-66ad-4043-ab4d-d7d00f188954	426702	1.0	confident	Alkalibacterium pelagium	Bacteria
a85e1363-b4cc-47c6-a378-b9fa3ff669f8	426702	1.0	confident	Alkalibacterium pelagium	Bacteria
65425635-2be6-4294-8337-3686e30f299d	426702	1.0	confident	Alkalibacterium pelagium	Bacteria
487560ab-a0f2-4ff7-adbc-9d97a583af8d	426702	1.0	confident	Alkalibacterium pelagium	Bacteria
ba2e4538-0d5b-4168-be3f-4546ff1b2847	426702	1.0	confident	Alkalibacterium pelagium	Bacteria
10659667-1f29-425a-b6f9-f12ad7e4c949	426702	1.0	confident	Alkalibacterium pelagium	Bacteria
d3f11380-55e3-48a0-9f5e-536a759dc3be	426702	1.0	confident	Alkalibacterium pelagium	Bacteria
0e7b39a9-d648-4f1f-8a3d-ab0a2d181756	426702	1.0	confident	Alkalibacterium pelagium	Bacteria
c2b34fcc-f5c1-447a-99e7-f05ead6ad70d	426702	1.0	confident	Alkalibacterium pelagium	Bacteria
f800c760-e6f1-4610-8837-24ae7bc0d846	426702	1.0	confident	Alkalibacterium pelagium	Bacteria
f29c40dc-2f58-44e7-800c-1b56139fc3a8	426702	1.0	confident	Alkalibacterium pelagium	Bacteria
868daad3-c76c-45ec-8279-af0d2c8750d6	426702	1.0	confident	Alkalibacterium pelagium	Bacteria
3fb898fb-74e1-4f55-ada5-e02306923d0e	426702	1.0	confident	Alkalibacterium pelagium	Bacteria
d7150820-3b68-4ab8-9dbe-8769cc7e3bee	426702	1.0	confident	Alkalibacterium pelagium	Bacteria
ad24abe4-e2d3-4010-908a-941e5f660ac6	426702	1.0	confident	Alkalibacterium pelagium	Bacteria
bfa6c33a-3334-4716-928d-1f9127f6114b	426702	1.0	confident	Alkalibacterium pelagium	Bacteria
d50f830a-14fc-4bb4-aab0-e2e93ca50646	426702	1.0	confident	Alkalibacterium pelagium	Bacteria
acbc163d-7a8f-4818-b4b8-6627ccef25ae	426702	1.0	confident	Alkalibacterium pelagium	Bacteria
b70354b8-9ede-4e62-be60-a116c44eebdb	426702	1.0	confident	Alkalibacterium pelagium	Bacteria
a49625d5-dc68-49d3-a36c-c027359c14ab	426702	1.0	confident	Alkalibacterium pelagium	Bacteria
a600c67b-147e-49f0-adf6-10a201e5e67c	426702	1.0	confident	Alkalibacterium pelagium	Bacteria
80f1726b-acd4-470a-b0ff-f75561a3f04b	426702	1.0	confident	Alkalibacterium pelagium	Bacteria
5c547bb2-2b0a-4c30-a3cb-7539b3988239	426702	1.0	confident	Alkalibacterium pelagium	Bacteria
addb9970-7994-4ee0-8ef5-f6faa8b588b7	426702	1.0	confident	Alkalibacterium pelagium	Bacteria
c70b9b18-1ec0-4dc5-8f34-b6b6b97ba174	426702	1.0	confident	Alkalibacterium pelagium	Bacteria
6d7d134c-9a51-4136-ba30-3b3d550cfe6c	426702	1.0	confident	Alkalibacterium pelagium	Bacteria
cfdf7176-c60e-4e25-a409-907eebfc0f4e	426702	1.0	confident	Alkalibacterium pelagium	Bacteria
26c2ebba-9785-495b-aec6-76749f624bf2	426702	1.0	confident	Alkalibacterium pelagium	Bacteria
930dc4fa-d15f-43d8-a458-9b7af160d88b	426702	1.0	confident	Alkalibacterium pelagium	Bacteria
5052b235-5591-43f5-9744-64837006da77	426702	1.0	confident	Alkalibacterium pelagium	Bacteria
2c92fda6-c132-4bc6-b70c-d4dc5ac963cc	426702	1.0	confident	Alkalibacterium pelagium	Bacteria
bbfdf2b7-c28f-4e38-9278-0acca00e6569	426702	1.0	confident	Alkalibacterium pelagium	Bacteria
3db47127-fd81-4961-abb0-4363c5beef65	426702	1.0	confident	Alkalibacterium pelagium	Bacteria
a9c93685-a4a5-43f4-be3d-dcb0e8f99698	426702	1.0	confident	Alkalibacterium pelagium	Bacteria
9d49f753-f4d8-4695-8908-2543eaafbc1b	426702	1.0	confident	Alkalibacterium pelagium	Bacteria
8870ff90-3e39-47af-af04-bb59413c6d53	426702	1.0	confident	Alkalibacterium pelagium	Bacteria
75386ce3-d319-4b57-b3e8-b3f0fe93c5ba	426702	1.0	confident	Alkalibacterium pelagium	Bacteria
31b8c6e6-6b3c-4394-bc2e-8a43f5d916f2	426702	1.0	confident	Alkalibacterium pelagium	Bacteria
f3383749-681c-49d2-8bf3-777bbe46a47c	426702	1.0	confident	Alkalibacterium pelagium	Bacteria
ec62a29c-60f6-423b-b90c-991dc64fba6b	426702	1.0	confident	Alkalibacterium pelagium	Bacteria
afd8476c-f500-4f1e-bf74-f0559ee94c7b	426702	1.0	confident	Alkalibacterium pelagium	Bacteria
dd938cd1-e33a-456b-a8dd-cec29540e891	426702	1.0	confident	Alkalibacterium pelagium	Bacteria
60d55501-f697-4d81-8df0-13da41e80830	426702	1.0	confident	Alkalibacterium pelagium	Bacteria
7920dbda-e6fc-441c-9f97-7a03c7011d39	426702	1.0	confident	Alkalibacterium pelagium	Bacteria
c45b6788-25a1-4e67-9ab7-c4dd6a3f5d93	426702	1.0	confident	Alkalibacterium pelagium	Bacteria
7b83bf9f-32ac-4444-b000-9ef2f6d0d031	426702	1.0	confident	Alkalibacterium pelagium	Bacteria
4807c07e-10dd-4550-8c97-b59dd79c14ff	426702	1.0	confident	Alkalibacterium pelagium	Bacteria
810d77e7-8e9b-42ae-836a-60ebbd3aea83	426702	1.0	confident	Alkalibacterium pelagium	Bacteria
884b8061-5c7f-4c41-8d49-7381b7340d58	426702	1.0	confident	Alkalibacterium pelagium	Bacteria
19377f99-fbdc-4d26-9318-c43169beea80	426702	1.0	confident	Alkalibacterium pelagium	Bacteria
dc8d5e83-3b17-4539-b1e2-cfd159913787	426702	1.0	confident	Alkalibacterium pelagium	Bacteria
96587457-5121-4e9b-a268-2171abf8902f	426702	1.0	confident	Alkalibacterium pelagium	Bacteria
1e3d7e26-0aeb-4dd8-89a3-9921ac61441c	426702	1.0	confident	Alkalibacterium pelagium	Bacteria
7a23ca95-d0a6-4244-81c3-9d70903654ba	426702	1.0	confident	Alkalibacterium pelagium	Bacteria
a466f767-b18c-47f7-85d3-a80003b08c61	426702	1.0	confident	Alkalibacterium pelagium	Bacteria
fac4f9f6-4976-41ff-b86a-a772d5db98f0	426702	1.0	confident	Alkalibacterium pelagium	Bacteria
87f78711-3234-43b2-9641-67380b3611e2	426702	1.0	confident	Alkalibacterium pelagium	Bacteria
0dbbef18-858c-4d29-9635-a0060ccb356b	426702	1.0	confident	Alkalibacterium pelagium	Bacteria
a5eb0b18-86f9-4cc5-9178-d6c8a1e29c55	426702	1.0	confident	Alkalibacterium pelagium	Bacteria
d8fe372c-b163-485e-81fc-061dfdd67118	426702	1.0	confident	Alkalibacterium pelagium	Bacteria
fb1549b9-264e-47c4-be15-6e48cdf44e17	1538021	1.0	confident	Novosphingobium tardum	Bacteria
ca60e4c6-66d3-40c3-a780-4d56934e305c	1538021	1.0	confident	Novosphingobium tardum	Bacteria
112bb8ad-a70b-40eb-9169-274d27ab01e1	1538021	1.0	confident	Novosphingobium tardum	Bacteria
a1030007-a4b1-4782-a4ab-f34d1ac38d65	1538021	1.0	confident	Novosphingobium tardum	Bacteria
2d9154dd-7e34-4087-a7b4-efbfe95cb7d2	1538021	1.0	confident	Novosphingobium tardum	Bacteria
73463d26-2b95-45d3-8f23-0f3b6da2f75a	1538021	1.0	confident	Novosphingobium tardum	Bacteria
59e46f33-6f50-4c81-9f69-07b8bf003c37	1538021	1.0	confident	Novosphingobium tardum	Bacteria
df1467d2-3f51-4bf9-83c8-83eb2127c7d1	1538021	1.0	confident	Novosphingobium tardum	Bacteria
35bdb6a7-855b-4853-b09e-7987a0ef825e	1538021	1.0	confident	Novosphingobium tardum	Bacteria
39bb8932-fad8-4f82-893c-079a83c84a90	1538021	1.0	confident	Novosphingobium tardum	Bacteria
0dabd254-d830-44c6-ad83-46a710876f3d	1538021	1.0	confident	Novosphingobium tardum	Bacteria
49ed2405-8202-45c9-b733-3f51b27dd432	1538021	1.0	confident	Novosphingobium tardum	Bacteria
43ebfdbb-5739-4f6a-91ba-a4e4205a3d1f	1538021	1.0	confident	Novosphingobium tardum	Bacteria
753c509f-7f10-4ec2-b0da-ac7fcbd8e1bd	1538021	1.0	confident	Novosphingobium tardum	Bacteria
8262c25c-eee6-4c47-af48-cb2ac38094b2	1538021	1.0	confident	Novosphingobium tardum	Bacteria
aa4ddf83-4b3e-4486-830d-49bb52c44e64	1538021	1.0	confident	Novosphingobium tardum	Bacteria
b8bf6894-8729-45f3-bf98-f66938c89195	1538021	1.0	confident	Novosphingobium tardum	Bacteria
5dcf0042-7642-4fe0-84d6-748ca10cd092	1538021	1.0	confident	Novosphingobium tardum	Bacteria
f097f5fb-acb1-4bc9-9c1b-9861c6062522	1538021	1.0	confident	Novosphingobium tardum	Bacteria
c784366b-e5a3-4e78-ba07-d497ab84dd8e	1538021	1.0	confident	Novosphingobium tardum	Bacteria
27488ec9-f0d0-496b-9217-954a3e8148f6	1538021	1.0	confident	Novosphingobium tardum	Bacteria
a4db264d-ee21-4a5e-82a7-a3370fe79015	1538021	1.0	confident	Novosphingobium tardum	Bacteria
434b097b-2ab6-4c1d-8a69-6d1ad49c4a4f	1538021	1.0	confident	Novosphingobium tardum	Bacteria
cafa34ac-012e-4965-a694-6c96a22a4a3d	1538021	1.0	confident	Novosphingobium tardum	Bacteria
45ee765f-2394-434f-a361-7c3864ccb006	1538021	1.0	confident	Novosphingobium tardum	Bacteria
6f487a26-5b61-43a3-9fcc-df3ce22ce512	1538021	1.0	confident	Novosphingobium tardum	Bacteria
edbfb01f-06b9-4547-9d60-660f8787e87b	1538021	1.0	confident	Novosphingobium tardum	Bacteria
957d21b1-49cd-4323-8e6a-48568435822f	1538021	1.0	confident	Novosphingobium tardum	Bacteria
ac97373d-eb36-49b5-9886-713ca24b717a	1538021	1.0	confident	Novosphingobium tardum	Bacteria
db4be0a6-bf68-49ee-ac4a-24af49a487a9	1538021	1.0	confident	Novosphingobium tardum	Bacteria
0d2fb51f-d322-495e-88be-d1fd678c3a30	1538021	1.0	confident	Novosphingobium tardum	Bacteria
f74e8516-5c23-4744-8a7b-a16bdb5d37ce	1538021	1.0	confident	Novosphingobium tardum	Bacteria
8b39b9f9-9daf-4842-9303-6ef9587cf4ec	1538021	1.0	confident	Novosphingobium tardum	Bacteria
62fd2b6b-be30-4e83-9e02-4ebaadc4bc6f	1538021	1.0	confident	Novosphingobium tardum	Bacteria
91cafe8e-479b-4121-a8cd-b46f90729e16	1538021	1.0	confident	Novosphingobium tardum	Bacteria
20236818-c002-4bdb-a6f4-47dd287761b8	1538021	1.0	confident	Novosphingobium tardum	Bacteria
a3ad14ce-8d0e-4c66-a473-5781be84b533	1538021	1.0	confident	Novosphingobium tardum	Bacteria
98835c2a-2328-4629-b032-07f203c69080	1538021	1.0	confident	Novosphingobium tardum	Bacteria
05b347fa-c538-4ffb-a238-9ad01ce4b861	1538021	1.0	confident	Novosphingobium tardum	Bacteria
b9b4e453-9d71-4176-9ecd-63099fdd9ee1	1538021	1.0	confident	Novosphingobium tardum	Bacteria
e4556929-6106-4aa5-be11-d7587563b8ca	1538021	1.0	confident	Novosphingobium tardum	Bacteria
a02a868c-635f-445c-b421-518b0c2734e4	1538021	1.0	confident	Novosphingobium tardum	Bacteria
f0da250b-5d62-402a-af49-43f535667552	1538021	1.0	confident	Novosphingobium tardum	Bacteria
5af4f2d0-a3cd-45fa-8082-59243c27d1f6	1538021	1.0	confident	Novosphingobium tardum	Bacteria
608d6388-5209-4a19-89fa-4bd7e0fdaded	1538021	1.0	confident	Novosphingobium tardum	Bacteria
087fa8b2-9685-4813-845d-d99831d28f87	1538021	1.0	confident	Novosphingobium tardum	Bacteria
d03cdda3-598b-482c-94f7-438fe82a8e5a	1538021	1.0	confident	Novosphingobium tardum	Bacteria
8539623b-725f-4759-82f8-92625d74b70d	1538021	1.0	confident	Novosphingobium tardum	Bacteria
888f8fd6-6193-4f54-bd6c-79da7c60a753	1538021	1.0	confident	Novosphingobium tardum	Bacteria
beef3210-7665-474a-812f-49bc9164a10f	1538021	1.0	confident	Novosphingobium tardum	Bacteria
ba8ccbfb-d385-4e1a-ae3a-6f7f665f386c	1538021	1.0	confident	Novosphingobium tardum	Bacteria
b2ec7d9c-a3ba-465b-8278-0cc3f2973192	1538021	1.0	confident	Novosphingobium tardum	Bacteria
cc92ab9e-84ff-409b-be4e-ac465e4e595e	1538021	1.0	confident	Novosphingobium tardum	Bacteria
ff71ed71-b9f4-4493-a4b2-f56457f24ee0	1538021	1.0	confident	Novosphingobium tardum	Bacteria
887efd07-00c9-4e6c-8740-9811e690cf32	1538021	1.0	confident	Novosphingobium tardum	Bacteria
b1d5be56-9ae9-45b0-ab15-bfbcd9184a03	1538021	1.0	confident	Novosphingobium tardum	Bacteria
8bfc7045-0ffd-4241-bb88-33a96ae75cd9	1538021	1.0	confident	Novosphingobium tardum	Bacteria
64f37956-c858-4ac7-a3a2-b18a764a8d3c	1538021	1.0	confident	Novosphingobium tardum	Bacteria
6da7e4bc-a2d3-4cd9-b3e4-f271b43980f8	1538021	1.0	confident	Novosphingobium tardum	Bacteria
e18e9e69-9b22-4b92-ac5c-de527e118610	1538021	1.0	confident	Novosphingobium tardum	Bacteria
ab4ce319-5b9c-45f6-aa81-9f6055266973	1538021	1.0	confident	Novosphingobium tardum	Bacteria
b67d0a5c-2c15-409a-9792-9cb356c3e875	1538021	1.0	confident	Novosphingobium tardum	Bacteria
fd73867e-e113-4870-a272-fe2ef92589e7	1538021	1.0	confident	Novosphingobium tardum	Bacteria
8f21fc96-eb6d-4f2a-b7a7-d4cb68de72fd	1538021	1.0	confident	Novosphingobium tardum	Bacteria
6196a8b3-b02c-4618-83f8-f381942254a2	1538021	1.0	confident	Novosphingobium tardum	Bacteria
72494084-ac62-4b01-9d01-6c56b176d8be	1538021	1.0	confident	Novosphingobium tardum	Bacteria
981a7233-92b7-4600-8c21-41eab268e4d4	1538021	1.0	confident	Novosphingobium tardum	Bacteria
5610e2e0-7397-4532-93df-3001fef0fc30	1538021	1.0	confident	Novosphingobium tardum	Bacteria
c0b3cc62-5d1d-4c9f-ba7c-07f389a74479	1538021	1.0	confident	Novosphingobium tardum	Bacteria
188d2b66-fc18-4c2e-95f6-4ea865c7abe0	1538021	1.0	confident	Novosphingobium tardum	Bacteria
4d0688d8-6138-468f-aba4-031cf27e27b1	1538021	1.0	confident	Novosphingobium tardum	Bacteria
b5e635dc-4458-4376-85cb-f7a3cc307cce	1538021	1.0	confident	Novosphingobium tardum	Bacteria
ee6eb100-43dc-436e-bf83-2a76783f2423	1538021	1.0	confident	Novosphingobium tardum	Bacteria
59b79ceb-88db-4f98-a5f3-697fa1183fdb	1538021	1.0	confident	Novosphingobium tardum	Bacteria
945e203e-3223-4a4a-ab4e-2a90c2375a1c	1538021	1.0	confident	Novosphingobium tardum	Bacteria
985161f5-7c8b-4b40-924f-80f07351c0b7	1538021	1.0	confident	Novosphingobium tardum	Bacteria
31f3ecf6-fb64-43ad-829d-614722449244	1538021	1.0	confident	Novosphingobium tardum	Bacteria
5a9ac664-9f26-4988-8db8-e6c10cacc25f	1538021	1.0	confident	Novosphingobium tardum	Bacteria
a0400001-c952-4bed-9190-69e14f5d8634	1538021	1.0	confident	Novosphingobium tardum	Bacteria
2565a943-fa86-4a21-b45a-20621de5682d	1538021	1.0	confident	Novosphingobium tardum	Bacteria
edd318dc-ccfd-4928-8efe-a0e0401a2bf0	1538021	1.0	confident	Novosphingobium tardum	Bacteria
63fd2e43-db0e-471b-82d5-6f49566025c9	1538021	1.0	confident	Novosphingobium tardum	Bacteria
1203b195-ecbd-4e9d-9d35-b380579098f9	1538021	1.0	confident	Novosphingobium tardum	Bacteria
871e3197-346d-4c9a-bbf7-c79679bcd452	1538021	1.0	confident	Novosphingobium tardum	Bacteria
83ed4a96-7098-479e-a5ce-03a1206b851e	1538021	1.0	confident	Novosphingobium tardum	Bacteria
efe12e79-0550-487a-80a6-e83b8b4afe4f	1538021	1.0	confident	Novosphingobium tardum	Bacteria
2705ab74-9ee0-4063-be38-aff6046cb67c	1538021	1.0	confident	Novosphingobium tardum	Bacteria
235023a1-b0b0-4a1f-a5fb-70f40925b477	1538021	1.0	confident	Novosphingobium tardum	Bacteria
94ebef32-bd33-43bf-b6eb-a478b6373f3e	1538021	1.0	confident	Novosphingobium tardum	Bacteria
909d2ff5-53b4-4752-98ee-30d800ec14c1	1538021	1.0	confident	Novosphingobium tardum	Bacteria
0e674b4e-c62f-4f0e-8fdb-9c2cf64cacb0	1538021	1.0	confident	Novosphingobium tardum	Bacteria
7210a191-e86c-4238-9d9d-7628ce907334	1538021	1.0	confident	Novosphingobium tardum	Bacteria
db3e567e-6fd4-4571-b6ef-0cb74e122f15	1538021	1.0	confident	Novosphingobium tardum	Bacteria
bc107a7c-3aac-467c-b144-c9f410565787	1538021	1.0	confident	Novosphingobium tardum	Bacteria
eb7492e9-560d-4fc2-a719-09d9244352eb	1538021	1.0	confident	Novosphingobium tardum	Bacteria
7e265ba4-b055-4c77-967f-628ac3900c1b	1538021	1.0	confident	Novosphingobium tardum	Bacteria
0ba3d66a-edfb-4af9-b7af-e29c7575ecab	1538021	1.0	confident	Novosphingobium tardum	Bacteria
ee641ec9-824d-4940-b30a-5035628fd6d6	1538021	1.0	confident	Novosphingobium tardum	Bacteria
c87b7828-4b64-45cd-8fdb-b96d3e73a138	1538021	1.0	confident	Novosphingobium tardum	Bacteria
b83bb089-7b13-4c19-ad60-2915d7e17df6	1538021	1.0	confident	Novosphingobium tardum	Bacteria
3bb76ae4-d23a-427a-b2bb-144fc849b8c3	1538021	1.0	confident	Novosphingobium tardum	Bacteria
5a1d1570-f94d-4b7b-8f30-89954a91f084	1538021	1.0	confident	Novosphingobium tardum	Bacteria
8878757a-bd67-4bb5-a238-29a66afbebb1	1538021	1.0	confident	Novosphingobium tardum	Bacteria
147a58fc-eeca-4706-ad8e-3f5d71c146fc	1538021	1.0	confident	Novosphingobium tardum	Bacteria
473c6cc0-9281-4803-a5f0-67069b312c79	1538021	1.0	confident	Novosphingobium tardum	Bacteria
16897402-1703-4845-8688-218e787b1644	1538021	1.0	confident	Novosphingobium tardum	Bacteria
727ce1ad-ddd7-4c2f-8795-1a1dcf13cbc8	1538021	1.0	confident	Novosphingobium tardum	Bacteria
e0b35453-3d46-4137-97e3-a15b8136f9c1	1538021	1.0	confident	Novosphingobium tardum	Bacteria
634f0bbe-afad-4e61-9a5f-3d69a7cff595	1538021	1.0	confident	Novosphingobium tardum	Bacteria
ac12a3a2-05b4-4c35-9095-ddfac0ac90f1	1538021	1.0	confident	Novosphingobium tardum	Bacteria
5cb55889-13f8-47ff-a366-a420b1251395	1538021	1.0	confident	Novosphingobium tardum	Bacteria
bd44a1db-5a8b-4616-81c2-5d4da05ecdca	1538021	1.0	confident	Novosphingobium tardum	Bacteria
c3346103-ffb9-40cc-8cc8-10750326fd59	1538021	1.0	confident	Novosphingobium tardum	Bacteria
e5912965-277c-4e68-8a32-fd0a73abc2cc	1538021	1.0	confident	Novosphingobium tardum	Bacteria
bce5c93d-b519-4fd7-a2f5-5f2640c3b352	1538021	1.0	confident	Novosphingobium tardum	Bacteria
9f810c25-5eb1-494f-a60e-4718fc140aaf	1538021	1.0	confident	Novosphingobium tardum	Bacteria
bb5314f9-01e8-4155-b6a6-b02031b77948	1538021	1.0	confident	Novosphingobium tardum	Bacteria
d9b5789e-4e79-4fe6-a972-d5417932b46f	1538021	1.0	confident	Novosphingobium tardum	Bacteria
96456f70-6bb1-4cee-81f0-414c95779c96	1538021	1.0	confident	Novosphingobium tardum	Bacteria
bea91ac8-3f81-4ba8-bc89-47780c1bb6b8	1538021	1.0	confident	Novosphingobium tardum	Bacteria
fbcae4c5-f8fd-442e-af0c-278e5f2d3639	1538021	1.0	confident	Novosphingobium tardum	Bacteria
b7cadda3-7969-4735-ba88-a34b12b88ab5	1538021	1.0	confident	Novosphingobium tardum	Bacteria
88c5f5e5-a18c-42c4-a629-cf4c6762ff10	1538021	1.0	confident	Novosphingobium tardum	Bacteria
66c50a17-374c-4bfb-b522-b409fdf7d2db	1538021	1.0	confident	Novosphingobium tardum	Bacteria
c9a1beab-c31a-4690-b5d5-d360f0daeda7	1538021	1.0	confident	Novosphingobium tardum	Bacteria
4547d98f-f160-49f3-a775-3c529327423a	2565554	0.8219173491079673	high	Sphingobium sp. PAMC28499	Bacteria
6e13e4f6-d7af-4b3c-b73c-e6f96af7d6c6	2565554	0.8219173491079673	high	Sphingobium sp. PAMC28499	Bacteria
1f8e7448-c43f-4620-98f3-f6083fd4280a	2565554	0.821917349107968	high	Sphingobium sp. PAMC28499	Bacteria
c1cb6520-5313-4f01-94df-4f97872d67b2	2565554	0.821917349107968	high	Sphingobium sp. PAMC28499	Bacteria
29de71a5-fa57-4a8c-84e6-d5504b046a48	2565554	0.8219173491079673	high	Sphingobium sp. PAMC28499	Bacteria
2ca49fe8-41da-43b0-8b5e-deba7e8c5fbd	2565554	0.8219173491079681	high	Sphingobium sp. PAMC28499	Bacteria
d5b1fd65-4959-45f4-b37b-ab99e581bf4e	2565554	0.821917349107968	high	Sphingobium sp. PAMC28499	Bacteria
45629260-3988-4a30-a830-32c6ae96ef81	2565554	0.8219173491079673	high	Sphingobium sp. PAMC28499	Bacteria
88b77234-59e4-40ed-bc27-1fb3a3d869ce	2565554	0.821917349107968	high	Sphingobium sp. PAMC28499	Bacteria
bdb93a76-667a-410f-8fb2-4394372966bc	2565554	0.8219173491079673	high	Sphingobium sp. PAMC28499	Bacteria
94caf143-9510-45fa-9d10-d8f29909bf0a	2565554	0.821917349107968	high	Sphingobium sp. PAMC28499	Bacteria
74c5cecd-3b1b-4d07-a5a6-f82acd24b670	2565554	0.821917349107968	high	Sphingobium sp. PAMC28499	Bacteria
c523094d-9704-4ab6-b83a-73b6b4a881a4	2565554	0.8219173491079678	high	Sphingobium sp. PAMC28499	Bacteria
1256773a-b91b-4808-8949-a207d01a2f95	2565554	0.821917349107968	high	Sphingobium sp. PAMC28499	Bacteria
6579f315-1f0b-408d-a5f8-b2ada8b17723	2565554	0.8219173491079689	high	Sphingobium sp. PAMC28499	Bacteria
51a2789b-48d6-44dd-a590-adefaa9fe831	2565554	0.821917349107968	high	Sphingobium sp. PAMC28499	Bacteria
b68c8a62-3c1a-43da-9c0d-722cd694ed8b	2565554	0.8219173491079673	high	Sphingobium sp. PAMC28499	Bacteria
5067dc09-dda5-42a2-b3fe-e6f06d020501	2565554	0.821917349107968	high	Sphingobium sp. PAMC28499	Bacteria
b6cd7e12-011b-4eb7-bd7f-3c32ac9f788c	2565554	0.821917349107968	high	Sphingobium sp. PAMC28499	Bacteria
3b916828-8a97-4d3f-9092-993125a11bb3	2565554	0.8219173491079673	high	Sphingobium sp. PAMC28499	Bacteria
7321f4f7-78c7-487a-adc9-30ecea7abdcb	2565554	0.821917349107968	high	Sphingobium sp. PAMC28499	Bacteria
09e6c3cf-7d27-4f76-a238-46c9752bfe40	2565554	0.821917349107968	high	Sphingobium sp. PAMC28499	Bacteria
f54cf496-8771-4266-8101-40e704ad1935	2565554	0.821917349107968	high	Sphingobium sp. PAMC28499	Bacteria
256b7e39-de48-431a-901f-b8af10dce742	2565554	0.8219173491079673	high	Sphingobium sp. PAMC28499	Bacteria
4bb4b1f1-5098-48bd-ab19-24a8f17643ba	2565554	0.821917349107968	high	Sphingobium sp. PAMC28499	Bacteria
630f2155-96d1-467d-9378-b8d31764f9ff	2565554	0.821917349107968	high	Sphingobium sp. PAMC28499	Bacteria
82c02401-102a-4942-a9f7-378163fb7d95	2565554	0.821917349107968	high	Sphingobium sp. PAMC28499	Bacteria
c40fdf84-de5d-440f-9da5-106f64a39d44	2565554	0.821917349107968	high	Sphingobium sp. PAMC28499	Bacteria
3ff40e04-942d-4b15-9630-c351a5def399	2565554	0.821917349107968	high	Sphingobium sp. PAMC28499	Bacteria
89263eae-6d4b-4039-bdec-f04fc8d91ef3	2565554	0.821917349107968	high	Sphingobium sp. PAMC28499	Bacteria
04766a35-6741-439d-863b-e9f92e9d9e63	2565554	0.8219173491079673	high	Sphingobium sp. PAMC28499	Bacteria
675ff4ff-e60e-4082-9097-c23b2be63962	2565554	0.821917349107968	high	Sphingobium sp. PAMC28499	Bacteria
7cb19a75-bed7-4164-b4ae-c0ea78c4258b	2565554	0.8219173491079689	high	Sphingobium sp. PAMC28499	Bacteria
dde69cff-054b-4351-b3ae-2df64e3e5557	2565554	0.821917349107968	high	Sphingobium sp. PAMC28499	Bacteria
73215080-4e8f-4331-9647-b5be7dbdadef	2565554	0.821917349107968	high	Sphingobium sp. PAMC28499	Bacteria
5fe8d9f6-3bb4-4811-b8b6-5d5a30cf3e88	2565554	0.821917349107968	high	Sphingobium sp. PAMC28499	Bacteria
d5350480-0c01-49da-8e31-f3bb48ad59b8	2565554	0.821917349107968	high	Sphingobium sp. PAMC28499	Bacteria
93f4e59f-0be5-4185-afb8-6f8ddf060e12	2565554	0.8219173491079673	high	Sphingobium sp. PAMC28499	Bacteria
2fb02067-782d-476e-b4b7-f937b4006699	2565554	0.821917349107968	high	Sphingobium sp. PAMC28499	Bacteria
90264e84-8e9b-49e7-bd70-6facbe534c31	2565554	0.8219173491079689	high	Sphingobium sp. PAMC28499	Bacteria
679dae9b-4e48-4d14-adff-400e53492b0f	2565554	0.821917349107968	high	Sphingobium sp. PAMC28499	Bacteria
40305bd5-393c-4a36-b674-d951115db966	2565554	0.8219173491079673	high	Sphingobium sp. PAMC28499	Bacteria
c6921be6-349d-4689-ae1b-72e33e5baba6	2565554	0.821917349107968	high	Sphingobium sp. PAMC28499	Bacteria
c91ebcb5-be7a-4978-a9ae-b130174afce1	2565554	0.8219173491079689	high	Sphingobium sp. PAMC28499	Bacteria
f8983e16-70db-4567-bf2d-2b57e2688721	2565554	0.999557161883916	high	Sphingobium sp. PAMC28499	Bacteria
9476ba8f-30e0-4178-a50e-f925d4681e8e	2565554	0.8219173491079673	high	Sphingobium sp. PAMC28499	Bacteria
afb7fde0-fa3e-435e-9fe1-3fea7be8c1b1	2565554	0.8219173491079673	high	Sphingobium sp. PAMC28499	Bacteria
7549e0f1-8d1c-430d-83b1-f9b42d5b5dee	2565554	0.821917349107968	high	Sphingobium sp. PAMC28499	Bacteria
a983ccb6-c536-4e6a-b133-497d338268ea	2565554	0.821917349107968	high	Sphingobium sp. PAMC28499	Bacteria
64e0b9ce-79a3-4f6c-8ec0-08e853c205fb	2565554	0.8219173491079673	high	Sphingobium sp. PAMC28499	Bacteria
36bbd823-b5fa-434e-9397-fcf3aa2745b1	2565554	0.821917349107968	high	Sphingobium sp. PAMC28499	Bacteria
7ff6517c-1036-4157-94d6-bc7bbd6b3d76	2565554	0.821917349107968	high	Sphingobium sp. PAMC28499	Bacteria
dda795c7-3fac-4f5d-8530-59be5c0d7ab5	2565554	0.8219173491079673	high	Sphingobium sp. PAMC28499	Bacteria
d5dbb704-2db6-4a06-a469-e196f740966a	2565554	0.8219173491079678	high	Sphingobium sp. PAMC28499	Bacteria
aeb5f1f6-1463-4590-9db7-b979da275d81	2565554	0.821917349107968	high	Sphingobium sp. PAMC28499	Bacteria
07d88857-f83d-42c2-839c-0d5ef6b42ad1	2565554	0.8219173491079673	high	Sphingobium sp. PAMC28499	Bacteria
05ef60c4-9ad1-43d8-9043-65221154b998	2565554	0.821917349107968	high	Sphingobium sp. PAMC28499	Bacteria
ad839275-fb1b-426f-b8f8-17f8c355ca02	2565554	0.8219173491079673	high	Sphingobium sp. PAMC28499	Bacteria
89c89294-b4bc-45de-afef-1ab8ec02bf31	2565554	0.8219173491079689	high	Sphingobium sp. PAMC28499	Bacteria
3d8b4c12-a944-44cd-bf18-1c589d91a873	2565554	0.821917349107968	high	Sphingobium sp. PAMC28499	Bacteria
fdf305d4-18b9-4d77-8a52-c7d9774fb077	2565554	0.8219173491079673	high	Sphingobium sp. PAMC28499	Bacteria
d238d843-9605-4525-a3aa-89a8c52cae55	2565554	0.8219173491079678	high	Sphingobium sp. PAMC28499	Bacteria
7280d817-2654-472f-9f31-f7dcc2f5788d	2565554	0.821917349107968	high	Sphingobium sp. PAMC28499	Bacteria
d2e71e5d-cc92-418a-91ba-e43777875bd6	2565554	0.821917349107968	high	Sphingobium sp. PAMC28499	Bacteria
c1c37f13-961e-4990-9f3c-0617fa78ac64	2565554	0.821917349107968	high	Sphingobium sp. PAMC28499	Bacteria
e422cd86-92b7-4de1-9ed9-76a55686e0e2	2565554	0.821917349107968	high	Sphingobium sp. PAMC28499	Bacteria
9ecf71af-6791-47c6-8bcb-6c63dbe5193a	2565554	0.821917349107968	high	Sphingobium sp. PAMC28499	Bacteria
5cb89cd3-0362-4360-9e60-773e4950fe5c	2565554	0.8219173491079689	high	Sphingobium sp. PAMC28499	Bacteria
cb40dbf9-e215-4643-b594-68e97ee33d56	2565554	0.821917349107968	high	Sphingobium sp. PAMC28499	Bacteria
d6fc99bf-7730-4e28-a5ca-ab2e15eb6e0c	2565554	0.8219173491079689	high	Sphingobium sp. PAMC28499	Bacteria
eeb8c908-92c5-4cf8-8639-8f1513b08d43	2565554	0.821917349107968	high	Sphingobium sp. PAMC28499	Bacteria
ae458045-fa0c-40c0-bb8e-7b9d87829ee6	2565554	0.821917349107968	high	Sphingobium sp. PAMC28499	Bacteria
f7048967-43ae-4e07-87b9-78cbe86bbe11	2565554	0.8219173491079673	high	Sphingobium sp. PAMC28499	Bacteria
5c7689e2-b7c3-4155-9610-c19f4a8730ed	2565554	0.8219173491079677	high	Sphingobium sp. PAMC28499	Bacteria
d21cc57b-94ad-47e5-beec-88eaf0f5b029	2565554	0.821917349107968	high	Sphingobium sp. PAMC28499	Bacteria
a8ea6312-7d6b-4fbc-82c5-d41f7ec9bf85	2565554	0.821917349107968	high	Sphingobium sp. PAMC28499	Bacteria
87d99f21-7d05-449a-96f8-4a8b4a9b6bc6	2565554	0.8219173491079681	high	Sphingobium sp. PAMC28499	Bacteria
1f823fff-0c2e-4963-8ac9-2e79188ae12c	2565554	0.8219173491079689	high	Sphingobium sp. PAMC28499	Bacteria
3f451ca1-35e5-4dc1-8523-ec209bbe14ea	2565554	0.821917349107968	high	Sphingobium sp. PAMC28499	Bacteria
56b031d6-54d5-4c48-8ca9-e525c0f8d85d	2565554	0.8219173491079678	high	Sphingobium sp. PAMC28499	Bacteria
1f213d88-baf1-4c25-8197-af516cf14aae	2565554	0.821917349107968	high	Sphingobium sp. PAMC28499	Bacteria
0d6ee358-06d1-47bd-a165-fb2cee5859ec	2565554	0.8219173491079673	high	Sphingobium sp. PAMC28499	Bacteria
bacd04b0-79ad-41cb-9701-6a4289c6f29f	2565554	0.8219173491079689	high	Sphingobium sp. PAMC28499	Bacteria
e230ee7e-e16f-4ceb-96b9-d4f6aee32303	2565554	0.8219173491079669	high	Sphingobium sp. PAMC28499	Bacteria
123596fe-672f-4b6f-a439-b7254b999216	2565554	0.821917349107968	high	Sphingobium sp. PAMC28499	Bacteria
e8a510df-ef08-475d-a430-4454c326e4e3	2565554	0.821917349107968	high	Sphingobium sp. PAMC28499	Bacteria
40a14e4d-af16-4801-ab17-4ef78d076f48	2565554	0.821917349107968	high	Sphingobium sp. PAMC28499	Bacteria
b902bc14-e8df-41e5-abf1-0787046db159	2565554	0.8219173491079673	high	Sphingobium sp. PAMC28499	Bacteria
d47ea6ac-e0e6-473f-a63f-2b8172957b71	2565554	0.8219173491079689	high	Sphingobium sp. PAMC28499	Bacteria
d00b817e-c3cf-42ab-a61c-e631dc7806b6	2565554	0.821917349107968	high	Sphingobium sp. PAMC28499	Bacteria
44d9788a-7ab2-4751-bc07-b2e1d03c1ce9	2565554	0.8219173491079677	high	Sphingobium sp. PAMC28499	Bacteria
befaf12b-5791-4407-99d2-a2fe1098bb2d	2565554	0.821917349107968	high	Sphingobium sp. PAMC28499	Bacteria
22cdf18c-b281-4e8e-8c2b-1ffe8ca6df9c	2565554	0.821917349107968	high	Sphingobium sp. PAMC28499	Bacteria
ca131964-4f46-4674-bfeb-98fa7a2c3c69	2565554	0.821917349107968	high	Sphingobium sp. PAMC28499	Bacteria
86698ceb-f2ed-4cde-8794-cfd96dda459f	2565554	0.8219173491079689	high	Sphingobium sp. PAMC28499	Bacteria
6149128f-c389-4059-86bb-38f226bfd1d0	2565554	0.821917349107968	high	Sphingobium sp. PAMC28499	Bacteria
2d3dc894-ceea-474b-ba23-55f54a5730c0	2565554	0.821917349107968	high	Sphingobium sp. PAMC28499	Bacteria
e8b8b133-6c94-482e-8dac-ea9acba685ba	2565554	0.8219173491079673	high	Sphingobium sp. PAMC28499	Bacteria
f5135c44-418b-4b1e-9ca6-1d27f048eb8f	2565554	0.821917349107968	high	Sphingobium sp. PAMC28499	Bacteria
4c240421-3b3f-4cac-8fd9-767bc41b0a63	2565554	0.821917349107968	high	Sphingobium sp. PAMC28499	Bacteria
e2b8f513-0750-4569-a7ba-5da4d7ebfe41	2565554	0.9163828080233692	high	Sphingobium sp. PAMC28499	Bacteria
e4297bd4-cdf7-4629-bb5e-6990001b6f2d	2565554	0.821917349107968	high	Sphingobium sp. PAMC28499	Bacteria
4fec8c18-b540-4b01-8433-41d4458d9a83	2565554	0.821917349107968	high	Sphingobium sp. PAMC28499	Bacteria
014adc7c-7fff-4ee0-9d55-95b7bb272d5e	2565554	0.821917349107968	high	Sphingobium sp. PAMC28499	Bacteria
3ca8632b-0a62-468f-b82e-3f8dd3dff377	2565554	0.821917349107968	high	Sphingobium sp. PAMC28499	Bacteria
e461af46-8d99-44de-992f-66488c186e83	2565554	0.821917349107968	high	Sphingobium sp. PAMC28499	Bacteria
a2475535-9fe8-4a2d-b6a7-2b138a24f65c	2565554	0.8219173491079678	high	Sphingobium sp. PAMC28499	Bacteria
676e3180-c213-45ef-9032-9f2c071b05c3	2565554	0.821917349107968	high	Sphingobium sp. PAMC28499	Bacteria
524048c0-1d35-429d-8761-b498836e7cc6	2565554	0.821917349107968	high	Sphingobium sp. PAMC28499	Bacteria
8072616c-4024-46a6-b6f1-6ece808a9dfa	2565554	0.8219173491079673	high	Sphingobium sp. PAMC28499	Bacteria
2b95309f-bb6a-447e-89b6-df56aadc61e8	2565554	0.821917349107968	high	Sphingobium sp. PAMC28499	Bacteria
651503b7-0c83-47f3-985f-fccbee2d6b71	2565554	0.821917349107968	high	Sphingobium sp. PAMC28499	Bacteria
adfa7cb4-ed38-4762-a234-4936ac5ba33a	2565554	0.821917349107968	high	Sphingobium sp. PAMC28499	Bacteria
edb7e62d-7658-4684-9bbd-ba4930e1ac80	2565554	0.821917349107968	high	Sphingobium sp. PAMC28499	Bacteria
1e939349-1e8c-435e-97db-8f0591482c6c	2565554	0.8219173491079673	high	Sphingobium sp. PAMC28499	Bacteria
713976f1-9426-4055-8cfb-fe0f339c5453	2565554	0.821917349107968	high	Sphingobium sp. PAMC28499	Bacteria
0a7e7790-aa5f-43a7-a5ec-8a310d1f9514	2565554	0.8219173491079673	high	Sphingobium sp. PAMC28499	Bacteria
33ab4074-a51f-48a9-b940-499514c1a4b2	2565554	0.8981663585369015	high	Sphingobium sp. PAMC28499	Bacteria
acff868a-9537-45c9-86ba-d08987402d6e	2565554	0.8219173491079673	high	Sphingobium sp. PAMC28499	Bacteria
32a82629-797c-4393-8039-c859b0a26843	2565554	0.8219173491079673	high	Sphingobium sp. PAMC28499	Bacteria
fae9bfd0-bb01-4188-8e6c-463377133480	2565554	0.8219173491079673	high	Sphingobium sp. PAMC28499	Bacteria
69395ffe-a505-4861-9586-833dc407ffc2	2565554	0.821917349107968	high	Sphingobium sp. PAMC28499	Bacteria
6528e8f8-d003-47cd-aad2-c2762faaf5e9	2565554	0.6602923686886792	medium	Sphingobium sp. PAMC28499	Bacteria
bab18c03-fd71-4b5c-b6aa-900cd0ebd395	2565554	0.821917349107968	high	Sphingobium sp. PAMC28499	Bacteria
31119437-be4b-484b-a3c0-0168555f0ae9	2565554	0.821917349107968	high	Sphingobium sp. PAMC28499	Bacteria
7f0683f4-ff25-457b-ba84-e60094fba3a8	2565554	0.821917349107968	high	Sphingobium sp. PAMC28499	Bacteria
857750de-4a0d-4ce2-86ac-2b093c90f3aa	2565554	0.8219173491079673	high	Sphingobium sp. PAMC28499	Bacteria
3e976c67-a529-4c1f-b20f-44b67955667e	2565554	0.821917349107968	high	Sphingobium sp. PAMC28499	Bacteria
f67b0289-721b-409e-b086-617449217ed5	2565554	0.8219173491079673	high	Sphingobium sp. PAMC28499	Bacteria
05783987-9876-47b6-bd68-3799ff490c84	2565554	0.821917349107968	high	Sphingobium sp. PAMC28499	Bacteria
b4ea8fd7-79ac-4c2e-8697-56c98b5c166d	2565554	0.8981756812610088	high	Sphingobium sp. PAMC28499	Bacteria
750f91d0-910e-407f-b897-706d3512f004	2565554	0.8219173491079689	high	Sphingobium sp. PAMC28499	Bacteria
a3ce5fab-e281-443e-9209-94be100600bd	2565554	0.821917349107968	high	Sphingobium sp. PAMC28499	Bacteria
1e8a04a7-90e5-495c-a257-83f089a4a3ac	2565554	0.8219173491079669	high	Sphingobium sp. PAMC28499	Bacteria
c6b69aaf-7ba2-410d-9e30-a787e5568b3f	2565554	0.8219173491079677	high	Sphingobium sp. PAMC28499	Bacteria
08825394-af87-446a-a56b-10626e6e4bb4	2565554	0.821917349107968	high	Sphingobium sp. PAMC28499	Bacteria
b715d7d6-fe59-4d7d-8dd1-dffd0f0afff2	2565554	0.821917349107968	high	Sphingobium sp. PAMC28499	Bacteria
8f9e070f-6e8b-44fb-ae11-260a950c633c	2565554	0.821917349107968	high	Sphingobium sp. PAMC28499	Bacteria
12c70c68-6969-4813-a29b-127c934c775f	2565554	0.821917349107968	high	Sphingobium sp. PAMC28499	Bacteria
c5f33a8c-a6d8-4a7c-ab40-ec8a93f5dfbc	2565554	0.8219173491079678	high	Sphingobium sp. PAMC28499	Bacteria
6c1e7368-c1af-40a9-a250-3cbcdb37772a	2565554	0.8985237521828658	high	Sphingobium sp. PAMC28499	Bacteria
eaa63cf8-7fd3-4826-97f5-45c36cc6185e	2565554	0.821917349107968	high	Sphingobium sp. PAMC28499	Bacteria
e3090ac0-6d7a-4aa7-b97b-280b31a8e1df	2565554	0.8219173491079689	high	Sphingobium sp. PAMC28499	Bacteria
17dc8fb1-d9bc-4d2a-9cf6-5dea50e48934	2565554	0.821917349107968	high	Sphingobium sp. PAMC28499	Bacteria
92f44121-0fea-4cc0-8c6e-cc4f286549ad	2565554	0.821917349107968	high	Sphingobium sp. PAMC28499	Bacteria
3164ac9f-fcf6-4cca-a4bf-682f83b32aa4	2565554	0.821917349107968	high	Sphingobium sp. PAMC28499	Bacteria
b2c6c68a-6c41-424c-be60-976b7acfe70d	2565554	0.8219173491079678	high	Sphingobium sp. PAMC28499	Bacteria
9ebd2f68-eb17-43c2-a8a8-30c164a6a861	2565554	0.8219173491079673	high	Sphingobium sp. PAMC28499	Bacteria
68363d8b-8e11-4942-84d0-851e7b1486a3	2565554	0.821917349107968	high	Sphingobium sp. PAMC28499	Bacteria
e56b985a-5bef-4d7d-aba9-f6c1c1e3c5f4	2565554	0.821917349107968	high	Sphingobium sp. PAMC28499	Bacteria
4e9802be-188e-4fdc-81b5-cec35b127f75	2565554	0.821917349107968	high	Sphingobium sp. PAMC28499	Bacteria
25ce663a-0970-45b3-b4d5-70e7a4e612a7	2565554	0.821917349107968	high	Sphingobium sp. PAMC28499	Bacteria
aedcf8b3-605e-43e7-94f1-17b356017ab1	1333667	1.0	confident	Geodermatophilus poikilotrophus	Bacteria
32855f28-6007-41ad-8737-b8f1fa85391a	1333667	1.0	confident	Geodermatophilus poikilotrophus	Bacteria
4dba6c38-8540-4461-b6f5-728e9d132bed	1333667	1.0	confident	Geodermatophilus poikilotrophus	Bacteria
677ed555-200a-4b0c-a32a-843640252a4b	1333667	1.0	confident	Geodermatophilus poikilotrophus	Bacteria
bd16d23c-d3aa-4176-a76d-2583f16633bd	1333667	1.0	confident	Geodermatophilus poikilotrophus	Bacteria
038fa99b-66fd-44bb-94eb-44c633faeff6	1333667	1.0	confident	Geodermatophilus poikilotrophus	Bacteria
aba664bf-ecc2-45a8-86e0-33c3cf0d07d6	1333667	1.0	confident	Geodermatophilus poikilotrophus	Bacteria
bc2a491c-a0f1-4fcb-8294-809ab3e4710c	1333667	1.0	confident	Geodermatophilus poikilotrophus	Bacteria
2a2f3908-449c-4ae6-bed9-1992a777dac2	1333667	1.0	confident	Geodermatophilus poikilotrophus	Bacteria
9557090f-a62e-4e87-80bd-2e1f3379e372	1333667	1.0	confident	Geodermatophilus poikilotrophus	Bacteria
c6d3df26-43eb-4cac-9d12-3c4768094d26	1333667	1.0	confident	Geodermatophilus poikilotrophus	Bacteria
306ac704-9420-414e-b826-67e0ca3f5404	1333667	1.0	confident	Geodermatophilus poikilotrophus	Bacteria
39feab06-8850-4378-a15f-f24ac68970a6	1333667	1.0	confident	Geodermatophilus poikilotrophus	Bacteria
ab1fdafa-1211-4f8d-867f-ad3459020128	1333667	1.0	confident	Geodermatophilus poikilotrophus	Bacteria
7a3659fb-7461-40e0-bcf8-d0af61cb9795	1333667	1.0	confident	Geodermatophilus poikilotrophus	Bacteria
fae93952-53a5-445a-b37f-8191ae030876	1333667	1.0	confident	Geodermatophilus poikilotrophus	Bacteria
4808cd7d-e923-49da-ba68-15525f326e16	1333667	1.0	confident	Geodermatophilus poikilotrophus	Bacteria
75803ea0-6ecd-4e83-bb2d-1edf83f8e86f	1333667	1.0	confident	Geodermatophilus poikilotrophus	Bacteria
c6120ef0-49b8-4055-8960-1174a9d1ab57	1333667	1.0	confident	Geodermatophilus poikilotrophus	Bacteria
7990f6b7-4c17-4eb1-8ab9-7e697dc2dd9e	1333667	1.0	confident	Geodermatophilus poikilotrophus	Bacteria
ee5f938b-3fed-4211-b66e-368ec4245361	1333667	1.0	confident	Geodermatophilus poikilotrophus	Bacteria
b1a71519-0c84-495d-acf6-d423e2897b55	1333667	1.0	confident	Geodermatophilus poikilotrophus	Bacteria
ad880f3a-d4c1-4b4e-8541-385769c73bce	1333667	1.0	confident	Geodermatophilus poikilotrophus	Bacteria
9ad81ad7-b9a0-4748-b948-539f56b5415a	1333667	1.0	confident	Geodermatophilus poikilotrophus	Bacteria
56d7b0ee-0d39-4772-b637-e542f62beb27	1333667	1.0	confident	Geodermatophilus poikilotrophus	Bacteria
b7fd2bd6-4ef0-4209-8a3c-e75a846dc1c3	10003105	1.0	confident	Phyllobacterium myrsinacearum	Bacteria
7bb1a2a9-cd4a-462b-8c21-f9929610c372	10003105	1.0	confident	Phyllobacterium myrsinacearum	Bacteria
7724b5c4-5245-4ba1-ae6f-faa6e3e080b4	10003105	1.0	confident	Phyllobacterium myrsinacearum	Bacteria
2a1c88e0-a021-4509-8522-7a11849fa67c	10003105	1.0	confident	Phyllobacterium myrsinacearum	Bacteria
0bb48c04-794d-4841-a4f6-b600bd0f2461	10003105	1.0	confident	Phyllobacterium myrsinacearum	Bacteria
f95f4795-7feb-45a0-bcf4-7125421128a3	10003105	1.0	confident	Phyllobacterium myrsinacearum	Bacteria
004b1c65-1420-44ba-9822-35e1131b11cd	10003105	1.0	confident	Phyllobacterium myrsinacearum	Bacteria
92d9c890-88f3-48bb-97f0-56f96fce864a	10003105	1.0	confident	Phyllobacterium myrsinacearum	Bacteria
48c05e5c-bc34-4d5e-8af6-158997195c06	10003105	1.0	confident	Phyllobacterium myrsinacearum	Bacteria
634b316f-f6cf-40ad-9ae8-6af3754a0ff1	10003105	1.0	confident	Phyllobacterium myrsinacearum	Bacteria
060b10d1-7431-44a2-8b1d-415848a27dc5	10003105	1.0	confident	Phyllobacterium myrsinacearum	Bacteria
adfbbeb7-a1aa-4254-9ab6-406e531d5408	10003105	1.0	confident	Phyllobacterium myrsinacearum	Bacteria
3454c98b-bd79-4ffe-a196-9c4c5e7b3d87	10003105	1.0	confident	Phyllobacterium myrsinacearum	Bacteria
bf527963-c4b3-4f07-a914-e2fdec47c621	10003105	1.0	confident	Phyllobacterium myrsinacearum	Bacteria
7ce97e35-11b9-4322-84ac-4fce1200a37d	10003105	1.0	confident	Phyllobacterium myrsinacearum	Bacteria
7a328a3c-090e-447f-8574-86b1b944c991	10003105	1.0	confident	Phyllobacterium myrsinacearum	Bacteria
4195c100-c10a-4855-9c8e-ec3a4c4a77bb	10003105	1.0	confident	Phyllobacterium myrsinacearum	Bacteria
2448f113-86e0-4909-b061-3bd146eec45b	10003105	1.0	confident	Phyllobacterium myrsinacearum	Bacteria
1b27e9c2-a88d-4a57-a28d-9ffe0f9be113	10003105	1.0	confident	Phyllobacterium myrsinacearum	Bacteria
767f0aae-b25b-4b2e-911b-069f3e3726bc	10003105	1.0	confident	Phyllobacterium myrsinacearum	Bacteria
6e4e747f-d134-436b-81c4-ad6552fb81f5	10003105	1.0	confident	Phyllobacterium myrsinacearum	Bacteria
ef137a6e-3e7a-44b3-979b-3daf65bcd61a	10003105	1.0	confident	Phyllobacterium myrsinacearum	Bacteria
867227cb-0356-43b4-8c94-480e93b53bf0	10003105	1.0	confident	Phyllobacterium myrsinacearum	Bacteria
f6c76ba5-f014-4c78-9977-124a4f275432	10003105	1.0	confident	Phyllobacterium myrsinacearum	Bacteria
b4b404a3-b477-4be4-bced-2e2a0c5d339c	10003105	1.0	confident	Phyllobacterium myrsinacearum	Bacteria
d579aa93-774c-4c26-bc6e-19aa80c2fbaf	10003105	1.0	confident	Phyllobacterium myrsinacearum	Bacteria
1ff94064-61f8-42f5-b007-47c979cf5445	10003105	1.0	confident	Phyllobacterium myrsinacearum	Bacteria
18c41ba1-7500-4b04-8b68-6d054a461cca	10003105	1.0	confident	Phyllobacterium myrsinacearum	Bacteria
28046b47-58c0-46f5-91ab-4fcb29d80e11	10003105	1.0	confident	Phyllobacterium myrsinacearum	Bacteria
8b5d8189-9348-4e5b-9285-8bec4baaeabd	10003105	1.0	confident	Phyllobacterium myrsinacearum	Bacteria
37613ae8-6bdb-47c7-887c-2b01058a6dbb	10003105	1.0	confident	Phyllobacterium myrsinacearum	Bacteria
a4a9b822-268c-49c7-9032-1031d9d3625c	10003105	1.0	confident	Phyllobacterium myrsinacearum	Bacteria
9405e5cb-384b-4836-b49f-ebc0a9715dc5	10003105	1.0	confident	Phyllobacterium myrsinacearum	Bacteria
4aa7c969-ed47-4de5-b610-44c902e1b796	10003105	1.0	confident	Phyllobacterium myrsinacearum	Bacteria
bac97faf-d4fc-4972-a65a-c18920e1b20c	10003105	1.0	confident	Phyllobacterium myrsinacearum	Bacteria
b7f28bd7-7467-4b86-86ef-f8f5f377dd0d	10003105	1.0	confident	Phyllobacterium myrsinacearum	Bacteria
ae44e97e-9109-4b93-803f-f65ace22a33d	10003105	1.0	confident	Phyllobacterium myrsinacearum	Bacteria
32a77137-e7f5-4756-b335-ac1e2690103e	10003105	1.0	confident	Phyllobacterium myrsinacearum	Bacteria
422c41eb-e814-4cbc-b1a7-a1821a1ba458	10003105	1.0	confident	Phyllobacterium myrsinacearum	Bacteria
53c5a1e6-9dae-4191-9aaf-be68b38fc8b1	10003105	1.0	confident	Phyllobacterium myrsinacearum	Bacteria
394113a8-ae1a-4669-b167-88c5bced1e4f	10003105	1.0	confident	Phyllobacterium myrsinacearum	Bacteria
dcb7a7e7-cb8c-4c5f-b719-514d5575c662	10003105	1.0	confident	Phyllobacterium myrsinacearum	Bacteria
26dd99e5-cee1-461b-9c68-2663168a8c00	10003105	1.0	confident	Phyllobacterium myrsinacearum	Bacteria
60dbec41-108a-4cf1-a822-0458112232b5	10003105	1.0	confident	Phyllobacterium myrsinacearum	Bacteria
37d867d3-1d99-4fd4-b3c0-82ec48ef2439	10003105	1.0	confident	Phyllobacterium myrsinacearum	Bacteria
a5c20e0d-38de-44e2-88b1-75ee96079c4b	10003105	1.0	confident	Phyllobacterium myrsinacearum	Bacteria
bfa8d4f8-1520-4e88-9e93-0cefcaf3cd59	10003105	1.0	confident	Phyllobacterium myrsinacearum	Bacteria
ebbf9fca-fdfb-4098-b51c-5dc2c72f248e	10003105	1.0	confident	Phyllobacterium myrsinacearum	Bacteria
abb61f2b-4317-4ff3-97d2-e6552048117e	10003105	1.0	confident	Phyllobacterium myrsinacearum	Bacteria
6fd42436-d67c-4558-8876-f8982e5e6d27	10003105	1.0	confident	Phyllobacterium myrsinacearum	Bacteria
a511c680-9ec3-47b2-9690-0d216680cbb6	10003105	1.0	confident	Phyllobacterium myrsinacearum	Bacteria
d4861959-b5e3-48fa-aab1-90439eadb697	10003105	1.0	confident	Phyllobacterium myrsinacearum	Bacteria
1df26bb7-4927-473f-a01d-af3a269a3743	10003105	1.0	confident	Phyllobacterium myrsinacearum	Bacteria
2c91495d-8da1-453d-8ead-b1b728ead924	10003105	1.0	confident	Phyllobacterium myrsinacearum	Bacteria
5388aa25-25d4-4f84-bab9-1c500bed3d62	10003105	1.0	confident	Phyllobacterium myrsinacearum	Bacteria
c9aabc98-ae82-4bfe-8b2c-e5adbad1fe1b	10003105	1.0	confident	Phyllobacterium myrsinacearum	Bacteria
c9e750d7-d8f9-4112-81fe-85508c26dd4c	10003105	1.0	confident	Phyllobacterium myrsinacearum	Bacteria
42d62e60-8698-4149-8054-b03c06da864c	10003105	1.0	confident	Phyllobacterium myrsinacearum	Bacteria
02d17d0b-d8a4-424e-a6d6-b4add9daff7a	10003105	1.0	confident	Phyllobacterium myrsinacearum	Bacteria
5e3225ec-9bee-42d3-b6fa-aa1b02df8e9d	10003105	1.0	confident	Phyllobacterium myrsinacearum	Bacteria
fff5b54f-d359-4cfb-b51d-3971254f6504	10003105	1.0	confident	Phyllobacterium myrsinacearum	Bacteria
adedf9ff-e9a8-4126-ac47-1582605886e9	10003105	1.0	confident	Phyllobacterium myrsinacearum	Bacteria
cc6f46c8-7664-490c-a737-510eca76325d	10003105	1.0	confident	Phyllobacterium myrsinacearum	Bacteria
41f94986-b362-467a-8ccb-fa9a9836b163	10003105	1.0	confident	Phyllobacterium myrsinacearum	Bacteria
5438a462-9aa6-45de-931f-f772d9cf800c	10003105	1.0	confident	Phyllobacterium myrsinacearum	Bacteria
a4f99d24-32a1-4190-981a-de58da978f4e	10003105	1.0	confident	Phyllobacterium myrsinacearum	Bacteria
4acad1fc-e499-476e-8e7d-c9b409547f70	10003105	1.0	confident	Phyllobacterium myrsinacearum	Bacteria
ea71ddfd-abda-4e41-ba95-f7972bce2990	10003105	1.0	confident	Phyllobacterium myrsinacearum	Bacteria
34e3ecbb-7224-4527-94a8-bcfdb6fb0827	10003105	1.0	confident	Phyllobacterium myrsinacearum	Bacteria
a90956a8-78a0-4933-8720-101d0caa8f87	10003105	1.0	confident	Phyllobacterium myrsinacearum	Bacteria
ab0f2d7a-73f2-4163-85b6-f3d704e6f907	10003105	1.0	confident	Phyllobacterium myrsinacearum	Bacteria
5332c475-1c24-45b6-ad8f-c77c366f4435	10003105	1.0	confident	Phyllobacterium myrsinacearum	Bacteria
bfd81d9f-2476-4684-a302-bc0d55430b19	10003105	1.0	confident	Phyllobacterium myrsinacearum	Bacteria
93a4dc49-3931-4594-b1a4-130d0d6b880b	10003105	1.0	confident	Phyllobacterium myrsinacearum	Bacteria
b20a5d57-3d40-4829-8b94-c5cd93716c58	10003105	1.0	confident	Phyllobacterium myrsinacearum	Bacteria
df3ab929-dae5-464d-a75e-3ce843d93273	10003105	1.0	confident	Phyllobacterium myrsinacearum	Bacteria
190ee20d-3bfd-4395-b937-9ff33cbe2de6	10003105	1.0	confident	Phyllobacterium myrsinacearum	Bacteria
a8083d22-1046-48dd-9a42-9683ff941dd0	10003105	1.0	confident	Phyllobacterium myrsinacearum	Bacteria
c8517a29-5ae7-4048-8001-7e9ec7152479	10003105	1.0	confident	Phyllobacterium myrsinacearum	Bacteria
08cd7548-830e-42d2-8d60-d76d637c0d3d	10003105	1.0	confident	Phyllobacterium myrsinacearum	Bacteria
f32e87db-dd73-4bf3-85a5-de43abf5d86a	10003105	1.0	confident	Phyllobacterium myrsinacearum	Bacteria
b3f19490-25c2-418d-875c-a6c1cc1b8136	10003105	1.0	confident	Phyllobacterium myrsinacearum	Bacteria
29660946-b492-4ba7-b2c4-de253f048b23	10003105	1.0	confident	Phyllobacterium myrsinacearum	Bacteria
54373514-361a-46a2-8fcc-9344ba1867bf	10003105	1.0	confident	Phyllobacterium myrsinacearum	Bacteria
1a54fbb5-b1b3-4a69-b13c-65d857e0f664	10003105	1.0	confident	Phyllobacterium myrsinacearum	Bacteria
ae6d82d5-6a16-4ceb-8d54-845d7c5d2540	10003105	1.0	confident	Phyllobacterium myrsinacearum	Bacteria
45700523-2d0b-4635-96b4-b6f55475ca6d	10003105	1.0	confident	Phyllobacterium myrsinacearum	Bacteria
ff005187-651c-4019-b31b-2ec05c9ed117	862134	1.0	confident	Sphingomonas ginsenosidimutans	Bacteria
4ee9d4f4-9f8b-47b6-a145-8a03c55057d4	862134	1.0	confident	Sphingomonas ginsenosidimutans	Bacteria
7814445d-2225-4670-95f6-196b2e4aeb84	862134	1.0	confident	Sphingomonas ginsenosidimutans	Bacteria
da296f7e-2f5e-4f0c-8e96-a686fb31b773	862134	1.0	confident	Sphingomonas ginsenosidimutans	Bacteria
b52e3685-1665-49cc-8461-3958e21fe4d4	862134	1.0	confident	Sphingomonas ginsenosidimutans	Bacteria
d7d4f627-fbf5-400a-a165-e1a0b4a2b18e	862134	1.0	confident	Sphingomonas ginsenosidimutans	Bacteria
1c00248b-99fc-4e05-9e0a-0b91cfa878dc	862134	1.0	confident	Sphingomonas ginsenosidimutans	Bacteria
03a6818d-edd8-477a-bbcb-b2dbf1995a07	862134	1.0	confident	Sphingomonas ginsenosidimutans	Bacteria
9e35b6f5-2d11-47fb-8551-8c69fd189213	862134	1.0	confident	Sphingomonas ginsenosidimutans	Bacteria
09275090-1180-4564-a5e1-b94f66b75efe	862134	1.0	confident	Sphingomonas ginsenosidimutans	Bacteria
174f33b9-a059-4b6d-a391-7891ff845eb1	862134	1.0	confident	Sphingomonas ginsenosidimutans	Bacteria
71ffcad4-91de-4f62-a258-f75e6e7764f5	862134	1.0	confident	Sphingomonas ginsenosidimutans	Bacteria
b0b8ab12-6da9-4e08-b814-4a11d33129b2	862134	1.0	confident	Sphingomonas ginsenosidimutans	Bacteria
528503e7-2409-4fc6-b7e0-623c6d312dc7	862134	1.0	confident	Sphingomonas ginsenosidimutans	Bacteria
68c16760-dbfe-4540-989d-002f9bdc9dee	1839799	0.3333333333333333	low	Streptococcus sp. FDAARGOS_192	Bacteria
4d64c513-4d76-4255-9a51-c937d2aee54a	1839799	0.3333333333333333	low	Streptococcus sp. FDAARGOS_192	Bacteria
952f352d-d099-47cc-874e-29591c12eb9e	1839799	0.3333333333333333	low	Streptococcus sp. FDAARGOS_192	Bacteria
b025b5f3-a2c9-42b1-b731-30fdb0ddc85b	1839799	0.3333333333333333	low	Streptococcus sp. FDAARGOS_192	Bacteria
d13d0efa-cfaf-49dc-9c6f-69cf67adddae	1839799	0.3333333333333333	low	Streptococcus sp. FDAARGOS_192	Bacteria
0e4c6702-de82-4a15-a98e-224fba5c4b91	1839799	0.3333333333333333	low	Streptococcus sp. FDAARGOS_192	Bacteria
dd1b7080-0e72-4be2-8714-90f3023b95df	1839799	0.3333333333333333	low	Streptococcus sp. FDAARGOS_192	Bacteria
c4055248-5f23-459f-9a4b-e54b3035b7a2	1839799	0.3333333333333333	low	Streptococcus sp. FDAARGOS_192	Bacteria
91b91541-3ccd-4463-b9ba-433f39792940	1839799	0.3333333333333333	low	Streptococcus sp. FDAARGOS_192	Bacteria
8f9d46bf-a390-4d57-a3e0-06cf06143068	1839799	0.3333333333333333	low	Streptococcus sp. FDAARGOS_192	Bacteria
194f84b1-8f0e-497d-8e32-7272a8e48e11	1839799	0.3333333333333333	low	Streptococcus sp. FDAARGOS_192	Bacteria
bef6d52b-fae0-4b79-944f-62065b0f2106	1839799	0.3333333333333333	low	Streptococcus sp. FDAARGOS_192	Bacteria
77780ed3-5347-4c73-9ac4-b14feca9de9d	1839799	0.3333333333333333	low	Streptococcus sp. FDAARGOS_192	Bacteria
8fd34ab6-2b5c-4c05-b07d-1e702d98c0d7	1839799	0.3333333333333333	low	Streptococcus sp. FDAARGOS_192	Bacteria
3e519e0a-b8d9-4af8-a926-a243a476213b	1839799	0.3333333333333333	low	Streptococcus sp. FDAARGOS_192	Bacteria
9715dec5-162e-4dd8-9f90-71978c0047b3	1839799	0.3333333333333333	low	Streptococcus sp. FDAARGOS_192	Bacteria
07ce9f49-146d-4fd9-8d5c-1236d564ca32	1839799	0.3333333333333333	low	Streptococcus sp. FDAARGOS_192	Bacteria
6d9886c0-9c29-4f11-ac59-8d331c3a54d5	1839799	0.3333333333333333	low	Streptococcus sp. FDAARGOS_192	Bacteria
36f08347-0539-42cd-8554-be3b6480bd48	1839799	0.3333333333333333	low	Streptococcus sp. FDAARGOS_192	Bacteria
a9090739-611e-4ff6-a6af-e904af4f89cf	1839799	0.3333333333333333	low	Streptococcus sp. FDAARGOS_192	Bacteria
9682bcee-e04d-4b6f-a682-588c5d4a3fda	1839799	0.3333333333333333	low	Streptococcus sp. FDAARGOS_192	Bacteria
648a0cab-1448-4430-932d-e72cbd0aa9fe	1839799	0.3333333333333333	low	Streptococcus sp. FDAARGOS_192	Bacteria
73a75907-65d1-4a59-a1d2-f22e4ac60013	1839799	0.3333333333333333	low	Streptococcus sp. FDAARGOS_192	Bacteria
bddd2870-dee1-4d4a-91d7-408c4233baa4	1839799	0.3333333333333333	low	Streptococcus sp. FDAARGOS_192	Bacteria
09392e0f-bb62-41b3-b344-fb4e144035e5	1839799	0.3333333333333333	low	Streptococcus sp. FDAARGOS_192	Bacteria
84626b24-47c9-4b82-80ee-173ac6906c95	1839799	0.3333333333333333	low	Streptococcus sp. FDAARGOS_192	Bacteria
9e9d24a9-2c44-4d30-b718-04e20b1213ee	1839799	0.3333333333333333	low	Streptococcus sp. FDAARGOS_192	Bacteria
e238f16f-4b11-461e-9ce7-67cfa1fc513b	1839799	0.3333333333333333	low	Streptococcus sp. FDAARGOS_192	Bacteria
2c93856e-0bea-40da-a40d-6f66274832e6	1839799	0.3333333333333333	low	Streptococcus sp. FDAARGOS_192	Bacteria
fe6355f4-2805-4809-a842-d8b4b9473d98	1839799	0.3333333333333333	low	Streptococcus sp. FDAARGOS_192	Bacteria
fe0a54c3-10fb-40af-a951-fed1202f2fd8	1839799	0.3333333333333333	low	Streptococcus sp. FDAARGOS_192	Bacteria
647dc8fb-6d39-44db-a069-109060c4fd64	1839799	0.3333333333333333	low	Streptococcus sp. FDAARGOS_192	Bacteria
3fd00f8a-78ff-41a4-8eb7-642d126c5035	429134	1.0	confident	Sphingomonas desiccabilis	Bacteria
4e4e8d75-01b4-40fb-a605-929faf20e0f5	429134	1.0	confident	Sphingomonas desiccabilis	Bacteria
8f9b0848-9e5c-4f42-bc46-da18028df410	429134	1.0	confident	Sphingomonas desiccabilis	Bacteria
ec556288-9557-4cb8-8f0c-dd02285bed1e	429134	1.0	confident	Sphingomonas desiccabilis	Bacteria
b2dfcbbb-3b7e-4cad-b5f4-214f45dc9cca	429134	1.0	confident	Sphingomonas desiccabilis	Bacteria
61df5c07-1fd1-4b96-be9d-c1db18962571	429134	1.0	confident	Sphingomonas desiccabilis	Bacteria
a5cd5f99-f02d-4f7f-a100-192b3994588d	429134	1.0	confident	Sphingomonas desiccabilis	Bacteria
fa6bddaf-b418-40f3-a02b-9d5c4ee77b60	429134	1.0	confident	Sphingomonas desiccabilis	Bacteria
57c6cda8-3cf0-45f6-aa1a-760857c2f2bd	429134	1.0	confident	Sphingomonas desiccabilis	Bacteria
db277fca-f6ca-48fb-9efe-c5cf50d60002	429134	1.0	confident	Sphingomonas desiccabilis	Bacteria
ddcae8c3-8ef7-4265-835e-9351f15b23af	429134	1.0	confident	Sphingomonas desiccabilis	Bacteria
a17b2dbf-c184-4b5e-966f-7fd679ab7810	429134	1.0	confident	Sphingomonas desiccabilis	Bacteria
7e45577b-dbd7-4e6c-bafe-9b3036b713c9	429134	1.0	confident	Sphingomonas desiccabilis	Bacteria
d073fc42-d3c4-493d-bab4-54e73235f394	429134	1.0	confident	Sphingomonas desiccabilis	Bacteria
d7210ec2-1716-4166-82e6-891bda593ef5	429134	1.0	confident	Sphingomonas desiccabilis	Bacteria
65ca6d6f-4d89-4d17-9729-fb9145c09bf9	429134	1.0	confident	Sphingomonas desiccabilis	Bacteria
ad4be10b-9d85-4fa9-96cb-613823753702	429134	1.0	confident	Sphingomonas desiccabilis	Bacteria
cc697c87-6f9f-4a46-830a-7e56e4c52bdb	429134	1.0	confident	Sphingomonas desiccabilis	Bacteria
9adcaf5d-4131-4517-a79b-cb3a22249deb	429134	1.0	confident	Sphingomonas desiccabilis	Bacteria
72521419-254c-46a1-ac76-d8d485156173	429134	1.0	confident	Sphingomonas desiccabilis	Bacteria
01eae437-5e95-4065-824f-00d4ec16876f	429134	1.0	confident	Sphingomonas desiccabilis	Bacteria
38985add-e5b1-43d0-ba09-ff4712867218	429134	1.0	confident	Sphingomonas desiccabilis	Bacteria
20638ba3-5790-48e8-aec1-6ac85078a829	429134	1.0	confident	Sphingomonas desiccabilis	Bacteria
fae60aec-a36d-4380-98d0-6028e43520f1	429134	1.0	confident	Sphingomonas desiccabilis	Bacteria
62ef7166-6182-4eb1-a0c2-040a51097d1c	2018067	1.0	confident	Pseudomonas sp. FDAARGOS_380	Bacteria
c9a0f8e0-fd71-4b56-b5b7-a904e36472b1	2018067	1.0	confident	Pseudomonas sp. FDAARGOS_380	Bacteria
8db8ea3b-cc50-4211-a01b-ee361b7ad8a6	2018067	1.0	confident	Pseudomonas sp. FDAARGOS_380	Bacteria
df81c53b-0eda-4c55-bae4-997cb3190814	2018067	1.0	confident	Pseudomonas sp. FDAARGOS_380	Bacteria
f3a4a615-8a6d-4276-92ea-4c84f1008324	2018067	1.0	confident	Pseudomonas sp. FDAARGOS_380	Bacteria
c30ec12a-f412-44a1-a0b5-994172a157a7	2018067	1.0	confident	Pseudomonas sp. FDAARGOS_380	Bacteria
aac5ebe0-58dd-4b6d-ae44-025470784a33	2018067	1.0	confident	Pseudomonas sp. FDAARGOS_380	Bacteria
dc74d886-c992-4e5e-93b0-2689de9fb797	2018067	1.0	confident	Pseudomonas sp. FDAARGOS_380	Bacteria
f09f44a0-b767-4315-bd03-6acc1c8192f3	2018067	1.0	confident	Pseudomonas sp. FDAARGOS_380	Bacteria
1cc2742c-2e56-4f7e-a667-2f7033541051	2018067	1.0	confident	Pseudomonas sp. FDAARGOS_380	Bacteria
dad9a63a-5368-45d0-bdd2-031cd6b9edbd	2018067	1.0	confident	Pseudomonas sp. FDAARGOS_380	Bacteria
415e4e90-2f0e-406f-a85c-40919eca4656	2018067	1.0	confident	Pseudomonas sp. FDAARGOS_380	Bacteria
a90b4be7-b624-4bd8-9ab1-3b46fec4117e	2018067	1.0	confident	Pseudomonas sp. FDAARGOS_380	Bacteria
f2520ee3-e1c9-494e-ba04-b04dced3f6c1	2018067	1.0	confident	Pseudomonas sp. FDAARGOS_380	Bacteria
b78b6104-95b5-4759-9d9b-5735ca6c0a4f	2018067	1.0	confident	Pseudomonas sp. FDAARGOS_380	Bacteria
e01daa69-6c87-4b25-9176-044d56453390	2018067	1.0	confident	Pseudomonas sp. FDAARGOS_380	Bacteria
96102714-8196-4841-9b24-ad998675738c	2018067	1.0	confident	Pseudomonas sp. FDAARGOS_380	Bacteria
41edecec-bbe5-4091-bde3-d7e6ffc4d80c	2018067	1.0	confident	Pseudomonas sp. FDAARGOS_380	Bacteria
0b8ddc58-ffd2-4172-8f11-410230c8d083	2018067	1.0	confident	Pseudomonas sp. FDAARGOS_380	Bacteria
a427226f-f117-4156-973c-1d5306d59d07	10003574	1.0	confident	Acinetobacter johnsonii	Bacteria
04f30746-f37b-4fdc-8077-52ff0077d73f	10003574	1.0	confident	Acinetobacter johnsonii	Bacteria
cc72ecdf-8572-4632-8319-cdb82a897c57	10003574	1.0	confident	Acinetobacter johnsonii	Bacteria
566fe18c-c511-47ea-8d8d-c452828ce40a	10003574	1.0	confident	Acinetobacter johnsonii	Bacteria
5ed7f0b5-27da-41fb-98c2-fe8ddcfdafb3	10003574	1.0	confident	Acinetobacter johnsonii	Bacteria
139a75ad-6728-424f-955c-8440fba4790c	10003574	1.0	confident	Acinetobacter johnsonii	Bacteria
96b6ebd0-6abd-4b7d-aebf-c1c8cab363c3	10003574	1.0	confident	Acinetobacter johnsonii	Bacteria
b0278f17-b808-42f0-bdc3-72ec9d3a8828	10003574	1.0	confident	Acinetobacter johnsonii	Bacteria
f270f63d-cbb3-4d18-85c9-f6a5d6ae1548	10003574	1.0	confident	Acinetobacter johnsonii	Bacteria
0b731a6f-65c8-47a0-a134-6abe92d9a4dc	10003574	1.0	confident	Acinetobacter johnsonii	Bacteria
cb8f8c9d-74b7-43a5-af00-836b121dcd05	10003574	1.0	confident	Acinetobacter johnsonii	Bacteria
28977bd6-f22b-47c9-b2e3-c45ecc6f24b4	10003574	1.0	confident	Acinetobacter johnsonii	Bacteria
ccfd0e82-1ffe-4aa5-9bb2-96f4e8881d7b	10003574	1.0	confident	Acinetobacter johnsonii	Bacteria
5971b53d-f90b-4811-8763-3a5f8d855e5c	10003574	1.0	confident	Acinetobacter johnsonii	Bacteria
