read_id	most_likely_taxon	confidence	assignment_certainty	taxon_name	kingdom
123c3d74-58be-44dc-adf7-4798cfba775b	2565554	0.5501607050722926	medium	Sphingobium sp. PAMC28499	Bacteria
f3fb6f17-0cbb-4e82-b996-86e229b0bb5d	2565554	0.5501607050722923	medium	Sphingobium sp. PAMC28499	Bacteria
61428d09-0687-4c51-a7d0-7c954284814e	2565554	0.5501607050722926	medium	Sphingobium sp. PAMC28499	Bacteria
87bc62c3-9e9c-4c85-96b6-574a2bfcd9bd	2565554	0.5501607050722949	medium	Sphingobium sp. PAMC28499	Bacteria
92919445-deeb-4d81-b31c-443f21d7b0fd	2565554	0.5501607050722914	medium	Sphingobium sp. PAMC28499	Bacteria
0e61060a-97a3-41a6-a3c0-21d1d034eb45	2565554	0.5501607050722949	medium	Sphingobium sp. PAMC28499	Bacteria
0c64cef7-c674-4284-9498-3c9762e2fe91	2565554	0.5501607050722925	medium	Sphingobium sp. PAMC28499	Bacteria
018ec10f-2c23-4002-ad45-fa657c5fd216	2565554	0.5501607050722923	medium	Sphingobium sp. PAMC28499	Bacteria
ebe0e16c-4875-4601-b891-0d4b023ab574	2565554	0.988821046744097	high	Sphingobium sp. PAMC28499	Bacteria
df1f0623-1b2f-42ac-a32e-55f7d826e443	2565554	0.5501607050722949	medium	Sphingobium sp. PAMC28499	Bacteria
edb1355b-10da-403b-97f3-9cdbafe18e94	2565554	0.5501607050722926	medium	Sphingobium sp. PAMC28499	Bacteria
b471785f-52c6-49ac-a19e-811b991704ec	2565554	0.7185407336317767	medium	Sphingobium sp. PAMC28499	Bacteria
ceb8d016-1159-409d-ae31-2df02efab649	2565554	0.5501607050722932	medium	Sphingobium sp. PAMC28499	Bacteria
743a8000-876b-4020-a570-b6ed00dd4f11	2565554	0.5501607050722923	medium	Sphingobium sp. PAMC28499	Bacteria
83a81065-f12b-4c19-a246-370dc27d6c0a	2565554	0.5501607050722923	medium	Sphingobium sp. PAMC28499	Bacteria
10545a82-9f85-4d03-b899-e00543136c96	2565554	0.5501607050722925	medium	Sphingobium sp. PAMC28499	Bacteria
391c5c1b-2977-46d1-9465-3c5a7cde44fa	2565554	0.5501607050722925	medium	Sphingobium sp. PAMC28499	Bacteria
9c44a7ef-7161-4ed8-8258-02a6e5f71a7b	2565554	0.5501607050722923	medium	Sphingobium sp. PAMC28499	Bacteria
8abe12ca-49df-4ea2-bcdd-7d69203bca2f	2565554	0.5501607050722914	medium	Sphingobium sp. PAMC28499	Bacteria
71188b2f-9389-46c5-b665-61c2807ccf95	2565554	0.5501607050722925	medium	Sphingobium sp. PAMC28499	Bacteria
a0bb4100-fbff-46ed-9c63-e4a11581e172	2565554	0.5501607050722949	medium	Sphingobium sp. PAMC28499	Bacteria
717116d1-e56c-411d-a1b7-95b216692f03	2565554	0.5501607050722932	medium	Sphingobium sp. PAMC28499	Bacteria
3c62477d-0352-4cb9-a6ff-5bddcb251f33	2565554	0.5501607050722914	medium	Sphingobium sp. PAMC28499	Bacteria
b9cfe98e-3138-4526-98fa-550d45466362	2565554	0.5501607050722923	medium	Sphingobium sp. PAMC28499	Bacteria
db791e21-fa8c-47c8-9bca-080d0739b7a3	2565554	0.5501607050722923	medium	Sphingobium sp. PAMC28499	Bacteria
61666f19-9ecd-490a-aa99-1a38a3919ede	2565554	0.5501607050722923	medium	Sphingobium sp. PAMC28499	Bacteria
01677307-2ace-48cd-9c11-3f8ff665f742	2565554	0.5501607050722926	medium	Sphingobium sp. PAMC28499	Bacteria
7d57ca7f-f8b1-4e5c-b452-f8807a8acdaf	2565554	0.5501607050722923	medium	Sphingobium sp. PAMC28499	Bacteria
41446b44-bb9d-4134-9278-a24174b38e9c	2565554	0.8839599939331492	high	Sphingobium sp. PAMC28499	Bacteria
eda57862-b6b8-4885-8a22-2143cea0d494	2565554	0.5501607050722923	medium	Sphingobium sp. PAMC28499	Bacteria
acf44284-5368-4691-b106-c2eb9af3420a	2565554	0.5501607050722923	medium	Sphingobium sp. PAMC28499	Bacteria
0938de61-9f5b-4767-973a-a19eaed8dcf2	2565554	0.5501607050722926	medium	Sphingobium sp. PAMC28499	Bacteria
ec236360-00a9-43ec-b9a0-7db781cc5a36	2565554	0.5501607050722923	medium	Sphingobium sp. PAMC28499	Bacteria
00e7d0a4-f5bd-4c83-b0ba-ddbbf4701e0b	2565554	0.5501607050722923	medium	Sphingobium sp. PAMC28499	Bacteria
2b4e8e75-69ba-4d58-aca3-7c8deb5db767	2565554	0.5501607050722925	medium	Sphingobium sp. PAMC28499	Bacteria
c3f987d0-e931-4514-aa66-135e9ce199a5	2565554	0.5501607050722926	medium	Sphingobium sp. PAMC28499	Bacteria
e0502774-5d9f-4c05-9165-f00afb698a90	2565554	0.5501607050722923	medium	Sphingobium sp. PAMC28499	Bacteria
f0e814e2-5c01-45db-82cd-24209a267771	2565554	0.5501607050722923	medium	Sphingobium sp. PAMC28499	Bacteria
95facd3f-2898-4d4b-9679-ac9bdcaab4b7	2565554	0.5501607050722923	medium	Sphingobium sp. PAMC28499	Bacteria
63c4e54e-0ea9-4816-81d8-ae1c57f1f878	2565554	0.5501607050722923	medium	Sphingobium sp. PAMC28499	Bacteria
c6b09523-c88b-4d4d-94c8-85dc1b0c06ff	2565554	0.5501607050722949	medium	Sphingobium sp. PAMC28499	Bacteria
60b10e76-6ac5-42a0-bb23-0af62eae1548	2565554	0.5501607050722932	medium	Sphingobium sp. PAMC28499	Bacteria
80bd83df-6f0b-4b70-9028-02a7c7942d02	2565554	0.5501607050722932	medium	Sphingobium sp. PAMC28499	Bacteria
635eaee2-dc12-4b01-b235-58c1754f2499	2565554	0.5501607050722925	medium	Sphingobium sp. PAMC28499	Bacteria
e76a5966-5cd8-4550-b5f5-4dde8dfee420	2565554	0.5501607050722923	medium	Sphingobium sp. PAMC28499	Bacteria
de1db113-d0b3-46e8-af4c-a84ef3f9deeb	2565554	0.5501607050722923	medium	Sphingobium sp. PAMC28499	Bacteria
4c569d4a-be99-49f3-92fa-5bc068603986	2565554	0.5501607050722925	medium	Sphingobium sp. PAMC28499	Bacteria
a7953a1e-604e-4e2e-b34b-742af80623bc	2565554	0.5501607050722925	medium	Sphingobium sp. PAMC28499	Bacteria
d4a1465c-a33b-46d5-9b4e-8f2f72d81cdb	2565554	0.5501607050722932	medium	Sphingobium sp. PAMC28499	Bacteria
2cfd39c3-1380-4f70-b734-b5e15e3d54b6	2565554	0.5501607050722926	medium	Sphingobium sp. PAMC28499	Bacteria
e24455e8-075c-499f-baa0-88c781df2717	2565554	0.5501607050722914	medium	Sphingobium sp. PAMC28499	Bacteria
f522d4dc-6fe3-41dc-b866-c423912662bb	2565554	0.5501607050722923	medium	Sphingobium sp. PAMC28499	Bacteria
16db4d7c-a614-4e55-98c5-b3eb4f260366	2565554	0.5501607050722923	medium	Sphingobium sp. PAMC28499	Bacteria
81ec7b80-b292-4a56-b403-a6e2a9cecdcd	10003216	0.9098015726677612	high	Sphingobium yanoikuyae	Bacteria
0af70813-809b-41db-aa08-d1a2cfa4a072	2565554	0.5501607050722923	medium	Sphingobium sp. PAMC28499	Bacteria
f2788bea-7bcc-449d-b8ac-18eaa1267eaa	2565554	0.5501607050722926	medium	Sphingobium sp. PAMC28499	Bacteria
8f99c8a4-839f-476a-be8a-333a3713196d	2565554	0.5501607050722926	medium	Sphingobium sp. PAMC28499	Bacteria
f5e3fefa-a3b2-41a6-ae29-fcf3c9048bfa	2565554	0.5501607050722932	medium	Sphingobium sp. PAMC28499	Bacteria
7c63a9b6-b838-44b4-8772-8e565f796d01	2565554	0.5501607050722923	medium	Sphingobium sp. PAMC28499	Bacteria
c8cabe73-49ae-4991-86d4-643bea58dadd	2565554	0.5501607050722923	medium	Sphingobium sp. PAMC28499	Bacteria
61c508a8-0f6f-4dcc-8f50-bfaba2e2f8d3	2565554	0.5501607050722923	medium	Sphingobium sp. PAMC28499	Bacteria
73204066-ce43-4b64-9f6f-cb40310a65d4	2565554	0.5501607050722914	medium	Sphingobium sp. PAMC28499	Bacteria
7b3832d1-2937-4faa-92df-ff2682aaa7fe	2565554	0.5501607050722923	medium	Sphingobium sp. PAMC28499	Bacteria
cd184c89-bf87-49e8-ab60-fc925cbcdbe1	2565554	0.5501607050722932	medium	Sphingobium sp. PAMC28499	Bacteria
66384660-2dd7-4754-be89-75ad902a0139	2565554	0.5501607050722949	medium	Sphingobium sp. PAMC28499	Bacteria
2d1360e6-9afa-4244-960b-1fd3322c8e1b	2565554	0.5501607050722923	medium	Sphingobium sp. PAMC28499	Bacteria
943e3d65-69fd-467d-a265-b81facd04cf3	2565554	0.5501607050722923	medium	Sphingobium sp. PAMC28499	Bacteria
99bf63d2-5894-47aa-872b-7798a82a1403	2565554	0.5501607050722914	medium	Sphingobium sp. PAMC28499	Bacteria
a9312c5b-52ab-44be-80ec-291cfc926053	2565554	0.5501607050722923	medium	Sphingobium sp. PAMC28499	Bacteria
f2cdfe4a-5df2-41fa-94f2-ae82fbbd0d03	2565554	0.5501607050722923	medium	Sphingobium sp. PAMC28499	Bacteria
f9b31b4c-c08f-4a37-8e61-e5520c5bb3ba	2565554	0.5501607050722926	medium	Sphingobium sp. PAMC28499	Bacteria
5a0a6048-e429-4783-b79e-a06ebd2e8226	2565554	0.5501607050722923	medium	Sphingobium sp. PAMC28499	Bacteria
75215537-4a68-487d-9167-76c81d5a0565	2565554	0.5501607050722923	medium	Sphingobium sp. PAMC28499	Bacteria
5769c06f-15ea-427f-8151-cfa88b6e6bfb	2565554	0.5501607050722925	medium	Sphingobium sp. PAMC28499	Bacteria
cc475eb0-2f80-4773-b52e-67a894456bf0	2565554	0.5501607050722932	medium	Sphingobium sp. PAMC28499	Bacteria
43624681-4682-4de7-a019-69770e36a103	2565554	0.5501607050722932	medium	Sphingobium sp. PAMC28499	Bacteria
d208c546-73b6-4d38-8cd2-f4e4c9496716	2565554	0.5501607050722932	medium	Sphingobium sp. PAMC28499	Bacteria
6fc29349-559c-432d-9e38-27eaa9fdd6d1	2565554	0.5501607050722925	medium	Sphingobium sp. PAMC28499	Bacteria
9a2bfaef-fc85-462d-8937-84028c0ab97b	2565554	0.5501607050722932	medium	Sphingobium sp. PAMC28499	Bacteria
c1ebafa8-a710-41c8-aacd-d1f743ccac6f	2565554	0.5501607050722923	medium	Sphingobium sp. PAMC28499	Bacteria
db1928c2-3e54-4b13-a3f6-2f3614b218f5	2565554	0.5501607050722949	medium	Sphingobium sp. PAMC28499	Bacteria
5fd7c4df-34c3-4004-9fe4-f44e6df3d0d9	2565554	0.5501607050722923	medium	Sphingobium sp. PAMC28499	Bacteria
54cdc9de-ccbd-4292-a070-4e9fcc036cf7	2565554	0.5501607050722923	medium	Sphingobium sp. PAMC28499	Bacteria
c43c9532-c555-4121-8e1e-932bf7b6d53c	2565554	0.5501607050722923	medium	Sphingobium sp. PAMC28499	Bacteria
80c4245e-88e0-43f5-8f42-499258a109c6	2565554	0.5501607050722923	medium	Sphingobium sp. PAMC28499	Bacteria
c8010320-34db-4296-a358-88f4c1fc2b6c	2565554	0.5501607050722923	medium	Sphingobium sp. PAMC28499	Bacteria
b4f89967-c692-4330-ab2c-6151fa97e052	2565554	0.5501607050722923	medium	Sphingobium sp. PAMC28499	Bacteria
5eb65722-1f00-4e0f-bd2c-5f4b67797b68	2565554	0.5501607050722923	medium	Sphingobium sp. PAMC28499	Bacteria
ac724be8-a6f5-40f8-9a25-7f35c4806b0c	2565554	0.5501607050722925	medium	Sphingobium sp. PAMC28499	Bacteria
51dea999-daf1-408c-ae76-f296b64af604	2565554	0.5501607050722923	medium	Sphingobium sp. PAMC28499	Bacteria
8ca0c33f-6511-405c-b546-5291ca19f4dd	2565554	0.5501607050722923	medium	Sphingobium sp. PAMC28499	Bacteria
a58d3d8a-ef66-4951-9657-3f5b073f637d	2565554	0.5501607050722914	medium	Sphingobium sp. PAMC28499	Bacteria
a48a1aab-7eb1-452e-b347-94f675218811	2565554	0.6259160465859767	medium	Sphingobium sp. PAMC28499	Bacteria
68bcaced-f594-4672-b7b3-819319536c9c	2565554	0.5501607050722926	medium	Sphingobium sp. PAMC28499	Bacteria
50409d29-281c-43ba-9b39-4a80a5d11715	2565554	0.5501607050722914	medium	Sphingobium sp. PAMC28499	Bacteria
80db229b-55a4-4682-97f2-6bea6b0cf5cc	2565554	0.5501607050722932	medium	Sphingobium sp. PAMC28499	Bacteria
710cc114-9550-4adf-af7c-8e2f757336c6	2565554	0.5501607050722925	medium	Sphingobium sp. PAMC28499	Bacteria
08226eb8-8a68-4f14-8024-8bee2236e9b4	2565554	0.5501607050722923	medium	Sphingobium sp. PAMC28499	Bacteria
a56efc67-77af-4779-947f-e65d373d59e3	2565554	0.5501607050722949	medium	Sphingobium sp. PAMC28499	Bacteria
19f25f33-c996-48ab-943a-38614ac4480d	2565554	0.5501607050722923	medium	Sphingobium sp. PAMC28499	Bacteria
cdc82509-4208-4761-853f-89068393295a	2565554	0.5501607050722923	medium	Sphingobium sp. PAMC28499	Bacteria
ebf4a033-f667-4f39-a57a-322cd4835396	2565554	0.5501607050722923	medium	Sphingobium sp. PAMC28499	Bacteria
b980459b-1aca-4c01-b827-ab34f8a09121	2565554	0.5501607050722923	medium	Sphingobium sp. PAMC28499	Bacteria
c301f2c5-ffef-4277-b2b8-1c03b6e84fd0	2565554	0.5501607050722923	medium	Sphingobium sp. PAMC28499	Bacteria
8ce7af7e-655d-47e9-b0a1-39be31e7a749	2565554	0.5501607050722923	medium	Sphingobium sp. PAMC28499	Bacteria
098d5fcc-fc41-48d8-847c-b397d56dbada	2565554	0.5501607050722932	medium	Sphingobium sp. PAMC28499	Bacteria
b170ff7e-5f08-48d0-8385-902a343d79f6	2565554	0.5501607050722926	medium	Sphingobium sp. PAMC28499	Bacteria
813f65f8-7dc7-4b38-8186-1a2ae291b4d3	2565554	0.5501607050722923	medium	Sphingobium sp. PAMC28499	Bacteria
7fd9e2a6-56d7-47a7-9f0f-e29ea3d4e7c0	2565554	0.5501607050722925	medium	Sphingobium sp. PAMC28499	Bacteria
7bd7e1ac-4374-4d79-bf3c-8df8e5a3e5fb	2565554	0.5501607050722914	medium	Sphingobium sp. PAMC28499	Bacteria
29462975-549d-417a-b407-50e09fd6570d	2565554	0.5501607050722949	medium	Sphingobium sp. PAMC28499	Bacteria
2276152b-769c-4231-8b81-67e96a04e2d3	2565554	0.7185428091453657	medium	Sphingobium sp. PAMC28499	Bacteria
41643e17-1789-4ab7-8136-2ae1f47d9a06	2565554	0.5501607050722923	medium	Sphingobium sp. PAMC28499	Bacteria
f4dbbe40-0b7d-4fcb-b0e7-cfe67b88681e	2565554	0.5501607050722926	medium	Sphingobium sp. PAMC28499	Bacteria
69580e96-f3b9-4588-9fac-82702ddc65f3	2565554	0.5501607050722923	medium	Sphingobium sp. PAMC28499	Bacteria
0d97bdb3-5a03-4dcf-a3aa-74d56291555a	2565554	0.5501607050722923	medium	Sphingobium sp. PAMC28499	Bacteria
68774adc-e8fd-444e-8465-021f769676e0	2565554	0.5501607050722923	medium	Sphingobium sp. PAMC28499	Bacteria
253cb4ed-0b9c-4a19-8fed-85f028b80aaf	2565554	0.5501607050722949	medium	Sphingobium sp. PAMC28499	Bacteria
c625c38c-aff0-4f73-bcfe-0d56270ba5ab	2565554	0.5501607050722923	medium	Sphingobium sp. PAMC28499	Bacteria
a710ad4d-1f31-4f2c-b625-48caac8ab3da	2565554	0.5501607050722923	medium	Sphingobium sp. PAMC28499	Bacteria
4b14c21c-c2fd-490f-9d2e-227d93018615	2565554	0.5501607050722923	medium	Sphingobium sp. PAMC28499	Bacteria
3a81390b-bd7e-4f39-a642-9796b5da5076	2565554	0.5501607050722923	medium	Sphingobium sp. PAMC28499	Bacteria
7523b237-b9f3-401f-a19e-faeaad448fb5	2565554	0.5501607050722923	medium	Sphingobium sp. PAMC28499	Bacteria
dfe6b20a-b458-4220-b8ce-048d0975e241	2565554	0.5501607050722923	medium	Sphingobium sp. PAMC28499	Bacteria
e699590d-cedf-4a35-b5d7-34878fe93a9f	2565554	0.5501607050722923	medium	Sphingobium sp. PAMC28499	Bacteria
201c2731-f6fb-44f3-a079-a639ed0582d5	2565554	0.5501607050722926	medium	Sphingobium sp. PAMC28499	Bacteria
68104bd4-9fc3-4ab7-8e73-78af9b28e49c	2565554	0.5501607050722914	medium	Sphingobium sp. PAMC28499	Bacteria
2b53a9bb-041e-466f-8ba7-47d0acce2a5d	2565554	0.5501607050722926	medium	Sphingobium sp. PAMC28499	Bacteria
98cd4b59-4efe-4a80-8f8e-74c6e16bd874	2565554	0.5501607050722925	medium	Sphingobium sp. PAMC28499	Bacteria
6447db8c-bb2f-4ed9-807e-5d3c766011eb	2565554	0.5501607050722923	medium	Sphingobium sp. PAMC28499	Bacteria
c51f3783-7bdc-413e-8cd6-0c539906259c	2565554	0.5501607050722923	medium	Sphingobium sp. PAMC28499	Bacteria
5a43f46c-0354-4faf-bda1-7290c7d31b81	2565554	0.5501607050722926	medium	Sphingobium sp. PAMC28499	Bacteria
a8d12b3c-1a7a-476e-a38b-f4f125514681	2565554	0.5501607050722923	medium	Sphingobium sp. PAMC28499	Bacteria
aadba5bc-93c0-4390-863b-151b04d9a1fc	2565554	0.5501607050722923	medium	Sphingobium sp. PAMC28499	Bacteria
d631fd2f-24d0-4cae-a07b-eb939b65d343	2565554	0.5501607050722914	medium	Sphingobium sp. PAMC28499	Bacteria
f5a5fbd8-8d22-47c7-b492-dbaab6397742	2565554	0.5501607050722923	medium	Sphingobium sp. PAMC28499	Bacteria
f34ed788-7257-4443-988e-b1460708b13d	2565554	0.5501607050722932	medium	Sphingobium sp. PAMC28499	Bacteria
31878273-2289-412c-b1be-bd15669c4e14	2565554	0.5501607050722926	medium	Sphingobium sp. PAMC28499	Bacteria
07e75baf-1328-4552-8a07-8979455a768f	2565554	0.5501607050722914	medium	Sphingobium sp. PAMC28499	Bacteria
9cefe353-8803-46f6-aa65-22017ee26c91	2565554	0.5501607050722923	medium	Sphingobium sp. PAMC28499	Bacteria
96813678-fcdb-4459-8ea0-dc0d4a650d6f	2565554	0.5501607050722923	medium	Sphingobium sp. PAMC28499	Bacteria
71fae1a2-6503-491a-bd1b-ad9a44f0ae75	2565554	0.5501607050722925	medium	Sphingobium sp. PAMC28499	Bacteria
3b9ea2a2-8371-41a8-85dc-d344a37ee15b	2565554	0.6388131241626923	medium	Sphingobium sp. PAMC28499	Bacteria
b1db4104-d6a8-4ab7-92c9-2c0e8f2008ff	2565554	0.5501607050722925	medium	Sphingobium sp. PAMC28499	Bacteria
9cbf2bb8-5617-44c5-882d-5d5b40795091	2565554	0.5501607050722923	medium	Sphingobium sp. PAMC28499	Bacteria
87d62d5e-02af-428a-8e5c-24f3a0862819	2565554	0.5501607050722923	medium	Sphingobium sp. PAMC28499	Bacteria
c5e478e4-ccdb-4983-9538-90620aee4df5	2565554	0.5501607050722923	medium	Sphingobium sp. PAMC28499	Bacteria
f1baf19f-3519-4195-9192-bef928e35afd	2565554	0.5501607050722914	medium	Sphingobium sp. PAMC28499	Bacteria
fc095dcc-bea6-4f4b-87fc-9dd8f52ba168	2565554	0.5501607050722932	medium	Sphingobium sp. PAMC28499	Bacteria
f17190ba-7674-4af8-a57b-61d81c28b979	2565554	0.5501607050722932	medium	Sphingobium sp. PAMC28499	Bacteria
951c1866-07bd-4f8c-b0df-507dcda0a23d	2565554	0.5501607050722949	medium	Sphingobium sp. PAMC28499	Bacteria
8360fe9f-51f9-4092-b7f2-c21dc5b52597	2565554	0.5501607050722923	medium	Sphingobium sp. PAMC28499	Bacteria
aa2a25b6-becc-469e-bd4a-f62c0f3fc1f3	2565554	0.8862057282299535	high	Sphingobium sp. PAMC28499	Bacteria
ee079f79-8b13-471a-b79d-6530b72a5550	2565554	0.5501607050722923	medium	Sphingobium sp. PAMC28499	Bacteria
e1a34226-1cac-4009-9015-08b91489b6fa	2565554	0.5501607050722926	medium	Sphingobium sp. PAMC28499	Bacteria
4e22666a-2b1f-4da7-9a65-a5684d02957c	2565554	0.5501607050722926	medium	Sphingobium sp. PAMC28499	Bacteria
6149ba18-15dd-442d-a436-5c173dc23bf9	2565554	0.5501607050722925	medium	Sphingobium sp. PAMC28499	Bacteria
66846902-ff51-4783-9b33-c4dafaab0ec2	2565554	0.6385980981709782	medium	Sphingobium sp. PAMC28499	Bacteria
719e715f-c83c-4056-8e50-650e93c924ec	2565554	0.5501607050722923	medium	Sphingobium sp. PAMC28499	Bacteria
3aa4f69b-443f-423b-adcb-bc5dc15372b1	2565554	0.5501607050722932	medium	Sphingobium sp. PAMC28499	Bacteria
dab610a2-8e69-4dc0-8189-8cd153766d42	2565554	0.5501607050722926	medium	Sphingobium sp. PAMC28499	Bacteria
6e2ecd37-20ac-44d2-bc1a-3d53a87cdc57	2565554	0.5501607050722914	medium	Sphingobium sp. PAMC28499	Bacteria
8c06f075-ce84-44bd-b3ff-3634c78a8e54	2565554	0.5501607050722923	medium	Sphingobium sp. PAMC28499	Bacteria
bc583fdd-2b11-4a8f-b86e-57b54597e59f	2565554	0.5501607050722926	medium	Sphingobium sp. PAMC28499	Bacteria
7e74e11f-d762-4972-9bf8-56bee333042a	2565554	0.5501607050722923	medium	Sphingobium sp. PAMC28499	Bacteria
4c6f5da6-6319-4e4d-9915-6cf9b413efd1	2565554	0.5501607050722932	medium	Sphingobium sp. PAMC28499	Bacteria
c65421cb-71db-4367-8ef6-c3fcc6ee4ea5	10003216	1.0	confident	Sphingobium yanoikuyae	Bacteria
ad16e1f6-201b-49f3-943c-cbbbd36b13e7	2565554	0.5501607050722925	medium	Sphingobium sp. PAMC28499	Bacteria
8c2f2a8b-a713-430d-b19d-d5f9d0594bbf	2565554	0.5501607050722949	medium	Sphingobium sp. PAMC28499	Bacteria
8f904c4a-4ab7-412f-95f2-2383c3c364e6	2565554	0.5501607050722914	medium	Sphingobium sp. PAMC28499	Bacteria
336e1391-7816-4e0c-9ff8-2f6350d16c1a	2565554	0.5501607050722926	medium	Sphingobium sp. PAMC28499	Bacteria
015ba81d-b2c6-43cb-9cec-8e502814f926	2565554	0.5501607050722914	medium	Sphingobium sp. PAMC28499	Bacteria
eaa2f1b0-53e4-4a2e-b884-b3f2ca822a33	2565554	0.5501607050722923	medium	Sphingobium sp. PAMC28499	Bacteria
222fdf4a-befd-44d4-bb55-cb64140842ef	2565554	0.5501607050722925	medium	Sphingobium sp. PAMC28499	Bacteria
8246f0b6-894a-448c-b20f-b52500919262	2565554	0.5501607050722923	medium	Sphingobium sp. PAMC28499	Bacteria
8310adec-c61b-4bf5-9868-807b464b2328	2565554	0.5501607050722949	medium	Sphingobium sp. PAMC28499	Bacteria
de716e77-58e5-4f12-b505-a8feebc1ed78	2565554	0.5501607050722923	medium	Sphingobium sp. PAMC28499	Bacteria
ea28e7d9-1107-471c-97bb-b1c26130ba4b	2565554	0.5501607050722949	medium	Sphingobium sp. PAMC28499	Bacteria
5335818c-5be8-4bea-a68a-302dfa6b3801	2565554	0.5501607050722923	medium	Sphingobium sp. PAMC28499	Bacteria
55c5e30d-72d7-4f02-8b73-84448fdf85b3	2565554	0.5501607050722926	medium	Sphingobium sp. PAMC28499	Bacteria
fa8d32cd-eb9f-4716-9c35-e7da66d68443	2565554	0.5501607050722923	medium	Sphingobium sp. PAMC28499	Bacteria
fb968dab-779e-4672-b592-64658bdcdaf9	2565554	0.5501607050722923	medium	Sphingobium sp. PAMC28499	Bacteria
87cb358b-bcb8-4dc6-a3fa-c3dbaedcbaeb	2565554	0.5501607050722923	medium	Sphingobium sp. PAMC28499	Bacteria
d1816f1b-8038-474c-91fe-8920b5022bef	2565554	0.5501607050722923	medium	Sphingobium sp. PAMC28499	Bacteria
259f7627-363a-4c4f-ac59-fcc4f2df3859	2565554	0.5501607050722932	medium	Sphingobium sp. PAMC28499	Bacteria
f10f3678-ba55-45b8-80dd-bae391eca6ef	2565554	0.5501607050722925	medium	Sphingobium sp. PAMC28499	Bacteria
6164d40b-4771-46ab-82b4-e71b52cd704a	2565554	0.5501607050722923	medium	Sphingobium sp. PAMC28499	Bacteria
12487bc1-b0af-4c8b-ba64-04475c17db6c	2565554	0.5501607050722932	medium	Sphingobium sp. PAMC28499	Bacteria
44544474-27d0-47eb-a9b7-340cf17fc2cd	2565554	0.718542659527853	medium	Sphingobium sp. PAMC28499	Bacteria
e0eb53cb-39bc-4f15-8ec7-286b8c9e94dc	2565554	0.5501607050722923	medium	Sphingobium sp. PAMC28499	Bacteria
b219d272-6411-4f48-9c5d-fc468932bb0d	2565554	0.5501607050722923	medium	Sphingobium sp. PAMC28499	Bacteria
cbb1c236-74bf-497c-98f6-3724a2968a0c	2565554	0.5501607050722923	medium	Sphingobium sp. PAMC28499	Bacteria
34ef7db2-4887-4528-9228-4526ee6a9f97	2565554	0.5501607050722923	medium	Sphingobium sp. PAMC28499	Bacteria
41c90b0c-8cfa-4e9c-bd3c-4b2680175c26	2565554	0.5501607050722923	medium	Sphingobium sp. PAMC28499	Bacteria
c96e1a19-a503-4db0-bd03-de085ed2010b	2565554	0.5501607050722926	medium	Sphingobium sp. PAMC28499	Bacteria
d084a018-f2df-4dbf-a24c-683022f789bd	2565554	0.5501607050722923	medium	Sphingobium sp. PAMC28499	Bacteria
6a76367c-4db6-49d4-9512-57dc894889d3	2565554	0.5501607050722923	medium	Sphingobium sp. PAMC28499	Bacteria
7a8e9caf-8728-49b1-b666-563038b8ada3	2565554	0.5501607050722923	medium	Sphingobium sp. PAMC28499	Bacteria
e63d44b9-80e2-4a27-add0-486ee7566c9e	2565554	0.5501607050722932	medium	Sphingobium sp. PAMC28499	Bacteria
89c3e050-7e76-464b-8de5-83f7939e703b	2565554	0.5501607050722923	medium	Sphingobium sp. PAMC28499	Bacteria
ce609333-4403-4b86-be4a-98f24060ebce	2565554	0.5501607050722932	medium	Sphingobium sp. PAMC28499	Bacteria
74a17997-2c01-4207-9b69-b52609e8b7f2	2565554	0.5501607050722923	medium	Sphingobium sp. PAMC28499	Bacteria
8bc70232-3ec7-4dc7-a0fc-41c8d333f956	2565554	0.5501607050722925	medium	Sphingobium sp. PAMC28499	Bacteria
28b4853b-9084-4df9-a043-6c5ee16403ca	2565554	0.5501607050722932	medium	Sphingobium sp. PAMC28499	Bacteria
f105b506-0122-4689-9e17-118b94f120d1	2565554	0.5501607050722949	medium	Sphingobium sp. PAMC28499	Bacteria
610f503f-0db9-4412-9302-b8a1ad2b6d78	2565554	0.5501607050722923	medium	Sphingobium sp. PAMC28499	Bacteria
c0dcc9d7-0429-4420-b8f3-59dcb6b6bd56	2565554	0.5501607050722923	medium	Sphingobium sp. PAMC28499	Bacteria
bc508deb-6247-464b-a5bb-aa7fcc16363c	2565554	0.640610871637878	medium	Sphingobium sp. PAMC28499	Bacteria
1e02d7b0-b5a2-4336-96a0-5ec244a96e5f	2565554	0.5501607050722923	medium	Sphingobium sp. PAMC28499	Bacteria
a7316587-ec76-4f40-9c29-3cfaac920b92	2565554	0.5501607050722926	medium	Sphingobium sp. PAMC28499	Bacteria
9811e333-253e-434a-ab61-ae7681bc83a9	2565554	0.5501607050722923	medium	Sphingobium sp. PAMC28499	Bacteria
ec786c12-cbdc-4a1c-a1bb-9fecccdb29c4	2565554	0.5501607050722923	medium	Sphingobium sp. PAMC28499	Bacteria
5f81b0ea-86ee-46c7-b267-fc4b370c6055	2565554	0.5501607050722949	medium	Sphingobium sp. PAMC28499	Bacteria
e008b210-67a0-4730-80ab-7d182aefe1c2	2565554	0.5501607050722926	medium	Sphingobium sp. PAMC28499	Bacteria
2167ae60-43af-43a2-ba55-91b3f0bc96d1	2565554	0.5501607050722932	medium	Sphingobium sp. PAMC28499	Bacteria
9c0179da-8356-4e54-b848-1acc22785ddc	2565554	0.5501607050722923	medium	Sphingobium sp. PAMC28499	Bacteria
93de687e-4c0d-47e2-90bb-76ccdac6b948	2565554	0.5501607050722925	medium	Sphingobium sp. PAMC28499	Bacteria
113023c7-b22e-4869-90c5-9bb29d03f46b	2565554	0.5501607050722914	medium	Sphingobium sp. PAMC28499	Bacteria
a18a496b-34ce-4f15-823a-37ad7521ccc5	2565554	0.5501607050722923	medium	Sphingobium sp. PAMC28499	Bacteria
cfc60d58-23d2-4503-b009-a95c7b8c73f0	2565554	0.5501607050722923	medium	Sphingobium sp. PAMC28499	Bacteria
ca5a6007-8b7f-4096-8df8-66488b16bab3	2565554	0.5501607050722925	medium	Sphingobium sp. PAMC28499	Bacteria
dc1da1b7-0423-495d-bfbb-0856422ceee4	2565554	0.5501607050722932	medium	Sphingobium sp. PAMC28499	Bacteria
44cbadc1-281d-4215-a779-fc07bf251ab2	2565554	0.5501607050722923	medium	Sphingobium sp. PAMC28499	Bacteria
1ffc52ab-2a28-4f3f-8507-09d36dc819c9	2565554	0.5501607050722949	medium	Sphingobium sp. PAMC28499	Bacteria
ee01c58b-c848-4c13-9f56-f00686c01d4b	2565554	0.5501607050722914	medium	Sphingobium sp. PAMC28499	Bacteria
3601da9f-6b28-4c3d-b87d-e76e407d9030	2565554	0.5501607050722932	medium	Sphingobium sp. PAMC28499	Bacteria
d7c394c9-63cf-4f59-85f3-fc66501f78e9	2565554	0.5501607050722923	medium	Sphingobium sp. PAMC28499	Bacteria
351bcb0f-b4b1-4bbd-a94b-de562610d9cf	2565554	0.5501607050722923	medium	Sphingobium sp. PAMC28499	Bacteria
18e0be47-4987-4c30-992f-70d438a46642	2565554	0.5501607050722925	medium	Sphingobium sp. PAMC28499	Bacteria
05b9246a-6a7f-42e9-8813-91370863e14f	2565554	0.5501607050722926	medium	Sphingobium sp. PAMC28499	Bacteria
3cd5b058-d84b-4c1a-acd8-db54b3cf5683	2565554	0.5501607050722926	medium	Sphingobium sp. PAMC28499	Bacteria
d03f83d4-f53f-4b67-bdfa-94593f63e61b	2565554	0.5501607050722949	medium	Sphingobium sp. PAMC28499	Bacteria
add175d5-f734-4e6f-83c1-1baf3a67ff38	2565554	0.5501607050722923	medium	Sphingobium sp. PAMC28499	Bacteria
aaee8fee-f0bd-44e7-a035-62643e762e39	2565554	0.5501607050722926	medium	Sphingobium sp. PAMC28499	Bacteria
a9ce6c17-2986-4b7f-8a2d-71f7db7a5c0d	2565554	0.5501607050722923	medium	Sphingobium sp. PAMC28499	Bacteria
ef8f5e23-94d0-4572-8b2d-424ece3a6a41	2565554	0.5501607050722923	medium	Sphingobium sp. PAMC28499	Bacteria
01df8cb1-f079-427e-ab79-3355971a6e5a	2565554	0.5501607050722926	medium	Sphingobium sp. PAMC28499	Bacteria
94b78604-12a5-4933-891b-1657bc44853a	2565554	0.5501607050722923	medium	Sphingobium sp. PAMC28499	Bacteria
40caaa3d-985d-4f89-b03f-7d8a837075b1	2565554	0.5501607050722925	medium	Sphingobium sp. PAMC28499	Bacteria
b8a45d14-0cc7-4bb4-8803-4923723bc541	2565554	0.5501607050722926	medium	Sphingobium sp. PAMC28499	Bacteria
1ea8aae3-eb62-4909-b63d-41b6a0d7fe6f	2565554	0.5501607050722923	medium	Sphingobium sp. PAMC28499	Bacteria
d232fb02-17d5-445d-9f14-b1eca2103791	2565554	0.5501607050722932	medium	Sphingobium sp. PAMC28499	Bacteria
218c2a3c-8d91-465a-b137-70b40ec72446	2565554	0.5501607050722926	medium	Sphingobium sp. PAMC28499	Bacteria
118fd4dd-4357-45bf-b479-51facdb48a15	2565554	0.5501607050722923	medium	Sphingobium sp. PAMC28499	Bacteria
9204a2d9-310e-4799-94a3-a6c1af047982	2565554	0.5501607050722923	medium	Sphingobium sp. PAMC28499	Bacteria
f0eee48d-55db-4c2d-87b8-ab37cc2ce0ea	2565554	0.5501607050722914	medium	Sphingobium sp. PAMC28499	Bacteria
59a7cd84-cb00-4aff-a87a-9294dc0d1f90	2565554	0.5501607050722923	medium	Sphingobium sp. PAMC28499	Bacteria
abf9370a-74ed-4d9a-9221-f5a7ec549818	2565554	0.5501607050722923	medium	Sphingobium sp. PAMC28499	Bacteria
488ba31e-4a20-4be7-a8c3-139c55f4cc49	2565554	0.5501607050722923	medium	Sphingobium sp. PAMC28499	Bacteria
d32e22b0-43bb-4030-9bd4-d45dd83954c5	2565554	0.5501607050722926	medium	Sphingobium sp. PAMC28499	Bacteria
3760d455-1e3c-4524-97e1-d407238b8c23	2565554	0.5501607050722923	medium	Sphingobium sp. PAMC28499	Bacteria
b9fd2b66-553a-4302-be18-5026f7371137	2565554	0.5501607050722949	medium	Sphingobium sp. PAMC28499	Bacteria
de18d1d4-6b12-42b5-b7ac-b901fc55cdd0	2565554	0.5501607050722923	medium	Sphingobium sp. PAMC28499	Bacteria
f18f99ff-4ab7-4b3e-a488-70adc0495be9	2565554	0.5501607050722926	medium	Sphingobium sp. PAMC28499	Bacteria
5092b894-d846-4122-9783-3e0d742f0ecd	2565554	0.5501607050722932	medium	Sphingobium sp. PAMC28499	Bacteria
3ec33974-c0b7-47c0-860b-bf4446a7e8c2	2565554	0.5501607050722923	medium	Sphingobium sp. PAMC28499	Bacteria
e53e39ad-a7e6-457b-8908-ab0ef4c3f19b	2565554	0.5501607050722923	medium	Sphingobium sp. PAMC28499	Bacteria
0eeab983-0ff9-41f8-8890-f7d62cde1aa7	2565554	0.5501607050722926	medium	Sphingobium sp. PAMC28499	Bacteria
c74fa116-e53c-4d64-9f2a-0c510f04fb02	2565554	0.5501607050722923	medium	Sphingobium sp. PAMC28499	Bacteria
28ef5e7f-b438-4f13-b3ec-d94a61807954	2565554	0.5501607050722926	medium	Sphingobium sp. PAMC28499	Bacteria
f6ea1aad-e690-4dd5-a7c4-e747b1d1acd9	2565554	0.5501607050722926	medium	Sphingobium sp. PAMC28499	Bacteria
4a899288-4766-4240-afbd-275b04159b3f	2565554	0.5501607050722923	medium	Sphingobium sp. PAMC28499	Bacteria
5746cbdb-fffc-49cb-9770-ef3daebf0ee6	10003216	0.6305561370860941	medium	Sphingobium yanoikuyae	Bacteria
fdd60822-f019-41e6-bb0d-4689a8f3442e	2565554	0.5501607050722949	medium	Sphingobium sp. PAMC28499	Bacteria
7a97dff1-474c-44a3-b0aa-da03f3ccdaa2	2565554	0.5501607050722923	medium	Sphingobium sp. PAMC28499	Bacteria
5e93610a-d723-451c-9cbc-20213be9cbf4	2565554	0.5501607050722923	medium	Sphingobium sp. PAMC28499	Bacteria
b18268da-5e2f-46c4-aa5e-4fb09277f4ac	2565554	0.5501607050722923	medium	Sphingobium sp. PAMC28499	Bacteria
7d338d9b-2065-481a-87f4-7124c670f064	2565554	0.5501607050722923	medium	Sphingobium sp. PAMC28499	Bacteria
e6962f80-ea75-4398-94f1-5faaa1507af1	2565554	0.5501607050722923	medium	Sphingobium sp. PAMC28499	Bacteria
17b80fc0-a363-4807-9bba-c357c404a554	2565554	0.5501607050722926	medium	Sphingobium sp. PAMC28499	Bacteria
21d4640d-cd95-4dbb-841c-b9094e2ce727	2565554	0.5501607050722923	medium	Sphingobium sp. PAMC28499	Bacteria
470b73f2-23d2-44c4-b694-028b9f81ac67	2565554	0.5501607050722923	medium	Sphingobium sp. PAMC28499	Bacteria
2db743ea-5c7d-4461-9349-02416f5523cb	2565554	0.5501607050722932	medium	Sphingobium sp. PAMC28499	Bacteria
240a9e83-3d09-4cb6-b53e-fbb1d445decb	2565554	0.5501607050722932	medium	Sphingobium sp. PAMC28499	Bacteria
8b49b15c-9ff4-4794-bc2a-1093abc0a38b	2565554	0.5501607050722923	medium	Sphingobium sp. PAMC28499	Bacteria
a194160d-f90b-4a93-b78c-5c6fc812b353	2565554	0.5501607050722923	medium	Sphingobium sp. PAMC28499	Bacteria
9ea86068-87e8-4e28-9432-fda36d3f3fd4	2565554	0.5501607050722923	medium	Sphingobium sp. PAMC28499	Bacteria
eb8d5578-7c5a-4784-ab1b-4de695d0dc37	2565554	0.5501607050722923	medium	Sphingobium sp. PAMC28499	Bacteria
175f5c23-33d3-43de-8595-9adb3d1185e2	2565554	0.5501607050722923	medium	Sphingobium sp. PAMC28499	Bacteria
8dfe5bb9-8af4-464b-b697-4ad10b8ca831	2565554	0.8855828123296058	high	Sphingobium sp. PAMC28499	Bacteria
10699fe0-383e-4755-ae56-6a942aa3a50b	2565554	0.5501607050722923	medium	Sphingobium sp. PAMC28499	Bacteria
3fd4b676-3337-4a06-bb17-f1a34c437055	2565554	0.5501607050722949	medium	Sphingobium sp. PAMC28499	Bacteria
854bf805-093d-41f7-8d0b-6dee93757034	2565554	0.5501607050722932	medium	Sphingobium sp. PAMC28499	Bacteria
dc140841-2cf6-488e-8565-d2cddbc0a391	2565554	0.5501607050722923	medium	Sphingobium sp. PAMC28499	Bacteria
858a91a9-28a2-4c64-9886-80d0bb7e335c	2565554	0.5501607050722949	medium	Sphingobium sp. PAMC28499	Bacteria
d9978332-1476-4208-826b-7a51466cb846	2565554	0.5501607050722914	medium	Sphingobium sp. PAMC28499	Bacteria
9f4418f4-527d-43dc-b424-7ea6d7a2953d	2565554	0.5501607050722923	medium	Sphingobium sp. PAMC28499	Bacteria
17f893af-6f25-4cee-ae4b-b6fd2dcd8f85	2565554	0.5501607050722925	medium	Sphingobium sp. PAMC28499	Bacteria
0319e3f4-cf53-47b7-8bd6-2611e27e534c	2565554	0.5501607050722923	medium	Sphingobium sp. PAMC28499	Bacteria
13235de1-8e03-4663-83d6-df2780e740ac	2565554	0.5501607050722923	medium	Sphingobium sp. PAMC28499	Bacteria
392c9422-a923-41a0-bc0c-653645d8fb5f	2565554	0.5501607050722932	medium	Sphingobium sp. PAMC28499	Bacteria
360f6570-a671-43a0-b5e3-c2a432be9bc3	2565554	0.5501607050722923	medium	Sphingobium sp. PAMC28499	Bacteria
9fbcd78e-23dd-4a46-adf9-b678cdfe396c	2565554	0.5501607050722926	medium	Sphingobium sp. PAMC28499	Bacteria
0cb53050-8470-481a-a689-7b1cd9a5bbe8	2565554	0.5501607050722923	medium	Sphingobium sp. PAMC28499	Bacteria
a60ba131-84ba-476e-b026-9c08a5c17a21	2565554	0.5501607050722926	medium	Sphingobium sp. PAMC28499	Bacteria
b1e416dd-9042-4e8a-b350-443487fbcecd	2565554	0.5501607050722923	medium	Sphingobium sp. PAMC28499	Bacteria
255eee6c-1013-434f-8c10-a7c11a5cc5e1	2565554	0.5501607050722932	medium	Sphingobium sp. PAMC28499	Bacteria
fcd83158-b7dd-4d34-95d6-6e42db88d635	10003216	1.0	confident	Sphingobium yanoikuyae	Bacteria
f95d412f-9cbe-46c4-8576-7f3793bd6486	2565554	0.5501607050722949	medium	Sphingobium sp. PAMC28499	Bacteria
72ecddf0-a4f3-4602-99ef-463029d95ef1	2565554	0.5501607050722932	medium	Sphingobium sp. PAMC28499	Bacteria
a3bedb0c-c63c-4369-8f11-bed13c93c091	2565554	0.5501607050722914	medium	Sphingobium sp. PAMC28499	Bacteria
fcb2de51-d41a-499c-8353-0903a5697bd0	2565554	0.5501607050722926	medium	Sphingobium sp. PAMC28499	Bacteria
ca6d8322-4cab-4972-bb83-2025e858eaec	2565554	0.5501607050722923	medium	Sphingobium sp. PAMC28499	Bacteria
693a82d2-d2aa-46ff-80b4-b4824f5edc49	2565554	0.5501607050722923	medium	Sphingobium sp. PAMC28499	Bacteria
e1a6b5b4-8914-4f3d-a38f-ecec05763b49	2565554	0.5501607050722914	medium	Sphingobium sp. PAMC28499	Bacteria
6a796406-98fa-4303-a1fe-2114e20abcf1	2565554	0.5501607050722923	medium	Sphingobium sp. PAMC28499	Bacteria
c75ec591-c464-4416-aa00-caca781f15d4	2565554	0.5501607050722923	medium	Sphingobium sp. PAMC28499	Bacteria
0940c7be-719b-45d0-aa8a-350a0460e415	2565554	0.5501607050722923	medium	Sphingobium sp. PAMC28499	Bacteria
411cf8c4-7bda-4a10-bedd-e1d66cbcd618	2565554	0.5501607050722932	medium	Sphingobium sp. PAMC28499	Bacteria
7b5dcbc8-7262-42f8-b8a7-e068b800b9e2	2565554	0.5501607050722923	medium	Sphingobium sp. PAMC28499	Bacteria
2118f8ee-4571-494d-890e-3dfc4c50155d	2565554	0.5501607050722923	medium	Sphingobium sp. PAMC28499	Bacteria
0f1ecd62-9001-4fb4-a4e5-0179a45237ff	2565554	0.5501607050722932	medium	Sphingobium sp. PAMC28499	Bacteria
ca80b1ea-6a5b-4d0d-b464-ca0e38b984c2	2565554	0.5501607050722925	medium	Sphingobium sp. PAMC28499	Bacteria
31037236-048d-4079-8ae5-9b968f82fb1f	2565554	0.5501607050722923	medium	Sphingobium sp. PAMC28499	Bacteria
81eeaae9-d43a-4d66-b458-2cab95372676	2565554	0.5501607050722923	medium	Sphingobium sp. PAMC28499	Bacteria
cf12b08a-eb21-4ade-9b4e-8fb147aa3710	2565554	0.5501607050722925	medium	Sphingobium sp. PAMC28499	Bacteria
1cfd92cc-2a41-450b-ba21-23cc8208cd67	2565554	0.5501607050722923	medium	Sphingobium sp. PAMC28499	Bacteria
e59eecfe-428e-4663-9e8a-982231e35ca9	2565554	0.5501607050722914	medium	Sphingobium sp. PAMC28499	Bacteria
6229498a-b494-4f5c-b826-d9197749e601	2565554	0.5501607050722923	medium	Sphingobium sp. PAMC28499	Bacteria
7d7ac5b6-2146-43b0-9506-3f32f966dd64	2565554	0.5501607050722923	medium	Sphingobium sp. PAMC28499	Bacteria
4de1973e-4c02-4f8b-981d-2f03bd33f2ca	2565554	0.5501607050722923	medium	Sphingobium sp. PAMC28499	Bacteria
5ba154db-4905-4d97-9097-40954e437809	2565554	0.5501607050722914	medium	Sphingobium sp. PAMC28499	Bacteria
c1237176-903b-4bb7-a818-f1385710178e	2565554	0.5501607050722923	medium	Sphingobium sp. PAMC28499	Bacteria
d1613313-4aae-4eb5-bc5f-6e5307d9843b	2565554	0.5501607050722926	medium	Sphingobium sp. PAMC28499	Bacteria
3acc05ae-8f83-49cd-93b2-0342a56bbf78	2565554	0.5501607050722926	medium	Sphingobium sp. PAMC28499	Bacteria
e43b9f2b-06d2-4f8e-b408-003b90ac6f6e	2565554	0.5501607050722923	medium	Sphingobium sp. PAMC28499	Bacteria
c5f5dc70-338d-4811-bc39-ebfa3e09469c	2565554	0.5501607050722926	medium	Sphingobium sp. PAMC28499	Bacteria
89e295da-d340-4328-90f8-c7fb8d6fa847	2565554	0.5501607050722925	medium	Sphingobium sp. PAMC28499	Bacteria
ec17fc8d-9f10-43a4-928f-00dba69f58ed	2565554	0.5501607050722914	medium	Sphingobium sp. PAMC28499	Bacteria
cd0ac564-401e-4450-b9e0-208f1df5a4ad	2565554	0.5501607050722932	medium	Sphingobium sp. PAMC28499	Bacteria
5cab2cb3-f1cc-49bf-8fb1-7918cb2d7edd	2565554	0.5501607050722923	medium	Sphingobium sp. PAMC28499	Bacteria
e870a382-e9bf-4f13-83a7-abf32fc31b41	2565554	0.5501607050722914	medium	Sphingobium sp. PAMC28499	Bacteria
fd2bcfff-375b-49c9-b638-ffb141a919d9	2565554	0.5501607050722932	medium	Sphingobium sp. PAMC28499	Bacteria
25bedb3f-63ed-4ffb-b774-1a1df64a16df	2565554	0.5501607050722923	medium	Sphingobium sp. PAMC28499	Bacteria
30581af8-0a98-4216-8298-c7c0e89f4614	2565554	0.5501607050722925	medium	Sphingobium sp. PAMC28499	Bacteria
ee060b7d-8863-496c-9c75-bcf0346c6c00	2565554	0.5501607050722923	medium	Sphingobium sp. PAMC28499	Bacteria
5814bb17-d6c9-4bf6-9e80-9f0db0096c54	2565554	0.5501607050722926	medium	Sphingobium sp. PAMC28499	Bacteria
dd83712d-ae2a-4080-8700-527cdd90dd92	2565554	0.5501607050722926	medium	Sphingobium sp. PAMC28499	Bacteria
f05b6e3e-5fdb-4030-8090-7eb151e979cf	2565554	0.5501607050722914	medium	Sphingobium sp. PAMC28499	Bacteria
b55a685d-5d8b-4bfa-9122-1ff0bcc86dde	10003216	0.7808583595595288	medium	Sphingobium yanoikuyae	Bacteria
e6e00008-49a6-4e88-943b-292722d9492d	2565554	0.5501607050722923	medium	Sphingobium sp. PAMC28499	Bacteria
127da376-61b5-4554-842b-452adababfc1	2565554	0.5501607050722949	medium	Sphingobium sp. PAMC28499	Bacteria
b183f5fd-1694-47e1-b571-04b7f63d098c	2565554	0.5501607050722926	medium	Sphingobium sp. PAMC28499	Bacteria
7f4abc31-2597-48bb-9a24-019ce5d99bf1	2565554	0.5501607050722925	medium	Sphingobium sp. PAMC28499	Bacteria
7e68365c-7681-495f-b860-2bfb1e18e405	2565554	0.5501607050722925	medium	Sphingobium sp. PAMC28499	Bacteria
69566632-60bd-4343-9bed-21969346c6e2	2565554	0.5501607050722923	medium	Sphingobium sp. PAMC28499	Bacteria
8c4c6f64-d025-467f-b4c3-c85e6685b13f	2565554	0.5501607050722949	medium	Sphingobium sp. PAMC28499	Bacteria
92a99d1b-6001-45c4-bf9a-49506a212c2a	2565554	0.5501607050722932	medium	Sphingobium sp. PAMC28499	Bacteria
c26c2677-8302-47dd-a772-d813723b3a7e	2565554	0.5501607050722914	medium	Sphingobium sp. PAMC28499	Bacteria
54e01a26-b9bd-4466-9e85-63ff25e54074	2565554	0.5501607050722949	medium	Sphingobium sp. PAMC28499	Bacteria
4633cbb9-a046-428b-83ec-7e7cab7d52d3	2565554	0.5501607050722949	medium	Sphingobium sp. PAMC28499	Bacteria
155eb829-e160-4454-833a-0780e9fe103c	2565554	0.5501607050722923	medium	Sphingobium sp. PAMC28499	Bacteria
fd5a27bf-c054-4bbc-b308-8d98957b3283	2565554	0.5501607050722923	medium	Sphingobium sp. PAMC28499	Bacteria
121c2c4d-8d66-407f-b2f0-015dbe8653aa	2565554	0.639536723650713	medium	Sphingobium sp. PAMC28499	Bacteria
0a57cab2-5f78-416b-9899-7032d7f0e1ac	2565554	0.5501607050722932	medium	Sphingobium sp. PAMC28499	Bacteria
00c2ab21-6101-4a5a-b233-3e52e721795d	2565554	0.5501607050722932	medium	Sphingobium sp. PAMC28499	Bacteria
b6a48d6d-bc7a-4196-84dc-e5eee0df9f3e	2565554	0.5501607050722925	medium	Sphingobium sp. PAMC28499	Bacteria
57330155-44ac-4a54-af64-463f1d59f169	2565554	0.5501607050722923	medium	Sphingobium sp. PAMC28499	Bacteria
d24cf6b3-5982-4af7-9bb9-053a26f65f4a	2565554	0.5501607050722926	medium	Sphingobium sp. PAMC28499	Bacteria
012ff6f3-49e6-458a-aeaf-4b2c51fa657f	2565554	0.5501607050722923	medium	Sphingobium sp. PAMC28499	Bacteria
72b7d5fc-910a-47a2-bf56-ac2b4e577f06	2565554	0.5501607050722925	medium	Sphingobium sp. PAMC28499	Bacteria
2ef34fc0-622a-40d1-8f85-aaad77fde388	2565554	0.5501607050722932	medium	Sphingobium sp. PAMC28499	Bacteria
5b5bc00d-a204-43da-9278-5725c372cf5a	2565554	0.5501607050722923	medium	Sphingobium sp. PAMC28499	Bacteria
bfe4aef9-5c7b-47ef-9351-d51d94b9a744	2565554	0.5501607050722932	medium	Sphingobium sp. PAMC28499	Bacteria
19a145f6-46a9-4cf9-bb43-9bc754924537	2565554	0.5501607050722914	medium	Sphingobium sp. PAMC28499	Bacteria
d675ab49-64f1-490a-81ea-f365c9f20694	2565554	0.5501607050722932	medium	Sphingobium sp. PAMC28499	Bacteria
67f4246b-8949-456e-998b-d3a5a4e9e321	2565554	0.5501607050722923	medium	Sphingobium sp. PAMC28499	Bacteria
08e97b99-45e2-4e84-af8c-2c428fb96a58	2565554	0.5501607050722923	medium	Sphingobium sp. PAMC28499	Bacteria
9dba111e-388b-487c-bf00-d876df723ae8	2565554	0.5501607050722923	medium	Sphingobium sp. PAMC28499	Bacteria
e293ac58-c155-4c44-944d-07825ae099de	2565554	0.5501607050722923	medium	Sphingobium sp. PAMC28499	Bacteria
1b2683a2-20be-4b8f-a357-aef8c29664ac	2565554	0.5501607050722923	medium	Sphingobium sp. PAMC28499	Bacteria
d60bc3c7-6850-4ae2-9cc8-c43b80bb0fc8	2565554	0.5501607050722949	medium	Sphingobium sp. PAMC28499	Bacteria
999810db-4a0e-4973-b6b5-018a492b78f6	2565554	0.5501607050722926	medium	Sphingobium sp. PAMC28499	Bacteria
cecc383d-327c-405c-a975-7fddd94f4893	2565554	0.5501607050722923	medium	Sphingobium sp. PAMC28499	Bacteria
ec63a953-e770-4128-b247-92909e7565e3	2565554	0.5501607050722932	medium	Sphingobium sp. PAMC28499	Bacteria
380bd248-c7b4-4e99-9c51-40ce8dae149d	2565554	0.5501607050722949	medium	Sphingobium sp. PAMC28499	Bacteria
5838e639-b5f4-4c04-997a-540209f98f22	2565554	0.5501607050722923	medium	Sphingobium sp. PAMC28499	Bacteria
6ca4cf02-e52c-4638-b798-8b57e4a11b0b	2565554	0.5501607050722923	medium	Sphingobium sp. PAMC28499	Bacteria
fab14076-e300-455c-a2a5-8b05608acdf6	2565554	0.5501607050722949	medium	Sphingobium sp. PAMC28499	Bacteria
bb38e1b9-601c-4e40-b52b-3268107f0233	2565554	0.5501607050722923	medium	Sphingobium sp. PAMC28499	Bacteria
792d241c-fc2e-4f19-a14f-5fafd6d11e24	2565554	0.5501607050722932	medium	Sphingobium sp. PAMC28499	Bacteria
2c97145d-4f5f-453c-aba3-ce2ebd101537	2565554	0.5501607050722925	medium	Sphingobium sp. PAMC28499	Bacteria
bfe24f7f-be34-42b8-855b-527b42d16ecb	2565554	0.5501607050722926	medium	Sphingobium sp. PAMC28499	Bacteria
d609cda7-d17e-4787-8802-b9f72c29c38d	2565554	0.5501607050722923	medium	Sphingobium sp. PAMC28499	Bacteria
35b44ed6-0cb2-4203-845e-c6faa678667f	2565554	0.5501607050722923	medium	Sphingobium sp. PAMC28499	Bacteria
86212f59-8824-4e63-8977-f292b8865a1f	2565554	0.5501607050722923	medium	Sphingobium sp. PAMC28499	Bacteria
58ada32e-09a1-4e42-bc02-64051cd9722f	2565554	0.5501607050722925	medium	Sphingobium sp. PAMC28499	Bacteria
fbf0053c-7d80-4ff7-8b9c-acac72f4d0e5	2565554	0.5501607050722949	medium	Sphingobium sp. PAMC28499	Bacteria
2ba79fcf-d307-4eed-a487-7673f086b8bf	2565554	0.5501607050722914	medium	Sphingobium sp. PAMC28499	Bacteria
2e3b502c-a68a-4f9d-955b-2f978f54a7a4	2565554	0.5501607050722923	medium	Sphingobium sp. PAMC28499	Bacteria
eeadb63f-2a3c-4b54-8910-0decbd88bd8f	2565554	0.5501607050722926	medium	Sphingobium sp. PAMC28499	Bacteria
e0e39ba3-ba17-4044-a53d-5e8a8865674c	2565554	0.5501607050722925	medium	Sphingobium sp. PAMC28499	Bacteria
0ede45dd-9758-46af-a87a-8c49123552ae	2565554	0.5501607050722923	medium	Sphingobium sp. PAMC28499	Bacteria
6f8863e6-0849-4c9b-acdd-8aefcfb9bdd4	2565554	0.5501607050722923	medium	Sphingobium sp. PAMC28499	Bacteria
27826db7-c913-4097-90cc-51b5537b7423	2565554	0.5501607050722926	medium	Sphingobium sp. PAMC28499	Bacteria
a5742296-38e2-4456-853c-204ca624c1ea	2565554	0.5501607050722923	medium	Sphingobium sp. PAMC28499	Bacteria
0ace3ec9-db63-48dc-8298-e36c9ad60a54	2565554	0.5501607050722923	medium	Sphingobium sp. PAMC28499	Bacteria
ee30ff2a-28a7-41d5-8049-12754edfdcef	2565554	0.5501607050722923	medium	Sphingobium sp. PAMC28499	Bacteria
9b753402-3214-45a8-8def-d0e9bd8453da	2565554	0.5501607050722925	medium	Sphingobium sp. PAMC28499	Bacteria
1d82e9a4-23f5-43e5-9a60-a93eec7a3070	2565554	0.6389625621602079	medium	Sphingobium sp. PAMC28499	Bacteria
fbe1e0a3-fb5f-4c57-8b69-7dd95e730757	2565554	0.5501607050722914	medium	Sphingobium sp. PAMC28499	Bacteria
07220b66-6bb9-4f77-9186-56dce79eba19	2565554	0.5501607050722923	medium	Sphingobium sp. PAMC28499	Bacteria
681aae5e-3ddd-4221-9856-0207895303d3	2565554	0.5501607050722923	medium	Sphingobium sp. PAMC28499	Bacteria
46204d62-d61f-4cd9-9681-e4d85bbb4ebf	2565554	0.5501607050722923	medium	Sphingobium sp. PAMC28499	Bacteria
2cd053f5-75f7-47ec-b323-063554a2c6b1	2565554	0.5501607050722926	medium	Sphingobium sp. PAMC28499	Bacteria
83061baa-ba5f-461b-b035-6292bbf1844b	2565554	0.5501607050722923	medium	Sphingobium sp. PAMC28499	Bacteria
e56c266a-fce6-4b36-acd0-24664b3624b4	2565554	0.5501607050722923	medium	Sphingobium sp. PAMC28499	Bacteria
a7f400db-e01a-428d-b3ed-885db7f4dc03	2565554	0.5501607050722923	medium	Sphingobium sp. PAMC28499	Bacteria
bf8b7ae0-b3d0-4d2c-97c8-22eae709bed9	2565554	0.5501607050722923	medium	Sphingobium sp. PAMC28499	Bacteria
3e63a002-8d77-4946-9457-5a5e7c7b2b80	2565554	0.5501607050722932	medium	Sphingobium sp. PAMC28499	Bacteria
1aee7999-d434-488a-870c-de7cfac8e56b	2565554	0.5501607050722923	medium	Sphingobium sp. PAMC28499	Bacteria
9376d1f1-49c5-4ba2-a93c-63f510669fdd	2565554	0.5501607050722923	medium	Sphingobium sp. PAMC28499	Bacteria
7a21bf8d-eeff-45e6-a90f-cded65410873	2565554	0.5501607050722925	medium	Sphingobium sp. PAMC28499	Bacteria
5d7ce873-f2cc-4c94-96cb-f587aa842046	2565554	0.5501607050722926	medium	Sphingobium sp. PAMC28499	Bacteria
a882dba5-8db9-4973-85ee-4c856e589456	2565554	0.5501607050722923	medium	Sphingobium sp. PAMC28499	Bacteria
2a8c1b4d-3a4f-4ad5-b592-0af6488390da	2565554	0.5501607050722932	medium	Sphingobium sp. PAMC28499	Bacteria
12443d56-15b0-4fff-a70d-2947188f7fb7	2565554	0.5501607050722923	medium	Sphingobium sp. PAMC28499	Bacteria
3e9187a6-9722-406a-baa7-7de0bed4d246	2565554	0.5501607050722923	medium	Sphingobium sp. PAMC28499	Bacteria
52d3906d-1535-4bb8-aa16-ece1e688b0b4	2565554	0.5501607050722923	medium	Sphingobium sp. PAMC28499	Bacteria
deeb0213-12de-4e5e-8417-92695b870631	2565554	0.5501607050722923	medium	Sphingobium sp. PAMC28499	Bacteria
290b3412-c9fd-406e-8f96-5700a175498a	2565554	0.5501607050722923	medium	Sphingobium sp. PAMC28499	Bacteria
267f1437-4dfb-49f0-b5ac-11797083dfce	2565554	0.5501607050722932	medium	Sphingobium sp. PAMC28499	Bacteria
15ba8cf6-2c7a-4edb-88fd-0428c8512718	2565554	0.5501607050722925	medium	Sphingobium sp. PAMC28499	Bacteria
49a7d066-bfdc-4f5f-a7aa-934a1b036efa	2565554	0.5501607050722923	medium	Sphingobium sp. PAMC28499	Bacteria
a48d2ecd-3cb0-487e-8dd8-be9dd91791a7	2565554	0.5501607050722925	medium	Sphingobium sp. PAMC28499	Bacteria
d2227ed0-4846-4511-b0c0-bb3980d6abc3	2565554	0.5501607050722932	medium	Sphingobium sp. PAMC28499	Bacteria
0268ef2b-0b5d-451f-9426-17e2c47f9f70	2565554	0.5501607050722932	medium	Sphingobium sp. PAMC28499	Bacteria
99be86dc-1a00-42c5-ac2f-953f14b822d6	2565554	0.5501607050722923	medium	Sphingobium sp. PAMC28499	Bacteria
702e8e86-82ef-4b0c-9e2f-b6cc5cc8c0d2	2565554	0.5501607050722949	medium	Sphingobium sp. PAMC28499	Bacteria
e45ef2a1-b773-4024-8f87-6b38e26bdb89	2565554	0.5501607050722923	medium	Sphingobium sp. PAMC28499	Bacteria
a405503c-3ca3-48ec-be66-20bd1ed3418d	2565554	0.5501607050722923	medium	Sphingobium sp. PAMC28499	Bacteria
db2a3755-6db3-4361-8a25-7c4fa3fa56df	2565554	0.5501607050722923	medium	Sphingobium sp. PAMC28499	Bacteria
3e9fee0a-92e3-45be-ad2e-2c2d22999c0c	2565554	0.5501607050722923	medium	Sphingobium sp. PAMC28499	Bacteria
df0b2371-aaff-4e80-a8f1-4f97c0b82d2c	2565554	0.5501607050722926	medium	Sphingobium sp. PAMC28499	Bacteria
f31f0aee-cf6b-4b1b-89ca-9f78ed3e336b	2565554	0.5501607050722932	medium	Sphingobium sp. PAMC28499	Bacteria
7d313116-5bfd-4a47-acbd-6541a1b66fee	2565554	0.5501607050722923	medium	Sphingobium sp. PAMC28499	Bacteria
c801c41e-0968-48d9-beb0-0612ea03553c	2565554	0.5501607050722926	medium	Sphingobium sp. PAMC28499	Bacteria
51e1ddda-4c3f-4478-ba5c-0301ad4f0813	2565554	0.5501607050722923	medium	Sphingobium sp. PAMC28499	Bacteria
54673109-ee3a-41c1-ad0d-e3af7abd206e	2565554	0.5501607050722923	medium	Sphingobium sp. PAMC28499	Bacteria
754da25f-34b0-4520-b53f-0e3e95102c8d	2565554	0.5501607050722923	medium	Sphingobium sp. PAMC28499	Bacteria
e927be44-4487-4abc-92cb-02506c0231f5	2565554	0.5501607050722923	medium	Sphingobium sp. PAMC28499	Bacteria
0986e506-10f1-4e13-b0b6-a4eb02434320	2565554	0.5501607050722923	medium	Sphingobium sp. PAMC28499	Bacteria
637a7d9b-c9fc-4416-a024-137693d53a83	2565554	0.5501607050722949	medium	Sphingobium sp. PAMC28499	Bacteria
02da2213-a079-4a4f-8522-bbfb3f34beff	2565554	0.5501607050722925	medium	Sphingobium sp. PAMC28499	Bacteria
f493c5ef-3fbe-4c05-a8e2-def9bebfa265	2565554	0.5501607050722914	medium	Sphingobium sp. PAMC28499	Bacteria
273d9a8c-5aca-4f96-8a23-2a2c3a7d0e8d	2565554	0.5501607050722926	medium	Sphingobium sp. PAMC28499	Bacteria
ca7a0b05-2c52-4fd3-90ca-9670fec9dd3d	2565554	0.5501607050722923	medium	Sphingobium sp. PAMC28499	Bacteria
4f981227-9da4-40c2-bb9a-9c1ba1d04268	2565554	0.5501607050722932	medium	Sphingobium sp. PAMC28499	Bacteria
fec3d6da-ef63-4dd7-b2b7-d57b56d52eb5	10003216	0.6305563091831793	medium	Sphingobium yanoikuyae	Bacteria
05c3525a-5c37-4a20-8446-5f174b58f5aa	2565554	0.5501607050722923	medium	Sphingobium sp. PAMC28499	Bacteria
ecef5233-e2cf-425c-a6e8-6baaa125d0cd	2565554	0.5501607050722923	medium	Sphingobium sp. PAMC28499	Bacteria
88252e00-be12-4a7b-95af-2d1803cd32f5	2565554	0.5501607050722923	medium	Sphingobium sp. PAMC28499	Bacteria
2662293f-e97a-406b-9366-798b16e6510b	2565554	0.5501607050722923	medium	Sphingobium sp. PAMC28499	Bacteria
8e428207-f641-4c90-a450-d57d566c6174	2565554	0.5501607050722923	medium	Sphingobium sp. PAMC28499	Bacteria
933b2909-1e3b-44f0-aa2e-0114fc8e5c11	2565554	0.5501607050722949	medium	Sphingobium sp. PAMC28499	Bacteria
0823f4e1-920c-4b46-8274-dd225d18a958	2565554	0.5501607050722923	medium	Sphingobium sp. PAMC28499	Bacteria
d956039a-f81f-457b-a75b-714a1a4a4fae	2565554	0.5501607050722932	medium	Sphingobium sp. PAMC28499	Bacteria
fc653d97-5007-4fe6-b0a5-ccd9f10bb191	2565554	0.5501607050722923	medium	Sphingobium sp. PAMC28499	Bacteria
0e0f0045-7e29-42e7-9c46-638559fac168	2565554	0.5501607050722925	medium	Sphingobium sp. PAMC28499	Bacteria
a98bb586-2a19-49cb-80f7-34791008309e	2565554	0.5501607050722932	medium	Sphingobium sp. PAMC28499	Bacteria
cb72b2ae-5377-42da-854c-33593d861965	2565554	0.5501607050722932	medium	Sphingobium sp. PAMC28499	Bacteria
33cd1d12-5b7c-4e23-ab92-0f7b8c72b26d	2565554	0.5501607050722923	medium	Sphingobium sp. PAMC28499	Bacteria
b2a6680c-a087-408f-885e-576aee1100b1	2565554	0.5501607050722926	medium	Sphingobium sp. PAMC28499	Bacteria
150a688b-f328-47ef-912d-f41b7bfa98f2	2565554	0.5501607050722923	medium	Sphingobium sp. PAMC28499	Bacteria
19332a28-d8d0-4f97-a015-d69a9da3ff08	2565554	0.5501607050722932	medium	Sphingobium sp. PAMC28499	Bacteria
fbc864c9-bc6a-4136-bfc8-bb8a6779c7ac	2565554	0.5501607050722932	medium	Sphingobium sp. PAMC28499	Bacteria
8be7df8f-2367-4b6b-b13b-27b1f302b800	2565554	0.5501607050722923	medium	Sphingobium sp. PAMC28499	Bacteria
bb5b9b22-6f43-44e8-aa7b-08529722bb0c	2565554	0.5501607050722914	medium	Sphingobium sp. PAMC28499	Bacteria
5b7e9a61-2097-4ddf-a80a-711d68c6d0ac	2565554	0.5501607050722932	medium	Sphingobium sp. PAMC28499	Bacteria
f367e992-8138-40dc-ad00-286c533a0770	2565554	0.5501607050722925	medium	Sphingobium sp. PAMC28499	Bacteria
033271d2-fde9-4b27-a684-729721707557	2565554	0.5501607050722923	medium	Sphingobium sp. PAMC28499	Bacteria
529b1c5d-bb10-49e6-b033-7e23148160d3	2565554	0.5501607050722932	medium	Sphingobium sp. PAMC28499	Bacteria
a6c911d0-c67e-43c4-8ddb-e7aa59316b96	2565554	0.5501607050722923	medium	Sphingobium sp. PAMC28499	Bacteria
529583d0-4add-40e6-89e9-bd48ce329433	2565554	0.5501607050722914	medium	Sphingobium sp. PAMC28499	Bacteria
78b03f79-827f-47dd-be78-08430b6eb42a	2565554	0.5501607050722926	medium	Sphingobium sp. PAMC28499	Bacteria
c20f81c0-28a2-454d-811a-7eb4bdaa47a6	2565554	0.5501607050722926	medium	Sphingobium sp. PAMC28499	Bacteria
0bf84c9c-a2fc-4b26-8ce4-016510e0c643	2565554	0.5501607050722923	medium	Sphingobium sp. PAMC28499	Bacteria
3d005f54-742f-4146-a758-ce2bcfcd6c6e	2565554	0.5501607050722923	medium	Sphingobium sp. PAMC28499	Bacteria
630b282e-36d6-4049-adce-259b489d337d	2565554	0.5501607050722923	medium	Sphingobium sp. PAMC28499	Bacteria
80db2348-2c9c-4171-a802-f953c26867f2	2565554	0.5501607050722925	medium	Sphingobium sp. PAMC28499	Bacteria
e7b8a040-9c5f-4c2b-a28f-bd4c63eb8c80	2565554	0.5501607050722923	medium	Sphingobium sp. PAMC28499	Bacteria
3e3fb57f-b9b1-4fdd-ab14-06996e2c00cc	2565554	0.5501607050722923	medium	Sphingobium sp. PAMC28499	Bacteria
119d2088-b4c8-4193-bfc1-45c3c7b4ac11	2565554	0.5501607050722932	medium	Sphingobium sp. PAMC28499	Bacteria
da90d351-1a13-4eea-b47f-53ce7fd5e4cc	2565554	0.5501607050722926	medium	Sphingobium sp. PAMC28499	Bacteria
1655b2b3-55d7-4de7-9459-2c5310e02abc	2565554	0.5501607050722923	medium	Sphingobium sp. PAMC28499	Bacteria
994d3aee-a3a8-4dae-8e8b-cb56eeee57ed	2565554	0.5501607050722949	medium	Sphingobium sp. PAMC28499	Bacteria
ac446949-3960-4b68-a6a5-4e00c1aefd8a	2565554	0.5501607050722923	medium	Sphingobium sp. PAMC28499	Bacteria
5441c099-7c1a-4183-95ec-e8dfa2c6a184	2565554	0.5501607050722923	medium	Sphingobium sp. PAMC28499	Bacteria
e8abe03a-aabf-428e-9489-779c9786bc60	2565554	0.5501607050722923	medium	Sphingobium sp. PAMC28499	Bacteria
444380d3-0600-454d-a65f-4b031f36cab3	2565554	0.5501607050722923	medium	Sphingobium sp. PAMC28499	Bacteria
6d13b33c-5266-48a9-aabd-b83b2b1d2c91	2565554	0.5501607050722925	medium	Sphingobium sp. PAMC28499	Bacteria
68d47e09-ca0c-4368-81cf-46c6fafbef02	2565554	0.5501607050722923	medium	Sphingobium sp. PAMC28499	Bacteria
f03c17be-8be0-4a5e-bf38-50c65215f454	2565554	0.5501607050722914	medium	Sphingobium sp. PAMC28499	Bacteria
8193ed2a-8126-42c0-90f0-e9c9f031df0e	2565554	0.5501607050722923	medium	Sphingobium sp. PAMC28499	Bacteria
7432c1e0-c912-4cc5-9582-236a124ca6ac	2565554	0.5501607050722925	medium	Sphingobium sp. PAMC28499	Bacteria
00aed635-a8e6-4102-9e93-b3f15af53d90	2565554	0.5501607050722923	medium	Sphingobium sp. PAMC28499	Bacteria
f868bcf4-7c76-47f8-9c5b-b0ee8d1a6719	2565554	0.5501607050722932	medium	Sphingobium sp. PAMC28499	Bacteria
d7bbe27e-2e6b-49d9-99d8-ae721d34e1ec	2565554	0.5501607050722926	medium	Sphingobium sp. PAMC28499	Bacteria
f3bd5d09-8dc8-4409-bfa0-c83ae511ed60	2565554	0.5501607050722923	medium	Sphingobium sp. PAMC28499	Bacteria
c98d866a-ed77-46e3-939e-0a261f7b6776	2565554	0.5501607050722923	medium	Sphingobium sp. PAMC28499	Bacteria
1b3d1c11-2239-434b-abc5-4a62b13a871c	2565554	0.5501607050722926	medium	Sphingobium sp. PAMC28499	Bacteria
98762655-bd7e-4f72-86b7-7eca5f6802f6	2565554	0.5501607050722923	medium	Sphingobium sp. PAMC28499	Bacteria
c5255f86-3e68-4ac7-b5bf-eff71695b708	2565554	0.5501607050722923	medium	Sphingobium sp. PAMC28499	Bacteria
498a6681-c87c-4bf0-8573-d7907e217b2f	2565554	0.5501607050722923	medium	Sphingobium sp. PAMC28499	Bacteria
6a544c99-8b68-4a2f-964f-0d48b53653d4	2565554	0.5501607050722949	medium	Sphingobium sp. PAMC28499	Bacteria
67f5e7b9-b5da-4ab6-8a9e-f819180c438a	2565554	0.5501607050722932	medium	Sphingobium sp. PAMC28499	Bacteria
1237ad3e-f408-4722-962e-fa7b24831459	2565554	0.5501607050722923	medium	Sphingobium sp. PAMC28499	Bacteria
9359f478-abc1-4b6d-ae52-f8a44d578d4c	2565554	0.6350079738367068	medium	Sphingobium sp. PAMC28499	Bacteria
ef176fd5-445f-4985-adf6-fd23751aae01	2565554	0.5501607050722923	medium	Sphingobium sp. PAMC28499	Bacteria
15943497-5622-41b1-b327-8281b12ff1c8	2565554	0.5501607050722923	medium	Sphingobium sp. PAMC28499	Bacteria
759c0efa-53dc-4d0e-8b75-a100e9150d49	2565554	0.5501607050722914	medium	Sphingobium sp. PAMC28499	Bacteria
787203cc-5a65-46f7-b1ba-05d7dbf68053	2565554	0.5501607050722925	medium	Sphingobium sp. PAMC28499	Bacteria
cb14dc6c-6e62-4646-ab1a-3a98cf414316	10003216	0.6305554511298929	medium	Sphingobium yanoikuyae	Bacteria
6ee366b1-0c68-4daf-a330-5376f9b6e998	2565554	0.5501607050722923	medium	Sphingobium sp. PAMC28499	Bacteria
b025e2e7-ebac-4f3c-b5fe-4fe3e56ce20a	2565554	0.5501607050722925	medium	Sphingobium sp. PAMC28499	Bacteria
7a11f8e0-c100-4a8c-b1f1-f822c7b5c9be	2565554	0.5501607050722925	medium	Sphingobium sp. PAMC28499	Bacteria
b2a1990f-1393-4310-b599-e759e60dfcab	2565554	0.5501607050722923	medium	Sphingobium sp. PAMC28499	Bacteria
baaaa3ef-570f-4c68-a79e-3f499045ae79	2565554	0.5501607050722949	medium	Sphingobium sp. PAMC28499	Bacteria
9b6cf2c9-9ce6-47b1-88e3-d1c94422498d	2565554	0.5501607050722932	medium	Sphingobium sp. PAMC28499	Bacteria
b8e4f9c8-2282-43d7-8599-53f3c69e0931	2565554	0.5501607050722923	medium	Sphingobium sp. PAMC28499	Bacteria
e5951c61-ac97-46b9-bffc-122e1414b145	2565554	0.5501607050722923	medium	Sphingobium sp. PAMC28499	Bacteria
878cbb21-daf1-464d-acf3-33d9d7ff8977	2565554	0.5501607050722923	medium	Sphingobium sp. PAMC28499	Bacteria
cc29dfc5-3e92-45bb-823e-f1464fcaed94	2565554	0.5501607050722926	medium	Sphingobium sp. PAMC28499	Bacteria
2fe70651-ff9b-4f8b-aa60-508d76897aaf	2565554	0.5501607050722925	medium	Sphingobium sp. PAMC28499	Bacteria
c8fdd450-f856-4860-b5a6-3679f7b6ba83	2565554	0.5501607050722923	medium	Sphingobium sp. PAMC28499	Bacteria
fa9ea84e-9589-42fe-bda8-ec5b222e8854	2565554	0.5501607050722926	medium	Sphingobium sp. PAMC28499	Bacteria
6af61bdc-74bb-4f79-ae77-800729a5d4cc	2565554	0.5501607050722926	medium	Sphingobium sp. PAMC28499	Bacteria
26db2fa5-209f-486c-af61-e216a49d2e85	2565554	0.5501607050722923	medium	Sphingobium sp. PAMC28499	Bacteria
468f1e92-8a98-4567-a85b-d65b9ef86649	2565554	0.5501607050722925	medium	Sphingobium sp. PAMC28499	Bacteria
5f27f03f-c3fb-4e64-a708-b54b6705db0a	2565554	0.5501607050722925	medium	Sphingobium sp. PAMC28499	Bacteria
2e525f1c-baf7-43bf-8b1d-09dcc826b018	2565554	0.5501607050722926	medium	Sphingobium sp. PAMC28499	Bacteria
5a6e756d-65b4-45ea-a030-12995dbb6476	2565554	0.5501607050722926	medium	Sphingobium sp. PAMC28499	Bacteria
60fdda24-4351-47df-9223-486a1a8c8a7f	2565554	0.5501607050722923	medium	Sphingobium sp. PAMC28499	Bacteria
2a2fc974-8b7d-48de-b697-cbafd7672991	2565554	0.5501607050722949	medium	Sphingobium sp. PAMC28499	Bacteria
70dc5883-fcb8-407c-ba10-83b93a38a95c	2565554	0.5501607050722926	medium	Sphingobium sp. PAMC28499	Bacteria
1087ebe8-fda9-4b60-9157-9eec60f7a62a	2565554	0.5501607050722925	medium	Sphingobium sp. PAMC28499	Bacteria
198eec03-a102-45cd-ac14-ffca3860c031	2565554	0.5501607050722923	medium	Sphingobium sp. PAMC28499	Bacteria
059049ef-6dd3-4800-8573-d759748ca00b	2565554	0.5501607050722925	medium	Sphingobium sp. PAMC28499	Bacteria
5e55a4d4-8ab4-476d-90a4-589e5e30ac9b	2565554	0.5501607050722926	medium	Sphingobium sp. PAMC28499	Bacteria
9a67bb97-d826-44e9-a263-450a23de0b27	2565554	0.5501607050722923	medium	Sphingobium sp. PAMC28499	Bacteria
2c1a48f0-7a14-4a31-aee0-47bb049e8e17	2565554	0.5501607050722932	medium	Sphingobium sp. PAMC28499	Bacteria
939d9d93-d9b9-4dd9-a43f-28b3c6052c47	2565554	0.5501607050722923	medium	Sphingobium sp. PAMC28499	Bacteria
beffd5e5-9693-460c-84ca-7571999125b9	2565554	0.5501607050722949	medium	Sphingobium sp. PAMC28499	Bacteria
43708a0f-1250-4c6a-b925-91773f8235f9	2565554	0.5501607050722923	medium	Sphingobium sp. PAMC28499	Bacteria
4be25dfa-e178-4d72-a081-b88eca2bc9ca	2565554	0.5501607050722923	medium	Sphingobium sp. PAMC28499	Bacteria
6df1f8fe-4675-47ef-b03c-3778575cc8f6	10003216	0.7088933412462668	medium	Sphingobium yanoikuyae	Bacteria
2c0cfb60-5559-421e-9840-5e078f61ba5f	2565554	0.5501607050722932	medium	Sphingobium sp. PAMC28499	Bacteria
3203572b-940f-437d-90d6-3fb9fbb68aa9	2565554	0.5501607050722923	medium	Sphingobium sp. PAMC28499	Bacteria
bca3ddd8-871c-46d8-a152-c6b0f857a0d5	2565554	0.5501607050722923	medium	Sphingobium sp. PAMC28499	Bacteria
5fd741b9-2431-41df-8f59-d97e8117c465	2565554	0.5501607050722925	medium	Sphingobium sp. PAMC28499	Bacteria
3007541e-f49f-4e64-b8ed-f6d25a874317	2565554	0.5501607050722925	medium	Sphingobium sp. PAMC28499	Bacteria
a36fbd65-c112-4f88-b6c8-57ad10704cbc	2565554	0.5501607050722932	medium	Sphingobium sp. PAMC28499	Bacteria
12a34715-fef9-4571-8774-c3b7b0279b28	2565554	0.5501607050722932	medium	Sphingobium sp. PAMC28499	Bacteria
e4b9c3f0-be4c-47cc-87f4-5443e474243d	2565554	0.5501607050722923	medium	Sphingobium sp. PAMC28499	Bacteria
537a05d8-4590-4bd1-a793-11dd6b38a119	2565554	0.5501607050722914	medium	Sphingobium sp. PAMC28499	Bacteria
3bf439eb-e378-4a58-8514-1b63b6c9c2e5	2565554	0.5501607050722923	medium	Sphingobium sp. PAMC28499	Bacteria
11ef514a-41ee-4f71-ba3e-61e1c36ad50f	2565554	0.5501607050722923	medium	Sphingobium sp. PAMC28499	Bacteria
171feff8-dc16-4d06-82be-e9e2c04844d9	2565554	0.5501607050722923	medium	Sphingobium sp. PAMC28499	Bacteria
37aa2c5e-d05d-44b1-a33a-515fbba460ba	2565554	0.5501607050722923	medium	Sphingobium sp. PAMC28499	Bacteria
9182a804-2dc3-4925-abe6-660ed0c53531	2565554	0.8805469584193133	high	Sphingobium sp. PAMC28499	Bacteria
abda3152-7d2c-465b-9f65-19c55ac83eaa	2565554	0.5501607050722914	medium	Sphingobium sp. PAMC28499	Bacteria
17dde546-a5d4-431a-b9b5-b79baf827df1	2565554	0.5501607050722923	medium	Sphingobium sp. PAMC28499	Bacteria
ca60d948-a793-4988-a89d-f78b76621dec	2565554	0.5501607050722923	medium	Sphingobium sp. PAMC28499	Bacteria
63aa064b-cca8-4017-a5f2-d6c9f028589b	2565554	0.5501607050722923	medium	Sphingobium sp. PAMC28499	Bacteria
6ae48264-b0b7-45b5-8117-d1706b2aeb88	2565554	0.5501607050722923	medium	Sphingobium sp. PAMC28499	Bacteria
55023eac-8e17-442a-8719-48afe10d6fea	10003216	0.6305564815245139	medium	Sphingobium yanoikuyae	Bacteria
9f9f97da-721f-44bd-bc76-395b6f12a0b4	2565554	0.5501607050722926	medium	Sphingobium sp. PAMC28499	Bacteria
dc8713ac-dc76-4394-a9e8-350a60abbfcb	2565554	0.5501607050722914	medium	Sphingobium sp. PAMC28499	Bacteria
3ac23870-d4e3-4a33-9a1d-3e22842de5e5	2565554	0.5501607050722926	medium	Sphingobium sp. PAMC28499	Bacteria
d059dad0-2e3f-449f-92e7-6e0f45b26e5c	2565554	0.5501607050722932	medium	Sphingobium sp. PAMC28499	Bacteria
8ca71435-f035-47e5-9bcb-c4c4196a26d5	2565554	0.5501607050722949	medium	Sphingobium sp. PAMC28499	Bacteria
5c2f8e03-0076-492c-813f-c024928ba2ee	2565554	0.5501607050722932	medium	Sphingobium sp. PAMC28499	Bacteria
903ef802-7cb1-447a-8458-e4327d58687c	2565554	0.5501607050722926	medium	Sphingobium sp. PAMC28499	Bacteria
11db1849-57be-4b65-9c20-9c4e16c914b5	2565554	0.9349851185843584	high	Sphingobium sp. PAMC28499	Bacteria
ab60e925-2e0d-4779-b6fa-b5f50478df75	2565554	0.5501607050722932	medium	Sphingobium sp. PAMC28499	Bacteria
db2742af-63d0-4cc3-a320-cd55c9b71e42	2565554	0.5501607050722923	medium	Sphingobium sp. PAMC28499	Bacteria
e0ec1566-5f9c-4303-9992-423a1514c0df	2565554	0.7876853390857377	medium	Sphingobium sp. PAMC28499	Bacteria
6ce63d2e-e802-463f-a7a7-fe928437b019	2565554	0.5501607050722923	medium	Sphingobium sp. PAMC28499	Bacteria
fb116092-b628-47b1-bda0-bef7cebe8cd3	2565554	0.5501607050722926	medium	Sphingobium sp. PAMC28499	Bacteria
ece86a14-6855-4cab-b918-38253e63eb77	2565554	0.5501607050722923	medium	Sphingobium sp. PAMC28499	Bacteria
e5eff290-f5bd-4ed9-adf9-39fbea41d295	2565554	0.5501607050722923	medium	Sphingobium sp. PAMC28499	Bacteria
dbccc694-f4ed-4cec-8f85-9e09d53388b3	2565554	0.5501607050722923	medium	Sphingobium sp. PAMC28499	Bacteria
d33f5d40-105b-4750-b3f0-0a1723939fbc	2565554	0.5501607050722926	medium	Sphingobium sp. PAMC28499	Bacteria
dcb435cf-dd71-4de7-9ba0-47308c6ba129	2565554	0.5501607050722923	medium	Sphingobium sp. PAMC28499	Bacteria
e5da1eb9-7457-4714-ab89-a03cfb4f932d	2565554	0.5501607050722923	medium	Sphingobium sp. PAMC28499	Bacteria
2c1bb406-c7b8-4dc3-a059-8ce1e3d7b6fb	2565554	0.5501607050722923	medium	Sphingobium sp. PAMC28499	Bacteria
ba541eb2-ae78-4071-8bea-17c13a38c512	2565554	0.5501607050722932	medium	Sphingobium sp. PAMC28499	Bacteria
e718f34c-3d61-481f-b1a4-7c35f3ffd7f7	2565554	0.5501607050722932	medium	Sphingobium sp. PAMC28499	Bacteria
98ad561f-026d-46f4-90b3-6b091ed602b1	2565554	0.5501607050722914	medium	Sphingobium sp. PAMC28499	Bacteria
b66d1579-0489-42cf-b208-21ee9a28f0ee	2565554	0.5501607050722923	medium	Sphingobium sp. PAMC28499	Bacteria
cbcaac6b-1a7a-4490-99c5-20458f23b9a7	2565554	0.5501607050722923	medium	Sphingobium sp. PAMC28499	Bacteria
832e32ac-6bc1-416f-a462-73bab03d7432	2565554	0.5501607050722949	medium	Sphingobium sp. PAMC28499	Bacteria
4ca77178-6653-4ca9-8cb2-f490682df386	2565554	0.5501607050722926	medium	Sphingobium sp. PAMC28499	Bacteria
50161b58-de07-4adc-8725-77fb73a40154	2565554	0.5501607050722932	medium	Sphingobium sp. PAMC28499	Bacteria
86b003d8-6421-441f-ba14-f640f438e1c4	2565554	0.5501607050722923	medium	Sphingobium sp. PAMC28499	Bacteria
416b2db4-fa4f-45a5-8353-30213e99de62	10003216	1.0	confident	Sphingobium yanoikuyae	Bacteria
d2d7705b-20d0-41a0-9807-1d2a59801057	2565554	0.5501607050722923	medium	Sphingobium sp. PAMC28499	Bacteria
21d52bec-4d2a-4486-b916-f06df3a2448a	2565554	0.5501607050722932	medium	Sphingobium sp. PAMC28499	Bacteria
a1020bbd-aa48-4a59-b881-df18c17981d1	2565554	0.5501607050722926	medium	Sphingobium sp. PAMC28499	Bacteria
030b315e-93a1-4d9e-85aa-8405fb4afe07	2565554	0.5501607050722923	medium	Sphingobium sp. PAMC28499	Bacteria
5830d02d-af97-4c84-ab87-f80142c2f691	2565554	0.5501607050722923	medium	Sphingobium sp. PAMC28499	Bacteria
970526c7-f243-4687-87ae-46d824699d81	2565554	0.5501607050722949	medium	Sphingobium sp. PAMC28499	Bacteria
9a693dd1-0b92-44f2-8128-290ef236c17c	2565554	0.5501607050722923	medium	Sphingobium sp. PAMC28499	Bacteria
d324888a-5732-4668-8c1b-c7c862669914	2565554	0.5501607050722925	medium	Sphingobium sp. PAMC28499	Bacteria
1296fd66-a7cd-4bde-8b2c-9989797689ff	2565554	0.5501607050722926	medium	Sphingobium sp. PAMC28499	Bacteria
63386f44-987e-447e-a1be-d1bbdf13bc16	2565554	0.5501607050722923	medium	Sphingobium sp. PAMC28499	Bacteria
6dc716fe-8548-4082-ba28-330f541792b0	2565554	0.5501607050722923	medium	Sphingobium sp. PAMC28499	Bacteria
c5fff00e-5cd5-4a2b-afdd-ba39fd51632c	2565554	0.5501607050722914	medium	Sphingobium sp. PAMC28499	Bacteria
b6af8c6c-5018-443f-9edd-5d9bbe334cd9	2565554	0.5501607050722923	medium	Sphingobium sp. PAMC28499	Bacteria
ff05516d-f4bc-4356-a145-deee0a457cb7	2565554	0.5501607050722932	medium	Sphingobium sp. PAMC28499	Bacteria
441710ae-966c-445b-b739-de24949ba130	2565554	0.5501607050722923	medium	Sphingobium sp. PAMC28499	Bacteria
3c4debda-ac1e-4e85-b86f-0d82b64a9e7d	2565554	0.5501607050722923	medium	Sphingobium sp. PAMC28499	Bacteria
64b37d6b-8d7e-4bd7-8cb2-a3c0a32dac00	2565554	0.5501607050722923	medium	Sphingobium sp. PAMC28499	Bacteria
af547776-cc5e-49b8-bfbc-a23a587bb52b	2565554	0.5501607050722923	medium	Sphingobium sp. PAMC28499	Bacteria
3755b667-58be-4c7f-8b38-67d47b5f6eb2	2565554	0.5501607050722923	medium	Sphingobium sp. PAMC28499	Bacteria
bd40d58b-ce87-4643-9985-dc25c8a9f529	10003216	0.6305561370860941	medium	Sphingobium yanoikuyae	Bacteria
62ae3de1-0d7b-4870-ad44-af9ac64dff2f	2565554	0.5501607050722923	medium	Sphingobium sp. PAMC28499	Bacteria
f5054745-c723-4e95-9453-8156c58d9ae6	2565554	0.5501607050722923	medium	Sphingobium sp. PAMC28499	Bacteria
d2c6998f-665a-4a54-bd3a-60a891b3596c	2565554	0.5501607050722932	medium	Sphingobium sp. PAMC28499	Bacteria
4d25d161-77bc-4b2d-9618-e7ec88ebfe5d	2565554	0.5501607050722923	medium	Sphingobium sp. PAMC28499	Bacteria
fa120c0c-8e2e-429c-a841-efc4bf738c42	2565554	0.5501607050722923	medium	Sphingobium sp. PAMC28499	Bacteria
49f4b38a-6997-480b-97cd-322ec046d032	2565554	0.5501607050722925	medium	Sphingobium sp. PAMC28499	Bacteria
ab7579e3-7ea8-446c-be0a-8046a7e2a7a2	2565554	0.5501607050722926	medium	Sphingobium sp. PAMC28499	Bacteria
bfc761f4-ea5e-481a-88e2-c64eaf7f6667	2565554	0.5501607050722923	medium	Sphingobium sp. PAMC28499	Bacteria
47751a25-aa2e-4135-87c6-deb447b9d258	2565554	0.5501607050722923	medium	Sphingobium sp. PAMC28499	Bacteria
8fccd1bc-0229-47b5-b751-99e8013a090d	2565554	0.5501607050722925	medium	Sphingobium sp. PAMC28499	Bacteria
47ffc8e4-29f2-429f-8d02-bb0e48ffba15	2565554	0.5501607050722949	medium	Sphingobium sp. PAMC28499	Bacteria
00dc6074-ab35-4678-b0f3-3c5d046db93f	2565554	0.5501607050722923	medium	Sphingobium sp. PAMC28499	Bacteria
87d43deb-5a4f-4a2a-8c75-65ed11b62eb4	2565554	0.5501607050722923	medium	Sphingobium sp. PAMC28499	Bacteria
81718e7f-3ee1-44b3-9e7b-cde9fcbdf442	2565554	0.5501607050722923	medium	Sphingobium sp. PAMC28499	Bacteria
0eaa85a0-4448-49d9-8487-a69ba953e2e2	2565554	0.5501607050722923	medium	Sphingobium sp. PAMC28499	Bacteria
363c7391-f4af-47ca-adf7-37e8cc6026fa	2565554	0.5501607050722932	medium	Sphingobium sp. PAMC28499	Bacteria
80690473-ab3e-4c7c-9f1b-d4c07ab401e4	2565554	0.5501607050722949	medium	Sphingobium sp. PAMC28499	Bacteria
8e4bdc27-bb65-49c5-9fd5-11af4e2d39d9	2565554	0.5501607050722925	medium	Sphingobium sp. PAMC28499	Bacteria
9a06b046-7ccf-41b4-87a0-f6c4396abf48	2565554	0.5501607050722949	medium	Sphingobium sp. PAMC28499	Bacteria
ff250385-9748-4357-b83f-2eb33bb17bea	2565554	0.5501607050722923	medium	Sphingobium sp. PAMC28499	Bacteria
6f1bcd5a-fd16-4e41-9c10-852a233460ad	2565554	0.6387084666507702	medium	Sphingobium sp. PAMC28499	Bacteria
72c75dc8-6aaf-4ec2-abb0-0cfb85c16636	2565554	0.5501607050722923	medium	Sphingobium sp. PAMC28499	Bacteria
d7bebddc-b4b8-4026-a72f-00566a162cf3	2565554	0.5501607050722923	medium	Sphingobium sp. PAMC28499	Bacteria
640dd480-cd8d-4257-9d2c-c86bee8cb803	2565554	0.5501607050722923	medium	Sphingobium sp. PAMC28499	Bacteria
15ffa73f-b3de-4aaf-b438-5e66deaba6f6	2565554	0.5501607050722925	medium	Sphingobium sp. PAMC28499	Bacteria
a5ba8df8-d221-4b94-83a4-69940c1e5002	2565554	0.5501607050722925	medium	Sphingobium sp. PAMC28499	Bacteria
61298756-4b1f-4599-bd99-90b2ef0c019b	2565554	0.5501607050722923	medium	Sphingobium sp. PAMC28499	Bacteria
d46093f4-56a5-4f50-8553-3f15fcb078e5	2565554	0.5501607050722932	medium	Sphingobium sp. PAMC28499	Bacteria
1e485d24-7e0f-4ca4-9fee-54bc2067efbd	2565554	0.5501607050722923	medium	Sphingobium sp. PAMC28499	Bacteria
bf7def59-bc2b-47fa-9331-5751294bad3e	2565554	0.5501607050722926	medium	Sphingobium sp. PAMC28499	Bacteria
ddaf06fc-e73b-4370-be7d-20478d823eaf	2565554	0.5501607050722923	medium	Sphingobium sp. PAMC28499	Bacteria
7159d4c4-3b0d-4bd1-9173-0ae7ddaccba3	2565554	0.5501607050722925	medium	Sphingobium sp. PAMC28499	Bacteria
cbf0df62-fc33-4b44-957b-791581b6952a	2565554	0.5501607050722932	medium	Sphingobium sp. PAMC28499	Bacteria
aadaec17-0032-4cc1-8e82-819e584a73ae	2565554	0.5501607050722932	medium	Sphingobium sp. PAMC28499	Bacteria
eb8eb530-840f-4955-be54-11416ee6c194	2565554	0.5501607050722932	medium	Sphingobium sp. PAMC28499	Bacteria
9bab8909-0b77-4afa-b6dc-226858681825	2565554	0.5501607050722932	medium	Sphingobium sp. PAMC28499	Bacteria
5f6cbe43-f3b4-413f-8bfc-85864dd16ec8	2565554	0.5501607050722925	medium	Sphingobium sp. PAMC28499	Bacteria
b94bf8b7-7adc-4641-8044-f2a710b4b039	2565554	0.5501607050722923	medium	Sphingobium sp. PAMC28499	Bacteria
026848db-3223-44ae-aaa5-cdae79df6b0c	2565554	0.5501607050722923	medium	Sphingobium sp. PAMC28499	Bacteria
a2ff2e34-f026-44b6-992e-d67460f062f2	2565554	0.5501607050722926	medium	Sphingobium sp. PAMC28499	Bacteria
cf373fd2-490c-411b-9dfa-b3d291a0e36f	2565554	0.5501607050722923	medium	Sphingobium sp. PAMC28499	Bacteria
704f0912-a592-48fd-9533-892fc1d34015	2565554	0.5501607050722932	medium	Sphingobium sp. PAMC28499	Bacteria
3aaba023-b8b9-4818-b707-58ef24195936	2565554	0.5501607050722923	medium	Sphingobium sp. PAMC28499	Bacteria
018767e5-d6e0-4cef-955d-7816ed4c6f27	2565554	0.5501607050722923	medium	Sphingobium sp. PAMC28499	Bacteria
d058ef86-6bfc-4765-9d4c-26770b7557f8	2565554	0.5501607050722923	medium	Sphingobium sp. PAMC28499	Bacteria
0eb9cd36-4345-4e55-9da2-420599e3a0f4	2565554	0.5501607050722932	medium	Sphingobium sp. PAMC28499	Bacteria
dc388567-0f1c-45ee-a0e7-7956b741f92b	2565554	0.5501607050722932	medium	Sphingobium sp. PAMC28499	Bacteria
b83dc743-e194-4673-b7d3-eae30564d07a	2565554	0.5501607050722914	medium	Sphingobium sp. PAMC28499	Bacteria
546fc15e-0601-45b7-b264-68cd74eb3a86	114975	1.0	confident	Sporosarcina aquimarina	Bacteria
3a196e59-e511-4270-998a-b2573503ac47	114975	1.0	confident	Sporosarcina aquimarina	Bacteria
122f6a5e-2ce3-4736-b31e-ffd872de310c	114975	1.0	confident	Sporosarcina aquimarina	Bacteria
a9c9924e-25c2-4a8f-b44b-4d208c4f9f0e	114975	1.0	confident	Sporosarcina aquimarina	Bacteria
b8378a10-6e20-40e1-98b9-eb85abac2794	114975	1.0	confident	Sporosarcina aquimarina	Bacteria
9c5e2b1e-6dd6-4508-99de-3d34d9ff792e	114975	1.0	confident	Sporosarcina aquimarina	Bacteria
797d91a8-5db1-4b73-87be-d927d3d95138	114975	1.0	confident	Sporosarcina aquimarina	Bacteria
95929899-80e8-40f6-a8ab-7935da163962	114975	1.0	confident	Sporosarcina aquimarina	Bacteria
8fdc8740-061d-42ec-afa6-53e3e5839bb9	114975	1.0	confident	Sporosarcina aquimarina	Bacteria
074d83a5-c8f6-4686-b06d-5d7c05d18b62	114975	1.0	confident	Sporosarcina aquimarina	Bacteria
997027c3-1ba0-425c-8721-7e134d588d02	114975	1.0	confident	Sporosarcina aquimarina	Bacteria
1ad1b42f-df8e-41aa-af66-5f923d343e91	114975	1.0	confident	Sporosarcina aquimarina	Bacteria
cfe47ab1-6faf-45f7-92f5-8459926dc4cd	114975	1.0	confident	Sporosarcina aquimarina	Bacteria
8f5b446a-5ff2-46db-99a5-9a35879c73ff	114975	1.0	confident	Sporosarcina aquimarina	Bacteria
b8747b16-d796-49b5-9a7b-5f39cbf10c45	114975	1.0	confident	Sporosarcina aquimarina	Bacteria
65a4f9fd-0452-4112-ab74-e42497dcc05b	114975	1.0	confident	Sporosarcina aquimarina	Bacteria
4ee5961b-1287-4582-a4f8-e1dca7da5702	114975	1.0	confident	Sporosarcina aquimarina	Bacteria
eb1c2c56-46d5-47cd-aff8-5c8c2cd54ab2	114975	1.0	confident	Sporosarcina aquimarina	Bacteria
7689ba69-9d59-45ba-a213-bea8bdd93934	114975	1.0	confident	Sporosarcina aquimarina	Bacteria
8f3a33fc-6cdc-4014-ad50-3895c70e1276	114975	1.0	confident	Sporosarcina aquimarina	Bacteria
4b1a0d43-2fc8-4a2c-ab31-e27fe967ac04	114975	1.0	confident	Sporosarcina aquimarina	Bacteria
8370ed74-d634-439d-9181-139abe21dacf	114975	1.0	confident	Sporosarcina aquimarina	Bacteria
71d95b89-f2eb-4c94-8556-19b691e96f00	114975	1.0	confident	Sporosarcina aquimarina	Bacteria
a7903059-3d66-49c7-b178-de0a8679d4c5	114975	1.0	confident	Sporosarcina aquimarina	Bacteria
5aed0107-4967-46e8-9800-916fb7580040	114975	1.0	confident	Sporosarcina aquimarina	Bacteria
b3433c0b-0039-402d-b74d-adf6d5f76d81	114975	1.0	confident	Sporosarcina aquimarina	Bacteria
52f90a3e-d53b-4c27-8283-202201a68660	114975	1.0	confident	Sporosarcina aquimarina	Bacteria
de9d7d18-b60a-42b8-be3d-1e33f6a23770	114975	1.0	confident	Sporosarcina aquimarina	Bacteria
1813c984-f5fa-4eb8-8ea5-bd833414a56e	114975	1.0	confident	Sporosarcina aquimarina	Bacteria
8a3b31dc-98a7-4978-ba7c-4e017d9fe8b0	114975	1.0	confident	Sporosarcina aquimarina	Bacteria
9607f1e3-13e1-4d55-ba9c-727819df6908	114975	1.0	confident	Sporosarcina aquimarina	Bacteria
e0d6f0ea-534a-4861-8e7f-5018d74b7ed7	114975	1.0	confident	Sporosarcina aquimarina	Bacteria
c8631468-92d5-4a1e-9cdc-fe3e965cda28	114975	1.0	confident	Sporosarcina aquimarina	Bacteria
6b5fcab0-a18e-4ed4-9ac9-d11a52cde706	114975	1.0	confident	Sporosarcina aquimarina	Bacteria
2f1910c8-bdfb-498b-a32a-1b6e2f36adc3	114975	1.0	confident	Sporosarcina aquimarina	Bacteria
6708bc25-410d-4b1c-b01a-8cae40ef470a	114975	1.0	confident	Sporosarcina aquimarina	Bacteria
f36038e5-a05c-4a0a-86b2-3038bb1ce2d4	114975	1.0	confident	Sporosarcina aquimarina	Bacteria
3bfa42e4-0850-484d-aff2-c94be1532c36	114975	1.0	confident	Sporosarcina aquimarina	Bacteria
c26daeea-efd9-4f5b-9f2e-e2d6b040a18b	114975	1.0	confident	Sporosarcina aquimarina	Bacteria
08ffc396-9deb-4e70-9f0a-7eae4ac3a42d	114975	1.0	confident	Sporosarcina aquimarina	Bacteria
13df40a5-5671-4743-a274-98e0523a6824	114975	1.0	confident	Sporosarcina aquimarina	Bacteria
4740c10a-f630-4e27-82d3-23a849cb238f	114975	1.0	confident	Sporosarcina aquimarina	Bacteria
41facc7a-23cb-40ad-b16d-c54f0974d894	114975	1.0	confident	Sporosarcina aquimarina	Bacteria
4253e5ac-ac65-45dd-97c8-312cb3a79d41	114975	1.0	confident	Sporosarcina aquimarina	Bacteria
a74d2bda-f82c-490f-9a3b-64b09dedd09e	114975	1.0	confident	Sporosarcina aquimarina	Bacteria
20398f91-8fc4-41e4-8e3e-db46e93ae261	114975	1.0	confident	Sporosarcina aquimarina	Bacteria
b0ecd0e5-d245-4c01-806f-0d38b08d7616	114975	1.0	confident	Sporosarcina aquimarina	Bacteria
844ca12c-3d6e-4100-9226-3cfb9e916569	114975	1.0	confident	Sporosarcina aquimarina	Bacteria
a695506e-3ff8-4a6f-94bf-c3afeeb9d08c	114975	1.0	confident	Sporosarcina aquimarina	Bacteria
1f660550-5ef8-41c0-aa54-07a80784b3c2	114975	1.0	confident	Sporosarcina aquimarina	Bacteria
735deb1b-cc2b-4a48-87a2-6527699a02f7	114975	1.0	confident	Sporosarcina aquimarina	Bacteria
b41bc90c-4e65-49a6-ad43-53c9a1956a83	114975	1.0	confident	Sporosarcina aquimarina	Bacteria
a4a022db-5e3c-48d2-8ce4-6b11b0af89ca	114975	1.0	confident	Sporosarcina aquimarina	Bacteria
da2eb1b8-961d-4643-989d-58f224386cab	114975	1.0	confident	Sporosarcina aquimarina	Bacteria
3daaa590-1572-4678-9c44-6ba536706676	114975	1.0	confident	Sporosarcina aquimarina	Bacteria
1301b27d-735d-40bd-81b5-6632f997ea75	114975	1.0	confident	Sporosarcina aquimarina	Bacteria
08386fc5-41c8-4f06-9dce-92f453c9f74c	114975	1.0	confident	Sporosarcina aquimarina	Bacteria
080a5bc9-857c-442f-802c-0f080860fe0f	114975	1.0	confident	Sporosarcina aquimarina	Bacteria
84e2829c-1b4b-49af-aacb-fd15d30174bb	114975	1.0	confident	Sporosarcina aquimarina	Bacteria
14d18f11-8b63-4a19-8f3b-5dc7104b71ba	114975	1.0	confident	Sporosarcina aquimarina	Bacteria
6f8e8d1c-9a62-4b21-ae41-273107b46b0e	114975	1.0	confident	Sporosarcina aquimarina	Bacteria
74e4911d-0346-4677-b007-a8b7edc1dc5e	114975	1.0	confident	Sporosarcina aquimarina	Bacteria
d1ef7f34-40c2-4cd0-b871-0bf1212049d1	114975	1.0	confident	Sporosarcina aquimarina	Bacteria
adf1e53f-5e04-4aea-a83b-b5bf7a6cc99e	114975	1.0	confident	Sporosarcina aquimarina	Bacteria
b38e1891-ac23-43a0-becd-0f067489d378	114975	1.0	confident	Sporosarcina aquimarina	Bacteria
cab9bbc2-cf2b-4b59-b7bf-ec6be066df10	114975	1.0	confident	Sporosarcina aquimarina	Bacteria
7054e055-d656-49ca-a00c-af32f6730e97	114975	1.0	confident	Sporosarcina aquimarina	Bacteria
0cf635bf-f7c5-451d-bda2-fe28a6317c22	114975	1.0	confident	Sporosarcina aquimarina	Bacteria
72414c8d-4864-420c-b5d0-32f22cce46a7	114975	1.0	confident	Sporosarcina aquimarina	Bacteria
7d7f03a4-5c8e-43b1-bde1-9043f93352a6	114975	1.0	confident	Sporosarcina aquimarina	Bacteria
5c281475-199b-46a3-9bd3-b71c1537f472	114975	1.0	confident	Sporosarcina aquimarina	Bacteria
0d76aa15-1876-443e-b34d-ac946db93b11	114975	1.0	confident	Sporosarcina aquimarina	Bacteria
d1773565-ee73-463e-b5a3-6ecef4172bcb	114975	1.0	confident	Sporosarcina aquimarina	Bacteria
a1a40f85-8abe-4249-8824-b8f23dd3d5fb	114975	1.0	confident	Sporosarcina aquimarina	Bacteria
f771d562-0440-42bd-a4bb-7947cd9e1424	114975	1.0	confident	Sporosarcina aquimarina	Bacteria
b0c24373-53e2-4384-9576-2d8f7c4428c1	114975	1.0	confident	Sporosarcina aquimarina	Bacteria
1376a779-dbf9-4d31-842b-c4f3f1cd199c	114975	1.0	confident	Sporosarcina aquimarina	Bacteria
79b7ce20-c0f9-44b0-a348-90580d26ffa6	114975	1.0	confident	Sporosarcina aquimarina	Bacteria
581b5625-0e47-4b2e-93c7-dc6ea5e0a705	114975	1.0	confident	Sporosarcina aquimarina	Bacteria
3e318f69-e1e8-4e68-9bcf-3ead7f19545e	114975	1.0	confident	Sporosarcina aquimarina	Bacteria
89040ace-f788-4adc-b921-987f4c8e2a7f	114975	1.0	confident	Sporosarcina aquimarina	Bacteria
aff5634d-2f64-49c9-8ea4-02661a74d40e	114975	1.0	confident	Sporosarcina aquimarina	Bacteria
1d996ac3-0da0-4e7a-8d22-329c9a97647c	114975	1.0	confident	Sporosarcina aquimarina	Bacteria
bef384b5-0089-4613-a7b5-b223e5623d8c	114975	1.0	confident	Sporosarcina aquimarina	Bacteria
179c8c66-8ec0-40a5-b3ff-a084ab68d01d	114975	1.0	confident	Sporosarcina aquimarina	Bacteria
b5888ba4-4b8e-4141-9764-a2d355be0e31	114975	1.0	confident	Sporosarcina aquimarina	Bacteria
06eac8e4-8796-44aa-9bad-f0f02cfe6bd3	114975	1.0	confident	Sporosarcina aquimarina	Bacteria
30137be7-1b5a-4134-a895-d85397a8baf9	114975	1.0	confident	Sporosarcina aquimarina	Bacteria
a876893d-eafd-4dbb-b21f-1259748ca5d2	114975	1.0	confident	Sporosarcina aquimarina	Bacteria
dc92c6bd-9d15-483b-aeab-2d0ef5d56760	114975	1.0	confident	Sporosarcina aquimarina	Bacteria
0f9699e0-69f6-44a8-ad3c-097081044c4f	114975	1.0	confident	Sporosarcina aquimarina	Bacteria
957d2b97-4742-43d7-b29e-b26ec05da5a3	114975	1.0	confident	Sporosarcina aquimarina	Bacteria
8da48ed7-1ef0-48d3-8845-066367573d0f	114975	1.0	confident	Sporosarcina aquimarina	Bacteria
e9ae5dc5-0afd-46fc-b6e8-036ba8a841de	114975	1.0	confident	Sporosarcina aquimarina	Bacteria
35bdf1a0-a11f-4559-9e2e-f6657c294b9b	114975	1.0	confident	Sporosarcina aquimarina	Bacteria
8a05ee3a-aaf9-4073-88d7-b3897e7206f8	114975	1.0	confident	Sporosarcina aquimarina	Bacteria
7d7c7f0e-8cd6-406d-bec6-2b97651acba5	114975	1.0	confident	Sporosarcina aquimarina	Bacteria
503e5afd-df72-4c57-9d87-1fe3fccc86c4	114975	1.0	confident	Sporosarcina aquimarina	Bacteria
262e3f18-c03f-47f1-95d7-4188419ffcc3	114975	1.0	confident	Sporosarcina aquimarina	Bacteria
7913e380-99a7-41ec-81f5-49234d7b0c7c	114975	1.0	confident	Sporosarcina aquimarina	Bacteria
efe082b3-1dcf-4f71-b4b9-e1af1ec84d69	114975	1.0	confident	Sporosarcina aquimarina	Bacteria
d15c5fff-15e3-4a24-8448-b3ccd4496ad4	114975	1.0	confident	Sporosarcina aquimarina	Bacteria
efd78bb0-154d-4775-b54e-cb0330925fee	114975	1.0	confident	Sporosarcina aquimarina	Bacteria
901eb24d-3403-4dc4-873c-2bbfabf358ce	114975	1.0	confident	Sporosarcina aquimarina	Bacteria
872c7f89-d640-432c-8430-7c3efcd2c002	114975	1.0	confident	Sporosarcina aquimarina	Bacteria
a0041109-2e94-4b88-b856-b12f2f2763fb	114975	1.0	confident	Sporosarcina aquimarina	Bacteria
d9717ba3-1892-41e0-9772-cec5555b51ea	114975	1.0	confident	Sporosarcina aquimarina	Bacteria
d55f753b-e2fe-4488-9bde-7c124386598a	114975	1.0	confident	Sporosarcina aquimarina	Bacteria
c7e3f154-7e6c-4938-b853-717bcd01beda	114975	1.0	confident	Sporosarcina aquimarina	Bacteria
98c5d021-fa9d-416b-8330-92d121c1b84d	114975	1.0	confident	Sporosarcina aquimarina	Bacteria
e1e9757b-642a-4646-a42c-1fc100aaabcb	114975	1.0	confident	Sporosarcina aquimarina	Bacteria
6b56a7de-6652-4fd2-a38b-e3fe1ba839d4	114975	1.0	confident	Sporosarcina aquimarina	Bacteria
b3b96814-aefd-4ac5-8ec4-66898e7b2f27	114975	1.0	confident	Sporosarcina aquimarina	Bacteria
4f16dfb2-ee8a-47e4-b0f0-be02c9f26e41	114975	1.0	confident	Sporosarcina aquimarina	Bacteria
209fab6f-0675-4fe3-a6d8-b458373964b8	114975	1.0	confident	Sporosarcina aquimarina	Bacteria
35d8dc92-f006-437a-b419-92cea3a2762e	114975	1.0	confident	Sporosarcina aquimarina	Bacteria
57ad7e7b-2eb2-409f-8a72-c5e2845295c8	114975	1.0	confident	Sporosarcina aquimarina	Bacteria
3a5130ce-7fef-4918-bc7c-3837d5999910	114975	1.0	confident	Sporosarcina aquimarina	Bacteria
e95b1b4b-1f85-46ff-a377-335321c2223a	114975	1.0	confident	Sporosarcina aquimarina	Bacteria
5aff18d0-cfcb-49da-9bf0-16d10a329b5f	114975	1.0	confident	Sporosarcina aquimarina	Bacteria
eecfc7e7-f537-4754-9c7f-0265adefa294	114975	1.0	confident	Sporosarcina aquimarina	Bacteria
ad6ec336-6b7a-4e55-8763-23ab64261796	114975	1.0	confident	Sporosarcina aquimarina	Bacteria
710414c6-a4ed-4b1b-8544-2a07c733feb3	114975	1.0	confident	Sporosarcina aquimarina	Bacteria
574edafe-a77b-442f-be70-65028bc1bbd4	114975	1.0	confident	Sporosarcina aquimarina	Bacteria
9abd389a-6c25-4c95-815f-315998deafd6	114975	1.0	confident	Sporosarcina aquimarina	Bacteria
9cb4e9ef-54a2-4c5b-9d87-609550b3b12a	114975	1.0	confident	Sporosarcina aquimarina	Bacteria
91ee9d27-8f14-40a5-b1b0-c1b7c27917e5	114975	1.0	confident	Sporosarcina aquimarina	Bacteria
26ccbbe2-5eac-44c1-a8f9-68182e02760d	114975	1.0	confident	Sporosarcina aquimarina	Bacteria
86a336f9-fad2-43cf-9a00-8ecc41982e18	114975	1.0	confident	Sporosarcina aquimarina	Bacteria
dcb922ca-720a-409f-a58d-847d1bef958f	114975	1.0	confident	Sporosarcina aquimarina	Bacteria
20001c02-6e5a-404a-9e2a-2910db575b18	114975	1.0	confident	Sporosarcina aquimarina	Bacteria
ffe5cda6-3b5f-4d29-9ef8-0212345052f8	114975	1.0	confident	Sporosarcina aquimarina	Bacteria
dc84fda5-134d-4a4c-a8c0-181ac23439f3	114975	1.0	confident	Sporosarcina aquimarina	Bacteria
1cd067ae-8197-4c7a-be09-ba98d1c38db1	114975	1.0	confident	Sporosarcina aquimarina	Bacteria
4a762469-0d5f-45d5-83da-779e7096a6cd	114975	1.0	confident	Sporosarcina aquimarina	Bacteria
8f76c896-e130-4dbe-ba40-cfaf577b5b5f	114975	1.0	confident	Sporosarcina aquimarina	Bacteria
e77aff62-ee51-4f5b-a2f6-e53e749627af	114975	1.0	confident	Sporosarcina aquimarina	Bacteria
90b5fe8c-956c-4313-9430-b154e88f3f40	114975	1.0	confident	Sporosarcina aquimarina	Bacteria
7a20f6b1-ac6b-4f51-b56e-2c9f16730e64	114975	1.0	confident	Sporosarcina aquimarina	Bacteria
df963203-a343-4db8-ac20-290159535416	114975	1.0	confident	Sporosarcina aquimarina	Bacteria
720586a4-85a1-49df-af40-2dffefd2511e	114975	1.0	confident	Sporosarcina aquimarina	Bacteria
766a0632-6c4b-4b6f-8d69-5259dd05ba05	114975	1.0	confident	Sporosarcina aquimarina	Bacteria
de7cc8e7-260f-4ba3-8f46-d0ce4491f516	114975	1.0	confident	Sporosarcina aquimarina	Bacteria
c137af9f-9e49-4139-a1c5-e17d6ee98ddc	114975	1.0	confident	Sporosarcina aquimarina	Bacteria
9f0e6e29-a8b6-49ea-a63d-97b698e2c249	114975	1.0	confident	Sporosarcina aquimarina	Bacteria
540fa85f-c3a4-47bb-bf51-54fffcfc201d	114975	1.0	confident	Sporosarcina aquimarina	Bacteria
0a14e0dd-d738-4a5c-9b30-95a5d7f3266f	114975	1.0	confident	Sporosarcina aquimarina	Bacteria
a6ebf071-03b5-4190-91f1-f59fde8c69ce	114975	1.0	confident	Sporosarcina aquimarina	Bacteria
9fc602cf-7b16-4c0b-8ec6-a28acd269c84	114975	1.0	confident	Sporosarcina aquimarina	Bacteria
dda86ddc-6b20-44fa-8539-e25beebe72c2	114975	1.0	confident	Sporosarcina aquimarina	Bacteria
25a87f25-e728-4cf3-bd90-14b5232c2c35	114975	1.0	confident	Sporosarcina aquimarina	Bacteria
fbe369cd-dcee-42f6-ba70-5c791038fae1	448141	1.0	confident	Calditerricola yamamurae	Bacteria
d78311f1-cf8a-419f-9431-177869b29a12	448141	1.0	confident	Calditerricola yamamurae	Bacteria
2fb84421-930d-4fd9-aae4-39312f323c3a	448141	1.0	confident	Calditerricola yamamurae	Bacteria
e70c716e-1975-497f-b683-c4e27182eb48	448141	1.0	confident	Calditerricola yamamurae	Bacteria
0c05644f-c8b4-4fb0-9fec-b8f11ae01918	448141	1.0	confident	Calditerricola yamamurae	Bacteria
f1a958c8-cbe7-49c0-a272-c7e9dcffdba2	448141	1.0	confident	Calditerricola yamamurae	Bacteria
edb6a6f1-282e-472f-85a1-320982f250f3	448141	1.0	confident	Calditerricola yamamurae	Bacteria
36367ca4-912f-40b9-8953-e64abc8c289e	448141	1.0	confident	Calditerricola yamamurae	Bacteria
c0da6566-c83b-4854-99a5-fb07c83989d4	448141	1.0	confident	Calditerricola yamamurae	Bacteria
77747f34-1731-4bcb-904b-e3a468d128b3	448141	1.0	confident	Calditerricola yamamurae	Bacteria
c89494da-d863-43fd-ab36-1fffb96dd43b	448141	1.0	confident	Calditerricola yamamurae	Bacteria
790e0bda-a9fe-4a0c-a4a5-e1a69b17b356	448141	1.0	confident	Calditerricola yamamurae	Bacteria
24b4bfc6-a866-4b17-8255-9228acb7c9f7	448141	1.0	confident	Calditerricola yamamurae	Bacteria
a74fe71b-c07b-48e5-907d-2d03853f1238	448141	1.0	confident	Calditerricola yamamurae	Bacteria
e5500a3b-5dad-4b52-97f2-e21619762555	448141	1.0	confident	Calditerricola yamamurae	Bacteria
8634d585-7ac4-4b37-bc1c-3448a4bc1cc6	448141	1.0	confident	Calditerricola yamamurae	Bacteria
c6e19e48-35b5-4b06-988e-60eb8a039f24	448141	1.0	confident	Calditerricola yamamurae	Bacteria
26900b67-f9d2-47e8-9621-5a81cf935e50	448141	1.0	confident	Calditerricola yamamurae	Bacteria
b82f5932-c62b-4ac0-a109-daa5f6962a2a	448141	1.0	confident	Calditerricola yamamurae	Bacteria
4e23e82e-7ede-4d3b-85e5-7e067a59d824	448141	1.0	confident	Calditerricola yamamurae	Bacteria
fa7a4258-39e6-4f30-b0a0-f4700bb3693b	448141	1.0	confident	Calditerricola yamamurae	Bacteria
7b34f59b-eca4-4233-90c5-2458ab9cebb5	448141	1.0	confident	Calditerricola yamamurae	Bacteria
6918067a-955c-4215-ada8-c9442c059655	448141	1.0	confident	Calditerricola yamamurae	Bacteria
043f443b-e372-434b-abbc-ec087123356f	448141	1.0	confident	Calditerricola yamamurae	Bacteria
5e32ddcc-2f71-4532-842f-44bbb75b0a04	448141	1.0	confident	Calditerricola yamamurae	Bacteria
06dabed8-4280-489b-badb-708a9adcfc75	448141	1.0	confident	Calditerricola yamamurae	Bacteria
5f48c33d-ce6e-49d7-a04f-9a94ed2a9284	448141	1.0	confident	Calditerricola yamamurae	Bacteria
030b3fc8-a030-4764-804a-7676f831349e	448141	1.0	confident	Calditerricola yamamurae	Bacteria
30a61ae0-43ab-439a-b043-cbcfdbd4d1c3	448141	1.0	confident	Calditerricola yamamurae	Bacteria
dc38ed22-74ca-4618-9620-5982ec06f0a7	448141	1.0	confident	Calditerricola yamamurae	Bacteria
2efd92a6-1ff7-4b09-9bf1-bd1cb0071624	448141	1.0	confident	Calditerricola yamamurae	Bacteria
d19a0dad-af1b-4537-8196-0db0fb52e21d	448141	1.0	confident	Calditerricola yamamurae	Bacteria
401b0a54-ff9c-48c6-a225-88a0348e6742	448141	1.0	confident	Calditerricola yamamurae	Bacteria
83deb37b-5735-4f10-b241-0ae299f40ff0	448141	1.0	confident	Calditerricola yamamurae	Bacteria
d6db98bc-21f7-4fec-bcb3-74fd25853c59	448141	1.0	confident	Calditerricola yamamurae	Bacteria
d30ef577-5a07-4e5b-807e-c5175e4c55a3	448141	1.0	confident	Calditerricola yamamurae	Bacteria
ce17f91d-95c6-4838-89ec-7fb847650178	448141	1.0	confident	Calditerricola yamamurae	Bacteria
f642d34f-27a3-4a7b-8bad-4dfdaa771555	448141	1.0	confident	Calditerricola yamamurae	Bacteria
ed01d41e-dfe3-4452-8cd5-9adcb41a28ca	448141	1.0	confident	Calditerricola yamamurae	Bacteria
14eff11f-cc79-4836-afc4-22d89f9a2823	448141	1.0	confident	Calditerricola yamamurae	Bacteria
9683828e-2fbd-443e-a662-72ceabca2bd4	448141	1.0	confident	Calditerricola yamamurae	Bacteria
e56d0a40-09fd-471c-b115-537d489037bb	448141	1.0	confident	Calditerricola yamamurae	Bacteria
2890bb1c-2029-4b98-8e12-0bf10141f3e0	448141	1.0	confident	Calditerricola yamamurae	Bacteria
116903f4-8ce5-4370-bdd8-e56836138947	448141	1.0	confident	Calditerricola yamamurae	Bacteria
73618145-4956-4925-a568-247561e453a6	448141	1.0	confident	Calditerricola yamamurae	Bacteria
2e723be8-ce41-4e03-8750-35454c8b7d61	448141	1.0	confident	Calditerricola yamamurae	Bacteria
037ed82c-6567-4ff5-b340-e215edec82c2	448141	1.0	confident	Calditerricola yamamurae	Bacteria
a2a89df3-3cb3-4a96-85c2-6a422bc7c7f2	448141	1.0	confident	Calditerricola yamamurae	Bacteria
75a4294c-5ef4-46a6-9987-e07499b6480d	448141	1.0	confident	Calditerricola yamamurae	Bacteria
ee81a1ec-7910-486c-beba-a06acde9abd4	448141	1.0	confident	Calditerricola yamamurae	Bacteria
f708c85c-6925-48b7-b23f-5bed2276b895	448141	1.0	confident	Calditerricola yamamurae	Bacteria
9293b053-2610-4bfa-984d-73dd52e022e9	448141	1.0	confident	Calditerricola yamamurae	Bacteria
b40a1edb-bb2f-4ee2-b02e-4b1858014b21	448141	1.0	confident	Calditerricola yamamurae	Bacteria
5527848c-b57f-4d47-90b9-af4a89618570	448141	1.0	confident	Calditerricola yamamurae	Bacteria
6bc843a8-f337-4b83-9f1e-4d3fd39c3dbc	448141	1.0	confident	Calditerricola yamamurae	Bacteria
c3114ddd-617b-4954-8109-a65403c74ca5	448141	1.0	confident	Calditerricola yamamurae	Bacteria
99c4345c-56cf-489d-825d-44f9155215f5	448141	1.0	confident	Calditerricola yamamurae	Bacteria
ab7f9b07-f297-4071-a1cd-7d671462cfe3	448141	1.0	confident	Calditerricola yamamurae	Bacteria
0be9838e-30dd-4447-92b9-709b2a9c0459	448141	1.0	confident	Calditerricola yamamurae	Bacteria
fc86e2b9-6b6e-40e0-b924-3820427a9f25	448141	1.0	confident	Calditerricola yamamurae	Bacteria
ecb22bdc-d29c-4498-97b0-0d22588406a9	448141	1.0	confident	Calditerricola yamamurae	Bacteria
61e616e4-f49a-49d4-a36f-36df6622dbb5	448141	1.0	confident	Calditerricola yamamurae	Bacteria
ef2e3f6f-a7fc-42a5-9abe-927ca5dc495b	448141	1.0	confident	Calditerricola yamamurae	Bacteria
a62c0623-02b4-400e-b459-6184bcd432d4	448141	1.0	confident	Calditerricola yamamurae	Bacteria
faab7d9b-6533-4345-a65b-2838859b83ae	448141	1.0	confident	Calditerricola yamamurae	Bacteria
42579516-8a0a-446b-a21e-4b8bbd563f0b	448141	1.0	confident	Calditerricola yamamurae	Bacteria
9ffa3e5e-4e0d-41cd-bf21-4f7c9eb5a778	448141	1.0	confident	Calditerricola yamamurae	Bacteria
41b8233f-74d4-48b1-80c4-70bcb0685395	448141	1.0	confident	Calditerricola yamamurae	Bacteria
d62b9c22-bde1-42aa-8378-496cf06a2d7b	448141	1.0	confident	Calditerricola yamamurae	Bacteria
f01c075a-e181-4869-9a97-2a0a795c2e56	448141	1.0	confident	Calditerricola yamamurae	Bacteria
fc71a0eb-50d1-42ec-80b0-b8e416292022	448141	1.0	confident	Calditerricola yamamurae	Bacteria
db93b9df-2288-4996-a949-d57b0320e9d7	448141	1.0	confident	Calditerricola yamamurae	Bacteria
0bd124fb-65ee-403f-bfdd-c4df0f10841d	448141	1.0	confident	Calditerricola yamamurae	Bacteria
6a13fc48-8606-4794-b912-b1ec23b0bce4	448141	1.0	confident	Calditerricola yamamurae	Bacteria
e044d70f-139e-4845-9344-206ebb2d8c02	448141	1.0	confident	Calditerricola yamamurae	Bacteria
8f4bad58-75c0-4cae-9736-b2d83baaa3f1	448141	1.0	confident	Calditerricola yamamurae	Bacteria
44988c79-aac7-4508-ac80-93a312ad9a82	448141	1.0	confident	Calditerricola yamamurae	Bacteria
cfd997e5-137c-4892-b33e-cbf68ad348cd	448141	1.0	confident	Calditerricola yamamurae	Bacteria
112fb7ba-e0f2-400a-a075-bda6c21c6c72	448141	1.0	confident	Calditerricola yamamurae	Bacteria
b2b76860-a3a7-43b9-be42-e31d097fdeb9	448141	1.0	confident	Calditerricola yamamurae	Bacteria
f1dc3801-42fd-4786-8156-9c0817af7b89	448141	1.0	confident	Calditerricola yamamurae	Bacteria
7f0b1a38-3bb6-432c-8c24-bc8d7c5546d0	448141	1.0	confident	Calditerricola yamamurae	Bacteria
f0620cfc-9f87-44d1-8382-9ce92d93ab4f	448141	1.0	confident	Calditerricola yamamurae	Bacteria
3a985a4f-d39b-40ec-8456-c6a3c1b3206b	448141	1.0	confident	Calditerricola yamamurae	Bacteria
f6dfc123-1858-42a3-b81f-7d03b5a5f37c	448141	1.0	confident	Calditerricola yamamurae	Bacteria
a9dc18b7-ea2a-4dc4-9726-9a00f6607cce	448141	1.0	confident	Calditerricola yamamurae	Bacteria
b34bcedd-f955-40a6-9e6f-5e51dec4804c	448141	1.0	confident	Calditerricola yamamurae	Bacteria
7db1ee09-f407-4e42-91e7-da1c231daba8	448141	1.0	confident	Calditerricola yamamurae	Bacteria
a94f4cbb-41fd-4b7d-9c86-ac219b1e8fc2	448141	1.0	confident	Calditerricola yamamurae	Bacteria
730664d4-371c-482b-a71d-9223e21d72b1	448141	1.0	confident	Calditerricola yamamurae	Bacteria
e9979edc-3e34-470a-97f2-6cf259c59490	448141	1.0	confident	Calditerricola yamamurae	Bacteria
f0a75e11-82ef-4b0f-81a7-0703e0199ba1	448141	1.0	confident	Calditerricola yamamurae	Bacteria
fa198bc3-3565-4884-bc56-4071acb0781e	448141	1.0	confident	Calditerricola yamamurae	Bacteria
378a5ee3-5a9b-4ce6-ae33-8cb3a43cfb1d	448141	1.0	confident	Calditerricola yamamurae	Bacteria
cdbb9aab-65e2-4b88-8fde-dea3679ddca7	448141	1.0	confident	Calditerricola yamamurae	Bacteria
3206f52e-b51d-4065-affc-8cb084487d3e	448141	1.0	confident	Calditerricola yamamurae	Bacteria
c6e99ea8-e1fd-4f5e-bc66-d305af376d29	448141	1.0	confident	Calditerricola yamamurae	Bacteria
113a3506-198a-47e7-9019-c6a087605563	448141	1.0	confident	Calditerricola yamamurae	Bacteria
7bbbdade-bf18-4e25-83a1-94ba43e8bbf8	448141	1.0	confident	Calditerricola yamamurae	Bacteria
6b84be8a-fb10-4f97-a351-98a0eb2b0101	448141	1.0	confident	Calditerricola yamamurae	Bacteria
c945b1c0-28f9-447b-a2f0-859af43227cf	448141	1.0	confident	Calditerricola yamamurae	Bacteria
314d3372-2cfe-4cae-ac9c-a5948f1e3609	448141	1.0	confident	Calditerricola yamamurae	Bacteria
f8133148-743b-4d63-b222-0522e465f10d	448141	1.0	confident	Calditerricola yamamurae	Bacteria
b3051915-ab64-400c-a515-0c9da1501cd2	448141	1.0	confident	Calditerricola yamamurae	Bacteria
4d4590d0-32af-4f2e-af0e-2bdc82430210	448141	1.0	confident	Calditerricola yamamurae	Bacteria
7dc8c9fe-7f91-4bca-8b2e-0bea7b6f1b11	448141	1.0	confident	Calditerricola yamamurae	Bacteria
ef3a079d-09bb-45a2-a329-2ca8706e0b14	448141	1.0	confident	Calditerricola yamamurae	Bacteria
3dda23e0-abea-4d2b-b57b-a545b6371c23	448141	1.0	confident	Calditerricola yamamurae	Bacteria
e51682be-6fa0-4750-a958-77cbdda6e29f	448141	1.0	confident	Calditerricola yamamurae	Bacteria
cb96b310-5afa-4aa9-8b47-eca9d6ceb785	448141	1.0	confident	Calditerricola yamamurae	Bacteria
a52ff814-2989-46ce-aa4d-07531aeb143e	448141	1.0	confident	Calditerricola yamamurae	Bacteria
e39c13ed-cb7a-47a2-bd32-6aeeceb16ad6	448141	1.0	confident	Calditerricola yamamurae	Bacteria
b0a69129-304a-45e1-b1ea-64488b1ca6d5	448141	1.0	confident	Calditerricola yamamurae	Bacteria
2d3dc778-360c-47eb-bcef-2a69add3e8a4	448141	1.0	confident	Calditerricola yamamurae	Bacteria
1400fad3-347d-4482-a5ab-eee9b1f6952c	448141	1.0	confident	Calditerricola yamamurae	Bacteria
7afc68dc-cb0e-4c4b-b0cb-0ee066fdd284	448141	1.0	confident	Calditerricola yamamurae	Bacteria
ce2f7af0-d991-48f9-99c0-8c4ae7eb775d	448141	1.0	confident	Calditerricola yamamurae	Bacteria
53877b6a-032b-4cd4-86f5-545c44d9516f	448141	1.0	confident	Calditerricola yamamurae	Bacteria
a008b6af-1330-4f42-b0cf-25d48bac0b6b	448141	1.0	confident	Calditerricola yamamurae	Bacteria
fc3a6ba1-9217-4fe1-ace2-6dc915f2429f	448141	1.0	confident	Calditerricola yamamurae	Bacteria
45170eec-31cc-4473-8804-56d8ff7ef768	448141	1.0	confident	Calditerricola yamamurae	Bacteria
29eae234-09e5-4130-a703-ecc2984f7783	448141	1.0	confident	Calditerricola yamamurae	Bacteria
b54d050e-e3b7-403f-ac19-02412b9e91ef	448141	1.0	confident	Calditerricola yamamurae	Bacteria
7c91b89e-e48f-4ffb-9b50-035ed80f7204	448141	1.0	confident	Calditerricola yamamurae	Bacteria
d9144662-8527-41d3-a46b-af902e6900c4	448141	1.0	confident	Calditerricola yamamurae	Bacteria
9b04a890-711e-4b20-9b12-a18579fd0e54	448141	1.0	confident	Calditerricola yamamurae	Bacteria
76626e9f-c8ed-4caa-82ef-68d1e6ed61ba	448141	1.0	confident	Calditerricola yamamurae	Bacteria
105d72b8-c094-4ab6-a392-863b08e030dd	448141	1.0	confident	Calditerricola yamamurae	Bacteria
8d61f008-8e2c-45bb-9358-49b65c555f7b	448141	1.0	confident	Calditerricola yamamurae	Bacteria
51de50fa-0465-44dd-84a8-6bb7844c694c	448141	1.0	confident	Calditerricola yamamurae	Bacteria
747a4120-a989-4fb8-8a0f-46da62a434af	448141	1.0	confident	Calditerricola yamamurae	Bacteria
b49ca71e-eaa9-48c5-beb4-60fd59723483	448141	1.0	confident	Calditerricola yamamurae	Bacteria
d6c2d7e0-eab2-4319-ace4-0b8d4f97f4c9	294699	0.9999999999339336	high	Anoxybacillus amylolyticus	Bacteria
f277e93c-a8c6-497b-baf7-ed48d939f9e4	581036	0.9993284344654316	high	Anoxybacillus vitaminiphilus	Bacteria
d28b1619-1d12-47fd-8205-2fe4a087c9e8	581036	1.0	confident	Anoxybacillus vitaminiphilus	Bacteria
eb8b428b-286c-4370-a06a-b4118daf4894	581036	1.0	confident	Anoxybacillus vitaminiphilus	Bacteria
5adafc01-ef88-4acd-b62b-e2da91166b42	294699	0.9684135207160312	high	Anoxybacillus amylolyticus	Bacteria
f5e98f34-b211-46e6-8d0b-d8b50495f71d	294699	0.8465953302218514	high	Anoxybacillus amylolyticus	Bacteria
9377c05e-40e3-4070-bca4-63e5ea6b2919	294699	0.9929548973561996	high	Anoxybacillus amylolyticus	Bacteria
382de221-79de-4303-81d4-ea3844d20fc4	581036	1.0	confident	Anoxybacillus vitaminiphilus	Bacteria
7de895ce-69c7-448a-a170-fb99c99384b9	581036	0.5181467435072739	medium	Anoxybacillus vitaminiphilus	Bacteria
241ef568-c431-47e5-a283-eba3a646bd76	294699	0.9771049850071925	high	Anoxybacillus amylolyticus	Bacteria
0d40dded-bd5f-48e8-8a4c-8687617402b7	581036	0.8260705034806892	high	Anoxybacillus vitaminiphilus	Bacteria
c720fc20-2c14-4d09-bf9b-f60481d287e3	294699	0.9206598892738828	high	Anoxybacillus amylolyticus	Bacteria
400933db-ee2c-421c-a897-955edc58bf6a	581036	0.8260690113382932	high	Anoxybacillus vitaminiphilus	Bacteria
b1fb27a4-f0be-437b-b6ef-9cc349bdd870	294699	0.9999779448169932	high	Anoxybacillus amylolyticus	Bacteria
7b98a8db-f466-4217-8e11-94c28ed9ecf7	581036	0.9996896679303808	high	Anoxybacillus vitaminiphilus	Bacteria
e058792a-2bcd-4b4c-9136-badccd08a1a6	294699	0.98541345732133	high	Anoxybacillus amylolyticus	Bacteria
6c2bc728-21fa-4a62-9412-cd4557722aab	294699	0.8466357442179261	high	Anoxybacillus amylolyticus	Bacteria
3b9eb12a-bb16-4e13-8f4b-bf95f8740481	581036	0.9999998965094892	high	Anoxybacillus vitaminiphilus	Bacteria
2d684ad5-52f7-4c7e-98bb-a9f6c7ad18d1	581036	0.8262043015319055	high	Anoxybacillus vitaminiphilus	Bacteria
347601d2-11eb-4886-941d-dd5c2a6ff980	294699	0.9954026319023288	high	Anoxybacillus amylolyticus	Bacteria
d6eea1fa-f8fc-4379-8459-5dbf496c2db3	581036	1.0	confident	Anoxybacillus vitaminiphilus	Bacteria
6947ef95-bde9-45af-b83b-ff20bc61fdfc	294699	0.8456990816319295	high	Anoxybacillus amylolyticus	Bacteria
e5b6e585-006c-4416-be90-be52a9d7dd87	294699	0.7233909706858175	medium	Anoxybacillus amylolyticus	Bacteria
122d084a-e775-45e7-a006-0f5d70ab0313	581036	0.9283261951107548	high	Anoxybacillus vitaminiphilus	Bacteria
64854121-2cfe-4a06-bcd7-c085efa8d097	581036	1.0	confident	Anoxybacillus vitaminiphilus	Bacteria
3c36f468-d348-49eb-ab36-c9b5ca3c22f0	581036	1.0	confident	Anoxybacillus vitaminiphilus	Bacteria
de282d41-7a86-40e2-a995-26239bd3f269	294699	0.8460077127896355	high	Anoxybacillus amylolyticus	Bacteria
bf8fb0c9-ee67-432b-9759-dcc98ba1230f	72456	0.9999899470242994	high	Bacillaceae_X_sp.	Bacteria
b42c76c8-061d-4cfd-bf95-6734d45b1c24	294699	0.8462068030972774	high	Anoxybacillus amylolyticus	Bacteria
89334959-8041-4b93-b42f-56e8905f56cf	294699	0.8466196427833808	high	Anoxybacillus amylolyticus	Bacteria
f3863da8-6391-4d0b-830b-26a1bb392c26	581036	1.0	confident	Anoxybacillus vitaminiphilus	Bacteria
b5db765a-927d-4c39-9a7c-0c36a5351263	294699	0.8460615469409216	high	Anoxybacillus amylolyticus	Bacteria
55f1bea5-4502-470b-9f8d-c897f4ebd291	581036	1.0	confident	Anoxybacillus vitaminiphilus	Bacteria
8e1d93f0-af11-4506-b0cc-32a904d440f2	581036	0.9832476714349412	high	Anoxybacillus vitaminiphilus	Bacteria
290d9feb-6041-4b4e-ae82-8f46bc22d1fd	294699	0.9854913037638132	high	Anoxybacillus amylolyticus	Bacteria
bb6d601d-980b-4175-ba0d-21173a185155	72456	0.9999090395095858	high	Bacillaceae_X_sp.	Bacteria
fef77f10-aac1-40a0-bbee-6cd0ed0e49a5	72456	0.9999984070020724	high	Bacillaceae_X_sp.	Bacteria
cc22de45-5a30-4022-b95a-4126f13b84a1	294699	0.8453378612843658	high	Anoxybacillus amylolyticus	Bacteria
b4ae8ce2-e74d-4a9f-ac0f-81fd7a65961b	581036	0.908815793190595	high	Anoxybacillus vitaminiphilus	Bacteria
2d773b3e-07ba-407b-94c7-c654eb0002c3	581036	0.6926211700358937	medium	Anoxybacillus vitaminiphilus	Bacteria
057d5278-1132-4ade-a390-a0deb205d656	294699	0.8460801161768826	high	Anoxybacillus amylolyticus	Bacteria
ab517767-ca2d-4a77-9068-07cc1ec28780	294699	0.9999779894050876	high	Anoxybacillus amylolyticus	Bacteria
96b7535d-48c7-4dbc-bdd5-cb3cf1c5e9ec	72456	0.9999971363644364	high	Bacillaceae_X_sp.	Bacteria
3b5a4958-cc52-465e-bf31-02fbb53335e8	581036	0.9999972859665592	high	Anoxybacillus vitaminiphilus	Bacteria
37c6ffcc-e69e-4b1f-bfcd-b1439b70a165	581036	0.9835779857333028	high	Anoxybacillus vitaminiphilus	Bacteria
745dadab-b5dd-42a8-918a-02ac3786d144	581036	1.0	confident	Anoxybacillus vitaminiphilus	Bacteria
41c3ab8a-5be1-46a8-844d-e81230cf4bc5	581036	0.9090608636716484	high	Anoxybacillus vitaminiphilus	Bacteria
c946a3b6-ca2f-4cb3-906d-4754c7c6c7d4	581036	0.9653290334160982	high	Anoxybacillus vitaminiphilus	Bacteria
00830b7d-078c-4804-877f-9d81c6ae85d1	581036	0.8259274935438696	high	Anoxybacillus vitaminiphilus	Bacteria
b5c4ca7b-9749-4c95-acc1-5a0333ecdead	294699	0.9997339494850116	high	Anoxybacillus amylolyticus	Bacteria
6e6dee67-7d12-4de9-bb04-ecf957e744cb	72456	0.9999934359084456	high	Bacillaceae_X_sp.	Bacteria
d5fc4bb3-c859-41fe-ab99-a165818023be	581036	0.5964738314539657	medium	Anoxybacillus vitaminiphilus	Bacteria
db513072-d6d8-4215-a0d4-979c2e9f7941	581036	0.8263489839321173	high	Anoxybacillus vitaminiphilus	Bacteria
5248491a-3cbf-42f9-b573-c3d9e5d3677e	581036	0.8262058796508865	high	Anoxybacillus vitaminiphilus	Bacteria
8dba82dd-a18c-49eb-952d-4cc1bb83498b	294699	0.8461659276232253	high	Anoxybacillus amylolyticus	Bacteria
27be0456-cb9f-4423-b6d9-72b7cdf6e10e	581036	0.9996531728218327	high	Anoxybacillus vitaminiphilus	Bacteria
6e095137-d1e9-430a-a129-58d4ac53adb5	581036	0.8262138016371876	high	Anoxybacillus vitaminiphilus	Bacteria
174b029d-374f-46d2-a7a9-7c6bced92c01	294699	0.8461183438700712	high	Anoxybacillus amylolyticus	Bacteria
7627ecad-82ba-4535-a136-bda3faff042f	581036	0.692722422256999	medium	Anoxybacillus vitaminiphilus	Bacteria
2f3cc8e8-2e9e-4289-bb86-85cadb3c84ef	581036	1.0	confident	Anoxybacillus vitaminiphilus	Bacteria
b5447b08-9413-4ee8-90e5-4234bdd0efed	581036	0.8262106265477576	high	Anoxybacillus vitaminiphilus	Bacteria
8efc8a0e-db5c-4420-9ed7-bbee0365fd9c	581036	0.983429124763966	high	Anoxybacillus vitaminiphilus	Bacteria
1ab069b5-9384-489f-93ab-0e7f34108172	581036	0.9998502162142064	high	Anoxybacillus vitaminiphilus	Bacteria
f1ec7464-6fe1-4b50-80c8-0a08c00962ae	294699	0.8461723410536026	high	Anoxybacillus amylolyticus	Bacteria
4fe893b7-5196-4355-8dcd-d973bad2bfae	581036	0.8262106265477535	high	Anoxybacillus vitaminiphilus	Bacteria
3a283ef4-efb7-40b0-9ade-6b7ff3a1866f	294699	0.8459025945889291	high	Anoxybacillus amylolyticus	Bacteria
e6a22f80-1e3e-4603-9493-c16a20dcfba9	294699	0.9988339511412014	high	Anoxybacillus amylolyticus	Bacteria
caa00f7e-a26f-423b-8fd0-161efff83419	581036	1.0	confident	Anoxybacillus vitaminiphilus	Bacteria
2d3b1cd2-0512-455e-8a9d-84a24cd86265	581036	0.9090526615397104	high	Anoxybacillus vitaminiphilus	Bacteria
a871a1d4-265e-48ac-8e7f-4ec39e5806f4	294699	0.6916592637948105	medium	Anoxybacillus amylolyticus	Bacteria
eebbac13-5052-4859-955e-d49ce45f941e	581036	0.8257873769602891	high	Anoxybacillus vitaminiphilus	Bacteria
2fe281f6-a97f-442d-9ac1-02a5355c9409	72456	0.9999999985796512	high	Bacillaceae_X_sp.	Bacteria
b62e0c62-bb95-4c35-a7f5-e22d40064d79	294699	0.9604568199324915	high	Anoxybacillus amylolyticus	Bacteria
8ee41026-05a5-4942-8119-bc20af70d856	581036	1.0	confident	Anoxybacillus vitaminiphilus	Bacteria
4d49c81d-16bd-4a43-99e2-38df3e628ed6	294699	0.8459667854208766	high	Anoxybacillus amylolyticus	Bacteria
a487596f-47ed-4ca8-a1ad-275365523e7b	581036	0.8257912988207757	high	Anoxybacillus vitaminiphilus	Bacteria
97933350-49fa-4902-bb10-9d85266c6534	294699	0.8924816531557516	high	Anoxybacillus amylolyticus	Bacteria
4ad756cd-4c83-48ff-b993-28b7d5807a6f	72456	0.9999096279146338	high	Bacillaceae_X_sp.	Bacteria
83b4ff3d-3905-46b1-a025-7a05e333d59f	294699	0.8462985052015191	high	Anoxybacillus amylolyticus	Bacteria
c3edabd2-6c9d-4306-a45d-dc5874308962	581036	0.9993466938890812	high	Anoxybacillus vitaminiphilus	Bacteria
66db7f22-8101-4992-a5c1-41838933f3ba	294699	0.8463857030405444	high	Anoxybacillus amylolyticus	Bacteria
dcdd41ea-cefa-492d-a13d-d0fdff66477c	581036	0.9993437712815704	high	Anoxybacillus vitaminiphilus	Bacteria
0d2af50a-de09-437c-976a-1eea8f0beffc	72456	0.9999939257179792	high	Bacillaceae_X_sp.	Bacteria
5039d92f-2e81-459b-8bf0-4fd298376c7a	581036	1.0	confident	Anoxybacillus vitaminiphilus	Bacteria
b315e379-ffa6-4a43-b0b0-eab2a551b045	581036	0.8261793321516125	high	Anoxybacillus vitaminiphilus	Bacteria
30b47cf1-f59c-4168-8a2d-2879db9d6936	294699	0.9999995634644744	high	Anoxybacillus amylolyticus	Bacteria
a5397018-449a-499b-b6e2-30a88bde8966	294699	0.8464025726680015	high	Anoxybacillus amylolyticus	Bacteria
10e29ace-6e8d-4edf-823f-4656c6c74aa1	294699	0.8458790821826779	high	Anoxybacillus amylolyticus	Bacteria
c49632dc-c1c5-4cff-b06b-bd982dfc6c0b	294699	0.8463658652811828	high	Anoxybacillus amylolyticus	Bacteria
db21924d-16d3-4030-81fa-5b749aeffbff	294699	1.0	confident	Anoxybacillus amylolyticus	Bacteria
737e3cfa-17c0-4c8a-966c-5fa71a254c12	294699	1.0	confident	Anoxybacillus amylolyticus	Bacteria
fefef051-144f-4315-9754-e912cdaac640	72456	0.9962925831053168	high	Bacillaceae_X_sp.	Bacteria
7d5db670-882c-4282-84b7-4fe1704b748b	72456	0.999965745378704	high	Bacillaceae_X_sp.	Bacteria
b8a492d7-fab2-4ca4-8425-14f01a8a798d	294699	1.0	confident	Anoxybacillus amylolyticus	Bacteria
f0599af1-fdd3-45fa-bb02-e9ad08755346	560405	1.0	confident	Methylobacterium dankookense	Bacteria
4da04cce-e2d5-4418-bdc3-d149f0141a1a	560405	1.0	confident	Methylobacterium dankookense	Bacteria
563a18ee-2339-4b00-b5e4-535e563e60ae	560405	1.0	confident	Methylobacterium dankookense	Bacteria
5b3c5ac5-4a84-454e-85a3-f8cc26e8aac6	560405	1.0	confident	Methylobacterium dankookense	Bacteria
e22a4c7e-df35-4d1b-8142-047b481454be	560405	1.0	confident	Methylobacterium dankookense	Bacteria
dfc1b5e0-5cfb-4f1a-84ca-be812b9dd3a9	560405	1.0	confident	Methylobacterium dankookense	Bacteria
1957fe55-54bb-421b-a605-619626764c48	560405	1.0	confident	Methylobacterium dankookense	Bacteria
a3560f59-f8ff-4b68-9df2-6e5bc15366aa	560405	1.0	confident	Methylobacterium dankookense	Bacteria
2dca5816-e654-46e0-ac8c-c5903282d1a6	560405	1.0	confident	Methylobacterium dankookense	Bacteria
1e225f2f-7e13-4bc5-8ee6-f58faff30ff9	560405	1.0	confident	Methylobacterium dankookense	Bacteria
5e66ada3-2a6a-4bcf-bda8-6350f2b6fa47	560405	1.0	confident	Methylobacterium dankookense	Bacteria
a34bb9d2-123c-48b9-bd17-a0d226febbf1	560405	1.0	confident	Methylobacterium dankookense	Bacteria
8897f107-439a-409c-a1db-0d085ac25bdc	560405	1.0	confident	Methylobacterium dankookense	Bacteria
9a3b725f-ead7-42dd-8222-6569aed937f0	560405	1.0	confident	Methylobacterium dankookense	Bacteria
06602649-909e-4014-8044-4e4579bd3643	560405	1.0	confident	Methylobacterium dankookense	Bacteria
bc4a39f5-4d35-467b-9fdd-3c97f5060b63	560405	1.0	confident	Methylobacterium dankookense	Bacteria
4d204656-d990-406b-9c07-6285f1f95e78	560405	1.0	confident	Methylobacterium dankookense	Bacteria
17532aa0-a90e-452f-8a2d-b288f1bf188b	560405	1.0	confident	Methylobacterium dankookense	Bacteria
fc891223-3787-43e4-b146-278e5a84544b	560405	1.0	confident	Methylobacterium dankookense	Bacteria
abe097e5-c051-46ec-be1a-01c5feefcee5	560405	1.0	confident	Methylobacterium dankookense	Bacteria
68175322-f708-49b5-b30c-0b199c9ed011	560405	1.0	confident	Methylobacterium dankookense	Bacteria
6810433b-805a-4c35-bf3e-060d4a62b9d4	560405	1.0	confident	Methylobacterium dankookense	Bacteria
0b964aea-ac4c-4c81-8d3a-3c25b3c0fe1d	1282	1.0	confident	Staphylococcus epidermidis	Bacteria
ba2b9f5e-c746-4935-8b84-073a17bc1d6c	1282	1.0	confident	Staphylococcus epidermidis	Bacteria
88982f35-9e01-40b9-8fb1-f4b72a131510	1282	1.0	confident	Staphylococcus epidermidis	Bacteria
88ce4a0d-4dc4-4756-a3f7-99cc7d2b57fa	1282	1.0	confident	Staphylococcus epidermidis	Bacteria
e3cb4bb8-33af-4150-a032-9be725b4f83e	1282	1.0	confident	Staphylococcus epidermidis	Bacteria
49cf9e01-b7d2-45ca-b853-0888e9063c6c	1282	1.0	confident	Staphylococcus epidermidis	Bacteria
8b22870b-9d75-49a3-84ac-29ed89820934	1282	1.0	confident	Staphylococcus epidermidis	Bacteria
b2274235-250d-4069-8880-f1281439107a	1282	1.0	confident	Staphylococcus epidermidis	Bacteria
9e2be41d-d79b-483e-a5f2-314cbe14d2da	1282	1.0	confident	Staphylococcus epidermidis	Bacteria
25ced947-6dd2-41df-9527-5c2bfab375ef	1282	1.0	confident	Staphylococcus epidermidis	Bacteria
d024c3f5-c834-4326-bb20-c57455d96550	1282	1.0	confident	Staphylococcus epidermidis	Bacteria
2205619b-fcc6-4b2a-bbf9-fe9177e8b73f	1282	1.0	confident	Staphylococcus epidermidis	Bacteria
e6dabed6-20f6-4b40-8c86-2ecf56e09a7e	1282	1.0	confident	Staphylococcus epidermidis	Bacteria
fb23386a-e94c-47f7-8c32-b2e0e0048b72	1282	1.0	confident	Staphylococcus epidermidis	Bacteria
81a1f8b6-cac1-4506-bcc1-bc1c8e5c0af0	1282	1.0	confident	Staphylococcus epidermidis	Bacteria
0f4dd6ff-1bd9-4871-b0d9-e95185c45591	1282	1.0	confident	Staphylococcus epidermidis	Bacteria
c993f7f8-b0b2-423c-983d-bfaad00aa403	1282	1.0	confident	Staphylococcus epidermidis	Bacteria
f16a7b11-7a5a-4c7e-94d6-d3458f47ed81	1282	1.0	confident	Staphylococcus epidermidis	Bacteria
a04dd612-214b-4a05-8182-74a50bc249b1	1282	1.0	confident	Staphylococcus epidermidis	Bacteria
0b5f1898-6794-4608-92d2-42132e3ccd73	1282	1.0	confident	Staphylococcus epidermidis	Bacteria
ce871640-8fdc-4432-ad66-1511c0550fd8	1282	1.0	confident	Staphylococcus epidermidis	Bacteria
5d01c02b-589b-4be6-be95-b7cd152db8e0	1282	1.0	confident	Staphylococcus epidermidis	Bacteria
d2027506-f90a-4c81-937c-69f5248daf78	1282	1.0	confident	Staphylococcus epidermidis	Bacteria
eb7b6b4c-a9d7-4cd0-bbb7-bca508be8a4e	1282	1.0	confident	Staphylococcus epidermidis	Bacteria
05e87be8-52e7-46e7-a301-30fcc69efca7	1282	1.0	confident	Staphylococcus epidermidis	Bacteria
047bb430-5f60-4d2e-8cf1-a0508037351f	1282	1.0	confident	Staphylococcus epidermidis	Bacteria
2dfa7f09-d190-4907-9458-07503e2f5d5a	1282	1.0	confident	Staphylococcus epidermidis	Bacteria
aa093d32-e86b-4ba9-acdc-179c06804d56	1282	1.0	confident	Staphylococcus epidermidis	Bacteria
3541b229-1f0a-40a7-b1ab-fe050d8ac0fd	1282	1.0	confident	Staphylococcus epidermidis	Bacteria
781a5a91-fe8b-4798-8405-77dbbef05c06	1282	1.0	confident	Staphylococcus epidermidis	Bacteria
bfe62c59-0bd0-491f-bd89-56951c3d6239	1282	1.0	confident	Staphylococcus epidermidis	Bacteria
c0b0aa47-b564-4346-bca8-9f00c2a9757a	1282	1.0	confident	Staphylococcus epidermidis	Bacteria
7e685c04-1b26-4903-a4bc-49b9d797c044	1282	1.0	confident	Staphylococcus epidermidis	Bacteria
bf9caf92-57f1-43c8-931b-fa7ede18dca8	1282	1.0	confident	Staphylococcus epidermidis	Bacteria
c4a99338-6471-4b16-a875-01d552bd80f5	1282	1.0	confident	Staphylococcus epidermidis	Bacteria
9b7a6e8b-aad0-4cc7-aa7d-f9d1bb7cc1ad	1282	1.0	confident	Staphylococcus epidermidis	Bacteria
515e8f4e-6176-432f-87bf-08ba0f9000c1	1282	1.0	confident	Staphylococcus epidermidis	Bacteria
c3972b2a-6ed3-4886-b14b-4f461fc0d5bf	1282	1.0	confident	Staphylococcus epidermidis	Bacteria
b1a9afe9-4843-4a44-abf1-1bc9d738706c	1282	1.0	confident	Staphylococcus epidermidis	Bacteria
45268426-e18d-4b44-9d24-3a7299d4f9b9	1282	1.0	confident	Staphylococcus epidermidis	Bacteria
5fc5e5c2-ef12-4298-a2f1-0f2e49732862	1282	1.0	confident	Staphylococcus epidermidis	Bacteria
91b6d6f9-afe1-4bed-967c-6b8676b8667c	1282	1.0	confident	Staphylococcus epidermidis	Bacteria
01ca0657-db69-4509-a47d-76457a73b0b7	1282	1.0	confident	Staphylococcus epidermidis	Bacteria
c3d5317a-797e-4603-8d51-407bd95c2a55	1282	1.0	confident	Staphylococcus epidermidis	Bacteria
2d724307-f8a0-4e04-b305-d11735022a1a	1282	1.0	confident	Staphylococcus epidermidis	Bacteria
18ee8fdb-63e2-4961-afcc-c8bfae08dcc6	1282	1.0	confident	Staphylococcus epidermidis	Bacteria
826033b2-4405-4ae9-8610-1d61f421541a	1282	1.0	confident	Staphylococcus epidermidis	Bacteria
2dbd1df0-da12-4333-b06f-7d6585147635	1282	1.0	confident	Staphylococcus epidermidis	Bacteria
f5cb428b-f623-478d-954e-a6e15cd43ac9	1282	1.0	confident	Staphylococcus epidermidis	Bacteria
fab15f32-e2d1-400a-96e7-43d0dba91e89	1282	1.0	confident	Staphylococcus epidermidis	Bacteria
4f57dd38-039b-4539-ad6c-00b03fa9175b	1282	1.0	confident	Staphylococcus epidermidis	Bacteria
390c98b9-291a-4b7f-9baa-50a93b64711b	1282	1.0	confident	Staphylococcus epidermidis	Bacteria
4f071f3f-1429-4e94-9acb-8607bcdee13a	1282	1.0	confident	Staphylococcus epidermidis	Bacteria
67357d4e-2077-4a0f-b4fa-57c877f17227	1282	1.0	confident	Staphylococcus epidermidis	Bacteria
3b5ed60b-0a0a-4677-b6d8-6238b49620d8	1282	1.0	confident	Staphylococcus epidermidis	Bacteria
c85b605a-9eaf-44e3-8755-d98c3a33d595	1282	1.0	confident	Staphylococcus epidermidis	Bacteria
e3a72bde-0c68-4f66-a7cc-0ae020ee643e	1282	1.0	confident	Staphylococcus epidermidis	Bacteria
15d8ef7e-dc36-47d0-ba7f-d1f009acd44b	1282	1.0	confident	Staphylococcus epidermidis	Bacteria
34a854fa-e77a-4f3c-82f8-56af48aee67d	1282	1.0	confident	Staphylococcus epidermidis	Bacteria
6002b95b-f6ff-4b2a-b430-9203fac7b69a	1282	1.0	confident	Staphylococcus epidermidis	Bacteria
92ed1eb5-467c-4ed7-bde9-71b6a7484530	1282	1.0	confident	Staphylococcus epidermidis	Bacteria
9e5c54fc-dc9e-42fb-a0eb-e089ffcd9cdd	1282	1.0	confident	Staphylococcus epidermidis	Bacteria
dae2ae62-58de-4027-aca4-8c8ed23076ce	1282	1.0	confident	Staphylococcus epidermidis	Bacteria
9e48e9c6-796a-409d-99da-4840b86cc92a	1282	1.0	confident	Staphylococcus epidermidis	Bacteria
25ce3c1c-e833-449c-bd9c-54bbd718513c	1282	1.0	confident	Staphylococcus epidermidis	Bacteria
577a5f40-7371-4251-84f4-fd099047f663	1282	1.0	confident	Staphylococcus epidermidis	Bacteria
ebafb08b-2dd0-4a42-bc7a-d8e8970122e5	1282	1.0	confident	Staphylococcus epidermidis	Bacteria
f1bc59c7-bb9a-4c89-ae5c-e7629991da5c	1282	1.0	confident	Staphylococcus epidermidis	Bacteria
360d7fa0-abe0-4bf4-9533-70574af401d3	1282	1.0	confident	Staphylococcus epidermidis	Bacteria
a0fab1c8-5b27-4ab6-8475-5d19c0dae0de	1282	1.0	confident	Staphylococcus epidermidis	Bacteria
5bfa9ed6-1eaa-4f11-9e88-d5bbca0fb510	1282	1.0	confident	Staphylococcus epidermidis	Bacteria
9fa30a3e-bf17-4112-bc47-b016da052311	1282	1.0	confident	Staphylococcus epidermidis	Bacteria
03979b6a-ac03-4833-9f68-8c45687f25cd	1282	1.0	confident	Staphylococcus epidermidis	Bacteria
6bb8476d-c7a5-42fa-b50f-3f601fddc7d9	1282	1.0	confident	Staphylococcus epidermidis	Bacteria
7d9bc657-1595-468f-a458-994f3f3fa5e3	1282	1.0	confident	Staphylococcus epidermidis	Bacteria
33032d54-3f98-4331-a830-f4fd2a809836	1282	1.0	confident	Staphylococcus epidermidis	Bacteria
796c5181-3e52-474f-9f93-1088977598bf	1282	1.0	confident	Staphylococcus epidermidis	Bacteria
2994262d-be31-4698-b33b-a8e622e8a74c	1282	1.0	confident	Staphylococcus epidermidis	Bacteria
544152e0-813c-495e-a3b8-e50682f19df7	1282	1.0	confident	Staphylococcus epidermidis	Bacteria
17bc0857-e0d9-4024-9bfc-c7b1ad1aad3f	1282	1.0	confident	Staphylococcus epidermidis	Bacteria
3b7251f8-bfbc-48bb-a3a3-043ae670285f	1282	1.0	confident	Staphylococcus epidermidis	Bacteria
0e9e5724-d9cf-4f56-8233-fcb5fc2664c9	1282	1.0	confident	Staphylococcus epidermidis	Bacteria
f333ceaf-075e-43a0-883d-79dfad618ad6	1282	1.0	confident	Staphylococcus epidermidis	Bacteria
c57b7dff-73bc-48f1-8b82-fa9385ccae87	1282	1.0	confident	Staphylococcus epidermidis	Bacteria
2ae23847-d2ee-4bfe-898d-cdf82efd7994	1282	1.0	confident	Staphylococcus epidermidis	Bacteria
d8db2123-88a0-451c-ba14-a244a7500769	1282	1.0	confident	Staphylococcus epidermidis	Bacteria
cfec1863-26c9-436b-bcc2-4c28065a8ce7	1282	1.0	confident	Staphylococcus epidermidis	Bacteria
6fa11199-f491-46e5-b68f-b32171e069b4	1282	1.0	confident	Staphylococcus epidermidis	Bacteria
310f6dae-a439-46bb-8106-cd258152cbfd	1282	1.0	confident	Staphylococcus epidermidis	Bacteria
1a6486da-292c-4772-85e2-4a3177add3b2	1282	1.0	confident	Staphylococcus epidermidis	Bacteria
cbacccdb-7a6f-44d1-81dc-14cf44e38894	1282	1.0	confident	Staphylococcus epidermidis	Bacteria
83ff8930-7ad9-4a21-b218-a4ca1f68e875	1282	1.0	confident	Staphylococcus epidermidis	Bacteria
1d5b51ce-77e3-4aa9-9be4-b955af548363	1282	1.0	confident	Staphylococcus epidermidis	Bacteria
065b6f89-9e99-4e82-a752-19a815bdfaa6	1282	1.0	confident	Staphylococcus epidermidis	Bacteria
60273d2f-2e2c-4e99-a7d2-b3adaa543749	1282	1.0	confident	Staphylococcus epidermidis	Bacteria
2826dbbe-9516-4598-bfbf-a3c1f283e865	1282	1.0	confident	Staphylococcus epidermidis	Bacteria
f678bebf-3144-418e-b9f0-a6e4ad22c25f	1282	1.0	confident	Staphylococcus epidermidis	Bacteria
d1f086ed-ae53-465d-a555-70440ab568dc	1282	1.0	confident	Staphylococcus epidermidis	Bacteria
ebcddd5b-bf8b-4dd1-9e97-37b48a69f737	1282	1.0	confident	Staphylococcus epidermidis	Bacteria
cc210abf-f8f5-4389-853d-840bd16efd6d	1282	1.0	confident	Staphylococcus epidermidis	Bacteria
148fbd8d-5044-453b-a076-f7f8a90d6e58	1282	1.0	confident	Staphylococcus epidermidis	Bacteria
7843d9be-f0b7-44c1-a9fe-e70686beb645	1282	1.0	confident	Staphylococcus epidermidis	Bacteria
dca0939b-4565-47cd-a027-87e50401157c	1282	1.0	confident	Staphylococcus epidermidis	Bacteria
2db7ee7c-e5cd-4fa6-b0d3-73d6467c011e	1282	1.0	confident	Staphylococcus epidermidis	Bacteria
33eea8b4-1f9a-4f56-811d-83696957f8c9	1282	1.0	confident	Staphylococcus epidermidis	Bacteria
7e55cdd4-4472-4bef-8250-3c72e8694f6a	1282	1.0	confident	Staphylococcus epidermidis	Bacteria
5a193e03-4984-4bd5-afa2-a07f0e0ae09c	1282	1.0	confident	Staphylococcus epidermidis	Bacteria
a1270e2f-02a6-4f4f-8aae-130582a3e56d	1282	1.0	confident	Staphylococcus epidermidis	Bacteria
1e3f157f-0429-4a01-8f4f-756aad9a112e	1282	1.0	confident	Staphylococcus epidermidis	Bacteria
7d614fd9-ba29-49b1-ba59-455ae03e3ba0	1282	1.0	confident	Staphylococcus epidermidis	Bacteria
bc12ba92-0f7e-4cc6-9ac0-ef058c9c9e68	1282	1.0	confident	Staphylococcus epidermidis	Bacteria
1f7996ed-f7a6-43df-928d-7a4b44bb36a3	1282	1.0	confident	Staphylococcus epidermidis	Bacteria
62358ba9-6046-4679-8dae-591abfb8b1d5	1282	1.0	confident	Staphylococcus epidermidis	Bacteria
38b5cc5a-6824-411e-9773-e24643801fa3	1282	1.0	confident	Staphylococcus epidermidis	Bacteria
89cbfc81-42e4-434a-a1d6-606501fdbd87	1282	1.0	confident	Staphylococcus epidermidis	Bacteria
968cb0d8-682e-494f-a4b9-f6a127b7a4ce	1282	1.0	confident	Staphylococcus epidermidis	Bacteria
83e67b4c-a670-4c53-9727-7ea06017f288	1282	1.0	confident	Staphylococcus epidermidis	Bacteria
9614cc21-5ae5-4e20-82c9-a4a5ac6ccf02	1282	1.0	confident	Staphylococcus epidermidis	Bacteria
af320c78-5cd5-4cb5-8074-66b34d6278c0	1282	1.0	confident	Staphylococcus epidermidis	Bacteria
478451b7-5522-44d6-96c9-229679391c93	1282	1.0	confident	Staphylococcus epidermidis	Bacteria
51ac4bd3-938b-4b23-92c6-e60a0dfa6db2	1282	1.0	confident	Staphylococcus epidermidis	Bacteria
7788ea9c-eced-429a-9dac-c72268e7982f	1282	1.0	confident	Staphylococcus epidermidis	Bacteria
dd90e1b6-a0e8-49fb-92f7-7ab172f917d8	1282	1.0	confident	Staphylococcus epidermidis	Bacteria
be47cc2c-45e5-42af-904b-ec0631c77245	1282	1.0	confident	Staphylococcus epidermidis	Bacteria
b9ed071f-c67c-4ac2-b98d-85eaf41b96c7	1282	1.0	confident	Staphylococcus epidermidis	Bacteria
f009ca24-acf4-409c-a72e-6dbc08236174	1282	1.0	confident	Staphylococcus epidermidis	Bacteria
25ad6466-92fc-4fa7-9df0-28d1d49488fa	1282	1.0	confident	Staphylococcus epidermidis	Bacteria
c0614f14-0a63-4182-af36-aed3c0a9303f	1282	1.0	confident	Staphylococcus epidermidis	Bacteria
0f810d2b-fb28-4e23-8502-3a4ab67e67bc	1282	1.0	confident	Staphylococcus epidermidis	Bacteria
d943cd79-5f86-4151-b441-1bd3eb8548ad	1282	1.0	confident	Staphylococcus epidermidis	Bacteria
af81ed66-7c01-40fe-a22a-c31771c65187	1282	1.0	confident	Staphylococcus epidermidis	Bacteria
77f4e47f-895e-4224-ab1d-15956efebf93	1282	1.0	confident	Staphylococcus epidermidis	Bacteria
ffb25776-d135-46bd-8746-3ce5853ed698	1282	1.0	confident	Staphylococcus epidermidis	Bacteria
af24360a-fb54-4190-a3a0-504ae30925f1	1282	1.0	confident	Staphylococcus epidermidis	Bacteria
a9068b8d-5409-4981-80ae-993523b139ca	1282	1.0	confident	Staphylococcus epidermidis	Bacteria
36c0f54f-2203-447a-8b18-bf79c92d9232	1282	1.0	confident	Staphylococcus epidermidis	Bacteria
057ceed0-2db9-4ef4-a4cf-0a86f6352209	1282	1.0	confident	Staphylococcus epidermidis	Bacteria
b8421028-59de-4d11-add3-8364c5725a6f	1282	1.0	confident	Staphylococcus epidermidis	Bacteria
da7f1897-5d3d-4425-adb0-7988675bf78e	1282	1.0	confident	Staphylococcus epidermidis	Bacteria
13f25b5e-5849-41e3-9ed9-fab02b053164	1282	1.0	confident	Staphylococcus epidermidis	Bacteria
b0714d69-1e94-41f2-8a42-6964312304ef	1282	1.0	confident	Staphylococcus epidermidis	Bacteria
eef56a7d-a18c-43c6-bc3b-3d7fdeb91bf8	1282	1.0	confident	Staphylococcus epidermidis	Bacteria
cc6070c9-753b-4e5f-8089-e6b08e48b691	1282	1.0	confident	Staphylococcus epidermidis	Bacteria
5a7eed49-521f-49b4-913d-3cc7074f9758	1282	1.0	confident	Staphylococcus epidermidis	Bacteria
51ddb9e9-c993-4f8d-aa7b-c052128b4bcc	1282	1.0	confident	Staphylococcus epidermidis	Bacteria
32af78f0-05d1-488e-9fee-5bf141f769f3	1282	1.0	confident	Staphylococcus epidermidis	Bacteria
08ee7703-13ec-41da-9220-acefefe50933	1282	1.0	confident	Staphylococcus epidermidis	Bacteria
a9ae57a2-ee17-4045-8ad8-30db67c7b1ae	1282	1.0	confident	Staphylococcus epidermidis	Bacteria
14a273a7-47a8-4708-b1d1-8ce26a9b9db9	1282	1.0	confident	Staphylococcus epidermidis	Bacteria
0be39ee8-b532-4237-b39c-434098e4ee56	1282	1.0	confident	Staphylococcus epidermidis	Bacteria
f89408ec-7788-4229-873e-783e416032a5	1282	1.0	confident	Staphylococcus epidermidis	Bacteria
42788e3b-85f9-42f7-ab0f-9543c50ed59c	1282	1.0	confident	Staphylococcus epidermidis	Bacteria
2f97bbd1-6858-4d2c-b670-149f37e75808	1282	1.0	confident	Staphylococcus epidermidis	Bacteria
caafc567-2d78-4e26-8c8d-61dc1f776096	1282	1.0	confident	Staphylococcus epidermidis	Bacteria
1243a3ec-484e-4fcc-b3e8-463ce973ee7e	1282	1.0	confident	Staphylococcus epidermidis	Bacteria
c15de528-7b77-474a-beda-ff21f8abe0fc	1282	1.0	confident	Staphylococcus epidermidis	Bacteria
9fafa0a3-11c6-446e-ac1d-4d2bb971bdc3	1282	1.0	confident	Staphylococcus epidermidis	Bacteria
2d1837b1-448e-4002-959c-b60ba9b5d452	1282	1.0	confident	Staphylococcus epidermidis	Bacteria
c51905dd-ad9e-4e3f-98c5-a84a22967cc7	1282	1.0	confident	Staphylococcus epidermidis	Bacteria
bbd0addb-e3ab-4b91-8059-ae92a45c31c9	1282	1.0	confident	Staphylococcus epidermidis	Bacteria
93394f4f-0f53-4b71-af72-09e8b1975e99	1282	1.0	confident	Staphylococcus epidermidis	Bacteria
e9fd8ac1-3829-4af0-a0ea-8a1d29662571	1282	1.0	confident	Staphylococcus epidermidis	Bacteria
df63971a-87d1-46b5-9322-f5bee15019c6	1282	1.0	confident	Staphylococcus epidermidis	Bacteria
d40fcaf5-ae12-4e26-a6b9-c90a9f056792	1282	1.0	confident	Staphylococcus epidermidis	Bacteria
0be0ce15-27cb-48a5-ac8c-825964e29668	1282	1.0	confident	Staphylococcus epidermidis	Bacteria
7fd3b2e6-1549-4c08-841a-233f3e77cdfb	1282	1.0	confident	Staphylococcus epidermidis	Bacteria
2104c40d-f90b-4c96-abb9-23e1d23dd9a1	1282	1.0	confident	Staphylococcus epidermidis	Bacteria
cc49f9dc-b0f6-4a2a-b171-e3dda26c83df	1282	1.0	confident	Staphylococcus epidermidis	Bacteria
07bc5252-13ed-4666-b5a5-121719adfebe	1282	1.0	confident	Staphylococcus epidermidis	Bacteria
07145ccc-9948-46e5-a94e-2718ef26507d	1282	1.0	confident	Staphylococcus epidermidis	Bacteria
b9394adb-f295-4761-9497-f11cb5af9bb8	1282	1.0	confident	Staphylococcus epidermidis	Bacteria
c8ef8bac-3973-4c7c-a3ce-38378e30139c	1282	1.0	confident	Staphylococcus epidermidis	Bacteria
252b9f4d-6854-4caf-926b-44ed9143ca0c	1282	1.0	confident	Staphylococcus epidermidis	Bacteria
11985712-3298-48e3-a70d-7759d91a229b	1282	1.0	confident	Staphylococcus epidermidis	Bacteria
0a854d70-8740-432a-aa3b-d7f97232ce62	1282	1.0	confident	Staphylococcus epidermidis	Bacteria
37d4faa6-8db4-4444-be83-8b7521a5b0b9	1282	1.0	confident	Staphylococcus epidermidis	Bacteria
781b70ed-346d-4e3f-925c-ea48635a8cc2	1282	1.0	confident	Staphylococcus epidermidis	Bacteria
5d9826c7-f612-454d-a9d9-25cb429cef0e	1282	1.0	confident	Staphylococcus epidermidis	Bacteria
f2bbb04e-a0c7-4e35-99fb-93aec7f39fcb	1282	1.0	confident	Staphylococcus epidermidis	Bacteria
aa51afcd-f4a6-4c7d-b36b-47e137770062	1282	1.0	confident	Staphylococcus epidermidis	Bacteria
18513310-e804-4594-840b-966e3cbd8f0f	1282	1.0	confident	Staphylococcus epidermidis	Bacteria
1b5eaeb4-06d2-4f7e-8e9a-4b8b2c23cbbd	1282	1.0	confident	Staphylococcus epidermidis	Bacteria
987a5f7f-082a-4b4a-8996-75b54585b44e	1282	1.0	confident	Staphylococcus epidermidis	Bacteria
0632d9e9-ed35-4147-bb6b-ea7c7b040fea	1282	1.0	confident	Staphylococcus epidermidis	Bacteria
663f9ebd-aff3-40c0-a0c1-bb6b99e99669	1282	1.0	confident	Staphylococcus epidermidis	Bacteria
a470c6c6-dadf-4f0a-8d34-b8ff9a0af341	1282	1.0	confident	Staphylococcus epidermidis	Bacteria
68e6c9a6-996d-4959-a2d7-9761f86e1cd8	1282	1.0	confident	Staphylococcus epidermidis	Bacteria
7232e105-87f1-464f-9127-24a24fc957fe	1282	1.0	confident	Staphylococcus epidermidis	Bacteria
6949a333-618f-4514-9d6d-22e36560bc2b	2594003	1.0	confident	Ferrovibrio terrae	Bacteria
75cb46d1-c183-43fe-9777-81cfc5078a7e	2594003	1.0	confident	Ferrovibrio terrae	Bacteria
1d851628-4945-423e-bdda-65611c6be96d	2594003	1.0	confident	Ferrovibrio terrae	Bacteria
9c0819e5-fea8-4fd3-8ccc-c454aaf1e9c3	2594003	1.0	confident	Ferrovibrio terrae	Bacteria
44a3d4e6-da16-4e8d-a4b7-fef0926c91e4	2594003	1.0	confident	Ferrovibrio terrae	Bacteria
69eacbce-e790-4160-b783-678df0234032	2594003	1.0	confident	Ferrovibrio terrae	Bacteria
2ee5e071-4ec6-4593-b103-6bf64601fd17	2594003	1.0	confident	Ferrovibrio terrae	Bacteria
61b03f2f-82c1-4bad-b834-4532d6af8665	2594003	1.0	confident	Ferrovibrio terrae	Bacteria
e7cdc62f-6426-403e-99b9-942b377b7317	2594003	1.0	confident	Ferrovibrio terrae	Bacteria
d786df89-3f7b-4c2b-ae1b-e78422e76729	2594003	1.0	confident	Ferrovibrio terrae	Bacteria
fdd133dc-039c-424a-a146-8898c793f17d	2594003	1.0	confident	Ferrovibrio terrae	Bacteria
8b63f6c5-b97d-46d2-8603-44b3fc8367c0	2594003	1.0	confident	Ferrovibrio terrae	Bacteria
cd334c01-33a8-45b5-9d35-37af459504ec	2594003	1.0	confident	Ferrovibrio terrae	Bacteria
5e8f321b-4012-44c0-b71c-dd10f41e7eb0	2594003	1.0	confident	Ferrovibrio terrae	Bacteria
9bdec3c0-d168-4f81-8eeb-8cec5461e2de	2594003	1.0	confident	Ferrovibrio terrae	Bacteria
ef31261d-e3d8-47cd-a8d6-63e370faaf1a	2594003	1.0	confident	Ferrovibrio terrae	Bacteria
390c724f-ad05-437b-b17a-c1c0d9f2bbe4	2594003	1.0	confident	Ferrovibrio terrae	Bacteria
28545712-d79c-43f0-958a-985fdc92b323	2594003	1.0	confident	Ferrovibrio terrae	Bacteria
4678ed13-e7af-4ee6-b4c3-347da50fe107	2594003	1.0	confident	Ferrovibrio terrae	Bacteria
360d0e7e-19b0-4a63-afe1-2cfa93fcb9dd	2594003	1.0	confident	Ferrovibrio terrae	Bacteria
0fddc58f-b6ec-4197-9a99-56421415cef5	2594003	1.0	confident	Ferrovibrio terrae	Bacteria
84d2a57e-9ebb-45c3-acaa-c3d2708e09d3	2594003	1.0	confident	Ferrovibrio terrae	Bacteria
54931827-bb94-4cb8-94a1-8d083eb40f2d	2594003	1.0	confident	Ferrovibrio terrae	Bacteria
9c1ea4b5-0e3c-4fe2-bcc2-2e1232952ba0	2594003	1.0	confident	Ferrovibrio terrae	Bacteria
98468a74-c7ab-446b-b8bb-bb83a2c8527b	2594003	1.0	confident	Ferrovibrio terrae	Bacteria
32d298c1-d451-4a87-83e8-97fdaeaeab83	2594003	1.0	confident	Ferrovibrio terrae	Bacteria
fa2178c5-752c-41d8-a6cd-df9c1a226458	2594003	1.0	confident	Ferrovibrio terrae	Bacteria
a63bb5c0-631f-45b3-9e05-16225b2b6a26	2594003	1.0	confident	Ferrovibrio terrae	Bacteria
ec9b7f69-5d56-4a5e-820f-aeb8c9a77039	2594003	1.0	confident	Ferrovibrio terrae	Bacteria
3e7db468-7b7d-4910-8b07-6c00d4b20076	2594003	1.0	confident	Ferrovibrio terrae	Bacteria
0c84e765-7052-40e6-9084-fbe1457edb87	2594003	1.0	confident	Ferrovibrio terrae	Bacteria
3b56c45e-3e68-4f8a-a275-7913dcf55c52	2594003	1.0	confident	Ferrovibrio terrae	Bacteria
7bdd60d6-0dae-494d-bdb8-f151731efc81	2594003	1.0	confident	Ferrovibrio terrae	Bacteria
448974ed-c005-44bc-bbd8-c5567e25881b	2594003	1.0	confident	Ferrovibrio terrae	Bacteria
3eda2b54-3636-4f29-952c-daaeae2ee524	2594003	1.0	confident	Ferrovibrio terrae	Bacteria
2e26b0dd-25ac-43f1-af00-5fe0a6408749	2594003	1.0	confident	Ferrovibrio terrae	Bacteria
a9375106-9ba4-4b02-b6db-e3bbb1df6df6	2594003	1.0	confident	Ferrovibrio terrae	Bacteria
24ab7fd0-980d-4daa-9da2-04df9b9951ef	2594003	1.0	confident	Ferrovibrio terrae	Bacteria
074e12fd-da69-42a8-a7f2-301496197a40	2594003	1.0	confident	Ferrovibrio terrae	Bacteria
e8cf869f-43cc-438a-8743-0b03cfae8c76	2594003	1.0	confident	Ferrovibrio terrae	Bacteria
50280e32-bacc-488a-833e-17c59084b01a	2594003	1.0	confident	Ferrovibrio terrae	Bacteria
29a9add0-d9f8-42f1-8f59-2230328a6476	2594003	1.0	confident	Ferrovibrio terrae	Bacteria
10007526-e39f-4d97-a0f1-fd6256932dd5	2594003	1.0	confident	Ferrovibrio terrae	Bacteria
b819742e-ba5a-420c-ab6d-9feaaeeab345	2594003	1.0	confident	Ferrovibrio terrae	Bacteria
39c41457-cc5c-4246-8318-51e6984795b1	2594003	1.0	confident	Ferrovibrio terrae	Bacteria
b35fd748-5fc2-487d-89ea-95519b1e7eaf	2594003	1.0	confident	Ferrovibrio terrae	Bacteria
45605a69-25cf-464d-9906-2d6793f2d0ec	2594003	1.0	confident	Ferrovibrio terrae	Bacteria
f4963efc-0d58-4aeb-a78c-e3a85dce11fa	2594003	1.0	confident	Ferrovibrio terrae	Bacteria
123de246-fbf9-4ff7-b179-9a9ed5bb3dd6	2594003	1.0	confident	Ferrovibrio terrae	Bacteria
9f5ad64b-a25f-4abf-8871-035c56938fd4	2594003	1.0	confident	Ferrovibrio terrae	Bacteria
e39d79dc-4375-49e4-a7e3-2ba6d5a66be5	2594003	1.0	confident	Ferrovibrio terrae	Bacteria
3b211e5f-d2c5-4a64-8202-b1d76f3550bd	2594003	1.0	confident	Ferrovibrio terrae	Bacteria
8f58fc4f-4639-44a9-9fc2-93812e1eef16	2594003	1.0	confident	Ferrovibrio terrae	Bacteria
3db859da-6662-48a1-8eb2-f2845d1033c6	2594003	1.0	confident	Ferrovibrio terrae	Bacteria
617f707f-358d-4163-a018-7aaa7044224b	2594003	1.0	confident	Ferrovibrio terrae	Bacteria
061b1db2-b8b5-4305-be73-98a525c489f3	2594003	1.0	confident	Ferrovibrio terrae	Bacteria
71811508-07f1-45a1-932c-cc685f774bb9	2594003	1.0	confident	Ferrovibrio terrae	Bacteria
a781c294-65b5-48aa-9228-5427b6f6efc7	2594003	1.0	confident	Ferrovibrio terrae	Bacteria
037dd2aa-ff74-47cc-831a-444fc7d525e6	2594003	1.0	confident	Ferrovibrio terrae	Bacteria
714d9c8a-b2e0-464a-bf3b-942f3e5dd686	2594003	1.0	confident	Ferrovibrio terrae	Bacteria
09257e5e-87a0-4290-93f9-f5b0bd05e849	2594003	1.0	confident	Ferrovibrio terrae	Bacteria
cf934195-9ed6-4e33-9950-a56541f67c86	2594003	1.0	confident	Ferrovibrio terrae	Bacteria
12fed2c1-ae13-4fd7-b46a-b3415347e6b8	2594003	1.0	confident	Ferrovibrio terrae	Bacteria
8a107514-07d2-4e8b-9e5a-e299952157f7	2594003	1.0	confident	Ferrovibrio terrae	Bacteria
8bbcd2ab-8cc6-4b3b-a4ad-9f6715807529	2594003	1.0	confident	Ferrovibrio terrae	Bacteria
a018830c-9bb0-4e54-b3d8-02a095619141	2594003	1.0	confident	Ferrovibrio terrae	Bacteria
bc3783be-7bc4-4c40-aac7-0b873a17d409	2594003	1.0	confident	Ferrovibrio terrae	Bacteria
8c825166-e307-49f4-bd42-f71f00ba8677	2594003	1.0	confident	Ferrovibrio terrae	Bacteria
b2ac37d7-eb45-4be3-a24c-a22dc77c612e	2594003	1.0	confident	Ferrovibrio terrae	Bacteria
5768a4fa-15b2-4323-a2e0-af6875b8bca4	2594003	1.0	confident	Ferrovibrio terrae	Bacteria
efe2547d-ac0e-458d-a567-24cdacf5f839	2594003	1.0	confident	Ferrovibrio terrae	Bacteria
82c3aad8-455e-4be9-a129-28e38eb140b8	2594003	1.0	confident	Ferrovibrio terrae	Bacteria
ca26f3e8-ae8b-4e10-96e9-9143e51372a7	2594003	1.0	confident	Ferrovibrio terrae	Bacteria
2afae4ca-9b7f-4c2f-a8d9-79d0cc2e4acb	2594003	1.0	confident	Ferrovibrio terrae	Bacteria
ca7d4e10-a8d3-46bc-b8e9-64672d4484c5	2594003	1.0	confident	Ferrovibrio terrae	Bacteria
640be14d-893f-46b5-8068-47335e6b847e	2594003	1.0	confident	Ferrovibrio terrae	Bacteria
167da34b-a392-4422-88ac-3296ec6f8dd9	2594003	1.0	confident	Ferrovibrio terrae	Bacteria
d4d730e6-f620-447e-9038-a31ef3b617da	2594003	1.0	confident	Ferrovibrio terrae	Bacteria
c398a96e-fbea-479f-b8cc-eb5ab5d317d2	2594003	1.0	confident	Ferrovibrio terrae	Bacteria
e2a815fc-4ba1-4e11-a8d9-0f89080d8ca7	2594003	1.0	confident	Ferrovibrio terrae	Bacteria
44b4209f-699d-48f0-a1ef-45e70e707cba	2594003	1.0	confident	Ferrovibrio terrae	Bacteria
fcec0f8e-88b9-40f3-9622-ef1f7b7119a7	2594003	1.0	confident	Ferrovibrio terrae	Bacteria
6804d3d0-76ba-49ae-8ac9-a56f8c8eb985	2594003	1.0	confident	Ferrovibrio terrae	Bacteria
cd10a1ce-7b6b-4ef9-95bf-91aa18b4910c	2594003	1.0	confident	Ferrovibrio terrae	Bacteria
b10a5718-8d46-4a5b-bbea-ee50c1aea8ed	2594003	1.0	confident	Ferrovibrio terrae	Bacteria
cf338670-b2e6-497e-adbb-ac67535e031b	2594003	1.0	confident	Ferrovibrio terrae	Bacteria
81c3a5a6-f02f-42c8-a575-c387f4786fea	2594003	1.0	confident	Ferrovibrio terrae	Bacteria
c1d66b0c-37db-4857-bdd6-30f723af3ba2	2594003	1.0	confident	Ferrovibrio terrae	Bacteria
e3f73fa7-1cc1-4c75-bd72-81898e876555	2594003	1.0	confident	Ferrovibrio terrae	Bacteria
27f16dce-c177-4089-b56e-9fdd4f0bbc1a	2594003	1.0	confident	Ferrovibrio terrae	Bacteria
b213988f-dc98-456b-9dc1-a0e2118be767	2594003	1.0	confident	Ferrovibrio terrae	Bacteria
7aef7d22-34e0-4489-b1ad-5be2477471a9	2594003	1.0	confident	Ferrovibrio terrae	Bacteria
5fe3e3a2-000d-4800-b04a-7350b4c871f1	2594003	1.0	confident	Ferrovibrio terrae	Bacteria
3d84ca14-c3e3-434c-85c0-a3d9f771b644	2594003	1.0	confident	Ferrovibrio terrae	Bacteria
9886df11-0df0-41a5-83be-b987f3a2ae8c	2594003	1.0	confident	Ferrovibrio terrae	Bacteria
23f8a317-d814-4db0-a927-989744cc4e5c	2594003	1.0	confident	Ferrovibrio terrae	Bacteria
57cb4232-4ae4-4dd0-bdd5-c4967fca86c9	2594003	1.0	confident	Ferrovibrio terrae	Bacteria
6936587e-558b-4398-9a16-cfc80393afe9	2594003	1.0	confident	Ferrovibrio terrae	Bacteria
5706fe2a-fe9f-46dc-b8ec-8ff39283eb2a	2594003	1.0	confident	Ferrovibrio terrae	Bacteria
8bee7814-bf0f-472a-b61d-6be7620ab1d9	2594003	1.0	confident	Ferrovibrio terrae	Bacteria
2489014c-b25f-4ab2-bbdd-e9e0419531f1	2594003	1.0	confident	Ferrovibrio terrae	Bacteria
a4c64cc1-bbab-47dc-9115-202a711a0aa4	2594003	1.0	confident	Ferrovibrio terrae	Bacteria
80d47be2-867a-4bda-9009-e701f0592d37	2594003	1.0	confident	Ferrovibrio terrae	Bacteria
2fab0eb4-19d0-4e95-a251-b76163ce7632	2594003	1.0	confident	Ferrovibrio terrae	Bacteria
717f51dc-7fc5-4940-a809-48f70f4384d7	2594003	1.0	confident	Ferrovibrio terrae	Bacteria
bd869f0d-0e35-464e-966a-8c46155c9a13	2594003	1.0	confident	Ferrovibrio terrae	Bacteria
206b54af-9039-49e5-9d69-e81c0baaa957	2594003	1.0	confident	Ferrovibrio terrae	Bacteria
95180c00-f0e3-4599-8889-e6f2af4b04ad	2594003	1.0	confident	Ferrovibrio terrae	Bacteria
77e6ff7a-c84b-4a5f-9857-bbb82130bd5f	2594003	1.0	confident	Ferrovibrio terrae	Bacteria
224b3845-7a71-4f81-baab-53bc413869cb	2594003	1.0	confident	Ferrovibrio terrae	Bacteria
7dfe0534-ad98-4f81-a4d7-a5b214a278b7	2594003	1.0	confident	Ferrovibrio terrae	Bacteria
b2d1f54b-8eb1-4dec-aeac-dae1c517b828	2594003	1.0	confident	Ferrovibrio terrae	Bacteria
242c9f49-1902-498e-95c8-a8029c5d274f	2594003	1.0	confident	Ferrovibrio terrae	Bacteria
fdfbabe8-66db-4441-a0d9-c4193f370cb7	2594003	1.0	confident	Ferrovibrio terrae	Bacteria
e3fd9664-d485-447e-a41f-ee8763601a11	2594003	1.0	confident	Ferrovibrio terrae	Bacteria
b2dd4c83-5e47-4589-8588-3f97a6f9f580	2594003	1.0	confident	Ferrovibrio terrae	Bacteria
ef636b47-7980-4d09-99d7-f5cc3fea9e40	2594003	1.0	confident	Ferrovibrio terrae	Bacteria
ed9048fe-d200-4e99-aba9-e33bb94a6db5	2594003	1.0	confident	Ferrovibrio terrae	Bacteria
a31cae42-44e6-4933-9310-30173c274044	2594003	1.0	confident	Ferrovibrio terrae	Bacteria
b32c23ae-db99-44a2-a46d-6d677fa67c27	2594003	1.0	confident	Ferrovibrio terrae	Bacteria
5f15d864-50cb-4c1b-ad9a-ab9fafc72889	2594003	1.0	confident	Ferrovibrio terrae	Bacteria
bc1cd421-81e4-418e-a5f1-b2c54399e989	2594003	1.0	confident	Ferrovibrio terrae	Bacteria
db51c387-ba5d-4c66-9291-74343ac61815	2594003	1.0	confident	Ferrovibrio terrae	Bacteria
82e0948c-b4d0-4733-9b82-8405ca656e04	2594003	1.0	confident	Ferrovibrio terrae	Bacteria
a63ead6e-de8a-4270-ad9d-4069ac8cfef4	2594003	1.0	confident	Ferrovibrio terrae	Bacteria
8c0977db-55dc-4415-b3a5-cc93cd4d7114	2594003	1.0	confident	Ferrovibrio terrae	Bacteria
83858269-7572-455b-a6c3-a2355466bd93	2594003	1.0	confident	Ferrovibrio terrae	Bacteria
0eacae40-0342-4c2c-8778-d5a9570c9bbd	2594003	1.0	confident	Ferrovibrio terrae	Bacteria
9e54c267-734d-4a69-b138-1cde643cb313	2594003	1.0	confident	Ferrovibrio terrae	Bacteria
5713cbb5-e6f3-494f-91f5-0b97bd26401a	2594003	1.0	confident	Ferrovibrio terrae	Bacteria
4092a639-3d7f-40a2-8a91-c4caf28a2cc9	2594003	1.0	confident	Ferrovibrio terrae	Bacteria
991b6afd-8a4e-48d2-a8c8-17b6e72b8ba2	2594003	1.0	confident	Ferrovibrio terrae	Bacteria
245b0161-ffa1-4a9d-bdd3-9cc47f712709	2594003	1.0	confident	Ferrovibrio terrae	Bacteria
7c26f8f1-c213-4e81-9b99-e68843b73a39	2594003	1.0	confident	Ferrovibrio terrae	Bacteria
dbe290d2-799c-42fd-a406-c7665fe26900	2594003	1.0	confident	Ferrovibrio terrae	Bacteria
e5d542a0-0894-4af7-a6a0-e2fc007729fb	2594003	1.0	confident	Ferrovibrio terrae	Bacteria
6bb99fc8-b559-4e6b-8724-ee90c9747902	2594003	1.0	confident	Ferrovibrio terrae	Bacteria
02c87dad-c8bb-4cfa-8613-8ed2d0efff0e	2594003	1.0	confident	Ferrovibrio terrae	Bacteria
d3115762-608a-4546-9729-a7aa92cfe24c	2594003	1.0	confident	Ferrovibrio terrae	Bacteria
eb9907df-4e2b-4b46-875e-ee08629dfab7	2594003	1.0	confident	Ferrovibrio terrae	Bacteria
beb7aed7-95a4-46aa-a8e9-71aa17a89cc7	2594003	1.0	confident	Ferrovibrio terrae	Bacteria
73842e15-8da7-41aa-ab8d-c4958f68e524	2594003	1.0	confident	Ferrovibrio terrae	Bacteria
aa226050-2372-4653-87d0-7bd17b374324	2594003	1.0	confident	Ferrovibrio terrae	Bacteria
10cea643-b80f-4870-ae17-48c289ca8e18	2594003	1.0	confident	Ferrovibrio terrae	Bacteria
130025d6-1384-4c8d-b227-0ac8677be5c9	2594003	1.0	confident	Ferrovibrio terrae	Bacteria
f506b86f-d13d-4c65-8850-9f5919abde1c	2594003	1.0	confident	Ferrovibrio terrae	Bacteria
903c73e6-91a5-4e20-bb2d-29e6450ede10	2594003	1.0	confident	Ferrovibrio terrae	Bacteria
d1113032-8961-4d37-834a-5caf066248d5	2594003	1.0	confident	Ferrovibrio terrae	Bacteria
f7aa99c7-da51-4654-94c2-28371416bf86	2594003	1.0	confident	Ferrovibrio terrae	Bacteria
a8143754-009d-41cb-9fb2-f63629e12058	2594003	1.0	confident	Ferrovibrio terrae	Bacteria
f3a02918-6903-4826-aba4-48313ac098dc	2594003	1.0	confident	Ferrovibrio terrae	Bacteria
d6097299-efd2-4e22-8c51-59ad7b37bbd8	2594003	1.0	confident	Ferrovibrio terrae	Bacteria
04cc77ab-f122-4fe6-9255-0a051b671921	2594003	1.0	confident	Ferrovibrio terrae	Bacteria
ae15b41a-0f16-4239-be99-41110c836baf	2594003	1.0	confident	Ferrovibrio terrae	Bacteria
91adb3a2-d715-4896-853e-0c5fa8fb2b17	2594003	1.0	confident	Ferrovibrio terrae	Bacteria
fc144f90-f74b-4e2a-9286-c66a426b0986	2594003	1.0	confident	Ferrovibrio terrae	Bacteria
28c6588b-9a1e-483a-9d1e-f2d446aa38d5	2594003	1.0	confident	Ferrovibrio terrae	Bacteria
067e5a79-fb23-4da8-bee9-ea76d066824d	2594003	1.0	confident	Ferrovibrio terrae	Bacteria
8756a39d-3a1b-47c1-bc42-fc42b77701b3	2594003	1.0	confident	Ferrovibrio terrae	Bacteria
c608ea5c-8f31-4c06-8470-8d7a35069b60	2594003	1.0	confident	Ferrovibrio terrae	Bacteria
d3246888-28bc-4263-8aa9-12b7adb66b7c	2594003	1.0	confident	Ferrovibrio terrae	Bacteria
12b7b84c-cdc4-45e6-bf14-7042aebe2f46	2594003	1.0	confident	Ferrovibrio terrae	Bacteria
d2f881c6-7487-4f69-bb6e-d34ee393aac9	2594003	1.0	confident	Ferrovibrio terrae	Bacteria
d2b0794a-bba2-4887-a96d-7c0f7e0a95a5	2594003	1.0	confident	Ferrovibrio terrae	Bacteria
3e59c2c3-b617-4c3d-a199-538919d224e8	2594003	1.0	confident	Ferrovibrio terrae	Bacteria
5935e9bd-c3ee-46c8-8ab8-6ae956f25491	2594003	1.0	confident	Ferrovibrio terrae	Bacteria
e7157090-836c-45a5-baff-1a2a7c421700	2594003	1.0	confident	Ferrovibrio terrae	Bacteria
2f6825bb-2379-4d57-b702-b4472e6d0931	2594003	1.0	confident	Ferrovibrio terrae	Bacteria
60c0ce7f-de72-408e-8798-708777de8cc6	2594003	1.0	confident	Ferrovibrio terrae	Bacteria
edc18916-0e52-4dd4-823d-289c882796bb	2594003	1.0	confident	Ferrovibrio terrae	Bacteria
ab508ea6-c8c3-44b8-80ed-82204e8ef21e	2594003	1.0	confident	Ferrovibrio terrae	Bacteria
af11bbf4-cae8-4f6b-a291-e46c233d6a39	2594003	1.0	confident	Ferrovibrio terrae	Bacteria
be0c7bc8-9117-441c-aca6-7595da2ccd3a	2594003	1.0	confident	Ferrovibrio terrae	Bacteria
f2d46ec4-cfa9-4177-a129-a55cdf4c48e8	2594003	1.0	confident	Ferrovibrio terrae	Bacteria
4730e062-b95a-45ff-ad3f-9127edff93c9	2594003	1.0	confident	Ferrovibrio terrae	Bacteria
ab53a6c9-71dc-4077-9b94-d2e9f265554c	2594003	1.0	confident	Ferrovibrio terrae	Bacteria
221e2b2f-f2b2-4ab4-b900-8ca23846771a	2594003	1.0	confident	Ferrovibrio terrae	Bacteria
e52ace58-8af1-431d-a420-da6eeb05d9b5	2594003	1.0	confident	Ferrovibrio terrae	Bacteria
565da7ee-483f-46ea-8d60-f2b15da767e1	2594003	1.0	confident	Ferrovibrio terrae	Bacteria
4ddd2915-df8f-4f65-ba84-ca5be3877752	2594003	1.0	confident	Ferrovibrio terrae	Bacteria
49d9abc9-4014-4b4d-a470-9184c6226b64	2594003	1.0	confident	Ferrovibrio terrae	Bacteria
3767b2af-f2d9-4c16-94b6-6ef30ca2b518	2594003	1.0	confident	Ferrovibrio terrae	Bacteria
285cf368-22b0-4258-bbcb-9fec61fc0bfb	2594003	1.0	confident	Ferrovibrio terrae	Bacteria
02d749f9-0e6c-4c55-b438-7c1455217ad0	2594003	1.0	confident	Ferrovibrio terrae	Bacteria
c4c7605b-828e-40c6-a027-3ff6da4c7dbc	2594003	1.0	confident	Ferrovibrio terrae	Bacteria
f67c6241-b553-4a16-970c-69b787927d10	2594003	1.0	confident	Ferrovibrio terrae	Bacteria
6ef88104-c0de-4e4f-b382-1cb803a5862e	2594003	1.0	confident	Ferrovibrio terrae	Bacteria
4f4259bc-d167-45ac-ad6f-84e4e661aa36	2594003	1.0	confident	Ferrovibrio terrae	Bacteria
6218acc1-4191-43eb-bb11-4826f47225c3	2594003	1.0	confident	Ferrovibrio terrae	Bacteria
3179b749-2e10-49f7-a47f-9d3ec62bc59c	2594003	1.0	confident	Ferrovibrio terrae	Bacteria
b5234e63-37e1-4859-9273-6ef4446a2c3d	2594003	1.0	confident	Ferrovibrio terrae	Bacteria
695ee6f4-41e9-4c6a-9971-2b35dc74d4ce	2594003	1.0	confident	Ferrovibrio terrae	Bacteria
7020c15b-7ddc-481c-ad79-57fddaafab50	2594003	1.0	confident	Ferrovibrio terrae	Bacteria
789d3185-0d80-4fe8-aded-135462ab3ed2	2594003	1.0	confident	Ferrovibrio terrae	Bacteria
86d44e58-5cee-453e-b006-722c95a82c5a	2594003	1.0	confident	Ferrovibrio terrae	Bacteria
923fb4c0-3e06-4879-89ca-c9c01ebdb590	2594003	1.0	confident	Ferrovibrio terrae	Bacteria
616402e4-75a0-4f34-85b6-3e1109a66aca	2594003	1.0	confident	Ferrovibrio terrae	Bacteria
6c0957fd-4af5-4934-9c8e-20d583199db7	2594003	1.0	confident	Ferrovibrio terrae	Bacteria
e0a9b3e6-6038-410c-83bd-c78caff39e4f	2594003	1.0	confident	Ferrovibrio terrae	Bacteria
53bb8c62-6f71-4e62-b964-e359b0d66b4a	2594003	1.0	confident	Ferrovibrio terrae	Bacteria
4b072850-2d2c-44bf-9a4a-52167fa4a3d4	2594003	1.0	confident	Ferrovibrio terrae	Bacteria
26764e23-3eaf-4001-b39c-b46454276d54	2594003	1.0	confident	Ferrovibrio terrae	Bacteria
dc3b55e4-cf39-42a0-b26d-994c0837ae82	2594003	1.0	confident	Ferrovibrio terrae	Bacteria
e32664cf-ff7c-4f96-8008-5c8e207de959	2594003	1.0	confident	Ferrovibrio terrae	Bacteria
62cc5db0-f2f7-4ca2-8987-2587a42f9b3b	2594003	1.0	confident	Ferrovibrio terrae	Bacteria
ef367f1a-0477-44e9-92e4-01b232ed5008	2594003	1.0	confident	Ferrovibrio terrae	Bacteria
44936599-9e64-4d2c-b983-8d576e400502	2594003	1.0	confident	Ferrovibrio terrae	Bacteria
53c6c20d-82a1-4676-a37d-ea6e8a4f16de	2594003	1.0	confident	Ferrovibrio terrae	Bacteria
c73a2c5e-d663-4147-b940-0a2b7790d514	2594003	1.0	confident	Ferrovibrio terrae	Bacteria
237b274e-9577-4600-b8ed-f3d6024819ca	2594003	1.0	confident	Ferrovibrio terrae	Bacteria
c44a2821-5d8b-4f42-8e60-62902f15507b	2594003	1.0	confident	Ferrovibrio terrae	Bacteria
3bdc2646-ff93-4b71-84f2-4a421a275c50	2594003	1.0	confident	Ferrovibrio terrae	Bacteria
a5e15971-58fc-4dc3-950a-fbbc33229a34	2594003	1.0	confident	Ferrovibrio terrae	Bacteria
ab2dd543-7f48-457f-956e-66066a3ace0e	2594003	1.0	confident	Ferrovibrio terrae	Bacteria
8c8cf46c-9f2b-47bb-9fa9-1899a40f92be	2594003	1.0	confident	Ferrovibrio terrae	Bacteria
710cf86a-2ff8-4e3f-9b85-9a1802b0f8b1	2594003	1.0	confident	Ferrovibrio terrae	Bacteria
fe4db535-41eb-43b8-8845-55eb11ff72c9	2594003	1.0	confident	Ferrovibrio terrae	Bacteria
89aa33d5-ef01-4bfd-951d-2225a61d7dda	2594003	1.0	confident	Ferrovibrio terrae	Bacteria
18f3927d-bf96-47e2-90f7-469e4101e4b9	2594003	1.0	confident	Ferrovibrio terrae	Bacteria
5bf91809-54a4-44e1-b3be-393f29c31460	2594003	1.0	confident	Ferrovibrio terrae	Bacteria
8b905960-f286-463a-8f93-9ab2d5c42620	2594003	1.0	confident	Ferrovibrio terrae	Bacteria
ca71ab6a-7576-42c2-9004-0b41879f50b9	2594003	1.0	confident	Ferrovibrio terrae	Bacteria
9a6c42a7-d6d4-4314-b6b0-9469715f316c	2594003	1.0	confident	Ferrovibrio terrae	Bacteria
ac49fc4d-1b87-4210-8f74-c44e17b26863	2594003	1.0	confident	Ferrovibrio terrae	Bacteria
1bc60a9e-566e-48e1-a18d-e3240812fa1e	2594003	1.0	confident	Ferrovibrio terrae	Bacteria
0fb7e8f0-6464-45a7-8411-4d6ce05afb0a	2594003	1.0	confident	Ferrovibrio terrae	Bacteria
65243b12-1b32-4dc9-b909-6ebe478aab0d	2594003	1.0	confident	Ferrovibrio terrae	Bacteria
8287eac9-5976-4e07-a636-b0b5e235eccf	2594003	1.0	confident	Ferrovibrio terrae	Bacteria
ec17ee49-3a54-4f6e-b4fd-06ccb2437427	2594003	1.0	confident	Ferrovibrio terrae	Bacteria
3fcad0c2-aa99-4b08-86b1-9a0f810383c7	2594003	1.0	confident	Ferrovibrio terrae	Bacteria
561766a6-ba19-4387-971e-d2f1de7e3cea	2594003	1.0	confident	Ferrovibrio terrae	Bacteria
f763ea2f-d22d-43f2-a194-eb8cb68ee102	2594003	1.0	confident	Ferrovibrio terrae	Bacteria
397b66b8-7308-4794-bd0c-88326f18443a	2594003	1.0	confident	Ferrovibrio terrae	Bacteria
35e4124b-0f36-42a5-ad0d-36428f8e0ee6	2594003	1.0	confident	Ferrovibrio terrae	Bacteria
df6637cf-4e3e-4cc6-bbeb-04690d20d36a	2594003	1.0	confident	Ferrovibrio terrae	Bacteria
8f413de8-3349-445b-a422-a0237b084855	2594003	1.0	confident	Ferrovibrio terrae	Bacteria
c385db6a-b522-4c73-bb69-972a8a780bf5	2594003	1.0	confident	Ferrovibrio terrae	Bacteria
db0cb353-f92e-4d95-85cc-87868cb61b68	2594003	1.0	confident	Ferrovibrio terrae	Bacteria
21bef3cf-91db-4c13-9a3c-b30dd95040bc	2594003	1.0	confident	Ferrovibrio terrae	Bacteria
129dceb1-262d-41ee-812b-c1ee16bdd41a	2594003	1.0	confident	Ferrovibrio terrae	Bacteria
8f7117ce-dccd-4c1f-bbd5-a3b90a4f9ce4	2594003	1.0	confident	Ferrovibrio terrae	Bacteria
2d623454-be3e-406c-ac60-9484d33c2a79	2594003	1.0	confident	Ferrovibrio terrae	Bacteria
291da8f4-bddd-4e67-9855-24495477e075	2594003	1.0	confident	Ferrovibrio terrae	Bacteria
a91740ce-ed92-4d41-8e4b-861a73f3447c	2594003	1.0	confident	Ferrovibrio terrae	Bacteria
94cbf0a6-25c5-4063-93ee-fd096ac948fa	2594003	1.0	confident	Ferrovibrio terrae	Bacteria
7f3feac9-b566-4703-93f4-2922dde16480	2594003	1.0	confident	Ferrovibrio terrae	Bacteria
f9e61fbd-3efc-41dc-8caa-0e0bd29596aa	2594003	1.0	confident	Ferrovibrio terrae	Bacteria
cd6f97b2-f535-403f-b50c-573a8643e5f9	2594003	1.0	confident	Ferrovibrio terrae	Bacteria
14f354c2-b6a0-402a-804d-d079c2131c25	2594003	1.0	confident	Ferrovibrio terrae	Bacteria
eb4cc3ba-780e-48bf-b1d6-94496c438361	2594003	1.0	confident	Ferrovibrio terrae	Bacteria
e3b428f2-e254-4128-9cb8-ebbc757dc905	2594003	1.0	confident	Ferrovibrio terrae	Bacteria
75390d70-ed3c-4b74-be26-0ac36434f25e	2594003	1.0	confident	Ferrovibrio terrae	Bacteria
13def48e-05df-49cb-9729-957601dc725f	1396	0.5	medium	Bacillus cereus	Bacteria
3456d9a7-85eb-4eec-a136-69d5d6567547	1396	0.5	medium	Bacillus cereus	Bacteria
747fb9b2-4f40-481d-b28f-69cf86c0b783	1396	0.5	medium	Bacillus cereus	Bacteria
9f823f91-76ba-421b-9943-b10be489487a	1396	0.5	medium	Bacillus cereus	Bacteria
d830f50d-b980-4df2-80d3-c1168e9e1c66	1396	0.5	medium	Bacillus cereus	Bacteria
6a4ddbba-4b34-4efc-9f68-686479c1f0a4	1396	0.5	medium	Bacillus cereus	Bacteria
8ab47b06-e936-48e3-bb6d-d04003edda93	1396	0.5	medium	Bacillus cereus	Bacteria
26e09cff-c8f2-463e-a977-6a2cc48b6e08	1396	0.5	medium	Bacillus cereus	Bacteria
8b11efdc-2a46-4fff-9b05-5886250907d5	1396	0.5	medium	Bacillus cereus	Bacteria
f1da53c0-8206-4613-8310-67b831daaa5c	1396	0.5	medium	Bacillus cereus	Bacteria
de4c9c01-549d-443e-979b-b9a40d020cb5	1396	0.5	medium	Bacillus cereus	Bacteria
5dcde109-5b71-40d2-9b88-86537336546e	1396	0.5	medium	Bacillus cereus	Bacteria
fd12ce20-f2c1-4998-be7f-3a5459a9b8f9	1396	0.5	medium	Bacillus cereus	Bacteria
0338bb24-48dd-46a5-aa29-bc92272fb06b	1396	0.5	medium	Bacillus cereus	Bacteria
f17d67b9-257a-4056-83d6-f7eb9dd023db	1396	0.5	medium	Bacillus cereus	Bacteria
5c9b93bf-c752-46d2-a6b9-45605cad1e27	1396	0.5	medium	Bacillus cereus	Bacteria
3e132d67-1c0b-436b-ba77-a0db43e594f4	1396	0.5	medium	Bacillus cereus	Bacteria
a0f8d905-883b-4d23-b5ac-53f4e66c92f0	1396	0.5	medium	Bacillus cereus	Bacteria
05500f10-a5c0-41a1-95c5-e7077f032013	1396	0.5	medium	Bacillus cereus	Bacteria
d1555dbf-d52a-4ddb-b724-ec1883203b56	1396	0.5	medium	Bacillus cereus	Bacteria
6deb0239-6099-4195-acaf-d6cf6faae3ae	1396	0.5	medium	Bacillus cereus	Bacteria
eb5176e2-1f8a-42c4-ac3f-524634f50eb5	1396	0.5	medium	Bacillus cereus	Bacteria
81593006-df44-44f7-8bea-e2baf8477277	111143	1.0	confident	Alishewanella fetalis	Bacteria
78bd7f03-26e7-4ab5-89e6-a3e0b38a8e96	111143	1.0	confident	Alishewanella fetalis	Bacteria
3c0a6996-2e64-4f3b-8680-f5047ae0f942	111143	1.0	confident	Alishewanella fetalis	Bacteria
df43287b-149b-4a5c-ba1c-941c8816a7dd	111143	1.0	confident	Alishewanella fetalis	Bacteria
bff4c5b5-c3ea-4e53-b94a-4c02745ffffa	111143	1.0	confident	Alishewanella fetalis	Bacteria
77922e15-3e7b-437e-bd24-6f931f059689	111143	1.0	confident	Alishewanella fetalis	Bacteria
325cb42e-8342-4780-a7ae-024c192d9a13	111143	1.0	confident	Alishewanella fetalis	Bacteria
da3e1dd9-a8e4-4680-80f3-9d6726592e7d	111143	1.0	confident	Alishewanella fetalis	Bacteria
5b6ef51a-28be-4d25-ba0b-df3e064ac2ef	111143	1.0	confident	Alishewanella fetalis	Bacteria
36cef3dc-e3ab-4837-bc09-37584468a7e7	111143	1.0	confident	Alishewanella fetalis	Bacteria
522cdab2-1b33-41ad-ba26-4cbb3a7083ad	111143	1.0	confident	Alishewanella fetalis	Bacteria
f22c1853-11cd-4b3f-882f-2b3cdbe86e75	111143	1.0	confident	Alishewanella fetalis	Bacteria
6331b2ae-37f6-4e7d-9072-b8bca029b74c	111143	1.0	confident	Alishewanella fetalis	Bacteria
90121cb1-6165-47af-acc5-d6ae95f9a2e8	111143	1.0	confident	Alishewanella fetalis	Bacteria
21b59e13-6d42-4e02-bec9-0bed4d98e69f	111143	1.0	confident	Alishewanella fetalis	Bacteria
62291492-df8f-4d65-bf87-5ed1a29408ff	111143	1.0	confident	Alishewanella fetalis	Bacteria
3381fec4-2e7f-4f26-93f4-2aa1d4ea2aa6	111143	1.0	confident	Alishewanella fetalis	Bacteria
f6f8e101-d128-4620-833d-e11a8c8c2dd4	111143	1.0	confident	Alishewanella fetalis	Bacteria
5794cd3a-5886-4fe7-acae-4f65034e2ff7	111143	1.0	confident	Alishewanella fetalis	Bacteria
36054fb9-1f9f-4e8a-983b-37895167c07a	111143	1.0	confident	Alishewanella fetalis	Bacteria
912982ae-8033-4e2b-8a15-4085ad9b758a	111143	1.0	confident	Alishewanella fetalis	Bacteria
264b6075-a6b8-42f6-8aa1-21873785af0c	111143	1.0	confident	Alishewanella fetalis	Bacteria
6820426b-2dfa-4af8-8350-12654f875e17	111143	1.0	confident	Alishewanella fetalis	Bacteria
5aac2935-40ee-4014-8407-f34707385d59	111143	1.0	confident	Alishewanella fetalis	Bacteria
4c0bd1a6-f603-4c7c-baf8-e7a6ba13f84c	111143	1.0	confident	Alishewanella fetalis	Bacteria
e225bffb-c9a4-4643-a249-f35dcd38a9ce	111143	1.0	confident	Alishewanella fetalis	Bacteria
37225ba5-ab1c-4f0a-9912-bde9a191f776	111143	1.0	confident	Alishewanella fetalis	Bacteria
02fc8de0-bf40-4668-8c0f-efbb82181b95	111143	1.0	confident	Alishewanella fetalis	Bacteria
48f03f40-e0a3-4ca5-83bc-4448222f9edc	111143	1.0	confident	Alishewanella fetalis	Bacteria
461eaf64-b2ab-4df9-bb2e-7728de7446bd	111143	1.0	confident	Alishewanella fetalis	Bacteria
2d0883b5-995f-4212-b570-6ec74666ea3e	111143	1.0	confident	Alishewanella fetalis	Bacteria
41af6070-c36d-43e4-866e-5a6ef548845c	111143	1.0	confident	Alishewanella fetalis	Bacteria
d7e436b0-02c5-4af0-a530-03aadc922d2a	111143	1.0	confident	Alishewanella fetalis	Bacteria
b2cd8a2b-c06c-40a2-b200-bd81d13a43d5	111143	1.0	confident	Alishewanella fetalis	Bacteria
8498f1c7-f899-48ec-b0e5-533e5792396d	111143	1.0	confident	Alishewanella fetalis	Bacteria
c00bb823-f048-4466-9294-899411ef3616	111143	1.0	confident	Alishewanella fetalis	Bacteria
642a284c-b5e3-462d-8558-bfa497e35f4f	111143	1.0	confident	Alishewanella fetalis	Bacteria
f279d0b4-4144-4101-bdde-8bbb4c64d824	111143	1.0	confident	Alishewanella fetalis	Bacteria
a49cce19-5aaa-4dd4-99df-cab6642fafbf	111143	1.0	confident	Alishewanella fetalis	Bacteria
f4a3e30d-6053-490f-b89c-3a6eafc540f5	111143	1.0	confident	Alishewanella fetalis	Bacteria
2972efa0-b2f8-401d-a6bb-46150083cc0e	111143	1.0	confident	Alishewanella fetalis	Bacteria
34dbbdfa-9c0c-46ee-9783-dcf918aa77e0	111143	1.0	confident	Alishewanella fetalis	Bacteria
b87987ef-a08b-4df5-8f2b-ce541413d657	111143	1.0	confident	Alishewanella fetalis	Bacteria
4326075a-e20d-4fff-b5a8-c68d311921d5	111143	1.0	confident	Alishewanella fetalis	Bacteria
59580043-bbc4-489b-8881-f3c3ac5a8216	111143	1.0	confident	Alishewanella fetalis	Bacteria
178af57f-48e3-4c44-a57a-6a27b78696c6	111143	1.0	confident	Alishewanella fetalis	Bacteria
bef9de14-3c6c-4326-bd35-48d93dcba069	111143	1.0	confident	Alishewanella fetalis	Bacteria
30791731-182e-4cf5-95c5-9365b3a8b74e	111143	1.0	confident	Alishewanella fetalis	Bacteria
b318a5b9-7b41-45db-afc0-bb4989db6789	111143	1.0	confident	Alishewanella fetalis	Bacteria
b5d35b7f-a9ef-42f1-bf75-4e0b49ea8c5d	111143	1.0	confident	Alishewanella fetalis	Bacteria
50497613-e503-4ddf-99a4-612ceac935b0	10003574	1.0	confident	Acinetobacter johnsonii	Bacteria
f9866ab8-9060-4a2b-ae2d-16760ee07bec	10003574	1.0	confident	Acinetobacter johnsonii	Bacteria
d0486dd7-a4c2-445f-a673-2d36bfe0e225	10003574	1.0	confident	Acinetobacter johnsonii	Bacteria
0168efe9-b4fd-4b01-be23-34f5a684c9f2	10003574	1.0	confident	Acinetobacter johnsonii	Bacteria
8fe0b532-f30f-4480-96aa-d4804e743172	10003574	1.0	confident	Acinetobacter johnsonii	Bacteria
bf318ab6-4f14-4a35-b22e-571c57c3edfe	10003574	1.0	confident	Acinetobacter johnsonii	Bacteria
ff47047a-c986-4ba7-b53d-fb718e0c0d9d	10003574	1.0	confident	Acinetobacter johnsonii	Bacteria
e43c1bf8-f014-4523-b0f3-680b392fe01b	10003574	1.0	confident	Acinetobacter johnsonii	Bacteria
96744aa3-eb96-413d-bd57-201c2cd08760	10003574	1.0	confident	Acinetobacter johnsonii	Bacteria
731a99c7-5eae-43fa-a4d2-864dc5483cdf	10003574	1.0	confident	Acinetobacter johnsonii	Bacteria
69d79cd9-2ea7-4198-8e77-f49ec4c27b5e	10003574	1.0	confident	Acinetobacter johnsonii	Bacteria
16fa12e4-b796-476b-8abd-b352a04c256b	10003574	1.0	confident	Acinetobacter johnsonii	Bacteria
86925a4b-98ae-49cc-8f1f-6380fd7412f9	10003574	1.0	confident	Acinetobacter johnsonii	Bacteria
8d416d78-5f59-47a2-a6c9-5bafc63fb017	10003574	1.0	confident	Acinetobacter johnsonii	Bacteria
b42bfaf9-6cab-4a65-9715-24dc320d2fdc	10003574	1.0	confident	Acinetobacter johnsonii	Bacteria
e22fe1b5-7bf8-41a1-ad07-e4703834eceb	10003574	1.0	confident	Acinetobacter johnsonii	Bacteria
7b18fb07-a1f8-4eab-a7c4-c623e36ad435	10003574	1.0	confident	Acinetobacter johnsonii	Bacteria
941957ac-780c-4ec7-baf3-ab1417bda58e	10003574	1.0	confident	Acinetobacter johnsonii	Bacteria
04062498-5db6-4d35-8961-cca12c535700	10003574	1.0	confident	Acinetobacter johnsonii	Bacteria
9a018128-a604-44c2-b01f-c043903fca5b	10003574	1.0	confident	Acinetobacter johnsonii	Bacteria
0d14bf7f-dadb-4d48-b051-15ce822b94f7	10003574	1.0	confident	Acinetobacter johnsonii	Bacteria
e797f230-8c29-4853-a6c0-3fa7d6b5eb83	10003574	1.0	confident	Acinetobacter johnsonii	Bacteria
5129a964-3111-4e7c-8023-246967a381ac	10003574	1.0	confident	Acinetobacter johnsonii	Bacteria
fde1ef67-035c-4097-b364-5f63694e3554	10003574	1.0	confident	Acinetobacter johnsonii	Bacteria
bf3c8610-cc63-43a0-b4c6-7ac2f88f5066	10003574	1.0	confident	Acinetobacter johnsonii	Bacteria
1b51f8b0-7ef6-4e8a-be47-a46b1909cfa6	10003574	1.0	confident	Acinetobacter johnsonii	Bacteria
cf60d360-9927-42c0-ae60-9c7cf73e9688	10003574	1.0	confident	Acinetobacter johnsonii	Bacteria
59971b17-d478-4b3c-8db9-88a21bf63557	10003574	1.0	confident	Acinetobacter johnsonii	Bacteria
07342ab0-26c3-4572-b5bc-1c4195a20497	10003574	1.0	confident	Acinetobacter johnsonii	Bacteria
de810774-9497-47c1-be4f-c16215538ef5	10003574	1.0	confident	Acinetobacter johnsonii	Bacteria
9a3833b3-8a76-47e7-9300-92855dc32107	10003574	1.0	confident	Acinetobacter johnsonii	Bacteria
aad3e301-ec80-47df-9432-1422d5db7659	10003574	1.0	confident	Acinetobacter johnsonii	Bacteria
19447c29-177c-41c4-9bd4-bdbbb62e95c8	10003574	1.0	confident	Acinetobacter johnsonii	Bacteria
56421639-7966-46a5-a367-c463e2d82e70	10003574	1.0	confident	Acinetobacter johnsonii	Bacteria
5c15ab89-aef8-48c3-b09b-d2da2b60af0e	10003574	1.0	confident	Acinetobacter johnsonii	Bacteria
0520fea0-1bc9-46d6-b034-1067bcb0dfac	10003574	1.0	confident	Acinetobacter johnsonii	Bacteria
556e66b4-d3d3-4c7a-ab1c-f009373eefb9	10003574	1.0	confident	Acinetobacter johnsonii	Bacteria
7bd9eec3-c937-4a9b-b427-556a0b142b86	10003574	1.0	confident	Acinetobacter johnsonii	Bacteria
ba307351-93ce-4f85-bf19-5892f423c617	10003574	1.0	confident	Acinetobacter johnsonii	Bacteria
fd61895d-1512-49d5-a6a1-897a062c8955	10003574	1.0	confident	Acinetobacter johnsonii	Bacteria
91f5b6f1-c58b-4ec9-a49a-15bb16f89b9f	10003574	1.0	confident	Acinetobacter johnsonii	Bacteria
de7b1553-4743-4776-bc7f-a70843ab25d7	10003574	1.0	confident	Acinetobacter johnsonii	Bacteria
0d832406-2c92-4cd1-b517-eda8da4aa56d	10003574	1.0	confident	Acinetobacter johnsonii	Bacteria
f4a4e778-3ffc-4865-99e8-d3390e3160bc	10003574	1.0	confident	Acinetobacter johnsonii	Bacteria
056b5976-3e44-4d46-8aff-ce0fb57085c2	10003574	1.0	confident	Acinetobacter johnsonii	Bacteria
72c41284-4bc9-41da-927f-5161535c88d9	10003574	1.0	confident	Acinetobacter johnsonii	Bacteria
7d706f0c-f65f-4f0c-ba2e-c9dc625de8f5	10003574	1.0	confident	Acinetobacter johnsonii	Bacteria
eaa11000-3324-4412-a862-8a4baae11da6	10003574	1.0	confident	Acinetobacter johnsonii	Bacteria
835f6b0b-ca87-4dcf-b755-9c8c620c5ef1	10003574	1.0	confident	Acinetobacter johnsonii	Bacteria
764989fb-1415-4cec-afb8-d8dacf56f9d9	10003574	1.0	confident	Acinetobacter johnsonii	Bacteria
737e8194-5c65-44ea-8760-87db5a066966	10003574	1.0	confident	Acinetobacter johnsonii	Bacteria
70e31c42-1d16-4642-a596-62e7228a3ada	10003574	1.0	confident	Acinetobacter johnsonii	Bacteria
c1f17ed8-7ad5-4709-9d56-40b07c95f6da	10003574	1.0	confident	Acinetobacter johnsonii	Bacteria
c2413270-d528-4917-b72a-4f9c94f7d237	10003574	1.0	confident	Acinetobacter johnsonii	Bacteria
6ee8f890-8cec-42f1-bbc1-c2cc29af0814	10003574	1.0	confident	Acinetobacter johnsonii	Bacteria
25f27320-4d70-443b-9632-df3cef58b710	10003574	1.0	confident	Acinetobacter johnsonii	Bacteria
74627810-a0a4-49f0-a05c-eda1f77269f8	10003574	1.0	confident	Acinetobacter johnsonii	Bacteria
75c4bec9-b295-41a3-ace3-033b73d2f3a7	10003574	1.0	confident	Acinetobacter johnsonii	Bacteria
897dc8d3-6da4-4f9d-9538-652ab72aa22f	10003574	1.0	confident	Acinetobacter johnsonii	Bacteria
ee9035e0-df15-4d45-9988-03a208ff65b7	10003574	1.0	confident	Acinetobacter johnsonii	Bacteria
27bac5ec-9f87-49ce-bd89-7f0f921a5262	10003574	1.0	confident	Acinetobacter johnsonii	Bacteria
9ff4c7bd-be08-4f61-a80e-535ab3f9f479	10003574	1.0	confident	Acinetobacter johnsonii	Bacteria
1eb01dd5-c590-42c5-81b6-893518d3568c	10003574	1.0	confident	Acinetobacter johnsonii	Bacteria
8e399cd0-ddc9-44d0-b2ab-f95055e05586	10003574	1.0	confident	Acinetobacter johnsonii	Bacteria
5ba04b85-f79d-4ce9-b1b7-dde445790fed	10003574	1.0	confident	Acinetobacter johnsonii	Bacteria
44956bf6-f8aa-4f67-a046-05f929b4f1aa	10003574	1.0	confident	Acinetobacter johnsonii	Bacteria
f817b633-c4d6-414a-809c-d79d4ba0e6ad	10003574	1.0	confident	Acinetobacter johnsonii	Bacteria
3d9ea95d-5301-4ec0-bb75-e6d5a23a7f56	10003574	1.0	confident	Acinetobacter johnsonii	Bacteria
8e5ffb42-8c08-49cb-98df-f0c78f864a85	10003574	1.0	confident	Acinetobacter johnsonii	Bacteria
628291fc-fdce-4dfe-b7c8-98e2396b23d4	10003574	1.0	confident	Acinetobacter johnsonii	Bacteria
5d437a98-ba0b-4ff8-a987-6605dcbf5746	10003574	1.0	confident	Acinetobacter johnsonii	Bacteria
7dec8d44-1ab0-4229-9c26-ab8db4f1c878	10003574	1.0	confident	Acinetobacter johnsonii	Bacteria
b07f3bab-fe92-4514-ac82-691f36689859	10003574	1.0	confident	Acinetobacter johnsonii	Bacteria
341dbe5e-cf77-4307-a8d8-834094ade714	10003574	1.0	confident	Acinetobacter johnsonii	Bacteria
a5f8fcb9-1cf7-4220-b160-8978b8c259a6	10003574	1.0	confident	Acinetobacter johnsonii	Bacteria
0e11203e-ae2e-4184-adf2-b910c4d0b904	10003574	1.0	confident	Acinetobacter johnsonii	Bacteria
fd711310-4f68-4b87-8928-f2c7bc75efc9	10003574	1.0	confident	Acinetobacter johnsonii	Bacteria
69f966ee-707e-4683-9bff-2cbf4f5963e4	10003574	1.0	confident	Acinetobacter johnsonii	Bacteria
1df3dd1d-c987-43c6-8a8f-3d0ab8066143	10003574	1.0	confident	Acinetobacter johnsonii	Bacteria
963b199e-5a08-4a67-9f68-50735290ee28	10003574	1.0	confident	Acinetobacter johnsonii	Bacteria
fce01be9-d90a-4b84-9904-f8ccafbe0ec9	10003574	1.0	confident	Acinetobacter johnsonii	Bacteria
8c50746d-c552-4a0e-8de4-42d4362f0e8d	10003574	1.0	confident	Acinetobacter johnsonii	Bacteria
792b747d-28ec-4cc6-8476-bb53bab77755	10003574	1.0	confident	Acinetobacter johnsonii	Bacteria
9c7bea7f-4056-4317-b0ec-4af74d31787c	10003574	1.0	confident	Acinetobacter johnsonii	Bacteria
0b52b3e9-8e29-42d3-8680-27f42476e166	10003574	1.0	confident	Acinetobacter johnsonii	Bacteria
5d9873e6-7617-4850-8464-ea99713c1eed	10003574	1.0	confident	Acinetobacter johnsonii	Bacteria
200edc70-e37e-456b-b221-80c5c7efcd69	10003574	1.0	confident	Acinetobacter johnsonii	Bacteria
beb0f98f-3e8d-41e2-8a19-dc8abe50eabd	10003574	1.0	confident	Acinetobacter johnsonii	Bacteria
cac0aa3b-cf6c-4e74-a5f6-3c3992c403bc	10003574	1.0	confident	Acinetobacter johnsonii	Bacteria
34ca4bc2-9745-4612-bfcd-e664014e6e16	10003574	1.0	confident	Acinetobacter johnsonii	Bacteria
7b98f963-c5e4-47bf-a40a-96b7f8cfd6f7	10003574	1.0	confident	Acinetobacter johnsonii	Bacteria
f241adfc-c90a-4e67-96b1-16721c681adb	10003574	1.0	confident	Acinetobacter johnsonii	Bacteria
887038fd-5345-41f7-bbc7-f9f74c8a21a1	10003574	1.0	confident	Acinetobacter johnsonii	Bacteria
7636ce79-c5c7-4301-8a95-816bacc441f5	10003574	1.0	confident	Acinetobacter johnsonii	Bacteria
6274f622-ddb1-494e-ba9f-33a2d7e88183	10003574	1.0	confident	Acinetobacter johnsonii	Bacteria
3cee35a1-f5e4-4fed-ab43-f6b9ba07040d	10003574	1.0	confident	Acinetobacter johnsonii	Bacteria
767e86f5-4b54-46ea-a367-750ce7c0218c	10003574	1.0	confident	Acinetobacter johnsonii	Bacteria
d1852f09-10ff-432b-9698-19c67896732b	10003574	1.0	confident	Acinetobacter johnsonii	Bacteria
dfeb49e6-5571-4b4c-91f6-0e280ba9240c	10003574	1.0	confident	Acinetobacter johnsonii	Bacteria
65a4b594-89ed-417b-96b6-2498e6e4ad45	10003574	1.0	confident	Acinetobacter johnsonii	Bacteria
321514f2-5bac-433d-872a-029f412c8297	10003574	1.0	confident	Acinetobacter johnsonii	Bacteria
68c6710d-b986-4d0f-856d-68a7b7ec89cd	10003574	1.0	confident	Acinetobacter johnsonii	Bacteria
18a9e3ad-67b6-4f82-8419-2de17163a339	10003574	1.0	confident	Acinetobacter johnsonii	Bacteria
bd9e1226-276d-4d1c-a604-9b543a1ba59f	10003574	1.0	confident	Acinetobacter johnsonii	Bacteria
9e0bfb19-6a3b-452f-bb60-092c9f146d14	10003574	1.0	confident	Acinetobacter johnsonii	Bacteria
13dae6d4-de63-4fcf-8efb-916d7e3cd681	10003574	1.0	confident	Acinetobacter johnsonii	Bacteria
4b81d171-41a4-43a7-a7cd-b1bd65598187	10003574	1.0	confident	Acinetobacter johnsonii	Bacteria
8062d150-e9d1-4499-93cf-44ca13809181	10003574	1.0	confident	Acinetobacter johnsonii	Bacteria
214e7adc-a4eb-4f3d-822d-a2b88245f100	10003574	1.0	confident	Acinetobacter johnsonii	Bacteria
d85b81ce-3607-4d6f-aedf-5405894c7abd	10003574	1.0	confident	Acinetobacter johnsonii	Bacteria
8650aa36-955e-4221-b1f7-fe5addcd80f4	10003574	1.0	confident	Acinetobacter johnsonii	Bacteria
b19adea5-690c-4f92-be49-557f2f7ae99b	10003574	1.0	confident	Acinetobacter johnsonii	Bacteria
3eabe6f1-4378-40cc-8717-221e76b481c2	10003574	1.0	confident	Acinetobacter johnsonii	Bacteria
554dee56-c2ab-4571-ba79-8c8322bfc265	10003574	1.0	confident	Acinetobacter johnsonii	Bacteria
34fd84ba-1f2e-48c9-b64d-5004c2f11ed5	10003574	1.0	confident	Acinetobacter johnsonii	Bacteria
c5586368-4e3a-4fd3-9455-78c6a8760233	10003574	1.0	confident	Acinetobacter johnsonii	Bacteria
319e92ba-3661-4088-93d5-2147d443128a	10003574	1.0	confident	Acinetobacter johnsonii	Bacteria
6b0e92e2-806a-48a0-81dc-3d39dce39184	10003574	1.0	confident	Acinetobacter johnsonii	Bacteria
a1c1edf3-7164-43a6-96c1-a7c5c5c5a81d	10003574	1.0	confident	Acinetobacter johnsonii	Bacteria
b5f0ff95-07de-4dfd-b353-43d05affe64d	10003574	1.0	confident	Acinetobacter johnsonii	Bacteria
092a696e-cada-4f87-840c-371e5b4b7a64	10003574	1.0	confident	Acinetobacter johnsonii	Bacteria
8f1e77a5-6a2b-4bf9-8c60-49ab7b7e4cb4	10003574	1.0	confident	Acinetobacter johnsonii	Bacteria
a59e8a05-426c-44ed-97f6-f054721b87ce	10003574	1.0	confident	Acinetobacter johnsonii	Bacteria
b0674624-7d6c-4645-9b51-ba0dfaa02af8	10003574	1.0	confident	Acinetobacter johnsonii	Bacteria
f78e77b7-c3f9-4d60-a4a7-05e3bd3a0122	10003574	1.0	confident	Acinetobacter johnsonii	Bacteria
4bf65076-4274-4fe9-8f64-c67cc2217dca	10003574	1.0	confident	Acinetobacter johnsonii	Bacteria
e0052dfd-64e4-4eac-bc95-2167f0e7bf3a	10003574	1.0	confident	Acinetobacter johnsonii	Bacteria
d64e8cde-2647-4330-a5f6-73bb331fea34	10003574	1.0	confident	Acinetobacter johnsonii	Bacteria
36c56c07-5635-485d-bf03-a04dad58a0a4	10003574	1.0	confident	Acinetobacter johnsonii	Bacteria
4fff667c-8173-483d-a4bb-33c604ff1044	10003574	1.0	confident	Acinetobacter johnsonii	Bacteria
fbb7c69f-4a74-4796-8bf3-442cbff10a44	10003574	1.0	confident	Acinetobacter johnsonii	Bacteria
c2891982-5662-4148-8390-fd8fcf8bc123	10003574	1.0	confident	Acinetobacter johnsonii	Bacteria
1cbd6e5a-5eef-4054-af16-21ded84fcb7b	10003574	1.0	confident	Acinetobacter johnsonii	Bacteria
d421ffbb-9aea-4dc7-93ae-c8ed2def7438	10003574	1.0	confident	Acinetobacter johnsonii	Bacteria
6de6170c-fcf2-4b16-a8b8-87d163856d32	10003574	1.0	confident	Acinetobacter johnsonii	Bacteria
a2e6a0f6-a1a1-4fc1-a3f1-4370c23b2726	10003574	1.0	confident	Acinetobacter johnsonii	Bacteria
a404e7c6-142a-4655-bc91-4ac14a73e0cc	10003574	1.0	confident	Acinetobacter johnsonii	Bacteria
0128b11c-7c6f-451b-a0df-75e04b557eab	10003574	1.0	confident	Acinetobacter johnsonii	Bacteria
006846f7-e85b-425f-83de-0b3da7ea042a	10003574	1.0	confident	Acinetobacter johnsonii	Bacteria
5ff16cf6-e911-4698-8656-48ab2f6bf6a9	10003574	1.0	confident	Acinetobacter johnsonii	Bacteria
e462cf29-f0fd-454c-9987-3c9a230d27f1	10003574	1.0	confident	Acinetobacter johnsonii	Bacteria
9a117618-6196-442c-9d58-38ef32eb4300	10003574	1.0	confident	Acinetobacter johnsonii	Bacteria
9d1b9644-65ca-4787-8760-8d71283e9360	10003574	1.0	confident	Acinetobacter johnsonii	Bacteria
b8efd9a1-6870-4b7e-9e63-0c20bd5878eb	10003574	1.0	confident	Acinetobacter johnsonii	Bacteria
e5dba045-7a70-43ef-a008-f2c7a7a48932	10003574	1.0	confident	Acinetobacter johnsonii	Bacteria
38c707f4-4d24-474f-8b2b-19c17ee47a5b	10003574	1.0	confident	Acinetobacter johnsonii	Bacteria
cd13448d-02d0-4845-a87b-9679d65880e8	426702	1.0	confident	Alkalibacterium pelagium	Bacteria
c9664ce8-6cb2-49a9-bd2e-ca870ec56de2	426702	1.0	confident	Alkalibacterium pelagium	Bacteria
a728b6f1-8328-4e98-a211-02fcd70e1c25	426702	1.0	confident	Alkalibacterium pelagium	Bacteria
b1868ecd-6352-4683-95c0-531ae95642ab	426702	1.0	confident	Alkalibacterium pelagium	Bacteria
b17fad88-3ea0-4cde-9eca-a6c65b0b103c	426702	1.0	confident	Alkalibacterium pelagium	Bacteria
0667ab19-e38c-4ba4-ad58-99523ce1502e	426702	1.0	confident	Alkalibacterium pelagium	Bacteria
3ff12fc5-5b2e-451a-8f22-4f77b3ce639b	426702	1.0	confident	Alkalibacterium pelagium	Bacteria
22577b45-e7af-4b5c-8aaf-b3590336880d	426702	1.0	confident	Alkalibacterium pelagium	Bacteria
eaa81671-feed-4686-b596-0e96ec54beb5	426702	1.0	confident	Alkalibacterium pelagium	Bacteria
d0dd3103-9830-4b97-990c-e57c665a66df	426702	1.0	confident	Alkalibacterium pelagium	Bacteria
f505fcba-3065-432d-a33f-d2d73a5240e6	426702	1.0	confident	Alkalibacterium pelagium	Bacteria
91a6909b-ad21-478f-84e7-ebed13698320	426702	1.0	confident	Alkalibacterium pelagium	Bacteria
43f80a04-00ca-43f4-be67-f146ec5feb2e	426702	1.0	confident	Alkalibacterium pelagium	Bacteria
cafe2cac-584e-496c-bfed-6cf93dd55d73	426702	1.0	confident	Alkalibacterium pelagium	Bacteria
5c8b16ce-f2d5-489f-83cc-279a36c6ac45	426702	1.0	confident	Alkalibacterium pelagium	Bacteria
843e151b-3757-440e-8ac3-e477e391b06d	426702	1.0	confident	Alkalibacterium pelagium	Bacteria
82e8c9d7-d820-4d78-82dd-ddc53b791546	426702	1.0	confident	Alkalibacterium pelagium	Bacteria
56b46c4b-314f-40d3-b135-d98eed8a1d11	426702	1.0	confident	Alkalibacterium pelagium	Bacteria
aafdf263-5366-44eb-bc5c-08b311185f47	426702	1.0	confident	Alkalibacterium pelagium	Bacteria
f3487652-d645-448d-a32e-ff9a863c1c43	426702	1.0	confident	Alkalibacterium pelagium	Bacteria
4607e506-e343-4ee8-8def-9990f16d4672	426702	1.0	confident	Alkalibacterium pelagium	Bacteria
961e9b60-9dda-4299-a5fb-13b3b1e981cd	426702	1.0	confident	Alkalibacterium pelagium	Bacteria
03902c95-6458-46bd-b820-37acc53b9812	426702	1.0	confident	Alkalibacterium pelagium	Bacteria
0a42a889-9250-463b-89f4-983b335ac35a	426702	1.0	confident	Alkalibacterium pelagium	Bacteria
82da2ac9-32d3-4467-af98-bcfdc9ba484b	426702	1.0	confident	Alkalibacterium pelagium	Bacteria
c8c5d82a-5d05-4220-8fe7-46f560a4cded	426702	1.0	confident	Alkalibacterium pelagium	Bacteria
082d57cf-568d-48fc-855f-2063ca33b64b	426702	1.0	confident	Alkalibacterium pelagium	Bacteria
7591259c-9853-4f25-a603-5e6e2e298507	426702	1.0	confident	Alkalibacterium pelagium	Bacteria
0528966f-29e9-4ca4-b4f2-3a7b32c732e9	426702	1.0	confident	Alkalibacterium pelagium	Bacteria
f75794b9-0987-4c90-8c47-eb842435451e	426702	1.0	confident	Alkalibacterium pelagium	Bacteria
1f6b83ce-0e95-424e-9df2-fd04d70a65ab	426702	1.0	confident	Alkalibacterium pelagium	Bacteria
e91efe3e-d617-4117-9a7a-df0b1103def0	426702	1.0	confident	Alkalibacterium pelagium	Bacteria
ad409196-293d-48ea-9bc1-a101048751a4	426702	1.0	confident	Alkalibacterium pelagium	Bacteria
64fda4e1-8b5a-4576-b44b-551de7f60138	426702	1.0	confident	Alkalibacterium pelagium	Bacteria
726bf63d-b746-41cb-9768-f76ad445f80f	426702	1.0	confident	Alkalibacterium pelagium	Bacteria
cb8efe1c-61c3-43c6-b2f8-962e87538bc1	426702	1.0	confident	Alkalibacterium pelagium	Bacteria
29d9951f-3e35-43bd-a25f-8f6a7d029d79	426702	1.0	confident	Alkalibacterium pelagium	Bacteria
98a55c60-75f7-4922-8b7f-a38409a5e628	426702	1.0	confident	Alkalibacterium pelagium	Bacteria
c915e29c-ff15-49b6-952e-698d4198bef6	426702	1.0	confident	Alkalibacterium pelagium	Bacteria
9f918658-9a65-4161-be30-84d80b48d1f3	426702	1.0	confident	Alkalibacterium pelagium	Bacteria
b78e8ea2-b5be-44d4-876a-6d5c25b7cffb	426702	1.0	confident	Alkalibacterium pelagium	Bacteria
09c84059-62c9-42f6-90a6-4751f710ce8f	426702	1.0	confident	Alkalibacterium pelagium	Bacteria
3f797cab-6112-4ba7-8309-1b82b9bba2e2	426702	1.0	confident	Alkalibacterium pelagium	Bacteria
c39e20ea-fc8b-4ee3-a420-7284c510bd40	426702	1.0	confident	Alkalibacterium pelagium	Bacteria
3b8426ef-38fb-4372-8765-380b55f6dee5	426702	1.0	confident	Alkalibacterium pelagium	Bacteria
8590396e-08a1-4c06-a4d4-c0fc72e88622	426702	1.0	confident	Alkalibacterium pelagium	Bacteria
b9339afe-e6cb-4642-a705-36034d147f64	426702	1.0	confident	Alkalibacterium pelagium	Bacteria
67ad2d94-3809-4ad6-b55f-630bf93787c0	426702	1.0	confident	Alkalibacterium pelagium	Bacteria
23acd239-fe6f-4338-985f-4693cbabe90b	426702	1.0	confident	Alkalibacterium pelagium	Bacteria
a38b5386-56b1-46dc-b5e7-3caf3aada543	426702	1.0	confident	Alkalibacterium pelagium	Bacteria
0b65d96a-ad2c-4e1a-a907-ad66fb3253ad	426702	1.0	confident	Alkalibacterium pelagium	Bacteria
30f830e9-6639-4e6f-a6a5-f868ec6c2953	426702	1.0	confident	Alkalibacterium pelagium	Bacteria
95f2d9d4-a519-466b-8dd4-5ad4c2f269c6	426702	1.0	confident	Alkalibacterium pelagium	Bacteria
b2f2ca1e-1a4a-444a-a00e-5ccd4d9add78	426702	1.0	confident	Alkalibacterium pelagium	Bacteria
ace129c1-976b-41a7-8b9b-19121a066d99	426702	1.0	confident	Alkalibacterium pelagium	Bacteria
d60d1cac-a4e4-4e6c-ac45-2bb4d42437d7	426702	1.0	confident	Alkalibacterium pelagium	Bacteria
a828f193-d3ba-4768-a5f4-b1f96921a025	426702	1.0	confident	Alkalibacterium pelagium	Bacteria
98469542-83b9-439f-920d-23baa0ea3764	426702	1.0	confident	Alkalibacterium pelagium	Bacteria
ed94cc95-ab97-4d54-81ec-2648dec2cca8	426702	1.0	confident	Alkalibacterium pelagium	Bacteria
ca319785-95e0-4b2f-8658-5496dee4360a	426702	1.0	confident	Alkalibacterium pelagium	Bacteria
12533924-ed74-41ba-ab1a-0095a221ff8a	426702	1.0	confident	Alkalibacterium pelagium	Bacteria
70d58eb7-9ab3-4759-9579-4c48fd3f689b	426702	1.0	confident	Alkalibacterium pelagium	Bacteria
a1149e90-ef63-4347-bdbc-ab6dbe3b8457	426702	1.0	confident	Alkalibacterium pelagium	Bacteria
5ccce3f4-6002-440c-9144-7dbe1f213c31	426702	1.0	confident	Alkalibacterium pelagium	Bacteria
fb9f00b3-3a89-4797-b54d-a60049b7de08	426702	1.0	confident	Alkalibacterium pelagium	Bacteria
f2065721-89ba-4577-b494-8bdd3dfe503c	426702	1.0	confident	Alkalibacterium pelagium	Bacteria
2ae31eda-dac0-4f2b-aba5-1f574e41b4d9	426702	1.0	confident	Alkalibacterium pelagium	Bacteria
f2810e3b-8133-4977-8d2c-f88c7853247e	426702	1.0	confident	Alkalibacterium pelagium	Bacteria
1518072d-577a-472c-9ea0-a74ba5923f0e	426702	1.0	confident	Alkalibacterium pelagium	Bacteria
4c1bfb52-8e4a-4759-9085-327ce72180df	426702	1.0	confident	Alkalibacterium pelagium	Bacteria
ae964d1d-b712-40d2-8881-8656dd8ec2cd	426702	1.0	confident	Alkalibacterium pelagium	Bacteria
a1091c10-8d18-43ed-8001-26baa7fed44c	426702	1.0	confident	Alkalibacterium pelagium	Bacteria
9e5c98c0-b7c1-44de-8d29-b24ac2305bbf	426702	1.0	confident	Alkalibacterium pelagium	Bacteria
a6ac2297-b9f5-4c2a-912c-c3d8609077ea	426702	1.0	confident	Alkalibacterium pelagium	Bacteria
cb7d79be-30cc-416e-b022-c61c30c9de90	426702	1.0	confident	Alkalibacterium pelagium	Bacteria
6ecd4bbf-842b-47f9-a3fb-35c0444c988a	426702	1.0	confident	Alkalibacterium pelagium	Bacteria
735c32ad-96d8-4d9a-81b0-a55f87e8c63f	426702	1.0	confident	Alkalibacterium pelagium	Bacteria
5313fe14-1601-4d89-9bdd-5cf81030b5de	426702	1.0	confident	Alkalibacterium pelagium	Bacteria
5e71cdc7-806b-47f5-890f-b648f04b6571	426702	1.0	confident	Alkalibacterium pelagium	Bacteria
9ab53c23-6c9e-4556-851c-eed95d5ae1f4	426702	1.0	confident	Alkalibacterium pelagium	Bacteria
436f3ee6-052c-4ea4-bc47-8b23259cf3fd	426702	1.0	confident	Alkalibacterium pelagium	Bacteria
bd4235a0-d8a8-420a-a860-cb64708768f1	426702	1.0	confident	Alkalibacterium pelagium	Bacteria
44ba229b-d2d9-4837-9984-50a7f6e8e57d	426702	1.0	confident	Alkalibacterium pelagium	Bacteria
51c145ae-51a6-450a-ad3d-d5b2d195646e	426702	1.0	confident	Alkalibacterium pelagium	Bacteria
c76b7e9b-13b7-423a-8e73-95e8e61d241b	426702	1.0	confident	Alkalibacterium pelagium	Bacteria
559b098b-c703-46f2-971e-abe8b969f29d	426702	1.0	confident	Alkalibacterium pelagium	Bacteria
a83cd066-4092-4944-bc0b-2d18570b4cc4	426702	1.0	confident	Alkalibacterium pelagium	Bacteria
4ecc3893-0409-4679-892b-4e4937ad688b	426702	1.0	confident	Alkalibacterium pelagium	Bacteria
0c32f392-dc37-4def-8b7b-aeb1d9890b8c	426702	1.0	confident	Alkalibacterium pelagium	Bacteria
c747e5ba-624e-445b-90c1-c932302b9118	426702	1.0	confident	Alkalibacterium pelagium	Bacteria
7edfb8b4-1743-47d7-95c6-231c34c36c15	426702	1.0	confident	Alkalibacterium pelagium	Bacteria
27f66118-ef39-48cb-892f-08435d4e6c11	426702	1.0	confident	Alkalibacterium pelagium	Bacteria
60efcba5-fd92-43ba-b55c-ff307c51dd8a	426702	1.0	confident	Alkalibacterium pelagium	Bacteria
c0042eb0-0e59-45d8-9014-8a362d61d725	426702	1.0	confident	Alkalibacterium pelagium	Bacteria
4caabfcb-273b-4fde-b3ac-5388e8ed7ba1	426702	1.0	confident	Alkalibacterium pelagium	Bacteria
9f6f8ed4-1be0-491e-a3d3-d4e797c2b0e1	426702	1.0	confident	Alkalibacterium pelagium	Bacteria
a463ac25-73d5-4fe7-a35f-074d69bf4382	426702	1.0	confident	Alkalibacterium pelagium	Bacteria
d714aa56-0217-4a69-903f-fbc11034e26b	426702	1.0	confident	Alkalibacterium pelagium	Bacteria
54147d9c-b713-4f6b-bba2-31b58669079c	426702	1.0	confident	Alkalibacterium pelagium	Bacteria
3df0a49a-a5d1-4609-85ef-ecad88773aae	426702	1.0	confident	Alkalibacterium pelagium	Bacteria
75e20b59-51da-4d0f-a99b-ced833ee1aef	426702	1.0	confident	Alkalibacterium pelagium	Bacteria
a04b90ad-16cf-44f0-b1b0-4f9a8b9c3a7f	426702	1.0	confident	Alkalibacterium pelagium	Bacteria
0b457cdf-c607-4bd7-b726-7207032380ec	426702	1.0	confident	Alkalibacterium pelagium	Bacteria
3d3a562c-607e-4be5-8bcc-95aaa3f3efac	426702	1.0	confident	Alkalibacterium pelagium	Bacteria
3c6b23b4-9a36-4ace-9e11-8adc9be7d78c	426702	1.0	confident	Alkalibacterium pelagium	Bacteria
7b6591a4-526b-484b-b427-a2e410a27bab	426702	1.0	confident	Alkalibacterium pelagium	Bacteria
bae06d3c-1f1d-4191-8560-b422881f51f2	426702	1.0	confident	Alkalibacterium pelagium	Bacteria
6dcd53ba-a513-4046-bb16-ac28745b6227	426702	1.0	confident	Alkalibacterium pelagium	Bacteria
7719907c-971c-4275-962e-bba1c226fc03	426702	1.0	confident	Alkalibacterium pelagium	Bacteria
7d01dd44-75d0-46e7-be81-71ddd1366ac9	426702	1.0	confident	Alkalibacterium pelagium	Bacteria
6772fc6d-7a55-4e7d-8532-6dc41fa4fefa	426702	1.0	confident	Alkalibacterium pelagium	Bacteria
e2c058a1-d1f1-4e5b-97a2-cdc74f36c56e	426702	1.0	confident	Alkalibacterium pelagium	Bacteria
3be54d7a-e918-4a38-861a-23957c13660f	426702	1.0	confident	Alkalibacterium pelagium	Bacteria
9b785787-4cfb-4166-903e-ef78ade4536b	426702	1.0	confident	Alkalibacterium pelagium	Bacteria
b0c25cad-a89b-4cac-a640-df7f5391d6b8	426702	1.0	confident	Alkalibacterium pelagium	Bacteria
e1befa02-61a2-4e69-8a04-bd3d1c96402c	426702	1.0	confident	Alkalibacterium pelagium	Bacteria
74969449-e614-40f3-b8f6-0e133f0987b6	426702	1.0	confident	Alkalibacterium pelagium	Bacteria
2b829137-5af9-4166-be1f-b0cad299238a	426702	1.0	confident	Alkalibacterium pelagium	Bacteria
11a6a453-9dc4-4e0d-a996-44fa160d8055	426702	1.0	confident	Alkalibacterium pelagium	Bacteria
a5368a35-fed3-4c48-b440-9a93309889ba	426702	1.0	confident	Alkalibacterium pelagium	Bacteria
b3320d28-0257-4ad4-ab8f-df557ed6c3f9	426702	1.0	confident	Alkalibacterium pelagium	Bacteria
e8308ade-126f-4b1c-823c-b2775f5fa34f	426702	1.0	confident	Alkalibacterium pelagium	Bacteria
d2421f16-693c-4899-97ee-2fd5797c3eb7	426702	1.0	confident	Alkalibacterium pelagium	Bacteria
4fcf254e-6cf8-4770-8c00-3e88bfc32260	426702	1.0	confident	Alkalibacterium pelagium	Bacteria
1b0cfb20-7d9e-4791-ae9b-d9ecd94830d3	426702	1.0	confident	Alkalibacterium pelagium	Bacteria
e2d10c92-28b5-4f35-930f-2b488dc1c99d	426702	1.0	confident	Alkalibacterium pelagium	Bacteria
d563795f-24b4-4610-a50a-9bb039794de4	426702	1.0	confident	Alkalibacterium pelagium	Bacteria
cad6016e-bba9-42d7-8749-ba8cbefb308c	426702	1.0	confident	Alkalibacterium pelagium	Bacteria
10aa6025-77d9-43d2-9c5c-22726270efe6	426702	1.0	confident	Alkalibacterium pelagium	Bacteria
9daac0d4-0d77-41a3-8495-fdda0a1e4b05	426702	1.0	confident	Alkalibacterium pelagium	Bacteria
36435fd7-4bb6-48bd-8a85-bb6313866700	426702	1.0	confident	Alkalibacterium pelagium	Bacteria
c3265ddf-83e2-4fa4-a574-323e4a4b1721	426702	1.0	confident	Alkalibacterium pelagium	Bacteria
249fdc83-4172-4854-9a5a-982c39a5563a	426702	1.0	confident	Alkalibacterium pelagium	Bacteria
70ca4180-1bd7-4230-bb53-682504a538cd	426702	1.0	confident	Alkalibacterium pelagium	Bacteria
8090969c-fcb1-43d1-82f8-cfd518246977	426702	1.0	confident	Alkalibacterium pelagium	Bacteria
a827cb68-8b09-4f99-8145-e9da74c7fc4e	426702	1.0	confident	Alkalibacterium pelagium	Bacteria
db6619c6-1fe8-48fb-8001-4a2211de2fff	426702	1.0	confident	Alkalibacterium pelagium	Bacteria
a58380a7-c82c-46bf-a0c4-26c65a92e98c	426702	1.0	confident	Alkalibacterium pelagium	Bacteria
f9dd8281-77b1-4dbd-9769-8cecfac16f58	426702	1.0	confident	Alkalibacterium pelagium	Bacteria
83173929-d7f9-4dde-9f5b-dcc7245ccddb	426702	1.0	confident	Alkalibacterium pelagium	Bacteria
1b50838e-bc63-45d4-8ed0-40f8a5157f99	426702	1.0	confident	Alkalibacterium pelagium	Bacteria
e62263cc-d5c0-4c63-8cd8-82de9fa4a075	426702	1.0	confident	Alkalibacterium pelagium	Bacteria
c91cc0d2-45b1-4dd9-90d4-bda593cf951f	426702	1.0	confident	Alkalibacterium pelagium	Bacteria
548915c3-7bd3-40a6-b336-bce7b2ef21fd	426702	1.0	confident	Alkalibacterium pelagium	Bacteria
050d4688-d6e4-4d13-a35f-ad05f6bef595	426702	1.0	confident	Alkalibacterium pelagium	Bacteria
866990ec-74c1-4d42-aee0-93df9b61428e	426702	1.0	confident	Alkalibacterium pelagium	Bacteria
9f769e57-a767-40aa-b762-f41a2aad17ed	426702	1.0	confident	Alkalibacterium pelagium	Bacteria
ad414d79-75e5-408e-9804-4d41d810b4ea	426702	1.0	confident	Alkalibacterium pelagium	Bacteria
67e5edf0-96d4-4d32-987d-d164e14cfc79	426702	1.0	confident	Alkalibacterium pelagium	Bacteria
5165a59d-dc69-442e-901f-479714d289bd	426702	1.0	confident	Alkalibacterium pelagium	Bacteria
a2599d81-8abe-49e1-a0b0-57bd9f0c0ebe	426702	1.0	confident	Alkalibacterium pelagium	Bacteria
b1808542-d1dd-4b99-850e-6393d5e4a037	426702	1.0	confident	Alkalibacterium pelagium	Bacteria
f41d3e1e-f5a5-4ebf-90c1-06f6d06ece5e	426702	1.0	confident	Alkalibacterium pelagium	Bacteria
58d256b0-d6ef-4773-bf32-76f0b96e19f1	426702	1.0	confident	Alkalibacterium pelagium	Bacteria
3ff3cbf6-7ec4-4f32-b2d5-7d6b5c43f514	426702	1.0	confident	Alkalibacterium pelagium	Bacteria
a67a2e6c-30da-4ac3-a552-0fa51a42aad3	426702	1.0	confident	Alkalibacterium pelagium	Bacteria
68d181c7-3c6f-4440-84bd-2ad6c1574893	426702	1.0	confident	Alkalibacterium pelagium	Bacteria
81d056b6-c24d-4a1e-8601-07d550ef0e2f	426702	1.0	confident	Alkalibacterium pelagium	Bacteria
60949356-f8d3-49d7-8d3e-f5895f7711e5	426702	1.0	confident	Alkalibacterium pelagium	Bacteria
13f7c2e1-194f-4132-88e7-cec775144226	426702	1.0	confident	Alkalibacterium pelagium	Bacteria
d122ec40-213c-4809-961d-afcaebc700ca	426702	1.0	confident	Alkalibacterium pelagium	Bacteria
1f310b24-ac4d-43ba-aa01-b92f7f6d6c6e	426702	1.0	confident	Alkalibacterium pelagium	Bacteria
c55cdb13-ef22-4439-b623-839020caf2d6	426702	1.0	confident	Alkalibacterium pelagium	Bacteria
a6b01556-396c-425f-9df3-a73c7fcdbf1d	426702	1.0	confident	Alkalibacterium pelagium	Bacteria
51c4a0cc-78cd-433c-be88-7cc771545742	426702	1.0	confident	Alkalibacterium pelagium	Bacteria
0435ced8-feff-4ec1-8615-fb9cb14a8493	426702	1.0	confident	Alkalibacterium pelagium	Bacteria
729f7897-2ab4-42e6-9226-6aa35f1af9c7	426702	1.0	confident	Alkalibacterium pelagium	Bacteria
b11902ca-a490-43e1-828e-5981c047b0f9	426702	1.0	confident	Alkalibacterium pelagium	Bacteria
d616a639-7a29-47b9-bae8-032bacbe78af	426702	1.0	confident	Alkalibacterium pelagium	Bacteria
99c5d32a-bcdb-46de-8e91-ffec934209c0	426702	1.0	confident	Alkalibacterium pelagium	Bacteria
18171d31-3396-4bbc-91ab-c27772924bfa	426702	1.0	confident	Alkalibacterium pelagium	Bacteria
c7e8bc05-f979-4599-809d-5ad2479cc7b9	426702	1.0	confident	Alkalibacterium pelagium	Bacteria
6c6ac633-e4ee-4640-b96e-83c875b1eecc	426702	1.0	confident	Alkalibacterium pelagium	Bacteria
49e1426e-a420-4b7c-bd01-a620cc81856c	426702	1.0	confident	Alkalibacterium pelagium	Bacteria
d1d5496a-c085-46a1-87fd-8875fdef71ae	426702	1.0	confident	Alkalibacterium pelagium	Bacteria
adca03f2-cda5-472c-ae49-c3e6de0e708b	426702	1.0	confident	Alkalibacterium pelagium	Bacteria
2f4619bc-9fc1-4a4f-a18d-a19a2a2a3dee	426702	1.0	confident	Alkalibacterium pelagium	Bacteria
60034a9b-b83a-4408-ab3c-9f7a989dce88	426702	1.0	confident	Alkalibacterium pelagium	Bacteria
5d17fcba-7862-4d5b-b7bf-55c68435e681	426702	1.0	confident	Alkalibacterium pelagium	Bacteria
683ca488-35a9-4fb8-b6da-3220c744aa52	426702	1.0	confident	Alkalibacterium pelagium	Bacteria
91be8679-f0b8-40d8-9393-eeb50cd7ee86	426702	1.0	confident	Alkalibacterium pelagium	Bacteria
b8e4132a-7a7a-4bdd-8b14-af6d77fd4be9	426702	1.0	confident	Alkalibacterium pelagium	Bacteria
01546de8-a8c4-4ee1-a825-eefadb3509b1	426702	1.0	confident	Alkalibacterium pelagium	Bacteria
3d2c2775-770d-464c-a038-9a5d74d5baee	426702	1.0	confident	Alkalibacterium pelagium	Bacteria
a326b356-c996-4e57-b2ec-44ea9a4915bc	426702	1.0	confident	Alkalibacterium pelagium	Bacteria
23ec82cb-f798-48a3-917b-3177576839bf	426702	1.0	confident	Alkalibacterium pelagium	Bacteria
3881e6dc-95ab-4207-b5e4-95da80241a5a	426702	1.0	confident	Alkalibacterium pelagium	Bacteria
c0fe643c-0e72-4779-80cc-c97960b46a8c	426702	1.0	confident	Alkalibacterium pelagium	Bacteria
c5bf7027-54dc-4bf3-862c-567f27c00fd6	426702	1.0	confident	Alkalibacterium pelagium	Bacteria
cf8f65cf-fce2-48b4-911c-13eb69250ade	426702	1.0	confident	Alkalibacterium pelagium	Bacteria
70b6b23c-8eea-4d0c-87b2-c08492cce418	426702	1.0	confident	Alkalibacterium pelagium	Bacteria
c8d93081-d642-478c-91ba-6f9c4c402bc8	426702	1.0	confident	Alkalibacterium pelagium	Bacteria
8a130156-2037-41b4-bdc5-c33f97b43066	426702	1.0	confident	Alkalibacterium pelagium	Bacteria
2a8de28f-d749-42b8-ac09-0751bd6f9c7f	426702	1.0	confident	Alkalibacterium pelagium	Bacteria
8274790c-135d-46fb-8281-a42c8d045bc5	426702	1.0	confident	Alkalibacterium pelagium	Bacteria
513e8628-34c0-4193-85b5-3d7f59a4b775	426702	1.0	confident	Alkalibacterium pelagium	Bacteria
ec7db1bf-82e2-4342-b226-11cb18d352d7	426702	1.0	confident	Alkalibacterium pelagium	Bacteria
2f20dc01-6754-4f70-86e5-404941c4c957	426702	1.0	confident	Alkalibacterium pelagium	Bacteria
976d36d1-bd2e-45f0-8903-aef650900def	426702	1.0	confident	Alkalibacterium pelagium	Bacteria
e9a2da98-500c-4e75-96c9-103589368e70	426702	1.0	confident	Alkalibacterium pelagium	Bacteria
2b411e64-ea0a-40f2-aaad-8b2e2e40b069	426702	1.0	confident	Alkalibacterium pelagium	Bacteria
e052b284-7dfc-42bb-baba-6678a2472aa7	426702	1.0	confident	Alkalibacterium pelagium	Bacteria
13b03aad-d8a2-4098-b777-4114c7676088	426702	1.0	confident	Alkalibacterium pelagium	Bacteria
861fe467-0fee-4a29-8283-bd6c46e25421	426702	1.0	confident	Alkalibacterium pelagium	Bacteria
27f06740-9c9b-4e83-812a-22ec0d32c3a8	426702	1.0	confident	Alkalibacterium pelagium	Bacteria
3dc9f1ec-c5af-42f0-84a9-8134915fe436	426702	1.0	confident	Alkalibacterium pelagium	Bacteria
5a8a815e-44fc-4fff-904c-a928f1b1c2c5	426702	1.0	confident	Alkalibacterium pelagium	Bacteria
5ab226ee-7dc5-470a-8192-69654d295763	426702	1.0	confident	Alkalibacterium pelagium	Bacteria
3fb31509-daaa-4bb5-8cfc-83feeec6bede	426702	1.0	confident	Alkalibacterium pelagium	Bacteria
8189db68-32ec-4664-b863-b5f2fb28e62a	426702	1.0	confident	Alkalibacterium pelagium	Bacteria
be97b6a6-ad8a-4f4d-8cfc-145133abdb4c	426702	1.0	confident	Alkalibacterium pelagium	Bacteria
cabe993f-ee14-4337-ae87-db11c8beba20	426702	1.0	confident	Alkalibacterium pelagium	Bacteria
b8568990-6838-4582-a79b-a71167bc4486	426702	1.0	confident	Alkalibacterium pelagium	Bacteria
fcbe63c7-5436-43c4-8a70-c0cd39c50779	426702	1.0	confident	Alkalibacterium pelagium	Bacteria
46756651-eeba-44b1-b1f2-bf0637cf7385	426702	1.0	confident	Alkalibacterium pelagium	Bacteria
e27b3604-2240-4771-98fe-9e68cc6937f7	426702	1.0	confident	Alkalibacterium pelagium	Bacteria
a1269932-482f-4b81-95f4-fe393d2aa404	426702	1.0	confident	Alkalibacterium pelagium	Bacteria
05639bd5-6d43-46ba-a394-698ed66950c6	426702	1.0	confident	Alkalibacterium pelagium	Bacteria
0d43fab2-c5e8-4c54-b208-561dc70038f9	426702	1.0	confident	Alkalibacterium pelagium	Bacteria
bd222c92-2ce5-4eb8-9ee3-b8e6ac5f6513	426702	1.0	confident	Alkalibacterium pelagium	Bacteria
d58d26c6-9bca-4d07-83d1-f33f2bb17cdb	426702	1.0	confident	Alkalibacterium pelagium	Bacteria
224958f6-f05c-4503-a01f-80b567853c86	426702	1.0	confident	Alkalibacterium pelagium	Bacteria
b5d8dfd4-7a68-4fc1-849d-e841f53613fb	426702	1.0	confident	Alkalibacterium pelagium	Bacteria
a57b0780-b8b8-4a92-99c8-1311ef87d043	426702	1.0	confident	Alkalibacterium pelagium	Bacteria
a936c817-d760-4a14-b86d-443f945d721b	426702	1.0	confident	Alkalibacterium pelagium	Bacteria
62ae6551-c997-4e30-9ad3-9111dc1d3e5d	426702	1.0	confident	Alkalibacterium pelagium	Bacteria
46086550-42a8-4473-81c9-e457756eb1c9	426702	1.0	confident	Alkalibacterium pelagium	Bacteria
304646ac-a1f7-42da-bfef-30273047991b	426702	1.0	confident	Alkalibacterium pelagium	Bacteria
de7d94e5-e91d-4ca3-90c9-3fdace00b279	426702	1.0	confident	Alkalibacterium pelagium	Bacteria
72420bae-dae3-43f6-b8cd-e8214e1f1a69	426702	1.0	confident	Alkalibacterium pelagium	Bacteria
7bdc1131-3509-4468-a4d2-fe07f4a2f0ed	426702	1.0	confident	Alkalibacterium pelagium	Bacteria
07b6acc2-d124-483e-8356-7cf185e2af6b	426702	1.0	confident	Alkalibacterium pelagium	Bacteria
86d16e34-4308-4757-befc-3b43ae57566e	426702	1.0	confident	Alkalibacterium pelagium	Bacteria
7b312142-52e0-4e1c-9e46-23ac924d0225	426702	1.0	confident	Alkalibacterium pelagium	Bacteria
e8f858ce-a0aa-45fb-9234-8288d66d8d68	426702	1.0	confident	Alkalibacterium pelagium	Bacteria
10b2ac3b-a79d-44fb-a8f1-a716c7d53504	426702	1.0	confident	Alkalibacterium pelagium	Bacteria
9cd99be5-e66e-4878-ae28-e58cd11578a9	426702	1.0	confident	Alkalibacterium pelagium	Bacteria
310f7378-1a21-4258-bdfb-6baba801355e	426702	1.0	confident	Alkalibacterium pelagium	Bacteria
59de7707-45a7-4096-8251-4ac36475768a	426702	1.0	confident	Alkalibacterium pelagium	Bacteria
d67718d3-f1fe-455a-b107-2d1c487b928d	426702	1.0	confident	Alkalibacterium pelagium	Bacteria
93b6fcc6-055f-427c-af72-f49ddbdee578	426702	1.0	confident	Alkalibacterium pelagium	Bacteria
3085d798-5850-4ea0-872b-1481a8d9921a	426702	1.0	confident	Alkalibacterium pelagium	Bacteria
bf5afebd-c474-4265-987b-863087f27242	426702	1.0	confident	Alkalibacterium pelagium	Bacteria
a49173f0-feac-44a9-bcd7-8e80530b1f3d	426702	1.0	confident	Alkalibacterium pelagium	Bacteria
82748b6d-e788-47a7-a2bd-ae33d368ce19	426702	1.0	confident	Alkalibacterium pelagium	Bacteria
b1c404a4-5c35-456c-ad02-5f6126e88ca0	426702	1.0	confident	Alkalibacterium pelagium	Bacteria
10a02c6f-6425-408e-ae43-30c33d502029	426702	1.0	confident	Alkalibacterium pelagium	Bacteria
0a4cf64b-d3c0-4393-a300-f317504cbbed	426702	1.0	confident	Alkalibacterium pelagium	Bacteria
03a29931-c92b-43a3-bf6d-7d9232ed0db4	426702	1.0	confident	Alkalibacterium pelagium	Bacteria
89a1ad05-e54c-4692-994c-f74649b78d44	426702	1.0	confident	Alkalibacterium pelagium	Bacteria
cc258715-497f-4f0e-bf24-cc6896af7b16	426702	1.0	confident	Alkalibacterium pelagium	Bacteria
52479abf-c055-4a02-a75d-909849f8e0a5	426702	1.0	confident	Alkalibacterium pelagium	Bacteria
d40f86f0-4cfb-4c43-9f37-4032e8e17612	426702	1.0	confident	Alkalibacterium pelagium	Bacteria
e501216e-0e06-4640-a1d5-8b53c7b988d1	426702	1.0	confident	Alkalibacterium pelagium	Bacteria
f2083cd2-3eb4-457d-bba2-50398f8ad18a	426702	1.0	confident	Alkalibacterium pelagium	Bacteria
8892cc56-0801-4346-b40b-f5964dd5e00c	426702	1.0	confident	Alkalibacterium pelagium	Bacteria
dc765123-77ce-44cc-bb9c-e557d5aa29f0	426702	1.0	confident	Alkalibacterium pelagium	Bacteria
4a9fe244-42e0-49be-a9d7-ad4594ffcdb8	426702	1.0	confident	Alkalibacterium pelagium	Bacteria
8b3043d7-6c4b-48a1-b821-a6c4f706f0bd	426702	1.0	confident	Alkalibacterium pelagium	Bacteria
42002b36-296b-4cce-a583-17f14158396f	426702	1.0	confident	Alkalibacterium pelagium	Bacteria
18b5dc2a-f3bd-4975-a7e0-7732e7d59e37	426702	1.0	confident	Alkalibacterium pelagium	Bacteria
111cffb0-654b-4df5-95d5-89e813c61d29	426702	1.0	confident	Alkalibacterium pelagium	Bacteria
ec79a7be-f07d-4ba4-8444-675c073d870b	426702	1.0	confident	Alkalibacterium pelagium	Bacteria
b901820d-424e-45d4-93ae-a2fa3115b96b	426702	1.0	confident	Alkalibacterium pelagium	Bacteria
13b44b44-4c6e-4793-9cac-b63eee8f0992	426702	1.0	confident	Alkalibacterium pelagium	Bacteria
b22743cd-2b65-4d75-b8c0-5e1c66c57b94	426702	1.0	confident	Alkalibacterium pelagium	Bacteria
8ee6e829-7446-4910-b6b5-7873f49988a7	426702	1.0	confident	Alkalibacterium pelagium	Bacteria
193d036d-4dc9-44ee-b9ea-62d148d56aa9	426702	1.0	confident	Alkalibacterium pelagium	Bacteria
1dd74b85-09d9-41d2-adea-21ae0e28e74f	426702	1.0	confident	Alkalibacterium pelagium	Bacteria
126750aa-99ce-4b7c-9610-6d5c6f1f51db	426702	1.0	confident	Alkalibacterium pelagium	Bacteria
c797cc7a-b753-4721-b870-ebb3bdb4ccd6	426702	1.0	confident	Alkalibacterium pelagium	Bacteria
fc6a41bb-07ec-464f-b308-9447c6c2e7ec	426702	1.0	confident	Alkalibacterium pelagium	Bacteria
0e23f714-3413-4f9d-8a03-b756a536a002	426702	1.0	confident	Alkalibacterium pelagium	Bacteria
090e9f77-0fc2-48ca-9eae-199993d5f8a7	426702	1.0	confident	Alkalibacterium pelagium	Bacteria
7af41765-2efc-4422-adb4-85aafdefa0a8	426702	1.0	confident	Alkalibacterium pelagium	Bacteria
427ce1e0-5345-41c0-9193-ba6714ede186	426702	1.0	confident	Alkalibacterium pelagium	Bacteria
72f8eaea-f921-4068-98fe-114a41bae79a	426702	1.0	confident	Alkalibacterium pelagium	Bacteria
d2bb389e-5086-4c45-b033-acf966bbbc21	426702	1.0	confident	Alkalibacterium pelagium	Bacteria
7271af06-4552-4ba7-a6d5-9a8a88fd824a	426702	1.0	confident	Alkalibacterium pelagium	Bacteria
78db57b0-974b-4d05-88c0-1fe35af43cde	426702	1.0	confident	Alkalibacterium pelagium	Bacteria
fe1eda2c-d8e1-4711-96f3-922bb7a16220	426702	1.0	confident	Alkalibacterium pelagium	Bacteria
62b8d35a-b1bc-41b2-bd42-cfad6de5d17e	426702	1.0	confident	Alkalibacterium pelagium	Bacteria
cb7a3127-3b8b-47f7-a348-7e0bc01a0a7a	426702	1.0	confident	Alkalibacterium pelagium	Bacteria
7f3e9143-5324-4d88-8c8a-7d1b449d8de7	426702	1.0	confident	Alkalibacterium pelagium	Bacteria
6acd022b-f2b2-404b-b1ed-26e352580ac9	426702	1.0	confident	Alkalibacterium pelagium	Bacteria
3511e561-980a-45bb-a247-29efaaa45bde	426702	1.0	confident	Alkalibacterium pelagium	Bacteria
3cd526f9-5a4d-4fc4-b40a-4ff6234985ca	426702	1.0	confident	Alkalibacterium pelagium	Bacteria
aefb7986-28c3-4028-97e9-dd416c8d4877	426702	1.0	confident	Alkalibacterium pelagium	Bacteria
b69adaae-c532-4641-aa62-cd1b0967ff47	426702	1.0	confident	Alkalibacterium pelagium	Bacteria
cd299e1d-8e44-4dcb-9a3a-ee1ac2aa7d0b	426702	1.0	confident	Alkalibacterium pelagium	Bacteria
c70797d8-de15-4080-afc8-1ddae070f859	426702	1.0	confident	Alkalibacterium pelagium	Bacteria
84fd155f-1267-4053-94d9-7a015d829089	426702	1.0	confident	Alkalibacterium pelagium	Bacteria
e8c84c5b-5ec9-4456-919e-4b3e08c42b60	426702	1.0	confident	Alkalibacterium pelagium	Bacteria
cb0adc3e-480f-4552-b450-6e6e9a28788b	426702	1.0	confident	Alkalibacterium pelagium	Bacteria
fecfa997-1808-4e5b-8c7d-396d7003fc21	426702	1.0	confident	Alkalibacterium pelagium	Bacteria
15687276-208c-4ce6-94a2-bd1076ec4b3b	426702	1.0	confident	Alkalibacterium pelagium	Bacteria
d630054e-2983-424b-aee9-b631289837ba	426702	1.0	confident	Alkalibacterium pelagium	Bacteria
5300f235-3778-480d-bd14-3eabd7bda8ba	426702	1.0	confident	Alkalibacterium pelagium	Bacteria
a9180f3c-ecbc-4a2c-bed6-e4d4cc5e1308	426702	1.0	confident	Alkalibacterium pelagium	Bacteria
dffd3396-4614-4584-a4ee-028925abccf3	426702	1.0	confident	Alkalibacterium pelagium	Bacteria
96883e03-aa67-4c36-8ad6-c87b3267ff8a	426702	1.0	confident	Alkalibacterium pelagium	Bacteria
e723391c-e863-4b9c-a6a4-f2a9101bad20	426702	1.0	confident	Alkalibacterium pelagium	Bacteria
21afba6a-58f6-4f33-9011-13c7ae502a2d	426702	1.0	confident	Alkalibacterium pelagium	Bacteria
8107a698-cfcd-4e53-84f6-65d25b7fe49a	426702	1.0	confident	Alkalibacterium pelagium	Bacteria
cf3ff4c0-0ea9-4400-b54e-339e2f3ebdec	1390395	1.0	confident	Sphingomonas sp. LK11	Bacteria
c3de7904-0893-41bb-b2c4-9a362af29e9e	1390395	1.0	confident	Sphingomonas sp. LK11	Bacteria
fe4914d9-19a7-40b7-a1e1-9b6dce7dfe59	1390395	1.0	confident	Sphingomonas sp. LK11	Bacteria
071f6329-19b8-49ad-bfbe-1404160a95f7	1390395	1.0	confident	Sphingomonas sp. LK11	Bacteria
44770378-610d-46ff-9cc5-a49c22ffe7a8	1390395	1.0	confident	Sphingomonas sp. LK11	Bacteria
ec30ba14-8f79-40fc-be75-68754e8a0a97	1390395	1.0	confident	Sphingomonas sp. LK11	Bacteria
b640e733-6ced-4569-9d6e-b9ec3c3e97e5	1390395	1.0	confident	Sphingomonas sp. LK11	Bacteria
5deb1a43-8623-4a1b-b078-a3d0f1defc88	1390395	1.0	confident	Sphingomonas sp. LK11	Bacteria
c7af207b-2885-47c2-8cc2-9e15f6a2df34	1390395	1.0	confident	Sphingomonas sp. LK11	Bacteria
8a1670ba-5311-4fb6-ab02-9ae49654bf5d	1390395	1.0	confident	Sphingomonas sp. LK11	Bacteria
4b52923a-0c23-4613-a7c0-1a82dd8d9a48	1390395	1.0	confident	Sphingomonas sp. LK11	Bacteria
21614dfb-752f-4737-be6a-81263d8534c3	1390395	1.0	confident	Sphingomonas sp. LK11	Bacteria
2270d284-e610-48ae-b8d5-aa86ad0a2a07	1390395	1.0	confident	Sphingomonas sp. LK11	Bacteria
289a4553-46aa-4fea-aeec-88ac74a6668f	1390395	1.0	confident	Sphingomonas sp. LK11	Bacteria
8bcc161c-b21f-4431-bf78-daad3da91b68	1390395	1.0	confident	Sphingomonas sp. LK11	Bacteria
86907b60-f0dc-4a8d-95f2-c97571a40958	1390395	1.0	confident	Sphingomonas sp. LK11	Bacteria
19a4ba90-de8f-4ccd-be7e-e2e0bf68f9ae	1390395	1.0	confident	Sphingomonas sp. LK11	Bacteria
e65bd1bf-7d53-404b-b5dc-454b207f86c8	1390395	1.0	confident	Sphingomonas sp. LK11	Bacteria
9a76dbb1-673a-4f83-8de8-e60ed1746ba2	1390395	1.0	confident	Sphingomonas sp. LK11	Bacteria
fb7f6c41-1591-4ab7-82a3-01f1edb2982b	1390395	1.0	confident	Sphingomonas sp. LK11	Bacteria
105c9f40-b5e4-4cb2-adf3-55a90e831546	1390395	1.0	confident	Sphingomonas sp. LK11	Bacteria
d732893a-e5a2-4408-898b-46b77bedd60b	1390395	1.0	confident	Sphingomonas sp. LK11	Bacteria
de71db31-4ecb-4ac8-b11c-b160a30cb7e1	1390395	1.0	confident	Sphingomonas sp. LK11	Bacteria
c915e506-788e-42d2-85cb-45f5ab1d1f63	1390395	1.0	confident	Sphingomonas sp. LK11	Bacteria
8df68ab2-3610-4da8-bf35-c3a7decb715b	1390395	1.0	confident	Sphingomonas sp. LK11	Bacteria
aa201d49-9c05-4bb8-ba97-905921f6e0b3	1390395	1.0	confident	Sphingomonas sp. LK11	Bacteria
4b6f6288-8d7f-4647-aa09-85aa739e4c21	1390395	1.0	confident	Sphingomonas sp. LK11	Bacteria
b7333eef-8ea2-4667-b405-cb000071a53b	1390395	1.0	confident	Sphingomonas sp. LK11	Bacteria
ab74ef11-b79f-4857-9a2a-994d57e9ab72	1390395	1.0	confident	Sphingomonas sp. LK11	Bacteria
84420fea-94d9-42fd-a6b0-b5fbad481203	1390395	1.0	confident	Sphingomonas sp. LK11	Bacteria
5fed7875-ce3a-446f-bcb3-5a8090e4e480	1390395	1.0	confident	Sphingomonas sp. LK11	Bacteria
0210b072-4558-435a-928a-10e30e4592b9	1390395	1.0	confident	Sphingomonas sp. LK11	Bacteria
afb76c1b-6afa-4533-a0f3-a2320b414618	1390395	1.0	confident	Sphingomonas sp. LK11	Bacteria
51e2a7a0-db53-49d2-a95b-b5e657f9eb53	1390395	1.0	confident	Sphingomonas sp. LK11	Bacteria
33ad2833-2941-411f-957d-00be4672eb9f	1390395	1.0	confident	Sphingomonas sp. LK11	Bacteria
eaa80669-6c54-4245-93ae-e54dca0faee1	1390395	1.0	confident	Sphingomonas sp. LK11	Bacteria
11aed7d8-0a39-4bfa-af4c-10b120db3680	1390395	1.0	confident	Sphingomonas sp. LK11	Bacteria
5f65281a-dd9b-4cd5-a125-10281b4c2571	1390395	1.0	confident	Sphingomonas sp. LK11	Bacteria
3568c364-6a23-4e41-be2a-5c97bce3fb0e	1390395	1.0	confident	Sphingomonas sp. LK11	Bacteria
f6cc4f68-29a9-418a-ba14-0e734954bbe4	1390395	1.0	confident	Sphingomonas sp. LK11	Bacteria
fa2d43b2-af96-4c10-b98b-03179610099e	1390395	1.0	confident	Sphingomonas sp. LK11	Bacteria
fdcd1098-8be7-4f9f-9c2c-e84c795cb577	1390395	1.0	confident	Sphingomonas sp. LK11	Bacteria
fa0e4f95-34e1-428a-abea-cc872cfa98ba	1390395	1.0	confident	Sphingomonas sp. LK11	Bacteria
436c9c72-829f-48ed-a14f-8344e3ee2b81	1390395	1.0	confident	Sphingomonas sp. LK11	Bacteria
6000ca87-9273-4262-b2da-21ec6d079786	1390395	1.0	confident	Sphingomonas sp. LK11	Bacteria
c5f154ea-3660-4b15-9a2b-3c1840d3f77e	1390395	1.0	confident	Sphingomonas sp. LK11	Bacteria
d3ef4ab4-f011-4eaf-8ff9-9705a27c1c61	1390395	1.0	confident	Sphingomonas sp. LK11	Bacteria
a985a2b3-4cce-4e18-9756-25de91783c44	1390395	1.0	confident	Sphingomonas sp. LK11	Bacteria
bb6ea00d-c46c-4da1-8e94-73c802fa2cdc	1390395	1.0	confident	Sphingomonas sp. LK11	Bacteria
6bdff8d9-1490-47dd-8e65-566600f3f7b6	1390395	1.0	confident	Sphingomonas sp. LK11	Bacteria
13e57259-3989-4e96-bebf-be41137e1076	1390395	1.0	confident	Sphingomonas sp. LK11	Bacteria
e2ea667a-e4ee-4cd1-929f-a06af73b91ca	1390395	1.0	confident	Sphingomonas sp. LK11	Bacteria
2206a22b-1d92-43b1-88b3-709bd65acd89	1390395	1.0	confident	Sphingomonas sp. LK11	Bacteria
2f1168c7-7a24-401e-a4c1-f58ef9a1b55e	1390395	1.0	confident	Sphingomonas sp. LK11	Bacteria
5f80659a-94fa-490d-90a0-aad1993a5385	1390395	1.0	confident	Sphingomonas sp. LK11	Bacteria
c0868bea-e2bf-43af-9ff4-1ce820218f19	1390395	1.0	confident	Sphingomonas sp. LK11	Bacteria
9faab1be-8526-4fb8-92ef-21afbe2670b0	1390395	1.0	confident	Sphingomonas sp. LK11	Bacteria
4b6179b8-3d3d-46f8-870b-de6fac7f42c0	1390395	1.0	confident	Sphingomonas sp. LK11	Bacteria
8ca7385a-df1e-43f9-9750-0b0f5e2ffc84	1390395	1.0	confident	Sphingomonas sp. LK11	Bacteria
66721056-1ee1-42e1-b4b1-a2f500227162	1390395	1.0	confident	Sphingomonas sp. LK11	Bacteria
ab5b063b-37c6-494b-870a-6702d48973be	1390395	1.0	confident	Sphingomonas sp. LK11	Bacteria
12aa48a1-86b1-484f-a614-7f5219559a21	1390395	1.0	confident	Sphingomonas sp. LK11	Bacteria
de5e62c5-cc3f-4a08-8202-2eb76065ec02	1390395	1.0	confident	Sphingomonas sp. LK11	Bacteria
ef39291d-89fd-471a-92cd-79dd9f6da18a	1390395	1.0	confident	Sphingomonas sp. LK11	Bacteria
897ae370-256d-4eba-a65e-4a3d2f251991	1390395	1.0	confident	Sphingomonas sp. LK11	Bacteria
7db704c6-5ae2-4e9f-99fe-260bc852e19b	1390395	1.0	confident	Sphingomonas sp. LK11	Bacteria
38f464b7-d014-4a58-b20d-02fd84e2076f	1390395	1.0	confident	Sphingomonas sp. LK11	Bacteria
16a54281-58df-4114-af51-f6ac3a82afd5	1390395	1.0	confident	Sphingomonas sp. LK11	Bacteria
cb06dbea-dc84-4f89-a6eb-d4bfffd4b4e6	1390395	1.0	confident	Sphingomonas sp. LK11	Bacteria
e185749a-f3d3-4082-a523-7b63d404b4eb	1390395	1.0	confident	Sphingomonas sp. LK11	Bacteria
0f03c7c8-171a-43ba-8c45-f8f84bc40bf8	1390395	1.0	confident	Sphingomonas sp. LK11	Bacteria
4cb4e115-36c6-4278-a501-67be661fd74b	1390395	1.0	confident	Sphingomonas sp. LK11	Bacteria
c0d6aab9-66d8-419f-8c06-3b1a314f7d2d	1390395	1.0	confident	Sphingomonas sp. LK11	Bacteria
1c6ecaff-483f-4a57-addb-bdb77f564266	1390395	1.0	confident	Sphingomonas sp. LK11	Bacteria
0404cf34-677f-4de7-834e-151cd891fb07	1390395	1.0	confident	Sphingomonas sp. LK11	Bacteria
72ede1ec-ad89-454a-a35e-46de78bdc578	1390395	1.0	confident	Sphingomonas sp. LK11	Bacteria
9e51a9ef-6aff-409c-93d0-06b10f54d994	1390395	1.0	confident	Sphingomonas sp. LK11	Bacteria
457db3da-f445-4553-ae22-db55d9af3b55	1390395	1.0	confident	Sphingomonas sp. LK11	Bacteria
5788156e-73f3-4ba5-a686-a0644acb53df	1390395	1.0	confident	Sphingomonas sp. LK11	Bacteria
b8ba7d67-504c-4758-8864-5bc3e6f71399	1390395	1.0	confident	Sphingomonas sp. LK11	Bacteria
200f07ac-73c1-4dbc-8209-7f6617fba236	1390395	1.0	confident	Sphingomonas sp. LK11	Bacteria
fa94047e-bf13-419f-b9fe-2f5e0889c58d	1390395	1.0	confident	Sphingomonas sp. LK11	Bacteria
75b9d5df-300b-42ef-b643-941d62cda8b6	1390395	1.0	confident	Sphingomonas sp. LK11	Bacteria
2addbf5a-0bc8-4a6f-bb33-643750048674	1390395	1.0	confident	Sphingomonas sp. LK11	Bacteria
507bc361-c63c-4787-93be-b37097997733	1390395	1.0	confident	Sphingomonas sp. LK11	Bacteria
2dcd16b0-a4d4-4131-a31b-c845b1cba437	1390395	1.0	confident	Sphingomonas sp. LK11	Bacteria
83954c70-4030-4f49-bd52-6dce87ae2944	1390395	1.0	confident	Sphingomonas sp. LK11	Bacteria
6ee5e6e6-7c57-45c6-b1fe-57d4030b56e0	1390395	1.0	confident	Sphingomonas sp. LK11	Bacteria
88b0ed7c-ba74-4fb2-ab46-d01c8e00bf1c	1390395	1.0	confident	Sphingomonas sp. LK11	Bacteria
413113a3-99fe-45c5-addf-80656e40584f	1390395	1.0	confident	Sphingomonas sp. LK11	Bacteria
61349348-1cd0-4e44-a7de-4b7bd8313eb8	1390395	1.0	confident	Sphingomonas sp. LK11	Bacteria
d97bbb3c-03cf-4b63-8e13-4975d3f70112	1390395	1.0	confident	Sphingomonas sp. LK11	Bacteria
91f72d94-6b20-4381-9952-2cc9d7842afa	1390395	1.0	confident	Sphingomonas sp. LK11	Bacteria
6f175be4-d151-4994-8778-09ae0e45c9c1	1390395	1.0	confident	Sphingomonas sp. LK11	Bacteria
8062ea6f-a12e-4805-bbbc-db2d156fee2e	1390395	1.0	confident	Sphingomonas sp. LK11	Bacteria
032b6fe5-13ed-41e6-927f-a48a5a4bcd4b	1390395	1.0	confident	Sphingomonas sp. LK11	Bacteria
30bdf458-70b0-45a6-b55e-e4efaaa5427f	1390395	1.0	confident	Sphingomonas sp. LK11	Bacteria
7c1278e9-dd80-46e3-ab5f-ee2aa9ad22b3	1390395	1.0	confident	Sphingomonas sp. LK11	Bacteria
6f4c031b-ea4b-4080-bada-1a046a80fb17	1390395	1.0	confident	Sphingomonas sp. LK11	Bacteria
12a5ac7e-bfe5-4dc8-828e-3587b94bdf87	1390395	1.0	confident	Sphingomonas sp. LK11	Bacteria
d1c71581-102f-49c8-bcdf-66af496e10d8	1390395	1.0	confident	Sphingomonas sp. LK11	Bacteria
4e1db0a8-164e-4c4e-a2a8-4f6533f42675	1390395	1.0	confident	Sphingomonas sp. LK11	Bacteria
3b8e5e41-9efe-4150-82e8-2bda8b607e13	1390395	1.0	confident	Sphingomonas sp. LK11	Bacteria
402c73e0-2d2b-4cf8-8d24-2f3d65a3982f	1390395	1.0	confident	Sphingomonas sp. LK11	Bacteria
a41588f0-c368-47b8-8039-b2b36c5f1095	1390395	1.0	confident	Sphingomonas sp. LK11	Bacteria
e01f7dba-ea15-4f89-949f-36129a2c4ccb	1390395	1.0	confident	Sphingomonas sp. LK11	Bacteria
c9e8b503-6659-4590-a45b-2ba8cd3ce32d	1390395	1.0	confident	Sphingomonas sp. LK11	Bacteria
05d3a2cb-32dc-4fd4-84b5-685184ec1079	1390395	1.0	confident	Sphingomonas sp. LK11	Bacteria
f0a86d53-fdbf-4d9a-b558-189ce69f5d68	1390395	1.0	confident	Sphingomonas sp. LK11	Bacteria
537f2974-4f17-4b60-9518-60d6779c95c0	1390395	1.0	confident	Sphingomonas sp. LK11	Bacteria
a141b1e6-8a4a-4d62-a3c2-9c413268c8b9	1390395	1.0	confident	Sphingomonas sp. LK11	Bacteria
3012bc0b-7792-4c8c-8da8-0e41f4083a04	1390395	1.0	confident	Sphingomonas sp. LK11	Bacteria
cb2d6090-1cde-4c20-9d87-6346c75648f6	1390395	1.0	confident	Sphingomonas sp. LK11	Bacteria
cee63913-2e2d-443c-88c6-7b14c47085f2	1390395	1.0	confident	Sphingomonas sp. LK11	Bacteria
c09e6aab-44dd-4c97-8a32-63f89fea5f8e	1390395	1.0	confident	Sphingomonas sp. LK11	Bacteria
16de175a-66b1-4b3a-8918-e86c34242079	1390395	1.0	confident	Sphingomonas sp. LK11	Bacteria
1a9df110-0683-43b4-a55b-470db7bd3008	1390395	1.0	confident	Sphingomonas sp. LK11	Bacteria
ad3bb576-34dc-4eb7-8178-16a9d409fc41	1390395	1.0	confident	Sphingomonas sp. LK11	Bacteria
b78313f8-b550-447b-8169-0cea6f3f0cef	1390395	1.0	confident	Sphingomonas sp. LK11	Bacteria
d5d6c3de-9891-4db5-a417-63f13192f34b	1390395	1.0	confident	Sphingomonas sp. LK11	Bacteria
9e9abd65-7fd9-415c-83c1-235480c9f8a9	1390395	1.0	confident	Sphingomonas sp. LK11	Bacteria
1b6471f2-1b7e-4587-b462-1d2a35767fc7	1390395	1.0	confident	Sphingomonas sp. LK11	Bacteria
468e7565-14e6-4d63-a60f-dc3b4bff6afc	1390395	1.0	confident	Sphingomonas sp. LK11	Bacteria
3dd9544e-f769-47f6-971d-08ae1db4fc24	1390395	1.0	confident	Sphingomonas sp. LK11	Bacteria
1f29d524-cd08-4826-8334-cff0fdb4ba39	1390395	1.0	confident	Sphingomonas sp. LK11	Bacteria
5cca3c44-55b1-42a5-b1b7-c3fa16c312fd	1390395	1.0	confident	Sphingomonas sp. LK11	Bacteria
373bbe12-cdaa-479e-aef4-dc32f5f2e437	1390395	1.0	confident	Sphingomonas sp. LK11	Bacteria
9a072ebf-646c-4d17-b6bd-13ce68064580	1390395	1.0	confident	Sphingomonas sp. LK11	Bacteria
2beb8cca-b3f4-49f8-9265-ef9ece63364a	1390395	1.0	confident	Sphingomonas sp. LK11	Bacteria
e4f5ee04-0b74-43ca-abd3-4f7d734f4798	1390395	1.0	confident	Sphingomonas sp. LK11	Bacteria
1b0262e8-0c1b-4fc4-ac10-302591722dce	1390395	1.0	confident	Sphingomonas sp. LK11	Bacteria
a6e6f1b0-9c69-48af-b146-e4a9ba942d5a	1390395	1.0	confident	Sphingomonas sp. LK11	Bacteria
5c84216f-b6c2-493f-9a37-05ad24e93b20	1390395	1.0	confident	Sphingomonas sp. LK11	Bacteria
a9830782-9b77-4754-a18b-9a10c94c7350	1390395	1.0	confident	Sphingomonas sp. LK11	Bacteria
d4f94f2d-bb17-4d48-933a-75ce5c673db1	1390395	1.0	confident	Sphingomonas sp. LK11	Bacteria
21b7015e-e812-4150-9ac7-f612df00faf4	1390395	1.0	confident	Sphingomonas sp. LK11	Bacteria
8f110c33-8c64-432d-be7b-fd1693e7c286	1390395	1.0	confident	Sphingomonas sp. LK11	Bacteria
ff52a004-ccac-4103-abeb-a5e99d405bb9	1390395	1.0	confident	Sphingomonas sp. LK11	Bacteria
c06bc1c0-d2a6-46fc-9363-f0221b122bbd	1390395	1.0	confident	Sphingomonas sp. LK11	Bacteria
af861da3-550d-4379-89e3-498eab8fb08d	1390395	1.0	confident	Sphingomonas sp. LK11	Bacteria
46826608-25ea-44d9-aef3-5a3c05db67ac	1390395	1.0	confident	Sphingomonas sp. LK11	Bacteria
98506eb8-3ab1-4fea-83cf-b3d97ef26bcc	1390395	1.0	confident	Sphingomonas sp. LK11	Bacteria
3204a204-9f38-44d9-9543-e784ca6ac27d	1390395	1.0	confident	Sphingomonas sp. LK11	Bacteria
8dcc4dd9-c846-4268-9601-fe442c663f4a	1390395	1.0	confident	Sphingomonas sp. LK11	Bacteria
bf968418-98d6-419b-bb09-0ad187cf1560	1390395	1.0	confident	Sphingomonas sp. LK11	Bacteria
fc3104a3-4dc3-4dfc-885a-21d381ff1665	1390395	1.0	confident	Sphingomonas sp. LK11	Bacteria
099b4f54-5de6-4546-bd65-f3fd4a9cfa0b	1390395	1.0	confident	Sphingomonas sp. LK11	Bacteria
23f605ce-2e04-4a95-bcfc-80d5a5060a2b	1390395	1.0	confident	Sphingomonas sp. LK11	Bacteria
af283a9a-8cb1-4227-8d6d-6dd41d066cb2	1390395	1.0	confident	Sphingomonas sp. LK11	Bacteria
214e519c-a12c-49ee-9f16-f921184ba41b	1390395	1.0	confident	Sphingomonas sp. LK11	Bacteria
94fec509-72db-4666-b6db-d3ed6e4f9a8a	1390395	1.0	confident	Sphingomonas sp. LK11	Bacteria
7da06c91-80ed-4a63-9166-0134aeb9167f	1390395	1.0	confident	Sphingomonas sp. LK11	Bacteria
0f3de1e0-7e98-4601-9ce8-b8eb28e1e3e0	1390395	1.0	confident	Sphingomonas sp. LK11	Bacteria
064d1e47-8b23-43f3-b9ee-8b8a9c9796b2	1390395	1.0	confident	Sphingomonas sp. LK11	Bacteria
dfd0c68c-e417-4a04-9219-abbd5fb3095c	1390395	1.0	confident	Sphingomonas sp. LK11	Bacteria
f5cb3a4c-d3fe-4a41-b811-16e38e2ba912	1390395	1.0	confident	Sphingomonas sp. LK11	Bacteria
bd88ac35-c390-4ae5-a9e8-9401b9c3adad	1390395	1.0	confident	Sphingomonas sp. LK11	Bacteria
e8016866-999d-47e4-ac72-0dde7ea1e83f	1390395	1.0	confident	Sphingomonas sp. LK11	Bacteria
d298f19c-bee8-4f86-a32f-8fa9aaf34885	1390395	1.0	confident	Sphingomonas sp. LK11	Bacteria
0604e714-c303-4e5e-a913-ac80b094a051	1390395	1.0	confident	Sphingomonas sp. LK11	Bacteria
b331d99c-b258-4609-9a54-882c5a263d96	1390395	1.0	confident	Sphingomonas sp. LK11	Bacteria
cbe58296-68c6-4c14-ab62-37065a21137e	1390395	1.0	confident	Sphingomonas sp. LK11	Bacteria
178a5435-7b9c-4873-8081-46e4d8064edf	1390395	1.0	confident	Sphingomonas sp. LK11	Bacteria
0f9a7440-d18a-4d83-987a-a105f4a453bb	1390395	1.0	confident	Sphingomonas sp. LK11	Bacteria
30dbc990-1318-4989-93ad-dcb2bac53972	1390395	1.0	confident	Sphingomonas sp. LK11	Bacteria
d2c65443-e7dd-4218-8348-3007b59e7e22	1390395	1.0	confident	Sphingomonas sp. LK11	Bacteria
3a54e902-e0a6-4ff3-bec5-13af279af3d8	1390395	1.0	confident	Sphingomonas sp. LK11	Bacteria
3712319d-066a-4e85-a31c-973f625faab0	1390395	1.0	confident	Sphingomonas sp. LK11	Bacteria
699ef251-fb3f-49c6-9627-879023d7da28	1390395	1.0	confident	Sphingomonas sp. LK11	Bacteria
05a7d7ee-1d1c-44f9-87fc-4bd2f2a6b86f	1390395	1.0	confident	Sphingomonas sp. LK11	Bacteria
f81dd62a-6d53-49f5-9e08-88e1573f54a2	1390395	1.0	confident	Sphingomonas sp. LK11	Bacteria
2c9b15eb-ea5b-49d7-a281-b8179aeb379e	1390395	1.0	confident	Sphingomonas sp. LK11	Bacteria
81680fb2-2462-4302-b70e-ea61f4116fbc	1390395	1.0	confident	Sphingomonas sp. LK11	Bacteria
0b1f5928-eff1-400e-8c26-65aff522c34c	1390395	1.0	confident	Sphingomonas sp. LK11	Bacteria
a59d42fc-9941-479f-8e48-aa6301cc9a94	1390395	1.0	confident	Sphingomonas sp. LK11	Bacteria
3a5c0ed2-11c9-46b7-84e6-b7cae43a3bf1	1390395	1.0	confident	Sphingomonas sp. LK11	Bacteria
584a9909-cb0a-4ca6-a165-7f22caf07425	1390395	1.0	confident	Sphingomonas sp. LK11	Bacteria
983531e0-b644-4969-8bbe-d1ee60ee8797	1390395	1.0	confident	Sphingomonas sp. LK11	Bacteria
5a32d86f-bdea-409f-9765-7dfa8138d858	1390395	1.0	confident	Sphingomonas sp. LK11	Bacteria
a01e305a-61c9-438d-ab3d-2fc93d7572e9	1390395	1.0	confident	Sphingomonas sp. LK11	Bacteria
e87ce70a-5c93-4bdf-937b-88352c35e969	1390395	1.0	confident	Sphingomonas sp. LK11	Bacteria
a85bf997-985c-4d43-ac7b-96c5ec686386	1390395	1.0	confident	Sphingomonas sp. LK11	Bacteria
8d9d883e-f0c5-46a2-b6bf-72afc62249fa	1390395	1.0	confident	Sphingomonas sp. LK11	Bacteria
c9ca7b41-14f3-4553-8265-6d45bb2e5dbb	1390395	1.0	confident	Sphingomonas sp. LK11	Bacteria
24005bfd-5b68-487d-91c9-63f3fe3898cb	1390395	1.0	confident	Sphingomonas sp. LK11	Bacteria
328fa677-4585-46cc-bf88-0a14102530bf	1390395	1.0	confident	Sphingomonas sp. LK11	Bacteria
a7898b6b-1e9d-4085-9764-24073e2a58d3	1390395	1.0	confident	Sphingomonas sp. LK11	Bacteria
ff339228-35fb-44f5-8f80-793d914cfed4	1390395	1.0	confident	Sphingomonas sp. LK11	Bacteria
049065b2-0ff1-4f71-8e0a-8431e3763af5	1390395	1.0	confident	Sphingomonas sp. LK11	Bacteria
7002f0c3-5011-4c6c-ac79-a23df4eb71c5	1390395	1.0	confident	Sphingomonas sp. LK11	Bacteria
29aeecdb-11df-4fdd-9ac4-8c248118e443	1390395	1.0	confident	Sphingomonas sp. LK11	Bacteria
567dc5c0-e3da-4f22-ad93-605f02353b01	1390395	1.0	confident	Sphingomonas sp. LK11	Bacteria
f718dac0-c7c8-4d9b-a870-fc1c9d3bed7b	1390395	1.0	confident	Sphingomonas sp. LK11	Bacteria
f8d99811-da62-4eb1-b7c3-6cf12218f17e	1390395	1.0	confident	Sphingomonas sp. LK11	Bacteria
83124fe3-a8f6-4f98-86da-29f347aeea7a	1390395	1.0	confident	Sphingomonas sp. LK11	Bacteria
2926e770-031d-49c0-a19e-e20384dc3a93	1390395	1.0	confident	Sphingomonas sp. LK11	Bacteria
c56a08a9-b6a0-4412-bbd5-6f6e52882a27	1390395	1.0	confident	Sphingomonas sp. LK11	Bacteria
e87a754b-6567-4cb9-ae6c-0d1731154049	1390395	1.0	confident	Sphingomonas sp. LK11	Bacteria
e3316b65-82d2-4fa9-8083-5dfcb29f5470	1390395	1.0	confident	Sphingomonas sp. LK11	Bacteria
70e5666d-119d-4e29-a0fe-0012b8a0b652	1390395	1.0	confident	Sphingomonas sp. LK11	Bacteria
93963094-6df4-40d5-95c9-6989a3e53862	1390395	1.0	confident	Sphingomonas sp. LK11	Bacteria
ebd097c6-2ebc-440d-bf9e-5ee5b86a140f	1390395	1.0	confident	Sphingomonas sp. LK11	Bacteria
ec780b49-9262-4aec-8f39-1b0adfcb8c5d	1390395	1.0	confident	Sphingomonas sp. LK11	Bacteria
28445e1e-bac8-40fe-a19d-e153cf7a9054	1390395	1.0	confident	Sphingomonas sp. LK11	Bacteria
a8da537c-da7a-4393-a7ce-013549ebb92b	1390395	1.0	confident	Sphingomonas sp. LK11	Bacteria
ce8a05ef-7feb-4c09-8402-f7fec1f92d55	1390395	1.0	confident	Sphingomonas sp. LK11	Bacteria
5ff9153d-c331-4b8f-9466-babb1d0f9a41	1390395	1.0	confident	Sphingomonas sp. LK11	Bacteria
b058adf9-1fea-42f3-a722-f319129eac79	1390395	1.0	confident	Sphingomonas sp. LK11	Bacteria
1eda3858-fd56-435c-b125-0a961233073c	1390395	1.0	confident	Sphingomonas sp. LK11	Bacteria
84f81f40-ce40-4a51-affe-449980e8d882	1390395	1.0	confident	Sphingomonas sp. LK11	Bacteria
deda8679-d2c5-4d55-adc6-31b559e5a0b1	1390395	1.0	confident	Sphingomonas sp. LK11	Bacteria
536cf633-eb00-4869-8da4-0af401d5ec6c	1390395	1.0	confident	Sphingomonas sp. LK11	Bacteria
207c5730-d1a9-4f24-9562-1cc69afe9271	1390395	1.0	confident	Sphingomonas sp. LK11	Bacteria
7791afbd-e090-4b92-b6c3-658d11d2d361	1390395	1.0	confident	Sphingomonas sp. LK11	Bacteria
8e526329-bf28-4f5e-b9ca-83a9e2f47e7e	1390395	1.0	confident	Sphingomonas sp. LK11	Bacteria
df7d3f37-674f-4fc9-92d2-e24dc54011b7	1390395	1.0	confident	Sphingomonas sp. LK11	Bacteria
6248de52-0dcf-4375-9076-89426c11b3b3	1390395	1.0	confident	Sphingomonas sp. LK11	Bacteria
957f02d6-3be8-448a-bb70-4d1ad88342da	1390395	1.0	confident	Sphingomonas sp. LK11	Bacteria
93072dfe-a591-4f04-8cf0-5c48adc4aaf2	1390395	1.0	confident	Sphingomonas sp. LK11	Bacteria
3259cfff-ea08-4cc2-a770-bd07d3287e31	1390395	1.0	confident	Sphingomonas sp. LK11	Bacteria
901bcc31-34a0-490f-98f2-a1639dc6fa41	1390395	1.0	confident	Sphingomonas sp. LK11	Bacteria
95e51f68-7d85-4993-a496-39fa935625a1	1390395	1.0	confident	Sphingomonas sp. LK11	Bacteria
c7ae7c7f-eb91-4d7b-a5f2-c15b75bf9f6c	1390395	1.0	confident	Sphingomonas sp. LK11	Bacteria
25343a6a-3310-4236-a0bf-27106f98304a	1390395	1.0	confident	Sphingomonas sp. LK11	Bacteria
189a992b-73f3-4f6a-849d-6cf62624b20a	1390395	1.0	confident	Sphingomonas sp. LK11	Bacteria
d5b6c9cb-7c6a-4ab7-8106-9db7855949d6	1390395	1.0	confident	Sphingomonas sp. LK11	Bacteria
df6ae7f8-cb83-4882-929a-e9ec77385bc0	1390395	1.0	confident	Sphingomonas sp. LK11	Bacteria
c4cb326f-6b1b-4c0b-beb7-113c49420e59	1390395	1.0	confident	Sphingomonas sp. LK11	Bacteria
2991b1cc-d501-4487-901b-2858ec00eaf1	1390395	1.0	confident	Sphingomonas sp. LK11	Bacteria
f22a1929-35e9-45a0-af8f-8d792360205a	1390395	1.0	confident	Sphingomonas sp. LK11	Bacteria
89a7df9d-b82a-4f3c-a401-93bf4d19429f	1390395	1.0	confident	Sphingomonas sp. LK11	Bacteria
062ce5ec-ca56-4456-a470-7599f3bf2088	1390395	1.0	confident	Sphingomonas sp. LK11	Bacteria
53fe0ed4-2f6b-4f02-abe0-3bc4bca4047c	1390395	1.0	confident	Sphingomonas sp. LK11	Bacteria
836cb1e2-fc97-423f-b053-72753331e3c1	1390395	1.0	confident	Sphingomonas sp. LK11	Bacteria
7e58ec4e-4e15-4ff7-86c5-eb31b8eef748	1390395	1.0	confident	Sphingomonas sp. LK11	Bacteria
4bb693f2-493c-4cb9-bc72-ef21a3d12173	1390395	1.0	confident	Sphingomonas sp. LK11	Bacteria
3fc7dac9-8726-486a-be57-027230e73967	1390395	1.0	confident	Sphingomonas sp. LK11	Bacteria
a2c8554a-1eeb-493f-a066-33eea21a242d	1390395	1.0	confident	Sphingomonas sp. LK11	Bacteria
6040a5c5-8587-4113-a02c-288a12b4a841	1390395	1.0	confident	Sphingomonas sp. LK11	Bacteria
37d985f9-731d-481e-9e84-3fd9e4dfac74	1390395	1.0	confident	Sphingomonas sp. LK11	Bacteria
db747f92-a3d4-4050-89e7-f92ed8b9a90c	1390395	1.0	confident	Sphingomonas sp. LK11	Bacteria
ffb63040-66d6-426c-b379-7b71737407ae	1390395	1.0	confident	Sphingomonas sp. LK11	Bacteria
9906445b-dbb2-430c-bbc8-c0814a031e42	1390395	1.0	confident	Sphingomonas sp. LK11	Bacteria
7bcc587c-b9f9-4a76-8aa5-a1271919aa89	101564	1.0	confident	Pseudomonas alcaliphila	Bacteria
72844336-ee3f-4ff4-a746-caca1dd6508b	101564	1.0	confident	Pseudomonas alcaliphila	Bacteria
87207b80-0512-43fc-9c3f-e23667bd0b60	101564	1.0	confident	Pseudomonas alcaliphila	Bacteria
5884710d-fa2b-48b1-a260-313c96e04f09	101564	1.0	confident	Pseudomonas alcaliphila	Bacteria
58174072-178b-4c26-acaa-aa0ac8d7a2fe	101564	1.0	confident	Pseudomonas alcaliphila	Bacteria
50857918-cd11-4c8c-ad84-d1cc5493f8c7	101564	1.0	confident	Pseudomonas alcaliphila	Bacteria
31d876b3-00c8-44a7-a126-757c088fbb75	101564	1.0	confident	Pseudomonas alcaliphila	Bacteria
5c31a3cb-0cd3-4826-b85b-5a5f29165af4	101564	1.0	confident	Pseudomonas alcaliphila	Bacteria
1e2868af-901f-4b18-accf-82a6a121de1c	101564	1.0	confident	Pseudomonas alcaliphila	Bacteria
87e20d52-5866-4afc-89b3-d1f41c6d19a9	101564	1.0	confident	Pseudomonas alcaliphila	Bacteria
cf52b2ba-0274-43d9-b752-3f9482620b8d	101564	1.0	confident	Pseudomonas alcaliphila	Bacteria
812ad27c-e90d-4dd7-8782-537906afaf4d	101564	1.0	confident	Pseudomonas alcaliphila	Bacteria
9c8c1791-6830-4833-be6f-16d7464387b0	101564	1.0	confident	Pseudomonas alcaliphila	Bacteria
a7f8bd25-d85a-40fa-bf28-afbe48f2c8a1	101564	1.0	confident	Pseudomonas alcaliphila	Bacteria
eebfc95b-4aae-461a-a046-2934a6b8de6b	101564	1.0	confident	Pseudomonas alcaliphila	Bacteria
ec4e05b0-888d-4c33-ad95-f6efa1bb3bb7	101564	1.0	confident	Pseudomonas alcaliphila	Bacteria
18fd752f-955e-495f-8abc-5c4183467cb7	101564	1.0	confident	Pseudomonas alcaliphila	Bacteria
ecd6355d-fe63-45ae-8feb-d4320dc7e90e	101564	1.0	confident	Pseudomonas alcaliphila	Bacteria
79759a5e-896d-4794-8f92-24c8ef4f9603	101564	1.0	confident	Pseudomonas alcaliphila	Bacteria
b6516fa2-ab60-4ab5-97ea-643bc0ea2126	101564	1.0	confident	Pseudomonas alcaliphila	Bacteria
b4839840-b7e6-4b34-b81f-168ef403213d	101564	1.0	confident	Pseudomonas alcaliphila	Bacteria
3f528a10-6905-4bc6-ab57-36eacff9fcc7	101564	1.0	confident	Pseudomonas alcaliphila	Bacteria
f69268f5-a0b1-4c85-b082-f3904a484893	101564	1.0	confident	Pseudomonas alcaliphila	Bacteria
ad045130-cef3-4345-9197-bea2f4bf6a04	101564	1.0	confident	Pseudomonas alcaliphila	Bacteria
579b6b32-bc8f-457f-a66b-799c3a8dec70	101564	1.0	confident	Pseudomonas alcaliphila	Bacteria
a97604ea-f359-46da-b012-b9e04979ac9b	101564	1.0	confident	Pseudomonas alcaliphila	Bacteria
55e9c289-3646-415c-a62e-954012926238	101564	1.0	confident	Pseudomonas alcaliphila	Bacteria
cc3b9b18-83ef-4ac4-8b2b-c53810c0938c	101564	1.0	confident	Pseudomonas alcaliphila	Bacteria
dcc04f41-7b26-402b-a6dd-e67492ce944d	101564	1.0	confident	Pseudomonas alcaliphila	Bacteria
d055e5bc-4706-49db-be50-426b15f95b33	101564	1.0	confident	Pseudomonas alcaliphila	Bacteria
1de01d94-c177-4435-b12f-d8774e07915f	101564	1.0	confident	Pseudomonas alcaliphila	Bacteria
ffeb23e4-34f8-4f50-b52a-e34cbe4d5943	101564	1.0	confident	Pseudomonas alcaliphila	Bacteria
8daa5095-b2fb-45ff-8b56-4c7a8d8fd064	101564	1.0	confident	Pseudomonas alcaliphila	Bacteria
c32c5c12-2f55-4d71-a220-71bbe6e47bff	101564	1.0	confident	Pseudomonas alcaliphila	Bacteria
9a78ee4b-2001-41fb-902e-0c42d633e769	101564	1.0	confident	Pseudomonas alcaliphila	Bacteria
00522277-20de-47b3-8a3e-587902da4f5b	101564	1.0	confident	Pseudomonas alcaliphila	Bacteria
a0529798-9231-4d37-bbfd-c562ccb0638a	101564	1.0	confident	Pseudomonas alcaliphila	Bacteria
e9b78051-eb1c-4ae6-abea-e2650ea9ccfa	101564	1.0	confident	Pseudomonas alcaliphila	Bacteria
e8c6e6f5-89b8-4ede-94a2-95a8ac577a55	101564	1.0	confident	Pseudomonas alcaliphila	Bacteria
8d901879-4cc6-4053-98c6-1f3c6776daf6	101564	1.0	confident	Pseudomonas alcaliphila	Bacteria
a97db1a2-c033-4147-8394-303a6c56311c	101564	1.0	confident	Pseudomonas alcaliphila	Bacteria
8863d03e-a11c-4b66-b609-e4b40c651b00	101564	1.0	confident	Pseudomonas alcaliphila	Bacteria
b364e9eb-d590-4316-89e9-8e21085a1f54	101564	1.0	confident	Pseudomonas alcaliphila	Bacteria
06450fb4-ca51-4385-bdaa-502e4a168d5d	101564	1.0	confident	Pseudomonas alcaliphila	Bacteria
4cedcae1-26ab-4190-a88f-723f95b1e05c	101564	1.0	confident	Pseudomonas alcaliphila	Bacteria
745875f9-a4db-4ea0-9189-7bb626651e59	101564	1.0	confident	Pseudomonas alcaliphila	Bacteria
e1bfbec4-e882-4b45-b127-26c91fa775dc	101564	1.0	confident	Pseudomonas alcaliphila	Bacteria
09042816-7167-46b1-b983-276912b52323	101564	1.0	confident	Pseudomonas alcaliphila	Bacteria
009b6389-39e7-4826-8284-ff18fec0d13e	101564	1.0	confident	Pseudomonas alcaliphila	Bacteria
7b707f40-4578-49b6-804a-798aa9c3e629	101564	1.0	confident	Pseudomonas alcaliphila	Bacteria
07c55c24-13df-48f2-a471-92c16d88e983	101564	1.0	confident	Pseudomonas alcaliphila	Bacteria
1e47832b-3174-485a-9f05-44ffce7df19e	101564	1.0	confident	Pseudomonas alcaliphila	Bacteria
3d06f81a-d8a1-40cb-8ed2-34aed3f84f6d	101564	1.0	confident	Pseudomonas alcaliphila	Bacteria
17b8e085-2667-4c72-9891-f9b121523daf	101564	1.0	confident	Pseudomonas alcaliphila	Bacteria
58e5d0e0-92f7-43eb-8e78-5a5e349c6e64	101564	1.0	confident	Pseudomonas alcaliphila	Bacteria
f70c9639-95de-4c19-a76a-430d4debab80	101564	1.0	confident	Pseudomonas alcaliphila	Bacteria
75d90fe3-0e45-42b8-91ba-63e6428a2153	101564	1.0	confident	Pseudomonas alcaliphila	Bacteria
7ed96c2e-e46b-4004-aa7c-66fbfdf7bd3a	101564	1.0	confident	Pseudomonas alcaliphila	Bacteria
951c4438-4c1d-4eb0-8003-68573511cf2d	101564	1.0	confident	Pseudomonas alcaliphila	Bacteria
5ada9594-6f30-40fc-a281-7640c08d1b16	101564	1.0	confident	Pseudomonas alcaliphila	Bacteria
79f6375b-393c-462c-89fe-da3527f99167	101564	1.0	confident	Pseudomonas alcaliphila	Bacteria
50bbef5f-7481-49f9-93dd-4e0048dae2dd	101564	1.0	confident	Pseudomonas alcaliphila	Bacteria
18758a20-c60a-40e1-bba4-753156b6a746	101564	1.0	confident	Pseudomonas alcaliphila	Bacteria
cd4e4ca3-4239-45fd-880f-91cdceefc945	101564	1.0	confident	Pseudomonas alcaliphila	Bacteria
d5ffe533-ef75-49d8-813b-c57ae82d753d	101564	1.0	confident	Pseudomonas alcaliphila	Bacteria
3cc3964d-5e07-41da-8f69-36f781882538	101564	1.0	confident	Pseudomonas alcaliphila	Bacteria
961f29a5-2a43-4c5e-bc46-28e9f9b11589	101564	1.0	confident	Pseudomonas alcaliphila	Bacteria
008f7ab6-8344-4428-a1c1-10b63aaf4179	101564	1.0	confident	Pseudomonas alcaliphila	Bacteria
22a5ad94-f498-4012-af9e-4d3c156a94c2	101564	1.0	confident	Pseudomonas alcaliphila	Bacteria
ee952a51-8d27-44a5-b50a-001d54b03570	101564	1.0	confident	Pseudomonas alcaliphila	Bacteria
33e65d3a-69ab-4fcb-9d61-f1e34004826f	101564	1.0	confident	Pseudomonas alcaliphila	Bacteria
60246433-49d5-4ffa-bfee-610c9ac3f657	101564	1.0	confident	Pseudomonas alcaliphila	Bacteria
3347ecb0-0208-4a0d-bf11-9c03534ab63b	101564	1.0	confident	Pseudomonas alcaliphila	Bacteria
73a91600-9f59-4bf8-982b-c3abcf31e392	101564	1.0	confident	Pseudomonas alcaliphila	Bacteria
dd7098fa-19a8-426c-a141-b568d662f83a	101564	1.0	confident	Pseudomonas alcaliphila	Bacteria
59f4cf98-5e8d-4258-bdf5-bffa1aa7cc4f	101564	1.0	confident	Pseudomonas alcaliphila	Bacteria
caffac31-7fbf-449a-b7ec-519be545c810	101564	1.0	confident	Pseudomonas alcaliphila	Bacteria
1814ba45-edb4-49a7-93fd-d564c34d73b7	101564	1.0	confident	Pseudomonas alcaliphila	Bacteria
b0576d5e-751a-4fc3-b6c4-606707e34e6c	101564	1.0	confident	Pseudomonas alcaliphila	Bacteria
7ea6781d-0724-41c8-9731-985a4b669971	101564	1.0	confident	Pseudomonas alcaliphila	Bacteria
d10c425b-eb9a-4063-b31b-5853894b7a81	101564	1.0	confident	Pseudomonas alcaliphila	Bacteria
6a4815b0-4244-4206-97b1-6d179f8eb30a	101564	1.0	confident	Pseudomonas alcaliphila	Bacteria
90490b38-db01-435a-b6dd-7e795739307a	101564	1.0	confident	Pseudomonas alcaliphila	Bacteria
32b9a4e3-a655-4896-a40e-c6cbca583ca7	101564	1.0	confident	Pseudomonas alcaliphila	Bacteria
0733b5f6-a809-4ac8-ab7c-d4f1f6112c83	101564	1.0	confident	Pseudomonas alcaliphila	Bacteria
69c59d62-2fd4-4381-a956-f6a70648678b	101564	1.0	confident	Pseudomonas alcaliphila	Bacteria
d09f930b-f0c5-45af-a7b8-c7c59511da27	101564	1.0	confident	Pseudomonas alcaliphila	Bacteria
6fcd5689-4c08-4030-a711-7f60b1949684	101564	1.0	confident	Pseudomonas alcaliphila	Bacteria
8e41bb0d-b88e-4429-b1eb-4804b91dfebd	101564	1.0	confident	Pseudomonas alcaliphila	Bacteria
c7137a3a-75fe-4cb6-922a-f0f9461ffca0	762261	1.0	confident	Altererythrobacter xinjiangensis	Bacteria
7f291c3c-e11d-4497-95f6-07f74574eb77	762261	1.0	confident	Altererythrobacter xinjiangensis	Bacteria
310356ab-b328-44fa-9080-12b63c9b8d16	762261	1.0	confident	Altererythrobacter xinjiangensis	Bacteria
6d2ff783-3af0-4697-8a02-785f5041c2d9	762261	1.0	confident	Altererythrobacter xinjiangensis	Bacteria
a1092eb8-edfa-4f55-ad34-726d311c701e	762261	1.0	confident	Altererythrobacter xinjiangensis	Bacteria
6dd230a7-725b-4e64-b507-a5bef9e7bf4c	762261	1.0	confident	Altererythrobacter xinjiangensis	Bacteria
b6d387e8-1b7d-4f35-b9ff-e6883fc9d8c2	762261	1.0	confident	Altererythrobacter xinjiangensis	Bacteria
8dfb2959-9f59-4de7-8d07-f41f5d52472a	762261	1.0	confident	Altererythrobacter xinjiangensis	Bacteria
bed51f33-4852-4237-8e50-92814fefa22d	762261	1.0	confident	Altererythrobacter xinjiangensis	Bacteria
10c7a6a2-89e3-4424-bf37-0f9c06132b35	762261	1.0	confident	Altererythrobacter xinjiangensis	Bacteria
306d595d-93a3-4b89-abe0-821f2d90a15c	762261	1.0	confident	Altererythrobacter xinjiangensis	Bacteria
0f89dac2-a624-4f8a-b938-213b4956b99c	762261	1.0	confident	Altererythrobacter xinjiangensis	Bacteria
39288bcc-d750-42c9-8a2b-ededa9352607	762261	1.0	confident	Altererythrobacter xinjiangensis	Bacteria
c994c0ac-71d0-4a48-b0d3-bc8e75a315bd	762261	1.0	confident	Altererythrobacter xinjiangensis	Bacteria
4084fc9b-603c-402e-b239-4a0369905570	762261	1.0	confident	Altererythrobacter xinjiangensis	Bacteria
9401ff1a-1093-4653-b489-794bd88762e3	762261	1.0	confident	Altererythrobacter xinjiangensis	Bacteria
5a73b0e2-28f4-467d-bd5a-2c9ebfe8b355	762261	1.0	confident	Altererythrobacter xinjiangensis	Bacteria
9d680c0f-4a7b-42f2-bcf5-12130fc67385	762261	1.0	confident	Altererythrobacter xinjiangensis	Bacteria
de908506-a94e-4de3-8cee-c09ef51f5494	762261	1.0	confident	Altererythrobacter xinjiangensis	Bacteria
439726d4-e00a-4367-a5f1-b297deb8e8c9	762261	1.0	confident	Altererythrobacter xinjiangensis	Bacteria
6ea5068f-d8f0-4b71-b3ce-c3e73a109527	762261	1.0	confident	Altererythrobacter xinjiangensis	Bacteria
493924c0-2897-4219-82a6-1d7864ca634e	762261	1.0	confident	Altererythrobacter xinjiangensis	Bacteria
6408e2ce-3eca-4f4c-9724-7aca8b96019b	762261	1.0	confident	Altererythrobacter xinjiangensis	Bacteria
0fdebf05-6d46-47d5-bdb5-fa9c193ba388	762261	1.0	confident	Altererythrobacter xinjiangensis	Bacteria
05b2f80a-0d7d-4bd6-8660-7da282f4effa	762261	1.0	confident	Altererythrobacter xinjiangensis	Bacteria
90b72e93-f285-42a3-96ec-2b9bc26a9781	762261	1.0	confident	Altererythrobacter xinjiangensis	Bacteria
42e0abf9-844c-43a4-a02c-3363f89e7eeb	762261	1.0	confident	Altererythrobacter xinjiangensis	Bacteria
aecbb2b7-9b8a-4ed7-b96d-004825867705	762261	1.0	confident	Altererythrobacter xinjiangensis	Bacteria
92f18b38-158e-48fe-800a-280557586e2c	762261	1.0	confident	Altererythrobacter xinjiangensis	Bacteria
fc130896-8c66-434d-8c77-d6e6679503e6	762261	1.0	confident	Altererythrobacter xinjiangensis	Bacteria
ead259d1-086e-4b10-ae4f-d09a026444e7	762261	1.0	confident	Altererythrobacter xinjiangensis	Bacteria
c4e2e73b-10ed-4b43-81dd-3d4bdac239aa	762261	1.0	confident	Altererythrobacter xinjiangensis	Bacteria
8cfcc1ae-0dc8-46d2-98f8-cee7eaff20e2	762261	1.0	confident	Altererythrobacter xinjiangensis	Bacteria
3fb2a45d-cb5b-488a-a4ce-4e4c3a75c5d6	762261	1.0	confident	Altererythrobacter xinjiangensis	Bacteria
90b915cc-963b-41dc-8c26-ccd9ef540559	762261	1.0	confident	Altererythrobacter xinjiangensis	Bacteria
f896b17d-6ecf-4bb9-981d-7a98093070c0	762261	1.0	confident	Altererythrobacter xinjiangensis	Bacteria
317d808d-7dde-4dcd-9e41-b4d543e4d262	762261	1.0	confident	Altererythrobacter xinjiangensis	Bacteria
565d1d98-6f57-474a-9615-4901eea218fc	762261	1.0	confident	Altererythrobacter xinjiangensis	Bacteria
01020a4f-2594-4b9a-9621-dd0e61c9fc50	762261	1.0	confident	Altererythrobacter xinjiangensis	Bacteria
3649cac9-1656-4726-8ecd-17337d17f0e3	762261	1.0	confident	Altererythrobacter xinjiangensis	Bacteria
cb355ea8-68f6-42ee-a6fd-1736e0aff801	762261	1.0	confident	Altererythrobacter xinjiangensis	Bacteria
73cde365-9fd0-4631-bb11-6da3ddf2bb14	762261	1.0	confident	Altererythrobacter xinjiangensis	Bacteria
7120488e-3fea-43fb-a075-dba236a312ac	762261	1.0	confident	Altererythrobacter xinjiangensis	Bacteria
bae7af6a-73a9-4f57-93b7-7b4d8ec3a110	762261	1.0	confident	Altererythrobacter xinjiangensis	Bacteria
321d611b-1d3e-40fd-9ccd-3d4f9d0ddb06	762261	1.0	confident	Altererythrobacter xinjiangensis	Bacteria
5ccf11f7-f60f-4d94-89dc-77516eb4733a	762261	1.0	confident	Altererythrobacter xinjiangensis	Bacteria
c7e047c3-0364-4b6d-8d20-bbdff0815246	762261	1.0	confident	Altererythrobacter xinjiangensis	Bacteria
0b6a5cd2-a510-4f88-a7fa-05f0fd54a14c	762261	1.0	confident	Altererythrobacter xinjiangensis	Bacteria
6391fe46-af9c-4ad7-a7fc-fb3e9fdc7214	762261	1.0	confident	Altererythrobacter xinjiangensis	Bacteria
a6984fa8-f755-4724-8bd0-54c4f744c9d3	762261	1.0	confident	Altererythrobacter xinjiangensis	Bacteria
3e353937-1b44-4344-8c94-9db28946b857	762261	1.0	confident	Altererythrobacter xinjiangensis	Bacteria
6c2b4ccf-fa1e-41c6-9577-2bce11b1a570	762261	1.0	confident	Altererythrobacter xinjiangensis	Bacteria
c7cff19d-3baf-4d1f-ac85-52835cfb4b11	762261	1.0	confident	Altererythrobacter xinjiangensis	Bacteria
a1736611-c2a6-4882-9426-fd36502d1755	762261	1.0	confident	Altererythrobacter xinjiangensis	Bacteria
65dd417a-c2e1-4ed5-9b20-ba311c4609f4	762261	1.0	confident	Altererythrobacter xinjiangensis	Bacteria
cefab6ba-f0d7-422a-8143-7955e6500df4	762261	1.0	confident	Altererythrobacter xinjiangensis	Bacteria
990dc7f6-d8dd-4c4f-a8f2-d3663eb907dc	762261	1.0	confident	Altererythrobacter xinjiangensis	Bacteria
928100f7-e1dd-4351-955c-a1782c58c1bd	762261	1.0	confident	Altererythrobacter xinjiangensis	Bacteria
b4c8ecab-8b0c-4ad4-a076-b50e1641a388	762261	1.0	confident	Altererythrobacter xinjiangensis	Bacteria
aa4a5b56-ed57-427c-a06f-ffe68b0dbb19	762261	1.0	confident	Altererythrobacter xinjiangensis	Bacteria
9947f132-d103-4584-a077-fe1fa02ac4a3	762261	1.0	confident	Altererythrobacter xinjiangensis	Bacteria
d2344ce8-9a93-4e9c-be4d-ccd224f9bdf1	762261	1.0	confident	Altererythrobacter xinjiangensis	Bacteria
883ecdb8-47f2-4d14-a233-0eb0e7406e6a	762261	1.0	confident	Altererythrobacter xinjiangensis	Bacteria
e5f71a41-7501-4c10-8ba6-3c0c4a0e9847	762261	1.0	confident	Altererythrobacter xinjiangensis	Bacteria
21ef9b26-0dad-4adf-b046-9a5dbb89d16a	762261	1.0	confident	Altererythrobacter xinjiangensis	Bacteria
88c13bbb-f235-4259-84af-5afb9e237b77	762261	1.0	confident	Altererythrobacter xinjiangensis	Bacteria
d9c3409f-4321-4f36-9273-48d9c5ea92bf	762261	1.0	confident	Altererythrobacter xinjiangensis	Bacteria
0e89a7fc-3ced-41be-972a-28c243a7eb58	762261	1.0	confident	Altererythrobacter xinjiangensis	Bacteria
137550b5-5dcf-46b9-a522-60ece0c61711	762261	1.0	confident	Altererythrobacter xinjiangensis	Bacteria
0bcc0007-bbe7-46b9-a4d0-b4be23fcea77	762261	1.0	confident	Altererythrobacter xinjiangensis	Bacteria
51c64282-3b5a-42d9-80fc-4e60a2639979	762261	1.0	confident	Altererythrobacter xinjiangensis	Bacteria
d9103658-c61c-4da4-9b5c-ce85b2ed4a22	762261	1.0	confident	Altererythrobacter xinjiangensis	Bacteria
8be9f4b2-ca90-4674-9fb9-6510c1f87221	762261	1.0	confident	Altererythrobacter xinjiangensis	Bacteria
1ef050e1-95a6-4339-bce1-a7d3c468c844	762261	1.0	confident	Altererythrobacter xinjiangensis	Bacteria
06d992cd-f232-4e15-86fc-06cdedc61e97	762261	1.0	confident	Altererythrobacter xinjiangensis	Bacteria
3907ab1a-603e-4d1f-97c1-49e4bbcd24cd	762261	1.0	confident	Altererythrobacter xinjiangensis	Bacteria
fc3aee40-9bce-4cb6-9c3b-c20c6c119b0a	762261	1.0	confident	Altererythrobacter xinjiangensis	Bacteria
c1527d39-bb9e-4a74-8fc5-5ef51332b7be	762261	1.0	confident	Altererythrobacter xinjiangensis	Bacteria
cf300e29-2310-4298-9007-a038f4754656	762261	1.0	confident	Altererythrobacter xinjiangensis	Bacteria
7d4c5df7-0c14-4ed3-b13f-6db277142d80	762261	1.0	confident	Altererythrobacter xinjiangensis	Bacteria
5697672d-3c31-4a18-ad0f-edd52cec9f5f	762261	1.0	confident	Altererythrobacter xinjiangensis	Bacteria
2f37aef1-67a4-4cb5-8621-4b0d3b416e98	762261	1.0	confident	Altererythrobacter xinjiangensis	Bacteria
49fd2b36-6bbe-4338-a864-370f86d468bd	762261	1.0	confident	Altererythrobacter xinjiangensis	Bacteria
dac07f09-7b06-40c0-8529-5cc6b30b523e	762261	1.0	confident	Altererythrobacter xinjiangensis	Bacteria
93c2dd20-fc40-476b-ad23-55245c81bbf2	762261	1.0	confident	Altererythrobacter xinjiangensis	Bacteria
6372c384-4502-4fe5-9dbf-325acf50b207	762261	1.0	confident	Altererythrobacter xinjiangensis	Bacteria
567fe211-d6cf-4bb5-ada3-bd9d71cb5559	762261	1.0	confident	Altererythrobacter xinjiangensis	Bacteria
d458baa7-13f3-447b-8ba8-b17a36bd4e96	762261	1.0	confident	Altererythrobacter xinjiangensis	Bacteria
b64978f5-ab5e-46a0-a535-243c8fe366ab	762261	1.0	confident	Altererythrobacter xinjiangensis	Bacteria
b29aa280-8c39-4fbe-8fce-242cce17f7d1	762261	1.0	confident	Altererythrobacter xinjiangensis	Bacteria
09bc800d-bbf4-48cd-8f00-f3149f8bd4b5	762261	1.0	confident	Altererythrobacter xinjiangensis	Bacteria
f22b24cb-1c93-4ca9-bc9b-0bfd5853d1f3	762261	1.0	confident	Altererythrobacter xinjiangensis	Bacteria
3f1bb200-62a8-48ec-8c84-c5b26552ca15	762261	1.0	confident	Altererythrobacter xinjiangensis	Bacteria
f6418d8b-0df2-429a-a231-9a39ec47037b	762261	1.0	confident	Altererythrobacter xinjiangensis	Bacteria
71347d0c-0269-4e14-b80a-ebfaffbe68a8	762261	1.0	confident	Altererythrobacter xinjiangensis	Bacteria
966891bc-0e4a-45e2-8ef1-1a31fcf27dfe	762261	1.0	confident	Altererythrobacter xinjiangensis	Bacteria
01f82be4-a3bf-41ae-b1a9-9c800c3cf10f	762261	1.0	confident	Altererythrobacter xinjiangensis	Bacteria
1368da4a-e123-4e61-baa5-e3412c2227d8	762261	1.0	confident	Altererythrobacter xinjiangensis	Bacteria
258c6c51-b685-469d-a3d3-f0f28efa1bc3	762261	1.0	confident	Altererythrobacter xinjiangensis	Bacteria
6582cb8b-480a-4395-a4c5-c5d53fc6628c	762261	1.0	confident	Altererythrobacter xinjiangensis	Bacteria
06661604-f567-45e9-a4f4-08ab2513d770	762261	1.0	confident	Altererythrobacter xinjiangensis	Bacteria
f53434d4-0424-44df-afbe-acf040b81398	762261	1.0	confident	Altererythrobacter xinjiangensis	Bacteria
a053f6b0-8299-438f-818a-5c45fdcefcfb	762261	1.0	confident	Altererythrobacter xinjiangensis	Bacteria
16a6e0a0-56ff-43a5-8ffc-31782b77c079	762261	1.0	confident	Altererythrobacter xinjiangensis	Bacteria
dc55df25-0f43-4019-8c32-10dc31feb474	762261	1.0	confident	Altererythrobacter xinjiangensis	Bacteria
92360689-97fb-4eef-8bf1-4d0d8175c1b5	762261	1.0	confident	Altererythrobacter xinjiangensis	Bacteria
4baa1762-9738-4bf7-ae43-9abd0248c7aa	762261	1.0	confident	Altererythrobacter xinjiangensis	Bacteria
0d1e9e7f-c848-4228-a927-9cc4a08add42	762261	1.0	confident	Altererythrobacter xinjiangensis	Bacteria
714a2335-bbc4-4107-a69a-90dea5ce2c47	762261	1.0	confident	Altererythrobacter xinjiangensis	Bacteria
943482e1-4399-4713-ac62-1492ecc195e5	762261	1.0	confident	Altererythrobacter xinjiangensis	Bacteria
7c72a472-71c7-4993-837c-cd3c95834086	762261	1.0	confident	Altererythrobacter xinjiangensis	Bacteria
56798bfd-ca54-4867-a284-28f3e7e30964	762261	1.0	confident	Altererythrobacter xinjiangensis	Bacteria
82a2ea59-cd64-4891-ae75-0fb27f91a3eb	762261	1.0	confident	Altererythrobacter xinjiangensis	Bacteria
70b3938f-a30e-42d6-bd00-ad5798f996c6	762261	1.0	confident	Altererythrobacter xinjiangensis	Bacteria
265bd375-fb6d-4d10-8460-3f636e5a5067	762261	1.0	confident	Altererythrobacter xinjiangensis	Bacteria
5d92602f-6382-4c2e-a655-9af3728a3d0f	762261	1.0	confident	Altererythrobacter xinjiangensis	Bacteria
05b19457-b83c-4e9f-8a69-516d48765148	762261	1.0	confident	Altererythrobacter xinjiangensis	Bacteria
d5bee363-cdd0-4500-9c9c-56637401e7f4	762261	1.0	confident	Altererythrobacter xinjiangensis	Bacteria
7128e306-c37a-454b-888b-219914c94d77	762261	1.0	confident	Altererythrobacter xinjiangensis	Bacteria
fb0299ae-a418-43b9-a889-7665dab7d3df	762261	1.0	confident	Altererythrobacter xinjiangensis	Bacteria
3096abd6-e9bb-42b0-ac2b-88d8e0ba3220	73034	1.0	confident	03196G20_X_sp.	Bacteria
38e7cb32-b7f6-4361-9676-59548d0d8176	73034	1.0	confident	03196G20_X_sp.	Bacteria
681b8ba2-9860-4401-9447-ca3fe3ee51e6	73034	1.0	confident	03196G20_X_sp.	Bacteria
05a4fd6c-c22b-4020-9800-ac11281c4d06	73034	1.0	confident	03196G20_X_sp.	Bacteria
4cdf5d7b-187e-4090-b325-ca0cf9bad89e	73034	1.0	confident	03196G20_X_sp.	Bacteria
7b05141c-4f35-49c4-bab9-7bcc75df5a49	73034	1.0	confident	03196G20_X_sp.	Bacteria
2c93b595-fb13-4352-9686-ad03448652b7	73034	1.0	confident	03196G20_X_sp.	Bacteria
c5f5325d-6f97-45be-ba99-5888b51ca386	73034	1.0	confident	03196G20_X_sp.	Bacteria
e9c20637-9653-42ca-8efb-7c35d45b13f3	73034	1.0	confident	03196G20_X_sp.	Bacteria
d80b7cd8-8aed-4517-bead-91aa55840469	73034	1.0	confident	03196G20_X_sp.	Bacteria
e8044847-7d79-4193-ab9c-14bd08461fdf	73034	1.0	confident	03196G20_X_sp.	Bacteria
a04c1dc5-3375-4d99-bce5-63608b1da97d	73034	1.0	confident	03196G20_X_sp.	Bacteria
ce22a78c-7665-4c23-8325-fbc9e8904ba3	73034	1.0	confident	03196G20_X_sp.	Bacteria
ada43b32-f902-473d-b70b-d3d846a2107a	73034	1.0	confident	03196G20_X_sp.	Bacteria
aa2780f8-8444-4450-85d3-f3eb4ec13e1e	73034	1.0	confident	03196G20_X_sp.	Bacteria
5b398bb5-bce9-4fc5-97d5-87f43ae7f6b3	73034	1.0	confident	03196G20_X_sp.	Bacteria
466f70b7-a744-4e75-8417-dab7fc6311d2	73034	1.0	confident	03196G20_X_sp.	Bacteria
de1c7350-8a2c-4c15-871a-b593941aafbb	73034	1.0	confident	03196G20_X_sp.	Bacteria
d2a65c58-3981-44a3-80c4-b30751c711eb	73034	1.0	confident	03196G20_X_sp.	Bacteria
46400293-5d17-46e2-9b7a-5d464afaf885	73034	1.0	confident	03196G20_X_sp.	Bacteria
ba6a5a95-9d14-474b-85cc-0505560f6d5f	73034	1.0	confident	03196G20_X_sp.	Bacteria
a7a4f2b1-f4bf-477c-a73f-918fb1dd04bd	73034	1.0	confident	03196G20_X_sp.	Bacteria
17b657fd-ca65-4ae3-b363-ce426d963db5	73034	1.0	confident	03196G20_X_sp.	Bacteria
0361296c-c3de-47b3-a2cd-8a16193e5c92	73034	1.0	confident	03196G20_X_sp.	Bacteria
a702c0e1-09d6-425c-a6dd-23a5dbf40c3f	73034	1.0	confident	03196G20_X_sp.	Bacteria
8de08ec9-4438-40c5-a706-173d558f57c7	73034	1.0	confident	03196G20_X_sp.	Bacteria
9cb9d6bb-fa74-4403-9284-33cba0153dbe	73034	1.0	confident	03196G20_X_sp.	Bacteria
610b383a-9e6c-417f-b044-afbfe83eb0c7	73034	1.0	confident	03196G20_X_sp.	Bacteria
16ed1488-509e-4265-824c-f3b88ceb2664	73034	1.0	confident	03196G20_X_sp.	Bacteria
979f6020-6d3d-432a-bf1e-cdfa4280d67e	73034	1.0	confident	03196G20_X_sp.	Bacteria
4c6da9ea-235b-4cc2-9285-da1baacd4281	73034	1.0	confident	03196G20_X_sp.	Bacteria
33fdb30e-7ad1-4fe1-acfb-b47a432f157c	73034	1.0	confident	03196G20_X_sp.	Bacteria
de6e405d-7e87-4a55-a887-6c5e91175ba5	73034	1.0	confident	03196G20_X_sp.	Bacteria
fc558cfe-ab54-45fd-843a-d6899f828968	73034	1.0	confident	03196G20_X_sp.	Bacteria
c2ede64e-2bcb-415e-828f-06f058da47cd	73034	1.0	confident	03196G20_X_sp.	Bacteria
2d267087-0ac8-49ec-88a4-8a40b28d2fae	73034	1.0	confident	03196G20_X_sp.	Bacteria
b021e93f-510c-41cb-9a02-4c60c66f09ed	73034	1.0	confident	03196G20_X_sp.	Bacteria
1dde6183-e2aa-4de0-bfe4-b241ce6eab7f	73034	1.0	confident	03196G20_X_sp.	Bacteria
0ff06f62-8879-4766-89d6-efea9dcc7315	73034	1.0	confident	03196G20_X_sp.	Bacteria
644eeb31-4b5f-4dac-b99c-f5b7d5636c64	73034	1.0	confident	03196G20_X_sp.	Bacteria
a6de46b1-2c2f-47a9-84d7-e778c716cd50	73034	1.0	confident	03196G20_X_sp.	Bacteria
365e35a7-9da4-4c09-9cfc-ab99296c0be3	73034	1.0	confident	03196G20_X_sp.	Bacteria
445fa0eb-5114-4bfb-8cee-16af1a7c053c	73034	1.0	confident	03196G20_X_sp.	Bacteria
4ff25fe8-81d3-47e0-a920-4576e0608185	73034	1.0	confident	03196G20_X_sp.	Bacteria
1e9cf986-92ae-4d14-9ec2-f0cd3e84df4d	73034	1.0	confident	03196G20_X_sp.	Bacteria
e667634e-8c47-421f-b74a-917dc5643f2f	73034	1.0	confident	03196G20_X_sp.	Bacteria
611eb88d-1194-4e47-bd73-1f2cab882f66	73034	1.0	confident	03196G20_X_sp.	Bacteria
654af624-6aec-49a6-943e-ed28bfd1d434	73034	1.0	confident	03196G20_X_sp.	Bacteria
913f4977-3a31-454d-874e-cdddf840dcd2	73034	1.0	confident	03196G20_X_sp.	Bacteria
597dec09-c999-4c7d-b117-865ef0b9b004	73034	1.0	confident	03196G20_X_sp.	Bacteria
3bf50af2-ed5e-4cf0-87a2-1014f6bde7c2	73034	1.0	confident	03196G20_X_sp.	Bacteria
26a7135e-1dd9-4c8d-88be-78130d30d608	73034	1.0	confident	03196G20_X_sp.	Bacteria
e70dd470-e7a0-4f7a-bb46-6ba509354815	73034	1.0	confident	03196G20_X_sp.	Bacteria
750d7a4c-1d5d-4daa-b70d-eac589dc9f4b	73034	1.0	confident	03196G20_X_sp.	Bacteria
93218dc6-7770-49b0-85b4-e7c81f260c26	10002853	1.0	confident	Faecalibacterium prausnitzii	Bacteria
c40b3f8d-07ba-4f2f-803e-4d937dec3817	10002853	1.0	confident	Faecalibacterium prausnitzii	Bacteria
ba273aa1-b5df-4456-8fd2-f1af5ab4f42b	10002853	1.0	confident	Faecalibacterium prausnitzii	Bacteria
eda1aeeb-5270-4e4e-a535-2bb5503da816	10002853	1.0	confident	Faecalibacterium prausnitzii	Bacteria
6a8dd5aa-db73-43d1-88b9-4cd0eaacb616	10002853	1.0	confident	Faecalibacterium prausnitzii	Bacteria
bc9f2cd8-9ca5-4da1-8894-5c31f98c44b0	10002853	1.0	confident	Faecalibacterium prausnitzii	Bacteria
0a952b82-940e-4f01-ae92-cb2c90581ce8	10002853	1.0	confident	Faecalibacterium prausnitzii	Bacteria
9b9ad7d6-1f9a-41b6-a79a-e65a073b20a4	10002853	1.0	confident	Faecalibacterium prausnitzii	Bacteria
028a9b34-8d59-4a08-95c9-bfb814995a9a	10002853	1.0	confident	Faecalibacterium prausnitzii	Bacteria
bbf722fb-007f-4650-b695-0226591035ff	10002853	1.0	confident	Faecalibacterium prausnitzii	Bacteria
adaa49fe-5001-4811-9581-e6cb30320393	10002853	1.0	confident	Faecalibacterium prausnitzii	Bacteria
6647a9bf-7385-45aa-94fa-ec1a026569e0	10002853	1.0	confident	Faecalibacterium prausnitzii	Bacteria
b8913f8a-7016-4abd-b83e-7f170f35929d	10002853	1.0	confident	Faecalibacterium prausnitzii	Bacteria
baf78111-843d-4675-9087-4128d22e6cc6	10002853	1.0	confident	Faecalibacterium prausnitzii	Bacteria
b120b4a9-69ee-48c9-8841-a7a7f8f5b3ff	10002853	1.0	confident	Faecalibacterium prausnitzii	Bacteria
7ae756cb-f0ab-4ccb-a1a1-8ecc182734b8	54007	1.0	confident	Anaerococcus octavius	Bacteria
83233644-9b7a-4ec2-893f-cff75c57de59	54007	1.0	confident	Anaerococcus octavius	Bacteria
b8dfc7cd-8d1a-49fe-95ae-48d366d64d0f	54007	1.0	confident	Anaerococcus octavius	Bacteria
bdac9e74-88e4-41a5-9e72-dd623e062a49	1745712	0.999999998169337	high	Anaerococcus urinomassiliensis	Bacteria
810ff1d9-76ad-4c1f-bc5f-a9cbe40cfec9	54007	1.0	confident	Anaerococcus octavius	Bacteria
51ac59df-f521-4e24-84f5-c3628310fca4	1745712	0.9999999999295506	high	Anaerococcus urinomassiliensis	Bacteria
bd4693fa-f952-4592-8a5b-cabd6dff249d	54007	1.0	confident	Anaerococcus octavius	Bacteria
958b9e44-573d-44ca-935b-565fbc98f070	54007	1.0	confident	Anaerococcus octavius	Bacteria
a7ea8c45-a9c7-4ef6-b3ea-c135e5243cac	54007	1.0	confident	Anaerococcus octavius	Bacteria
f56dea84-e7ec-4352-bc65-181e00864efd	54007	1.0	confident	Anaerococcus octavius	Bacteria
7caf5eb5-0502-430e-92b6-096f7ba25d7e	54007	1.0	confident	Anaerococcus octavius	Bacteria
92ba2863-49de-4352-912b-33f16eefd913	54007	1.0	confident	Anaerococcus octavius	Bacteria
f8e4a2f0-febb-45e7-ba8e-3921f0d7b4c8	54007	1.0	confident	Anaerococcus octavius	Bacteria
5e7a1511-36a6-4133-8653-a8f8da96c641	54007	1.0	confident	Anaerococcus octavius	Bacteria
612f1da7-6a33-40b9-b34a-b31c704a76e5	54007	1.0	confident	Anaerococcus octavius	Bacteria
b3e88a44-1d37-498a-a988-d8321b0ed0c7	1745712	0.9999999988539112	high	Anaerococcus urinomassiliensis	Bacteria
2623616c-6c65-4aa8-bbf2-f12b8c9b1b3c	54007	1.0	confident	Anaerococcus octavius	Bacteria
1144df85-c3e3-4be5-96ad-26e42b6d1d22	54007	1.0	confident	Anaerococcus octavius	Bacteria
f7ef4906-b332-4bda-828b-173ffb0be603	54007	1.0	confident	Anaerococcus octavius	Bacteria
7e8ee1c2-4d0d-4806-b7b2-9c9087acc4a6	1745712	0.9999999995829488	high	Anaerococcus urinomassiliensis	Bacteria
25786b9b-3386-4fe6-88d3-607ae53b987f	54007	1.0	confident	Anaerococcus octavius	Bacteria
16e659b9-80e0-4095-81f4-c2267ad56803	54007	1.0	confident	Anaerococcus octavius	Bacteria
f6cfb25d-6dc5-4bde-9149-e860a093061e	54007	1.0	confident	Anaerococcus octavius	Bacteria
2543c71e-bbe2-4250-a475-0274615dd5ed	54007	1.0	confident	Anaerococcus octavius	Bacteria
fd9a44cf-c736-4a8a-a032-37dcb3880f89	54007	1.0	confident	Anaerococcus octavius	Bacteria
ca635e5f-6d99-4209-a1c1-60ed6ab0579f	54007	1.0	confident	Anaerococcus octavius	Bacteria
274c30bc-c867-4424-b516-cbb9c97d06c6	54007	1.0	confident	Anaerococcus octavius	Bacteria
87f7f678-94fd-412d-aa67-56f8b5c7b000	54007	1.0	confident	Anaerococcus octavius	Bacteria
aec5c9bb-17c2-4051-ac0a-4d50a346d0a3	1745712	0.9999999991300336	high	Anaerococcus urinomassiliensis	Bacteria
d46816b2-f63b-4f9a-914f-1d73f44d6441	54007	1.0	confident	Anaerococcus octavius	Bacteria
6171d4aa-22f1-4c64-af97-eee433ad21ec	54007	1.0	confident	Anaerococcus octavius	Bacteria
3c419a0f-68c3-4ff4-b4e1-7099fd2d2f42	54007	1.0	confident	Anaerococcus octavius	Bacteria
2d49a351-d8be-44c4-a9ad-519dba714e69	54007	1.0	confident	Anaerococcus octavius	Bacteria
8f78610a-c652-41d5-9bbc-0d49daa67004	1745712	0.9999964593298344	high	Anaerococcus urinomassiliensis	Bacteria
9597c8cb-5ef6-4e33-900c-8361a6ff8dc2	1745712	0.9999999999998236	high	Anaerococcus urinomassiliensis	Bacteria
53de56b5-3abd-4ca4-a29e-e7a58d7af468	54007	1.0	confident	Anaerococcus octavius	Bacteria
5ff277a4-9b1a-4b12-90f0-158044472259	54007	1.0	confident	Anaerococcus octavius	Bacteria
d44aaae1-85d1-4a76-b346-abf1bbd69680	54007	1.0	confident	Anaerococcus octavius	Bacteria
d14f6d77-b50c-47e3-b06c-fb54336b716d	54007	1.0	confident	Anaerococcus octavius	Bacteria
e4b2ec0b-c70f-47c1-a8bb-1fe63164f140	54007	1.0	confident	Anaerococcus octavius	Bacteria
b0dcbfec-6f46-4ed0-91b6-eef1770e3490	54007	1.0	confident	Anaerococcus octavius	Bacteria
07489cb0-b88e-47ed-b5d7-f1fb8eb942c9	54007	1.0	confident	Anaerococcus octavius	Bacteria
182f9053-cd12-4dde-8710-6d1e6e52f85b	54007	1.0	confident	Anaerococcus octavius	Bacteria
6c0584c7-eeb9-4518-b505-1a858fc59613	54007	1.0	confident	Anaerococcus octavius	Bacteria
b02a9260-f446-479e-ab79-4d926b05e0bb	54007	1.0	confident	Anaerococcus octavius	Bacteria
86a408ea-717e-49bc-a8ae-2213af600f34	54007	1.0	confident	Anaerococcus octavius	Bacteria
fdbbdce0-9c50-4fc5-845f-8f322e990e9b	1745712	1.0	confident	Anaerococcus urinomassiliensis	Bacteria
8662b171-0d17-4ba0-ad7a-310c95deeb0e	54007	1.0	confident	Anaerococcus octavius	Bacteria
bb074ca9-9a21-41bd-af42-ba0510d9c236	54007	1.0	confident	Anaerococcus octavius	Bacteria
1ffeaefe-8196-497a-9abe-716a79b52b63	54007	1.0	confident	Anaerococcus octavius	Bacteria
651368b8-e586-4d4a-ad94-8c95ecb0c8a5	54007	1.0	confident	Anaerococcus octavius	Bacteria
3b8528cd-e5b2-4d60-aa13-991384e34697	1745712	0.9999999993731494	high	Anaerococcus urinomassiliensis	Bacteria
b4c0d030-b763-42ef-baa2-27170c6560ce	54007	1.0	confident	Anaerococcus octavius	Bacteria
e9759ce7-88ee-47b7-a405-747e2e9045ca	54007	1.0	confident	Anaerococcus octavius	Bacteria
c1d523e7-a19b-4381-9340-1713f5f38e52	54007	1.0	confident	Anaerococcus octavius	Bacteria
88018644-f8ab-4f5e-a488-ab2daba99eed	54007	1.0	confident	Anaerococcus octavius	Bacteria
e7450398-fed9-4bc8-a6b8-c46806ba9810	54007	1.0	confident	Anaerococcus octavius	Bacteria
5cca5920-bd30-4358-942e-7bf600bf1a8d	54007	1.0	confident	Anaerococcus octavius	Bacteria
65be31ab-6b81-4731-800e-6e2583614eb9	1745712	0.9999999981738475	high	Anaerococcus urinomassiliensis	Bacteria
1d154a83-2bc5-4ec7-ac5d-b22a92b6373d	54007	1.0	confident	Anaerococcus octavius	Bacteria
29536ebf-f75e-4a52-be02-eb131f14fcb1	54007	1.0	confident	Anaerococcus octavius	Bacteria
ca734afd-089b-49ea-8a81-9bbe4ec61ad7	54007	1.0	confident	Anaerococcus octavius	Bacteria
df6420fe-e514-4240-b4ed-125d9f74c004	54007	1.0	confident	Anaerococcus octavius	Bacteria
823eb78e-55d0-48a0-878f-cfd306340bb6	54007	1.0	confident	Anaerococcus octavius	Bacteria
59e071a3-8279-461b-908b-4bbfb214b313	54007	1.0	confident	Anaerococcus octavius	Bacteria
d770a90b-3b04-4df8-bd8b-260de1be26e4	54007	1.0	confident	Anaerococcus octavius	Bacteria
6b4f4dd3-9605-4ead-af32-716e1150700c	54007	1.0	confident	Anaerococcus octavius	Bacteria
a2816168-2548-42f0-841e-0b3fd30a892d	54007	1.0	confident	Anaerococcus octavius	Bacteria
24246340-39f4-4ad8-9c7d-95854692e571	54007	1.0	confident	Anaerococcus octavius	Bacteria
38f82fb7-bd03-4f2d-b853-c9009cc094bd	54007	1.0	confident	Anaerococcus octavius	Bacteria
f8313a4b-ac10-45d0-81a9-fbbb5e639d41	54007	1.0	confident	Anaerococcus octavius	Bacteria
83a1fc21-29ec-48ec-a210-23884ef4bce4	54007	1.0	confident	Anaerococcus octavius	Bacteria
2ba1eb42-c57f-445e-93f7-ccadc783a287	54007	1.0	confident	Anaerococcus octavius	Bacteria
89ff10e9-53c2-4b25-8b11-7851575b1f32	54007	1.0	confident	Anaerococcus octavius	Bacteria
00965aaa-7901-4e41-a7b3-5c6fe158cf8e	54007	1.0	confident	Anaerococcus octavius	Bacteria
2687a756-acc2-4006-bef1-69b0785e267b	54007	1.0	confident	Anaerococcus octavius	Bacteria
4d4c9558-f8f0-4ac4-ac2d-6a395afa8a94	54007	1.0	confident	Anaerococcus octavius	Bacteria
88097057-d26c-4673-8adb-6ccbcea74f16	54007	1.0	confident	Anaerococcus octavius	Bacteria
92f520d3-4ddc-4530-92d1-c37b0a8f7f76	54007	1.0	confident	Anaerococcus octavius	Bacteria
42fdd6a8-1380-44b2-b745-559ef58a9425	1745712	0.9893525002745056	high	Anaerococcus urinomassiliensis	Bacteria
f7a522ea-370d-4d87-8d4e-e50236dce2ed	54007	1.0	confident	Anaerococcus octavius	Bacteria
5b404e17-d3a0-4451-9758-6c7476afafd9	54007	1.0	confident	Anaerococcus octavius	Bacteria
be53bca2-c8d5-4253-a3d7-eb631fc4848a	54007	1.0	confident	Anaerococcus octavius	Bacteria
4b80a1f5-251c-4b31-afbf-023b87e43e11	54007	1.0	confident	Anaerococcus octavius	Bacteria
c8d48e67-67f5-4976-8da9-315010c962bb	54007	1.0	confident	Anaerococcus octavius	Bacteria
ac908756-472f-4903-bdd3-4a7a7affcf16	54007	1.0	confident	Anaerococcus octavius	Bacteria
7d80f7b4-7f03-43fa-b4a3-2ac0c58ed5bc	54007	1.0	confident	Anaerococcus octavius	Bacteria
57f404f4-f9e7-4986-a335-f13e98539495	54007	1.0	confident	Anaerococcus octavius	Bacteria
54d23bf5-bdd8-4fdc-b699-8026b2b27172	54007	1.0	confident	Anaerococcus octavius	Bacteria
b8bb690b-65eb-44e9-96bc-ec54d7297174	54007	1.0	confident	Anaerococcus octavius	Bacteria
3f85eddf-3e1b-482a-aabf-44aa0f9f3d4a	54007	1.0	confident	Anaerococcus octavius	Bacteria
e397d3ae-b6fc-4563-a8ee-857355f6e904	54007	1.0	confident	Anaerococcus octavius	Bacteria
fd0ac1b0-8bb5-43f6-8d08-0d6133420928	54007	1.0	confident	Anaerococcus octavius	Bacteria
3e2cf26c-7e3c-447d-b3c9-3c100aaa02b4	54007	1.0	confident	Anaerococcus octavius	Bacteria
cdd89d54-66af-4f92-b1a3-74130f0734b1	54007	1.0	confident	Anaerococcus octavius	Bacteria
b01bf2b7-e3f9-4ae9-807a-dc7e65add4a8	54007	1.0	confident	Anaerococcus octavius	Bacteria
1b2be09d-345f-4d59-b7c7-82a0d7424d41	54007	1.0	confident	Anaerococcus octavius	Bacteria
d7916d30-8189-40c8-be33-1c249fdb3ec8	1745712	0.9998094580698818	high	Anaerococcus urinomassiliensis	Bacteria
76dc5ced-ab77-45ab-af18-70073dfdd226	54007	1.0	confident	Anaerococcus octavius	Bacteria
e6da0482-c07e-41f0-8e60-7f5ebceee412	54007	1.0	confident	Anaerococcus octavius	Bacteria
a1430420-02a6-4c1d-b15d-565c7e76040a	54007	1.0	confident	Anaerococcus octavius	Bacteria
ef13c38e-1165-4217-b827-8ca2d8ae04f7	54007	1.0	confident	Anaerococcus octavius	Bacteria
857a310f-bbbc-481d-a820-1fd4729ee5b8	54007	1.0	confident	Anaerococcus octavius	Bacteria
91997cea-76db-4d56-adaf-7ad650cb6438	1745712	0.9999999999801412	high	Anaerococcus urinomassiliensis	Bacteria
195b7b87-a312-430e-a070-648ab2f6cd9f	54007	1.0	confident	Anaerococcus octavius	Bacteria
0522168f-fa7b-4ea6-bc6e-49d91ac1f0f5	1745712	0.9999999991240875	high	Anaerococcus urinomassiliensis	Bacteria
9e39e551-9e2a-4b49-97a4-a72077030bff	54007	1.0	confident	Anaerococcus octavius	Bacteria
cbc88551-adfe-4b4e-ac6f-467008f910c5	54007	1.0	confident	Anaerococcus octavius	Bacteria
55252cff-8c3d-4c9f-b24b-14528192c826	1745712	0.9999999245061504	high	Anaerococcus urinomassiliensis	Bacteria
6590759d-791c-4aad-a4a8-a5b6c1b6fe44	54007	1.0	confident	Anaerococcus octavius	Bacteria
57bf926d-06b3-49a2-9c4a-59937b20a332	54007	1.0	confident	Anaerococcus octavius	Bacteria
beaf3437-2f71-4a9d-8f7f-39a7c8c206d5	54007	1.0	confident	Anaerococcus octavius	Bacteria
64957739-7ac4-488e-aba0-c020f284c5ae	54007	1.0	confident	Anaerococcus octavius	Bacteria
54e1c540-0c74-4bf6-b499-fe4a9601c0bb	54007	1.0	confident	Anaerococcus octavius	Bacteria
babac7f0-83c1-4f72-b0ff-3d12d73752b4	54007	1.0	confident	Anaerococcus octavius	Bacteria
7e33f5bc-ebe2-4eee-aa77-8a20acd55539	54007	1.0	confident	Anaerococcus octavius	Bacteria
c06c22b6-d002-4d65-9a1c-230e785d6fd8	54007	1.0	confident	Anaerococcus octavius	Bacteria
213705f6-fb6d-4363-9716-bdef2780aa93	54007	1.0	confident	Anaerococcus octavius	Bacteria
9806db7c-d4a8-46bd-8e2d-1fbfc91ec7eb	54007	1.0	confident	Anaerococcus octavius	Bacteria
3634793e-f48d-4a3a-80a5-36f08e2b90df	54007	1.0	confident	Anaerococcus octavius	Bacteria
aaa28da6-3bde-41c5-bd8c-00ec0bf043e5	54007	1.0	confident	Anaerococcus octavius	Bacteria
4dc1c749-d166-4d86-a74d-03253a35b2ae	54007	1.0	confident	Anaerococcus octavius	Bacteria
9a746427-cc0e-4232-bf41-9c7c758f77bd	54007	1.0	confident	Anaerococcus octavius	Bacteria
e4771273-f0cb-4f57-a3e5-b7eb7dc77aa0	54007	1.0	confident	Anaerococcus octavius	Bacteria
5d83cae7-57ad-4a89-9802-28d6e4200c7e	54007	1.0	confident	Anaerococcus octavius	Bacteria
f30ca6a3-918e-40e9-a1ee-9d97db3c0871	54007	1.0	confident	Anaerococcus octavius	Bacteria
321d46a5-daa3-42ac-b2e6-e80d69252462	54007	1.0	confident	Anaerococcus octavius	Bacteria
c63db2e4-9138-4626-b8aa-a2e68cf8ecb8	54007	1.0	confident	Anaerococcus octavius	Bacteria
9253a2d4-e91c-43ae-991a-14b5eee3dbc1	54007	1.0	confident	Anaerococcus octavius	Bacteria
7cac081c-234a-417a-89df-5802dd671f3a	294	0.7439699494764941	medium	Pseudomonas fluorescens	Bacteria
2c6eb2d4-f673-4e25-ab21-b785f3a6458d	287	0.7595046458913681	medium	Pseudomonas aeruginosa	Bacteria
f797288a-078b-4142-80e6-efb0953b98a5	294	0.7439699494764936	medium	Pseudomonas fluorescens	Bacteria
efe7bd10-96b7-4cfd-84c5-bd0fafa7f550	294	0.7439699494764936	medium	Pseudomonas fluorescens	Bacteria
d4a089b6-f85d-4f59-9883-fa54b32620d3	287	0.6872708532983679	medium	Pseudomonas aeruginosa	Bacteria
96d26f24-b351-45f6-8566-3a50416f63b7	287	0.6883584551225207	medium	Pseudomonas aeruginosa	Bacteria
ed3616be-5a24-451e-ab24-46055ad5d3cc	287	0.8135612459397427	high	Pseudomonas aeruginosa	Bacteria
610025e0-ce18-4980-abd1-ec3b4299f7f1	294	0.7439699494764936	medium	Pseudomonas fluorescens	Bacteria
c4dd087a-babc-428c-b49b-f89caed3d9dc	287	0.6889581466199349	medium	Pseudomonas aeruginosa	Bacteria
21520c1c-c9ec-43fa-9df2-c106b751e177	294	0.7439699494764944	medium	Pseudomonas fluorescens	Bacteria
e21744c5-a779-4387-9cab-6b4768e4662a	294	0.7439699494764936	medium	Pseudomonas fluorescens	Bacteria
690ad5ff-f460-4997-bf5c-17f3130bef66	294	0.7439699494764936	medium	Pseudomonas fluorescens	Bacteria
cf79c906-c570-4a99-9a3f-ed256e3709fc	287	0.6875989441003366	medium	Pseudomonas aeruginosa	Bacteria
7a71ad1b-ee65-4029-8e2e-c34869c22d83	294	0.7439699494764936	medium	Pseudomonas fluorescens	Bacteria
6fd6f5ff-df06-4819-beab-d4499deaa885	294	0.7439699494764936	medium	Pseudomonas fluorescens	Bacteria
95587f53-3f3d-4ca8-90b5-db833b3fb8c8	294	0.7439699494764936	medium	Pseudomonas fluorescens	Bacteria
6ba79cdd-3d20-4123-9738-cbfefe8f43cf	294	0.7439699494764936	medium	Pseudomonas fluorescens	Bacteria
e0720ae8-2eba-4e7e-8c00-5f7f53d58cdb	294	0.7439699494764936	medium	Pseudomonas fluorescens	Bacteria
689c831c-73b8-46f0-b4c4-ecee5d9d7292	287	0.933217198800441	high	Pseudomonas aeruginosa	Bacteria
1a5bb441-17bd-4189-abe2-44f50d77ddba	294	0.7439699494764936	medium	Pseudomonas fluorescens	Bacteria
5abb7d7f-f7a5-4225-ad4c-e82e17aea6be	294	0.7439699494764936	medium	Pseudomonas fluorescens	Bacteria
52572278-9056-4ed4-a0b7-625021624971	294	0.7439699494764936	medium	Pseudomonas fluorescens	Bacteria
7fe86ef5-fa05-4760-9880-c17a258fad4f	287	0.9298385509346452	high	Pseudomonas aeruginosa	Bacteria
be3dc583-5f4c-48b0-9eba-127c5e99ef12	287	0.681045281168824	medium	Pseudomonas aeruginosa	Bacteria
448a2615-2ac9-49a0-bbba-b35164ca886a	294	0.7439699494764936	medium	Pseudomonas fluorescens	Bacteria
14af0c17-8d4c-4322-b1d7-12d08b293969	287	0.7595046458913678	medium	Pseudomonas aeruginosa	Bacteria
791be51e-b5b4-45cf-b9b3-33f550793066	294	0.7439699494764941	medium	Pseudomonas fluorescens	Bacteria
3da2daf5-8aef-4718-a33f-81c298943b13	294	0.7439699494764936	medium	Pseudomonas fluorescens	Bacteria
8f776469-928a-4155-8ece-219ce1917fa7	294	0.7439699494764936	medium	Pseudomonas fluorescens	Bacteria
a1af235c-ef1f-4e84-bed2-aee4d942657a	294	0.7439699494764936	medium	Pseudomonas fluorescens	Bacteria
5b60a427-c111-44d4-9c92-77f723a53449	287	0.8680299354003358	high	Pseudomonas aeruginosa	Bacteria
73b9e703-d250-4489-9601-86582d34db1c	287	0.5126819335491356	medium	Pseudomonas aeruginosa	Bacteria
e575ff98-0285-4ad1-a45a-5302f61499c8	294	0.7439699494764944	medium	Pseudomonas fluorescens	Bacteria
e9543b3f-2d70-4a32-a460-b05741a5fc90	287	0.6848519360262334	medium	Pseudomonas aeruginosa	Bacteria
b1e0908e-b27f-4221-bde4-8cffb5d3b0f4	287	0.5068135115046604	medium	Pseudomonas aeruginosa	Bacteria
12d1b7a4-0bb2-433c-b850-8146df343322	287	0.7595008702382706	medium	Pseudomonas aeruginosa	Bacteria
2d91493c-a3c7-4b81-b20a-714577b99cf3	294	0.743969949476494	medium	Pseudomonas fluorescens	Bacteria
caccc066-4e01-4747-9e67-d4b2f54a0019	294	0.7439699494764936	medium	Pseudomonas fluorescens	Bacteria
7eab60ca-2308-4968-a970-b0abb9154310	294	0.5815904112036758	medium	Pseudomonas fluorescens	Bacteria
d8be1664-7d41-40b3-9fd7-20a374ad1cbe	287	0.5104263426374034	medium	Pseudomonas aeruginosa	Bacteria
be81d837-6177-4363-a213-71d4225ca7c8	294	0.7439699494764944	medium	Pseudomonas fluorescens	Bacteria
757d1c7a-1856-4d30-8988-af12ab749a72	294	0.7439699494764936	medium	Pseudomonas fluorescens	Bacteria
9b326ba5-eecf-4f85-848c-ea3dc9e13aa9	294	0.7439699494764936	medium	Pseudomonas fluorescens	Bacteria
621295ce-7d82-4372-8017-8a1b2543d0a8	287	0.6846717032022369	medium	Pseudomonas aeruginosa	Bacteria
8b56ac21-3b79-42bd-b9d0-e035cb1912f7	294	0.7439699494764936	medium	Pseudomonas fluorescens	Bacteria
b7f595da-d602-4f7d-8a10-442115960cf4	294	0.7439699494764936	medium	Pseudomonas fluorescens	Bacteria
7f0e3313-d7cf-4235-b8b7-8dc9ef618f9c	294	0.743969949476494	medium	Pseudomonas fluorescens	Bacteria
da95f3b2-64bb-4e17-aebe-1b00672fc155	294	0.7439699494764944	medium	Pseudomonas fluorescens	Bacteria
8195bab9-95c1-4a69-805a-7f889d3bcf62	287	0.6878654180511274	medium	Pseudomonas aeruginosa	Bacteria
722d3038-5d6b-45e3-9423-62e97deb7e5d	294	0.6657820230770247	medium	Pseudomonas fluorescens	Bacteria
8e38934c-cfae-47dd-bcf4-74bc903edaba	294	0.7439699494764944	medium	Pseudomonas fluorescens	Bacteria
ae9d3af9-4f27-427d-8a01-35d23ed3cb8b	294	0.7439699494764936	medium	Pseudomonas fluorescens	Bacteria
5f450a7d-2a8b-441c-b8b6-446146a842dd	294	0.7439699494764936	medium	Pseudomonas fluorescens	Bacteria
4a653273-14b3-457d-b1c6-fbd691c4286e	294	0.7439699494764936	medium	Pseudomonas fluorescens	Bacteria
948f87b9-527c-4513-a3bd-e632b3ce18f9	294	0.743969949476494	medium	Pseudomonas fluorescens	Bacteria
9e08598f-1afa-4f66-8604-eac6c8152506	294	0.7439699494764944	medium	Pseudomonas fluorescens	Bacteria
c55b81d2-8fa8-4d1d-b277-6377f2c72d9e	287	0.6855648019111622	medium	Pseudomonas aeruginosa	Bacteria
e8d57b71-c30c-4b99-bb3b-a8dad1698493	294	0.7439699494764936	medium	Pseudomonas fluorescens	Bacteria
c0d5c3da-0a49-4072-9d61-ed2913ff0ad7	294	0.7439699494764936	medium	Pseudomonas fluorescens	Bacteria
a9a7520c-74af-4347-baad-1639dd10ab90	294	0.7439699494764944	medium	Pseudomonas fluorescens	Bacteria
3523721d-f946-4388-80f0-0c2ffa9f0ed3	287	0.6854704402037711	medium	Pseudomonas aeruginosa	Bacteria
16ef76e0-2d00-482b-a4a9-16532d429ecc	294	0.5815904112036748	medium	Pseudomonas fluorescens	Bacteria
7f594789-9749-4c63-a6d2-a8164911a8bf	294	0.7439699494764934	medium	Pseudomonas fluorescens	Bacteria
2963f9f3-b3a6-41e2-b93c-1ddf01533d05	287	0.6871105168779186	medium	Pseudomonas aeruginosa	Bacteria
308ba966-606a-444f-98c2-80be8625e77c	287	0.685405230346562	medium	Pseudomonas aeruginosa	Bacteria
3c910dca-2b8e-4f09-96e1-b19ca6e42407	287	0.6890665929486594	medium	Pseudomonas aeruginosa	Bacteria
ff14296f-a2a4-4eae-ab60-b1e349c64f2c	294	0.7439699494764936	medium	Pseudomonas fluorescens	Bacteria
5095fc58-b595-49ac-b7c2-1555c3699e63	287	0.508827820495243	medium	Pseudomonas aeruginosa	Bacteria
056cac74-4762-411a-a4e9-dbce06612495	287	0.686893848728937	medium	Pseudomonas aeruginosa	Bacteria
bd5e62f8-5655-4c43-bf44-35126168a820	287	0.6815620168034402	medium	Pseudomonas aeruginosa	Bacteria
784698b1-7125-468e-a3a2-91b97c735a22	294	0.7439699494764936	medium	Pseudomonas fluorescens	Bacteria
90516960-5a7f-4697-b2db-28580a3b6f84	294	0.7439699494764936	medium	Pseudomonas fluorescens	Bacteria
0379894c-d135-4584-a32d-0b5908ff89b6	287	0.8164806240592863	high	Pseudomonas aeruginosa	Bacteria
ce11be1f-9ce8-4390-a94f-1ca870a279b1	294	0.7439699494764936	medium	Pseudomonas fluorescens	Bacteria
0d0ad523-734c-4c20-89cc-4187c56a9f5e	287	0.6848091828356397	medium	Pseudomonas aeruginosa	Bacteria
9b6e620a-e0f2-47ea-ad74-cfed3524d8e5	287	0.9339225809912256	high	Pseudomonas aeruginosa	Bacteria
a7729856-a408-478d-be0f-62672afbd286	287	1.0	confident	Pseudomonas aeruginosa	Bacteria
03309fcd-f156-4b9e-9751-35150b871520	287	0.6881975194182145	medium	Pseudomonas aeruginosa	Bacteria
d147186b-4011-4218-8e57-795fb573fc4b	294	0.7439699494764936	medium	Pseudomonas fluorescens	Bacteria
5a55a005-93e0-468e-ab58-9203421541fc	287	0.6874262404669526	medium	Pseudomonas aeruginosa	Bacteria
e043c04b-cd22-41b8-975e-7bc3ca90b76b	294	0.7439699494764936	medium	Pseudomonas fluorescens	Bacteria
d2aa7f03-9a1f-401a-a4cf-1d896750e1b3	287	0.7728242185730327	medium	Pseudomonas aeruginosa	Bacteria
07a75d11-6297-47a7-8d29-65433937a412	287	0.6841447024344849	medium	Pseudomonas aeruginosa	Bacteria
4f92c315-5cc8-4015-a5ab-c632ef8082eb	294	0.7439699494764936	medium	Pseudomonas fluorescens	Bacteria
91cc420b-6413-4b28-b77e-39bb1f69a51b	287	0.687759344894091	medium	Pseudomonas aeruginosa	Bacteria
ae3b2233-9d6a-424e-99b1-713af2232992	294	0.7439699494764964	medium	Pseudomonas fluorescens	Bacteria
2954cc7a-6d03-43e3-956f-ed7845a688d8	294	0.7439699494764944	medium	Pseudomonas fluorescens	Bacteria
e27b0fa6-9b18-40c1-ab48-59f2534a35b8	287	0.6786565991206379	medium	Pseudomonas aeruginosa	Bacteria
16802386-f916-4bfd-be41-0fdbb17acdee	294	0.7439699494764944	medium	Pseudomonas fluorescens	Bacteria
560151a6-581c-4aa7-b007-c3f84674abf2	287	0.9292975961528904	high	Pseudomonas aeruginosa	Bacteria
80effef2-aa49-4236-88f8-9ad886f87929	294	0.7439699494764936	medium	Pseudomonas fluorescens	Bacteria
fac84f08-5496-4a2a-8406-2cdbe34c307f	287	0.9991789393029208	high	Pseudomonas aeruginosa	Bacteria
3f9848e2-24ef-4f11-98af-cbb219b87fed	294	0.7439699494764936	medium	Pseudomonas fluorescens	Bacteria
a32a88d7-c173-4018-aeaf-3d06d89ee050	294	0.581589990870577	medium	Pseudomonas fluorescens	Bacteria
109e4b30-ab75-42f4-9e4a-159f8d71f9d2	294	0.7439699494764936	medium	Pseudomonas fluorescens	Bacteria
a8f84c91-9a11-45fa-8c8c-14153bc029ec	294	0.7439699494764936	medium	Pseudomonas fluorescens	Bacteria
f30c1f58-cfab-4fb9-9e52-81b92da681ef	294	0.7439699494764944	medium	Pseudomonas fluorescens	Bacteria
45770b16-2608-4aed-922b-d4230d6ab892	294	0.7439699494764944	medium	Pseudomonas fluorescens	Bacteria
7d7c3682-2af4-4039-a23f-40d1ab6c6eba	294	0.7439699494764941	medium	Pseudomonas fluorescens	Bacteria
97967ce0-b435-47e2-a473-1c4b59b73f80	287	0.985465653900728	high	Pseudomonas aeruginosa	Bacteria
7ce5e00b-8bb2-45e6-b2e1-82e60c4400fe	294	0.7439699494764936	medium	Pseudomonas fluorescens	Bacteria
dab384dd-8ad0-4753-9424-a1ef09b6fa8b	294	0.7439699494764936	medium	Pseudomonas fluorescens	Bacteria
3248ff33-e83e-4ee0-8d64-ff2689091625	287	0.6860130941797227	medium	Pseudomonas aeruginosa	Bacteria
21ca0b0b-f837-487a-b518-3e416e0b1228	294	0.7439699494764944	medium	Pseudomonas fluorescens	Bacteria
39d47fb5-b54f-4ba9-ad2a-8a5adb8d9e28	294	0.6273110789952613	medium	Pseudomonas fluorescens	Bacteria
4eb3a99b-6f1d-4848-a46a-00ea9d03f2b9	294	0.6273110789952613	medium	Pseudomonas fluorescens	Bacteria
8ab7c47d-adf8-4d3f-b91c-d0cc24d7211e	294	0.6273110789952613	medium	Pseudomonas fluorescens	Bacteria
36d9969f-cff4-491f-9f11-13c246cdd2db	1827300	0.8442219004980942	high	Pseudomonas sp. MYb193	Bacteria
69cf7dd3-141e-4d91-9b96-1cc0edf9e839	1827300	0.8442208153264875	high	Pseudomonas sp. MYb193	Bacteria
32f1b00e-f134-4287-91fc-3cf7ccfbec02	294	0.6273110789952613	medium	Pseudomonas fluorescens	Bacteria
abb9f48e-27cf-4ed1-8a5d-c2a21e74875e	1827300	0.8442229886386216	high	Pseudomonas sp. MYb193	Bacteria
bf6ee735-ff02-4ac5-adfb-781fd9ab6c9d	294	0.6273110789952613	medium	Pseudomonas fluorescens	Bacteria
5ff8ef11-1e21-4675-9d93-fc4c17939fd5	294	0.6273110789952613	medium	Pseudomonas fluorescens	Bacteria
4aebced9-9912-4e52-a56a-f61fc8db3e0c	1827300	0.8442191931092782	high	Pseudomonas sp. MYb193	Bacteria
ca8dff33-1dcb-425f-b18a-4444d4acc153	294	0.6273110789952621	medium	Pseudomonas fluorescens	Bacteria
056e0291-0025-4e94-9056-0c5fc906c9eb	294	0.6273110789952613	medium	Pseudomonas fluorescens	Bacteria
46196cac-6b31-4366-a009-dd12fb33feab	294	0.6273110789952613	medium	Pseudomonas fluorescens	Bacteria
088742c4-8452-4a3c-95f5-bdef75adc38a	1827300	0.8442219004980938	high	Pseudomonas sp. MYb193	Bacteria
bd1adea4-17d9-4b6e-8567-330ca4c51cb6	294	1.0	confident	Pseudomonas fluorescens	Bacteria
af364993-d71c-4c56-8cc1-4b78964502c9	1827300	0.8442197331116668	high	Pseudomonas sp. MYb193	Bacteria
bb78d616-cfbc-4817-91e5-62315d0b1f9d	294	0.6273110789952613	medium	Pseudomonas fluorescens	Bacteria
becac23c-7414-4eee-9619-6860552fea3f	294	0.6273110789952613	medium	Pseudomonas fluorescens	Bacteria
0f8f3ccb-1628-4b3f-a668-acda5a0a4f65	1827300	0.8442197331116682	high	Pseudomonas sp. MYb193	Bacteria
620ee5db-d14f-4cc6-9946-1e9e14ab2dac	294	0.6273110789952613	medium	Pseudomonas fluorescens	Bacteria
0fda7528-c389-45c4-87fe-966a121f44f0	1827300	0.8442202738502345	high	Pseudomonas sp. MYb193	Bacteria
c2b85b8e-4c4c-40f2-94f3-a2a5c0cbe1da	1827300	0.8442208153264871	high	Pseudomonas sp. MYb193	Bacteria
f23a74a7-ba2c-4656-96b8-46c1a5acbf9a	294	1.0	confident	Pseudomonas fluorescens	Bacteria
409ba0ce-3608-4802-9900-8ae3cc1590cf	294	0.6273110789952617	medium	Pseudomonas fluorescens	Bacteria
18a943fc-3f24-4901-897f-039a3a3fcac5	294	0.6273110789952621	medium	Pseudomonas fluorescens	Bacteria
da968d75-dcaa-4516-9f54-c8e70b34872b	294	0.6273110789952613	medium	Pseudomonas fluorescens	Bacteria
4519c7e8-c0d1-4090-96ef-dd7d10c51d73	294	0.6273110789952613	medium	Pseudomonas fluorescens	Bacteria
25f29dc4-0c64-48b0-b73a-41836057b2a0	294	0.6273110789952613	medium	Pseudomonas fluorescens	Bacteria
91fd281a-5dd3-4310-a43e-719af0eaf23f	294	0.6273110789952613	medium	Pseudomonas fluorescens	Bacteria
adeab5d9-4287-4ce1-ab17-0fedd969b3cf	1827300	0.8444055425092993	high	Pseudomonas sp. MYb193	Bacteria
ea32da83-f2e4-4991-bd11-6b032dbbabae	1827300	0.8442208153264875	high	Pseudomonas sp. MYb193	Bacteria
fd20cfbb-4dbc-46ba-a165-c75e7a2beef4	294	0.6273110789952621	medium	Pseudomonas fluorescens	Bacteria
04f855dd-decf-4360-867f-eeae851d5926	1827300	0.8440196983814572	high	Pseudomonas sp. MYb193	Bacteria
8f515ca3-7b98-40d2-a09c-facaa01c3ed3	294	0.6273110789952613	medium	Pseudomonas fluorescens	Bacteria
860f64df-9035-4e99-a51d-8af6beb54304	294	0.6273110789952563	medium	Pseudomonas fluorescens	Bacteria
6b695efa-0f15-4e26-9117-ac9280c0d275	294	0.6273110789952613	medium	Pseudomonas fluorescens	Bacteria
1244b0bb-da57-4468-99c1-b51f20135b33	1827300	0.8442229886386216	high	Pseudomonas sp. MYb193	Bacteria
117baa35-489d-4ec0-9d15-1cd48e570e76	294	0.6273110789952613	medium	Pseudomonas fluorescens	Bacteria
b24741b7-d739-4afb-bdcc-839689474510	1827300	0.8442197331116673	high	Pseudomonas sp. MYb193	Bacteria
59f2f1cb-f7aa-47b3-8ee5-f63d46a3f277	1827300	0.8442229886386218	high	Pseudomonas sp. MYb193	Bacteria
16870138-6e1c-4e08-b92b-50a3ab87ff69	294	0.6273110789952613	medium	Pseudomonas fluorescens	Bacteria
0fc41dae-0dae-44f0-be77-bc4a7d188f25	294	0.6273110789952613	medium	Pseudomonas fluorescens	Bacteria
0492f00c-a11d-4b4f-8502-d402ed3d3d09	294	0.6273110789952617	medium	Pseudomonas fluorescens	Bacteria
eb462cae-1a03-446a-9b84-66e5baedee3c	294	0.6273110789952617	medium	Pseudomonas fluorescens	Bacteria
b3a79cfe-a02e-452b-b0a2-74abfec54a1e	294	0.6273110789952617	medium	Pseudomonas fluorescens	Bacteria
4c1ee7d5-d9c2-406f-b20a-7ff0f2fe1046	1827300	0.8442208153264871	high	Pseudomonas sp. MYb193	Bacteria
bf12195f-7b78-47e1-a621-0c4f277fa21d	294	0.6273110789952613	medium	Pseudomonas fluorescens	Bacteria
293f7454-741f-4101-b1af-cd1f68f3c70f	1827300	0.7845176219506228	medium	Pseudomonas sp. MYb193	Bacteria
ff24a0dd-89d9-4c96-92d9-611206a13340	1827300	0.8442208153264871	high	Pseudomonas sp. MYb193	Bacteria
6cd17f5b-4612-473f-9cea-7908ac83e7ff	294	0.7782643334459637	medium	Pseudomonas fluorescens	Bacteria
0b5b94db-0397-4bb2-b43b-e431447fe79a	1827300	0.8442229886386216	high	Pseudomonas sp. MYb193	Bacteria
e5f52da3-ec3f-4e89-8b29-474ba7c9f34c	294	1.0	confident	Pseudomonas fluorescens	Bacteria
130fa06d-af6c-4ac5-a9e9-c386049717e3	1827300	0.8442213575419358	high	Pseudomonas sp. MYb193	Bacteria
f9004e22-3465-4259-b103-d49eb3c19da9	294	0.6273110789952621	medium	Pseudomonas fluorescens	Bacteria
821a22b2-4af0-46cd-ba16-159082cd0ed0	294	0.9568439089985092	high	Pseudomonas fluorescens	Bacteria
8c406a71-e045-4519-8951-15810c80bb4a	294	0.6273110789952613	medium	Pseudomonas fluorescens	Bacteria
c52a2585-5ebe-49e0-b271-a8a455755e94	294	0.6273110789952613	medium	Pseudomonas fluorescens	Bacteria
3d29ca76-b543-4c66-b261-9b5fa4d06d50	294	0.6273110789952613	medium	Pseudomonas fluorescens	Bacteria
9ed79339-f004-45ad-9a14-6e6d8bcf87a2	294	0.6273110789952613	medium	Pseudomonas fluorescens	Bacteria
a905bc6d-2254-4feb-ae5b-3cabfe804ead	294	0.6273110789952613	medium	Pseudomonas fluorescens	Bacteria
307402b5-bf18-4d2a-b281-a229c221d9a4	1827300	0.8442197331116682	high	Pseudomonas sp. MYb193	Bacteria
c7835b56-6141-4ec6-98db-5743eae57c3b	294	0.6273110789952613	medium	Pseudomonas fluorescens	Bacteria
3e4decf5-c1b4-41e8-b0c3-05429698c6e4	294	0.6273110789952621	medium	Pseudomonas fluorescens	Bacteria
378cf008-67ae-4929-818f-b2892905ec8f	1827300	0.8442229886386216	high	Pseudomonas sp. MYb193	Bacteria
c13b8403-53f3-478c-9b7b-cddcf4831436	1827300	0.8442213575419357	high	Pseudomonas sp. MYb193	Bacteria
8683d5f6-02ab-46ee-ad38-5898cdb6fdec	294	0.6273110789952563	medium	Pseudomonas fluorescens	Bacteria
83783cb9-9e4c-4422-9b2f-5971d9e5365d	294	0.6273110789952613	medium	Pseudomonas fluorescens	Bacteria
62652f3e-b047-45e1-ad98-56a1fb26bca1	1827300	0.8442229886386216	high	Pseudomonas sp. MYb193	Bacteria
d52c169e-9c0d-4fac-ac16-2630d8863179	294	0.627311078995263	medium	Pseudomonas fluorescens	Bacteria
896b9fd5-15e9-4237-9f43-d1d5e42ceb82	294	0.6273110789952613	medium	Pseudomonas fluorescens	Bacteria
e503d295-1050-46e3-b6ea-b3d975a66140	1827300	0.8442229886386212	high	Pseudomonas sp. MYb193	Bacteria
4df3d245-5310-46a8-82a7-a80a88109b86	1827300	0.8442229886386216	high	Pseudomonas sp. MYb193	Bacteria
5a5cc239-1072-400a-9cc1-b5647d8f6947	1827300	0.8442208153264871	high	Pseudomonas sp. MYb193	Bacteria
01fe61a6-1838-464c-b381-e2cccc55b690	294	0.6273110789952613	medium	Pseudomonas fluorescens	Bacteria
f3d6b14b-29f7-4826-9ce4-e2bf7c452d2f	1827300	0.8442224441964816	high	Pseudomonas sp. MYb193	Bacteria
ec46fed6-c0ac-4e6d-9cd9-badc1c2c6c02	294	0.9567704657026802	high	Pseudomonas fluorescens	Bacteria
8883a18f-a6ab-4a78-b224-01b54d5b20b7	1827300	0.8442208153264871	high	Pseudomonas sp. MYb193	Bacteria
63f1b9ba-7270-4b3b-9824-fa12e82204df	294	0.6273110789952613	medium	Pseudomonas fluorescens	Bacteria
eb814663-d130-4909-b04b-7de2b4aa40f0	1827300	0.8442213575419358	high	Pseudomonas sp. MYb193	Bacteria
1842d57d-ec3c-4f26-9c80-778183a9858a	294	0.6273110789952613	medium	Pseudomonas fluorescens	Bacteria
681874f7-bbac-415a-8d63-aaa9c6c295aa	1827300	0.8442202738502358	high	Pseudomonas sp. MYb193	Bacteria
ba0eedfa-94af-4811-8a8d-837c0c381008	1827300	0.8442202738502345	high	Pseudomonas sp. MYb193	Bacteria
4ef72df3-1af2-48bb-a85c-b1550d8abfac	294	1.0	confident	Pseudomonas fluorescens	Bacteria
9e786a16-90bd-457c-99d5-5483b3b8ee0e	294	0.6273110789952613	medium	Pseudomonas fluorescens	Bacteria
e5cca60c-4695-4bb2-8992-3c590c51bb57	294	0.6273110789952613	medium	Pseudomonas fluorescens	Bacteria
c0a8b367-738a-4ef8-889c-94e20c3d660e	294	0.627311078995263	medium	Pseudomonas fluorescens	Bacteria
ae83a751-89b7-4f77-b536-af0f4d409886	294	0.6273110789952613	medium	Pseudomonas fluorescens	Bacteria
69e159eb-f820-48ec-b90d-68e28b073ba3	294	0.6273110789952613	medium	Pseudomonas fluorescens	Bacteria
257eb0b7-1047-4590-846d-754dcfa9b9b1	294	0.6273110789952613	medium	Pseudomonas fluorescens	Bacteria
eb2915cd-cb88-47fb-be31-b70b03aeed10	1827300	0.8442213575419358	high	Pseudomonas sp. MYb193	Bacteria
864625f5-f82c-401f-9c50-81757628fa6f	294	0.6273110789952613	medium	Pseudomonas fluorescens	Bacteria
f51b14a1-f44b-4b08-87c7-4a5073e2727a	1827300	0.8442219004980938	high	Pseudomonas sp. MYb193	Bacteria
304830a2-78cd-4a7f-8a75-75a9f7e29add	294	0.627311078995263	medium	Pseudomonas fluorescens	Bacteria
2ca89863-89b2-40f1-9d04-e0b1790ef036	294	0.6273110789952613	medium	Pseudomonas fluorescens	Bacteria
d41ec31c-88e1-4879-87d4-aed3adf8b7b0	294	1.0	confident	Pseudomonas fluorescens	Bacteria
ac2c1a35-ddf2-4c85-a222-793eda9926de	294	0.6273110789952613	medium	Pseudomonas fluorescens	Bacteria
e95c5866-19cd-41f4-b736-c707bd99ab1e	1827300	0.8442229886386218	high	Pseudomonas sp. MYb193	Bacteria
e17035e3-37f5-4226-8412-e4b3fa08f3e0	294	0.6273110789952613	medium	Pseudomonas fluorescens	Bacteria
a99ce086-dc56-450d-a6f2-dbaf902b8bf2	294	0.8250624054094716	high	Pseudomonas fluorescens	Bacteria
80692719-8de6-4800-809a-f075aed88a72	294	1.0	confident	Pseudomonas fluorescens	Bacteria
5d990ee0-fd11-45c6-842a-7d471caeaaa6	294	0.6273110789952613	medium	Pseudomonas fluorescens	Bacteria
e63dff72-71b9-4437-bb33-b152023c8ef5	1827300	0.8442208153264875	high	Pseudomonas sp. MYb193	Bacteria
aaf8cc27-a64b-4d04-afe5-da7b2912b5c3	1827300	0.9188531308444086	high	Pseudomonas sp. MYb193	Bacteria
144b95b9-615b-41a7-80f5-972df488dbbf	294	1.0	confident	Pseudomonas fluorescens	Bacteria
7a74bee1-88a3-478c-9d51-329c4e4f2e7a	294	0.6273110789952613	medium	Pseudomonas fluorescens	Bacteria
ac58c8d7-a130-4f6f-b7fb-e471965ef9d9	1827300	0.8441946165668442	high	Pseudomonas sp. MYb193	Bacteria
4eb81277-a41a-478e-b186-0e23e5b423ca	1827300	0.8442229886386216	high	Pseudomonas sp. MYb193	Bacteria
e03714dc-7122-4b97-8590-e8fa50885c82	1827300	0.8442208153264875	high	Pseudomonas sp. MYb193	Bacteria
52808720-9f99-4c4d-a131-e9b536fede27	1827300	0.8442208153264875	high	Pseudomonas sp. MYb193	Bacteria
4053ecb6-21ce-4e21-8ed9-57bec267c0ac	1827300	0.8442197331116673	high	Pseudomonas sp. MYb193	Bacteria
2f63f531-72cd-4418-8270-6e562d10873e	294	0.6273110789952613	medium	Pseudomonas fluorescens	Bacteria
d7355c1d-c1a8-49ae-8507-2e00ceb0f487	294	0.6273110789952613	medium	Pseudomonas fluorescens	Bacteria
527af936-4c67-44d3-a637-3b1266978e8e	294	0.6273110789952617	medium	Pseudomonas fluorescens	Bacteria
e6471a17-3fd1-48f0-8f83-12fa11c0b9e0	294	0.6273110789952613	medium	Pseudomonas fluorescens	Bacteria
842c3b0c-2f37-42da-88b4-00b4e24fe754	1827300	0.8442202738502349	high	Pseudomonas sp. MYb193	Bacteria
b46ec9c1-02d3-47a1-82d2-777e3f120a3f	1827300	0.8442229886386216	high	Pseudomonas sp. MYb193	Bacteria
ff1109e4-0de6-49c2-a3e4-433874350664	294	0.6273110789952621	medium	Pseudomonas fluorescens	Bacteria
3cb81590-ba75-4fd7-8e8d-0601e54c86c6	294	0.6273110789952617	medium	Pseudomonas fluorescens	Bacteria
ad07490d-6831-46a5-b992-1b4418b5e77d	1827300	0.8446200175080181	high	Pseudomonas sp. MYb193	Bacteria
ec649757-fb87-4523-bea3-eb036a8e6362	294	0.6273110789952621	medium	Pseudomonas fluorescens	Bacteria
6d108031-d707-4d63-9883-b564d73f86d8	294	0.6273110789952621	medium	Pseudomonas fluorescens	Bacteria
a49591a5-598e-499a-b631-d1ba27c834af	1827300	0.8442229886386216	high	Pseudomonas sp. MYb193	Bacteria
53542384-e02a-4564-9978-516b232dd59c	294	0.978162324831764	high	Pseudomonas fluorescens	Bacteria
0729d5c7-2d1a-464f-9d57-e128bb7b0fb5	294	0.6273110789952613	medium	Pseudomonas fluorescens	Bacteria
12ca1062-00d6-4032-bfe3-f8b3fef5d0f7	294	0.6273110789952617	medium	Pseudomonas fluorescens	Bacteria
79f321f3-bcc4-4fb3-9c1a-ff41c419590c	1827300	0.8442224441964813	high	Pseudomonas sp. MYb193	Bacteria
b9855f97-b35d-439e-82af-fd9966d831fb	294	0.6273110789952613	medium	Pseudomonas fluorescens	Bacteria
287fab8b-6856-491b-8e63-06078736bec6	294	0.6273110789952613	medium	Pseudomonas fluorescens	Bacteria
893070fc-6273-4b48-aa35-cac84273041a	294	0.6273110789952613	medium	Pseudomonas fluorescens	Bacteria
2be07296-1f2a-40de-b1dc-8f6f8db5f684	294	0.6273110789952621	medium	Pseudomonas fluorescens	Bacteria
4ec86070-ca79-4d3e-843e-223533034ff7	294	0.6273110789952613	medium	Pseudomonas fluorescens	Bacteria
5813f4d1-e7ef-4806-b81f-76b036254e24	294	0.6273110789952617	medium	Pseudomonas fluorescens	Bacteria
7648e86b-1e15-4657-9d3a-6b0fb6bf5bc1	1827300	0.8442095972597062	high	Pseudomonas sp. MYb193	Bacteria
fe8dfd69-e8b9-499c-8232-a528565831d2	294	1.0	confident	Pseudomonas fluorescens	Bacteria
c3b943ad-3d1a-4ac0-ae76-a39ecdd98c25	294	0.6273110789952615	medium	Pseudomonas fluorescens	Bacteria
d2dd8d05-cbe9-4cc1-9408-b57cbf53b249	1827300	0.8442224441964818	high	Pseudomonas sp. MYb193	Bacteria
c0871904-c06d-443c-83a9-8d9b338b32e0	294	0.6273110789952613	medium	Pseudomonas fluorescens	Bacteria
e02439e9-fa56-4812-9192-af7ba50c1751	294	1.0	confident	Pseudomonas fluorescens	Bacteria
fc7152e7-1fc3-4092-847d-4b1cf2814b4c	294	0.6273110789952613	medium	Pseudomonas fluorescens	Bacteria
e662ca6c-0e0a-4b6e-8977-bc892f376100	294	0.6273110789952613	medium	Pseudomonas fluorescens	Bacteria
06d0dc89-3769-4baf-b802-f076e5b28ebe	294	0.7786113472146852	medium	Pseudomonas fluorescens	Bacteria
1c28b80b-e1f0-43cf-902d-e5d2337bd43f	1827300	0.8442229886386216	high	Pseudomonas sp. MYb193	Bacteria
3d2c69db-ca20-41cb-b4bd-9c7c725f514e	1827300	0.8442224441964808	high	Pseudomonas sp. MYb193	Bacteria
3656fc7f-59c8-4a96-8d9d-c3f3c8a26d04	294	1.0	confident	Pseudomonas fluorescens	Bacteria
461feab0-ad8f-440d-867f-467f6f46cb66	1827300	0.8442213575419358	high	Pseudomonas sp. MYb193	Bacteria
88d98caa-1ef5-4e5e-a4c2-ccc601c71c4b	1827300	0.844203328053112	high	Pseudomonas sp. MYb193	Bacteria
dd901a33-c1cb-4dea-8fd4-c093d157d95e	294	1.0	confident	Pseudomonas fluorescens	Bacteria
b874b939-1e33-4618-af72-a09ebe683252	294	0.6273110789952613	medium	Pseudomonas fluorescens	Bacteria
e1f0fcaa-19e7-4100-af31-968782eb5d84	294	0.7786108730935255	medium	Pseudomonas fluorescens	Bacteria
882e4e30-c104-4cde-9bf0-e6909671b69a	1827300	0.7217365407994126	medium	Pseudomonas sp. MYb193	Bacteria
b9e97072-06bc-4abc-b12b-ace38feffd9d	294	0.6273110789952613	medium	Pseudomonas fluorescens	Bacteria
8db54a19-75f5-43b3-a916-a1a41dfdb558	294	0.6273110789952613	medium	Pseudomonas fluorescens	Bacteria
485e002a-483b-4524-8111-9a04869b63f0	1827300	0.8442224441964818	high	Pseudomonas sp. MYb193	Bacteria
29f067da-ccdf-4acf-b9f2-1d5601783474	294	0.6273110789952613	medium	Pseudomonas fluorescens	Bacteria
813a78de-8d1c-4a80-8faa-7b96ce041271	1827300	0.8443188147079861	high	Pseudomonas sp. MYb193	Bacteria
55991b6d-831c-410a-a80f-8380b0410226	1827300	0.8442224441964818	high	Pseudomonas sp. MYb193	Bacteria
d1b3c281-a64f-4e8d-a902-12ffde6354c6	1827300	0.8442219004980942	high	Pseudomonas sp. MYb193	Bacteria
409e2af9-39bd-4d0e-98d0-2da0d55aed47	294	0.6273110789952621	medium	Pseudomonas fluorescens	Bacteria
b55777f3-c5af-4cb1-91eb-afdc20361260	80878	1.0	confident	Acidovorax temperans	Bacteria
43b0ce5c-6fa3-4d71-ba30-3d9d92def719	80878	1.0	confident	Acidovorax temperans	Bacteria
18e711ef-7c34-4b08-914f-c2eafcc53880	80878	1.0	confident	Acidovorax temperans	Bacteria
8ae26fa4-f9f9-41b9-a2ff-ca7645f2db86	80878	1.0	confident	Acidovorax temperans	Bacteria
55c43c99-4c4d-4587-ae22-09ff607076fd	80878	1.0	confident	Acidovorax temperans	Bacteria
c78500f4-ad61-40b3-ad9d-16f82a6332cb	80878	1.0	confident	Acidovorax temperans	Bacteria
20feac9c-cb0c-4703-8539-147ed620eb7b	80878	1.0	confident	Acidovorax temperans	Bacteria
2ac1fe0f-401f-4e8a-8d3f-1823508e0d8b	80878	1.0	confident	Acidovorax temperans	Bacteria
e215a341-3bdc-4266-b7d5-b42d712309ea	80878	1.0	confident	Acidovorax temperans	Bacteria
9ed182e6-2b61-4adc-802f-aa0ccb2bd415	80878	1.0	confident	Acidovorax temperans	Bacteria
c59ed43b-952d-4b4b-9993-9d5374f16fe1	80878	1.0	confident	Acidovorax temperans	Bacteria
1c1eed88-2f56-4940-a1bd-1cba467253f1	80878	1.0	confident	Acidovorax temperans	Bacteria
6efc43aa-ef76-4d62-b197-952106650df3	80878	1.0	confident	Acidovorax temperans	Bacteria
891a86dd-51bd-4a1c-b479-5cce777d5967	80878	1.0	confident	Acidovorax temperans	Bacteria
e65b566f-a346-41f7-ab34-89da58a11a5f	80878	1.0	confident	Acidovorax temperans	Bacteria
5f8a2c5b-84a7-4535-b5ca-2d07c88ed3ac	80878	1.0	confident	Acidovorax temperans	Bacteria
0e4e1ec2-84aa-455f-a58e-5fe17181c221	80878	1.0	confident	Acidovorax temperans	Bacteria
9bd953b0-928d-4c76-a959-51e887040702	80878	1.0	confident	Acidovorax temperans	Bacteria
a646f9d4-38e6-4d1e-8473-fba87a90b295	80878	1.0	confident	Acidovorax temperans	Bacteria
f425b936-7364-4c18-93b6-c6ae515ebec1	80878	1.0	confident	Acidovorax temperans	Bacteria
3c63fca9-5ae9-4f6f-a7ed-3dcffeaca43f	80878	1.0	confident	Acidovorax temperans	Bacteria
c87e464b-f068-499d-97a6-4f1a855ce736	80878	1.0	confident	Acidovorax temperans	Bacteria
0e0d183c-18a7-4b84-8b17-95c287b56a3e	80878	1.0	confident	Acidovorax temperans	Bacteria
bf335f84-403a-4cfd-83b8-79ac0a135397	80878	1.0	confident	Acidovorax temperans	Bacteria
d7f69724-94ce-44ed-bce3-c8b85daff5b1	80878	1.0	confident	Acidovorax temperans	Bacteria
ed5e1649-b2da-4ebd-baa8-10d0a275601c	80878	1.0	confident	Acidovorax temperans	Bacteria
271e2128-bec7-4c9f-84a2-f0d273d0ec99	80878	1.0	confident	Acidovorax temperans	Bacteria
78a857c8-d60e-43ca-8d26-bb6c4ffce220	80878	1.0	confident	Acidovorax temperans	Bacteria
415d75fb-6faf-4a3b-8440-e55fe7f4d2df	80878	1.0	confident	Acidovorax temperans	Bacteria
2667c188-28c8-4d86-893b-57d4fdc978da	80878	1.0	confident	Acidovorax temperans	Bacteria
e49ad6b4-cd82-493c-bf76-6576b96b4109	80878	1.0	confident	Acidovorax temperans	Bacteria
b5ea90d8-0758-48e0-ac5b-4e60a44ef2ce	80878	1.0	confident	Acidovorax temperans	Bacteria
efd51beb-251b-41ec-9bfb-fc132cc0fc53	80878	1.0	confident	Acidovorax temperans	Bacteria
989b2193-98cd-4475-b5dc-d9b55a4cc7a7	80878	1.0	confident	Acidovorax temperans	Bacteria
9b5cb841-b408-45b9-af6b-40ad9dfa2b36	80878	1.0	confident	Acidovorax temperans	Bacteria
0f23ad8a-5ffc-4486-96f9-ae0f2b16f62a	80878	1.0	confident	Acidovorax temperans	Bacteria
205f8aed-da6e-44e4-a11b-871dea5518b8	80878	1.0	confident	Acidovorax temperans	Bacteria
f88bbedf-638c-4209-9f0a-7c7ccde75e70	80878	1.0	confident	Acidovorax temperans	Bacteria
79707072-f244-421d-adc6-22eb0594ca15	80878	1.0	confident	Acidovorax temperans	Bacteria
3a87598f-53d8-4bab-a5a4-7f491cd4910b	80878	1.0	confident	Acidovorax temperans	Bacteria
fa25b3aa-6a55-4c01-b4bf-7f226b320b13	80878	1.0	confident	Acidovorax temperans	Bacteria
b2c8ad1d-327b-4932-982f-b7f3f5a5dbba	80878	1.0	confident	Acidovorax temperans	Bacteria
20969fa9-8ac8-4f28-8d45-f25cb0da1bf5	80878	1.0	confident	Acidovorax temperans	Bacteria
3987d77f-3cbe-42cd-9e42-a77ec458499b	80878	1.0	confident	Acidovorax temperans	Bacteria
5cbd3f83-add3-4b58-813c-286222f70d4f	80878	1.0	confident	Acidovorax temperans	Bacteria
52202d58-20c6-43d5-81e3-9509bc78fd02	80878	1.0	confident	Acidovorax temperans	Bacteria
df1ddaa2-2822-4565-8ca7-8b7cfb16cf6c	80878	1.0	confident	Acidovorax temperans	Bacteria
6339b108-1715-4a22-8321-9a5b0589bf00	80878	1.0	confident	Acidovorax temperans	Bacteria
f058f4a4-19e3-4b95-a487-472da24e2328	80878	1.0	confident	Acidovorax temperans	Bacteria
56adf4fb-9781-414d-8e10-75417cdfd1d4	80878	1.0	confident	Acidovorax temperans	Bacteria
eacd3930-7c63-44e4-ba10-90d62971a7e6	80878	1.0	confident	Acidovorax temperans	Bacteria
9609f488-e771-42b0-b7c0-3fdacde53d7a	80878	1.0	confident	Acidovorax temperans	Bacteria
9811d8b2-7c9b-47d7-a4f4-8b9667aa18bd	80878	1.0	confident	Acidovorax temperans	Bacteria
d19e7078-b118-458b-832f-d0c341882195	80878	1.0	confident	Acidovorax temperans	Bacteria
a29ffe80-e389-413f-a520-581da5c15f43	80878	1.0	confident	Acidovorax temperans	Bacteria
f74569fb-18b8-45a4-8bdc-ad8af0c7a532	80878	1.0	confident	Acidovorax temperans	Bacteria
ea0cae5d-ea12-4fe4-804f-9244296e87ce	80878	1.0	confident	Acidovorax temperans	Bacteria
0efce0f4-2a00-412d-9853-5c823ba4f185	80878	1.0	confident	Acidovorax temperans	Bacteria
a7f1ec50-25ca-49a4-8837-0cf6317dabbb	80878	1.0	confident	Acidovorax temperans	Bacteria
56ef9c83-4fb2-4ffb-bb0c-6f14137bf1de	80878	1.0	confident	Acidovorax temperans	Bacteria
a59468c6-a53a-400d-a3ad-c30d46c22bd7	80878	1.0	confident	Acidovorax temperans	Bacteria
ad3f35c0-0e1d-42a2-a842-2af3b8559b91	80878	1.0	confident	Acidovorax temperans	Bacteria
4b5ca2db-d858-4733-b3c8-517801f37e6b	80878	1.0	confident	Acidovorax temperans	Bacteria
468df075-df15-4a04-b7c8-eaf863277f99	80878	1.0	confident	Acidovorax temperans	Bacteria
58348d21-87b8-4320-88fc-67e24a238a16	80878	1.0	confident	Acidovorax temperans	Bacteria
5d78dd50-b7b6-4f69-a033-c898a1ac3d41	80878	1.0	confident	Acidovorax temperans	Bacteria
4a47cee0-2db1-4309-84c4-cfce360b7c29	80878	1.0	confident	Acidovorax temperans	Bacteria
2dca195e-cc18-4330-8200-e64f0a370835	80878	1.0	confident	Acidovorax temperans	Bacteria
6f7da7cc-2086-48d7-8fed-f36641667ac5	80878	1.0	confident	Acidovorax temperans	Bacteria
d7bac936-eee4-4a15-9db7-23191d31bb2a	80878	1.0	confident	Acidovorax temperans	Bacteria
bc015e68-3000-4bb8-a8a7-7abdff99bfdd	80878	1.0	confident	Acidovorax temperans	Bacteria
963698f7-c1a3-46f0-941a-5ca8d9722840	80878	1.0	confident	Acidovorax temperans	Bacteria
1bb7e9e8-1736-4140-8c1e-3bd89500c6a6	80878	1.0	confident	Acidovorax temperans	Bacteria
526f6a80-9ef8-48ed-8e65-6da0175fb100	80878	1.0	confident	Acidovorax temperans	Bacteria
eb43aa6c-2cd7-4ccb-a9e5-2f2cea815102	80878	1.0	confident	Acidovorax temperans	Bacteria
99da53c5-8f68-40cf-8035-d1c6cc7d1ce5	80878	1.0	confident	Acidovorax temperans	Bacteria
cdebd26a-4efa-4f88-990a-fb7845d3ffd7	80878	1.0	confident	Acidovorax temperans	Bacteria
08d54c6f-16cd-49cc-98a5-8a22faced7e8	80878	1.0	confident	Acidovorax temperans	Bacteria
da2dc741-f1ca-450e-9063-d9fb97c92096	80878	1.0	confident	Acidovorax temperans	Bacteria
8aa497af-ee32-4969-9742-9af951461666	80878	1.0	confident	Acidovorax temperans	Bacteria
f12cc142-5b56-45ff-ad72-bf412685b2fb	80878	1.0	confident	Acidovorax temperans	Bacteria
eb2db853-fe58-44bf-8b77-5c8a85c0ed2a	80878	1.0	confident	Acidovorax temperans	Bacteria
a7c00502-7a85-437d-ae4f-7bacfd4d4513	80878	1.0	confident	Acidovorax temperans	Bacteria
f41f575e-d503-4a7b-b492-021cbed1ca24	80878	1.0	confident	Acidovorax temperans	Bacteria
71e52e23-599c-4114-a64b-1a7f107a4ed6	80878	1.0	confident	Acidovorax temperans	Bacteria
452c516d-235f-4f19-9945-32391da63f2e	80878	1.0	confident	Acidovorax temperans	Bacteria
9110db18-411a-4ea0-90ac-0c4442982eaa	80878	1.0	confident	Acidovorax temperans	Bacteria
80a4fe43-aca6-448c-b1d3-cbb8d6f99820	80878	1.0	confident	Acidovorax temperans	Bacteria
dd8e3b29-e42a-410e-b923-5f5350dc7125	80878	1.0	confident	Acidovorax temperans	Bacteria
0136638f-1a2e-4998-921c-9d06420dbf4b	80878	1.0	confident	Acidovorax temperans	Bacteria
d58961f0-52ae-4c2c-bc56-c3fae2b24aed	80878	1.0	confident	Acidovorax temperans	Bacteria
655f311e-cbd1-4160-9049-e134a0931ac4	80878	1.0	confident	Acidovorax temperans	Bacteria
5e288bf5-c08e-44c6-af64-4848ed9dd47e	80878	1.0	confident	Acidovorax temperans	Bacteria
b9ee21f7-103d-49b8-ac30-96b4ab7eee9e	80878	1.0	confident	Acidovorax temperans	Bacteria
b7898ee2-74fd-446f-acc5-2c937b25a9f9	80878	1.0	confident	Acidovorax temperans	Bacteria
da3dee73-b0ad-49a0-b75b-b7e0053f3b8b	80878	1.0	confident	Acidovorax temperans	Bacteria
1d970742-ba87-4576-abfd-3d5cb8ae9f44	80878	1.0	confident	Acidovorax temperans	Bacteria
f56c6d1f-302c-4d56-b1ea-098136d5891b	80878	1.0	confident	Acidovorax temperans	Bacteria
4372c8fa-3b02-41d7-ad39-e75c8aa3db73	80878	1.0	confident	Acidovorax temperans	Bacteria
3da745e2-577b-4177-863c-5c288ac5d187	80878	1.0	confident	Acidovorax temperans	Bacteria
4ce38963-3232-4883-a158-0f966287ba28	80878	1.0	confident	Acidovorax temperans	Bacteria
67d252a7-0dde-4253-b153-8aadcba0af66	80878	1.0	confident	Acidovorax temperans	Bacteria
e6d3f8bd-2909-4707-be4e-e67690ebc6ce	80878	1.0	confident	Acidovorax temperans	Bacteria
3851795f-5866-4687-940e-859b278f7f87	80878	1.0	confident	Acidovorax temperans	Bacteria
c041d885-7c3f-42c8-97f7-5021da5edbec	80878	1.0	confident	Acidovorax temperans	Bacteria
cf42aac7-23c4-48db-83e3-2e8a91d1cf1d	80878	1.0	confident	Acidovorax temperans	Bacteria
14300839-2fe2-4d05-8314-385e4b128314	80878	1.0	confident	Acidovorax temperans	Bacteria
5fbfc4c3-3b79-43e9-84fd-f908d830c20e	80878	1.0	confident	Acidovorax temperans	Bacteria
69d11e89-4dd9-4312-95db-5b8c4788742a	80878	1.0	confident	Acidovorax temperans	Bacteria
d7a29ff5-bcb9-4772-8013-52c58e2ee150	80878	1.0	confident	Acidovorax temperans	Bacteria
bfa4d138-5882-4b93-aa4a-141e491370ff	80878	1.0	confident	Acidovorax temperans	Bacteria
291f73c9-50ae-43e3-a43b-48ed65b6ad5b	80878	1.0	confident	Acidovorax temperans	Bacteria
9f768ff9-fc9c-49cc-9c16-d3569992e7f9	80878	1.0	confident	Acidovorax temperans	Bacteria
7b07dc25-5244-4fd0-b367-1043f60d7a8e	80878	1.0	confident	Acidovorax temperans	Bacteria
e457d1eb-682f-470b-a4e2-9e5e70dbef3e	80878	1.0	confident	Acidovorax temperans	Bacteria
432ba675-ee8c-4f25-a559-d116d0b35e4c	80878	1.0	confident	Acidovorax temperans	Bacteria
2a325db8-fe4d-4a70-9c3d-d84422b39d09	80878	1.0	confident	Acidovorax temperans	Bacteria
08048361-a301-4adf-9b8f-41da7ecc0888	80878	1.0	confident	Acidovorax temperans	Bacteria
9fe8c897-285a-43a4-b42a-20dd9570f84f	80878	1.0	confident	Acidovorax temperans	Bacteria
68c6735f-0c69-4c68-952a-7517469191f6	80878	1.0	confident	Acidovorax temperans	Bacteria
b649c878-3ac8-40b6-a20d-74d6ee8781c0	80878	1.0	confident	Acidovorax temperans	Bacteria
e07c7baa-c8f0-4722-ab1c-8360cf87f4a2	80878	1.0	confident	Acidovorax temperans	Bacteria
3dc43282-2917-4992-a8be-f8e909598de8	80878	1.0	confident	Acidovorax temperans	Bacteria
db717641-abb0-4dd1-a1ff-e734987284ba	80878	1.0	confident	Acidovorax temperans	Bacteria
fb6affb6-8f1f-4b46-9f9a-b1cc3e65f83b	80878	1.0	confident	Acidovorax temperans	Bacteria
d38794d0-a4e5-4155-b844-c1f64ceed847	80878	1.0	confident	Acidovorax temperans	Bacteria
48411730-69c0-4aa9-b91d-85089af8cad1	80878	1.0	confident	Acidovorax temperans	Bacteria
c5c63091-4bab-4ca5-b129-ff06d7dc5e9a	80878	1.0	confident	Acidovorax temperans	Bacteria
b3e70760-09b5-4280-88df-6e67730ea014	80878	1.0	confident	Acidovorax temperans	Bacteria
eee1dcf1-f71b-40c6-8448-7e5aa3d0c2a8	80878	1.0	confident	Acidovorax temperans	Bacteria
15b42a62-6b95-4127-a210-219c328766c0	80878	1.0	confident	Acidovorax temperans	Bacteria
42125abd-2953-4908-8ee4-6e77d6e6cedb	80878	1.0	confident	Acidovorax temperans	Bacteria
27b4a2b4-fa37-4bfb-a529-79b870c67fa8	80878	1.0	confident	Acidovorax temperans	Bacteria
62f1f204-915d-421f-b489-70075296f8b6	80878	1.0	confident	Acidovorax temperans	Bacteria
115d555f-c5c4-4c00-a885-4039243a638b	80878	1.0	confident	Acidovorax temperans	Bacteria
a6d4f2e7-80a5-4cd0-9ca4-3f2bc1d75d08	80878	1.0	confident	Acidovorax temperans	Bacteria
8d88d2fd-acc7-4437-84c6-8ea3b3f71ab8	80878	1.0	confident	Acidovorax temperans	Bacteria
3927acdb-2458-4fb5-be82-55098d3c2588	80878	1.0	confident	Acidovorax temperans	Bacteria
b562fb83-7e3b-4142-8b89-a5ce8f4c0d80	80878	1.0	confident	Acidovorax temperans	Bacteria
689201cf-5bb2-4a4d-98ca-29169b7be379	80878	1.0	confident	Acidovorax temperans	Bacteria
551ce75f-161b-4aa1-bfad-575223d91940	80878	1.0	confident	Acidovorax temperans	Bacteria
0318f3b4-cf65-4b16-97d1-7c04b426da71	80878	1.0	confident	Acidovorax temperans	Bacteria
3f2460ec-5ad8-4dca-b9b0-c395a0fe1373	80878	1.0	confident	Acidovorax temperans	Bacteria
4d6f4dcd-0af5-4098-aed4-c00419e2ca67	80878	1.0	confident	Acidovorax temperans	Bacteria
51ad25d6-126e-4ddf-8463-b7dc5235de80	80878	1.0	confident	Acidovorax temperans	Bacteria
fcaa2d7e-7649-4652-8541-4516898ca729	80878	1.0	confident	Acidovorax temperans	Bacteria
5b4dd580-5229-4cc4-8bb3-3bba8f420479	80878	1.0	confident	Acidovorax temperans	Bacteria
7f0df4cb-0377-4eee-adca-03599ff8914f	80878	1.0	confident	Acidovorax temperans	Bacteria
4ef3b731-908e-4f22-bcbb-fda8d03fd97c	80878	1.0	confident	Acidovorax temperans	Bacteria
3e27c098-afd5-4575-83ea-3bb09de6de24	80878	1.0	confident	Acidovorax temperans	Bacteria
c1279205-6f2e-4728-b808-445591a6273a	80878	1.0	confident	Acidovorax temperans	Bacteria
76190284-758c-42c6-8562-13234cc1d838	80878	1.0	confident	Acidovorax temperans	Bacteria
819392a0-b1ec-41bb-8f95-4ce36e6790f8	80878	1.0	confident	Acidovorax temperans	Bacteria
c8c02485-e078-40c5-96de-b8aec69fe768	80878	1.0	confident	Acidovorax temperans	Bacteria
324a608b-e70a-48f4-9b03-a3391df124c9	80878	1.0	confident	Acidovorax temperans	Bacteria
f12ee38f-ce12-4ac4-a7b8-8532c00c1e62	80878	1.0	confident	Acidovorax temperans	Bacteria
850d5073-bdf3-4052-8930-2fb1c0ed2b61	80878	1.0	confident	Acidovorax temperans	Bacteria
065fa724-df6f-4199-a55f-32ac89993b85	80878	1.0	confident	Acidovorax temperans	Bacteria
3d4fa2e3-56b4-4d84-8afa-a533e7ce4514	80878	1.0	confident	Acidovorax temperans	Bacteria
dcd23a02-b934-4969-ac26-6b970e18f4a6	80878	1.0	confident	Acidovorax temperans	Bacteria
302eb003-623d-4fed-8b51-70e58e1e7c7c	80878	1.0	confident	Acidovorax temperans	Bacteria
8c2743bf-779d-4b4c-aaa0-87eb8031c83c	80878	1.0	confident	Acidovorax temperans	Bacteria
ec3c848f-475e-4334-b60c-7d26f51e2d55	80878	1.0	confident	Acidovorax temperans	Bacteria
00a5f5e0-88b9-4c90-ba31-97e6ee617378	80878	1.0	confident	Acidovorax temperans	Bacteria
9b6bfb92-356d-4fe7-8683-5079aa9e1c44	80878	1.0	confident	Acidovorax temperans	Bacteria
475738ac-e6b1-4b55-8411-a9b83a4f0b53	80878	1.0	confident	Acidovorax temperans	Bacteria
2093d3d8-839e-4c0a-a6e6-8d1ea398b4bc	80878	1.0	confident	Acidovorax temperans	Bacteria
8e2abd74-9e61-4a0b-a883-6076bb681ae0	80878	1.0	confident	Acidovorax temperans	Bacteria
84129681-d232-4459-8076-bd04f1ab24c4	80878	1.0	confident	Acidovorax temperans	Bacteria
1dc7602d-78b9-47ee-94fb-747bf15a746c	80878	1.0	confident	Acidovorax temperans	Bacteria
e8ffb876-38be-4fa0-9765-dbc3b77aefde	80878	1.0	confident	Acidovorax temperans	Bacteria
6e90b7ac-37fb-4e06-97d8-f9281202370b	80878	1.0	confident	Acidovorax temperans	Bacteria
8e79fbb8-24e3-4cde-8e5a-9499aac8c5cb	80878	1.0	confident	Acidovorax temperans	Bacteria
ccc16a74-f6ed-4d0a-8619-be517d0b1e57	80878	1.0	confident	Acidovorax temperans	Bacteria
73f48e79-7d74-4095-9ba8-4b02b628c6dd	80878	1.0	confident	Acidovorax temperans	Bacteria
07052bb4-bdaa-48df-a27b-c07c044d9098	80878	1.0	confident	Acidovorax temperans	Bacteria
54b6280b-cae2-417d-82d0-194bfea1c0ac	80878	1.0	confident	Acidovorax temperans	Bacteria
5d8747b5-8409-4249-bb78-76330cd1d412	80878	1.0	confident	Acidovorax temperans	Bacteria
ca65034b-9343-45ea-9592-46e536754de0	80878	1.0	confident	Acidovorax temperans	Bacteria
ea020397-f249-4d43-9745-51980be9e6a9	80878	1.0	confident	Acidovorax temperans	Bacteria
33af2618-2d19-457c-a085-e03f7681a6ec	80878	1.0	confident	Acidovorax temperans	Bacteria
dd431bb0-4d1e-4e46-881b-8f53cd0441a6	80878	1.0	confident	Acidovorax temperans	Bacteria
7e9c3322-05b1-4f60-b16a-a175001bc893	80878	1.0	confident	Acidovorax temperans	Bacteria
92cb420a-e5f2-496e-9a22-970abf3bac94	80878	1.0	confident	Acidovorax temperans	Bacteria
86e361c8-44e9-4d4e-808a-27ec89727473	80878	1.0	confident	Acidovorax temperans	Bacteria
9870f711-b355-443e-ac9f-f34dffdd41c9	80878	1.0	confident	Acidovorax temperans	Bacteria
fd08c356-cab8-4c24-9753-e5db4e7bed35	80878	1.0	confident	Acidovorax temperans	Bacteria
92362c85-4af0-4507-8157-d087f2a2e028	80878	1.0	confident	Acidovorax temperans	Bacteria
4fb0f84f-1228-4b19-9ee7-d4fae4b7de03	80878	1.0	confident	Acidovorax temperans	Bacteria
87c57e11-786d-4528-9104-64e38c9af211	80878	1.0	confident	Acidovorax temperans	Bacteria
4381fc88-f8b7-4f51-8924-d486d63d87d4	80878	1.0	confident	Acidovorax temperans	Bacteria
cd81bfcc-8847-431a-b968-0dad4ae975cf	80878	1.0	confident	Acidovorax temperans	Bacteria
fed1b706-b8d9-43c2-b45f-ba161d9a312a	80878	1.0	confident	Acidovorax temperans	Bacteria
2086e146-3ff8-4fc1-ae7e-f687e7f8f1cf	80878	1.0	confident	Acidovorax temperans	Bacteria
98fad175-fe15-4c2e-a9f7-1901e0707572	80878	1.0	confident	Acidovorax temperans	Bacteria
d01a7267-afc3-4090-a9af-abc388a574f0	80878	1.0	confident	Acidovorax temperans	Bacteria
a47b2e84-f42d-4a47-9c4e-a5d08023de9e	80878	1.0	confident	Acidovorax temperans	Bacteria
c884f4c8-6e53-4e5c-ace2-0bcc122c1cd1	80878	1.0	confident	Acidovorax temperans	Bacteria
06a0f564-077b-4b81-b31d-53dac43d8b44	80878	1.0	confident	Acidovorax temperans	Bacteria
f569438a-f3b9-43b2-ab34-b07a7853d928	80878	1.0	confident	Acidovorax temperans	Bacteria
8d79e45c-7975-45b8-a132-2c21f4fca814	80878	1.0	confident	Acidovorax temperans	Bacteria
64acbb01-4f3e-4b80-8e3d-e6a86a88914a	80878	1.0	confident	Acidovorax temperans	Bacteria
de3d3456-1c46-4c21-b8a3-cee73963be64	80878	1.0	confident	Acidovorax temperans	Bacteria
f94cb726-557e-4f6a-bbb1-8e7ce9eb715d	80878	1.0	confident	Acidovorax temperans	Bacteria
df37882c-f1f9-48ae-9381-5cc869fa23c6	80878	1.0	confident	Acidovorax temperans	Bacteria
e0ed5ddc-5ea4-499b-8114-49c895d0e162	80878	1.0	confident	Acidovorax temperans	Bacteria
2f325c6e-a8ef-42e3-b276-20a91410dac9	80878	1.0	confident	Acidovorax temperans	Bacteria
5916ed83-88d4-4d05-b59f-5dd94152dc27	80878	1.0	confident	Acidovorax temperans	Bacteria
ef41fca5-b2bf-45bc-8fe4-a6677bfc405f	80878	1.0	confident	Acidovorax temperans	Bacteria
e03c1904-f71d-4655-bc24-f3457b5a89a0	80878	1.0	confident	Acidovorax temperans	Bacteria
a7d6321e-b13e-4b73-a6e2-2cf3162ed96f	80878	1.0	confident	Acidovorax temperans	Bacteria
04201ecd-23eb-4b07-ae15-4896ae9f3d58	80878	1.0	confident	Acidovorax temperans	Bacteria
b2872b9d-3643-4d24-8741-4ada326aa98d	80878	1.0	confident	Acidovorax temperans	Bacteria
80147f3d-a14a-433e-ad08-29e44a3f8a58	80878	1.0	confident	Acidovorax temperans	Bacteria
f6f5e40c-4dd3-4113-b463-9555e51c6107	80878	1.0	confident	Acidovorax temperans	Bacteria
7cff3043-481f-4265-bd07-c14fbf93b1d6	80878	1.0	confident	Acidovorax temperans	Bacteria
95b5fbc8-6cad-42d5-a4cd-a462a7884082	80878	1.0	confident	Acidovorax temperans	Bacteria
c10665f8-e98d-492e-8ab4-7f25081d9bd3	80878	1.0	confident	Acidovorax temperans	Bacteria
c3af1f88-05ca-4cad-a183-6ac1af433957	80878	1.0	confident	Acidovorax temperans	Bacteria
f5c0631e-e961-403b-bb75-b031ea75eda3	80878	1.0	confident	Acidovorax temperans	Bacteria
6a8cce63-be65-4e4d-8ae5-40032f4ef1ff	80878	1.0	confident	Acidovorax temperans	Bacteria
8aefa897-bbc2-4257-b5dc-26e957a97811	2060307	1.0	confident	Enterococcus sp. FDAARGOS_375	Bacteria
04486c38-ec1a-482b-9235-60ca4cd88483	2060307	1.0	confident	Enterococcus sp. FDAARGOS_375	Bacteria
ef698862-40f6-419f-a314-9711148976cd	2060307	1.0	confident	Enterococcus sp. FDAARGOS_375	Bacteria
ebf2c7c0-929d-4637-ac1d-8abe779416e1	2060307	1.0	confident	Enterococcus sp. FDAARGOS_375	Bacteria
c12accbf-b503-45f0-9d2f-f1decbf717d8	2060307	1.0	confident	Enterococcus sp. FDAARGOS_375	Bacteria
243892a0-451d-44ff-a6e2-8c64f1b82979	2060307	1.0	confident	Enterococcus sp. FDAARGOS_375	Bacteria
df1e7977-89e3-4cf0-99e5-883eb6c65c79	2060307	1.0	confident	Enterococcus sp. FDAARGOS_375	Bacteria
f0122735-ef4e-422a-b5e6-96d8019f6acb	2060307	1.0	confident	Enterococcus sp. FDAARGOS_375	Bacteria
fb7e5e99-05ba-4445-9bd7-44257c8ca90a	2060307	1.0	confident	Enterococcus sp. FDAARGOS_375	Bacteria
33d96dce-62fc-406e-a00d-ca1fec18038e	2060307	1.0	confident	Enterococcus sp. FDAARGOS_375	Bacteria
4c15c15d-36ba-4200-b811-cd2f46b93db7	2060307	1.0	confident	Enterococcus sp. FDAARGOS_375	Bacteria
0cdf1b53-3b8c-4ea5-a044-0caa96efbbaa	2060307	1.0	confident	Enterococcus sp. FDAARGOS_375	Bacteria
204b4493-d22c-4f94-9311-e88b728fdc2b	2060307	1.0	confident	Enterococcus sp. FDAARGOS_375	Bacteria
7005215d-5c97-4fcc-bd8f-cf3c471be202	2060307	1.0	confident	Enterococcus sp. FDAARGOS_375	Bacteria
9d7f04f4-f8b1-4e18-9737-2ab37e1ab136	2060307	1.0	confident	Enterococcus sp. FDAARGOS_375	Bacteria
c88afffa-8197-4e4b-82e0-24c43c495b59	2060307	1.0	confident	Enterococcus sp. FDAARGOS_375	Bacteria
9999cde5-5706-4f78-bdd1-99a19fb8c815	2060307	1.0	confident	Enterococcus sp. FDAARGOS_375	Bacteria
0ec99cd5-191a-4751-97c9-fba8a3ceffb5	2060307	1.0	confident	Enterococcus sp. FDAARGOS_375	Bacteria
bd0c70f9-f8aa-4d50-91f7-27035f97bddc	2060307	1.0	confident	Enterococcus sp. FDAARGOS_375	Bacteria
c69042fe-ed66-4882-b4eb-2a70dc2829d7	2060307	1.0	confident	Enterococcus sp. FDAARGOS_375	Bacteria
7e38f625-b7c2-4ad1-908b-fe858d3762a0	2060307	1.0	confident	Enterococcus sp. FDAARGOS_375	Bacteria
b0fd98d9-bbec-4457-8f2e-77e46bddacd6	2060307	1.0	confident	Enterococcus sp. FDAARGOS_375	Bacteria
16c0d82f-e117-4cf5-b665-a1ee7852a08e	2060307	1.0	confident	Enterococcus sp. FDAARGOS_375	Bacteria
48e23d35-0d89-4028-970b-c5540db4a72f	2060307	1.0	confident	Enterococcus sp. FDAARGOS_375	Bacteria
07a197c3-be07-457f-b491-0707018fec21	2060307	1.0	confident	Enterococcus sp. FDAARGOS_375	Bacteria
fc92bde6-e773-4dc8-8de2-4c8260e52cb3	2060307	1.0	confident	Enterococcus sp. FDAARGOS_375	Bacteria
c5542194-a8c9-44be-a649-964aabf4e305	2060307	1.0	confident	Enterococcus sp. FDAARGOS_375	Bacteria
216270b5-7fbd-4ee3-9afc-b55bb9152f5a	2060307	1.0	confident	Enterococcus sp. FDAARGOS_375	Bacteria
65caaaed-ab57-428c-8c5a-cf6b6f3626d6	2060307	1.0	confident	Enterococcus sp. FDAARGOS_375	Bacteria
0d5f175a-d6b9-47ae-bebc-3efea8bf8b09	2060307	1.0	confident	Enterococcus sp. FDAARGOS_375	Bacteria
a86bb9fd-024d-4d85-af91-4f0c6537067c	2060307	1.0	confident	Enterococcus sp. FDAARGOS_375	Bacteria
dac7d037-cda2-464c-9676-856244c760c1	2060307	1.0	confident	Enterococcus sp. FDAARGOS_375	Bacteria
ff5823a5-e420-4205-8884-780e536ae94f	2060307	1.0	confident	Enterococcus sp. FDAARGOS_375	Bacteria
bcf2c70d-69d3-4ff5-8c2c-7065c6bdb4df	2060307	1.0	confident	Enterococcus sp. FDAARGOS_375	Bacteria
ee2aa86f-ad48-40f5-a4a7-da5942db2937	2060307	1.0	confident	Enterococcus sp. FDAARGOS_375	Bacteria
b1d7b55e-239a-48a7-8d90-3bb2ffe84572	2060307	1.0	confident	Enterococcus sp. FDAARGOS_375	Bacteria
eda2d960-93f4-432f-b3e8-5b137a5f261d	2060307	1.0	confident	Enterococcus sp. FDAARGOS_375	Bacteria
f0c11737-e737-41dc-8685-28ead21a0a0b	2060307	1.0	confident	Enterococcus sp. FDAARGOS_375	Bacteria
be92c47d-223b-4b26-92e7-a6553a5a7e35	2060307	1.0	confident	Enterococcus sp. FDAARGOS_375	Bacteria
e676e74f-30d9-4d21-8188-58b32f001d2f	2060307	1.0	confident	Enterococcus sp. FDAARGOS_375	Bacteria
90c649e4-5e45-4cb1-924f-edbcb092d242	2060307	1.0	confident	Enterococcus sp. FDAARGOS_375	Bacteria
f9bbd7d9-d4fe-4af2-bf60-48d55d5fcad1	2060307	1.0	confident	Enterococcus sp. FDAARGOS_375	Bacteria
bd352830-eea2-4c48-92f2-46fd2324c97f	2060307	1.0	confident	Enterococcus sp. FDAARGOS_375	Bacteria
4a9cdde0-b87a-4a00-85f7-1b062c34dd91	2060307	1.0	confident	Enterococcus sp. FDAARGOS_375	Bacteria
bdf379fd-bf32-42cf-ba10-7d1bb88a0466	2060307	1.0	confident	Enterococcus sp. FDAARGOS_375	Bacteria
240dced7-18d7-44d3-9f78-10716f1ce45a	2060307	1.0	confident	Enterococcus sp. FDAARGOS_375	Bacteria
12010437-0dc3-4425-a563-263268ef5281	2060307	1.0	confident	Enterococcus sp. FDAARGOS_375	Bacteria
876e89b0-ffc3-4a7c-8f91-be7bb536389e	2060307	1.0	confident	Enterococcus sp. FDAARGOS_375	Bacteria
f60a7b5b-c9e8-4a72-a454-ad91164ad1c8	2060307	1.0	confident	Enterococcus sp. FDAARGOS_375	Bacteria
401c7f6e-3f57-4aab-b15f-f13fd1af3ad2	2060307	1.0	confident	Enterococcus sp. FDAARGOS_375	Bacteria
c12ab9b4-a86b-4f46-a04b-c065322fff77	2060307	1.0	confident	Enterococcus sp. FDAARGOS_375	Bacteria
ab491d71-bb4e-4c18-9499-f3d0180f657f	2060307	1.0	confident	Enterococcus sp. FDAARGOS_375	Bacteria
01cf82f9-0be2-4fda-966b-094af43ab4f8	2060307	1.0	confident	Enterococcus sp. FDAARGOS_375	Bacteria
229634ef-6915-4151-a7d7-956b632a6c99	2060307	1.0	confident	Enterococcus sp. FDAARGOS_375	Bacteria
582938aa-ad2c-48dc-abd3-cbf0c5c3899a	2060307	1.0	confident	Enterococcus sp. FDAARGOS_375	Bacteria
1a32985b-76c9-4356-85a9-4404197b0625	2060307	1.0	confident	Enterococcus sp. FDAARGOS_375	Bacteria
75e7c561-ac8b-40fd-95d6-7f9930a52265	2060307	1.0	confident	Enterococcus sp. FDAARGOS_375	Bacteria
0c098696-bfed-40f9-9b23-0bf8855de2fd	2060307	1.0	confident	Enterococcus sp. FDAARGOS_375	Bacteria
81e6bfba-0c88-4902-a9a3-23e27839d1ea	2060307	1.0	confident	Enterococcus sp. FDAARGOS_375	Bacteria
e85a09e6-864f-41f3-8cb5-6cbc63247b88	2060307	1.0	confident	Enterococcus sp. FDAARGOS_375	Bacteria
ae883716-827e-46b5-b537-1b16c225f107	2060307	1.0	confident	Enterococcus sp. FDAARGOS_375	Bacteria
7d627c32-1774-48f4-9c05-2079a2e736a6	2060307	1.0	confident	Enterococcus sp. FDAARGOS_375	Bacteria
4de9e1ae-426e-4cce-ac74-6e0d06e2db1d	2060307	1.0	confident	Enterococcus sp. FDAARGOS_375	Bacteria
249d9431-5cce-4f87-b5a5-5a32ef8c1302	2060307	1.0	confident	Enterococcus sp. FDAARGOS_375	Bacteria
dfa46ebc-c0ff-4548-960c-3c369ce7e923	2060307	1.0	confident	Enterococcus sp. FDAARGOS_375	Bacteria
806fc163-ed18-4d56-bc06-4f3a9bc24736	2060307	1.0	confident	Enterococcus sp. FDAARGOS_375	Bacteria
2905cb7a-2b25-4df8-a0aa-f92b70ecce82	2060307	1.0	confident	Enterococcus sp. FDAARGOS_375	Bacteria
1f3fd804-c4d6-4d4a-9e40-cf4635a6c637	2060307	1.0	confident	Enterococcus sp. FDAARGOS_375	Bacteria
102ff864-9201-41e9-b929-d015321f2053	2060307	1.0	confident	Enterococcus sp. FDAARGOS_375	Bacteria
8a2f970c-9ef3-4fed-9e72-2cc55a1c9f8b	2060307	1.0	confident	Enterococcus sp. FDAARGOS_375	Bacteria
7dec3305-ef09-4dfd-9aa6-0d92226c1459	2060307	1.0	confident	Enterococcus sp. FDAARGOS_375	Bacteria
9a7b63a5-0c3f-4c40-bc69-59a9decf7b50	2060307	1.0	confident	Enterococcus sp. FDAARGOS_375	Bacteria
fabb65ec-79f8-4936-85ab-55970604c5d9	2060307	1.0	confident	Enterococcus sp. FDAARGOS_375	Bacteria
f7643bb0-755b-4056-a831-99eaca2321d7	2060307	1.0	confident	Enterococcus sp. FDAARGOS_375	Bacteria
ffdbd161-5202-406c-be96-c7e316ed0d0a	2060307	1.0	confident	Enterococcus sp. FDAARGOS_375	Bacteria
ef5df95a-b5c5-4a38-ad8f-7ec75596ffb7	2060307	1.0	confident	Enterococcus sp. FDAARGOS_375	Bacteria
4b4fd8cb-9a32-45bc-8a3d-7f51e8055e28	2060307	1.0	confident	Enterococcus sp. FDAARGOS_375	Bacteria
2b69c7f5-4c64-4424-947a-9dcfa238850b	2060307	1.0	confident	Enterococcus sp. FDAARGOS_375	Bacteria
bee14c37-1112-48ba-b898-6681a76279ed	2060307	1.0	confident	Enterococcus sp. FDAARGOS_375	Bacteria
a8f6fbb6-39a6-4413-883b-9b3c1c8dfd6b	2060307	1.0	confident	Enterococcus sp. FDAARGOS_375	Bacteria
0e79d0eb-89b2-4aaf-abcf-24a5a73d4a16	2060307	1.0	confident	Enterococcus sp. FDAARGOS_375	Bacteria
098a7b36-6d8b-41ef-9cca-0465b5ae93e6	2060307	1.0	confident	Enterococcus sp. FDAARGOS_375	Bacteria
16386f2b-e5d2-4f6c-8a93-343463971f7d	2060307	1.0	confident	Enterococcus sp. FDAARGOS_375	Bacteria
4f3f5f15-da13-4b65-8845-73bbb1499949	2060307	1.0	confident	Enterococcus sp. FDAARGOS_375	Bacteria
44792776-3e33-4807-bf77-682120f6dbda	2060307	1.0	confident	Enterococcus sp. FDAARGOS_375	Bacteria
ec180e80-95ad-4dca-bb48-e70c70a542df	2060307	1.0	confident	Enterococcus sp. FDAARGOS_375	Bacteria
cac2776a-20ac-46c0-9185-3bd21d461d83	2060307	1.0	confident	Enterococcus sp. FDAARGOS_375	Bacteria
bc239c08-796f-4808-96b8-e8850c36b70e	2060307	1.0	confident	Enterococcus sp. FDAARGOS_375	Bacteria
c4a01c6f-1123-4532-80db-e27fdb4f71da	2060307	1.0	confident	Enterococcus sp. FDAARGOS_375	Bacteria
5f413c4b-ddf8-4d32-9117-67397d846815	2060307	1.0	confident	Enterococcus sp. FDAARGOS_375	Bacteria
46dd94d3-bb5f-4510-985b-4e16aec18ec2	2060307	1.0	confident	Enterococcus sp. FDAARGOS_375	Bacteria
f227ee66-8105-4aec-a7c1-ff7413ff012d	2060307	1.0	confident	Enterococcus sp. FDAARGOS_375	Bacteria
864e80df-2291-4c90-aa86-d2fb19e2b5ff	2060307	1.0	confident	Enterococcus sp. FDAARGOS_375	Bacteria
167d9e2e-1d0a-4a11-840c-09905ea08c66	2060307	1.0	confident	Enterococcus sp. FDAARGOS_375	Bacteria
54f66863-75e6-4ee5-bdba-d6b479d33f1e	2060307	1.0	confident	Enterococcus sp. FDAARGOS_375	Bacteria
fbc51ca9-31cf-46c0-8dc2-ac2d1392bfff	2060307	1.0	confident	Enterococcus sp. FDAARGOS_375	Bacteria
d323baa9-5a73-4043-bd9f-0b9a7698ad5a	2060307	1.0	confident	Enterococcus sp. FDAARGOS_375	Bacteria
8dc6dd44-df79-484a-a5df-f2c9a7a559ae	2060307	1.0	confident	Enterococcus sp. FDAARGOS_375	Bacteria
0e4dc26b-2ba0-4649-aef2-ee4ea8be09b0	2060307	1.0	confident	Enterococcus sp. FDAARGOS_375	Bacteria
7f54d8eb-4775-4531-a995-1f89c6b964d8	2060307	1.0	confident	Enterococcus sp. FDAARGOS_375	Bacteria
7cae185a-2b61-48c3-b0c8-74b1e08df09d	2060307	1.0	confident	Enterococcus sp. FDAARGOS_375	Bacteria
f2b94605-7125-40c3-adab-1b662d849b5b	2060307	1.0	confident	Enterococcus sp. FDAARGOS_375	Bacteria
29ebb4cc-da1c-42a1-b9f4-7dc0b7f2765d	2060307	1.0	confident	Enterococcus sp. FDAARGOS_375	Bacteria
73dcf2db-1d05-4ed6-896e-d72c77ca95f8	2060307	1.0	confident	Enterococcus sp. FDAARGOS_375	Bacteria
f1888fa0-b029-4bb2-a7d2-2f73c502d353	2060307	1.0	confident	Enterococcus sp. FDAARGOS_375	Bacteria
239703e4-60c3-433b-83d9-2392532ef2be	2060307	1.0	confident	Enterococcus sp. FDAARGOS_375	Bacteria
3fb59be7-c321-41fd-883f-355ddd6af51b	2060307	1.0	confident	Enterococcus sp. FDAARGOS_375	Bacteria
9eb48024-db8d-43ce-a42b-c66bdb2af586	2060307	1.0	confident	Enterococcus sp. FDAARGOS_375	Bacteria
604b3ac8-a70d-4a6a-a811-90ee30574cba	2060307	1.0	confident	Enterococcus sp. FDAARGOS_375	Bacteria
5eb5bf31-eb76-44cc-b2cb-2b5b54c07f53	2060307	1.0	confident	Enterococcus sp. FDAARGOS_375	Bacteria
cb67e6de-c87e-4cbe-bdae-a7489fa56102	2060307	1.0	confident	Enterococcus sp. FDAARGOS_375	Bacteria
ee6b5d44-6e92-412f-9004-1d70bddc42ce	2060307	1.0	confident	Enterococcus sp. FDAARGOS_375	Bacteria
3e400e04-605f-4536-9cec-06a63bb230c6	2060307	1.0	confident	Enterococcus sp. FDAARGOS_375	Bacteria
ff8ccbb8-2291-4543-850c-58d1fd1ce71c	2060307	1.0	confident	Enterococcus sp. FDAARGOS_375	Bacteria
d7106bb9-cb64-47fc-a0ec-04d69cf1427d	2060307	1.0	confident	Enterococcus sp. FDAARGOS_375	Bacteria
c3b3db76-adf9-400f-8858-506d9848a9a0	2060307	1.0	confident	Enterococcus sp. FDAARGOS_375	Bacteria
875c065f-0d65-4683-b09f-d8f0ce4f78be	2060307	1.0	confident	Enterococcus sp. FDAARGOS_375	Bacteria
b96ee587-268a-4231-ba0c-fa3ebb8ff158	2060307	1.0	confident	Enterococcus sp. FDAARGOS_375	Bacteria
9558f5df-34d3-4bd3-9009-21750579c920	2060307	1.0	confident	Enterococcus sp. FDAARGOS_375	Bacteria
379ad76f-55cb-456c-83b6-9b543ef21b46	2060307	1.0	confident	Enterococcus sp. FDAARGOS_375	Bacteria
754bdd9d-cd39-42b8-b205-517463a148a7	2060307	1.0	confident	Enterococcus sp. FDAARGOS_375	Bacteria
feb73ada-4bec-4805-bbb8-36b9b17a4d29	2060307	1.0	confident	Enterococcus sp. FDAARGOS_375	Bacteria
43352c66-ac69-4f20-ad0b-51fba114fcfe	2060307	1.0	confident	Enterococcus sp. FDAARGOS_375	Bacteria
50148602-1443-47d3-8345-ab4a2795d71a	2060307	1.0	confident	Enterococcus sp. FDAARGOS_375	Bacteria
cf3c7745-ce0d-46ce-9e89-c9c7c340385a	2060307	1.0	confident	Enterococcus sp. FDAARGOS_375	Bacteria
2cb880fc-feb8-4f6f-b486-ba942a3aac3e	2060307	1.0	confident	Enterococcus sp. FDAARGOS_375	Bacteria
4c946904-c208-4285-a4a8-be09c821b491	2060307	1.0	confident	Enterococcus sp. FDAARGOS_375	Bacteria
0c22710a-bccd-4cf8-86e3-76d848c018aa	2060307	1.0	confident	Enterococcus sp. FDAARGOS_375	Bacteria
88d0edd1-ba8f-491d-99e6-8a7e8fe847e5	2060307	1.0	confident	Enterococcus sp. FDAARGOS_375	Bacteria
6f7b029d-d866-4fbf-8b5a-09a34680f83e	2060307	1.0	confident	Enterococcus sp. FDAARGOS_375	Bacteria
e172bc61-ffa7-4152-8aa0-8400dd3021f3	2060307	1.0	confident	Enterococcus sp. FDAARGOS_375	Bacteria
a919858d-c843-47f1-9f5c-399873590c2e	2060307	1.0	confident	Enterococcus sp. FDAARGOS_375	Bacteria
0978f37c-6163-44f6-9399-f31273bb622e	2060307	1.0	confident	Enterococcus sp. FDAARGOS_375	Bacteria
fc574013-034d-4e64-b380-5cdde9e51cd9	2060307	1.0	confident	Enterococcus sp. FDAARGOS_375	Bacteria
832087c4-b62d-4c6d-a9f0-922a21685f34	2060307	1.0	confident	Enterococcus sp. FDAARGOS_375	Bacteria
354478cf-e805-4505-8e3c-97bd0a12a28a	2060307	1.0	confident	Enterococcus sp. FDAARGOS_375	Bacteria
d35f2b92-fcd8-4f29-9d79-ebc6741332a6	2060307	1.0	confident	Enterococcus sp. FDAARGOS_375	Bacteria
64832356-ebc0-4609-b89a-4edefef26e89	2060307	1.0	confident	Enterococcus sp. FDAARGOS_375	Bacteria
cdbf8e5a-d4a5-43ab-a308-5fccc0d32022	2060307	1.0	confident	Enterococcus sp. FDAARGOS_375	Bacteria
f61e444c-c9a6-4460-9512-3219cd6af0c7	2060307	1.0	confident	Enterococcus sp. FDAARGOS_375	Bacteria
ae5b1a2c-8d81-4318-bbdb-f2a4115357d3	2060307	1.0	confident	Enterococcus sp. FDAARGOS_375	Bacteria
c0247ad0-70e6-4e4b-aec9-1ed93ca26285	2060307	1.0	confident	Enterococcus sp. FDAARGOS_375	Bacteria
7e4cab91-ea23-413f-bfa9-0841259a437e	2060307	1.0	confident	Enterococcus sp. FDAARGOS_375	Bacteria
9d20a813-af79-4d40-a858-fa7e243bf3a8	2060307	1.0	confident	Enterococcus sp. FDAARGOS_375	Bacteria
a55e5c60-ff44-4e5a-885c-e9ebf624df3c	2060307	1.0	confident	Enterococcus sp. FDAARGOS_375	Bacteria
afe4f03b-e796-428d-8dcd-beeb766214a2	2060307	1.0	confident	Enterococcus sp. FDAARGOS_375	Bacteria
9a124c06-46ac-4b7b-ac58-ca18a27f6ce6	2060307	1.0	confident	Enterococcus sp. FDAARGOS_375	Bacteria
824fd600-7e8d-46d5-9725-b2f11876f041	2060307	1.0	confident	Enterococcus sp. FDAARGOS_375	Bacteria
11e8d73b-ebb6-4a82-af99-0981a4762e21	2060307	1.0	confident	Enterococcus sp. FDAARGOS_375	Bacteria
0d032865-1c73-4a04-a3fb-fd2b35ac56d2	2060307	1.0	confident	Enterococcus sp. FDAARGOS_375	Bacteria
10b06e7a-6e88-406b-bb96-00c862b2ae19	2060307	1.0	confident	Enterococcus sp. FDAARGOS_375	Bacteria
67c818af-f48c-4732-9c22-15e49d570d1e	2060307	1.0	confident	Enterococcus sp. FDAARGOS_375	Bacteria
65725deb-42fe-4b68-9cdf-f6585c5cde84	2060307	1.0	confident	Enterococcus sp. FDAARGOS_375	Bacteria
ca5435cc-9d7e-49c7-94ca-4b2a33f4f98f	2060307	1.0	confident	Enterococcus sp. FDAARGOS_375	Bacteria
94cab4ce-18d3-4462-b068-26e0866b6cd4	2060307	1.0	confident	Enterococcus sp. FDAARGOS_375	Bacteria
988b243b-6b92-4580-97b8-f2080eff8f35	2060307	1.0	confident	Enterococcus sp. FDAARGOS_375	Bacteria
21443f76-76d0-4524-a371-da346b29ba78	2060307	1.0	confident	Enterococcus sp. FDAARGOS_375	Bacteria
0772ea80-c21f-43be-97cd-35358d11d1e6	2060307	1.0	confident	Enterococcus sp. FDAARGOS_375	Bacteria
6af73947-b150-4b77-8f4a-a2a6193313fe	2060307	1.0	confident	Enterococcus sp. FDAARGOS_375	Bacteria
b1398596-09a2-4c93-94a7-fa006530beb5	2060307	1.0	confident	Enterococcus sp. FDAARGOS_375	Bacteria
81fc8eba-be69-4b0b-a44a-fdf9285920cf	2060307	1.0	confident	Enterococcus sp. FDAARGOS_375	Bacteria
10df9e11-8332-46d0-8fde-22e454cdd647	2060307	1.0	confident	Enterococcus sp. FDAARGOS_375	Bacteria
337f9903-4ce0-46fb-9148-8d3f725206bf	2060307	1.0	confident	Enterococcus sp. FDAARGOS_375	Bacteria
92f0a53f-16be-4241-b2da-dd52ec9176d8	2060307	1.0	confident	Enterococcus sp. FDAARGOS_375	Bacteria
b6d26029-c62a-4961-83b6-41f1ef8e5433	2060307	1.0	confident	Enterococcus sp. FDAARGOS_375	Bacteria
bb88492b-4615-41ab-8ce8-e4660245adc6	2060307	1.0	confident	Enterococcus sp. FDAARGOS_375	Bacteria
8d504adb-06ca-4906-b498-0ec8819510b3	2060307	1.0	confident	Enterococcus sp. FDAARGOS_375	Bacteria
9c4d98c1-1499-491e-984e-6b08cd7350c4	2060307	1.0	confident	Enterococcus sp. FDAARGOS_375	Bacteria
4b4df68d-89be-43f3-a320-dbdd7e0b9839	2060307	1.0	confident	Enterococcus sp. FDAARGOS_375	Bacteria
2da91dd2-e1ae-4e97-8137-b046f9d8f2a2	2060307	1.0	confident	Enterococcus sp. FDAARGOS_375	Bacteria
73f2bf7b-ae57-4d20-98bd-ca5a225d733a	2060307	1.0	confident	Enterococcus sp. FDAARGOS_375	Bacteria
5d07bef3-1003-4ce0-a4b8-43d8623e2ae7	2060307	1.0	confident	Enterococcus sp. FDAARGOS_375	Bacteria
901515da-71e3-4a50-95af-3c60da710ffc	2060307	1.0	confident	Enterococcus sp. FDAARGOS_375	Bacteria
356aa0cd-bc68-4a4b-a5f9-d636250e3ce7	2060307	1.0	confident	Enterococcus sp. FDAARGOS_375	Bacteria
52eacc9f-f9a0-403e-9635-9ee507386f7e	2060307	1.0	confident	Enterococcus sp. FDAARGOS_375	Bacteria
f7a5b422-8e42-4789-9a3c-8feaa018b342	2060307	1.0	confident	Enterococcus sp. FDAARGOS_375	Bacteria
f06aa535-b749-4f8d-8288-f9e26c161455	2060307	1.0	confident	Enterococcus sp. FDAARGOS_375	Bacteria
c2e3c1f4-480e-4e6d-91d1-8b186116f815	2060307	1.0	confident	Enterococcus sp. FDAARGOS_375	Bacteria
5b315bc5-7434-4148-87e7-574c0965a0c7	2060307	1.0	confident	Enterococcus sp. FDAARGOS_375	Bacteria
8aa45fb8-ee95-4c89-9eb6-aff85155c102	2060307	1.0	confident	Enterococcus sp. FDAARGOS_375	Bacteria
9329da2b-a756-4191-85bb-f659a19da202	2060307	1.0	confident	Enterococcus sp. FDAARGOS_375	Bacteria
9da7ed53-de10-47b2-9bf5-797b3162e5b9	2060307	1.0	confident	Enterococcus sp. FDAARGOS_375	Bacteria
27e14a59-77d5-4649-8c91-f10a64101e4c	2060307	1.0	confident	Enterococcus sp. FDAARGOS_375	Bacteria
3f7a69b2-a9e3-44ec-8562-d3a749bd86d4	2060307	1.0	confident	Enterococcus sp. FDAARGOS_375	Bacteria
2c6eff5a-abb1-4857-904a-8b201192eeee	2060307	1.0	confident	Enterococcus sp. FDAARGOS_375	Bacteria
7ac7d435-3380-4440-acf7-4f43bfa9bb99	2060307	1.0	confident	Enterococcus sp. FDAARGOS_375	Bacteria
f4ce5a14-64be-4d5f-9e41-c12e7806032b	2060307	1.0	confident	Enterococcus sp. FDAARGOS_375	Bacteria
7c76a5ad-b288-40a5-9a82-0958bf15d42a	2060307	1.0	confident	Enterococcus sp. FDAARGOS_375	Bacteria
db364e06-af3d-446d-b6ef-b257c7aa0697	2060307	1.0	confident	Enterococcus sp. FDAARGOS_375	Bacteria
0b18dd9e-f1c4-4a8a-8e38-e94b76f756c4	2060307	1.0	confident	Enterococcus sp. FDAARGOS_375	Bacteria
4273248e-c008-452b-b007-89c2ecc8cda4	2060307	1.0	confident	Enterococcus sp. FDAARGOS_375	Bacteria
3debf071-74fa-4281-b155-d619f51c44db	2060307	1.0	confident	Enterococcus sp. FDAARGOS_375	Bacteria
4611370e-7d58-40b6-a363-cad6527ee50a	2060307	1.0	confident	Enterococcus sp. FDAARGOS_375	Bacteria
adc93789-d153-4d97-a735-e658d1a78846	2060307	1.0	confident	Enterococcus sp. FDAARGOS_375	Bacteria
46e09be0-ca58-4547-ad97-d58b6c29b7ef	2060307	1.0	confident	Enterococcus sp. FDAARGOS_375	Bacteria
c15714ff-1224-46f6-89fa-0ca3a9402bfa	2060307	1.0	confident	Enterococcus sp. FDAARGOS_375	Bacteria
5b3fe995-733a-4717-98cf-11302d9568e2	2060307	1.0	confident	Enterococcus sp. FDAARGOS_375	Bacteria
548abcac-3937-45a9-8430-265525a44a26	2060307	1.0	confident	Enterococcus sp. FDAARGOS_375	Bacteria
cbd7b805-9cb9-45ea-9e33-60ab1cc42077	2060307	1.0	confident	Enterococcus sp. FDAARGOS_375	Bacteria
157294d3-d92d-4ede-8b28-88e47caf9929	2060307	1.0	confident	Enterococcus sp. FDAARGOS_375	Bacteria
9eafc01f-9b65-4587-b16a-1c49ba5cb4de	2060307	1.0	confident	Enterococcus sp. FDAARGOS_375	Bacteria
90d0c91f-431e-433d-968f-dbdb51ecf4e7	2060307	1.0	confident	Enterococcus sp. FDAARGOS_375	Bacteria
6c15cf60-185f-4aeb-9eab-d4dddac1a3d5	2060307	1.0	confident	Enterococcus sp. FDAARGOS_375	Bacteria
23ac5204-9af8-4ea9-a15d-eaf97bd04ee2	2060307	1.0	confident	Enterococcus sp. FDAARGOS_375	Bacteria
8ce71a59-daba-4c2d-ad96-e456e3ea9f4f	2060307	1.0	confident	Enterococcus sp. FDAARGOS_375	Bacteria
fb12144d-3169-46ac-a534-9e6477bce7e5	2060307	1.0	confident	Enterococcus sp. FDAARGOS_375	Bacteria
ba120e30-ca59-47b9-b16f-5711abcdfdad	2060307	1.0	confident	Enterococcus sp. FDAARGOS_375	Bacteria
0ddf9dd0-8ab0-4f18-8615-0e62d9ca4624	2060307	1.0	confident	Enterococcus sp. FDAARGOS_375	Bacteria
9049cc32-e3f6-4599-a9fd-969de270e89e	2060307	1.0	confident	Enterococcus sp. FDAARGOS_375	Bacteria
d94388b9-b0c1-4388-bd06-9a0c0a7688dc	2060307	1.0	confident	Enterococcus sp. FDAARGOS_375	Bacteria
68fcba54-177f-41aa-93ef-0b6b7e2df2a8	2060307	1.0	confident	Enterococcus sp. FDAARGOS_375	Bacteria
83b1e4b6-eb4f-4c47-ae13-fdc03ae1b880	2060307	1.0	confident	Enterococcus sp. FDAARGOS_375	Bacteria
55e90244-d479-46e6-905c-6294a375e8e5	2060307	1.0	confident	Enterococcus sp. FDAARGOS_375	Bacteria
08f499e4-2917-4acc-95fb-b3c8c8e79a32	2060307	1.0	confident	Enterococcus sp. FDAARGOS_375	Bacteria
defb706e-1077-4dd5-9d10-35d0abadcaee	2060307	1.0	confident	Enterococcus sp. FDAARGOS_375	Bacteria
884a54c5-37d1-4239-ad71-012967ccbfee	2060307	1.0	confident	Enterococcus sp. FDAARGOS_375	Bacteria
ae071f55-fa90-4dda-9a4a-3acbfb221c10	2060307	1.0	confident	Enterococcus sp. FDAARGOS_375	Bacteria
d70e766a-6375-409d-aef5-7506e2ce121a	2060307	1.0	confident	Enterococcus sp. FDAARGOS_375	Bacteria
d567964b-3566-4982-b06f-0e2f7182db46	2060307	1.0	confident	Enterococcus sp. FDAARGOS_375	Bacteria
0eeecbb8-d431-4140-98db-c23a480215ec	2060307	1.0	confident	Enterococcus sp. FDAARGOS_375	Bacteria
759a25c8-40d6-4aa4-bb4e-90897d203607	2060307	1.0	confident	Enterococcus sp. FDAARGOS_375	Bacteria
7d78723e-d5da-4b8e-8275-dc83244d2d8a	2060307	1.0	confident	Enterococcus sp. FDAARGOS_375	Bacteria
5c91fa4a-03fc-46bd-a1c5-2de809046fca	2060307	1.0	confident	Enterococcus sp. FDAARGOS_375	Bacteria
ac10a2aa-fc11-4409-8b88-8ce7a3abdad8	2060307	1.0	confident	Enterococcus sp. FDAARGOS_375	Bacteria
5a70135a-43f4-419f-bbde-c56ff9f667f4	2060307	1.0	confident	Enterococcus sp. FDAARGOS_375	Bacteria
1672ce7b-40b4-4dea-a61c-7f7cd5b33a59	2060307	1.0	confident	Enterococcus sp. FDAARGOS_375	Bacteria
c9a17c94-af29-4449-b6e6-da00bdaf17b0	2060307	1.0	confident	Enterococcus sp. FDAARGOS_375	Bacteria
65787d3a-111c-4aff-a31a-2fbdea80dfc8	2060307	1.0	confident	Enterococcus sp. FDAARGOS_375	Bacteria
7d49b0d8-dfae-4607-afa3-5fb06dfe660f	2060307	1.0	confident	Enterococcus sp. FDAARGOS_375	Bacteria
7f3ddb8b-f208-447e-aae5-aa3753bae8c9	2060307	1.0	confident	Enterococcus sp. FDAARGOS_375	Bacteria
713066c5-bd40-4af9-b134-252d6f6c25c8	2060307	1.0	confident	Enterococcus sp. FDAARGOS_375	Bacteria
f9b166d8-9237-4640-9ffd-c98286782ce0	2060307	1.0	confident	Enterococcus sp. FDAARGOS_375	Bacteria
c5ebd0a8-9fde-4967-926d-ad13c834597f	2060307	1.0	confident	Enterococcus sp. FDAARGOS_375	Bacteria
7feb1c73-3798-4192-976c-96be1b0699aa	2060307	1.0	confident	Enterococcus sp. FDAARGOS_375	Bacteria
285c3509-66e5-4f0a-87fe-4d4ad301b9f6	2060307	1.0	confident	Enterococcus sp. FDAARGOS_375	Bacteria
a13f2197-5476-40ac-8ba0-c48f2eee6caf	2060307	1.0	confident	Enterococcus sp. FDAARGOS_375	Bacteria
3eb62a38-b198-45e9-a5a1-c20a9cbe23b0	2060307	1.0	confident	Enterococcus sp. FDAARGOS_375	Bacteria
86c70e7a-39c1-4788-829b-51d16266fc79	2060307	1.0	confident	Enterococcus sp. FDAARGOS_375	Bacteria
d38c6b4f-c7e3-4afd-8585-9254836e7e6e	2060307	1.0	confident	Enterococcus sp. FDAARGOS_375	Bacteria
7ac9c743-d0e5-472b-8e3b-cbffc087f7bd	2060307	1.0	confident	Enterococcus sp. FDAARGOS_375	Bacteria
e71c5cae-45d3-4ae9-93ce-f040f3cc60a6	2060307	1.0	confident	Enterococcus sp. FDAARGOS_375	Bacteria
16c7da15-2b05-4a27-80fe-77266c8fc000	2060307	1.0	confident	Enterococcus sp. FDAARGOS_375	Bacteria
a01d6f08-086f-47f2-84d5-378d345b0908	2060307	1.0	confident	Enterococcus sp. FDAARGOS_375	Bacteria
3ade1467-55c1-4af1-9d0c-52ad7766f259	2060307	1.0	confident	Enterococcus sp. FDAARGOS_375	Bacteria
43bdb4c0-157c-4a76-ba62-87fff40b3d30	2060307	1.0	confident	Enterococcus sp. FDAARGOS_375	Bacteria
221e3751-82da-42f7-a8e7-8cc0988c03a0	2060307	1.0	confident	Enterococcus sp. FDAARGOS_375	Bacteria
4fb5dd4a-ab28-4c72-9cd4-fba7650ba103	2060307	1.0	confident	Enterococcus sp. FDAARGOS_375	Bacteria
78f5964f-604b-40de-a1b4-1d2c163f47d4	2060307	1.0	confident	Enterococcus sp. FDAARGOS_375	Bacteria
0cd1fa56-8b0f-4452-8f80-dfa187c81187	2060307	1.0	confident	Enterococcus sp. FDAARGOS_375	Bacteria
ba85bacf-fa23-4760-826b-d696d7f7a243	2060307	1.0	confident	Enterococcus sp. FDAARGOS_375	Bacteria
a9b41414-5e9a-4331-b558-82b1a944f2e6	2060307	1.0	confident	Enterococcus sp. FDAARGOS_375	Bacteria
cbae9361-240c-43ac-a74b-2a4a882324ed	2060307	1.0	confident	Enterococcus sp. FDAARGOS_375	Bacteria
aa6d9678-48fe-4ec2-8acf-6fd77c008669	2060307	1.0	confident	Enterococcus sp. FDAARGOS_375	Bacteria
9a9c219b-a395-4ee1-87ca-288fb415323c	2060307	1.0	confident	Enterococcus sp. FDAARGOS_375	Bacteria
a84ba81e-17c0-4c13-9075-5c816d54c91d	2060307	1.0	confident	Enterococcus sp. FDAARGOS_375	Bacteria
54b50035-50ea-4d0b-bfcf-5ea827b51564	2060307	1.0	confident	Enterococcus sp. FDAARGOS_375	Bacteria
976f8226-f188-44a7-bcb9-0299bc77cb62	2060307	1.0	confident	Enterococcus sp. FDAARGOS_375	Bacteria
608b24f5-f0f8-4d33-96c6-788c9fbc059a	2060307	1.0	confident	Enterococcus sp. FDAARGOS_375	Bacteria
ccf4c116-3a89-47f2-917d-aa2e032b2899	2060307	1.0	confident	Enterococcus sp. FDAARGOS_375	Bacteria
8f5d1e8a-4632-4b8c-8106-e67a9e4158d1	2060307	1.0	confident	Enterococcus sp. FDAARGOS_375	Bacteria
0b4ed31a-7af6-4ea3-9645-934e699a809d	2060307	1.0	confident	Enterococcus sp. FDAARGOS_375	Bacteria
ea468812-e1b7-42f7-b384-36e34601b390	2060307	1.0	confident	Enterococcus sp. FDAARGOS_375	Bacteria
0bc6a64c-4f4d-4673-9a02-3af198bab2b9	2060307	1.0	confident	Enterococcus sp. FDAARGOS_375	Bacteria
b1f31d8a-18d3-4a77-9afe-e1fb4363b972	2060307	1.0	confident	Enterococcus sp. FDAARGOS_375	Bacteria
046c2206-391c-46a1-9320-d20f41f5d8fa	2060307	1.0	confident	Enterococcus sp. FDAARGOS_375	Bacteria
cb10c55a-7d07-4486-b986-f2a12c547d7d	2060307	1.0	confident	Enterococcus sp. FDAARGOS_375	Bacteria
a5830c8d-a58e-40ca-b93c-f1a0043a02d9	2060307	1.0	confident	Enterococcus sp. FDAARGOS_375	Bacteria
41bca2f3-2ac3-493c-a9eb-938598bf1924	2060307	1.0	confident	Enterococcus sp. FDAARGOS_375	Bacteria
ae1c28fa-979b-4080-80ba-33db5f95c326	2060307	1.0	confident	Enterococcus sp. FDAARGOS_375	Bacteria
de9c36be-7fc1-4305-a321-a745eebe0479	2060307	1.0	confident	Enterococcus sp. FDAARGOS_375	Bacteria
58f9518c-9876-4c3a-804f-b8732500fcb9	2060307	1.0	confident	Enterococcus sp. FDAARGOS_375	Bacteria
bc59a75b-4781-41d3-a70c-16ed357971cc	2060307	1.0	confident	Enterococcus sp. FDAARGOS_375	Bacteria
505de102-6a38-472c-b2b7-a3a353298567	2060307	1.0	confident	Enterococcus sp. FDAARGOS_375	Bacteria
bec13398-a4aa-4c10-b7af-f90de5c2f1a9	2060307	1.0	confident	Enterococcus sp. FDAARGOS_375	Bacteria
c28496e8-df55-48be-b522-66c03c84cc25	2060307	1.0	confident	Enterococcus sp. FDAARGOS_375	Bacteria
80bfbb57-9bd8-4d23-aa32-cbd783725bd9	2060307	1.0	confident	Enterococcus sp. FDAARGOS_375	Bacteria
434dcbdf-3243-4cc9-aa9e-acd0089e5182	2060307	1.0	confident	Enterococcus sp. FDAARGOS_375	Bacteria
5c59bf85-fd01-4889-a8f4-21bd7785650a	2060307	1.0	confident	Enterococcus sp. FDAARGOS_375	Bacteria
754bac10-bef7-42c9-b5bb-4ec116181f20	2060307	1.0	confident	Enterococcus sp. FDAARGOS_375	Bacteria
4a8a5a4b-4ab5-49dc-9a13-e4cddc5ea116	2060307	1.0	confident	Enterococcus sp. FDAARGOS_375	Bacteria
f7410ed1-4108-4f70-be18-eb487bb66962	2060307	1.0	confident	Enterococcus sp. FDAARGOS_375	Bacteria
94d281c8-ab88-4c7e-832d-d1abeb3c0983	2060307	1.0	confident	Enterococcus sp. FDAARGOS_375	Bacteria
1cb7da73-6f85-4037-8ff7-559f16ffb0b8	2060307	1.0	confident	Enterococcus sp. FDAARGOS_375	Bacteria
d9fbdfca-2b10-4d5a-ae1c-fd63bc194fee	2060307	1.0	confident	Enterococcus sp. FDAARGOS_375	Bacteria
1e7fb1f1-6c13-4e86-aa03-e909923989b2	2060307	1.0	confident	Enterococcus sp. FDAARGOS_375	Bacteria
1665a74b-466e-4647-8163-08d2b8bc1a3a	2060307	1.0	confident	Enterococcus sp. FDAARGOS_375	Bacteria
0e8b435a-d689-4120-a3d1-26ab33eee19f	2060307	1.0	confident	Enterococcus sp. FDAARGOS_375	Bacteria
df6dab0a-6ca8-4645-a592-c75a14b80233	2060307	1.0	confident	Enterococcus sp. FDAARGOS_375	Bacteria
3ae78217-4216-4920-a9ef-7666763aa465	2060307	1.0	confident	Enterococcus sp. FDAARGOS_375	Bacteria
c8f0cd17-280b-410e-8c64-be90c4df30c5	2060307	1.0	confident	Enterococcus sp. FDAARGOS_375	Bacteria
6569ccf1-07c0-4564-9850-eec57cceb63f	2060307	1.0	confident	Enterococcus sp. FDAARGOS_375	Bacteria
0f7e470b-01d5-4acb-8e77-c928f8c0062e	2060307	1.0	confident	Enterococcus sp. FDAARGOS_375	Bacteria
b98083e5-e93a-4251-9fcc-5762f639c924	2060307	1.0	confident	Enterococcus sp. FDAARGOS_375	Bacteria
63d0c553-3739-4357-964e-b6012958c9cd	2060307	1.0	confident	Enterococcus sp. FDAARGOS_375	Bacteria
159ac052-8486-4ef7-9b07-10494df784e4	2060307	1.0	confident	Enterococcus sp. FDAARGOS_375	Bacteria
4de4b116-903d-4d63-86e2-7ac87aef5106	2060307	1.0	confident	Enterococcus sp. FDAARGOS_375	Bacteria
36762400-407c-4ff3-891b-d7302995a3e4	2060307	1.0	confident	Enterococcus sp. FDAARGOS_375	Bacteria
3af7a00f-8c00-4c19-8555-46fe623c3b78	2060307	1.0	confident	Enterococcus sp. FDAARGOS_375	Bacteria
ce1b823c-10e4-48d1-97e0-d39af11eab00	2060307	1.0	confident	Enterococcus sp. FDAARGOS_375	Bacteria
ccefa436-9f6d-4588-bcd1-fb81e470c22c	2060307	1.0	confident	Enterococcus sp. FDAARGOS_375	Bacteria
655e23a1-f9d2-4270-9a66-f55c21630d06	2060307	1.0	confident	Enterococcus sp. FDAARGOS_375	Bacteria
d6877775-caa9-4094-9497-74a0ded6e63d	2060307	1.0	confident	Enterococcus sp. FDAARGOS_375	Bacteria
3c89c6fd-8403-46c6-9a61-66a13aff1c09	2060307	1.0	confident	Enterococcus sp. FDAARGOS_375	Bacteria
c5da1e33-6b1c-4846-ad55-7bf3aced315b	2060307	1.0	confident	Enterococcus sp. FDAARGOS_375	Bacteria
8e47b1b2-4560-404a-8148-48f5d2a1e18d	2060307	1.0	confident	Enterococcus sp. FDAARGOS_375	Bacteria
769eac04-b0c3-4680-9630-fab6d09c5fda	2060307	1.0	confident	Enterococcus sp. FDAARGOS_375	Bacteria
19daefa2-189c-4f93-bb8b-97742d352bb9	2060307	1.0	confident	Enterococcus sp. FDAARGOS_375	Bacteria
78adcf4f-51dc-454f-9858-125bdac7d53d	2060307	1.0	confident	Enterococcus sp. FDAARGOS_375	Bacteria
aca417b8-b2cb-48ab-a45c-b269762d56a8	2060307	1.0	confident	Enterococcus sp. FDAARGOS_375	Bacteria
7008d316-4728-4d44-a2df-7786fc681c08	2060307	1.0	confident	Enterococcus sp. FDAARGOS_375	Bacteria
b8cb4867-7914-44aa-b689-e86d07ad8fed	2060307	1.0	confident	Enterococcus sp. FDAARGOS_375	Bacteria
f5ad2667-19bc-45ef-b57c-556978014e0c	2060307	1.0	confident	Enterococcus sp. FDAARGOS_375	Bacteria
4a554c7c-b975-48ad-ad1f-07dd7658d5ab	2060307	1.0	confident	Enterococcus sp. FDAARGOS_375	Bacteria
a4201704-52f7-4605-b8e1-0378a413a0b7	2060307	1.0	confident	Enterococcus sp. FDAARGOS_375	Bacteria
11c1a849-1fca-4459-b15a-764b2f0cb2f1	2060307	1.0	confident	Enterococcus sp. FDAARGOS_375	Bacteria
293dcee8-7184-47b5-b1d8-922828289e19	2060307	1.0	confident	Enterococcus sp. FDAARGOS_375	Bacteria
7c4aeb87-7b3c-4973-a7fc-67cde42bc23d	2060307	1.0	confident	Enterococcus sp. FDAARGOS_375	Bacteria
0982a6f0-431d-425a-80e0-f518b4eb00f2	2060307	1.0	confident	Enterococcus sp. FDAARGOS_375	Bacteria
7da5a33c-ce2a-4170-a1a2-36da8c15e17e	2060307	1.0	confident	Enterococcus sp. FDAARGOS_375	Bacteria
518725ec-f9b0-43a9-9010-cf374e8ecc70	2060307	1.0	confident	Enterococcus sp. FDAARGOS_375	Bacteria
b705c253-b53d-44d6-aeef-cce3275c66c2	2060307	1.0	confident	Enterococcus sp. FDAARGOS_375	Bacteria
8837a4c2-dd7e-4cca-ba10-9299577c9eae	2060307	1.0	confident	Enterococcus sp. FDAARGOS_375	Bacteria
78958c16-4607-45e4-8c04-f2d9138c0753	2060307	1.0	confident	Enterococcus sp. FDAARGOS_375	Bacteria
698ab88a-1a87-4c17-982e-382c4cf7b847	2060307	1.0	confident	Enterococcus sp. FDAARGOS_375	Bacteria
e76b0fab-f33b-4223-a90f-47bc156c4880	2060307	1.0	confident	Enterococcus sp. FDAARGOS_375	Bacteria
a0fb6752-e4e3-4343-ac58-399a53cb2da6	2060307	1.0	confident	Enterococcus sp. FDAARGOS_375	Bacteria
55cf96f0-c22e-4083-8e20-4ae222f1e694	2060307	1.0	confident	Enterococcus sp. FDAARGOS_375	Bacteria
b0312bdd-ee60-4024-949c-5993ade34307	303	1.0	confident	Pseudomonas putida	Bacteria
39b7a5d4-0e61-4411-9327-7d1a1c5b7a6a	303	1.0	confident	Pseudomonas putida	Bacteria
d95ae77b-0828-4a93-94fd-1946c0031044	303	1.0	confident	Pseudomonas putida	Bacteria
bbddcdae-707b-4786-89df-1294ebc1597a	303	1.0	confident	Pseudomonas putida	Bacteria
cb30c6a7-27d4-4c07-a7ee-6e8b09a47264	303	1.0	confident	Pseudomonas putida	Bacteria
875f0198-fef6-4b5d-90ca-31cd33f32548	303	1.0	confident	Pseudomonas putida	Bacteria
634d7725-018a-461d-83eb-fd66a3b81da0	303	1.0	confident	Pseudomonas putida	Bacteria
206eee44-9140-4abb-845f-bd7891c2b379	303	1.0	confident	Pseudomonas putida	Bacteria
954f7dfa-60c6-413a-afcb-ece9da4c763b	303	1.0	confident	Pseudomonas putida	Bacteria
8bb46b66-f707-4b48-a3f6-6e3eecf6e45a	303	1.0	confident	Pseudomonas putida	Bacteria
daa3e832-da00-464f-9627-8561687df2e3	303	1.0	confident	Pseudomonas putida	Bacteria
f2d63242-156c-478e-9433-1dc9f5d01a5b	303	1.0	confident	Pseudomonas putida	Bacteria
79702ad7-2cf3-45bf-baaf-cc8232e5fdfd	303	1.0	confident	Pseudomonas putida	Bacteria
240c7c4b-4878-474f-8c09-a164ee5f5ca2	303	1.0	confident	Pseudomonas putida	Bacteria
9b5b909d-584d-467b-a1e0-8ec8ff85128c	303	1.0	confident	Pseudomonas putida	Bacteria
c24462e8-c53f-4965-a01a-4bb8f065cf50	303	1.0	confident	Pseudomonas putida	Bacteria
3ff944ef-0fb8-45cb-a3b1-4455eb02249d	303	1.0	confident	Pseudomonas putida	Bacteria
5e462afa-7360-424a-a362-66b5264a2902	303	1.0	confident	Pseudomonas putida	Bacteria
e207cba3-9624-42e6-98ad-fd19704fa978	303	1.0	confident	Pseudomonas putida	Bacteria
058900b9-0b98-41af-a5e1-7ac7ff20fed6	303	1.0	confident	Pseudomonas putida	Bacteria
631e240e-da09-4cee-9a57-001b77f04d15	303	1.0	confident	Pseudomonas putida	Bacteria
bede202f-02f2-4550-91fc-cdaf9d4c2564	303	1.0	confident	Pseudomonas putida	Bacteria
83c0e6c0-3cae-4fbb-9c4c-e55d38af007e	303	1.0	confident	Pseudomonas putida	Bacteria
c916495c-110d-4dbe-b504-555c8fdb9bf6	303	1.0	confident	Pseudomonas putida	Bacteria
b9e44050-1c09-4fc4-b10a-1d95c33c4383	303	1.0	confident	Pseudomonas putida	Bacteria
c92cce78-a644-4682-a087-1518e193a0eb	303	1.0	confident	Pseudomonas putida	Bacteria
780248f9-bba9-4143-aa9a-92be1c0b50eb	303	1.0	confident	Pseudomonas putida	Bacteria
f1df79af-55a4-43e8-9db3-f1c70fcada19	303	1.0	confident	Pseudomonas putida	Bacteria
a04d947a-f2d6-4d00-a9b9-0468a988203e	303	1.0	confident	Pseudomonas putida	Bacteria
5237ebcd-3732-47d7-8c81-0fd54a7ea3e7	303	1.0	confident	Pseudomonas putida	Bacteria
31d8bc2f-cd6c-436d-96c5-e023837230e1	303	1.0	confident	Pseudomonas putida	Bacteria
fce49ab2-45fc-4996-a0eb-13e3c802f789	303	1.0	confident	Pseudomonas putida	Bacteria
6f9585f9-065f-43a3-ae01-1e805fb2b37d	303	1.0	confident	Pseudomonas putida	Bacteria
b64920c4-99e5-4779-8087-a33ba8a77e6c	303	1.0	confident	Pseudomonas putida	Bacteria
9c66b663-4f16-4a68-b495-f7f875c70dbc	303	1.0	confident	Pseudomonas putida	Bacteria
438a6819-b7ec-42cd-bbab-5dc43f57263a	303	1.0	confident	Pseudomonas putida	Bacteria
e71d7aba-cbda-47ee-af98-190ab383388c	303	1.0	confident	Pseudomonas putida	Bacteria
67da5033-4b9b-4cee-a943-0ef7ff0f0905	303	1.0	confident	Pseudomonas putida	Bacteria
b5c12381-48c5-4f5e-9a88-721c49ec8b56	303	1.0	confident	Pseudomonas putida	Bacteria
69e7aba3-af27-4eef-ba41-2a17ac0bcc5b	303	1.0	confident	Pseudomonas putida	Bacteria
f0c7497d-2cfd-40a2-97db-4d6df3bec7c0	303	1.0	confident	Pseudomonas putida	Bacteria
e1241b02-e507-438f-8890-550db48368e9	303	1.0	confident	Pseudomonas putida	Bacteria
d53a4b01-c3d6-4889-b909-96f656012b18	303	1.0	confident	Pseudomonas putida	Bacteria
637c910b-8090-4d54-860e-01b00a3896bc	303	1.0	confident	Pseudomonas putida	Bacteria
779d99c3-4403-4baf-9503-3b0edb80713e	303	1.0	confident	Pseudomonas putida	Bacteria
2425eccd-6e62-4874-9a03-e7c509375b11	303	1.0	confident	Pseudomonas putida	Bacteria
20a58089-811d-49fb-8c6f-8c18d61e399f	303	1.0	confident	Pseudomonas putida	Bacteria
87bdb95c-824d-46b6-8638-6b9a42ad0b89	303	1.0	confident	Pseudomonas putida	Bacteria
7678f84d-fcbf-4a17-9685-29e01ff08694	303	1.0	confident	Pseudomonas putida	Bacteria
b1833590-3902-4de4-8ed4-35941b9183b4	303	1.0	confident	Pseudomonas putida	Bacteria
eced1aaa-d647-4311-a815-a5730324199c	303	1.0	confident	Pseudomonas putida	Bacteria
60c9b4b2-b758-4cdc-ad2e-1b1e2686b4a1	303	1.0	confident	Pseudomonas putida	Bacteria
8d1d98d3-a4d1-444c-9e59-517d3be86cd6	303	1.0	confident	Pseudomonas putida	Bacteria
dbf16ee3-2745-44f2-99db-ac36f1402cd3	303	1.0	confident	Pseudomonas putida	Bacteria
a1b69396-14cc-428b-96b3-93fece2f3cf3	303	1.0	confident	Pseudomonas putida	Bacteria
054c19d8-9ccc-4e9b-b555-532fd9402a43	303	1.0	confident	Pseudomonas putida	Bacteria
83416c80-046f-4cbd-b71a-28feabb08611	303	1.0	confident	Pseudomonas putida	Bacteria
91857961-e510-4bf1-9839-7f113b1dff93	303	1.0	confident	Pseudomonas putida	Bacteria
54a1f0b0-921b-48f0-89f0-0625f5df6862	303	1.0	confident	Pseudomonas putida	Bacteria
e22b66f5-69bf-4ea7-8585-079828ccb079	303	1.0	confident	Pseudomonas putida	Bacteria
978cfc35-008a-447d-bc38-4126b6eab7be	303	1.0	confident	Pseudomonas putida	Bacteria
78136a3f-4e48-46c3-865a-8e82ce5b7308	303	1.0	confident	Pseudomonas putida	Bacteria
f55527fb-555c-42ad-917d-b310c57ebf0a	303	1.0	confident	Pseudomonas putida	Bacteria
6fff346e-365d-4c03-8dd2-f29fd1bae49c	303	1.0	confident	Pseudomonas putida	Bacteria
4d8b5e93-5b58-419d-9506-808ac21ed738	303	1.0	confident	Pseudomonas putida	Bacteria
8e891fc5-0e86-4b0d-b3ef-5e45fe5dc7d2	303	1.0	confident	Pseudomonas putida	Bacteria
11f28506-39e0-4647-9853-c5de3171da33	303	1.0	confident	Pseudomonas putida	Bacteria
321ad338-4051-4569-bda2-a53ea491c9e1	303	1.0	confident	Pseudomonas putida	Bacteria
7a2c775f-81de-4aa7-a03c-aa14f056bbb7	303	1.0	confident	Pseudomonas putida	Bacteria
37027eb2-da43-42e4-ac44-17c82a1c10f1	303	1.0	confident	Pseudomonas putida	Bacteria
56dbf2e5-2530-4463-8f56-f7bee22f587d	303	1.0	confident	Pseudomonas putida	Bacteria
c24b3797-0eeb-4e53-96c7-ef7ac667db89	303	1.0	confident	Pseudomonas putida	Bacteria
1687dcc5-5e30-4b2a-818e-fc6b8045dd04	303	1.0	confident	Pseudomonas putida	Bacteria
635fde3b-50b6-4e9e-ab11-ed5e73837f4a	303	1.0	confident	Pseudomonas putida	Bacteria
8665d65e-4f7d-492d-8a8e-6d6ad0156b2b	303	1.0	confident	Pseudomonas putida	Bacteria
49701957-be3d-4b58-94a3-fac9a45b495b	303	1.0	confident	Pseudomonas putida	Bacteria
6716cdd8-594a-490d-8f77-0d6df306bad5	303	1.0	confident	Pseudomonas putida	Bacteria
4d8b2569-c349-4424-8bed-2e4a4596f4b3	303	1.0	confident	Pseudomonas putida	Bacteria
07fb9347-c9b1-4fdb-899f-96e578f996f0	303	1.0	confident	Pseudomonas putida	Bacteria
baf3ae31-a911-46e5-8161-9dd889fd8c0b	303	1.0	confident	Pseudomonas putida	Bacteria
fb6bc2e6-f634-4a1d-af0b-9e5b093bbd2b	303	1.0	confident	Pseudomonas putida	Bacteria
69ec3351-f19f-4623-a050-bcd428831dea	303	1.0	confident	Pseudomonas putida	Bacteria
767e0653-c050-47f7-b9ca-abf76708306e	303	1.0	confident	Pseudomonas putida	Bacteria
feb6434f-d74b-46da-8574-f16376d163c2	303	1.0	confident	Pseudomonas putida	Bacteria
9886b47f-ba40-4662-8558-c6bd569074e6	303	1.0	confident	Pseudomonas putida	Bacteria
59f9d4f8-cde7-4505-af58-a93318aed955	303	1.0	confident	Pseudomonas putida	Bacteria
9d25925c-5202-422d-8084-b31bea129b60	303	1.0	confident	Pseudomonas putida	Bacteria
0a5b7c86-234c-4694-93a0-e1cfeb9fbb9c	303	1.0	confident	Pseudomonas putida	Bacteria
29feb0b5-bbc2-4c59-86ec-4e58fc66e5f4	303	1.0	confident	Pseudomonas putida	Bacteria
089961eb-5ff4-438e-ab79-3e8ddc9cd2f1	303	1.0	confident	Pseudomonas putida	Bacteria
efa73f5b-3864-4730-9b32-ae71b2161467	303	1.0	confident	Pseudomonas putida	Bacteria
4b0b3f55-0d88-48c6-985a-daf268f58b9d	303	1.0	confident	Pseudomonas putida	Bacteria
0fd5496c-a817-47f2-8cc1-527e726bf142	303	1.0	confident	Pseudomonas putida	Bacteria
ade6a26a-746e-40ed-b751-0e1c6c9df501	303	1.0	confident	Pseudomonas putida	Bacteria
8c4d1bbb-1b9a-485a-8ab6-6a8bda1dafe3	303	1.0	confident	Pseudomonas putida	Bacteria
d1a08b23-5950-4012-9b9c-92ab65a7494a	303	1.0	confident	Pseudomonas putida	Bacteria
c2624ed3-be86-4bd5-a124-294223c8540f	303	1.0	confident	Pseudomonas putida	Bacteria
7f11c9d4-d29e-4c1b-a168-aaab112cd0a2	303	1.0	confident	Pseudomonas putida	Bacteria
38e5aef5-730d-4a3e-b215-31e267c590f9	303	1.0	confident	Pseudomonas putida	Bacteria
112b6406-6914-4528-b450-11dedc8465ab	303	1.0	confident	Pseudomonas putida	Bacteria
bae74715-2e15-43ac-b0ac-ba3a8219e2be	303	1.0	confident	Pseudomonas putida	Bacteria
ad3f161e-8f59-45c6-9338-5066fed10a1a	303	1.0	confident	Pseudomonas putida	Bacteria
d6e3aa41-4eaa-4b69-af80-4b7b760d2f8c	303	1.0	confident	Pseudomonas putida	Bacteria
73a8360f-e5c9-4c0b-ade2-bacd6938368e	303	1.0	confident	Pseudomonas putida	Bacteria
e9028de0-5801-49cd-8136-85dd8c164546	303	1.0	confident	Pseudomonas putida	Bacteria
b27c501e-03a5-4538-83ee-cee7e53ea9ef	303	1.0	confident	Pseudomonas putida	Bacteria
44053d76-84f0-4e45-b3ee-12c16c15b9c9	303	1.0	confident	Pseudomonas putida	Bacteria
59cfcf77-7cc8-4e97-a6cf-b96bc0c703b8	303	1.0	confident	Pseudomonas putida	Bacteria
e95424be-f075-4752-993c-d2d6d85fa643	303	1.0	confident	Pseudomonas putida	Bacteria
d5859298-184f-4549-a7f0-26967429acb4	303	1.0	confident	Pseudomonas putida	Bacteria
76003c8e-41c9-482c-9e9a-2e2bbe28aa09	303	1.0	confident	Pseudomonas putida	Bacteria
ccd29c23-2782-4abc-a943-e9a7a38ca613	303	1.0	confident	Pseudomonas putida	Bacteria
6939773c-1c23-4e47-94c8-816172034d2d	303	1.0	confident	Pseudomonas putida	Bacteria
96d413d1-21a5-4f61-8188-4ec422ab0f68	303	1.0	confident	Pseudomonas putida	Bacteria
b04ca5fb-bfe3-4cba-859f-d265976cb58a	303	1.0	confident	Pseudomonas putida	Bacteria
4084b5d3-c458-4f51-abba-b3f4c26d68e7	303	1.0	confident	Pseudomonas putida	Bacteria
c4e7ee50-944f-4e9f-be6d-9433d409112f	303	1.0	confident	Pseudomonas putida	Bacteria
52141fdd-4988-4064-994b-896efdd69f26	303	1.0	confident	Pseudomonas putida	Bacteria
ca040e41-f001-4340-915d-0e56fabd169e	303	1.0	confident	Pseudomonas putida	Bacteria
e9c5ebd9-f0dc-426b-9d3b-dc39dfa44759	303	1.0	confident	Pseudomonas putida	Bacteria
84bb61eb-9864-4513-b605-fe988fdfdaea	303	1.0	confident	Pseudomonas putida	Bacteria
fd5363a6-e987-408a-93a8-218931779802	303	1.0	confident	Pseudomonas putida	Bacteria
31cc04f9-8e93-4450-81a4-92a8d5e9297a	303	1.0	confident	Pseudomonas putida	Bacteria
1b146160-5006-49b7-9bc0-8692b41e3d58	303	1.0	confident	Pseudomonas putida	Bacteria
b0459dfd-079e-496a-8aa4-8fe93624ca4a	303	1.0	confident	Pseudomonas putida	Bacteria
d5931522-fb5d-4562-a492-1014b2fca1f7	303	1.0	confident	Pseudomonas putida	Bacteria
cdcc6c02-297a-45ff-b3e1-e33e3cdba47a	303	1.0	confident	Pseudomonas putida	Bacteria
e1e0f56d-32f1-4cc7-a1f0-67e6c2953b36	303	1.0	confident	Pseudomonas putida	Bacteria
1f8f053a-bbfa-4a60-a815-237e562cd6dc	303	1.0	confident	Pseudomonas putida	Bacteria
e86856c8-7a00-46ed-8a4d-48db0511b7f4	303	1.0	confident	Pseudomonas putida	Bacteria
ecee2d2f-c7c3-4fb5-8a44-16ffa00d28c3	303	1.0	confident	Pseudomonas putida	Bacteria
d3ebb5c9-20b9-4ba9-be9e-4f7874e25f2a	303	1.0	confident	Pseudomonas putida	Bacteria
68dcd617-81c7-46ab-91af-88827dfa9fc8	303	1.0	confident	Pseudomonas putida	Bacteria
8376a56f-e1dd-4d73-97f6-c40c91632ca8	303	1.0	confident	Pseudomonas putida	Bacteria
5afcbcc7-0da9-4d4c-89da-91abae5388c7	303	1.0	confident	Pseudomonas putida	Bacteria
655420c7-857f-44c2-b784-057060861645	303	1.0	confident	Pseudomonas putida	Bacteria
05fb725a-0ef2-443c-b041-e1039d65753f	303	1.0	confident	Pseudomonas putida	Bacteria
968db963-b461-423d-a88f-4d08d364f182	303	1.0	confident	Pseudomonas putida	Bacteria
2edf3966-a05b-46b3-b507-fbd1150179c2	303	1.0	confident	Pseudomonas putida	Bacteria
9bb63998-879d-40d0-8a68-f04a7982137c	303	1.0	confident	Pseudomonas putida	Bacteria
be158f79-d752-4931-b7a1-1bf44be12601	303	1.0	confident	Pseudomonas putida	Bacteria
c1f59ace-c386-4366-8907-b6a183c345ba	303	1.0	confident	Pseudomonas putida	Bacteria
b3fec086-3eab-4d7b-9e87-f1c6dd450a74	303	1.0	confident	Pseudomonas putida	Bacteria
23b1bf4e-dd4d-462d-97e2-1265b5b797eb	303	1.0	confident	Pseudomonas putida	Bacteria
4f7c2672-42b8-495d-a1d5-af8d1c3d1e30	303	1.0	confident	Pseudomonas putida	Bacteria
86ea4f6f-9f20-43c1-8036-4df114ff0a33	303	1.0	confident	Pseudomonas putida	Bacteria
a4a027b5-d0c3-4f22-80d1-a92803204ea7	303	1.0	confident	Pseudomonas putida	Bacteria
9ce2553b-362d-4bd8-b3db-c68c07ded31f	303	1.0	confident	Pseudomonas putida	Bacteria
425db3cb-87fb-40fc-af2c-25e5da759bd8	303	1.0	confident	Pseudomonas putida	Bacteria
a4ffa83c-dfeb-4c9d-b369-7e9c94781552	303	1.0	confident	Pseudomonas putida	Bacteria
b8b11957-c527-46fb-9f63-54d411312efe	303	1.0	confident	Pseudomonas putida	Bacteria
c6a7d54b-af9b-4f1a-91b5-24ec390a528f	303	1.0	confident	Pseudomonas putida	Bacteria
9f3eb0e9-0fb0-4d97-9de5-5e8d1d5cfebd	303	1.0	confident	Pseudomonas putida	Bacteria
cd916d08-1219-4c15-8ccf-0f65a4ced927	303	1.0	confident	Pseudomonas putida	Bacteria
9829d7eb-6cee-4831-aa07-de5ccc422d60	303	1.0	confident	Pseudomonas putida	Bacteria
5791fc34-7ee1-4f00-b80b-b276fa92f991	303	1.0	confident	Pseudomonas putida	Bacteria
e71e8768-7103-4d98-9f3c-413c6d49c58a	303	1.0	confident	Pseudomonas putida	Bacteria
600b6a24-aae4-44aa-b472-697574898f5b	303	1.0	confident	Pseudomonas putida	Bacteria
ad10442f-de3e-42b3-98c2-9860842a92cb	303	1.0	confident	Pseudomonas putida	Bacteria
0bd1be26-1160-46dc-9caf-bb74741387ba	303	1.0	confident	Pseudomonas putida	Bacteria
956f76bc-8a88-48da-a406-f6cf99eb2eef	303	1.0	confident	Pseudomonas putida	Bacteria
2a1c3899-c8e2-490a-ac73-aae8a9090417	303	1.0	confident	Pseudomonas putida	Bacteria
addfc497-9648-4024-905b-e54097b4b4a3	303	1.0	confident	Pseudomonas putida	Bacteria
8b45228d-32ce-48f3-9e5c-f866fd2e5c4f	303	1.0	confident	Pseudomonas putida	Bacteria
6d053610-426f-45ab-aa71-3ac85d6e1b4c	303	1.0	confident	Pseudomonas putida	Bacteria
20d2fbf1-ed2a-43f5-955e-07ef6f1d06cd	303	1.0	confident	Pseudomonas putida	Bacteria
84b0498d-7daf-4bfd-ab73-8df695d41e21	303	1.0	confident	Pseudomonas putida	Bacteria
3ad2176f-f6cb-48b4-8265-e33eb26d7a62	303	1.0	confident	Pseudomonas putida	Bacteria
04fcc608-4c23-46b1-8c0d-580c8b68da83	303	1.0	confident	Pseudomonas putida	Bacteria
ff210a44-954f-4fa0-8fd8-3c2d4efc6f03	303	1.0	confident	Pseudomonas putida	Bacteria
437ce656-f6d9-407a-b566-2e9aacf6044d	303	1.0	confident	Pseudomonas putida	Bacteria
0012fbba-4f15-4472-9bef-e2c6ba20cc93	303	1.0	confident	Pseudomonas putida	Bacteria
b67b7aed-3cfc-43fc-81ad-5ad41cef8949	303	1.0	confident	Pseudomonas putida	Bacteria
4edc8c08-e818-401a-ad82-6cb6b7684c51	303	1.0	confident	Pseudomonas putida	Bacteria
0e3c3436-84a2-45b3-9eec-4e6a64278be0	303	1.0	confident	Pseudomonas putida	Bacteria
07432632-a7e8-496d-9242-5bc3aa88e53b	303	1.0	confident	Pseudomonas putida	Bacteria
c3eae663-9153-4062-a471-1302744e7dcd	303	1.0	confident	Pseudomonas putida	Bacteria
a861c838-7c8e-4348-99a1-04379fc476fd	303	1.0	confident	Pseudomonas putida	Bacteria
dcd581b7-384b-4c23-8818-aee6a17ad433	303	1.0	confident	Pseudomonas putida	Bacteria
0e3cae7c-bcf8-4911-b419-b7f872d7a5dd	303	1.0	confident	Pseudomonas putida	Bacteria
04b1d96a-a261-4568-8221-13bfb28f0db3	303	1.0	confident	Pseudomonas putida	Bacteria
340aa9ea-de72-4f45-98c4-fe08ade9d619	303	1.0	confident	Pseudomonas putida	Bacteria
930a9aaf-321a-4a87-b1e9-2a43abe677fb	303	1.0	confident	Pseudomonas putida	Bacteria
bbaacbf3-e4a7-4a0b-8412-17e8fe136b84	303	1.0	confident	Pseudomonas putida	Bacteria
851c562a-e55a-47ad-be66-1be4465b512d	303	1.0	confident	Pseudomonas putida	Bacteria
beff8dde-945a-4da0-973a-2bb0f45f693c	303	1.0	confident	Pseudomonas putida	Bacteria
9dc001ae-8173-42d6-9cc7-8d6dbed14b8b	303	1.0	confident	Pseudomonas putida	Bacteria
b51f3f33-9d27-4d6f-ac39-572f01b7d001	303	1.0	confident	Pseudomonas putida	Bacteria
4f91135b-d9c4-4997-8f18-3f6dd9e0be02	303	1.0	confident	Pseudomonas putida	Bacteria
ebca220b-7b4a-4da8-95ad-1981db3e5874	303	1.0	confident	Pseudomonas putida	Bacteria
7dee5248-275b-4bf9-b5f0-06c4ab9c1783	303	1.0	confident	Pseudomonas putida	Bacteria
58222f05-2624-41e3-93d0-5806ba4b353c	303	1.0	confident	Pseudomonas putida	Bacteria
8756d0ac-9f07-48b6-beba-88a09a30c002	303	1.0	confident	Pseudomonas putida	Bacteria
b1ab9013-b972-4164-b07e-1d43362317f2	303	1.0	confident	Pseudomonas putida	Bacteria
f5c0ca2c-fade-4cab-bb7f-990737da1bc3	303	1.0	confident	Pseudomonas putida	Bacteria
d18a2155-0aa5-44ce-9fa8-5f2e2e8543ca	303	1.0	confident	Pseudomonas putida	Bacteria
3386cf48-1ff1-447b-a3bd-3aca78c1867b	303	1.0	confident	Pseudomonas putida	Bacteria
60683f99-0ad0-4a16-859f-7daefbe79a2d	303	1.0	confident	Pseudomonas putida	Bacteria
e19f3378-6405-4396-992b-61072ce2393b	303	1.0	confident	Pseudomonas putida	Bacteria
254562c8-dd08-475e-8b9d-619333cb2280	303	1.0	confident	Pseudomonas putida	Bacteria
5045433b-9620-4b43-8aa7-5a5b956059f4	303	1.0	confident	Pseudomonas putida	Bacteria
50eb342b-af61-436c-9b5a-e4bc3a2706c0	303	1.0	confident	Pseudomonas putida	Bacteria
4c464e9a-5732-45c6-aa1e-2aca1538e34e	303	1.0	confident	Pseudomonas putida	Bacteria
9f7205e3-2f9c-402c-8691-ac9f48419c74	303	1.0	confident	Pseudomonas putida	Bacteria
068fd879-3d4d-46a6-9604-9b5ec919438b	303	1.0	confident	Pseudomonas putida	Bacteria
fd066715-2910-4270-83ea-49c57d181f2a	303	1.0	confident	Pseudomonas putida	Bacteria
7dcf7570-2a64-468a-bd61-4a11acab9048	303	1.0	confident	Pseudomonas putida	Bacteria
fe0a93b7-4074-4b52-bd14-549c905d269d	303	1.0	confident	Pseudomonas putida	Bacteria
dcbc4f90-047c-4d64-8b81-813d10de1589	303	1.0	confident	Pseudomonas putida	Bacteria
1d0754fe-0f56-4563-a6dd-5aca29229c30	303	1.0	confident	Pseudomonas putida	Bacteria
bb513ac9-4e6d-4499-860c-6ab883e6d1a3	303	1.0	confident	Pseudomonas putida	Bacteria
04ab3d32-ba7d-4eb2-8191-e056f3f7db8b	303	1.0	confident	Pseudomonas putida	Bacteria
94e77dc7-7a3b-4d89-bf62-12488e030d49	303	1.0	confident	Pseudomonas putida	Bacteria
35b2a957-5396-49d7-9b3a-2e65265bb95d	303	1.0	confident	Pseudomonas putida	Bacteria
42714c19-58a6-4a5f-9ecf-2f064c7a481f	303	1.0	confident	Pseudomonas putida	Bacteria
aee29879-5c60-4761-85ae-58581f7096a8	303	1.0	confident	Pseudomonas putida	Bacteria
5ada8e4c-5830-48b4-9e60-7c6d97bd6554	303	1.0	confident	Pseudomonas putida	Bacteria
810631c5-544e-4672-a0b7-1fcb3c0bb6e9	303	1.0	confident	Pseudomonas putida	Bacteria
4bb75b41-b1e6-4fac-bcd6-30c2166aaafa	303	1.0	confident	Pseudomonas putida	Bacteria
acd9cf07-f495-4942-ad28-1619aa399263	303	1.0	confident	Pseudomonas putida	Bacteria
fbe2d681-35f5-408b-9b85-0e96dd1eae25	303	1.0	confident	Pseudomonas putida	Bacteria
ccfddc5d-4a6a-449e-a3a5-e76b5bfd0741	303	1.0	confident	Pseudomonas putida	Bacteria
d894b88f-1abe-4e11-a9d2-b98096ce1786	303	1.0	confident	Pseudomonas putida	Bacteria
bb3d066a-1dfe-4d51-9eec-fb0957094c39	303	1.0	confident	Pseudomonas putida	Bacteria
15cc9a89-74c2-4131-9dc4-b1b8cdd86e4f	303	1.0	confident	Pseudomonas putida	Bacteria
301de421-1e53-4a85-afba-c35a61e35588	303	1.0	confident	Pseudomonas putida	Bacteria
812e813a-2be2-4ae1-874a-b0dd3785f6db	946573	1.0	confident	Brevibacterium yomogidense	Bacteria
7f9633db-034a-4a2c-8a94-77e97e2a35ae	946573	1.0	confident	Brevibacterium yomogidense	Bacteria
60f4a829-4ae1-4e13-84f0-0f5369acb5b2	946573	1.0	confident	Brevibacterium yomogidense	Bacteria
de1a1ba8-7814-48ac-aeef-273a002a93e0	946573	1.0	confident	Brevibacterium yomogidense	Bacteria
aad7de3e-180a-427b-a3bd-79d722f12b58	946573	1.0	confident	Brevibacterium yomogidense	Bacteria
66ae2e35-b994-4263-a4fe-93bc5cb6bc66	946573	1.0	confident	Brevibacterium yomogidense	Bacteria
26057ef6-5541-4800-b689-785fc8fe529b	946573	1.0	confident	Brevibacterium yomogidense	Bacteria
75910581-1b20-4077-8da2-4304f3a8aaed	946573	1.0	confident	Brevibacterium yomogidense	Bacteria
e76fd69e-a761-41b2-8004-b4313d5d35e0	946573	1.0	confident	Brevibacterium yomogidense	Bacteria
bf572593-6adc-4f56-8769-36e99bbe2411	946573	1.0	confident	Brevibacterium yomogidense	Bacteria
c35424a4-7ef4-4912-8f4d-0bbddc903ddd	946573	1.0	confident	Brevibacterium yomogidense	Bacteria
347f0f5e-bac4-4f6d-b50c-5e4d6ec03dc3	946573	1.0	confident	Brevibacterium yomogidense	Bacteria
9511b63d-0f8d-425c-b641-af826b3e29f7	946573	1.0	confident	Brevibacterium yomogidense	Bacteria
0c70153c-4e4b-4e29-9b0d-bfcfaed69169	946573	1.0	confident	Brevibacterium yomogidense	Bacteria
a5452c11-88b0-4481-9256-e7c7e4363493	946573	1.0	confident	Brevibacterium yomogidense	Bacteria
e9adc499-61e8-4234-9a6b-99a32cd5d666	946573	1.0	confident	Brevibacterium yomogidense	Bacteria
468cca1b-e29c-486b-99a0-4bf5b13cf8af	946573	1.0	confident	Brevibacterium yomogidense	Bacteria
8bebcdef-dc94-432d-929f-17f5cb095377	946573	1.0	confident	Brevibacterium yomogidense	Bacteria
043404e5-bd1d-4182-98e8-e13acc78f0f0	946573	1.0	confident	Brevibacterium yomogidense	Bacteria
d4d4f1fe-045e-4d90-9da2-4624fdd98216	946573	1.0	confident	Brevibacterium yomogidense	Bacteria
045fc4b1-4f04-401a-b9f1-9b7c3bbb72d1	946573	1.0	confident	Brevibacterium yomogidense	Bacteria
b7481844-2d1f-481b-a358-12bb4cfdb1f1	946573	1.0	confident	Brevibacterium yomogidense	Bacteria
3294be96-2341-4e9f-a500-03be7e024c8e	946573	1.0	confident	Brevibacterium yomogidense	Bacteria
c87e038e-b917-4c88-961c-c64677b0af30	946573	1.0	confident	Brevibacterium yomogidense	Bacteria
a1722693-2c20-4ecc-884f-1887b4ed6dd3	946573	1.0	confident	Brevibacterium yomogidense	Bacteria
67d5fd20-07dc-4700-81ff-999843b8120c	946573	1.0	confident	Brevibacterium yomogidense	Bacteria
f23b5dc7-af33-4d6e-9ff1-daa5abcd859a	946573	1.0	confident	Brevibacterium yomogidense	Bacteria
265edbd3-cb09-4a17-91fc-be6ac6bb218d	946573	1.0	confident	Brevibacterium yomogidense	Bacteria
a29df84b-f14c-4929-a6bf-5e28e9df5e0f	946573	1.0	confident	Brevibacterium yomogidense	Bacteria
28c1dc32-354a-4fb6-a031-3abfa36b3292	946573	1.0	confident	Brevibacterium yomogidense	Bacteria
223c6922-0379-4bcf-baba-b17d23afd292	946573	1.0	confident	Brevibacterium yomogidense	Bacteria
86d28327-377d-4345-b540-602c1695675f	946573	1.0	confident	Brevibacterium yomogidense	Bacteria
d65913d8-4e93-4585-81f4-10a0f08b1621	946573	1.0	confident	Brevibacterium yomogidense	Bacteria
85770d33-1f08-4625-ae02-71a83412b8f6	946573	1.0	confident	Brevibacterium yomogidense	Bacteria
a8e50ac6-5604-488c-9ce5-523c15a1cb9c	72030	1.0	confident	Sva0996_marine_group_sp.	Bacteria
5672fa20-1960-46ad-999a-64e790dc83fb	72030	1.0	confident	Sva0996_marine_group_sp.	Bacteria
f00c95e0-8d9c-45e2-8380-74228e5d1240	72030	1.0	confident	Sva0996_marine_group_sp.	Bacteria
0b7fffb0-55ea-4afc-ac62-8f80cc737663	72030	1.0	confident	Sva0996_marine_group_sp.	Bacteria
29584dd9-6b50-4b09-9a17-142aeaa12380	72030	1.0	confident	Sva0996_marine_group_sp.	Bacteria
6bb099eb-7dcc-44ff-bbba-533bc44ae1f0	72030	1.0	confident	Sva0996_marine_group_sp.	Bacteria
54dbb155-97c5-47af-b175-a410143a80ae	72030	1.0	confident	Sva0996_marine_group_sp.	Bacteria
c93b4f46-5afc-46af-bb0c-5121503c64c5	72030	1.0	confident	Sva0996_marine_group_sp.	Bacteria
a6b09950-8003-493c-bc62-182732a59b26	72030	1.0	confident	Sva0996_marine_group_sp.	Bacteria
1f126ff0-c711-4ae9-aecc-59dc095819b6	72030	1.0	confident	Sva0996_marine_group_sp.	Bacteria
f200c4d9-7bd6-4bb7-a391-a7d14f9d7ef9	72030	1.0	confident	Sva0996_marine_group_sp.	Bacteria
5cf0f27d-530e-4fae-8375-5f71261491c7	72030	1.0	confident	Sva0996_marine_group_sp.	Bacteria
4f37cf17-fb45-40e9-8177-bc5152aa0a48	72030	1.0	confident	Sva0996_marine_group_sp.	Bacteria
626cf108-9d49-4404-aa65-542f7e0d5377	72030	1.0	confident	Sva0996_marine_group_sp.	Bacteria
87fd6936-5106-4302-8c33-c560f4d7f6fb	72030	1.0	confident	Sva0996_marine_group_sp.	Bacteria
9d0653fc-d7b0-4b0b-afbc-1e02f456a6b6	72030	1.0	confident	Sva0996_marine_group_sp.	Bacteria
9a583900-b293-4193-8c91-d8145a257701	72030	1.0	confident	Sva0996_marine_group_sp.	Bacteria
49d9cceb-318e-4590-b43b-4afb5505c3dd	72030	1.0	confident	Sva0996_marine_group_sp.	Bacteria
ed29286c-0b1c-4b61-84c1-8675298dc721	52021	1.0	confident	Halomonas desiderata	Bacteria
37f8915a-344d-40c9-956e-366cf238ce31	52021	1.0	confident	Halomonas desiderata	Bacteria
0e5cfa37-747b-4c2c-bcb9-3183b56401b9	52021	1.0	confident	Halomonas desiderata	Bacteria
5ea0b185-b074-4754-b7be-58f30e370fbb	52021	1.0	confident	Halomonas desiderata	Bacteria
6d83798d-42a3-4d5a-baa1-9ed8078f2016	52021	1.0	confident	Halomonas desiderata	Bacteria
653d0deb-6235-482f-9a2b-f10bda6c89ee	52021	1.0	confident	Halomonas desiderata	Bacteria
72f2a4de-4af2-4cde-a590-0c2a2f44bc38	52021	1.0	confident	Halomonas desiderata	Bacteria
dd7dcec0-fb8b-4aa2-819f-e46fe231e584	52021	1.0	confident	Halomonas desiderata	Bacteria
ceec14cb-fd97-41a4-9e30-90eb98148b28	52021	1.0	confident	Halomonas desiderata	Bacteria
2a774512-700f-495a-8c7b-5750d387669e	52021	1.0	confident	Halomonas desiderata	Bacteria
3549408c-aeb9-4940-b0e7-a94add0dc8e0	52021	1.0	confident	Halomonas desiderata	Bacteria
b30f5ea6-1b02-4bc4-9c59-938a6003845a	52021	1.0	confident	Halomonas desiderata	Bacteria
fb9aee5e-ddb8-47a4-ab74-c330b468e868	52021	1.0	confident	Halomonas desiderata	Bacteria
9800daf3-bb8d-4ea8-8086-5fe89a0e0b98	52021	1.0	confident	Halomonas desiderata	Bacteria
1586119f-509f-4a64-9245-9a65c47f0ee3	52021	1.0	confident	Halomonas desiderata	Bacteria
b426c37f-6243-4426-a87b-adfe687b3be4	52021	1.0	confident	Halomonas desiderata	Bacteria
0f343d09-1b62-45d1-9930-91333a6de807	52021	1.0	confident	Halomonas desiderata	Bacteria
d040baba-f460-4b27-b2a6-990fba9ab77e	52021	1.0	confident	Halomonas desiderata	Bacteria
a6427880-0155-4086-9d5c-8c0d2bf12971	52021	1.0	confident	Halomonas desiderata	Bacteria
4f4a44b3-126e-4a33-9a28-271dfd5319fd	52021	1.0	confident	Halomonas desiderata	Bacteria
9be1989f-730b-471a-a466-556ca5d8e405	52021	1.0	confident	Halomonas desiderata	Bacteria
c498d69f-9e2a-4447-a10d-1672751441e2	52021	1.0	confident	Halomonas desiderata	Bacteria
07a10276-1ee1-4f77-83d8-bfc90249c4a3	52021	1.0	confident	Halomonas desiderata	Bacteria
ad030d7e-a5b4-4dee-a7d6-91a5369c9f90	52021	1.0	confident	Halomonas desiderata	Bacteria
3ef42b26-7ed4-461d-b1a2-33bd95d47242	52021	1.0	confident	Halomonas desiderata	Bacteria
46eb405d-5af4-4054-addf-c29d0a70d367	52021	1.0	confident	Halomonas desiderata	Bacteria
15811248-db4f-462b-b6e8-76f88fca6a7c	52021	1.0	confident	Halomonas desiderata	Bacteria
cf8eef2c-8f41-44aa-b8e0-40509270efa4	52021	1.0	confident	Halomonas desiderata	Bacteria
bca51a75-da1c-4231-b506-4058d79e00af	52021	1.0	confident	Halomonas desiderata	Bacteria
9c7445e0-c964-47c6-bd8e-10d55907970d	52021	1.0	confident	Halomonas desiderata	Bacteria
509ebc1d-e87b-43fb-afd3-51aef837b3e3	52021	1.0	confident	Halomonas desiderata	Bacteria
727a7984-4d5c-4d27-8b35-f3f5673324d2	52021	1.0	confident	Halomonas desiderata	Bacteria
9558e8be-36bd-4156-b9aa-a29a43ef5470	52021	1.0	confident	Halomonas desiderata	Bacteria
e94e0555-2d5e-4681-92e4-f83206e30e3a	52021	1.0	confident	Halomonas desiderata	Bacteria
a062f9b0-723d-41d7-90a6-ae7b286471e7	52021	1.0	confident	Halomonas desiderata	Bacteria
78570652-83cf-47a3-9fcd-37b7baa1cf24	52021	1.0	confident	Halomonas desiderata	Bacteria
2a80749c-0f27-4c70-a64f-f7573807f67c	52021	1.0	confident	Halomonas desiderata	Bacteria
8b16f3bc-4f06-43cc-8f7b-72b8bce1b4cb	52021	1.0	confident	Halomonas desiderata	Bacteria
5221de74-25cf-474f-a621-b86823259c5b	52021	1.0	confident	Halomonas desiderata	Bacteria
2ca6ca16-6383-4323-b8bb-3e0025a541eb	52021	1.0	confident	Halomonas desiderata	Bacteria
ef01a1ba-b4b4-4d1e-878c-455dbbc1c822	52021	1.0	confident	Halomonas desiderata	Bacteria
db204a96-1d62-4bcf-b85c-a81c63087d40	52021	1.0	confident	Halomonas desiderata	Bacteria
bf6f5b8b-75c6-439a-aef4-2a5aac6b5512	52021	1.0	confident	Halomonas desiderata	Bacteria
952a9141-d40a-4ea6-a4dc-72f8f85bc7c0	52021	1.0	confident	Halomonas desiderata	Bacteria
e039e0db-4b0c-4e06-933e-26571471b4c4	52021	1.0	confident	Halomonas desiderata	Bacteria
5bb66104-822e-4e13-8629-05c5504c51db	52021	1.0	confident	Halomonas desiderata	Bacteria
5a59e80f-1e83-46ce-84bf-5ac01e4c6237	52021	1.0	confident	Halomonas desiderata	Bacteria
57ee892e-d2d1-4cba-b659-da45e732e92b	52021	1.0	confident	Halomonas desiderata	Bacteria
41cf8e32-04b7-4b18-aedd-4dd83ee4e2dc	52021	1.0	confident	Halomonas desiderata	Bacteria
f335916e-f966-4aa4-aecf-ca395a1e8042	52021	1.0	confident	Halomonas desiderata	Bacteria
1bd98b3c-da26-4fa1-a171-4461f627dd6e	52021	1.0	confident	Halomonas desiderata	Bacteria
6249ae26-defd-4c21-9cd0-9c6cc07ff45c	52021	1.0	confident	Halomonas desiderata	Bacteria
3cf6c2e3-651c-4beb-91aa-4f0091d57496	52021	1.0	confident	Halomonas desiderata	Bacteria
79af0100-f9e9-4543-a034-3f82088cb889	52021	1.0	confident	Halomonas desiderata	Bacteria
e5ee2fb3-f8a9-495f-a7fb-cbcaebd441f0	52021	1.0	confident	Halomonas desiderata	Bacteria
b04c10b9-c24a-417d-9096-90de9f9cca44	52021	1.0	confident	Halomonas desiderata	Bacteria
c0e0688d-2dd0-439f-b232-181d899e9c13	52021	1.0	confident	Halomonas desiderata	Bacteria
1c4e2910-5903-47ea-874a-b5b7a1c1d09f	52021	1.0	confident	Halomonas desiderata	Bacteria
d3cbd44e-4f97-4cce-95f4-36af72694bac	52021	1.0	confident	Halomonas desiderata	Bacteria
d4465e1b-96ca-4b2e-b127-c7fe7fcaa4d3	52021	1.0	confident	Halomonas desiderata	Bacteria
6d0bc85c-0ce3-4989-89b7-a03593c14fef	52021	1.0	confident	Halomonas desiderata	Bacteria
edc87b76-217e-4fbf-81b0-28614c5f0e58	52021	1.0	confident	Halomonas desiderata	Bacteria
15753c78-a3ef-43e5-9a4b-dd1f6cbd6435	52021	1.0	confident	Halomonas desiderata	Bacteria
e0df33f4-4eba-48dd-9051-37d566b59608	52021	1.0	confident	Halomonas desiderata	Bacteria
05c65edd-e32a-4034-9d5b-b66fc2741556	52021	1.0	confident	Halomonas desiderata	Bacteria
23f9f849-d1fe-44f0-aac9-b899c1226d62	52021	1.0	confident	Halomonas desiderata	Bacteria
61d123e6-d23f-4756-9575-a0e6e2915f9d	52021	1.0	confident	Halomonas desiderata	Bacteria
c6254a0a-01d4-47fc-baa6-b19c53508ad4	52021	1.0	confident	Halomonas desiderata	Bacteria
268b41d4-6c48-4d9d-a0ef-933ce88be999	52021	1.0	confident	Halomonas desiderata	Bacteria
25096d11-79e8-486a-951e-010383049bd1	52021	1.0	confident	Halomonas desiderata	Bacteria
4719ccf7-14ff-4554-a8f5-72fd15919532	52021	1.0	confident	Halomonas desiderata	Bacteria
af83a0f2-74fe-43ff-9eef-f3af8983945a	52021	1.0	confident	Halomonas desiderata	Bacteria
8826c41b-f21a-40f6-a5f5-ddd7617424c4	52021	1.0	confident	Halomonas desiderata	Bacteria
46b055ee-7b37-4458-9829-8d89fdb10ea0	1290	1.0	confident	Staphylococcus hominis	Bacteria
dd0b619b-db6b-4efe-be55-5481ffd3e1b1	1290	1.0	confident	Staphylococcus hominis	Bacteria
69536e65-42aa-4c5d-8459-a9163ffa29a1	1290	1.0	confident	Staphylococcus hominis	Bacteria
c226cccb-345c-4db8-9bd9-1b31a481513c	1290	1.0	confident	Staphylococcus hominis	Bacteria
bae8dfe8-489d-4d28-a044-11f2559ef99f	1290	1.0	confident	Staphylococcus hominis	Bacteria
58e82c73-dd18-4aa4-8d4e-4325036544a1	1290	1.0	confident	Staphylococcus hominis	Bacteria
1c8e8e41-6a7c-4a93-a82f-b002636c43f0	1290	1.0	confident	Staphylococcus hominis	Bacteria
d3db3b4f-3152-4111-af97-1c8fdb6fd61d	1290	1.0	confident	Staphylococcus hominis	Bacteria
ff558067-fc89-4000-8e92-3cf5615540d0	1290	1.0	confident	Staphylococcus hominis	Bacteria
9f50a0fc-d1cc-48f1-ad89-f910d10cf8ee	1290	1.0	confident	Staphylococcus hominis	Bacteria
3b833013-74dd-494e-a619-49fc93f36928	1290	1.0	confident	Staphylococcus hominis	Bacteria
fcd4a5e1-308a-40f4-952f-755ac354f3a1	1290	1.0	confident	Staphylococcus hominis	Bacteria
cb03fad4-efa9-46e5-a816-b688da1e227c	1290	1.0	confident	Staphylococcus hominis	Bacteria
30f7eb5e-32b3-4133-969c-dfd407377805	1290	1.0	confident	Staphylococcus hominis	Bacteria
f0d733de-d63d-47e3-9f67-aa586fb6c313	1290	1.0	confident	Staphylococcus hominis	Bacteria
5101f0d5-e9f2-40a0-b4a1-c852df8c76bb	1290	1.0	confident	Staphylococcus hominis	Bacteria
f187a660-aa26-4eed-9c18-338be18b3727	1290	1.0	confident	Staphylococcus hominis	Bacteria
bd9cb6ab-0445-4dd2-b158-b58d07a81393	1290	1.0	confident	Staphylococcus hominis	Bacteria
59e9d64e-5f3c-4322-add5-f3f1ea5270ba	1290	1.0	confident	Staphylococcus hominis	Bacteria
8bd8de22-dcbe-4d84-a080-d744e26ae585	1290	1.0	confident	Staphylococcus hominis	Bacteria
3eaeb0f7-a8d3-41a2-9f38-31cd2ccd04ca	1290	1.0	confident	Staphylococcus hominis	Bacteria
3606cb80-f157-48eb-a128-038ba45318b4	1290	1.0	confident	Staphylococcus hominis	Bacteria
8fed05d6-0a07-4c3b-a95c-aaaf96bd591b	1290	1.0	confident	Staphylococcus hominis	Bacteria
d1ec2ecf-fbb4-4c99-8945-a6bf1c6157f5	1290	1.0	confident	Staphylococcus hominis	Bacteria
11aa02d8-4060-458d-b049-cbc06bfca1e0	1290	1.0	confident	Staphylococcus hominis	Bacteria
e4c7fbc0-cace-4a3b-ab9c-18ded8df74c0	1290	1.0	confident	Staphylococcus hominis	Bacteria
80b389b7-80a7-401a-a225-b6ec1dbbe64b	1290	1.0	confident	Staphylococcus hominis	Bacteria
58ca70e8-fea4-4ca5-8e45-fb8fb4bbbd42	1290	1.0	confident	Staphylococcus hominis	Bacteria
8b96005a-b17f-4ad1-8f92-a9b6d52f496e	1290	1.0	confident	Staphylococcus hominis	Bacteria
02bd41b2-e547-44dc-93c3-4085dfb5a4bd	1290	1.0	confident	Staphylococcus hominis	Bacteria
995adde9-1328-4c3c-b971-e5dda4d79c41	1290	1.0	confident	Staphylococcus hominis	Bacteria
672b1662-2fd8-4a20-844d-46fe18ec669d	1290	1.0	confident	Staphylococcus hominis	Bacteria
f841e3b1-8cf9-4191-b27b-063467a952f4	1290	1.0	confident	Staphylococcus hominis	Bacteria
49649846-5b33-46e9-a502-a5a9a5d29b29	1290	1.0	confident	Staphylococcus hominis	Bacteria
9c0dc789-0c21-44b1-bb61-5b55a040a39f	1290	1.0	confident	Staphylococcus hominis	Bacteria
a2dd586f-59bb-4f7e-89a6-090fcecbf1a7	1290	1.0	confident	Staphylococcus hominis	Bacteria
c644173d-1939-4847-9055-ad57e86ed0a0	1290	1.0	confident	Staphylococcus hominis	Bacteria
77fef85c-35f8-4a44-a9c8-9db1e8d99e1f	1290	1.0	confident	Staphylococcus hominis	Bacteria
a4dd906a-309b-4733-bba9-25845587faa3	1290	1.0	confident	Staphylococcus hominis	Bacteria
92b9db91-dbc4-408b-872e-ae847a5d406d	1290	1.0	confident	Staphylococcus hominis	Bacteria
eb0c4d3a-2d0a-4cef-8362-1865e8f0441c	1290	1.0	confident	Staphylococcus hominis	Bacteria
fcc83388-d4db-478d-9012-7000fcbff023	1290	1.0	confident	Staphylococcus hominis	Bacteria
3d39be67-a379-4ea0-86e4-9de16a4a0645	1290	1.0	confident	Staphylococcus hominis	Bacteria
7251d622-c6f3-405c-b37a-721fe84f62e6	1290	1.0	confident	Staphylococcus hominis	Bacteria
7e40c321-8fe2-4b8f-8764-1546134605c4	1290	1.0	confident	Staphylococcus hominis	Bacteria
69217fd7-b53a-4259-ab72-39080fc71e73	1290	1.0	confident	Staphylococcus hominis	Bacteria
7e1a5374-1a34-4524-a8ba-548c11514111	1290	1.0	confident	Staphylococcus hominis	Bacteria
ad47f679-f988-4624-aac7-44a745b7469c	1290	1.0	confident	Staphylococcus hominis	Bacteria
385ac3d8-7df5-43ef-9d8d-e047f276b0e1	1290	1.0	confident	Staphylococcus hominis	Bacteria
c5492f56-3cf7-4c8f-9c9e-530368167cdd	1290	1.0	confident	Staphylococcus hominis	Bacteria
823844c2-42ec-4395-9b94-10e2dc5dbe58	1290	1.0	confident	Staphylococcus hominis	Bacteria
7e792563-9fb6-4f21-8e11-4079d5e2d35a	1290	1.0	confident	Staphylococcus hominis	Bacteria
78a08e8c-44a3-4314-a8cd-6ea1f86558c3	1290	1.0	confident	Staphylococcus hominis	Bacteria
1db25310-85e0-4c6d-af7a-b8be6238c6ea	1290	1.0	confident	Staphylococcus hominis	Bacteria
29d9643c-904c-4ab0-9da7-ba725d197584	1290	1.0	confident	Staphylococcus hominis	Bacteria
7734ad93-6c6d-47ed-8972-35b6c0bbcdf4	1290	1.0	confident	Staphylococcus hominis	Bacteria
4b78f5ab-e786-42cf-bd25-473976488ea5	1290	1.0	confident	Staphylococcus hominis	Bacteria
91605e08-0b33-4dd9-bb59-03b7533a4532	1290	1.0	confident	Staphylococcus hominis	Bacteria
963c3785-00cb-4884-8c34-f4442b632da1	1290	1.0	confident	Staphylococcus hominis	Bacteria
2715931f-7ea6-4623-8bf7-4e04481e9c34	1290	1.0	confident	Staphylococcus hominis	Bacteria
b8a0092d-9455-4393-8ccc-f0bfdc0e8ea6	1290	1.0	confident	Staphylococcus hominis	Bacteria
0822aa50-2ad6-4b8f-9c16-00f5adb23f52	1290	1.0	confident	Staphylococcus hominis	Bacteria
9f9d71cb-b8f1-4119-ae45-2de55c2ea714	1290	1.0	confident	Staphylococcus hominis	Bacteria
17a8ad84-9913-49a1-964c-d7e2ddb4334c	1290	1.0	confident	Staphylococcus hominis	Bacteria
6f1c3bdb-66c2-4009-ba03-b093914b4a1a	1290	1.0	confident	Staphylococcus hominis	Bacteria
45f1d2f9-0e93-476f-9a2e-a5d9b5b5f2a7	1290	1.0	confident	Staphylococcus hominis	Bacteria
324aa3d5-e6da-41a0-bedc-ae96976e34e8	1290	1.0	confident	Staphylococcus hominis	Bacteria
765d5fba-7e1c-4dd7-b1f2-5dd0bdb13ae2	1290	1.0	confident	Staphylococcus hominis	Bacteria
f359e81d-cfcd-4584-aba7-10cb06c25265	1290	1.0	confident	Staphylococcus hominis	Bacteria
ef327003-2a62-486e-9e37-601b17b12d0a	1290	1.0	confident	Staphylococcus hominis	Bacteria
39c29b27-9eb9-4847-b0a8-fcdfe93fc801	1290	1.0	confident	Staphylococcus hominis	Bacteria
8c2e932b-67c1-4451-a86c-c636d7d6d992	1290	1.0	confident	Staphylococcus hominis	Bacteria
869a10d8-092d-49c6-a84c-a566caa6abb5	1290	1.0	confident	Staphylococcus hominis	Bacteria
96fd6655-4a45-4a4d-9bda-de8e662e69f8	1290	1.0	confident	Staphylococcus hominis	Bacteria
6445a26e-ea31-4219-b0b3-2bcb711be275	1290	1.0	confident	Staphylococcus hominis	Bacteria
31ab92b0-d763-4909-88af-2f0a28533733	1290	1.0	confident	Staphylococcus hominis	Bacteria
d5b96837-3f60-482a-904e-e7965d382a8e	1290	1.0	confident	Staphylococcus hominis	Bacteria
c298e6a0-4e9a-460b-9fac-5e4610d37494	1290	1.0	confident	Staphylococcus hominis	Bacteria
f01c4383-6484-446c-9231-c1b98ec7edec	1290	1.0	confident	Staphylococcus hominis	Bacteria
e63ebf59-219a-4cd3-badf-7b3feca45170	1290	1.0	confident	Staphylococcus hominis	Bacteria
3000bbf9-37d4-42bf-963c-38f178d32d10	1290	1.0	confident	Staphylococcus hominis	Bacteria
17feff38-d3b2-42f4-850b-cd23b460a561	1290	1.0	confident	Staphylococcus hominis	Bacteria
ee9c895b-661b-4e15-959c-9bc43c70259b	1290	1.0	confident	Staphylococcus hominis	Bacteria
78b15285-e7b2-4518-80ae-b10ce258aeb6	1290	1.0	confident	Staphylococcus hominis	Bacteria
b9d986f1-ed0c-4c03-8883-46a32ad13ca6	1290	1.0	confident	Staphylococcus hominis	Bacteria
e9358f62-ff68-4709-9424-8e32f1d9cfb7	1290	1.0	confident	Staphylococcus hominis	Bacteria
1221a700-65f0-40aa-9cb7-f65a2547b89d	1290	1.0	confident	Staphylococcus hominis	Bacteria
c6dcc829-5097-4fae-9c6e-62bb558a8d8e	1290	1.0	confident	Staphylococcus hominis	Bacteria
e5dca143-267f-476e-8d87-84a1e246f6b4	1290	1.0	confident	Staphylococcus hominis	Bacteria
3c8143c2-0065-41c9-9881-dd812b5eaf11	1290	1.0	confident	Staphylococcus hominis	Bacteria
c8f134c7-8b67-4b0f-8e2f-adf15937ccd2	1290	1.0	confident	Staphylococcus hominis	Bacteria
99ca8c0a-4766-4907-a35d-e657dadd099a	1290	1.0	confident	Staphylococcus hominis	Bacteria
0d16b1d1-cf7d-4625-8108-196632163046	1290	1.0	confident	Staphylococcus hominis	Bacteria
202e6cf3-c80b-4574-8c48-765bc26e41b0	1290	1.0	confident	Staphylococcus hominis	Bacteria
62a87b6b-b379-4e1a-b513-4ad49aeca483	1290	1.0	confident	Staphylococcus hominis	Bacteria
f5bc3b8c-cf25-465c-aaa4-43d51952e1f0	1290	1.0	confident	Staphylococcus hominis	Bacteria
faa88722-e491-4a46-88e4-71b99b7d0ea2	1290	1.0	confident	Staphylococcus hominis	Bacteria
4ff4c4c5-633e-4d7e-acd2-14ffdde74fbf	1290	1.0	confident	Staphylococcus hominis	Bacteria
49c9c8a8-8b7a-40ea-83e1-7214de849da0	1290	1.0	confident	Staphylococcus hominis	Bacteria
c65a7e32-e680-4d6c-b8b0-175a45a97fa4	1290	1.0	confident	Staphylococcus hominis	Bacteria
f3030352-1ee4-4b77-87ab-cba4a3688035	1290	1.0	confident	Staphylococcus hominis	Bacteria
67f955ae-8394-464c-8152-07103a7928b0	1290	1.0	confident	Staphylococcus hominis	Bacteria
d63700ed-da1d-4ded-a378-87db62334fd8	1290	1.0	confident	Staphylococcus hominis	Bacteria
c4c5547b-9da5-46a4-b10d-b05b5cca9635	1290	1.0	confident	Staphylococcus hominis	Bacteria
528a8a24-17b1-4432-9a3d-0329d3226358	1290	1.0	confident	Staphylococcus hominis	Bacteria
f4e1b265-aa29-4714-be2e-46daf263b103	1290	1.0	confident	Staphylococcus hominis	Bacteria
800f766d-83bc-4436-b983-fda7bb14b521	1290	1.0	confident	Staphylococcus hominis	Bacteria
a60c3a03-1729-4a80-8f2b-0c7fc67d0212	1290	1.0	confident	Staphylococcus hominis	Bacteria
98863aff-33ec-4668-9493-f8891dad2fa4	1290	1.0	confident	Staphylococcus hominis	Bacteria
e9301255-0b07-431f-91ff-c1f72ca5363c	1290	1.0	confident	Staphylococcus hominis	Bacteria
fa832055-920f-4839-9dbe-455a7d6a6f49	1290	1.0	confident	Staphylococcus hominis	Bacteria
532a9dbf-27b5-4c50-98ed-433ebc4379bc	1290	1.0	confident	Staphylococcus hominis	Bacteria
d02e0727-658b-4200-a88c-cd444a002b25	1290	1.0	confident	Staphylococcus hominis	Bacteria
e0bb8b37-e462-4f7c-bad9-72a4c15c422c	1290	1.0	confident	Staphylococcus hominis	Bacteria
8c9801fb-ddc9-473b-9be2-ed5abf099c34	1290	1.0	confident	Staphylococcus hominis	Bacteria
4a5f5f9b-3500-4fa5-9a52-b2e8fa7c0b5b	1290	1.0	confident	Staphylococcus hominis	Bacteria
bb671476-e186-47bc-b1bc-d89f39d4fb74	1290	1.0	confident	Staphylococcus hominis	Bacteria
902fadcc-c6b5-4a1e-b8b0-d3b92a2a70b3	1290	1.0	confident	Staphylococcus hominis	Bacteria
9f215237-c3ff-4fdb-8046-b12f47a49bf5	1290	1.0	confident	Staphylococcus hominis	Bacteria
db79c162-b852-459b-b591-2d0ecfec34a9	1290	1.0	confident	Staphylococcus hominis	Bacteria
5ffd88cc-ae05-442a-abef-5f9128c6c15d	1290	1.0	confident	Staphylococcus hominis	Bacteria
27d6806b-f2fd-474d-ad6f-fff63c3ce967	1290	1.0	confident	Staphylococcus hominis	Bacteria
f915ea87-6197-4b52-9920-80a2ff497546	1290	1.0	confident	Staphylococcus hominis	Bacteria
f6cf1459-38e1-4dbd-8acc-835e58e7f49a	1290	1.0	confident	Staphylococcus hominis	Bacteria
8f959a9a-55ed-4c3a-8f76-1443a5a16c4c	1290	1.0	confident	Staphylococcus hominis	Bacteria
ff883a58-fbfd-4d5a-98a3-bdf87ce27dd6	1290	1.0	confident	Staphylococcus hominis	Bacteria
207536f1-b58e-450f-9698-dfd300f5c6fc	1290	1.0	confident	Staphylococcus hominis	Bacteria
2e6e8cf7-4901-4e77-ac10-458d08380c68	1290	1.0	confident	Staphylococcus hominis	Bacteria
f2dcebfd-88a0-4af4-8507-cebdd59266d1	1290	1.0	confident	Staphylococcus hominis	Bacteria
459171d0-fa41-45da-aca1-e7349ccee532	1290	1.0	confident	Staphylococcus hominis	Bacteria
fb7e6419-3a5d-46b0-8082-b26a3a477783	1290	1.0	confident	Staphylococcus hominis	Bacteria
e6b5c188-baad-42fe-9d14-8a3fd6b6bdad	1290	1.0	confident	Staphylococcus hominis	Bacteria
8d331aed-bf5a-4d2e-a598-bd69a8cd5371	1290	1.0	confident	Staphylococcus hominis	Bacteria
7dbfc38f-bce5-40f3-9ded-5c5c621ed279	1290	1.0	confident	Staphylococcus hominis	Bacteria
e97c25e6-02a4-4d45-ba06-06e62c5a7ba7	1290	1.0	confident	Staphylococcus hominis	Bacteria
6237dde8-9eaa-4626-a559-66b6b1378b15	1290	1.0	confident	Staphylococcus hominis	Bacteria
32e01c78-5d7e-4254-95fb-863743a8644b	1290	1.0	confident	Staphylococcus hominis	Bacteria
78486edf-46c6-4d09-b2fd-a02eb3d655ec	1290	1.0	confident	Staphylococcus hominis	Bacteria
f693b3b2-141e-4053-ae04-f6e7ee9b3c24	1290	1.0	confident	Staphylococcus hominis	Bacteria
dd1b5406-f2b7-4b5a-82d4-e56ca1cf0be4	1290	1.0	confident	Staphylococcus hominis	Bacteria
08fc3b4f-91f8-4f66-90f5-f94255a4f124	1290	1.0	confident	Staphylococcus hominis	Bacteria
6f17e099-9392-4395-b30d-9098e75ae300	1290	1.0	confident	Staphylococcus hominis	Bacteria
74f0a93e-c720-4735-a6b0-fb84d0dc106d	1290	1.0	confident	Staphylococcus hominis	Bacteria
8a0e78e4-ee7e-4645-b5ee-a5222c5103e6	1290	1.0	confident	Staphylococcus hominis	Bacteria
e04235f2-4ffb-4e5c-bf27-f3b69f7b118b	1290	1.0	confident	Staphylococcus hominis	Bacteria
712762bb-e35c-48f7-be81-afa63af92fa9	1290	1.0	confident	Staphylococcus hominis	Bacteria
63aec8fd-ab28-4faf-8286-9aed4a3c23a4	1290	1.0	confident	Staphylococcus hominis	Bacteria
5f195882-a381-44d7-9d8f-1f0990f3d994	1290	1.0	confident	Staphylococcus hominis	Bacteria
873a0e72-701a-4741-ac72-e6bb14cccbbb	1290	1.0	confident	Staphylococcus hominis	Bacteria
f6d0da9f-9f82-4c69-86e8-87ebabe4e32d	1290	1.0	confident	Staphylococcus hominis	Bacteria
00d39915-22df-4354-a1b2-b99580844725	1290	1.0	confident	Staphylococcus hominis	Bacteria
efc6cf23-ed50-45c5-8383-892a2ca1f262	1290	1.0	confident	Staphylococcus hominis	Bacteria
d9f232e0-103d-4514-be7e-a8a6f2da89ec	1290	1.0	confident	Staphylococcus hominis	Bacteria
28c5abd9-45e6-4be8-b44b-31c3808aceb1	1290	1.0	confident	Staphylococcus hominis	Bacteria
d9cc6200-731b-4fb7-8448-7a51797577ba	1290	1.0	confident	Staphylococcus hominis	Bacteria
48f60703-061a-48b5-8dd1-05a4e5359433	1290	1.0	confident	Staphylococcus hominis	Bacteria
2acf719c-541e-434f-92b5-bea5ad727061	1290	1.0	confident	Staphylococcus hominis	Bacteria
f2a0f17f-673d-4f69-95a1-f84bf96fb6a7	1290	1.0	confident	Staphylococcus hominis	Bacteria
5f1345bd-b5f7-4c3f-9248-2a4613b6b13a	1290	1.0	confident	Staphylococcus hominis	Bacteria
0f41697a-6502-4d6c-985f-2acf0288e2b9	1290	1.0	confident	Staphylococcus hominis	Bacteria
3ca40b6c-5050-4e15-b220-6d1aee38514d	1290	1.0	confident	Staphylococcus hominis	Bacteria
04b1be33-73a6-499a-bc0a-90179b8f86e8	1290	1.0	confident	Staphylococcus hominis	Bacteria
3eaea4fd-f753-4d27-be66-cedfb25639bc	1290	1.0	confident	Staphylococcus hominis	Bacteria
ed6479ad-2471-4e56-b0b8-730bed5edf3e	1290	1.0	confident	Staphylococcus hominis	Bacteria
edbeb463-d82b-4897-9e82-39da58c6504b	1290	1.0	confident	Staphylococcus hominis	Bacteria
d8a1f32a-b170-49e9-b754-8f93c8327c9e	1290	1.0	confident	Staphylococcus hominis	Bacteria
110db2d4-4f7c-462b-b86b-1c232df80f2f	1290	1.0	confident	Staphylococcus hominis	Bacteria
1376f842-ac7d-4d6c-b4f6-607b2aa1ef74	1290	1.0	confident	Staphylococcus hominis	Bacteria
27091bd1-e99f-4482-98b7-82b2bc39584f	1290	1.0	confident	Staphylococcus hominis	Bacteria
d5029a6a-7e07-4999-820b-271d5219edc5	1290	1.0	confident	Staphylococcus hominis	Bacteria
b47d62fb-bb6b-4e1d-8dac-653ecd516db6	1290	1.0	confident	Staphylococcus hominis	Bacteria
8e9aaf06-bec8-426f-96d2-908817001d28	1290	1.0	confident	Staphylococcus hominis	Bacteria
88f4759e-7f7c-4db7-b41e-07b4a86b3080	1290	1.0	confident	Staphylococcus hominis	Bacteria
b1480a18-37b1-4888-85bd-4ee2b9e0c6ac	1290	1.0	confident	Staphylococcus hominis	Bacteria
12c9f0a3-70e1-4a36-9e45-b5ad92b8d5be	1290	1.0	confident	Staphylococcus hominis	Bacteria
780e2217-062b-4ba1-9b51-6835e84c3949	1290	1.0	confident	Staphylococcus hominis	Bacteria
7f138f90-1592-44fb-bad7-8fa9b62ee4df	1290	1.0	confident	Staphylococcus hominis	Bacteria
333f1915-24b9-421b-afce-6e9f31dccb95	1290	1.0	confident	Staphylococcus hominis	Bacteria
d4e849bf-4d3d-4169-a2c5-50f023d9276b	1290	1.0	confident	Staphylococcus hominis	Bacteria
d22debf9-3c3d-405b-a269-a1e41bc276d4	80866	1.0	confident	Delftia acidovorans	Bacteria
1f1a07dd-341f-4e1a-a6f9-599477ea298d	80866	1.0	confident	Delftia acidovorans	Bacteria
759b11c6-509f-49a3-8bf0-4d46ffe70004	80866	1.0	confident	Delftia acidovorans	Bacteria
940c8ca0-7d53-4f4b-b0f9-a38fc5229b47	80866	1.0	confident	Delftia acidovorans	Bacteria
a34276b2-9105-4cf5-ad6c-a9240abb7dfa	80866	1.0	confident	Delftia acidovorans	Bacteria
43e512e3-1a4a-4d61-8fbd-dc4022ae3159	80866	1.0	confident	Delftia acidovorans	Bacteria
4d7d161b-e4f8-4436-a773-fe04fc9e3e77	80866	1.0	confident	Delftia acidovorans	Bacteria
5fbde897-30bb-4730-a1e4-e90fb7bb0dd1	80866	1.0	confident	Delftia acidovorans	Bacteria
eeafb95b-bea2-4551-897b-e8bd7f36259f	80866	1.0	confident	Delftia acidovorans	Bacteria
45f5daca-f976-484b-a3bd-e476fefef706	80866	1.0	confident	Delftia acidovorans	Bacteria
60e254ac-33c1-4a25-ac28-b1964d623af5	80866	1.0	confident	Delftia acidovorans	Bacteria
e911f1bb-9682-4adf-81f5-5a1c2b6d6d0b	80866	1.0	confident	Delftia acidovorans	Bacteria
dee0f98d-9404-4598-b6a8-be68621be40e	80866	1.0	confident	Delftia acidovorans	Bacteria
632a1bfe-45e8-4389-8c82-28cfac977a10	80866	1.0	confident	Delftia acidovorans	Bacteria
1874ab2c-7260-424e-bbb9-d5e75780d6f9	80866	1.0	confident	Delftia acidovorans	Bacteria
48ad9378-168d-4243-a156-c799427c38e9	80866	1.0	confident	Delftia acidovorans	Bacteria
6994cad9-3a91-45d1-b5be-2213e6ce7834	80866	1.0	confident	Delftia acidovorans	Bacteria
103f6940-8310-406f-8195-2b2ca365a147	80866	1.0	confident	Delftia acidovorans	Bacteria
5665ac45-5d9f-4bd1-be7c-485516683032	80866	1.0	confident	Delftia acidovorans	Bacteria
de9cf2e8-ce5b-4629-afd9-207de940ac3e	80866	1.0	confident	Delftia acidovorans	Bacteria
20ac7f23-3e3a-4dd7-9464-7b8cb9a43852	80866	1.0	confident	Delftia acidovorans	Bacteria
5cc16603-8f0a-4699-b423-09aebcb5a36d	80866	1.0	confident	Delftia acidovorans	Bacteria
d1b54344-5e2c-43e2-8d46-8874d43f9cb3	80866	1.0	confident	Delftia acidovorans	Bacteria
c4fd9614-c93c-4a34-a172-b2fa7746e620	80866	1.0	confident	Delftia acidovorans	Bacteria
e5591d10-3479-434e-9d07-bb936d19cb6d	80866	1.0	confident	Delftia acidovorans	Bacteria
ff6472c2-0df1-4b7b-b809-e112a4f6b275	80866	1.0	confident	Delftia acidovorans	Bacteria
19029bd1-8f5d-4422-90e9-79bf02309d51	80866	1.0	confident	Delftia acidovorans	Bacteria
e6f678bf-3b41-4453-a6ec-2df3f703b9bd	80866	1.0	confident	Delftia acidovorans	Bacteria
d4cadedb-2eb0-4068-8ddd-e2a1cfe99d84	80866	1.0	confident	Delftia acidovorans	Bacteria
6c7db3db-fc32-4e8a-bce9-b58ac5d7d1d4	80866	1.0	confident	Delftia acidovorans	Bacteria
effff95f-dd14-44d9-a657-7015da348e9c	80866	1.0	confident	Delftia acidovorans	Bacteria
30419ee3-703e-4a1b-9ce0-9ca11d9fb2e1	80866	1.0	confident	Delftia acidovorans	Bacteria
de9c2387-019f-4ec3-9cdd-91ba475b1602	80866	1.0	confident	Delftia acidovorans	Bacteria
2a3d810f-38a2-4368-a4f1-fc8161afa7e2	80866	1.0	confident	Delftia acidovorans	Bacteria
f14675a4-77f7-4828-be93-70d7b2a68895	80866	1.0	confident	Delftia acidovorans	Bacteria
d1f5c4d6-0404-4949-848f-0450997a40c2	80866	1.0	confident	Delftia acidovorans	Bacteria
b513e806-fe45-4fa6-8030-010aba6fef90	80866	1.0	confident	Delftia acidovorans	Bacteria
fca3817d-806d-47a6-afd2-f09b21b51b59	80866	1.0	confident	Delftia acidovorans	Bacteria
fedd5550-d8c6-4697-8b45-57277d8a6640	80866	1.0	confident	Delftia acidovorans	Bacteria
24b36e8b-5b13-4d9c-ba82-59bfbdb0738c	80866	1.0	confident	Delftia acidovorans	Bacteria
367636da-fe39-4426-9ee9-2199b2a9b589	80866	1.0	confident	Delftia acidovorans	Bacteria
223559b3-57dd-45f1-b384-ce0fe9a9ba56	80866	1.0	confident	Delftia acidovorans	Bacteria
d64a9dfc-897b-4dde-8bea-c0cbd347bb8e	80866	1.0	confident	Delftia acidovorans	Bacteria
bfdcc200-368a-4833-aa56-e7baced9714e	80866	1.0	confident	Delftia acidovorans	Bacteria
19f38bd9-1879-4a5f-8998-56cc9075716b	80866	1.0	confident	Delftia acidovorans	Bacteria
beb2acea-18a9-4bc2-bdfa-31bca6c9158b	80866	1.0	confident	Delftia acidovorans	Bacteria
f152334e-364e-43c8-b258-19d911d3ab16	80866	1.0	confident	Delftia acidovorans	Bacteria
3383b016-e4d8-4aa0-9581-1d4bd28c4620	80866	1.0	confident	Delftia acidovorans	Bacteria
49ee8f7c-4311-4679-83eb-1a8f0d343a2c	80866	1.0	confident	Delftia acidovorans	Bacteria
3999c912-af4d-4425-bbac-ac9537aa1058	80866	1.0	confident	Delftia acidovorans	Bacteria
6b3af740-dafc-4f19-b369-df47a636a586	80866	1.0	confident	Delftia acidovorans	Bacteria
722332ab-9e72-4268-8e0d-4da3beb5a535	80866	1.0	confident	Delftia acidovorans	Bacteria
19602153-e8eb-4cb3-9a96-15a42a61b6f6	80866	1.0	confident	Delftia acidovorans	Bacteria
94eafe1b-3925-4728-ac13-540ac4c2ebf4	80866	1.0	confident	Delftia acidovorans	Bacteria
2732cd46-fad7-4cc8-a6a4-afde0e368bba	80866	1.0	confident	Delftia acidovorans	Bacteria
4d5ba0d0-6202-48cf-bed6-2474d4b2abd4	80866	1.0	confident	Delftia acidovorans	Bacteria
b7c6b482-5316-4656-8f59-132e850f47e0	80866	1.0	confident	Delftia acidovorans	Bacteria
53a768d0-be8c-4a98-a2bf-10c710b3b6a3	80866	1.0	confident	Delftia acidovorans	Bacteria
30dce5db-e313-445b-bdb8-812f83f97de5	80866	1.0	confident	Delftia acidovorans	Bacteria
db980b1f-5b6a-47b2-8dfe-ef3766381334	80866	1.0	confident	Delftia acidovorans	Bacteria
7e9d6572-cd42-4b90-8235-eeb309040106	80866	1.0	confident	Delftia acidovorans	Bacteria
97bf3692-a2e3-4d76-afd5-783a628aa6ec	80866	1.0	confident	Delftia acidovorans	Bacteria
94199f8b-1e9e-4d4b-8d2d-a2be10a9c325	80866	1.0	confident	Delftia acidovorans	Bacteria
8bd0e4a8-9daa-4f8e-a407-01dd8fd8ab98	80866	1.0	confident	Delftia acidovorans	Bacteria
91c39338-55d6-4e5e-a6fa-13c8bdecb101	80866	1.0	confident	Delftia acidovorans	Bacteria
a9c62c95-0d64-414f-b56e-62ff99d15f5c	80866	1.0	confident	Delftia acidovorans	Bacteria
bb773a4a-8496-4da9-bf14-74804807455d	80866	1.0	confident	Delftia acidovorans	Bacteria
4fb9a16d-34c4-4f17-8907-d45e4555b357	80866	1.0	confident	Delftia acidovorans	Bacteria
9a81d6e5-ca9a-49c1-b190-49d95667c7d3	80866	1.0	confident	Delftia acidovorans	Bacteria
c70273f2-8115-416b-aefa-d9225904a9df	80866	1.0	confident	Delftia acidovorans	Bacteria
a83b740a-3b2e-4115-a872-ea030b8f2612	80866	1.0	confident	Delftia acidovorans	Bacteria
78dfe36b-a12f-4b6a-88d7-ee502708851d	80866	1.0	confident	Delftia acidovorans	Bacteria
32cd4bce-58e9-48a0-95e3-94b987a225c5	80866	1.0	confident	Delftia acidovorans	Bacteria
5a693ff0-8f38-459d-948a-5478992af076	80866	1.0	confident	Delftia acidovorans	Bacteria
38c98919-f8fb-4918-b502-0f6c5cf89457	80866	1.0	confident	Delftia acidovorans	Bacteria
6fa93105-1b34-4b71-aa65-40424814c5f7	80866	1.0	confident	Delftia acidovorans	Bacteria
8c9f351d-e7c9-476b-9336-934af1c6d594	80866	1.0	confident	Delftia acidovorans	Bacteria
7b9ff351-4819-4dd0-a79c-bb629fcb831e	73095	1.0	confident	Aquabacterium_sp.	Bacteria
d4b3f7e8-beaa-494b-8835-f117999d331a	73095	1.0	confident	Aquabacterium_sp.	Bacteria
228d073d-6857-45c2-a42d-23e8bd8b6fba	73095	1.0	confident	Aquabacterium_sp.	Bacteria
c639e876-18a8-4476-bf43-e871df231478	73095	1.0	confident	Aquabacterium_sp.	Bacteria
e500523c-6c8c-4d80-a5d5-4ffcd496fe3d	73095	1.0	confident	Aquabacterium_sp.	Bacteria
c75457b7-383a-4911-a10d-bd741ca1ad66	73095	1.0	confident	Aquabacterium_sp.	Bacteria
8146d17d-fe85-4a04-875d-0c78f19b8823	73095	1.0	confident	Aquabacterium_sp.	Bacteria
7189a6a9-2e12-476d-af39-d3ce0db71a74	73095	1.0	confident	Aquabacterium_sp.	Bacteria
578e29e5-2918-46b4-8807-796df0deff30	73095	1.0	confident	Aquabacterium_sp.	Bacteria
4704a1dc-3630-4549-b47c-b154a79c4683	73095	1.0	confident	Aquabacterium_sp.	Bacteria
7e0a88ec-0d9c-4fe1-a12e-435bafd3dcd7	73095	1.0	confident	Aquabacterium_sp.	Bacteria
f7e9129c-6c8b-4139-adfa-bf2c26fc8c6a	73095	1.0	confident	Aquabacterium_sp.	Bacteria
f288edfa-0622-4d69-ad68-3a759ebf0d33	73095	1.0	confident	Aquabacterium_sp.	Bacteria
f216a92b-45dc-428c-b322-658e54ab5087	73095	1.0	confident	Aquabacterium_sp.	Bacteria
29945cc5-9df8-4e60-8d4e-e25ce803dea1	73095	1.0	confident	Aquabacterium_sp.	Bacteria
352aef43-9565-4d85-ae05-3a58feae78d4	73095	1.0	confident	Aquabacterium_sp.	Bacteria
d394a2a6-e520-4c57-bf5c-6691d94cce33	73095	1.0	confident	Aquabacterium_sp.	Bacteria
38eae041-33db-42c7-a0a9-aa0561d09291	73095	1.0	confident	Aquabacterium_sp.	Bacteria
59f1c861-49f3-41d0-98d3-cf70e7f8b171	73095	1.0	confident	Aquabacterium_sp.	Bacteria
2df83c66-d43b-432d-b3b3-27d5b20856a3	73095	1.0	confident	Aquabacterium_sp.	Bacteria
bddbf29a-3185-4643-94f8-91464b7b8bff	73095	1.0	confident	Aquabacterium_sp.	Bacteria
8453fcd2-c343-43d9-aeea-f1fce4c9c50a	73095	1.0	confident	Aquabacterium_sp.	Bacteria
6b11fd7d-26d9-4674-b423-bcbb221f5c75	73095	1.0	confident	Aquabacterium_sp.	Bacteria
3ae4715d-e4d8-4aaa-bc54-04187bdd1673	73095	1.0	confident	Aquabacterium_sp.	Bacteria
2716015a-bcb2-4877-973e-7b18ddcef6e6	73095	1.0	confident	Aquabacterium_sp.	Bacteria
5fa68231-4494-493c-b329-8849354a9c33	73095	1.0	confident	Aquabacterium_sp.	Bacteria
285d702d-3ba0-4ffc-9e58-a8b261ca8d88	73095	1.0	confident	Aquabacterium_sp.	Bacteria
a0688c24-4a9e-47af-903c-d98ce278230e	73095	1.0	confident	Aquabacterium_sp.	Bacteria
b1ba1b69-4151-49e7-afde-8d22dc8ef50a	73095	1.0	confident	Aquabacterium_sp.	Bacteria
53d79285-833f-4284-a08a-d7216d5df00a	73095	1.0	confident	Aquabacterium_sp.	Bacteria
7214d533-a4ce-4eb7-b27c-841785b7b383	73095	1.0	confident	Aquabacterium_sp.	Bacteria
b7d0f8a0-d357-4fc7-93ab-7cbd8c848719	73095	1.0	confident	Aquabacterium_sp.	Bacteria
a86523ef-287a-429d-957f-c166f4a77f35	73095	1.0	confident	Aquabacterium_sp.	Bacteria
2f08c109-e876-4011-a2aa-4fd200536639	73095	1.0	confident	Aquabacterium_sp.	Bacteria
c0a9ef13-19db-4f3b-a6ac-cf44963e0303	73095	1.0	confident	Aquabacterium_sp.	Bacteria
8bad4570-fae4-49a8-bb05-9d81a08e651f	73095	1.0	confident	Aquabacterium_sp.	Bacteria
82031fbd-5d66-4935-8a28-b914254fa444	73095	1.0	confident	Aquabacterium_sp.	Bacteria
93a1b03c-8a56-40e7-8a4d-238095918fe6	73095	1.0	confident	Aquabacterium_sp.	Bacteria
4fb2d708-e044-4de5-bbd3-e480901ff451	73095	1.0	confident	Aquabacterium_sp.	Bacteria
3673ef60-2b14-4e7e-ba3f-d5a801521945	73095	1.0	confident	Aquabacterium_sp.	Bacteria
feceee4e-2422-4495-a5fe-d64b16c8b585	73095	1.0	confident	Aquabacterium_sp.	Bacteria
09c9a291-bf06-45d2-b7a4-6be5fa19565e	73095	1.0	confident	Aquabacterium_sp.	Bacteria
3d3c2a1b-c5f9-4106-9bd2-583321a4ab0c	73095	1.0	confident	Aquabacterium_sp.	Bacteria
1919b20f-ad0b-437b-b114-6a2d01e544bb	73095	1.0	confident	Aquabacterium_sp.	Bacteria
18d6849d-dc68-4a3a-8088-da33309fe462	73095	1.0	confident	Aquabacterium_sp.	Bacteria
736943cf-a09a-4514-9763-cc4b5544471d	73095	1.0	confident	Aquabacterium_sp.	Bacteria
17ffc04f-478b-4a74-b262-6d6083c4a0d6	73095	1.0	confident	Aquabacterium_sp.	Bacteria
3bc87145-6690-4352-a8aa-03af35a841ad	73095	1.0	confident	Aquabacterium_sp.	Bacteria
2fe6037c-2c29-482d-8d37-600d770a7e30	73095	1.0	confident	Aquabacterium_sp.	Bacteria
1f74da83-0642-4c96-9169-8913a7171323	73095	1.0	confident	Aquabacterium_sp.	Bacteria
95ca5528-d113-4814-b68f-600806b7c090	73095	1.0	confident	Aquabacterium_sp.	Bacteria
653ef1b6-1637-49f0-a325-8ea5f68aaee5	73095	1.0	confident	Aquabacterium_sp.	Bacteria
28021c65-7c0a-4af7-a694-71ca998ed1e3	73095	1.0	confident	Aquabacterium_sp.	Bacteria
b86a1c0d-7ea2-455b-aa59-dd835e570a3b	73095	1.0	confident	Aquabacterium_sp.	Bacteria
d117996d-3cc9-4d31-84f0-e67d19710008	73095	1.0	confident	Aquabacterium_sp.	Bacteria
79cb9fe7-1e0f-48e2-b7f6-9765bc9a9c93	73095	1.0	confident	Aquabacterium_sp.	Bacteria
4be7a6a0-13b3-4da9-8763-18f11f766872	73095	1.0	confident	Aquabacterium_sp.	Bacteria
15c78eab-d3b2-4335-bedf-4a46dc68879c	73095	1.0	confident	Aquabacterium_sp.	Bacteria
58770fdd-4ccf-41f0-a925-c9e013e099f8	73095	1.0	confident	Aquabacterium_sp.	Bacteria
965ff415-6833-47d8-9b33-5d51cd3390fc	73095	1.0	confident	Aquabacterium_sp.	Bacteria
8dcf641c-26e9-49b7-b882-0774413882d5	73095	1.0	confident	Aquabacterium_sp.	Bacteria
bbb42e54-17b9-4573-ad9c-3cf056d30f37	73095	1.0	confident	Aquabacterium_sp.	Bacteria
b4ece88c-ff5a-4230-aa2b-703dc60ec9af	73095	1.0	confident	Aquabacterium_sp.	Bacteria
972c8070-d19a-4301-9902-36d15bc43afe	73095	1.0	confident	Aquabacterium_sp.	Bacteria
cdee9d0d-21f9-4ac7-8dd3-670d1ad7b9bb	73095	1.0	confident	Aquabacterium_sp.	Bacteria
4001fb8e-6c4d-4e99-9853-b916487f80b1	73095	1.0	confident	Aquabacterium_sp.	Bacteria
7a5d5bec-3f1c-49a9-93cc-d15d67bdc0ff	73095	1.0	confident	Aquabacterium_sp.	Bacteria
dad06781-d2ec-49a9-bee1-75075aa44780	73095	1.0	confident	Aquabacterium_sp.	Bacteria
ca657641-38a2-4347-a2ef-d6ce16c8d8d6	73095	1.0	confident	Aquabacterium_sp.	Bacteria
2f10c38f-eb6c-4335-9f58-181febb7048a	73095	1.0	confident	Aquabacterium_sp.	Bacteria
60dd5fba-b8e5-45e6-bea6-66289fe82d7d	73095	1.0	confident	Aquabacterium_sp.	Bacteria
ddcfc0e7-0f11-4be5-b499-3257542517b5	73095	1.0	confident	Aquabacterium_sp.	Bacteria
bb176fe8-005f-4888-9595-766be48cf311	73095	1.0	confident	Aquabacterium_sp.	Bacteria
4c9b5d04-8f6f-40f9-9927-0bb53a05cb64	73095	1.0	confident	Aquabacterium_sp.	Bacteria
a1c031c0-77dc-453c-8bf6-2518b9b5f065	73095	1.0	confident	Aquabacterium_sp.	Bacteria
b8cde90c-36f3-4098-a928-7f21b18dda5f	73095	1.0	confident	Aquabacterium_sp.	Bacteria
33aabeb6-64a3-46fb-9053-4be6df3f56fa	73095	1.0	confident	Aquabacterium_sp.	Bacteria
34937403-38c3-4fb3-b016-c1d44c5b6949	73095	1.0	confident	Aquabacterium_sp.	Bacteria
aa8e23ce-a43f-4160-9689-10bc87bc847d	73095	1.0	confident	Aquabacterium_sp.	Bacteria
20036ac9-83b0-4a34-a111-f4bfb64275ee	73095	1.0	confident	Aquabacterium_sp.	Bacteria
7fc2502f-b601-4db8-8f0c-e35b791d1769	73095	1.0	confident	Aquabacterium_sp.	Bacteria
a394867d-9762-4a7d-87b1-57d574d0c78d	73095	1.0	confident	Aquabacterium_sp.	Bacteria
0521195d-5108-4943-903c-75278ffb73b0	73095	1.0	confident	Aquabacterium_sp.	Bacteria
e0b3611a-49b3-48c8-9612-58f80d330619	73095	1.0	confident	Aquabacterium_sp.	Bacteria
f16ffc89-79ce-4715-98e3-d58bd7b7850e	73095	1.0	confident	Aquabacterium_sp.	Bacteria
bea73ba3-3328-479f-95ec-74620daa1023	73095	1.0	confident	Aquabacterium_sp.	Bacteria
639a0272-c8ae-48fe-a5dd-b1cbb8ad5df1	73095	1.0	confident	Aquabacterium_sp.	Bacteria
21060a61-4e44-43ff-babf-add9a9012cfc	73095	1.0	confident	Aquabacterium_sp.	Bacteria
0bea0c32-65c8-45b2-a44e-de0fff169e58	73095	1.0	confident	Aquabacterium_sp.	Bacteria
4802a9b1-1e1d-4bf7-8c3a-17def2e0682f	73095	1.0	confident	Aquabacterium_sp.	Bacteria
f85a4afa-da4b-406c-b58f-4bb9a813cb31	73095	1.0	confident	Aquabacterium_sp.	Bacteria
2291117d-0ce3-4698-9635-391961d5f935	72633	1.0	confident	Ruminococcaceae_UCG005_sp.	Bacteria
6040349a-7850-4fd5-a9b5-c6d93274b0cd	72633	1.0	confident	Ruminococcaceae_UCG005_sp.	Bacteria
b6d18f1e-f1b7-4b25-bc0e-289e968ad021	72633	1.0	confident	Ruminococcaceae_UCG005_sp.	Bacteria
e10527e1-546d-4e4e-98a1-1910d035f10e	72633	1.0	confident	Ruminococcaceae_UCG005_sp.	Bacteria
25b1eae0-9400-4a41-a8cc-c6ca9809e9af	72633	1.0	confident	Ruminococcaceae_UCG005_sp.	Bacteria
9cc00c9d-bec4-4a4c-a951-1cb2543a6894	72633	1.0	confident	Ruminococcaceae_UCG005_sp.	Bacteria
2ae0b20f-beef-4018-986e-fb9eaeebe49d	72633	1.0	confident	Ruminococcaceae_UCG005_sp.	Bacteria
92c5b9e7-8feb-4366-af41-f9b637e7e8ca	72633	1.0	confident	Ruminococcaceae_UCG005_sp.	Bacteria
8bac0929-7102-4e6c-9ccf-3c381615c77a	72633	1.0	confident	Ruminococcaceae_UCG005_sp.	Bacteria
e82133ee-129e-4ab6-97dc-0a28eb0d8343	72633	1.0	confident	Ruminococcaceae_UCG005_sp.	Bacteria
e171f284-50c0-4b41-91e8-58e6fe6701f5	72633	1.0	confident	Ruminococcaceae_UCG005_sp.	Bacteria
bf9cd023-fbb2-4afe-9f45-30bb60635b78	72633	1.0	confident	Ruminococcaceae_UCG005_sp.	Bacteria
922eadde-1936-436f-b27a-c34075c6c9ce	72633	1.0	confident	Ruminococcaceae_UCG005_sp.	Bacteria
620a3e5a-7f12-48e6-9ccf-5b6f7ca5e6d7	72633	1.0	confident	Ruminococcaceae_UCG005_sp.	Bacteria
476325c8-a521-4c6c-84ae-0061b1b87197	72633	1.0	confident	Ruminococcaceae_UCG005_sp.	Bacteria
b684f55f-bc71-42fc-aef0-c091d3ff3bdf	72633	1.0	confident	Ruminococcaceae_UCG005_sp.	Bacteria
417a4556-8e3c-4dc9-8e60-9e675dbf2127	72633	1.0	confident	Ruminococcaceae_UCG005_sp.	Bacteria
e1bbb743-4032-444a-97cf-722fb297c7f8	72633	1.0	confident	Ruminococcaceae_UCG005_sp.	Bacteria
65ba5c54-2bf5-480f-a82c-886e19e95b6e	72633	1.0	confident	Ruminococcaceae_UCG005_sp.	Bacteria
905b2434-fcca-4d4b-9dea-2284cfd064c4	72633	1.0	confident	Ruminococcaceae_UCG005_sp.	Bacteria
d6f59fc3-ea2e-46cc-ac90-41854dd0311a	72633	1.0	confident	Ruminococcaceae_UCG005_sp.	Bacteria
c4851736-398b-46c4-a979-7646a0213d44	72633	1.0	confident	Ruminococcaceae_UCG005_sp.	Bacteria
819af636-0c00-42d7-9603-71ca8b41c450	72633	1.0	confident	Ruminococcaceae_UCG005_sp.	Bacteria
d332f915-71e9-4908-aae9-231818af74fb	72633	1.0	confident	Ruminococcaceae_UCG005_sp.	Bacteria
f829f06e-fe9f-4029-82d5-39573a2fa6fd	72633	1.0	confident	Ruminococcaceae_UCG005_sp.	Bacteria
9cdada54-c237-4945-88ef-6a646f9f7076	72633	1.0	confident	Ruminococcaceae_UCG005_sp.	Bacteria
7db9f6cf-7c25-47c6-bc29-2f4f1fd92531	72633	1.0	confident	Ruminococcaceae_UCG005_sp.	Bacteria
57b879a9-8368-408e-9c71-fe6655ae9e5c	72633	1.0	confident	Ruminococcaceae_UCG005_sp.	Bacteria
5bf542ff-8e57-4206-a87a-9faf951c0a14	72633	1.0	confident	Ruminococcaceae_UCG005_sp.	Bacteria
abc65ded-a1d4-46b7-b1d8-5dbc6d5747dc	72633	1.0	confident	Ruminococcaceae_UCG005_sp.	Bacteria
24aadd47-e2b9-4fcd-b82b-62df3fca3319	72633	1.0	confident	Ruminococcaceae_UCG005_sp.	Bacteria
d6192b7e-39db-4d79-a15a-69a43e0e59f5	72633	1.0	confident	Ruminococcaceae_UCG005_sp.	Bacteria
978a643f-02cc-4fb2-9e5e-56a8fa01070f	72633	1.0	confident	Ruminococcaceae_UCG005_sp.	Bacteria
0032095f-7759-4565-8b79-75e4b80fa91a	72633	1.0	confident	Ruminococcaceae_UCG005_sp.	Bacteria
c59abd07-2f27-4f4e-8d38-ab964dbb6cc9	72633	1.0	confident	Ruminococcaceae_UCG005_sp.	Bacteria
a70c44c7-4add-4060-b4a0-52c58a5c6f51	72633	1.0	confident	Ruminococcaceae_UCG005_sp.	Bacteria
72e0818a-bde5-4ba0-be9d-b6dd1b012391	10002248	1.0	confident	Arthrobacter agilis	Bacteria
30e6483e-ca4b-4430-9602-c2556854e222	10002248	1.0	confident	Arthrobacter agilis	Bacteria
ee62fb24-c0f9-4fda-b09c-e7f00e220d34	10002248	1.0	confident	Arthrobacter agilis	Bacteria
8ad01403-563d-4a57-870d-48df340bd674	10002248	1.0	confident	Arthrobacter agilis	Bacteria
78ee5962-c03d-4b74-9ec5-6297ec9b7bc7	10002248	1.0	confident	Arthrobacter agilis	Bacteria
e50d0cbb-68bb-4bd1-9d88-3c4eb3496c66	10002248	1.0	confident	Arthrobacter agilis	Bacteria
1f5c6609-dbf5-4847-b898-e47e9b406976	10002248	1.0	confident	Arthrobacter agilis	Bacteria
576d33c5-3770-452e-baba-df04f4b7b059	10002248	1.0	confident	Arthrobacter agilis	Bacteria
3008083c-0b1b-4e09-ba6e-c8a855cc46d2	10002248	1.0	confident	Arthrobacter agilis	Bacteria
f5d89e62-5e0b-41f1-83d9-2e3e761c5304	10002248	1.0	confident	Arthrobacter agilis	Bacteria
4cff8b91-3e0b-4398-8b2c-f8c2ff37f57d	10002248	1.0	confident	Arthrobacter agilis	Bacteria
df6ee64e-5fab-44d0-8c38-e9a4f7ccd419	10003255	1.0	confident	Pelomonas saccharophila	Bacteria
f588bd90-dc18-4e5a-9d9e-bd8d50f72263	10003255	1.0	confident	Pelomonas saccharophila	Bacteria
80a2c07e-e3ee-4b8b-acc3-25fcc60a3ff5	10003255	1.0	confident	Pelomonas saccharophila	Bacteria
d3143e07-7d27-4fc0-8fc0-c3f2863074e5	10003255	1.0	confident	Pelomonas saccharophila	Bacteria
8bf990be-01a2-4d19-a261-7c82d0649b72	10003255	1.0	confident	Pelomonas saccharophila	Bacteria
37f68439-478f-4ebf-a8fa-05c8793b4252	10003255	1.0	confident	Pelomonas saccharophila	Bacteria
e02f4570-5b37-4a2e-8ab5-d1c6d94ebccb	10003255	1.0	confident	Pelomonas saccharophila	Bacteria
a68856c6-3ffe-4b37-8d60-900468d35b08	10003255	1.0	confident	Pelomonas saccharophila	Bacteria
c3b48cfa-6738-469c-bade-507945dbe66e	10003255	1.0	confident	Pelomonas saccharophila	Bacteria
9c665641-8ada-4231-aeb6-b077c234f9de	10003255	1.0	confident	Pelomonas saccharophila	Bacteria
96a64404-5767-4115-8862-ef1a4eaa71a1	10003255	1.0	confident	Pelomonas saccharophila	Bacteria
03520833-695d-4ee7-a410-3b87c6503593	10003255	1.0	confident	Pelomonas saccharophila	Bacteria
8817167d-4255-4698-a924-11b0449fd693	10003255	1.0	confident	Pelomonas saccharophila	Bacteria
5f6234c4-c0f8-430d-9ab6-81ef6f3bb1b1	10003255	1.0	confident	Pelomonas saccharophila	Bacteria
e8a167ea-70cb-4a08-a615-d0c552f8187b	10003255	1.0	confident	Pelomonas saccharophila	Bacteria
9d4044ca-b1e4-48f6-b1c5-a92553fff83b	10003255	1.0	confident	Pelomonas saccharophila	Bacteria
da497a81-a48c-4e93-97bf-6c786bc55bbd	10003255	1.0	confident	Pelomonas saccharophila	Bacteria
df8fb1ef-2463-498d-8216-5372a6bc2020	10003255	1.0	confident	Pelomonas saccharophila	Bacteria
2b4e668b-1a40-4432-81f6-6999753cd4a0	10003255	1.0	confident	Pelomonas saccharophila	Bacteria
afb484c2-4694-4ba7-a864-8d29864c111b	10003255	1.0	confident	Pelomonas saccharophila	Bacteria
79b74062-089f-4895-ae4c-f45b3897214a	10003255	1.0	confident	Pelomonas saccharophila	Bacteria
3f836990-a1c8-4b64-b322-b381712ca967	10003255	1.0	confident	Pelomonas saccharophila	Bacteria
89e09821-f553-4ab4-a980-a2e13873db8e	10003255	1.0	confident	Pelomonas saccharophila	Bacteria
5c28d987-2d76-45be-981c-fb7a5daebb21	10003255	1.0	confident	Pelomonas saccharophila	Bacteria
b79359a7-eded-4ca1-a90a-4dd0d9922803	10003255	1.0	confident	Pelomonas saccharophila	Bacteria
4608d716-ddbf-4631-8071-5fe0f94cbdfc	10003255	1.0	confident	Pelomonas saccharophila	Bacteria
3f5438cf-e34a-45dc-a7aa-87aa466c2cd6	10003255	1.0	confident	Pelomonas saccharophila	Bacteria
d50c5dbc-70e5-40b5-8d3f-17dd2e460f44	10003255	1.0	confident	Pelomonas saccharophila	Bacteria
4b8e1b37-bb6c-41af-a9d1-66f35bd27a1d	10003255	1.0	confident	Pelomonas saccharophila	Bacteria
2a3f7c33-58b6-46ee-b355-03ddebd0a375	10003255	1.0	confident	Pelomonas saccharophila	Bacteria
751db333-90df-46fb-986c-3ed35a6cb32a	10003255	1.0	confident	Pelomonas saccharophila	Bacteria
d225ef83-d2cb-420c-91f7-4d382f9868b1	10003255	1.0	confident	Pelomonas saccharophila	Bacteria
4a26c72b-71fa-4312-b0fb-91b707958caa	10003255	1.0	confident	Pelomonas saccharophila	Bacteria
0db17285-8c5a-47fa-b658-8e35d23d6395	10003255	1.0	confident	Pelomonas saccharophila	Bacteria
2d926243-ff7a-4534-bc8c-e4bc7c40c532	10003255	1.0	confident	Pelomonas saccharophila	Bacteria
909d4a4f-a079-48b1-b062-ab6062a212ec	10003255	1.0	confident	Pelomonas saccharophila	Bacteria
6fd522d3-8005-4373-ab6b-ae25d2fae0ee	10003255	1.0	confident	Pelomonas saccharophila	Bacteria
a57e04ff-0e7b-4fc5-a016-d42d1c90d091	10003255	1.0	confident	Pelomonas saccharophila	Bacteria
5230ed07-2b59-4f7f-9b4c-f5fec967ceda	10003255	1.0	confident	Pelomonas saccharophila	Bacteria
5bc5e3fe-ca92-468b-854b-071e9fb7a95e	10003255	1.0	confident	Pelomonas saccharophila	Bacteria
cd2617e3-b565-4a00-8689-9e424393ab51	10003255	1.0	confident	Pelomonas saccharophila	Bacteria
1995a595-2010-42d4-97ae-ef519f502774	10003255	1.0	confident	Pelomonas saccharophila	Bacteria
815e29bf-ab55-4de9-b836-3768807e7240	10003255	1.0	confident	Pelomonas saccharophila	Bacteria
2a3627ff-ff1f-4666-a392-5fa0cbb04e50	10003255	1.0	confident	Pelomonas saccharophila	Bacteria
18acdafc-a2d7-4f06-82f8-c6727695bac1	10003255	1.0	confident	Pelomonas saccharophila	Bacteria
83a2a275-478e-46cc-8ee9-9d85b06d226f	10003255	1.0	confident	Pelomonas saccharophila	Bacteria
7c4250a6-5c91-4ecd-bb74-df9d9cb560d7	10003255	1.0	confident	Pelomonas saccharophila	Bacteria
64849cc1-efc3-4d2b-83b3-3719f6a3ae4c	10003255	1.0	confident	Pelomonas saccharophila	Bacteria
c8aac006-b838-4ad7-b916-a4ba203e7d98	10003255	1.0	confident	Pelomonas saccharophila	Bacteria
cc7ed591-1e17-41d0-9689-7d6e54357526	10003255	1.0	confident	Pelomonas saccharophila	Bacteria
bf9a121f-34c5-4c6a-9514-fb06e0fbaf12	10003255	1.0	confident	Pelomonas saccharophila	Bacteria
90ac5e60-327d-43cd-b5c8-38528831057d	10003255	1.0	confident	Pelomonas saccharophila	Bacteria
12a2ef09-c821-4a3b-b5db-7c668f7f404f	10003255	1.0	confident	Pelomonas saccharophila	Bacteria
fcd0a1d3-64be-426a-827a-72f9c577cabd	10003255	1.0	confident	Pelomonas saccharophila	Bacteria
2090ead0-3a41-489c-9803-b783e59062a0	10003255	1.0	confident	Pelomonas saccharophila	Bacteria
d1ab73d0-7e5c-479a-97cd-b0378ef819cf	10003255	1.0	confident	Pelomonas saccharophila	Bacteria
81b46d6a-fc8c-43ab-8914-287b003d20ae	10003255	1.0	confident	Pelomonas saccharophila	Bacteria
598622fd-479e-457e-a166-0f67b3636138	10003255	1.0	confident	Pelomonas saccharophila	Bacteria
5d09b5b9-f9c6-463f-b3a1-969946d59b8c	10003255	1.0	confident	Pelomonas saccharophila	Bacteria
551d1173-aae6-43f8-92da-d973ce22d3b6	10003255	1.0	confident	Pelomonas saccharophila	Bacteria
e899a01f-b116-400f-be0a-0866218865d6	10003255	1.0	confident	Pelomonas saccharophila	Bacteria
bc99260a-3acf-43b4-a4ed-05639e6ffe23	10003255	1.0	confident	Pelomonas saccharophila	Bacteria
80d3e9fd-029e-4a42-8549-00a5f72c712b	10003255	1.0	confident	Pelomonas saccharophila	Bacteria
37e62cd7-66ea-4bbf-85b1-1acbf761ebe1	10003255	1.0	confident	Pelomonas saccharophila	Bacteria
5175bcc0-40a4-4db9-ab54-9d8f8dbfd188	10003255	1.0	confident	Pelomonas saccharophila	Bacteria
5039cd70-664b-4d5f-86ec-f272c216673d	10003255	1.0	confident	Pelomonas saccharophila	Bacteria
1fdc29eb-7ba9-4be4-a8db-e653677d0c3d	10003255	1.0	confident	Pelomonas saccharophila	Bacteria
7fdb6273-2f73-4e11-bcf0-017c06347bae	10003255	1.0	confident	Pelomonas saccharophila	Bacteria
a2948735-98e2-4776-a2c4-37b25f5fb07f	10003255	1.0	confident	Pelomonas saccharophila	Bacteria
a6a43afb-de08-4d0a-bfdd-6510c91d3394	10003255	1.0	confident	Pelomonas saccharophila	Bacteria
4e2311f5-9566-4239-b877-4d7522ff5c36	10003255	1.0	confident	Pelomonas saccharophila	Bacteria
da816536-3e2b-43cc-92de-be3ae987bb46	10003255	1.0	confident	Pelomonas saccharophila	Bacteria
5db31965-eb4a-441d-b5a5-9631f392d3b7	10003255	1.0	confident	Pelomonas saccharophila	Bacteria
d338abfa-9375-4ef8-937e-60f4c681c511	10003255	1.0	confident	Pelomonas saccharophila	Bacteria
c41d4838-91e5-4c47-880e-c479d634a071	10003255	1.0	confident	Pelomonas saccharophila	Bacteria
7f1a19eb-4f69-4b6b-ae7b-b4c62d76e396	10003255	1.0	confident	Pelomonas saccharophila	Bacteria
15265ecc-950a-47db-acea-e37addda4c34	10003255	1.0	confident	Pelomonas saccharophila	Bacteria
d79a6bfe-5329-4aa8-a778-cfab7e21b0fb	10003255	1.0	confident	Pelomonas saccharophila	Bacteria
1808bd59-552c-4908-97af-35828ec8d2a3	10003255	1.0	confident	Pelomonas saccharophila	Bacteria
92a6fcaa-35ab-4e29-8736-054feaab3326	10003255	1.0	confident	Pelomonas saccharophila	Bacteria
a236c838-613c-4a44-8cfe-a2f66a598dfd	10003255	1.0	confident	Pelomonas saccharophila	Bacteria
46cb0273-2465-4fc4-8e6d-037d332f0ef1	10003255	1.0	confident	Pelomonas saccharophila	Bacteria
f769783b-068b-4108-ada0-49eddb0db5ef	10003255	1.0	confident	Pelomonas saccharophila	Bacteria
cb780653-141e-4d82-93c7-09c0ee1271b4	10003255	1.0	confident	Pelomonas saccharophila	Bacteria
2c821754-e07e-475a-ac25-f5c9d5287a45	10003255	1.0	confident	Pelomonas saccharophila	Bacteria
515a6899-6725-4e68-ad84-7f97473f6997	10003255	1.0	confident	Pelomonas saccharophila	Bacteria
e1d990c8-3e96-416f-8bbe-d682f4aa79d1	10003255	1.0	confident	Pelomonas saccharophila	Bacteria
a601f6ed-c7ef-4fe8-b51c-379e575cbd13	10003255	1.0	confident	Pelomonas saccharophila	Bacteria
d1ce6b0a-0045-43f3-89f8-a37dc040601a	10003255	1.0	confident	Pelomonas saccharophila	Bacteria
120c3e41-fc13-4e5d-8fdb-44db50ba160e	10003255	1.0	confident	Pelomonas saccharophila	Bacteria
cef464e7-ef42-4876-a0c2-9489148304dd	10003255	1.0	confident	Pelomonas saccharophila	Bacteria
29a4aa28-ff1f-469e-8743-2f4263e84eee	10003255	1.0	confident	Pelomonas saccharophila	Bacteria
06d6506d-29c7-4142-93d7-ed6e0b4e3695	10003255	1.0	confident	Pelomonas saccharophila	Bacteria
691a3330-6e90-4fe0-ac85-676b198692c6	10003255	1.0	confident	Pelomonas saccharophila	Bacteria
dc316590-0f6d-43c3-98da-820b4f4ca4dc	10003255	1.0	confident	Pelomonas saccharophila	Bacteria
515963ac-121b-47d6-9a7b-dea58442918a	10003255	1.0	confident	Pelomonas saccharophila	Bacteria
51d5495d-c940-45d5-810c-3d4c6be8b9a6	10003255	1.0	confident	Pelomonas saccharophila	Bacteria
d6ec37de-39bb-49ec-addc-5119b1739761	10003255	1.0	confident	Pelomonas saccharophila	Bacteria
b5acd65d-8d69-4f41-b240-54b071ed1452	10003255	1.0	confident	Pelomonas saccharophila	Bacteria
c44fd373-70b9-42ad-85d4-8e656505e291	10003255	1.0	confident	Pelomonas saccharophila	Bacteria
6040471b-e76c-4c21-8a14-9e82464cc040	10003255	1.0	confident	Pelomonas saccharophila	Bacteria
478650f2-c668-4c8b-8544-95f6b55330ad	10003255	1.0	confident	Pelomonas saccharophila	Bacteria
8da00901-5786-4444-9b51-7cc58cec8724	10003255	1.0	confident	Pelomonas saccharophila	Bacteria
9e60a51b-6ed4-4a87-b707-05c779fb90e0	10003255	1.0	confident	Pelomonas saccharophila	Bacteria
d73caf41-7e53-4e7a-9684-59014b999678	10003255	1.0	confident	Pelomonas saccharophila	Bacteria
68d35478-4259-459a-ad90-697552672c17	10003255	1.0	confident	Pelomonas saccharophila	Bacteria
4c82a2de-4af1-478d-8c13-6a13191f95fe	10003255	1.0	confident	Pelomonas saccharophila	Bacteria
5f9caede-c468-4e49-9730-9389db19a8fd	10003255	1.0	confident	Pelomonas saccharophila	Bacteria
6594b1ea-9a58-4197-8e3b-07d928b0bc8a	10003255	1.0	confident	Pelomonas saccharophila	Bacteria
1c87d3ee-21bc-4fcb-9fc1-c37d3565db2d	10003255	1.0	confident	Pelomonas saccharophila	Bacteria
832d7374-b001-4ca3-bb7d-5d5d8527e62f	10003255	1.0	confident	Pelomonas saccharophila	Bacteria
0ae0949d-0c4b-4173-a296-6d5358c6028b	10003255	1.0	confident	Pelomonas saccharophila	Bacteria
fc852ba3-abb2-4d82-a859-f75c8242fb49	10003255	1.0	confident	Pelomonas saccharophila	Bacteria
8b802b8b-b776-4142-803a-312c29ae581a	10003255	1.0	confident	Pelomonas saccharophila	Bacteria
b6344048-a6a1-4e2a-9829-87cafa034ea1	10003255	1.0	confident	Pelomonas saccharophila	Bacteria
0dd32b1c-4537-4458-b6a7-5e4b85186ff5	10003255	1.0	confident	Pelomonas saccharophila	Bacteria
c1e66a23-26ca-42f6-a5ed-2a0f12a8c5c2	10003255	1.0	confident	Pelomonas saccharophila	Bacteria
800f6af3-3169-44ba-b3c4-c76b4739b6b1	10003255	1.0	confident	Pelomonas saccharophila	Bacteria
f509fe9a-2000-4c77-b184-ab1874d64b72	10003255	1.0	confident	Pelomonas saccharophila	Bacteria
781a560c-0668-448b-ae1a-014dd2b2fe8d	10003255	1.0	confident	Pelomonas saccharophila	Bacteria
c6f63d84-9db8-4213-9542-f2f6bd7b4dea	10003255	1.0	confident	Pelomonas saccharophila	Bacteria
6c0d434c-d010-4733-b2c1-906a45203515	10003255	1.0	confident	Pelomonas saccharophila	Bacteria
c4f08cd2-13ca-41a6-835a-d217a7965660	10003255	1.0	confident	Pelomonas saccharophila	Bacteria
a2028308-4bee-44c0-ae12-781fe72626eb	1886785	1.0	confident	Massilia agri	Bacteria
f5a8e146-2d56-4185-9d2a-2ca84c8f4769	1886785	1.0	confident	Massilia agri	Bacteria
6b331085-1f93-4a44-a606-d620d53d54bd	1886785	1.0	confident	Massilia agri	Bacteria
4a65740f-738b-49a1-b20d-a61deaddc323	1886785	1.0	confident	Massilia agri	Bacteria
b61089ca-aa1b-4595-9242-f414caefb1e3	1886785	1.0	confident	Massilia agri	Bacteria
91dd315a-0a05-40cc-8a41-00bda05f8ad1	1886785	1.0	confident	Massilia agri	Bacteria
3da8835b-ee8f-4992-85ad-46cde7aba9c3	1886785	1.0	confident	Massilia agri	Bacteria
b2d81187-a233-446b-8102-3e9558f91eed	1886785	1.0	confident	Massilia agri	Bacteria
d849884d-f060-464c-a725-b42a5e03e713	1886785	1.0	confident	Massilia agri	Bacteria
bcc13c43-579f-4916-83a7-714a8c80e8c9	1886785	1.0	confident	Massilia agri	Bacteria
4121e3c0-39b4-4220-ae05-8fa104810d70	1886785	1.0	confident	Massilia agri	Bacteria
12f7fe0c-61b2-43bc-85c3-f3bfc2fdcd9b	1886785	1.0	confident	Massilia agri	Bacteria
85a3e5bc-001e-469c-b1d7-c6d2cc731454	1886785	1.0	confident	Massilia agri	Bacteria
9e31f08d-f6ea-47fa-8827-a4c742e0795e	1886785	1.0	confident	Massilia agri	Bacteria
3ec2b25b-a4dd-48aa-98dc-5038af78611c	1886785	1.0	confident	Massilia agri	Bacteria
fd3eef1c-00c5-4e37-bbea-062a62d78f0a	1886785	1.0	confident	Massilia agri	Bacteria
3deaa88b-1c03-497f-9c52-e59be70bfc04	1886785	1.0	confident	Massilia agri	Bacteria
b1cdec55-7c3d-4ffa-9d3c-6e51c740b05b	1886785	1.0	confident	Massilia agri	Bacteria
fdff5432-f56b-437a-a9f4-d90e26bf3698	1886785	1.0	confident	Massilia agri	Bacteria
80116736-f2ce-48b2-96d8-e727d172c600	1886785	1.0	confident	Massilia agri	Bacteria
10cff62e-b829-45ba-8a76-481b2538840d	1886785	1.0	confident	Massilia agri	Bacteria
e68fc697-c0f1-420d-ae88-b2b6c4641cbd	1886785	1.0	confident	Massilia agri	Bacteria
8e537304-7548-4aca-b549-dd181b25f3d4	1886785	1.0	confident	Massilia agri	Bacteria
420a8274-9d38-486d-8e1e-783b80224bf0	1886785	1.0	confident	Massilia agri	Bacteria
0a06c5bd-3daa-41eb-a1de-9ea9999b4391	1886785	1.0	confident	Massilia agri	Bacteria
d5f1aef8-067a-4397-90af-ed4d0b9c798b	1886785	1.0	confident	Massilia agri	Bacteria
efe1ddde-251e-4e41-97fa-f6ba6358240f	1886785	1.0	confident	Massilia agri	Bacteria
51d3dcf8-1485-4d51-a62f-3d29cb958647	1886785	1.0	confident	Massilia agri	Bacteria
d6437558-9491-4de6-9e4a-00ed33e80433	1886785	1.0	confident	Massilia agri	Bacteria
6bc407d5-ae8f-43cf-bac5-8621e58af22d	1886785	1.0	confident	Massilia agri	Bacteria
bfa96a7e-a3c0-4b30-bba4-9fd4a056bd8d	1886785	1.0	confident	Massilia agri	Bacteria
4949be56-06af-445c-a297-8ac945ecf588	1886785	1.0	confident	Massilia agri	Bacteria
280796ea-8170-4f14-a82f-cdb01bf6ab7a	1886785	1.0	confident	Massilia agri	Bacteria
a7b4d430-09ae-465d-9654-b9405ccf2107	1886785	1.0	confident	Massilia agri	Bacteria
5979f2ef-91e6-4c1c-acb4-96ddb8fd26b0	1886785	1.0	confident	Massilia agri	Bacteria
52cd4c8b-4d94-4f7f-8be8-437e16e79853	1886785	1.0	confident	Massilia agri	Bacteria
b8bf818c-d156-4fc5-b37c-8348d5daaa6b	1886785	1.0	confident	Massilia agri	Bacteria
112fb7bf-4440-40b2-b438-993cb5323bc0	1886785	1.0	confident	Massilia agri	Bacteria
d98346a7-50bf-4387-aa8c-3229872fe858	1886785	1.0	confident	Massilia agri	Bacteria
2b49e75a-4776-4d85-ba59-4b1e9292a28a	1886785	1.0	confident	Massilia agri	Bacteria
9b8772eb-621e-4e8c-839a-4186b247d994	1886785	1.0	confident	Massilia agri	Bacteria
d5a55c4a-7623-4280-8af9-609b4131c959	1886785	1.0	confident	Massilia agri	Bacteria
65d68f8d-8ad4-4f3b-9f1e-6fbcbb6fdee7	1886785	1.0	confident	Massilia agri	Bacteria
4bf3208f-6ca3-4424-be09-0168a4ecc497	1886785	1.0	confident	Massilia agri	Bacteria
bdbb0a7e-c4e5-473f-b2e0-ef348ce7c2f2	1886785	1.0	confident	Massilia agri	Bacteria
48d84d7c-6670-47c1-89f2-8bca3a3e3c73	1886785	1.0	confident	Massilia agri	Bacteria
b87b26fd-b605-4c99-9f90-33221b73b66b	1886785	1.0	confident	Massilia agri	Bacteria
56b9d716-6d59-400d-82bc-4d3357b456dd	1886785	1.0	confident	Massilia agri	Bacteria
31eb767c-b5fe-4ab9-84fd-695fb1bdb475	1886785	1.0	confident	Massilia agri	Bacteria
d9820d60-e8b5-4440-b6ae-2e1962f70a61	1886785	1.0	confident	Massilia agri	Bacteria
253162f9-e8c3-4160-8433-e1396c7b6ca6	1886785	1.0	confident	Massilia agri	Bacteria
1ddcb45f-a82d-403b-b644-56526f4a395c	1886785	1.0	confident	Massilia agri	Bacteria
5d4677a2-28e0-4040-b5d0-5ac588ee1097	1886785	1.0	confident	Massilia agri	Bacteria
4e3ad38a-0e46-4a44-a73a-9e1d60def727	1886785	1.0	confident	Massilia agri	Bacteria
0abfaeb9-4e35-4446-84d8-c865b7eaffbc	1886785	1.0	confident	Massilia agri	Bacteria
4043f4eb-d6ed-4a66-8c9c-17de586d2217	1886785	1.0	confident	Massilia agri	Bacteria
b3a80ec1-fb27-4ae1-9ed2-a41b210d2244	1886785	1.0	confident	Massilia agri	Bacteria
a03cc63e-4141-465f-8edf-87cc3364b395	1886785	1.0	confident	Massilia agri	Bacteria
e822cb24-5ab8-4ffb-894d-153afbd61a30	1886785	1.0	confident	Massilia agri	Bacteria
be407168-6f20-48be-8fa1-750dcd7e0800	1886785	1.0	confident	Massilia agri	Bacteria
c5feea7f-771f-4e46-b6a7-0b260c37b8e5	1886785	1.0	confident	Massilia agri	Bacteria
3b37625b-611a-4570-a4f4-312d3e65000c	1886785	1.0	confident	Massilia agri	Bacteria
8c06941a-10be-4b1c-90bb-4a2ae1b977b5	1886785	1.0	confident	Massilia agri	Bacteria
00f01f24-6ff0-454b-abae-e775d83ab673	1886785	1.0	confident	Massilia agri	Bacteria
bc79e9a2-3c71-460e-adf4-f2a801318ee8	1886785	1.0	confident	Massilia agri	Bacteria
08755c28-784c-419f-8da2-1dfa2f804975	1886785	1.0	confident	Massilia agri	Bacteria
536c84ec-1e42-4790-a9a9-debb10511bae	1886785	1.0	confident	Massilia agri	Bacteria
2ea97e6a-6df8-4657-944a-124ff4253061	1886785	1.0	confident	Massilia agri	Bacteria
93c93a4e-e898-4122-8b79-9019608c3d00	1886785	1.0	confident	Massilia agri	Bacteria
bee6bb55-55b3-42d5-bec4-ed38c737a832	1886785	1.0	confident	Massilia agri	Bacteria
09228cfa-9cf7-4200-addf-5df5b14b4b26	1886785	1.0	confident	Massilia agri	Bacteria
743e4730-8463-46e8-a9c3-c6c5c109fc41	1886785	1.0	confident	Massilia agri	Bacteria
b2ec2e8c-bfea-474c-ba9e-6ceb16e77f81	1886785	1.0	confident	Massilia agri	Bacteria
22addd6b-740a-4b26-9070-9b67ef623742	1886785	1.0	confident	Massilia agri	Bacteria
d180a804-c27d-444b-84ce-5d9887485558	1886785	1.0	confident	Massilia agri	Bacteria
a868ddf2-25b8-4f4c-9762-65286b6a286a	1886785	1.0	confident	Massilia agri	Bacteria
41e69e28-695e-4df6-a9f1-73d3eac2c65d	1886785	1.0	confident	Massilia agri	Bacteria
6fa97792-1501-4d28-945e-3f7a6a44d3dd	1886785	1.0	confident	Massilia agri	Bacteria
b3e5a2e7-d6dd-4cca-b221-e5c811a50d52	1886785	1.0	confident	Massilia agri	Bacteria
e213299e-91bb-4b0e-8b73-cdf8193340fa	1886785	1.0	confident	Massilia agri	Bacteria
8e1d2b59-99bd-4d9e-b074-c21705fb4574	1886785	1.0	confident	Massilia agri	Bacteria
559a0dcb-250a-4311-af06-f734c31126e0	1886785	1.0	confident	Massilia agri	Bacteria
de9ca94e-2134-4cf8-b7c0-e6f9e6273743	1886785	1.0	confident	Massilia agri	Bacteria
e83fa4a8-0fb2-4a0d-b1c3-ff31a67b0ea0	1886785	1.0	confident	Massilia agri	Bacteria
d7e1c014-548f-4a11-a298-4c9a215c936f	1886785	1.0	confident	Massilia agri	Bacteria
74244307-8fe2-4251-a2fe-dfc16a166fa9	1886785	1.0	confident	Massilia agri	Bacteria
5670262b-4c09-46ab-8b8f-a2850855acaf	1886785	1.0	confident	Massilia agri	Bacteria
5f3a4d02-06eb-4b1d-a81f-92a6acaeab8a	1886785	1.0	confident	Massilia agri	Bacteria
ee52a43f-18e1-4bcc-991d-e739462d0ca5	1886785	1.0	confident	Massilia agri	Bacteria
05ac73d1-8f48-44f2-9672-a94762ba35ce	1886785	1.0	confident	Massilia agri	Bacteria
aea86f6a-ac09-45c1-9531-6e1bfd77a1cf	1886785	1.0	confident	Massilia agri	Bacteria
790f4866-5e79-4cf4-89a1-b11f4496400f	1886785	1.0	confident	Massilia agri	Bacteria
67199b32-e32d-45e3-ae35-4c3dbc15a6eb	1886785	1.0	confident	Massilia agri	Bacteria
245dd059-660b-48a4-b2d8-cb8e255046a4	1886785	1.0	confident	Massilia agri	Bacteria
962e6cbe-f1a4-4925-b447-c3b7a9851c89	1886785	1.0	confident	Massilia agri	Bacteria
9647ffce-0c6f-44c6-89e2-d6a1d4978cba	1886785	1.0	confident	Massilia agri	Bacteria
c8365608-aa6b-45f6-9c57-e6c0ab37b6f4	1886785	1.0	confident	Massilia agri	Bacteria
6a6d5005-80dc-40ec-801f-75a141bf7ce8	1886785	1.0	confident	Massilia agri	Bacteria
23d36cf3-b209-4d76-bd52-ea6abffbde4c	1886785	1.0	confident	Massilia agri	Bacteria
bc63234f-4a01-4c2e-a41a-c67f366bec30	1886785	1.0	confident	Massilia agri	Bacteria
22c624eb-d9f5-4369-8a02-f8fa9d96b99a	1886785	1.0	confident	Massilia agri	Bacteria
52ca731e-170a-4d74-83e3-6ab423adc7a5	1886785	1.0	confident	Massilia agri	Bacteria
c03653f3-fd9a-45bf-b7d5-6477ab49b36f	1886785	1.0	confident	Massilia agri	Bacteria
f4c7121c-f614-4421-bbff-e0cb333a1a3f	1886785	1.0	confident	Massilia agri	Bacteria
688b398a-b6b9-4c9e-bad5-4557a9e383d4	1886785	1.0	confident	Massilia agri	Bacteria
07d01cbf-b4ad-484c-83b3-2152e392c47b	1886785	1.0	confident	Massilia agri	Bacteria
e8ccb580-3fdd-477f-9b7f-71dfb48d171c	1886785	1.0	confident	Massilia agri	Bacteria
06458c7f-b74b-41ae-bb11-0728e846dcec	1886785	1.0	confident	Massilia agri	Bacteria
4fc51855-9473-4b58-b2ea-a1231fe510ad	1886785	1.0	confident	Massilia agri	Bacteria
36372901-3645-4e90-b421-f802a0ad2904	1886785	1.0	confident	Massilia agri	Bacteria
7446cc53-141a-49f5-b121-a70bbc2658e8	1886785	1.0	confident	Massilia agri	Bacteria
81a150c5-ae21-4158-95bd-2e920180d82e	1886785	1.0	confident	Massilia agri	Bacteria
d3ad25a6-8239-40d8-afd5-8277115ede76	1886785	1.0	confident	Massilia agri	Bacteria
6c10a61e-687f-48e3-9e7e-b0c151571b65	1886785	1.0	confident	Massilia agri	Bacteria
fec570ae-f887-4b0c-9b16-1bc03fa278d3	1886785	1.0	confident	Massilia agri	Bacteria
0e5e9fac-c87a-4e76-8635-053a0cdea4ae	1886785	1.0	confident	Massilia agri	Bacteria
d00217e5-aa87-4b74-8c06-6059d2d3822d	1886785	1.0	confident	Massilia agri	Bacteria
e41a6d8f-eccd-449d-8e34-6bceb729da04	1886785	1.0	confident	Massilia agri	Bacteria
f1f0e2e5-64fb-4228-84c4-7cad983616f1	1886785	1.0	confident	Massilia agri	Bacteria
26e8ceef-ba3e-4d23-a3b1-25747c28d79f	1886785	1.0	confident	Massilia agri	Bacteria
c8ca6892-5a75-4672-a8be-669e3053e890	1886785	1.0	confident	Massilia agri	Bacteria
4c0afda8-c535-4b3e-9d9a-4c250a238714	1886785	1.0	confident	Massilia agri	Bacteria
1e15b6c5-686c-41e9-9222-aa48b2c507c7	1886785	1.0	confident	Massilia agri	Bacteria
479d19ae-ec21-46b8-a884-ce15b7bc0469	1886785	1.0	confident	Massilia agri	Bacteria
5564b486-14c6-4021-a004-b8c44ee8b7c4	1886785	1.0	confident	Massilia agri	Bacteria
3dbdbf77-3e30-4cbd-bfb3-46388d1b2a6d	1886785	1.0	confident	Massilia agri	Bacteria
f89a63f0-7f0c-4dd6-8854-fe97e1dba7eb	1886785	1.0	confident	Massilia agri	Bacteria
d5e90ba6-9f84-4a85-9980-e887935fe719	1886785	1.0	confident	Massilia agri	Bacteria
04d7c276-238c-426c-bb8c-c4f1b8f041b2	1886785	1.0	confident	Massilia agri	Bacteria
c767b6ea-16ff-496a-b071-4bf9f65bbe29	1886785	1.0	confident	Massilia agri	Bacteria
8fd42c97-2c71-47dc-b483-8bf9e14f39cd	1886785	1.0	confident	Massilia agri	Bacteria
441f72e2-dde3-400e-bfac-0993b1e96eb0	1886785	1.0	confident	Massilia agri	Bacteria
9728fe09-1d6d-4b89-b437-1433acbb25ac	1886785	1.0	confident	Massilia agri	Bacteria
30b24da9-69b1-48c5-b3ec-f63fc0dc61a5	1886785	1.0	confident	Massilia agri	Bacteria
f9752a7d-790f-495c-b599-08f951255461	1886785	1.0	confident	Massilia agri	Bacteria
2f607da5-b198-4fea-a296-47e90a085034	1886785	1.0	confident	Massilia agri	Bacteria
115696ca-10ec-4a57-a60c-ca61ce4db899	1886785	1.0	confident	Massilia agri	Bacteria
a456ef18-8bad-4825-a9b0-8c0549a3bab2	1886785	1.0	confident	Massilia agri	Bacteria
17db47cd-6a1e-480e-bd94-a6a0d79b0a95	1886785	1.0	confident	Massilia agri	Bacteria
bbe5cedd-e2f5-48d6-b5de-2a8baca9c7e0	1886785	1.0	confident	Massilia agri	Bacteria
bdf46b74-b359-439a-beef-4e5153a7ec86	1886785	1.0	confident	Massilia agri	Bacteria
f85317d3-8718-4318-b215-3be00fac4953	1886785	1.0	confident	Massilia agri	Bacteria
a9525a1d-ecc5-40b7-a79b-8538efd0579f	1886785	1.0	confident	Massilia agri	Bacteria
ecff645f-81b2-431e-990e-83b20c712bc6	1886785	1.0	confident	Massilia agri	Bacteria
e6c43be1-f391-4b09-a22a-424698ebd6b9	1886785	1.0	confident	Massilia agri	Bacteria
1e88e2d6-9352-4bdd-967c-d826e9d6166a	1886785	1.0	confident	Massilia agri	Bacteria
bf683bec-52d0-40db-93a7-ea15267d9e66	10002260	1.0	confident	Micrococcus luteus	Bacteria
a12118e8-5e4c-47ba-8ff0-423a47c036cf	10002260	1.0	confident	Micrococcus luteus	Bacteria
b3a7494d-5496-4f0d-9126-a1b03defc5fe	10002260	1.0	confident	Micrococcus luteus	Bacteria
fcd5683d-2675-44b4-b916-b3f91dbffa77	10002260	1.0	confident	Micrococcus luteus	Bacteria
7c1fa014-5aad-4467-9a0d-d4b8d523a6fa	10002260	1.0	confident	Micrococcus luteus	Bacteria
87934404-6b60-4612-9420-08f34dc79abe	10002260	1.0	confident	Micrococcus luteus	Bacteria
18cb8a9b-010a-46f6-82cc-eccb16e2f872	10002260	1.0	confident	Micrococcus luteus	Bacteria
4003b97d-d71a-4c96-a606-301e83ab13c2	10002260	1.0	confident	Micrococcus luteus	Bacteria
bee4ce41-f3fd-45ec-a7c9-c2154fea357e	10002260	1.0	confident	Micrococcus luteus	Bacteria
a5406a50-7315-4ddf-b6a4-6b646c45c388	10002260	1.0	confident	Micrococcus luteus	Bacteria
c9ebf0cb-4d96-4562-933b-b911c4fcb5ae	10002260	1.0	confident	Micrococcus luteus	Bacteria
727c219a-8a4d-4cab-81a5-05fb0a9435e4	10002260	1.0	confident	Micrococcus luteus	Bacteria
702a6144-284e-4e2d-b263-86672daced2e	10002260	1.0	confident	Micrococcus luteus	Bacteria
04201c15-56ad-4140-bc52-f3ee81f77d3e	10002260	1.0	confident	Micrococcus luteus	Bacteria
8d36857d-e794-47bc-ab3f-11987abccc17	10002260	1.0	confident	Micrococcus luteus	Bacteria
deef3827-c6ba-4496-b00a-b562f5050f0f	10002260	1.0	confident	Micrococcus luteus	Bacteria
1ce215c6-96c9-4cd5-8cf6-d1a5d0c0e360	10002260	1.0	confident	Micrococcus luteus	Bacteria
fb3e267e-6edc-4244-a294-ef18d28a341f	10002260	1.0	confident	Micrococcus luteus	Bacteria
fa13b7da-ab07-4fdc-bf7e-17fd9cb6a4f8	10002260	1.0	confident	Micrococcus luteus	Bacteria
e009ead7-8b86-4f36-bad1-db7d1921314f	10002260	1.0	confident	Micrococcus luteus	Bacteria
d9f40196-9cf0-472a-a270-b7bd32c86883	10002260	1.0	confident	Micrococcus luteus	Bacteria
6bf0f6a1-2e2f-4f1f-a993-4843c0b616a6	10002260	1.0	confident	Micrococcus luteus	Bacteria
084b8423-d417-4b1b-bbcd-d96ce9b7efd7	10002260	1.0	confident	Micrococcus luteus	Bacteria
b25b2780-f699-4852-8057-6e7b585262e1	10002260	1.0	confident	Micrococcus luteus	Bacteria
a167f04c-32b7-41b5-b7b7-c58131f6661e	10002260	1.0	confident	Micrococcus luteus	Bacteria
8bb4b8c7-9f98-451c-a3c6-65a3ba6ecdc0	10002260	1.0	confident	Micrococcus luteus	Bacteria
a1a97d5b-aa7f-446a-9552-d1f9a82ba501	10002260	1.0	confident	Micrococcus luteus	Bacteria
afc6224f-1598-48b2-a503-e63b149ff7f7	10002260	1.0	confident	Micrococcus luteus	Bacteria
43ce0286-2ee4-446e-a29d-d53ced79c4a6	10002260	1.0	confident	Micrococcus luteus	Bacteria
9f3ec479-06dc-4286-91d9-a43b554b60de	10002260	1.0	confident	Micrococcus luteus	Bacteria
d99b385d-2365-472a-aa9e-31d76c4cc828	10002260	1.0	confident	Micrococcus luteus	Bacteria
dcbc3ee3-dabd-43a6-8863-b8ff86591644	10002260	1.0	confident	Micrococcus luteus	Bacteria
0f4768ba-3803-4292-be78-df1c0e6f5514	10002260	1.0	confident	Micrococcus luteus	Bacteria
b25d222a-f01f-4942-b824-89cbfc751477	10002260	1.0	confident	Micrococcus luteus	Bacteria
186a4967-b552-42f5-825a-0d94495b777f	10002260	1.0	confident	Micrococcus luteus	Bacteria
02b140a0-3d3f-4f2f-b1be-bb4f30f99cd5	10002260	1.0	confident	Micrococcus luteus	Bacteria
69150b10-a640-40cc-8a05-fa839bc183c9	10002260	1.0	confident	Micrococcus luteus	Bacteria
cc023f7b-98e1-4d76-8626-e0b2c3ea0f1b	10002260	1.0	confident	Micrococcus luteus	Bacteria
2c4b8833-a0eb-4e2d-bdb1-4115886c6fd6	10002260	1.0	confident	Micrococcus luteus	Bacteria
21217011-8217-4ae2-b3ab-e98f267de0fa	10002260	1.0	confident	Micrococcus luteus	Bacteria
c0630924-7bed-4362-95b9-6e4b94f71f15	10002260	1.0	confident	Micrococcus luteus	Bacteria
654f9967-3050-4556-8bb0-8da7a434b22d	10002260	1.0	confident	Micrococcus luteus	Bacteria
6d068fa8-4bea-44cd-afa1-5fc2991e006d	10002260	1.0	confident	Micrococcus luteus	Bacteria
4e37d755-5b14-42c1-aa56-73297c3385b5	10002260	1.0	confident	Micrococcus luteus	Bacteria
6c929100-f718-455e-afbd-1352ad9c56df	10002260	1.0	confident	Micrococcus luteus	Bacteria
b93bea14-e958-488f-a80b-8fb2b92b75a9	10002260	1.0	confident	Micrococcus luteus	Bacteria
d896a520-c735-49fb-8a30-79496b5da865	10002260	1.0	confident	Micrococcus luteus	Bacteria
42e0c43d-e667-46fc-9050-5dd4a7980874	10002260	1.0	confident	Micrococcus luteus	Bacteria
fddae06e-48f2-41f0-a62f-07048369b70e	10002260	1.0	confident	Micrococcus luteus	Bacteria
ff06677e-ea5c-466b-8e03-4878be92da94	10002260	1.0	confident	Micrococcus luteus	Bacteria
a284fef3-eb09-4966-8ab2-4d67be30ef92	10002260	1.0	confident	Micrococcus luteus	Bacteria
b83917f2-5ce5-4d14-b610-354e70cc0fe0	10002260	1.0	confident	Micrococcus luteus	Bacteria
f68b4566-6262-4172-a538-02e49fcdd1f7	10002260	1.0	confident	Micrococcus luteus	Bacteria
89657f77-8bbc-4ce4-a127-5a26759b5824	10002260	1.0	confident	Micrococcus luteus	Bacteria
9cdea321-2528-4945-88ce-acd089585932	10002260	1.0	confident	Micrococcus luteus	Bacteria
92e6d43e-ef2a-4734-9099-4c2ea856620a	10002260	1.0	confident	Micrococcus luteus	Bacteria
ec17764e-8a41-4c97-95dc-ef7ed42eec4b	10002260	1.0	confident	Micrococcus luteus	Bacteria
9f70736b-542a-4672-87e9-b60cd3f590ff	10002260	1.0	confident	Micrococcus luteus	Bacteria
9dbd6a1d-844a-4c10-b768-c2e40f80127c	10002260	1.0	confident	Micrococcus luteus	Bacteria
f956aae9-f2ce-4738-b0d0-49c9e44ce2c7	10002260	1.0	confident	Micrococcus luteus	Bacteria
f2bfae55-09c4-431a-8d26-de8d92273f73	10002260	1.0	confident	Micrococcus luteus	Bacteria
eac6d432-8c03-4d58-acf9-71e660f3ef13	10002260	1.0	confident	Micrococcus luteus	Bacteria
c7714eeb-953e-4e25-a369-f2065393af31	10002260	1.0	confident	Micrococcus luteus	Bacteria
74da7525-3338-400f-9be3-82cfa4cffb26	10002260	1.0	confident	Micrococcus luteus	Bacteria
ae8b0d85-2de9-45a3-b8bd-0d875aecb9ea	10002260	1.0	confident	Micrococcus luteus	Bacteria
41abcf72-3ff1-42bb-a74a-c2ecd21bf7e1	10002260	1.0	confident	Micrococcus luteus	Bacteria
f4894a0f-7fdf-469c-b6ea-d5fc6f27b4f1	10002260	1.0	confident	Micrococcus luteus	Bacteria
b179f694-4d6d-4e98-945d-3234063c40c6	10002260	1.0	confident	Micrococcus luteus	Bacteria
b21d9f0e-e21f-491e-9363-3f484ee644b9	10002260	1.0	confident	Micrococcus luteus	Bacteria
e88e96a0-e0d1-4be1-bfab-f76a35d028a2	10002260	1.0	confident	Micrococcus luteus	Bacteria
28d7753a-30e0-47fa-b0ee-5bc4053a402b	10002260	1.0	confident	Micrococcus luteus	Bacteria
4a6db38b-0d65-465f-9675-134bb70c491a	10002260	1.0	confident	Micrococcus luteus	Bacteria
35512ce9-c151-4f6d-89cb-3617d6c46f8f	10002260	1.0	confident	Micrococcus luteus	Bacteria
a6a3cd6c-8a16-4b80-a8cb-f3dbb5eaf5c5	10002260	1.0	confident	Micrococcus luteus	Bacteria
32a3dfa2-5bc9-40d6-8cda-3fbb210dc72a	10002260	1.0	confident	Micrococcus luteus	Bacteria
d7028506-6e48-48e2-8e8e-ed277623dc05	10002260	1.0	confident	Micrococcus luteus	Bacteria
ac87de57-19f7-4886-9033-fd9f81763ad3	2492394	1.0	confident	Lysobacter segetis	Bacteria
0247af7c-04fc-40ab-b038-c4127ddff3f1	2492394	1.0	confident	Lysobacter segetis	Bacteria
41812f2a-7147-4120-8a60-2951a714558a	2492394	1.0	confident	Lysobacter segetis	Bacteria
29631d18-03c6-4781-8c04-126ce2274600	2492394	1.0	confident	Lysobacter segetis	Bacteria
abec8a9c-205c-4701-9c23-23f3ea967056	2492394	1.0	confident	Lysobacter segetis	Bacteria
549e01f4-1d9e-4321-aef8-307f290945a8	2492394	1.0	confident	Lysobacter segetis	Bacteria
36cf5921-292c-456b-8d9f-94123aa148d6	2492394	1.0	confident	Lysobacter segetis	Bacteria
9636dcd2-6206-4ebb-bc13-e26575e8e973	2492394	1.0	confident	Lysobacter segetis	Bacteria
715d3a55-b93e-40ba-91c8-7fe20cf54f0e	2492394	1.0	confident	Lysobacter segetis	Bacteria
2faccedb-d73f-4df4-a851-d75c9d8f138e	2492394	1.0	confident	Lysobacter segetis	Bacteria
9b34d067-cedb-439d-8709-79d1ae32fa3c	2492394	1.0	confident	Lysobacter segetis	Bacteria
2955b766-def4-48d7-a1fe-f0530ba71d9d	2492394	1.0	confident	Lysobacter segetis	Bacteria
f4b90feb-40a7-43cf-bd2c-7b05880c345e	2492394	1.0	confident	Lysobacter segetis	Bacteria
e0367442-8fce-4787-85cb-9052c854f505	2492394	1.0	confident	Lysobacter segetis	Bacteria
40f9f44e-43ad-4a15-857f-c5ed133b6342	2492394	1.0	confident	Lysobacter segetis	Bacteria
d6539c4d-aee1-4293-8bbb-68c873ce5d46	2492394	1.0	confident	Lysobacter segetis	Bacteria
a5664025-0083-455d-9338-819a1a08834c	2492394	1.0	confident	Lysobacter segetis	Bacteria
9b86bbeb-4729-4c36-884f-ba92fe09d759	2492394	1.0	confident	Lysobacter segetis	Bacteria
0f792a16-998a-4335-9c86-b37310614007	2492394	1.0	confident	Lysobacter segetis	Bacteria
0ba4eed2-1883-4946-9beb-6c144cc71507	2492394	1.0	confident	Lysobacter segetis	Bacteria
366e9197-1237-46d7-a5a8-a751608d50cd	2492394	1.0	confident	Lysobacter segetis	Bacteria
651b32fc-e87c-48d5-ab44-321b48e381ec	2492394	1.0	confident	Lysobacter segetis	Bacteria
ab0b9b3c-481a-4edf-af0f-06eb373a4e09	2492394	1.0	confident	Lysobacter segetis	Bacteria
980ddaf8-5c9b-4870-a01b-c9274194927d	2492394	1.0	confident	Lysobacter segetis	Bacteria
62e58d1f-c359-4751-8940-3221e36b8857	2492394	1.0	confident	Lysobacter segetis	Bacteria
acdeb680-ab5f-4d44-b978-37e7d591fb5b	2492394	1.0	confident	Lysobacter segetis	Bacteria
f2331c1a-108a-412f-91f7-fcad8be6cf80	2492394	1.0	confident	Lysobacter segetis	Bacteria
7b70147b-b176-4ce1-9726-1b060d05df7f	2492394	1.0	confident	Lysobacter segetis	Bacteria
7f9d7464-51fc-4222-bb65-09bc15a3b153	2492394	1.0	confident	Lysobacter segetis	Bacteria
f2f30e33-bfe9-4257-9797-4dae0b11f3e6	2492394	1.0	confident	Lysobacter segetis	Bacteria
b40816cf-9b42-464a-a899-34221a5f14a8	2492394	1.0	confident	Lysobacter segetis	Bacteria
6568834d-3f33-46c4-bce2-c3ef619b0dae	2492394	1.0	confident	Lysobacter segetis	Bacteria
81d1a91a-cb56-4d53-a95c-88b013b0e424	2492394	1.0	confident	Lysobacter segetis	Bacteria
96f0bf1d-cc9d-4ff2-bd41-1cdd41d14b0a	2492394	1.0	confident	Lysobacter segetis	Bacteria
a6312b4d-6d3a-4138-91f0-c4cb9eeb566b	2492394	1.0	confident	Lysobacter segetis	Bacteria
4d510d71-90b7-4245-b8bc-d4f0fd0d4123	2492394	1.0	confident	Lysobacter segetis	Bacteria
9bba66ff-cecb-49cd-8217-fdc3330d3f44	2492394	1.0	confident	Lysobacter segetis	Bacteria
7497ad84-fafd-4632-bf61-15d1751e306f	2492394	1.0	confident	Lysobacter segetis	Bacteria
045590c6-a484-4a65-b928-1d19a301a802	2492394	1.0	confident	Lysobacter segetis	Bacteria
cc3198e6-820c-4caf-9599-d915ca8f8b27	2492394	1.0	confident	Lysobacter segetis	Bacteria
f90cc2c0-1319-45a1-8199-f04aefcf6c9b	2492394	1.0	confident	Lysobacter segetis	Bacteria
b84fc5cc-3902-4635-b7a0-b34c2e3f9c45	2492394	1.0	confident	Lysobacter segetis	Bacteria
ab0e104c-51aa-419f-81a1-a6b34a3164c1	2492394	1.0	confident	Lysobacter segetis	Bacteria
05b02173-4d91-4174-b508-471b2770b6c3	2492394	1.0	confident	Lysobacter segetis	Bacteria
87450917-3a8a-4e09-b411-bf9a3134da41	2492394	1.0	confident	Lysobacter segetis	Bacteria
d8275b8e-545f-46e5-8a7b-16f923451a8d	2492394	1.0	confident	Lysobacter segetis	Bacteria
b606f765-acd8-4cd0-98e6-8f2496611179	2492394	1.0	confident	Lysobacter segetis	Bacteria
c9d059a6-3666-4024-8f15-0e05e59405c2	2492394	1.0	confident	Lysobacter segetis	Bacteria
96d1a461-502f-4335-a6de-681394b441ee	2492394	1.0	confident	Lysobacter segetis	Bacteria
4375af7b-13c8-4fe9-ba93-38e4f7bf2f80	2492394	1.0	confident	Lysobacter segetis	Bacteria
fe1b3204-da31-443d-8a63-528da9c18fdf	2492394	1.0	confident	Lysobacter segetis	Bacteria
22944856-7828-42a0-b445-21e91961d2cd	2492394	1.0	confident	Lysobacter segetis	Bacteria
4a39d7df-3af1-41b0-a563-2a9eac115e76	2492394	1.0	confident	Lysobacter segetis	Bacteria
3b5b88c4-e258-41dd-8d5a-abdfd4279bda	2492394	1.0	confident	Lysobacter segetis	Bacteria
c81f19d1-c7c6-4487-892e-f6cc5dca1b02	2492394	1.0	confident	Lysobacter segetis	Bacteria
789fb0b2-1883-4c68-a543-fd7096c589a2	2492394	1.0	confident	Lysobacter segetis	Bacteria
59806893-cfa9-4627-b0e5-a09e58831c7a	108981	1.0	confident	Acinetobacter schindleri	Bacteria
a7777f59-a71d-44d7-bcc4-6f3f41712f10	108981	1.0	confident	Acinetobacter schindleri	Bacteria
66a585c3-8c6b-4a6c-8f65-703f2cfa15f8	108981	1.0	confident	Acinetobacter schindleri	Bacteria
8a702377-e3bd-4e30-9d18-5f3f0442ccfd	108981	1.0	confident	Acinetobacter schindleri	Bacteria
136b290e-58ad-4a5c-813d-c3d8a9f6c7a6	108981	1.0	confident	Acinetobacter schindleri	Bacteria
ec174e0e-c366-4681-8a0f-80a97316f5a3	108981	1.0	confident	Acinetobacter schindleri	Bacteria
e63634ae-a3aa-4ae4-ae4e-7591c6d074e1	108981	1.0	confident	Acinetobacter schindleri	Bacteria
b58f4dbe-1e28-4e1f-9c3e-666339aecebc	108981	1.0	confident	Acinetobacter schindleri	Bacteria
cce47002-c72e-4622-8372-20dbab967e42	108981	1.0	confident	Acinetobacter schindleri	Bacteria
05613006-b3bd-47a9-a371-fc43f0d38fbe	108981	1.0	confident	Acinetobacter schindleri	Bacteria
03f5e6e0-bd4e-46a9-bd36-88202d1511d8	108981	1.0	confident	Acinetobacter schindleri	Bacteria
45c03efe-b987-460d-8893-f9d780c594f2	108981	1.0	confident	Acinetobacter schindleri	Bacteria
15b02347-db3a-4223-9aa2-1c179da87d2c	108981	1.0	confident	Acinetobacter schindleri	Bacteria
828db172-7d07-47d7-9224-15c1a4a6d473	108981	1.0	confident	Acinetobacter schindleri	Bacteria
2fb8963f-0268-42ca-8bd1-cd99af4170b9	108981	1.0	confident	Acinetobacter schindleri	Bacteria
d6ebc892-b090-4217-98ef-581fc91858ed	108981	1.0	confident	Acinetobacter schindleri	Bacteria
e5e0fe78-51bb-4646-b9e1-e8d814903509	108981	1.0	confident	Acinetobacter schindleri	Bacteria
0786b3d2-9572-481a-b359-93cc9d01b4d0	108981	1.0	confident	Acinetobacter schindleri	Bacteria
f8601c74-50bf-4c7a-946f-4f038b5d05b0	108981	1.0	confident	Acinetobacter schindleri	Bacteria
a4a0c671-5be7-437c-86b3-850af1596788	108981	1.0	confident	Acinetobacter schindleri	Bacteria
022b5bbc-8cc1-4462-89f3-d2971cb81ade	108981	1.0	confident	Acinetobacter schindleri	Bacteria
7991ff9d-87ee-4bbd-ac23-2b5c8fbc7ce6	108981	1.0	confident	Acinetobacter schindleri	Bacteria
46cb03de-2e6e-4b28-985c-e4ed7e145a8b	108981	1.0	confident	Acinetobacter schindleri	Bacteria
c902a502-0bc1-4938-bb44-1d0222e8c36b	108981	1.0	confident	Acinetobacter schindleri	Bacteria
6fa9631c-4fed-4555-93ab-e176b34c85e0	108981	1.0	confident	Acinetobacter schindleri	Bacteria
b8fa8dfb-963e-48f3-b2c9-e913e0019bc0	108981	1.0	confident	Acinetobacter schindleri	Bacteria
63b1cd77-35d4-485c-9610-dcea193c2b30	108981	1.0	confident	Acinetobacter schindleri	Bacteria
96426734-c97a-4cf4-b8d4-c461acfdf759	108981	1.0	confident	Acinetobacter schindleri	Bacteria
413bf15e-e122-4f7c-b00c-6b27d4bd68f9	108981	1.0	confident	Acinetobacter schindleri	Bacteria
cd0bec84-d608-48b5-bb10-3bbd232417bf	108981	1.0	confident	Acinetobacter schindleri	Bacteria
45c60744-3cf0-469d-b60f-089199e5b513	108981	1.0	confident	Acinetobacter schindleri	Bacteria
3b3b5d55-fd64-4a95-a413-dc9b8780eae5	108981	1.0	confident	Acinetobacter schindleri	Bacteria
2085826d-3c18-4853-a1f4-c244f985ef98	108981	1.0	confident	Acinetobacter schindleri	Bacteria
3d80ca28-3d76-4f3e-ac73-f2c89ff77856	108981	1.0	confident	Acinetobacter schindleri	Bacteria
8628334f-028f-4701-9a88-379de5b30a8c	108981	1.0	confident	Acinetobacter schindleri	Bacteria
3e33fbbf-7a9d-451f-88c0-f3e4caf7646d	108981	1.0	confident	Acinetobacter schindleri	Bacteria
2c0f88c2-683a-493b-a89f-f8d3da70b99f	108981	1.0	confident	Acinetobacter schindleri	Bacteria
c8d5a05d-631a-4011-8baa-a73c5bfa618f	108981	1.0	confident	Acinetobacter schindleri	Bacteria
38214cd2-ac06-4fda-9be7-a6cca327a8f4	108981	1.0	confident	Acinetobacter schindleri	Bacteria
c79a174b-5a9a-46c9-ae53-428e33affea8	108981	1.0	confident	Acinetobacter schindleri	Bacteria
2b56dd34-5c0c-4b2e-b174-d61a1d09e78a	108981	1.0	confident	Acinetobacter schindleri	Bacteria
94a28f8e-1493-40c2-8dbc-1a071a51d737	108981	1.0	confident	Acinetobacter schindleri	Bacteria
4dbce678-55aa-4d4a-9c8b-2dcd215a19ac	1776391	1.0	confident	Romboutsia timonensis	Bacteria
58d46ee3-af0d-48eb-97e3-c33928669554	1776391	1.0	confident	Romboutsia timonensis	Bacteria
4366b0e0-f9d1-4084-a8b7-b7aa20d5b05f	1776391	1.0	confident	Romboutsia timonensis	Bacteria
2e129091-d832-42ce-8349-ea4296e49bfd	1776391	1.0	confident	Romboutsia timonensis	Bacteria
575c5c31-cc8b-407e-b2a6-fd3f0920b285	1776391	1.0	confident	Romboutsia timonensis	Bacteria
edf74bfc-4aff-436d-a51a-031b466d9d97	1776391	1.0	confident	Romboutsia timonensis	Bacteria
ad9ce0f2-036f-47e2-ad68-39c85ab44a23	1776391	1.0	confident	Romboutsia timonensis	Bacteria
a6ac52d8-5a97-4f28-9dc6-0dd878b808f6	1776391	1.0	confident	Romboutsia timonensis	Bacteria
ea717590-08fe-45a1-96e7-df6bd9d3b9ef	1776391	1.0	confident	Romboutsia timonensis	Bacteria
cd014628-3523-490f-8234-3157f6070bae	1776391	1.0	confident	Romboutsia timonensis	Bacteria
156ff5b9-a353-4ce1-b9b7-c97202a3b275	1776391	1.0	confident	Romboutsia timonensis	Bacteria
0c161d23-8131-4e4c-ab15-bbb45ca3f786	72268	1.0	confident	Microscillaceae_X_sp.	Bacteria
03f8faae-5762-430f-b478-26a8acd69939	72268	1.0	confident	Microscillaceae_X_sp.	Bacteria
6631f576-0040-4422-903e-2ea3bbc9b622	72268	1.0	confident	Microscillaceae_X_sp.	Bacteria
009dfd9f-e5d8-471b-9e36-c7ee676639a7	72268	1.0	confident	Microscillaceae_X_sp.	Bacteria
8c67c9fd-7e29-4598-9cf7-88bfa5eaf20c	72268	1.0	confident	Microscillaceae_X_sp.	Bacteria
74794ca4-811a-4fa1-92b6-4a1894fd95dc	72268	1.0	confident	Microscillaceae_X_sp.	Bacteria
c2b600ff-5cf9-4777-87f4-50c5e06a6e7e	72268	1.0	confident	Microscillaceae_X_sp.	Bacteria
0a71a8ae-cdf1-420b-bc1f-bb61569d636d	72268	1.0	confident	Microscillaceae_X_sp.	Bacteria
0abad99e-bfc0-4432-8b45-e2801517ab11	72268	1.0	confident	Microscillaceae_X_sp.	Bacteria
3a5a9250-fdc3-455a-b0bd-360b518fb67f	72268	1.0	confident	Microscillaceae_X_sp.	Bacteria
fa7765e0-b73d-48d1-8224-405d086105ea	72268	1.0	confident	Microscillaceae_X_sp.	Bacteria
5b5627e4-0aa2-415e-9522-8bd581dbd9f8	72268	1.0	confident	Microscillaceae_X_sp.	Bacteria
514219cd-4083-4b89-b7f7-bec444b2e8ab	72268	1.0	confident	Microscillaceae_X_sp.	Bacteria
b57713bb-d1db-417f-8136-9f8249e295e8	72268	1.0	confident	Microscillaceae_X_sp.	Bacteria
0bbe7224-844c-4748-84b8-d32c6efc9e06	72268	1.0	confident	Microscillaceae_X_sp.	Bacteria
6f7e2be4-cfe2-4b1d-bdc5-12583ce7606d	1297617	1.0	confident	Intestinimonas butyriciproducens	Bacteria
9767fb26-daec-43b6-aea3-a9486d8303df	1297617	1.0	confident	Intestinimonas butyriciproducens	Bacteria
317a2edc-6a27-43e1-ab0a-6063ef2adf88	1297617	1.0	confident	Intestinimonas butyriciproducens	Bacteria
2fe39445-5f38-4772-b79f-947878f93037	1297617	1.0	confident	Intestinimonas butyriciproducens	Bacteria
3ecf8367-6793-4d2c-b214-59b368533823	1297617	1.0	confident	Intestinimonas butyriciproducens	Bacteria
a58c90d5-3cd5-4fab-8487-7681dc9b00d3	1297617	1.0	confident	Intestinimonas butyriciproducens	Bacteria
2dc69ffe-4cd1-4c8d-8386-9be294f49556	1297617	1.0	confident	Intestinimonas butyriciproducens	Bacteria
5b57c8da-1e9b-4f0a-bd96-86c669a122da	1297617	1.0	confident	Intestinimonas butyriciproducens	Bacteria
13dbe73f-88e5-4069-839c-08c97e0afe71	1297617	1.0	confident	Intestinimonas butyriciproducens	Bacteria
bdd14b5d-5755-492b-a9ed-ae30fcaa3285	1297617	1.0	confident	Intestinimonas butyriciproducens	Bacteria
55a4f9c2-b397-4a66-a249-b7957a8990ed	1297617	1.0	confident	Intestinimonas butyriciproducens	Bacteria
1dc11871-affa-40bc-9499-a53d52132c8e	1297617	1.0	confident	Intestinimonas butyriciproducens	Bacteria
780e44d1-3c54-4043-b650-1917800a2d17	1297617	1.0	confident	Intestinimonas butyriciproducens	Bacteria
86c63371-c23e-42d3-aade-0fc7c024c605	1297617	1.0	confident	Intestinimonas butyriciproducens	Bacteria
05e8e949-9e79-4fe0-8e1c-06eb264d86ba	1297617	1.0	confident	Intestinimonas butyriciproducens	Bacteria
9cf07877-64cc-4991-8a8b-2a96c01081ae	1297617	1.0	confident	Intestinimonas butyriciproducens	Bacteria
a1435f58-d2b5-4c7b-84ed-2bfd182c01cc	1297617	1.0	confident	Intestinimonas butyriciproducens	Bacteria
3da21015-9c02-4d39-8b8c-101b3a321056	1297617	1.0	confident	Intestinimonas butyriciproducens	Bacteria
5c769da7-9e5c-42f8-93fe-14805b86010c	1297617	1.0	confident	Intestinimonas butyriciproducens	Bacteria
6a192ac6-9a1d-4774-8ac9-f82e02e67edf	1297617	1.0	confident	Intestinimonas butyriciproducens	Bacteria
b2412205-5674-4496-a148-945de93eff4e	1297617	1.0	confident	Intestinimonas butyriciproducens	Bacteria
c9b18e72-fb3f-4993-9500-e7d996fdf446	1297617	1.0	confident	Intestinimonas butyriciproducens	Bacteria
f5fac6d0-83ca-4293-ba70-947743551b4d	1297617	1.0	confident	Intestinimonas butyriciproducens	Bacteria
8b23c07d-058e-451b-8835-751193276fe3	1297617	1.0	confident	Intestinimonas butyriciproducens	Bacteria
2a6e5455-badb-4225-be89-62051a9f088c	1297617	1.0	confident	Intestinimonas butyriciproducens	Bacteria
c00605f4-2328-44ef-87e2-dd8672e7a71e	1297617	1.0	confident	Intestinimonas butyriciproducens	Bacteria
2c6f1d2d-f47a-416a-a384-ebb61277076e	1297617	1.0	confident	Intestinimonas butyriciproducens	Bacteria
3842a4ea-8c6a-4b55-9d09-77d84eef6d58	1297617	1.0	confident	Intestinimonas butyriciproducens	Bacteria
5cd03d7f-a676-44ef-9468-87974ffea0b8	1297617	1.0	confident	Intestinimonas butyriciproducens	Bacteria
488a05aa-610d-42e1-8a8c-32e13fc19458	1297617	1.0	confident	Intestinimonas butyriciproducens	Bacteria
881dbb6d-bb2a-40e5-a2fc-9ae0a74f7b12	1297617	1.0	confident	Intestinimonas butyriciproducens	Bacteria
998950cf-e350-4d90-a50d-86c030561525	1297617	1.0	confident	Intestinimonas butyriciproducens	Bacteria
8e39a633-6bc9-44e6-8a04-1a89fcb59f2a	1297617	1.0	confident	Intestinimonas butyriciproducens	Bacteria
f759dfca-b402-4947-abd6-0834eb273fd4	1297617	1.0	confident	Intestinimonas butyriciproducens	Bacteria
47d0b830-4c19-44db-a654-53f8247e8ee4	1297617	1.0	confident	Intestinimonas butyriciproducens	Bacteria
6aa8a072-4a08-4b6e-bdaa-1ef2511b307c	1297617	1.0	confident	Intestinimonas butyriciproducens	Bacteria
c2c59658-b4a8-45d7-b5be-24fd95724e06	1297617	1.0	confident	Intestinimonas butyriciproducens	Bacteria
ca3de042-ac20-4db2-a9c8-45ffc1f91946	1297617	1.0	confident	Intestinimonas butyriciproducens	Bacteria
30368880-e396-4ce6-95e4-e85e3d33e934	1297617	1.0	confident	Intestinimonas butyriciproducens	Bacteria
ce73d683-ad95-4be9-9894-c111c170ff77	1297617	1.0	confident	Intestinimonas butyriciproducens	Bacteria
f7258269-53a8-481c-bfc6-5a80b08f70fa	1297617	1.0	confident	Intestinimonas butyriciproducens	Bacteria
5e78bfda-87b8-4752-827f-3ec7143e3270	1297617	1.0	confident	Intestinimonas butyriciproducens	Bacteria
c064ac1b-1de6-4925-b5f6-4194fd3cb255	1297617	1.0	confident	Intestinimonas butyriciproducens	Bacteria
11300246-6c47-4428-ad50-c3b6f15aa9d6	1297617	1.0	confident	Intestinimonas butyriciproducens	Bacteria
4b6acb65-3fac-41bb-bb1c-622cbf336ce0	1297617	1.0	confident	Intestinimonas butyriciproducens	Bacteria
f0319b43-e16b-4116-8bb7-5f766a786cf4	1297617	1.0	confident	Intestinimonas butyriciproducens	Bacteria
30c21d5f-0bab-48b7-a477-d82d8816015e	1297617	1.0	confident	Intestinimonas butyriciproducens	Bacteria
9a02cef8-56df-4749-8e9b-fdccdaa1dcbd	1297617	1.0	confident	Intestinimonas butyriciproducens	Bacteria
865b807a-55b3-49e8-9b70-28482e852726	1297617	1.0	confident	Intestinimonas butyriciproducens	Bacteria
5d6e589a-f392-481e-b309-0b3437639740	1297617	1.0	confident	Intestinimonas butyriciproducens	Bacteria
d4cd7367-2f6f-46cb-811c-aa5064cba69a	1297617	1.0	confident	Intestinimonas butyriciproducens	Bacteria
7ecf23ba-1217-4159-9d2b-79aea1ed06df	1297617	1.0	confident	Intestinimonas butyriciproducens	Bacteria
6bf5982f-515b-4eda-9ae4-6dcfec283683	1297617	1.0	confident	Intestinimonas butyriciproducens	Bacteria
225884a9-a323-49c1-bec8-081e708d395d	1297617	1.0	confident	Intestinimonas butyriciproducens	Bacteria
8d54555b-8174-4c74-ba1e-b09a96036cbc	1297617	1.0	confident	Intestinimonas butyriciproducens	Bacteria
ffa26e63-2f15-4eee-b441-c84e3edebeab	1297617	1.0	confident	Intestinimonas butyriciproducens	Bacteria
0be2c69b-38ab-4833-9b97-36d99cdca693	1297617	1.0	confident	Intestinimonas butyriciproducens	Bacteria
92a7ae11-432a-4776-9c17-17d6455c83ae	1297617	1.0	confident	Intestinimonas butyriciproducens	Bacteria
9d631c63-4e5f-4c78-9c4d-240a78c619d5	283877	1.0	confident	Leucobacter chromiireducens	Bacteria
7eb4e963-c7bc-4aaa-b290-98adb20af859	283877	1.0	confident	Leucobacter chromiireducens	Bacteria
0ff551f1-1381-40a1-976a-b7df11a0f1a0	283877	1.0	confident	Leucobacter chromiireducens	Bacteria
268ed363-bbff-4778-b78c-912903f8d945	283877	1.0	confident	Leucobacter chromiireducens	Bacteria
6fb87ac9-de58-47a1-8f4b-eaf11147bbca	283877	1.0	confident	Leucobacter chromiireducens	Bacteria
5114b00b-3add-4612-90ea-53c0d9032522	283877	1.0	confident	Leucobacter chromiireducens	Bacteria
7c320ada-6508-47a7-b3fa-fe3386cd65b7	283877	1.0	confident	Leucobacter chromiireducens	Bacteria
d8bf95cd-1e40-44d8-8d7d-523f3b2a6ebf	283877	1.0	confident	Leucobacter chromiireducens	Bacteria
f8daeb3e-442d-45ca-9b79-fc12513853c2	283877	1.0	confident	Leucobacter chromiireducens	Bacteria
09f60b99-9ae5-4275-9f2b-efa2386fb5ae	283877	1.0	confident	Leucobacter chromiireducens	Bacteria
c6c18ca3-676a-4223-a04d-4cb4cd129c97	283877	1.0	confident	Leucobacter chromiireducens	Bacteria
46d91a77-fcef-4984-8fc9-17c79b8ef6bd	283877	1.0	confident	Leucobacter chromiireducens	Bacteria
7e86bc49-1e4d-4efa-9c29-6639205d4251	283877	1.0	confident	Leucobacter chromiireducens	Bacteria
70d0aa17-7dff-48fc-a852-3f531d429b1f	283877	1.0	confident	Leucobacter chromiireducens	Bacteria
3172679b-c489-41f5-bad0-0fe8303395f9	283877	1.0	confident	Leucobacter chromiireducens	Bacteria
d462bd15-f12c-4189-bfe7-9723cc2e7b04	283877	1.0	confident	Leucobacter chromiireducens	Bacteria
3d7a9f55-e892-4ab1-98ca-a269da1d5fc8	283877	1.0	confident	Leucobacter chromiireducens	Bacteria
e8cde635-b68a-41e0-ad1d-8a2552c06e18	283877	1.0	confident	Leucobacter chromiireducens	Bacteria
849f0090-238a-46f0-ac31-bf9928a9b96d	283877	1.0	confident	Leucobacter chromiireducens	Bacteria
11973c79-3d4b-457e-8c2a-57891b7b05a0	283877	1.0	confident	Leucobacter chromiireducens	Bacteria
6f3cfce4-9e83-4881-a6a6-f00dd7906a48	283877	1.0	confident	Leucobacter chromiireducens	Bacteria
505cbeb9-a43c-4952-a34f-4032b29cc21b	283877	1.0	confident	Leucobacter chromiireducens	Bacteria
f4fcaef2-a0e6-4d8b-a7f1-59e658c8336d	283877	1.0	confident	Leucobacter chromiireducens	Bacteria
5b6e094d-dc75-4412-81fa-dabe4d40154a	283877	1.0	confident	Leucobacter chromiireducens	Bacteria
1edb9dfa-819a-49fa-8e69-1dcbd93f959c	283877	1.0	confident	Leucobacter chromiireducens	Bacteria
be7688f8-bb64-43af-b186-445cf2a5a005	283877	1.0	confident	Leucobacter chromiireducens	Bacteria
615536d3-c581-4634-b1ea-4e6342906843	283877	1.0	confident	Leucobacter chromiireducens	Bacteria
a2510572-b75a-46ad-9f71-9bca0e067ab6	283877	1.0	confident	Leucobacter chromiireducens	Bacteria
b1a0bcf3-1a8f-407f-ad14-163d258bd191	283877	1.0	confident	Leucobacter chromiireducens	Bacteria
b176c79a-6966-4287-81cb-91166ec2a674	283877	1.0	confident	Leucobacter chromiireducens	Bacteria
9179402d-c70f-4f53-b160-ffd998c770ea	72456	1.0	confident	Bacillaceae_X_sp.	Bacteria
53578002-1bca-44ea-9b69-6deb35879fd6	72456	1.0	confident	Bacillaceae_X_sp.	Bacteria
00a3bc74-24dd-449e-b0af-2eecc57424ed	72456	1.0	confident	Bacillaceae_X_sp.	Bacteria
