read_id	most_likely_taxon	confidence	assignment_certainty	taxon_name	kingdom
b9922bfb-035e-4ff9-a9a9-0ff7405a7793	151414	0.9999999999999958	high	Afipia birgiae	Bacteria
13f0010f-22b5-47ef-80c8-96a8bbd6ea7e	151414	0.999999999999996	high	Afipia birgiae	Bacteria
8dba32ec-1ce3-4e57-be5d-28bff89de2cc	151414	0.9999999999999962	high	Afipia birgiae	Bacteria
9a48fc21-8587-4afb-9ee0-62dd1b4ffd48	151414	0.9999999999999802	high	Afipia birgiae	Bacteria
5a8c148c-72d5-48d6-af41-e4b8c196b928	151414	0.999999999999996	high	Afipia birgiae	Bacteria
45e384bb-3afd-485c-a063-90238a681855	151414	0.9999999999999962	high	Afipia birgiae	Bacteria
c86c1753-4a9d-4c26-8223-35d159ebd2da	151414	0.9999999999999992	high	Afipia birgiae	Bacteria
1fc670fe-73fd-4e83-a906-372c078f500c	151414	0.9999999999999962	high	Afipia birgiae	Bacteria
dc160cb0-de4a-4e58-99f3-84778623d3b2	151414	0.9999999999999958	high	Afipia birgiae	Bacteria
da8e0e0f-23e3-4c56-9393-81db239e1863	3116917	0.9999999999999984	high	Afipia dichlorophenoxyacetatis	Bacteria
fdb8e337-1929-4ab7-b0a5-9803eefdab32	151414	0.999999999999996	high	Afipia birgiae	Bacteria
2e8c8a61-3f2b-4537-b426-7da772c585f2	151414	0.999999999999996	high	Afipia birgiae	Bacteria
2092b365-feba-4a9d-825d-34caa33634f1	151414	0.9999999999999842	high	Afipia birgiae	Bacteria
d4998e07-c4dd-4089-91a2-d673a15f5022	151414	0.999999999999996	high	Afipia birgiae	Bacteria
748e365d-617c-42c5-92e7-ff59c3aba5fc	151414	0.9999999999999958	high	Afipia birgiae	Bacteria
70613221-5445-4df5-8cc5-7e3f198aee4a	151414	0.9999999999999956	high	Afipia birgiae	Bacteria
e8c840d3-6457-43f6-b046-3e34da2f42d4	3116917	0.9999999999999984	high	Afipia dichlorophenoxyacetatis	Bacteria
fb3527e5-c7c9-4678-a253-f3014cc572db	3116917	0.9999999999999984	high	Afipia dichlorophenoxyacetatis	Bacteria
03a9fad6-41af-4a6e-be9d-289544ba6db0	3116917	0.9999999999999996	high	Afipia dichlorophenoxyacetatis	Bacteria
5e16aa85-40b9-41d5-a99a-44635af3538f	151414	0.9999999999999962	high	Afipia birgiae	Bacteria
6e8f7876-b417-4306-98cf-96a28d15e7e6	151414	0.999999999999996	high	Afipia birgiae	Bacteria
7617021c-b0e4-4a45-a10d-cba582456802	151414	0.999999999999996	high	Afipia birgiae	Bacteria
b5988925-75d9-4162-904b-11e7d4521274	151414	0.999999999999996	high	Afipia birgiae	Bacteria
61dc927e-c821-4721-9278-830981e18fa4	151414	1.0	confident	Afipia birgiae	Bacteria
767ac127-b8c1-4b66-b25d-093baf558c37	151414	0.9999999999999962	high	Afipia birgiae	Bacteria
2279c862-f318-4a21-a475-8d3af05fcaf3	151414	0.999999999999996	high	Afipia birgiae	Bacteria
41f415b8-f616-47a2-9f30-850f1fc2324f	151414	0.9999999999999958	high	Afipia birgiae	Bacteria
796055cb-1b7c-46ae-b622-74c5e2e77f06	151414	0.999999999999996	high	Afipia birgiae	Bacteria
342325f2-0025-4b59-a8d9-cd4b3a16e854	151414	0.9999999999999708	high	Afipia birgiae	Bacteria
5df9a9f6-20e8-485d-9dd9-c58f1b381de2	151414	0.9999999999999672	high	Afipia birgiae	Bacteria
3a0da017-39a5-46b7-a89d-9281cc18b189	151414	0.9999999999999956	high	Afipia birgiae	Bacteria
b1b835d6-3c39-413f-98d8-64628a26a4f1	151414	0.9999999999999992	high	Afipia birgiae	Bacteria
23e6dc80-8760-4c4f-90e0-db9b0dd76cde	151414	0.9999999999999842	high	Afipia birgiae	Bacteria
5116cb3d-f0e5-4a2d-b219-9831dff67937	151414	0.999999999999996	high	Afipia birgiae	Bacteria
ee0456f7-a530-4947-95a2-308aeb3ca755	3116917	0.9999999999999984	high	Afipia dichlorophenoxyacetatis	Bacteria
1f269226-72ae-4fb0-932c-d3d10486c518	3116917	0.9999999999999984	high	Afipia dichlorophenoxyacetatis	Bacteria
0151a3d3-f307-483d-a1d9-f8e83f8ca54c	151414	0.9999999999993217	high	Afipia birgiae	Bacteria
60e488c9-29ff-408c-8029-9aa2e2b24b1e	151414	0.9999999999992252	high	Afipia birgiae	Bacteria
d521e5ef-0ab1-4bb4-bff0-9d9ab84c7c22	151414	0.9999999999999962	high	Afipia birgiae	Bacteria
66beef49-ba12-4ae1-9677-b4434e598b87	151414	0.999999999999996	high	Afipia birgiae	Bacteria
18f0e6dd-fbaa-43e8-8924-1430dc09f0a2	151414	0.9999999999999832	high	Afipia birgiae	Bacteria
0e314981-762b-4c98-8e47-b43ddf2e4913	3116917	0.9999999999999984	high	Afipia dichlorophenoxyacetatis	Bacteria
74ca0d15-df04-43f9-b950-ad25d8cb090d	151414	0.9999999999999952	high	Afipia birgiae	Bacteria
6cefb432-67ea-4588-a76e-50f5f1f7c73f	151414	0.9999999999999408	high	Afipia birgiae	Bacteria
f10c8182-9320-4a0e-9e23-802019fd5a69	3116917	0.999999999999998	high	Afipia dichlorophenoxyacetatis	Bacteria
a073964b-6f08-491b-8f2d-2e0630d7e596	3116917	0.9999999999999508	high	Afipia dichlorophenoxyacetatis	Bacteria
617e01b9-2e92-4d1f-b804-d5ab95ffe26a	151414	0.999999999999996	high	Afipia birgiae	Bacteria
3461aa91-026c-4b54-b0ac-255fcf0359ed	3116917	0.9999999999999982	high	Afipia dichlorophenoxyacetatis	Bacteria
2317f087-1346-4698-9bf2-47981737a289	151414	0.9999999999993264	high	Afipia birgiae	Bacteria
758a84a7-3412-4daf-a08e-da06d33cd3c3	151414	1.0	confident	Afipia birgiae	Bacteria
39c52123-c703-409f-b5de-08cab541b5da	151414	0.999999999999996	high	Afipia birgiae	Bacteria
6afcbd4f-698b-46bf-b8eb-0e43d19c1fd3	151414	0.999999999999996	high	Afipia birgiae	Bacteria
210fcab7-2eae-45e2-b647-60a3e65b657c	151414	0.9999999999999868	high	Afipia birgiae	Bacteria
0a760aaa-67e8-49af-ae38-a63671093add	3116917	0.9999999999999984	high	Afipia dichlorophenoxyacetatis	Bacteria
baf2fc9e-cd53-4061-9d81-a8012f7bd90e	151414	0.9999999999999948	high	Afipia birgiae	Bacteria
511a83ad-42e3-41c6-a423-9232a64dec54	151414	0.9999999999999962	high	Afipia birgiae	Bacteria
6b6b0dcf-7d74-4fae-acd8-40b316a9009c	151414	0.9999999999999962	high	Afipia birgiae	Bacteria
7f1a0dda-2796-44f9-8e17-4cd529f0eaf9	151414	0.9999999999896988	high	Afipia birgiae	Bacteria
1eb5ba10-b170-4d05-a97a-645fb4d9dee6	151414	0.9999999999999962	high	Afipia birgiae	Bacteria
6f8079dc-61f7-4b9d-97be-0242e5c591af	151414	0.9999999999999958	high	Afipia birgiae	Bacteria
f6714dbf-faf1-44cb-90b2-441646c172f3	151414	0.9999999999999962	high	Afipia birgiae	Bacteria
9a5e36d9-94f2-46c8-acf3-ffc3cf96ac0b	151414	0.9999999999999988	high	Afipia birgiae	Bacteria
dd2ef55f-26a6-45fb-aa35-e6ac66330b57	151414	0.9999999999999962	high	Afipia birgiae	Bacteria
f6145232-608a-47cf-be22-5f27225ac4ec	151414	0.9999999999999838	high	Afipia birgiae	Bacteria
161ee2a6-5fc4-4a8f-9766-8e6d1ba7a09d	151414	0.9999999999999988	high	Afipia birgiae	Bacteria
c2964594-756a-4762-9687-ee679aa12b27	151414	0.9999999999996132	high	Afipia birgiae	Bacteria
3006d817-43ea-4366-9275-e5fffe539c25	151414	0.9999999999999962	high	Afipia birgiae	Bacteria
558eab25-d989-4895-8077-0ea09eab5805	151414	0.9999999999999832	high	Afipia birgiae	Bacteria
0a475ae1-02f5-4c92-b4a3-97391a072308	151414	0.9999999999999998	high	Afipia birgiae	Bacteria
1ffab0cc-029a-4007-8090-228d276c4499	151414	0.9999999999999912	high	Afipia birgiae	Bacteria
08bc5d8b-ee4c-4d4a-91b0-5010dd260763	151414	0.999999999999996	high	Afipia birgiae	Bacteria
337b0558-9d66-4ac4-9b1a-ede056de5c1c	151414	0.9999999999999962	high	Afipia birgiae	Bacteria
43f36c92-18b6-4426-bbc8-2e29e55e5eaa	151414	0.9999999999999962	high	Afipia birgiae	Bacteria
1b3a2a17-f952-49b8-8cd1-95be67242741	3116917	0.9999999999999988	high	Afipia dichlorophenoxyacetatis	Bacteria
1e3828e6-cb0f-46e4-a1c5-96dc19fef0bc	3116917	0.9999999999999694	high	Afipia dichlorophenoxyacetatis	Bacteria
605694e3-4c3d-4e79-8cab-58ddc7fbaf04	151414	0.999999999999996	high	Afipia birgiae	Bacteria
3bfe87be-ddd0-477f-92fe-95fb9b02c392	151414	0.9999999999999962	high	Afipia birgiae	Bacteria
d058c9ec-8b54-432c-bb29-ef7a5fe863f9	3116917	0.9999999999999984	high	Afipia dichlorophenoxyacetatis	Bacteria
66f5b461-1ace-4706-86bf-7fc04489c67f	151414	0.9999999999999962	high	Afipia birgiae	Bacteria
2f93a6b1-9978-459b-b67f-b5934e33e0b2	151414	0.999999999999239	high	Afipia birgiae	Bacteria
6418fd44-5661-4c73-a1b3-479fc490d1f2	151414	0.999999999999996	high	Afipia birgiae	Bacteria
f363f4f0-6d9d-491f-a2be-e8a6c817fc0d	3116917	0.9999999999999988	high	Afipia dichlorophenoxyacetatis	Bacteria
59dcbdf8-02dc-4bb6-b667-6e102d4713bc	151414	0.9999999999999962	high	Afipia birgiae	Bacteria
8f095f65-e40d-4738-af00-291be4e999cc	151414	0.9999999999999962	high	Afipia birgiae	Bacteria
c1567227-6f06-46b9-b595-6f2ae9ed85e4	151414	0.999999999999857	high	Afipia birgiae	Bacteria
ed5fff15-fe89-40b7-ba31-060e22bc125a	151414	0.9999999999999958	high	Afipia birgiae	Bacteria
de8c902f-db67-4c65-a4ee-8cca27c1aa85	151414	0.9999999999999958	high	Afipia birgiae	Bacteria
49558c40-a94b-49ce-873b-b61be591af1f	151414	0.999999999999996	high	Afipia birgiae	Bacteria
95b0e734-5d1c-407e-ab99-88f68d417cf3	151414	0.9999999999999988	high	Afipia birgiae	Bacteria
157bfb1d-94c1-41c1-b56e-b025cbc7cc37	151414	1.0	confident	Afipia birgiae	Bacteria
74071735-0f7a-4acb-9859-e440f554c820	151414	0.9999999999999962	high	Afipia birgiae	Bacteria
2a835d5f-76dc-4a8a-8545-11670621ce75	151414	0.999999999999551	high	Afipia birgiae	Bacteria
778d9eee-8a5a-4c16-8ad3-3a8ffb6f2e74	151414	0.9999999999999962	high	Afipia birgiae	Bacteria
efebb570-4e5c-4ee5-ada4-564af3982e23	3116917	0.9999999999999984	high	Afipia dichlorophenoxyacetatis	Bacteria
c7ac8887-56b1-478a-b280-a719faa2d62a	151414	0.999999999999932	high	Afipia birgiae	Bacteria
1607d271-2755-4aed-a5e3-6efc6b766cf1	151414	0.9999999999957	high	Afipia birgiae	Bacteria
782b155d-a94c-47a8-a3a8-22c04e10d9a0	151414	0.9999999999999962	high	Afipia birgiae	Bacteria
80fafd4e-958e-4c59-b5b7-1dd0b207df4b	151414	0.9999999999999988	high	Afipia birgiae	Bacteria
96af922b-e421-4aea-bfed-9488dbaf71bd	151414	0.9999999999999962	high	Afipia birgiae	Bacteria
74ed3b6c-fc86-4ef5-b3a5-19fce60b55c4	151414	0.999999999999996	high	Afipia birgiae	Bacteria
d52cf1ed-6a90-42d0-a7f5-8537fcc766a9	151414	0.9999999999999962	high	Afipia birgiae	Bacteria
298fadd0-439b-43c3-ae0a-50720441e113	151414	0.9999999999999962	high	Afipia birgiae	Bacteria
e8368e9e-bd3d-40d3-81fa-381f54f9950c	151414	0.9999999999999962	high	Afipia birgiae	Bacteria
c950a89b-dc27-42ef-989e-8dc344526264	151414	0.9999999999999364	high	Afipia birgiae	Bacteria
2a72d6c1-de5e-4702-a586-27af38ceec6c	151414	0.9999999999999858	high	Afipia birgiae	Bacteria
b1d27098-3eb1-44e2-a261-a4d16326a4bb	151414	0.9999999999928152	high	Afipia birgiae	Bacteria
d12240c2-9600-466c-9371-09b518b1e307	151414	0.9999999999999988	high	Afipia birgiae	Bacteria
2c407134-b3f9-4473-a209-40b156b31a14	3116917	0.9999999999999984	high	Afipia dichlorophenoxyacetatis	Bacteria
150283a1-c6c3-4cd4-bd9f-b8be0eaecf60	3116917	0.9999999999999984	high	Afipia dichlorophenoxyacetatis	Bacteria
ee6a8dc7-dd7e-4810-8216-fe76fa4600c7	151414	0.999999999999996	high	Afipia birgiae	Bacteria
360623e2-dc49-4dea-bfb6-077651f7f68f	151414	0.9999999999999962	high	Afipia birgiae	Bacteria
1c3f0e69-37e0-4db4-9883-dc3ec4a9782f	151414	0.9999999999999988	high	Afipia birgiae	Bacteria
d7b9bd8c-253b-44b5-97b2-3b5211754142	151414	0.9999999999999962	high	Afipia birgiae	Bacteria
163b71e6-7217-4568-ba9b-45ee8c2e3462	151414	0.9999999999999962	high	Afipia birgiae	Bacteria
ba1d2cdd-bbe2-4248-8825-746462b57e6a	151414	0.9999999999999962	high	Afipia birgiae	Bacteria
815251d4-796f-43bc-85de-384565b805f9	151414	0.9999999999999852	high	Afipia birgiae	Bacteria
d006d349-ce16-4851-8e8b-19409b67114a	151414	1.0	confident	Afipia birgiae	Bacteria
b07c8427-9fd1-4bf1-a0df-a1074557e8df	151414	0.999999999999996	high	Afipia birgiae	Bacteria
4f516ba8-83e0-4611-8e12-8e50180df480	151414	0.9999999997994732	high	Afipia birgiae	Bacteria
fa98b844-2acc-4329-8350-552e6ea2949e	151414	1.0	confident	Afipia birgiae	Bacteria
963c9a16-0c9b-4453-8c4b-cce56606f4c7	151414	0.9999999999999962	high	Afipia birgiae	Bacteria
84d5d7af-e50e-4d41-a780-718a6b6b4a2e	151414	0.9491346040448272	high	Afipia birgiae	Bacteria
e83e1038-618c-4a54-ad9b-1ffa1980503e	151414	0.999999999999996	high	Afipia birgiae	Bacteria
e642cd67-afd7-43a0-8378-d85956696089	151414	0.999999999999996	high	Afipia birgiae	Bacteria
a68fc472-4066-42b7-a884-1e00d5e42df5	151414	0.9999999999999962	high	Afipia birgiae	Bacteria
db92f7e9-e6b2-4af0-9bc2-42600846a750	3116917	0.9999999999999996	high	Afipia dichlorophenoxyacetatis	Bacteria
5b500005-80ad-4cc0-aaac-e01f6e0f2efa	151414	0.999999999999996	high	Afipia birgiae	Bacteria
0ffa64d8-1355-4174-aaf9-0f386d53cca6	151414	0.9999999999999962	high	Afipia birgiae	Bacteria
b8a711c2-7a10-4797-8a7f-9c45eb4bcd1b	151414	0.999999999999996	high	Afipia birgiae	Bacteria
5f0c8ed3-451b-4173-9186-f27795f939ab	151414	0.9999999999999962	high	Afipia birgiae	Bacteria
e8e09b96-3ba2-4e95-981a-cb5ccbdf4456	151414	0.9999999999999792	high	Afipia birgiae	Bacteria
2a5e160a-1e86-400c-a08f-9b3eae1e2113	151414	0.9999999999999292	high	Afipia birgiae	Bacteria
37557cf9-90a7-4258-a63c-8e028a661cdf	3116917	0.9999999999999988	high	Afipia dichlorophenoxyacetatis	Bacteria
b7d83ea1-284a-49f5-869c-90aa614d7947	3116917	0.9999999999999996	high	Afipia dichlorophenoxyacetatis	Bacteria
7fd16542-2600-451a-a233-e4bf17884a98	151414	0.9999999999999962	high	Afipia birgiae	Bacteria
08c6b93f-ffdb-4a8b-99bb-8d27029c5db9	151414	0.9999999999999816	high	Afipia birgiae	Bacteria
6b74bcce-d276-4b8f-bcb2-3dae126509bf	151414	0.9999999999999962	high	Afipia birgiae	Bacteria
76e8c62e-60fb-4d19-b00d-bbdbdd56f277	151414	0.9999999999999962	high	Afipia birgiae	Bacteria
94499af9-cffd-4004-8cff-7e05413403ff	151414	0.999999999999996	high	Afipia birgiae	Bacteria
4f57e2dc-eb27-4274-8d27-64b73583fe31	151414	1.0	confident	Afipia birgiae	Bacteria
7055a6e9-5e03-48f9-a524-4132a2f22cbf	151414	0.999999999999996	high	Afipia birgiae	Bacteria
1444d51a-95d5-41c0-95cf-26f5ed023aa6	151414	0.9999999999999962	high	Afipia birgiae	Bacteria
9ed09c15-65c8-4b89-bcd2-cabe20e3925a	151414	0.9999999999999956	high	Afipia birgiae	Bacteria
9b1bd548-cbe4-47f0-b0b1-1dd528815359	3116917	0.999999999999998	high	Afipia dichlorophenoxyacetatis	Bacteria
a704b683-497d-4ffe-a270-f8aa39129387	3116917	0.9999999999999984	high	Afipia dichlorophenoxyacetatis	Bacteria
2a6635a9-045c-4fa5-b0e7-08021671a20c	151414	0.9999999999999992	high	Afipia birgiae	Bacteria
209c1315-664d-4525-a718-6e18f2111572	151414	0.9999999999999956	high	Afipia birgiae	Bacteria
eca05d40-c104-4cc0-9ff7-946c786951a2	151414	0.9999999999998564	high	Afipia birgiae	Bacteria
e9be822a-6c65-4596-9b84-12bdc5d73ae1	151414	0.9999999999999958	high	Afipia birgiae	Bacteria
ef77a85f-b6dc-4fef-b034-fbdc03f619e3	151414	0.999999999999996	high	Afipia birgiae	Bacteria
abd94c81-934e-42df-a1dd-3f1f47780da9	151414	0.9999999999999952	high	Afipia birgiae	Bacteria
6b439ea6-6534-4677-8406-7f358432b325	151414	0.9999999999999962	high	Afipia birgiae	Bacteria
657b7b6f-b6a2-450a-858a-630f3a7ba901	151414	0.999999999999996	high	Afipia birgiae	Bacteria
13913170-4694-4498-85f8-155aaf6f5643	3116917	0.9999999999999984	high	Afipia dichlorophenoxyacetatis	Bacteria
bccc75eb-1afe-4669-93a3-7c0b7edb73c9	151414	0.9999999999999962	high	Afipia birgiae	Bacteria
2f478f17-61bc-4f1b-84c6-1cb6efadf5ab	151414	0.9999999999999962	high	Afipia birgiae	Bacteria
e51afb30-c69b-40fd-8f7d-edd367e488fd	151414	0.9999999999999716	high	Afipia birgiae	Bacteria
62e07df5-a91f-4f16-b47b-832c3d11841f	151414	0.9999999999999832	high	Afipia birgiae	Bacteria
b59834c5-d7bd-4efd-b350-1ccb922f4240	151414	0.9999999999999962	high	Afipia birgiae	Bacteria
5777c905-245a-47c9-8a18-04c18efade61	151414	0.999999999999996	high	Afipia birgiae	Bacteria
96dc619a-4708-433e-b235-19b606d5aa7c	151414	0.999999999999793	high	Afipia birgiae	Bacteria
aadb0582-f582-413e-9b42-9d0ada5e9cd4	151414	0.999999999999994	high	Afipia birgiae	Bacteria
52c39078-91cf-47fe-9031-c868a330d472	151414	1.0	confident	Afipia birgiae	Bacteria
8cf94140-8b9e-482a-8e49-1ba2dfae83c6	3116917	0.9999999999999984	high	Afipia dichlorophenoxyacetatis	Bacteria
c0870be3-a2ad-43d3-a045-688c3e62b8f6	151414	0.9999999999999962	high	Afipia birgiae	Bacteria
b037da32-1df9-4246-adbf-767072d7bd04	151414	0.999999999999996	high	Afipia birgiae	Bacteria
9ee0c97e-5b06-4654-8500-20f584dc6bc8	151414	0.9999999999999964	high	Afipia birgiae	Bacteria
f4a09728-ab13-4d94-93a0-52a68f687e84	151414	0.999999999999996	high	Afipia birgiae	Bacteria
dd09d90a-8cb9-4645-aa3c-187948e1af41	151414	0.9999999999999956	high	Afipia birgiae	Bacteria
a8a9c605-4ea7-4747-b406-4e34fd257fad	151414	0.9999999999997072	high	Afipia birgiae	Bacteria
7ac67aa0-4731-4ff0-91c4-38ede2c2b40a	151414	0.999999999999863	high	Afipia birgiae	Bacteria
47beb13c-6e26-4b51-abfe-6c83fe70a148	151414	0.9999999999999988	high	Afipia birgiae	Bacteria
7b8d1dbc-6a34-4983-95cf-47155d6fa9a8	151414	0.9999999999999996	high	Afipia birgiae	Bacteria
b7a46b2b-5a2e-4b9f-b75c-2cc507e28962	151414	0.9999999999999956	high	Afipia birgiae	Bacteria
2250af33-5e8b-4032-935a-b35b5d512120	151414	0.9999999999999988	high	Afipia birgiae	Bacteria
5acde2d1-1918-43e9-aff3-4d2326577cc0	151414	0.9999999999999828	high	Afipia birgiae	Bacteria
cdbd3900-1b5e-4f31-b0b0-3477b8faf314	151414	0.9999999921494366	high	Afipia birgiae	Bacteria
0466ebd2-c76e-4294-81a4-14fb5de5dc61	151414	0.9999999999999958	high	Afipia birgiae	Bacteria
07f61735-aefc-4823-b204-d5603682bc1a	151414	0.9999999999999832	high	Afipia birgiae	Bacteria
cfb1831c-32be-41a7-9292-1bf87cb71051	151414	0.999999999999996	high	Afipia birgiae	Bacteria
28aff1b5-1b03-4f67-abfd-71a22ff9272e	151414	0.9999999999998308	high	Afipia birgiae	Bacteria
c14a5dcb-a1eb-4db3-a1fb-4db11eeb96ae	3116917	0.9999999999999984	high	Afipia dichlorophenoxyacetatis	Bacteria
73251b11-eab6-4a84-9d45-ac6180556a10	151414	0.9999999999999962	high	Afipia birgiae	Bacteria
51b0652a-6650-47c8-96d6-307d1c951f68	151414	0.9999999999999958	high	Afipia birgiae	Bacteria
09876341-721c-49cb-b15f-2cc3b3fe6e58	151414	0.9999999999999952	high	Afipia birgiae	Bacteria
56c32516-9ad7-489d-9091-aa9d18871ffb	151414	0.9999999999995864	high	Afipia birgiae	Bacteria
1e7d0c50-06bc-495d-b029-8edb16cc0630	151414	0.9999999999997932	high	Afipia birgiae	Bacteria
f73d257b-25f2-4d54-8b4e-61076d089222	151414	0.999999999999996	high	Afipia birgiae	Bacteria
f183e346-ac56-44af-8b1f-485dd285f69b	151414	0.9999999999049896	high	Afipia birgiae	Bacteria
afc5ad4f-909e-401d-be3f-f3f0e94de8d7	151414	0.9999999999999956	high	Afipia birgiae	Bacteria
163861ac-0598-4092-a85c-500127d17554	151414	0.9999999999978172	high	Afipia birgiae	Bacteria
67f52e11-f641-49b6-a0ac-d76c4b5449b3	3116917	0.9999999999999984	high	Afipia dichlorophenoxyacetatis	Bacteria
3c9fb181-685c-41ea-a431-bc187a5acfc0	151414	0.9999999999999962	high	Afipia birgiae	Bacteria
1bb91a97-bb62-4d52-8af4-d08e24ee6d0e	151414	0.9999999999999962	high	Afipia birgiae	Bacteria
6546a622-c02d-44f9-acce-e524c4f5e9a7	151414	0.9999999999999768	high	Afipia birgiae	Bacteria
b54e8891-5960-42e7-a64c-39deadc298d7	3116917	0.9999999999999984	high	Afipia dichlorophenoxyacetatis	Bacteria
6cdbc464-753b-4e77-8052-78e261779779	151414	0.9999999999999944	high	Afipia birgiae	Bacteria
418f422a-12c1-48cd-ab38-1a5bb28fa6aa	151414	1.0	confident	Afipia birgiae	Bacteria
cbc7b5af-9cdf-471c-8ba1-3c5be3a311a8	151414	0.9999999999997562	high	Afipia birgiae	Bacteria
19d66ea6-ec00-4e31-bfcd-cb1b4e05fcb8	3116917	0.9999999999999984	high	Afipia dichlorophenoxyacetatis	Bacteria
8c1bb975-ef11-4575-8e4a-77331d051301	151414	0.9999999999999962	high	Afipia birgiae	Bacteria
d3979d01-8393-4b5f-99b0-1b4e233373e7	151414	0.999999999999996	high	Afipia birgiae	Bacteria
b135cd8e-39e0-4e22-88cd-aab4d4d22922	3116917	0.9999999999999988	high	Afipia dichlorophenoxyacetatis	Bacteria
ad5aa9a0-5346-4714-8975-2ef7ade07e27	151414	0.999999999999996	high	Afipia birgiae	Bacteria
d81ab1da-c3b6-47a0-89fb-9cf08880a3e7	151414	0.999999999999996	high	Afipia birgiae	Bacteria
ccc3d7f6-0d83-409a-8703-22804594e155	151414	0.9999999999999962	high	Afipia birgiae	Bacteria
b3926ac4-afe1-456b-95cf-bffb585ab9c1	3116917	0.9999999999999984	high	Afipia dichlorophenoxyacetatis	Bacteria
396da330-88bc-4e10-8853-58517b193a41	151414	0.9999999999999964	high	Afipia birgiae	Bacteria
48090a30-501b-4c3c-bcd5-1b5eea895232	151414	0.9999999999999996	high	Afipia birgiae	Bacteria
9ee54573-678c-475f-8f69-598e8c7a6dea	151414	0.9999999999999962	high	Afipia birgiae	Bacteria
4d0d9662-cbbb-4473-aa86-27689d443459	151414	0.9999999999999668	high	Afipia birgiae	Bacteria
409f55ce-d87b-47bc-b26c-1a89ea649ee2	151414	0.9999999999999748	high	Afipia birgiae	Bacteria
87dcc15e-2f10-475c-a4a3-435c30d658f0	151414	0.9999999999999992	high	Afipia birgiae	Bacteria
5239fa26-d35d-4a6a-a778-b95723e3a373	3116917	0.9999999999999984	high	Afipia dichlorophenoxyacetatis	Bacteria
662e2c3a-f6f4-42a6-983a-3a07bbed0b02	3116917	0.9999999999999992	high	Afipia dichlorophenoxyacetatis	Bacteria
5031a73b-4b2f-4663-a8ed-131ece055426	3116917	0.9999999999999984	high	Afipia dichlorophenoxyacetatis	Bacteria
c7ca8829-d539-413c-849c-262d562e8df3	151414	0.9999999999999843	high	Afipia birgiae	Bacteria
9f3a9e68-b37a-409b-a19c-88e832f4684d	151414	0.9999999999999962	high	Afipia birgiae	Bacteria
a7e9f1e6-233a-41b0-868f-abe3022b2638	151414	0.999999999999996	high	Afipia birgiae	Bacteria
cafeeb16-2045-47b9-851f-ce9a9de23db0	151414	0.999999999999996	high	Afipia birgiae	Bacteria
b090cd49-a30f-42ba-b229-925d1cb86c00	3116917	1.0	confident	Afipia dichlorophenoxyacetatis	Bacteria
ec804cea-1d27-4784-9de3-f2b2387122a0	3116917	1.0	confident	Afipia dichlorophenoxyacetatis	Bacteria
625a55fd-c9ba-40b7-8249-ba0a736b91d8	3116917	1.0	confident	Afipia dichlorophenoxyacetatis	Bacteria
40e194af-6d17-4920-9b18-ef10d19f2a56	73513	1.0	confident	Dioon_edule:mito	Eukaryota:mito
0f0b5d22-e460-4192-a97f-6002bc93a812	73513	1.0	confident	Dioon_edule:mito	Eukaryota:mito
e77c9559-fab6-423c-aa06-d34dbdad3822	73513	1.0	confident	Dioon_edule:mito	Eukaryota:mito
a9575960-1d1e-43fa-bb0d-9ad950960c50	73513	1.0	confident	Dioon_edule:mito	Eukaryota:mito
923c3668-c0d4-4455-8327-823336292e5b	73513	1.0	confident	Dioon_edule:mito	Eukaryota:mito
a719940d-d6b9-438e-9fe2-3f77b1c0793d	73513	1.0	confident	Dioon_edule:mito	Eukaryota:mito
fcffd9d7-2441-455b-adb4-2a1e795153ec	73513	1.0	confident	Dioon_edule:mito	Eukaryota:mito
5bd453a9-5f02-4066-8c60-b08a2b838cac	73513	1.0	confident	Dioon_edule:mito	Eukaryota:mito
04d7e990-6a78-4941-a7d0-9ff8a766d865	73513	1.0	confident	Dioon_edule:mito	Eukaryota:mito
049dc0e8-e379-4ce6-a0b4-561e858f487a	6722	1.0	confident	Epifagus_virginiana:plas	Eukaryota:plas
b478304b-6745-4bbd-a5ba-edf513808d06	73513	1.0	confident	Dioon_edule:mito	Eukaryota:mito
36650279-a476-46ce-84d4-360dac329f41	73513	1.0	confident	Dioon_edule:mito	Eukaryota:mito
352c4ba8-83eb-423e-8ef6-dd7a05ef127f	73513	1.0	confident	Dioon_edule:mito	Eukaryota:mito
9f24367f-c2c0-4190-8354-149a970955e7	73513	1.0	confident	Dioon_edule:mito	Eukaryota:mito
3d052198-9751-4631-b67a-50173c1b6243	73513	1.0	confident	Dioon_edule:mito	Eukaryota:mito
08f97c9e-009e-4e88-98da-af3a04743578	73511	0.9999999794646288	high	Plantago_coronopus:mito	Eukaryota:mito
ee56d40c-17e5-485b-a437-a2ed14911bda	73513	1.0	confident	Dioon_edule:mito	Eukaryota:mito
d422e6b3-3fbf-44fa-8eb8-dd450fad19f5	73513	1.0	confident	Dioon_edule:mito	Eukaryota:mito
36e2fe4b-55b8-4b14-a60a-3e2ea89376ff	73511	0.9999999999797552	high	Plantago_coronopus:mito	Eukaryota:mito
c1633bbd-484f-4dbe-9fb3-28cd370f0718	73513	1.0	confident	Dioon_edule:mito	Eukaryota:mito
2aab87e5-f4ca-4733-9e0c-8e20f2829570	73513	1.0	confident	Dioon_edule:mito	Eukaryota:mito
3bbd4e72-d2fb-4127-aae1-1f7ea6d1e11b	73513	1.0	confident	Dioon_edule:mito	Eukaryota:mito
d14076d6-9151-4564-8f04-857443f117bd	73513	1.0	confident	Dioon_edule:mito	Eukaryota:mito
06550f29-8b5d-49fa-8531-2a032ca65885	73513	1.0	confident	Dioon_edule:mito	Eukaryota:mito
cd86faea-1a23-4978-98c1-fba857398303	73513	1.0	confident	Dioon_edule:mito	Eukaryota:mito
64a2a813-2407-42fa-9ebc-44f32a7c5951	73511	0.9999999999999494	high	Plantago_coronopus:mito	Eukaryota:mito
0b5bf100-9c86-40f3-896e-57ecb3de922b	73513	1.0	confident	Dioon_edule:mito	Eukaryota:mito
cf114035-8a0e-4f4a-88f2-a2652cf92fb6	73513	1.0	confident	Dioon_edule:mito	Eukaryota:mito
39f45736-2d4e-4319-8f74-b94c409f0428	73513	1.0	confident	Dioon_edule:mito	Eukaryota:mito
7ea12303-5e6a-47b4-8dca-d6246bdb39d2	73513	1.0	confident	Dioon_edule:mito	Eukaryota:mito
785cedbb-8cee-4171-b884-e6ca3be2b669	73513	1.0	confident	Dioon_edule:mito	Eukaryota:mito
a1ee31ad-3f79-4e6e-9ab8-d7c4fe2dfa05	73513	1.0	confident	Dioon_edule:mito	Eukaryota:mito
bab59225-27c3-46c8-afad-a43f67392164	73513	1.0	confident	Dioon_edule:mito	Eukaryota:mito
f7a4e612-c3e9-4d38-a1d4-31720eafe234	73513	1.0	confident	Dioon_edule:mito	Eukaryota:mito
100bbd58-0209-4756-941c-8954907a18e2	73513	1.0	confident	Dioon_edule:mito	Eukaryota:mito
bb1ab255-e35a-4277-8587-9ecc20cc9e01	73513	1.0	confident	Dioon_edule:mito	Eukaryota:mito
5f40cce7-ed8b-4aaf-a739-12b6d7244cfb	73513	1.0	confident	Dioon_edule:mito	Eukaryota:mito
32350c48-de37-4e66-b6f6-b362023783f9	73513	1.0	confident	Dioon_edule:mito	Eukaryota:mito
3c77fa16-17bc-469a-8371-56022ba396ae	73513	1.0	confident	Dioon_edule:mito	Eukaryota:mito
aee4f7d8-0dd8-4654-b7dd-22caa1ff6669	73513	1.0	confident	Dioon_edule:mito	Eukaryota:mito
d0e68c4d-25ac-4230-b334-8fbdd82a2dfe	73513	1.0	confident	Dioon_edule:mito	Eukaryota:mito
c1e25ecc-2d60-4e09-891e-2c23b77d439d	73513	1.0	confident	Dioon_edule:mito	Eukaryota:mito
364880d8-bf1f-473d-8592-53c0aa840b1d	73513	1.0	confident	Dioon_edule:mito	Eukaryota:mito
904ec887-25cb-43b8-a710-d5616345143c	73513	1.0	confident	Dioon_edule:mito	Eukaryota:mito
be4b2e22-8aac-4a10-b935-8c361338e8e9	73513	1.0	confident	Dioon_edule:mito	Eukaryota:mito
a69f9e8c-b58c-449a-ab44-0530ccc72bd4	73513	1.0	confident	Dioon_edule:mito	Eukaryota:mito
ef475f4e-d47c-4bb6-ad91-5f473349dcba	73513	1.0	confident	Dioon_edule:mito	Eukaryota:mito
7dc44d83-3e05-46cb-8610-6db16397fb4d	73513	1.0	confident	Dioon_edule:mito	Eukaryota:mito
7dc1d5c9-255b-40a1-bb6a-66650c30bc28	73513	1.0	confident	Dioon_edule:mito	Eukaryota:mito
87f2f3cc-b38c-4756-8c0a-3b743f81ef20	73513	1.0	confident	Dioon_edule:mito	Eukaryota:mito
6a7f4258-f7ed-43d7-a6b0-b0ab44af7f8a	73513	1.0	confident	Dioon_edule:mito	Eukaryota:mito
0534fa46-328e-4489-ab98-51e15f7435f7	73513	1.0	confident	Dioon_edule:mito	Eukaryota:mito
972c5c54-6cbd-42b5-9008-8fb1f377f5a7	73513	1.0	confident	Dioon_edule:mito	Eukaryota:mito
4b01a696-e8d3-4a56-9b1b-ff2df133d2cd	73513	1.0	confident	Dioon_edule:mito	Eukaryota:mito
b17f76e2-adf2-4595-b741-30797c7e105d	73513	1.0	confident	Dioon_edule:mito	Eukaryota:mito
46730aff-15b4-47c4-a0b2-8adaae98f2f0	73513	1.0	confident	Dioon_edule:mito	Eukaryota:mito
f2ae06c4-e02d-4d3a-a511-dae4c4cad34b	73513	1.0	confident	Dioon_edule:mito	Eukaryota:mito
d818c996-0e49-4eb3-b4ac-d1b5c14b6b04	73513	1.0	confident	Dioon_edule:mito	Eukaryota:mito
d6061655-ad68-4f16-b24b-0f678b2aacc2	73513	1.0	confident	Dioon_edule:mito	Eukaryota:mito
851eeabb-b3fc-4c04-a636-33521abf7998	73513	1.0	confident	Dioon_edule:mito	Eukaryota:mito
f58451ca-5b4e-4641-acb8-c9780fb90140	73513	1.0	confident	Dioon_edule:mito	Eukaryota:mito
69c4aca8-b831-4b9a-9997-3b05797a1e85	73513	1.0	confident	Dioon_edule:mito	Eukaryota:mito
65a46e00-acab-49cb-9b90-43236321653f	73513	1.0	confident	Dioon_edule:mito	Eukaryota:mito
909aeb03-7f29-422b-b979-ed1afa664d9a	73513	1.0	confident	Dioon_edule:mito	Eukaryota:mito
c62be0c4-48fd-440f-a9a1-917365e0d37f	73513	1.0	confident	Dioon_edule:mito	Eukaryota:mito
1c9099e5-52c2-415e-b2ba-677f2ba5e50e	73513	1.0	confident	Dioon_edule:mito	Eukaryota:mito
1ca34cbc-62fc-4cea-a6f3-0f5cfafab144	73513	1.0	confident	Dioon_edule:mito	Eukaryota:mito
ff86a9b9-b593-4bbd-864b-e062860b1dad	73513	1.0	confident	Dioon_edule:mito	Eukaryota:mito
eba7c421-be35-4c98-a01d-1ab75b349aab	73513	1.0	confident	Dioon_edule:mito	Eukaryota:mito
cfc3a211-52b5-4f45-8fe4-1019c08b9f84	73513	1.0	confident	Dioon_edule:mito	Eukaryota:mito
cdeaeb0a-b7c6-47ee-9a41-436f51b1b6db	73513	1.0	confident	Dioon_edule:mito	Eukaryota:mito
2d7e0e22-e676-495b-b42c-074591a2397c	73513	1.0	confident	Dioon_edule:mito	Eukaryota:mito
5fdc3d81-a365-4f99-8be7-828160aed12d	73513	1.0	confident	Dioon_edule:mito	Eukaryota:mito
64ae5026-b4cc-4329-b6b6-30e15b8d22e8	73513	1.0	confident	Dioon_edule:mito	Eukaryota:mito
590083e6-bac8-4d53-a1df-e516655a89b7	73513	1.0	confident	Dioon_edule:mito	Eukaryota:mito
b3aeac98-4071-4be3-9488-99eee1f5b1a9	73513	1.0	confident	Dioon_edule:mito	Eukaryota:mito
812c0666-7785-4ab7-a5cd-07ccee30f3c7	73513	1.0	confident	Dioon_edule:mito	Eukaryota:mito
27f568f4-355b-49b8-ae98-361912f1e757	73513	1.0	confident	Dioon_edule:mito	Eukaryota:mito
29781228-c55e-4b2d-b776-a98f7ead1412	73513	1.0	confident	Dioon_edule:mito	Eukaryota:mito
3489c45e-7214-4730-acff-983128f04f2c	73513	1.0	confident	Dioon_edule:mito	Eukaryota:mito
5ef29573-b56a-4be6-a148-a55b89663aa0	73513	1.0	confident	Dioon_edule:mito	Eukaryota:mito
e7d37dd2-99c9-4080-a68c-5990fc6eeda4	73513	1.0	confident	Dioon_edule:mito	Eukaryota:mito
c077b8df-5fb7-4cdc-a2ba-51b34134d6c3	73513	1.0	confident	Dioon_edule:mito	Eukaryota:mito
b4532d90-a201-499f-a4bc-7f990334fded	73513	1.0	confident	Dioon_edule:mito	Eukaryota:mito
2f1f2448-0416-4e80-9af6-d5a7d7925b78	73513	1.0	confident	Dioon_edule:mito	Eukaryota:mito
68a308d3-c16c-452a-aad7-42b69353c429	73513	1.0	confident	Dioon_edule:mito	Eukaryota:mito
eecfae94-784b-414b-86f7-1fac593702de	73513	1.0	confident	Dioon_edule:mito	Eukaryota:mito
1801e619-f40f-48cf-aae5-35183dcd9b24	73513	1.0	confident	Dioon_edule:mito	Eukaryota:mito
1e9ddd36-d137-41f8-837e-4664b71ee8a7	73513	1.0	confident	Dioon_edule:mito	Eukaryota:mito
4ffbd2a9-0189-4f3a-a82f-e9f9b1e62029	73513	1.0	confident	Dioon_edule:mito	Eukaryota:mito
6eba3a02-95b9-4cf1-94a0-ce083eb986d4	73513	1.0	confident	Dioon_edule:mito	Eukaryota:mito
8dfcdcf3-5a27-4375-ac28-83a87e69d294	73513	1.0	confident	Dioon_edule:mito	Eukaryota:mito
387b5210-56c9-4a4a-afb5-639cb1e2980b	73513	1.0	confident	Dioon_edule:mito	Eukaryota:mito
15d394e8-0dd7-4f58-bd82-57222ce8022f	73513	1.0	confident	Dioon_edule:mito	Eukaryota:mito
fc504694-aa0d-46d3-ae41-043fd429a8bc	73513	1.0	confident	Dioon_edule:mito	Eukaryota:mito
4117a874-beab-46cb-8cd8-58581f8d6dbf	73513	1.0	confident	Dioon_edule:mito	Eukaryota:mito
7ee28898-27bf-48b4-ba83-08e74c709330	73513	1.0	confident	Dioon_edule:mito	Eukaryota:mito
fff8139b-4c3f-4ae6-816d-cd7a73978b4d	73513	1.0	confident	Dioon_edule:mito	Eukaryota:mito
7d8ffe0d-41e5-4fa9-ba1e-78e2d92df45c	73513	1.0	confident	Dioon_edule:mito	Eukaryota:mito
766b4680-4488-4e27-8af7-f9c83377cc4d	73513	1.0	confident	Dioon_edule:mito	Eukaryota:mito
0402e8ca-edfa-4f02-960a-28d93ec9483a	73513	1.0	confident	Dioon_edule:mito	Eukaryota:mito
4b9adda0-23f5-490f-b878-f2ecf9070dd0	73513	1.0	confident	Dioon_edule:mito	Eukaryota:mito
236a11c9-0287-430f-8dda-f7b31e5c4338	73513	1.0	confident	Dioon_edule:mito	Eukaryota:mito
a41711bd-32d3-4b02-9b0b-a9dd1db40219	73513	1.0	confident	Dioon_edule:mito	Eukaryota:mito
6cb7b3f0-cc62-413b-99e5-cb55c523b54e	73513	0.9999999999830836	high	Dioon_edule:mito	Eukaryota:mito
d8b8f29f-4beb-4cea-bb28-7b4f8298beac	73513	1.0	confident	Dioon_edule:mito	Eukaryota:mito
c6cbb382-5d40-4ab1-83e2-99133b5d04f5	73513	1.0	confident	Dioon_edule:mito	Eukaryota:mito
da700ba8-dcb0-4576-9cb9-a186c054b4bc	73513	1.0	confident	Dioon_edule:mito	Eukaryota:mito
885e1bc9-864d-4fdd-bbc7-71dc25073df1	73513	1.0	confident	Dioon_edule:mito	Eukaryota:mito
655ca3cd-ef0d-42f8-95e1-e1f4faaa7918	73513	1.0	confident	Dioon_edule:mito	Eukaryota:mito
995425cd-40dc-4697-ae3c-509eeb84c2ae	73513	1.0	confident	Dioon_edule:mito	Eukaryota:mito
b40bbcb4-8b54-49bd-9d3f-9ec9ca51c81b	73513	1.0	confident	Dioon_edule:mito	Eukaryota:mito
0fdefc6d-4bea-440e-a4eb-fabac60c32ea	73513	1.0	confident	Dioon_edule:mito	Eukaryota:mito
5551c503-5511-4c37-84a3-3620539b39d2	73513	1.0	confident	Dioon_edule:mito	Eukaryota:mito
807d3ff2-af3e-4a4a-be5b-12b60b2d61cf	73513	1.0	confident	Dioon_edule:mito	Eukaryota:mito
bf47139b-5b4e-454c-b740-434fa4bd7ddc	73513	1.0	confident	Dioon_edule:mito	Eukaryota:mito
384d189d-7f42-4490-bc7e-ee7da335ce46	73513	1.0	confident	Dioon_edule:mito	Eukaryota:mito
aa313687-e7a1-4f01-afba-f1063fbe9030	73513	1.0	confident	Dioon_edule:mito	Eukaryota:mito
94895157-3a80-46fb-8014-a4fae5212c32	73513	1.0	confident	Dioon_edule:mito	Eukaryota:mito
37095ee8-7163-47a8-9c74-494f86b5f26b	73513	1.0	confident	Dioon_edule:mito	Eukaryota:mito
cad5e108-3723-4535-8c5f-019293131abd	73513	1.0	confident	Dioon_edule:mito	Eukaryota:mito
70908db7-e86d-4a25-806a-8684b12dca8b	73513	1.0	confident	Dioon_edule:mito	Eukaryota:mito
37409915-2c76-47d3-b367-4f61576642b0	73513	1.0	confident	Dioon_edule:mito	Eukaryota:mito
f9325035-c268-416b-b584-2e7d777ad054	73513	1.0	confident	Dioon_edule:mito	Eukaryota:mito
e6adbbe5-37d2-4a27-be2e-ee07567b4636	73513	1.0	confident	Dioon_edule:mito	Eukaryota:mito
91a29940-9362-45a0-9e23-6c80f0616219	73513	1.0	confident	Dioon_edule:mito	Eukaryota:mito
7feef101-a7c3-4b87-b854-3007be0d50f5	73513	1.0	confident	Dioon_edule:mito	Eukaryota:mito
f4f933c5-acaf-42f5-99dd-5e63e62ad903	73513	1.0	confident	Dioon_edule:mito	Eukaryota:mito
a0e98aee-e86a-443d-b430-39d740e8fafb	73513	1.0	confident	Dioon_edule:mito	Eukaryota:mito
85e3df8b-bf3c-4e7f-8270-dd3fb6651fa7	73513	1.0	confident	Dioon_edule:mito	Eukaryota:mito
8f2aa8fd-de57-48ac-8f2f-f12718efcb4a	73513	1.0	confident	Dioon_edule:mito	Eukaryota:mito
2a12f8ad-8ade-43bb-9974-9a5dc24dbc58	73513	1.0	confident	Dioon_edule:mito	Eukaryota:mito
72b09fee-5c80-4112-a5ba-7955a5cb7ea9	73513	1.0	confident	Dioon_edule:mito	Eukaryota:mito
cfd0a71d-3a00-4c19-a3ac-e4705518ce7d	73513	1.0	confident	Dioon_edule:mito	Eukaryota:mito
a216cf90-f413-47b4-8b84-0176c0c4a45d	73511	0.999999999995436	high	Plantago_coronopus:mito	Eukaryota:mito
e70dad45-8021-4294-a67e-195986580d2c	73513	1.0	confident	Dioon_edule:mito	Eukaryota:mito
20957ed3-5d04-421b-88a4-a7247530447b	73513	1.0	confident	Dioon_edule:mito	Eukaryota:mito
aca7771b-2857-4d76-9315-cb74ecba0e7d	73513	1.0	confident	Dioon_edule:mito	Eukaryota:mito
7c84e149-f9d7-4001-ae4a-3e026a24bfd7	73513	1.0	confident	Dioon_edule:mito	Eukaryota:mito
00e8ee84-ee16-4704-94f6-3afe08072835	73513	1.0	confident	Dioon_edule:mito	Eukaryota:mito
b98c3066-e7db-4304-88d7-e0da4af29f8d	73513	1.0	confident	Dioon_edule:mito	Eukaryota:mito
f65661d2-be80-4652-91ff-9ca956d1352d	73513	1.0	confident	Dioon_edule:mito	Eukaryota:mito
ce7eb9e8-75b1-41ff-92b5-63630d87e69b	73513	1.0	confident	Dioon_edule:mito	Eukaryota:mito
0bd5161f-10d7-49bb-99c2-48f7d52f2eb4	73513	1.0	confident	Dioon_edule:mito	Eukaryota:mito
7b9a41e8-0c5b-4509-bb41-e3603cd424c6	73513	1.0	confident	Dioon_edule:mito	Eukaryota:mito
e9326e82-92bd-47b9-9761-9eeea043913d	73513	1.0	confident	Dioon_edule:mito	Eukaryota:mito
882599bd-55a3-4c63-a0fc-09de0a7ae064	73513	1.0	confident	Dioon_edule:mito	Eukaryota:mito
2ad64cad-f252-439f-91cd-3457dd627236	73513	1.0	confident	Dioon_edule:mito	Eukaryota:mito
4dfbfa14-150f-4563-8390-a0c0300244a6	73513	1.0	confident	Dioon_edule:mito	Eukaryota:mito
6d893bd4-5db6-4843-a1d8-6ab18a41abee	73513	1.0	confident	Dioon_edule:mito	Eukaryota:mito
592f9f5a-4c68-450d-b183-a01c98262725	73513	1.0	confident	Dioon_edule:mito	Eukaryota:mito
b59887c5-cf5f-4c7f-ab22-94c15912771d	73513	1.0	confident	Dioon_edule:mito	Eukaryota:mito
ef8672c9-20d7-4c0c-baa5-9a59b40355c0	73513	1.0	confident	Dioon_edule:mito	Eukaryota:mito
9610905d-03a0-4d97-8a07-2a3d3103b6ec	73513	1.0	confident	Dioon_edule:mito	Eukaryota:mito
1a63df9f-261d-4937-8dac-a075780c9c56	73513	1.0	confident	Dioon_edule:mito	Eukaryota:mito
c3c02e32-4d35-4c81-824c-c6f8edfb9ce3	73513	1.0	confident	Dioon_edule:mito	Eukaryota:mito
fbefcc06-80c7-4133-bf49-783dea2dd38d	73513	1.0	confident	Dioon_edule:mito	Eukaryota:mito
e5ed7222-e037-4177-a199-d06f1b9747ce	73513	1.0	confident	Dioon_edule:mito	Eukaryota:mito
04fe3a6b-9d7d-4144-a114-0380cc2faac7	73513	1.0	confident	Dioon_edule:mito	Eukaryota:mito
23d9253b-782a-4ae9-833c-6b881c8ca9be	73513	1.0	confident	Dioon_edule:mito	Eukaryota:mito
adad8397-4b96-4cb6-a777-7dc81cda1a5c	73513	1.0	confident	Dioon_edule:mito	Eukaryota:mito
46b3b3cd-23fa-44db-b9cc-483e7b7deb5f	73513	1.0	confident	Dioon_edule:mito	Eukaryota:mito
a3b3fb91-2181-4933-846e-aa72fa498a54	73513	1.0	confident	Dioon_edule:mito	Eukaryota:mito
8b719f08-4893-412c-b3ac-0ef524362050	73513	1.0	confident	Dioon_edule:mito	Eukaryota:mito
49fbe0be-e56b-4c0d-a7e4-0c75542b4844	73513	1.0	confident	Dioon_edule:mito	Eukaryota:mito
a24ed756-0bd7-4bb1-9bd3-fea853acdbff	73513	1.0	confident	Dioon_edule:mito	Eukaryota:mito
9042e025-2ee0-4ba3-b051-372b39709df7	73513	1.0	confident	Dioon_edule:mito	Eukaryota:mito
f9a82987-90e6-49ca-85cc-6db2e72781bd	73513	1.0	confident	Dioon_edule:mito	Eukaryota:mito
68f2d9e1-7398-462d-bfaf-598ce05add72	73513	1.0	confident	Dioon_edule:mito	Eukaryota:mito
926bdc6f-c4e1-4089-8331-c76265449f32	73513	1.0	confident	Dioon_edule:mito	Eukaryota:mito
7d539941-aa02-4f18-b3a6-a17e4b6347f5	73513	1.0	confident	Dioon_edule:mito	Eukaryota:mito
95ecda13-f3d2-492d-943f-0afb19eeb04d	73513	1.0	confident	Dioon_edule:mito	Eukaryota:mito
7a95d10a-265b-42fc-99ff-38429a4184bd	73513	1.0	confident	Dioon_edule:mito	Eukaryota:mito
79584768-3e9c-4d76-ba3d-77610e78b767	73513	1.0	confident	Dioon_edule:mito	Eukaryota:mito
637f177c-19be-4839-b295-9fc2331a6813	73513	1.0	confident	Dioon_edule:mito	Eukaryota:mito
dbeb8506-85e3-4506-99dc-f97534973d55	73513	1.0	confident	Dioon_edule:mito	Eukaryota:mito
4b215169-5187-4c12-90ef-23ec8d6eb668	73513	1.0	confident	Dioon_edule:mito	Eukaryota:mito
d5e715a1-d0e9-41dc-98fa-9af209362958	73513	1.0	confident	Dioon_edule:mito	Eukaryota:mito
31503f6e-6709-4d8c-b024-ef8a2cc3ea62	73513	1.0	confident	Dioon_edule:mito	Eukaryota:mito
0bb4d413-bf10-40b9-b5f4-2381f0a8ad59	73513	1.0	confident	Dioon_edule:mito	Eukaryota:mito
28e241c8-72ed-4dea-ba27-50c1fea4d56a	73513	1.0	confident	Dioon_edule:mito	Eukaryota:mito
302b6f23-8fbc-4718-aadc-8aa0af80c9ab	73513	1.0	confident	Dioon_edule:mito	Eukaryota:mito
1390e252-36c3-4243-bd21-a9d6238eb5d8	73513	1.0	confident	Dioon_edule:mito	Eukaryota:mito
f42be7ae-5889-40f3-bdf8-f5a53f588007	73513	1.0	confident	Dioon_edule:mito	Eukaryota:mito
0c515fee-033f-456f-9749-f9d486ccd993	73513	1.0	confident	Dioon_edule:mito	Eukaryota:mito
191b691d-6bae-498d-beda-5ec8def32209	73513	1.0	confident	Dioon_edule:mito	Eukaryota:mito
c65fdb27-3645-451f-9e6f-4e599d3c2a50	73513	1.0	confident	Dioon_edule:mito	Eukaryota:mito
f9ec6e25-a583-4204-a790-1a0b2b1ee228	73513	1.0	confident	Dioon_edule:mito	Eukaryota:mito
04d3d7f6-0cbb-4a10-8189-fb8fc94a401a	73513	1.0	confident	Dioon_edule:mito	Eukaryota:mito
1e0ff9f9-613c-4bd7-928a-b5837272da5e	73513	1.0	confident	Dioon_edule:mito	Eukaryota:mito
20456ad9-d335-4a94-9180-297d00f03b31	73513	1.0	confident	Dioon_edule:mito	Eukaryota:mito
d9114d6c-f9a3-4fe8-a7f5-3453da224d4b	73513	1.0	confident	Dioon_edule:mito	Eukaryota:mito
3a97e1d0-2d4e-4148-b379-8ffdda3eb279	73513	1.0	confident	Dioon_edule:mito	Eukaryota:mito
8656247b-0f7e-4f73-b1eb-75130ac5dfe2	73513	1.0	confident	Dioon_edule:mito	Eukaryota:mito
57fbe3be-61ca-4b09-a0a9-f1c3dd5955c7	73513	1.0	confident	Dioon_edule:mito	Eukaryota:mito
fe9bac48-878a-45b4-9575-f67a81e7f270	73513	1.0	confident	Dioon_edule:mito	Eukaryota:mito
427f982d-be2f-4f06-93ee-708f12611c47	73513	1.0	confident	Dioon_edule:mito	Eukaryota:mito
cbb2ee24-c27f-4409-9c30-b8c92ddb5572	73513	1.0	confident	Dioon_edule:mito	Eukaryota:mito
8c7e9921-3c19-43db-b514-691001bfb746	73513	1.0	confident	Dioon_edule:mito	Eukaryota:mito
90e22c0c-5c35-4ba3-8a1d-d8a3671c16f4	73513	1.0	confident	Dioon_edule:mito	Eukaryota:mito
8050e4db-4f3f-4d70-9756-0118d6da41cf	73513	1.0	confident	Dioon_edule:mito	Eukaryota:mito
bea04c90-d00d-4719-8486-13e122aa8f56	73513	1.0	confident	Dioon_edule:mito	Eukaryota:mito
2e498a50-f773-4a3c-a2ee-8e7fab5fcfec	73513	1.0	confident	Dioon_edule:mito	Eukaryota:mito
453f3224-7eac-4629-bdba-eec5130de2ed	73513	1.0	confident	Dioon_edule:mito	Eukaryota:mito
7929ef43-fe63-460b-bc19-9b320878aa06	73513	1.0	confident	Dioon_edule:mito	Eukaryota:mito
1a968f99-a166-4ef6-8d92-672e73e76bf7	73513	1.0	confident	Dioon_edule:mito	Eukaryota:mito
fc9df927-ea4a-4fee-99e4-553043eea4db	73513	1.0	confident	Dioon_edule:mito	Eukaryota:mito
51bc8dda-94c8-4206-94a6-68e3513210c1	73513	1.0	confident	Dioon_edule:mito	Eukaryota:mito
636e7419-d1a5-4950-8c36-0d2b509e7c9e	73513	1.0	confident	Dioon_edule:mito	Eukaryota:mito
b56f76f9-28ff-4eac-bc9a-ee26fcf1406d	73513	1.0	confident	Dioon_edule:mito	Eukaryota:mito
3fd80921-6d1c-4bad-9702-6a6512136de3	73513	1.0	confident	Dioon_edule:mito	Eukaryota:mito
ab540a61-04ba-4f16-b94e-9198420d8e49	73513	1.0	confident	Dioon_edule:mito	Eukaryota:mito
28cd810e-1fba-4682-9c36-e887d5a1b76b	73513	1.0	confident	Dioon_edule:mito	Eukaryota:mito
d2d7532e-ae8d-4a77-b938-1faf28e9741c	73513	1.0	confident	Dioon_edule:mito	Eukaryota:mito
61802777-9f9b-479f-a27e-4bd7d8609c08	73513	1.0	confident	Dioon_edule:mito	Eukaryota:mito
1a8ef11f-de6c-49f2-83dc-cc3c4c91505d	73513	1.0	confident	Dioon_edule:mito	Eukaryota:mito
f31095b0-28fa-4584-99f4-43576333e6ec	73513	1.0	confident	Dioon_edule:mito	Eukaryota:mito
dcca9972-5c92-4139-b981-643bb2a71187	73513	1.0	confident	Dioon_edule:mito	Eukaryota:mito
e4b02913-6ed2-4c93-94b1-d8cb3e936651	73513	1.0	confident	Dioon_edule:mito	Eukaryota:mito
a4cbaf38-ca6b-4de8-ba23-aec9704e06e0	73513	1.0	confident	Dioon_edule:mito	Eukaryota:mito
3517994c-a33b-4343-af90-00ec53996bd9	73513	1.0	confident	Dioon_edule:mito	Eukaryota:mito
86507514-6d5c-47a3-9787-c574ebd4e9fb	73513	1.0	confident	Dioon_edule:mito	Eukaryota:mito
d5050ffe-988e-42a5-bd1c-721851369217	73513	1.0	confident	Dioon_edule:mito	Eukaryota:mito
225cb22d-5a0d-4d4d-9709-c1c333239152	73513	1.0	confident	Dioon_edule:mito	Eukaryota:mito
d1f6fd1e-c41f-44e6-b722-00d34cfca58c	73513	1.0	confident	Dioon_edule:mito	Eukaryota:mito
709ecb2d-c97f-4520-8d09-97248807b387	73513	1.0	confident	Dioon_edule:mito	Eukaryota:mito
4aec7da8-b3e9-4364-b9c7-5cf79c7c1fa3	73513	1.0	confident	Dioon_edule:mito	Eukaryota:mito
ebdef24c-6c38-474a-b472-3780e3444c0d	73513	1.0	confident	Dioon_edule:mito	Eukaryota:mito
6b440e27-a2f8-4808-b8d8-f5e622ad8466	73513	1.0	confident	Dioon_edule:mito	Eukaryota:mito
850e41f0-b4ad-492f-880e-922cf1d2a0e6	73513	1.0	confident	Dioon_edule:mito	Eukaryota:mito
30a22411-cf80-4dcd-be0c-97fd800734f8	10159	1.0	confident	Rhodomonas_salina:plas	Eukaryota:plas
d2c24080-d948-4897-a33e-4272e0313e87	73513	1.0	confident	Dioon_edule:mito	Eukaryota:mito
dd143ad6-a723-47e0-90db-7abe6526c1e7	73513	1.0	confident	Dioon_edule:mito	Eukaryota:mito
43de90f8-28c6-49b7-93b4-03e27ac23db8	73513	1.0	confident	Dioon_edule:mito	Eukaryota:mito
6852910c-31a4-499f-9eae-d37c3f7d9ea8	73513	1.0	confident	Dioon_edule:mito	Eukaryota:mito
23f0ebfe-e57f-4656-9238-aa517f1f54a0	73513	1.0	confident	Dioon_edule:mito	Eukaryota:mito
4cd9756a-1489-44ad-97cf-6795dbe1483d	73513	1.0	confident	Dioon_edule:mito	Eukaryota:mito
64d496c7-b5ca-429b-be6a-55c3dfe3e541	73513	1.0	confident	Dioon_edule:mito	Eukaryota:mito
180c710b-0c28-46d1-aa69-cc708df963d9	73513	1.0	confident	Dioon_edule:mito	Eukaryota:mito
323054a1-0355-4faa-bedb-a3e0a4161df9	73513	1.0	confident	Dioon_edule:mito	Eukaryota:mito
d9054b04-1143-4252-8e52-a9782171c298	73513	1.0	confident	Dioon_edule:mito	Eukaryota:mito
fa6624d7-fe47-4688-9071-2b5ef28d7088	73513	1.0	confident	Dioon_edule:mito	Eukaryota:mito
12c3f690-ca5e-429a-81da-5c7352b40d28	73513	1.0	confident	Dioon_edule:mito	Eukaryota:mito
f0b67882-b6c3-4bce-a4a9-d76a704dd1fe	73513	1.0	confident	Dioon_edule:mito	Eukaryota:mito
5454a0aa-1947-4237-9666-77fe9ab0e3e6	73513	1.0	confident	Dioon_edule:mito	Eukaryota:mito
1503e3a8-f27e-4159-89e9-985205c5b3e7	73513	1.0	confident	Dioon_edule:mito	Eukaryota:mito
7840a909-13e7-4922-b166-c8c49e5efb86	73513	1.0	confident	Dioon_edule:mito	Eukaryota:mito
8fd61eaa-b11a-4b25-9530-94f3806aeecb	73513	1.0	confident	Dioon_edule:mito	Eukaryota:mito
7bb455bf-49c3-43b2-a1ed-17a3ff351892	73513	1.0	confident	Dioon_edule:mito	Eukaryota:mito
420742b6-76c5-40c3-af3d-98c492652151	73513	1.0	confident	Dioon_edule:mito	Eukaryota:mito
f2f8c234-5340-48c9-96af-f86555f954e9	73513	1.0	confident	Dioon_edule:mito	Eukaryota:mito
e1ae392c-28f5-4bbd-8dde-73c97269a7bb	73511	0.9999999886888326	high	Plantago_coronopus:mito	Eukaryota:mito
6cf2a5e6-8de7-41ac-840e-f09348c29e41	73513	1.0	confident	Dioon_edule:mito	Eukaryota:mito
d2793fc4-3c27-4f20-908e-88ed34b82df3	73513	1.0	confident	Dioon_edule:mito	Eukaryota:mito
6702eb6b-df83-438f-b6f9-d2268e72168a	73513	1.0	confident	Dioon_edule:mito	Eukaryota:mito
4f2686c7-69da-4074-8592-9f64ad4a4f63	73513	1.0	confident	Dioon_edule:mito	Eukaryota:mito
a1f907a7-fb0e-4abc-b310-b6848a9be8a6	73513	1.0	confident	Dioon_edule:mito	Eukaryota:mito
8a96cdc6-c101-4103-9ab9-59325cdea58c	73513	1.0	confident	Dioon_edule:mito	Eukaryota:mito
79cc1ea1-d311-4cf9-9adb-6cca172ca572	73513	1.0	confident	Dioon_edule:mito	Eukaryota:mito
53c3904f-6be2-441b-b545-0812fe9aa76b	73513	1.0	confident	Dioon_edule:mito	Eukaryota:mito
55aa4ba1-4a1c-4ba4-80fe-61b4325da83c	73513	1.0	confident	Dioon_edule:mito	Eukaryota:mito
35437fc0-8d4c-4dfd-9fa0-574bf8f641ed	73513	1.0	confident	Dioon_edule:mito	Eukaryota:mito
0b141572-4c83-4fbc-a5f7-ec09edc0f0f7	73513	1.0	confident	Dioon_edule:mito	Eukaryota:mito
46d0c16b-963d-4d36-b5e9-a543dfab2d68	73513	1.0	confident	Dioon_edule:mito	Eukaryota:mito
0b75b03e-340a-4331-81d5-e46eb197733f	73513	1.0	confident	Dioon_edule:mito	Eukaryota:mito
a61021c3-b97c-4d8f-9085-532b99e58137	73513	1.0	confident	Dioon_edule:mito	Eukaryota:mito
e0255be4-abe0-44af-9dba-ec7731094a27	73513	1.0	confident	Dioon_edule:mito	Eukaryota:mito
d69784f1-e09f-4feb-8734-15e021f36782	73513	1.0	confident	Dioon_edule:mito	Eukaryota:mito
c313d69b-228e-498d-be91-791f498472ab	73513	1.0	confident	Dioon_edule:mito	Eukaryota:mito
c9dd0ba9-c2d1-447f-92dc-4e5eb48bec62	73513	1.0	confident	Dioon_edule:mito	Eukaryota:mito
b457048c-363a-4432-9f14-7382c872e54a	73513	1.0	confident	Dioon_edule:mito	Eukaryota:mito
7a8965ce-d78c-492f-a1c8-e921210ef380	73513	1.0	confident	Dioon_edule:mito	Eukaryota:mito
e2dc5690-318e-4cb1-8638-a58fd0315ecb	73513	1.0	confident	Dioon_edule:mito	Eukaryota:mito
b2223cbf-d0b1-4548-9bb0-816c86f76432	73513	1.0	confident	Dioon_edule:mito	Eukaryota:mito
751bdab4-9bd6-46bb-bac2-176eec0f9706	73513	1.0	confident	Dioon_edule:mito	Eukaryota:mito
ec8e325f-53ad-4a57-a23b-e3c801288978	73513	1.0	confident	Dioon_edule:mito	Eukaryota:mito
cc7b924f-3dcb-4d03-8332-db6aa450331b	73513	1.0	confident	Dioon_edule:mito	Eukaryota:mito
d7da7fed-d394-4e74-afdc-07b6082f6a81	73511	0.9999998318732588	high	Plantago_coronopus:mito	Eukaryota:mito
921f52db-ea4e-4ecf-b8f3-a511ccb2b571	73513	1.0	confident	Dioon_edule:mito	Eukaryota:mito
382d0d3a-5974-437c-97a8-3e72a997ae25	73513	1.0	confident	Dioon_edule:mito	Eukaryota:mito
f478f529-4709-4d41-a18c-7d9fbd9989db	73513	1.0	confident	Dioon_edule:mito	Eukaryota:mito
27162d01-b268-48ab-b543-e976474cc8bf	73513	1.0	confident	Dioon_edule:mito	Eukaryota:mito
8ff04a1d-ea27-4a13-aafb-8d66aefb27f0	73513	1.0	confident	Dioon_edule:mito	Eukaryota:mito
f1490ed2-6c5f-4ad7-b139-980bd9ef1631	73511	0.999999856084284	high	Plantago_coronopus:mito	Eukaryota:mito
fd8d223f-7d0a-4f79-b088-e65332d2675a	73513	1.0	confident	Dioon_edule:mito	Eukaryota:mito
6516e64f-af7e-4fa0-b25f-0f545ed32385	73513	1.0	confident	Dioon_edule:mito	Eukaryota:mito
b9afae33-7537-4d12-a2bd-da05104aaa82	73513	1.0	confident	Dioon_edule:mito	Eukaryota:mito
a0c5e426-a9c7-4166-9551-79c6d5a0bb3a	73513	1.0	confident	Dioon_edule:mito	Eukaryota:mito
44c7f2bd-80e4-4f8d-b748-831c68b81241	73513	1.0	confident	Dioon_edule:mito	Eukaryota:mito
007e700f-a040-4abe-a052-4fa01bcdf359	73513	1.0	confident	Dioon_edule:mito	Eukaryota:mito
353fe70f-2817-4d6f-80f1-34d0cd167f3d	73513	1.0	confident	Dioon_edule:mito	Eukaryota:mito
ffdc851d-7e33-4ca0-a24e-20dd358d802c	73513	1.0	confident	Dioon_edule:mito	Eukaryota:mito
dba60ad6-53bd-45fd-9f0a-7afd44c6e40d	73513	1.0	confident	Dioon_edule:mito	Eukaryota:mito
07b80eef-df54-4e89-91ab-fbf39622a027	73513	1.0	confident	Dioon_edule:mito	Eukaryota:mito
b39ddc73-a838-455a-bb6e-8b84aa63c0c7	73513	1.0	confident	Dioon_edule:mito	Eukaryota:mito
d8a458c5-d692-4110-800e-c25b5dc67d64	73513	1.0	confident	Dioon_edule:mito	Eukaryota:mito
d61eca46-2b6d-411b-af1e-7b7001d80fa2	73513	1.0	confident	Dioon_edule:mito	Eukaryota:mito
6fda7e7d-20a8-4577-b90a-1b1999d67f81	73513	1.0	confident	Dioon_edule:mito	Eukaryota:mito
e18781c5-4a74-4bf9-aa7a-1fa28be0e5f8	73513	1.0	confident	Dioon_edule:mito	Eukaryota:mito
87c5e851-94d8-4e73-abcc-cbfaf063121b	73513	1.0	confident	Dioon_edule:mito	Eukaryota:mito
bafb6838-ea40-4d1b-8378-93684f9a39ab	73513	1.0	confident	Dioon_edule:mito	Eukaryota:mito
7eea2447-0dbe-48f3-95d5-13cd718f0e61	73513	1.0	confident	Dioon_edule:mito	Eukaryota:mito
5455c9f2-c296-4f60-bd85-0812ca6de914	73513	1.0	confident	Dioon_edule:mito	Eukaryota:mito
21262f16-027b-4c63-a538-29839af8e419	73513	1.0	confident	Dioon_edule:mito	Eukaryota:mito
c6f5b644-0c09-4d90-ae96-8b91576f1794	73513	1.0	confident	Dioon_edule:mito	Eukaryota:mito
b611469e-f23b-4255-ab56-e79715f73f44	73513	1.0	confident	Dioon_edule:mito	Eukaryota:mito
6a444766-51d0-4fb7-8162-69b7a98dbf69	10159	1.0	confident	Rhodomonas_salina:plas	Eukaryota:plas
5a72e180-c2aa-45e6-bd14-11ba1986aefc	73513	1.0	confident	Dioon_edule:mito	Eukaryota:mito
d7142422-2fb9-462e-8703-9938128ed5dd	73513	1.0	confident	Dioon_edule:mito	Eukaryota:mito
71364822-95b3-40b3-a112-14a7dd0fde2d	73513	1.0	confident	Dioon_edule:mito	Eukaryota:mito
5e35aca9-2f2d-4d45-a0e3-4317e8d705e6	73513	1.0	confident	Dioon_edule:mito	Eukaryota:mito
d5f2d0c1-5fbd-4247-acd2-f2b6041ae721	73513	1.0	confident	Dioon_edule:mito	Eukaryota:mito
2f265c72-3a1a-401c-982b-e4e983d830b0	73513	1.0	confident	Dioon_edule:mito	Eukaryota:mito
8612c09a-2f36-473b-a251-6fe67740b769	73513	1.0	confident	Dioon_edule:mito	Eukaryota:mito
af42b5af-9d81-4c1a-857c-889b54443130	73513	1.0	confident	Dioon_edule:mito	Eukaryota:mito
077db285-b805-43b5-818b-08989a630c63	73513	1.0	confident	Dioon_edule:mito	Eukaryota:mito
09bee755-95cd-4a08-abc6-caa2ba8b5746	73513	1.0	confident	Dioon_edule:mito	Eukaryota:mito
e8006fdd-794e-4ba7-a47a-edc2f260b7d4	73513	1.0	confident	Dioon_edule:mito	Eukaryota:mito
a239dbf8-8ada-448c-92ff-0fa585c47c8e	73513	1.0	confident	Dioon_edule:mito	Eukaryota:mito
65bdf4f7-0d35-4313-b708-466c520680d4	73513	1.0	confident	Dioon_edule:mito	Eukaryota:mito
f8cb1322-91b3-4e60-b802-754e4e0ea0f3	73513	1.0	confident	Dioon_edule:mito	Eukaryota:mito
87e3d3d1-df74-494b-b991-5276ddc25f09	73513	1.0	confident	Dioon_edule:mito	Eukaryota:mito
3b91e5c6-4f4e-4bb4-ab8b-0af1c92efbef	73513	1.0	confident	Dioon_edule:mito	Eukaryota:mito
d00b7aab-60b1-4254-8e11-f72da04f43c5	73513	1.0	confident	Dioon_edule:mito	Eukaryota:mito
cff4ccd8-21fe-48a2-8e4e-d45718f660dc	73513	1.0	confident	Dioon_edule:mito	Eukaryota:mito
0e8a9633-9976-490b-ad0a-a7da2e055d80	73513	1.0	confident	Dioon_edule:mito	Eukaryota:mito
50844dd1-9cf6-4332-9e07-c2676f89a496	73513	1.0	confident	Dioon_edule:mito	Eukaryota:mito
68d7d478-5b31-4912-8787-214ba0fda4fa	73513	1.0	confident	Dioon_edule:mito	Eukaryota:mito
34c8bb13-c60f-449b-984c-ec6981b71636	73513	1.0	confident	Dioon_edule:mito	Eukaryota:mito
013891be-d674-4415-abd2-d2c6028ff7a4	73513	1.0	confident	Dioon_edule:mito	Eukaryota:mito
d9d0eaf3-1133-4998-a9e4-87f125b63237	73513	1.0	confident	Dioon_edule:mito	Eukaryota:mito
9ea02fe1-926b-415e-82c3-46c531b8aa20	73513	1.0	confident	Dioon_edule:mito	Eukaryota:mito
15dc8f9e-d3d7-43e5-8a7e-2bad13a01985	73513	1.0	confident	Dioon_edule:mito	Eukaryota:mito
6df4070a-1faa-4ddd-8ba3-43c8aec318cb	73513	1.0	confident	Dioon_edule:mito	Eukaryota:mito
0f047468-2d85-41b6-949b-64ebb06301d4	73513	1.0	confident	Dioon_edule:mito	Eukaryota:mito
45ea33a9-c148-408c-a20b-8981eca5e048	73513	1.0	confident	Dioon_edule:mito	Eukaryota:mito
dea1119f-c79b-4a4a-91c7-3e9b8780cffe	73513	1.0	confident	Dioon_edule:mito	Eukaryota:mito
71269c2a-5bbd-4678-ae24-792808ff1179	73513	1.0	confident	Dioon_edule:mito	Eukaryota:mito
ac5b5e3a-8d84-4888-8d71-fa487b520b69	73513	1.0	confident	Dioon_edule:mito	Eukaryota:mito
708032e9-72d7-415a-bdd1-7f22a899d5c6	73513	1.0	confident	Dioon_edule:mito	Eukaryota:mito
69df7a0b-1d70-4bc4-990d-775ee3a27c7b	73513	1.0	confident	Dioon_edule:mito	Eukaryota:mito
ce0dd824-3824-4523-bfd0-c490fc3ed3aa	73513	1.0	confident	Dioon_edule:mito	Eukaryota:mito
4506a266-e376-4bd7-9d4e-5c828d659dc4	73513	1.0	confident	Dioon_edule:mito	Eukaryota:mito
d9637d4f-1ea5-4ebc-b489-693ca82d11de	73513	1.0	confident	Dioon_edule:mito	Eukaryota:mito
baa5d3e0-4e4a-46a7-bc06-68f452b86e84	73513	1.0	confident	Dioon_edule:mito	Eukaryota:mito
18d83199-41e7-4e82-a814-a371d87afafa	73513	1.0	confident	Dioon_edule:mito	Eukaryota:mito
2dc64c68-da54-495f-8a23-b50de704b337	73513	1.0	confident	Dioon_edule:mito	Eukaryota:mito
72aa97b6-a5a2-494e-bbcc-24770828392d	73513	1.0	confident	Dioon_edule:mito	Eukaryota:mito
fbcab5dd-1fdd-47d0-8855-250f8c4abe95	73513	1.0	confident	Dioon_edule:mito	Eukaryota:mito
3fcc4721-6231-481d-bcf6-74927f3de215	73513	1.0	confident	Dioon_edule:mito	Eukaryota:mito
6778cc35-db24-42af-8d7b-c0bee9b72dc7	73513	1.0	confident	Dioon_edule:mito	Eukaryota:mito
7e76248b-3849-4982-8f64-7933b899942c	73513	1.0	confident	Dioon_edule:mito	Eukaryota:mito
53a3146f-362d-4615-989d-cefaf301fbf7	73513	1.0	confident	Dioon_edule:mito	Eukaryota:mito
9ed16949-35f2-49dd-be21-e37d3d669f71	73513	1.0	confident	Dioon_edule:mito	Eukaryota:mito
65df8c83-fcab-4a8b-9436-f8da8e119603	73513	1.0	confident	Dioon_edule:mito	Eukaryota:mito
c09a30fe-7f20-4c1f-b6b0-5dd7650f4b8d	73513	1.0	confident	Dioon_edule:mito	Eukaryota:mito
5cb26883-4824-42b4-b99f-a43be8317259	73513	1.0	confident	Dioon_edule:mito	Eukaryota:mito
1959ca79-131d-4c5c-9d52-eb7abd04f167	73513	1.0	confident	Dioon_edule:mito	Eukaryota:mito
ea104e2c-8282-4243-af4a-feacfee58577	73513	1.0	confident	Dioon_edule:mito	Eukaryota:mito
b73b26cd-3508-4443-9aa2-26b40f20ecf5	73513	1.0	confident	Dioon_edule:mito	Eukaryota:mito
aed6a0fd-e51a-446e-8ff8-495bf77d60aa	73513	1.0	confident	Dioon_edule:mito	Eukaryota:mito
5b6112b5-7f7b-498d-b424-32e8b9ee28c1	73513	1.0	confident	Dioon_edule:mito	Eukaryota:mito
2e03c5d4-6e6c-41e7-a3d2-ba78b4704522	73513	1.0	confident	Dioon_edule:mito	Eukaryota:mito
b398faed-f06b-4525-8ff9-27ad8b61252b	73513	1.0	confident	Dioon_edule:mito	Eukaryota:mito
411fafe8-ee7c-4549-a484-07071f01f0c1	73513	1.0	confident	Dioon_edule:mito	Eukaryota:mito
b585d68d-cc9a-4acc-a7a7-77b867045dac	73513	1.0	confident	Dioon_edule:mito	Eukaryota:mito
3d01dbb2-34fc-4fca-b81b-ce75ef43915a	73513	1.0	confident	Dioon_edule:mito	Eukaryota:mito
2edb2cd7-1dbf-4f72-a072-d528faeb95fd	73513	1.0	confident	Dioon_edule:mito	Eukaryota:mito
424d31b0-9177-470b-99f0-c3b1f2f3a825	73513	1.0	confident	Dioon_edule:mito	Eukaryota:mito
da06170a-65e0-4d29-96d9-947936880fe1	10159	1.0	confident	Rhodomonas_salina:plas	Eukaryota:plas
0f65da3b-8285-4e2d-a6c1-5fbd33723c6b	73513	1.0	confident	Dioon_edule:mito	Eukaryota:mito
bbab3663-7b6e-4dfa-81c8-f7558b6cd54e	73513	0.9089444584984788	high	Dioon_edule:mito	Eukaryota:mito
17f34546-1e5c-4bd7-9a96-fa91ba6efdc6	73513	1.0	confident	Dioon_edule:mito	Eukaryota:mito
a0450353-00a6-4a71-a06d-7d34e673370e	73513	1.0	confident	Dioon_edule:mito	Eukaryota:mito
271313d4-f323-41e3-b46f-842cb48c3558	73513	1.0	confident	Dioon_edule:mito	Eukaryota:mito
67b890b4-442c-4046-ae7b-9a537cba8df7	73513	1.0	confident	Dioon_edule:mito	Eukaryota:mito
b778c10e-edf5-46d4-99ba-47d468f40dd7	73513	1.0	confident	Dioon_edule:mito	Eukaryota:mito
014951f4-ec62-4f48-ac37-241ad17838be	73513	1.0	confident	Dioon_edule:mito	Eukaryota:mito
4e2add9f-b4c5-45ed-abf0-8e627956df91	73513	1.0	confident	Dioon_edule:mito	Eukaryota:mito
97aaf50e-c99e-4f52-aa77-45d7c5bf6720	73513	1.0	confident	Dioon_edule:mito	Eukaryota:mito
094d9691-6bad-4791-adae-803f1e0d80dd	73511	0.9999999999891078	high	Plantago_coronopus:mito	Eukaryota:mito
b0ea727e-f9b0-42ca-a50f-5da2718a4dc1	73513	1.0	confident	Dioon_edule:mito	Eukaryota:mito
855f640f-c475-40af-bc70-0f1dceadf9ff	73513	1.0	confident	Dioon_edule:mito	Eukaryota:mito
67cffaf8-d924-4937-87df-6c57bbcc6749	73513	1.0	confident	Dioon_edule:mito	Eukaryota:mito
42cb0e70-51c6-478f-8a45-14e2252fb533	73513	1.0	confident	Dioon_edule:mito	Eukaryota:mito
a0edd4e0-e35e-4cbd-b2f0-eda982fddf61	73513	1.0	confident	Dioon_edule:mito	Eukaryota:mito
fe6d4844-4106-433a-aa0d-20ae83545226	73513	1.0	confident	Dioon_edule:mito	Eukaryota:mito
8c7651b6-552d-462b-985f-2019a72fa733	73513	1.0	confident	Dioon_edule:mito	Eukaryota:mito
e0ff1670-9806-43c1-ae56-80c33469875f	73513	1.0	confident	Dioon_edule:mito	Eukaryota:mito
c43ca2ac-31bb-43c9-bf8a-d9dc772897ae	73513	1.0	confident	Dioon_edule:mito	Eukaryota:mito
05e051ac-d69a-47ef-875e-19d3585b8dca	73513	1.0	confident	Dioon_edule:mito	Eukaryota:mito
c45c08e9-230e-4a16-a56c-28555770f66f	73513	1.0	confident	Dioon_edule:mito	Eukaryota:mito
ad14d929-f9f4-4dcc-9e0c-1673af887bee	73513	1.0	confident	Dioon_edule:mito	Eukaryota:mito
79ec9bd6-c383-48c3-9b75-5a5d34c00307	73513	1.0	confident	Dioon_edule:mito	Eukaryota:mito
c9bd2fb1-571e-485e-b018-406564fb5dfd	73513	1.0	confident	Dioon_edule:mito	Eukaryota:mito
143d8f9a-18ff-4af3-8c44-be85f1e23969	73513	1.0	confident	Dioon_edule:mito	Eukaryota:mito
3ade952b-3072-4e77-a261-0671ea90a2f4	73513	1.0	confident	Dioon_edule:mito	Eukaryota:mito
98fc88df-6a48-4b22-901f-3859dcf0e61b	73513	1.0	confident	Dioon_edule:mito	Eukaryota:mito
147e0f09-da73-4c02-ac0a-7c2565899356	73513	1.0	confident	Dioon_edule:mito	Eukaryota:mito
26561d39-da61-4f4a-a364-1b3fde190b67	73513	1.0	confident	Dioon_edule:mito	Eukaryota:mito
9b6c1dfb-c308-4231-9a88-8f767b5b74ab	73513	1.0	confident	Dioon_edule:mito	Eukaryota:mito
f16d7f5d-9815-4268-b518-b38f2415653b	73513	1.0	confident	Dioon_edule:mito	Eukaryota:mito
32cf4a4e-232f-4053-9995-15b0f8990b2d	73513	1.0	confident	Dioon_edule:mito	Eukaryota:mito
bb4bf718-0c5e-4172-ab39-f87ca94de02e	73513	1.0	confident	Dioon_edule:mito	Eukaryota:mito
c4b27efa-25ba-40b5-91c9-0a12bad132f0	73513	1.0	confident	Dioon_edule:mito	Eukaryota:mito
26fcdddc-12b1-46ee-aada-9517f6d67654	73513	1.0	confident	Dioon_edule:mito	Eukaryota:mito
a6e46f13-c0a6-4d2d-971f-68ece856db76	73513	1.0	confident	Dioon_edule:mito	Eukaryota:mito
30c6f02e-a4e8-4f23-94a1-8f97d3f50665	73513	1.0	confident	Dioon_edule:mito	Eukaryota:mito
d5fa230c-111c-4c71-bb2e-1c5363c04967	73513	1.0	confident	Dioon_edule:mito	Eukaryota:mito
f9f21a0d-d83b-4ed2-a9a1-d1abfd7fa79d	73513	1.0	confident	Dioon_edule:mito	Eukaryota:mito
5d3108b6-c881-4abe-bc8e-2d5602b71e76	73513	1.0	confident	Dioon_edule:mito	Eukaryota:mito
cf0070b7-6253-4b12-9729-fc0b0400fd7f	73513	1.0	confident	Dioon_edule:mito	Eukaryota:mito
05e83678-daf6-4fb3-b25c-65fab645fbe5	73513	1.0	confident	Dioon_edule:mito	Eukaryota:mito
866442c3-cdac-4497-8fdd-a98a4d6410b9	73513	1.0	confident	Dioon_edule:mito	Eukaryota:mito
4da33d2b-5d90-45c4-8ee2-848280ae4c5f	73513	1.0	confident	Dioon_edule:mito	Eukaryota:mito
a075edbf-2d0a-4d44-9b33-1d9f3766c8d9	73513	1.0	confident	Dioon_edule:mito	Eukaryota:mito
57e89988-e934-4dd2-a5ae-b29e0b0ada29	73513	1.0	confident	Dioon_edule:mito	Eukaryota:mito
110ab22d-7ba9-4120-bffc-7debe33f708c	73513	1.0	confident	Dioon_edule:mito	Eukaryota:mito
1170989b-cf4d-4146-b9dc-79811f3bdcae	73513	1.0	confident	Dioon_edule:mito	Eukaryota:mito
2cada937-fcdf-4530-a158-61ad07d2bd69	73513	1.0	confident	Dioon_edule:mito	Eukaryota:mito
6ea1e3d9-bfd3-419b-b1c1-9b268f4d1e5d	73513	1.0	confident	Dioon_edule:mito	Eukaryota:mito
ed649386-a27a-4aae-bbb0-b5360a7aac73	73513	1.0	confident	Dioon_edule:mito	Eukaryota:mito
ea33d8e4-66a8-4de4-a26d-d95b771eff6c	73513	1.0	confident	Dioon_edule:mito	Eukaryota:mito
487e8d11-703f-43d7-a475-2c2db958dcdd	73513	1.0	confident	Dioon_edule:mito	Eukaryota:mito
7ff12d10-a88e-47e0-a543-f325cac8d9cb	73513	1.0	confident	Dioon_edule:mito	Eukaryota:mito
7fb7034c-9dea-40aa-a633-835d30cb026c	73513	1.0	confident	Dioon_edule:mito	Eukaryota:mito
39e4a512-b48b-4583-ac16-1b1b88940dd5	73513	1.0	confident	Dioon_edule:mito	Eukaryota:mito
867744c2-6967-4b9b-8bc3-a341a653bb80	73513	1.0	confident	Dioon_edule:mito	Eukaryota:mito
74bf4d3e-8e09-4939-8396-24612b5044bc	73513	1.0	confident	Dioon_edule:mito	Eukaryota:mito
9c4a7936-341f-46c8-8d76-416457e009a3	73513	1.0	confident	Dioon_edule:mito	Eukaryota:mito
924f4846-562b-46d5-a02c-88edb2711c2e	73513	1.0	confident	Dioon_edule:mito	Eukaryota:mito
e6cb5853-7c0b-459c-bde5-61e70c232933	73513	1.0	confident	Dioon_edule:mito	Eukaryota:mito
88567652-71df-4a4e-b390-6c715ab967d1	73513	1.0	confident	Dioon_edule:mito	Eukaryota:mito
05ca18f4-a983-4ce0-9f00-ccbfb870bfe9	73513	1.0	confident	Dioon_edule:mito	Eukaryota:mito
abccea2e-fb00-46b3-810e-0f0ddb21b7d8	73513	1.0	confident	Dioon_edule:mito	Eukaryota:mito
233e33de-de3c-48d0-ae73-85c7d2994e9b	73513	1.0	confident	Dioon_edule:mito	Eukaryota:mito
9f2f87c6-c00e-4aee-8030-8d8689a4b9b2	73513	1.0	confident	Dioon_edule:mito	Eukaryota:mito
a9d5c102-1c16-4e08-bcd6-ba71f195500e	73513	1.0	confident	Dioon_edule:mito	Eukaryota:mito
072e0739-5186-49b5-832d-1055a5bf8753	73513	1.0	confident	Dioon_edule:mito	Eukaryota:mito
f23fed42-944d-42ed-93db-b4ce6d73a5bb	73513	1.0	confident	Dioon_edule:mito	Eukaryota:mito
1f5d33fc-83b2-4b33-b70b-61e701dc1bcd	73513	1.0	confident	Dioon_edule:mito	Eukaryota:mito
15f76457-de7e-4430-b8fb-e2e6fda3fc92	73513	1.0	confident	Dioon_edule:mito	Eukaryota:mito
ff5ac30a-ff6b-438e-a100-c67a566a3f68	73513	1.0	confident	Dioon_edule:mito	Eukaryota:mito
288ee469-94a6-4995-a8c2-3754a42d801e	73513	1.0	confident	Dioon_edule:mito	Eukaryota:mito
25df012f-8458-4184-b577-0b028b65de55	73513	1.0	confident	Dioon_edule:mito	Eukaryota:mito
78f53137-1595-47e1-a9e4-c7524356a87f	73513	1.0	confident	Dioon_edule:mito	Eukaryota:mito
89cdf2b2-1297-412a-8b54-b3312fe5d8c8	73513	1.0	confident	Dioon_edule:mito	Eukaryota:mito
a2d7dd33-40cf-4286-99cc-14c21d93c93b	73513	1.0	confident	Dioon_edule:mito	Eukaryota:mito
edbd9c9d-f121-48c1-8eed-e44e21b36c26	73513	1.0	confident	Dioon_edule:mito	Eukaryota:mito
3e1a5a46-6548-4d24-bd4d-cbedcdd09402	73511	0.9999999996727944	high	Plantago_coronopus:mito	Eukaryota:mito
6bb25048-314d-4820-a948-21bb9d7fe1f1	73513	1.0	confident	Dioon_edule:mito	Eukaryota:mito
928a5750-cbe0-4a94-956e-94241e782898	73513	1.0	confident	Dioon_edule:mito	Eukaryota:mito
c6b5e5e6-1295-4be7-ac5b-c75598a957f3	73513	1.0	confident	Dioon_edule:mito	Eukaryota:mito
d4425934-b9aa-4936-9081-c87fd781026a	73513	1.0	confident	Dioon_edule:mito	Eukaryota:mito
c8a8939a-6435-4e83-8ea2-3e765d32803c	73513	1.0	confident	Dioon_edule:mito	Eukaryota:mito
be3f3775-df6c-4cb3-a34e-a46a27e40adc	73513	1.0	confident	Dioon_edule:mito	Eukaryota:mito
acb1c02d-6a55-466a-b9bb-97a477a20090	73513	1.0	confident	Dioon_edule:mito	Eukaryota:mito
22991104-245a-4bcc-9d14-65aee3f17b4a	73513	1.0	confident	Dioon_edule:mito	Eukaryota:mito
a7f6ec29-9dbb-448a-a81d-ef538231234f	73513	1.0	confident	Dioon_edule:mito	Eukaryota:mito
dfe38d6a-a2f4-4a14-a707-e237fe24ccb3	73511	0.9999999997686992	high	Plantago_coronopus:mito	Eukaryota:mito
4e6356a8-943c-441a-aa1a-07a4ff24f30d	73513	1.0	confident	Dioon_edule:mito	Eukaryota:mito
6d220794-fc0e-45b8-9575-af5ba8f117b4	73513	1.0	confident	Dioon_edule:mito	Eukaryota:mito
788e8a2f-a444-450d-9d9e-a00f0b5622b2	73513	1.0	confident	Dioon_edule:mito	Eukaryota:mito
6c9d1293-3e73-41ae-aea1-e4a511d6bac6	73513	1.0	confident	Dioon_edule:mito	Eukaryota:mito
c6964cd8-35a3-487b-b950-712776916401	73513	1.0	confident	Dioon_edule:mito	Eukaryota:mito
1a4e6b5b-5848-46cc-bb8b-2db09e9f35d6	73513	1.0	confident	Dioon_edule:mito	Eukaryota:mito
b73a941b-cbf4-46af-a5ef-07b338d4615c	73513	1.0	confident	Dioon_edule:mito	Eukaryota:mito
1a9b2e47-308e-4ffe-b02c-b128b231c774	73513	1.0	confident	Dioon_edule:mito	Eukaryota:mito
f3e42b36-8451-4a3b-9f2e-e0554078832b	73513	1.0	confident	Dioon_edule:mito	Eukaryota:mito
b0b0a425-3f31-4b41-8ad6-0d3fa7f40026	73513	1.0	confident	Dioon_edule:mito	Eukaryota:mito
47f43e64-0dc4-4917-9a6d-1583d4849d43	73513	1.0	confident	Dioon_edule:mito	Eukaryota:mito
36591417-5991-426b-900a-c88f3f60db7b	73513	1.0	confident	Dioon_edule:mito	Eukaryota:mito
81a8c7d4-d3fb-4458-bcd5-b8539be4ce3f	73513	1.0	confident	Dioon_edule:mito	Eukaryota:mito
d22360be-3884-46f3-ae65-9378f78fb1d0	73513	1.0	confident	Dioon_edule:mito	Eukaryota:mito
8f43cf25-cb2f-4f72-b9e8-afe11498eef0	73513	1.0	confident	Dioon_edule:mito	Eukaryota:mito
8b03b608-9b00-493a-a276-3dbcf191b286	73513	1.0	confident	Dioon_edule:mito	Eukaryota:mito
8d1ac912-1f3d-4f19-85a5-bbd3ad1c2d68	73513	1.0	confident	Dioon_edule:mito	Eukaryota:mito
20e1e0f0-d8c9-4852-ba1d-b8f88dd69b6f	73513	1.0	confident	Dioon_edule:mito	Eukaryota:mito
20cc225d-32c0-4a31-ad44-e3df91ea1d9a	73513	1.0	confident	Dioon_edule:mito	Eukaryota:mito
682defc5-9708-4d34-afa4-b35697d38e59	73513	1.0	confident	Dioon_edule:mito	Eukaryota:mito
eba8f4ff-3428-464e-bf59-2d5f5dc43c06	73513	1.0	confident	Dioon_edule:mito	Eukaryota:mito
85014b76-a42a-4aa4-9891-390146daaa2f	73513	1.0	confident	Dioon_edule:mito	Eukaryota:mito
89928040-d97a-4072-ab88-8f5aa94463d2	73513	1.0	confident	Dioon_edule:mito	Eukaryota:mito
854a7d25-c3ac-42cd-b34d-c8d6b90e0563	73513	1.0	confident	Dioon_edule:mito	Eukaryota:mito
ea838b7c-166c-4691-b504-5e3c07b57d91	73513	1.0	confident	Dioon_edule:mito	Eukaryota:mito
f1f7e1f8-dba6-4b61-9c92-207d20aec700	73513	1.0	confident	Dioon_edule:mito	Eukaryota:mito
c547558b-b38d-4254-a6d1-b38ec4041e5f	73513	1.0	confident	Dioon_edule:mito	Eukaryota:mito
bd7b0ed4-e1d5-48a7-8c7d-193418a41608	73513	1.0	confident	Dioon_edule:mito	Eukaryota:mito
a08fd9d2-5948-4a02-b238-97457735eab5	73513	1.0	confident	Dioon_edule:mito	Eukaryota:mito
6bb80aa8-4029-4ded-9322-2c3a7ab35cc9	73513	1.0	confident	Dioon_edule:mito	Eukaryota:mito
34f3c806-ce18-4585-b899-90a8feb3ef53	73513	1.0	confident	Dioon_edule:mito	Eukaryota:mito
7af621c7-61b9-47e7-ac00-ade56187e76b	73513	1.0	confident	Dioon_edule:mito	Eukaryota:mito
73c278ac-103f-4d39-af54-435ad94b3693	73513	1.0	confident	Dioon_edule:mito	Eukaryota:mito
fdf5133d-d907-4c1a-a8ff-20d9c965a698	73513	1.0	confident	Dioon_edule:mito	Eukaryota:mito
d95ef89c-c06a-4273-a9aa-287763656973	73513	1.0	confident	Dioon_edule:mito	Eukaryota:mito
762bb4b1-e451-46d8-aabb-e62f374e3ccc	73513	1.0	confident	Dioon_edule:mito	Eukaryota:mito
957826ef-9f3f-40bb-849b-e1ff2e12a436	73513	1.0	confident	Dioon_edule:mito	Eukaryota:mito
97654add-9431-4678-ab79-77d889fb4e34	73513	1.0	confident	Dioon_edule:mito	Eukaryota:mito
2afbb955-7e1f-40f8-ba33-287ee9f7fb37	73511	0.9999999999999944	high	Plantago_coronopus:mito	Eukaryota:mito
2dd54d37-0d32-461d-b208-9ba5a7e08a17	73513	1.0	confident	Dioon_edule:mito	Eukaryota:mito
01512e28-86de-46e0-8fbc-61b5a51a488e	73513	1.0	confident	Dioon_edule:mito	Eukaryota:mito
77f196be-3b86-44d4-bfab-65c1b8d216db	73513	1.0	confident	Dioon_edule:mito	Eukaryota:mito
2078a56d-71fc-428f-8b5c-0c35327bf5d3	73513	1.0	confident	Dioon_edule:mito	Eukaryota:mito
cbed05fb-f9bd-4036-95cd-96542aed1d84	73513	1.0	confident	Dioon_edule:mito	Eukaryota:mito
fde7955a-df57-4552-b23a-729e4598b9cd	73513	1.0	confident	Dioon_edule:mito	Eukaryota:mito
3c0d8345-75bb-4167-8be4-29a27b31a8d9	73513	1.0	confident	Dioon_edule:mito	Eukaryota:mito
dd9e67bc-9696-4d99-8b1c-2f2667b6001a	73513	1.0	confident	Dioon_edule:mito	Eukaryota:mito
6cead30c-c161-4360-a576-4da88b9cbf3e	73513	1.0	confident	Dioon_edule:mito	Eukaryota:mito
2370c025-1bdf-4b0d-8490-1256d95aaf38	73513	1.0	confident	Dioon_edule:mito	Eukaryota:mito
1521dc19-48d2-4ca6-a659-29f54627872b	73513	1.0	confident	Dioon_edule:mito	Eukaryota:mito
a7966a0f-10d3-4fcb-85ab-e6b36818ecc6	73513	1.0	confident	Dioon_edule:mito	Eukaryota:mito
8dc4564c-0eda-4644-84fd-78c99be1bed5	73513	1.0	confident	Dioon_edule:mito	Eukaryota:mito
3a4b52fa-0319-47e8-a195-9c81e45a71ef	73513	1.0	confident	Dioon_edule:mito	Eukaryota:mito
e52c2d64-2953-4be7-a058-24920a8390f7	73513	1.0	confident	Dioon_edule:mito	Eukaryota:mito
21e46069-b6ed-4df8-9379-a8144668b262	73513	1.0	confident	Dioon_edule:mito	Eukaryota:mito
357aee0c-d18c-4858-acd3-194cac492dc1	73513	1.0	confident	Dioon_edule:mito	Eukaryota:mito
76b93197-ce61-4ffc-931f-ff12ede0099c	73513	1.0	confident	Dioon_edule:mito	Eukaryota:mito
d4e3dc90-7609-4cf9-83be-45418cf6f2e9	73513	1.0	confident	Dioon_edule:mito	Eukaryota:mito
79656245-83d6-4cbe-a807-29664a2b98a1	73513	1.0	confident	Dioon_edule:mito	Eukaryota:mito
d6f55d3a-d75d-4b51-9f8d-27256329ea42	73513	1.0	confident	Dioon_edule:mito	Eukaryota:mito
f6db0334-c787-46a8-a848-de04b37d2bf8	73513	1.0	confident	Dioon_edule:mito	Eukaryota:mito
711845eb-48a9-420a-94e1-63b38896bfaa	73513	0.9999857408770002	high	Dioon_edule:mito	Eukaryota:mito
366bed59-be11-480b-b074-bf3658f0089d	73513	1.0	confident	Dioon_edule:mito	Eukaryota:mito
e92e3435-eb6a-49ef-9c42-e4300c035c7e	73513	1.0	confident	Dioon_edule:mito	Eukaryota:mito
5dc899c8-6e64-4f0e-89b2-87ac5e150b36	73513	1.0	confident	Dioon_edule:mito	Eukaryota:mito
c78a2014-e3a5-49dc-9a54-188f0cbd4a20	73513	1.0	confident	Dioon_edule:mito	Eukaryota:mito
b020a037-7b1d-460a-81ce-01ff45b0bde3	73513	1.0	confident	Dioon_edule:mito	Eukaryota:mito
99bee298-be69-4a08-bac9-715ec11c1c99	73513	0.9999999999999992	high	Dioon_edule:mito	Eukaryota:mito
d21c99ab-7ed4-4047-9bf8-67424717811c	73513	1.0	confident	Dioon_edule:mito	Eukaryota:mito
89eb6138-0696-42a7-8197-0b0a1b9988cf	73513	1.0	confident	Dioon_edule:mito	Eukaryota:mito
2c180d6d-6402-4acb-8b49-4f69ac54807d	73513	1.0	confident	Dioon_edule:mito	Eukaryota:mito
5c42d334-057e-4a01-b242-1376c2a7a466	73513	1.0	confident	Dioon_edule:mito	Eukaryota:mito
89e24e99-9a84-4357-bb31-36a48880ba06	73513	1.0	confident	Dioon_edule:mito	Eukaryota:mito
61888fdb-dc22-4ec8-86f9-034d51bfe76f	73513	1.0	confident	Dioon_edule:mito	Eukaryota:mito
e8b5a76a-e3b9-48b8-8449-2c33e331ea20	73513	1.0	confident	Dioon_edule:mito	Eukaryota:mito
8c9fc3a3-7a96-4a7b-8595-edc718b13e87	73513	1.0	confident	Dioon_edule:mito	Eukaryota:mito
9aa24499-21a2-4743-acef-9a7abe4f7151	73513	1.0	confident	Dioon_edule:mito	Eukaryota:mito
162a78d3-123c-4d24-91dc-cf96ad9b0b95	73513	1.0	confident	Dioon_edule:mito	Eukaryota:mito
be20f7b0-c822-4265-9cd3-05d002521234	73513	1.0	confident	Dioon_edule:mito	Eukaryota:mito
e16b4aee-ea21-4d62-8abd-094450914a4e	73513	1.0	confident	Dioon_edule:mito	Eukaryota:mito
e627b6ef-5288-4339-8808-91efef6966b4	73513	1.0	confident	Dioon_edule:mito	Eukaryota:mito
3ad0b23d-8b65-4312-b3d0-d74cd6f82407	73513	1.0	confident	Dioon_edule:mito	Eukaryota:mito
8a71b3c7-383d-4eb5-9740-aa1f25b38501	73513	1.0	confident	Dioon_edule:mito	Eukaryota:mito
9aa662e7-b7d9-4dc6-a59e-c4ea1cf08ce9	73513	1.0	confident	Dioon_edule:mito	Eukaryota:mito
c5cf1a61-3fee-4d44-b792-4d4a1ad6417c	73513	1.0	confident	Dioon_edule:mito	Eukaryota:mito
738968f5-2a18-4bd7-a3c4-a13e5f96a0a1	73513	1.0	confident	Dioon_edule:mito	Eukaryota:mito
517ea451-5917-4b89-a831-bda7beda8c0d	73513	1.0	confident	Dioon_edule:mito	Eukaryota:mito
55f9dbe5-cee9-41f3-a8f9-6081e417e18f	73513	1.0	confident	Dioon_edule:mito	Eukaryota:mito
3ec7e2f8-e508-4904-a1da-6d0729e0dbeb	73513	1.0	confident	Dioon_edule:mito	Eukaryota:mito
efb95988-dd9e-489a-883f-8380ba1008c1	73513	1.0	confident	Dioon_edule:mito	Eukaryota:mito
4529d9ea-10fa-451e-826b-8dd0f79b7755	73513	1.0	confident	Dioon_edule:mito	Eukaryota:mito
087f7c77-1354-4656-b511-581e31dcf8f9	73513	1.0	confident	Dioon_edule:mito	Eukaryota:mito
c41bfb92-073b-4ea0-98e9-6eb0f1a78cbd	73513	1.0	confident	Dioon_edule:mito	Eukaryota:mito
b738d23a-af2b-4785-8a8b-d336aee5a38d	73513	1.0	confident	Dioon_edule:mito	Eukaryota:mito
7316473d-4c6d-4a85-b363-7e1e8afffe54	73513	1.0	confident	Dioon_edule:mito	Eukaryota:mito
560a5542-c905-445e-abde-30028b20d443	73513	1.0	confident	Dioon_edule:mito	Eukaryota:mito
e127abd2-8419-4d7e-8662-b9ab9f041550	73513	1.0	confident	Dioon_edule:mito	Eukaryota:mito
3326310a-beef-4391-87d1-abe53f8e9577	73513	1.0	confident	Dioon_edule:mito	Eukaryota:mito
c624c9fc-6eb0-430a-9466-7d13e7f18199	73513	1.0	confident	Dioon_edule:mito	Eukaryota:mito
466a8822-3098-4c69-88ad-659c3ec6cb8b	73513	1.0	confident	Dioon_edule:mito	Eukaryota:mito
2c68c68f-911c-48f0-a378-674eb276910f	73513	1.0	confident	Dioon_edule:mito	Eukaryota:mito
69138954-e43e-40d5-825d-b2250df6ad0e	73513	1.0	confident	Dioon_edule:mito	Eukaryota:mito
fe302cbc-eda8-4940-a6e8-204163472387	73513	1.0	confident	Dioon_edule:mito	Eukaryota:mito
376dd346-ecd6-4b64-9adb-be50b4b83176	73513	1.0	confident	Dioon_edule:mito	Eukaryota:mito
42d39a77-de6a-4de2-bd1e-47be8fdeb0d2	73513	1.0	confident	Dioon_edule:mito	Eukaryota:mito
c61d7161-bdf0-4d70-a119-186e63fbafea	73513	1.0	confident	Dioon_edule:mito	Eukaryota:mito
05bcb61b-4b68-47cb-9055-5d339f58eff7	73513	1.0	confident	Dioon_edule:mito	Eukaryota:mito
63d95646-0610-455c-8951-575406d6da37	73513	1.0	confident	Dioon_edule:mito	Eukaryota:mito
ab3b3fee-48bf-44c8-84a7-6a24154f77fe	73513	1.0	confident	Dioon_edule:mito	Eukaryota:mito
d28af90c-42c5-42ce-a9fa-54039ed2d8c5	73513	1.0	confident	Dioon_edule:mito	Eukaryota:mito
a485b8c7-30db-4c18-85d5-3418e0b6f166	73513	1.0	confident	Dioon_edule:mito	Eukaryota:mito
1d2c03b2-9a44-486d-9dee-0f2076456cea	73513	1.0	confident	Dioon_edule:mito	Eukaryota:mito
eb055889-2331-470b-8931-05dbd6fb2a6b	73513	1.0	confident	Dioon_edule:mito	Eukaryota:mito
021dbc13-33d7-405f-9078-b992d073c9f2	73513	1.0	confident	Dioon_edule:mito	Eukaryota:mito
793d2a87-80d5-4e4d-8fab-e1e661cbefb5	73513	1.0	confident	Dioon_edule:mito	Eukaryota:mito
fb2fd0ea-4dc4-4434-9f3d-4ce9e9ad7ba4	73513	1.0	confident	Dioon_edule:mito	Eukaryota:mito
e4042d54-d4df-4d7f-ac09-759264b3d355	73513	1.0	confident	Dioon_edule:mito	Eukaryota:mito
aaeeeb2b-5da2-41a3-adca-05d022b335c0	73513	1.0	confident	Dioon_edule:mito	Eukaryota:mito
576932c0-ad33-46bb-9326-b85667b8ce69	73513	1.0	confident	Dioon_edule:mito	Eukaryota:mito
10ea13a9-9aff-4f52-bfbf-adaa5a665c53	73513	1.0	confident	Dioon_edule:mito	Eukaryota:mito
504a0475-b9ca-45c6-9711-d86b54b20c1f	73513	1.0	confident	Dioon_edule:mito	Eukaryota:mito
42dbfb84-c326-4d1d-ab2d-b711576ac367	73513	1.0	confident	Dioon_edule:mito	Eukaryota:mito
ac4f6a19-ec7a-423b-b1c9-c16a520eea64	73513	1.0	confident	Dioon_edule:mito	Eukaryota:mito
091fd56f-0ef5-42fc-ba22-d83a7e67c32d	73513	1.0	confident	Dioon_edule:mito	Eukaryota:mito
c27661a6-48d3-4d31-8191-62e0c7b380a7	73513	1.0	confident	Dioon_edule:mito	Eukaryota:mito
0a83c6ac-2cbf-4a4c-82fe-1f8c493120c2	73513	1.0	confident	Dioon_edule:mito	Eukaryota:mito
bcd90286-d461-41b1-8f0e-e505051d04fe	73513	1.0	confident	Dioon_edule:mito	Eukaryota:mito
51154aae-a065-4571-be5f-03aabd7dd9a2	73513	1.0	confident	Dioon_edule:mito	Eukaryota:mito
f825e032-b657-4766-91d4-39a27cd8db77	73513	1.0	confident	Dioon_edule:mito	Eukaryota:mito
791e3a30-38ff-4a68-b685-bf179506b3ff	73513	1.0	confident	Dioon_edule:mito	Eukaryota:mito
4b1c164a-e71a-414a-a73b-a056f83d6f96	73513	1.0	confident	Dioon_edule:mito	Eukaryota:mito
9f109f82-4931-446b-83b5-ff237e89d980	73513	1.0	confident	Dioon_edule:mito	Eukaryota:mito
368ed663-b931-467b-b5c2-cd8961ef9de6	73511	0.9999999972333308	high	Plantago_coronopus:mito	Eukaryota:mito
7774a992-daa1-4142-baa1-952ae3ec90e2	10159	1.0	confident	Rhodomonas_salina:plas	Eukaryota:plas
16309333-b11a-4270-bb80-e62348221ae5	73513	1.0	confident	Dioon_edule:mito	Eukaryota:mito
39603eea-25b6-4d73-9416-7fee1f4075e1	73513	1.0	confident	Dioon_edule:mito	Eukaryota:mito
7908cdbe-b3d8-4f69-a27c-767694b3694d	73513	1.0	confident	Dioon_edule:mito	Eukaryota:mito
340c077d-afe2-4296-8d85-05466ea56f55	73513	1.0	confident	Dioon_edule:mito	Eukaryota:mito
406f8522-891d-4680-afe3-47e7c0df0f50	73513	1.0	confident	Dioon_edule:mito	Eukaryota:mito
4a5a4a11-76a1-46b5-896b-1099e551eae5	73513	1.0	confident	Dioon_edule:mito	Eukaryota:mito
38f1b1f0-5ace-4f29-87ac-93541a0f8978	73513	1.0	confident	Dioon_edule:mito	Eukaryota:mito
5543b6ba-35ac-4738-b21b-3f78193da522	73513	1.0	confident	Dioon_edule:mito	Eukaryota:mito
dd5a63d2-cccd-460b-b93b-ccaa56dc916e	73513	1.0	confident	Dioon_edule:mito	Eukaryota:mito
eb795e9f-e153-4772-890c-a8de83ac23ab	73513	1.0	confident	Dioon_edule:mito	Eukaryota:mito
e3760ee0-ab2c-441c-a48c-1d2c8540a08a	73513	1.0	confident	Dioon_edule:mito	Eukaryota:mito
ffc71a34-9fe2-413e-a9d4-3548ff36781a	73513	1.0	confident	Dioon_edule:mito	Eukaryota:mito
3a8b915c-79a8-43ef-9824-3e0129272f44	73513	1.0	confident	Dioon_edule:mito	Eukaryota:mito
aa8ceed2-661d-4a66-a093-837813c8aabe	73513	1.0	confident	Dioon_edule:mito	Eukaryota:mito
89fc98af-3f05-48ac-9247-f22c38c121dd	73513	1.0	confident	Dioon_edule:mito	Eukaryota:mito
db7e21a6-8b20-4ca7-994f-a9611f2d5fe7	73513	1.0	confident	Dioon_edule:mito	Eukaryota:mito
815d8fd6-f9e0-4876-ab5d-b281dc9f3e0e	73513	1.0	confident	Dioon_edule:mito	Eukaryota:mito
a38ee1a8-e9a9-4d2f-9f8b-9a969c178243	73513	1.0	confident	Dioon_edule:mito	Eukaryota:mito
138ecc28-017f-4b62-98fb-351762aba6c5	73513	1.0	confident	Dioon_edule:mito	Eukaryota:mito
e48b02ee-55b9-405d-9e0a-3518f3b1452d	73513	1.0	confident	Dioon_edule:mito	Eukaryota:mito
2cc3372d-0130-4277-801d-bd1ea695f2a0	73513	1.0	confident	Dioon_edule:mito	Eukaryota:mito
b3107b49-8292-434b-a61d-a76b7047264c	73513	1.0	confident	Dioon_edule:mito	Eukaryota:mito
b384d03e-9629-42ee-a5bd-1ff4606ad867	73513	1.0	confident	Dioon_edule:mito	Eukaryota:mito
b00513de-c4bd-4e84-8bdc-a3f23e07b9e4	73513	1.0	confident	Dioon_edule:mito	Eukaryota:mito
cc6d986c-6b43-49e6-8424-c83164bca7cc	73513	1.0	confident	Dioon_edule:mito	Eukaryota:mito
144d8024-c025-4c8f-b37f-cdf27e9bf287	73513	1.0	confident	Dioon_edule:mito	Eukaryota:mito
2ccb399d-ebdb-4fdb-b3e2-1faaa2fed146	73513	1.0	confident	Dioon_edule:mito	Eukaryota:mito
fc775d53-0771-4e32-8163-7fc434dceb56	73513	1.0	confident	Dioon_edule:mito	Eukaryota:mito
b656586c-df69-4939-b032-044773c5d49e	73513	1.0	confident	Dioon_edule:mito	Eukaryota:mito
6334b8da-bedc-4a3d-823e-022f6371a8ab	73513	1.0	confident	Dioon_edule:mito	Eukaryota:mito
ea9a911d-0f44-43da-ba92-929d685ee3f5	73513	1.0	confident	Dioon_edule:mito	Eukaryota:mito
fe9d5fab-ed2a-486d-bdb1-e963738c2bcf	73513	1.0	confident	Dioon_edule:mito	Eukaryota:mito
ab89a4b3-4e8d-442f-8cad-7f82a58207e6	73513	1.0	confident	Dioon_edule:mito	Eukaryota:mito
f67026ee-e333-448b-b761-b05f015bfa63	73513	1.0	confident	Dioon_edule:mito	Eukaryota:mito
9a5bb834-e6eb-4c15-ae52-85db6457c768	73513	1.0	confident	Dioon_edule:mito	Eukaryota:mito
ad402c10-f77d-4321-8f94-791f75d4353a	73513	1.0	confident	Dioon_edule:mito	Eukaryota:mito
fe2f239e-3dde-4f99-871d-7127b3b7b70a	73513	1.0	confident	Dioon_edule:mito	Eukaryota:mito
dd8aea8b-2081-41e8-8bed-b3cfd52bf780	73513	1.0	confident	Dioon_edule:mito	Eukaryota:mito
180db7b1-8294-4191-be16-e317ff08d66f	73513	1.0	confident	Dioon_edule:mito	Eukaryota:mito
9c4138ad-bbea-44fe-b207-484a85202e23	10159	1.0	confident	Rhodomonas_salina:plas	Eukaryota:plas
75891708-910e-4dc5-a041-0a05cfaf1d87	73513	1.0	confident	Dioon_edule:mito	Eukaryota:mito
d8693d2e-36a4-4a51-ae99-3454d09aa9c5	73513	1.0	confident	Dioon_edule:mito	Eukaryota:mito
68b63d12-4bc7-42e8-ad0d-aee2116b4479	73513	1.0	confident	Dioon_edule:mito	Eukaryota:mito
e021a5ee-1332-444e-9e5a-7f8e8860b04c	73513	1.0	confident	Dioon_edule:mito	Eukaryota:mito
45d1ea7f-dda4-4436-b7f2-a52e1e82c619	73513	1.0	confident	Dioon_edule:mito	Eukaryota:mito
c9b31840-b365-41ef-9b54-7d7fddbfd7a6	73513	1.0	confident	Dioon_edule:mito	Eukaryota:mito
a2aa6e46-7ec6-490a-bc48-7d9939ba9fd9	73513	1.0	confident	Dioon_edule:mito	Eukaryota:mito
456c747b-5bb6-4b5a-bcbe-47dcb39358d0	73513	1.0	confident	Dioon_edule:mito	Eukaryota:mito
57f51a9e-9f81-4ec6-ac28-59c41246ae94	73513	1.0	confident	Dioon_edule:mito	Eukaryota:mito
986291dc-f419-4181-a6d8-0d7c7981aa21	73513	1.0	confident	Dioon_edule:mito	Eukaryota:mito
22636d31-b5e0-4517-a323-980de62163d0	73513	1.0	confident	Dioon_edule:mito	Eukaryota:mito
ac3fb5d9-a1f2-4620-b36c-f611177b23f9	73513	1.0	confident	Dioon_edule:mito	Eukaryota:mito
0273bad0-395d-4474-adad-ac2768fa7680	73513	1.0	confident	Dioon_edule:mito	Eukaryota:mito
52c8ac1b-e5ec-4e05-ae4a-2d1a0b16228f	73513	1.0	confident	Dioon_edule:mito	Eukaryota:mito
48d7515b-1d03-42f0-9f30-f1ffcf0d9207	73513	1.0	confident	Dioon_edule:mito	Eukaryota:mito
591ee72b-da5f-4511-9b4c-45b302beff8e	73513	1.0	confident	Dioon_edule:mito	Eukaryota:mito
3ec235b9-2a89-4553-8b34-eb84b6bbf822	73513	1.0	confident	Dioon_edule:mito	Eukaryota:mito
cacbcc34-342f-4d47-a7c2-ed0164d4a040	73513	1.0	confident	Dioon_edule:mito	Eukaryota:mito
1aa62092-04ed-4d78-9041-770f6425cab5	73513	1.0	confident	Dioon_edule:mito	Eukaryota:mito
186e5c2f-4db0-4921-b105-0917bf6bf94e	73513	1.0	confident	Dioon_edule:mito	Eukaryota:mito
847534a7-792b-4791-9aa3-d178fbd77adb	73513	1.0	confident	Dioon_edule:mito	Eukaryota:mito
a8473005-ad51-4793-a30b-61671ee22e46	73513	1.0	confident	Dioon_edule:mito	Eukaryota:mito
c69ca913-0274-4416-ad19-2b50fd81ec20	73513	1.0	confident	Dioon_edule:mito	Eukaryota:mito
32029172-7cc6-40c1-acf6-7815a9114dab	73513	1.0	confident	Dioon_edule:mito	Eukaryota:mito
b2546148-d48a-4383-bbec-f849a7b7e711	73513	1.0	confident	Dioon_edule:mito	Eukaryota:mito
53784f0f-1dc0-4435-819c-f706d6c61dde	73513	1.0	confident	Dioon_edule:mito	Eukaryota:mito
51bd078f-fbbc-4fe5-889d-a7ede9abbc2c	73513	1.0	confident	Dioon_edule:mito	Eukaryota:mito
af548f1f-c79e-4808-ae12-03c009cce4eb	73513	1.0	confident	Dioon_edule:mito	Eukaryota:mito
cb010364-a29e-4283-b123-5b4c8cf88e3f	73513	1.0	confident	Dioon_edule:mito	Eukaryota:mito
14484b2b-8de1-4394-a7d6-dc15331b18cb	73513	1.0	confident	Dioon_edule:mito	Eukaryota:mito
e2cf3c03-ed26-4013-9cc7-9d79f9feb5ac	73513	1.0	confident	Dioon_edule:mito	Eukaryota:mito
3e85a90e-2105-4d47-a68a-1e188fc0b3e7	73513	1.0	confident	Dioon_edule:mito	Eukaryota:mito
f320230c-2f67-4ba4-874f-b2f3f0c36503	73513	1.0	confident	Dioon_edule:mito	Eukaryota:mito
e584a68c-a7a2-4a67-bff8-f27aba2c6e73	73513	1.0	confident	Dioon_edule:mito	Eukaryota:mito
75ea41cb-154e-4038-98c0-f59456046fe6	73513	1.0	confident	Dioon_edule:mito	Eukaryota:mito
e8c80833-8497-4f1a-90f8-69d29027da43	73513	1.0	confident	Dioon_edule:mito	Eukaryota:mito
ec71b954-0cfd-45fb-bb0f-d02cc283713c	73513	1.0	confident	Dioon_edule:mito	Eukaryota:mito
081d5553-b93e-4e60-aebc-d63d060a1d85	73513	1.0	confident	Dioon_edule:mito	Eukaryota:mito
5c2bdd65-0c2c-4812-bca2-45628c7ad89a	73513	1.0	confident	Dioon_edule:mito	Eukaryota:mito
d34398ca-1dcf-42eb-a865-44bc11086e30	73513	1.0	confident	Dioon_edule:mito	Eukaryota:mito
4fc9c913-3326-4e29-9eb1-9ff3932f4fb3	73513	1.0	confident	Dioon_edule:mito	Eukaryota:mito
43d11afe-d096-4545-98be-1e2a3eaf1b72	73513	1.0	confident	Dioon_edule:mito	Eukaryota:mito
665f0bd9-e68e-4dee-9696-660b3f3f5034	73513	1.0	confident	Dioon_edule:mito	Eukaryota:mito
fe82c474-f6f3-446f-b3f5-b85186dbe17d	73513	1.0	confident	Dioon_edule:mito	Eukaryota:mito
26b76c46-9b41-4a70-bdbb-c2953c51ebad	73513	1.0	confident	Dioon_edule:mito	Eukaryota:mito
64f51fe7-018c-4827-8fff-4eaee920be53	73513	1.0	confident	Dioon_edule:mito	Eukaryota:mito
0a34a375-2e6e-4520-afbd-c7f0f854091d	73513	1.0	confident	Dioon_edule:mito	Eukaryota:mito
1a4dd79b-6f1d-49d5-aa6c-c29127fe1629	73513	1.0	confident	Dioon_edule:mito	Eukaryota:mito
a7afe534-34e3-4f5b-b4ca-65fc918ba8ab	73513	1.0	confident	Dioon_edule:mito	Eukaryota:mito
11132beb-2990-4fc7-a07f-cea6fe02b078	73513	1.0	confident	Dioon_edule:mito	Eukaryota:mito
d30f560b-887d-404b-ab75-620debd943e3	73511	0.999999999632314	high	Plantago_coronopus:mito	Eukaryota:mito
4738421c-d385-4a6a-a454-24c8d327f36e	73513	1.0	confident	Dioon_edule:mito	Eukaryota:mito
55609a3b-79ca-4039-981c-7d75eb56d135	73513	1.0	confident	Dioon_edule:mito	Eukaryota:mito
b26ef23f-3f7a-47a1-b882-bf2089fbfdb3	73513	1.0	confident	Dioon_edule:mito	Eukaryota:mito
1fa96eb2-19e7-4370-b965-39bedecc2f68	73513	1.0	confident	Dioon_edule:mito	Eukaryota:mito
5f93f5e8-9f17-4192-ad13-2a5db4e5e685	73513	1.0	confident	Dioon_edule:mito	Eukaryota:mito
2192fe27-8a18-4290-a9fb-0d016baa57a1	73513	1.0	confident	Dioon_edule:mito	Eukaryota:mito
54162952-6da8-4d2c-a4a8-cbf1332929e6	73513	1.0	confident	Dioon_edule:mito	Eukaryota:mito
a7329037-f5b5-4575-b178-a3ed486bc158	73513	1.0	confident	Dioon_edule:mito	Eukaryota:mito
d1333353-45f3-4709-9091-afb359a530c2	73513	1.0	confident	Dioon_edule:mito	Eukaryota:mito
8f5f353e-4e7d-426f-951a-c5caa569f4a2	73513	1.0	confident	Dioon_edule:mito	Eukaryota:mito
2be848de-1543-41c7-a0a1-260035005181	73513	1.0	confident	Dioon_edule:mito	Eukaryota:mito
4d6064ce-b241-416a-9cb7-f4e38b7110aa	73513	1.0	confident	Dioon_edule:mito	Eukaryota:mito
3e255d48-99c6-491b-aa43-56d54b44b99c	73513	1.0	confident	Dioon_edule:mito	Eukaryota:mito
bd79adcf-fdc2-4751-b234-881a093f01f8	73513	1.0	confident	Dioon_edule:mito	Eukaryota:mito
7f8a8d94-a5cf-4002-8b6a-1f7851da640f	73513	1.0	confident	Dioon_edule:mito	Eukaryota:mito
8f8b74f1-83d6-4064-abd5-c6832d812e93	73513	1.0	confident	Dioon_edule:mito	Eukaryota:mito
84e3e061-ba60-4c17-aa23-2e53b5a36da7	73513	1.0	confident	Dioon_edule:mito	Eukaryota:mito
cad0b343-50d5-44d2-b561-71831f707f94	73513	1.0	confident	Dioon_edule:mito	Eukaryota:mito
e6fb47e4-c249-449e-8647-8aea7badc7ce	73513	1.0	confident	Dioon_edule:mito	Eukaryota:mito
ddaea785-f0e0-4276-a6c7-076a37f34c5d	73513	1.0	confident	Dioon_edule:mito	Eukaryota:mito
252f3e5c-05f3-4bb9-af08-25017a695892	73513	1.0	confident	Dioon_edule:mito	Eukaryota:mito
eb9b19b2-b3a4-4bee-b720-bafeb5e0524e	73513	1.0	confident	Dioon_edule:mito	Eukaryota:mito
ca17e0de-09fa-4818-92fc-c200fd5423bc	73513	1.0	confident	Dioon_edule:mito	Eukaryota:mito
010b9baa-bae9-4b07-b401-595adc36b2b8	73513	1.0	confident	Dioon_edule:mito	Eukaryota:mito
9e31c543-b734-4c75-9786-5c9b2817dce5	73513	1.0	confident	Dioon_edule:mito	Eukaryota:mito
6c30b8b6-f38f-44a8-9e74-9d90f17cd556	73513	1.0	confident	Dioon_edule:mito	Eukaryota:mito
8c5db2d5-cde7-400d-8499-d568ea33bd8a	73513	1.0	confident	Dioon_edule:mito	Eukaryota:mito
d1009f7a-26e3-4c19-bd02-5aa8bfcd04c9	73513	1.0	confident	Dioon_edule:mito	Eukaryota:mito
adee1b63-e208-43a1-8831-13fce9d63265	73513	1.0	confident	Dioon_edule:mito	Eukaryota:mito
66e0e6af-bffa-436a-8c89-283722c9c106	73513	1.0	confident	Dioon_edule:mito	Eukaryota:mito
4d7d42af-2c1b-4d83-9f18-96d1e8c5caff	73513	1.0	confident	Dioon_edule:mito	Eukaryota:mito
9563039e-748d-42ba-87b4-49adb43e794e	73513	1.0	confident	Dioon_edule:mito	Eukaryota:mito
8484149e-16a8-4748-895a-a0a79953aaa1	73513	1.0	confident	Dioon_edule:mito	Eukaryota:mito
e7c289b1-019f-41d0-beda-0ea9b0d3e065	73513	1.0	confident	Dioon_edule:mito	Eukaryota:mito
19577fae-1fc1-493e-8cc7-cfc82901b975	73513	1.0	confident	Dioon_edule:mito	Eukaryota:mito
caac579e-3bd5-4160-a85a-1dde55c52f8f	73513	1.0	confident	Dioon_edule:mito	Eukaryota:mito
91b42a52-8ff1-4cf5-ad41-e4e152b22fb1	73513	1.0	confident	Dioon_edule:mito	Eukaryota:mito
8c08e961-b786-476e-b21c-0df00bf64473	73513	1.0	confident	Dioon_edule:mito	Eukaryota:mito
827cbe62-0f8b-4ff7-934d-1be6595d25f8	73513	1.0	confident	Dioon_edule:mito	Eukaryota:mito
746f3619-df0f-4ff6-814c-cf637b58ed67	73513	1.0	confident	Dioon_edule:mito	Eukaryota:mito
6ff786c4-e058-47cf-90c9-69a2fab58403	73513	1.0	confident	Dioon_edule:mito	Eukaryota:mito
d2dd4487-ff8a-49af-98a1-b68ec2cbd614	73513	1.0	confident	Dioon_edule:mito	Eukaryota:mito
37fcaa74-1010-4c2f-a245-7793bbf03c93	73513	1.0	confident	Dioon_edule:mito	Eukaryota:mito
07aefe45-e657-4cdf-8741-49dfc027c3ec	73513	1.0	confident	Dioon_edule:mito	Eukaryota:mito
0ee21b42-dc4c-40bc-9a34-833c2bd2b9cd	73513	1.0	confident	Dioon_edule:mito	Eukaryota:mito
6fc14b38-1289-4044-8cf5-83dddd28d44f	73513	1.0	confident	Dioon_edule:mito	Eukaryota:mito
7277332f-14d6-47a1-9427-bdd56a583bcf	73513	1.0	confident	Dioon_edule:mito	Eukaryota:mito
00031615-96ed-4911-a1bf-20f3c666aafa	73513	1.0	confident	Dioon_edule:mito	Eukaryota:mito
6bdddf1b-9eba-4979-bb5c-aaab237d1900	73513	1.0	confident	Dioon_edule:mito	Eukaryota:mito
f2fe500b-a26f-47ab-b83c-fb3034dabadd	73513	1.0	confident	Dioon_edule:mito	Eukaryota:mito
59b2d638-52b6-47f8-86c9-c70e47745967	73513	1.0	confident	Dioon_edule:mito	Eukaryota:mito
70b72800-4d99-4db8-bbec-9d5fb143c547	73513	1.0	confident	Dioon_edule:mito	Eukaryota:mito
132e2003-1943-45e0-af1f-9d9b07e60cd4	73513	1.0	confident	Dioon_edule:mito	Eukaryota:mito
f4ebdcda-eac8-4671-9c15-ef6eae156eee	73513	1.0	confident	Dioon_edule:mito	Eukaryota:mito
ad34fd0e-5b65-4bc4-8cc8-47bbb8403062	73513	1.0	confident	Dioon_edule:mito	Eukaryota:mito
a43a24a5-6e06-4de4-963e-6f2534e0bb9a	73513	1.0	confident	Dioon_edule:mito	Eukaryota:mito
b8cc3401-755a-4770-a2b7-92710a66b5aa	73513	1.0	confident	Dioon_edule:mito	Eukaryota:mito
fd38cd62-32be-4021-a9b3-277e1ee6e403	73513	1.0	confident	Dioon_edule:mito	Eukaryota:mito
7c2e5b26-7e02-4a50-84c9-e953b8e2fba9	73513	1.0	confident	Dioon_edule:mito	Eukaryota:mito
579feae4-adb0-47e6-9752-17b2952452ec	73513	1.0	confident	Dioon_edule:mito	Eukaryota:mito
b19ee664-32ce-405b-939f-c269e1848533	73513	1.0	confident	Dioon_edule:mito	Eukaryota:mito
c81faec7-214b-48a3-ba55-8643845be06f	73513	1.0	confident	Dioon_edule:mito	Eukaryota:mito
8e316433-5a99-4b29-a105-c45b232606c4	73513	1.0	confident	Dioon_edule:mito	Eukaryota:mito
223f8ebe-9725-4a05-b26c-cf2633381102	73513	1.0	confident	Dioon_edule:mito	Eukaryota:mito
1ceeca35-3cc7-4f6b-81f2-62e5c986d483	73513	1.0	confident	Dioon_edule:mito	Eukaryota:mito
4ad49ba6-ad3c-4ad7-ad84-85a5f6c0173a	73513	1.0	confident	Dioon_edule:mito	Eukaryota:mito
0caab6f9-da92-4c51-b320-1647c096b89c	73513	1.0	confident	Dioon_edule:mito	Eukaryota:mito
d60d7268-8954-4c61-a6cf-edf69cd4a7a7	73513	1.0	confident	Dioon_edule:mito	Eukaryota:mito
4d450e24-e675-4306-ac10-d61fe4b73d50	73513	1.0	confident	Dioon_edule:mito	Eukaryota:mito
0c85844d-3c42-47b9-80c4-3a3cd273fc8c	73513	1.0	confident	Dioon_edule:mito	Eukaryota:mito
28e7a6a0-4ca5-4a3a-a6e6-881f217e18ab	73513	1.0	confident	Dioon_edule:mito	Eukaryota:mito
417cf859-b229-4f32-818f-b75286f98811	73513	1.0	confident	Dioon_edule:mito	Eukaryota:mito
34bd005a-b278-4f71-8e92-a70743d498aa	73513	1.0	confident	Dioon_edule:mito	Eukaryota:mito
c502447e-ab6c-4071-8b93-612dfcacee31	73513	1.0	confident	Dioon_edule:mito	Eukaryota:mito
21ba6e67-090f-4de5-aa96-69140f049c6f	73513	1.0	confident	Dioon_edule:mito	Eukaryota:mito
2f59c5a4-8221-426c-a8f4-17d44a4e455a	73513	1.0	confident	Dioon_edule:mito	Eukaryota:mito
6b85d542-5c47-494a-a3f2-4ad32e81a967	73513	1.0	confident	Dioon_edule:mito	Eukaryota:mito
dbb8113a-ac66-4aba-8f43-7707ddcc3429	73513	1.0	confident	Dioon_edule:mito	Eukaryota:mito
311e0160-ae7d-4bff-be09-0e4bff6561f9	73513	1.0	confident	Dioon_edule:mito	Eukaryota:mito
edebb3b6-f8f0-4085-85f6-b2686664401d	73513	1.0	confident	Dioon_edule:mito	Eukaryota:mito
2dde38e5-52c9-4290-8b13-06bda8dc3ba2	73513	1.0	confident	Dioon_edule:mito	Eukaryota:mito
9ed36f14-ad87-4330-b4fc-fc45f8e2ec9c	73513	1.0	confident	Dioon_edule:mito	Eukaryota:mito
7823754e-eda7-4751-a65d-b3c41d514732	73513	1.0	confident	Dioon_edule:mito	Eukaryota:mito
0f022c2d-ff81-47df-807b-fb0f7bf23a6a	73513	1.0	confident	Dioon_edule:mito	Eukaryota:mito
3ae1f375-5f46-420c-81f5-3253dcaef2aa	73513	1.0	confident	Dioon_edule:mito	Eukaryota:mito
0bb2fa50-0ba0-4b63-8b78-71ca49e9749b	73513	1.0	confident	Dioon_edule:mito	Eukaryota:mito
04d235a6-8195-45d4-8bdf-27d7e3b06770	73513	1.0	confident	Dioon_edule:mito	Eukaryota:mito
9dc3a7f9-2064-4b53-a977-ca9829202dbd	73513	1.0	confident	Dioon_edule:mito	Eukaryota:mito
284b18b6-8fbd-4080-9ac1-a76036755198	73513	1.0	confident	Dioon_edule:mito	Eukaryota:mito
832dc1bb-b7d7-4bb0-a2a2-44c962c07519	73513	1.0	confident	Dioon_edule:mito	Eukaryota:mito
e947d5af-26f9-4c0a-b527-60f22e20c203	73513	1.0	confident	Dioon_edule:mito	Eukaryota:mito
344822a3-aae4-44a2-97cc-0f42766883c9	73513	1.0	confident	Dioon_edule:mito	Eukaryota:mito
fcf33b6d-e0d4-41e5-ab6f-3da72a34bb3e	73513	1.0	confident	Dioon_edule:mito	Eukaryota:mito
a9693b9b-7c22-4efa-85c3-c2569cb85e96	73513	1.0	confident	Dioon_edule:mito	Eukaryota:mito
8cdb99e9-e289-4572-bfd8-ff144085ec66	73513	1.0	confident	Dioon_edule:mito	Eukaryota:mito
a300389e-57c3-4a3a-a3a3-f7238d6207ac	73511	0.99999997348434	high	Plantago_coronopus:mito	Eukaryota:mito
ad025109-f296-4203-b671-fc3f094663c6	73513	1.0	confident	Dioon_edule:mito	Eukaryota:mito
e79d5b0d-e4b9-424b-9e22-15d4c70d535f	73513	1.0	confident	Dioon_edule:mito	Eukaryota:mito
b9cbd654-c09e-41bc-ae4b-6db76c5cb83d	73513	1.0	confident	Dioon_edule:mito	Eukaryota:mito
10652ae5-1170-47dd-88e7-429271deb322	73513	1.0	confident	Dioon_edule:mito	Eukaryota:mito
795b0944-8ed4-40bc-847f-6c071abcaf27	73513	1.0	confident	Dioon_edule:mito	Eukaryota:mito
469d3d0e-b909-4df3-82a1-d699ac892983	73513	1.0	confident	Dioon_edule:mito	Eukaryota:mito
a333c3dc-0755-436b-8850-9c84e7ba593a	73513	1.0	confident	Dioon_edule:mito	Eukaryota:mito
13dba235-2c37-46e9-8a9c-066c27d41d99	73513	1.0	confident	Dioon_edule:mito	Eukaryota:mito
b91d58ca-c5ff-4cbb-b987-676ea3357e1d	73513	1.0	confident	Dioon_edule:mito	Eukaryota:mito
a5573e39-a701-453d-a605-16a6dcfea9bb	73511	0.9999999997550622	high	Plantago_coronopus:mito	Eukaryota:mito
a0326bb6-df29-400f-ae6b-fb270c07018b	73513	1.0	confident	Dioon_edule:mito	Eukaryota:mito
4bc17391-6fb6-40ed-8013-94b20884a2e8	73513	1.0	confident	Dioon_edule:mito	Eukaryota:mito
8a329a6b-caa6-496c-9aab-bbc6bc3b3b8f	73513	1.0	confident	Dioon_edule:mito	Eukaryota:mito
1f77402d-229b-48b8-a63a-01c749f092c9	73513	1.0	confident	Dioon_edule:mito	Eukaryota:mito
32f86c06-58d0-4602-b463-1a0ec8b4d9a8	73513	1.0	confident	Dioon_edule:mito	Eukaryota:mito
8b45c343-77ac-4427-a9eb-6e1145489e61	73513	1.0	confident	Dioon_edule:mito	Eukaryota:mito
2d369406-6be7-44a8-b1f6-cc5071ff1046	73513	1.0	confident	Dioon_edule:mito	Eukaryota:mito
55af60fb-2707-4000-97e2-90216b1af3d1	73513	1.0	confident	Dioon_edule:mito	Eukaryota:mito
340ec604-ac41-4367-b220-3d54a4272c69	73513	1.0	confident	Dioon_edule:mito	Eukaryota:mito
928e8077-d294-4083-982e-ce56bca2f2de	73513	0.8624825563955217	high	Dioon_edule:mito	Eukaryota:mito
eb74d826-ceb1-466f-af92-d463108d71e6	73513	1.0	confident	Dioon_edule:mito	Eukaryota:mito
5d237002-99ab-4b40-8a3e-aa304a866f3f	73513	1.0	confident	Dioon_edule:mito	Eukaryota:mito
2b97c057-0406-4b26-a61b-4bf9e5d1b4fa	73513	1.0	confident	Dioon_edule:mito	Eukaryota:mito
db6edf88-91ac-46f5-a07c-9680c6e32d1f	73513	0.999999999999896	high	Dioon_edule:mito	Eukaryota:mito
9849fcaf-3976-4143-a1d3-9f29a5c56ee5	73513	1.0	confident	Dioon_edule:mito	Eukaryota:mito
53f994c3-37c8-4d38-9777-bfb4de4564a3	73513	1.0	confident	Dioon_edule:mito	Eukaryota:mito
c791597c-5768-420a-b07e-57a6c2b58ea1	73513	1.0	confident	Dioon_edule:mito	Eukaryota:mito
7914e772-badc-4315-be89-b39606734d88	73513	1.0	confident	Dioon_edule:mito	Eukaryota:mito
3d18bfa7-4963-47d5-876b-f5471c3c42df	73513	1.0	confident	Dioon_edule:mito	Eukaryota:mito
cedd80be-680c-4ee1-a6cd-f9c92da2d61c	73513	1.0	confident	Dioon_edule:mito	Eukaryota:mito
a1dca9ed-d748-4c6b-b58c-310c0d0d7c69	73513	1.0	confident	Dioon_edule:mito	Eukaryota:mito
d90d0e2b-e91f-4101-9f70-06137c520c25	73513	1.0	confident	Dioon_edule:mito	Eukaryota:mito
9573f287-5581-4d2b-b14f-3b5d24d66f6b	73513	1.0	confident	Dioon_edule:mito	Eukaryota:mito
675e581a-602b-4d95-b76f-49bacc6c161b	73513	1.0	confident	Dioon_edule:mito	Eukaryota:mito
8bbdb93e-264a-4b84-af07-3c0cafcb6402	73513	1.0	confident	Dioon_edule:mito	Eukaryota:mito
8109fd3b-cb54-4f13-bc56-6c96dfb3894c	73513	1.0	confident	Dioon_edule:mito	Eukaryota:mito
77457124-ebc8-415a-a34c-446aae32007d	73513	1.0	confident	Dioon_edule:mito	Eukaryota:mito
fff2fca0-466b-4066-9def-d48498040f75	73513	1.0	confident	Dioon_edule:mito	Eukaryota:mito
566fcaf5-ce20-4da9-b63f-7fc9278328de	10159	1.0	confident	Rhodomonas_salina:plas	Eukaryota:plas
9be1d0cc-759c-4b0d-a482-3f10bae4390e	73513	1.0	confident	Dioon_edule:mito	Eukaryota:mito
a2c5fd47-fc1a-4682-bd04-e43810e7860e	73513	1.0	confident	Dioon_edule:mito	Eukaryota:mito
4d4bd105-fbf5-4c2c-84a9-122207ad922c	73513	1.0	confident	Dioon_edule:mito	Eukaryota:mito
0db9c355-2cad-4762-9804-fb15b6688341	73513	1.0	confident	Dioon_edule:mito	Eukaryota:mito
7d20b1b9-4ac3-401a-8869-cb472aa1a750	73513	1.0	confident	Dioon_edule:mito	Eukaryota:mito
dcd0e776-dc89-46bf-89f6-1a64d30fe1d6	73513	1.0	confident	Dioon_edule:mito	Eukaryota:mito
fb8b12a8-b6e0-4f58-bb17-4dc2c47dce63	73513	1.0	confident	Dioon_edule:mito	Eukaryota:mito
0214249e-f579-487d-9a69-665a8f6b0a78	73513	1.0	confident	Dioon_edule:mito	Eukaryota:mito
445f508d-a23b-4edc-8547-199ec4c9fb2f	73513	1.0	confident	Dioon_edule:mito	Eukaryota:mito
024c6704-83dc-4c37-a540-a2b4fb3b2e12	73513	1.0	confident	Dioon_edule:mito	Eukaryota:mito
0739bce6-2ef0-4d43-8c8e-7355a233ca9e	73513	1.0	confident	Dioon_edule:mito	Eukaryota:mito
956d444c-7669-4136-bbe0-4cd5782abb8c	73513	1.0	confident	Dioon_edule:mito	Eukaryota:mito
3bf3ed47-b968-405f-9527-3466d1605662	73513	1.0	confident	Dioon_edule:mito	Eukaryota:mito
5d9d224a-1cd2-4b1e-9d60-5c21705fe827	73513	1.0	confident	Dioon_edule:mito	Eukaryota:mito
8b23503f-6878-47a3-9a36-c0b62b65746f	73513	1.0	confident	Dioon_edule:mito	Eukaryota:mito
842169c6-930d-4531-b536-5e146e75d70e	73513	1.0	confident	Dioon_edule:mito	Eukaryota:mito
6d0250e0-577e-4237-ab49-e4cc2c428bae	73513	1.0	confident	Dioon_edule:mito	Eukaryota:mito
4291ef92-d4c7-43be-ad31-ed95f762240f	73513	1.0	confident	Dioon_edule:mito	Eukaryota:mito
9e05eb74-cf78-4ee7-a2c7-a89f581a8c70	73513	1.0	confident	Dioon_edule:mito	Eukaryota:mito
3171cbe2-f3cd-44bc-8f1c-6a4a3494ad62	73513	1.0	confident	Dioon_edule:mito	Eukaryota:mito
a75d0cc2-8ce5-45b2-b0d1-f5779fbc72e2	73513	1.0	confident	Dioon_edule:mito	Eukaryota:mito
74df667a-5143-457f-8056-621f2badbaf4	73513	1.0	confident	Dioon_edule:mito	Eukaryota:mito
e13522d5-5e94-422e-bfe8-d5846a5819fe	73513	1.0	confident	Dioon_edule:mito	Eukaryota:mito
3349c41f-3cbb-4a57-9937-678bb63b176a	73513	1.0	confident	Dioon_edule:mito	Eukaryota:mito
4b0ab230-3641-47bc-afff-f996f5757633	73513	1.0	confident	Dioon_edule:mito	Eukaryota:mito
864a2bc3-7f4e-4270-bb5b-52af47882dbb	73513	1.0	confident	Dioon_edule:mito	Eukaryota:mito
c28bfff0-b762-4953-8c65-4d6202fd0671	73513	1.0	confident	Dioon_edule:mito	Eukaryota:mito
71cb352a-e439-41a5-b37f-90ad93416ea0	73513	1.0	confident	Dioon_edule:mito	Eukaryota:mito
c4254f1e-8f6d-4385-b2a1-c77e953b0209	73513	1.0	confident	Dioon_edule:mito	Eukaryota:mito
96d282a5-dde9-41c7-8598-30314020f504	73513	1.0	confident	Dioon_edule:mito	Eukaryota:mito
c87ce15c-2dfb-436b-86f1-2aa906279cd6	73513	1.0	confident	Dioon_edule:mito	Eukaryota:mito
1f77dedf-b3bc-4305-b799-f95df0275271	73513	1.0	confident	Dioon_edule:mito	Eukaryota:mito
7581c0e1-fc60-4886-92f3-ee5256df96e1	73513	1.0	confident	Dioon_edule:mito	Eukaryota:mito
8a851532-9401-468a-842e-fdfa90d23909	73513	1.0	confident	Dioon_edule:mito	Eukaryota:mito
b3955dd3-609e-4780-b6f3-9e1c51518ca9	73513	1.0	confident	Dioon_edule:mito	Eukaryota:mito
bacfa231-5a03-495b-af21-85a2fa99a3a2	73513	1.0	confident	Dioon_edule:mito	Eukaryota:mito
81d3610b-949d-4539-8340-be452d84cfd3	73513	1.0	confident	Dioon_edule:mito	Eukaryota:mito
7d851d2e-df6b-4519-aa5a-d15d64bfe271	73513	1.0	confident	Dioon_edule:mito	Eukaryota:mito
fb488d37-6fe6-427f-bbc9-7f52f49fab48	73513	1.0	confident	Dioon_edule:mito	Eukaryota:mito
09e8c4c0-8dda-4c4f-aefc-f24f8d6d57cf	73513	1.0	confident	Dioon_edule:mito	Eukaryota:mito
91a9f00b-bb71-457b-b15b-b670de495821	73513	1.0	confident	Dioon_edule:mito	Eukaryota:mito
eba35960-76a9-4fab-ba56-26163b127100	73513	1.0	confident	Dioon_edule:mito	Eukaryota:mito
7f304ce4-aec6-444f-b74f-a1338029524c	73513	1.0	confident	Dioon_edule:mito	Eukaryota:mito
68d3e0bc-c6b2-403b-b592-910e898c4b52	73513	1.0	confident	Dioon_edule:mito	Eukaryota:mito
679160a4-6f6f-43a4-ba02-0e162c631505	73513	1.0	confident	Dioon_edule:mito	Eukaryota:mito
a7995fe4-ca0b-40f3-aa91-cbf5a0fe887c	73513	1.0	confident	Dioon_edule:mito	Eukaryota:mito
baa5ea35-9034-4540-8a40-e15610d45a50	73513	1.0	confident	Dioon_edule:mito	Eukaryota:mito
f51c450d-2e7c-40bb-abc3-dccee50458cc	73513	1.0	confident	Dioon_edule:mito	Eukaryota:mito
4a012b42-1225-4076-9147-80eddc2b9de4	73513	1.0	confident	Dioon_edule:mito	Eukaryota:mito
781870b6-7367-40b8-9426-1cfdfee5ae82	73513	1.0	confident	Dioon_edule:mito	Eukaryota:mito
a3325fdc-e950-401e-8d08-55ec24845ff0	73513	1.0	confident	Dioon_edule:mito	Eukaryota:mito
325c99ed-6a9f-4b0a-a662-f4553aebd7c8	73513	1.0	confident	Dioon_edule:mito	Eukaryota:mito
74c6d1dc-7911-486e-9a91-40e4441765d4	73513	1.0	confident	Dioon_edule:mito	Eukaryota:mito
58e4b0c1-a14c-4f84-8f38-bb8b02556f6a	73513	1.0	confident	Dioon_edule:mito	Eukaryota:mito
631d4ff8-77ff-4472-81f5-04a6dab76e8b	73513	1.0	confident	Dioon_edule:mito	Eukaryota:mito
017c180c-4922-4f9e-b07f-b9809dd3e995	73513	1.0	confident	Dioon_edule:mito	Eukaryota:mito
51a07bf8-f4f4-45d1-bd7b-222cf4839339	73513	1.0	confident	Dioon_edule:mito	Eukaryota:mito
407352db-92ee-4bb6-9dce-9c615616af88	73513	1.0	confident	Dioon_edule:mito	Eukaryota:mito
aa24530b-d9ff-4894-903e-6174d3923dcc	73513	1.0	confident	Dioon_edule:mito	Eukaryota:mito
8f3161dc-b682-4160-8a04-076c4dca162f	73513	0.9999999999999712	high	Dioon_edule:mito	Eukaryota:mito
5c8040a0-22b7-4524-8bde-0d001433263e	73513	1.0	confident	Dioon_edule:mito	Eukaryota:mito
5ba2c748-1b7e-4206-9f9f-0145d0ca0cf1	73513	1.0	confident	Dioon_edule:mito	Eukaryota:mito
a8355137-b395-4585-9b14-0a2230e6719d	73513	1.0	confident	Dioon_edule:mito	Eukaryota:mito
45f99662-a490-4960-b6bb-c2344822b10f	73513	1.0	confident	Dioon_edule:mito	Eukaryota:mito
c95a5541-5d15-47f6-a149-22a4979badc6	73511	0.9999999933563176	high	Plantago_coronopus:mito	Eukaryota:mito
f43ea36f-d0dd-41db-8b6e-73f413ea24ff	73513	1.0	confident	Dioon_edule:mito	Eukaryota:mito
a7141080-9152-4c11-8af6-3e71355efb09	73513	1.0	confident	Dioon_edule:mito	Eukaryota:mito
3f99a75b-23f8-4b19-9b9e-386d90d263af	73513	1.0	confident	Dioon_edule:mito	Eukaryota:mito
fd8329d6-331f-4857-a5c2-e1fa25e74973	73513	1.0	confident	Dioon_edule:mito	Eukaryota:mito
eaa3be6f-617c-4c78-a008-33eb69fc9ce0	73513	1.0	confident	Dioon_edule:mito	Eukaryota:mito
14d37fd9-99d5-4d9d-9787-f508f370d0f7	73513	1.0	confident	Dioon_edule:mito	Eukaryota:mito
33f52e9e-a608-48b8-bb64-ad74f862d04b	73513	1.0	confident	Dioon_edule:mito	Eukaryota:mito
0c2f0a6c-9e40-487d-a210-b2298c37908c	73513	1.0	confident	Dioon_edule:mito	Eukaryota:mito
64b83415-de9e-4bf0-a689-dfee7ceacee0	73513	1.0	confident	Dioon_edule:mito	Eukaryota:mito
db1e65e1-b8db-4865-b006-aa823c7ee7db	73513	1.0	confident	Dioon_edule:mito	Eukaryota:mito
90aedee9-c0f4-4745-b760-5fc4911cddff	73513	1.0	confident	Dioon_edule:mito	Eukaryota:mito
4b902b57-6431-4b1c-b428-90f82318884f	73513	1.0	confident	Dioon_edule:mito	Eukaryota:mito
8a47fabc-4d6f-4c65-b464-ae6e8fe17178	73513	1.0	confident	Dioon_edule:mito	Eukaryota:mito
ae93da27-ce4f-47be-a3fd-3c5f5e5d2687	73513	1.0	confident	Dioon_edule:mito	Eukaryota:mito
b426e46f-a666-46be-aacc-fa61722169ed	73513	1.0	confident	Dioon_edule:mito	Eukaryota:mito
bcf19394-b4fc-4125-9e53-7cdf6785c560	73513	1.0	confident	Dioon_edule:mito	Eukaryota:mito
fb899d8d-065a-4323-b13d-18d461937dc8	73513	1.0	confident	Dioon_edule:mito	Eukaryota:mito
a2216063-43b2-41bb-bc53-6940b7b25bca	73513	1.0	confident	Dioon_edule:mito	Eukaryota:mito
8fcc6980-f461-41cf-bb44-3461f973f9c7	73513	1.0	confident	Dioon_edule:mito	Eukaryota:mito
e7537d45-8262-4520-99c3-6edb50147c12	73513	1.0	confident	Dioon_edule:mito	Eukaryota:mito
8efaecdb-bca7-4a30-96ec-9f018d4b078a	73513	1.0	confident	Dioon_edule:mito	Eukaryota:mito
ba6ecf84-8a0a-43ab-9693-c917b10acd33	73513	1.0	confident	Dioon_edule:mito	Eukaryota:mito
33e328d0-04ae-4287-bd11-1a2e9d30e0e5	73513	1.0	confident	Dioon_edule:mito	Eukaryota:mito
1b18de41-d714-4f53-bb9e-edd4cc6c21d5	73513	1.0	confident	Dioon_edule:mito	Eukaryota:mito
bbb3834a-6ccd-435d-b90d-0c4bdf84c50e	73513	0.999999999999998	high	Dioon_edule:mito	Eukaryota:mito
31458cba-805b-4769-829c-61cf3ce21d6d	73513	1.0	confident	Dioon_edule:mito	Eukaryota:mito
75b60004-0353-42e1-a9d3-23430dd133df	73513	1.0	confident	Dioon_edule:mito	Eukaryota:mito
02479e02-95fe-44ff-8f8c-eb037e878c60	73513	1.0	confident	Dioon_edule:mito	Eukaryota:mito
01a13a5f-f4c7-4f16-8ebf-4d6b24db6784	73513	1.0	confident	Dioon_edule:mito	Eukaryota:mito
36f524dc-1363-4860-9f2a-8d5c880d91af	73513	1.0	confident	Dioon_edule:mito	Eukaryota:mito
a4c56293-47d4-451b-bfb2-ae9e3deb4fbf	73513	1.0	confident	Dioon_edule:mito	Eukaryota:mito
6a5fc28c-3dad-45ea-98c8-4a2ae8bdc5ad	73513	1.0	confident	Dioon_edule:mito	Eukaryota:mito
6e4b7aa1-b360-4c71-9cb6-93be968c3f59	73513	1.0	confident	Dioon_edule:mito	Eukaryota:mito
6b28ae6b-00c8-4680-a366-bfaacd174fd2	73513	1.0	confident	Dioon_edule:mito	Eukaryota:mito
73f6b169-d95d-4f86-b629-3218f7fcf5cf	73513	1.0	confident	Dioon_edule:mito	Eukaryota:mito
03a172be-ace6-440a-80fc-317e776ca2d6	73513	1.0	confident	Dioon_edule:mito	Eukaryota:mito
2c028b81-fee0-4c0d-adea-be3e27fc592f	73513	1.0	confident	Dioon_edule:mito	Eukaryota:mito
323e2fc3-8ea5-4a34-8543-60163a18ed81	73513	1.0	confident	Dioon_edule:mito	Eukaryota:mito
2fd3f4ca-1c7e-4f1e-9f19-6e37fb52f0dc	73513	1.0	confident	Dioon_edule:mito	Eukaryota:mito
9a95c184-c621-4e7a-8812-ea6365007a79	73513	1.0	confident	Dioon_edule:mito	Eukaryota:mito
672992ac-3ff3-4535-87f2-97cd91d1d5e0	73513	1.0	confident	Dioon_edule:mito	Eukaryota:mito
319912e8-a2b5-4987-8b42-c187aa037cc2	10159	1.0	confident	Rhodomonas_salina:plas	Eukaryota:plas
a5457902-da32-42e9-8977-e624db334186	73513	1.0	confident	Dioon_edule:mito	Eukaryota:mito
07a6e8b8-02b2-4745-91f8-e47c1720c128	73513	1.0	confident	Dioon_edule:mito	Eukaryota:mito
4bf322cb-03b2-44a3-9407-b30a46ad56c9	73513	1.0	confident	Dioon_edule:mito	Eukaryota:mito
716bff0c-9ef6-467a-a9a6-fc159566ab44	73513	1.0	confident	Dioon_edule:mito	Eukaryota:mito
ef9e4b1b-d460-487f-8dbe-55dc325fb7e5	73513	1.0	confident	Dioon_edule:mito	Eukaryota:mito
d8e9b5dd-d662-44ce-bcf5-881f800dfee8	73513	1.0	confident	Dioon_edule:mito	Eukaryota:mito
47a55372-b60a-4977-b88c-b25ed75f24b3	73513	1.0	confident	Dioon_edule:mito	Eukaryota:mito
f2d347ab-336f-46ef-ab40-65975dca2a60	73513	1.0	confident	Dioon_edule:mito	Eukaryota:mito
7d80fcdf-bddb-4813-b105-900306f06174	73513	1.0	confident	Dioon_edule:mito	Eukaryota:mito
daf6f462-1d52-41f8-836f-6d2017d5b0a1	73513	1.0	confident	Dioon_edule:mito	Eukaryota:mito
2e079b8a-262c-4529-84e1-0695930a14ca	73513	1.0	confident	Dioon_edule:mito	Eukaryota:mito
162acfa7-27d3-4c74-a4ae-f0e26668d453	73513	1.0	confident	Dioon_edule:mito	Eukaryota:mito
f45d6dfe-e9ad-4982-af1d-0227ac0821be	73513	1.0	confident	Dioon_edule:mito	Eukaryota:mito
61ddfee2-cf11-4c51-a400-cca0b5036133	73513	1.0	confident	Dioon_edule:mito	Eukaryota:mito
1dddb463-1922-4575-9f31-d7c3bfd334fb	73513	1.0	confident	Dioon_edule:mito	Eukaryota:mito
bcd91526-e61e-4461-ba4b-71e96bc6d816	73513	1.0	confident	Dioon_edule:mito	Eukaryota:mito
e8e4ee34-ea2e-4294-888c-f518b7d6c4e0	73513	1.0	confident	Dioon_edule:mito	Eukaryota:mito
24ebb50d-accc-481c-aeeb-81a1078c8f93	73513	1.0	confident	Dioon_edule:mito	Eukaryota:mito
3cb8d12d-2066-485d-8311-1489f53c218c	73513	1.0	confident	Dioon_edule:mito	Eukaryota:mito
c66a2f53-9268-4514-8540-da51ff96f79b	73513	1.0	confident	Dioon_edule:mito	Eukaryota:mito
a4e842e6-17f2-4f23-8538-769f19314e36	73513	1.0	confident	Dioon_edule:mito	Eukaryota:mito
2c4c8d3c-10c2-432b-a070-a3b4bde538ca	73513	1.0	confident	Dioon_edule:mito	Eukaryota:mito
2f887bbb-5679-409e-837a-a22b34fb9afd	73513	1.0	confident	Dioon_edule:mito	Eukaryota:mito
add241dd-a120-45cc-8122-bd060de6f81d	73513	1.0	confident	Dioon_edule:mito	Eukaryota:mito
eeeb6483-806d-480e-a174-b16d65d34807	73513	1.0	confident	Dioon_edule:mito	Eukaryota:mito
8befd12c-90ec-470d-928b-6670e82aac5b	73513	1.0	confident	Dioon_edule:mito	Eukaryota:mito
149283f3-961a-4b6f-990a-9aee635cfcc3	73513	1.0	confident	Dioon_edule:mito	Eukaryota:mito
9931007c-6e3b-4161-9624-852bfa32b6d5	73513	1.0	confident	Dioon_edule:mito	Eukaryota:mito
91881780-3798-4c33-9c52-aa6185ca3d23	73513	1.0	confident	Dioon_edule:mito	Eukaryota:mito
1b42690f-4012-45f0-9e14-d9be00f0feb1	73513	1.0	confident	Dioon_edule:mito	Eukaryota:mito
fdbe2f66-0dc1-4532-a8c4-fe24e99f96e6	73513	1.0	confident	Dioon_edule:mito	Eukaryota:mito
078f6692-3a79-4f67-a9d9-55bf04103dab	73513	1.0	confident	Dioon_edule:mito	Eukaryota:mito
51b174a3-5779-43c0-9b01-66159bef76ce	73513	1.0	confident	Dioon_edule:mito	Eukaryota:mito
7367ccfd-b77e-4d45-b152-430677690067	73513	1.0	confident	Dioon_edule:mito	Eukaryota:mito
96d004c5-02f0-4611-b27e-c06643268fcb	73513	1.0	confident	Dioon_edule:mito	Eukaryota:mito
b8908c17-9342-4d36-9d46-6a793bc22a5b	73513	1.0	confident	Dioon_edule:mito	Eukaryota:mito
ecdd16c2-5394-47d6-bd79-839874aca518	73513	1.0	confident	Dioon_edule:mito	Eukaryota:mito
a8a923f4-dac1-46b8-b455-2ac53ed13d8d	73513	1.0	confident	Dioon_edule:mito	Eukaryota:mito
9ae5114c-f1aa-4ed8-bb0c-96e1da5a0b79	73513	1.0	confident	Dioon_edule:mito	Eukaryota:mito
61bc20e9-e092-423d-89d3-c8cb87b003da	73513	1.0	confident	Dioon_edule:mito	Eukaryota:mito
959d3ff2-7380-4fa8-8939-de890c76336d	73513	1.0	confident	Dioon_edule:mito	Eukaryota:mito
5b620d3d-d984-4b24-adbe-f20f8321f3ff	73513	1.0	confident	Dioon_edule:mito	Eukaryota:mito
3aa838f9-d973-44b3-b053-32229288b44c	73513	1.0	confident	Dioon_edule:mito	Eukaryota:mito
95dac30b-af33-40a5-8eee-18cdf0f5bb16	73513	1.0	confident	Dioon_edule:mito	Eukaryota:mito
717b0d98-b8d9-4915-82bc-798b9befae28	73513	1.0	confident	Dioon_edule:mito	Eukaryota:mito
a37cbf64-355a-4c96-9909-2d254872b775	73513	1.0	confident	Dioon_edule:mito	Eukaryota:mito
63472065-4372-4b3b-8ed8-99e478aa537b	73513	1.0	confident	Dioon_edule:mito	Eukaryota:mito
35a8f6d8-cebc-4fd8-86e3-fa6ecc818578	73513	1.0	confident	Dioon_edule:mito	Eukaryota:mito
b15844b4-5d6e-4964-bb22-f06f434a71a4	10159	1.0	confident	Rhodomonas_salina:plas	Eukaryota:plas
c60ac20a-7fa0-433d-b8dd-37ab01aefda5	73513	1.0	confident	Dioon_edule:mito	Eukaryota:mito
3478028a-8e21-447a-86e8-a4816bd647e6	73513	1.0	confident	Dioon_edule:mito	Eukaryota:mito
22ee1d1d-a800-4243-b98d-5cc2e542a1c5	73513	1.0	confident	Dioon_edule:mito	Eukaryota:mito
8edc9aca-bf9c-459c-a586-681398af06c4	73513	1.0	confident	Dioon_edule:mito	Eukaryota:mito
1c6ec2aa-28b2-4923-bdad-be68d97b5887	73513	1.0	confident	Dioon_edule:mito	Eukaryota:mito
92aff57f-3956-42ab-8975-a88fc8686707	73513	1.0	confident	Dioon_edule:mito	Eukaryota:mito
5d475777-6415-4a21-b06c-1d6c594df865	73513	1.0	confident	Dioon_edule:mito	Eukaryota:mito
fc146584-dea0-4284-883b-60ab37a42627	73513	1.0	confident	Dioon_edule:mito	Eukaryota:mito
aafcf05e-4399-4465-bf5e-36bcf270a3f4	73513	1.0	confident	Dioon_edule:mito	Eukaryota:mito
8b152742-69cb-4e4c-ad7b-e35211bb9fef	73513	1.0	confident	Dioon_edule:mito	Eukaryota:mito
226b7d98-6ef2-44fc-9f3c-c46ca0cdefe7	73513	1.0	confident	Dioon_edule:mito	Eukaryota:mito
990cb1e6-fd9c-45a3-9d6f-6f7044332e91	73513	1.0	confident	Dioon_edule:mito	Eukaryota:mito
28ac9e31-e0f0-428d-8236-e4110822c5fd	73513	1.0	confident	Dioon_edule:mito	Eukaryota:mito
2e6c1d78-e503-4bdd-adda-57f7173974df	73513	1.0	confident	Dioon_edule:mito	Eukaryota:mito
7ad4bb23-c219-4f91-bbe4-20eda160eee9	73513	1.0	confident	Dioon_edule:mito	Eukaryota:mito
36db05bd-bb01-4843-a0ef-969b399e26d7	73513	1.0	confident	Dioon_edule:mito	Eukaryota:mito
f1abf0b5-9d0f-41f6-83fe-5e4c1755c91c	73513	1.0	confident	Dioon_edule:mito	Eukaryota:mito
9752efa6-ff7c-4c10-96a1-15c4303ce1d9	73513	1.0	confident	Dioon_edule:mito	Eukaryota:mito
f763569c-7744-4917-aee7-62871144e891	73513	1.0	confident	Dioon_edule:mito	Eukaryota:mito
00e8cf36-0a42-4d2b-b4bc-5ddf60135373	73513	1.0	confident	Dioon_edule:mito	Eukaryota:mito
e9b09863-6ae0-4285-845c-96976f8403a0	73513	1.0	confident	Dioon_edule:mito	Eukaryota:mito
ff07962f-e455-4eeb-9b56-36913c1643c7	73513	1.0	confident	Dioon_edule:mito	Eukaryota:mito
51b0172f-0fff-4b34-a80d-83e9b810414b	73513	1.0	confident	Dioon_edule:mito	Eukaryota:mito
841abbf0-6b35-4d15-8e62-38f76790b885	73513	1.0	confident	Dioon_edule:mito	Eukaryota:mito
3a3576b9-039a-4aed-a97b-7290c80c0b31	73513	1.0	confident	Dioon_edule:mito	Eukaryota:mito
4a866d05-266a-405d-b260-62e60d6b3413	73513	1.0	confident	Dioon_edule:mito	Eukaryota:mito
85c4d2eb-9897-4813-af6d-510928775735	73513	1.0	confident	Dioon_edule:mito	Eukaryota:mito
e6a1c105-686f-489a-b933-e5f9de5bc348	73513	1.0	confident	Dioon_edule:mito	Eukaryota:mito
6ab3d6af-402f-4743-b522-254bcd09b249	73513	1.0	confident	Dioon_edule:mito	Eukaryota:mito
f33d6455-44f9-4a1b-b82c-649cac739b5d	73513	1.0	confident	Dioon_edule:mito	Eukaryota:mito
73662049-ccbb-492e-8fd3-fecfc9525396	73513	1.0	confident	Dioon_edule:mito	Eukaryota:mito
5832bd8f-d905-4149-812a-6d469e52a70d	73513	1.0	confident	Dioon_edule:mito	Eukaryota:mito
6087ead2-e9d9-4a43-9b0b-8329b75fb159	73513	1.0	confident	Dioon_edule:mito	Eukaryota:mito
c02cffe7-ebf1-4471-b4d8-6cdbe46959fa	73513	1.0	confident	Dioon_edule:mito	Eukaryota:mito
ff0b65ba-6f60-4a7c-8d34-7dcc56a4770c	73513	1.0	confident	Dioon_edule:mito	Eukaryota:mito
4b8fad45-f4f9-4cb9-81e5-8175be5324d0	73513	1.0	confident	Dioon_edule:mito	Eukaryota:mito
c0c56974-620d-4a94-a748-a05d035d5fa7	73513	1.0	confident	Dioon_edule:mito	Eukaryota:mito
5c335fdb-2be4-455f-9ad3-c5b11dc639a4	73513	1.0	confident	Dioon_edule:mito	Eukaryota:mito
f7829df9-99e4-4206-9b13-7cecdf46d2fc	73513	1.0	confident	Dioon_edule:mito	Eukaryota:mito
f4365e9d-e091-4bfa-accb-15e04ade6d64	73513	1.0	confident	Dioon_edule:mito	Eukaryota:mito
5c1ae9a5-5f7f-4838-ac9f-e969841e86b7	73513	1.0	confident	Dioon_edule:mito	Eukaryota:mito
abbbdf9b-2d7d-4c85-a89a-e69497dd1e01	73513	1.0	confident	Dioon_edule:mito	Eukaryota:mito
f69a37c1-ddbb-4076-b7f5-7c85c287f4cb	73513	1.0	confident	Dioon_edule:mito	Eukaryota:mito
24970cd4-e280-43e9-8261-c3206ea8d30a	73511	0.9999999998428456	high	Plantago_coronopus:mito	Eukaryota:mito
6678d91b-9973-47b9-8e02-260f39845cfe	73513	1.0	confident	Dioon_edule:mito	Eukaryota:mito
591eeb6f-8913-407b-a927-e8f179605f6c	73513	1.0	confident	Dioon_edule:mito	Eukaryota:mito
474a2dad-56ad-4ee8-9760-3e9214d2e0f8	73513	1.0	confident	Dioon_edule:mito	Eukaryota:mito
3a91ea4e-02f0-474c-ade0-2555a7f59da8	73513	1.0	confident	Dioon_edule:mito	Eukaryota:mito
ce01027a-fad4-4b64-8637-4b6906b09b35	73513	1.0	confident	Dioon_edule:mito	Eukaryota:mito
2d4dca95-d888-4559-a244-4196e7e61d44	73513	1.0	confident	Dioon_edule:mito	Eukaryota:mito
f0b27d1c-0fea-47f1-855b-91d9e1c4abea	73513	1.0	confident	Dioon_edule:mito	Eukaryota:mito
e04c6485-acaf-4200-bfa6-76d334865c9a	73513	1.0	confident	Dioon_edule:mito	Eukaryota:mito
1284f0e6-e2a8-4d2d-b714-9e329866bd8b	6722	1.0	confident	Epifagus_virginiana:plas	Eukaryota:plas
565d9134-3780-4571-8cc3-0e001d860746	73513	1.0	confident	Dioon_edule:mito	Eukaryota:mito
00646fe1-245e-4c41-89ba-76e0e7f4872a	73513	1.0	confident	Dioon_edule:mito	Eukaryota:mito
08569a80-2929-4df2-b2e3-83b9a27d02fb	73513	1.0	confident	Dioon_edule:mito	Eukaryota:mito
3991704d-8473-45ee-9686-f9a00ed0ee64	73513	1.0	confident	Dioon_edule:mito	Eukaryota:mito
269932a8-e46d-4b43-8334-cc11af9da849	73513	1.0	confident	Dioon_edule:mito	Eukaryota:mito
ad69bdf1-54e0-4467-b629-7926d820002e	73513	1.0	confident	Dioon_edule:mito	Eukaryota:mito
2cd15e9e-b6e4-46f3-8d4b-6ab6a350b799	73513	1.0	confident	Dioon_edule:mito	Eukaryota:mito
26a57d14-50a8-43d2-b3d9-baf866d95a18	73513	1.0	confident	Dioon_edule:mito	Eukaryota:mito
abbdcaff-c993-49c7-ace5-ac014d994064	73513	1.0	confident	Dioon_edule:mito	Eukaryota:mito
afa8bc09-bc8f-417a-9d28-a874b0c9420e	73513	1.0	confident	Dioon_edule:mito	Eukaryota:mito
8877ad08-e665-48f2-958f-e719b9e52dcc	73513	1.0	confident	Dioon_edule:mito	Eukaryota:mito
2ed96e72-5861-4925-b9b5-18a3d843bc47	73513	1.0	confident	Dioon_edule:mito	Eukaryota:mito
386f61cc-497f-4244-b8f4-dc1d67b3fbba	73513	1.0	confident	Dioon_edule:mito	Eukaryota:mito
c95737cd-4a9a-45bf-b661-ba54b39a8adc	73513	1.0	confident	Dioon_edule:mito	Eukaryota:mito
a1ae2455-d777-49d1-a996-6bb7507192f0	73513	1.0	confident	Dioon_edule:mito	Eukaryota:mito
14c29bfd-24f3-4437-af17-a0cded47cb46	73513	1.0	confident	Dioon_edule:mito	Eukaryota:mito
23b6f041-a3ad-4c67-a246-dd8641a04606	73513	1.0	confident	Dioon_edule:mito	Eukaryota:mito
8879eed6-9c08-4b4f-b672-34aa174059e0	73513	1.0	confident	Dioon_edule:mito	Eukaryota:mito
d4d6d473-aa95-4e28-a230-b9dd7f6ee6d1	73513	1.0	confident	Dioon_edule:mito	Eukaryota:mito
dd106f69-62cc-4500-8d20-34b4d8174d2b	73513	1.0	confident	Dioon_edule:mito	Eukaryota:mito
cbe3f3e5-0f1a-44eb-afab-977c9fb41dde	73513	1.0	confident	Dioon_edule:mito	Eukaryota:mito
300512ab-1623-4df0-9902-7430d394d273	73513	1.0	confident	Dioon_edule:mito	Eukaryota:mito
81601816-3d4b-40bf-9732-8620359f51b5	73513	1.0	confident	Dioon_edule:mito	Eukaryota:mito
e7521a8a-36ff-40c8-a1bd-8cda6cdaa83d	73513	1.0	confident	Dioon_edule:mito	Eukaryota:mito
bebb0f60-cc5e-43c8-bfe4-7cb7de188541	73513	1.0	confident	Dioon_edule:mito	Eukaryota:mito
05af8877-6177-4889-b085-2da9279707f1	73513	1.0	confident	Dioon_edule:mito	Eukaryota:mito
7de9bd68-c2db-42e5-886b-0cb4e40686af	73513	1.0	confident	Dioon_edule:mito	Eukaryota:mito
ef34fdfd-45a3-4a8b-8888-eb68567faab5	73513	1.0	confident	Dioon_edule:mito	Eukaryota:mito
a9c471b5-3e39-40de-9a7c-d5f3549bd0d1	73513	1.0	confident	Dioon_edule:mito	Eukaryota:mito
671d4d40-a153-493c-831a-d5ac72640857	73513	1.0	confident	Dioon_edule:mito	Eukaryota:mito
ee286ff9-59d5-477f-be41-5080c05b49e0	73513	1.0	confident	Dioon_edule:mito	Eukaryota:mito
d59d76c5-bafb-497f-8613-56a21a4fd2d0	73513	1.0	confident	Dioon_edule:mito	Eukaryota:mito
10a8c5a5-9db6-412d-9af1-228d111b657d	73513	1.0	confident	Dioon_edule:mito	Eukaryota:mito
73751900-dbaa-40f4-be67-a2792dc97c59	73513	1.0	confident	Dioon_edule:mito	Eukaryota:mito
7a4f0369-6676-40cd-8fb3-052bf736c8b5	73513	1.0	confident	Dioon_edule:mito	Eukaryota:mito
1a6f555e-6ce0-408a-bcb2-cd1b55bb85eb	73513	1.0	confident	Dioon_edule:mito	Eukaryota:mito
651264a8-1954-4461-95f3-73e8b5e0d4df	73513	1.0	confident	Dioon_edule:mito	Eukaryota:mito
b10df0a7-ed2a-4e32-b82d-47e8f9aa8a4b	73513	1.0	confident	Dioon_edule:mito	Eukaryota:mito
4e69b63b-2c5a-4671-9401-d4359c01916c	73513	1.0	confident	Dioon_edule:mito	Eukaryota:mito
26ff88c5-c106-4b1a-af1b-a2162f0fc192	73513	1.0	confident	Dioon_edule:mito	Eukaryota:mito
84331630-c03c-4e48-9de9-b5ed3cb5ded7	73513	1.0	confident	Dioon_edule:mito	Eukaryota:mito
678f35c0-0a45-4364-84f4-db652ce50551	73513	1.0	confident	Dioon_edule:mito	Eukaryota:mito
53233941-5361-4174-8e84-fad099b5bbf6	73513	1.0	confident	Dioon_edule:mito	Eukaryota:mito
fc7e3f78-324e-4788-ad62-ddacc5232f5d	73513	1.0	confident	Dioon_edule:mito	Eukaryota:mito
56eedfce-699a-4a6a-82a8-da6aa00a9b30	73513	1.0	confident	Dioon_edule:mito	Eukaryota:mito
09df434c-dcf4-46fd-9489-ba730b814c91	73513	1.0	confident	Dioon_edule:mito	Eukaryota:mito
c4f2901d-9ed4-4bbc-8303-f3ea4f4527b1	73513	1.0	confident	Dioon_edule:mito	Eukaryota:mito
cee27fe0-e16c-4cde-8fa7-c8b0c41d54ed	73513	1.0	confident	Dioon_edule:mito	Eukaryota:mito
119ae05b-ba36-4471-be60-71681f1e2653	73513	1.0	confident	Dioon_edule:mito	Eukaryota:mito
fb2294dc-960c-4420-ab58-c8e1af425616	73513	1.0	confident	Dioon_edule:mito	Eukaryota:mito
e7446a83-e844-42be-84c5-f5c90466397b	73513	1.0	confident	Dioon_edule:mito	Eukaryota:mito
a26cf61c-a0b7-41c3-b17f-f7aa332395a4	73513	1.0	confident	Dioon_edule:mito	Eukaryota:mito
7c9b225a-7c1f-463d-b144-d6e30a8dfb09	73513	1.0	confident	Dioon_edule:mito	Eukaryota:mito
9268ba6b-d216-44b7-8c9e-d86cb7e2a0ef	73513	1.0	confident	Dioon_edule:mito	Eukaryota:mito
3ce9047a-7bec-4b3e-979f-0d821178f220	73513	1.0	confident	Dioon_edule:mito	Eukaryota:mito
4d2414f7-3bfc-452a-aff2-ff4b18b66e5d	73513	1.0	confident	Dioon_edule:mito	Eukaryota:mito
fc7befdd-dbe4-4037-9c6c-154b1b7cbba6	73513	1.0	confident	Dioon_edule:mito	Eukaryota:mito
f1e485b7-b79f-488d-bcae-49b309a58ecc	73513	1.0	confident	Dioon_edule:mito	Eukaryota:mito
273fefaa-519e-4482-b220-e4a2f96af1d1	73513	1.0	confident	Dioon_edule:mito	Eukaryota:mito
10f08351-4d70-415f-ae66-0405600f2e35	73513	1.0	confident	Dioon_edule:mito	Eukaryota:mito
1691663b-e5b6-48c1-8d7b-ec67c719b324	73513	1.0	confident	Dioon_edule:mito	Eukaryota:mito
565c2b1f-6feb-46eb-b5af-e41d11860307	73513	1.0	confident	Dioon_edule:mito	Eukaryota:mito
cfa86ac7-7a22-4635-8583-a24c45c8491e	73513	1.0	confident	Dioon_edule:mito	Eukaryota:mito
47410c9e-5a69-4898-ac9d-32182fcaf3e5	73513	1.0	confident	Dioon_edule:mito	Eukaryota:mito
b267f4d2-c8a5-4a99-8078-87ec929d2cae	73513	1.0	confident	Dioon_edule:mito	Eukaryota:mito
417475b7-8534-4e5e-84af-80aaa6de7bce	10159	1.0	confident	Rhodomonas_salina:plas	Eukaryota:plas
759ab283-f778-453e-9770-22117cdc9abc	73513	1.0	confident	Dioon_edule:mito	Eukaryota:mito
aa59e71f-2f94-45f8-971a-a77dcfc5d92a	73513	1.0	confident	Dioon_edule:mito	Eukaryota:mito
3e2405d6-c887-4643-b75f-690f0233f360	73513	1.0	confident	Dioon_edule:mito	Eukaryota:mito
e979328a-f2e8-4e01-98fb-bc653d76fe13	73513	1.0	confident	Dioon_edule:mito	Eukaryota:mito
8bbdcfd7-4d3a-4fe3-b48c-3765fb8a09a0	73513	1.0	confident	Dioon_edule:mito	Eukaryota:mito
83eba430-7f7c-4626-aeb5-dd5e0bf263e1	73513	1.0	confident	Dioon_edule:mito	Eukaryota:mito
4e28b498-3869-4ec1-86a5-815ff0463eba	73513	1.0	confident	Dioon_edule:mito	Eukaryota:mito
822166a6-488a-43a7-990c-63a9a62e8043	73513	1.0	confident	Dioon_edule:mito	Eukaryota:mito
2a54d5f6-4d3b-4bc3-868e-48577c5c90ab	73513	1.0	confident	Dioon_edule:mito	Eukaryota:mito
5731fdda-46a5-4d29-95c0-3fe3b4dc3f55	73513	1.0	confident	Dioon_edule:mito	Eukaryota:mito
34ea6dde-a862-444b-ad4f-322379160ee1	73513	1.0	confident	Dioon_edule:mito	Eukaryota:mito
b82e5316-515e-4622-9b14-8b7172c3bb27	73513	1.0	confident	Dioon_edule:mito	Eukaryota:mito
0d1d4f63-e303-43a2-922f-195fbd89bb27	73513	1.0	confident	Dioon_edule:mito	Eukaryota:mito
50b183f0-79e5-47ee-a619-38d3527fb955	73513	1.0	confident	Dioon_edule:mito	Eukaryota:mito
61a1a078-b669-445a-b8af-c9adafc87c63	73513	1.0	confident	Dioon_edule:mito	Eukaryota:mito
7e6ae52b-71c7-4cc4-99a2-28497f32837f	73513	1.0	confident	Dioon_edule:mito	Eukaryota:mito
5ae59113-cf2f-462b-9bd3-1beb9c3c8fae	73513	1.0	confident	Dioon_edule:mito	Eukaryota:mito
5bf2b38c-cb09-426a-8851-bf1905bc229a	73513	1.0	confident	Dioon_edule:mito	Eukaryota:mito
09094308-d8e2-4572-8282-1ee31d84dbe0	73513	1.0	confident	Dioon_edule:mito	Eukaryota:mito
e8035142-7449-4c98-9134-fc2f211b7ca6	73513	1.0	confident	Dioon_edule:mito	Eukaryota:mito
abc94f1c-fb20-4e35-b165-1f93e99a2316	73513	1.0	confident	Dioon_edule:mito	Eukaryota:mito
f1bab8a7-1edf-414d-96d4-5e9b3901469a	73513	1.0	confident	Dioon_edule:mito	Eukaryota:mito
18c0f7e6-d0f3-403f-8909-f656e2389c5c	73513	1.0	confident	Dioon_edule:mito	Eukaryota:mito
38f4e6bd-1c68-4cbb-8da1-f5a78aff23b8	73513	1.0	confident	Dioon_edule:mito	Eukaryota:mito
66bc8e71-f98d-4fb1-bc16-1c1a8e2e7225	73513	1.0	confident	Dioon_edule:mito	Eukaryota:mito
12252dcb-a29d-4c0d-837e-df4251bee2ea	73513	1.0	confident	Dioon_edule:mito	Eukaryota:mito
e4ce40e7-2e85-4130-a800-5ed0f4343eeb	73513	1.0	confident	Dioon_edule:mito	Eukaryota:mito
13b9f085-40f7-4203-9f8f-bf705216a2d1	73513	1.0	confident	Dioon_edule:mito	Eukaryota:mito
47589653-e319-4aaf-8890-187471ff7283	73513	1.0	confident	Dioon_edule:mito	Eukaryota:mito
ca719b04-d287-4092-8087-0d93c104e2d7	73513	1.0	confident	Dioon_edule:mito	Eukaryota:mito
6100495e-9670-465e-9a14-648f2c3f9d42	73513	1.0	confident	Dioon_edule:mito	Eukaryota:mito
c89a3170-1841-4787-a89c-7210c2cfa12b	73513	1.0	confident	Dioon_edule:mito	Eukaryota:mito
53d23f38-291d-400c-adc0-18afc6d22777	73513	1.0	confident	Dioon_edule:mito	Eukaryota:mito
9c16eb67-6b2d-40ca-bf85-da1a93fd01a2	73513	1.0	confident	Dioon_edule:mito	Eukaryota:mito
2a04ffe4-c8ef-42b1-b852-82b49bf3cb57	73513	1.0	confident	Dioon_edule:mito	Eukaryota:mito
8c4667fa-3692-4a85-825e-e8ba9b938d80	73513	1.0	confident	Dioon_edule:mito	Eukaryota:mito
e332c731-f0f5-42fa-877a-729ca2657941	73513	1.0	confident	Dioon_edule:mito	Eukaryota:mito
abf53675-4f0c-4f42-a36e-a2b497b82836	73513	1.0	confident	Dioon_edule:mito	Eukaryota:mito
2a4e21a9-c40e-428f-92ae-9e10b82f847b	73513	1.0	confident	Dioon_edule:mito	Eukaryota:mito
6d67c279-834c-4107-a509-c471e8b76b2e	73513	1.0	confident	Dioon_edule:mito	Eukaryota:mito
99a1565b-dc2f-4111-936b-efc08f09a665	73513	1.0	confident	Dioon_edule:mito	Eukaryota:mito
10f2d2d3-c297-428b-9908-102f199cb03c	73513	1.0	confident	Dioon_edule:mito	Eukaryota:mito
bba25be2-5a8e-415b-854e-ea6d1b81eb2b	73513	1.0	confident	Dioon_edule:mito	Eukaryota:mito
d5de4446-1639-4466-8ffc-4c51f6e4997b	73513	1.0	confident	Dioon_edule:mito	Eukaryota:mito
f097f566-0b26-4e21-a2ea-0a4252975eb7	73513	1.0	confident	Dioon_edule:mito	Eukaryota:mito
56914447-c9d8-4de1-b088-846467daf6dc	73513	1.0	confident	Dioon_edule:mito	Eukaryota:mito
a03558f4-37c9-4d1f-abdc-d3dce0c8a367	73513	1.0	confident	Dioon_edule:mito	Eukaryota:mito
1adfa65f-b1c6-492c-b018-aa6dead61ece	73513	1.0	confident	Dioon_edule:mito	Eukaryota:mito
3ca61484-9974-4ec9-bd34-77bd645c7aa3	73513	1.0	confident	Dioon_edule:mito	Eukaryota:mito
60a8f467-67f1-4ce9-b440-f3cf06011a56	73513	1.0	confident	Dioon_edule:mito	Eukaryota:mito
aabacc12-a839-40f8-b417-ed6f6cc5681b	73513	1.0	confident	Dioon_edule:mito	Eukaryota:mito
7ab5e032-6d80-4a13-8de1-f6f860a24932	73513	1.0	confident	Dioon_edule:mito	Eukaryota:mito
79d9d7d7-c00c-4871-b083-5392230349d1	73513	1.0	confident	Dioon_edule:mito	Eukaryota:mito
cb4818fd-3747-4a79-a060-67bbc4a9df92	73513	1.0	confident	Dioon_edule:mito	Eukaryota:mito
eb26515b-3aca-4f77-a556-9bf5543edd91	73513	1.0	confident	Dioon_edule:mito	Eukaryota:mito
a357c3fe-8599-40f4-b97a-dbde649755c0	73513	1.0	confident	Dioon_edule:mito	Eukaryota:mito
345d8c55-e2f2-463f-9d9d-b9338858893b	73513	1.0	confident	Dioon_edule:mito	Eukaryota:mito
563b3d4f-1c84-4902-bbc2-7476984dadbd	73513	1.0	confident	Dioon_edule:mito	Eukaryota:mito
ec014973-f33b-4795-bc0a-92e71138d8da	73513	1.0	confident	Dioon_edule:mito	Eukaryota:mito
dee54bd2-4385-4774-80e2-c043cdb4dc8b	73513	1.0	confident	Dioon_edule:mito	Eukaryota:mito
e1e37fe5-07af-4fd6-9761-8e48147d7f6a	73513	1.0	confident	Dioon_edule:mito	Eukaryota:mito
72976206-f747-4922-b9f2-4ea69dfdc640	73513	1.0	confident	Dioon_edule:mito	Eukaryota:mito
e3fbe090-a877-416d-9ac5-e49e2efe6f48	73513	1.0	confident	Dioon_edule:mito	Eukaryota:mito
ae3ac614-4f1b-4a88-a932-16653878b6eb	73513	1.0	confident	Dioon_edule:mito	Eukaryota:mito
5bae7f76-d7ca-4a79-a7d1-f6a162bdaff4	73513	1.0	confident	Dioon_edule:mito	Eukaryota:mito
164ec970-d60c-4490-ae13-613dcec818fa	73513	1.0	confident	Dioon_edule:mito	Eukaryota:mito
38cb3c85-36cd-4986-8eb5-4e5a607322d0	73513	1.0	confident	Dioon_edule:mito	Eukaryota:mito
20707e95-3264-4520-b250-a563f64c2748	73513	1.0	confident	Dioon_edule:mito	Eukaryota:mito
0ffe8d6a-a1c5-4306-9ef1-a916ea036ce8	73513	1.0	confident	Dioon_edule:mito	Eukaryota:mito
2bd6da93-9425-401a-b5aa-cb065cd5a8bb	73513	1.0	confident	Dioon_edule:mito	Eukaryota:mito
31fadf03-8c60-4020-b7d6-38153778368a	73513	1.0	confident	Dioon_edule:mito	Eukaryota:mito
0e0cc912-787b-4366-b5f4-2d5d5fff76cf	73513	1.0	confident	Dioon_edule:mito	Eukaryota:mito
742eb3d0-f986-4648-8f08-a5f62f337b3d	73513	1.0	confident	Dioon_edule:mito	Eukaryota:mito
c3e69080-2edb-45a7-be95-26da34b169d4	73513	1.0	confident	Dioon_edule:mito	Eukaryota:mito
d535ac3c-1db3-4ce1-8ed3-93de66ad92e8	73513	1.0	confident	Dioon_edule:mito	Eukaryota:mito
c8e86fde-9244-43bb-9944-6c4c01daea10	73513	1.0	confident	Dioon_edule:mito	Eukaryota:mito
0c9d8f03-5294-4e0d-849d-8de5f507646e	73513	1.0	confident	Dioon_edule:mito	Eukaryota:mito
d746febf-a336-4320-97f6-54cedf2d92f7	73513	1.0	confident	Dioon_edule:mito	Eukaryota:mito
9f11c36a-a89e-40d0-94d3-9184967b3295	73513	1.0	confident	Dioon_edule:mito	Eukaryota:mito
b904af8f-235e-408b-9274-90f487345e8a	73513	1.0	confident	Dioon_edule:mito	Eukaryota:mito
79864299-6998-4872-884c-a945d950a989	73513	1.0	confident	Dioon_edule:mito	Eukaryota:mito
44321603-246c-4fb3-9ca1-91d307505073	73513	1.0	confident	Dioon_edule:mito	Eukaryota:mito
1cb44fa4-9c69-4b2d-9ef2-d7ed72338f5a	73513	1.0	confident	Dioon_edule:mito	Eukaryota:mito
78386835-fb2f-4e39-b1c9-faf9a8e5c325	73513	1.0	confident	Dioon_edule:mito	Eukaryota:mito
2673bf19-c8ef-4811-ae45-f240e44a01d5	73513	1.0	confident	Dioon_edule:mito	Eukaryota:mito
3b19e0b1-d657-466e-809a-ad458ee83964	73513	1.0	confident	Dioon_edule:mito	Eukaryota:mito
95788112-c55d-4d62-a7f1-ab20771463f5	73513	1.0	confident	Dioon_edule:mito	Eukaryota:mito
6c3f5c6c-570a-4029-ab9c-c10ac6dfea0e	73513	1.0	confident	Dioon_edule:mito	Eukaryota:mito
0115bccd-ef48-4410-a58c-a36a2a5f99fe	73513	1.0	confident	Dioon_edule:mito	Eukaryota:mito
850023f4-05f8-441d-9008-2ff5a12a7084	73513	1.0	confident	Dioon_edule:mito	Eukaryota:mito
788c8bf1-1a0b-4a14-bf92-12a973332182	73513	1.0	confident	Dioon_edule:mito	Eukaryota:mito
38446109-be72-41c9-a194-1da95d2698fd	73513	1.0	confident	Dioon_edule:mito	Eukaryota:mito
a6d5bc73-6299-4b24-aff4-93dd9d52b4e4	73513	1.0	confident	Dioon_edule:mito	Eukaryota:mito
17576405-35d5-434d-a285-310ccb2f8c59	73513	1.0	confident	Dioon_edule:mito	Eukaryota:mito
ba21654c-cb7c-4d0f-9db8-2be5889078e4	73513	1.0	confident	Dioon_edule:mito	Eukaryota:mito
5b16a1ad-a71f-4204-8331-7497f1bd8c1b	73513	1.0	confident	Dioon_edule:mito	Eukaryota:mito
91b4dc9f-41d3-4055-afab-7150210a22e5	73513	1.0	confident	Dioon_edule:mito	Eukaryota:mito
c55b8ee3-91c0-4a78-b58c-7ffc08478214	73513	1.0	confident	Dioon_edule:mito	Eukaryota:mito
f8d390d8-5c7a-47e3-aa5d-33296e867a97	73513	1.0	confident	Dioon_edule:mito	Eukaryota:mito
3d7bd160-8f14-4e82-8333-a05cd60f1577	73513	1.0	confident	Dioon_edule:mito	Eukaryota:mito
eb86948a-aee2-40cf-ae2b-08df0c8dbf6c	73513	1.0	confident	Dioon_edule:mito	Eukaryota:mito
53a533ca-f1bb-4d00-b94a-6ba93e578862	73513	1.0	confident	Dioon_edule:mito	Eukaryota:mito
414a91a4-2bfb-4864-9cba-5f4431fe142f	73513	1.0	confident	Dioon_edule:mito	Eukaryota:mito
bba0a425-51a7-4992-a01f-a9872c0d19ed	73513	1.0	confident	Dioon_edule:mito	Eukaryota:mito
09d0a8ce-1d5c-4e6c-929b-43efae1d6ce7	73513	1.0	confident	Dioon_edule:mito	Eukaryota:mito
77d9f03f-a770-4827-8043-bd7e772e9f67	73513	1.0	confident	Dioon_edule:mito	Eukaryota:mito
e02d5df5-8ada-421e-ad38-6185a4913074	73513	1.0	confident	Dioon_edule:mito	Eukaryota:mito
86325f61-7750-490f-a875-85d166b286b4	73513	1.0	confident	Dioon_edule:mito	Eukaryota:mito
ba279a85-fa38-46e1-ac27-5717d4141b67	73513	1.0	confident	Dioon_edule:mito	Eukaryota:mito
6bb3e3e1-76e6-4ca8-8a2e-c4cece13fc2a	73513	1.0	confident	Dioon_edule:mito	Eukaryota:mito
5ca288dc-ba66-4cc7-88b8-0d2fd9773325	73513	1.0	confident	Dioon_edule:mito	Eukaryota:mito
8989227a-5013-4a07-b1e3-dc7e0b27535e	73513	1.0	confident	Dioon_edule:mito	Eukaryota:mito
8e45c59b-1ade-4cd0-886a-c4b90db454c1	73513	1.0	confident	Dioon_edule:mito	Eukaryota:mito
b516ab2c-0ecc-4427-8b8c-6095f968134e	73513	1.0	confident	Dioon_edule:mito	Eukaryota:mito
b28a754d-459a-4536-bbed-1cb045a190b1	73513	1.0	confident	Dioon_edule:mito	Eukaryota:mito
839a2838-b5d7-4f7c-8a2b-4f37bf55de3c	73511	0.9999999999714796	high	Plantago_coronopus:mito	Eukaryota:mito
9c4ba16c-b343-4e07-8935-8817d094d9d3	73513	1.0	confident	Dioon_edule:mito	Eukaryota:mito
8b7c7775-c803-4e75-8570-b359afe034d1	73513	1.0	confident	Dioon_edule:mito	Eukaryota:mito
05d5c623-f36d-45a2-8abe-2482a8e0f00d	73513	1.0	confident	Dioon_edule:mito	Eukaryota:mito
8a1665b4-8fa9-49c8-9ab5-0ff16d8c911c	73513	1.0	confident	Dioon_edule:mito	Eukaryota:mito
9c68f5ee-71fb-4c90-82b8-5d7cdd0e9528	73513	1.0	confident	Dioon_edule:mito	Eukaryota:mito
3e475b7d-78c0-4c6e-bc84-4d0370983097	73513	1.0	confident	Dioon_edule:mito	Eukaryota:mito
3b093a7d-6f0d-4990-959e-cb01b7afd805	73513	1.0	confident	Dioon_edule:mito	Eukaryota:mito
fa4c76ae-48fc-4a01-aa0e-dd9b79cfdaf0	73513	1.0	confident	Dioon_edule:mito	Eukaryota:mito
0e19910c-ec0f-4278-841b-39c55f1b4302	73513	1.0	confident	Dioon_edule:mito	Eukaryota:mito
dc097c60-2a98-4883-9b96-64ea4181ceb2	73513	1.0	confident	Dioon_edule:mito	Eukaryota:mito
ca470aa9-8836-4f99-a329-fea4d0e4fd81	73513	1.0	confident	Dioon_edule:mito	Eukaryota:mito
539e435f-f870-4cf9-92f1-670e84badfa8	73513	1.0	confident	Dioon_edule:mito	Eukaryota:mito
79295e2c-4717-4608-acb1-61bed0e3d158	73511	0.999999999817294	high	Plantago_coronopus:mito	Eukaryota:mito
64109da8-5932-478f-8cc0-f289e2b7350d	73513	1.0	confident	Dioon_edule:mito	Eukaryota:mito
da25966f-8241-4066-ba85-f447337e8e2e	73513	0.7929006061967151	medium	Dioon_edule:mito	Eukaryota:mito
e38e9720-6f40-4071-b119-cae2f808b8a4	73513	1.0	confident	Dioon_edule:mito	Eukaryota:mito
e9395d6a-7f79-4639-9a14-398c44cf9454	73513	1.0	confident	Dioon_edule:mito	Eukaryota:mito
58a3a421-d7d9-4d1c-9a46-541f5f02ee24	73513	1.0	confident	Dioon_edule:mito	Eukaryota:mito
30f75b1b-8770-4267-88f5-bd19859774f5	73513	1.0	confident	Dioon_edule:mito	Eukaryota:mito
70c6911f-16c1-431a-ac30-8ee588166f92	73513	1.0	confident	Dioon_edule:mito	Eukaryota:mito
f9f56b04-17f4-476a-8bea-7a48c1f552a9	73511	0.9999999987511788	high	Plantago_coronopus:mito	Eukaryota:mito
f057679b-14b4-4f19-b803-58ee5ea167a4	73513	1.0	confident	Dioon_edule:mito	Eukaryota:mito
80d607cf-c79c-494e-93d8-81416bb59753	73513	1.0	confident	Dioon_edule:mito	Eukaryota:mito
2e217a80-73e9-4b4e-b9d8-05ac9db3b297	73513	1.0	confident	Dioon_edule:mito	Eukaryota:mito
5c918261-5596-4a1d-a9c0-410df3d8c55c	73513	1.0	confident	Dioon_edule:mito	Eukaryota:mito
fcb1929f-83b3-426e-a6a4-3b279c8f7bad	73513	1.0	confident	Dioon_edule:mito	Eukaryota:mito
f4dedb0a-541a-4b75-b210-2db46abcafee	73513	1.0	confident	Dioon_edule:mito	Eukaryota:mito
655e01e0-2ca1-4601-99b1-64f2d2ebb69a	73513	1.0	confident	Dioon_edule:mito	Eukaryota:mito
adba71e7-4432-44a0-91fe-b1c6b48e3866	73513	1.0	confident	Dioon_edule:mito	Eukaryota:mito
5bc05f99-1052-4505-b7b6-ea7f5e34957f	73513	1.0	confident	Dioon_edule:mito	Eukaryota:mito
7455e894-c575-46d0-a58c-879f3598b0fb	73513	1.0	confident	Dioon_edule:mito	Eukaryota:mito
9817926a-e62d-43cd-a4fc-e3c20a44759d	10159	1.0	confident	Rhodomonas_salina:plas	Eukaryota:plas
29d03f0d-e6f4-4aa4-8904-1fdc32f881fd	73513	1.0	confident	Dioon_edule:mito	Eukaryota:mito
38b9801c-5c31-4dfa-9686-76cacd4bb1f6	73513	1.0	confident	Dioon_edule:mito	Eukaryota:mito
5a59237f-0f14-4690-9dc0-f2a6594d7b4b	73513	1.0	confident	Dioon_edule:mito	Eukaryota:mito
663efeed-55e6-4c2e-8ec0-558f03578339	73513	1.0	confident	Dioon_edule:mito	Eukaryota:mito
771333a0-73e3-48d3-994d-4a41dc7d4ba1	73513	1.0	confident	Dioon_edule:mito	Eukaryota:mito
cfc8bcf0-692a-4dea-a7db-c0e3dcdde8a1	10159	1.0	confident	Rhodomonas_salina:plas	Eukaryota:plas
a7fbc8d2-0aad-427a-a7b3-b63bae0e647d	73513	1.0	confident	Dioon_edule:mito	Eukaryota:mito
c881d190-ea94-4470-a1dc-2f054b292e12	73513	1.0	confident	Dioon_edule:mito	Eukaryota:mito
17b696de-c3d2-4992-8b18-57c24e81ff56	73513	1.0	confident	Dioon_edule:mito	Eukaryota:mito
7d65a60b-9c9c-4128-9eac-f4bdaf3da9b1	73513	1.0	confident	Dioon_edule:mito	Eukaryota:mito
3a890d63-5585-4364-ade9-995d4f8c5be2	73513	1.0	confident	Dioon_edule:mito	Eukaryota:mito
e5e21935-5117-4f65-b426-a76abf60ee53	73513	1.0	confident	Dioon_edule:mito	Eukaryota:mito
1dbc4080-1a68-467f-9268-8ce03909bd50	73513	1.0	confident	Dioon_edule:mito	Eukaryota:mito
34d6003f-e0e3-49ea-abc9-146f8c680c5d	73513	1.0	confident	Dioon_edule:mito	Eukaryota:mito
e4c3f6fd-d704-4179-b83e-92baf88292d2	73513	1.0	confident	Dioon_edule:mito	Eukaryota:mito
20d95141-a976-4d03-bce8-fd7a314737b2	73513	1.0	confident	Dioon_edule:mito	Eukaryota:mito
110ad7e6-d668-49d2-b854-403537d8c8be	73513	1.0	confident	Dioon_edule:mito	Eukaryota:mito
bdf0b5b5-f6a2-426b-91ea-7155b4fc6c97	73513	1.0	confident	Dioon_edule:mito	Eukaryota:mito
fb406df7-ee25-4b63-8ec4-d45943f189e7	73513	1.0	confident	Dioon_edule:mito	Eukaryota:mito
c8e80c06-a4f0-4cb2-b89f-0a137bc84596	73513	1.0	confident	Dioon_edule:mito	Eukaryota:mito
3e29549b-e150-4ce4-8df4-2cc543dad562	6722	1.0	confident	Epifagus_virginiana:plas	Eukaryota:plas
0ff14aaa-fadb-465b-bbd1-3858ccf09d0f	73513	1.0	confident	Dioon_edule:mito	Eukaryota:mito
a58710cb-5075-49f1-9373-f5d46f858d80	73513	1.0	confident	Dioon_edule:mito	Eukaryota:mito
8a0de337-a9fb-4077-8823-14a5b5613653	73513	1.0	confident	Dioon_edule:mito	Eukaryota:mito
785b1c8c-685a-4377-94e4-e95d868567f3	73513	1.0	confident	Dioon_edule:mito	Eukaryota:mito
2160e3d2-b310-4f1a-8246-077ed75d08b6	73513	1.0	confident	Dioon_edule:mito	Eukaryota:mito
3cabc1ac-5ea4-42e1-91b6-3ae3595321c3	73513	1.0	confident	Dioon_edule:mito	Eukaryota:mito
0be58ba4-241b-414d-a38d-5032f7a11289	73513	1.0	confident	Dioon_edule:mito	Eukaryota:mito
f5199dc5-cfa3-449f-bb48-fbcaa80bcb66	73513	1.0	confident	Dioon_edule:mito	Eukaryota:mito
ad1b1f9e-1a6d-494f-9719-5cd1e6f05d26	73513	1.0	confident	Dioon_edule:mito	Eukaryota:mito
09f6341c-b76b-4cbf-a090-0fd4118b91bd	73513	1.0	confident	Dioon_edule:mito	Eukaryota:mito
11d65f50-8f29-4bfb-856c-70364ec0a879	73513	1.0	confident	Dioon_edule:mito	Eukaryota:mito
6526e051-546c-4dc1-b5f9-04f953c65344	73513	1.0	confident	Dioon_edule:mito	Eukaryota:mito
d626aca8-74b8-4250-8426-dc38b9b530d0	73513	1.0	confident	Dioon_edule:mito	Eukaryota:mito
fa5a0587-9c8d-45b2-8419-10f26f0e0902	10159	1.0	confident	Rhodomonas_salina:plas	Eukaryota:plas
f6c86d24-d24e-4b3d-a6d1-097ccbb65ca3	73513	1.0	confident	Dioon_edule:mito	Eukaryota:mito
75c3122d-74d7-472f-9c01-99426be02626	73513	1.0	confident	Dioon_edule:mito	Eukaryota:mito
a3c4aeba-2f41-4b01-bef5-1be884d375c2	73513	1.0	confident	Dioon_edule:mito	Eukaryota:mito
df3f1a55-5bc0-43b6-be1b-6015ec330cb7	73513	1.0	confident	Dioon_edule:mito	Eukaryota:mito
e46569b6-6eb9-4c58-bffe-f94d93ec35bc	73513	1.0	confident	Dioon_edule:mito	Eukaryota:mito
1b59ce55-6d37-4070-81ce-ec7734c8d95e	73513	1.0	confident	Dioon_edule:mito	Eukaryota:mito
e1927044-c542-4cc5-917e-e24f9235b525	73513	1.0	confident	Dioon_edule:mito	Eukaryota:mito
6194bad9-566f-4fa3-b92f-f9845e61591a	73513	1.0	confident	Dioon_edule:mito	Eukaryota:mito
5edd6d1f-62a6-42d5-b911-1f511190cbf2	73513	1.0	confident	Dioon_edule:mito	Eukaryota:mito
7d21ae3b-0f43-4f35-98d5-c9d5e8e83c57	73513	1.0	confident	Dioon_edule:mito	Eukaryota:mito
fdeca606-34f5-4a70-a7ad-2577c3cf108d	73513	1.0	confident	Dioon_edule:mito	Eukaryota:mito
4f2ed02c-cf9a-4403-8d8d-52b04183d558	73513	1.0	confident	Dioon_edule:mito	Eukaryota:mito
72a85daa-9859-4c58-b108-01c7110afa3a	73513	1.0	confident	Dioon_edule:mito	Eukaryota:mito
8a780350-064e-48a7-af36-71c39bd7a037	73513	1.0	confident	Dioon_edule:mito	Eukaryota:mito
86575450-5774-404b-a953-04ffe345bc70	73513	1.0	confident	Dioon_edule:mito	Eukaryota:mito
5173dda5-dfdc-4c6c-8d30-28d8913682d3	73513	1.0	confident	Dioon_edule:mito	Eukaryota:mito
99be0384-4224-461d-8276-4dcb4d3315a1	73513	1.0	confident	Dioon_edule:mito	Eukaryota:mito
c0287cb2-b892-4461-8e4d-a48e58457b40	73513	1.0	confident	Dioon_edule:mito	Eukaryota:mito
dcb7d313-d504-4cd4-b590-70ea24a4adb5	73513	1.0	confident	Dioon_edule:mito	Eukaryota:mito
ad43aa08-1367-4e0a-929d-51de3d62c849	73513	0.9999999999999918	high	Dioon_edule:mito	Eukaryota:mito
7f87d2b1-023b-482f-99d0-c148632a8b95	73513	1.0	confident	Dioon_edule:mito	Eukaryota:mito
82e3d9dc-81f4-4a40-a7d6-b91bac4e0683	73513	1.0	confident	Dioon_edule:mito	Eukaryota:mito
6c745908-7cc3-43f0-9953-58a6721177df	73513	1.0	confident	Dioon_edule:mito	Eukaryota:mito
3187209d-31b1-4342-b335-664be8200f72	73513	1.0	confident	Dioon_edule:mito	Eukaryota:mito
1d948ee6-5c90-4276-8448-fc92e557bf19	73513	1.0	confident	Dioon_edule:mito	Eukaryota:mito
39893028-2998-40aa-80ba-fec44224078b	73513	1.0	confident	Dioon_edule:mito	Eukaryota:mito
fe83084e-e5fa-4e0e-bd9f-aa435f094e95	73513	1.0	confident	Dioon_edule:mito	Eukaryota:mito
e3062ee0-74ed-4e77-a196-95dec8634e7a	73513	1.0	confident	Dioon_edule:mito	Eukaryota:mito
b7fdccdf-65e1-4ff2-bcfd-75fdfc6773c6	73513	1.0	confident	Dioon_edule:mito	Eukaryota:mito
98905127-cc96-494f-9f83-4cd1dfaecb85	73513	1.0	confident	Dioon_edule:mito	Eukaryota:mito
d760cf4c-b2d5-4562-a2f2-d0bdfe00a49f	73513	1.0	confident	Dioon_edule:mito	Eukaryota:mito
8538b4cd-c1a1-447b-a1f3-dbae00cde375	73513	1.0	confident	Dioon_edule:mito	Eukaryota:mito
3b1a5dcc-dcb4-410a-905b-31280ff5a5d1	73513	1.0	confident	Dioon_edule:mito	Eukaryota:mito
a75d4ddb-efc2-4d52-a615-9edd12b4fd13	73513	1.0	confident	Dioon_edule:mito	Eukaryota:mito
9b7cecc1-8ad8-4eae-83bd-1300e7190a4a	73513	1.0	confident	Dioon_edule:mito	Eukaryota:mito
c24a7a76-e0f9-4b0b-bdc1-5f9de2de0110	73513	1.0	confident	Dioon_edule:mito	Eukaryota:mito
93067fbb-0ad6-43e7-9433-2ece3a808a14	73513	1.0	confident	Dioon_edule:mito	Eukaryota:mito
8e160f0a-a5e6-4b49-82e5-bcf1a4acca3f	73513	1.0	confident	Dioon_edule:mito	Eukaryota:mito
730d0d0a-dd10-440d-b215-1934a5a856c7	73513	1.0	confident	Dioon_edule:mito	Eukaryota:mito
4af7dd96-bf71-4718-840e-6e1106d5ebcf	73513	1.0	confident	Dioon_edule:mito	Eukaryota:mito
e5caef68-e8b3-4234-be78-54b9d3c816c8	73513	1.0	confident	Dioon_edule:mito	Eukaryota:mito
3bf80d5f-dc27-4c20-8314-9e2c941ed167	73513	1.0	confident	Dioon_edule:mito	Eukaryota:mito
963bb8de-3690-4cea-95ef-bb803c3e31fb	73513	1.0	confident	Dioon_edule:mito	Eukaryota:mito
75cfcefb-2306-41a3-88bf-cb5abe812d49	73513	1.0	confident	Dioon_edule:mito	Eukaryota:mito
a32db7a7-0db1-4934-be55-5f0f2f350b19	73513	1.0	confident	Dioon_edule:mito	Eukaryota:mito
4987a4b8-405a-40fa-b300-5ae84b408b4b	73513	1.0	confident	Dioon_edule:mito	Eukaryota:mito
2c564ca0-2932-45ca-9f9f-17512ca93abb	73513	1.0	confident	Dioon_edule:mito	Eukaryota:mito
e8b18c7a-05eb-4bfc-bdcb-c48fc84a8a50	73513	1.0	confident	Dioon_edule:mito	Eukaryota:mito
aebb66f8-357f-4d04-b303-39f870af07b6	73513	1.0	confident	Dioon_edule:mito	Eukaryota:mito
0f6ae591-2c76-46c9-a2ad-e161ea776290	73513	1.0	confident	Dioon_edule:mito	Eukaryota:mito
0a5ed9a8-2b18-45d9-a0b0-9e60cfed7b61	73513	1.0	confident	Dioon_edule:mito	Eukaryota:mito
d4c76ec2-7202-4827-b09a-276baca2dade	73513	1.0	confident	Dioon_edule:mito	Eukaryota:mito
fc1d6d12-4404-401e-87f6-7275fe0638f2	73513	1.0	confident	Dioon_edule:mito	Eukaryota:mito
3210a7d9-0a18-4677-8415-dc7053319df7	73513	1.0	confident	Dioon_edule:mito	Eukaryota:mito
28d527e0-2778-4ac7-be07-10cbcf7ca28d	73513	1.0	confident	Dioon_edule:mito	Eukaryota:mito
3d2e466b-2b5a-4388-9ebe-f85a8452e442	73513	1.0	confident	Dioon_edule:mito	Eukaryota:mito
41a877ef-00fb-4dc2-9fdc-6f7e6e70301d	73513	1.0	confident	Dioon_edule:mito	Eukaryota:mito
5dea8e6d-64af-4c41-9c78-d5ae38cc0b1c	73513	1.0	confident	Dioon_edule:mito	Eukaryota:mito
30cfefb2-1e25-461f-b955-a8d1c2643866	73513	1.0	confident	Dioon_edule:mito	Eukaryota:mito
b2588fe0-6e57-413f-86c0-4c100788a090	73513	1.0	confident	Dioon_edule:mito	Eukaryota:mito
7d8f1ce7-6cad-47b2-b7bf-2a129a4f0b2e	73513	1.0	confident	Dioon_edule:mito	Eukaryota:mito
10f9107e-d065-4434-a945-8439c2fee15d	73513	1.0	confident	Dioon_edule:mito	Eukaryota:mito
b817f7d2-d5f8-48f1-b16e-204626ca5b0d	73513	1.0	confident	Dioon_edule:mito	Eukaryota:mito
c5f65567-0599-4679-9052-5bec6839459c	73513	1.0	confident	Dioon_edule:mito	Eukaryota:mito
79329365-09d0-4a41-b89f-f53abc7f3c68	73513	1.0	confident	Dioon_edule:mito	Eukaryota:mito
82ec1de9-3e66-45fc-8c1f-abf771be4e3b	73513	1.0	confident	Dioon_edule:mito	Eukaryota:mito
6777efda-b566-4200-85a6-43efab7c5ee1	73513	1.0	confident	Dioon_edule:mito	Eukaryota:mito
6d471769-3292-4259-9e06-b8ac9dbf4a86	73513	1.0	confident	Dioon_edule:mito	Eukaryota:mito
cd700f84-5ce4-4600-b9fa-627145f5336e	73513	1.0	confident	Dioon_edule:mito	Eukaryota:mito
181c3c8c-33f9-4ec1-9101-0e450b1194f7	73513	1.0	confident	Dioon_edule:mito	Eukaryota:mito
03aa1d3a-62d8-4105-9292-acdee49201e2	73513	1.0	confident	Dioon_edule:mito	Eukaryota:mito
b1d59f83-a7fb-41d6-88a4-cb732aaed92a	73513	1.0	confident	Dioon_edule:mito	Eukaryota:mito
366355c8-1b97-4db6-8838-ad355779befd	73513	1.0	confident	Dioon_edule:mito	Eukaryota:mito
2e87a72b-2691-442d-afe8-78025607f295	73513	1.0	confident	Dioon_edule:mito	Eukaryota:mito
ddc84eb2-ea62-40ac-bc80-8e8f2649b30f	73513	1.0	confident	Dioon_edule:mito	Eukaryota:mito
8d1822c8-f272-49d1-bb1d-c2748bf1b777	73513	1.0	confident	Dioon_edule:mito	Eukaryota:mito
207d3400-ae75-4721-bc9b-dabd669d0d6b	73513	1.0	confident	Dioon_edule:mito	Eukaryota:mito
7a79e4e1-5ffb-4f26-bd7c-ff386bd5352e	73513	1.0	confident	Dioon_edule:mito	Eukaryota:mito
7afaf7e8-6dff-44a4-9102-e1814ecf72b4	73513	1.0	confident	Dioon_edule:mito	Eukaryota:mito
08da61ec-561c-4c40-ba0e-b3ab6833092d	73513	1.0	confident	Dioon_edule:mito	Eukaryota:mito
d446ea9d-bae6-4874-bd33-7d35df5fd370	73513	1.0	confident	Dioon_edule:mito	Eukaryota:mito
50ecbf5f-e1ed-4a28-8e3f-ffec581cb52b	73513	1.0	confident	Dioon_edule:mito	Eukaryota:mito
573603f3-a3d3-4da1-9180-42cdf98b8205	73513	1.0	confident	Dioon_edule:mito	Eukaryota:mito
d3d0b948-50b9-4140-9c4b-3b14949a4d3a	73513	1.0	confident	Dioon_edule:mito	Eukaryota:mito
0bea4cce-46ce-4b01-a809-df0448d1d04c	10159	1.0	confident	Rhodomonas_salina:plas	Eukaryota:plas
7d3a0270-0901-42f7-80f4-c6c9f8fbda37	73513	1.0	confident	Dioon_edule:mito	Eukaryota:mito
e6756d78-ace1-4e67-8530-bdda003655cc	73513	1.0	confident	Dioon_edule:mito	Eukaryota:mito
8455048e-8ce1-4a53-b0e1-f7ccb6a2fbce	73513	1.0	confident	Dioon_edule:mito	Eukaryota:mito
7f459ec1-3c89-4dca-8116-d04a597a8e87	73513	1.0	confident	Dioon_edule:mito	Eukaryota:mito
ffe5402b-0732-4435-9ebb-0b3926688831	73513	1.0	confident	Dioon_edule:mito	Eukaryota:mito
a70d03da-f2d0-447e-9458-f5f4d4253b26	73513	1.0	confident	Dioon_edule:mito	Eukaryota:mito
ca43f37c-e844-44d9-855b-c01b26b03347	73513	1.0	confident	Dioon_edule:mito	Eukaryota:mito
5414af59-3edc-4ac6-b72a-db12075bdb6f	73513	1.0	confident	Dioon_edule:mito	Eukaryota:mito
a8629f97-fffa-45c3-8e27-311798f711bc	73513	1.0	confident	Dioon_edule:mito	Eukaryota:mito
3f06014d-7f36-4898-9d3f-b7d84d99ca4d	73513	1.0	confident	Dioon_edule:mito	Eukaryota:mito
9e2cfb30-1bb9-4ac4-bf15-808a20028bcc	73513	1.0	confident	Dioon_edule:mito	Eukaryota:mito
af147492-0ea2-4839-90c9-f74a6ce7b1db	73513	1.0	confident	Dioon_edule:mito	Eukaryota:mito
96c38207-db19-4901-b5f4-d92dcc489d0a	73513	1.0	confident	Dioon_edule:mito	Eukaryota:mito
9e3ff935-1bff-4934-9ca0-3a72a6cb77b5	73513	1.0	confident	Dioon_edule:mito	Eukaryota:mito
21193ebc-5c00-4484-ba0f-46dd977a2c62	73513	1.0	confident	Dioon_edule:mito	Eukaryota:mito
e60e5b00-b182-4a5c-82a6-ea8f19c8ad8d	73513	1.0	confident	Dioon_edule:mito	Eukaryota:mito
de3baf74-145e-474d-8d2c-eeb1d48afe4a	73513	1.0	confident	Dioon_edule:mito	Eukaryota:mito
7e0129a8-dd22-497e-b8c8-2bfd498fb027	73513	1.0	confident	Dioon_edule:mito	Eukaryota:mito
3f05a851-3fdd-4972-96b2-ea1c9f4033c5	73513	1.0	confident	Dioon_edule:mito	Eukaryota:mito
6a35f9b8-3e8f-4f39-b04e-b4b17518d3af	73513	1.0	confident	Dioon_edule:mito	Eukaryota:mito
592da59d-96a7-4163-afde-98f2b8838947	73513	1.0	confident	Dioon_edule:mito	Eukaryota:mito
3e4392c1-5c17-4a38-90b1-63a11c7b0e57	73513	1.0	confident	Dioon_edule:mito	Eukaryota:mito
b1d0c177-176e-4315-98c1-71eb2ea2913a	73513	1.0	confident	Dioon_edule:mito	Eukaryota:mito
b155302b-9e3d-4858-82aa-d5e53be771a3	73513	1.0	confident	Dioon_edule:mito	Eukaryota:mito
d09ccd42-e45f-4adf-8f9f-bf0559c0a86a	73513	1.0	confident	Dioon_edule:mito	Eukaryota:mito
7c90bb99-3871-447b-80ca-b4e41a6f3a53	73513	1.0	confident	Dioon_edule:mito	Eukaryota:mito
2f9e9569-c168-4c7e-ba54-12ccf595308c	73513	1.0	confident	Dioon_edule:mito	Eukaryota:mito
fd9792c8-2708-4d8d-8fcf-08e01e752474	73513	1.0	confident	Dioon_edule:mito	Eukaryota:mito
8f1ac13d-1148-45b3-90f4-c1792fe8c280	73513	1.0	confident	Dioon_edule:mito	Eukaryota:mito
22ed5e88-a38a-43b2-91f0-962395d275c9	10159	1.0	confident	Rhodomonas_salina:plas	Eukaryota:plas
c0cb1a82-bd7b-4e8a-bf48-dabf38723d69	73513	1.0	confident	Dioon_edule:mito	Eukaryota:mito
516f1b71-c603-4d3b-b702-e2cb63020406	73513	1.0	confident	Dioon_edule:mito	Eukaryota:mito
95c6eaaa-11f7-4a21-aa2e-0f2ea60bbb92	73513	1.0	confident	Dioon_edule:mito	Eukaryota:mito
1c93aa9d-30ac-42c9-8887-3d0cca73e11e	73513	1.0	confident	Dioon_edule:mito	Eukaryota:mito
419b9fca-2f9c-4f6c-8043-3298b256b603	73513	1.0	confident	Dioon_edule:mito	Eukaryota:mito
edf8ac73-0ecf-43c1-bdd3-89c94bc2d929	73513	1.0	confident	Dioon_edule:mito	Eukaryota:mito
147b2af8-7649-4e8b-9341-e6c963f93e99	73513	1.0	confident	Dioon_edule:mito	Eukaryota:mito
fae4e1f3-de39-4128-89d5-83e7c6ce374e	73513	1.0	confident	Dioon_edule:mito	Eukaryota:mito
05c56768-38e3-48da-941a-330ec16e7b87	73513	1.0	confident	Dioon_edule:mito	Eukaryota:mito
542a3de6-d754-4297-870b-e8d9d54ef3aa	73513	1.0	confident	Dioon_edule:mito	Eukaryota:mito
1efcc855-b7f5-428f-aed9-f6286f8a0a91	73513	1.0	confident	Dioon_edule:mito	Eukaryota:mito
0e7493bf-4a1c-4af9-a4a8-5380ebc83360	73513	1.0	confident	Dioon_edule:mito	Eukaryota:mito
ea2ee3ea-9cab-45bf-b517-5610ec12a2f0	73513	1.0	confident	Dioon_edule:mito	Eukaryota:mito
58095c66-2535-4a7c-a0c0-7d0b6224c361	73513	1.0	confident	Dioon_edule:mito	Eukaryota:mito
de43156c-e568-4b11-8160-34933e37d080	73513	1.0	confident	Dioon_edule:mito	Eukaryota:mito
30650173-ba84-4379-b955-59dcf6b3386e	73513	1.0	confident	Dioon_edule:mito	Eukaryota:mito
332a7ae0-b58b-4a79-950c-a6bd0ed32eff	73513	1.0	confident	Dioon_edule:mito	Eukaryota:mito
73c42ffb-74ca-4d89-b6a8-2e7ece20687a	73513	1.0	confident	Dioon_edule:mito	Eukaryota:mito
06023a6b-f64a-4153-b7fe-aaace5f9dc0f	73513	1.0	confident	Dioon_edule:mito	Eukaryota:mito
4f54076f-b789-4434-b788-4d557cbe9f78	73513	1.0	confident	Dioon_edule:mito	Eukaryota:mito
556c56d9-cd76-45c8-b96a-173d31413f80	73513	1.0	confident	Dioon_edule:mito	Eukaryota:mito
4b67a8b6-4081-4e7c-9c36-f766da6d4a96	73513	1.0	confident	Dioon_edule:mito	Eukaryota:mito
77c9eec9-fd98-436f-9468-94d74b17982a	10159	1.0	confident	Rhodomonas_salina:plas	Eukaryota:plas
bf95e0a2-d5ce-4480-83a3-d28422ef1f8a	73513	1.0	confident	Dioon_edule:mito	Eukaryota:mito
d9b958be-a27a-4736-a725-33bd442b98bb	73513	1.0	confident	Dioon_edule:mito	Eukaryota:mito
81b78043-5dbd-420c-9f66-1ec9d1a70896	73513	1.0	confident	Dioon_edule:mito	Eukaryota:mito
3fbe5c85-7686-48d2-8337-8253b02e606b	73513	1.0	confident	Dioon_edule:mito	Eukaryota:mito
5a3d97e7-1c76-4490-9c57-2e216b65e562	73513	1.0	confident	Dioon_edule:mito	Eukaryota:mito
892e5380-c569-49e9-86f6-b55c466095e7	73513	1.0	confident	Dioon_edule:mito	Eukaryota:mito
8f7f6201-c804-4bb7-ad6c-71cd2da5b2a5	73513	1.0	confident	Dioon_edule:mito	Eukaryota:mito
e91e2ab5-89a5-4043-96ce-90bc8ac56b9a	73513	1.0	confident	Dioon_edule:mito	Eukaryota:mito
20a31242-ba27-4fdd-bf50-1693eef7af83	73513	1.0	confident	Dioon_edule:mito	Eukaryota:mito
924ebc1c-3e2f-4b86-ad8c-e4762f623f03	73513	1.0	confident	Dioon_edule:mito	Eukaryota:mito
5507b929-08b0-449b-88df-097d8f9fe25c	73513	1.0	confident	Dioon_edule:mito	Eukaryota:mito
e6bd317e-c7c2-4825-a8d9-7ad9a119806d	73513	1.0	confident	Dioon_edule:mito	Eukaryota:mito
8691387d-34f8-4885-849c-b55f8eea833d	73513	1.0	confident	Dioon_edule:mito	Eukaryota:mito
d7d39d85-bc92-4c84-b7f4-b80ed0653d05	73513	1.0	confident	Dioon_edule:mito	Eukaryota:mito
f78e0d61-1dae-49c9-91e9-5000675b432f	73513	1.0	confident	Dioon_edule:mito	Eukaryota:mito
2b4ff3ec-c59c-48b2-ba6c-9d05bf4b6bcd	73513	1.0	confident	Dioon_edule:mito	Eukaryota:mito
b37863aa-0ee3-405b-a17d-0706c3b5af55	73513	1.0	confident	Dioon_edule:mito	Eukaryota:mito
de48e8ca-e3fc-463d-9066-e7dd7e269cf5	73513	1.0	confident	Dioon_edule:mito	Eukaryota:mito
2777e527-2a33-4346-89dc-7b3b78c189b1	73513	1.0	confident	Dioon_edule:mito	Eukaryota:mito
a171fb0c-c670-4de9-8255-a648bd382b92	73513	1.0	confident	Dioon_edule:mito	Eukaryota:mito
70b042b3-372a-4a5d-b899-68112e6a8844	73513	1.0	confident	Dioon_edule:mito	Eukaryota:mito
3653a00d-9aef-4923-aa31-888347ad55ec	73513	1.0	confident	Dioon_edule:mito	Eukaryota:mito
51492c49-eee9-474f-b3ba-f5eb36475dcd	73513	1.0	confident	Dioon_edule:mito	Eukaryota:mito
bfb62f97-33bf-4dc5-bf34-cf9a267c728e	73513	1.0	confident	Dioon_edule:mito	Eukaryota:mito
294b8ec3-f890-45c6-9e23-14a5ce64d610	73513	1.0	confident	Dioon_edule:mito	Eukaryota:mito
e7abd26e-e8e2-4cea-92c9-944220555b3d	73513	1.0	confident	Dioon_edule:mito	Eukaryota:mito
a0cc7767-a032-415b-b0b4-1634cb4ee3d8	73513	1.0	confident	Dioon_edule:mito	Eukaryota:mito
bc41d0af-6037-4777-8cf3-37d53e146ce1	73513	1.0	confident	Dioon_edule:mito	Eukaryota:mito
cecf9d2f-89f7-4772-919d-efb71c594b97	73513	1.0	confident	Dioon_edule:mito	Eukaryota:mito
2ccafe65-9adf-4818-a84d-7b947366787b	73513	1.0	confident	Dioon_edule:mito	Eukaryota:mito
03503030-6215-4eef-90cd-ff21352c8338	73513	1.0	confident	Dioon_edule:mito	Eukaryota:mito
3fa7c342-4eb7-49ec-9813-af420db9aee3	73513	1.0	confident	Dioon_edule:mito	Eukaryota:mito
204676cc-abf7-4b61-a3c2-9d371f97dc50	73513	1.0	confident	Dioon_edule:mito	Eukaryota:mito
a60a14fe-9478-4f6f-971e-466553b0885a	73513	1.0	confident	Dioon_edule:mito	Eukaryota:mito
9d327c24-989c-4425-9927-61e4c3d2c7ad	73513	1.0	confident	Dioon_edule:mito	Eukaryota:mito
a2618502-f209-40cc-b435-02a9f03bee8c	73513	1.0	confident	Dioon_edule:mito	Eukaryota:mito
06549d3c-c976-4960-a6d2-75d8d4f81f96	73513	1.0	confident	Dioon_edule:mito	Eukaryota:mito
50734fa3-c1e2-44f7-83c0-db7dd6ad4ed4	73513	1.0	confident	Dioon_edule:mito	Eukaryota:mito
76e018f7-db31-42a5-af9c-3af673311dbd	73513	1.0	confident	Dioon_edule:mito	Eukaryota:mito
f1f1ef5a-0018-478b-9010-0d81489ce4d0	73513	1.0	confident	Dioon_edule:mito	Eukaryota:mito
6da45769-af93-41ee-8e58-0eaf3ae4dacb	73513	1.0	confident	Dioon_edule:mito	Eukaryota:mito
7edb7ef1-76cf-40a7-8ca6-da5287fa2f6f	73513	1.0	confident	Dioon_edule:mito	Eukaryota:mito
517660c1-74fc-4849-baf5-ec4c85583f96	73513	1.0	confident	Dioon_edule:mito	Eukaryota:mito
07fecb7d-a44e-4901-b919-f14f35b04148	73513	1.0	confident	Dioon_edule:mito	Eukaryota:mito
099d40df-a49c-4388-886d-2bd9514df01e	73513	1.0	confident	Dioon_edule:mito	Eukaryota:mito
71fe045e-8b4d-48ad-8f3b-1c4edb722cb2	73513	1.0	confident	Dioon_edule:mito	Eukaryota:mito
0e81fff1-1c60-4ff3-92c3-54a2afba6887	73513	1.0	confident	Dioon_edule:mito	Eukaryota:mito
6b02ac52-fd21-4a14-b6d8-40bc2ebe0d02	73513	1.0	confident	Dioon_edule:mito	Eukaryota:mito
a20a267f-092e-4832-8030-8fcb9e24cc39	73513	1.0	confident	Dioon_edule:mito	Eukaryota:mito
c8196f5b-6db6-412f-a887-93f9bc9f4cea	73513	1.0	confident	Dioon_edule:mito	Eukaryota:mito
6d07266e-3815-484c-a5f3-72aa4116157d	73513	1.0	confident	Dioon_edule:mito	Eukaryota:mito
18e83802-6650-431c-b8de-b726f8ac11bb	73513	1.0	confident	Dioon_edule:mito	Eukaryota:mito
a33a7c2b-41fc-4bbe-a2d7-5c2c17076b76	73513	1.0	confident	Dioon_edule:mito	Eukaryota:mito
4c033b27-cb4f-4e1b-a040-37dba0863591	73513	1.0	confident	Dioon_edule:mito	Eukaryota:mito
98690237-1509-496d-93b0-11934956476c	73513	1.0	confident	Dioon_edule:mito	Eukaryota:mito
76438ddd-90b5-400b-982e-c7ee13549545	73513	1.0	confident	Dioon_edule:mito	Eukaryota:mito
7a48e209-3f62-499d-98a4-58a2b9e7e83e	73513	1.0	confident	Dioon_edule:mito	Eukaryota:mito
e31be8ec-9d64-46dd-85ae-2400633456ef	73513	1.0	confident	Dioon_edule:mito	Eukaryota:mito
953c52c2-3f76-4c40-b7a7-779987bfd9b2	73513	1.0	confident	Dioon_edule:mito	Eukaryota:mito
b0302927-efee-46d7-a969-c5653b89fd83	73513	1.0	confident	Dioon_edule:mito	Eukaryota:mito
081c47eb-e324-44a7-a6eb-c3462e650e96	73513	1.0	confident	Dioon_edule:mito	Eukaryota:mito
02627023-d17d-4801-9560-2d5fa3152a1b	73513	1.0	confident	Dioon_edule:mito	Eukaryota:mito
13ce16c3-061f-4ccd-8291-08ba163fdf05	6722	1.0	confident	Epifagus_virginiana:plas	Eukaryota:plas
d3569c6c-fff7-4c3f-85d4-04a00a819fbe	73513	1.0	confident	Dioon_edule:mito	Eukaryota:mito
a1020e54-948a-4730-bdf4-649c54daeb90	73513	1.0	confident	Dioon_edule:mito	Eukaryota:mito
9552775a-3584-4dee-8ad6-7e1afeb0032e	73513	1.0	confident	Dioon_edule:mito	Eukaryota:mito
c585e847-614e-439c-9061-397bbfb63b3a	73513	1.0	confident	Dioon_edule:mito	Eukaryota:mito
9c5edef1-78c9-4fe5-ba09-ff39e68271b9	73513	1.0	confident	Dioon_edule:mito	Eukaryota:mito
cecfe68d-afe5-4121-9ece-89c40fa04091	73513	1.0	confident	Dioon_edule:mito	Eukaryota:mito
d0afd54c-93a8-44eb-809c-0c5a9b8e0724	73513	1.0	confident	Dioon_edule:mito	Eukaryota:mito
b94d04cc-961e-499a-b4d6-92af54e9f301	73513	1.0	confident	Dioon_edule:mito	Eukaryota:mito
99cbd3a5-a959-4428-848a-105f8d6e5cb8	73513	1.0	confident	Dioon_edule:mito	Eukaryota:mito
5e6e94d0-9548-44bd-b980-b2f63812a7c5	73513	1.0	confident	Dioon_edule:mito	Eukaryota:mito
7c054cdd-dcab-46b5-bee4-4862bc92044e	73513	1.0	confident	Dioon_edule:mito	Eukaryota:mito
603a004d-5cad-49ed-91e0-f8104ddbcc46	73513	1.0	confident	Dioon_edule:mito	Eukaryota:mito
f2b85eff-a4d1-41ee-9ada-0f0c620ba5e9	73513	1.0	confident	Dioon_edule:mito	Eukaryota:mito
49f606a3-34ef-4e78-be5f-225fa37dc919	73513	1.0	confident	Dioon_edule:mito	Eukaryota:mito
313fa2a3-205f-4a13-834c-1da6388aed79	73513	1.0	confident	Dioon_edule:mito	Eukaryota:mito
7103c6b9-9e24-4577-93bc-2ff165ef9161	73513	1.0	confident	Dioon_edule:mito	Eukaryota:mito
763a96df-7139-4f0d-8422-234bb106b8dc	73513	1.0	confident	Dioon_edule:mito	Eukaryota:mito
42e114a8-a890-4722-81ad-b6372f4c1626	73513	1.0	confident	Dioon_edule:mito	Eukaryota:mito
7d61683c-630f-4170-b250-17224112e2d9	73513	1.0	confident	Dioon_edule:mito	Eukaryota:mito
cf887fab-f8f6-4f78-ba35-7d7855af4620	73513	1.0	confident	Dioon_edule:mito	Eukaryota:mito
1b8dbf28-f9bf-4515-a7b9-0a88b8ed4cd5	73513	1.0	confident	Dioon_edule:mito	Eukaryota:mito
2b10526e-b670-4bec-bbca-f271d1f2ea03	73513	1.0	confident	Dioon_edule:mito	Eukaryota:mito
0264dfa1-2638-4b95-8568-91505dc5320a	73513	1.0	confident	Dioon_edule:mito	Eukaryota:mito
8f4c8063-7ba8-4df9-81ae-b6dca2d8feb3	10159	1.0	confident	Rhodomonas_salina:plas	Eukaryota:plas
daf9185d-4207-47ed-ac1a-dcf861daf3cb	73513	1.0	confident	Dioon_edule:mito	Eukaryota:mito
92dd289f-0cc2-4272-9cbb-81d4f1abb6ce	73513	1.0	confident	Dioon_edule:mito	Eukaryota:mito
a7da484f-478b-4c19-a9fe-d4cfa17e8bf0	73513	1.0	confident	Dioon_edule:mito	Eukaryota:mito
7edca889-8e0a-4aef-a7aa-67732779e427	73513	1.0	confident	Dioon_edule:mito	Eukaryota:mito
2d4f1045-4e35-4b2a-9511-e14765622f10	73513	1.0	confident	Dioon_edule:mito	Eukaryota:mito
bbdc7ccc-008e-4b2e-a273-64ee97bcfccd	73513	1.0	confident	Dioon_edule:mito	Eukaryota:mito
c51cfbaf-407b-4f6b-8903-82d3029f41f7	73513	1.0	confident	Dioon_edule:mito	Eukaryota:mito
dff2026d-71de-4583-88c4-9cfd37bc0b82	73513	1.0	confident	Dioon_edule:mito	Eukaryota:mito
83f22b13-74a4-4d11-81a9-341e9645b108	73513	1.0	confident	Dioon_edule:mito	Eukaryota:mito
58f8f613-7994-41f9-b489-8f797b4de9d5	73513	1.0	confident	Dioon_edule:mito	Eukaryota:mito
2eaff7d7-4f60-40d6-9348-f44d6d39c495	73513	1.0	confident	Dioon_edule:mito	Eukaryota:mito
87aaa96d-1a2c-49e3-8ce0-6d04a433aada	73513	1.0	confident	Dioon_edule:mito	Eukaryota:mito
569c2c1b-821f-44c2-843d-1ac3c1f6a77d	73513	1.0	confident	Dioon_edule:mito	Eukaryota:mito
1d5ef2cb-d46a-4c0a-ac37-192f52cba4d4	73511	0.9999998681275498	high	Plantago_coronopus:mito	Eukaryota:mito
8e506e66-ca36-4100-9143-144edc2355a1	73513	1.0	confident	Dioon_edule:mito	Eukaryota:mito
dc1fb7e9-6a11-4e40-bf43-6b62dd5f393e	73513	1.0	confident	Dioon_edule:mito	Eukaryota:mito
15b8fb8a-6611-4b62-a8de-cfdb49c514b1	73511	1.0	confident	Plantago_coronopus:mito	Eukaryota:mito
27851022-30cc-49ad-8240-53e2605e86a8	73513	1.0	confident	Dioon_edule:mito	Eukaryota:mito
b0fbc034-00dd-480c-b963-44ab23256bc9	73513	1.0	confident	Dioon_edule:mito	Eukaryota:mito
eab3fb22-b3aa-4c76-986b-63a3b2c13229	73513	1.0	confident	Dioon_edule:mito	Eukaryota:mito
a918c3b9-54f2-4efb-9865-851f55414a9e	73513	1.0	confident	Dioon_edule:mito	Eukaryota:mito
b2305cb2-b638-4c1f-b14a-f046d2e930bd	73513	1.0	confident	Dioon_edule:mito	Eukaryota:mito
5bd96dc6-2971-4304-81dd-5ee6e7765404	73513	1.0	confident	Dioon_edule:mito	Eukaryota:mito
2e62b3ab-f7aa-4c2d-9bd1-b96069ef7078	73513	1.0	confident	Dioon_edule:mito	Eukaryota:mito
80ecf146-378f-43f8-b142-59f06aab49e4	73513	1.0	confident	Dioon_edule:mito	Eukaryota:mito
a8fe4828-7908-4008-af7e-1740cfc4c999	73513	1.0	confident	Dioon_edule:mito	Eukaryota:mito
584923dc-c423-4397-9375-00b768080a32	73513	1.0	confident	Dioon_edule:mito	Eukaryota:mito
a2c48285-9bc8-460f-9d05-742da820ee42	73513	1.0	confident	Dioon_edule:mito	Eukaryota:mito
9854a327-1bee-4f2e-ad39-224f314212ea	73513	1.0	confident	Dioon_edule:mito	Eukaryota:mito
2823f71c-b8b4-4b4b-88c3-2ee5ffbad9ae	73513	1.0	confident	Dioon_edule:mito	Eukaryota:mito
158bcbc5-e68d-4af5-9607-8c4035485288	73513	1.0	confident	Dioon_edule:mito	Eukaryota:mito
6971df9e-029e-4277-9c7b-609bd962497a	73513	1.0	confident	Dioon_edule:mito	Eukaryota:mito
03fc4a85-d58b-440e-8da9-df215e8728b0	73513	1.0	confident	Dioon_edule:mito	Eukaryota:mito
b0e8a99a-a0b7-4a5c-a1d4-81f60550c5e8	73513	1.0	confident	Dioon_edule:mito	Eukaryota:mito
bf243d46-6c4a-4812-84b8-dfcee5d136bf	73513	1.0	confident	Dioon_edule:mito	Eukaryota:mito
4d081396-efdc-4688-bd28-6fa5bc5b6081	73513	1.0	confident	Dioon_edule:mito	Eukaryota:mito
99012f7b-f421-4fd5-9328-eaecc1bad5d6	73513	1.0	confident	Dioon_edule:mito	Eukaryota:mito
d5896e64-e905-4f11-903a-712a61e04f0a	73513	1.0	confident	Dioon_edule:mito	Eukaryota:mito
a1823709-e90d-46db-92dc-7e11a2b28bc4	73513	1.0	confident	Dioon_edule:mito	Eukaryota:mito
57375a2a-06f4-442d-97fa-9304fa64fa97	73513	1.0	confident	Dioon_edule:mito	Eukaryota:mito
7f6d4b18-c88f-429b-9ec3-066724019741	73513	1.0	confident	Dioon_edule:mito	Eukaryota:mito
b2daf397-5e65-4a9e-a972-858c5993b556	73513	1.0	confident	Dioon_edule:mito	Eukaryota:mito
129000ba-6af8-4071-9aff-d2edd3ad53c0	73513	1.0	confident	Dioon_edule:mito	Eukaryota:mito
9b3a73e3-b65b-4c92-a89d-a9755c8c8bf3	73513	1.0	confident	Dioon_edule:mito	Eukaryota:mito
e95e1581-a96f-4fe4-96a3-ccbdb11f38e8	73513	1.0	confident	Dioon_edule:mito	Eukaryota:mito
b0ad71c4-cce6-4679-8467-42703027c333	73513	1.0	confident	Dioon_edule:mito	Eukaryota:mito
acbcfc63-8a4e-440b-8953-09c6ee3dc2ae	73513	1.0	confident	Dioon_edule:mito	Eukaryota:mito
b7db26b3-a52a-4405-93ed-ec25624b583c	73513	1.0	confident	Dioon_edule:mito	Eukaryota:mito
7ed4ef3b-745d-43ee-a32f-2dcccfa72c27	73513	1.0	confident	Dioon_edule:mito	Eukaryota:mito
61fa2db4-0f30-4507-b88a-b22f5a663e4d	73513	1.0	confident	Dioon_edule:mito	Eukaryota:mito
656f22b1-c9e5-4f71-b619-1c8dc8ec876a	73513	1.0	confident	Dioon_edule:mito	Eukaryota:mito
c76c97a3-8daa-4951-91a2-25940ce4b09e	73513	1.0	confident	Dioon_edule:mito	Eukaryota:mito
6ff03c10-3c35-4e33-b982-d18e0dbe06c5	73513	1.0	confident	Dioon_edule:mito	Eukaryota:mito
b7dbe916-9ab2-44c2-8d87-2f8a84d87ccf	73513	1.0	confident	Dioon_edule:mito	Eukaryota:mito
516f12e4-7882-4ead-a6ee-1aac5de4daa0	73513	1.0	confident	Dioon_edule:mito	Eukaryota:mito
dddd978f-bc82-4a8b-a4ac-cc1d02c496f3	73513	1.0	confident	Dioon_edule:mito	Eukaryota:mito
94c944a0-0c9c-4db6-ba8e-1a15478fcf5c	73513	1.0	confident	Dioon_edule:mito	Eukaryota:mito
c691127a-6a51-4615-b2ac-eb170a3bafb5	73513	1.0	confident	Dioon_edule:mito	Eukaryota:mito
18b1937d-5614-426d-9fe8-866f99649e79	73513	1.0	confident	Dioon_edule:mito	Eukaryota:mito
46185e25-9cef-44ea-ae34-9b4edbbf3d8e	73513	1.0	confident	Dioon_edule:mito	Eukaryota:mito
48488847-d1de-4ab5-a8a9-b4e69cc5cfaf	73513	1.0	confident	Dioon_edule:mito	Eukaryota:mito
c5976226-a807-42ce-aaf5-a6b6fb79cd37	73513	1.0	confident	Dioon_edule:mito	Eukaryota:mito
c151c648-711c-484d-9f87-7ed1426253d5	73513	1.0	confident	Dioon_edule:mito	Eukaryota:mito
73aa8261-23f6-45bc-b441-f4d190be6d59	73513	1.0	confident	Dioon_edule:mito	Eukaryota:mito
a1851034-15bb-497a-adc3-f247b693b698	73513	1.0	confident	Dioon_edule:mito	Eukaryota:mito
f90a7471-c14c-46d0-a1f9-89e4b0087d88	73513	1.0	confident	Dioon_edule:mito	Eukaryota:mito
7d305a6d-848c-48bf-b90d-c87ce414b3bc	73513	1.0	confident	Dioon_edule:mito	Eukaryota:mito
b65bf825-a669-42f3-acaf-689ff6d65d14	73513	1.0	confident	Dioon_edule:mito	Eukaryota:mito
39336998-47c9-4aed-8702-b98f5470ec7e	73513	1.0	confident	Dioon_edule:mito	Eukaryota:mito
f9eafd36-4825-42dc-8535-2bc3779cc35f	73513	1.0	confident	Dioon_edule:mito	Eukaryota:mito
482c97da-215e-4154-9241-d0c70c48ed06	73513	1.0	confident	Dioon_edule:mito	Eukaryota:mito
b873ec18-7636-4053-ab6d-5f638df4f1fe	73513	1.0	confident	Dioon_edule:mito	Eukaryota:mito
fd02f157-d14a-4224-817b-1fbc7f086243	73513	1.0	confident	Dioon_edule:mito	Eukaryota:mito
3dfe124f-de02-455d-998a-eed7c0228640	73513	1.0	confident	Dioon_edule:mito	Eukaryota:mito
423397bc-b0cf-470d-b79c-2bbcd7b03e36	73513	1.0	confident	Dioon_edule:mito	Eukaryota:mito
4b4f9033-ec2e-40e2-8dd5-75c04e2519ea	73513	1.0	confident	Dioon_edule:mito	Eukaryota:mito
bf8abf91-159b-4565-8ff4-3df2bd9bbcb9	73513	1.0	confident	Dioon_edule:mito	Eukaryota:mito
1db0b898-e679-4c9a-a43f-5faa55a41d85	73513	1.0	confident	Dioon_edule:mito	Eukaryota:mito
056fe6ab-a1dc-4d31-bbc5-5366d9db0f7b	73513	1.0	confident	Dioon_edule:mito	Eukaryota:mito
706991b0-952d-4c5e-8128-f2f9eb853cbf	73513	1.0	confident	Dioon_edule:mito	Eukaryota:mito
110f388e-3d25-4121-806a-5eaa3b296747	73513	1.0	confident	Dioon_edule:mito	Eukaryota:mito
8603a86a-fdcb-4d64-93e7-a17021d4759e	73513	1.0	confident	Dioon_edule:mito	Eukaryota:mito
70edf653-0382-4190-9eaa-a2b9efaeb5f9	73513	1.0	confident	Dioon_edule:mito	Eukaryota:mito
b15c6a30-f6de-4616-8232-6418211b3292	73513	1.0	confident	Dioon_edule:mito	Eukaryota:mito
2d72f5ac-97bd-4c11-b706-9e6ad5163a1e	73513	1.0	confident	Dioon_edule:mito	Eukaryota:mito
5181432c-4c3f-47f6-bf45-be3b60816755	73513	1.0	confident	Dioon_edule:mito	Eukaryota:mito
51860e8f-42ed-4979-a4a4-67553313423d	73513	1.0	confident	Dioon_edule:mito	Eukaryota:mito
6942824b-2147-4f08-8a77-d0bcb78bb14f	73513	1.0	confident	Dioon_edule:mito	Eukaryota:mito
ab5181ba-1b5a-4615-b702-1e1d3d163b1b	73513	1.0	confident	Dioon_edule:mito	Eukaryota:mito
0d101724-2140-44ef-86f7-27c08b12198d	73513	1.0	confident	Dioon_edule:mito	Eukaryota:mito
6354b0d4-4c00-467f-9255-3ca1e5e08de6	73513	1.0	confident	Dioon_edule:mito	Eukaryota:mito
bb00180c-af37-4ff9-9560-d1cb0449f7bf	73513	1.0	confident	Dioon_edule:mito	Eukaryota:mito
af9609ca-9d70-448d-93a1-a844cfbb30c8	73513	1.0	confident	Dioon_edule:mito	Eukaryota:mito
9279a835-8ba1-463b-b4c0-de80acd04292	73513	1.0	confident	Dioon_edule:mito	Eukaryota:mito
986b7221-5bdc-4b34-a4b9-fe335db2fd9c	73513	1.0	confident	Dioon_edule:mito	Eukaryota:mito
74ac526e-ea4d-4744-bc8f-addb820a9a89	73513	1.0	confident	Dioon_edule:mito	Eukaryota:mito
a2a835ba-2bc8-4dc9-9001-f210974d1dad	73513	1.0	confident	Dioon_edule:mito	Eukaryota:mito
247095c8-602a-46fb-9440-439b3075e1e3	73513	1.0	confident	Dioon_edule:mito	Eukaryota:mito
df6d2111-1572-411c-872e-1295d4d43df0	73513	1.0	confident	Dioon_edule:mito	Eukaryota:mito
08bead28-2c94-449d-a117-7cdf0f59ab3b	73513	1.0	confident	Dioon_edule:mito	Eukaryota:mito
7311cd54-f3e7-4bbe-975b-0182891d26c1	73513	1.0	confident	Dioon_edule:mito	Eukaryota:mito
d6c0e456-232b-45d1-87f8-41502059158c	73513	1.0	confident	Dioon_edule:mito	Eukaryota:mito
cb264d65-7fea-460c-9103-a7dfc22c4be1	73513	1.0	confident	Dioon_edule:mito	Eukaryota:mito
636e6e1a-2197-4c83-8946-83fbb8ba1c7b	73513	1.0	confident	Dioon_edule:mito	Eukaryota:mito
fdad25c6-08e1-417c-a193-593e8134f747	73513	1.0	confident	Dioon_edule:mito	Eukaryota:mito
94aa9dbe-e761-4f00-a224-9f0a560ec1db	73513	1.0	confident	Dioon_edule:mito	Eukaryota:mito
2a7a81e3-5f2a-4dd5-8f43-79b062d098dc	73513	1.0	confident	Dioon_edule:mito	Eukaryota:mito
c4c2fbe3-e92d-4a33-8553-2222c73e8342	73513	1.0	confident	Dioon_edule:mito	Eukaryota:mito
e0315838-03f4-4274-9ecc-703fb09c80d4	73513	1.0	confident	Dioon_edule:mito	Eukaryota:mito
911c7a85-186c-4524-99f7-06797257daeb	73513	1.0	confident	Dioon_edule:mito	Eukaryota:mito
c9400f78-60e5-4d18-bf0e-299bc2ce934e	73513	1.0	confident	Dioon_edule:mito	Eukaryota:mito
6ccab343-c93f-49f9-acf2-c53f0e1016a8	73513	1.0	confident	Dioon_edule:mito	Eukaryota:mito
cbbba263-af5d-4312-81f6-b4a61fdc9c6b	73513	1.0	confident	Dioon_edule:mito	Eukaryota:mito
083a8ff8-8287-4a0b-b7d0-1440d9956f5d	73513	1.0	confident	Dioon_edule:mito	Eukaryota:mito
4c0b9544-e172-494b-87ea-72f4391c59cb	73513	1.0	confident	Dioon_edule:mito	Eukaryota:mito
9bbc55da-d365-484c-acac-94806dce35d1	73513	1.0	confident	Dioon_edule:mito	Eukaryota:mito
c7015961-ac23-4358-a88b-d6ccfa38be64	73513	1.0	confident	Dioon_edule:mito	Eukaryota:mito
00b02232-7f14-40d8-bb4e-118a2c371cae	73513	1.0	confident	Dioon_edule:mito	Eukaryota:mito
10e84673-2112-47df-8a95-7808f26eafdf	73513	1.0	confident	Dioon_edule:mito	Eukaryota:mito
b8b2de1e-83c2-42e3-8cb4-3884253b36dc	73513	1.0	confident	Dioon_edule:mito	Eukaryota:mito
cfb6ecbb-3448-4a76-ade4-90c3aceca6fa	73513	1.0	confident	Dioon_edule:mito	Eukaryota:mito
9e0fa2b5-5733-44a0-8a90-7180bf15716e	73513	1.0	confident	Dioon_edule:mito	Eukaryota:mito
9b880624-fcee-42b8-97de-a4464235c695	73513	1.0	confident	Dioon_edule:mito	Eukaryota:mito
1d299e93-c71e-4212-8b71-e77ef95762d9	73513	1.0	confident	Dioon_edule:mito	Eukaryota:mito
cb8b9f7a-f4cf-465b-ab1d-3c98a03403ed	73513	1.0	confident	Dioon_edule:mito	Eukaryota:mito
0725517c-d5a2-4052-9560-59bb8b880358	73511	0.999999932701906	high	Plantago_coronopus:mito	Eukaryota:mito
903c4bf7-39fa-48af-874a-0d4a5d3092a9	73513	1.0	confident	Dioon_edule:mito	Eukaryota:mito
b7136c56-55af-4804-90c7-99eae46f8c51	73513	1.0	confident	Dioon_edule:mito	Eukaryota:mito
0556a0c0-ddea-4bd4-920a-d7d09aedebe6	73513	1.0	confident	Dioon_edule:mito	Eukaryota:mito
b679f01a-d5b9-462e-ad56-b308e20324f5	73513	1.0	confident	Dioon_edule:mito	Eukaryota:mito
0cec20e7-59be-4004-ae08-3cc6ddf55e7c	73513	1.0	confident	Dioon_edule:mito	Eukaryota:mito
0b7eb1fe-7afa-4ffe-b966-de93ff66b144	73513	1.0	confident	Dioon_edule:mito	Eukaryota:mito
c53df418-e771-40cb-b2a8-77578b5a77f4	73513	1.0	confident	Dioon_edule:mito	Eukaryota:mito
0eb91e38-eedc-4f70-bedb-6ccefccbce59	73513	1.0	confident	Dioon_edule:mito	Eukaryota:mito
61b42392-03d8-4501-9e4f-aec654d14b9d	73513	1.0	confident	Dioon_edule:mito	Eukaryota:mito
c78d8b2a-6dfd-4ba2-8bbb-014767a20d9c	73513	1.0	confident	Dioon_edule:mito	Eukaryota:mito
b5f7d23f-6b35-4b04-9831-e7dd531bec62	73513	1.0	confident	Dioon_edule:mito	Eukaryota:mito
a6f08121-b417-4eab-8e98-f031fd66ee7a	73511	0.9999999996698108	high	Plantago_coronopus:mito	Eukaryota:mito
fc5639c2-fd20-43a0-8ae3-3c21a4be2426	10159	1.0	confident	Rhodomonas_salina:plas	Eukaryota:plas
15baf2c8-97ee-4025-bd1d-bdebf750a049	73513	1.0	confident	Dioon_edule:mito	Eukaryota:mito
987022a4-7418-42f7-93b8-c8006fa073fc	73513	1.0	confident	Dioon_edule:mito	Eukaryota:mito
34b57c1d-1998-48c6-a839-5764e5366793	73513	1.0	confident	Dioon_edule:mito	Eukaryota:mito
c4e1bdc4-ffd0-4ad0-abd5-60f3213d6a4c	73513	1.0	confident	Dioon_edule:mito	Eukaryota:mito
595939cc-1536-4f8e-ad50-288f7bb7d714	10159	1.0	confident	Rhodomonas_salina:plas	Eukaryota:plas
2897e0fd-ddfd-45d4-97e0-0005fb66236c	73513	1.0	confident	Dioon_edule:mito	Eukaryota:mito
062fcc09-f3b0-4296-88bd-fb75b9f74850	73513	1.0	confident	Dioon_edule:mito	Eukaryota:mito
f9ef9ef3-acc8-4ca8-bc32-9a7b8e6d0da8	73513	1.0	confident	Dioon_edule:mito	Eukaryota:mito
9385137c-aaf4-466c-86f2-eab5e5ecd121	73513	1.0	confident	Dioon_edule:mito	Eukaryota:mito
c7715b94-58cb-4262-93d5-c2ed6912eadd	73513	1.0	confident	Dioon_edule:mito	Eukaryota:mito
a57c0300-ca94-4e94-8559-e1b800f07369	73513	1.0	confident	Dioon_edule:mito	Eukaryota:mito
86395758-db15-4f92-b4d8-be79b96d8463	73513	1.0	confident	Dioon_edule:mito	Eukaryota:mito
cb2e2da1-005a-4917-99c1-faf045362d83	73513	1.0	confident	Dioon_edule:mito	Eukaryota:mito
2b1e4028-68cd-4b85-917f-9ed6b5a2018b	73513	1.0	confident	Dioon_edule:mito	Eukaryota:mito
6957c495-1d67-44cf-b79b-c5d5667021b6	73513	1.0	confident	Dioon_edule:mito	Eukaryota:mito
cde4ac79-e97b-4d44-9429-51037f528ffc	73513	1.0	confident	Dioon_edule:mito	Eukaryota:mito
a7b3e016-5262-4a10-8daf-167d8d307910	73513	1.0	confident	Dioon_edule:mito	Eukaryota:mito
347c90e2-7458-4803-aeba-b39f35db9308	73513	1.0	confident	Dioon_edule:mito	Eukaryota:mito
b835955f-5d19-478f-9a63-328a0009e5a1	73513	1.0	confident	Dioon_edule:mito	Eukaryota:mito
16c90274-24a2-478e-b9d9-c59656bd797b	73513	1.0	confident	Dioon_edule:mito	Eukaryota:mito
38acb137-90bd-4387-a1a1-3fb00a353eed	73513	1.0	confident	Dioon_edule:mito	Eukaryota:mito
f98e6450-88b4-4207-983a-f635c05c22b8	73513	1.0	confident	Dioon_edule:mito	Eukaryota:mito
82761a0b-c355-470a-827e-3f452f175a45	73513	1.0	confident	Dioon_edule:mito	Eukaryota:mito
dcb19834-0a79-494e-ac38-78b14ae8ccae	73513	1.0	confident	Dioon_edule:mito	Eukaryota:mito
3380f51e-ec72-4c1d-be62-ff883cc88ae8	73513	1.0	confident	Dioon_edule:mito	Eukaryota:mito
fb4ac7af-c216-4ddc-90a8-a04b271e010b	73513	1.0	confident	Dioon_edule:mito	Eukaryota:mito
0f9f2ded-d2ad-4655-ad07-5af38117c44d	73513	1.0	confident	Dioon_edule:mito	Eukaryota:mito
8334d7e9-6a37-4d0c-8d69-2880ec614eca	73513	1.0	confident	Dioon_edule:mito	Eukaryota:mito
ded1378f-865c-41ba-9184-c58216d2cb81	73513	1.0	confident	Dioon_edule:mito	Eukaryota:mito
f5eceb0a-a862-4881-af7f-fc839fd8c91e	73513	1.0	confident	Dioon_edule:mito	Eukaryota:mito
eba631ed-c396-45b3-bb89-c986ef020c8a	73513	1.0	confident	Dioon_edule:mito	Eukaryota:mito
14326605-34c8-40eb-8497-0d7be94f4f0b	73513	1.0	confident	Dioon_edule:mito	Eukaryota:mito
4620c5cb-c2e6-462f-b52a-3202a728ee00	73513	1.0	confident	Dioon_edule:mito	Eukaryota:mito
d728e541-43a7-4a46-81e0-f8e919c4e9bf	73513	1.0	confident	Dioon_edule:mito	Eukaryota:mito
3e542086-3014-4419-8ba5-a02a8d6c2228	73513	1.0	confident	Dioon_edule:mito	Eukaryota:mito
32cf48db-a9c0-48dd-a036-26fe028b648e	73513	1.0	confident	Dioon_edule:mito	Eukaryota:mito
c0a98f76-44a8-4e49-a9df-0883230f1eed	73513	1.0	confident	Dioon_edule:mito	Eukaryota:mito
9b852af4-6f48-4e15-8871-5c4d60ad2343	73513	1.0	confident	Dioon_edule:mito	Eukaryota:mito
1fb0446c-3570-42dc-b644-9073ae2afd80	73513	1.0	confident	Dioon_edule:mito	Eukaryota:mito
3df2e225-e185-486b-9129-98d758c23074	73513	1.0	confident	Dioon_edule:mito	Eukaryota:mito
a0f96b51-9bf1-4cb8-847a-5c58935020d7	73513	1.0	confident	Dioon_edule:mito	Eukaryota:mito
55fb6637-c19b-4600-9884-01850ed9ca2b	73513	1.0	confident	Dioon_edule:mito	Eukaryota:mito
31b3d9c9-13d0-49d4-ab98-51e8f1c0dcc3	73513	1.0	confident	Dioon_edule:mito	Eukaryota:mito
6dee36d9-55e0-48fe-8ee9-41aca998c5a2	10159	1.0	confident	Rhodomonas_salina:plas	Eukaryota:plas
0ad7b9c5-1d50-4504-acc1-3fdb5cf11e00	73513	1.0	confident	Dioon_edule:mito	Eukaryota:mito
285223bc-37bf-4707-bb52-110550008269	73513	1.0	confident	Dioon_edule:mito	Eukaryota:mito
6af29010-0deb-4749-8016-39ea5a53ab0a	73513	1.0	confident	Dioon_edule:mito	Eukaryota:mito
c855d2c1-bae4-4a50-a05a-ac7a92ddff9e	73513	1.0	confident	Dioon_edule:mito	Eukaryota:mito
1a3c059a-a81d-448b-893e-0a5983f4863c	73513	1.0	confident	Dioon_edule:mito	Eukaryota:mito
0c10812b-5539-4818-b7dc-2dd20b68fa14	73513	1.0	confident	Dioon_edule:mito	Eukaryota:mito
665a3a5b-4d49-4c88-b325-ea3af192276c	73513	1.0	confident	Dioon_edule:mito	Eukaryota:mito
400338f6-9968-4115-b81d-6bca5de9661b	73513	1.0	confident	Dioon_edule:mito	Eukaryota:mito
65a42a94-a89f-4943-a700-1ce52242303a	73513	1.0	confident	Dioon_edule:mito	Eukaryota:mito
a362af5f-ce49-409e-bc27-cd8198f23798	73513	1.0	confident	Dioon_edule:mito	Eukaryota:mito
8132b4ce-1ed3-4cd9-9406-0fa99159f211	73513	1.0	confident	Dioon_edule:mito	Eukaryota:mito
56a8effa-d5c2-44ff-868f-d398ef89710e	73513	1.0	confident	Dioon_edule:mito	Eukaryota:mito
067a177d-7b98-49e3-b676-adb25f1cc3d0	73513	1.0	confident	Dioon_edule:mito	Eukaryota:mito
6fa26236-1a40-4585-a112-348050706f9d	73513	1.0	confident	Dioon_edule:mito	Eukaryota:mito
a8a19886-0e1d-4c06-a3e8-8cf20902bdce	73513	1.0	confident	Dioon_edule:mito	Eukaryota:mito
2d339224-f7ab-4309-9a7b-a73b27ed499e	73513	1.0	confident	Dioon_edule:mito	Eukaryota:mito
d68f0fac-2ca4-499d-aa48-f2e528992ca1	73513	1.0	confident	Dioon_edule:mito	Eukaryota:mito
4ddf2468-9dba-477d-b00f-7db72272919c	73513	1.0	confident	Dioon_edule:mito	Eukaryota:mito
f9707941-a974-4e4b-8c8f-8c86503974c3	73513	1.0	confident	Dioon_edule:mito	Eukaryota:mito
63cd5b94-52f4-4676-af5c-70000d0a46fa	73513	1.0	confident	Dioon_edule:mito	Eukaryota:mito
94afe140-b014-4f97-bf72-b829a8e3aff8	73513	1.0	confident	Dioon_edule:mito	Eukaryota:mito
1e57d259-8a88-4503-a887-998775df7d66	73513	1.0	confident	Dioon_edule:mito	Eukaryota:mito
8ab51d16-30bc-44aa-9f46-838cdb209365	73513	1.0	confident	Dioon_edule:mito	Eukaryota:mito
8a0ff337-ab18-4f0a-8dd5-353e872994c0	73513	1.0	confident	Dioon_edule:mito	Eukaryota:mito
84915786-f0c8-46ff-96f6-240eaa94f079	73513	1.0	confident	Dioon_edule:mito	Eukaryota:mito
46c533df-0c29-4e13-b9e4-4d3935abeefa	73513	1.0	confident	Dioon_edule:mito	Eukaryota:mito
609a0f60-d64b-4458-9304-90bf172dedfb	73513	1.0	confident	Dioon_edule:mito	Eukaryota:mito
ede75ddf-e19a-443c-82a8-89cc22ee2d17	73513	1.0	confident	Dioon_edule:mito	Eukaryota:mito
3519a1d3-003f-4ac0-af7d-42d205076f62	73513	1.0	confident	Dioon_edule:mito	Eukaryota:mito
83f5fbeb-9bb4-4e5f-a635-9bbb332e58c4	73513	1.0	confident	Dioon_edule:mito	Eukaryota:mito
7fbabb5d-52ba-4643-a712-5bac0d3b264f	73513	1.0	confident	Dioon_edule:mito	Eukaryota:mito
8e0a5e4e-0f3a-43e8-a9dd-4a9cf45270b7	73513	1.0	confident	Dioon_edule:mito	Eukaryota:mito
9cbcb07f-dd0f-4801-a629-c2f36c75e367	73513	1.0	confident	Dioon_edule:mito	Eukaryota:mito
8ce3ce1f-2367-43a7-a5f9-9b006e165a58	73513	1.0	confident	Dioon_edule:mito	Eukaryota:mito
d791b2bb-8b17-4431-83a9-445ed1664b18	73513	1.0	confident	Dioon_edule:mito	Eukaryota:mito
1862e357-6faa-4164-b8e0-a06764549b31	73513	1.0	confident	Dioon_edule:mito	Eukaryota:mito
fd741d14-a318-413f-8047-a57ec13a7f18	73513	1.0	confident	Dioon_edule:mito	Eukaryota:mito
16a0649e-060b-4431-8326-8b081e550737	73513	1.0	confident	Dioon_edule:mito	Eukaryota:mito
9866be55-a26f-42fa-9927-56d2aa8766de	73513	1.0	confident	Dioon_edule:mito	Eukaryota:mito
ec8a54cb-8033-436c-8b20-46356202a143	73513	1.0	confident	Dioon_edule:mito	Eukaryota:mito
4d5bca62-aeed-4664-b87f-f6fd4ab4705a	73513	1.0	confident	Dioon_edule:mito	Eukaryota:mito
ed05e9d7-3702-4b23-a7d3-15a2cf1c08dd	73513	1.0	confident	Dioon_edule:mito	Eukaryota:mito
61f82a57-2743-4bf5-b3ae-dacd946149ba	73513	1.0	confident	Dioon_edule:mito	Eukaryota:mito
3f33c48a-1415-4582-8d6d-ef5349a9a8f7	73513	1.0	confident	Dioon_edule:mito	Eukaryota:mito
9c894978-e447-4a5f-a4ff-fd9d96a2bc50	73513	1.0	confident	Dioon_edule:mito	Eukaryota:mito
83d5079a-e3c0-4f56-acee-138846a40c00	73513	1.0	confident	Dioon_edule:mito	Eukaryota:mito
193c111c-c361-4c70-b3c5-ca92b90a1681	73513	1.0	confident	Dioon_edule:mito	Eukaryota:mito
2d1dcf12-516d-4af0-aecc-c6062d9645b0	73513	1.0	confident	Dioon_edule:mito	Eukaryota:mito
064db42a-6364-4880-abd9-e6fa7ef2f9f2	73513	1.0	confident	Dioon_edule:mito	Eukaryota:mito
bce80817-0d39-41e6-961e-814c7032d6fb	73513	1.0	confident	Dioon_edule:mito	Eukaryota:mito
15932bf9-41b5-494b-8828-df1f25d9eae8	73513	1.0	confident	Dioon_edule:mito	Eukaryota:mito
49b686ed-dfc6-4824-82e6-fca5c2ec9be0	73513	1.0	confident	Dioon_edule:mito	Eukaryota:mito
615d84b6-11a0-444b-bc90-5edb401e5d05	73513	1.0	confident	Dioon_edule:mito	Eukaryota:mito
ae84c9c7-073c-497d-9982-4664dbf2d818	73513	1.0	confident	Dioon_edule:mito	Eukaryota:mito
672798d8-302b-4924-8ebf-98ae0b05ae4f	73513	1.0	confident	Dioon_edule:mito	Eukaryota:mito
e045b1bb-fa35-4df1-9bde-d1834382a051	73513	1.0	confident	Dioon_edule:mito	Eukaryota:mito
71136d99-b739-49a0-89de-ee5836facc0c	73513	1.0	confident	Dioon_edule:mito	Eukaryota:mito
03d74433-12e3-4f2f-9edf-5b7fc36441a0	73513	1.0	confident	Dioon_edule:mito	Eukaryota:mito
3c060918-3a84-4879-b11b-22db88f9bc02	73513	1.0	confident	Dioon_edule:mito	Eukaryota:mito
6970bfba-f295-4cb8-9f4c-163e162cdaec	73513	1.0	confident	Dioon_edule:mito	Eukaryota:mito
5da901df-1c6d-4162-9b11-5c4022ba7648	73513	1.0	confident	Dioon_edule:mito	Eukaryota:mito
06153a82-0f83-478f-bc66-83c2c998b691	6722	0.7018156785160032	medium	Epifagus_virginiana:plas	Eukaryota:plas
cc1ee11e-2bac-4a88-9778-77d00c49db64	73513	1.0	confident	Dioon_edule:mito	Eukaryota:mito
02447375-795c-4ca6-91d6-0442187f5f46	73513	1.0	confident	Dioon_edule:mito	Eukaryota:mito
83085ac3-150a-48fa-9172-997656ace8ab	73513	1.0	confident	Dioon_edule:mito	Eukaryota:mito
097c1f5d-2091-477a-a65c-4bf73204f513	73511	0.9999999988648118	high	Plantago_coronopus:mito	Eukaryota:mito
c783b9fd-a493-4089-87d7-6ba5e11220ef	73513	1.0	confident	Dioon_edule:mito	Eukaryota:mito
481fb0df-81cb-4b88-871f-785c10751200	73513	1.0	confident	Dioon_edule:mito	Eukaryota:mito
8acdf9a0-1225-4967-9b08-69abd811e0a0	73513	1.0	confident	Dioon_edule:mito	Eukaryota:mito
1248afb3-c2db-4311-8b86-96a04ab77cdc	73513	1.0	confident	Dioon_edule:mito	Eukaryota:mito
d72e0e1d-943a-4ca6-89c7-22494604108c	73513	1.0	confident	Dioon_edule:mito	Eukaryota:mito
f8289ef3-ff3b-4dcf-9ae3-0a2ef6a51f35	73513	1.0	confident	Dioon_edule:mito	Eukaryota:mito
641aae58-2789-48ce-8835-c77cf5810281	73513	1.0	confident	Dioon_edule:mito	Eukaryota:mito
d18f8314-2f5b-41e9-9048-b645cff30442	73513	1.0	confident	Dioon_edule:mito	Eukaryota:mito
323cb4cd-c448-44e3-939f-9ac17d9ccb45	73513	1.0	confident	Dioon_edule:mito	Eukaryota:mito
5c0326b5-84d8-42d8-b6b1-1fb1a99f1746	73513	1.0	confident	Dioon_edule:mito	Eukaryota:mito
e55db91b-352a-4003-806f-2ec68155c468	73513	1.0	confident	Dioon_edule:mito	Eukaryota:mito
d6a1a45b-b25b-4a3b-8dcc-286d991d15ed	73513	1.0	confident	Dioon_edule:mito	Eukaryota:mito
ab0e280e-eb1f-489d-80f5-11bf3c8b5551	73513	1.0	confident	Dioon_edule:mito	Eukaryota:mito
8aab040c-29f6-4cc9-9558-de5b9cdab378	73513	1.0	confident	Dioon_edule:mito	Eukaryota:mito
07532adc-5a95-4cd2-b106-0e664172b1c6	73513	1.0	confident	Dioon_edule:mito	Eukaryota:mito
52c00c06-109e-428c-b965-e71a122fa86f	73513	1.0	confident	Dioon_edule:mito	Eukaryota:mito
ff04ffe4-0de0-434c-be6d-51da194be38f	73513	1.0	confident	Dioon_edule:mito	Eukaryota:mito
55e99caa-228a-4071-8eea-c0e7ea06b293	73513	1.0	confident	Dioon_edule:mito	Eukaryota:mito
4470d9e9-7d68-4732-94bb-d348e6ffdaf0	73513	1.0	confident	Dioon_edule:mito	Eukaryota:mito
895e23f1-135f-4658-b15c-fac27c6a479e	73513	1.0	confident	Dioon_edule:mito	Eukaryota:mito
61f3cc8e-2900-4601-9e8a-049a53fb9ab3	73513	1.0	confident	Dioon_edule:mito	Eukaryota:mito
db0476e3-fb59-46f4-a4e5-3c8c07ea98cc	73513	1.0	confident	Dioon_edule:mito	Eukaryota:mito
7910f406-81c7-4d14-907a-5d767515e733	73513	1.0	confident	Dioon_edule:mito	Eukaryota:mito
77f20ff6-fc68-4dcb-a8c2-66f8a6726ebb	73513	1.0	confident	Dioon_edule:mito	Eukaryota:mito
cf6672e9-1bcc-40e4-8718-891b6392e3ad	73513	1.0	confident	Dioon_edule:mito	Eukaryota:mito
16f8efa2-b485-4f20-9c17-dcb8396224d8	73513	1.0	confident	Dioon_edule:mito	Eukaryota:mito
9c2a620d-9aad-4487-8e3f-08f359a83160	73513	1.0	confident	Dioon_edule:mito	Eukaryota:mito
eb6df20d-476b-45cf-8f48-e3eca1b0ae53	73513	1.0	confident	Dioon_edule:mito	Eukaryota:mito
e98fbaff-c078-4c8e-b11c-44edaa096858	73513	1.0	confident	Dioon_edule:mito	Eukaryota:mito
e075ebd9-d748-497f-af36-ee403edc7254	73513	1.0	confident	Dioon_edule:mito	Eukaryota:mito
7752918a-5300-46b9-b087-055d5db47473	73513	1.0	confident	Dioon_edule:mito	Eukaryota:mito
2aea039b-030e-42a5-8985-0acbd133bc8a	73513	1.0	confident	Dioon_edule:mito	Eukaryota:mito
a7ecd34e-1eab-4c22-adf7-6f92c5d0c05c	73513	1.0	confident	Dioon_edule:mito	Eukaryota:mito
61902aa0-9a9d-41f8-a400-e49b7a0cb34a	73513	1.0	confident	Dioon_edule:mito	Eukaryota:mito
66484294-bce4-4b4a-995c-a446db27763d	73513	1.0	confident	Dioon_edule:mito	Eukaryota:mito
ccbe7404-cacd-439e-ba98-4df3eeb1d338	73513	1.0	confident	Dioon_edule:mito	Eukaryota:mito
cbcd5712-d6f9-4ef1-87dd-43c020e9d13f	73513	1.0	confident	Dioon_edule:mito	Eukaryota:mito
8bc45dbe-8620-4f74-847f-1f7adf59f5af	73513	1.0	confident	Dioon_edule:mito	Eukaryota:mito
ffc20add-077f-4367-83f2-e4cd6fad5fc2	73511	0.9999999338265292	high	Plantago_coronopus:mito	Eukaryota:mito
507710fb-38ad-454f-81fa-4e404651e359	73513	1.0	confident	Dioon_edule:mito	Eukaryota:mito
78d07f89-bf7e-496b-abe6-931392188397	73513	1.0	confident	Dioon_edule:mito	Eukaryota:mito
d4ab86ae-9d8a-40db-b3f8-bc951eb5a896	73513	1.0	confident	Dioon_edule:mito	Eukaryota:mito
27882bfe-86a6-48de-b17b-3d9b10e5f455	73513	1.0	confident	Dioon_edule:mito	Eukaryota:mito
95f8038a-c7fd-49ec-89fa-3a3243ea0dd5	73513	1.0	confident	Dioon_edule:mito	Eukaryota:mito
27084f9f-6499-4a56-9d1c-057bbb6ca3cc	73513	1.0	confident	Dioon_edule:mito	Eukaryota:mito
1277b11b-e18f-4897-95d5-7e59d4391882	73513	1.0	confident	Dioon_edule:mito	Eukaryota:mito
2f0ff8ef-cd27-457f-8654-37597a48b51e	73513	1.0	confident	Dioon_edule:mito	Eukaryota:mito
1a121a20-d4e9-4450-b669-c67e27921c85	73513	1.0	confident	Dioon_edule:mito	Eukaryota:mito
c049f3c1-d12a-4abc-a2fb-2203947d1364	73513	1.0	confident	Dioon_edule:mito	Eukaryota:mito
5fa2cfc7-3ffa-4d63-ae20-ba24eeb57e6f	73513	1.0	confident	Dioon_edule:mito	Eukaryota:mito
d234a1f0-7f23-4cf4-979c-fe1e9121ce8b	73513	1.0	confident	Dioon_edule:mito	Eukaryota:mito
f0c26df8-8095-4a61-abc9-539548a1044b	73513	1.0	confident	Dioon_edule:mito	Eukaryota:mito
18d42a82-7e87-4db5-a3aa-49a5ce37ddb1	73513	1.0	confident	Dioon_edule:mito	Eukaryota:mito
02c1cd9b-0bf0-4188-9479-16e384ce6fbc	73513	1.0	confident	Dioon_edule:mito	Eukaryota:mito
dd7eaeb6-5bfe-47a5-b02c-de8f80b6981a	73513	1.0	confident	Dioon_edule:mito	Eukaryota:mito
a10fe236-db3a-4b5c-ad69-6a31a37f9f83	73513	1.0	confident	Dioon_edule:mito	Eukaryota:mito
4036e068-d7a4-446c-af90-b0de6ad38846	73513	1.0	confident	Dioon_edule:mito	Eukaryota:mito
88a319b0-1ba4-42b7-b4ca-f3c84bc1d8e3	73513	1.0	confident	Dioon_edule:mito	Eukaryota:mito
9cca555b-d48d-4f6b-8306-8ddcd3755bd3	73513	1.0	confident	Dioon_edule:mito	Eukaryota:mito
e3ec7d3e-367c-4692-ae3c-7a6a5e87266b	73513	1.0	confident	Dioon_edule:mito	Eukaryota:mito
9998130a-d660-422c-9688-05167d0cc638	73513	1.0	confident	Dioon_edule:mito	Eukaryota:mito
c44ba9ae-db42-4b08-bc2a-6fd26ddd9042	73513	1.0	confident	Dioon_edule:mito	Eukaryota:mito
b4cf0511-e639-497c-9ab6-c893baca8ee0	73513	1.0	confident	Dioon_edule:mito	Eukaryota:mito
c7255e75-797b-400d-96da-01a889d3a0ea	73513	1.0	confident	Dioon_edule:mito	Eukaryota:mito
6b27a86b-9c22-4d50-8c16-c22dcf7f96e5	73513	1.0	confident	Dioon_edule:mito	Eukaryota:mito
5216bde3-3763-442d-9cbb-2e83a4c51a01	73513	1.0	confident	Dioon_edule:mito	Eukaryota:mito
76f6cefd-2b2e-458a-937b-20534b43d115	73513	1.0	confident	Dioon_edule:mito	Eukaryota:mito
b6c2c1ff-ce4b-43ec-9b1a-77e417be9214	73513	1.0	confident	Dioon_edule:mito	Eukaryota:mito
494c5114-b6d5-4e38-9ef2-81a5e725897f	73513	1.0	confident	Dioon_edule:mito	Eukaryota:mito
14981d31-67f0-42fc-977d-f007bf20cbe8	73513	1.0	confident	Dioon_edule:mito	Eukaryota:mito
b3bfee1e-0e1b-4512-abc4-d0f2f04fc007	73513	1.0	confident	Dioon_edule:mito	Eukaryota:mito
ef351a28-2e04-4cf1-919a-3b54da6e29b7	73513	1.0	confident	Dioon_edule:mito	Eukaryota:mito
f133eefc-8fe1-40ec-85f5-abbac5d081f2	73513	1.0	confident	Dioon_edule:mito	Eukaryota:mito
84d53723-55b7-4c37-ab65-75214f426be4	73513	1.0	confident	Dioon_edule:mito	Eukaryota:mito
4f0da4e8-4188-4584-b5ed-7c3cdb20ba22	73513	1.0	confident	Dioon_edule:mito	Eukaryota:mito
90368afd-fac5-4135-aec9-656c2392549c	73513	1.0	confident	Dioon_edule:mito	Eukaryota:mito
0cdb5c1e-6b40-4513-9cfe-25908d83313b	73513	1.0	confident	Dioon_edule:mito	Eukaryota:mito
cd4ba9b7-d6f8-4c25-9ca3-a5b31ff57749	73513	1.0	confident	Dioon_edule:mito	Eukaryota:mito
43daa48c-ba17-44d0-97a9-be69a547f2ab	73513	1.0	confident	Dioon_edule:mito	Eukaryota:mito
9e081e77-4c17-4e34-bca4-24ef33d52d1c	73513	1.0	confident	Dioon_edule:mito	Eukaryota:mito
9f6f099c-9a8d-4094-ac85-d583bbbc45a0	73513	1.0	confident	Dioon_edule:mito	Eukaryota:mito
fec5d3f2-6d7a-42fe-ad94-3c9bd1429768	73513	1.0	confident	Dioon_edule:mito	Eukaryota:mito
e5100571-b7cf-44ad-8c4f-21df2490d8f3	73513	1.0	confident	Dioon_edule:mito	Eukaryota:mito
e47a7af9-cc9f-42c4-9e1c-a1fb4a9941e0	73513	1.0	confident	Dioon_edule:mito	Eukaryota:mito
e0006725-5db4-4672-9c81-0d881a1c7f9c	73513	1.0	confident	Dioon_edule:mito	Eukaryota:mito
ee8bfcd1-0104-4346-b2ff-3afa1eb481cf	73513	1.0	confident	Dioon_edule:mito	Eukaryota:mito
ee52bd29-7872-4930-b241-58836f811d35	73513	1.0	confident	Dioon_edule:mito	Eukaryota:mito
dfe7eec4-a75f-4bbc-ba35-26a2eb8c7346	73513	1.0	confident	Dioon_edule:mito	Eukaryota:mito
5ce225da-8895-4212-97b4-c1dd3c1c2882	73513	1.0	confident	Dioon_edule:mito	Eukaryota:mito
27ef2859-5a47-49a8-93d2-c5563c007aba	73513	1.0	confident	Dioon_edule:mito	Eukaryota:mito
9f7b510d-fa11-4340-a6ba-e5e66fe760f8	73513	1.0	confident	Dioon_edule:mito	Eukaryota:mito
dc96af4f-fa4f-4819-8c44-19d649bcac2f	73513	1.0	confident	Dioon_edule:mito	Eukaryota:mito
209f65ac-b822-44ac-9724-f0b72532bd64	73513	1.0	confident	Dioon_edule:mito	Eukaryota:mito
353524c9-5818-4746-a24a-31f69f9bb3cc	73513	1.0	confident	Dioon_edule:mito	Eukaryota:mito
c7df3cb5-d018-4928-84d3-4e7d47a52795	73513	1.0	confident	Dioon_edule:mito	Eukaryota:mito
6bd3f48d-d6de-4e23-866a-b73c004240d7	73513	1.0	confident	Dioon_edule:mito	Eukaryota:mito
f3c827ed-34f2-42db-a08d-a8fdc8061cd2	73513	1.0	confident	Dioon_edule:mito	Eukaryota:mito
1e3e9f4a-633a-4ffc-b2e5-c280aef8e93a	73513	1.0	confident	Dioon_edule:mito	Eukaryota:mito
7309e1df-4655-4d40-ac16-ab2906c6eb0f	73511	0.999999986446524	high	Plantago_coronopus:mito	Eukaryota:mito
ee4917b4-662e-43f7-b41a-86005aa5c94f	73513	1.0	confident	Dioon_edule:mito	Eukaryota:mito
a46762f4-0a75-4035-8f44-9c6ed21c45ac	73513	1.0	confident	Dioon_edule:mito	Eukaryota:mito
720b11bb-4399-4e79-beb4-69f326bfd1bb	73513	1.0	confident	Dioon_edule:mito	Eukaryota:mito
a9c48822-ceac-46ff-87f2-ba7ab872970d	73513	1.0	confident	Dioon_edule:mito	Eukaryota:mito
9ff3b027-b431-49c5-af39-8d8b7f95bed4	73513	1.0	confident	Dioon_edule:mito	Eukaryota:mito
7ba31b9f-09e7-499b-9140-2088fd4d4fd8	73513	1.0	confident	Dioon_edule:mito	Eukaryota:mito
360b7f30-7a6c-4b26-8a95-93fb9ffdb449	73513	1.0	confident	Dioon_edule:mito	Eukaryota:mito
787ad27e-f86b-4102-9314-99d6ef658c5e	73513	1.0	confident	Dioon_edule:mito	Eukaryota:mito
18ed5706-3acd-4b74-9295-bc02311ef4ac	73513	1.0	confident	Dioon_edule:mito	Eukaryota:mito
24f7e57d-d90b-4f12-b740-9aa27dc85337	73513	1.0	confident	Dioon_edule:mito	Eukaryota:mito
bb615657-ec59-48e2-981b-d7dd2eda98d4	73513	1.0	confident	Dioon_edule:mito	Eukaryota:mito
af5c01ee-fa3b-4fec-8024-4d9d728567d9	73513	1.0	confident	Dioon_edule:mito	Eukaryota:mito
34740992-e21f-478d-85e1-9b20be40b535	73513	1.0	confident	Dioon_edule:mito	Eukaryota:mito
4acda757-8d54-45ef-8e37-a3bcad8885fe	73513	1.0	confident	Dioon_edule:mito	Eukaryota:mito
7156b099-ef5e-47a3-af68-1661281cd488	73513	1.0	confident	Dioon_edule:mito	Eukaryota:mito
63c9c680-4235-42f8-8905-e81ea6a4fc71	73513	1.0	confident	Dioon_edule:mito	Eukaryota:mito
247038cb-c28a-4ca2-b756-2e9c4671eeea	73513	1.0	confident	Dioon_edule:mito	Eukaryota:mito
b902fc3e-998c-4b0b-a367-fdebcca5b469	73513	1.0	confident	Dioon_edule:mito	Eukaryota:mito
083ca7f8-0c0c-4434-8d53-e0b1f5df65cc	73513	1.0	confident	Dioon_edule:mito	Eukaryota:mito
26aa1bdf-2709-404b-9f67-061df5ebe312	73513	1.0	confident	Dioon_edule:mito	Eukaryota:mito
7401db45-f1bd-4557-9ede-ea550c0381a2	73513	1.0	confident	Dioon_edule:mito	Eukaryota:mito
eaf241a9-34a2-4650-a2ba-df135e9b6e77	73513	1.0	confident	Dioon_edule:mito	Eukaryota:mito
6b781c07-87be-46a4-a587-4a941a81de45	73513	1.0	confident	Dioon_edule:mito	Eukaryota:mito
5ef09de2-4576-4cc0-8c64-befaf14f8af3	73513	1.0	confident	Dioon_edule:mito	Eukaryota:mito
6f80d792-a4e7-4362-93aa-78c516ca9356	73513	1.0	confident	Dioon_edule:mito	Eukaryota:mito
c5ab2b00-3312-4261-aa10-9562c02da426	73513	1.0	confident	Dioon_edule:mito	Eukaryota:mito
56cae8b9-f8ba-41ab-abae-895790e4431c	73513	1.0	confident	Dioon_edule:mito	Eukaryota:mito
b75afd79-1a54-425f-964b-0040fa15312f	73513	1.0	confident	Dioon_edule:mito	Eukaryota:mito
4d96b2f5-cefa-4836-b32e-bf8e3470abbe	73513	1.0	confident	Dioon_edule:mito	Eukaryota:mito
0a4247d1-e48c-4263-b63a-772fc2b444c4	73513	1.0	confident	Dioon_edule:mito	Eukaryota:mito
3df249bd-cc10-4011-a068-6e02af2521a1	73513	1.0	confident	Dioon_edule:mito	Eukaryota:mito
c28c7958-80d4-497b-b47d-f3eabe909a98	73513	1.0	confident	Dioon_edule:mito	Eukaryota:mito
001a9acb-a30e-40ad-8b3d-86436af2a222	73513	1.0	confident	Dioon_edule:mito	Eukaryota:mito
a858d79d-eead-4610-a0de-9786267cb59b	73513	1.0	confident	Dioon_edule:mito	Eukaryota:mito
56295c08-bfd8-4592-ae3b-bf35fa166b02	73513	1.0	confident	Dioon_edule:mito	Eukaryota:mito
94d65249-6984-4831-ae92-288f3ec5fa36	73513	1.0	confident	Dioon_edule:mito	Eukaryota:mito
bfb05312-768c-40bc-924e-6b8cbe654fd7	73513	1.0	confident	Dioon_edule:mito	Eukaryota:mito
32e6a5a7-fbb5-4491-a3c7-964296ad0b7b	73513	1.0	confident	Dioon_edule:mito	Eukaryota:mito
2c156e77-2703-4f2e-b64a-fdbccd39cd14	73513	1.0	confident	Dioon_edule:mito	Eukaryota:mito
48d385d7-3404-484c-b769-6ab1cbe74b8d	73513	1.0	confident	Dioon_edule:mito	Eukaryota:mito
af1f80e6-21be-481c-939d-60b405d72037	73513	1.0	confident	Dioon_edule:mito	Eukaryota:mito
f14529de-87e0-4d24-a600-b16d7d11da85	73513	1.0	confident	Dioon_edule:mito	Eukaryota:mito
00169195-e5e5-4567-bdd5-8c6e06898db0	73513	1.0	confident	Dioon_edule:mito	Eukaryota:mito
ac607ebf-7416-4e2e-9fbc-b88d32a4fd09	73513	1.0	confident	Dioon_edule:mito	Eukaryota:mito
fb7cf349-8b06-446d-881f-8041f0ca42c3	73513	1.0	confident	Dioon_edule:mito	Eukaryota:mito
4888daa2-ac21-42a5-8645-b57a53bbc75c	73513	1.0	confident	Dioon_edule:mito	Eukaryota:mito
5c3fb7f9-8688-4f42-bab0-0784c7921e2d	73513	1.0	confident	Dioon_edule:mito	Eukaryota:mito
2d396577-2cd7-49d3-ad0e-9b5ce565eb7f	73513	1.0	confident	Dioon_edule:mito	Eukaryota:mito
96bb6f05-1f90-4a62-bcc3-3b7e4a8c7df9	73513	1.0	confident	Dioon_edule:mito	Eukaryota:mito
902b65df-3669-4a5a-94a9-c1e2f4175fed	73513	1.0	confident	Dioon_edule:mito	Eukaryota:mito
7a660535-53fc-48a0-9df3-b35b03e8ad6b	73513	1.0	confident	Dioon_edule:mito	Eukaryota:mito
fa8ecae4-b355-47a4-9bf2-1359da5a3055	73513	1.0	confident	Dioon_edule:mito	Eukaryota:mito
fb9c8085-9a74-4b54-a951-81354da2bea3	73513	1.0	confident	Dioon_edule:mito	Eukaryota:mito
2e044bec-e21f-4819-b971-e876c4bc89e9	73513	1.0	confident	Dioon_edule:mito	Eukaryota:mito
86d00b6c-4e61-4d15-83d2-cb4503632a8b	73513	1.0	confident	Dioon_edule:mito	Eukaryota:mito
fdd6aecd-2b4c-4478-aab2-5fd1b20a6f0e	73513	1.0	confident	Dioon_edule:mito	Eukaryota:mito
aa3067b8-3d32-48e0-ac16-6c726df68b4a	73513	1.0	confident	Dioon_edule:mito	Eukaryota:mito
8924a19c-3364-4f96-a148-88a506f07a34	73513	1.0	confident	Dioon_edule:mito	Eukaryota:mito
de29bde6-5660-4b51-9ee2-8824f7ff26a4	73513	1.0	confident	Dioon_edule:mito	Eukaryota:mito
07510390-9eca-41bc-832e-fbf88449dbd5	73513	1.0	confident	Dioon_edule:mito	Eukaryota:mito
ab8af7e6-a6d8-42eb-abdd-7b4c5775f0cf	73513	1.0	confident	Dioon_edule:mito	Eukaryota:mito
c3140d6c-8859-48c0-a4ca-b4239ee3826e	73513	1.0	confident	Dioon_edule:mito	Eukaryota:mito
844c257e-20f6-4006-81af-c3dc66b4032e	73513	1.0	confident	Dioon_edule:mito	Eukaryota:mito
02f6491b-db86-491b-a39a-1375fc5992ab	73513	1.0	confident	Dioon_edule:mito	Eukaryota:mito
83880777-ec91-45c3-96b1-e5ee55ac980d	73513	1.0	confident	Dioon_edule:mito	Eukaryota:mito
ffad7f3a-1b98-434a-9371-500376ecdae4	73513	1.0	confident	Dioon_edule:mito	Eukaryota:mito
094a554f-14ea-48c1-bc44-ef8b19270e2c	73513	1.0	confident	Dioon_edule:mito	Eukaryota:mito
9edc0f90-1815-4e0b-bff4-bd77504b158f	73513	1.0	confident	Dioon_edule:mito	Eukaryota:mito
753270f0-e57f-4ea5-8f61-f909e6aaf2c0	73513	1.0	confident	Dioon_edule:mito	Eukaryota:mito
c9805e01-4a4c-4cd3-8120-4730ae24f3fc	73513	1.0	confident	Dioon_edule:mito	Eukaryota:mito
c8cc0e83-d30b-461d-8cfe-a1a8eedde25b	73513	1.0	confident	Dioon_edule:mito	Eukaryota:mito
18f2ab88-cf1e-4833-a895-ba35b5648f67	73513	1.0	confident	Dioon_edule:mito	Eukaryota:mito
5a171c9f-c98d-467d-8385-aeb2f29919be	73513	1.0	confident	Dioon_edule:mito	Eukaryota:mito
75b3523b-f148-472e-8aee-a1c65614cb7b	73513	1.0	confident	Dioon_edule:mito	Eukaryota:mito
d00ca7a3-7b9c-410c-8bf2-d1c7a1f81dd9	73513	1.0	confident	Dioon_edule:mito	Eukaryota:mito
d68f78da-86e9-4ed2-bbb4-b5e1cf387e69	73513	1.0	confident	Dioon_edule:mito	Eukaryota:mito
1b90f001-a2ff-45a8-9c9c-2b802022262c	73513	1.0	confident	Dioon_edule:mito	Eukaryota:mito
e17f8978-736b-43bf-bdbd-119fc2bd247a	73513	1.0	confident	Dioon_edule:mito	Eukaryota:mito
64fdfd8a-d529-480b-8086-3ccc37b148bf	73513	1.0	confident	Dioon_edule:mito	Eukaryota:mito
ec550847-8e5f-4e4d-a23f-11cb5f2aad09	73513	1.0	confident	Dioon_edule:mito	Eukaryota:mito
a6a17980-9784-40bf-9e76-b3e29013bfce	73513	1.0	confident	Dioon_edule:mito	Eukaryota:mito
79d2dec3-f63e-4d4a-b522-73f7904611a6	73513	1.0	confident	Dioon_edule:mito	Eukaryota:mito
fe3a720a-b02a-454a-91ae-770aa85bccbb	73513	1.0	confident	Dioon_edule:mito	Eukaryota:mito
931527b8-7957-4a62-9dfe-3e5f759e2300	73513	1.0	confident	Dioon_edule:mito	Eukaryota:mito
c6f19c7e-3186-4070-bef3-faa41ce95aa5	73513	1.0	confident	Dioon_edule:mito	Eukaryota:mito
538774a3-1ede-458f-b5f1-f3a460fa7d80	73513	1.0	confident	Dioon_edule:mito	Eukaryota:mito
d7051b37-f5af-4d74-856b-cb69a94cf561	73513	1.0	confident	Dioon_edule:mito	Eukaryota:mito
a12c3eca-dc46-40b0-9057-9f54cb5c0ed9	73513	1.0	confident	Dioon_edule:mito	Eukaryota:mito
442a5cda-6aa8-49d3-82e2-c24b8e5678e2	73513	1.0	confident	Dioon_edule:mito	Eukaryota:mito
5c7fff43-4e80-4ff9-b5e8-f3fda7040c27	73513	1.0	confident	Dioon_edule:mito	Eukaryota:mito
116d615c-fc92-4329-ac3b-ed0faaee0f84	73513	1.0	confident	Dioon_edule:mito	Eukaryota:mito
bcb7b573-159b-4799-a70b-88e5dd53685d	73513	1.0	confident	Dioon_edule:mito	Eukaryota:mito
0f9615a9-89e1-4334-a105-e2bfc5637a8d	73513	1.0	confident	Dioon_edule:mito	Eukaryota:mito
def84fd1-8cf5-4769-94d8-b6eba08551e2	73513	1.0	confident	Dioon_edule:mito	Eukaryota:mito
55020d13-d865-41c4-aaff-27948e6b1c26	73513	1.0	confident	Dioon_edule:mito	Eukaryota:mito
f47f96d5-f055-463a-86be-f6f0a4a1c1ab	73513	1.0	confident	Dioon_edule:mito	Eukaryota:mito
b106f04f-9ce8-4ba0-9b92-536aa2eb4199	73513	1.0	confident	Dioon_edule:mito	Eukaryota:mito
a18d2204-6029-4569-95bd-87c49c37653b	73513	1.0	confident	Dioon_edule:mito	Eukaryota:mito
201cee94-90c3-4204-b8db-c65bcf025621	73513	1.0	confident	Dioon_edule:mito	Eukaryota:mito
24bcbe11-0333-4893-bd7a-3ce6c2577c08	73513	1.0	confident	Dioon_edule:mito	Eukaryota:mito
134543a0-13ce-4a88-a215-7f73f2d45f1f	73513	1.0	confident	Dioon_edule:mito	Eukaryota:mito
58c5f120-bafe-40e7-9130-6dfae42e7b1a	73513	1.0	confident	Dioon_edule:mito	Eukaryota:mito
c777f5e0-1f3f-471f-914d-c4adb46f32d9	73513	1.0	confident	Dioon_edule:mito	Eukaryota:mito
44c1187b-a162-4474-ae44-07d349a87bee	73513	1.0	confident	Dioon_edule:mito	Eukaryota:mito
fbb0884a-2e8a-4780-b365-8cd3da3e7916	73513	1.0	confident	Dioon_edule:mito	Eukaryota:mito
8d8ce96c-e38c-454d-a3f9-5241868ae3dc	73513	1.0	confident	Dioon_edule:mito	Eukaryota:mito
abc8e9c8-4230-45c2-b4ce-ae8a18996be8	73513	1.0	confident	Dioon_edule:mito	Eukaryota:mito
9e5439ee-0d81-4798-afa2-2a8c89f08163	73513	1.0	confident	Dioon_edule:mito	Eukaryota:mito
fbb9d47b-d012-46f2-8f33-706978ab36ed	73513	1.0	confident	Dioon_edule:mito	Eukaryota:mito
a7daefa7-f896-4242-82be-2c8f18351489	73513	1.0	confident	Dioon_edule:mito	Eukaryota:mito
d002dac4-5f01-4445-888c-9d5ca207b854	73513	1.0	confident	Dioon_edule:mito	Eukaryota:mito
1f09f490-e56c-42c3-8838-954dfb21d4ed	73513	1.0	confident	Dioon_edule:mito	Eukaryota:mito
7fb2654e-face-47b4-8a5b-7520bccc7ffd	73513	1.0	confident	Dioon_edule:mito	Eukaryota:mito
c7310e72-a006-4bbf-b253-6d56a87b22a7	73513	1.0	confident	Dioon_edule:mito	Eukaryota:mito
5a5f3d7a-e638-49f7-983d-0e2f5006c48b	73513	1.0	confident	Dioon_edule:mito	Eukaryota:mito
d0d72616-1673-41e8-a179-34477a03e6ea	73513	1.0	confident	Dioon_edule:mito	Eukaryota:mito
5e7dcb62-fb27-4e78-917d-6b59f1121b7c	73513	1.0	confident	Dioon_edule:mito	Eukaryota:mito
1ebed043-be7a-490d-9726-02185183ce3c	73513	1.0	confident	Dioon_edule:mito	Eukaryota:mito
6a697a18-82fb-41f6-8244-0bd91b2b6bc0	73513	1.0	confident	Dioon_edule:mito	Eukaryota:mito
44f9094e-791f-4ea1-b3ad-d8943fe38d83	73513	1.0	confident	Dioon_edule:mito	Eukaryota:mito
dc12a2d2-4e20-4121-8eff-b88a16eb0452	73513	1.0	confident	Dioon_edule:mito	Eukaryota:mito
a92b87ba-0159-44ae-9f83-74c0e4c8ee17	73513	1.0	confident	Dioon_edule:mito	Eukaryota:mito
5c68a9b2-cabe-4d8b-a2ad-75d51f7cbefe	10159	1.0	confident	Rhodomonas_salina:plas	Eukaryota:plas
4cc46844-6997-4253-9411-da8f094da5df	6722	1.0	confident	Epifagus_virginiana:plas	Eukaryota:plas
2f28106c-1e29-44d9-8996-419cb26c9988	10159	1.0	confident	Rhodomonas_salina:plas	Eukaryota:plas
917a575d-495d-48ee-873f-cf4c6701f592	10159	1.0	confident	Rhodomonas_salina:plas	Eukaryota:plas
eb90d1e0-0fd8-433c-b426-9ae0f342b50f	10159	1.0	confident	Rhodomonas_salina:plas	Eukaryota:plas
1b96eb15-f0c6-477d-9a40-653f3a19cfc2	6722	1.0	confident	Epifagus_virginiana:plas	Eukaryota:plas
1df79882-a388-4677-ad20-e5199fa9e0f5	6722	1.0	confident	Epifagus_virginiana:plas	Eukaryota:plas
e60eff0f-44cc-4f4b-af1d-99cc8055ecf8	10159	1.0	confident	Rhodomonas_salina:plas	Eukaryota:plas
c41457f6-dc5d-4e53-9d90-01920ea92d9d	6722	1.0	confident	Epifagus_virginiana:plas	Eukaryota:plas
02e5bbdb-d4a9-49c2-a8cb-9f40bbfaf927	6722	1.0	confident	Epifagus_virginiana:plas	Eukaryota:plas
db513227-d378-4c9d-9d49-be066c303c1b	6722	1.0	confident	Epifagus_virginiana:plas	Eukaryota:plas
73f5e7cb-a7dd-46ef-a15c-1d7b95872a21	10159	1.0	confident	Rhodomonas_salina:plas	Eukaryota:plas
167ee4de-2d34-42c0-9418-42a03a43db73	6722	1.0	confident	Epifagus_virginiana:plas	Eukaryota:plas
efec4894-9c9e-45af-9a53-46275cf0eebf	10159	1.0	confident	Rhodomonas_salina:plas	Eukaryota:plas
4e5ec1a3-afd3-4a51-ac48-66627ce0a4ad	6722	1.0	confident	Epifagus_virginiana:plas	Eukaryota:plas
fab5e3b8-cf23-4106-bd7e-ef5ede03d07a	10159	1.0	confident	Rhodomonas_salina:plas	Eukaryota:plas
03d547ad-aba2-4184-8b62-16a1f84853ef	10159	1.0	confident	Rhodomonas_salina:plas	Eukaryota:plas
c23b6315-5dd7-48ff-a6a0-08ae3c9a6e64	10159	1.0	confident	Rhodomonas_salina:plas	Eukaryota:plas
8c14e34c-9a70-4a7f-abd1-c94b30387e02	6722	1.0	confident	Epifagus_virginiana:plas	Eukaryota:plas
f7cfdb4a-2a1d-4aae-a8b7-8358e31a0123	6722	1.0	confident	Epifagus_virginiana:plas	Eukaryota:plas
791752bf-f28a-4585-9b50-65299ea8d6bd	10159	1.0	confident	Rhodomonas_salina:plas	Eukaryota:plas
adcc0cb8-7281-4006-9330-013653c623ef	6722	1.0	confident	Epifagus_virginiana:plas	Eukaryota:plas
d4d5a7f1-fde8-462a-8831-f0081b4a53e3	6722	1.0	confident	Epifagus_virginiana:plas	Eukaryota:plas
0e9912a1-e24c-4413-b1e5-64a2d0a9dd22	10159	1.0	confident	Rhodomonas_salina:plas	Eukaryota:plas
2b02665f-4882-436d-9fa8-c82ac756d3ad	6722	1.0	confident	Epifagus_virginiana:plas	Eukaryota:plas
3eaada7a-36f2-44aa-b07c-1df8c079a120	10159	1.0	confident	Rhodomonas_salina:plas	Eukaryota:plas
34595e68-903f-4811-ae9d-c799ccda525c	10159	1.0	confident	Rhodomonas_salina:plas	Eukaryota:plas
0c9097a5-ce11-47a3-b4a4-56aa002cd41c	10159	1.0	confident	Rhodomonas_salina:plas	Eukaryota:plas
73d35af0-0be7-41ca-a2fb-cd28a07e7300	6722	1.0	confident	Epifagus_virginiana:plas	Eukaryota:plas
31697a74-6f5d-4002-8941-6c5a79759bb7	10159	1.0	confident	Rhodomonas_salina:plas	Eukaryota:plas
310833ba-16c7-4fa1-b547-ee627e261ef3	10159	1.0	confident	Rhodomonas_salina:plas	Eukaryota:plas
c4151075-7cf1-49af-976b-a880b39d3e94	6722	1.0	confident	Epifagus_virginiana:plas	Eukaryota:plas
db15e479-dcb9-40b2-bf87-9aeb8d14e881	6722	1.0	confident	Epifagus_virginiana:plas	Eukaryota:plas
da720907-4d37-4315-965e-c4f797bc92d3	10159	1.0	confident	Rhodomonas_salina:plas	Eukaryota:plas
6595e0c9-5318-4137-87ae-1be65ae1b5c8	6722	1.0	confident	Epifagus_virginiana:plas	Eukaryota:plas
bdfcb52f-a65c-42c0-a589-6c1052964d33	10159	1.0	confident	Rhodomonas_salina:plas	Eukaryota:plas
424518ca-f789-4bd2-8242-114cb2afe7a5	10159	1.0	confident	Rhodomonas_salina:plas	Eukaryota:plas
93d18d7e-fcb9-47e8-9ee5-cd154b039c6b	10159	1.0	confident	Rhodomonas_salina:plas	Eukaryota:plas
ed873528-c22b-4c7d-af9d-2cd34b652696	10159	1.0	confident	Rhodomonas_salina:plas	Eukaryota:plas
0fb6bdd0-55ee-4329-97b2-12c98ee76ceb	10159	1.0	confident	Rhodomonas_salina:plas	Eukaryota:plas
f23d0eb5-a967-4d45-8d1d-54cb7b54ee8d	6722	1.0	confident	Epifagus_virginiana:plas	Eukaryota:plas
8911120f-72e0-423c-ab89-b9657038369d	6722	1.0	confident	Epifagus_virginiana:plas	Eukaryota:plas
443e3475-64d1-4593-b005-81d8cd76e867	6722	1.0	confident	Epifagus_virginiana:plas	Eukaryota:plas
56b6d535-39b7-46a5-a707-8d2db46670c3	10159	1.0	confident	Rhodomonas_salina:plas	Eukaryota:plas
98dfde36-7415-4599-9db0-58a30d05ed82	6722	1.0	confident	Epifagus_virginiana:plas	Eukaryota:plas
d83ef8e3-99a1-43c8-8eaf-75231b424add	6722	1.0	confident	Epifagus_virginiana:plas	Eukaryota:plas
df1514d1-cf3d-456b-b596-b4a3f141b9bb	6722	1.0	confident	Epifagus_virginiana:plas	Eukaryota:plas
9ca134da-4009-4cb2-8039-8830026cd969	6722	1.0	confident	Epifagus_virginiana:plas	Eukaryota:plas
4f607250-8f3d-44fa-a173-70b22487fcc9	10159	1.0	confident	Rhodomonas_salina:plas	Eukaryota:plas
cf5a127f-642d-4125-b71a-ace1d908d59d	6722	1.0	confident	Epifagus_virginiana:plas	Eukaryota:plas
1866c7eb-ea13-464b-a582-76de2a246e31	10159	1.0	confident	Rhodomonas_salina:plas	Eukaryota:plas
9ce21868-d6be-4d4a-852f-17e18dea0b75	6722	1.0	confident	Epifagus_virginiana:plas	Eukaryota:plas
bbbfef05-d588-4230-aa8a-8adf301987e6	6722	1.0	confident	Epifagus_virginiana:plas	Eukaryota:plas
eff47fc9-a1d9-4460-b05e-6c48bc1996af	6722	1.0	confident	Epifagus_virginiana:plas	Eukaryota:plas
1479e3da-e197-4fde-aaee-67633b34a788	6722	1.0	confident	Epifagus_virginiana:plas	Eukaryota:plas
3bf9a386-2d60-4fd8-83d3-fac67da6eb39	10159	1.0	confident	Rhodomonas_salina:plas	Eukaryota:plas
342cbdbc-63f5-425d-9dca-f98c9d4d7548	6722	1.0	confident	Epifagus_virginiana:plas	Eukaryota:plas
bc55646d-d337-427f-a0f8-dc1bb39323ac	6722	1.0	confident	Epifagus_virginiana:plas	Eukaryota:plas
355e7c4b-e07c-43c3-9a1e-68436a5c7447	6722	1.0	confident	Epifagus_virginiana:plas	Eukaryota:plas
07ae6f10-5061-4793-8217-9cd9aac9dc83	6722	1.0	confident	Epifagus_virginiana:plas	Eukaryota:plas
0f1ed763-6537-4ef1-b8ba-a7b41651b294	6722	1.0	confident	Epifagus_virginiana:plas	Eukaryota:plas
978ddd4e-c2e5-496a-aead-ced551f8bee2	2080755	0.9996941921206391	high	Tautonia sociabilis	Bacteria
a0c4aa61-c78d-455d-b73b-790309edfdf0	2712865	0.9994125223259231	high	Paludisphaera soli	Bacteria
d606af03-fc2f-48dd-9fd0-ce4bde976120	2080755	1.0	confident	Tautonia sociabilis	Bacteria
5e88fa4d-1fed-4928-8fac-e97ea98f9863	1636152	0.7956753458359686	medium	Planctomyces sp. SH-PL62	Bacteria
6093c8ca-1251-443c-9b84-301beaed69a6	2080755	0.8703589877193192	high	Tautonia sociabilis	Bacteria
9b7a37d9-3829-4bc5-969b-64e227604746	1636152	0.7988894268349598	medium	Planctomyces sp. SH-PL62	Bacteria
fabea177-b395-4c46-b77b-21b9cf543573	2080755	0.9820893691801136	high	Tautonia sociabilis	Bacteria
45caf8ca-5e7b-453e-a38d-9ea797de8ad3	2080755	0.895526542636314	high	Tautonia sociabilis	Bacteria
80bb816c-af83-4ae6-8ba1-d97394e5cd8c	2712865	0.8958869571870764	high	Paludisphaera soli	Bacteria
3e08b3ad-70ee-4ebe-aea5-e1e5e36479f2	1636152	0.8003448004521265	high	Planctomyces sp. SH-PL62	Bacteria
edd9a183-266a-4d30-8daf-2af4aec1a120	1636152	0.8897300232834733	high	Planctomyces sp. SH-PL62	Bacteria
54b0cf2d-f6c5-48f3-a415-499ef65204fc	406548	0.9999999994672536	high	Aquisphaera giovannonii	Bacteria
7921227a-f123-4bf3-b29b-64d5f1c3b415	1636152	0.9363483797610164	high	Planctomyces sp. SH-PL62	Bacteria
fee387be-2b60-4516-94f6-26bbc52782c7	2080755	0.9595311597363032	high	Tautonia sociabilis	Bacteria
84db899a-4367-4e5b-8982-48cbba79dbd0	406548	0.9792034785664564	high	Aquisphaera giovannonii	Bacteria
757f3f8c-f53b-4134-8855-b4cbe9192eb8	406548	0.9999727572302516	high	Aquisphaera giovannonii	Bacteria
ee667dd6-a3d4-4951-8946-1931ecfecb32	2712865	0.9994353619865516	high	Paludisphaera soli	Bacteria
18bca17f-37b6-4f42-9f5e-87a16f6f501e	2080755	0.5486814088445763	medium	Tautonia sociabilis	Bacteria
2074be68-69b0-4f55-97bc-e92f0650e77b	1636152	0.9376435783822455	high	Planctomyces sp. SH-PL62	Bacteria
e5d68a2d-24d7-43f4-b4ff-f6cfa80cbc95	1636152	0.7784213447590191	medium	Planctomyces sp. SH-PL62	Bacteria
1d44c435-bbac-4f7a-8af1-b7f5a4e309de	643672	0.9999999723428188	high	Singulisphaera rosea	Bacteria
b7bd3119-94d6-4fbe-b50c-9cda573388cd	2080755	1.0	confident	Tautonia sociabilis	Bacteria
845f3ac1-599d-4bc5-a797-7463aa6d0b9c	1636152	0.7841487865898084	medium	Planctomyces sp. SH-PL62	Bacteria
c55c8536-1b96-411d-9793-b3af31ad5f4a	2712865	0.9976217875647182	high	Paludisphaera soli	Bacteria
d9cc0423-af46-4f40-a08d-fb3922c73776	1636152	0.8005133548649476	high	Planctomyces sp. SH-PL62	Bacteria
45fb7e5f-a89b-4909-a570-20252389bb8a	2080755	0.9999812581027318	high	Tautonia sociabilis	Bacteria
9dfe5ff5-2e32-41ac-856d-8f693e24376d	2712865	0.9940113774326226	high	Paludisphaera soli	Bacteria
37f36c2e-201d-4b9f-aaa0-e076acf20f4d	2712865	0.9977725452366328	high	Paludisphaera soli	Bacteria
a83efe2b-6d84-4a42-b811-6fe2a886d521	2080755	0.9056331189808666	high	Tautonia sociabilis	Bacteria
4e9b25f9-d7db-4590-a948-257c7420871a	406548	0.9848098669787076	high	Aquisphaera giovannonii	Bacteria
e5d142cf-5b0d-4121-b3ed-14bfe95878ab	2080755	0.9993396245373032	high	Tautonia sociabilis	Bacteria
69e3ed46-0d50-49f4-bdb4-6bf92af36310	2080755	0.9820721450648964	high	Tautonia sociabilis	Bacteria
9c2f0c3a-3d29-477e-ae7b-e8f4641fc850	2080755	0.9864443943069046	high	Tautonia sociabilis	Bacteria
345e74fa-ea65-4e04-8d37-4912b52d0e79	1636152	0.7917106694287231	medium	Planctomyces sp. SH-PL62	Bacteria
d7657be9-ec1a-4f07-ac34-c9f05ad133ca	1636152	0.7990900058913439	medium	Planctomyces sp. SH-PL62	Bacteria
0276f5e1-fa72-452a-8b5e-feeb5bb0b305	2080755	0.9825211183847208	high	Tautonia sociabilis	Bacteria
263ea42a-b21b-4d4e-b1b2-9a430f34042c	1636152	0.9085899193101136	high	Planctomyces sp. SH-PL62	Bacteria
aba812d6-e713-47c2-8f56-259fecd4e5a2	2080755	0.9999846523047102	high	Tautonia sociabilis	Bacteria
3ff40c97-a9e6-4d4c-9044-e880d7ef1f8b	2080755	0.9985192635416268	high	Tautonia sociabilis	Bacteria
069c0c75-eb8a-4c2b-bd45-191c557728d1	2712865	0.6558253855590247	medium	Paludisphaera soli	Bacteria
64558c19-4b6d-41a4-8b48-402cc9798210	2080755	0.9999248883782984	high	Tautonia sociabilis	Bacteria
9859eebc-44e7-4258-8729-8ce5646e0fd9	2080755	0.9941152210775892	high	Tautonia sociabilis	Bacteria
788160ff-cb37-481e-9e5a-015aba27b22b	2712865	0.9420139479006872	high	Paludisphaera soli	Bacteria
32ae0ba2-5d88-439c-bd84-a569ac8d3ec3	1636152	0.9818454675073012	high	Planctomyces sp. SH-PL62	Bacteria
15753400-5fca-445a-8860-bb83194563e0	2080755	0.5910097550816716	medium	Tautonia sociabilis	Bacteria
f1b5e711-eefb-46a1-896b-9322d71f65e8	1636152	0.7931909158958013	medium	Planctomyces sp. SH-PL62	Bacteria
23ccbe77-1113-445a-a760-a405cf5b15d9	2712865	0.965575280327136	high	Paludisphaera soli	Bacteria
1ced9a08-1e45-475f-b605-e6db46d97c87	2712865	0.999763247015566	high	Paludisphaera soli	Bacteria
bed437cb-4277-43b5-8723-40a40064e066	1636152	0.7979621534772816	medium	Planctomyces sp. SH-PL62	Bacteria
2fa70d8b-738d-423c-b3a6-bd729e1303d9	1636152	0.7968152871665435	medium	Planctomyces sp. SH-PL62	Bacteria
689f5de5-bf90-4b6a-8fd3-b558058ecaac	1636152	0.911325943477036	high	Planctomyces sp. SH-PL62	Bacteria
d098e3f5-1e34-4291-a011-23ad75dbd298	1636152	0.797874024395377	medium	Planctomyces sp. SH-PL62	Bacteria
f258963a-ea94-4d4e-9faf-38e1edce5630	1636152	0.7922940872316154	medium	Planctomyces sp. SH-PL62	Bacteria
dfe646d2-699b-48ad-b3a5-b2c4a6bd6295	2080755	0.9863232126434062	high	Tautonia sociabilis	Bacteria
c400f72b-e764-4ca9-ab7d-4365018cb4e5	2712865	0.901988749417692	high	Paludisphaera soli	Bacteria
fc966172-904b-4330-b7ea-7558316711a6	1636152	0.7949587848225205	medium	Planctomyces sp. SH-PL62	Bacteria
83834bf0-a5ab-4114-a54d-abd529382a34	1636152	0.8898928057550564	high	Planctomyces sp. SH-PL62	Bacteria
506bc290-e814-4e45-af4d-f4ab9468383d	2712865	0.959134523009893	high	Paludisphaera soli	Bacteria
9469c616-c6a9-42fc-86a3-b9018255b6c3	2080755	0.998844204282751	high	Tautonia sociabilis	Bacteria
ae2ed992-8a5b-4c68-8de9-24844e94f5d0	1636152	0.7986482491740342	medium	Planctomyces sp. SH-PL62	Bacteria
6ab2419a-b161-4c80-9c4b-4194a0ca815c	1636152	0.9762233733357064	high	Planctomyces sp. SH-PL62	Bacteria
ae490839-4818-4b22-b9ab-f5b9bf0f1322	2712865	0.5168334333446574	medium	Paludisphaera soli	Bacteria
b7058152-5f16-4137-b812-69d22dcf8eae	2712865	0.9997674538908948	high	Paludisphaera soli	Bacteria
a1a2d6a0-4a07-4243-8458-0af87f9357a2	1636152	0.7991561443769142	medium	Planctomyces sp. SH-PL62	Bacteria
82aca55c-c436-4b28-86b9-817e6de10d96	2712865	0.4942889235195345	low	Paludisphaera soli	Bacteria
56a46c6c-e9c9-418c-978f-7c575a7d20af	2712865	0.4017209686356076	low	Paludisphaera soli	Bacteria
36a0af85-36de-47f8-8f65-3175e5cfc499	2712865	0.9043450076769388	high	Paludisphaera soli	Bacteria
b20b67dc-735f-4cb8-a511-47eae8b535c1	1636152	0.935628186469743	high	Planctomyces sp. SH-PL62	Bacteria
4d83dd38-884e-405b-b78b-f78f2bd199ab	1636152	0.7989542198506103	medium	Planctomyces sp. SH-PL62	Bacteria
da6e3806-a37a-4946-a885-60cbdc3e3c51	1636152	0.8004338600027541	high	Planctomyces sp. SH-PL62	Bacteria
dffa1615-8137-4af0-a3b8-420e73f795d0	2712865	0.997882217072094	high	Paludisphaera soli	Bacteria
781f2f44-c668-4036-b05d-620c10c67e56	2712865	0.9977161428146802	high	Paludisphaera soli	Bacteria
0464207c-2f1c-43a8-9715-d6ff355b1881	1636152	0.7983121379878825	medium	Planctomyces sp. SH-PL62	Bacteria
92d95c8e-ca03-49e4-94ac-e60f1dec4966	2712865	0.9971721059514596	high	Paludisphaera soli	Bacteria
028ef86c-d011-4d8d-9c2f-a0b119bb82ec	2712865	0.9992954689620672	high	Paludisphaera soli	Bacteria
7a888113-aa20-4c3e-b1be-31965e65e0c7	406548	0.9877102587489835	high	Aquisphaera giovannonii	Bacteria
e7ab4b2a-b1c5-4d82-a15c-dcd4b444cee9	2712865	0.9838979132614544	high	Paludisphaera soli	Bacteria
cc5b41eb-6cb2-4b13-beca-7adab851609b	1636152	0.689886962486167	medium	Planctomyces sp. SH-PL62	Bacteria
38f05920-4909-459b-9424-7aa9526c02f8	2712865	0.9357309495688164	high	Paludisphaera soli	Bacteria
53eb65e8-13e1-4a30-bee4-a8759e79977b	406548	0.7150962209595166	medium	Aquisphaera giovannonii	Bacteria
e8125954-2182-4def-868c-e29dd08bbb46	643672	0.999999970215141	high	Singulisphaera rosea	Bacteria
61daaa08-1b28-40db-81ac-0a41638dbcf3	1636152	0.9364247683914968	high	Planctomyces sp. SH-PL62	Bacteria
3d6d976b-db06-431f-ad55-1d84ed122887	1636152	0.7995386873984779	medium	Planctomyces sp. SH-PL62	Bacteria
c3ed5780-c8be-419b-8cd2-bff42b74c5b1	2080755	1.0	confident	Tautonia sociabilis	Bacteria
965fd607-4b9b-47a9-9561-9f34ea901203	1636152	0.8716853525236057	high	Planctomyces sp. SH-PL62	Bacteria
ae297487-f5cc-4908-a215-db6c0ef386a7	1636152	0.7938489047496242	medium	Planctomyces sp. SH-PL62	Bacteria
ec4fb8fd-b650-47fc-900d-5aa456bc47b6	2080755	0.9997642648505606	high	Tautonia sociabilis	Bacteria
09a0da81-229c-4be0-8e83-9d50238af0d7	1636152	0.9018043441946444	high	Planctomyces sp. SH-PL62	Bacteria
65f6e9e6-6539-494f-879c-0ef48eb3c72c	1636152	0.6152462509874836	medium	Planctomyces sp. SH-PL62	Bacteria
cb77fb5b-766a-447a-b24e-81b36df3e157	2712865	0.9977480390698024	high	Paludisphaera soli	Bacteria
3e85c5bc-94c9-4392-9db8-9d1f7b7cf272	2080755	0.5441714176114023	medium	Tautonia sociabilis	Bacteria
da918b4a-7485-4eb1-b38c-51da7aa57a0e	1636152	0.7988324999701432	medium	Planctomyces sp. SH-PL62	Bacteria
85684616-a0fc-4e1b-942a-19f34d3742e0	1636152	0.9943068684833816	high	Planctomyces sp. SH-PL62	Bacteria
8fb10444-0643-4332-958a-1f84f09794eb	1636152	0.8339968167523767	high	Planctomyces sp. SH-PL62	Bacteria
f790d19c-de91-4799-a661-5442b6b413b8	643672	0.9999999675929044	high	Singulisphaera rosea	Bacteria
31503b4b-5b66-45d4-b492-54136ac88d87	643672	0.9999999983876078	high	Singulisphaera rosea	Bacteria
faefc2d9-8e36-4a6f-8a2b-8b95697c4d7d	1636152	0.7553428370378615	medium	Planctomyces sp. SH-PL62	Bacteria
0d554c74-41fa-4fb7-9208-b35bc1fa730f	2080755	0.9477711300530276	high	Tautonia sociabilis	Bacteria
57a10475-086b-418f-9a3d-968dd0ad20c2	406548	0.5124169325428192	medium	Aquisphaera giovannonii	Bacteria
e1c96330-1fba-4d4a-972e-adf74f99b906	2712865	0.9664968952196148	high	Paludisphaera soli	Bacteria
8236e744-13c9-4241-b0af-0827333acea4	406548	0.9531863682850632	high	Aquisphaera giovannonii	Bacteria
ff2a8ff5-8a6d-4caa-a0ea-68cf858624d1	2080755	1.0	confident	Tautonia sociabilis	Bacteria
cf082c7d-180c-46ca-a0aa-bcf2ad81fdc0	2712865	0.9115920777275848	high	Paludisphaera soli	Bacteria
ac1c21fa-db0a-4049-8f95-3735a6052ee3	1636152	0.7921951009568847	medium	Planctomyces sp. SH-PL62	Bacteria
eddc42c1-6449-47fb-b517-238b392ea7f4	2080755	0.9990899204328646	high	Tautonia sociabilis	Bacteria
8eeb056e-8970-4d83-8a07-81180858722a	1636152	0.7962374621409767	medium	Planctomyces sp. SH-PL62	Bacteria
33374a58-7a2e-42a1-bee9-e82ef4025618	1636152	0.8968235767228901	high	Planctomyces sp. SH-PL62	Bacteria
04a2359f-a0fe-49a4-b7cd-9e9289ac5d40	2712865	0.9996641651829776	high	Paludisphaera soli	Bacteria
b437d4fc-2993-4a20-9ffb-7b0f5cf9bf92	1636152	0.7960832326656024	medium	Planctomyces sp. SH-PL62	Bacteria
2369cb23-e800-4125-96e8-3e67b1791bed	1636152	0.9823875132225568	high	Planctomyces sp. SH-PL62	Bacteria
5d1955ea-83d8-42b9-9f51-a056664f7006	2712865	0.7454000356275172	medium	Paludisphaera soli	Bacteria
bc449068-f413-428e-95b5-0cbcbeb595c9	1636152	0.6870879575489215	medium	Planctomyces sp. SH-PL62	Bacteria
7cb1c5ee-2c83-4447-ae1a-7a67f2ebffc3	1636152	0.9131015345135864	high	Planctomyces sp. SH-PL62	Bacteria
7042eb27-0b1a-4849-b7c9-ae27f6097056	1636152	0.7787655573916205	medium	Planctomyces sp. SH-PL62	Bacteria
b859d87e-03b5-4baa-9ca3-961408cdc5da	1636152	0.9378979750085455	high	Planctomyces sp. SH-PL62	Bacteria
c7a78cce-ac69-4ce7-a2ca-85424cc19731	2712865	0.968430924446584	high	Paludisphaera soli	Bacteria
65b41b50-7a4e-4df1-a319-31f99200842b	1636152	0.7918525562850199	medium	Planctomyces sp. SH-PL62	Bacteria
b814aa81-f30d-440b-81aa-42887ce18fad	1636152	0.9830761316620324	high	Planctomyces sp. SH-PL62	Bacteria
456310d3-7bf3-40f7-8b36-eaf7077b9b0b	1636152	0.7981266967110552	medium	Planctomyces sp. SH-PL62	Bacteria
2e849768-4e60-4916-8f2d-e5d96742cfe4	1636152	0.9198477978254468	high	Planctomyces sp. SH-PL62	Bacteria
69b25cb7-550a-4544-8f4d-177cc63224a1	1636152	0.7958943464716829	medium	Planctomyces sp. SH-PL62	Bacteria
b010e277-7cba-42bf-8044-f0aeeaece76a	1636152	0.9824444027058538	high	Planctomyces sp. SH-PL62	Bacteria
caa46547-9cfa-47b7-b1c4-e7989f356c8d	2080755	0.999815902305464	high	Tautonia sociabilis	Bacteria
c33630cb-34c3-4832-8cd9-9de5e7b0f71e	1636152	0.7971780916102655	medium	Planctomyces sp. SH-PL62	Bacteria
94ccb5c9-d666-476c-a071-989921c30a91	1636152	0.7960765172803083	medium	Planctomyces sp. SH-PL62	Bacteria
6a32b4c0-7901-4139-91f7-9f802991432a	1636152	0.8201308276482288	high	Planctomyces sp. SH-PL62	Bacteria
68ebeaab-ba05-4306-a594-6f7da3ea3ac0	1636152	0.7879398237980743	medium	Planctomyces sp. SH-PL62	Bacteria
002a272c-aef7-4564-9df5-3815969ec62b	2712865	0.9998098731971388	high	Paludisphaera soli	Bacteria
a78166ef-030c-4f5b-a1d6-9f6b24b12ff7	2080755	1.0	confident	Tautonia sociabilis	Bacteria
b48a5f5f-0d92-4888-b297-11b0427df463	2712865	0.99969948129467	high	Paludisphaera soli	Bacteria
b85a8aed-1a0a-4d5f-894a-4d7846e8e42b	2712865	0.9972274953356236	high	Paludisphaera soli	Bacteria
f308fa5d-222b-4f26-96df-33221260b464	2712865	0.9998683411413604	high	Paludisphaera soli	Bacteria
80d3ab18-4985-4e6d-aff5-ff8a56bb0609	1636152	0.789511717447211	medium	Planctomyces sp. SH-PL62	Bacteria
d0f3485b-a60e-4336-8b18-f890672a107b	1636152	0.7979621534772816	medium	Planctomyces sp. SH-PL62	Bacteria
243223fc-91bc-4d43-b813-de4077d7d069	2712865	0.968359930425706	high	Paludisphaera soli	Bacteria
cdd4993e-ff8e-409a-ab37-c39ee363933f	2712865	0.5036099385952242	medium	Paludisphaera soli	Bacteria
200a884e-7a2d-426f-ae0a-2d5ebb019ed3	1636152	0.7925303576747196	medium	Planctomyces sp. SH-PL62	Bacteria
2a7b18d9-1879-41d2-a9df-40fcfe57abce	406548	0.9999724522920086	high	Aquisphaera giovannonii	Bacteria
5ebf24a9-dc01-4984-b02e-189cfeb0ed4e	2712865	0.5668523046944764	medium	Paludisphaera soli	Bacteria
0ea0fb8f-481b-4eb9-9c7e-3d21c81c952a	1636152	0.8008351764801741	high	Planctomyces sp. SH-PL62	Bacteria
36f77977-6233-4b74-878e-9a9b53351556	1636152	0.7940799758323499	medium	Planctomyces sp. SH-PL62	Bacteria
73bd8477-4c7c-476b-baa0-0964036fa8b8	1636152	0.798841051746698	medium	Planctomyces sp. SH-PL62	Bacteria
32ff33aa-9571-460d-b736-c26735d4cf19	1636152	0.9746179822092956	high	Planctomyces sp. SH-PL62	Bacteria
779fe594-7f9b-4d48-8786-c84b4e4f9e7b	2080755	0.9988581370756232	high	Tautonia sociabilis	Bacteria
3e93a834-d65d-4417-a3ed-331691b780c7	1636152	0.7984818628300926	medium	Planctomyces sp. SH-PL62	Bacteria
dee581fe-c6f5-49bc-ad70-e82876bcc75d	1636152	0.8008351764801741	high	Planctomyces sp. SH-PL62	Bacteria
423d7491-4992-4047-a749-f9a751535331	1636152	0.7979833278645541	medium	Planctomyces sp. SH-PL62	Bacteria
a8251a7c-08b3-476a-a656-9dce57b255bc	1636152	0.7960643061252034	medium	Planctomyces sp. SH-PL62	Bacteria
0bf5cc80-328a-492e-a5fe-3c56b47c6233	2712865	0.997840746472827	high	Paludisphaera soli	Bacteria
c5a2cb42-4109-422f-bf2d-b83f74673858	1636152	0.7974055194287075	medium	Planctomyces sp. SH-PL62	Bacteria
ccc4aa60-52d4-45c3-8347-2438c76b78f2	2712865	0.962952827496157	high	Paludisphaera soli	Bacteria
2c973dbe-4371-4458-8510-e5b76b3c264d	1636152	0.7934036372234365	medium	Planctomyces sp. SH-PL62	Bacteria
3f59937e-6f30-455b-8a6a-e3aa2d30fe73	1636152	0.7994068805410024	medium	Planctomyces sp. SH-PL62	Bacteria
a3bc4027-5e77-4199-b989-5e11ad922600	1636152	0.796314451482371	medium	Planctomyces sp. SH-PL62	Bacteria
7c72ba17-f6c3-4368-93e3-32fbdeff2afe	1636152	0.7919083615825792	medium	Planctomyces sp. SH-PL62	Bacteria
ddcd20d8-2e30-4e77-88f8-d3ecb3458d16	1636152	0.7740972409907375	medium	Planctomyces sp. SH-PL62	Bacteria
2ba9d5b5-dbca-4e8e-ba12-77770fb38194	1636152	0.9381013710055086	high	Planctomyces sp. SH-PL62	Bacteria
9fafa442-73f3-48ce-ba14-2efac803614e	1636152	0.7957436583935465	medium	Planctomyces sp. SH-PL62	Bacteria
3d04b1fe-9fcd-4a40-9699-108e900ef603	1636152	0.93795806689951	high	Planctomyces sp. SH-PL62	Bacteria
c69c4da7-41e6-4729-8403-85ffffa0f6ee	2712865	0.9897267012758386	high	Paludisphaera soli	Bacteria
354a1d2b-879b-4f1f-8d49-928589b75577	1636152	0.7917428591083104	medium	Planctomyces sp. SH-PL62	Bacteria
6094dab7-6c12-4b99-ab61-452156d06966	1636152	0.937922263748054	high	Planctomyces sp. SH-PL62	Bacteria
e27caed6-54fb-4a74-9a1b-8986f7dececc	406548	0.660978332607376	medium	Aquisphaera giovannonii	Bacteria
a734a111-bf5b-4d4e-af22-cce8e8995ffb	2712865	0.9977765853552104	high	Paludisphaera soli	Bacteria
f8b0a055-6bbe-4815-9b3d-7b79336ad7d2	1636152	0.798761835227189	medium	Planctomyces sp. SH-PL62	Bacteria
15fc8090-6e8a-4c9e-9d00-7640201d480c	2080755	0.9984498359874384	high	Tautonia sociabilis	Bacteria
ab50a7a7-f9f5-4f0b-8b7a-34db64086cb6	2712865	0.9992938164102142	high	Paludisphaera soli	Bacteria
17553dd9-d342-400b-911d-e330c01482c6	2080755	0.89712748251061	high	Tautonia sociabilis	Bacteria
88176b7d-24a2-42b4-99fc-3913d556d8fb	1636152	0.9936202997694776	high	Planctomyces sp. SH-PL62	Bacteria
6243a38c-c549-4c73-b8f2-6ba3ca6be084	1636152	0.7993385205235365	medium	Planctomyces sp. SH-PL62	Bacteria
d87bfff5-a0f1-4e05-9cf3-5e7e1a057008	2712865	0.997834196246208	high	Paludisphaera soli	Bacteria
90978239-55e9-4239-9104-b8f3a9db2017	1636152	0.7953086536268977	medium	Planctomyces sp. SH-PL62	Bacteria
b7bdd4c1-3f6c-4764-9701-f392dbbb6e4a	406548	0.9999532217503468	high	Aquisphaera giovannonii	Bacteria
89fc2a32-5324-4740-8513-688dfc5fcddb	2080755	0.999980647491765	high	Tautonia sociabilis	Bacteria
e65e9e8f-f3dc-4ec7-8b6a-994b89b75892	1636152	0.7962580858144935	medium	Planctomyces sp. SH-PL62	Bacteria
6f38c44a-bd38-44b7-be30-e7565e63f981	1636152	0.7986075928074517	medium	Planctomyces sp. SH-PL62	Bacteria
8a3dc1f2-b97e-47ca-b44e-12833ca3ce1a	2712865	0.9997788129947472	high	Paludisphaera soli	Bacteria
b7f30982-1f25-416e-a56c-a2103bb8d29b	1636152	0.7932266330570761	medium	Planctomyces sp. SH-PL62	Bacteria
0c8dc27c-7903-4163-b350-d5de53d25170	1636152	0.9826115972323308	high	Planctomyces sp. SH-PL62	Bacteria
46e18ce6-77f6-4456-80a0-431d38751315	406548	0.999999535659906	high	Aquisphaera giovannonii	Bacteria
c896c063-f456-4e76-ac37-ac2e90afa18f	1636152	0.7606601017674032	medium	Planctomyces sp. SH-PL62	Bacteria
730e718f-7759-4817-a5c7-be8cb1f4c422	1636152	0.9380852041275282	high	Planctomyces sp. SH-PL62	Bacteria
673743d7-f29b-4273-9d63-341aeb8aa506	1636152	0.7962598394750235	medium	Planctomyces sp. SH-PL62	Bacteria
b80e6790-4468-48d9-9c49-8680a719d8f1	2080755	0.9983867609567668	high	Tautonia sociabilis	Bacteria
8a2c2a7d-b469-4526-8385-6f877dce6a37	2712865	0.9998598117519096	high	Paludisphaera soli	Bacteria
303af6be-4e02-47d6-ab76-590ef1fe07cb	2712865	0.7956780967403273	medium	Paludisphaera soli	Bacteria
c6ec4b95-10d5-423a-ae74-5c79faaf3ec2	2080755	0.9827700480792332	high	Tautonia sociabilis	Bacteria
74b75879-1712-49e0-827f-adb1a8b1ff0a	1636152	0.6673010368137963	medium	Planctomyces sp. SH-PL62	Bacteria
fa5a504a-f7e3-450c-880e-3b222273c631	2080755	0.8540453212690293	high	Tautonia sociabilis	Bacteria
9b314a16-1517-4f8f-ace5-8ae21bb00fdb	1636152	0.5627104503362452	medium	Planctomyces sp. SH-PL62	Bacteria
3a6ef981-f292-4616-96bc-88ef412e0344	1636152	0.7573256924691135	medium	Planctomyces sp. SH-PL62	Bacteria
d8c2e228-a8f8-4fa6-9ac7-a8c331e2c985	1636152	0.9389540463562236	high	Planctomyces sp. SH-PL62	Bacteria
e7834194-517d-4d87-be5e-74e2ceb3d080	2080755	1.0	confident	Tautonia sociabilis	Bacteria
226d915e-ed80-48ef-bae4-345009ace271	1636152	0.7801673300229909	medium	Planctomyces sp. SH-PL62	Bacteria
543d6631-89b2-4453-be7a-ee11063cf85f	2080755	0.9827377952343834	high	Tautonia sociabilis	Bacteria
be03428e-e2aa-4daf-ac5c-8856bacf019a	406548	0.9999992096478064	high	Aquisphaera giovannonii	Bacteria
1603d7ea-53fa-49ca-aade-b38eda9d48e9	1636152	0.9322514023760574	high	Planctomyces sp. SH-PL62	Bacteria
c70919eb-de4d-4a81-87ab-f41e83427fd0	1636152	0.795331086160851	medium	Planctomyces sp. SH-PL62	Bacteria
fd5ba288-99e3-4a85-b785-bd5c07973213	1636152	0.799170393119795	medium	Planctomyces sp. SH-PL62	Bacteria
28daca50-6f47-45ef-ad9f-42c319661db7	1636152	0.7973766118021514	medium	Planctomyces sp. SH-PL62	Bacteria
5ce45e89-8678-458e-a6c5-0f6a98e7f309	2712865	0.9996092479435982	high	Paludisphaera soli	Bacteria
31209340-d720-4000-9af5-191bc882340b	2712865	0.9917339460093996	high	Paludisphaera soli	Bacteria
740db295-9642-4c5d-8ce7-8e630b52e163	1636152	0.7930375936362284	medium	Planctomyces sp. SH-PL62	Bacteria
32e0c7ca-1498-4b0c-8f63-65fe248aa7c5	1636152	0.791738659240603	medium	Planctomyces sp. SH-PL62	Bacteria
f659224b-2288-44a9-8b47-a3de69f44d24	1636152	0.7806291334420131	medium	Planctomyces sp. SH-PL62	Bacteria
dc71b222-c67d-4d9c-b280-4fcdce1f2fc7	1636152	0.7961322697698393	medium	Planctomyces sp. SH-PL62	Bacteria
61240395-bfd1-43df-b3b7-e4f7bafedd07	2080755	1.0	confident	Tautonia sociabilis	Bacteria
ab52cff3-ed5e-4f03-a95b-61e9b73a9031	1636152	0.7968427108442065	medium	Planctomyces sp. SH-PL62	Bacteria
c6a3f62a-d10f-4c11-841e-188e42460b57	1636152	0.7968720874328423	medium	Planctomyces sp. SH-PL62	Bacteria
664a96bf-4828-4f3e-aff4-15fe1112ec6f	2080755	0.9611986290065044	high	Tautonia sociabilis	Bacteria
b53d8a51-6975-418f-990f-806b986389b4	2712865	0.99992629522686	high	Paludisphaera soli	Bacteria
5cb2d9cd-9829-41b6-ba9c-f29fbcb8d2fa	2080755	0.9821830649967984	high	Tautonia sociabilis	Bacteria
023e129c-ecd5-4b2a-8845-aabdf80cfce4	2080755	0.9359918229533208	high	Tautonia sociabilis	Bacteria
2092be09-ef48-4ee3-bfb7-1233432a75d7	2712865	0.9999890692045452	high	Paludisphaera soli	Bacteria
6a93479f-2f78-4553-9b8d-ab3605e54159	1636152	0.9391271943670124	high	Planctomyces sp. SH-PL62	Bacteria
ed061d1d-aecf-4321-b9a1-6c0943576be7	2712865	0.5120860164171689	medium	Paludisphaera soli	Bacteria
15bedd2d-1194-45d9-a267-8ae5a6b24261	2080755	0.9356883932105567	high	Tautonia sociabilis	Bacteria
d1a1cc7d-1451-44db-8c4f-ee2f024fc6bb	1636152	0.9490008600214492	high	Planctomyces sp. SH-PL62	Bacteria
164d95f6-a576-4951-8bb2-e0097d7b7908	1636152	0.7966706803864699	medium	Planctomyces sp. SH-PL62	Bacteria
780d00d6-a845-41ad-a7f9-ed304cc5d410	1636152	0.6195129354194132	medium	Planctomyces sp. SH-PL62	Bacteria
12f46cdd-e626-4329-a167-6da2c1b5515d	406548	0.5957819185988836	medium	Aquisphaera giovannonii	Bacteria
a0ec30f8-7e56-49e6-a020-70a3d6cc3f78	2080755	0.9998617541171269	high	Tautonia sociabilis	Bacteria
ffebc37d-bfef-4f84-9faa-82a3e23663cf	1636152	0.7955785053330431	medium	Planctomyces sp. SH-PL62	Bacteria
013fd6fb-9e64-4e75-96a8-12e674f51b04	2712865	0.9999798549862248	high	Paludisphaera soli	Bacteria
f623fe83-9cf3-4533-9904-03f154331798	2712865	0.9593482302390096	high	Paludisphaera soli	Bacteria
806bbd7a-d6fc-4327-b31e-7931820e2d09	2080755	0.9820551713688592	high	Tautonia sociabilis	Bacteria
8b89488e-daa9-46ce-9cc3-47ee573b2c00	2080755	0.9997549137110726	high	Tautonia sociabilis	Bacteria
960dc8cf-ccdd-481d-a031-c6ee0780caaf	1636152	0.9113675522507528	high	Planctomyces sp. SH-PL62	Bacteria
04f7db53-f24a-41e9-b7ef-3e21a8508d45	2080755	1.0	confident	Tautonia sociabilis	Bacteria
bc07390c-c9ee-4dac-977a-c4f41b5311d7	406548	0.7627481601306881	medium	Aquisphaera giovannonii	Bacteria
a1b2988a-4e62-4521-ba0a-d4fc531b9541	1636152	0.7963556175439856	medium	Planctomyces sp. SH-PL62	Bacteria
b4948fed-eeb7-4759-9253-66463b0bb5a4	2080755	0.9822213350303396	high	Tautonia sociabilis	Bacteria
10e338b6-cb93-497f-8ce2-a5edd9240140	2712865	0.9916888348572304	high	Paludisphaera soli	Bacteria
2d45d1c1-3b6f-46af-8673-d7863af313eb	1636152	0.7905114575965418	medium	Planctomyces sp. SH-PL62	Bacteria
b07e5412-4c41-4ee3-b1e1-452f550d9cc6	2080755	0.9489551374014408	high	Tautonia sociabilis	Bacteria
f02bd6d3-d5a7-4d82-8e28-99b77658878a	1636152	0.7496216708654103	medium	Planctomyces sp. SH-PL62	Bacteria
2ee07a48-f0e0-4755-b4ec-680e604910cb	1636152	0.7904457790778349	medium	Planctomyces sp. SH-PL62	Bacteria
df7149f1-8c7e-45b1-aa3f-f0f00627bda7	1636152	0.9086432275794174	high	Planctomyces sp. SH-PL62	Bacteria
e58ee5a1-424d-49d8-95d4-c70cbe78acd8	1636152	0.7982547441174335	medium	Planctomyces sp. SH-PL62	Bacteria
35cbcee5-6044-4d96-ab9f-5ae7b15c61c6	1636152	0.7839234082938188	medium	Planctomyces sp. SH-PL62	Bacteria
59df1548-36d6-455b-8755-a4df12cde093	2712865	0.997809062725822	high	Paludisphaera soli	Bacteria
2400c924-02d6-45a1-9e1d-f8c7d960129e	2712865	0.9983234111180936	high	Paludisphaera soli	Bacteria
fe3bd565-df9f-4b30-87f1-ddeee505413b	1636152	0.7866940648486365	medium	Planctomyces sp. SH-PL62	Bacteria
7d34b08f-2e51-4021-83fa-40793c4c2c60	1636152	0.9388539046668192	high	Planctomyces sp. SH-PL62	Bacteria
30ce743c-c483-4df4-8bb6-69c2ad135363	2080755	0.8960002992485699	high	Tautonia sociabilis	Bacteria
331bcdeb-7c65-4a6e-ac9f-2ac72b290202	1636152	0.7992199659478939	medium	Planctomyces sp. SH-PL62	Bacteria
245e4a4b-b197-4cac-93ce-45d8dc101f14	406548	0.9999999922290956	high	Aquisphaera giovannonii	Bacteria
1ac2212c-86c9-417b-b7a0-6b33da3a5ec1	1636152	0.7985221606753775	medium	Planctomyces sp. SH-PL62	Bacteria
4f5c343b-e7ae-4505-accf-41163a13ead9	2080755	0.9486082804032976	high	Tautonia sociabilis	Bacteria
f0bf18a9-5392-4b2c-b36e-da48b589155b	1636152	0.7942784482149762	medium	Planctomyces sp. SH-PL62	Bacteria
750b4901-e0b5-4ef3-8cec-3dffda471d70	2080755	0.9941136117891864	high	Tautonia sociabilis	Bacteria
dfc9a85d-a998-44b6-bc26-5b56d5333fe6	1636152	0.8008351764801741	high	Planctomyces sp. SH-PL62	Bacteria
0c4f4134-8907-41f9-8152-07b5ce77df8a	2712865	0.9999537190821918	high	Paludisphaera soli	Bacteria
881d15fd-59ab-4432-b6c2-3866ab947594	2712865	0.999628999833616	high	Paludisphaera soli	Bacteria
cfb0e795-155b-4cd9-b8f2-35d463026b1e	2712865	0.9989418559421608	high	Paludisphaera soli	Bacteria
67e9ae81-6b31-483f-9913-d09e12606d88	1636152	0.790131238386013	medium	Planctomyces sp. SH-PL62	Bacteria
ccafe290-d7a9-4974-9f8e-a4c155f1b88b	2080755	1.0	confident	Tautonia sociabilis	Bacteria
68a8801e-4ddb-45a4-9629-f20b3555ac42	406548	0.999911069448333	high	Aquisphaera giovannonii	Bacteria
e5bc6051-68a8-429d-a5ca-79fa3e5db9fc	1636152	0.5649545322356894	medium	Planctomyces sp. SH-PL62	Bacteria
efa1f2c4-88ec-4e63-a2b5-8ecfb635203c	406548	0.9447525252972948	high	Aquisphaera giovannonii	Bacteria
da98ac49-e17a-439b-b036-8e85b70bffb2	2080755	0.7850915386721807	medium	Tautonia sociabilis	Bacteria
d5431a68-2a1b-4580-8a12-5bc6e5dbd1ff	2080755	0.5640684579874409	medium	Tautonia sociabilis	Bacteria
ac1b45f9-9bb8-43a1-aaeb-cb0b2f440832	1636152	0.7969568526032698	medium	Planctomyces sp. SH-PL62	Bacteria
d89cffc1-73ab-4748-a870-19d7935927aa	1636152	0.7998854857105997	medium	Planctomyces sp. SH-PL62	Bacteria
6d1cbd07-9817-42fb-bf23-b9f55ae02cd3	1636152	0.983275191573526	high	Planctomyces sp. SH-PL62	Bacteria
3639770f-be81-4ec1-bcfd-1cc6de6f93df	643672	0.9999999996145728	high	Singulisphaera rosea	Bacteria
76cfe787-fdae-4c5b-8ef0-8c0a1e41f88f	2080755	1.0	confident	Tautonia sociabilis	Bacteria
9c6e1f0b-ee9d-47bc-add4-5e26797617df	1636152	0.7972885949612321	medium	Planctomyces sp. SH-PL62	Bacteria
c10d8096-6b26-4304-8fb2-61ca6259599c	2080755	0.8246278739170846	high	Tautonia sociabilis	Bacteria
e0b5cef8-aea0-4bc5-a44b-9230a9c854f0	406548	0.660977934181081	medium	Aquisphaera giovannonii	Bacteria
2f8d6480-1ae6-4dfb-b07a-f45e01186e3f	2080755	0.982135796996038	high	Tautonia sociabilis	Bacteria
b7143b9a-5d45-44ee-8903-0c59b40b0471	1636152	0.79657817127536	medium	Planctomyces sp. SH-PL62	Bacteria
d061fdbb-47b5-45c6-9f26-32c6804f3e47	2080755	0.7311442440167859	medium	Tautonia sociabilis	Bacteria
92cd7159-8995-4767-88c9-4eb6ebc3a98d	1636152	0.7513670772665265	medium	Planctomyces sp. SH-PL62	Bacteria
1853d548-62a7-46af-a1f8-1012b571d619	1636152	0.7951000333776973	medium	Planctomyces sp. SH-PL62	Bacteria
b4d53209-9d50-4c40-960e-4ce75e864e3c	2712865	0.9991414592545592	high	Paludisphaera soli	Bacteria
b68ba7ee-a62c-4f6a-9ba2-f30f1a4bd00d	1636152	0.6226031587551466	medium	Planctomyces sp. SH-PL62	Bacteria
76907a37-7d3f-4a2b-a2dd-01b2f8454396	2080755	0.9824313843888424	high	Tautonia sociabilis	Bacteria
c4e8fd3d-d066-44f1-a7a5-639da2e52fbc	2712865	0.9979475404450672	high	Paludisphaera soli	Bacteria
af319786-ce13-4bcb-8472-0739190b9236	2080755	0.999757808541908	high	Tautonia sociabilis	Bacteria
537b9202-e523-4fad-b8c2-fa936cd340ab	406548	0.5849342503630431	medium	Aquisphaera giovannonii	Bacteria
7699325a-dc47-4d39-842c-4bf8d1eb55f3	1636152	0.9375717406241064	high	Planctomyces sp. SH-PL62	Bacteria
7d51d60c-a6b3-4e9b-b1e6-2b574479899e	2712865	0.9998603583190044	high	Paludisphaera soli	Bacteria
ce41c1a3-a440-4eb7-b894-f97e84eb5023	1636152	0.7938465651450014	medium	Planctomyces sp. SH-PL62	Bacteria
b6d988e6-e318-416f-9d09-8dd218c41f1c	2080755	0.5561830693741788	medium	Tautonia sociabilis	Bacteria
56f23118-c7a4-43c4-ad0e-2b322315fe48	1636152	0.8347428010551785	high	Planctomyces sp. SH-PL62	Bacteria
935d2fba-5bdf-4738-b6fe-36485f7082fd	1636152	0.7990901173717558	medium	Planctomyces sp. SH-PL62	Bacteria
6e251951-4f3c-41f2-987b-301d432a0f1e	1636152	0.8003448004521265	high	Planctomyces sp. SH-PL62	Bacteria
a4b27c36-5c1b-40d7-b1f5-9cdb440823d4	1636152	0.5625833318850366	medium	Planctomyces sp. SH-PL62	Bacteria
094e9720-bb7c-447b-b356-9cae2b30596d	2080755	0.9693407956929144	high	Tautonia sociabilis	Bacteria
702f686b-0cdb-4a2f-8472-0de48595f17a	1636152	0.7982529173779179	medium	Planctomyces sp. SH-PL62	Bacteria
3d7ee2c2-ff67-4dcb-89bd-e059e4206432	1636152	0.9997221951277914	high	Planctomyces sp. SH-PL62	Bacteria
a347d99a-095e-46e3-965e-a4a5cfbe4da8	1636152	0.8002422119138021	high	Planctomyces sp. SH-PL62	Bacteria
9f369093-9aae-4d2e-9694-8360bc735db7	1636152	0.991727944025095	high	Planctomyces sp. SH-PL62	Bacteria
9fdccc88-a954-4ef8-98d0-0cad5bcad54e	1636152	0.9307879745473758	high	Planctomyces sp. SH-PL62	Bacteria
d6c16dc1-c8ec-4966-8aa8-779a7a587132	1636152	0.7830654824127358	medium	Planctomyces sp. SH-PL62	Bacteria
dd73d48d-779c-4d9e-a55a-a32d01253086	1636152	0.793560657899661	medium	Planctomyces sp. SH-PL62	Bacteria
bde57363-7deb-45e7-a016-75d881f17153	1636152	0.7941486889854056	medium	Planctomyces sp. SH-PL62	Bacteria
c5777105-94bd-4c12-9734-cfe17251598b	1636152	0.931412524446986	high	Planctomyces sp. SH-PL62	Bacteria
c2a2c33f-a828-4f22-a6c4-eb51c9249f5f	2080755	0.8265231771752642	high	Tautonia sociabilis	Bacteria
4155e1a5-054c-443e-9b63-031bf24d11e4	643672	1.0	confident	Singulisphaera rosea	Bacteria
15551c72-d1ac-4ce6-b29a-6cbf151a85d3	1636152	0.7977318789608843	medium	Planctomyces sp. SH-PL62	Bacteria
73f99691-6795-4ccb-9738-b1289c903fcb	1636152	0.765769969788503	medium	Planctomyces sp. SH-PL62	Bacteria
59a8fa49-1765-49c0-8ff4-6fb26bdfc7a4	1636152	0.7940146273391071	medium	Planctomyces sp. SH-PL62	Bacteria
5e762944-d1a4-4579-bbe4-033c844638fb	2712865	0.5256492465932878	medium	Paludisphaera soli	Bacteria
b8313dcb-5448-4f69-8c58-03178acb802d	1636152	0.7996479124138518	medium	Planctomyces sp. SH-PL62	Bacteria
99f3d0cc-066f-4fb4-877d-6b905334566b	2080755	0.9826913018689648	high	Tautonia sociabilis	Bacteria
fdfeaa0b-6974-4e50-a9e6-ac01e1524293	2712865	0.99970809445229	high	Paludisphaera soli	Bacteria
772883a6-003c-4779-887b-553fbec24bd6	1636152	0.9378123043659714	high	Planctomyces sp. SH-PL62	Bacteria
587af370-ce7c-46f5-a703-105ff92a48c0	2712865	0.997871828065654	high	Paludisphaera soli	Bacteria
3de355d1-d1c2-402c-a142-d68c924d3782	1636152	0.861369792744356	high	Planctomyces sp. SH-PL62	Bacteria
5c4b7dbd-c653-4713-9df7-ad2dde44b7ed	2712865	0.9978587423988	high	Paludisphaera soli	Bacteria
b3e96b8e-2335-4fb6-812c-73a0cbabfd3e	1636152	0.7956382352499787	medium	Planctomyces sp. SH-PL62	Bacteria
47c5133a-712b-44fa-979c-34270d0aec01	1636152	0.7902726940676794	medium	Planctomyces sp. SH-PL62	Bacteria
cbfc6622-e570-47b4-8b60-1d396184b8e5	1636152	0.7996057805980573	medium	Planctomyces sp. SH-PL62	Bacteria
9c5053f6-e2f8-4c89-b64b-2734b7999b8c	1636152	0.5613843357206354	medium	Planctomyces sp. SH-PL62	Bacteria
e5807e54-20ec-4f39-9867-2f38b4b2e507	1636152	0.9394566010407044	high	Planctomyces sp. SH-PL62	Bacteria
040d7c70-74b2-4102-ac42-9c7005c79d3e	1636152	0.797654158816679	medium	Planctomyces sp. SH-PL62	Bacteria
c4fbfd51-2ce9-4ee1-a438-5f8749768acb	1636152	0.7957035154119767	medium	Planctomyces sp. SH-PL62	Bacteria
beb2797e-3b72-47aa-a58e-bb3d3cd01719	2712865	0.9999524155504342	high	Paludisphaera soli	Bacteria
5526a7c6-1053-4a61-8c61-288e818fc432	1636152	0.7918947979535443	medium	Planctomyces sp. SH-PL62	Bacteria
64df5fce-97cc-4867-a573-20344c67c634	2712865	0.903151555533822	high	Paludisphaera soli	Bacteria
f0ecb9e4-8c92-4402-8d07-eddb83263269	1636152	0.7963649855375476	medium	Planctomyces sp. SH-PL62	Bacteria
81bfd043-4755-4fcf-8be8-7c2f3b94bf84	1636152	0.7572063751751015	medium	Planctomyces sp. SH-PL62	Bacteria
789e8975-5c3f-43b8-9aeb-8baab4475b92	2712865	0.9977139802217592	high	Paludisphaera soli	Bacteria
307703c1-90b9-4d3d-8826-4e9693490eca	1636152	0.939119657573686	high	Planctomyces sp. SH-PL62	Bacteria
66007a65-efd3-4a40-b731-a9719aa72f8d	1636152	0.723851062491483	medium	Planctomyces sp. SH-PL62	Bacteria
950f3df9-06cd-48b5-9354-7aa6cc80a45b	1636152	0.7996479124138518	medium	Planctomyces sp. SH-PL62	Bacteria
0231837a-2d3e-471e-a516-5a439f43e7f2	1636152	0.9748359103016456	high	Planctomyces sp. SH-PL62	Bacteria
f948131c-c4c5-4acd-a87e-5181b89060ea	2080755	0.9999795849121668	high	Tautonia sociabilis	Bacteria
b667d824-3fb9-4698-93ab-84479fa91c55	2712865	0.9949006737019536	high	Paludisphaera soli	Bacteria
09866856-d765-404c-b800-c4f6fd976aa8	2712865	0.883300794510023	high	Paludisphaera soli	Bacteria
cea21156-ac2c-4228-bbb4-3f74da9f287e	2080755	0.999923642129112	high	Tautonia sociabilis	Bacteria
a3f7465c-ac36-41e4-a983-74dd39e1c421	1636152	0.7959817814222593	medium	Planctomyces sp. SH-PL62	Bacteria
2ef3f6fe-1ca9-4722-9466-65ead607bac2	1636152	0.5045072466678447	medium	Planctomyces sp. SH-PL62	Bacteria
547f5da2-e1ef-4ea9-ae79-4b61ff15e580	2080755	0.9998191645064898	high	Tautonia sociabilis	Bacteria
de7a2415-5b3d-4526-8b00-037bed44cdd0	1636152	0.9393471742395948	high	Planctomyces sp. SH-PL62	Bacteria
335a3d68-29db-4684-975d-466782b9dd38	2712865	0.9998367677266023	high	Paludisphaera soli	Bacteria
09c45d92-2843-43b6-9b07-3c8605a92058	1636152	0.7955453911985667	medium	Planctomyces sp. SH-PL62	Bacteria
7342865c-71d2-4f09-a8c1-883a9278e6ee	2080755	0.8227729334173663	high	Tautonia sociabilis	Bacteria
dbe30b3e-d174-4dea-8ab0-70073e30959d	2080755	0.9774714959278068	high	Tautonia sociabilis	Bacteria
1518257a-5e69-4b89-8f66-ddb0aa174cb0	1636152	0.7942740859031374	medium	Planctomyces sp. SH-PL62	Bacteria
33b35091-066c-4633-9819-51d753a280dc	2712865	0.9978629587320662	high	Paludisphaera soli	Bacteria
f495a40b-d31b-4bb5-92b3-3a69b5119486	1636152	0.7986482491740342	medium	Planctomyces sp. SH-PL62	Bacteria
f5f2acf6-a779-46dc-9c1f-36b4bd69b98f	406548	0.9999999052555384	high	Aquisphaera giovannonii	Bacteria
68438681-d09a-4e41-9447-41be79be93d5	2080755	1.0	confident	Tautonia sociabilis	Bacteria
956a046b-467a-4172-8e2f-0018d5041a3f	2712865	0.9983753455959836	high	Paludisphaera soli	Bacteria
8164b135-203c-4b29-a1d2-6767c90b1778	1636152	0.9815445965471642	high	Planctomyces sp. SH-PL62	Bacteria
0c0e92b8-c80d-454b-8f23-8f4641f0e8ca	1636152	0.7982749285921062	medium	Planctomyces sp. SH-PL62	Bacteria
08765dc5-b0fb-4505-a44f-41087ea067b8	1636152	0.7975590046039561	medium	Planctomyces sp. SH-PL62	Bacteria
bff199c4-cc65-4906-883a-788a4d558303	2080755	1.0	confident	Tautonia sociabilis	Bacteria
d9082690-a678-4d6c-805a-cb831c42fa6c	1636152	0.7990828645222173	medium	Planctomyces sp. SH-PL62	Bacteria
a1649052-89e0-496e-9399-a53b491e860d	2712865	0.8902509969571202	high	Paludisphaera soli	Bacteria
d7e5e239-72f3-4331-afb8-7e2c63018740	2712865	0.9851945258774396	high	Paludisphaera soli	Bacteria
cb1b9aa3-8973-4de0-8e8c-c067f816f848	1636152	0.9375797872684744	high	Planctomyces sp. SH-PL62	Bacteria
5d388072-ffab-429b-851b-93ae1e6b9fd2	406548	0.9999998174156468	high	Aquisphaera giovannonii	Bacteria
2b0861f6-0c42-4f52-a9d8-c2dbf606d153	2080755	0.982505401247336	high	Tautonia sociabilis	Bacteria
95ed8f8a-5704-4f95-8a52-bc873f48dcdf	2712865	0.7762637519455233	medium	Paludisphaera soli	Bacteria
c5c0fa26-a626-44c4-a6a7-5fc8ea8e4da0	1636152	0.5616560441238889	medium	Planctomyces sp. SH-PL62	Bacteria
bb5b8bec-a5fb-4ad0-9f4d-1d62de34cf33	1636152	0.797493603456051	medium	Planctomyces sp. SH-PL62	Bacteria
b628f1ce-6a37-498a-8d0d-e0bfd80859d7	1636152	0.7996479124138518	medium	Planctomyces sp. SH-PL62	Bacteria
459c0fd8-3160-4e0d-86c8-d4058a1810a8	1636152	0.7975660793527058	medium	Planctomyces sp. SH-PL62	Bacteria
3ee3c58e-26e1-4de2-bc8c-b6c13dac57a2	1636152	0.772537070377697	medium	Planctomyces sp. SH-PL62	Bacteria
b4dd4481-c3de-4971-80ee-6328765d6621	2712865	0.9999326651962108	high	Paludisphaera soli	Bacteria
8a3de081-4400-4940-99b2-6867032786df	1636152	0.7865878085542296	medium	Planctomyces sp. SH-PL62	Bacteria
991745de-4d5d-4a00-a4b1-fea127a2aa09	2080755	1.0	confident	Tautonia sociabilis	Bacteria
da38cc43-939c-4f2e-93b6-6e0d42882016	2080755	0.9908123745201176	high	Tautonia sociabilis	Bacteria
229bca12-22d8-46ca-b621-c9ed8d34f4a6	1636152	0.798761835227189	medium	Planctomyces sp. SH-PL62	Bacteria
cc5c979b-1f70-46a9-8c3c-d6c2164d0070	1636152	0.7958697724963454	medium	Planctomyces sp. SH-PL62	Bacteria
962be541-755b-4125-b14a-70a4e4e6c8ea	1636152	0.7929645437486895	medium	Planctomyces sp. SH-PL62	Bacteria
cd0bcf17-7235-4d59-9c37-150dc66d994f	1636152	0.551383927909411	medium	Planctomyces sp. SH-PL62	Bacteria
efddc2f0-16ff-447e-aa45-bc798cd326fe	2080755	1.0	confident	Tautonia sociabilis	Bacteria
c442b2ae-2d10-4458-b06c-2c3ec7864fb5	1636152	0.8003104767778196	high	Planctomyces sp. SH-PL62	Bacteria
6522f8c9-540a-419f-a4a2-3daab2eabee6	2712865	0.995398968186204	high	Paludisphaera soli	Bacteria
cd072e0b-7aa8-46e4-a361-3bc2434e292a	2080755	0.827205432735912	high	Tautonia sociabilis	Bacteria
addee961-a229-4463-b61a-19dca366887a	406548	0.5973899270569994	medium	Aquisphaera giovannonii	Bacteria
18b3681f-ae45-479e-a7a7-060a316278ac	1636152	0.9929383443651664	high	Planctomyces sp. SH-PL62	Bacteria
a453beb9-3d03-4f2f-bffa-4b54e17e010e	406548	0.9958180125557604	high	Aquisphaera giovannonii	Bacteria
b48f7c9f-e2bf-4f2a-bb87-ea0f223dae33	406548	0.8210456857570695	high	Aquisphaera giovannonii	Bacteria
18a2d74c-6d22-4440-90b5-1c4f735fa77c	1636152	0.8321205313159434	high	Planctomyces sp. SH-PL62	Bacteria
88eca606-9a9d-44f0-a55d-a6ccf0adcc5b	1636152	0.9956667485837902	high	Planctomyces sp. SH-PL62	Bacteria
d632e35e-2cdc-40b0-b6ee-7af1fb9f5374	1636152	0.9370943693316216	high	Planctomyces sp. SH-PL62	Bacteria
4fdfe0ef-54a5-4976-8efa-367a1328f5c3	406548	0.5880625985020185	medium	Aquisphaera giovannonii	Bacteria
ee029698-8513-4eff-a528-3cd472e53922	1636152	0.9999980239177066	high	Planctomyces sp. SH-PL62	Bacteria
84d0acb0-0d8e-44cf-8f86-d57fc21e5ed3	643672	0.995996356763688	high	Singulisphaera rosea	Bacteria
a43fb1ed-3866-4641-8ab1-1428991adb35	643672	0.999999777313563	high	Singulisphaera rosea	Bacteria
5a50dc0c-1b8f-4c14-a701-4d79ea8e99e1	406548	0.5985837593758138	medium	Aquisphaera giovannonii	Bacteria
81903554-ab80-45e0-b191-e70015f29143	406548	0.8253916204233015	high	Aquisphaera giovannonii	Bacteria
26228e43-d6cc-4ed6-90e8-917af763ee24	406548	0.580630456571372	medium	Aquisphaera giovannonii	Bacteria
f8903796-55a7-426a-a5f0-67dbc7b1cdae	2712865	0.4693089720265395	low	Paludisphaera soli	Bacteria
b7f37b27-cddf-4564-93ea-3a7c205b15a9	643672	0.9910985097830216	high	Singulisphaera rosea	Bacteria
9d9c8620-8f59-4304-841d-48fe08355478	406548	1.0	confident	Aquisphaera giovannonii	Bacteria
53fd7104-75b8-4d0f-a21a-25f2d79c62a7	406548	0.7924365870566547	medium	Aquisphaera giovannonii	Bacteria
717ecc48-3356-4c54-b59c-f8fd6fc60f1b	406548	0.9999999998396808	high	Aquisphaera giovannonii	Bacteria
e6e567ef-89fd-4682-b725-426f98d1ff15	406548	0.8231171235067923	high	Aquisphaera giovannonii	Bacteria
1a89bdb2-b199-4c3b-b5c2-6849c894e067	2712865	0.4667779388297104	low	Paludisphaera soli	Bacteria
44da3520-ec3c-46ce-b043-70f30c4c641c	1636152	0.8897407647893004	high	Planctomyces sp. SH-PL62	Bacteria
6da3a97c-0b2d-4f13-9c51-8a1aa1f0791f	406548	0.5975827971219668	medium	Aquisphaera giovannonii	Bacteria
3f80f9ff-72a8-456a-a115-caf56dce5c1f	1636152	0.9465552242320512	high	Planctomyces sp. SH-PL62	Bacteria
20c243f0-aa4b-4af0-8fc9-fc7f95ee27c9	406548	0.9999999999440756	high	Aquisphaera giovannonii	Bacteria
5bbc6418-5231-4243-aee1-67e34c9c7c7b	1636152	0.9780822730939732	high	Planctomyces sp. SH-PL62	Bacteria
b3430255-beb5-42f6-843f-1749cd0b1856	406548	1.0	confident	Aquisphaera giovannonii	Bacteria
40b1835a-9de6-42b4-9031-3216b192810a	406548	0.98866208373137	high	Aquisphaera giovannonii	Bacteria
bb093672-51f7-4778-8bcf-76b61d6e690b	406548	0.5926583264410578	medium	Aquisphaera giovannonii	Bacteria
cba6199b-80fd-4f39-a8d9-71e6e8337699	406548	0.5945794964838941	medium	Aquisphaera giovannonii	Bacteria
f116096f-1c6d-4d51-87f0-34412b35938c	643672	0.9999594092633858	high	Singulisphaera rosea	Bacteria
b26a9050-7fd7-4c2d-8e18-e1552081329e	643672	1.0	confident	Singulisphaera rosea	Bacteria
653a4954-168d-472d-a98a-06190c537af8	406548	0.5973899270569994	medium	Aquisphaera giovannonii	Bacteria
0f40d014-a900-4b2a-b408-d27d74b6ba5e	406548	0.9597430408073532	high	Aquisphaera giovannonii	Bacteria
2f5358b0-8463-4152-a905-136d5a19899d	2712865	0.6000667604052484	medium	Paludisphaera soli	Bacteria
81dcb1b4-32cc-431d-96ea-7b2db9bef6cd	2712865	0.5891199521467553	medium	Paludisphaera soli	Bacteria
e3212869-b320-4b98-83c0-43ff6c98ac1f	406548	0.5973727235262021	medium	Aquisphaera giovannonii	Bacteria
d0578446-ca20-4c0e-8f09-784d4f28b8f7	406548	0.5754765573308965	medium	Aquisphaera giovannonii	Bacteria
3265930d-f29a-4d86-b025-c19c79f096d1	406548	0.946796772549292	high	Aquisphaera giovannonii	Bacteria
4d0b4388-2a83-4215-99eb-ae30624ac35c	406548	0.5931077912631437	medium	Aquisphaera giovannonii	Bacteria
f6c7d81b-e322-4710-a86d-a30b59a1a364	1636152	0.938057965399572	high	Planctomyces sp. SH-PL62	Bacteria
09f3489f-b441-4464-ac84-53df0f25d5f4	1636152	0.9319599904796874	high	Planctomyces sp. SH-PL62	Bacteria
8c77201e-aae5-4a0a-81dc-a8cdcf71e7f6	643672	0.8579265614822249	high	Singulisphaera rosea	Bacteria
1bab1f00-86ec-418b-9c4d-c09a4929dbaa	1636152	0.9999988171791828	high	Planctomyces sp. SH-PL62	Bacteria
ea0d9eb4-99bd-45d9-a195-83dfaf7c5d16	643672	0.999999950831622	high	Singulisphaera rosea	Bacteria
73ffaea4-6f66-42de-a166-47089be5ee91	406548	0.875787824409776	high	Aquisphaera giovannonii	Bacteria
1970834b-f13c-4aea-b088-0c1b2fc0b0e9	406548	0.8887713502134823	high	Aquisphaera giovannonii	Bacteria
3ee1f24a-6dbb-4d49-94b1-63c9736ba48d	2718938	0.9999999995912824	high	Phyllobacterium sp. 628	Bacteria
47fb2a5e-d5a5-4d8f-b170-dc020f7108c3	28101	0.9999999890726808	high	Phyllobacterium myrsinacearum	Bacteria
4ff27f6b-3aff-459a-aaab-a15229fc11c4	28101	0.9999999890726808	high	Phyllobacterium myrsinacearum	Bacteria
f373be86-6301-4568-9dde-4e6b52ffc527	28101	0.9999999890726808	high	Phyllobacterium myrsinacearum	Bacteria
70983707-c35e-4bea-a767-90ba243f108f	2718938	0.9999997993353648	high	Phyllobacterium sp. 628	Bacteria
427bfdc3-9264-4c49-974e-fcb58a7e6642	28101	0.9999999890726808	high	Phyllobacterium myrsinacearum	Bacteria
3e61894c-369f-4f79-a3dc-af6923ecaf4c	28101	0.9999999890726808	high	Phyllobacterium myrsinacearum	Bacteria
22db9599-7aec-4536-8879-0d20466e0e53	28101	0.9999999890726808	high	Phyllobacterium myrsinacearum	Bacteria
84c1539d-8a26-4d66-aefb-527494bff1c6	28101	0.9999999890726808	high	Phyllobacterium myrsinacearum	Bacteria
80c30d9d-27cd-44b0-9a57-d1f268f7a172	28101	0.9999896949885964	high	Phyllobacterium myrsinacearum	Bacteria
2599558e-f2fa-461e-b56e-c66167b0d578	28101	0.9999999890726808	high	Phyllobacterium myrsinacearum	Bacteria
08f5e282-195c-419c-aecd-b2ba686c63bf	28101	0.9999999890726808	high	Phyllobacterium myrsinacearum	Bacteria
38360d05-a30e-4859-b3c6-557a06ff62e3	28101	0.9999999890726808	high	Phyllobacterium myrsinacearum	Bacteria
f30fcdd6-2bff-43e9-a5b9-31110733b85f	28101	1.0	confident	Phyllobacterium myrsinacearum	Bacteria
7e1b5c92-31c6-44e0-a93a-4e0c65835ada	28101	0.9999999890726808	high	Phyllobacterium myrsinacearum	Bacteria
83688022-e1d4-4f38-a247-dd3b1589573a	28101	1.0	confident	Phyllobacterium myrsinacearum	Bacteria
d05bb1b5-ecbf-46a9-b2b0-0e1c6df5bc13	2718938	0.9999999999769232	high	Phyllobacterium sp. 628	Bacteria
3dd299c5-b095-41a2-bc16-50db0f6cdf50	28101	1.0	confident	Phyllobacterium myrsinacearum	Bacteria
3ce3bc5c-d0be-4ef2-a3af-539bbe84bb6f	28101	0.9999999890726808	high	Phyllobacterium myrsinacearum	Bacteria
a44a40b9-ddf1-4144-9ff4-ac00549df876	28101	0.9999999890726808	high	Phyllobacterium myrsinacearum	Bacteria
e6a9423d-d804-41be-ba24-83312dca3185	28101	0.9999999890726808	high	Phyllobacterium myrsinacearum	Bacteria
e4be8f58-c3b2-42b0-b35b-717d56d076b6	28101	1.0	confident	Phyllobacterium myrsinacearum	Bacteria
325786c1-9267-46cb-8709-53aceb0d92a5	28101	0.9999999890726808	high	Phyllobacterium myrsinacearum	Bacteria
345c7660-bfe1-4e6d-86b0-a504146e53ee	28101	0.9999999890726808	high	Phyllobacterium myrsinacearum	Bacteria
3a7e7aa5-014b-48ac-9dba-5641e2b30252	28101	1.0	confident	Phyllobacterium myrsinacearum	Bacteria
4f69703f-7f59-40f3-ad10-4ca704ece00d	28101	0.9999999890726808	high	Phyllobacterium myrsinacearum	Bacteria
d514471d-2602-433f-a3cc-e066b2bb3d35	28101	0.9999999890726808	high	Phyllobacterium myrsinacearum	Bacteria
88630554-5743-45b7-a843-f3ee1f940377	28101	0.9999999890726808	high	Phyllobacterium myrsinacearum	Bacteria
6f062052-8ff0-46aa-8fd5-eb0c62d886e7	28101	0.9999999512011364	high	Phyllobacterium myrsinacearum	Bacteria
c180ed62-084f-4a3d-b25f-e95a39ed02ea	28101	1.0	confident	Phyllobacterium myrsinacearum	Bacteria
b851bdde-86ba-4ceb-b5ce-2da96dc63003	28101	1.0	confident	Phyllobacterium myrsinacearum	Bacteria
1195c6dc-14cc-414d-a531-c191120e7151	28101	0.9999999890726808	high	Phyllobacterium myrsinacearum	Bacteria
70b4c3d7-f185-4da4-9fb7-eb6b8fd818ce	28101	0.9999999574629436	high	Phyllobacterium myrsinacearum	Bacteria
20dcd3b9-0907-4e4d-9cfc-daa404bf2d9f	28101	0.9999999890726808	high	Phyllobacterium myrsinacearum	Bacteria
afaaca8a-5bd0-4207-9659-54a8d975a56b	28101	0.99999999163381	high	Phyllobacterium myrsinacearum	Bacteria
45bb89af-cd5a-4aff-94c2-506982a3c97b	28101	0.9999999890726808	high	Phyllobacterium myrsinacearum	Bacteria
73dfea38-e799-4da5-994d-db73bd86e877	28101	1.0	confident	Phyllobacterium myrsinacearum	Bacteria
d47e7859-890c-48d6-9571-86e25aa7bc3a	28101	1.0	confident	Phyllobacterium myrsinacearum	Bacteria
d5833a1a-c6aa-4dbb-bff5-f11bb5daf26c	28101	0.9999999574629436	high	Phyllobacterium myrsinacearum	Bacteria
f5e526de-def2-450d-a3ac-1bb36f8e18dc	2718938	0.9999999991513964	high	Phyllobacterium sp. 628	Bacteria
d9290aae-c281-4da6-bb2b-4f27d46bf3f3	28101	0.9999999890726808	high	Phyllobacterium myrsinacearum	Bacteria
9d5a3ba0-60b6-4996-a2fd-6cfae1844a4e	28101	0.9999999890726808	high	Phyllobacterium myrsinacearum	Bacteria
4b79117e-c685-4a9e-86e4-11c5f77815c8	28101	0.9999999890726808	high	Phyllobacterium myrsinacearum	Bacteria
40804197-bd54-430d-b355-fe3a79a3bf56	28101	1.0	confident	Phyllobacterium myrsinacearum	Bacteria
6b40862b-7e4f-4b4a-b610-4e7e98fd6081	28101	1.0	confident	Phyllobacterium myrsinacearum	Bacteria
cc9f8386-6b1b-4b2c-bee3-d74fe0c66a79	28101	0.9999999890726808	high	Phyllobacterium myrsinacearum	Bacteria
783d93a9-0357-4019-aa0b-a834d61f0d5d	28101	0.9999999894155152	high	Phyllobacterium myrsinacearum	Bacteria
e472d087-2626-4f75-bf19-7f4f7c001472	28101	1.0	confident	Phyllobacterium myrsinacearum	Bacteria
630152d3-10a4-4394-ab39-02b2be29121e	28101	1.0	confident	Phyllobacterium myrsinacearum	Bacteria
9ca659b1-b578-4946-be75-36ab3beded4e	28101	1.0	confident	Phyllobacterium myrsinacearum	Bacteria
48bf959d-038a-496b-9dd3-524e5d26739b	28101	1.0	confident	Phyllobacterium myrsinacearum	Bacteria
5dfabdd9-13a0-454e-84a2-6f6e5273918b	28101	0.9999999890726808	high	Phyllobacterium myrsinacearum	Bacteria
1aa3afb5-1630-4155-8bd0-bc8367e0bd48	28101	0.9999999890726808	high	Phyllobacterium myrsinacearum	Bacteria
887619a3-0daf-4c07-addd-c4040c9f6890	28101	0.9999999890726808	high	Phyllobacterium myrsinacearum	Bacteria
b8b3ed59-20a5-4022-803c-a18c0652975f	28101	0.9999999890726808	high	Phyllobacterium myrsinacearum	Bacteria
941a1841-4d3e-49f6-8aae-836a510ed2e4	28101	0.9999999890726808	high	Phyllobacterium myrsinacearum	Bacteria
ef464a57-61b0-4ca0-9f40-b7f411f64222	28101	1.0	confident	Phyllobacterium myrsinacearum	Bacteria
4f1a1910-693e-493a-a8d5-f2e51f8cb421	28101	1.0	confident	Phyllobacterium myrsinacearum	Bacteria
943998dd-f213-4d7f-b6d0-371a75be3c8c	28101	0.9999999890726808	high	Phyllobacterium myrsinacearum	Bacteria
26a813ee-6528-4ea3-86ce-ee95ed3fd137	28101	0.9999999890726808	high	Phyllobacterium myrsinacearum	Bacteria
6f58ae5b-35fb-4c01-9be2-2441f8d9cde5	28101	0.9999999890726808	high	Phyllobacterium myrsinacearum	Bacteria
c7b9bf4e-07d9-431c-82a8-ca61a0f27c2e	28101	0.9999993554229828	high	Phyllobacterium myrsinacearum	Bacteria
8fbff623-c3da-4989-9c3e-8287c2198f13	2718938	0.9992346024891594	high	Phyllobacterium sp. 628	Bacteria
13eb8b22-dff7-4d74-8add-23b8b0306066	28101	0.9999999890726808	high	Phyllobacterium myrsinacearum	Bacteria
688921ab-cfc7-4e3f-8dda-cf80bad7e394	28101	0.9999999574629436	high	Phyllobacterium myrsinacearum	Bacteria
5d864e72-640a-402f-bcb9-ccc2877928a3	28101	0.9999999890726808	high	Phyllobacterium myrsinacearum	Bacteria
753ca7ac-e1f5-4848-8651-65543c4f68bd	28101	0.9999999890726808	high	Phyllobacterium myrsinacearum	Bacteria
423e969b-c325-453d-952a-08ddb7e07145	28101	0.9999999890726808	high	Phyllobacterium myrsinacearum	Bacteria
a6b57311-a196-46c6-8616-49d17b19c7d6	28101	0.9999999890726808	high	Phyllobacterium myrsinacearum	Bacteria
95c2ef55-3914-4a07-8988-d4784658d6d1	28101	0.9999999890726808	high	Phyllobacterium myrsinacearum	Bacteria
b9bc5fba-88bd-400b-9ae5-97e00789b835	28101	0.9999999890726808	high	Phyllobacterium myrsinacearum	Bacteria
a731b321-07fd-4e13-a09d-37f1b4e67a0c	28101	0.9999999890726808	high	Phyllobacterium myrsinacearum	Bacteria
a9f2df90-9a26-4a6b-b5ba-864dc43b5113	28101	1.0	confident	Phyllobacterium myrsinacearum	Bacteria
68f11dcd-9924-4df7-8e1f-8a95189fc3a3	28101	0.9999998142013554	high	Phyllobacterium myrsinacearum	Bacteria
021c4c39-61da-4b2d-bf4c-feb11bc75537	28101	0.9999999890726808	high	Phyllobacterium myrsinacearum	Bacteria
f18198c2-5ded-4c4c-bb20-97526ee0a614	28101	0.9999999890726808	high	Phyllobacterium myrsinacearum	Bacteria
1619a437-7f13-4d31-a2b3-56cfc0a7743a	28101	0.999990798361586	high	Phyllobacterium myrsinacearum	Bacteria
6e550a4a-06ac-46b6-aa23-219df4033d08	28101	0.9999999890726808	high	Phyllobacterium myrsinacearum	Bacteria
dffc051a-cb0a-438e-864e-2289c5d5726f	28101	0.9999999890726808	high	Phyllobacterium myrsinacearum	Bacteria
fcf49e09-5af6-4d8e-ba65-eafa18ef4fa8	28101	0.9999999890726808	high	Phyllobacterium myrsinacearum	Bacteria
ed2bf1bc-74da-4fcf-b798-0bbb0fa10fca	28101	0.9999999890726808	high	Phyllobacterium myrsinacearum	Bacteria
598c68e8-0c06-4be6-8b0d-903dbe68ed5d	28101	0.9999999890726808	high	Phyllobacterium myrsinacearum	Bacteria
a9c0a1e7-19e9-4286-8ff8-a212c1a2fd52	28101	0.9999999890726808	high	Phyllobacterium myrsinacearum	Bacteria
2f20c564-efbc-47a0-895e-2ea011caaf16	28101	0.9999999890726808	high	Phyllobacterium myrsinacearum	Bacteria
d451e558-f8a8-4aa3-8371-f77f34a51c4c	28101	0.9999999890726808	high	Phyllobacterium myrsinacearum	Bacteria
9921ffc6-ba90-42d0-beaa-5f9fc16e8f06	28101	0.9999999890726808	high	Phyllobacterium myrsinacearum	Bacteria
601d8b28-390e-4e0b-9095-eb1c16ae736e	28101	0.9999999890726808	high	Phyllobacterium myrsinacearum	Bacteria
fcd304bf-ca1d-420d-b8c3-f7c868a9abab	28101	0.9999999574629436	high	Phyllobacterium myrsinacearum	Bacteria
08fdb604-c452-4dc9-afcd-15a6c9d514e7	28101	0.9999999890726808	high	Phyllobacterium myrsinacearum	Bacteria
00d062be-6955-4607-a351-522ba27937d3	28101	0.9999999890726808	high	Phyllobacterium myrsinacearum	Bacteria
1bf37486-1f10-4fe3-ac7e-815e57c17663	28101	0.9999999890726808	high	Phyllobacterium myrsinacearum	Bacteria
2598b30f-0a2b-48cc-9b92-424439c7b4ad	28101	0.9999999890726808	high	Phyllobacterium myrsinacearum	Bacteria
88f5dc7c-9f6c-4f43-9f53-05e8e567df00	28101	1.0	confident	Phyllobacterium myrsinacearum	Bacteria
306670a9-465e-4e9c-ae65-18057c04e94b	2718938	0.9999997993353648	high	Phyllobacterium sp. 628	Bacteria
06f99e2a-6524-4fb4-833b-395c05a43023	28101	0.9671306712271528	high	Phyllobacterium myrsinacearum	Bacteria
377879cd-c760-4947-bd51-db0e5435e1d7	28101	1.0	confident	Phyllobacterium myrsinacearum	Bacteria
cdf99f54-aef4-4709-8edb-320395aa64c7	28101	0.9999999890726808	high	Phyllobacterium myrsinacearum	Bacteria
4844b1b8-1212-4893-80ae-db5199fd02f2	28101	0.9999999894155152	high	Phyllobacterium myrsinacearum	Bacteria
1431b78b-1adb-40aa-a391-8f17ee47d6e5	28101	0.9999999890726808	high	Phyllobacterium myrsinacearum	Bacteria
c5d9a615-625d-48ef-a53e-1f5164f5c9b8	28101	0.9999999890726808	high	Phyllobacterium myrsinacearum	Bacteria
ae35f476-7f15-4504-9d8b-ebe89aa7cac4	28101	0.9999999890726808	high	Phyllobacterium myrsinacearum	Bacteria
1a89feae-8036-4a62-ba8b-1d3cdb1b8ec2	28101	1.0	confident	Phyllobacterium myrsinacearum	Bacteria
455be7bc-f26c-4f86-98df-724432e5ae68	28101	0.9999999890726808	high	Phyllobacterium myrsinacearum	Bacteria
0fc77a1a-1823-4fc6-9397-6fca13416d41	2718938	0.9999998019207592	high	Phyllobacterium sp. 628	Bacteria
5118751b-2150-4374-bcc2-47809617425b	28101	0.9999999890726808	high	Phyllobacterium myrsinacearum	Bacteria
b0465873-b443-4de1-905c-0437f31b97cc	28101	1.0	confident	Phyllobacterium myrsinacearum	Bacteria
86711ec6-fbb3-4f60-b803-59bc45469657	28101	0.9999999574629436	high	Phyllobacterium myrsinacearum	Bacteria
f5765850-b51d-4042-aa72-87bd2076182e	28101	0.9999999890726808	high	Phyllobacterium myrsinacearum	Bacteria
10ec6bda-ff3e-4ee9-892d-7bf98675e280	28101	1.0	confident	Phyllobacterium myrsinacearum	Bacteria
fa2b9622-4c5a-4cb4-ba3a-ed0d3a28d8a5	28101	1.0	confident	Phyllobacterium myrsinacearum	Bacteria
0b380ff7-2da0-4591-9934-88b6c8c81c21	28101	0.9999999890726808	high	Phyllobacterium myrsinacearum	Bacteria
6990546b-fa6a-4025-8b33-5066e7c4ec90	28101	0.9999999890726808	high	Phyllobacterium myrsinacearum	Bacteria
98d6b039-3d75-4711-ba62-cc61cc7aa2ab	28101	1.0	confident	Phyllobacterium myrsinacearum	Bacteria
d882e755-c448-471c-9a0f-7715926a8b31	28101	0.9999999890726808	high	Phyllobacterium myrsinacearum	Bacteria
fd1b203e-a51c-47e2-abcd-7518cc96b3cb	28101	1.0	confident	Phyllobacterium myrsinacearum	Bacteria
381f5527-c924-4ef9-8390-f0a4ad64e820	28101	0.9999999890726808	high	Phyllobacterium myrsinacearum	Bacteria
7bd748ee-1ddd-49ba-9cd3-0bc0a362950b	28101	1.0	confident	Phyllobacterium myrsinacearum	Bacteria
ea9f1aa1-3f8e-4e9f-8897-dda1d06f281f	28101	1.0	confident	Phyllobacterium myrsinacearum	Bacteria
194d1746-93a1-43e2-9525-18d954258c50	28101	0.9999999574629436	high	Phyllobacterium myrsinacearum	Bacteria
8f7b2cfb-b4ba-4552-934c-a620e24d150d	28101	0.9999999890726808	high	Phyllobacterium myrsinacearum	Bacteria
e555d015-3d3a-491b-b25e-fa666b3f6ca8	28101	0.9999999890726808	high	Phyllobacterium myrsinacearum	Bacteria
5dddcbfe-7c87-430c-b1d6-e724b5b5257d	28101	0.9999999890726808	high	Phyllobacterium myrsinacearum	Bacteria
5cab0c53-0801-46c7-a5e2-a43a55118267	28101	1.0	confident	Phyllobacterium myrsinacearum	Bacteria
f911bd83-11fe-4854-9563-413b8cf49832	28101	1.0	confident	Phyllobacterium myrsinacearum	Bacteria
bd6b42f3-f0b0-4e8a-a6bb-f2f80a1909f3	28101	0.9999999890726808	high	Phyllobacterium myrsinacearum	Bacteria
6a2a842a-2b03-4ffd-a0ff-b3b3de4bae2e	28101	0.9999999890726808	high	Phyllobacterium myrsinacearum	Bacteria
18783922-3769-41aa-8b8f-9b8c2e1fb87e	28101	0.9999999574629436	high	Phyllobacterium myrsinacearum	Bacteria
29082305-b4ef-4531-9cb8-0ae1e73d8f3b	28101	1.0	confident	Phyllobacterium myrsinacearum	Bacteria
9b01a712-cc5a-4dc6-abe4-81da32355ceb	28101	0.9999999890726808	high	Phyllobacterium myrsinacearum	Bacteria
c7bdf4e2-4dff-4d48-9d38-300795d1d46d	28101	0.9999999890726808	high	Phyllobacterium myrsinacearum	Bacteria
806d574d-e354-4c25-81ef-6145ca79ea4c	28101	1.0	confident	Phyllobacterium myrsinacearum	Bacteria
615bf1a1-1b25-4c13-a2f3-e79b78a4b5f6	28101	1.0	confident	Phyllobacterium myrsinacearum	Bacteria
8620b6df-50a2-487f-a57d-4b36ba3b7a33	28101	0.9999999890726808	high	Phyllobacterium myrsinacearum	Bacteria
8ff47085-0199-47cc-88f0-7de66f06dcfd	28101	0.9999999890726808	high	Phyllobacterium myrsinacearum	Bacteria
9d141423-c6e6-4389-85f1-0b09f5a6fea2	2718938	0.9999999998950048	high	Phyllobacterium sp. 628	Bacteria
255ecb8c-dde4-4202-90bf-4d80166ddce6	28101	1.0	confident	Phyllobacterium myrsinacearum	Bacteria
b4514456-1458-40dc-8a05-c0c6bf5aba4d	28101	0.9999999894155152	high	Phyllobacterium myrsinacearum	Bacteria
8be4cf10-f6e7-4647-b3a8-85295f5f91e6	28101	0.9999999890726808	high	Phyllobacterium myrsinacearum	Bacteria
bb9d21a8-1204-48b1-b5c2-e0ef2ce34a70	28101	0.9999993199434762	high	Phyllobacterium myrsinacearum	Bacteria
85be2e5b-b350-4658-97ab-7523d2b65b61	28101	0.9999999890726808	high	Phyllobacterium myrsinacearum	Bacteria
95bdcb28-2229-4ac1-bce2-69d731b9bdc4	28101	0.9999999890726808	high	Phyllobacterium myrsinacearum	Bacteria
1cf4cdf6-43c6-493e-ba08-01eeb6f94ed9	28101	0.9999998344149202	high	Phyllobacterium myrsinacearum	Bacteria
1357aa00-1025-426f-b0a1-2860ea616da0	28101	1.0	confident	Phyllobacterium myrsinacearum	Bacteria
4edfb111-d8a5-4ce3-a659-ab8c99ea3ee5	28101	0.9999998372651006	high	Phyllobacterium myrsinacearum	Bacteria
78e1e328-8785-4c5d-9da0-3fd8ff1569f1	28101	0.9999999890726808	high	Phyllobacterium myrsinacearum	Bacteria
28dca67c-ed70-4031-9834-5bb593ebb703	28101	0.9999999890726808	high	Phyllobacterium myrsinacearum	Bacteria
468a4741-5c1b-486e-b45a-e2434d23ba79	28101	1.0	confident	Phyllobacterium myrsinacearum	Bacteria
113c49b7-bb36-435d-b914-2f538fb440f2	28101	0.9999999890726808	high	Phyllobacterium myrsinacearum	Bacteria
02402a9a-12e6-4e11-872f-94132ebd525c	28101	0.9999999890726808	high	Phyllobacterium myrsinacearum	Bacteria
e3d5a22f-dd01-4642-adc3-f2c2cb65d5c0	28101	0.9999999890726808	high	Phyllobacterium myrsinacearum	Bacteria
93a5ba62-80a5-4a38-aa61-5f99de52a17a	28101	0.9999999890726808	high	Phyllobacterium myrsinacearum	Bacteria
f65e12ad-d384-420e-a836-73d68f7a7d68	28101	0.9999999890726808	high	Phyllobacterium myrsinacearum	Bacteria
13674219-3199-4c79-8d07-47141de07a0b	28101	0.9999999890726808	high	Phyllobacterium myrsinacearum	Bacteria
05acc4f7-2d62-4201-8bd3-8eb3cfef46c7	28101	1.0	confident	Phyllobacterium myrsinacearum	Bacteria
77d13e49-9d1e-4ed0-bc94-2673cd9a3f50	28101	0.999999989188094	high	Phyllobacterium myrsinacearum	Bacteria
eb03b18c-3a6e-4da5-92f7-51419a973ccb	28101	0.9999998344149202	high	Phyllobacterium myrsinacearum	Bacteria
00f0eca5-8045-4fa4-8c53-021a42bcc68f	28101	0.9999999890726808	high	Phyllobacterium myrsinacearum	Bacteria
61d10359-705e-4e6f-989b-abb0ce1fa1a6	28101	0.9999999894145588	high	Phyllobacterium myrsinacearum	Bacteria
fe1bb23b-1fce-489b-9be8-63c81c268fa1	28101	0.9999999890726808	high	Phyllobacterium myrsinacearum	Bacteria
d52f7bae-af43-48dc-b129-ea04ab513751	28101	0.9999999890726808	high	Phyllobacterium myrsinacearum	Bacteria
d5fd220c-5b1a-4440-9c14-be682f4201df	28101	0.9999598866111432	high	Phyllobacterium myrsinacearum	Bacteria
e4d72788-4547-481a-b91f-b5f3ace13cbb	28101	0.9999998372353348	high	Phyllobacterium myrsinacearum	Bacteria
3cedbdd5-daa7-4466-92af-c496916ddcd6	28101	1.0	confident	Phyllobacterium myrsinacearum	Bacteria
20eda085-94b4-452a-8ccf-2a00658e624b	28101	0.9999999624392524	high	Phyllobacterium myrsinacearum	Bacteria
2521071f-dcf2-4df4-a21b-c1ff178ae8d6	28101	0.9999999890726808	high	Phyllobacterium myrsinacearum	Bacteria
f15ed6b8-6642-42cf-8aec-b81269f84ad3	28101	1.0	confident	Phyllobacterium myrsinacearum	Bacteria
6deb80e1-49a3-44b2-8f91-c8dd63ce442d	28101	0.9999999890726808	high	Phyllobacterium myrsinacearum	Bacteria
65d5c168-f446-4888-9581-94d7ad38ea22	28101	0.9999999890726808	high	Phyllobacterium myrsinacearum	Bacteria
61e6caf1-9ed5-4793-bad5-7e0fcea06476	28101	0.9999999890726808	high	Phyllobacterium myrsinacearum	Bacteria
0edcfe11-2192-45c9-98aa-5afaab6dd7fa	28101	0.9999999890726808	high	Phyllobacterium myrsinacearum	Bacteria
4d3556f3-c613-498b-976b-a8a33ee3c58e	28101	0.9999999890726808	high	Phyllobacterium myrsinacearum	Bacteria
46379b90-6ac7-48e9-acfc-4d79cd5eaf51	28101	0.9999999890726808	high	Phyllobacterium myrsinacearum	Bacteria
56fab404-88db-41d6-aab2-7bb53ed47c4d	28101	0.9999999890726808	high	Phyllobacterium myrsinacearum	Bacteria
f4a3c2f6-d932-4a4d-8a74-302c5b21feb5	28101	0.9999999890726808	high	Phyllobacterium myrsinacearum	Bacteria
f492b593-0059-4c03-ba56-a5625702f5dd	28101	0.9999998386687604	high	Phyllobacterium myrsinacearum	Bacteria
b1b6d5f7-ba2f-48f3-8173-79da6d7f213d	28101	0.9999999890726808	high	Phyllobacterium myrsinacearum	Bacteria
3beac933-d9df-4b7b-a788-e3ff3beef8a0	28101	0.9999999890726808	high	Phyllobacterium myrsinacearum	Bacteria
5f647436-80ae-4782-8f54-2a3db5ff9cc2	2718938	0.9999999995912824	high	Phyllobacterium sp. 628	Bacteria
f8270449-2285-494f-88ab-135af2835694	28101	0.9999999890726808	high	Phyllobacterium myrsinacearum	Bacteria
92bbef54-9ef7-46dc-a46d-ef866434e089	28101	0.9999993554229828	high	Phyllobacterium myrsinacearum	Bacteria
fa870247-3495-49e6-8203-ab075425b970	28101	0.9999999574629436	high	Phyllobacterium myrsinacearum	Bacteria
000754ef-1d60-4808-9084-088395797469	28101	1.0	confident	Phyllobacterium myrsinacearum	Bacteria
b7fe1b7f-f492-4dae-add8-4b049a5a772b	28101	1.0	confident	Phyllobacterium myrsinacearum	Bacteria
5cca10cb-afb5-42e3-8a22-ad27f68018fa	28101	0.9999999890726808	high	Phyllobacterium myrsinacearum	Bacteria
ecdf25b4-684e-4bbe-bae4-c6c6a87f2df2	28101	1.0	confident	Phyllobacterium myrsinacearum	Bacteria
efa19b16-b9ef-445e-9c8f-519a4bbf5fc9	28101	0.9999999890726808	high	Phyllobacterium myrsinacearum	Bacteria
69c83cbf-14ba-4892-8ecc-6d2825e14ac7	28101	0.9999999574629436	high	Phyllobacterium myrsinacearum	Bacteria
29ff8763-1d31-495d-9e54-460a820bcb96	28101	0.9999999890726808	high	Phyllobacterium myrsinacearum	Bacteria
998b47ac-c502-441c-be2c-d6e6557d5d1e	28101	0.9999999995643314	high	Phyllobacterium myrsinacearum	Bacteria
4e06c9f0-df48-42c5-8bb0-d17f86ff755d	28101	0.9999999890726808	high	Phyllobacterium myrsinacearum	Bacteria
5a4a4bb1-ec19-4e29-b895-bff1d0c19974	28101	0.9999999890726808	high	Phyllobacterium myrsinacearum	Bacteria
876b6547-f663-4c3a-92f0-e4049083c7e4	28101	0.9999999890726808	high	Phyllobacterium myrsinacearum	Bacteria
1431f38a-ff26-4a24-8039-c6b07020dd29	28101	0.9999999890726808	high	Phyllobacterium myrsinacearum	Bacteria
01e9afd1-e229-4b27-a875-b666a57c7a4a	28101	1.0	confident	Phyllobacterium myrsinacearum	Bacteria
6a0af9e8-e34c-48e8-89dc-fc25e0086f2d	28101	1.0	confident	Phyllobacterium myrsinacearum	Bacteria
0399f3b7-c28e-42d4-bd30-166b975d12fe	28101	0.9999999890726808	high	Phyllobacterium myrsinacearum	Bacteria
4f361225-c52c-4c4f-98c9-be14b652d44f	28101	0.9999999890726808	high	Phyllobacterium myrsinacearum	Bacteria
19e3e45a-dca8-4b9a-b304-3cd7af9b9e52	28101	0.9999999890726808	high	Phyllobacterium myrsinacearum	Bacteria
18e40cec-9079-44e3-aa89-b60add07a39e	28101	0.9999999890726808	high	Phyllobacterium myrsinacearum	Bacteria
d48d6d2a-7776-4e17-a4a7-641feb1cb9e6	28101	1.0	confident	Phyllobacterium myrsinacearum	Bacteria
bea4b91a-8411-4047-8936-cf56b2a5d64f	28101	0.9999999890726808	high	Phyllobacterium myrsinacearum	Bacteria
0274a062-89ea-4a96-8eef-70bdd6474698	28101	1.0	confident	Phyllobacterium myrsinacearum	Bacteria
d260c03a-053e-4492-8d4d-a86957bbbb50	28101	0.9999999890726808	high	Phyllobacterium myrsinacearum	Bacteria
6dec1c54-ab80-46cf-a146-80533a20bd47	28101	0.9999999890726808	high	Phyllobacterium myrsinacearum	Bacteria
48315bc3-da5f-4af3-b69d-0fd9f6e5e4ff	28101	0.9999999890726808	high	Phyllobacterium myrsinacearum	Bacteria
ee0b94f9-cce3-4480-bb4f-b3253c179bfd	28101	0.9999999890726808	high	Phyllobacterium myrsinacearum	Bacteria
7ca4f2b7-f31a-418e-8427-e212aeb540c4	28101	0.9999999890726808	high	Phyllobacterium myrsinacearum	Bacteria
a469b317-6db7-45c3-a35b-99459f856fd2	28101	1.0	confident	Phyllobacterium myrsinacearum	Bacteria
4ed72337-3173-4cc5-a61b-80540fa7917e	28101	1.0	confident	Phyllobacterium myrsinacearum	Bacteria
9329014b-c9af-4f85-8bbe-82dabd693beb	28101	1.0	confident	Phyllobacterium myrsinacearum	Bacteria
22362eba-da9b-4146-9a66-b00c7e694c9a	28101	1.0	confident	Phyllobacterium myrsinacearum	Bacteria
bc4b9cf3-02c1-4eab-b655-367c5f8f5b72	28101	0.9999999890726808	high	Phyllobacterium myrsinacearum	Bacteria
4fb06d74-0a9d-4461-9c14-835149e21579	28101	0.9999999890726808	high	Phyllobacterium myrsinacearum	Bacteria
409ef193-c22e-44cc-8c64-1cadfc2ddde6	28101	0.9999907133416436	high	Phyllobacterium myrsinacearum	Bacteria
4559de9b-6350-4f93-9cbd-2686617aae40	28101	0.9999999890726808	high	Phyllobacterium myrsinacearum	Bacteria
9c7cdf19-a180-4219-8242-7e34388b80ab	28101	0.9999999890726808	high	Phyllobacterium myrsinacearum	Bacteria
5eaff8b8-3868-46e8-bca0-0f15858f8057	28101	1.0	confident	Phyllobacterium myrsinacearum	Bacteria
e95105d8-7319-44ce-b968-35e2236ba353	28101	0.9999999890726808	high	Phyllobacterium myrsinacearum	Bacteria
8a4608b9-6717-4fe4-ad10-d82c87269e54	28101	1.0	confident	Phyllobacterium myrsinacearum	Bacteria
bad6048f-1417-4cdb-83c5-1f45f69af3a9	28101	1.0	confident	Phyllobacterium myrsinacearum	Bacteria
a8f238cc-d891-44cf-99d3-d9803e55309c	28101	1.0	confident	Phyllobacterium myrsinacearum	Bacteria
ce605cdc-f42d-41b7-9f90-89b2f3138862	28101	1.0	confident	Phyllobacterium myrsinacearum	Bacteria
7dc7f678-51c8-46a5-85b4-7fe340257fbd	28101	1.0	confident	Phyllobacterium myrsinacearum	Bacteria
ec045a38-7935-4c68-81a9-7e37e5827629	28101	0.9999999890726808	high	Phyllobacterium myrsinacearum	Bacteria
78442a85-98ed-4c21-8cb6-7f000f42ed1a	28101	0.9999999890726808	high	Phyllobacterium myrsinacearum	Bacteria
b26b53dd-5eb9-4379-8da3-5c3532915580	28101	0.9999999890726808	high	Phyllobacterium myrsinacearum	Bacteria
d9979d6d-7c85-4614-b54f-5b009245a661	28101	1.0	confident	Phyllobacterium myrsinacearum	Bacteria
398fef80-d491-4f9c-908e-9ff9c24432b1	28101	0.9999999890726808	high	Phyllobacterium myrsinacearum	Bacteria
0957da34-2c35-412b-bc1b-06d7e69f3933	28101	0.9999999890726808	high	Phyllobacterium myrsinacearum	Bacteria
315e1d43-0398-4ced-a309-5d834db31263	28101	0.9999999890726808	high	Phyllobacterium myrsinacearum	Bacteria
ea9f74d1-6522-40bb-b7ea-687a51114bd1	28101	1.0	confident	Phyllobacterium myrsinacearum	Bacteria
9b9f0301-399c-41ab-80ba-f6c96a4cb536	28101	1.0	confident	Phyllobacterium myrsinacearum	Bacteria
da946e1c-b1aa-40f0-81b8-bcaafd06996b	28101	0.999990675540138	high	Phyllobacterium myrsinacearum	Bacteria
9a7b283a-b44b-4910-af79-7745e4935760	28101	0.9999999890726808	high	Phyllobacterium myrsinacearum	Bacteria
f6f1c478-906b-4b74-b643-28d430954470	28101	0.9999999890726808	high	Phyllobacterium myrsinacearum	Bacteria
5e5b97b1-e7cc-42a9-ab0f-de90028b4b7f	28101	0.9999998344149202	high	Phyllobacterium myrsinacearum	Bacteria
c517c245-a1c2-444a-8c7d-9ae26995a70c	28101	0.9999999890726808	high	Phyllobacterium myrsinacearum	Bacteria
f2d32b2f-b3c6-4e41-99be-0279c58b0ee5	28101	0.9999999890726808	high	Phyllobacterium myrsinacearum	Bacteria
cff1fc97-3ddf-4024-9b0c-cfa4b58335ea	28101	1.0	confident	Phyllobacterium myrsinacearum	Bacteria
6a7f028c-9c90-4ce9-bcb7-7db3d4f58d9f	28101	0.9999999890726808	high	Phyllobacterium myrsinacearum	Bacteria
7e606dd9-d2ea-424c-89db-e4d4e22f9c45	28101	0.9999999890726808	high	Phyllobacterium myrsinacearum	Bacteria
e74ad051-1d19-4a17-b202-1a5a8e70f378	28101	0.9999999875012076	high	Phyllobacterium myrsinacearum	Bacteria
9a355ca0-abaf-473f-bda5-7e72caee480e	28101	0.9999999890726808	high	Phyllobacterium myrsinacearum	Bacteria
2da8d7c7-a35d-4a6b-a779-843b0951d5da	28101	0.9999999890726808	high	Phyllobacterium myrsinacearum	Bacteria
8d42fd9d-98da-45f6-b355-8f459c0416b1	28101	0.9999999890726808	high	Phyllobacterium myrsinacearum	Bacteria
208b4e29-3bcd-4b58-9184-0874287042e1	28101	1.0	confident	Phyllobacterium myrsinacearum	Bacteria
b2897f48-d497-4b4f-9edb-2618796f063e	28101	0.9999999890726808	high	Phyllobacterium myrsinacearum	Bacteria
91300100-d910-4370-92cf-61163845abf6	28101	0.9999999890726808	high	Phyllobacterium myrsinacearum	Bacteria
3239df2f-d660-4155-980d-60f595aa5254	28101	0.9999999890726808	high	Phyllobacterium myrsinacearum	Bacteria
33abf5fb-5b09-4806-b996-40c2c4876658	2718938	0.9998487202389068	high	Phyllobacterium sp. 628	Bacteria
e52cd3f2-999c-4ff2-a947-3b24a5cae612	28101	0.9999999890726808	high	Phyllobacterium myrsinacearum	Bacteria
fd62e394-2a6c-4f06-bc00-7dc1625541db	28101	0.9999999890726808	high	Phyllobacterium myrsinacearum	Bacteria
52f27cd4-afce-4c4e-a822-1b7d097dac86	28101	0.9999999890726808	high	Phyllobacterium myrsinacearum	Bacteria
d8de4ece-5e13-4b5c-96bf-09d6efb6da8a	28101	1.0	confident	Phyllobacterium myrsinacearum	Bacteria
ea37760a-6356-4413-ae75-133c5e08d8c3	28101	1.0	confident	Phyllobacterium myrsinacearum	Bacteria
eafa3622-dee7-4298-bbcc-7075498b1d20	28101	1.0	confident	Phyllobacterium myrsinacearum	Bacteria
ceedb525-4bf5-4dc1-9532-0583005012c9	28101	1.0	confident	Phyllobacterium myrsinacearum	Bacteria
68737312-9ef0-49c5-bebc-b104b7a1f91b	28101	1.0	confident	Phyllobacterium myrsinacearum	Bacteria
03a9b86e-b5c8-4884-a8b2-b779d2d68f9a	28101	0.9999907031998254	high	Phyllobacterium myrsinacearum	Bacteria
036e7d8e-599e-4b1a-a88a-8ad16fa67d88	28101	0.9999906741373378	high	Phyllobacterium myrsinacearum	Bacteria
e04b6d54-c094-437f-aa85-11b7692b7805	28101	1.0	confident	Phyllobacterium myrsinacearum	Bacteria
3e3cb534-2851-44fe-a9f3-5ef321a7ce71	28101	0.9999999890726808	high	Phyllobacterium myrsinacearum	Bacteria
d7017d93-ac03-472c-b66c-20b6e48e2079	28101	0.9999999890726808	high	Phyllobacterium myrsinacearum	Bacteria
60d01571-aec6-4f83-a463-235bc6285f88	2718938	0.9999999999772144	high	Phyllobacterium sp. 628	Bacteria
403fcf78-aaee-413f-860e-61d1ee9827c0	28101	1.0	confident	Phyllobacterium myrsinacearum	Bacteria
e94c0d0d-8910-4214-a115-25a842f8d3d9	28101	0.9999999890726808	high	Phyllobacterium myrsinacearum	Bacteria
5c17765e-edd2-4c57-90b7-748d949f9fda	28101	0.9999996644299872	high	Phyllobacterium myrsinacearum	Bacteria
26b3fead-bcd0-4e68-b4a9-33894392861c	28101	0.9999999890726808	high	Phyllobacterium myrsinacearum	Bacteria
25fdfa74-296f-43a5-a6db-175f599eda5a	28101	0.9999999890726808	high	Phyllobacterium myrsinacearum	Bacteria
e8155eb6-2797-418c-855f-7445dd335021	28101	0.9999999890726808	high	Phyllobacterium myrsinacearum	Bacteria
5ee1cd89-2c1d-4ea4-965f-b25fe9289a06	28101	0.9999999574629436	high	Phyllobacterium myrsinacearum	Bacteria
5ddbae96-6cd3-47f7-874f-ae706b9b137b	28101	0.9999999890726808	high	Phyllobacterium myrsinacearum	Bacteria
84c735ea-b4b1-4c34-b312-f47ea15042b4	28101	1.0	confident	Phyllobacterium myrsinacearum	Bacteria
a711b7a7-ef36-411e-9b72-1058b72e4808	28101	1.0	confident	Phyllobacterium myrsinacearum	Bacteria
3a940e57-6c01-40c6-9a91-7104724b3d1b	28101	0.9671306712271528	high	Phyllobacterium myrsinacearum	Bacteria
b73428c5-361b-48f0-9e0a-adf4ef11afbf	28101	0.9999998344149202	high	Phyllobacterium myrsinacearum	Bacteria
2e032880-67e3-4d7b-872d-2aa4ebc547af	28101	0.9999999574629436	high	Phyllobacterium myrsinacearum	Bacteria
5de6964a-3c24-40b5-94bc-faf36b39f462	28101	0.9999999890726808	high	Phyllobacterium myrsinacearum	Bacteria
f7c24251-151a-40d0-9683-235dc94ca045	28101	1.0	confident	Phyllobacterium myrsinacearum	Bacteria
0b9b162f-70fa-4865-be7e-511639d00c60	28101	0.9999999894140826	high	Phyllobacterium myrsinacearum	Bacteria
ac25a65a-272e-439a-adfc-f411103eb6c1	28101	1.0	confident	Phyllobacterium myrsinacearum	Bacteria
cc395355-2e20-431b-8cfb-af5ea09f16e8	28101	1.0	confident	Phyllobacterium myrsinacearum	Bacteria
59279bc3-55b6-42bb-a9a3-7e02e17ec34a	28101	1.0	confident	Phyllobacterium myrsinacearum	Bacteria
839fe5c0-aacd-4384-80b0-5492ecce3865	28101	0.9999999890726808	high	Phyllobacterium myrsinacearum	Bacteria
3b4612b8-688a-4295-859c-177620ac4aca	28101	0.9999999890726808	high	Phyllobacterium myrsinacearum	Bacteria
fb5a5829-001f-423d-b181-39d1c0efd07f	28101	1.0	confident	Phyllobacterium myrsinacearum	Bacteria
dcd64515-d9a9-4ae0-84c1-9a57ff6ff102	28101	0.9999999890726808	high	Phyllobacterium myrsinacearum	Bacteria
2ea84c86-18a6-4d0b-9666-106b35985f9c	28101	1.0	confident	Phyllobacterium myrsinacearum	Bacteria
0dda0156-642a-4a15-8ab2-180794697bfc	28101	0.9999999890726808	high	Phyllobacterium myrsinacearum	Bacteria
e078f3dc-5590-413e-b469-bc2c62b06605	28101	0.9999999890726808	high	Phyllobacterium myrsinacearum	Bacteria
cd5ae560-ef6a-4097-b896-44cd30c9a235	28101	0.9999999890726808	high	Phyllobacterium myrsinacearum	Bacteria
32f5fa7d-c5ee-477d-8391-886109660256	28101	0.9999999890726808	high	Phyllobacterium myrsinacearum	Bacteria
b094442b-ecbd-41e6-a287-ee558d653711	28101	0.9999999890726808	high	Phyllobacterium myrsinacearum	Bacteria
bbeffb1a-ac5f-413d-b791-e6ac58a6d3e3	28101	0.9999999890726808	high	Phyllobacterium myrsinacearum	Bacteria
fa1ccad0-7af7-4512-8526-7c5bc90dc1ed	28101	1.0	confident	Phyllobacterium myrsinacearum	Bacteria
63768c00-dd93-4fee-a0ff-291e0be08049	28101	0.9999999890726808	high	Phyllobacterium myrsinacearum	Bacteria
f093ceb3-e1b9-4307-8085-724c90314b3b	28101	0.9999999890726808	high	Phyllobacterium myrsinacearum	Bacteria
9461042a-2146-4189-b8da-4017311e5602	28101	0.9999907318472412	high	Phyllobacterium myrsinacearum	Bacteria
d5393d94-68d6-43ea-af7f-e0604b68d904	28101	0.9999999574629436	high	Phyllobacterium myrsinacearum	Bacteria
b4555685-1f9e-4fda-a0ed-756b6bcda086	28101	0.9999999890726808	high	Phyllobacterium myrsinacearum	Bacteria
f05b9627-43d9-4e32-bb82-594f03fe3d73	28101	0.9999999890726808	high	Phyllobacterium myrsinacearum	Bacteria
9c7fa086-587d-4df8-8f59-930d903fd34b	2718938	0.9999999999768509	high	Phyllobacterium sp. 628	Bacteria
c5ec9e35-5360-4215-9f97-b8ed3877ee95	28101	1.0	confident	Phyllobacterium myrsinacearum	Bacteria
3409a0a4-fdc9-4360-8175-03baf237fd69	28101	0.9999998344149202	high	Phyllobacterium myrsinacearum	Bacteria
dd5d986f-70f5-431d-b7ca-53dfd4467af5	28101	0.9999999890726808	high	Phyllobacterium myrsinacearum	Bacteria
34a423cf-9193-4562-97eb-19ad87402d39	28101	1.0	confident	Phyllobacterium myrsinacearum	Bacteria
fb423ae1-de9b-4951-870b-39b8c13e2262	28101	0.9999999890726808	high	Phyllobacterium myrsinacearum	Bacteria
4394eec6-e260-4994-9bfc-74a6a1dc22fb	28101	1.0	confident	Phyllobacterium myrsinacearum	Bacteria
67c14135-3752-4c91-b481-893b1af8ee7e	28101	0.9999999893022878	high	Phyllobacterium myrsinacearum	Bacteria
3f466081-6dc2-492e-a665-e950a30421c5	28101	0.9999999632286374	high	Phyllobacterium myrsinacearum	Bacteria
e7c4a8ba-ea30-4b59-b26b-6702f11ba720	28101	0.9999999890726808	high	Phyllobacterium myrsinacearum	Bacteria
413157b9-08fa-4117-970e-3b5ab8531379	28101	0.9999999890726808	high	Phyllobacterium myrsinacearum	Bacteria
d3ba799c-da6c-4a34-bb07-62a70aa8c77e	28101	0.9999999890726808	high	Phyllobacterium myrsinacearum	Bacteria
462a5d4f-f84f-4415-80a2-515418e0161e	28101	0.9999999890726808	high	Phyllobacterium myrsinacearum	Bacteria
ec9ecedd-99e3-407c-9c27-fcd581277e91	28101	1.0	confident	Phyllobacterium myrsinacearum	Bacteria
de89dd07-310b-4c44-918a-d77b8e835051	28101	0.9999999890726808	high	Phyllobacterium myrsinacearum	Bacteria
2ac45bca-1c2c-440a-9eb9-2618778a409c	28101	0.9999999890726808	high	Phyllobacterium myrsinacearum	Bacteria
d7a3abbf-897c-4340-ad3b-1dc4aa4a99ec	28101	0.9999999890726808	high	Phyllobacterium myrsinacearum	Bacteria
56332d0b-15d0-4df7-b529-3cf3214bd68b	28101	1.0	confident	Phyllobacterium myrsinacearum	Bacteria
0e677403-2b7b-4d40-aeef-1f648c34f47f	28101	0.9999905510793112	high	Phyllobacterium myrsinacearum	Bacteria
75e283d6-49d1-4e36-b745-82ebf77c2150	28101	1.0	confident	Phyllobacterium myrsinacearum	Bacteria
901e65a0-33f6-4c5e-86c9-e3fbf39c0c8c	28101	0.999990675188603	high	Phyllobacterium myrsinacearum	Bacteria
6743cea4-a868-43fd-a311-78354e588729	28101	0.9999999890726808	high	Phyllobacterium myrsinacearum	Bacteria
3dc68866-76b4-4b01-9a20-c359dd7c2af3	28101	0.9999999890726808	high	Phyllobacterium myrsinacearum	Bacteria
bf275d30-369f-4d65-98a9-4207a4ce5d52	28101	0.9999999890726808	high	Phyllobacterium myrsinacearum	Bacteria
77baa6f0-5356-40b5-a10e-242975674d81	28101	1.0	confident	Phyllobacterium myrsinacearum	Bacteria
8e07ff49-09b9-493b-8e26-45dc1fa81350	28101	0.9999999890726808	high	Phyllobacterium myrsinacearum	Bacteria
2c949fe2-cae1-4b4c-8f97-e2b7a3317c08	28101	0.9999998550523308	high	Phyllobacterium myrsinacearum	Bacteria
6e8d6597-0591-4737-8f80-74185ac1431f	28101	0.9999999890726808	high	Phyllobacterium myrsinacearum	Bacteria
64480dbf-e6d1-4119-bd00-ceccd7f99892	28101	1.0	confident	Phyllobacterium myrsinacearum	Bacteria
eea231ef-f92c-4f8b-86b3-fd1e0b337f67	28101	0.9999999890726808	high	Phyllobacterium myrsinacearum	Bacteria
46ea03de-7f6a-41d5-b5d7-1162faf84758	28101	1.0	confident	Phyllobacterium myrsinacearum	Bacteria
df657d9e-5ec2-496c-86c0-d062afd56ace	28101	0.9999999890726808	high	Phyllobacterium myrsinacearum	Bacteria
021b7d47-485f-4532-8bdd-627d32bbe430	28101	0.9999999890726808	high	Phyllobacterium myrsinacearum	Bacteria
fb85b8c7-6c40-4e88-993d-c2a8a91ac776	28101	0.9999999890726808	high	Phyllobacterium myrsinacearum	Bacteria
ab5f1d21-1014-44af-954b-db5472d2d16b	28101	0.9999999890726808	high	Phyllobacterium myrsinacearum	Bacteria
d668728f-860b-4b9a-84e3-754668c4aea0	28101	0.9999999890726808	high	Phyllobacterium myrsinacearum	Bacteria
ba044333-a248-4ebc-9b8b-3373e9f5067c	28101	1.0	confident	Phyllobacterium myrsinacearum	Bacteria
f0b29b5c-10bd-4c64-bed0-f4531fbae8bb	28101	0.9999999890726808	high	Phyllobacterium myrsinacearum	Bacteria
b5002575-27c6-4196-b48f-e94a60777ad5	28101	0.9999998344149202	high	Phyllobacterium myrsinacearum	Bacteria
9980ff7b-8ccb-4de4-91cd-09316a72b649	28101	0.9999999890726808	high	Phyllobacterium myrsinacearum	Bacteria
88138e43-dee3-4f4c-a677-c6b52ca9e1a7	28101	0.9999999890726808	high	Phyllobacterium myrsinacearum	Bacteria
42401ea7-e0a4-4266-a67c-060d14f8f184	28101	0.9999999890726808	high	Phyllobacterium myrsinacearum	Bacteria
d50e488e-0a5c-482c-9a02-bb5a66fc9529	28101	0.9999999890726808	high	Phyllobacterium myrsinacearum	Bacteria
8d65bb6c-02a9-4031-a841-0831cebe21d0	28101	0.9999999890726808	high	Phyllobacterium myrsinacearum	Bacteria
64c04fbd-701d-47ab-a1b3-93fa49dd7955	28101	0.9999999574629436	high	Phyllobacterium myrsinacearum	Bacteria
95aba0f8-450e-451c-84be-c4f3aa0b65b8	28101	0.9999999890726808	high	Phyllobacterium myrsinacearum	Bacteria
d1e50ccc-72e4-491b-9acf-2e2cb3bf9e08	28101	1.0	confident	Phyllobacterium myrsinacearum	Bacteria
6f9c6d36-b377-473b-a838-8622f17073c7	28101	0.9999999890726808	high	Phyllobacterium myrsinacearum	Bacteria
2dbae15f-308f-4ba3-be4d-7215b6c0d57f	28101	0.9999999890726808	high	Phyllobacterium myrsinacearum	Bacteria
ff0f26fc-425a-4760-bc18-b3efb9fdd06b	28101	1.0	confident	Phyllobacterium myrsinacearum	Bacteria
3375e9ab-0739-47ca-a10d-83964fc42e78	28101	1.0	confident	Phyllobacterium myrsinacearum	Bacteria
27fb7fd8-5174-41d9-9ee8-5ae9da799380	28101	1.0	confident	Phyllobacterium myrsinacearum	Bacteria
011b61de-e8a0-4103-9115-8ee9a8a8977c	28101	0.9999999890726808	high	Phyllobacterium myrsinacearum	Bacteria
14ae43c8-0efd-4fb7-8ee3-1a45dc9d35dd	2718938	0.999999949165164	high	Phyllobacterium sp. 628	Bacteria
d72c2fdf-a576-4f9f-a999-dc9ad7897670	28101	0.9999999891880124	high	Phyllobacterium myrsinacearum	Bacteria
12f37045-e378-421a-accd-21aa1d1d8ae4	28101	0.9999999890726808	high	Phyllobacterium myrsinacearum	Bacteria
d50940ef-6664-4973-8a3b-1183fbb8650f	28101	0.9999999890726808	high	Phyllobacterium myrsinacearum	Bacteria
cacc9ad4-e217-41d7-865d-7fb10907692e	28101	1.0	confident	Phyllobacterium myrsinacearum	Bacteria
8a8c069f-be40-4449-995a-0ddf7c5bb828	28101	0.9999999890726808	high	Phyllobacterium myrsinacearum	Bacteria
bd7be470-1836-4c2e-ab21-5e51695addf9	28101	1.0	confident	Phyllobacterium myrsinacearum	Bacteria
1b12e314-6467-4455-a129-5d484da962f5	28101	0.9999999890726808	high	Phyllobacterium myrsinacearum	Bacteria
b083ef0e-17d5-4232-bc8f-ebff2040785b	28101	0.9999999890726808	high	Phyllobacterium myrsinacearum	Bacteria
71dc610a-a4a7-4b57-997c-afcd0072d931	28101	0.9999999890726808	high	Phyllobacterium myrsinacearum	Bacteria
c3def71a-0151-4f50-b529-9dc5863b61fe	28101	0.9999999890726808	high	Phyllobacterium myrsinacearum	Bacteria
7bee4fbc-8b75-4d2b-ad02-ad24d9bd84e1	28101	0.9999999890726808	high	Phyllobacterium myrsinacearum	Bacteria
f6aec32e-7f21-4fc1-bc81-e289205b7c9d	28101	1.0	confident	Phyllobacterium myrsinacearum	Bacteria
376ad95d-b914-4415-99d5-5e4a22f72d03	28101	0.9999999890726808	high	Phyllobacterium myrsinacearum	Bacteria
21fdc56f-a28f-40dc-8748-0ec8fb2ad14d	28101	0.9999999890726808	high	Phyllobacterium myrsinacearum	Bacteria
32279e8c-510d-4995-87d9-ea7d96b4dffb	28101	1.0	confident	Phyllobacterium myrsinacearum	Bacteria
bfa13fc2-80d0-4218-aff4-7fdeb0c64c5d	28101	0.9999999890726808	high	Phyllobacterium myrsinacearum	Bacteria
e4934932-f988-4f56-8580-1995b43ee991	28101	0.9999999890726808	high	Phyllobacterium myrsinacearum	Bacteria
b4fd8743-76a2-4f3f-af0f-f838db9c1c57	28101	0.9999999634924064	high	Phyllobacterium myrsinacearum	Bacteria
f42b9462-5d86-4d28-9fe1-46166d69bf7c	28101	0.999999957870704	high	Phyllobacterium myrsinacearum	Bacteria
6d44f521-0d05-41fc-a5d9-8414df5e1afb	28101	0.9999999890726808	high	Phyllobacterium myrsinacearum	Bacteria
c195dc7c-a970-4e5b-ac2c-f3ff695da893	28101	0.9999999890726808	high	Phyllobacterium myrsinacearum	Bacteria
4a656a01-b48b-4676-b9b7-ab8b943b70b6	28101	1.0	confident	Phyllobacterium myrsinacearum	Bacteria
ed9e6c79-a64b-44de-bd52-317c3771747d	28101	0.9999999890726808	high	Phyllobacterium myrsinacearum	Bacteria
0d2a1f89-1b55-408d-b8a8-45c31ad4c8ed	28101	0.9999999574629436	high	Phyllobacterium myrsinacearum	Bacteria
be98486a-865c-457f-b390-3683016b78c0	28101	0.9999946351347788	high	Phyllobacterium myrsinacearum	Bacteria
dddb869c-5214-461a-ad97-62f71417a5d2	28101	1.0	confident	Phyllobacterium myrsinacearum	Bacteria
06c1da67-5c9a-4658-949c-77f7298c8f3b	28101	1.0	confident	Phyllobacterium myrsinacearum	Bacteria
b9195fd7-210f-4f2d-ab4d-871f4954e339	28101	0.9999999890726808	high	Phyllobacterium myrsinacearum	Bacteria
f72a5440-4963-4e8b-8381-bc06fed338bd	28101	0.9999999890726808	high	Phyllobacterium myrsinacearum	Bacteria
c3039703-2f83-4ce1-b254-15d8ad0420a5	28101	0.9999999890726808	high	Phyllobacterium myrsinacearum	Bacteria
5102bcd5-4b25-4b32-8a8a-416a53167189	28101	0.9999999890726808	high	Phyllobacterium myrsinacearum	Bacteria
9caeb054-34a5-44e8-aaf6-1a2a72c43986	28101	0.9999999890726808	high	Phyllobacterium myrsinacearum	Bacteria
f989e4c7-3746-4908-a9ff-5396a9f300cc	28101	0.9999999890726808	high	Phyllobacterium myrsinacearum	Bacteria
10c4d13e-9848-4a55-b31f-f82ef63ad00c	28101	1.0	confident	Phyllobacterium myrsinacearum	Bacteria
9d8cac44-9933-466b-90e0-4148e39af1f5	28101	0.9999993844659466	high	Phyllobacterium myrsinacearum	Bacteria
156fd8d8-87ba-44b3-8f20-60703e44015f	2718938	0.9999997993353648	high	Phyllobacterium sp. 628	Bacteria
582c59a4-ce99-47c4-8a5f-5b731897d406	28101	1.0	confident	Phyllobacterium myrsinacearum	Bacteria
9cb953be-c2d3-4719-bf05-66e67d50166e	28101	1.0	confident	Phyllobacterium myrsinacearum	Bacteria
2886f8b8-8784-41bf-84bf-a6e768a8072a	28101	1.0	confident	Phyllobacterium myrsinacearum	Bacteria
746a5ada-d838-4cc7-b462-da31c35e1bec	28101	0.9999999890726808	high	Phyllobacterium myrsinacearum	Bacteria
0fcf713f-234b-41d7-a0e4-f1694766d19c	28101	1.0	confident	Phyllobacterium myrsinacearum	Bacteria
166a79f6-d05a-44f4-8cc5-867fdefca558	28101	0.9999999890726808	high	Phyllobacterium myrsinacearum	Bacteria
4f4e653b-1c4a-4ca4-8b93-14bd19860059	28101	0.9999999890726808	high	Phyllobacterium myrsinacearum	Bacteria
a0fb2a48-9c28-4b99-977f-9e95bf173e2e	28101	1.0	confident	Phyllobacterium myrsinacearum	Bacteria
c1724bb7-703c-4f0c-99bb-cf5bfb917213	28101	0.9999999890726808	high	Phyllobacterium myrsinacearum	Bacteria
8f717c97-0453-444e-ad26-868ec50f750c	28101	1.0	confident	Phyllobacterium myrsinacearum	Bacteria
39ee0494-4c37-497c-814d-c31715d495fd	28101	0.9999999890726808	high	Phyllobacterium myrsinacearum	Bacteria
6f0ab832-c003-4cc1-93ed-ab8f141c8765	28101	0.9999999890726808	high	Phyllobacterium myrsinacearum	Bacteria
f9658cdc-6830-478a-a6b6-98a8c31d267d	28101	0.9999999890726808	high	Phyllobacterium myrsinacearum	Bacteria
b9613037-c763-4ce3-9b06-ede35741b30b	28101	0.9999999574629436	high	Phyllobacterium myrsinacearum	Bacteria
b8242ce4-5b7f-4b95-8e62-705c9476f4b5	28101	0.9999999574629436	high	Phyllobacterium myrsinacearum	Bacteria
5b1a86fb-452e-401d-8f4d-a64af8451983	28101	0.9999999890726808	high	Phyllobacterium myrsinacearum	Bacteria
fd9bf1cc-657d-476d-9b4e-dff52bc7c04f	28101	0.99999995787128	high	Phyllobacterium myrsinacearum	Bacteria
047878f3-4003-4a05-8767-f25ad3940db9	28101	1.0	confident	Phyllobacterium myrsinacearum	Bacteria
77989acc-696b-4c5d-bd38-42efcf4886e9	28101	0.9999999890726808	high	Phyllobacterium myrsinacearum	Bacteria
bef9da82-9360-468d-9018-ee41e4f725da	28101	0.9999999890726808	high	Phyllobacterium myrsinacearum	Bacteria
617dc05b-a0fc-4460-920b-9fb85ceae6b5	28101	0.9999999890726808	high	Phyllobacterium myrsinacearum	Bacteria
caf55943-99ae-4700-a5f1-dade43275167	28101	0.9999999890726808	high	Phyllobacterium myrsinacearum	Bacteria
2d8b901e-522f-42b0-92d7-d02c593342b3	28101	0.9999999890726808	high	Phyllobacterium myrsinacearum	Bacteria
a6bbe2c9-9e97-4c32-8185-a8a84c6fed5b	28101	1.0	confident	Phyllobacterium myrsinacearum	Bacteria
d6652cc8-5472-47b1-ac04-b572da28a27a	28101	0.9999999890726808	high	Phyllobacterium myrsinacearum	Bacteria
167e78d0-7acd-442d-995b-03a245271d29	28101	0.9999999891879312	high	Phyllobacterium myrsinacearum	Bacteria
231be6b0-734f-4c9e-83e8-c0e00be7280c	28101	1.0	confident	Phyllobacterium myrsinacearum	Bacteria
dde56216-82ab-4121-9ae3-493e74f7b88d	28101	1.0	confident	Phyllobacterium myrsinacearum	Bacteria
2d3123b2-7749-4a33-abba-6ca41d8c7d2a	28101	0.9999999890726808	high	Phyllobacterium myrsinacearum	Bacteria
977b6d9c-fb73-482a-a509-f0f5c27971f4	28101	0.9999999890726808	high	Phyllobacterium myrsinacearum	Bacteria
a928db79-0965-4238-b486-f9c91536e3b7	28101	0.9999999890726808	high	Phyllobacterium myrsinacearum	Bacteria
a0a0919a-6e13-4c86-b9aa-c36605210aad	28101	0.9999999894155152	high	Phyllobacterium myrsinacearum	Bacteria
30003f3c-a7f0-441a-b333-6ca5b9b86514	28101	0.9999999890726808	high	Phyllobacterium myrsinacearum	Bacteria
324d19a1-03da-49e4-b99b-722ffcc9b4d8	28101	0.9999999890726808	high	Phyllobacterium myrsinacearum	Bacteria
a49e530a-c1a0-41f6-b01d-4338a33c56bb	28101	0.9999999890726808	high	Phyllobacterium myrsinacearum	Bacteria
076390fb-a1fa-4c2f-b15c-bdd68ba9512f	28101	0.9913731377703312	high	Phyllobacterium myrsinacearum	Bacteria
39d61fa3-428f-4e03-89c0-df5abcacd581	28101	0.9999999890726808	high	Phyllobacterium myrsinacearum	Bacteria
890611a1-ff07-49ec-99b2-dd908836da70	28101	1.0	confident	Phyllobacterium myrsinacearum	Bacteria
4f1c4244-0280-4d7b-81e4-1f0468e46b2d	28101	1.0	confident	Phyllobacterium myrsinacearum	Bacteria
0505385a-46f8-4455-9e20-7429e3df0537	28101	0.9999999628531008	high	Phyllobacterium myrsinacearum	Bacteria
8b5999ce-81ab-454c-9062-1f4c541aac46	28101	0.9999999890726808	high	Phyllobacterium myrsinacearum	Bacteria
d7ccecce-088c-4491-8e6d-b45ceae17a04	2718938	0.9999999867577044	high	Phyllobacterium sp. 628	Bacteria
11882da1-0de0-424b-bf9c-830c08906f1c	28101	0.9999999890726808	high	Phyllobacterium myrsinacearum	Bacteria
2e701354-5b57-47ef-928b-3a3c87c04f4a	28101	0.9999999890726808	high	Phyllobacterium myrsinacearum	Bacteria
5b16e8b6-9730-4a67-95e3-093e643e62cc	28101	0.9999999890726808	high	Phyllobacterium myrsinacearum	Bacteria
5322b564-b572-47be-8b93-da84282aa24b	28101	1.0	confident	Phyllobacterium myrsinacearum	Bacteria
4d383b60-bdbb-4b52-900e-946543e4d4cb	28101	1.0	confident	Phyllobacterium myrsinacearum	Bacteria
97acca42-cecc-45a2-ad6d-0ce16b256926	28101	1.0	confident	Phyllobacterium myrsinacearum	Bacteria
8b7f2185-fc72-47d7-8db2-1cc8005c7a48	28101	0.9999999890726808	high	Phyllobacterium myrsinacearum	Bacteria
c66d61f9-9d4a-480e-8695-7cf2115fee35	28101	0.9999999890726808	high	Phyllobacterium myrsinacearum	Bacteria
6e1575df-beef-42ec-9650-e6f2bfa20bae	28101	0.9999999890726808	high	Phyllobacterium myrsinacearum	Bacteria
94c570ee-db0a-4ad0-87ee-449422620199	28101	0.9999999574629436	high	Phyllobacterium myrsinacearum	Bacteria
d83ec559-e175-4631-ac43-0043a0240a33	28101	1.0	confident	Phyllobacterium myrsinacearum	Bacteria
8283d909-fc7b-4341-9d8e-0e35c97cfe2c	28101	0.9913815200478696	high	Phyllobacterium myrsinacearum	Bacteria
4c4ee7bb-1bf8-457e-99ce-5fc43ba1a28b	28101	0.9999906748376256	high	Phyllobacterium myrsinacearum	Bacteria
eadfea7c-a09f-4a08-930f-dd2ef1cca576	28101	1.0	confident	Phyllobacterium myrsinacearum	Bacteria
8e15a14a-803c-4aa6-b37d-6b4e77470f5c	28101	0.9999999890726808	high	Phyllobacterium myrsinacearum	Bacteria
a7d1bfe6-60b9-43e9-8ab5-44f75ff9f920	2718938	0.9999999995912824	high	Phyllobacterium sp. 628	Bacteria
a9d3fbf1-4b3b-421f-830f-fd48a4fe7734	28101	1.0	confident	Phyllobacterium myrsinacearum	Bacteria
b87245bf-236c-42e6-ad42-0e71ae532ee8	28101	0.9999999890726808	high	Phyllobacterium myrsinacearum	Bacteria
93d1e637-7122-4e5d-ae07-6a49eff6f0d1	28101	1.0	confident	Phyllobacterium myrsinacearum	Bacteria
d13d5298-f27a-4b84-b026-6885c3e322a2	28101	0.9999999890726808	high	Phyllobacterium myrsinacearum	Bacteria
fb591f17-2d2d-4847-859e-1506bfdae334	28101	0.9913668685864938	high	Phyllobacterium myrsinacearum	Bacteria
b8968504-6beb-4e07-9445-4384c1df0c36	28101	1.0	confident	Phyllobacterium myrsinacearum	Bacteria
3ffbbf11-224d-42f5-bdfe-74d16deb7569	28101	0.9999999890726808	high	Phyllobacterium myrsinacearum	Bacteria
037eda8f-1f1b-4dcc-8f8e-5571243fd5cc	28101	0.9999999890726808	high	Phyllobacterium myrsinacearum	Bacteria
9d1e614a-02c0-4252-b3bc-7b16d272c322	28101	0.9999999890726808	high	Phyllobacterium myrsinacearum	Bacteria
e05c43a3-6776-491a-8838-9abcaff49fba	28101	0.9999999890726808	high	Phyllobacterium myrsinacearum	Bacteria
46f716cf-23f2-483f-ade2-7aa182f60a35	28101	0.9999999891881756	high	Phyllobacterium myrsinacearum	Bacteria
e22a3329-c593-4b20-933a-5babb0425506	28101	0.9999998344149202	high	Phyllobacterium myrsinacearum	Bacteria
c89c06d3-7185-40d7-8d16-b50faa2b1334	28101	1.0	confident	Phyllobacterium myrsinacearum	Bacteria
81e45eba-470f-47cb-b10f-2f4e33092fe7	28101	1.0	confident	Phyllobacterium myrsinacearum	Bacteria
7e304ed8-9bc9-41af-a5f4-6b7180b1e911	28101	0.9999999574629436	high	Phyllobacterium myrsinacearum	Bacteria
7af112fb-3a4b-465f-9e93-aece1f4eb8a1	28101	0.9999999890726808	high	Phyllobacterium myrsinacearum	Bacteria
1ad250b6-36be-4e1a-bb28-a372267f5a26	28101	1.0	confident	Phyllobacterium myrsinacearum	Bacteria
7a8b4b55-1767-4e87-899c-7017a0b48a5d	28101	0.9999999890726808	high	Phyllobacterium myrsinacearum	Bacteria
9cb1879e-a724-4bd0-b69d-dd4296c9f1a1	28101	0.9999999890726808	high	Phyllobacterium myrsinacearum	Bacteria
89ad541a-eefd-49f0-a6fe-8d67817a2b1e	28101	1.0	confident	Phyllobacterium myrsinacearum	Bacteria
8e00b0d4-d403-4f87-8f16-86df0d1efe47	28101	1.0	confident	Phyllobacterium myrsinacearum	Bacteria
e90651cc-1dea-42f7-a7a1-04e27e53eab6	28101	0.9999999890726808	high	Phyllobacterium myrsinacearum	Bacteria
48010fbd-81a2-451c-86c5-c19b4b6ff562	28101	0.9999999890726808	high	Phyllobacterium myrsinacearum	Bacteria
f9507586-2215-45f3-ba72-592668f4ccc6	28101	0.9999999518481476	high	Phyllobacterium myrsinacearum	Bacteria
2aa84e2c-b8b2-463d-bc40-8ff482c57a47	28101	0.9999999890726808	high	Phyllobacterium myrsinacearum	Bacteria
cbacced3-dcbe-4c37-89dc-1ed690204459	28101	0.9999999890726808	high	Phyllobacterium myrsinacearum	Bacteria
b0ef40f8-7125-4f21-91df-fb7d4f224a20	28101	0.9999999891879312	high	Phyllobacterium myrsinacearum	Bacteria
db665daf-f23b-4c94-b19c-388da8ca9334	28101	0.9999999890726808	high	Phyllobacterium myrsinacearum	Bacteria
c3a499ae-20bb-4a24-8427-f0e890905a6d	28101	0.9999999890726808	high	Phyllobacterium myrsinacearum	Bacteria
c249d82e-7572-46ee-b66a-e6229905acab	2718938	0.9999999998950048	high	Phyllobacterium sp. 628	Bacteria
b88e905f-ced2-4e6a-acb3-8932712d176b	28101	1.0	confident	Phyllobacterium myrsinacearum	Bacteria
3013235a-3986-4b64-881a-651994daab2a	2718938	0.9999997993353648	high	Phyllobacterium sp. 628	Bacteria
16b77959-0cb0-4189-bf49-2f065be73c78	28101	0.9999999890726808	high	Phyllobacterium myrsinacearum	Bacteria
7eef0029-6c73-4aee-873a-ee658b878277	28101	0.9999999890726808	high	Phyllobacterium myrsinacearum	Bacteria
f7211dfc-4240-4035-9214-cb2065833783	28101	0.9999999890726808	high	Phyllobacterium myrsinacearum	Bacteria
5baeab3f-2dae-4c2b-b741-416c6ffbf126	28101	0.9999999890726808	high	Phyllobacterium myrsinacearum	Bacteria
bcd4e7f9-a13d-4725-b38b-1b423add93d3	28101	1.0	confident	Phyllobacterium myrsinacearum	Bacteria
970a0c8b-7b6e-41fb-bd55-28a3b7f845a9	28101	1.0	confident	Phyllobacterium myrsinacearum	Bacteria
497369e6-fadb-467c-a7d8-30570952dd5d	28101	0.9999999890726808	high	Phyllobacterium myrsinacearum	Bacteria
ccbfd614-8fed-4c25-b5ea-48fe545e59cd	28101	0.9999993199434762	high	Phyllobacterium myrsinacearum	Bacteria
a45c169c-fd37-44e3-b443-7f099fb6a66d	28101	0.9999999890726808	high	Phyllobacterium myrsinacearum	Bacteria
fa170983-14ec-43dd-9cc8-94d370ca36bd	28101	1.0	confident	Phyllobacterium myrsinacearum	Bacteria
672cd958-9e5e-4730-9600-9ab6d523958c	28101	0.9999999890726808	high	Phyllobacterium myrsinacearum	Bacteria
6774c243-6d97-40d0-8019-509d7f674393	28101	0.9999999890726808	high	Phyllobacterium myrsinacearum	Bacteria
27ece6e3-4626-402d-ac32-f6e6966dd869	28101	0.9999999890726808	high	Phyllobacterium myrsinacearum	Bacteria
77f22c82-9c66-4d78-b6f0-130b689307e5	28101	0.9999998358361532	high	Phyllobacterium myrsinacearum	Bacteria
eec7dd0b-a5c5-4616-9405-b213b05663f5	28101	0.9999999890726808	high	Phyllobacterium myrsinacearum	Bacteria
1228e43c-b81b-4af9-9ce3-9fe6678bd5fe	28101	1.0	confident	Phyllobacterium myrsinacearum	Bacteria
a7b3c8b7-1afe-4623-86f1-eed107599736	28101	0.9999999890726808	high	Phyllobacterium myrsinacearum	Bacteria
bb997ae8-505b-42b1-b393-4b5d232c5fb9	28101	0.9999998344149202	high	Phyllobacterium myrsinacearum	Bacteria
5ef1da8d-0707-4efb-8ada-b09ead0266cf	28101	1.0	confident	Phyllobacterium myrsinacearum	Bacteria
68e7b015-53e0-4f8c-a485-b72845fb1d2f	28101	0.9999999890726808	high	Phyllobacterium myrsinacearum	Bacteria
8d7243e8-5360-4d51-ace3-1c04888de6c7	28101	0.9999999890726808	high	Phyllobacterium myrsinacearum	Bacteria
17e6e432-b6b6-426c-8067-0b9d425c2b04	28101	1.0	confident	Phyllobacterium myrsinacearum	Bacteria
ab08a931-ff41-454f-b10e-96e6e9b7e884	28101	1.0	confident	Phyllobacterium myrsinacearum	Bacteria
3a9e8062-9904-4425-968b-c303e19d6971	28101	0.9999999890726808	high	Phyllobacterium myrsinacearum	Bacteria
2555dc02-48a9-476e-b885-1635a2700be0	28101	0.9999999890726808	high	Phyllobacterium myrsinacearum	Bacteria
907876a8-d52a-49c7-abbd-532b8e03752f	28101	0.9999999890726808	high	Phyllobacterium myrsinacearum	Bacteria
55866fad-ef56-4b4b-9e1a-deaffa9df8c9	28101	0.9999999890726808	high	Phyllobacterium myrsinacearum	Bacteria
1c976bbf-8d9b-49c4-9ada-7b7ee87a15f8	28101	0.9999999890726808	high	Phyllobacterium myrsinacearum	Bacteria
ef153589-c768-4775-a7f9-e4caf37f9241	28101	0.9999999894145588	high	Phyllobacterium myrsinacearum	Bacteria
a8e667d4-a99d-42f3-8467-d429873e8f09	28101	0.9999999514169116	high	Phyllobacterium myrsinacearum	Bacteria
75bdf1d2-1f21-4cdc-bdfe-dcc13390c64d	28101	0.9999999890726808	high	Phyllobacterium myrsinacearum	Bacteria
f8b2f6c3-1af9-4bb8-8880-8afec4fc942a	28101	0.9999999574629436	high	Phyllobacterium myrsinacearum	Bacteria
cd3eb7df-24be-4732-b6ec-ad04853e4999	28101	0.9999999890726808	high	Phyllobacterium myrsinacearum	Bacteria
5a944d14-2553-4859-844c-8909dfcd1315	28101	1.0	confident	Phyllobacterium myrsinacearum	Bacteria
29c624fe-e729-44ef-8e2c-e6a231dbe1e5	28101	1.0	confident	Phyllobacterium myrsinacearum	Bacteria
aec071a6-bc91-4007-88d0-5f6ad807c29f	28101	1.0	confident	Phyllobacterium myrsinacearum	Bacteria
3a7c386d-14dc-4e03-8ea5-0d27b74fed96	28101	1.0	confident	Phyllobacterium myrsinacearum	Bacteria
9b08134a-674e-4ced-a448-9bc5e4e8457e	28101	0.9999999890726808	high	Phyllobacterium myrsinacearum	Bacteria
7aff5ca0-047d-4a27-ae07-f81008b4dc9d	28101	0.9999999890726808	high	Phyllobacterium myrsinacearum	Bacteria
124f3553-1be8-4b18-b6ab-3071c6a663dd	28101	1.0	confident	Phyllobacterium myrsinacearum	Bacteria
42391161-3cb1-4c68-a6eb-b356b38597e0	28101	0.9999999890726808	high	Phyllobacterium myrsinacearum	Bacteria
55de0407-eaf1-4497-83a2-c28e0dda5718	28101	1.0	confident	Phyllobacterium myrsinacearum	Bacteria
836c28c1-5f24-411e-9c92-ba143d984a7f	28101	1.0	confident	Phyllobacterium myrsinacearum	Bacteria
71b248d9-40f9-4a4d-a205-a0f8fa59a474	28101	0.9999999890726808	high	Phyllobacterium myrsinacearum	Bacteria
29d952eb-03e0-48c2-b701-ddb686357d14	28101	1.0	confident	Phyllobacterium myrsinacearum	Bacteria
50e96f68-e51e-4896-aa6f-a3a355c69f1c	28101	0.9999999890726808	high	Phyllobacterium myrsinacearum	Bacteria
501abfa3-e495-4fe0-bdd8-ea08f3bc477c	28101	0.9999999890726808	high	Phyllobacterium myrsinacearum	Bacteria
129010b7-7f1e-47aa-ab84-dc74d4cd293b	28101	1.0	confident	Phyllobacterium myrsinacearum	Bacteria
50975294-1950-48b6-b80b-afecff81996e	28101	0.9999999890726808	high	Phyllobacterium myrsinacearum	Bacteria
1e45c47b-6260-4c41-9acf-01b76b00f83a	28101	0.9999998541919108	high	Phyllobacterium myrsinacearum	Bacteria
227b7e57-fad9-472b-b691-ffc54fc6f4ae	28101	0.9999999890726808	high	Phyllobacterium myrsinacearum	Bacteria
dd94f8a5-434d-44a7-830a-64f657e3ec86	28101	1.0	confident	Phyllobacterium myrsinacearum	Bacteria
ed324fee-3d51-4b36-aadd-0271bfadeee3	28101	0.9999998344149202	high	Phyllobacterium myrsinacearum	Bacteria
10bfe202-1629-4467-a9a1-5c3d1fd90166	28101	0.9999999890726808	high	Phyllobacterium myrsinacearum	Bacteria
91e4af32-e685-4efa-b9e6-464f914b39b9	28101	0.9999999890726808	high	Phyllobacterium myrsinacearum	Bacteria
c074f7b4-901f-48b3-b079-578578a8b3dc	28101	1.0	confident	Phyllobacterium myrsinacearum	Bacteria
eb2784ba-e830-4b59-b6de-383931efcdfb	28101	0.9999999890726808	high	Phyllobacterium myrsinacearum	Bacteria
dc799923-08d6-407c-8215-aa41c71bd7df	28101	0.9999999890726808	high	Phyllobacterium myrsinacearum	Bacteria
ac187113-e841-447d-8b58-d631dd689b20	28101	0.9999999890726808	high	Phyllobacterium myrsinacearum	Bacteria
9d44f23d-0f1c-4628-bc7b-639d54f417ee	28101	1.0	confident	Phyllobacterium myrsinacearum	Bacteria
e1004843-b7c0-44ce-a1a7-ddca8463a6d9	28101	1.0	confident	Phyllobacterium myrsinacearum	Bacteria
57397eb0-24d9-41b2-8e98-bd51359a409f	28101	1.0	confident	Phyllobacterium myrsinacearum	Bacteria
eee71d9a-ab53-4f3e-a5ea-ecb453738cb2	28101	1.0	confident	Phyllobacterium myrsinacearum	Bacteria
9fb46f57-60af-426e-a251-25117d7dbde3	28101	0.9999999890726808	high	Phyllobacterium myrsinacearum	Bacteria
dd2bae54-06f2-490a-9abd-032cd1c74efe	28101	0.9999999890726808	high	Phyllobacterium myrsinacearum	Bacteria
fd937132-4a03-416e-a58c-dd92a0e222f1	28101	0.9999999890726808	high	Phyllobacterium myrsinacearum	Bacteria
46a451f3-cace-47d4-aecc-0cb7b37d3bbf	28101	0.9999999890726808	high	Phyllobacterium myrsinacearum	Bacteria
90f045fc-aaf3-43a2-9569-49b50defc6df	28101	0.9999999890726808	high	Phyllobacterium myrsinacearum	Bacteria
70ccfe42-79e1-41a9-8dd5-1cacbae744e1	28101	0.999999837596385	high	Phyllobacterium myrsinacearum	Bacteria
0f655bae-f649-4ac1-9d98-d3d1720670f3	28101	0.9999999890726808	high	Phyllobacterium myrsinacearum	Bacteria
66cbe475-0b80-46ce-af9c-c7c2a8bafa52	28101	0.9973729626068292	high	Phyllobacterium myrsinacearum	Bacteria
0d6c61dc-214d-4e4d-8d0d-4a9625285afd	28101	1.0	confident	Phyllobacterium myrsinacearum	Bacteria
4a24fb95-aa48-4755-915d-a5f0a1e2673a	28101	0.9999998344149202	high	Phyllobacterium myrsinacearum	Bacteria
565c34a1-41ce-4431-acc6-4ff116ba9e9d	28101	0.9999998344149202	high	Phyllobacterium myrsinacearum	Bacteria
daebefbe-b7ac-4cde-a336-498b22ff33db	28101	1.0	confident	Phyllobacterium myrsinacearum	Bacteria
90b28d24-970d-4e53-abc7-4fe9cf0774ec	28101	1.0	confident	Phyllobacterium myrsinacearum	Bacteria
b3a356f8-f95b-4de3-bb2b-7f76ff2b2ab2	28101	1.0	confident	Phyllobacterium myrsinacearum	Bacteria
7e21c091-a464-49a5-babe-fa2b0c749fcf	28101	0.9999999890726808	high	Phyllobacterium myrsinacearum	Bacteria
2cfe0e10-6135-481a-b7db-74bea72be4ca	28101	0.9999905510793112	high	Phyllobacterium myrsinacearum	Bacteria
88547479-d6f5-4d13-9f85-ab99bd1383c1	28101	1.0	confident	Phyllobacterium myrsinacearum	Bacteria
930bc601-910d-4810-9fb3-e5349ee5c341	28101	0.9999999890726808	high	Phyllobacterium myrsinacearum	Bacteria
c536cc77-b85c-41ba-966b-1ba76cfc1c83	28101	1.0	confident	Phyllobacterium myrsinacearum	Bacteria
6137ec13-cff0-4387-8621-f458fff57b56	28101	0.9999999574629436	high	Phyllobacterium myrsinacearum	Bacteria
c651ccbb-dc03-4b75-b0a8-0155080c6c8b	28101	0.9999999890726808	high	Phyllobacterium myrsinacearum	Bacteria
ad74a482-dcfb-4fa4-9477-abee5a70c16a	28101	0.9999999890726808	high	Phyllobacterium myrsinacearum	Bacteria
be21c99c-aa84-4ef1-a701-3dbc2e6b543e	28101	1.0	confident	Phyllobacterium myrsinacearum	Bacteria
552bd2e3-0c59-429c-9cda-d9dd1f23f086	28101	0.9999999890726808	high	Phyllobacterium myrsinacearum	Bacteria
af57d942-ae3a-4638-826f-1e8c53bfcca8	28101	0.9999993554229828	high	Phyllobacterium myrsinacearum	Bacteria
675fb592-911d-45fd-887a-a4cde44dbc97	2718938	0.9999999938065725	high	Phyllobacterium sp. 628	Bacteria
c9672182-81b2-4fc6-a6ff-d450c9bb9219	28101	1.0	confident	Phyllobacterium myrsinacearum	Bacteria
1659a3c9-1d37-43f1-a164-d73fb62650d5	28101	0.9999999890726808	high	Phyllobacterium myrsinacearum	Bacteria
a9ccd24d-fd3d-4670-9c45-cd37562b44f2	2718938	0.9999999867577044	high	Phyllobacterium sp. 628	Bacteria
594b29fb-32f4-4078-a220-dca90d6f2c1b	28101	0.9999999890726808	high	Phyllobacterium myrsinacearum	Bacteria
26e6cd62-8d3a-465b-8bb9-b3cb29956376	28101	0.9999999890726808	high	Phyllobacterium myrsinacearum	Bacteria
07d5d4dc-103f-43dc-a415-aab26c827f47	28101	1.0	confident	Phyllobacterium myrsinacearum	Bacteria
aa958e90-35af-40d3-aab9-22a220e66157	28101	1.0	confident	Phyllobacterium myrsinacearum	Bacteria
19e45e38-fa8b-478d-b4d8-88dbef42c364	28101	1.0	confident	Phyllobacterium myrsinacearum	Bacteria
085d0c65-b908-4b41-a522-8c7b0c978fff	28101	0.9999999890726808	high	Phyllobacterium myrsinacearum	Bacteria
8d63fdc8-9bad-46f0-8ab6-3c88480db41c	28101	0.9999999574629436	high	Phyllobacterium myrsinacearum	Bacteria
70a7b637-0c6c-4edd-b883-92a6456815b0	28101	1.0	confident	Phyllobacterium myrsinacearum	Bacteria
c4fd8751-0414-4b7b-a7d0-7744e90d3741	28101	1.0	confident	Phyllobacterium myrsinacearum	Bacteria
bbc8a5f5-56cf-4593-8dd8-bbff0094187e	28101	0.9671306712271528	high	Phyllobacterium myrsinacearum	Bacteria
e738e84e-e8d3-4641-a60b-50d38866e392	28101	0.9999999890726808	high	Phyllobacterium myrsinacearum	Bacteria
b32a1d33-2868-416a-94c1-1dc02699e687	28101	1.0	confident	Phyllobacterium myrsinacearum	Bacteria
38c68312-a377-45d5-990e-164d78882b14	28101	0.9999999890726808	high	Phyllobacterium myrsinacearum	Bacteria
f56b9bd6-c572-4c83-9663-28b59d17e3c6	28101	0.9999999890726808	high	Phyllobacterium myrsinacearum	Bacteria
bd56aa59-4190-4f1e-8ab4-43c0f206fec7	28101	0.9999999890726808	high	Phyllobacterium myrsinacearum	Bacteria
d688c4e2-de08-4e89-8250-e3c238034cf3	28101	1.0	confident	Phyllobacterium myrsinacearum	Bacteria
dd2f370d-6a4a-4338-8773-2db57522ff20	28101	0.9999999890726808	high	Phyllobacterium myrsinacearum	Bacteria
a811b27a-0909-42c0-bd97-37c653cf1c8b	28101	0.9999907261040324	high	Phyllobacterium myrsinacearum	Bacteria
49648fb6-9d4c-41e4-84a5-f1c1ed3d2381	28101	0.9999999574629436	high	Phyllobacterium myrsinacearum	Bacteria
c1145cd3-7fdd-4008-a75d-f92161d3dcbc	28101	0.9999999574629436	high	Phyllobacterium myrsinacearum	Bacteria
17dad791-4c8f-4ac7-a38f-0848953327d6	28101	0.9999999890726808	high	Phyllobacterium myrsinacearum	Bacteria
ad9158f4-f0d8-4000-9e59-050d01d7d8ce	28101	0.9999999890726808	high	Phyllobacterium myrsinacearum	Bacteria
c09ed593-78d4-4f4e-bb04-ea70d60d3cfd	28101	0.9999999890726808	high	Phyllobacterium myrsinacearum	Bacteria
3c690929-bdbc-4068-81c8-a447405125a7	28101	0.9999999890726808	high	Phyllobacterium myrsinacearum	Bacteria
f689b624-0ba5-4501-bf2e-90c2ab7550cb	28101	1.0	confident	Phyllobacterium myrsinacearum	Bacteria
c73298d3-6b3b-48dc-a58a-8fbc94260a1e	28101	0.9999999890726808	high	Phyllobacterium myrsinacearum	Bacteria
542cbd1d-2fef-4f1f-b4f5-ef05b11a1a84	28101	1.0	confident	Phyllobacterium myrsinacearum	Bacteria
eb03e1f5-73c9-4cb2-b545-3bdb1d15ba27	28101	1.0	confident	Phyllobacterium myrsinacearum	Bacteria
1dd1771c-96ab-43d4-8ba3-f26a93e4a6d9	28101	0.9999999890726808	high	Phyllobacterium myrsinacearum	Bacteria
75ad8393-23e0-452d-a8f2-b2bb7a72fc22	28101	0.9999999894155152	high	Phyllobacterium myrsinacearum	Bacteria
9e1ddacd-051b-4d39-b767-f4f885860ff3	28101	0.9999999876047329	high	Phyllobacterium myrsinacearum	Bacteria
6ce25d09-b524-4b7d-aabe-aa536c0e0c61	28101	0.9999999890726808	high	Phyllobacterium myrsinacearum	Bacteria
c3a2328c-b7a5-4108-ad29-d8e04c5cb78b	28101	0.9999999890726808	high	Phyllobacterium myrsinacearum	Bacteria
7c8417b4-10b5-492b-a684-a0dc9a4e792f	28101	0.9999999890726808	high	Phyllobacterium myrsinacearum	Bacteria
e96bc5d3-3fd2-4803-becd-44046167b13d	28101	0.9999999890726808	high	Phyllobacterium myrsinacearum	Bacteria
325109bb-95b0-4c92-bc73-e6d0a01f370f	28101	0.9999999890726808	high	Phyllobacterium myrsinacearum	Bacteria
ce1749ce-30d3-4bc4-936e-62a85ddb8089	28101	0.9999999890726808	high	Phyllobacterium myrsinacearum	Bacteria
7d0dba02-98e4-499e-8064-cb630df4dfb0	28101	0.9999999890726808	high	Phyllobacterium myrsinacearum	Bacteria
e5efac6e-c190-459a-9c2d-e1a81a08be28	28101	0.9999999890726808	high	Phyllobacterium myrsinacearum	Bacteria
dac82661-f0bc-43bc-9bac-cb9afdb0bf50	28101	0.9999999890726808	high	Phyllobacterium myrsinacearum	Bacteria
f7b676b4-26f3-4ff2-a8f3-540559936ed1	28101	0.9999999890726808	high	Phyllobacterium myrsinacearum	Bacteria
ac0f1941-8cb7-4bda-a27c-98cb8fb2b085	28101	0.9999999890726808	high	Phyllobacterium myrsinacearum	Bacteria
be38c6a3-70c9-4917-a54d-7e54de8c56b0	28101	1.0	confident	Phyllobacterium myrsinacearum	Bacteria
91572e95-7ae3-4a71-b603-81cb9db0a4be	2718938	0.9999997993353648	high	Phyllobacterium sp. 628	Bacteria
8e15dd84-1726-4641-ae69-9888b355a4de	28101	0.9999999890726808	high	Phyllobacterium myrsinacearum	Bacteria
c16575b0-daba-4e31-8426-5696ec509ad6	28101	0.9999999890726808	high	Phyllobacterium myrsinacearum	Bacteria
102314fe-23a0-472d-a5d1-62902712f590	28101	0.9999999894150364	high	Phyllobacterium myrsinacearum	Bacteria
7750ba02-de8d-4a91-88ad-0091089a6a38	28101	0.9999999890726808	high	Phyllobacterium myrsinacearum	Bacteria
fa82b63f-5e02-47ab-aa1a-05b3881a360f	28101	0.9999999890726808	high	Phyllobacterium myrsinacearum	Bacteria
adc02a92-b7a4-4f21-8f09-fee94fd0b0ef	28101	1.0	confident	Phyllobacterium myrsinacearum	Bacteria
a552405c-be62-4add-ad7c-734f21c8bb07	28101	0.9999999890726808	high	Phyllobacterium myrsinacearum	Bacteria
8ec0a747-927c-484a-bfbf-cab151617828	28101	1.0	confident	Phyllobacterium myrsinacearum	Bacteria
1fab5014-7ee7-4745-aa3c-f765fe6f64ae	28101	1.0	confident	Phyllobacterium myrsinacearum	Bacteria
9e4b3a95-9010-43f4-b6a6-e3af44fe2e3c	28101	0.9999999890726808	high	Phyllobacterium myrsinacearum	Bacteria
d0ffb24f-894d-49f8-826e-2ce0e1f02de6	28101	1.0	confident	Phyllobacterium myrsinacearum	Bacteria
b064f201-4480-4c2b-bd02-80bfcf22c128	28101	0.9999999574629436	high	Phyllobacterium myrsinacearum	Bacteria
710ebf39-8e1f-4c41-9e22-e87602d1d87f	28101	0.9999993199434762	high	Phyllobacterium myrsinacearum	Bacteria
a8001acd-6f75-43c4-a2f6-202dbf742ef7	28101	0.9999999890726808	high	Phyllobacterium myrsinacearum	Bacteria
e926dc0d-2860-4adc-8272-122ccf6997dd	28101	0.9999999574629436	high	Phyllobacterium myrsinacearum	Bacteria
d9ed7569-7b81-4838-8425-00dedbf63c84	28101	0.9999999893016444	high	Phyllobacterium myrsinacearum	Bacteria
0db0d6f3-0b2e-440d-a53e-b1561a1e7c3b	28101	0.999999987524284	high	Phyllobacterium myrsinacearum	Bacteria
47db687c-f7b5-4c6b-b3c2-296988833fd7	28101	0.9999999574629436	high	Phyllobacterium myrsinacearum	Bacteria
8b28df3c-444a-4f9e-8633-ca89676ed8ff	28101	0.9999999890726808	high	Phyllobacterium myrsinacearum	Bacteria
6485049a-8155-46a4-ab9e-25fb29affce5	28101	0.9999999890726808	high	Phyllobacterium myrsinacearum	Bacteria
08085e01-dc53-4738-b76c-6c4a39405096	28101	0.9999999890726808	high	Phyllobacterium myrsinacearum	Bacteria
78d4572e-5186-4882-acdb-fe28b12344f8	28101	0.9999999890726808	high	Phyllobacterium myrsinacearum	Bacteria
e348f913-7e4b-460f-b909-9f2b5a4f612d	28101	1.0	confident	Phyllobacterium myrsinacearum	Bacteria
72b2be2b-7a9d-4eb9-b06a-775540d06646	28101	0.9999999890726808	high	Phyllobacterium myrsinacearum	Bacteria
59151f3c-bacf-4426-9865-1a7321c7bab9	28101	0.9999999890726808	high	Phyllobacterium myrsinacearum	Bacteria
4f8563f5-2274-4f99-8a24-caebf2596a78	28101	0.9999999890726808	high	Phyllobacterium myrsinacearum	Bacteria
ce90ce8c-45af-413e-b317-38b9220fb716	28101	1.0	confident	Phyllobacterium myrsinacearum	Bacteria
df270806-748d-4920-b64a-2f7c775e97cf	28101	0.9999907047936688	high	Phyllobacterium myrsinacearum	Bacteria
31f7a6d5-8caf-4d28-9c74-dcbead30dc40	28101	0.9999906748376256	high	Phyllobacterium myrsinacearum	Bacteria
5ea37d0f-4616-4850-9978-7aa0a30ab1eb	28101	0.9999999890726808	high	Phyllobacterium myrsinacearum	Bacteria
294fec92-bb5c-43d8-8cee-ae60a02c15b8	28101	0.9999999890726808	high	Phyllobacterium myrsinacearum	Bacteria
26f6664b-9476-422a-8709-ff622c7c11d8	28101	0.999999989201672	high	Phyllobacterium myrsinacearum	Bacteria
a428e8b3-c306-4929-987e-166bd9a44d82	28101	0.9999999890726808	high	Phyllobacterium myrsinacearum	Bacteria
5fd18b48-d01d-4dd4-a63b-afc14ff07c9f	2718938	0.9999999995912824	high	Phyllobacterium sp. 628	Bacteria
48f46249-3288-4cdc-8284-5439d62de2fa	28101	0.9999998344149202	high	Phyllobacterium myrsinacearum	Bacteria
7079a761-8a1e-497b-8620-ec4282bd9c3f	28101	1.0	confident	Phyllobacterium myrsinacearum	Bacteria
d414c1fc-2cf1-4cfe-9a9f-b41cb6ff3206	28101	0.9999999890726808	high	Phyllobacterium myrsinacearum	Bacteria
d4e934bc-2caa-4428-8f4d-a458b98d411c	2718938	0.9999999999768509	high	Phyllobacterium sp. 628	Bacteria
7382a633-da66-41b9-92fe-f0325bec6c15	28101	1.0	confident	Phyllobacterium myrsinacearum	Bacteria
6e8a99c6-a940-45c0-85e0-c48f11fa2bda	28101	0.9999999890726808	high	Phyllobacterium myrsinacearum	Bacteria
e5a47b98-e981-4de1-8b32-bfa0c16ec583	28101	1.0	confident	Phyllobacterium myrsinacearum	Bacteria
395d3911-8c31-411e-bd28-cd2b9676c862	28101	1.0	confident	Phyllobacterium myrsinacearum	Bacteria
1b5466a1-4223-4c57-9f30-ec0cc13025a6	28101	1.0	confident	Phyllobacterium myrsinacearum	Bacteria
4bc213eb-1451-4be7-a71c-58531691dbf2	28101	1.0	confident	Phyllobacterium myrsinacearum	Bacteria
5e2e1310-2a11-4c19-ad28-8284fb71b7b0	28101	1.0	confident	Phyllobacterium myrsinacearum	Bacteria
fd55a0ad-c9a5-4c4f-80da-962f2bfb3f4e	28101	0.9999999890726808	high	Phyllobacterium myrsinacearum	Bacteria
e75b927c-83f5-4a21-8903-8388ad2e4fdc	28101	1.0	confident	Phyllobacterium myrsinacearum	Bacteria
f254be08-5e30-4855-a07f-7c9ac7ec7a8e	28101	1.0	confident	Phyllobacterium myrsinacearum	Bacteria
2840ea34-9c60-409b-a72f-d322f87ed0cb	28101	1.0	confident	Phyllobacterium myrsinacearum	Bacteria
4ba4ead4-0f93-4050-a4d3-0e8aaca9eb4b	28101	0.9999999890726808	high	Phyllobacterium myrsinacearum	Bacteria
0939486e-7d46-4689-b6a9-c981dc8bdae9	28101	1.0	confident	Phyllobacterium myrsinacearum	Bacteria
99f1d37b-0558-4f11-9740-113e737ca122	28101	1.0	confident	Phyllobacterium myrsinacearum	Bacteria
8fa0eedc-eb9e-4be4-8867-53507f34be57	28101	0.9999998344149202	high	Phyllobacterium myrsinacearum	Bacteria
cab7f36f-1a74-4584-b5a3-168a9ec55208	28101	0.9999999890726808	high	Phyllobacterium myrsinacearum	Bacteria
11251bcd-4d01-4b38-ae43-7cee0045bba2	28101	0.9999999890726808	high	Phyllobacterium myrsinacearum	Bacteria
0dfbaf04-17ae-45e1-b324-b20c4010ee9a	28101	0.9999999890726808	high	Phyllobacterium myrsinacearum	Bacteria
8a94ca98-46b7-4ded-98b2-870f963ffd86	28101	0.9999999574629436	high	Phyllobacterium myrsinacearum	Bacteria
973e8c00-7cf7-4c29-b222-ddafdcc4d224	28101	0.9999999890726808	high	Phyllobacterium myrsinacearum	Bacteria
d16dcf23-533b-432a-b51b-59dbd38709fd	28101	1.0	confident	Phyllobacterium myrsinacearum	Bacteria
95957e7b-bf72-49b0-9d3b-928532fac0a8	28101	0.9999999890726808	high	Phyllobacterium myrsinacearum	Bacteria
4027fe87-6778-4e29-850b-ee4b1e6f1c78	28101	0.9999999894150364	high	Phyllobacterium myrsinacearum	Bacteria
c99f3b9e-44e7-44da-8492-144b1ff642d7	28101	0.9999999890726808	high	Phyllobacterium myrsinacearum	Bacteria
89fcbda4-ae99-4743-84c5-50aa75941196	28101	0.9999999890726808	high	Phyllobacterium myrsinacearum	Bacteria
9a4e6ff8-7ce5-4ea0-a702-67079516e41f	28101	1.0	confident	Phyllobacterium myrsinacearum	Bacteria
05862656-a4e5-4c40-ad4e-812bc613c911	643672	1.0	confident	Singulisphaera rosea	Bacteria
21520eca-feeb-4a54-8554-2dd4c7727b73	643672	0.999613506887192	high	Singulisphaera rosea	Bacteria
29a500b9-b885-4394-ba6b-95b68da416bf	1855383	1.0	confident	Faunimonas pinastri	Bacteria
0f01b714-82c1-4f72-adcc-904f562ec1f2	1855383	1.0	confident	Faunimonas pinastri	Bacteria
9b5dc6cc-b863-4a0f-b29e-f2128ad04409	1855383	1.0	confident	Faunimonas pinastri	Bacteria
6f102894-aa35-4d3b-a5e6-ae51a7d56010	1855383	1.0	confident	Faunimonas pinastri	Bacteria
4dca31bf-ad5b-4353-bfdb-a49c9184b557	1855383	1.0	confident	Faunimonas pinastri	Bacteria
98187f48-62d3-4dba-959b-66865e199cd4	1855383	1.0	confident	Faunimonas pinastri	Bacteria
9ef24dfd-620b-4470-a911-e860668fc6bf	1855383	1.0	confident	Faunimonas pinastri	Bacteria
d3ebc5f4-2876-415a-8ea2-7497735c9feb	1855383	1.0	confident	Faunimonas pinastri	Bacteria
d6f60bb9-3d41-48bf-a83a-8385a9887744	1855383	1.0	confident	Faunimonas pinastri	Bacteria
2f69e2aa-83ff-4ef0-ba5e-d9a524eae1c0	1855383	1.0	confident	Faunimonas pinastri	Bacteria
095c83eb-2182-4554-aa75-72c028d31842	1855383	1.0	confident	Faunimonas pinastri	Bacteria
b9dca16e-0cd8-4114-8563-49d2bdd2a8db	1855383	1.0	confident	Faunimonas pinastri	Bacteria
5b9aa351-0883-40cd-919d-56a34c813d00	1855383	1.0	confident	Faunimonas pinastri	Bacteria
11e15ce2-4138-434e-9f97-424227228429	1855383	1.0	confident	Faunimonas pinastri	Bacteria
262ddece-001e-4012-823b-510b67d1c7f3	1855383	1.0	confident	Faunimonas pinastri	Bacteria
f6587892-d58a-418a-9141-dd12a4656a74	1855383	1.0	confident	Faunimonas pinastri	Bacteria
b2cd6966-4b01-4825-ab5e-a12ff18abc59	1855383	1.0	confident	Faunimonas pinastri	Bacteria
a5dca405-130b-4772-8395-5a86166ea132	1855383	1.0	confident	Faunimonas pinastri	Bacteria
fc576caf-f520-4af3-9eca-303c7b8e00ff	1855383	1.0	confident	Faunimonas pinastri	Bacteria
d8f8200e-c3d1-4d29-bb4c-9d1da56149af	1855383	1.0	confident	Faunimonas pinastri	Bacteria
dbf08938-526a-4436-91aa-5318465ec061	1855383	1.0	confident	Faunimonas pinastri	Bacteria
c8b3032c-bced-46a8-8e2d-4479ecb53f98	1855383	1.0	confident	Faunimonas pinastri	Bacteria
2f7c8412-3634-4b8b-bf2f-6e77c36e8b07	1855383	1.0	confident	Faunimonas pinastri	Bacteria
0edf29b4-6b5d-4db6-be77-c3c303da7049	1855383	1.0	confident	Faunimonas pinastri	Bacteria
bae5a8e3-09bb-4367-b1c2-4defb8d365eb	1855383	1.0	confident	Faunimonas pinastri	Bacteria
fae52d4a-3036-4585-b22e-f5a12ad8fe1a	1855383	1.0	confident	Faunimonas pinastri	Bacteria
d9d940cc-c4c9-40c3-b053-ce9cfdea75b5	1855383	1.0	confident	Faunimonas pinastri	Bacteria
cbaac628-ad37-4623-84e1-7aea2be74d3d	1855383	1.0	confident	Faunimonas pinastri	Bacteria
723c9ab1-165f-4a52-96b1-46966309fc9a	1855383	1.0	confident	Faunimonas pinastri	Bacteria
13aec640-53e1-4aab-982e-c47aac92f202	1855383	1.0	confident	Faunimonas pinastri	Bacteria
259c287c-94e5-4bf3-99e2-35b4b2abf366	1855383	1.0	confident	Faunimonas pinastri	Bacteria
d7a61759-2ea4-4930-ab07-cbfa9b935240	1855383	1.0	confident	Faunimonas pinastri	Bacteria
01ec01cb-df81-4c7c-99c3-c3bb98fa172f	1855383	1.0	confident	Faunimonas pinastri	Bacteria
bb8750a1-a614-4bd3-a35d-db5a9a8a989a	1855383	1.0	confident	Faunimonas pinastri	Bacteria
43e8f0c9-8fc9-4292-ab28-b6ed3b172fd7	1855383	1.0	confident	Faunimonas pinastri	Bacteria
3aa194de-4ec0-49e2-98e8-d9cbcdcde013	1855383	1.0	confident	Faunimonas pinastri	Bacteria
15d807e9-7fc4-43b4-b482-ca946bba5a83	1855383	1.0	confident	Faunimonas pinastri	Bacteria
affe1e87-91d4-440e-9763-ea6c7cd5a51e	1855383	1.0	confident	Faunimonas pinastri	Bacteria
d76a9998-2c69-4093-8f41-3d35760a0ea6	1855383	1.0	confident	Faunimonas pinastri	Bacteria
9a964aa1-4a14-471c-b219-30cdef79856e	1855383	1.0	confident	Faunimonas pinastri	Bacteria
232d1560-c200-4a3b-bd56-14317bdf1f8f	1855383	1.0	confident	Faunimonas pinastri	Bacteria
21354f05-3983-441c-a0c3-4e36cc4ffbbe	1855383	1.0	confident	Faunimonas pinastri	Bacteria
e0d97bf9-d51d-466a-ac79-b888b2653e8b	1855383	1.0	confident	Faunimonas pinastri	Bacteria
b3f90722-dde3-4a26-a669-e56c42f03fde	2082188	1.0	confident	Sphingobium sp. YG1	Bacteria
670116a5-d766-4d8e-b311-3a04765f8a5b	2082188	1.0	confident	Sphingobium sp. YG1	Bacteria
45318db7-ae7a-40b8-85e0-c9838359be9a	2082188	1.0	confident	Sphingobium sp. YG1	Bacteria
639af292-1c83-46cc-b0c8-b56c8e9454d7	2082188	1.0	confident	Sphingobium sp. YG1	Bacteria
baa972d7-c465-430c-9eff-173a45fbb97d	2082188	1.0	confident	Sphingobium sp. YG1	Bacteria
4bb17876-fb2f-4026-9b25-98f49616e969	2082188	1.0	confident	Sphingobium sp. YG1	Bacteria
bb15f694-3d03-4a25-b972-2c87645572f8	2082188	1.0	confident	Sphingobium sp. YG1	Bacteria
95d279cd-801c-44f5-9bbe-21780f0bc5f3	2082188	1.0	confident	Sphingobium sp. YG1	Bacteria
aed0c5b3-bc6b-414b-ab83-5f004d6dd9bd	2082188	1.0	confident	Sphingobium sp. YG1	Bacteria
0d7f3a38-f3b9-4ff0-bf03-aa6880b1e0ec	2082188	1.0	confident	Sphingobium sp. YG1	Bacteria
0f33e21b-a7be-4cc2-a92d-99234d39c36b	2082188	1.0	confident	Sphingobium sp. YG1	Bacteria
1002237d-cfef-46f6-a0c1-feb5e3482921	2082188	1.0	confident	Sphingobium sp. YG1	Bacteria
299244c7-a45c-469f-b6f3-4b440d215ae8	2082188	1.0	confident	Sphingobium sp. YG1	Bacteria
035cf12d-2e73-4625-ae56-00146dd2cdaf	2082188	1.0	confident	Sphingobium sp. YG1	Bacteria
ee040ea8-f564-4149-9da2-8eff61187eaf	2082188	1.0	confident	Sphingobium sp. YG1	Bacteria
cb1803c4-86ba-444f-a65b-85d6edeca82c	2082188	1.0	confident	Sphingobium sp. YG1	Bacteria
27bd4ca7-28cb-4dca-86d0-0b9d41edcb22	2082188	1.0	confident	Sphingobium sp. YG1	Bacteria
9832033d-a967-4996-ad14-035e5289da8f	2082188	1.0	confident	Sphingobium sp. YG1	Bacteria
754409a2-b689-4074-8408-4b790ed3161b	2082188	1.0	confident	Sphingobium sp. YG1	Bacteria
0797ef08-e954-4c90-a606-b9b7f15937ff	2082188	1.0	confident	Sphingobium sp. YG1	Bacteria
6f8d5370-80a0-4648-832a-56d8b707e72b	2082188	1.0	confident	Sphingobium sp. YG1	Bacteria
296d1e4b-586e-4280-9a69-aefc18a3d50a	2082188	1.0	confident	Sphingobium sp. YG1	Bacteria
4ddd6b34-9374-4fec-a42b-16ae461c7a56	2082188	1.0	confident	Sphingobium sp. YG1	Bacteria
a1bc4296-b566-48f1-a81e-ff4a21d89671	2082188	1.0	confident	Sphingobium sp. YG1	Bacteria
b745c85b-5451-486d-b8f2-b60809ac0210	2082188	1.0	confident	Sphingobium sp. YG1	Bacteria
be357d3d-1d78-4851-9d1e-d2c1ddaa4167	2082188	1.0	confident	Sphingobium sp. YG1	Bacteria
65273d3e-e76f-4175-bae1-fbbbc7bb8205	2082188	1.0	confident	Sphingobium sp. YG1	Bacteria
e886618e-b9cd-41bf-8c18-396c92f41a3b	2082188	1.0	confident	Sphingobium sp. YG1	Bacteria
6f292f8b-b64e-4d18-87e1-fe3abdd74e1c	2082188	1.0	confident	Sphingobium sp. YG1	Bacteria
023524ef-ae9e-4440-ab45-32eabdb91271	2082188	1.0	confident	Sphingobium sp. YG1	Bacteria
9a30fa2c-3ee5-4b45-bd84-5dfe423ec156	2082188	1.0	confident	Sphingobium sp. YG1	Bacteria
aac5e3f5-9d36-4d7c-87fe-64123202a7bc	2954672	1.0	confident	Neobacillus sp. FSL H8-0543	Bacteria
dccab3ac-e66f-4fbc-9045-4f02b1b18570	2954672	1.0	confident	Neobacillus sp. FSL H8-0543	Bacteria
9fe4b6fb-78aa-422b-8542-9a49190628f8	2954672	1.0	confident	Neobacillus sp. FSL H8-0543	Bacteria
a186a919-4ee5-4b72-af70-be5f4f33cc28	2954672	1.0	confident	Neobacillus sp. FSL H8-0543	Bacteria
b7389715-b5fd-4f3f-ba56-8470472c0897	2954672	1.0	confident	Neobacillus sp. FSL H8-0543	Bacteria
c002fa6f-b985-4f91-93f2-5409b6810bba	2954672	1.0	confident	Neobacillus sp. FSL H8-0543	Bacteria
deee1d72-4c0a-4ca2-ae55-a65ddc2c9f96	2954672	1.0	confident	Neobacillus sp. FSL H8-0543	Bacteria
cfd98ec2-475f-4385-9fa0-c37623d0067f	2954672	1.0	confident	Neobacillus sp. FSL H8-0543	Bacteria
d33576fc-132a-465f-8558-e9cf4e153db3	2954672	1.0	confident	Neobacillus sp. FSL H8-0543	Bacteria
8e309a68-53c0-4fb0-89e3-a6b05e6e929b	2954672	1.0	confident	Neobacillus sp. FSL H8-0543	Bacteria
b1b8aaf7-5935-4980-a97b-d3847ee7251a	2954672	1.0	confident	Neobacillus sp. FSL H8-0543	Bacteria
32745b4a-1241-4809-a3e7-c2fe9d7d08cc	2954672	1.0	confident	Neobacillus sp. FSL H8-0543	Bacteria
cc9b987e-feed-4323-b0d2-e976f6cbb7f4	2954672	1.0	confident	Neobacillus sp. FSL H8-0543	Bacteria
e150cfe0-fd52-4b8b-a4a9-c7e509d36572	2954672	1.0	confident	Neobacillus sp. FSL H8-0543	Bacteria
808c41aa-62f4-4490-b789-5e6b70600565	2954672	1.0	confident	Neobacillus sp. FSL H8-0543	Bacteria
e8996e79-af94-43a9-b433-6239a61d95d4	2954672	1.0	confident	Neobacillus sp. FSL H8-0543	Bacteria
194e0ed6-da8c-4756-9901-f51a1858aa62	2954672	1.0	confident	Neobacillus sp. FSL H8-0543	Bacteria
72ab2d03-459b-4677-a045-be1821fdcd35	2954672	1.0	confident	Neobacillus sp. FSL H8-0543	Bacteria
9bfc5e26-01ef-4d2a-940a-36d39938b475	2954672	1.0	confident	Neobacillus sp. FSL H8-0543	Bacteria
4bc9fc78-2269-4273-b3fb-d421687f55a6	2954672	1.0	confident	Neobacillus sp. FSL H8-0543	Bacteria
ec65696c-8bf3-4493-b763-f08bb7f17899	2954672	1.0	confident	Neobacillus sp. FSL H8-0543	Bacteria
ef6a4c40-c5ef-4ea8-baf4-75daebb7f6bf	2954672	1.0	confident	Neobacillus sp. FSL H8-0543	Bacteria
fdd17cbb-2a92-4444-888b-44718bc78577	2954672	1.0	confident	Neobacillus sp. FSL H8-0543	Bacteria
f75cdcb6-afa6-49ed-8a02-62bae01b4f81	2954672	1.0	confident	Neobacillus sp. FSL H8-0543	Bacteria
2fb24447-011e-49fb-9d6d-6b0835fedb3e	2954672	1.0	confident	Neobacillus sp. FSL H8-0543	Bacteria
363e6aac-7087-4045-be59-2371178d138c	2954672	1.0	confident	Neobacillus sp. FSL H8-0543	Bacteria
f0667b5a-fc73-476a-90b1-07b04768fad3	2954672	1.0	confident	Neobacillus sp. FSL H8-0543	Bacteria
8eadd766-4118-4f8c-8081-6cd339648f63	2954672	1.0	confident	Neobacillus sp. FSL H8-0543	Bacteria
832641f5-9b7f-4166-bfb4-9e5a7c6d7543	2954672	1.0	confident	Neobacillus sp. FSL H8-0543	Bacteria
6ec7f6af-9454-425f-9c93-3ffb1f3f0122	2954672	1.0	confident	Neobacillus sp. FSL H8-0543	Bacteria
e6fadcc0-b39a-4a20-a6b3-2e1360a61587	2954672	1.0	confident	Neobacillus sp. FSL H8-0543	Bacteria
e1bf7fc3-58e3-4d6a-8523-c132bddafc86	2954672	1.0	confident	Neobacillus sp. FSL H8-0543	Bacteria
7e403ac4-27c6-41f1-8318-a6c12630834a	2954672	1.0	confident	Neobacillus sp. FSL H8-0543	Bacteria
c6fcae42-aca8-421f-8848-09149f45df5e	2954672	1.0	confident	Neobacillus sp. FSL H8-0543	Bacteria
ebd7d8fc-524f-40f4-9fb6-3ffc5ecc5171	2954672	1.0	confident	Neobacillus sp. FSL H8-0543	Bacteria
9054999d-63a9-47a9-9ce4-b73f53e58fc7	2954672	1.0	confident	Neobacillus sp. FSL H8-0543	Bacteria
6784c472-c514-48c2-ac85-1523c53eba64	2954672	1.0	confident	Neobacillus sp. FSL H8-0543	Bacteria
37ae62fb-36b8-4db1-8b54-2f7c033ddd80	2954672	1.0	confident	Neobacillus sp. FSL H8-0543	Bacteria
4a4ed59b-64cc-47be-8578-4d66ecee6e1e	2954672	1.0	confident	Neobacillus sp. FSL H8-0543	Bacteria
45e0729c-b040-45d4-a510-d015afc69fdf	2954672	1.0	confident	Neobacillus sp. FSL H8-0543	Bacteria
65a60573-727d-44c5-8e7e-7a8e00b2f5b6	2954672	1.0	confident	Neobacillus sp. FSL H8-0543	Bacteria
fc323afe-f487-4ad5-a3b7-911fa74e309a	2954672	1.0	confident	Neobacillus sp. FSL H8-0543	Bacteria
de636c5d-612b-4e5d-b197-e5406b093c28	2954672	1.0	confident	Neobacillus sp. FSL H8-0543	Bacteria
bae60f5c-1216-492e-b38f-8830c4674f6f	2954672	1.0	confident	Neobacillus sp. FSL H8-0543	Bacteria
93871bd1-b9ed-40ec-913c-7823150f1b2d	2954672	1.0	confident	Neobacillus sp. FSL H8-0543	Bacteria
0679a73b-01ad-4bf8-a11b-222931d76944	2954672	1.0	confident	Neobacillus sp. FSL H8-0543	Bacteria
d523f5cd-ff3b-4272-bd25-324c834698f9	2954672	1.0	confident	Neobacillus sp. FSL H8-0543	Bacteria
540667b8-f8c2-4873-98bd-ca36194e3669	2954672	1.0	confident	Neobacillus sp. FSL H8-0543	Bacteria
ba73bc14-e541-4bd2-a8ff-402e2aa523cb	2954672	1.0	confident	Neobacillus sp. FSL H8-0543	Bacteria
71bcde90-0250-4428-8bd6-b0d944620d13	2954672	1.0	confident	Neobacillus sp. FSL H8-0543	Bacteria
764c6b38-6003-49b5-87cb-15573a43856f	2954672	1.0	confident	Neobacillus sp. FSL H8-0543	Bacteria
31111214-e4a0-4230-bae6-8ad7adf2d4c0	2954672	1.0	confident	Neobacillus sp. FSL H8-0543	Bacteria
e985a244-ae4f-478d-b08a-956327d9f814	2954672	1.0	confident	Neobacillus sp. FSL H8-0543	Bacteria
bc5ace1c-5066-4be4-80a0-3e0d4bba3585	2954672	1.0	confident	Neobacillus sp. FSL H8-0543	Bacteria
822b9f3c-9e6c-4741-9239-14bbab2f0e3b	2954672	1.0	confident	Neobacillus sp. FSL H8-0543	Bacteria
bed1a8a1-0bb6-40b9-9ebb-c8fa90bb2248	2954672	1.0	confident	Neobacillus sp. FSL H8-0543	Bacteria
1c7e2073-90a1-445d-8f21-3adb294abd49	2954672	1.0	confident	Neobacillus sp. FSL H8-0543	Bacteria
a3b7ac8f-838a-4256-b038-ed54583b1f3f	2954672	1.0	confident	Neobacillus sp. FSL H8-0543	Bacteria
ccfdaca5-5e48-4f60-84de-43f3eae5c170	2954672	1.0	confident	Neobacillus sp. FSL H8-0543	Bacteria
104752ea-ed2c-4a9b-8ffa-c9347c3bbdcf	2954672	1.0	confident	Neobacillus sp. FSL H8-0543	Bacteria
bf6063fd-9d12-4581-af36-2eaf486743e6	2954672	1.0	confident	Neobacillus sp. FSL H8-0543	Bacteria
05dd952a-aaff-4299-80d2-a91b99671952	2954672	1.0	confident	Neobacillus sp. FSL H8-0543	Bacteria
7050a095-4a4e-4740-8386-28f7d91bba2d	2954672	1.0	confident	Neobacillus sp. FSL H8-0543	Bacteria
a62a17d0-a446-4a09-94c7-0097637dad35	2954672	1.0	confident	Neobacillus sp. FSL H8-0543	Bacteria
bf0eed6c-9efa-4a5a-b6e8-68b16e11d9ce	2954672	1.0	confident	Neobacillus sp. FSL H8-0543	Bacteria
608fbc33-f8ae-40d2-b01a-7683d7ef3074	2954672	1.0	confident	Neobacillus sp. FSL H8-0543	Bacteria
d4933bb8-490a-4bbc-a35e-b11c92398d04	2954672	1.0	confident	Neobacillus sp. FSL H8-0543	Bacteria
bcac3a4d-b215-470a-a717-679b6835bd88	2954672	1.0	confident	Neobacillus sp. FSL H8-0543	Bacteria
3475d66f-e51f-4606-87c9-e5df94721db0	2954672	1.0	confident	Neobacillus sp. FSL H8-0543	Bacteria
d1bc4b10-7f75-42e4-bf96-579a2f72582d	2954672	1.0	confident	Neobacillus sp. FSL H8-0543	Bacteria
423221df-9a4b-470d-b012-7c48b3f5fcf4	2954672	1.0	confident	Neobacillus sp. FSL H8-0543	Bacteria
dbdeacab-f898-4f81-9ed2-3fe64b02c98c	2954672	1.0	confident	Neobacillus sp. FSL H8-0543	Bacteria
3d73d79d-ffb8-4626-a4aa-650b7fbbff5f	2954672	1.0	confident	Neobacillus sp. FSL H8-0543	Bacteria
6bf87e8e-b6f6-4ab7-9adb-d1ed23631176	2954672	1.0	confident	Neobacillus sp. FSL H8-0543	Bacteria
f9940039-044b-40d8-ab34-25daafde1ca8	2954672	1.0	confident	Neobacillus sp. FSL H8-0543	Bacteria
e3254cf4-278c-4fd9-ba72-5381557dc618	2954672	1.0	confident	Neobacillus sp. FSL H8-0543	Bacteria
3e39c572-534a-44f0-ae84-0c3206111970	2954672	1.0	confident	Neobacillus sp. FSL H8-0543	Bacteria
e104d60a-ae3c-4135-86b6-7df5d3156e22	2954672	1.0	confident	Neobacillus sp. FSL H8-0543	Bacteria
96ad7431-e363-4bf6-bdff-2f882e1b6a9f	2954672	1.0	confident	Neobacillus sp. FSL H8-0543	Bacteria
52e377d4-dfed-471e-ac76-2bc43cd6075a	2954672	1.0	confident	Neobacillus sp. FSL H8-0543	Bacteria
e08c2526-3c8b-4acf-bc1f-de5b71043f29	2954672	1.0	confident	Neobacillus sp. FSL H8-0543	Bacteria
66edba79-b943-4927-a06a-3d21e0cf5de4	2954672	1.0	confident	Neobacillus sp. FSL H8-0543	Bacteria
2fdbfd4a-a218-40ce-b97c-912d2c62508b	2954672	1.0	confident	Neobacillus sp. FSL H8-0543	Bacteria
50c28766-70ce-4a41-85ff-739807032776	2954672	1.0	confident	Neobacillus sp. FSL H8-0543	Bacteria
2f4508ce-cb8e-4c90-8468-e024c23d6d9b	2954672	1.0	confident	Neobacillus sp. FSL H8-0543	Bacteria
55813b8b-6b85-46f6-b170-7cd00433a97d	2954672	1.0	confident	Neobacillus sp. FSL H8-0543	Bacteria
583b91c2-4ff3-48b7-876c-48589cc968bf	2954672	1.0	confident	Neobacillus sp. FSL H8-0543	Bacteria
e3f51e24-4c86-4b5c-8dc2-8792a04ddb15	2954672	1.0	confident	Neobacillus sp. FSL H8-0543	Bacteria
1f1b2657-7022-4fee-8646-958c615c3fb1	2954672	1.0	confident	Neobacillus sp. FSL H8-0543	Bacteria
86fe2938-0f81-48d6-84b9-bd337bdf332e	2954672	1.0	confident	Neobacillus sp. FSL H8-0543	Bacteria
b1c4eae9-62a1-47fd-bca3-393cc05840f9	2954672	1.0	confident	Neobacillus sp. FSL H8-0543	Bacteria
9b4e239f-3011-4e68-a1ad-8a13bf8b25b6	2954672	1.0	confident	Neobacillus sp. FSL H8-0543	Bacteria
9268926b-49a7-4ce1-931d-3f9ca597a923	2954672	1.0	confident	Neobacillus sp. FSL H8-0543	Bacteria
3b9cb9b3-029a-4b6d-a740-af28014e0aad	2954672	1.0	confident	Neobacillus sp. FSL H8-0543	Bacteria
2adbffb8-e5a4-4312-bd1c-c19177c66736	2954672	1.0	confident	Neobacillus sp. FSL H8-0543	Bacteria
a9ea5aa7-6116-4c4e-ae77-d6169b5f835c	2954672	1.0	confident	Neobacillus sp. FSL H8-0543	Bacteria
62f73c13-200d-44b1-ba38-ac2bbe955dde	2954672	1.0	confident	Neobacillus sp. FSL H8-0543	Bacteria
0454b331-0126-48ed-921a-561f919affa8	2954672	1.0	confident	Neobacillus sp. FSL H8-0543	Bacteria
6ad62389-e947-4579-ab52-11d629f94520	2954672	1.0	confident	Neobacillus sp. FSL H8-0543	Bacteria
a803b5ca-1869-4d1d-928f-ac74b763d2a1	2954672	1.0	confident	Neobacillus sp. FSL H8-0543	Bacteria
0e05a5e7-528e-400d-a805-18a5831c241f	2954672	1.0	confident	Neobacillus sp. FSL H8-0543	Bacteria
17fdef54-ed62-4da0-b275-440099e7acb9	2954672	1.0	confident	Neobacillus sp. FSL H8-0543	Bacteria
453fe08f-47dd-4e32-bfc4-b22086262fef	2954672	1.0	confident	Neobacillus sp. FSL H8-0543	Bacteria
0870d3e5-0e4d-45aa-a13c-32d2885652a8	2954672	1.0	confident	Neobacillus sp. FSL H8-0543	Bacteria
a631ff6d-2c81-49f9-9f48-34a132887156	2954672	1.0	confident	Neobacillus sp. FSL H8-0543	Bacteria
eabee5e0-3a3c-4cc4-bfda-219f13f91b57	2954672	1.0	confident	Neobacillus sp. FSL H8-0543	Bacteria
d2a65da9-4dff-4065-b560-06e8a2ec7cc4	2954672	1.0	confident	Neobacillus sp. FSL H8-0543	Bacteria
79893efd-65ff-4bf9-8690-947ed1191e72	2954672	1.0	confident	Neobacillus sp. FSL H8-0543	Bacteria
602171ad-fb43-436b-86cc-2bce43cc6347	2954672	1.0	confident	Neobacillus sp. FSL H8-0543	Bacteria
d1114b8f-644c-4003-b4aa-c9bc0c343d73	2954672	1.0	confident	Neobacillus sp. FSL H8-0543	Bacteria
d6269e47-fee4-4a50-aab8-0b2fe2db4e09	2954672	1.0	confident	Neobacillus sp. FSL H8-0543	Bacteria
52eedaec-c13a-4661-8ec7-33cc2abf924f	2954672	1.0	confident	Neobacillus sp. FSL H8-0543	Bacteria
b00ba9f7-f37a-47d7-b177-e9d83eb09c48	2954672	1.0	confident	Neobacillus sp. FSL H8-0543	Bacteria
3ff1c3d6-791d-4c5a-a8ca-b47eafcdcde8	2954672	1.0	confident	Neobacillus sp. FSL H8-0543	Bacteria
a4dcc2a8-3bfe-46a0-b038-21591e95742a	2954672	1.0	confident	Neobacillus sp. FSL H8-0543	Bacteria
1bfb8433-4d76-4be5-9ba3-206b3dcb2a52	2954672	1.0	confident	Neobacillus sp. FSL H8-0543	Bacteria
8cb0a46b-e75a-4d35-b297-0f2a5c2f3ccb	2954672	1.0	confident	Neobacillus sp. FSL H8-0543	Bacteria
f6d0a4af-f6a9-4bdd-b320-33c5a43eae3f	2954672	1.0	confident	Neobacillus sp. FSL H8-0543	Bacteria
7840b2ac-6899-439b-af16-206fbc236ab5	2954672	1.0	confident	Neobacillus sp. FSL H8-0543	Bacteria
4a864643-537f-4cb3-b103-aac2b5d76c4f	2954672	1.0	confident	Neobacillus sp. FSL H8-0543	Bacteria
e5267142-85cc-4392-9b60-9ce4bd0d7793	2954672	1.0	confident	Neobacillus sp. FSL H8-0543	Bacteria
400d5b96-0352-4241-b6a3-22ac46f2b2a3	2954672	1.0	confident	Neobacillus sp. FSL H8-0543	Bacteria
ae118a54-c619-4d34-8b5c-94b48a5cb25f	2954672	1.0	confident	Neobacillus sp. FSL H8-0543	Bacteria
8ccff50e-f707-4f62-9f91-a06353928894	2954672	1.0	confident	Neobacillus sp. FSL H8-0543	Bacteria
c62504f8-dfe8-44da-a1e7-733bfaf7782d	2954672	1.0	confident	Neobacillus sp. FSL H8-0543	Bacteria
a0c24fe4-9316-4c07-bbe6-c7d1a08eedf3	2954672	1.0	confident	Neobacillus sp. FSL H8-0543	Bacteria
50b4e62f-3484-4341-acf9-008303c045be	2954672	1.0	confident	Neobacillus sp. FSL H8-0543	Bacteria
6b24f326-5762-4347-9265-6c69c869102a	2954672	1.0	confident	Neobacillus sp. FSL H8-0543	Bacteria
35528223-00bf-4db8-8433-c1fe73bb9613	2954672	1.0	confident	Neobacillus sp. FSL H8-0543	Bacteria
c71fd71c-7e5a-47cd-8174-34672a02fc7e	2954672	1.0	confident	Neobacillus sp. FSL H8-0543	Bacteria
99dfe666-56e6-48e6-af3d-d20297713fb8	2954672	1.0	confident	Neobacillus sp. FSL H8-0543	Bacteria
4cc28ce5-a288-45a1-a29f-56632d2321bf	2954672	1.0	confident	Neobacillus sp. FSL H8-0543	Bacteria
e652bab0-eb8e-4a09-baff-04d6bc499b60	2954672	1.0	confident	Neobacillus sp. FSL H8-0543	Bacteria
0da35171-a907-4880-85df-55d9105279f3	2954672	1.0	confident	Neobacillus sp. FSL H8-0543	Bacteria
824d0a61-3bbd-4b98-b378-c0d2b5f9b07e	2954672	1.0	confident	Neobacillus sp. FSL H8-0543	Bacteria
ea3404ef-25a6-4629-9f38-1205970ef071	2954672	1.0	confident	Neobacillus sp. FSL H8-0543	Bacteria
fb151348-aced-4a5c-9ac1-59d37947992c	2954672	1.0	confident	Neobacillus sp. FSL H8-0543	Bacteria
fc6bbde3-c32d-4042-b0de-7009ca873a92	2954672	1.0	confident	Neobacillus sp. FSL H8-0543	Bacteria
74483f18-0865-445a-817a-a2a79b40c25f	2954672	1.0	confident	Neobacillus sp. FSL H8-0543	Bacteria
421c9ce0-a9c1-4685-ae8b-4cfe9424ca6e	2954672	1.0	confident	Neobacillus sp. FSL H8-0543	Bacteria
43001f1f-bec4-4033-9cd7-c509e4c031f3	2954672	1.0	confident	Neobacillus sp. FSL H8-0543	Bacteria
ee4954c9-80b7-4e1b-bdab-9da9286f25fb	2954672	1.0	confident	Neobacillus sp. FSL H8-0543	Bacteria
ab706958-6dbe-4b04-9c06-02f8ee840048	2954672	1.0	confident	Neobacillus sp. FSL H8-0543	Bacteria
06ca6f22-d4ed-4bc8-964b-c7355a2aad41	2954672	1.0	confident	Neobacillus sp. FSL H8-0543	Bacteria
d4165466-e36a-47a4-a473-30311d000818	2954672	1.0	confident	Neobacillus sp. FSL H8-0543	Bacteria
5a08581c-7407-4f34-bf77-7ab84b536735	2954672	1.0	confident	Neobacillus sp. FSL H8-0543	Bacteria
32706ffd-6c6f-4120-9b26-c38cbd09e57b	2954672	1.0	confident	Neobacillus sp. FSL H8-0543	Bacteria
82cfdf26-edb8-4f6e-839a-3d6b868eaa84	2954672	1.0	confident	Neobacillus sp. FSL H8-0543	Bacteria
87b72677-8536-46a3-b627-98a6cb2cda78	2954672	1.0	confident	Neobacillus sp. FSL H8-0543	Bacteria
4e4aa387-1577-4c7a-adcd-afacaea967e6	2954672	1.0	confident	Neobacillus sp. FSL H8-0543	Bacteria
62841282-8865-42de-a05e-25c629848e3d	2954672	1.0	confident	Neobacillus sp. FSL H8-0543	Bacteria
1f6955ff-9a62-4965-847d-c31e0557a4de	2954672	1.0	confident	Neobacillus sp. FSL H8-0543	Bacteria
e5d61fe7-d219-4017-906b-eafd8e7c1f06	2954672	1.0	confident	Neobacillus sp. FSL H8-0543	Bacteria
f430cb97-2026-4df1-909b-bc672d574af0	2954672	1.0	confident	Neobacillus sp. FSL H8-0543	Bacteria
44968931-8ad1-428b-8229-9a2fbe567e16	2954672	1.0	confident	Neobacillus sp. FSL H8-0543	Bacteria
1f8a117f-af67-47b2-8473-1cd2db278bce	2954672	1.0	confident	Neobacillus sp. FSL H8-0543	Bacteria
61e9957e-5386-499b-a467-2bb39b9e2315	2954672	1.0	confident	Neobacillus sp. FSL H8-0543	Bacteria
2deab14e-0046-4f7e-951d-5f0e1aecd012	2954672	1.0	confident	Neobacillus sp. FSL H8-0543	Bacteria
b4e5e7e0-4540-47dd-8a7f-82f7c424ddb6	2954672	1.0	confident	Neobacillus sp. FSL H8-0543	Bacteria
c91d2fd7-6de6-4373-9b49-240eb7223f34	2954672	1.0	confident	Neobacillus sp. FSL H8-0543	Bacteria
faf47370-356e-4a75-a6cb-4d2949dc18a7	2954672	1.0	confident	Neobacillus sp. FSL H8-0543	Bacteria
2e9c4329-a8f4-4805-be86-1697421581c9	2954672	1.0	confident	Neobacillus sp. FSL H8-0543	Bacteria
2c39670d-6e74-44e5-8ec3-778c80951037	2954672	1.0	confident	Neobacillus sp. FSL H8-0543	Bacteria
df2c5d3a-3a5e-4354-9127-9325ee6464ad	2954672	1.0	confident	Neobacillus sp. FSL H8-0543	Bacteria
e913434e-218e-4d6b-b205-8a1e2124771c	2954672	1.0	confident	Neobacillus sp. FSL H8-0543	Bacteria
d9334a89-5810-4831-8f6b-6bc91d80077c	2954672	1.0	confident	Neobacillus sp. FSL H8-0543	Bacteria
05f99ea5-e861-4ada-8058-c958092a31c0	2954672	1.0	confident	Neobacillus sp. FSL H8-0543	Bacteria
f94e14a2-5a05-41f6-9c62-f3d954be8876	2954672	1.0	confident	Neobacillus sp. FSL H8-0543	Bacteria
ff121fa6-0f02-474a-9626-f17f273adffe	2954672	1.0	confident	Neobacillus sp. FSL H8-0543	Bacteria
31cb95c2-60fa-4163-b475-e089e3938371	2954672	1.0	confident	Neobacillus sp. FSL H8-0543	Bacteria
09167095-3c01-4e5a-bbe6-155bb6548239	2954672	1.0	confident	Neobacillus sp. FSL H8-0543	Bacteria
45aa8b2d-5a58-4ce7-9317-4e6c3545f14f	2954672	1.0	confident	Neobacillus sp. FSL H8-0543	Bacteria
2fef5eae-86dc-4681-afb9-b4457b746750	2954672	1.0	confident	Neobacillus sp. FSL H8-0543	Bacteria
e2c7d951-a901-43bb-848e-1374c1f5418b	2954672	1.0	confident	Neobacillus sp. FSL H8-0543	Bacteria
c9e2e0ba-fb5a-4da7-80e4-f78713ec4c1c	2954672	1.0	confident	Neobacillus sp. FSL H8-0543	Bacteria
bd669bb3-092d-4896-9a50-82d294e65f86	2954672	1.0	confident	Neobacillus sp. FSL H8-0543	Bacteria
eebfe624-fc2e-4074-bd87-f64780a4c26a	2954672	1.0	confident	Neobacillus sp. FSL H8-0543	Bacteria
cb51bbca-5cfe-4e23-af3f-744f6ddaf772	2954672	1.0	confident	Neobacillus sp. FSL H8-0543	Bacteria
43512697-6534-408e-8767-e57ba1fca33b	2954672	1.0	confident	Neobacillus sp. FSL H8-0543	Bacteria
568eff5c-9daf-428c-886d-2c44438a9c71	2954672	1.0	confident	Neobacillus sp. FSL H8-0543	Bacteria
ad03be30-f193-4f05-9b7e-4adf65c1309f	2954672	1.0	confident	Neobacillus sp. FSL H8-0543	Bacteria
6d76ef44-81a5-4ac5-b9f7-3a38b6aea913	2954672	1.0	confident	Neobacillus sp. FSL H8-0543	Bacteria
d76e576c-e01f-40ea-ab58-14d83f17f19b	2954672	1.0	confident	Neobacillus sp. FSL H8-0543	Bacteria
b5d238ab-7c68-41d1-aa87-3ff00498ee8f	2954672	1.0	confident	Neobacillus sp. FSL H8-0543	Bacteria
824947eb-cf41-480d-b952-3db00c138fe9	2954672	1.0	confident	Neobacillus sp. FSL H8-0543	Bacteria
1faf6fde-1371-43cd-a524-7cb0c9174548	2954672	1.0	confident	Neobacillus sp. FSL H8-0543	Bacteria
e725c729-a18d-45fe-8f85-a4e471a46327	2954672	1.0	confident	Neobacillus sp. FSL H8-0543	Bacteria
d9752edd-4545-4db2-8f52-575b59f7fff3	2954672	1.0	confident	Neobacillus sp. FSL H8-0543	Bacteria
ee8edfab-bf62-4940-b946-4a1d852e7222	2954672	1.0	confident	Neobacillus sp. FSL H8-0543	Bacteria
62ad205b-c6f2-427f-a5d2-48cfae4f4149	2954672	1.0	confident	Neobacillus sp. FSL H8-0543	Bacteria
40d55623-e0f9-4355-adb4-a961cecb5309	2954672	1.0	confident	Neobacillus sp. FSL H8-0543	Bacteria
539c0a13-0bc5-4ed5-be8b-5888162a7258	2954672	1.0	confident	Neobacillus sp. FSL H8-0543	Bacteria
742b4b57-d26e-418f-b411-8814767aac62	2954672	1.0	confident	Neobacillus sp. FSL H8-0543	Bacteria
69522ae4-7ab1-4bd2-93f3-c50469258616	2954672	1.0	confident	Neobacillus sp. FSL H8-0543	Bacteria
e1050cd9-8649-483e-b028-6f2ce0fa2e58	2954672	1.0	confident	Neobacillus sp. FSL H8-0543	Bacteria
0f643458-401f-4a85-b789-2d63cf4eaef3	2954672	1.0	confident	Neobacillus sp. FSL H8-0543	Bacteria
a34e1868-a30d-49dc-a1b9-aff00fd360d1	2954672	1.0	confident	Neobacillus sp. FSL H8-0543	Bacteria
c3967c45-c947-4dcc-ad61-a4f84eeb9077	2954672	1.0	confident	Neobacillus sp. FSL H8-0543	Bacteria
bd1afdcc-9062-4cc5-a57b-480b4d5b6d98	2954672	1.0	confident	Neobacillus sp. FSL H8-0543	Bacteria
75a2dc0c-ed32-4e28-a0aa-8d3b73e4e6f5	2954672	1.0	confident	Neobacillus sp. FSL H8-0543	Bacteria
2803b701-620a-4c46-9405-39558c834cd3	2954672	1.0	confident	Neobacillus sp. FSL H8-0543	Bacteria
7f16dfce-dd4c-4170-8e95-190eefdf02a9	2954672	1.0	confident	Neobacillus sp. FSL H8-0543	Bacteria
9f11ca17-733f-4407-a0bf-30c491d3fc87	2954672	1.0	confident	Neobacillus sp. FSL H8-0543	Bacteria
1f817ce6-f948-4978-9392-a389ed65ac6b	2954672	1.0	confident	Neobacillus sp. FSL H8-0543	Bacteria
5d2511e5-dcad-4cfd-a07b-17cc7d251d3f	2954672	1.0	confident	Neobacillus sp. FSL H8-0543	Bacteria
929beb0c-9415-4e56-8e2f-90e1d6eb3cd6	2954672	1.0	confident	Neobacillus sp. FSL H8-0543	Bacteria
e22ff9e1-d3fa-4052-a434-a071d7c09687	2954672	1.0	confident	Neobacillus sp. FSL H8-0543	Bacteria
b8a53ddd-668c-4eb3-99d5-60403220b4f4	2954672	1.0	confident	Neobacillus sp. FSL H8-0543	Bacteria
c08ce828-6a26-430d-86b1-d6ecf48c4c12	2954672	1.0	confident	Neobacillus sp. FSL H8-0543	Bacteria
ed33e342-81b4-4b1f-8f8c-80389c77f416	2954672	1.0	confident	Neobacillus sp. FSL H8-0543	Bacteria
e22fa82f-384a-4cc0-9842-f55857efe645	2954672	1.0	confident	Neobacillus sp. FSL H8-0543	Bacteria
6f0eb890-bcb5-4bed-970d-122a8be636ae	2954672	1.0	confident	Neobacillus sp. FSL H8-0543	Bacteria
fa6d9757-a79c-43e7-8bb4-6c073d251688	2954672	1.0	confident	Neobacillus sp. FSL H8-0543	Bacteria
c773bb91-32ef-4075-a4bf-627141757228	2954672	1.0	confident	Neobacillus sp. FSL H8-0543	Bacteria
cf7aff9b-5d9e-4c11-81cd-a5c08ba56e21	2954672	1.0	confident	Neobacillus sp. FSL H8-0543	Bacteria
d694e82c-ade5-463b-96ae-34ee77287967	2954672	1.0	confident	Neobacillus sp. FSL H8-0543	Bacteria
d2f88fc8-12d7-4183-bf99-85fcad45ec9a	2954672	1.0	confident	Neobacillus sp. FSL H8-0543	Bacteria
c3dbc55d-fb1a-4dfd-b1f0-f9844d46a48f	2954672	1.0	confident	Neobacillus sp. FSL H8-0543	Bacteria
1f3d93aa-3540-47c2-bb76-a3d92b049e69	2954672	1.0	confident	Neobacillus sp. FSL H8-0543	Bacteria
c7c5d3d6-b8e3-4059-85a5-cc1a5aaf32a5	2954672	1.0	confident	Neobacillus sp. FSL H8-0543	Bacteria
65dcaead-4cf3-4b2a-b12b-865fac783138	2954672	1.0	confident	Neobacillus sp. FSL H8-0543	Bacteria
05d8f64d-a646-4b32-b7b4-ee04629a1b85	2954672	1.0	confident	Neobacillus sp. FSL H8-0543	Bacteria
23c8b9c2-1a61-438f-a6b6-2adf853b410d	2954672	1.0	confident	Neobacillus sp. FSL H8-0543	Bacteria
73e205e6-c2d6-425c-aadc-721c3233fecd	2954672	1.0	confident	Neobacillus sp. FSL H8-0543	Bacteria
b3538f77-65b8-4c4e-a888-15815d035c3f	2954672	1.0	confident	Neobacillus sp. FSL H8-0543	Bacteria
8248b906-883d-4bbf-8237-a3c704f04494	2954672	1.0	confident	Neobacillus sp. FSL H8-0543	Bacteria
cc0dee46-da2c-45d8-af53-6e4891e6af66	2954672	1.0	confident	Neobacillus sp. FSL H8-0543	Bacteria
bda78fc0-a63c-42cd-bc94-c9dcd1194d71	2954672	1.0	confident	Neobacillus sp. FSL H8-0543	Bacteria
7a293841-4890-4a94-ac14-8a5eb4dc7d67	2954672	1.0	confident	Neobacillus sp. FSL H8-0543	Bacteria
0719e5d0-8c09-4465-a19c-1b2fdc64b369	2954672	1.0	confident	Neobacillus sp. FSL H8-0543	Bacteria
6be26af0-4abe-40b0-8f13-f60ed31bb6cb	2954672	1.0	confident	Neobacillus sp. FSL H8-0543	Bacteria
e7d696ff-20f2-48a2-90bf-0749a07f7b00	2954672	1.0	confident	Neobacillus sp. FSL H8-0543	Bacteria
f29dd7f6-0d7c-4944-8475-8a04bd0e89a1	2954672	1.0	confident	Neobacillus sp. FSL H8-0543	Bacteria
16f688c6-e210-4a1d-bbd0-28f606620a4d	2954672	1.0	confident	Neobacillus sp. FSL H8-0543	Bacteria
7914a04e-ed2a-43e3-aa9b-1d23386e0d16	2954672	1.0	confident	Neobacillus sp. FSL H8-0543	Bacteria
1ec17570-1d8a-488f-9ceb-bd73a4c36d5c	2954672	1.0	confident	Neobacillus sp. FSL H8-0543	Bacteria
e1741633-d2f2-4690-a895-5b4826dba9d5	2954672	1.0	confident	Neobacillus sp. FSL H8-0543	Bacteria
493e69c1-e6f9-4c96-8536-77172535d9b3	2954672	1.0	confident	Neobacillus sp. FSL H8-0543	Bacteria
5635d62e-7a0a-465a-80d0-1ac6316eaaa7	2954672	1.0	confident	Neobacillus sp. FSL H8-0543	Bacteria
d305e60d-0480-49fe-b0c8-f4f491108143	2954672	1.0	confident	Neobacillus sp. FSL H8-0543	Bacteria
5a7500f0-934e-4043-b608-fb23a0e983f6	2954672	1.0	confident	Neobacillus sp. FSL H8-0543	Bacteria
c9f72666-1117-4365-a65e-f9ae0a50f27f	2954672	1.0	confident	Neobacillus sp. FSL H8-0543	Bacteria
b04a49da-dc54-4978-89d9-cce9f9784a9d	2954672	1.0	confident	Neobacillus sp. FSL H8-0543	Bacteria
3d31dc14-00fa-4356-93b5-5c7bfbd9fc9b	2954672	1.0	confident	Neobacillus sp. FSL H8-0543	Bacteria
2934bfab-c749-4b23-bd56-dcce7022e6d3	2954672	1.0	confident	Neobacillus sp. FSL H8-0543	Bacteria
a1fff0f9-a57e-4db5-b9b3-53b2db22ca2e	2954672	1.0	confident	Neobacillus sp. FSL H8-0543	Bacteria
4743942e-80ac-49ee-824d-f7d1d816a93f	2954672	1.0	confident	Neobacillus sp. FSL H8-0543	Bacteria
31485c6b-777f-4392-a538-838e416a77e3	2954672	1.0	confident	Neobacillus sp. FSL H8-0543	Bacteria
9a38cfae-4380-4048-a13e-44467aa66099	2954672	1.0	confident	Neobacillus sp. FSL H8-0543	Bacteria
c610b7b1-b99f-4c34-b317-b7fe794a0c35	2954672	1.0	confident	Neobacillus sp. FSL H8-0543	Bacteria
6b652046-1a04-4fac-bfa1-41112022e593	2954672	1.0	confident	Neobacillus sp. FSL H8-0543	Bacteria
cc0f57a3-6abb-4f75-bccb-72b2d212c70e	2954672	1.0	confident	Neobacillus sp. FSL H8-0543	Bacteria
d43e4e63-83ad-438d-a8db-aaa5fc3ade7c	2954672	1.0	confident	Neobacillus sp. FSL H8-0543	Bacteria
be08bf29-d022-4f33-849b-a9f58bdc4e0c	2954672	1.0	confident	Neobacillus sp. FSL H8-0543	Bacteria
5ccecfc3-ea51-40f3-a74e-8a8e2889ed8f	2954672	1.0	confident	Neobacillus sp. FSL H8-0543	Bacteria
30af8f64-b391-40f3-9c01-aa0de7ad52f1	2954672	1.0	confident	Neobacillus sp. FSL H8-0543	Bacteria
7df178a3-d79b-46ed-a6ea-646d46b8ed0d	2954672	1.0	confident	Neobacillus sp. FSL H8-0543	Bacteria
8c0f9296-e559-456a-be04-13356cbba48a	2954672	1.0	confident	Neobacillus sp. FSL H8-0543	Bacteria
a05e4781-1f84-4eeb-8d3a-56ad25d9d6d8	2954672	1.0	confident	Neobacillus sp. FSL H8-0543	Bacteria
510638e4-9652-4395-a9ba-54d32c65cc81	2954672	1.0	confident	Neobacillus sp. FSL H8-0543	Bacteria
c74feb44-0882-4871-8f26-9829bc03469d	2954672	1.0	confident	Neobacillus sp. FSL H8-0543	Bacteria
5e0c0f9a-5bc8-4b39-8848-a1708703fa11	2954672	1.0	confident	Neobacillus sp. FSL H8-0543	Bacteria
aa103524-5fe2-4c34-ab30-00d0e21d407f	2954672	1.0	confident	Neobacillus sp. FSL H8-0543	Bacteria
ff41972e-56ed-4142-beae-b7632da9c644	2954672	1.0	confident	Neobacillus sp. FSL H8-0543	Bacteria
85336402-a902-4b54-8b7f-10f0d1696a12	2954672	1.0	confident	Neobacillus sp. FSL H8-0543	Bacteria
01ecd050-80c2-492d-984a-3cfb72873342	2954672	1.0	confident	Neobacillus sp. FSL H8-0543	Bacteria
29e8293f-da47-4518-8bd7-526d76a50b87	2954672	1.0	confident	Neobacillus sp. FSL H8-0543	Bacteria
3b2f5a7f-678c-489e-a3fc-aac1d42e2f29	2954672	1.0	confident	Neobacillus sp. FSL H8-0543	Bacteria
4f61acad-6e06-48aa-8eab-05852f335d86	2954672	1.0	confident	Neobacillus sp. FSL H8-0543	Bacteria
d04ec90f-17ab-4b7d-9398-1114fff24574	2954672	1.0	confident	Neobacillus sp. FSL H8-0543	Bacteria
43ff7361-ede7-4d39-904d-b7b6420e3328	2954672	1.0	confident	Neobacillus sp. FSL H8-0543	Bacteria
4cfc4c9d-b85f-43cf-99f0-d7d8b323ac08	2954672	1.0	confident	Neobacillus sp. FSL H8-0543	Bacteria
f97cfefc-fbc5-4331-af3f-7be10c4590d4	2954672	1.0	confident	Neobacillus sp. FSL H8-0543	Bacteria
ec2c6a4e-ae2f-4017-81b9-053f7354b58e	2954672	1.0	confident	Neobacillus sp. FSL H8-0543	Bacteria
70845fa1-f0c9-49e3-a53b-baa15808f19a	2954672	1.0	confident	Neobacillus sp. FSL H8-0543	Bacteria
953e1822-b44c-40f7-9a7e-78f4c3542e9e	2954672	1.0	confident	Neobacillus sp. FSL H8-0543	Bacteria
f13bdcd2-7f9c-40ce-b765-826b8d6e3a75	2954672	1.0	confident	Neobacillus sp. FSL H8-0543	Bacteria
af157827-c04d-4501-875f-109dca897f9e	2954672	1.0	confident	Neobacillus sp. FSL H8-0543	Bacteria
8f87ce32-451b-4ae0-8ae9-e3be7eb7ad47	2954672	1.0	confident	Neobacillus sp. FSL H8-0543	Bacteria
37cf7dd4-7a90-4f38-89ce-ed7738d39804	2954672	1.0	confident	Neobacillus sp. FSL H8-0543	Bacteria
365f40a1-6e35-464e-8c21-b80c938349ff	2954672	1.0	confident	Neobacillus sp. FSL H8-0543	Bacteria
8a14b9d2-04dd-425a-9215-77d312ad5764	2954672	1.0	confident	Neobacillus sp. FSL H8-0543	Bacteria
6a442bde-11fa-4e03-9a3b-4add80beea23	2954672	1.0	confident	Neobacillus sp. FSL H8-0543	Bacteria
30967906-c41e-4438-97cd-6d5abeef621a	2954672	1.0	confident	Neobacillus sp. FSL H8-0543	Bacteria
34caddaa-8ab3-4b59-9c46-b4d8205ca44d	2954672	1.0	confident	Neobacillus sp. FSL H8-0543	Bacteria
f0592c46-66a1-43df-929a-b8b4037dbde8	2954672	1.0	confident	Neobacillus sp. FSL H8-0543	Bacteria
ea32c2ee-8c99-47d7-8cc1-528c122f4576	2954672	1.0	confident	Neobacillus sp. FSL H8-0543	Bacteria
1ef32950-c400-4711-9f3d-762a88914a9a	2954672	1.0	confident	Neobacillus sp. FSL H8-0543	Bacteria
b36e2ab5-8ffb-4710-b6d9-4cbe9a7a5c7e	2954672	1.0	confident	Neobacillus sp. FSL H8-0543	Bacteria
54481e33-c65a-4d86-a0aa-b2551db280b1	2954672	1.0	confident	Neobacillus sp. FSL H8-0543	Bacteria
12f5b368-f5d0-4b59-a8c6-417802138456	2954672	1.0	confident	Neobacillus sp. FSL H8-0543	Bacteria
a5423030-29e6-4146-957d-4811c408d902	2954672	1.0	confident	Neobacillus sp. FSL H8-0543	Bacteria
bf872b3a-8e30-4505-99c8-5018cce84770	2954672	1.0	confident	Neobacillus sp. FSL H8-0543	Bacteria
848fb28d-e101-4b40-b40f-1ecfc54a7d3d	2954672	1.0	confident	Neobacillus sp. FSL H8-0543	Bacteria
d98e7def-dd70-4b45-adbd-42ee576f0fdd	2954672	1.0	confident	Neobacillus sp. FSL H8-0543	Bacteria
4b8575ec-7450-43ef-b4f7-c4092addbf00	2954672	1.0	confident	Neobacillus sp. FSL H8-0543	Bacteria
87431454-614c-421a-9648-e46c509321b9	2954672	1.0	confident	Neobacillus sp. FSL H8-0543	Bacteria
8149bd7b-ba55-4c62-9824-8b6191b04f6c	2954672	1.0	confident	Neobacillus sp. FSL H8-0543	Bacteria
0a93b76d-d72c-4c23-946c-5681140e6c17	2954672	1.0	confident	Neobacillus sp. FSL H8-0543	Bacteria
78f172c9-cfab-478e-8eb9-9d5b1490ea7d	2954672	1.0	confident	Neobacillus sp. FSL H8-0543	Bacteria
0526163b-4fcd-4634-8110-f26f4541f117	2954672	1.0	confident	Neobacillus sp. FSL H8-0543	Bacteria
2b54d0c4-e289-46ef-8531-e1d7c5ab66a1	2954672	1.0	confident	Neobacillus sp. FSL H8-0543	Bacteria
7e67b3ae-4e3b-42f2-be0c-a19821ba9142	2954672	1.0	confident	Neobacillus sp. FSL H8-0543	Bacteria
404a724f-546e-42ed-8ae6-21ff4a4aefe7	2954672	1.0	confident	Neobacillus sp. FSL H8-0543	Bacteria
a23d5054-35d4-4d8b-8a0b-e75f5950178d	2954672	1.0	confident	Neobacillus sp. FSL H8-0543	Bacteria
6f716677-64c3-42a4-96e0-b08dadcd6119	2954672	1.0	confident	Neobacillus sp. FSL H8-0543	Bacteria
53f2cc7d-bb2d-4f0a-bda5-7a5a5f8de5d4	2954672	1.0	confident	Neobacillus sp. FSL H8-0543	Bacteria
eb9d993f-9e5a-42c3-bb97-bd05cb37bd24	2954672	1.0	confident	Neobacillus sp. FSL H8-0543	Bacteria
e949fdfb-c8d0-4629-a5f5-1a3cf923eab2	2954672	1.0	confident	Neobacillus sp. FSL H8-0543	Bacteria
cecd0a16-8de8-4004-9b9d-bd06bd40832e	2954672	1.0	confident	Neobacillus sp. FSL H8-0543	Bacteria
68c576ed-9780-4978-9ba5-9ddd538b77d4	2954672	1.0	confident	Neobacillus sp. FSL H8-0543	Bacteria
0b4ddeb7-dee3-405a-8b39-717ae2b12538	2954672	1.0	confident	Neobacillus sp. FSL H8-0543	Bacteria
b8f939ad-f304-49b4-88b4-5f44fb86b305	2954672	1.0	confident	Neobacillus sp. FSL H8-0543	Bacteria
e48e115a-ae1c-44be-a72a-4cd95fa15e3a	2954672	1.0	confident	Neobacillus sp. FSL H8-0543	Bacteria
11d98016-dc9d-410e-8bcb-82f019ba614e	2954672	1.0	confident	Neobacillus sp. FSL H8-0543	Bacteria
2d20a026-ad9d-466d-944d-53ded26d252e	2954672	1.0	confident	Neobacillus sp. FSL H8-0543	Bacteria
a2ef876e-e1fb-4ec8-b996-41b4a1907283	2954672	1.0	confident	Neobacillus sp. FSL H8-0543	Bacteria
0b61ed99-2165-4e07-ad98-70114f6dd9e8	2954672	1.0	confident	Neobacillus sp. FSL H8-0543	Bacteria
de4a08aa-016c-4d50-9a37-5e4d32793c7d	2954672	1.0	confident	Neobacillus sp. FSL H8-0543	Bacteria
7e881c05-9b45-4164-82d7-ab1313d366f9	2954672	1.0	confident	Neobacillus sp. FSL H8-0543	Bacteria
9e7548d4-d2a9-4b60-a799-78d157a5636a	2954672	1.0	confident	Neobacillus sp. FSL H8-0543	Bacteria
bb8487fc-d135-4cf8-8d47-e44c25331c75	2954672	1.0	confident	Neobacillus sp. FSL H8-0543	Bacteria
f480c408-fb68-49b3-bebb-10f35826033a	2954672	1.0	confident	Neobacillus sp. FSL H8-0543	Bacteria
5f18f8c9-7307-420a-9cc5-8c5204902ea5	2954672	1.0	confident	Neobacillus sp. FSL H8-0543	Bacteria
91679554-e45a-423d-b8e4-e82343d15baa	2954672	1.0	confident	Neobacillus sp. FSL H8-0543	Bacteria
4ff3af76-c60e-4986-8ca3-c0be3ec34862	2954672	1.0	confident	Neobacillus sp. FSL H8-0543	Bacteria
18a0f485-5313-47c9-a2e2-61fe7df5162a	2954672	1.0	confident	Neobacillus sp. FSL H8-0543	Bacteria
9cfc49f4-f7a3-44ae-a376-5d631b36fc02	2954672	1.0	confident	Neobacillus sp. FSL H8-0543	Bacteria
1d0f644e-e23f-4925-81dc-856ad5dda9dc	2954672	1.0	confident	Neobacillus sp. FSL H8-0543	Bacteria
504fddf5-2ad5-470a-a3d0-c4c1949e46d0	2954672	1.0	confident	Neobacillus sp. FSL H8-0543	Bacteria
f4b5557d-f32f-421e-b0b4-99772397b3e8	2954672	1.0	confident	Neobacillus sp. FSL H8-0543	Bacteria
ec7a0af3-c618-4d44-a95e-e0ced2b3b43f	2954672	1.0	confident	Neobacillus sp. FSL H8-0543	Bacteria
d695bb4a-a710-444b-9a95-4d7bcda8d13f	2954672	1.0	confident	Neobacillus sp. FSL H8-0543	Bacteria
c8c04379-bf3d-4ba0-9caf-a1671326f00e	2954672	1.0	confident	Neobacillus sp. FSL H8-0543	Bacteria
42c6e2ab-cbf8-468d-8b97-18958a124939	2954672	1.0	confident	Neobacillus sp. FSL H8-0543	Bacteria
099c1cc9-592c-43d7-9b2a-8fc3bec34bf1	2954672	1.0	confident	Neobacillus sp. FSL H8-0543	Bacteria
5e1c713f-4a0e-4f02-838b-91f5176b5c2b	2954672	1.0	confident	Neobacillus sp. FSL H8-0543	Bacteria
483a19e4-12c8-4b02-aa65-aa72000e5ffb	2954672	1.0	confident	Neobacillus sp. FSL H8-0543	Bacteria
7fe32d76-1a33-4022-83df-8485232e431b	2954672	1.0	confident	Neobacillus sp. FSL H8-0543	Bacteria
23e6ee28-fa52-40b2-bcde-634cbe5f5a81	2954672	1.0	confident	Neobacillus sp. FSL H8-0543	Bacteria
948edb97-ff5f-402a-b250-9503dc0810c7	2954672	1.0	confident	Neobacillus sp. FSL H8-0543	Bacteria
cc31a980-89f4-4c75-a8f0-04307d51d4db	2954672	1.0	confident	Neobacillus sp. FSL H8-0543	Bacteria
a23914e1-97bf-49c5-b2cd-0627324c13fe	2954672	1.0	confident	Neobacillus sp. FSL H8-0543	Bacteria
21801f11-25b4-40fa-a525-a546ac3f7f48	2954672	1.0	confident	Neobacillus sp. FSL H8-0543	Bacteria
cda06e03-505a-4e4c-bfe9-1411baf1c5a2	2954672	1.0	confident	Neobacillus sp. FSL H8-0543	Bacteria
d7013a63-5b84-4536-b547-b007be0a9233	2954672	1.0	confident	Neobacillus sp. FSL H8-0543	Bacteria
7d4e784b-7ef6-42a0-82c6-1357e4a85b3e	2954672	1.0	confident	Neobacillus sp. FSL H8-0543	Bacteria
8c241ace-5e73-4d44-bf30-60d58f2a125a	2954672	1.0	confident	Neobacillus sp. FSL H8-0543	Bacteria
38e81d70-d20d-4317-9675-536fb8908535	2954672	1.0	confident	Neobacillus sp. FSL H8-0543	Bacteria
d8d2928e-6720-4cb2-9ac6-be356823705b	2954672	1.0	confident	Neobacillus sp. FSL H8-0543	Bacteria
680a3155-8456-47e9-82ea-39d4817fec77	2954672	1.0	confident	Neobacillus sp. FSL H8-0543	Bacteria
0901b567-b6a4-4714-8f34-e6c75c51760b	2954672	1.0	confident	Neobacillus sp. FSL H8-0543	Bacteria
e3d0abad-bdd3-4d89-9587-fff7f3fc2eda	2954672	1.0	confident	Neobacillus sp. FSL H8-0543	Bacteria
a6edf0ff-1b94-4d90-8dbe-f71cef82c19e	2954672	1.0	confident	Neobacillus sp. FSL H8-0543	Bacteria
ba4254fc-0b78-4090-8f74-75b92db844c3	2954672	1.0	confident	Neobacillus sp. FSL H8-0543	Bacteria
eac5dd43-837a-4601-a195-46bb90116070	2954672	1.0	confident	Neobacillus sp. FSL H8-0543	Bacteria
827cd0b2-e65e-442c-aabc-f75b3bca8464	2954672	1.0	confident	Neobacillus sp. FSL H8-0543	Bacteria
34783d07-c488-420d-a6be-d9284093849e	1162966	1.0	confident	Naasia aerilata	Bacteria
7f77896e-d26e-446a-9078-9c7f16eb11f5	1162966	1.0	confident	Naasia aerilata	Bacteria
f5b05672-a27a-4f65-9658-91faef72f9fa	1162966	1.0	confident	Naasia aerilata	Bacteria
a967d1f0-eecf-4b1d-adda-25a05d86f7a2	1162966	1.0	confident	Naasia aerilata	Bacteria
08dede28-0b70-4804-9baf-9a02ec3d6804	1162966	1.0	confident	Naasia aerilata	Bacteria
179f9c93-d62d-406c-a853-30719ff258f1	1162966	1.0	confident	Naasia aerilata	Bacteria
9a749957-9f39-4d68-a537-632611f5058e	1162966	1.0	confident	Naasia aerilata	Bacteria
9a055439-8cb8-4732-92ca-834378010792	1162966	1.0	confident	Naasia aerilata	Bacteria
6655f7a7-f0a2-49b9-a882-4d4a7e9a208c	1162966	1.0	confident	Naasia aerilata	Bacteria
d6e7a060-60ed-474f-b6be-b4115e50995d	1162966	1.0	confident	Naasia aerilata	Bacteria
fdee3f47-f876-4f1a-a373-468e55a63542	1162966	1.0	confident	Naasia aerilata	Bacteria
ea56fc45-028d-4e0e-95ac-d117702dce4a	1162966	1.0	confident	Naasia aerilata	Bacteria
e2432248-d7a9-4865-8ec2-3b6956c61329	1162966	1.0	confident	Naasia aerilata	Bacteria
85f9253d-263c-4147-bc4c-ef24c7f0c450	1162966	1.0	confident	Naasia aerilata	Bacteria
a277b59e-fcaf-4c8a-964c-eda9429f2270	1162966	1.0	confident	Naasia aerilata	Bacteria
4f903fda-cdaa-4766-8bfa-9d61e7ee26ae	1162966	1.0	confident	Naasia aerilata	Bacteria
eb7b90e8-3495-422b-a4d3-e2ee6d684d97	1162966	1.0	confident	Naasia aerilata	Bacteria
0605a43d-6e8c-42ad-897e-f9737ed44e5b	1162966	1.0	confident	Naasia aerilata	Bacteria
a693c145-2ec8-4c9a-b2b4-d4083d2b03a2	1162966	1.0	confident	Naasia aerilata	Bacteria
b23d0145-c3ea-47fe-a22f-9a0522a9a408	1162966	1.0	confident	Naasia aerilata	Bacteria
15ef5385-f556-47b1-954a-c807e5580bd8	1162966	1.0	confident	Naasia aerilata	Bacteria
654313ad-f4c9-4bcc-adc7-6b8dfe7b418d	1162966	1.0	confident	Naasia aerilata	Bacteria
29bf011b-315f-415e-b242-01fea01f7cec	1162966	1.0	confident	Naasia aerilata	Bacteria
9ad6e2b3-cd71-4ff2-84f8-ecd747155446	1162966	1.0	confident	Naasia aerilata	Bacteria
10a51ee1-6d94-42fb-8720-ed237e9dd275	1162966	1.0	confident	Naasia aerilata	Bacteria
4294f450-fb6f-4eea-9cda-6e4e6a70f616	1162966	1.0	confident	Naasia aerilata	Bacteria
b0411e63-9ba5-40ad-a871-764edd037833	1162966	1.0	confident	Naasia aerilata	Bacteria
74b49d4e-248d-4bcc-87e4-5875c49a3bb5	1162966	1.0	confident	Naasia aerilata	Bacteria
560f6d84-cd08-4a10-b54c-95f119f76f58	1162966	1.0	confident	Naasia aerilata	Bacteria
8a5d72ee-29e8-4d43-bf95-da0d5ce6fbaf	1162966	1.0	confident	Naasia aerilata	Bacteria
7d5767e7-0fe0-45e9-8394-401284c176bc	1162966	1.0	confident	Naasia aerilata	Bacteria
d5cb4b51-d5d5-4eaf-bb0b-16031579825a	1162966	1.0	confident	Naasia aerilata	Bacteria
6ae98fb8-c2d5-425c-9d4e-f4a94e817ede	1162966	1.0	confident	Naasia aerilata	Bacteria
16863114-b110-4bd4-94e0-823071f57a61	1162966	1.0	confident	Naasia aerilata	Bacteria
57cb5ee7-191f-4f2c-a238-9873f40a1800	1162966	1.0	confident	Naasia aerilata	Bacteria
acaa4782-56f6-4651-8a75-787752cae219	1162966	1.0	confident	Naasia aerilata	Bacteria
d12c1f97-c62e-446d-8d5c-faba1d8e93b5	1162966	1.0	confident	Naasia aerilata	Bacteria
9ed9c171-d255-4804-aa24-ff8befc7b659	1162966	1.0	confident	Naasia aerilata	Bacteria
cd676498-6e3b-427f-8fe7-36e6fdd79b90	1162966	1.0	confident	Naasia aerilata	Bacteria
c1f8083a-a078-4e9e-aaef-7a4f9ef16997	1162966	1.0	confident	Naasia aerilata	Bacteria
08397d37-17f7-44f9-a058-cb14cc503c5e	1162966	1.0	confident	Naasia aerilata	Bacteria
d34a51f7-a166-4daf-899a-45633f8d17ea	1162966	1.0	confident	Naasia aerilata	Bacteria
f3a9cccf-a5e2-4a44-b6bd-ee7f2c1c29fb	1162966	1.0	confident	Naasia aerilata	Bacteria
df5576de-ae58-433d-abc9-21037b75d675	1162966	1.0	confident	Naasia aerilata	Bacteria
cdd598af-8647-4bec-909d-d97b59ab52e9	1162966	1.0	confident	Naasia aerilata	Bacteria
5091376c-bd2d-447c-9195-adf50b01c663	1162966	1.0	confident	Naasia aerilata	Bacteria
c0f616bf-6bdc-45c2-975f-2bfba08b5484	1162966	1.0	confident	Naasia aerilata	Bacteria
14e32963-288b-4804-b81c-86676e9df97e	1162966	1.0	confident	Naasia aerilata	Bacteria
1bd22780-674b-49b0-8581-b1fcbbae5c89	1162966	1.0	confident	Naasia aerilata	Bacteria
eba23fea-dd61-4a24-a83e-d213d2f664fd	1162966	1.0	confident	Naasia aerilata	Bacteria
75680c6f-f172-4651-8dab-92adaba07cfb	1162966	1.0	confident	Naasia aerilata	Bacteria
341b3df6-6c91-4747-b585-d84ceb065e77	1162966	1.0	confident	Naasia aerilata	Bacteria
d47a5bde-b6a4-4ba3-a21d-fd277d4d68b0	1162966	1.0	confident	Naasia aerilata	Bacteria
0da28322-14ee-40a1-8218-eb0c86885aaa	1162966	1.0	confident	Naasia aerilata	Bacteria
121f1ee0-c3c9-4c2f-b86d-b5e474992880	1162966	1.0	confident	Naasia aerilata	Bacteria
f5d8f988-0e2f-41dd-8826-e94dd9b6f7b1	1162966	1.0	confident	Naasia aerilata	Bacteria
7865ae4a-51ff-4523-8238-7b17b45b299b	1162966	1.0	confident	Naasia aerilata	Bacteria
062794d8-6e74-40e6-b61a-944fa76d11b5	1162966	1.0	confident	Naasia aerilata	Bacteria
e98f7ba1-b34c-4b53-a877-70a3a8fa57c3	1162966	1.0	confident	Naasia aerilata	Bacteria
c301ee32-86a1-4dd0-8f6e-cf2749171703	1162966	1.0	confident	Naasia aerilata	Bacteria
f597b92c-7b48-41d1-937d-f436d4834e44	1162966	1.0	confident	Naasia aerilata	Bacteria
a0e5eaa9-3326-4256-88f0-11e977ebaa87	1162966	1.0	confident	Naasia aerilata	Bacteria
0886b524-0816-42c2-86f0-ebd2e4182bd7	1162966	1.0	confident	Naasia aerilata	Bacteria
58197c99-87e2-44eb-87c3-bef6ad05f07a	1162966	1.0	confident	Naasia aerilata	Bacteria
203699ec-aca1-4dfa-a7df-0a413bf348f1	1162966	1.0	confident	Naasia aerilata	Bacteria
bf4ba3c2-1282-4ce7-b393-d5fb994ce84b	1162966	1.0	confident	Naasia aerilata	Bacteria
a5c59ec5-58af-46f6-9a6a-80e7c9d36ab1	1162966	1.0	confident	Naasia aerilata	Bacteria
6bcb8f46-3e9b-416f-b71a-f8a4c0d34d6b	1162966	1.0	confident	Naasia aerilata	Bacteria
54c61130-e697-4205-be96-c048337686e4	1162966	1.0	confident	Naasia aerilata	Bacteria
a10b61c8-5c65-4b28-9f48-48c57a6edb55	1162966	1.0	confident	Naasia aerilata	Bacteria
fbb9b38f-ac21-4220-b2f6-61827f3165e2	1162966	1.0	confident	Naasia aerilata	Bacteria
0a512ca4-2c7f-4f66-aa0a-bc49a52108c5	1162966	1.0	confident	Naasia aerilata	Bacteria
f851ac72-7ba8-455d-bbb4-20739bdfcc6e	1162966	1.0	confident	Naasia aerilata	Bacteria
419bfad1-be9c-4949-8463-3fc9bf90d323	1162966	1.0	confident	Naasia aerilata	Bacteria
dd437d7a-985f-45ba-8255-33fe2b289b49	1162966	1.0	confident	Naasia aerilata	Bacteria
e755f965-5392-4fb6-b069-3649315a7073	1162966	1.0	confident	Naasia aerilata	Bacteria
e8cbf21d-a7b9-4bbd-8ba4-b6db22f2a3c3	1162966	1.0	confident	Naasia aerilata	Bacteria
14f86ac0-83fc-479c-8928-e93eae883ad4	1162966	1.0	confident	Naasia aerilata	Bacteria
4e65144f-2415-4cfd-91d0-abd03ace6b3e	1162966	1.0	confident	Naasia aerilata	Bacteria
4a86460f-d353-40a3-bf17-91a2988aa838	1162966	1.0	confident	Naasia aerilata	Bacteria
83de3967-f615-4032-aa28-c12f4ab61add	1162966	1.0	confident	Naasia aerilata	Bacteria
4650897b-b53b-42d9-8d5c-ff75b57bd3fb	1162966	1.0	confident	Naasia aerilata	Bacteria
4f99f254-d125-45cc-a5db-9e1de6cce633	1162966	1.0	confident	Naasia aerilata	Bacteria
bf353813-cdee-4f03-8051-a25f6f0d1d3a	1162966	1.0	confident	Naasia aerilata	Bacteria
bf73a3fa-35ea-46cf-afbc-fd68e87c0e0e	1162966	1.0	confident	Naasia aerilata	Bacteria
aecdd21b-274a-4984-a332-087fa43f502f	1162966	1.0	confident	Naasia aerilata	Bacteria
5aebbb50-a0c7-4661-b70b-0c327eb50486	1162966	1.0	confident	Naasia aerilata	Bacteria
9b62bb38-11d5-4246-8a8b-66b22b244c06	1162966	1.0	confident	Naasia aerilata	Bacteria
8ad06480-d18d-40df-ab2f-75e5daeba88e	1162966	1.0	confident	Naasia aerilata	Bacteria
d7e6e540-ee22-40cd-af7b-26f84793a30c	1162966	1.0	confident	Naasia aerilata	Bacteria
48b162ed-d639-43f7-95ec-d268e9301d8d	1162966	1.0	confident	Naasia aerilata	Bacteria
cf49f140-5ee6-46f8-9466-d7155ff49708	1162966	1.0	confident	Naasia aerilata	Bacteria
a85c6720-1f80-4bc6-8928-3fa91966609a	1162966	1.0	confident	Naasia aerilata	Bacteria
d46c1dd2-2670-4189-a36a-8c2f3179a6e7	1162966	1.0	confident	Naasia aerilata	Bacteria
794b862b-ea71-4613-8e60-59fab009c554	1162966	1.0	confident	Naasia aerilata	Bacteria
88f55801-b028-44f7-a373-3e30844089c7	1162966	1.0	confident	Naasia aerilata	Bacteria
edd0426c-e13a-4400-b4fb-a68ce9e8943b	1162966	1.0	confident	Naasia aerilata	Bacteria
0e77723c-fe7b-4c62-b69f-75989de7f188	1162966	1.0	confident	Naasia aerilata	Bacteria
b01431cf-a1f8-4eeb-a4d5-46b7660af784	1002870	1.0	confident	Gaiella occulta	Bacteria
c88bdaf9-cef5-4be5-aaa7-ee201b62c281	1002870	1.0	confident	Gaiella occulta	Bacteria
c78b4ce4-ea7d-4269-bd2c-88cfa0870687	1002870	1.0	confident	Gaiella occulta	Bacteria
a99e8689-61de-485f-af29-0bdaa9911aab	1002870	1.0	confident	Gaiella occulta	Bacteria
cf088d29-fe3d-4dfe-9aed-d0358dac7ebb	1002870	1.0	confident	Gaiella occulta	Bacteria
10dc7326-155a-4fc5-907f-c8ea3c89e030	1002870	1.0	confident	Gaiella occulta	Bacteria
ff812235-f5f8-416a-9f7a-4f8b21744c8a	1002870	1.0	confident	Gaiella occulta	Bacteria
9d9c3b6d-5ec3-460a-b701-da89db1df24e	1002870	1.0	confident	Gaiella occulta	Bacteria
1c8563fc-c832-49b9-8f78-62216d9ff793	1002870	1.0	confident	Gaiella occulta	Bacteria
763dbdf4-7e3b-41f5-8704-c9a10f1a7248	1002870	1.0	confident	Gaiella occulta	Bacteria
7a05b027-3b46-45c7-9e8f-d860ec6c11f8	1002870	1.0	confident	Gaiella occulta	Bacteria
4387fcd9-d772-4e72-8d75-458c18132f5a	1002870	1.0	confident	Gaiella occulta	Bacteria
aee1be8b-2ddb-459f-a30c-ce242c2c1ce7	1002870	1.0	confident	Gaiella occulta	Bacteria
7d523562-d46f-4413-b84e-bb17c2a87b15	1002870	1.0	confident	Gaiella occulta	Bacteria
06019650-deca-4794-ae40-b1935e446060	1002870	1.0	confident	Gaiella occulta	Bacteria
f9f42425-6f2d-4397-98ed-7c4dd3c547a7	1002870	1.0	confident	Gaiella occulta	Bacteria
248bfcb4-ecff-46ac-9edd-54e46168ff4f	1002870	1.0	confident	Gaiella occulta	Bacteria
01782f7e-fef9-4e1c-8b42-306a1f7e53d5	1002870	1.0	confident	Gaiella occulta	Bacteria
4d1c9d24-f3fc-4734-b53a-732721bf0cd4	1002870	1.0	confident	Gaiella occulta	Bacteria
39138f44-1f18-4814-9a2e-01b9f601580f	1002870	1.0	confident	Gaiella occulta	Bacteria
0435a9ab-428f-4ad3-8a0d-498030d079d8	1002870	1.0	confident	Gaiella occulta	Bacteria
eba176f5-a1d5-4c08-8add-1d5d7f1c07b3	1002870	1.0	confident	Gaiella occulta	Bacteria
9eea2463-3073-491a-bd6c-9ae124d22580	1002870	1.0	confident	Gaiella occulta	Bacteria
db47e935-d145-464e-9a57-6f3a981576c4	1002870	1.0	confident	Gaiella occulta	Bacteria
bedbf972-730e-48b6-a174-d460e25458f1	1002870	1.0	confident	Gaiella occulta	Bacteria
a4c65e33-3e0c-4ba4-8b44-880c2884de65	1002870	1.0	confident	Gaiella occulta	Bacteria
a7e4772d-6b80-49c1-823a-5efca0a3df6e	1002870	1.0	confident	Gaiella occulta	Bacteria
774fbe74-1f0b-4dbb-ba63-4109ff741ff5	1002870	1.0	confident	Gaiella occulta	Bacteria
80f0d1f4-c7e7-4844-895f-c8f93bcfc0d2	1002870	1.0	confident	Gaiella occulta	Bacteria
e5ae91e1-dbd5-4d2c-b333-47b6645e0de5	1002870	1.0	confident	Gaiella occulta	Bacteria
62e06e15-c704-48c3-9599-272208feb533	1002870	1.0	confident	Gaiella occulta	Bacteria
36f39439-351a-4731-a51e-bc2fb3d6c1ce	1002870	1.0	confident	Gaiella occulta	Bacteria
9578bec2-261c-46e4-be5d-c37170ff15ec	1002870	1.0	confident	Gaiella occulta	Bacteria
c4bdc901-4184-43c1-a188-ab1fb580b463	1002870	1.0	confident	Gaiella occulta	Bacteria
ef5a2b3b-5423-4b85-9988-f4a60e4588f5	1002870	1.0	confident	Gaiella occulta	Bacteria
904c1d95-864c-41d1-9c5e-b3f8787f1c87	1002870	1.0	confident	Gaiella occulta	Bacteria
cc6250bc-4c40-45ed-85f6-b8af7656a6df	1002870	1.0	confident	Gaiella occulta	Bacteria
aa375038-985a-4306-8a1d-fab8b5e6ca12	1002870	1.0	confident	Gaiella occulta	Bacteria
6856247e-8182-4486-9f06-922b8cb5aa20	1002870	1.0	confident	Gaiella occulta	Bacteria
b6411bec-07fd-454d-9623-901f32be648e	1002870	1.0	confident	Gaiella occulta	Bacteria
4bd1dad8-8e0e-4cec-afc2-2dcc4bb58bbd	1002870	1.0	confident	Gaiella occulta	Bacteria
07442053-c690-418d-9ab3-980b77bc5946	1002870	1.0	confident	Gaiella occulta	Bacteria
6fb8a015-81d3-4731-8cb9-f53a885ef6a1	1002870	1.0	confident	Gaiella occulta	Bacteria
e4e37012-1a0a-4f0c-b8e1-1e1cca1f0b67	1002870	1.0	confident	Gaiella occulta	Bacteria
cef5c192-5dc7-4fc6-8efc-afb0a27a1494	40214	1.0	confident	Acinetobacter johnsonii	Bacteria
26f8d546-653a-4909-bf27-865642f117b4	40214	1.0	confident	Acinetobacter johnsonii	Bacteria
ec146d08-a09a-4fd2-9f32-ba59d445b549	40214	1.0	confident	Acinetobacter johnsonii	Bacteria
9768df78-7f1a-4f7b-b601-f23ad478b601	40214	1.0	confident	Acinetobacter johnsonii	Bacteria
f3d6699a-2024-4612-aba5-0f308dcf6364	40214	1.0	confident	Acinetobacter johnsonii	Bacteria
cff93e61-2838-4d1d-b038-6e3a780ffcbe	40214	1.0	confident	Acinetobacter johnsonii	Bacteria
0b67f16f-02bf-4843-8dfa-5308c34d7acc	40214	1.0	confident	Acinetobacter johnsonii	Bacteria
6b8a0667-adf1-43f0-a688-28ff552a6fac	40214	1.0	confident	Acinetobacter johnsonii	Bacteria
bcdecef6-3c26-4cc7-9785-dd58158e693d	40214	1.0	confident	Acinetobacter johnsonii	Bacteria
4ed528dc-fbd1-44c7-b2e8-8684761454e7	40214	1.0	confident	Acinetobacter johnsonii	Bacteria
a78d3513-3fd7-4554-a812-fa25976b5d64	40214	1.0	confident	Acinetobacter johnsonii	Bacteria
8682d179-3c08-4a61-bd0c-4fe7d886c876	40214	1.0	confident	Acinetobacter johnsonii	Bacteria
c5ddbdec-702c-4c00-b837-f24db1e6b315	40214	1.0	confident	Acinetobacter johnsonii	Bacteria
b0976daf-b9f5-4571-a278-0247a8dba9a4	40214	1.0	confident	Acinetobacter johnsonii	Bacteria
4e13160a-9849-4715-b098-ae989808f422	40214	1.0	confident	Acinetobacter johnsonii	Bacteria
bb85c76c-a4fa-4425-920b-4cc7f0a9b054	40214	1.0	confident	Acinetobacter johnsonii	Bacteria
427bfdea-a73c-4af2-b00a-7f484d2d5ce3	40214	1.0	confident	Acinetobacter johnsonii	Bacteria
3d72241c-89e8-4ea1-84b9-79d6a6337553	40214	1.0	confident	Acinetobacter johnsonii	Bacteria
b8f318f6-5589-4f0c-97c9-3933cfd2b6b9	40214	1.0	confident	Acinetobacter johnsonii	Bacteria
d895cef4-b8ec-495e-9dd3-4a3b042e97f4	40214	1.0	confident	Acinetobacter johnsonii	Bacteria
0b935fa8-b774-4c57-934f-3ba85d890b0b	40214	1.0	confident	Acinetobacter johnsonii	Bacteria
d015fc61-bf1f-4559-a6e4-d1205e84317e	40214	1.0	confident	Acinetobacter johnsonii	Bacteria
26b2357d-8f01-42c8-854d-6d65f35b5a09	40214	1.0	confident	Acinetobacter johnsonii	Bacteria
e73c95d0-6f4a-4c19-af5f-8161f3e3e107	40214	1.0	confident	Acinetobacter johnsonii	Bacteria
6c7dd06b-a18c-4e0f-9fe4-779928ceaf5d	40214	1.0	confident	Acinetobacter johnsonii	Bacteria
b3700d00-9d53-4f83-83f5-bf5c54aae4a7	40214	1.0	confident	Acinetobacter johnsonii	Bacteria
0b1c425a-9df6-4d87-86aa-bcf1106e8df1	40214	1.0	confident	Acinetobacter johnsonii	Bacteria
5a716e29-1577-4762-b7dd-41bc46884f82	40214	1.0	confident	Acinetobacter johnsonii	Bacteria
55893ee2-9ca0-48b5-ab38-28ced6d427e6	40214	1.0	confident	Acinetobacter johnsonii	Bacteria
596a7594-2926-4f62-a2c4-ff1bd0e64a84	40214	1.0	confident	Acinetobacter johnsonii	Bacteria
6007f9db-5b74-4aed-9b44-79328009124d	40214	1.0	confident	Acinetobacter johnsonii	Bacteria
3ae0e8e5-8a69-4bb8-a06e-b86c3e2d9ddc	40214	1.0	confident	Acinetobacter johnsonii	Bacteria
4281e344-7516-4362-8aa7-f8ef42112d23	40214	1.0	confident	Acinetobacter johnsonii	Bacteria
8a6eea76-730f-4055-8391-f9818330cb4c	40214	1.0	confident	Acinetobacter johnsonii	Bacteria
7d508c0c-fcb2-488f-b279-d4f804162f1e	40214	1.0	confident	Acinetobacter johnsonii	Bacteria
9480e89b-3904-4ff8-8ea3-7c9aa65e4e42	40214	1.0	confident	Acinetobacter johnsonii	Bacteria
309bdf9a-2d41-4a80-972d-873c8d4a1127	40214	1.0	confident	Acinetobacter johnsonii	Bacteria
5bc11c0a-333c-4033-b9a6-dc7d7a67a29c	40214	1.0	confident	Acinetobacter johnsonii	Bacteria
d6790aec-be05-4009-a58f-3af399c27db9	40214	1.0	confident	Acinetobacter johnsonii	Bacteria
8bd693a3-7d36-439b-8c8f-696d0fbdbb7c	40214	1.0	confident	Acinetobacter johnsonii	Bacteria
1c649be7-58ab-47fe-80fc-f7b8461062de	40214	1.0	confident	Acinetobacter johnsonii	Bacteria
4bb9380d-62ef-4e27-9172-9bd2c00c3cc8	40214	1.0	confident	Acinetobacter johnsonii	Bacteria
929d67fc-e114-4f0e-9c18-e3630bb54e82	40214	1.0	confident	Acinetobacter johnsonii	Bacteria
063a56e7-8343-4d9e-b1ed-833d033f2290	40214	1.0	confident	Acinetobacter johnsonii	Bacteria
d71b5590-c479-48cd-b98e-0c1898980f92	40214	1.0	confident	Acinetobacter johnsonii	Bacteria
24ce87e1-a9fb-4de7-ba38-35ee33254739	40214	1.0	confident	Acinetobacter johnsonii	Bacteria
9d90118b-5d00-4c55-b9cb-6bf95df37220	40214	1.0	confident	Acinetobacter johnsonii	Bacteria
cece0d8d-85db-41c0-af75-6691a3e63730	40214	1.0	confident	Acinetobacter johnsonii	Bacteria
48b47d10-6392-4f13-bafc-74880439fd03	40214	1.0	confident	Acinetobacter johnsonii	Bacteria
5fc66232-51a7-4a39-bc24-f7439003acaf	40214	1.0	confident	Acinetobacter johnsonii	Bacteria
f4868e71-244b-4bff-a9ee-8bc68f333ab6	40214	1.0	confident	Acinetobacter johnsonii	Bacteria
3f6ab779-6a40-4142-ad99-334f8b2b38e9	40214	1.0	confident	Acinetobacter johnsonii	Bacteria
2006e502-0b89-4a9c-b5e3-865dfe9a93d1	40214	1.0	confident	Acinetobacter johnsonii	Bacteria
7fcaa6b1-403d-43fe-ba50-938bceb9318d	40214	1.0	confident	Acinetobacter johnsonii	Bacteria
5486e8e9-8cc3-4652-823b-c8f4fc772f74	40214	1.0	confident	Acinetobacter johnsonii	Bacteria
b4322366-8413-4500-a5c9-141f6039952a	40214	1.0	confident	Acinetobacter johnsonii	Bacteria
ce5422fd-f96c-4f7f-af1f-5aca82e7b8de	40214	1.0	confident	Acinetobacter johnsonii	Bacteria
1961e3a7-68e4-420f-8d58-604641cdc974	40214	1.0	confident	Acinetobacter johnsonii	Bacteria
f305e9cf-f0d5-41d6-9946-9d9a65a7db32	40214	1.0	confident	Acinetobacter johnsonii	Bacteria
42c00eb5-1aeb-4de6-80f1-7a1e52f65c86	40214	1.0	confident	Acinetobacter johnsonii	Bacteria
c6242bed-a430-4407-ab7e-910aca30fd75	40214	1.0	confident	Acinetobacter johnsonii	Bacteria
27531916-1c5a-4cdd-a031-9034a2848668	40214	1.0	confident	Acinetobacter johnsonii	Bacteria
c59152d6-5247-4ebc-b02a-60305722ea87	40214	1.0	confident	Acinetobacter johnsonii	Bacteria
99f562ea-00f9-4d4b-8a44-04155277d92e	40214	1.0	confident	Acinetobacter johnsonii	Bacteria
1bbe704e-2562-4f7b-a9c1-d549f9bb0dac	40214	1.0	confident	Acinetobacter johnsonii	Bacteria
e4ce5d00-f435-431b-bac0-39b5747b30c0	40214	1.0	confident	Acinetobacter johnsonii	Bacteria
e61237d5-1ea2-4d95-a0dd-55af7ddc41d6	40214	1.0	confident	Acinetobacter johnsonii	Bacteria
312000e0-6190-44fd-be02-a289f7021319	40214	1.0	confident	Acinetobacter johnsonii	Bacteria
56a07cc0-4817-44b0-b3e3-aabfce58f04c	40214	1.0	confident	Acinetobacter johnsonii	Bacteria
9f05ae66-0f5a-46c8-af2d-50473e3a4737	40214	1.0	confident	Acinetobacter johnsonii	Bacteria
ab9b1a43-d161-48ff-9faa-56b1a8964005	40214	1.0	confident	Acinetobacter johnsonii	Bacteria
cc55b47b-c7c4-4113-a866-0ff7116cb8e8	40214	1.0	confident	Acinetobacter johnsonii	Bacteria
9b0c6829-ccc2-4914-9e8e-7717844ff928	40214	1.0	confident	Acinetobacter johnsonii	Bacteria
63fd3711-f8f9-4946-b9aa-82d66d1072da	40214	1.0	confident	Acinetobacter johnsonii	Bacteria
a3dc5066-f4f8-48c0-a487-15163dab46d3	40214	1.0	confident	Acinetobacter johnsonii	Bacteria
238b46b2-680e-4bea-9d1d-0685780cdd7b	40214	1.0	confident	Acinetobacter johnsonii	Bacteria
cc47bdc5-01e4-4a8f-ba6a-91ef4dce15ba	40214	1.0	confident	Acinetobacter johnsonii	Bacteria
e40dc2ab-1c20-4070-b928-b8c195f041ef	40214	1.0	confident	Acinetobacter johnsonii	Bacteria
050f8e7c-e99d-42f6-ada4-d69b2f9ba6c2	40214	1.0	confident	Acinetobacter johnsonii	Bacteria
0340902f-5bab-423b-b9bd-4b85020f4bad	40214	1.0	confident	Acinetobacter johnsonii	Bacteria
f78fe1d9-417b-4074-8e14-e1c4fce6a78f	40214	1.0	confident	Acinetobacter johnsonii	Bacteria
a1e7897d-41bf-4b52-a1d1-4a1a8423433f	40214	1.0	confident	Acinetobacter johnsonii	Bacteria
130539c7-e8c5-478c-8813-5783b7b30490	40214	1.0	confident	Acinetobacter johnsonii	Bacteria
d9a87434-dc2b-48bd-b554-96cfd3f15eca	40214	1.0	confident	Acinetobacter johnsonii	Bacteria
d180c85f-1ae8-49fa-a547-d4e28282dff5	40214	1.0	confident	Acinetobacter johnsonii	Bacteria
6f7b74fc-876c-4fd8-9616-850148c40087	40214	1.0	confident	Acinetobacter johnsonii	Bacteria
d00b68dd-ecb1-4a80-b6c1-8199db5a1491	40214	1.0	confident	Acinetobacter johnsonii	Bacteria
fd5b88c9-0670-4a53-b614-4ab57ca744e1	40214	1.0	confident	Acinetobacter johnsonii	Bacteria
b38964cd-a0db-4a3a-b8bd-a2530c852ab8	40214	1.0	confident	Acinetobacter johnsonii	Bacteria
146b7b3a-e347-4603-a707-15934f7a7ee7	40214	1.0	confident	Acinetobacter johnsonii	Bacteria
673c19df-41c0-4ba4-8762-1be08f1f96c4	40214	1.0	confident	Acinetobacter johnsonii	Bacteria
4a693eda-1eee-4964-a2ed-c578fadbcd7f	40214	1.0	confident	Acinetobacter johnsonii	Bacteria
00155af7-79c1-437d-9766-8c7c54297ba9	40214	1.0	confident	Acinetobacter johnsonii	Bacteria
cddd3255-b88d-4d52-8839-8461dc324766	40214	1.0	confident	Acinetobacter johnsonii	Bacteria
26fa0d2a-e580-4b57-935e-1b63c228d007	40214	1.0	confident	Acinetobacter johnsonii	Bacteria
147b8b03-d9f2-4539-8450-fbc210205b4a	40214	1.0	confident	Acinetobacter johnsonii	Bacteria
af09af2d-61a6-4c0a-bea8-b037894715aa	40214	1.0	confident	Acinetobacter johnsonii	Bacteria
5cf3b52e-6f77-473b-9965-dbda61a8e20f	40214	1.0	confident	Acinetobacter johnsonii	Bacteria
d36c2ac1-ee10-42c2-8cee-aae71da4d072	40214	1.0	confident	Acinetobacter johnsonii	Bacteria
4664f484-5e03-45d4-a5c3-8f5729807877	40214	1.0	confident	Acinetobacter johnsonii	Bacteria
9da5b5fa-12dd-49bf-ae01-6c3b1f08e3fa	40214	1.0	confident	Acinetobacter johnsonii	Bacteria
88e17338-f49a-412b-abef-c077d3f85afc	40214	1.0	confident	Acinetobacter johnsonii	Bacteria
8352ccba-9140-4528-8355-769d7c6103e2	40214	1.0	confident	Acinetobacter johnsonii	Bacteria
5bbc00c9-3d7b-4826-9e10-a4908d3b8ecc	40214	1.0	confident	Acinetobacter johnsonii	Bacteria
afb26df3-26d7-45d7-8c11-085f4bb5fdad	40214	1.0	confident	Acinetobacter johnsonii	Bacteria
cce57f92-c01b-47fa-8a23-3c564e940061	40214	1.0	confident	Acinetobacter johnsonii	Bacteria
3fefcc6a-70a0-4828-b7dd-48efb2d8ce1a	40214	1.0	confident	Acinetobacter johnsonii	Bacteria
31d60e56-317f-417c-be22-6cafeda62e57	40214	1.0	confident	Acinetobacter johnsonii	Bacteria
c1aac39f-64d9-40d3-a732-bcc58356c137	40214	1.0	confident	Acinetobacter johnsonii	Bacteria
6461f797-bb6f-49bf-9d51-b31b4dc7d046	40214	1.0	confident	Acinetobacter johnsonii	Bacteria
fb6dbcb7-25e0-43fe-83a7-b5143741aeaa	40214	1.0	confident	Acinetobacter johnsonii	Bacteria
e47f9b30-4a68-40b5-9ae2-e47684f9a33d	40214	1.0	confident	Acinetobacter johnsonii	Bacteria
0cf266d4-c8ce-4e8c-aab4-25d4702c5fa5	40214	1.0	confident	Acinetobacter johnsonii	Bacteria
c12ce006-9310-4282-89e3-e1d0328fa665	40214	1.0	confident	Acinetobacter johnsonii	Bacteria
adb4740b-b7a5-471c-aa66-2ac7c079afa5	40214	1.0	confident	Acinetobacter johnsonii	Bacteria
a1d669e1-3bde-4971-983f-c72ad87b3f35	40214	1.0	confident	Acinetobacter johnsonii	Bacteria
92fec0d6-d4b3-4147-a212-584a7a2862fc	40214	1.0	confident	Acinetobacter johnsonii	Bacteria
405d9499-26ef-466e-a749-3879993f4bc9	40214	1.0	confident	Acinetobacter johnsonii	Bacteria
7e9d7b3a-03d2-41b2-ae43-ece83e19daba	40214	1.0	confident	Acinetobacter johnsonii	Bacteria
0476756f-21ed-496d-a0b4-0b05563e7704	40214	1.0	confident	Acinetobacter johnsonii	Bacteria
64b5b1a5-6150-4bcd-9c3b-74427cf023f0	40214	1.0	confident	Acinetobacter johnsonii	Bacteria
557c6452-f192-4237-8f1d-d78ddde81fcf	40214	1.0	confident	Acinetobacter johnsonii	Bacteria
becec403-470f-48e5-87b0-96ecc65c3d7d	40214	1.0	confident	Acinetobacter johnsonii	Bacteria
f2214a6b-09f1-430e-bf1d-3f7da641f495	40214	1.0	confident	Acinetobacter johnsonii	Bacteria
29a751d3-8a14-4528-98a6-8dbbe96d5f46	40214	1.0	confident	Acinetobacter johnsonii	Bacteria
cc0acc6f-ec9a-4c92-8633-ee17f7c57ad8	40214	1.0	confident	Acinetobacter johnsonii	Bacteria
1ec193af-58ce-4f15-83e8-74e1152a1f23	40214	1.0	confident	Acinetobacter johnsonii	Bacteria
f8cc2e68-d1bf-4f78-80bf-c7f35fbbca71	40214	1.0	confident	Acinetobacter johnsonii	Bacteria
1b342a9f-784d-43b7-80a7-c1d9c0df8d13	40214	1.0	confident	Acinetobacter johnsonii	Bacteria
7b470e74-9b2f-42b9-a3cd-7b88924211df	40214	1.0	confident	Acinetobacter johnsonii	Bacteria
352e0b20-89cc-499e-be2a-8a2a015321d0	40214	1.0	confident	Acinetobacter johnsonii	Bacteria
477f2065-c257-42ad-839c-d6281ee61f4a	40214	1.0	confident	Acinetobacter johnsonii	Bacteria
f2a3715e-3ba7-4c3b-8c9f-4df6456e15ab	40214	1.0	confident	Acinetobacter johnsonii	Bacteria
291d53cd-4002-4779-96c8-69bed60753b8	40214	1.0	confident	Acinetobacter johnsonii	Bacteria
49b4909d-00e3-4c0c-865e-1191cf73713e	40214	1.0	confident	Acinetobacter johnsonii	Bacteria
d6ce7443-4a0c-4373-97a5-f8f23b987b35	40214	1.0	confident	Acinetobacter johnsonii	Bacteria
398a7ac9-3541-4bfe-9021-376dd6da01e2	40214	1.0	confident	Acinetobacter johnsonii	Bacteria
35f5d1c0-3182-45e0-a97f-a994d973d079	40214	1.0	confident	Acinetobacter johnsonii	Bacteria
d6a788d7-8ecd-4106-8b13-57b24d8a0bd1	40214	1.0	confident	Acinetobacter johnsonii	Bacteria
7fcbab6a-55d7-4c32-b607-b91765882c68	40214	1.0	confident	Acinetobacter johnsonii	Bacteria
ee96ee13-944f-4040-8000-58e1eb575797	40214	1.0	confident	Acinetobacter johnsonii	Bacteria
30abddc6-6a46-4b80-9dae-2342a7181d7c	40214	1.0	confident	Acinetobacter johnsonii	Bacteria
5be7ed39-bb4f-473d-9e31-3cc2a7461258	40214	1.0	confident	Acinetobacter johnsonii	Bacteria
690bab99-de11-41c3-a89f-be2d7bef9716	40214	1.0	confident	Acinetobacter johnsonii	Bacteria
bd59062b-31ab-4c4e-9932-d5b1f74518c4	40214	1.0	confident	Acinetobacter johnsonii	Bacteria
bbb52a87-62c0-4dbd-95da-e1cc9c0f3faa	40214	1.0	confident	Acinetobacter johnsonii	Bacteria
2aca4858-6c77-4817-a9e9-bbef564ba1fc	40214	1.0	confident	Acinetobacter johnsonii	Bacteria
1e401bc4-6f3d-474d-891a-539749c5ed50	40214	1.0	confident	Acinetobacter johnsonii	Bacteria
916b5f0b-f36b-4f07-9f5e-caeefe614094	40214	1.0	confident	Acinetobacter johnsonii	Bacteria
852fc7b6-7eb6-47b2-9736-000f72c49a05	40214	1.0	confident	Acinetobacter johnsonii	Bacteria
6a22c31a-1381-41e7-b52d-72116ad18a9d	40214	1.0	confident	Acinetobacter johnsonii	Bacteria
2122bb12-a233-4558-8007-28cb6764e86b	40214	1.0	confident	Acinetobacter johnsonii	Bacteria
366ae1eb-6efa-4a84-81c1-b9ecb0664613	40214	1.0	confident	Acinetobacter johnsonii	Bacteria
1fe8574e-4f97-4128-bdaf-5e211046a0fd	40214	1.0	confident	Acinetobacter johnsonii	Bacteria
149c6411-2abe-4ab8-83dd-7111b7ab9d40	40214	1.0	confident	Acinetobacter johnsonii	Bacteria
92409ebd-5bdc-4d47-940c-f9d44230b792	40214	1.0	confident	Acinetobacter johnsonii	Bacteria
30be2b7b-8ce3-4612-990d-270b92f47054	40214	1.0	confident	Acinetobacter johnsonii	Bacteria
cd9dc4a0-e17d-4b31-8e46-b2c85b27c785	40214	1.0	confident	Acinetobacter johnsonii	Bacteria
a71ee62b-5863-4240-984f-6d6edc026a8e	40214	1.0	confident	Acinetobacter johnsonii	Bacteria
00418223-8dfe-4b32-93b1-ac9d17550cb0	40214	1.0	confident	Acinetobacter johnsonii	Bacteria
3f3b69cb-73a5-4c42-b5b5-269cffd9595a	40214	1.0	confident	Acinetobacter johnsonii	Bacteria
138a56cb-63f0-490b-877c-62af7436328b	40214	1.0	confident	Acinetobacter johnsonii	Bacteria
f2a6fa3d-3c98-40c3-bc58-deda0614093b	40214	1.0	confident	Acinetobacter johnsonii	Bacteria
e5eb5f0b-a236-40ba-be80-e051ef1ac26b	40214	1.0	confident	Acinetobacter johnsonii	Bacteria
d024389d-0883-414f-bdec-b2806b37e5c2	40214	1.0	confident	Acinetobacter johnsonii	Bacteria
4af8a338-47f2-4427-bced-466eb5a82a13	40214	1.0	confident	Acinetobacter johnsonii	Bacteria
0894c940-8cf3-4d84-bcd7-5866dd09399a	40214	1.0	confident	Acinetobacter johnsonii	Bacteria
337e1c57-69f7-419c-99be-0c09a5ddc053	40214	1.0	confident	Acinetobacter johnsonii	Bacteria
557c9b35-bb60-437f-bbdb-310003c3aa43	40214	1.0	confident	Acinetobacter johnsonii	Bacteria
941bf653-5849-411f-8df6-cfa1fcae2910	40214	1.0	confident	Acinetobacter johnsonii	Bacteria
93294727-f461-4cfd-af32-ba5f1b7221e3	40214	1.0	confident	Acinetobacter johnsonii	Bacteria
b3119126-a9b5-457c-bc13-d712b7a17dc2	40214	1.0	confident	Acinetobacter johnsonii	Bacteria
40aab006-73e7-459f-8582-f9582d07e67d	40214	1.0	confident	Acinetobacter johnsonii	Bacteria
d4447a85-d87d-47ce-941e-4788d80d2991	40214	1.0	confident	Acinetobacter johnsonii	Bacteria
e3f8e36d-8726-46b6-ac72-6538b77b6e0a	40214	1.0	confident	Acinetobacter johnsonii	Bacteria
f7e8e8c4-13b8-4922-9076-7a2de9f20421	40214	1.0	confident	Acinetobacter johnsonii	Bacteria
da59f34a-a9a0-40ee-a229-909f5e0a81d0	10159	1.0	confident	Rhodomonas_salina:plas	Eukaryota:plas
eb0398f0-85a6-41b0-82fc-01fd257eaef5	10159	1.0	confident	Rhodomonas_salina:plas	Eukaryota:plas
b2afb66c-2f70-47bf-87b6-4add60d7d484	10159	1.0	confident	Rhodomonas_salina:plas	Eukaryota:plas
fe4a7e0a-17bc-40d6-a017-6649313d6b58	10159	1.0	confident	Rhodomonas_salina:plas	Eukaryota:plas
7f5633ec-258f-4e44-b30c-f76b7b3b8e02	10159	1.0	confident	Rhodomonas_salina:plas	Eukaryota:plas
62727f2a-324d-4815-b234-114929219ad8	10159	1.0	confident	Rhodomonas_salina:plas	Eukaryota:plas
61e4db6c-73f4-4d61-92df-05ed2e72f7d8	10159	1.0	confident	Rhodomonas_salina:plas	Eukaryota:plas
76af0896-9bf2-49eb-9c61-dc6a00c16c57	10159	1.0	confident	Rhodomonas_salina:plas	Eukaryota:plas
2dfbe2ea-6dab-4f8d-bb7e-5c94b34d194d	10159	1.0	confident	Rhodomonas_salina:plas	Eukaryota:plas
41989ad7-36cc-46a1-b5a6-83c626211eb8	10159	1.0	confident	Rhodomonas_salina:plas	Eukaryota:plas
e2870a50-50fb-425e-a869-6186c6d20f3c	10159	1.0	confident	Rhodomonas_salina:plas	Eukaryota:plas
3f7410c7-5c4a-49db-ac47-9b6d9faba1e7	10159	1.0	confident	Rhodomonas_salina:plas	Eukaryota:plas
b2228714-1a6b-4047-b7c1-2852b0a98013	10159	1.0	confident	Rhodomonas_salina:plas	Eukaryota:plas
a07016a2-1e39-4c9f-8f9d-13d9dd0177fb	10159	1.0	confident	Rhodomonas_salina:plas	Eukaryota:plas
cf99ce8a-556b-435e-bb03-0644ffa9c22f	10159	1.0	confident	Rhodomonas_salina:plas	Eukaryota:plas
fc777e89-89a0-4196-9e1b-0e5ac8dd477b	10159	1.0	confident	Rhodomonas_salina:plas	Eukaryota:plas
f8fc7774-3b2b-4103-a700-00c2dc230a1d	10159	1.0	confident	Rhodomonas_salina:plas	Eukaryota:plas
d55044ef-fdce-44c8-b070-0c684d17d4da	10159	1.0	confident	Rhodomonas_salina:plas	Eukaryota:plas
beaccf30-ab95-4dd5-bc83-a171a9406e86	10159	1.0	confident	Rhodomonas_salina:plas	Eukaryota:plas
6f77a69b-f392-484d-8b06-0b75ab1d279c	10159	1.0	confident	Rhodomonas_salina:plas	Eukaryota:plas
10c2bddc-4449-4961-a25e-6e97df28f7f9	10159	1.0	confident	Rhodomonas_salina:plas	Eukaryota:plas
c896d6e1-e5b8-4161-8783-a14c439fb1c0	10159	1.0	confident	Rhodomonas_salina:plas	Eukaryota:plas
488adb6f-debc-48c0-a806-746ff6374064	10159	1.0	confident	Rhodomonas_salina:plas	Eukaryota:plas
0078b112-a03d-4e86-9e87-465986321274	10159	1.0	confident	Rhodomonas_salina:plas	Eukaryota:plas
630d2e4f-43b2-4d95-b5b5-6e429a0d0cf7	10159	1.0	confident	Rhodomonas_salina:plas	Eukaryota:plas
ef4deed7-705c-4b29-bd94-a72e9c5bf072	10159	1.0	confident	Rhodomonas_salina:plas	Eukaryota:plas
ef70e56b-20bb-4919-8689-315c79863c45	10159	1.0	confident	Rhodomonas_salina:plas	Eukaryota:plas
844a7839-39b4-4f72-a436-98931ddd23ab	10159	1.0	confident	Rhodomonas_salina:plas	Eukaryota:plas
7b40ca5b-83f2-45bf-bba1-c4bc87a3315a	490573	1.0	confident	Solirubrobacter ginsenosidimutans	Bacteria
52520e96-f360-498d-bf8d-027643a19665	490573	1.0	confident	Solirubrobacter ginsenosidimutans	Bacteria
31308474-1a68-404f-8440-cd2ef26d1132	490573	1.0	confident	Solirubrobacter ginsenosidimutans	Bacteria
124493ab-e90b-4785-8a9c-ecf9656071df	490573	1.0	confident	Solirubrobacter ginsenosidimutans	Bacteria
8a70a5d9-67d5-4a92-931e-9df529fb6697	490573	1.0	confident	Solirubrobacter ginsenosidimutans	Bacteria
34d041df-ba21-4a3b-9d98-b4644feea8ec	490573	1.0	confident	Solirubrobacter ginsenosidimutans	Bacteria
9ba8b86a-edb5-417e-9759-b9cce22cbbc9	490573	1.0	confident	Solirubrobacter ginsenosidimutans	Bacteria
27bc5ed0-9617-4bb2-8751-0d1557a3dd4d	490573	1.0	confident	Solirubrobacter ginsenosidimutans	Bacteria
018d6c28-a22e-4bdd-8296-6db40553085c	490573	1.0	confident	Solirubrobacter ginsenosidimutans	Bacteria
509ff7d3-c54c-48f6-9bb6-fca6dda5e564	490573	1.0	confident	Solirubrobacter ginsenosidimutans	Bacteria
c79baccb-3186-4853-8b33-629e3da27165	490573	1.0	confident	Solirubrobacter ginsenosidimutans	Bacteria
ec715054-899b-40fe-8f37-5135f85e807b	490573	1.0	confident	Solirubrobacter ginsenosidimutans	Bacteria
33fc647a-5076-4163-8471-76b0acdf5efb	490573	1.0	confident	Solirubrobacter ginsenosidimutans	Bacteria
09416ca1-c2d8-495c-a281-c9b115748c56	490573	1.0	confident	Solirubrobacter ginsenosidimutans	Bacteria
40f325a3-f483-432b-8e67-0e7af8998f5e	490573	1.0	confident	Solirubrobacter ginsenosidimutans	Bacteria
7e655cd4-a31a-4331-b765-94470a3a3b07	490573	1.0	confident	Solirubrobacter ginsenosidimutans	Bacteria
55e41117-9f06-4a61-97ce-582cee8ae249	490573	1.0	confident	Solirubrobacter ginsenosidimutans	Bacteria
9b7333ad-17e7-4978-bf40-8f9e88fa6b34	490573	1.0	confident	Solirubrobacter ginsenosidimutans	Bacteria
d7b885ea-ef22-4d16-b78c-ffec816fc027	490573	1.0	confident	Solirubrobacter ginsenosidimutans	Bacteria
f67c0711-de3b-4aaf-a426-925da60fe669	490573	1.0	confident	Solirubrobacter ginsenosidimutans	Bacteria
0435c6b7-8476-417c-b322-878cb6ca73aa	490573	1.0	confident	Solirubrobacter ginsenosidimutans	Bacteria
f5c15474-1ed6-4345-8b76-561a46e08d62	490573	1.0	confident	Solirubrobacter ginsenosidimutans	Bacteria
641d569f-b1eb-45f6-8567-dfd3f72aff59	490573	1.0	confident	Solirubrobacter ginsenosidimutans	Bacteria
68446dac-12f5-4ac5-8ac1-422b4b93c0e9	490573	1.0	confident	Solirubrobacter ginsenosidimutans	Bacteria
5606a749-a49e-4d07-b70d-cbee2871c03a	490573	1.0	confident	Solirubrobacter ginsenosidimutans	Bacteria
ffc8580a-c33b-4358-99b1-f2df53abf0df	490573	1.0	confident	Solirubrobacter ginsenosidimutans	Bacteria
c504fd97-733e-427c-9d54-790b2c5f53f5	490573	1.0	confident	Solirubrobacter ginsenosidimutans	Bacteria
e9393ded-9d40-4111-bc15-6369741c27dd	490573	1.0	confident	Solirubrobacter ginsenosidimutans	Bacteria
91a5d1e1-cb34-40c3-b885-8e65055cf9af	490573	1.0	confident	Solirubrobacter ginsenosidimutans	Bacteria
b7218e50-3e41-47f6-a242-411fff333dc2	490573	1.0	confident	Solirubrobacter ginsenosidimutans	Bacteria
60ec7b41-829b-4f28-903f-9e3fa9e876d9	490573	1.0	confident	Solirubrobacter ginsenosidimutans	Bacteria
f6fee13c-a95f-4218-a144-05851c28a073	490573	1.0	confident	Solirubrobacter ginsenosidimutans	Bacteria
7e1f7719-fd96-43b4-b77f-77378137828f	490573	1.0	confident	Solirubrobacter ginsenosidimutans	Bacteria
f730631a-fbea-49fe-b03b-86b81d948086	490573	1.0	confident	Solirubrobacter ginsenosidimutans	Bacteria
99c5028b-8eeb-49df-9dca-2808ed9b1035	490573	1.0	confident	Solirubrobacter ginsenosidimutans	Bacteria
6d7c5056-5ba1-455a-962b-802bfdc310bd	490573	1.0	confident	Solirubrobacter ginsenosidimutans	Bacteria
393fe490-ebc0-4b00-96be-e4a4d78b764e	490573	1.0	confident	Solirubrobacter ginsenosidimutans	Bacteria
72f659cf-76ee-43af-a208-f6b119cfad73	490573	1.0	confident	Solirubrobacter ginsenosidimutans	Bacteria
14275742-7dea-40cb-9e9b-bc251a0d7a35	490573	1.0	confident	Solirubrobacter ginsenosidimutans	Bacteria
6a72256b-b07d-4e32-aae4-e8a073f9de52	490573	1.0	confident	Solirubrobacter ginsenosidimutans	Bacteria
964354e7-6095-43de-8c62-48dbb4c999bb	490573	1.0	confident	Solirubrobacter ginsenosidimutans	Bacteria
48f17a55-cd94-4279-b6bf-fdf8e2653adc	490573	1.0	confident	Solirubrobacter ginsenosidimutans	Bacteria
68da70ef-6b23-457a-b2d5-a3f0e86de60d	490573	1.0	confident	Solirubrobacter ginsenosidimutans	Bacteria
4f28b488-8c14-46de-bf6d-d8dca2425adc	490573	1.0	confident	Solirubrobacter ginsenosidimutans	Bacteria
377d8acf-0ad9-47c5-a29a-83b68fcca137	490573	1.0	confident	Solirubrobacter ginsenosidimutans	Bacteria
08337e34-1571-4917-88eb-01ac2031fed4	490573	1.0	confident	Solirubrobacter ginsenosidimutans	Bacteria
11efceeb-73fb-4d8e-bc1a-f1e1086211de	490573	1.0	confident	Solirubrobacter ginsenosidimutans	Bacteria
fe5f06a8-0c58-488b-ab19-eef75ed2b08c	490573	1.0	confident	Solirubrobacter ginsenosidimutans	Bacteria
06b2da95-abd5-4369-b34d-9911f3a76b1d	490573	1.0	confident	Solirubrobacter ginsenosidimutans	Bacteria
b49fc73a-51fa-44fb-b134-2d36d35efa3e	490573	1.0	confident	Solirubrobacter ginsenosidimutans	Bacteria
a07e1db2-245b-49fd-a9d2-540489fa2d7f	490573	1.0	confident	Solirubrobacter ginsenosidimutans	Bacteria
c5de1316-a5eb-4c9f-a56d-920ffd0e199e	490573	1.0	confident	Solirubrobacter ginsenosidimutans	Bacteria
e5b40c52-877e-4616-846e-2b213cbb5d6a	490573	1.0	confident	Solirubrobacter ginsenosidimutans	Bacteria
1a1f2725-8d75-4419-a0f9-77e8dae2f9cc	490573	1.0	confident	Solirubrobacter ginsenosidimutans	Bacteria
c76c79bb-f0e7-49b6-8430-194861cfcd88	490573	1.0	confident	Solirubrobacter ginsenosidimutans	Bacteria
11bbf399-8b25-4d8d-acd8-91afcc1a01bf	490573	1.0	confident	Solirubrobacter ginsenosidimutans	Bacteria
d7c06fe3-15cf-4ab1-8286-809ff83da338	490573	1.0	confident	Solirubrobacter ginsenosidimutans	Bacteria
2d9dbcf9-2897-497c-b8a2-77167faf6f58	490573	1.0	confident	Solirubrobacter ginsenosidimutans	Bacteria
df74e839-4546-4c44-9286-243c6395ce03	490573	1.0	confident	Solirubrobacter ginsenosidimutans	Bacteria
87dbc326-701f-4fac-a238-e7824143ee56	490573	1.0	confident	Solirubrobacter ginsenosidimutans	Bacteria
adf93e2b-d22f-40ea-842e-d8f65efce385	490573	1.0	confident	Solirubrobacter ginsenosidimutans	Bacteria
7a8ef5c0-2ffc-49f7-a16f-117fecb2267b	490573	1.0	confident	Solirubrobacter ginsenosidimutans	Bacteria
fbde7428-b3ad-45bf-8035-60113e3452f3	490573	1.0	confident	Solirubrobacter ginsenosidimutans	Bacteria
6ee5d87a-121a-4e8d-94fc-9c29bc69c7ff	490573	1.0	confident	Solirubrobacter ginsenosidimutans	Bacteria
bd887f2a-bf39-48b9-ba4d-a84e7c7d5fb5	490573	1.0	confident	Solirubrobacter ginsenosidimutans	Bacteria
a4dd9f93-eb1d-4ad1-b5e0-f007822a1084	490573	1.0	confident	Solirubrobacter ginsenosidimutans	Bacteria
888872dc-4029-4491-ac4c-6a74ccbc57e7	490573	1.0	confident	Solirubrobacter ginsenosidimutans	Bacteria
8ca2dad3-f2a9-430f-96ef-e388a6f97ff4	490573	1.0	confident	Solirubrobacter ginsenosidimutans	Bacteria
a36c6edb-181c-4ff1-92d5-b16206fb8591	490573	1.0	confident	Solirubrobacter ginsenosidimutans	Bacteria
9d0f8c40-621a-4dd9-99fd-1bb9c6998f30	2861282	1.0	confident	Massilia sp. NP310	Bacteria
5ce1da8a-57ce-432f-a4a3-71fbccf42a70	2769491	0.9999999999781406	high	Massilia litorea	Bacteria
eb9736d7-2c84-4cfb-a800-fd45299168cf	2861282	1.0	confident	Massilia sp. NP310	Bacteria
3a2bb619-ae5e-40b2-acab-d5403aa39703	2603288	0.7848669252966441	medium	Massilia arenae	Bacteria
9e6ec071-4472-45a6-9cfc-d9cb66c958ce	2861282	1.0	confident	Massilia sp. NP310	Bacteria
21ab0775-3600-4ff4-a806-3b687412c066	2861282	1.0	confident	Massilia sp. NP310	Bacteria
1ec01d5d-4796-4e9a-84e4-7411436f50f5	2861282	1.0	confident	Massilia sp. NP310	Bacteria
64e86407-9488-4c19-8f66-59f7388f94e3	2861282	1.0	confident	Massilia sp. NP310	Bacteria
00fdb44f-9071-42a0-a023-62d83805f492	2861282	1.0	confident	Massilia sp. NP310	Bacteria
193fb4fb-1d5f-48e2-a269-7ef19413f2d4	2861282	1.0	confident	Massilia sp. NP310	Bacteria
fa2b7049-bdc1-4b31-847f-d65aa80578b8	2861282	1.0	confident	Massilia sp. NP310	Bacteria
c842cedb-b71c-4796-af95-7cc8277ebe2f	2861282	1.0	confident	Massilia sp. NP310	Bacteria
022ac601-c424-4663-8bc6-1c61b96dce7c	2861282	1.0	confident	Massilia sp. NP310	Bacteria
b09535ad-21ce-4201-9154-15c32427d190	2861282	1.0	confident	Massilia sp. NP310	Bacteria
f3952a80-916f-4f18-8b85-3c796caa85d9	2861282	1.0	confident	Massilia sp. NP310	Bacteria
1d2567b1-395d-4720-a8a1-c7cee5301b53	2861282	1.0	confident	Massilia sp. NP310	Bacteria
8bb7b159-33dd-48b3-b3cc-52d547275810	2861282	1.0	confident	Massilia sp. NP310	Bacteria
0bd40d84-3eb1-496f-b57d-c2502125a1f7	2769491	0.9999999996655944	high	Massilia litorea	Bacteria
902f1b57-4d6e-4fca-bb4c-a6b709cbf7c1	2861282	1.0	confident	Massilia sp. NP310	Bacteria
34d6e124-9357-4845-a38c-46e20c83a9a6	2603288	0.7835489114429987	medium	Massilia arenae	Bacteria
c5093b93-99ac-4fc2-bcd2-3574f946459d	2861282	1.0	confident	Massilia sp. NP310	Bacteria
bc6ee836-076a-48b2-b1ef-00c5ccff893f	2861282	1.0	confident	Massilia sp. NP310	Bacteria
97b9834f-ade2-47f6-9902-96ea7662d29b	2769491	0.9999999999115324	high	Massilia litorea	Bacteria
f3533c4c-c514-4289-b497-8d72fc63f334	2861282	1.0	confident	Massilia sp. NP310	Bacteria
0a02454c-9422-4630-bc18-2bfb165c417f	2861282	1.0	confident	Massilia sp. NP310	Bacteria
960b695a-5ff3-4e97-b756-b8e98e077eb5	2861282	1.0	confident	Massilia sp. NP310	Bacteria
6ed96260-0f91-4a6e-8910-33af8eb4b56f	2861282	1.0	confident	Massilia sp. NP310	Bacteria
4e60c1ea-64e2-4372-af4e-6a19b0d1639a	2861282	1.0	confident	Massilia sp. NP310	Bacteria
ae1a2e1a-1da7-4657-bbcc-cc89e1f7aefd	2603288	0.7848995931958156	medium	Massilia arenae	Bacteria
dd4716df-ecc1-412f-9a8e-b0df6ede33b0	2861282	1.0	confident	Massilia sp. NP310	Bacteria
201dee18-975b-483e-a399-ceba2e29773a	2861282	1.0	confident	Massilia sp. NP310	Bacteria
3632213b-4cde-4943-bac2-0d53a3d5bc8f	2861282	1.0	confident	Massilia sp. NP310	Bacteria
65a7d8e5-a8dc-4363-9993-44aa376af2cd	2861282	1.0	confident	Massilia sp. NP310	Bacteria
3207bfe2-a743-40b1-9300-5b038ad5f5ef	2861282	1.0	confident	Massilia sp. NP310	Bacteria
5685891b-5a08-48b9-8308-4fea5c7764c8	2861282	1.0	confident	Massilia sp. NP310	Bacteria
f0720fe0-4419-4101-a55b-15e28271c0aa	2861282	1.0	confident	Massilia sp. NP310	Bacteria
bba356c7-b74e-4d91-a5ba-36a3fb549819	2603288	0.7850083872784638	medium	Massilia arenae	Bacteria
d8cd7eeb-ec7d-446c-bdbd-39369684befd	2861282	1.0	confident	Massilia sp. NP310	Bacteria
8640efa7-0155-4eb8-b675-a140751132b4	2769491	0.9999999996656546	high	Massilia litorea	Bacteria
eb9956ab-e949-47d5-b19f-c4376230bb90	2861282	1.0	confident	Massilia sp. NP310	Bacteria
ea622cc7-dff6-4768-8d06-02d8afdd0405	2603288	0.7829338026866253	medium	Massilia arenae	Bacteria
0157be54-8238-4a9a-9b53-1404145c3124	2603288	0.7839184720219443	medium	Massilia arenae	Bacteria
dfd754ee-33ea-4a46-9556-01537777797a	2769491	0.9999999999781392	high	Massilia litorea	Bacteria
a70c0bab-51c7-43c9-ae58-b8b5950ad09c	2861282	1.0	confident	Massilia sp. NP310	Bacteria
a4829edf-5349-4741-9869-7a4285668573	2861282	1.0	confident	Massilia sp. NP310	Bacteria
0693b7ce-9dfe-47aa-913d-18e28c5c6c62	2861282	1.0	confident	Massilia sp. NP310	Bacteria
b7bc6622-b6ad-4019-8061-0b9180f3af89	2861282	1.0	confident	Massilia sp. NP310	Bacteria
eb669ec0-fe43-4beb-90cf-7d5ffbb3feb3	2861282	1.0	confident	Massilia sp. NP310	Bacteria
9081068d-cfe0-4762-ae18-c8cceba4baf0	2769491	0.9999999986920644	high	Massilia litorea	Bacteria
6dcacb6a-7f67-4079-b542-a6cbb6666eb5	2603288	0.7863029837846811	medium	Massilia arenae	Bacteria
4d5008a2-c6b2-4bbe-8d95-8c1b0009e201	2769491	0.9999999999145146	high	Massilia litorea	Bacteria
edc9ff5b-b771-4b24-935b-a6565611c137	2861282	1.0	confident	Massilia sp. NP310	Bacteria
14304c5b-0312-4af9-8bfd-f60ac0044abe	2769491	0.9999999996655804	high	Massilia litorea	Bacteria
e94dc428-be55-4ee3-a6aa-152321fcd35a	2861282	1.0	confident	Massilia sp. NP310	Bacteria
61f1bc18-296f-40be-acad-1775bd976b82	2861282	1.0	confident	Massilia sp. NP310	Bacteria
4da58836-25b9-4268-b5c0-05cd6fae0677	2861282	1.0	confident	Massilia sp. NP310	Bacteria
85376e72-deb8-4805-81de-71cffd2f4216	2861282	0.3719730134341443	low	Massilia sp. NP310	Bacteria
4f86ee69-ecf7-46d3-a10b-c6e2b60337a8	2861282	1.0	confident	Massilia sp. NP310	Bacteria
763b1d07-cc6b-4ac3-a715-ca443c15067a	2603288	0.9330791281756804	high	Massilia arenae	Bacteria
ab67ce7e-0074-47d6-8372-1ccb905e975e	2861282	1.0	confident	Massilia sp. NP310	Bacteria
996d6fff-378f-4b90-bca1-95ccf3940fc9	2603288	0.7856197259891595	medium	Massilia arenae	Bacteria
b0f589c9-18c6-4c9b-863e-03f3d490f716	2769491	0.9999999999810254	high	Massilia litorea	Bacteria
938122b0-21a4-4e77-9c6b-1253e96c2cbb	2861282	1.0	confident	Massilia sp. NP310	Bacteria
b765bd49-7ec7-4822-80ac-3b5b49e69275	2861282	1.0	confident	Massilia sp. NP310	Bacteria
17b92ca6-eaa0-413a-aa7c-7b0c24737eae	2861282	1.0	confident	Massilia sp. NP310	Bacteria
0ae22a33-01df-4fe0-a57c-b897e7251c27	2769491	0.9999999315288086	high	Massilia litorea	Bacteria
83ff8746-ca5c-493a-a071-499277f9247a	2861282	1.0	confident	Massilia sp. NP310	Bacteria
fc3f9361-6b67-41c9-abee-5b0faf534cc8	2861282	1.0	confident	Massilia sp. NP310	Bacteria
8378e59c-0f22-49f5-9af1-958166f373db	2861282	1.0	confident	Massilia sp. NP310	Bacteria
453d2057-a142-45c1-8496-e0c7a924280a	2861282	1.0	confident	Massilia sp. NP310	Bacteria
b02ee70e-724e-436d-84d7-4aac4eeefa60	2861282	1.0	confident	Massilia sp. NP310	Bacteria
368d5a8f-d5b1-4292-9b07-e12c802e7dc0	2603288	0.9345528907629692	high	Massilia arenae	Bacteria
ec7794ba-455a-40b0-bfac-b99763831df9	2861282	1.0	confident	Massilia sp. NP310	Bacteria
eb1e5d82-4952-4eef-9c55-9e7a52384f9b	2861282	1.0	confident	Massilia sp. NP310	Bacteria
567d7d1d-b01e-4139-9f49-1ca4c069e6c6	2861282	1.0	confident	Massilia sp. NP310	Bacteria
c4008f6f-4152-42ad-8029-5987a3df5898	2861282	1.0	confident	Massilia sp. NP310	Bacteria
000a4ba5-468c-4982-95c4-3d2f8d9d1bf7	2603288	0.9421006635739256	high	Massilia arenae	Bacteria
a2382629-0b28-46d4-9143-12fe7263e349	2861282	1.0	confident	Massilia sp. NP310	Bacteria
7e8d91c2-4a49-4d7d-aa5e-f4b07c5b28de	2603288	0.7858934343081505	medium	Massilia arenae	Bacteria
7876aa79-d793-44ba-9f68-234dabcbeaff	2861282	1.0	confident	Massilia sp. NP310	Bacteria
de5a575d-564e-42dc-b649-c924793449ed	2861282	1.0	confident	Massilia sp. NP310	Bacteria
77c7b80a-b63a-416a-917d-99df555c9a98	2861282	1.0	confident	Massilia sp. NP310	Bacteria
f40f0a41-29eb-4fd7-b7e1-06b01629cfc5	2861282	1.0	confident	Massilia sp. NP310	Bacteria
75edc327-30c8-42e2-813a-fca3eac23169	2861282	1.0	confident	Massilia sp. NP310	Bacteria
fc0711c7-ffcd-48c4-a890-a0a4932b463e	2861282	1.0	confident	Massilia sp. NP310	Bacteria
9b9c834e-1363-434e-b9fd-bd42f29e8064	2769491	0.999999999665612	high	Massilia litorea	Bacteria
578ef305-99f5-4246-a53e-68dad1032848	2861282	1.0	confident	Massilia sp. NP310	Bacteria
fdbfd26e-3a5a-426c-a27c-158505bcd8bb	2861282	1.0	confident	Massilia sp. NP310	Bacteria
f6dabb6d-bafd-4e15-a42f-2c17126a97b4	2861282	1.0	confident	Massilia sp. NP310	Bacteria
d95c2af5-d2d3-4c07-bc2e-fde8029c1748	2861282	0.561847073452864	medium	Massilia sp. NP310	Bacteria
3fa5b6c2-a82d-47be-9069-432475297f50	2603288	0.7857398546738962	medium	Massilia arenae	Bacteria
eb463b73-5fc8-4943-9e9e-14ca3d7cf28e	2861282	1.0	confident	Massilia sp. NP310	Bacteria
c263528d-87ed-4c70-9c46-c65ef2235f4f	2861282	1.0	confident	Massilia sp. NP310	Bacteria
b18a63a4-20d2-4432-aa58-68df1f84fff0	2861282	1.0	confident	Massilia sp. NP310	Bacteria
0630efdf-5965-446f-9acb-79d606595868	2861282	1.0	confident	Massilia sp. NP310	Bacteria
b1190c0e-352f-4121-b15a-233afdf87d30	2861282	1.0	confident	Massilia sp. NP310	Bacteria
eb17f242-d776-425c-9f31-8925227b4ea6	2603288	0.785254550481582	medium	Massilia arenae	Bacteria
668adf6b-58c1-4d9b-a02c-d5ba909c984e	2861282	1.0	confident	Massilia sp. NP310	Bacteria
aef22f10-f73e-4be8-8d4c-aaeadc77b468	2861282	1.0	confident	Massilia sp. NP310	Bacteria
bc35010c-6d40-4224-9db9-b1a2701f9faf	2861282	1.0	confident	Massilia sp. NP310	Bacteria
102b3f6a-61b3-4f2b-bec4-6f046b262d67	2861282	0.9999999999999862	high	Massilia sp. NP310	Bacteria
59285e37-0fb3-4057-9c7a-e08ca9b2cf60	2861282	1.0	confident	Massilia sp. NP310	Bacteria
51a057fa-01b5-44d0-a9a9-e8e600dad650	2603288	0.7858830811282445	medium	Massilia arenae	Bacteria
2db533a8-fc26-4028-a5f9-efe979acbc22	2861282	1.0	confident	Massilia sp. NP310	Bacteria
2aee4769-9579-4db2-a0af-3c340aa242b4	2603288	0.7854095022512693	medium	Massilia arenae	Bacteria
f70ee3c3-f107-4148-bfc8-d89f44d0d02c	2861282	1.0	confident	Massilia sp. NP310	Bacteria
13b8a8e9-8f23-4ce3-9523-5c959e89b915	2861282	1.0	confident	Massilia sp. NP310	Bacteria
f149ecfb-1661-4108-b2c8-87123bf34617	2861282	1.0	confident	Massilia sp. NP310	Bacteria
86aadb8c-a8e1-44e6-a339-c3eac71916f1	2861282	1.0	confident	Massilia sp. NP310	Bacteria
02580eae-673e-4ad4-9e99-2dcbde76f0ff	2861282	1.0	confident	Massilia sp. NP310	Bacteria
71c8b2f9-ae47-422b-93d4-6090e90ec66b	2769491	0.9999999999780976	high	Massilia litorea	Bacteria
1e5b70ec-cb24-4c08-be76-4b5222442ccc	2603288	0.9347496966625852	high	Massilia arenae	Bacteria
ddbdc3d1-61ea-4dfd-b483-bd0672bf39ed	2861282	1.0	confident	Massilia sp. NP310	Bacteria
5508c96e-b5e2-455e-a608-b2684a7086ee	2603288	0.7810973168896208	medium	Massilia arenae	Bacteria
adc1c5db-6b33-4907-a51d-fef80caa5a21	2603288	0.7846603921078654	medium	Massilia arenae	Bacteria
4417f661-5131-433d-baea-6070c9b2d914	2861282	1.0	confident	Massilia sp. NP310	Bacteria
9362dd3a-d2a3-4847-8d3f-682240dc2249	2861282	1.0	confident	Massilia sp. NP310	Bacteria
65184888-c4b2-4f38-9c75-a80f920759e5	2769491	0.999999999978135	high	Massilia litorea	Bacteria
aade806c-701a-49d4-86f6-aaef8e09dfe1	2861282	1.0	confident	Massilia sp. NP310	Bacteria
2d034b95-7613-437a-ba68-c5fbbdf670ae	2861282	1.0	confident	Massilia sp. NP310	Bacteria
27e6ae95-97ab-4925-9f58-059dfd24a210	2769491	0.9999999996655946	high	Massilia litorea	Bacteria
6a74c281-459e-439b-bd2b-a03c4aeba274	2861282	1.0	confident	Massilia sp. NP310	Bacteria
ae49d979-fe89-4d39-bfee-7a6041a403d8	2861282	1.0	confident	Massilia sp. NP310	Bacteria
693e3d82-1ba8-4bb2-926f-fe675d9b3a8c	2603288	0.7857939576065245	medium	Massilia arenae	Bacteria
910896f4-da97-4eec-89c9-ffb471059f1f	2861282	0.9472828764987432	high	Massilia sp. NP310	Bacteria
7c0cb562-841f-48e1-8602-d26ef4d82572	2603288	0.785322866203894	medium	Massilia arenae	Bacteria
44998c36-9a62-4809-9748-ca9835809709	2861282	1.0	confident	Massilia sp. NP310	Bacteria
658b4f8d-7802-4a46-a02a-3c00214cef31	2861282	1.0	confident	Massilia sp. NP310	Bacteria
b11b8556-9fca-4669-a814-c0e45fbf6773	2861282	1.0	confident	Massilia sp. NP310	Bacteria
e665cd7c-872b-4747-8844-79d839e5b265	2861282	1.0	confident	Massilia sp. NP310	Bacteria
109dc233-782b-4448-9925-e40f95ddbe45	2861282	1.0	confident	Massilia sp. NP310	Bacteria
9c12f6d7-d0b6-4350-93c7-c4b9e1e79764	2603288	0.7844983640511027	medium	Massilia arenae	Bacteria
3e456bf3-bc0c-42b1-9dd9-d72e4b14f96e	2861282	1.0	confident	Massilia sp. NP310	Bacteria
28073d96-d6c4-4056-9e5b-14e7e0307cba	2861282	1.0	confident	Massilia sp. NP310	Bacteria
37abfab4-68fd-4971-b13f-094c0a05ac43	2861282	1.0	confident	Massilia sp. NP310	Bacteria
494414dd-df71-448e-bf55-e551d63a5c45	2861282	1.0	confident	Massilia sp. NP310	Bacteria
4b0bf9d5-36ce-4569-873b-de6bba95ab75	2861282	1.0	confident	Massilia sp. NP310	Bacteria
29154369-b2ad-470c-9bbe-b14833f83f84	2861282	1.0	confident	Massilia sp. NP310	Bacteria
45b52d02-6790-4c74-a53f-9935a498b08c	2861282	1.0	confident	Massilia sp. NP310	Bacteria
5475aae4-0d99-40d6-a2dd-4f5a5400c7b8	2861282	1.0	confident	Massilia sp. NP310	Bacteria
ac9a1b76-7959-4ae4-95c7-50348a6aabc1	2861282	1.0	confident	Massilia sp. NP310	Bacteria
04c50838-08b5-4166-8f02-56be4d81af20	2861282	1.0	confident	Massilia sp. NP310	Bacteria
54666aa2-78ae-453c-859b-3d11c59ec0ed	2861282	1.0	confident	Massilia sp. NP310	Bacteria
5d44aac7-a095-437b-bf3c-939103d91a20	2861282	1.0	confident	Massilia sp. NP310	Bacteria
43ea3402-321f-4aac-9df4-5c9e047730ce	2603288	0.7868084054056709	medium	Massilia arenae	Bacteria
762b7570-461e-463b-bf8e-21a27058f92f	2603288	0.7859362124229581	medium	Massilia arenae	Bacteria
dd252aff-2e39-4a98-b011-da60d45b478c	2861282	1.0	confident	Massilia sp. NP310	Bacteria
3771cfb3-cb1d-4278-8a1f-f204a1fded6e	2861282	1.0	confident	Massilia sp. NP310	Bacteria
03203bac-cb95-4145-b6e0-d8561e847f5c	2861282	1.0	confident	Massilia sp. NP310	Bacteria
df82b8d1-ba93-4cf2-9f1c-2d347d191007	2861282	1.0	confident	Massilia sp. NP310	Bacteria
663f58da-ac5e-4c17-85f5-760bd8809f6d	2861282	1.0	confident	Massilia sp. NP310	Bacteria
7a736f9a-2b7f-48de-a35d-a6c88f76b89a	2861282	1.0	confident	Massilia sp. NP310	Bacteria
b2229170-3d48-4948-bc0d-ed0ed9dfa8b2	2603288	0.7852188926744805	medium	Massilia arenae	Bacteria
da5bd7f4-1206-4676-a107-1769393c419b	2861282	1.0	confident	Massilia sp. NP310	Bacteria
396dcf57-9342-4505-af9c-434514c18cb0	2769491	0.9999999996656008	high	Massilia litorea	Bacteria
c7dff25d-cf9f-4d3b-ab04-6e3e4e5d3cb7	2861282	1.0	confident	Massilia sp. NP310	Bacteria
75e8f9b9-2f80-43fe-bbf5-9d1f4e7ef6c9	2861282	1.0	confident	Massilia sp. NP310	Bacteria
5048f31b-dcca-4f02-aea2-02dcac2903d7	2861282	1.0	confident	Massilia sp. NP310	Bacteria
c482edad-9530-4a08-8c61-00080e4ba281	2861282	1.0	confident	Massilia sp. NP310	Bacteria
e669f408-c03a-4fd4-ab9f-bf8deef909dc	2769491	0.9999999996656176	high	Massilia litorea	Bacteria
be945051-cbf2-4ae1-b791-e579b0210f8a	2861282	1.0	confident	Massilia sp. NP310	Bacteria
f4c1c97b-1636-4e99-b594-a07ab276969d	2861282	1.0	confident	Massilia sp. NP310	Bacteria
b4994e73-0b96-438b-b217-7f5dd734de7f	2861282	1.0	confident	Massilia sp. NP310	Bacteria
53c46523-bafe-4e70-a8cf-33ffd5baa973	2603288	0.9346069429008244	high	Massilia arenae	Bacteria
004227eb-2a92-43a3-934f-5636509374f3	2769491	0.999999999665601	high	Massilia litorea	Bacteria
a1b1e556-7e59-4f08-9d29-43fc87d16237	2861282	1.0	confident	Massilia sp. NP310	Bacteria
c6ceaedc-660d-4b5c-8f9d-1948f4700fcd	2603288	0.785743279630663	medium	Massilia arenae	Bacteria
2002a6e1-f7fb-4cac-a61d-72b4d9dabf62	2861282	1.0	confident	Massilia sp. NP310	Bacteria
0c2c8221-c508-4097-b28a-7e440112e398	2861282	1.0	confident	Massilia sp. NP310	Bacteria
636cf81e-17d0-4fd6-91d6-a1791e25140a	2861282	1.0	confident	Massilia sp. NP310	Bacteria
24bcdfe0-b690-477f-a802-61d9c043d047	2861282	1.0	confident	Massilia sp. NP310	Bacteria
7014f5b0-c3fb-431e-bfc1-0f8db3c215a8	2861282	1.0	confident	Massilia sp. NP310	Bacteria
640b74c1-2f26-4df6-85ff-42fc6d8f66d0	2861282	1.0	confident	Massilia sp. NP310	Bacteria
def3b59e-8685-4d53-af37-f672aeaa1b15	2861282	1.0	confident	Massilia sp. NP310	Bacteria
845ebda7-e194-479c-aaee-be1203df807b	2603288	0.7567731050704629	medium	Massilia arenae	Bacteria
8bf11664-ded1-40d8-b733-26b8a0d96a3b	2603288	0.7816604369049783	medium	Massilia arenae	Bacteria
054a6baf-51a4-415f-8e5d-f8d021d79616	2861282	1.0	confident	Massilia sp. NP310	Bacteria
ce0ab24f-384c-4396-94fc-c676265f60dc	2861282	1.0	confident	Massilia sp. NP310	Bacteria
37ea2ab5-37ef-45f8-9458-bc55b8892c37	2861282	1.0	confident	Massilia sp. NP310	Bacteria
80fcc8a7-ee3b-482a-9d9f-92749b3dd025	2603288	0.7853022598341506	medium	Massilia arenae	Bacteria
ca53163d-ce6f-4907-bdf1-84973ef46729	2861282	1.0	confident	Massilia sp. NP310	Bacteria
790d4c8e-1ee3-4d2f-81d1-f436894ca71a	2861282	1.0	confident	Massilia sp. NP310	Bacteria
324d7aff-4fbc-4978-a40a-3a5bd1cfc669	2861282	1.0	confident	Massilia sp. NP310	Bacteria
c2fce9d4-c80b-4fff-a8a2-f5e670e0e696	2861282	1.0	confident	Massilia sp. NP310	Bacteria
52d2a39a-4ddd-430f-9a2d-4acf52da6d98	6649	1.0	confident	Embryophyceae_XXX_sp.:plas	Eukaryota:plas
0210f0a0-215d-46f5-a8f4-c9fef54d7f1f	6649	1.0	confident	Embryophyceae_XXX_sp.:plas	Eukaryota:plas
45a39aab-d9d9-45e6-937f-33ffc0e02bbd	6649	1.0	confident	Embryophyceae_XXX_sp.:plas	Eukaryota:plas
a817ec92-6478-453b-8582-959946d6292f	6649	1.0	confident	Embryophyceae_XXX_sp.:plas	Eukaryota:plas
a1901499-eaff-468d-aa36-c4cd17a6ba0f	6649	1.0	confident	Embryophyceae_XXX_sp.:plas	Eukaryota:plas
1f348420-00dc-4c6f-b19f-cc51a85d3074	6649	1.0	confident	Embryophyceae_XXX_sp.:plas	Eukaryota:plas
4b4e9540-dba8-4106-b28e-cb1ae0081fe2	6649	1.0	confident	Embryophyceae_XXX_sp.:plas	Eukaryota:plas
58dc6849-b7fa-4df1-b1e4-b7ba10b6851f	6649	1.0	confident	Embryophyceae_XXX_sp.:plas	Eukaryota:plas
16c50177-b1af-48b3-aa82-5ad5d8fb46dc	6649	1.0	confident	Embryophyceae_XXX_sp.:plas	Eukaryota:plas
11b8a979-a043-476d-afe4-d001f05a6eca	6649	1.0	confident	Embryophyceae_XXX_sp.:plas	Eukaryota:plas
316bc24c-4902-4101-9efd-fd0c9e9ef3ab	6649	1.0	confident	Embryophyceae_XXX_sp.:plas	Eukaryota:plas
34ae73e9-7629-427f-9cc0-3dad46a3b9a2	6649	1.0	confident	Embryophyceae_XXX_sp.:plas	Eukaryota:plas
4c377f87-8c92-4fc5-9e1a-662cf380c6be	6649	1.0	confident	Embryophyceae_XXX_sp.:plas	Eukaryota:plas
54fd06a3-d722-4151-a880-fc87e4881425	6649	1.0	confident	Embryophyceae_XXX_sp.:plas	Eukaryota:plas
c191769c-fd9a-466d-a9a4-1a0978ae8f38	6649	1.0	confident	Embryophyceae_XXX_sp.:plas	Eukaryota:plas
60fd0634-9a25-493a-ba84-73b893c13ccf	6649	1.0	confident	Embryophyceae_XXX_sp.:plas	Eukaryota:plas
8c685c2f-cfd5-44f9-abbb-08f53c81dbac	6649	1.0	confident	Embryophyceae_XXX_sp.:plas	Eukaryota:plas
751befa6-5b0b-47c9-85c6-45be6e0225e4	6649	1.0	confident	Embryophyceae_XXX_sp.:plas	Eukaryota:plas
2e5719e5-4ee4-46cd-a02f-06c708baac2f	6649	1.0	confident	Embryophyceae_XXX_sp.:plas	Eukaryota:plas
7b0cd3aa-2df7-4bbe-bcb3-00333b58c5e2	6649	1.0	confident	Embryophyceae_XXX_sp.:plas	Eukaryota:plas
98601994-4278-4a49-9ccc-ab54bf9f1ad7	6649	1.0	confident	Embryophyceae_XXX_sp.:plas	Eukaryota:plas
524746e6-3902-4249-bee9-31bfe3cd67fe	6649	1.0	confident	Embryophyceae_XXX_sp.:plas	Eukaryota:plas
cbc2b9a3-d130-4c4e-a3d8-2fadceb0efd0	6649	1.0	confident	Embryophyceae_XXX_sp.:plas	Eukaryota:plas
6efdb7d9-0ea0-4fc7-9d72-6fa05115f593	6649	1.0	confident	Embryophyceae_XXX_sp.:plas	Eukaryota:plas
c3a7621e-94c0-4077-b1ba-bfe3a415f540	6649	1.0	confident	Embryophyceae_XXX_sp.:plas	Eukaryota:plas
479113c4-f0c5-45c2-8235-3b4911e5d1d0	6649	1.0	confident	Embryophyceae_XXX_sp.:plas	Eukaryota:plas
c52bebb8-1c7a-4d4e-ae7e-a416a33916fd	6649	1.0	confident	Embryophyceae_XXX_sp.:plas	Eukaryota:plas
7856f733-1385-4136-82a9-a409f1bee759	6649	1.0	confident	Embryophyceae_XXX_sp.:plas	Eukaryota:plas
4b3f131a-5bd6-4fc4-8ca1-b89a30e3231a	6649	1.0	confident	Embryophyceae_XXX_sp.:plas	Eukaryota:plas
b756dba3-91e0-4a91-83c9-78d3f94de5bd	6649	1.0	confident	Embryophyceae_XXX_sp.:plas	Eukaryota:plas
9a604818-3e4a-482d-9c9f-6ad33a4e54ab	6649	1.0	confident	Embryophyceae_XXX_sp.:plas	Eukaryota:plas
e09fb395-2590-4b00-9d9b-d12f6ce57221	6649	1.0	confident	Embryophyceae_XXX_sp.:plas	Eukaryota:plas
ac7355cc-ea65-4337-a2c2-dbb02165b16a	6649	1.0	confident	Embryophyceae_XXX_sp.:plas	Eukaryota:plas
ecce775e-73ef-4996-9f46-5fce4fbe52e4	6649	1.0	confident	Embryophyceae_XXX_sp.:plas	Eukaryota:plas
b0b043ab-9525-483d-8615-a1c44421b13e	6649	1.0	confident	Embryophyceae_XXX_sp.:plas	Eukaryota:plas
eb124ea7-b819-4b92-b191-c7cdff921a32	6649	1.0	confident	Embryophyceae_XXX_sp.:plas	Eukaryota:plas
979a4c6c-fdc1-4de3-bc26-dc50e234e192	6649	1.0	confident	Embryophyceae_XXX_sp.:plas	Eukaryota:plas
afc5e3d0-0ab9-4cb3-a338-14c161e92f63	6649	1.0	confident	Embryophyceae_XXX_sp.:plas	Eukaryota:plas
af8e8e40-4e59-46d3-9ee0-ca3c584b0d4e	6649	1.0	confident	Embryophyceae_XXX_sp.:plas	Eukaryota:plas
94fede66-9d7a-48c2-a2be-09c1ba7ccb4d	6649	1.0	confident	Embryophyceae_XXX_sp.:plas	Eukaryota:plas
8892419c-f88e-4fe8-aba2-6c88dc1745fa	6649	1.0	confident	Embryophyceae_XXX_sp.:plas	Eukaryota:plas
10e7a396-d9fd-4fb5-8bfe-21c2f5caf54f	6649	1.0	confident	Embryophyceae_XXX_sp.:plas	Eukaryota:plas
30ba2d55-55e1-43d2-afe1-b0afd5043672	6649	1.0	confident	Embryophyceae_XXX_sp.:plas	Eukaryota:plas
ff153190-281c-4391-baf2-68caa4f09b78	6649	1.0	confident	Embryophyceae_XXX_sp.:plas	Eukaryota:plas
2f88d019-ff88-42ce-b263-0b11a72aa3cb	6649	1.0	confident	Embryophyceae_XXX_sp.:plas	Eukaryota:plas
1b9eb7d8-5928-493f-821f-6818c7a42f92	6649	1.0	confident	Embryophyceae_XXX_sp.:plas	Eukaryota:plas
3300bd76-3490-4d73-ae58-e1d9b45b443d	6649	1.0	confident	Embryophyceae_XXX_sp.:plas	Eukaryota:plas
75f6c649-9af0-4e3a-af8a-e2db6592ab3a	6649	1.0	confident	Embryophyceae_XXX_sp.:plas	Eukaryota:plas
79b34d8f-c869-435a-9de6-764066df84a2	6649	1.0	confident	Embryophyceae_XXX_sp.:plas	Eukaryota:plas
7d0c1fdf-d923-4b58-8df3-49a9e7780522	6649	1.0	confident	Embryophyceae_XXX_sp.:plas	Eukaryota:plas
788da43a-5f27-4e49-ad58-2074df675223	6649	1.0	confident	Embryophyceae_XXX_sp.:plas	Eukaryota:plas
4b85488f-9169-4a14-a2a2-00e5a3bdb5dc	6649	1.0	confident	Embryophyceae_XXX_sp.:plas	Eukaryota:plas
325cea87-9ba4-42b1-8cbe-f8a61876462c	6649	1.0	confident	Embryophyceae_XXX_sp.:plas	Eukaryota:plas
f37c54e3-2ecd-44c2-8e5a-a4c61119504a	6649	1.0	confident	Embryophyceae_XXX_sp.:plas	Eukaryota:plas
60a4569b-f167-432d-9fd0-08d8c4b391fa	6649	1.0	confident	Embryophyceae_XXX_sp.:plas	Eukaryota:plas
9a542574-d3c1-47af-ad6e-fe7bdb5565a0	6649	1.0	confident	Embryophyceae_XXX_sp.:plas	Eukaryota:plas
8a52f4ab-d1f0-47ac-ade4-a1fe2f99cf82	6649	1.0	confident	Embryophyceae_XXX_sp.:plas	Eukaryota:plas
232ca67c-34dd-43e1-8b68-2ed6f370de64	6649	1.0	confident	Embryophyceae_XXX_sp.:plas	Eukaryota:plas
d509ffac-6e36-485d-b3b2-31aaf8c1e62a	6649	1.0	confident	Embryophyceae_XXX_sp.:plas	Eukaryota:plas
9a1fffa4-0cbf-4614-8ceb-ea03a2e37163	6649	1.0	confident	Embryophyceae_XXX_sp.:plas	Eukaryota:plas
16606502-9d7a-40df-a4bf-1e1448d105d9	6649	1.0	confident	Embryophyceae_XXX_sp.:plas	Eukaryota:plas
98999bfc-6593-4a66-8d6e-8d4cf0ca93ab	6649	1.0	confident	Embryophyceae_XXX_sp.:plas	Eukaryota:plas
db9bf16a-e86a-4d22-bb06-2af20147cc91	6649	1.0	confident	Embryophyceae_XXX_sp.:plas	Eukaryota:plas
906907cf-749a-45ab-922a-d27bd7a41218	6649	1.0	confident	Embryophyceae_XXX_sp.:plas	Eukaryota:plas
2f5c8566-6055-4cc1-aeca-aae2722450c9	6649	1.0	confident	Embryophyceae_XXX_sp.:plas	Eukaryota:plas
bab787dd-4738-4b6d-ab89-247b1ad453f4	6649	1.0	confident	Embryophyceae_XXX_sp.:plas	Eukaryota:plas
a05f9393-d37b-4344-99b8-f8aafced3198	6649	1.0	confident	Embryophyceae_XXX_sp.:plas	Eukaryota:plas
5876186e-c38e-463b-aa50-5f44323b4ada	6649	1.0	confident	Embryophyceae_XXX_sp.:plas	Eukaryota:plas
c1e888f9-2526-45ac-b801-32b31958aaba	6649	1.0	confident	Embryophyceae_XXX_sp.:plas	Eukaryota:plas
6ff1bff8-3a25-45bf-81bf-a5ae6f896bab	6649	1.0	confident	Embryophyceae_XXX_sp.:plas	Eukaryota:plas
35ecc874-fd0f-44b3-b229-dad5b0bf7dd4	6649	1.0	confident	Embryophyceae_XXX_sp.:plas	Eukaryota:plas
bc3a4f7d-c917-4610-b236-e6f9f2db57d8	6649	1.0	confident	Embryophyceae_XXX_sp.:plas	Eukaryota:plas
9ce4faa1-cdfe-4ab3-b08d-d7ae829a008d	6649	1.0	confident	Embryophyceae_XXX_sp.:plas	Eukaryota:plas
a30ee797-0656-4415-ac85-8e8465beac96	6649	1.0	confident	Embryophyceae_XXX_sp.:plas	Eukaryota:plas
36ca2e42-f206-488f-9103-15ccf1ad8ddc	6649	1.0	confident	Embryophyceae_XXX_sp.:plas	Eukaryota:plas
ff324915-b0b2-4588-8374-7489d820665e	6649	1.0	confident	Embryophyceae_XXX_sp.:plas	Eukaryota:plas
efa1630a-6a3e-400f-9e2e-c67ce254be3e	6649	1.0	confident	Embryophyceae_XXX_sp.:plas	Eukaryota:plas
6590b0e0-de5d-4c31-ad38-f3f97f5a60b2	6649	1.0	confident	Embryophyceae_XXX_sp.:plas	Eukaryota:plas
b7336692-f98a-41e5-a5c9-ee8bb5de877e	6649	1.0	confident	Embryophyceae_XXX_sp.:plas	Eukaryota:plas
4d71bf28-2884-4268-9ae5-ab4e6f427c86	6649	1.0	confident	Embryophyceae_XXX_sp.:plas	Eukaryota:plas
a601d059-3bdf-4296-8394-e87014672ff0	6649	1.0	confident	Embryophyceae_XXX_sp.:plas	Eukaryota:plas
c0f2a307-e4c4-4da4-955d-f70f6a10ec33	6649	1.0	confident	Embryophyceae_XXX_sp.:plas	Eukaryota:plas
2e728b69-3ce0-4d10-8daa-f0972c2380de	6649	1.0	confident	Embryophyceae_XXX_sp.:plas	Eukaryota:plas
16ec27b6-480b-4895-9165-039652659c86	6649	1.0	confident	Embryophyceae_XXX_sp.:plas	Eukaryota:plas
500b44dd-8709-47c4-b4b5-c8022e567e66	6649	1.0	confident	Embryophyceae_XXX_sp.:plas	Eukaryota:plas
07415946-546d-4da1-b78e-795ce98d341f	6649	1.0	confident	Embryophyceae_XXX_sp.:plas	Eukaryota:plas
450596fb-aa57-4ff1-9c9d-1c2dc4dd5b4d	6649	1.0	confident	Embryophyceae_XXX_sp.:plas	Eukaryota:plas
f1abf1f0-235f-433a-b3b2-092ae21edaa2	6649	1.0	confident	Embryophyceae_XXX_sp.:plas	Eukaryota:plas
2cd1a67d-7c7e-418b-8ee3-83e6ef02aa8c	6649	1.0	confident	Embryophyceae_XXX_sp.:plas	Eukaryota:plas
832dcb2c-8fa0-45a4-8175-6c84a67b5036	6649	1.0	confident	Embryophyceae_XXX_sp.:plas	Eukaryota:plas
0ff90b34-8edf-4a88-9fa4-98b9be03c16f	6649	1.0	confident	Embryophyceae_XXX_sp.:plas	Eukaryota:plas
4ea1a8ab-570a-4c47-8430-dde823690677	6649	1.0	confident	Embryophyceae_XXX_sp.:plas	Eukaryota:plas
2f653dd6-ac23-467b-91a3-5c5262217325	6649	1.0	confident	Embryophyceae_XXX_sp.:plas	Eukaryota:plas
8bdc32ef-2e6a-413e-8561-147bb45a1eb6	6649	1.0	confident	Embryophyceae_XXX_sp.:plas	Eukaryota:plas
edf6b35b-2834-45bf-9583-05578e3ef77a	6649	1.0	confident	Embryophyceae_XXX_sp.:plas	Eukaryota:plas
53d71569-2c9d-4277-a0bf-76cd6052177f	6649	1.0	confident	Embryophyceae_XXX_sp.:plas	Eukaryota:plas
8c20db00-845e-44dc-ac7f-8103291e1aac	6649	1.0	confident	Embryophyceae_XXX_sp.:plas	Eukaryota:plas
24ea3187-0529-41b3-abbf-9947b91669ea	6649	1.0	confident	Embryophyceae_XXX_sp.:plas	Eukaryota:plas
8a7c5f77-e0b7-4790-8dd0-26218b842b4e	6649	1.0	confident	Embryophyceae_XXX_sp.:plas	Eukaryota:plas
172e6379-a51f-4918-bda2-acd9975f5637	6649	1.0	confident	Embryophyceae_XXX_sp.:plas	Eukaryota:plas
73e29a67-ea3e-430c-b9ac-432b7608e919	6649	1.0	confident	Embryophyceae_XXX_sp.:plas	Eukaryota:plas
d274af48-6ac6-4b6c-bd94-dc5dbe765238	6649	1.0	confident	Embryophyceae_XXX_sp.:plas	Eukaryota:plas
7e8c5eb0-e345-4807-b985-6ca859ef278e	6649	1.0	confident	Embryophyceae_XXX_sp.:plas	Eukaryota:plas
fac45635-4ab9-4eca-b257-ae19eff7f9b1	6649	1.0	confident	Embryophyceae_XXX_sp.:plas	Eukaryota:plas
5341b37c-3cb3-43e5-8b47-486bd4026bed	6649	1.0	confident	Embryophyceae_XXX_sp.:plas	Eukaryota:plas
9458e9a1-8355-4156-b08b-d36a7004a1d5	6649	1.0	confident	Embryophyceae_XXX_sp.:plas	Eukaryota:plas
32214835-6301-4b2f-92bf-1c7ae6664f38	6649	1.0	confident	Embryophyceae_XXX_sp.:plas	Eukaryota:plas
c90dfd45-5a77-435a-86e1-b9d42e32447a	6649	1.0	confident	Embryophyceae_XXX_sp.:plas	Eukaryota:plas
dcc4d93b-5828-4e1c-bd91-f94cb6cf9f6b	6649	1.0	confident	Embryophyceae_XXX_sp.:plas	Eukaryota:plas
28999433-8961-4724-a49f-293576486015	6649	1.0	confident	Embryophyceae_XXX_sp.:plas	Eukaryota:plas
5a9321e9-6b6e-4c6f-aab6-b7ea9cc48bd7	6649	1.0	confident	Embryophyceae_XXX_sp.:plas	Eukaryota:plas
b8e8fbf3-526e-444b-87a4-cf4ba0601d0a	6649	1.0	confident	Embryophyceae_XXX_sp.:plas	Eukaryota:plas
88dd432d-23d1-4c81-8cd6-16d7d3d44f75	6649	1.0	confident	Embryophyceae_XXX_sp.:plas	Eukaryota:plas
66bad9fe-d3a3-4fbf-843e-c9f71a593ec3	6649	1.0	confident	Embryophyceae_XXX_sp.:plas	Eukaryota:plas
9a4b02f3-99c6-4313-a646-910e8b51b262	6649	1.0	confident	Embryophyceae_XXX_sp.:plas	Eukaryota:plas
907a6ad5-3b57-44e9-9908-dffa3b791824	6649	1.0	confident	Embryophyceae_XXX_sp.:plas	Eukaryota:plas
c8b68dc3-a377-4997-a3e8-3fe4b4949a86	6649	1.0	confident	Embryophyceae_XXX_sp.:plas	Eukaryota:plas
4fdd2b2b-a93a-4b8d-9414-fa4f7ca11c59	6649	1.0	confident	Embryophyceae_XXX_sp.:plas	Eukaryota:plas
518c5089-dbcd-4ba3-a196-a9c67132e18c	6649	1.0	confident	Embryophyceae_XXX_sp.:plas	Eukaryota:plas
bdbcb672-7fe0-447c-a6d6-a03b781817da	6649	1.0	confident	Embryophyceae_XXX_sp.:plas	Eukaryota:plas
e15149ea-5388-43c7-babe-670760489619	6649	1.0	confident	Embryophyceae_XXX_sp.:plas	Eukaryota:plas
376d5aa4-000f-482b-bdd6-edacebe0032a	6649	1.0	confident	Embryophyceae_XXX_sp.:plas	Eukaryota:plas
4460735a-24e3-4b8a-bc37-b74725ace5d3	6649	1.0	confident	Embryophyceae_XXX_sp.:plas	Eukaryota:plas
357fb49d-4910-4567-81bd-131caaf201af	6649	1.0	confident	Embryophyceae_XXX_sp.:plas	Eukaryota:plas
6ebca557-40c7-4740-bcc2-671fd9b9be23	6649	1.0	confident	Embryophyceae_XXX_sp.:plas	Eukaryota:plas
3c55694e-f870-4663-a1db-17296630b0ea	6649	1.0	confident	Embryophyceae_XXX_sp.:plas	Eukaryota:plas
786c2419-3659-4bbc-bf40-41be6712ac34	6649	1.0	confident	Embryophyceae_XXX_sp.:plas	Eukaryota:plas
951eae5b-2e71-46ea-83d6-c6d890cc7dec	6649	1.0	confident	Embryophyceae_XXX_sp.:plas	Eukaryota:plas
3957a2ab-33b9-4167-9273-d60da0ebcd0e	6649	1.0	confident	Embryophyceae_XXX_sp.:plas	Eukaryota:plas
47f1550e-26b0-48ed-b57d-1a4a57f1f601	6649	1.0	confident	Embryophyceae_XXX_sp.:plas	Eukaryota:plas
33e8bfd4-0c7f-4f1a-8a3e-daaf955a50ba	6649	1.0	confident	Embryophyceae_XXX_sp.:plas	Eukaryota:plas
801a57d2-cfc6-43f7-8ab6-cd1025032d96	6649	1.0	confident	Embryophyceae_XXX_sp.:plas	Eukaryota:plas
d29db3f6-6787-4ac2-86a5-3ba77b1a445b	6649	1.0	confident	Embryophyceae_XXX_sp.:plas	Eukaryota:plas
a50d1c58-84e1-46d3-8d7c-6ff6130208d5	6649	1.0	confident	Embryophyceae_XXX_sp.:plas	Eukaryota:plas
7ecb168d-bb8b-423e-9892-c5152352ff82	6649	1.0	confident	Embryophyceae_XXX_sp.:plas	Eukaryota:plas
391a06f9-b1a8-4b6b-b67c-9b849d563c72	6649	1.0	confident	Embryophyceae_XXX_sp.:plas	Eukaryota:plas
5958cfba-b036-4977-8c3b-94d0fd5b734e	6649	1.0	confident	Embryophyceae_XXX_sp.:plas	Eukaryota:plas
6efb3b31-3ade-4136-8f51-42e66ec206e9	6649	1.0	confident	Embryophyceae_XXX_sp.:plas	Eukaryota:plas
614a0615-0e14-473a-be7d-1a92bcdde34e	6649	1.0	confident	Embryophyceae_XXX_sp.:plas	Eukaryota:plas
4d295950-6314-477c-aedb-88f928502605	6649	1.0	confident	Embryophyceae_XXX_sp.:plas	Eukaryota:plas
ee74a599-76fa-45cb-8b03-381e06d6fa1f	6649	1.0	confident	Embryophyceae_XXX_sp.:plas	Eukaryota:plas
dd14af19-b335-4953-aafe-d90d4fc6dc45	6649	1.0	confident	Embryophyceae_XXX_sp.:plas	Eukaryota:plas
b42c6792-e942-416c-9062-609734769626	6649	1.0	confident	Embryophyceae_XXX_sp.:plas	Eukaryota:plas
478c3d29-d40c-4bc1-91cb-c6633556e365	6649	1.0	confident	Embryophyceae_XXX_sp.:plas	Eukaryota:plas
4bdbfc8a-34b3-4134-b400-285c4c24ed27	6649	1.0	confident	Embryophyceae_XXX_sp.:plas	Eukaryota:plas
c8f26ec0-c499-4db6-bd59-4bce36bb15bb	6649	1.0	confident	Embryophyceae_XXX_sp.:plas	Eukaryota:plas
92e99635-a1b9-4f31-a4c5-9a477794ac49	6649	1.0	confident	Embryophyceae_XXX_sp.:plas	Eukaryota:plas
7a5b1777-eeb8-4615-a2a2-211a2af2e0f7	6649	1.0	confident	Embryophyceae_XXX_sp.:plas	Eukaryota:plas
7b4bfb85-a800-4518-a249-8fe0f75aed36	6649	1.0	confident	Embryophyceae_XXX_sp.:plas	Eukaryota:plas
59573112-0408-49cd-8f07-25bb0a059643	6649	1.0	confident	Embryophyceae_XXX_sp.:plas	Eukaryota:plas
8386b931-d277-403c-b084-e5bac47ce65c	6649	1.0	confident	Embryophyceae_XXX_sp.:plas	Eukaryota:plas
a320f6a0-1c39-4741-9c5d-c32f0d94f28d	6649	1.0	confident	Embryophyceae_XXX_sp.:plas	Eukaryota:plas
7e5f27f4-7650-4014-b6d4-f282d47eb3ac	6649	1.0	confident	Embryophyceae_XXX_sp.:plas	Eukaryota:plas
5b0e782e-73c2-42a7-8dd2-3a51abec472c	6649	1.0	confident	Embryophyceae_XXX_sp.:plas	Eukaryota:plas
ae5a475a-26ae-4b6c-850a-2f2ab53227ac	6649	1.0	confident	Embryophyceae_XXX_sp.:plas	Eukaryota:plas
22454ba8-2caa-4b5b-af0e-db0132dceae0	6649	1.0	confident	Embryophyceae_XXX_sp.:plas	Eukaryota:plas
be82a23b-6f63-4914-9337-9768702189f3	6649	1.0	confident	Embryophyceae_XXX_sp.:plas	Eukaryota:plas
ea20c7b1-7e6c-4f13-8185-5190d2da3453	6649	1.0	confident	Embryophyceae_XXX_sp.:plas	Eukaryota:plas
acf39346-7800-414a-a6d5-45d4018c748d	6649	1.0	confident	Embryophyceae_XXX_sp.:plas	Eukaryota:plas
41a69cf0-bf95-4771-bec6-78e492eec249	6649	1.0	confident	Embryophyceae_XXX_sp.:plas	Eukaryota:plas
b345c249-7c5d-496b-9949-7f2052a3edc0	6649	1.0	confident	Embryophyceae_XXX_sp.:plas	Eukaryota:plas
361e8d2f-cfc8-4d7c-a586-36bc1ac1bb2e	6649	1.0	confident	Embryophyceae_XXX_sp.:plas	Eukaryota:plas
ed71ab3c-1c62-42cb-b265-6dc2d0ea4c62	6649	1.0	confident	Embryophyceae_XXX_sp.:plas	Eukaryota:plas
7eb154a7-ed65-4ef0-8418-c40fdff58bdb	6649	1.0	confident	Embryophyceae_XXX_sp.:plas	Eukaryota:plas
69139a78-b4ef-4b75-81bc-215f8a8dcde3	6649	1.0	confident	Embryophyceae_XXX_sp.:plas	Eukaryota:plas
41fdd1e5-da54-40e2-b5b8-6cbae9bfaf4b	6649	1.0	confident	Embryophyceae_XXX_sp.:plas	Eukaryota:plas
e9677e36-0446-46c1-9bb6-9c81df187025	6649	1.0	confident	Embryophyceae_XXX_sp.:plas	Eukaryota:plas
9728336e-86e5-4da8-b975-405cffdc06f6	6649	1.0	confident	Embryophyceae_XXX_sp.:plas	Eukaryota:plas
1f3edfcf-8a17-401f-a039-f17b1edd3080	6649	1.0	confident	Embryophyceae_XXX_sp.:plas	Eukaryota:plas
3e84e1a0-48d8-41b0-bc83-e3a3dc69830d	6649	1.0	confident	Embryophyceae_XXX_sp.:plas	Eukaryota:plas
92b1aa14-9587-414e-8c14-985082797960	6649	1.0	confident	Embryophyceae_XXX_sp.:plas	Eukaryota:plas
f34023b2-e042-419c-ae43-850b92c829dd	6649	1.0	confident	Embryophyceae_XXX_sp.:plas	Eukaryota:plas
70371c09-a721-4f6c-8e57-8a2ffb4cb194	6649	1.0	confident	Embryophyceae_XXX_sp.:plas	Eukaryota:plas
fbf9f00b-5dc0-429c-987c-e3a65aa4f72f	6649	1.0	confident	Embryophyceae_XXX_sp.:plas	Eukaryota:plas
52f43588-78c6-4275-8933-a9ef3b8eabd1	6649	1.0	confident	Embryophyceae_XXX_sp.:plas	Eukaryota:plas
e94cc4ae-e4bc-49d7-8730-c28303008ff8	6649	1.0	confident	Embryophyceae_XXX_sp.:plas	Eukaryota:plas
3c2f8565-3416-4aec-906f-155d93329222	6649	1.0	confident	Embryophyceae_XXX_sp.:plas	Eukaryota:plas
d56bac25-51e9-40c2-8ace-718d825d4ec3	6649	1.0	confident	Embryophyceae_XXX_sp.:plas	Eukaryota:plas
b0cd252c-d159-42b2-9bb9-0df81459e7ae	6649	1.0	confident	Embryophyceae_XXX_sp.:plas	Eukaryota:plas
b7d85def-e3b4-4727-81da-a490aecddce9	6649	1.0	confident	Embryophyceae_XXX_sp.:plas	Eukaryota:plas
9523dd7a-2b3e-4057-8482-fa3f1a866b84	6649	1.0	confident	Embryophyceae_XXX_sp.:plas	Eukaryota:plas
fe7aa79c-c444-48d0-9906-ae5bbf2d925d	6649	1.0	confident	Embryophyceae_XXX_sp.:plas	Eukaryota:plas
39827889-6ff3-4cf7-b14d-f5bd16393879	6649	1.0	confident	Embryophyceae_XXX_sp.:plas	Eukaryota:plas
f88d82d6-4d8c-408b-9ed8-79c30511e8a6	6649	1.0	confident	Embryophyceae_XXX_sp.:plas	Eukaryota:plas
d5b4fd6e-1f42-4372-bca3-e0922964c792	6649	1.0	confident	Embryophyceae_XXX_sp.:plas	Eukaryota:plas
5325f236-6671-4c78-a98b-753ff7b6b410	6649	1.0	confident	Embryophyceae_XXX_sp.:plas	Eukaryota:plas
4edbb1e0-8977-459e-85cd-827c7066b1c1	6649	1.0	confident	Embryophyceae_XXX_sp.:plas	Eukaryota:plas
04d1c8e0-5d3f-4b8e-9545-0e7ac1786ff7	6649	1.0	confident	Embryophyceae_XXX_sp.:plas	Eukaryota:plas
7ae773fa-5826-4f43-a30f-b3c1866c5380	6649	1.0	confident	Embryophyceae_XXX_sp.:plas	Eukaryota:plas
f72dbe3f-f789-42a3-af91-fff2b1a1524c	6649	1.0	confident	Embryophyceae_XXX_sp.:plas	Eukaryota:plas
c06227ea-7451-4f4c-972e-ed7a16322fd8	6649	1.0	confident	Embryophyceae_XXX_sp.:plas	Eukaryota:plas
b88bb51c-e1bd-47e7-a02b-bd06f86350fb	6649	1.0	confident	Embryophyceae_XXX_sp.:plas	Eukaryota:plas
c6119c28-5a1e-4651-b646-4431a935f24a	6649	1.0	confident	Embryophyceae_XXX_sp.:plas	Eukaryota:plas
da9ba032-dc05-47c0-8519-6a61a27a6698	6649	1.0	confident	Embryophyceae_XXX_sp.:plas	Eukaryota:plas
63f10e34-aaa2-4692-883e-acf968bb51ac	6649	1.0	confident	Embryophyceae_XXX_sp.:plas	Eukaryota:plas
b7298488-7b10-4914-a49c-ea958e03e542	6649	1.0	confident	Embryophyceae_XXX_sp.:plas	Eukaryota:plas
450eea37-c915-4a04-be3a-98a9f73725f4	6649	1.0	confident	Embryophyceae_XXX_sp.:plas	Eukaryota:plas
b067b417-9dd0-4e38-9a00-3acb0242f188	6649	1.0	confident	Embryophyceae_XXX_sp.:plas	Eukaryota:plas
030f7459-d25c-4515-99f4-8ce92e7ca69b	6649	1.0	confident	Embryophyceae_XXX_sp.:plas	Eukaryota:plas
d84ac861-5ebd-4a51-8c0b-fbba2543587a	6649	1.0	confident	Embryophyceae_XXX_sp.:plas	Eukaryota:plas
3f680165-083b-48cb-9e58-62b211f80f83	6649	1.0	confident	Embryophyceae_XXX_sp.:plas	Eukaryota:plas
cbbeacd7-e429-4380-ad1a-5e0b5f647a5a	6649	1.0	confident	Embryophyceae_XXX_sp.:plas	Eukaryota:plas
63f15aa6-d966-46a8-9424-ffaee2a3521b	6649	1.0	confident	Embryophyceae_XXX_sp.:plas	Eukaryota:plas
b52440b3-6e7a-43ea-a061-5c3e87fbfd90	6649	1.0	confident	Embryophyceae_XXX_sp.:plas	Eukaryota:plas
349f035b-a7df-418a-b1bb-900a3059754e	6649	1.0	confident	Embryophyceae_XXX_sp.:plas	Eukaryota:plas
8dcb136b-6147-4d46-9703-e0543ad4c005	6649	1.0	confident	Embryophyceae_XXX_sp.:plas	Eukaryota:plas
8ce92ac2-5b78-46ea-a3af-1ac7606656ac	6649	1.0	confident	Embryophyceae_XXX_sp.:plas	Eukaryota:plas
5eb71424-14c8-448b-9846-6b2a30c9e131	6649	1.0	confident	Embryophyceae_XXX_sp.:plas	Eukaryota:plas
d3f2e6b0-df86-404f-b226-6b270f556945	6649	1.0	confident	Embryophyceae_XXX_sp.:plas	Eukaryota:plas
66039aed-268d-4757-9f66-2140f882f957	6649	1.0	confident	Embryophyceae_XXX_sp.:plas	Eukaryota:plas
c7b86aca-1470-4959-be03-64a2f6aefb74	6649	1.0	confident	Embryophyceae_XXX_sp.:plas	Eukaryota:plas
1c150b58-8512-4a09-afa4-2b85e7cef889	6649	1.0	confident	Embryophyceae_XXX_sp.:plas	Eukaryota:plas
137af372-25c9-4243-9a62-214d7cfd4ddf	6649	1.0	confident	Embryophyceae_XXX_sp.:plas	Eukaryota:plas
0abc52b0-5314-4ec0-b572-9bc8d8bfa5ef	6649	1.0	confident	Embryophyceae_XXX_sp.:plas	Eukaryota:plas
274984c3-7efd-4cbc-a135-20009dfea8c7	6649	1.0	confident	Embryophyceae_XXX_sp.:plas	Eukaryota:plas
b9c78183-dcf1-45d1-bbb8-d36e01a1b821	6649	1.0	confident	Embryophyceae_XXX_sp.:plas	Eukaryota:plas
0a11f767-e0fa-4081-a137-6f6b53069477	6649	1.0	confident	Embryophyceae_XXX_sp.:plas	Eukaryota:plas
95e8717c-f470-484f-90da-2a908c5a50e6	6649	1.0	confident	Embryophyceae_XXX_sp.:plas	Eukaryota:plas
0e9211fa-507a-4d58-bda4-0b6661b72852	6649	1.0	confident	Embryophyceae_XXX_sp.:plas	Eukaryota:plas
9cc7be39-7ff4-4979-ba98-2a8a70a8b0b3	6649	1.0	confident	Embryophyceae_XXX_sp.:plas	Eukaryota:plas
6e2aa17a-3a0f-45a9-8776-fd0575d169d7	6649	1.0	confident	Embryophyceae_XXX_sp.:plas	Eukaryota:plas
e9e141e7-864a-4d02-8a78-d0a184c775c6	6649	1.0	confident	Embryophyceae_XXX_sp.:plas	Eukaryota:plas
ca4320a7-5b14-4919-b301-6c077cfb1463	6649	1.0	confident	Embryophyceae_XXX_sp.:plas	Eukaryota:plas
f3928890-2dfd-4c75-acdd-120e57b0e6b1	6649	1.0	confident	Embryophyceae_XXX_sp.:plas	Eukaryota:plas
28c7ca49-bb56-4d9e-805a-5f29604a7926	6649	1.0	confident	Embryophyceae_XXX_sp.:plas	Eukaryota:plas
9c9e566f-ea54-463f-8e2a-549437ecdbee	6649	1.0	confident	Embryophyceae_XXX_sp.:plas	Eukaryota:plas
5b68a5df-7583-41b7-a377-8199e9639327	6649	1.0	confident	Embryophyceae_XXX_sp.:plas	Eukaryota:plas
d589d5f9-7d46-43af-a72b-8652a3eaa43a	6649	1.0	confident	Embryophyceae_XXX_sp.:plas	Eukaryota:plas
46d05257-4364-4290-bf4a-0f1d89b9cbe2	6649	1.0	confident	Embryophyceae_XXX_sp.:plas	Eukaryota:plas
2deb93f3-53eb-4be7-a3ad-122e185161e8	6649	1.0	confident	Embryophyceae_XXX_sp.:plas	Eukaryota:plas
1308107c-07a8-4b56-9cf0-75232101a014	6649	1.0	confident	Embryophyceae_XXX_sp.:plas	Eukaryota:plas
43ca6ce1-b1af-4390-b415-98d6b59e29bc	6649	1.0	confident	Embryophyceae_XXX_sp.:plas	Eukaryota:plas
fbefa72d-9155-49ea-825c-4b2b796c977d	6649	1.0	confident	Embryophyceae_XXX_sp.:plas	Eukaryota:plas
004b8f2a-83f2-46bf-a2b0-6dab72d42aec	6649	1.0	confident	Embryophyceae_XXX_sp.:plas	Eukaryota:plas
71a19265-3dd1-4c7f-b11c-9bc989a642d2	6649	1.0	confident	Embryophyceae_XXX_sp.:plas	Eukaryota:plas
6b7b0c4a-278e-43ee-a981-9ed0aab7335f	6649	1.0	confident	Embryophyceae_XXX_sp.:plas	Eukaryota:plas
5f10297a-fd63-4e52-b0b3-be4a26e35268	6649	1.0	confident	Embryophyceae_XXX_sp.:plas	Eukaryota:plas
0ed7c7a3-c38f-41c7-9567-9b4f45aa9061	6649	1.0	confident	Embryophyceae_XXX_sp.:plas	Eukaryota:plas
8db2768d-aaab-42d8-a4da-09bb7920e770	6649	1.0	confident	Embryophyceae_XXX_sp.:plas	Eukaryota:plas
66507dec-e78e-4ee2-a092-17425d91a3d2	6649	1.0	confident	Embryophyceae_XXX_sp.:plas	Eukaryota:plas
57e6ca8c-0392-4ae3-96bc-b1f025d22f3f	6649	1.0	confident	Embryophyceae_XXX_sp.:plas	Eukaryota:plas
1fb5a2b9-8eda-4fbb-9084-9e1ea58b5a0b	6649	1.0	confident	Embryophyceae_XXX_sp.:plas	Eukaryota:plas
eb196138-4393-4d45-b1e1-c215f8be8359	6649	1.0	confident	Embryophyceae_XXX_sp.:plas	Eukaryota:plas
b383cffd-1f68-4e48-aaa4-13f0c474220e	6649	1.0	confident	Embryophyceae_XXX_sp.:plas	Eukaryota:plas
e673671a-7fea-4051-a44c-160087f0a341	6649	1.0	confident	Embryophyceae_XXX_sp.:plas	Eukaryota:plas
240773d8-e096-42b9-bb0f-f3d8c30fc4c4	6649	1.0	confident	Embryophyceae_XXX_sp.:plas	Eukaryota:plas
39ddb48e-76cc-460b-b778-b326fb2ba0a0	6649	1.0	confident	Embryophyceae_XXX_sp.:plas	Eukaryota:plas
79c15ad4-19a0-4dd3-8629-edda21c20056	6649	1.0	confident	Embryophyceae_XXX_sp.:plas	Eukaryota:plas
309a21dd-196c-4283-9e4f-6a3d7e8d18d5	6649	1.0	confident	Embryophyceae_XXX_sp.:plas	Eukaryota:plas
40354376-893b-4815-9e98-2ca355363cb1	6649	1.0	confident	Embryophyceae_XXX_sp.:plas	Eukaryota:plas
44a262ce-b6c6-4c6f-8320-a233ed43bd95	6649	1.0	confident	Embryophyceae_XXX_sp.:plas	Eukaryota:plas
f5ddf1af-8d94-43dd-a845-f464adee13e1	6649	1.0	confident	Embryophyceae_XXX_sp.:plas	Eukaryota:plas
a21f8257-d7ec-4994-b408-9e5eb707deed	6649	1.0	confident	Embryophyceae_XXX_sp.:plas	Eukaryota:plas
40ad781d-6254-44b5-9d4f-fd0d50af2b79	6649	1.0	confident	Embryophyceae_XXX_sp.:plas	Eukaryota:plas
9123507d-5b8d-4620-952a-b9a1a81715d5	6649	1.0	confident	Embryophyceae_XXX_sp.:plas	Eukaryota:plas
a899806e-68a0-44ee-a2e3-9e33539ffb86	6649	1.0	confident	Embryophyceae_XXX_sp.:plas	Eukaryota:plas
3ffb9913-e705-424e-a422-f6275b563f2b	6649	1.0	confident	Embryophyceae_XXX_sp.:plas	Eukaryota:plas
3e8513a0-e6b7-4649-92dd-12e13a8cc0ad	6649	1.0	confident	Embryophyceae_XXX_sp.:plas	Eukaryota:plas
6053aa0c-110c-4e68-8208-d0bc11fc1671	6649	1.0	confident	Embryophyceae_XXX_sp.:plas	Eukaryota:plas
5886c76e-0993-4baa-858a-2870ed022462	6649	1.0	confident	Embryophyceae_XXX_sp.:plas	Eukaryota:plas
a5cc18ea-d872-4eaa-a766-ca092c3b1a71	6649	1.0	confident	Embryophyceae_XXX_sp.:plas	Eukaryota:plas
0a444320-83ef-44a0-aeb1-386556f38728	6649	1.0	confident	Embryophyceae_XXX_sp.:plas	Eukaryota:plas
e2be443c-8d50-4c86-afd8-d71fd9d87935	6649	1.0	confident	Embryophyceae_XXX_sp.:plas	Eukaryota:plas
fdfb2300-47b8-4004-9b89-4f52fd320c68	6649	1.0	confident	Embryophyceae_XXX_sp.:plas	Eukaryota:plas
67431a25-a470-449f-8df7-276a1f5d67fe	6649	1.0	confident	Embryophyceae_XXX_sp.:plas	Eukaryota:plas
09b4b1f4-359b-4ab9-b8b6-62550c79899f	6649	1.0	confident	Embryophyceae_XXX_sp.:plas	Eukaryota:plas
f47b4ba8-7f71-4866-b0f2-4aac3077a600	6649	1.0	confident	Embryophyceae_XXX_sp.:plas	Eukaryota:plas
77baed0b-df53-48b5-8fae-69fd99b3fe3f	6649	1.0	confident	Embryophyceae_XXX_sp.:plas	Eukaryota:plas
fb57c7c5-0f5a-4374-a192-bf7835793769	6649	1.0	confident	Embryophyceae_XXX_sp.:plas	Eukaryota:plas
781460b7-5a06-4887-bc52-2d7b4722156c	6649	1.0	confident	Embryophyceae_XXX_sp.:plas	Eukaryota:plas
0cc8f6cd-1c1a-40f0-a003-588bb47303de	6649	1.0	confident	Embryophyceae_XXX_sp.:plas	Eukaryota:plas
f8aede41-4f41-49cf-a8e4-a57c57fe20d6	6649	1.0	confident	Embryophyceae_XXX_sp.:plas	Eukaryota:plas
ff5a83f6-7843-499a-809c-118a918d037e	6649	1.0	confident	Embryophyceae_XXX_sp.:plas	Eukaryota:plas
22307676-7cfe-4bed-b5b2-ee169156b2cf	6649	1.0	confident	Embryophyceae_XXX_sp.:plas	Eukaryota:plas
a8e2a307-3030-4585-93f4-61f3698d7da9	6649	1.0	confident	Embryophyceae_XXX_sp.:plas	Eukaryota:plas
8a8736b5-aed9-44cb-a56e-130ee369a5eb	6649	1.0	confident	Embryophyceae_XXX_sp.:plas	Eukaryota:plas
d6b616bb-eca9-48ac-b358-d74df92c01bd	6649	1.0	confident	Embryophyceae_XXX_sp.:plas	Eukaryota:plas
cb3fad9c-02ea-44f7-a0e6-373034c7b467	6649	1.0	confident	Embryophyceae_XXX_sp.:plas	Eukaryota:plas
c699859f-58c6-4b5a-a58d-9ece3751935a	6649	1.0	confident	Embryophyceae_XXX_sp.:plas	Eukaryota:plas
c09b8b6b-7b20-476b-b002-6e3686b4a46d	6649	1.0	confident	Embryophyceae_XXX_sp.:plas	Eukaryota:plas
63732bf6-0efa-4845-a61b-4be272a49739	6649	1.0	confident	Embryophyceae_XXX_sp.:plas	Eukaryota:plas
77d1493b-0271-45cf-b238-eb2dc98209e5	6649	1.0	confident	Embryophyceae_XXX_sp.:plas	Eukaryota:plas
d308d963-3b34-45c8-8cb6-a49312df651a	6649	1.0	confident	Embryophyceae_XXX_sp.:plas	Eukaryota:plas
7ed341c7-f4cb-4471-9927-3d823eaa5644	6649	1.0	confident	Embryophyceae_XXX_sp.:plas	Eukaryota:plas
ac08e62c-d187-4897-be80-26df2a612f0d	6649	1.0	confident	Embryophyceae_XXX_sp.:plas	Eukaryota:plas
6a48f905-393a-48c2-993a-0a5e26a941ee	6649	1.0	confident	Embryophyceae_XXX_sp.:plas	Eukaryota:plas
70b9e382-f6a3-4837-bf9a-6af9b2a59cf2	6649	1.0	confident	Embryophyceae_XXX_sp.:plas	Eukaryota:plas
abe730c6-aa33-46aa-9f89-cfe6817713e0	6649	1.0	confident	Embryophyceae_XXX_sp.:plas	Eukaryota:plas
a2c59399-ad04-493f-8f40-d3f910b2a83b	6649	1.0	confident	Embryophyceae_XXX_sp.:plas	Eukaryota:plas
8b79976b-2218-4066-91f4-56f3f6337bda	6649	1.0	confident	Embryophyceae_XXX_sp.:plas	Eukaryota:plas
d38bfdf9-9b30-456e-8c07-5ccfdace7fb5	6649	1.0	confident	Embryophyceae_XXX_sp.:plas	Eukaryota:plas
dc59fbc3-756a-48df-8806-40ff732ebbaf	6649	1.0	confident	Embryophyceae_XXX_sp.:plas	Eukaryota:plas
be9ecbe2-a098-43a7-a3fb-5be59b5d8e96	6649	1.0	confident	Embryophyceae_XXX_sp.:plas	Eukaryota:plas
20158393-b3ca-4fca-a1b2-4010241ce82f	6649	1.0	confident	Embryophyceae_XXX_sp.:plas	Eukaryota:plas
14a70fac-429c-48e1-ae9d-bed21dd984bb	6649	1.0	confident	Embryophyceae_XXX_sp.:plas	Eukaryota:plas
4bda4379-b081-49f0-9010-e0875ed44f55	6649	1.0	confident	Embryophyceae_XXX_sp.:plas	Eukaryota:plas
833b2844-3e4d-4853-9f62-2fe0d6dedbde	6649	1.0	confident	Embryophyceae_XXX_sp.:plas	Eukaryota:plas
d124961b-19a3-49cb-a18d-784a85050570	6649	1.0	confident	Embryophyceae_XXX_sp.:plas	Eukaryota:plas
903f1589-5fd3-4515-9dc5-44ef95d28c9c	6649	1.0	confident	Embryophyceae_XXX_sp.:plas	Eukaryota:plas
12f14295-8f1b-40f2-a338-4dedcd01c0f8	6649	1.0	confident	Embryophyceae_XXX_sp.:plas	Eukaryota:plas
d60db8f5-4fc2-4166-aee2-a8b1d3d18311	6649	1.0	confident	Embryophyceae_XXX_sp.:plas	Eukaryota:plas
f89e2064-4b1c-4d22-a715-aa77456722ad	6649	1.0	confident	Embryophyceae_XXX_sp.:plas	Eukaryota:plas
e86c782f-0d52-4a4e-9771-b1aecd6abe24	6649	1.0	confident	Embryophyceae_XXX_sp.:plas	Eukaryota:plas
25d51479-b383-459b-9eef-e90616fd3d0f	6649	1.0	confident	Embryophyceae_XXX_sp.:plas	Eukaryota:plas
d846bd56-8d95-4a3f-b020-88afaa56b56a	6649	1.0	confident	Embryophyceae_XXX_sp.:plas	Eukaryota:plas
64c01534-8d13-4d8e-b104-84ad9497db79	6649	1.0	confident	Embryophyceae_XXX_sp.:plas	Eukaryota:plas
18408598-9557-4556-8046-1b1e445c1668	6649	1.0	confident	Embryophyceae_XXX_sp.:plas	Eukaryota:plas
02aa7f54-2927-45dd-be64-2cf131ad9c3e	6649	1.0	confident	Embryophyceae_XXX_sp.:plas	Eukaryota:plas
a9d89d6f-0a92-46cb-98f4-aad09c09664a	6649	1.0	confident	Embryophyceae_XXX_sp.:plas	Eukaryota:plas
55f9a1bb-5942-4111-9863-007d4c8b2b49	6649	1.0	confident	Embryophyceae_XXX_sp.:plas	Eukaryota:plas
c6dab045-889a-4422-81cb-986c3aaca227	6649	1.0	confident	Embryophyceae_XXX_sp.:plas	Eukaryota:plas
8bc38aa3-96d7-4efb-a619-d9d460532da5	6649	1.0	confident	Embryophyceae_XXX_sp.:plas	Eukaryota:plas
c1ec4d86-d335-44ba-a033-970331fc8488	6649	1.0	confident	Embryophyceae_XXX_sp.:plas	Eukaryota:plas
fcf2b9d2-c427-4b17-adcb-88ed2ff890f1	6649	1.0	confident	Embryophyceae_XXX_sp.:plas	Eukaryota:plas
420271c2-8a68-4245-94e6-78b7e911198d	6649	1.0	confident	Embryophyceae_XXX_sp.:plas	Eukaryota:plas
76498d0a-b6fd-4145-ab31-8025b58533a1	6649	1.0	confident	Embryophyceae_XXX_sp.:plas	Eukaryota:plas
d346fcd5-c1c5-4a74-bd31-2046527caa7c	6649	1.0	confident	Embryophyceae_XXX_sp.:plas	Eukaryota:plas
986cd86b-8290-43b6-b3c1-8ca53e748952	6649	1.0	confident	Embryophyceae_XXX_sp.:plas	Eukaryota:plas
bd3e1e3d-dec6-417d-8d0c-f91c602349bc	6649	1.0	confident	Embryophyceae_XXX_sp.:plas	Eukaryota:plas
f41e6272-4dba-486c-8807-9c565e6b6e08	6649	1.0	confident	Embryophyceae_XXX_sp.:plas	Eukaryota:plas
a77298dd-6332-41b1-bc55-5290b375710d	6649	1.0	confident	Embryophyceae_XXX_sp.:plas	Eukaryota:plas
1ccb4bd1-f80a-4257-b22b-d7ab2f2eed3a	6649	1.0	confident	Embryophyceae_XXX_sp.:plas	Eukaryota:plas
6c109b35-ef0f-4ae1-83ca-62100e8c5329	6649	1.0	confident	Embryophyceae_XXX_sp.:plas	Eukaryota:plas
e1024aa0-266e-4a36-a7b5-bb22aef8477e	6649	1.0	confident	Embryophyceae_XXX_sp.:plas	Eukaryota:plas
2e8d03fe-0b9d-4658-ba5a-758639786973	6649	1.0	confident	Embryophyceae_XXX_sp.:plas	Eukaryota:plas
9c8b611b-b182-4a7a-a843-8f21861b2183	6649	1.0	confident	Embryophyceae_XXX_sp.:plas	Eukaryota:plas
7ae97b74-345e-4f33-8e7a-b90760aea717	6649	1.0	confident	Embryophyceae_XXX_sp.:plas	Eukaryota:plas
c439ed9e-9b76-40f9-9410-c5f342ec5791	6649	1.0	confident	Embryophyceae_XXX_sp.:plas	Eukaryota:plas
265f88c9-fe4e-4a01-a1be-7a01c72198f5	6649	1.0	confident	Embryophyceae_XXX_sp.:plas	Eukaryota:plas
fb36441d-ed02-4add-b622-086c22e0bef8	6649	1.0	confident	Embryophyceae_XXX_sp.:plas	Eukaryota:plas
558cbb8d-ebfa-4c83-8bb9-1125254e66d6	6649	1.0	confident	Embryophyceae_XXX_sp.:plas	Eukaryota:plas
0d26c6b2-4857-46c0-981d-7e7cff755b96	6649	1.0	confident	Embryophyceae_XXX_sp.:plas	Eukaryota:plas
6993cee6-6cd4-4a9b-bee2-61c103e65428	6649	1.0	confident	Embryophyceae_XXX_sp.:plas	Eukaryota:plas
8d6e150a-de8f-407a-a33f-f0dc7fc49f8f	6649	1.0	confident	Embryophyceae_XXX_sp.:plas	Eukaryota:plas
714cd78d-c6f6-435c-b096-c958d93f5171	6649	1.0	confident	Embryophyceae_XXX_sp.:plas	Eukaryota:plas
9085e2e4-57c8-425a-a4e4-bbcda210b974	6649	1.0	confident	Embryophyceae_XXX_sp.:plas	Eukaryota:plas
c0b866f2-861d-4264-9258-a361607a640e	6649	1.0	confident	Embryophyceae_XXX_sp.:plas	Eukaryota:plas
7c169db8-18d0-4317-8bb9-100f0a788931	6649	1.0	confident	Embryophyceae_XXX_sp.:plas	Eukaryota:plas
f7df75fb-626d-463a-95dd-edd73df78cd9	6649	1.0	confident	Embryophyceae_XXX_sp.:plas	Eukaryota:plas
c213ac01-302d-4b54-96ca-71cf683d2315	6649	1.0	confident	Embryophyceae_XXX_sp.:plas	Eukaryota:plas
cbb8117e-b2b4-4ba1-b2d1-1d0d55e3bbe2	6649	1.0	confident	Embryophyceae_XXX_sp.:plas	Eukaryota:plas
42288570-781e-411a-8ed5-18492caa6693	6649	1.0	confident	Embryophyceae_XXX_sp.:plas	Eukaryota:plas
7ddf1cb1-021c-4082-aa29-75eaf97840ab	6649	1.0	confident	Embryophyceae_XXX_sp.:plas	Eukaryota:plas
b199f076-a3b9-490c-bec9-23947d620f0d	6649	1.0	confident	Embryophyceae_XXX_sp.:plas	Eukaryota:plas
f346b9d4-1f29-44c6-8d41-36b0443c416b	6649	1.0	confident	Embryophyceae_XXX_sp.:plas	Eukaryota:plas
74d415ce-43d4-4070-8bd2-f7ba6214c098	6649	1.0	confident	Embryophyceae_XXX_sp.:plas	Eukaryota:plas
a131af7f-82f1-4b50-9613-7dc34d959825	6649	1.0	confident	Embryophyceae_XXX_sp.:plas	Eukaryota:plas
ceb883d8-f69d-4601-bad1-01d247831569	6649	1.0	confident	Embryophyceae_XXX_sp.:plas	Eukaryota:plas
39bfcea3-458a-4256-9497-b8a6968a1883	6649	1.0	confident	Embryophyceae_XXX_sp.:plas	Eukaryota:plas
fcaefe15-b7e4-49ba-8071-9815dc4e64a1	6649	1.0	confident	Embryophyceae_XXX_sp.:plas	Eukaryota:plas
a8033256-ba33-42ad-8dff-453bd6d051f2	6649	1.0	confident	Embryophyceae_XXX_sp.:plas	Eukaryota:plas
b71ae180-2671-4854-b0ba-6381cea2310f	6649	1.0	confident	Embryophyceae_XXX_sp.:plas	Eukaryota:plas
36581178-9503-4806-a359-8a7258571025	6649	1.0	confident	Embryophyceae_XXX_sp.:plas	Eukaryota:plas
112fa122-5976-4ca0-b95d-aee875dcb0dd	6649	1.0	confident	Embryophyceae_XXX_sp.:plas	Eukaryota:plas
b3b6767f-9bcc-4835-b309-1d6b1ebf3608	6649	1.0	confident	Embryophyceae_XXX_sp.:plas	Eukaryota:plas
e3400885-490b-4d3e-9be5-261e61098393	6649	1.0	confident	Embryophyceae_XXX_sp.:plas	Eukaryota:plas
461e3717-18ee-4592-a008-8ea853402b70	6649	1.0	confident	Embryophyceae_XXX_sp.:plas	Eukaryota:plas
48660f70-70e0-4db5-92e9-6e7c9084e8d0	6649	1.0	confident	Embryophyceae_XXX_sp.:plas	Eukaryota:plas
4142c4ec-82da-4e82-b638-2af7e91b8838	6649	1.0	confident	Embryophyceae_XXX_sp.:plas	Eukaryota:plas
e334732d-6c19-42d8-bd10-fb762e88ae92	6649	1.0	confident	Embryophyceae_XXX_sp.:plas	Eukaryota:plas
d244ccf8-a1b7-4e0e-acfd-d36525b40b34	6649	1.0	confident	Embryophyceae_XXX_sp.:plas	Eukaryota:plas
449c45e1-cdb7-4cd2-a8f9-d10cd3fbbf14	6649	1.0	confident	Embryophyceae_XXX_sp.:plas	Eukaryota:plas
62d58e63-dd80-4259-8332-79f09e0c706f	6649	1.0	confident	Embryophyceae_XXX_sp.:plas	Eukaryota:plas
a32f7235-3cde-454a-b0c7-1810b2a7fc57	6649	1.0	confident	Embryophyceae_XXX_sp.:plas	Eukaryota:plas
68674ac5-82fd-4d7a-b628-910ad4d2278e	6649	1.0	confident	Embryophyceae_XXX_sp.:plas	Eukaryota:plas
0cc02acb-14b3-4a2e-9c0a-fc7e3548c854	6649	1.0	confident	Embryophyceae_XXX_sp.:plas	Eukaryota:plas
c3929f2b-b2b9-4544-a031-d735025e0fc9	6649	1.0	confident	Embryophyceae_XXX_sp.:plas	Eukaryota:plas
1044c128-be83-4daa-8cc3-55d4faf7b013	6649	1.0	confident	Embryophyceae_XXX_sp.:plas	Eukaryota:plas
818b2fe5-cae0-4d0c-92d4-4c734e9f7fd8	6649	1.0	confident	Embryophyceae_XXX_sp.:plas	Eukaryota:plas
67cc6d32-4521-4335-9789-cdf0ba3e0ef0	6649	1.0	confident	Embryophyceae_XXX_sp.:plas	Eukaryota:plas
72b70249-45a7-4081-9693-76b5b33e91c8	6649	1.0	confident	Embryophyceae_XXX_sp.:plas	Eukaryota:plas
85212b69-3b73-4c03-8686-8c5364d3924c	6649	1.0	confident	Embryophyceae_XXX_sp.:plas	Eukaryota:plas
942a004e-2104-4035-a53c-65016a81ca88	6649	1.0	confident	Embryophyceae_XXX_sp.:plas	Eukaryota:plas
4f418274-1a01-4035-9cda-2fe0ad53a681	6649	1.0	confident	Embryophyceae_XXX_sp.:plas	Eukaryota:plas
2958db37-9985-422e-bac6-63ce2d864e9a	6649	1.0	confident	Embryophyceae_XXX_sp.:plas	Eukaryota:plas
95d3eadf-8e79-48ab-8116-d4df206fd7b9	6649	1.0	confident	Embryophyceae_XXX_sp.:plas	Eukaryota:plas
1e388098-3a25-46ad-ba90-2e195f738025	6649	1.0	confident	Embryophyceae_XXX_sp.:plas	Eukaryota:plas
86d93af6-ad89-43ef-9e84-e0f4228f0a96	6649	1.0	confident	Embryophyceae_XXX_sp.:plas	Eukaryota:plas
e83fe904-1fdc-48d7-8da5-7651260420ca	6649	1.0	confident	Embryophyceae_XXX_sp.:plas	Eukaryota:plas
8df7312f-1ceb-4875-95f3-4d21d13de1e2	6649	1.0	confident	Embryophyceae_XXX_sp.:plas	Eukaryota:plas
8257d689-0b56-403a-b5e1-847cdb4ff593	6649	1.0	confident	Embryophyceae_XXX_sp.:plas	Eukaryota:plas
4c625f90-4077-44b5-86a6-8bf0bd7080ca	6649	1.0	confident	Embryophyceae_XXX_sp.:plas	Eukaryota:plas
919b9add-a855-49de-8d4c-6e97b86e484c	6649	1.0	confident	Embryophyceae_XXX_sp.:plas	Eukaryota:plas
5aad9619-57fd-41b9-97b7-8ce887b8d800	6649	1.0	confident	Embryophyceae_XXX_sp.:plas	Eukaryota:plas
166eff83-c2fa-48ee-9979-763184d05324	6649	1.0	confident	Embryophyceae_XXX_sp.:plas	Eukaryota:plas
ac4384d2-f52b-40ba-9986-f9c3345893e7	6649	1.0	confident	Embryophyceae_XXX_sp.:plas	Eukaryota:plas
02d09d43-cfad-49a7-a8db-443857fcff8a	6649	1.0	confident	Embryophyceae_XXX_sp.:plas	Eukaryota:plas
01adc1d8-873c-43dd-8a04-9b484653b213	6649	1.0	confident	Embryophyceae_XXX_sp.:plas	Eukaryota:plas
ff56b484-287b-4c10-969d-8e9d4513e491	6649	1.0	confident	Embryophyceae_XXX_sp.:plas	Eukaryota:plas
11c2bc2e-30b2-4b2e-9b6a-6b8c5b159981	6649	1.0	confident	Embryophyceae_XXX_sp.:plas	Eukaryota:plas
580094c8-25f1-4657-ae1d-03498cf56884	6649	1.0	confident	Embryophyceae_XXX_sp.:plas	Eukaryota:plas
b080135f-a80e-422b-a4b5-4ed6f66e3345	6649	1.0	confident	Embryophyceae_XXX_sp.:plas	Eukaryota:plas
1193bf69-9067-4e6c-81ae-98a6b083c00b	6649	1.0	confident	Embryophyceae_XXX_sp.:plas	Eukaryota:plas
4615d3de-a45d-4d1e-be79-47ae6d2ca2a5	6649	1.0	confident	Embryophyceae_XXX_sp.:plas	Eukaryota:plas
259fcc4e-9d58-4aa2-b211-d47c54b19b3b	6649	1.0	confident	Embryophyceae_XXX_sp.:plas	Eukaryota:plas
a8a67e0c-614d-479b-b5bd-4dac1cdf5e11	6649	1.0	confident	Embryophyceae_XXX_sp.:plas	Eukaryota:plas
86c8d8bb-5386-4bd9-987d-b1babf256619	6649	1.0	confident	Embryophyceae_XXX_sp.:plas	Eukaryota:plas
e7183645-b199-492e-a51f-c52c0c4fa39e	6649	1.0	confident	Embryophyceae_XXX_sp.:plas	Eukaryota:plas
a536c410-9f0c-4316-bb52-d9628f804956	6649	1.0	confident	Embryophyceae_XXX_sp.:plas	Eukaryota:plas
2b2a1495-7b05-4c23-b716-c1cccfd386b0	6649	1.0	confident	Embryophyceae_XXX_sp.:plas	Eukaryota:plas
decb68f4-eda2-4d08-a861-e230712e4e0e	6649	1.0	confident	Embryophyceae_XXX_sp.:plas	Eukaryota:plas
e9aeb85f-08ae-452a-a1fb-f7aa2fbdea93	243690	1.0	confident	Methylobacterium goesingense	Bacteria
5565a8e1-dda3-487e-a98d-573af9c88240	243690	1.0	confident	Methylobacterium goesingense	Bacteria
9b54074a-a2a4-4c18-8a94-6b7201258e87	243690	1.0	confident	Methylobacterium goesingense	Bacteria
624d6c4c-9bda-41d9-aff1-fb88aaec008a	243690	1.0	confident	Methylobacterium goesingense	Bacteria
2dc5ac86-bdb9-4e00-af95-85e48fe42e18	243690	1.0	confident	Methylobacterium goesingense	Bacteria
b0facb9b-2e3b-4c66-9cf0-db82500bedc7	243690	1.0	confident	Methylobacterium goesingense	Bacteria
b3a1e0d3-6270-41f9-b4c6-e8587002dcbe	243690	1.0	confident	Methylobacterium goesingense	Bacteria
4f449975-c9c4-40af-b39c-27f95850e411	243690	1.0	confident	Methylobacterium goesingense	Bacteria
08c7984c-6a38-458e-983f-660a4fdff6dc	243690	1.0	confident	Methylobacterium goesingense	Bacteria
e9c22098-044d-40ad-8b56-fd1e72ba5894	243690	1.0	confident	Methylobacterium goesingense	Bacteria
0ca948c3-29d3-44f2-ab9d-f6203be04f95	243690	1.0	confident	Methylobacterium goesingense	Bacteria
a15d7499-057b-46a0-b79b-82357263bc3b	243690	1.0	confident	Methylobacterium goesingense	Bacteria
604d3a21-7837-46df-a5e0-fe76983aaf79	243690	1.0	confident	Methylobacterium goesingense	Bacteria
674d38fc-56d5-42aa-bb68-bd3afb30708e	243690	1.0	confident	Methylobacterium goesingense	Bacteria
b512b9b6-a59b-421d-9080-04ed52dc1c6e	243690	1.0	confident	Methylobacterium goesingense	Bacteria
9d11659c-6426-4816-b39c-bac97f07ccfe	243690	1.0	confident	Methylobacterium goesingense	Bacteria
d8284151-a542-4e07-9cc9-0ce51e1c655a	243690	1.0	confident	Methylobacterium goesingense	Bacteria
577334c0-d3ed-4280-b6db-7c5ab40594c1	243690	1.0	confident	Methylobacterium goesingense	Bacteria
1f9c8cb2-134a-4ba2-b1de-339d58c47c05	243690	1.0	confident	Methylobacterium goesingense	Bacteria
89b983fa-0b4b-4f37-b536-791188fd9aa7	243690	1.0	confident	Methylobacterium goesingense	Bacteria
04cac79f-8680-4f3e-8684-f42ab8d50190	243690	1.0	confident	Methylobacterium goesingense	Bacteria
af5d88e9-9169-4c4d-9f16-d66f8fb471f9	243690	1.0	confident	Methylobacterium goesingense	Bacteria
7752e844-ba37-40dd-9783-ce03bf7ccae9	243690	1.0	confident	Methylobacterium goesingense	Bacteria
e45c6da0-fe75-49e3-be5f-7ed395671390	243690	1.0	confident	Methylobacterium goesingense	Bacteria
1e99baae-a510-43bc-a07d-4a305efbfc80	243690	1.0	confident	Methylobacterium goesingense	Bacteria
189591ce-7dad-4b20-8d17-eeef14a24059	243690	1.0	confident	Methylobacterium goesingense	Bacteria
44653e07-3ca0-410c-9712-067656b1e9e1	243690	1.0	confident	Methylobacterium goesingense	Bacteria
29bbf405-4f36-4b13-aa9d-63a0a9839454	243690	1.0	confident	Methylobacterium goesingense	Bacteria
fd4750a6-1995-40c0-a3a4-2cf03adcabff	243690	1.0	confident	Methylobacterium goesingense	Bacteria
cac8063e-3774-4592-bee5-b66395f4b979	243690	1.0	confident	Methylobacterium goesingense	Bacteria
d5003e82-7821-4767-84ef-805ed8fa1d1d	243690	1.0	confident	Methylobacterium goesingense	Bacteria
9c4f5ee4-adfc-4595-88d5-38b1692b3a54	243690	1.0	confident	Methylobacterium goesingense	Bacteria
83d92640-5ee9-4134-9b1a-cacbacd9a523	243690	1.0	confident	Methylobacterium goesingense	Bacteria
cacd466a-b8c2-40de-bd9d-34f7b13b9187	243690	1.0	confident	Methylobacterium goesingense	Bacteria
b21deb19-6439-4c58-82fe-7a1fe64a3111	243690	1.0	confident	Methylobacterium goesingense	Bacteria
895b5b48-c1e9-453b-a9f8-37556a55e7e2	243690	1.0	confident	Methylobacterium goesingense	Bacteria
2410f340-698c-4eb2-b5d3-fb638ffe7d64	243690	1.0	confident	Methylobacterium goesingense	Bacteria
b4c28067-87f2-46c7-8455-513e52f7c61e	243690	1.0	confident	Methylobacterium goesingense	Bacteria
5d47088a-7d22-441e-af9e-84ddf96345b5	243690	1.0	confident	Methylobacterium goesingense	Bacteria
b9ad71c5-6682-4245-86a8-5e54d8a7dcfc	243690	1.0	confident	Methylobacterium goesingense	Bacteria
52cf8155-0112-460b-a117-2d497229b40c	243690	1.0	confident	Methylobacterium goesingense	Bacteria
682801bb-215d-454c-a0ba-a4664a42117d	243690	1.0	confident	Methylobacterium goesingense	Bacteria
51e4b864-199d-48b2-9b16-dcdc8f7e4949	243690	1.0	confident	Methylobacterium goesingense	Bacteria
2381c87b-23ea-4376-8a0e-573ff4450c4f	243690	1.0	confident	Methylobacterium goesingense	Bacteria
5121b420-e148-4620-babb-ce2c937a3751	243690	1.0	confident	Methylobacterium goesingense	Bacteria
aeec04a7-7e38-49ed-b910-abf2d74c0e48	243690	1.0	confident	Methylobacterium goesingense	Bacteria
fbf5f329-24d0-4c5e-a161-346c8eb10678	243690	1.0	confident	Methylobacterium goesingense	Bacteria
8df9f224-e3d5-4157-afcb-7ee8a489d83d	243690	1.0	confident	Methylobacterium goesingense	Bacteria
bc818110-7457-48db-9892-422412a340c3	243690	1.0	confident	Methylobacterium goesingense	Bacteria
b67feeaa-226d-4925-9103-0c8e0a04491a	47880	1.0	confident	Pseudomonas fulva	Bacteria
7b2f5f8b-2104-42c1-bc0a-1189dbb8bbf5	47880	1.0	confident	Pseudomonas fulva	Bacteria
a7b7d98c-a27d-459a-b802-240185d67d47	47880	1.0	confident	Pseudomonas fulva	Bacteria
0e208d50-18fa-43c9-be88-a93c45d5839a	47880	1.0	confident	Pseudomonas fulva	Bacteria
7d09360c-3e43-497f-b7ad-390b35997b90	47880	1.0	confident	Pseudomonas fulva	Bacteria
edf85933-1cea-4ea6-9e19-441a2d32ef1f	47880	1.0	confident	Pseudomonas fulva	Bacteria
d78d1669-ede7-46ea-bc85-0495ae607f92	47880	1.0	confident	Pseudomonas fulva	Bacteria
fb52cf84-af08-4776-8e2a-56402adb8367	47880	1.0	confident	Pseudomonas fulva	Bacteria
f855599c-536a-407c-9d5a-09f783c797b5	47880	1.0	confident	Pseudomonas fulva	Bacteria
58d276d9-3b5f-4753-9375-2fc76cbd6558	47880	1.0	confident	Pseudomonas fulva	Bacteria
da7470ba-b1ae-4632-be65-fe3adef49931	47880	1.0	confident	Pseudomonas fulva	Bacteria
f361fa3a-f95b-4aaf-ab89-efec9365f128	47880	1.0	confident	Pseudomonas fulva	Bacteria
ff5295e3-64c9-42e9-8303-95467f986962	47880	1.0	confident	Pseudomonas fulva	Bacteria
531d1794-9d93-4fe8-b447-726062b7b4d5	47880	1.0	confident	Pseudomonas fulva	Bacteria
2dac06bb-396c-4b4b-a48f-5ed58aca693a	47880	1.0	confident	Pseudomonas fulva	Bacteria
13737477-d866-4c6a-aac4-222efb5c062c	47880	1.0	confident	Pseudomonas fulva	Bacteria
aa95c892-9200-4fc7-9a15-a858f39f22ca	47880	1.0	confident	Pseudomonas fulva	Bacteria
d592c61c-eac3-4043-a5fd-a636190f69cd	47880	1.0	confident	Pseudomonas fulva	Bacteria
e782be69-8260-413d-973e-ebc4ebd46940	316	1.0	confident	Stutzerimonas stutzeri	Bacteria
5ecb8d60-a540-40f3-83f3-4417b063ca0d	316	1.0	confident	Stutzerimonas stutzeri	Bacteria
b54f04a0-6433-4248-9e60-ea45b5cc0495	316	1.0	confident	Stutzerimonas stutzeri	Bacteria
3809095a-318a-4e14-899a-6aee867a1da5	316	1.0	confident	Stutzerimonas stutzeri	Bacteria
a287f845-12b7-46cc-a85a-fa39e537dfcf	316	1.0	confident	Stutzerimonas stutzeri	Bacteria
95f6b1fc-75ac-452a-ba6f-efa254b15488	316	1.0	confident	Stutzerimonas stutzeri	Bacteria
4cdc24ae-49d7-4226-80de-825a1f636de2	316	1.0	confident	Stutzerimonas stutzeri	Bacteria
c1f5c633-1db9-40f1-ad22-f9eb5468da08	316	1.0	confident	Stutzerimonas stutzeri	Bacteria
226ca461-3644-4479-84e4-a35d7b1a1ab1	316	1.0	confident	Stutzerimonas stutzeri	Bacteria
1c2f22a4-7613-4b58-b6d1-60874115cc95	316	1.0	confident	Stutzerimonas stutzeri	Bacteria
4d041ba1-e2cf-494d-8af8-e3f9ad75e464	316	1.0	confident	Stutzerimonas stutzeri	Bacteria
9e2f85cc-1bd7-4ba9-b6fc-49fd5efa7d7f	316	1.0	confident	Stutzerimonas stutzeri	Bacteria
12c13047-66c6-495b-9102-d7b74d516bd0	316	1.0	confident	Stutzerimonas stutzeri	Bacteria
8a0e66d2-9236-4eb4-b93a-61a3e0396563	316	1.0	confident	Stutzerimonas stutzeri	Bacteria
9d22be01-051d-4f6e-8544-2e654dcd21d0	316	1.0	confident	Stutzerimonas stutzeri	Bacteria
9222e2d9-a30a-475f-b32f-8e9805909518	2769491	1.0	confident	Massilia litorea	Bacteria
12ba7b42-c222-436c-b077-a83a4bf194de	2769491	1.0	confident	Massilia litorea	Bacteria
8d3bdc2b-deaf-44c0-92ff-ee7dfd6682c2	2769491	1.0	confident	Massilia litorea	Bacteria
ab573181-b5c1-4b35-84e2-db1cb3573819	2769491	1.0	confident	Massilia litorea	Bacteria
bcb4ae60-cb8c-41d4-9863-c829fe2336a6	2769491	1.0	confident	Massilia litorea	Bacteria
8583e01e-9a32-4229-9b7e-e06a6a1648b5	2769491	0.9999998826645792	high	Massilia litorea	Bacteria
1923e6c8-e1a9-4039-b98e-19e2aa809995	1505	1.0	confident	Paraclostridium sordellii	Bacteria
05cf34b4-c71c-492d-8681-2dae27367712	1505	1.0	confident	Paraclostridium sordellii	Bacteria
ce3adba2-ebb2-45d1-889c-f7822d903b48	1505	1.0	confident	Paraclostridium sordellii	Bacteria
6f4c949c-0e74-42a0-a7c3-466dd19d096e	1505	1.0	confident	Paraclostridium sordellii	Bacteria
cd8f4fed-8017-47ca-8c8c-703076a8090d	1505	1.0	confident	Paraclostridium sordellii	Bacteria
c73ca4a5-d8e0-4b06-a2bb-31f81f05b8d7	1505	1.0	confident	Paraclostridium sordellii	Bacteria
e7289d68-35cd-4894-8c0e-83861f13f112	1505	1.0	confident	Paraclostridium sordellii	Bacteria
f76e2b39-cbec-48c7-b128-4510ccbfc0bc	1505	1.0	confident	Paraclostridium sordellii	Bacteria
6bd5fef3-ec94-4e37-a46a-a3ce68d531e4	1505	1.0	confident	Paraclostridium sordellii	Bacteria
9defd3ea-79c3-427e-9138-fe9a22c89c6b	1505	1.0	confident	Paraclostridium sordellii	Bacteria
a600f5a1-3c2d-4a14-9164-4c3c80dfc31e	1505	1.0	confident	Paraclostridium sordellii	Bacteria
0bbd904e-1d3c-430a-8211-b0d0d17a9299	1505	1.0	confident	Paraclostridium sordellii	Bacteria
ba0882b1-3ad9-4ac6-a756-40ddef45e83d	1505	1.0	confident	Paraclostridium sordellii	Bacteria
b8eeacc2-21e5-4b00-bebb-b1ff04b05421	1505	1.0	confident	Paraclostridium sordellii	Bacteria
74ef2538-565d-4d03-87ce-e7829881f77b	1505	1.0	confident	Paraclostridium sordellii	Bacteria
f8152134-c778-4f30-8129-be46a33f2d4e	1505	1.0	confident	Paraclostridium sordellii	Bacteria
b42c1dd5-11f0-42a1-b0dc-de4768913d1f	1505	1.0	confident	Paraclostridium sordellii	Bacteria
103897a3-eee7-44b2-bed4-8d403f2e9e91	1505	1.0	confident	Paraclostridium sordellii	Bacteria
f54ff5fb-c47a-429a-b431-0b2e59ccbe14	1505	1.0	confident	Paraclostridium sordellii	Bacteria
57280b6b-5f84-4cab-8317-54670321eba7	1505	1.0	confident	Paraclostridium sordellii	Bacteria
e1000dc9-0362-4502-b404-a8388fb7ab57	1505	1.0	confident	Paraclostridium sordellii	Bacteria
ae09fcd8-ece8-4c5e-85bf-58f067f9bd29	1505	1.0	confident	Paraclostridium sordellii	Bacteria
b34a33f3-7cef-4684-a4f4-af8c6da04ff7	1505	1.0	confident	Paraclostridium sordellii	Bacteria
43468a25-4c5f-4261-ae47-7830a52ce2c5	1505	1.0	confident	Paraclostridium sordellii	Bacteria
c3b51fbd-bdb4-414f-a1b8-c9386b624e60	1505	1.0	confident	Paraclostridium sordellii	Bacteria
48ff7c63-b80a-471e-a796-f1c8939bc1bd	1505	1.0	confident	Paraclostridium sordellii	Bacteria
88460e87-adc4-402c-b9f9-acd9b9374839	1505	1.0	confident	Paraclostridium sordellii	Bacteria
2e1e8295-4ff0-44ab-9d74-472b6b586e0d	1505	1.0	confident	Paraclostridium sordellii	Bacteria
f2cb3b4a-4163-4e79-b4b7-a17ef02add62	1505	1.0	confident	Paraclostridium sordellii	Bacteria
363ab61a-bb67-4866-82e8-9d3c5ed62216	1505	1.0	confident	Paraclostridium sordellii	Bacteria
6c2fac2a-edfc-4670-afb3-fa8e16e2aa57	1505	1.0	confident	Paraclostridium sordellii	Bacteria
c86ae8be-ae12-4069-b3fe-77755c49bfa5	1505	1.0	confident	Paraclostridium sordellii	Bacteria
7afcc648-bd49-4551-8c3a-85109b436def	1505	1.0	confident	Paraclostridium sordellii	Bacteria
0ce89bfa-87b4-4ef5-9bd3-2b29e6c35df1	1505	1.0	confident	Paraclostridium sordellii	Bacteria
2237df3b-8b7e-48de-85f5-d76c11f305e1	1505	1.0	confident	Paraclostridium sordellii	Bacteria
75991de2-1cda-4329-af86-892355e40dcc	1505	1.0	confident	Paraclostridium sordellii	Bacteria
1a291188-2169-447b-a7a7-d2e5541050c1	1505	1.0	confident	Paraclostridium sordellii	Bacteria
a4608ebf-1145-4bf0-8c9e-43e84d442edd	1505	1.0	confident	Paraclostridium sordellii	Bacteria
c3b54bc4-6d9c-4282-ba86-25d3140d76ea	1505	1.0	confident	Paraclostridium sordellii	Bacteria
673d46f3-c592-468f-a470-4cb1c1800fab	1505	1.0	confident	Paraclostridium sordellii	Bacteria
1b932d45-f29b-4b04-a68a-a4a1f4ff7185	1505	1.0	confident	Paraclostridium sordellii	Bacteria
1287682e-4c97-4989-a241-7a2a0e440989	1505	1.0	confident	Paraclostridium sordellii	Bacteria
c4547167-1ea2-4323-a6fb-68f2d9f4cc42	1505	1.0	confident	Paraclostridium sordellii	Bacteria
c231bb92-349f-45c5-affd-4a6d1d987ae8	1505	1.0	confident	Paraclostridium sordellii	Bacteria
ee72280b-b527-4c7e-bf31-33a9af61e3f1	1505	1.0	confident	Paraclostridium sordellii	Bacteria
4fe497f7-ee7e-4002-b93a-8eeed9b8cbfa	1505	1.0	confident	Paraclostridium sordellii	Bacteria
f13b6035-d175-45ea-8591-5ff123d0ae52	1505	1.0	confident	Paraclostridium sordellii	Bacteria
98637861-9fa8-4dc7-8e1e-c6fa83cc7c72	1505	1.0	confident	Paraclostridium sordellii	Bacteria
2054a3e2-05f2-46f6-b84a-87f3fc5a4689	1505	1.0	confident	Paraclostridium sordellii	Bacteria
c42b08b0-be27-44e9-866c-000f0312f2a0	1505	1.0	confident	Paraclostridium sordellii	Bacteria
c143ff3d-f9cc-4abb-8931-7024abba8b73	1505	1.0	confident	Paraclostridium sordellii	Bacteria
a90e82ac-83d3-4983-ac0b-6e3ea16c7149	1505	1.0	confident	Paraclostridium sordellii	Bacteria
f5d768cb-de30-4335-8a50-be9e8fb14f5b	1505	1.0	confident	Paraclostridium sordellii	Bacteria
3d9e7137-d011-47c9-b8fd-0e510eb31e1d	1648232	1.0	confident	Skermanella rubra	Bacteria
2860d8f0-453a-4d5a-a619-57ce5fb10e04	1648232	1.0	confident	Skermanella rubra	Bacteria
d19a232e-8951-477f-9063-661bbe3b331a	1648232	1.0	confident	Skermanella rubra	Bacteria
c479388e-9bda-4dc1-b6b2-1964ff8bcda4	1648232	1.0	confident	Skermanella rubra	Bacteria
1562624d-29b5-4286-a6e0-80d13aa58db4	1648232	1.0	confident	Skermanella rubra	Bacteria
74db47dd-273c-44ec-a8f3-55ef4cd13a6c	1648232	1.0	confident	Skermanella rubra	Bacteria
e659ad70-c3b3-4fb8-892d-572c89136051	1648232	1.0	confident	Skermanella rubra	Bacteria
528a5bc8-08b6-4698-aa18-05dca0ccefa3	1648232	1.0	confident	Skermanella rubra	Bacteria
e15f51c0-fa05-4c75-8bff-3204b0ba556e	1648232	1.0	confident	Skermanella rubra	Bacteria
48ab95c0-dacc-40c2-a0b3-db0c05292692	1648232	1.0	confident	Skermanella rubra	Bacteria
9b73eb76-0d47-49fa-9c31-dd8d3c1afae7	1648232	1.0	confident	Skermanella rubra	Bacteria
a7efdb95-c358-4082-82d1-fd889a6d7dfe	1648232	1.0	confident	Skermanella rubra	Bacteria
