read_id	most_likely_taxon	confidence	assignment_certainty	taxon_name	kingdom
03d18cab-6d60-4f83-857d-ddda8949015b	426702	1.0	confident	Alkalibacterium pelagium	Bacteria
5a4337b1-5785-4e4a-a88d-647d81fd4989	426702	1.0	confident	Alkalibacterium pelagium	Bacteria
eec49364-df42-4c3e-aa03-4661676f1085	426702	1.0	confident	Alkalibacterium pelagium	Bacteria
5864b726-c5c6-416f-a0e1-9c3bdb18ef5c	426702	1.0	confident	Alkalibacterium pelagium	Bacteria
e9b8c8bd-2d08-4a5a-8d7f-f811e62b83e4	426702	1.0	confident	Alkalibacterium pelagium	Bacteria
d8b4ebd3-4031-4879-8851-ea880109878b	426702	1.0	confident	Alkalibacterium pelagium	Bacteria
0eff50e6-536c-45b8-8a8a-5edad83e16e3	426702	1.0	confident	Alkalibacterium pelagium	Bacteria
3f673ad5-1a9f-4116-aa2c-95bbbe18eb21	426702	1.0	confident	Alkalibacterium pelagium	Bacteria
ad35443b-93ef-47b0-b7d2-fcf05abfebfa	426702	1.0	confident	Alkalibacterium pelagium	Bacteria
d2d394ba-ffb8-41e4-8a6d-c4ba8ed123f1	426702	1.0	confident	Alkalibacterium pelagium	Bacteria
0fc9ea47-350c-4cb7-acb6-dcb17febb37a	426702	1.0	confident	Alkalibacterium pelagium	Bacteria
80b0562e-9f86-4c42-8e3c-be2b3a28cbc9	426702	1.0	confident	Alkalibacterium pelagium	Bacteria
edc4bcde-5e4a-4cf0-aa75-fd76965b2bc9	426702	1.0	confident	Alkalibacterium pelagium	Bacteria
f606c9f5-f9e4-41ce-a05a-0639d41aab2e	426702	1.0	confident	Alkalibacterium pelagium	Bacteria
fdc9e3a8-472d-453c-bb44-9e1b9ca376de	426702	1.0	confident	Alkalibacterium pelagium	Bacteria
0af61aa7-c324-44b9-abcd-da3aee7b877b	426702	1.0	confident	Alkalibacterium pelagium	Bacteria
f43af013-1320-491a-bcf9-66cf689895b0	426702	1.0	confident	Alkalibacterium pelagium	Bacteria
48923010-fa46-47ff-8211-27c49bd499ca	426702	1.0	confident	Alkalibacterium pelagium	Bacteria
611cde86-a166-4601-85c9-19f889d83392	426702	1.0	confident	Alkalibacterium pelagium	Bacteria
e93b84cf-024c-418f-a912-e17ca3b5bede	426702	1.0	confident	Alkalibacterium pelagium	Bacteria
1eb340c7-f2f2-478d-910f-a7850b9889f6	426702	1.0	confident	Alkalibacterium pelagium	Bacteria
66698c73-54c9-44ec-9342-4e99086a24b5	426702	1.0	confident	Alkalibacterium pelagium	Bacteria
23eece3f-8d90-438c-bbaa-68f81874e5c5	426702	1.0	confident	Alkalibacterium pelagium	Bacteria
4bf90745-c05b-4117-b44c-6ab4041d0647	426702	1.0	confident	Alkalibacterium pelagium	Bacteria
7a3a693f-2fba-4faa-9a82-53f820d98894	426702	1.0	confident	Alkalibacterium pelagium	Bacteria
13176de4-b99d-4188-b5ec-424950d60a18	426702	1.0	confident	Alkalibacterium pelagium	Bacteria
55136a7e-4a76-44e8-8c17-77fd07bd995c	426702	1.0	confident	Alkalibacterium pelagium	Bacteria
8e4a8f19-7e9d-4c81-9a7a-6956d5f35fb5	426702	1.0	confident	Alkalibacterium pelagium	Bacteria
5cb6e4c6-bab2-4048-88be-6b48ddf504ce	426702	1.0	confident	Alkalibacterium pelagium	Bacteria
e12338f9-cfac-4491-a5f6-730558ca86ff	426702	1.0	confident	Alkalibacterium pelagium	Bacteria
48c0c3dc-3406-4f72-b9cc-ca97ff6fa628	426702	1.0	confident	Alkalibacterium pelagium	Bacteria
25d891f1-df32-4646-8f30-cd19a94c2949	426702	1.0	confident	Alkalibacterium pelagium	Bacteria
031e5530-63bb-4649-a02c-384735160f56	426702	1.0	confident	Alkalibacterium pelagium	Bacteria
cc30c003-897d-4b63-819b-a3688bf09d93	426702	1.0	confident	Alkalibacterium pelagium	Bacteria
f77e3f4b-eb22-417c-9732-6dc6a8ba4fb7	426702	1.0	confident	Alkalibacterium pelagium	Bacteria
3b87e980-5309-4659-8629-c6f5e29aceb0	426702	1.0	confident	Alkalibacterium pelagium	Bacteria
3c58e3cf-f1d9-4e5f-82fb-2498de01395e	426702	1.0	confident	Alkalibacterium pelagium	Bacteria
b5f70c38-7580-44ae-a609-4de774461130	426702	1.0	confident	Alkalibacterium pelagium	Bacteria
d26fd9fd-a4ea-4edb-910b-db50d3d9f583	426702	1.0	confident	Alkalibacterium pelagium	Bacteria
401c0070-428a-49b4-90bd-80b81bb1d491	426702	1.0	confident	Alkalibacterium pelagium	Bacteria
4402a1d6-8e56-4242-b484-f7f490c4ba55	426702	1.0	confident	Alkalibacterium pelagium	Bacteria
5dff7803-a617-49a3-bad2-1974e4c36370	426702	1.0	confident	Alkalibacterium pelagium	Bacteria
403f8990-cf5f-48f0-8231-af661527fd48	426702	1.0	confident	Alkalibacterium pelagium	Bacteria
b8aa1cb3-a934-459b-832c-b417b14ea913	426702	1.0	confident	Alkalibacterium pelagium	Bacteria
82acfb8a-160e-4a69-b5d4-75a4ff9e0c67	426702	1.0	confident	Alkalibacterium pelagium	Bacteria
647ed871-e78b-455f-ae11-5dedd7bce2e3	426702	1.0	confident	Alkalibacterium pelagium	Bacteria
36122486-dd08-4243-8f07-23c6f91a708b	426702	1.0	confident	Alkalibacterium pelagium	Bacteria
49cf4ce8-aa17-4c4e-88b0-8070e2a8e296	426702	1.0	confident	Alkalibacterium pelagium	Bacteria
7c37d685-17a3-440b-8493-3b30ef34c3c8	426702	1.0	confident	Alkalibacterium pelagium	Bacteria
ba39f20d-269c-4a0c-9db5-4da1d38c2ea5	426702	1.0	confident	Alkalibacterium pelagium	Bacteria
05db8de9-a24d-4981-8a9f-cab967155f04	426702	1.0	confident	Alkalibacterium pelagium	Bacteria
85e02648-04f2-44f9-ab06-294818169d41	426702	1.0	confident	Alkalibacterium pelagium	Bacteria
e83ec2af-298f-4a13-ae39-705bae9dbff2	426702	1.0	confident	Alkalibacterium pelagium	Bacteria
4df6463b-86ad-47e4-8e5a-61a1a71c26d7	426702	1.0	confident	Alkalibacterium pelagium	Bacteria
daca6067-b7bd-4c6c-b01d-9c148c835b16	426702	1.0	confident	Alkalibacterium pelagium	Bacteria
86278da0-575e-4ef0-b436-6d81d7b28342	426702	1.0	confident	Alkalibacterium pelagium	Bacteria
ac65146d-44c5-472a-870e-5b8396365faa	426702	1.0	confident	Alkalibacterium pelagium	Bacteria
9855eca4-250f-4118-867b-96155cb9eb0f	426702	1.0	confident	Alkalibacterium pelagium	Bacteria
85859941-3fa8-423a-8a0c-9713bd141072	426702	1.0	confident	Alkalibacterium pelagium	Bacteria
62e49147-dcce-434c-ba0a-4a1219710bb0	426702	1.0	confident	Alkalibacterium pelagium	Bacteria
fd1676a9-455d-43c9-adb4-e6c3509c7919	426702	1.0	confident	Alkalibacterium pelagium	Bacteria
308031d8-3bce-4012-8bbb-955dd640f0ac	426702	1.0	confident	Alkalibacterium pelagium	Bacteria
d23db126-9758-48c4-a0b0-a4856091dcb9	426702	1.0	confident	Alkalibacterium pelagium	Bacteria
731dc266-75d0-4e7a-b5c4-dfbdaf4218d1	426702	1.0	confident	Alkalibacterium pelagium	Bacteria
82fdad97-701a-4dc6-b8a3-fa69532e642f	426702	1.0	confident	Alkalibacterium pelagium	Bacteria
0d8dff94-6c02-43f0-9f34-f6c94894ea65	426702	1.0	confident	Alkalibacterium pelagium	Bacteria
3854ede2-fad6-485d-92ba-923c503b3208	426702	1.0	confident	Alkalibacterium pelagium	Bacteria
707f5a4d-c9fb-42c9-a267-adce5a869508	426702	1.0	confident	Alkalibacterium pelagium	Bacteria
9fff4f3f-0317-4a3f-9dff-86426bb30cbf	426702	1.0	confident	Alkalibacterium pelagium	Bacteria
1bef8c45-ea85-4084-b007-c2cd726a88d4	426702	1.0	confident	Alkalibacterium pelagium	Bacteria
eb082161-8ba0-4533-b61f-026902cb8124	426702	1.0	confident	Alkalibacterium pelagium	Bacteria
11ce2ef7-ec2d-4079-9b25-8c6cb195c89e	426702	1.0	confident	Alkalibacterium pelagium	Bacteria
c90a1465-bf7c-4b99-bad3-e71437110513	426702	1.0	confident	Alkalibacterium pelagium	Bacteria
a94809b2-a54c-46ed-ac54-dc553af77b30	426702	1.0	confident	Alkalibacterium pelagium	Bacteria
9f9130d2-50c3-4a3e-9028-f90d6fcd9a20	426702	1.0	confident	Alkalibacterium pelagium	Bacteria
fcdc81fd-821e-4567-bf3b-bb4ced432d02	426702	1.0	confident	Alkalibacterium pelagium	Bacteria
12fae720-75ff-479e-92de-08ecf8c1f9ae	426702	1.0	confident	Alkalibacterium pelagium	Bacteria
668abadf-ac7e-4307-a07e-d0d33892fab0	426702	1.0	confident	Alkalibacterium pelagium	Bacteria
752a6e55-aca1-4123-9aeb-2c71cfc557e0	426702	1.0	confident	Alkalibacterium pelagium	Bacteria
c6d734a8-fb29-4944-ba1f-e4307766310f	426702	1.0	confident	Alkalibacterium pelagium	Bacteria
3666fec3-db64-4b12-bb71-c05241708dde	426702	1.0	confident	Alkalibacterium pelagium	Bacteria
dc9bad7b-b5e8-43c9-982e-ee1ed834b0ce	426702	1.0	confident	Alkalibacterium pelagium	Bacteria
f5fd3ac2-9747-48a2-8e2d-71882277fe9d	426702	1.0	confident	Alkalibacterium pelagium	Bacteria
56d57a4e-fb71-4667-b834-968ce0791e80	426702	1.0	confident	Alkalibacterium pelagium	Bacteria
75ba8857-63a1-4fc5-8101-524fa6e309b2	426702	1.0	confident	Alkalibacterium pelagium	Bacteria
4daccde7-ced0-477d-b01c-5839a4785c80	426702	1.0	confident	Alkalibacterium pelagium	Bacteria
354215f2-06ad-4320-bb82-27a2e75aebcf	426702	1.0	confident	Alkalibacterium pelagium	Bacteria
667c4c70-43e4-4bba-bc8b-11446f9e3b53	426702	1.0	confident	Alkalibacterium pelagium	Bacteria
059839ab-bb38-4a60-8c1a-b6addf65b3c2	426702	1.0	confident	Alkalibacterium pelagium	Bacteria
86644b19-93c9-4623-a6f9-f2e3e3ed1f86	426702	1.0	confident	Alkalibacterium pelagium	Bacteria
f2ee61c4-08d1-46c2-94a1-1d044ffe10e2	426702	1.0	confident	Alkalibacterium pelagium	Bacteria
e5a2bd46-8d3b-44f2-a936-fc807d937a1d	426702	1.0	confident	Alkalibacterium pelagium	Bacteria
f81737b1-e945-4459-8576-fb6995a7c3a8	426702	1.0	confident	Alkalibacterium pelagium	Bacteria
2097cb79-f42d-470f-907b-cd022fd29166	426702	1.0	confident	Alkalibacterium pelagium	Bacteria
f919411c-187f-4314-8648-2fe71c218935	426702	1.0	confident	Alkalibacterium pelagium	Bacteria
f69658cd-c308-4b90-bdcd-d5cbd9e0a76e	426702	1.0	confident	Alkalibacterium pelagium	Bacteria
239d81e8-8cf2-49b2-b108-d50b3fea347a	426702	1.0	confident	Alkalibacterium pelagium	Bacteria
0f203c1d-38ed-45f4-bc1e-43ca9e9de1df	426702	1.0	confident	Alkalibacterium pelagium	Bacteria
08035920-15cb-4283-aee4-1b8a6006e947	426702	1.0	confident	Alkalibacterium pelagium	Bacteria
b35f7d0d-c946-41ae-b6bd-ece4441c38d2	426702	1.0	confident	Alkalibacterium pelagium	Bacteria
542284a0-fcbc-4612-a9e8-45b9e03fb397	426702	1.0	confident	Alkalibacterium pelagium	Bacteria
f316e840-6f1a-4de3-a913-0ea87b0d029d	426702	1.0	confident	Alkalibacterium pelagium	Bacteria
d6aa598f-dcbf-41bf-b04d-2463444c9581	426702	1.0	confident	Alkalibacterium pelagium	Bacteria
75946e55-8374-44f7-9760-3f7836f90cba	426702	1.0	confident	Alkalibacterium pelagium	Bacteria
a21111e6-b3ce-4e02-8ccd-2c5e1a3b6aea	426702	1.0	confident	Alkalibacterium pelagium	Bacteria
b5b219f7-4e20-4c79-b363-b44ab3b2bfd1	426702	1.0	confident	Alkalibacterium pelagium	Bacteria
ed5b5efc-4d30-41fd-9c1f-243c2f951d0c	426702	1.0	confident	Alkalibacterium pelagium	Bacteria
7acfc423-c12f-4425-a985-e6ba9daecf54	426702	1.0	confident	Alkalibacterium pelagium	Bacteria
e7c49954-1415-4330-b14d-d4ff615a5f7d	426702	1.0	confident	Alkalibacterium pelagium	Bacteria
5fd7cb3f-fdb9-4714-a6e1-1aadf5c2c124	426702	1.0	confident	Alkalibacterium pelagium	Bacteria
be179d2c-6d49-4ebd-bc3b-16e7663f9d7d	426702	1.0	confident	Alkalibacterium pelagium	Bacteria
9b1636b0-82d1-41bf-8c11-660929e7bbe6	426702	1.0	confident	Alkalibacterium pelagium	Bacteria
83d3602a-fbff-43fb-9aaf-09d701c95899	426702	1.0	confident	Alkalibacterium pelagium	Bacteria
d247db23-c650-48de-afdc-b58a77c1ada6	426702	1.0	confident	Alkalibacterium pelagium	Bacteria
a37fcaa9-3d87-4b27-8ca1-e3c876a41bfc	426702	1.0	confident	Alkalibacterium pelagium	Bacteria
1672498b-c959-4831-bc1d-e561d1de3bcb	426702	1.0	confident	Alkalibacterium pelagium	Bacteria
58ca33a6-a537-4dfa-ae9b-bf5a03d0f39c	426702	1.0	confident	Alkalibacterium pelagium	Bacteria
4bbee357-fa5d-4004-b166-ed8b1d02c9dd	426702	1.0	confident	Alkalibacterium pelagium	Bacteria
7dd98882-004a-4997-974a-d5b6ff8ea81a	426702	1.0	confident	Alkalibacterium pelagium	Bacteria
990e9333-a6da-494d-b04c-bf8774ec79af	426702	1.0	confident	Alkalibacterium pelagium	Bacteria
cb3fd7eb-2ea5-489c-8a0a-3e055e4e5565	426702	1.0	confident	Alkalibacterium pelagium	Bacteria
ace04f8f-16cf-4951-92c3-ac41e90a0201	426702	1.0	confident	Alkalibacterium pelagium	Bacteria
0457658e-5f81-4608-a6c6-2e7df89d0c3a	426702	1.0	confident	Alkalibacterium pelagium	Bacteria
17dd320c-cb97-4070-a9c0-c5369a56d058	426702	1.0	confident	Alkalibacterium pelagium	Bacteria
6ff15183-9c1c-4b15-9f38-3ee11db08974	426702	1.0	confident	Alkalibacterium pelagium	Bacteria
2ba8113e-e1d3-4494-b46e-f9bc61d89dc3	426702	1.0	confident	Alkalibacterium pelagium	Bacteria
8a89ccb6-7aaf-46e0-851a-c6b7eb5fbdbb	426702	1.0	confident	Alkalibacterium pelagium	Bacteria
2e45eade-8170-4e97-9858-d1e0b98a41a1	426702	1.0	confident	Alkalibacterium pelagium	Bacteria
bfb42903-790f-4948-a9c1-3f8319db8790	426702	1.0	confident	Alkalibacterium pelagium	Bacteria
1fc49331-d2db-4abe-9cc8-801b96834549	426702	1.0	confident	Alkalibacterium pelagium	Bacteria
06c52d93-1b47-4868-a9ce-952f90906fae	426702	1.0	confident	Alkalibacterium pelagium	Bacteria
f5c391ca-a84c-4302-a6f4-884d842e6652	426702	1.0	confident	Alkalibacterium pelagium	Bacteria
f2c60021-6ed3-45be-9005-d793c1cd4375	426702	1.0	confident	Alkalibacterium pelagium	Bacteria
ca268653-fd98-4063-9018-831db1c3be24	426702	1.0	confident	Alkalibacterium pelagium	Bacteria
30b9a17e-f744-4b22-b94f-d94c284cd763	426702	1.0	confident	Alkalibacterium pelagium	Bacteria
7c19e0f0-bfb7-47a6-b044-2a401e7654de	426702	1.0	confident	Alkalibacterium pelagium	Bacteria
d1616e21-284b-411a-8c1c-59f836483cbb	426702	1.0	confident	Alkalibacterium pelagium	Bacteria
5690cf02-e23d-4261-8a24-d199c3cfb604	426702	1.0	confident	Alkalibacterium pelagium	Bacteria
d8b17910-c5ed-445e-958b-1b25ffbe8ae8	426702	1.0	confident	Alkalibacterium pelagium	Bacteria
82e9780d-dec5-49e1-bfe5-5ce10dfc3f11	426702	1.0	confident	Alkalibacterium pelagium	Bacteria
cb0a8194-bcac-4374-b980-3ccf78edc673	426702	1.0	confident	Alkalibacterium pelagium	Bacteria
75e0fcfc-c4c4-4803-8776-74643739b8de	426702	1.0	confident	Alkalibacterium pelagium	Bacteria
53cc974f-0be3-41a5-8044-603ebf898d3d	426702	1.0	confident	Alkalibacterium pelagium	Bacteria
ad6a2f38-34c1-485f-9187-9517fe099ddb	426702	1.0	confident	Alkalibacterium pelagium	Bacteria
b12d75d6-d70a-4b0a-af7e-3d13a682c40c	426702	1.0	confident	Alkalibacterium pelagium	Bacteria
62cc49f9-ce2b-4064-a01b-bd6d6205c763	426702	1.0	confident	Alkalibacterium pelagium	Bacteria
2b0e9df9-c00d-4dc0-9357-d9380226d8c3	426702	1.0	confident	Alkalibacterium pelagium	Bacteria
4b1e1754-3db8-486b-8d5a-5c2d11cbab0e	426702	1.0	confident	Alkalibacterium pelagium	Bacteria
ae21c88c-3474-47a3-bd1b-d9246918d8cb	426702	1.0	confident	Alkalibacterium pelagium	Bacteria
cab20087-0535-42a4-bac2-e401253e9156	426702	1.0	confident	Alkalibacterium pelagium	Bacteria
0b2b0ed7-b04b-4a93-b853-84ce7c6128a0	426702	1.0	confident	Alkalibacterium pelagium	Bacteria
164f2a98-fed9-42fb-b521-da27ed05ff9b	426702	1.0	confident	Alkalibacterium pelagium	Bacteria
862cff64-0728-47fe-92e2-0939f5a3ade4	426702	1.0	confident	Alkalibacterium pelagium	Bacteria
510a95ec-2c23-4a3d-ae11-8cb6e55b7912	426702	1.0	confident	Alkalibacterium pelagium	Bacteria
c9d39650-4e42-4983-9b6c-92945b50660b	426702	1.0	confident	Alkalibacterium pelagium	Bacteria
9ccb1214-07cd-494c-901f-871f8fea586c	426702	1.0	confident	Alkalibacterium pelagium	Bacteria
4ecb57bd-c051-4f80-9523-c2e76d6ed878	426702	1.0	confident	Alkalibacterium pelagium	Bacteria
f1bec34b-5595-42f4-8c14-8fe565520335	426702	1.0	confident	Alkalibacterium pelagium	Bacteria
43fa212b-e9fd-446a-a8b3-7acae5a1760b	426702	1.0	confident	Alkalibacterium pelagium	Bacteria
a49d91f5-b1b8-44ee-a759-96ce2233059c	426702	1.0	confident	Alkalibacterium pelagium	Bacteria
143a74b5-ab2a-41fa-90ca-e790c227e701	426702	1.0	confident	Alkalibacterium pelagium	Bacteria
94ed2516-b862-4b67-9e24-eae4da330583	426702	1.0	confident	Alkalibacterium pelagium	Bacteria
aa362ebc-eed6-4138-8d8a-57f9fcf36c67	426702	1.0	confident	Alkalibacterium pelagium	Bacteria
cad0a062-e77b-4a96-8deb-206e54e0582f	426702	1.0	confident	Alkalibacterium pelagium	Bacteria
8ecb3b07-12d4-4c5f-8a16-53e673353aac	426702	1.0	confident	Alkalibacterium pelagium	Bacteria
8bf768c3-f86c-43df-90bf-f9c29488aa06	426702	1.0	confident	Alkalibacterium pelagium	Bacteria
78a7037c-1ea7-46db-975c-be1d966d31aa	426702	1.0	confident	Alkalibacterium pelagium	Bacteria
045ac533-4440-46f3-9e6d-a6c7404c37cf	426702	1.0	confident	Alkalibacterium pelagium	Bacteria
f9c649e2-c789-4a44-b5eb-53183c52564a	426702	1.0	confident	Alkalibacterium pelagium	Bacteria
e2d0051b-0581-4020-9a72-0993463561d7	426702	1.0	confident	Alkalibacterium pelagium	Bacteria
0fe8f75c-edbf-40b8-87dc-78a17bf0c1ae	426702	1.0	confident	Alkalibacterium pelagium	Bacteria
e6ad5067-9b81-41ae-aad1-36eaeae76f0e	426702	1.0	confident	Alkalibacterium pelagium	Bacteria
6cefd3a2-794f-4e27-8685-2fae961d9bee	426702	1.0	confident	Alkalibacterium pelagium	Bacteria
6703b51a-4dba-4235-aa64-8ffb9ba30dc7	426702	1.0	confident	Alkalibacterium pelagium	Bacteria
ccc2fb02-2d9d-4ac2-89b8-cf07bfbe7800	426702	1.0	confident	Alkalibacterium pelagium	Bacteria
04970c7a-2f50-4ab0-847d-c42d0c30bfc4	426702	1.0	confident	Alkalibacterium pelagium	Bacteria
9d187029-65f8-43cd-9a50-880f82226b72	426702	1.0	confident	Alkalibacterium pelagium	Bacteria
7d221023-e927-4e1d-94ff-213c12f2bdd1	426702	1.0	confident	Alkalibacterium pelagium	Bacteria
2016e48b-8c1e-49e5-b098-d2a748b92322	426702	1.0	confident	Alkalibacterium pelagium	Bacteria
8b4db20d-46eb-4dc3-8567-1a4d0674a28e	426702	1.0	confident	Alkalibacterium pelagium	Bacteria
d062b1dd-f7a5-49f3-8c39-0cdd6e15ce03	426702	1.0	confident	Alkalibacterium pelagium	Bacteria
391c239b-2cf2-41ea-bdb1-57ebbc7a4cdf	426702	1.0	confident	Alkalibacterium pelagium	Bacteria
e5a64912-0414-4e8b-9c51-d8f34c0f4047	426702	1.0	confident	Alkalibacterium pelagium	Bacteria
ae32c71f-f149-453c-9b6c-c1405c93c811	426702	1.0	confident	Alkalibacterium pelagium	Bacteria
7882f6af-e32f-4b05-987d-1521403e4b93	426702	1.0	confident	Alkalibacterium pelagium	Bacteria
0f52da42-7663-4707-81a1-aae8f6c40f73	426702	1.0	confident	Alkalibacterium pelagium	Bacteria
1242ff17-9c8b-4889-9cd1-be2aed317f51	426702	1.0	confident	Alkalibacterium pelagium	Bacteria
b9ae99fd-e963-4157-956b-00e5cc390711	426702	1.0	confident	Alkalibacterium pelagium	Bacteria
3c29673d-7235-455a-bf4f-6166fb52aaf9	426702	1.0	confident	Alkalibacterium pelagium	Bacteria
96573bbc-c56f-4d16-a773-41f140e6661d	426702	1.0	confident	Alkalibacterium pelagium	Bacteria
07d71478-e0c7-4c6b-a341-3a370c39cf71	426702	1.0	confident	Alkalibacterium pelagium	Bacteria
c7d10aaa-ab1f-46db-bbcd-5f38453882d8	426702	1.0	confident	Alkalibacterium pelagium	Bacteria
95dcf770-ca22-419f-bfc9-488ebf7f11a4	426702	1.0	confident	Alkalibacterium pelagium	Bacteria
5be1ce32-d39e-4f37-a096-c2bd8abc8a00	426702	1.0	confident	Alkalibacterium pelagium	Bacteria
03e28046-cfe2-453d-a5ee-256f14c84c0f	426702	1.0	confident	Alkalibacterium pelagium	Bacteria
ddd29962-810d-4f3b-a654-70aafa5803a3	426702	1.0	confident	Alkalibacterium pelagium	Bacteria
143c8244-f20d-4ec8-b24f-429b0c913a65	426702	1.0	confident	Alkalibacterium pelagium	Bacteria
d6761116-0765-4bba-aebe-a26fd5dd546e	426702	1.0	confident	Alkalibacterium pelagium	Bacteria
34523693-79ec-4cf2-8b17-8962419bdd26	426702	1.0	confident	Alkalibacterium pelagium	Bacteria
c3db48c1-f5fb-4194-bf28-4631c3ef64df	426702	1.0	confident	Alkalibacterium pelagium	Bacteria
76761788-e8be-425b-b5e4-48144070d14e	426702	1.0	confident	Alkalibacterium pelagium	Bacteria
0c1a18af-170c-4995-8580-52108cfd3567	426702	1.0	confident	Alkalibacterium pelagium	Bacteria
bfab9758-da24-42ec-8c4c-b6708ad497ed	426702	1.0	confident	Alkalibacterium pelagium	Bacteria
cc5ede27-2f56-4416-86f0-c52cb1f85326	426702	1.0	confident	Alkalibacterium pelagium	Bacteria
16b37694-258c-4b72-b9e2-4e1943181bae	426702	1.0	confident	Alkalibacterium pelagium	Bacteria
a1ba0c6d-96b9-4cbb-ab78-b4a5fb9ef363	426702	1.0	confident	Alkalibacterium pelagium	Bacteria
3171baf6-1bc5-493e-904e-f89af39d5522	426702	1.0	confident	Alkalibacterium pelagium	Bacteria
13084ca5-8c60-4256-ab1f-5689b915d071	426702	1.0	confident	Alkalibacterium pelagium	Bacteria
8012d3a1-05f0-43ac-8b31-820871126170	426702	1.0	confident	Alkalibacterium pelagium	Bacteria
7de8e912-2644-4985-bdaa-c42307775017	426702	1.0	confident	Alkalibacterium pelagium	Bacteria
9f036560-7c6a-41f7-810b-187fea08a777	426702	1.0	confident	Alkalibacterium pelagium	Bacteria
24119328-5a12-43a9-8770-3136a5b62528	426702	1.0	confident	Alkalibacterium pelagium	Bacteria
19495544-5b2d-4d05-8500-108eaa4251e2	426702	1.0	confident	Alkalibacterium pelagium	Bacteria
0dc313e9-c6dd-48c8-a17c-dfbf083c964c	426702	1.0	confident	Alkalibacterium pelagium	Bacteria
69587862-1daa-4ce9-8e72-784582104768	426702	1.0	confident	Alkalibacterium pelagium	Bacteria
bde22fcb-25ee-4a70-b1ab-4b627a3ee742	426702	1.0	confident	Alkalibacterium pelagium	Bacteria
b5f81770-d7fb-49f3-8d0b-04957b2a2c42	426702	1.0	confident	Alkalibacterium pelagium	Bacteria
23f54be0-9b45-4173-a279-9e13087c862b	426702	1.0	confident	Alkalibacterium pelagium	Bacteria
3c5701d5-0674-47e9-9a0f-815ebaa47383	426702	1.0	confident	Alkalibacterium pelagium	Bacteria
f64fba18-a5f9-4e8e-9154-f6d41073151d	426702	1.0	confident	Alkalibacterium pelagium	Bacteria
d465c795-9f65-492a-be2c-c6155c0212c0	426702	1.0	confident	Alkalibacterium pelagium	Bacteria
8b3a3672-a5ed-4e73-863a-4c47892b4dc8	426702	1.0	confident	Alkalibacterium pelagium	Bacteria
996ce072-90dd-4cf0-b2b8-692b9eae4078	426702	1.0	confident	Alkalibacterium pelagium	Bacteria
5e13a5d6-6555-49b4-9214-e47c04900a86	426702	1.0	confident	Alkalibacterium pelagium	Bacteria
0aded8f6-65ad-402f-b889-c860bd1c8fdc	426702	1.0	confident	Alkalibacterium pelagium	Bacteria
1b67613d-2038-4c02-9311-6c9809d54255	426702	1.0	confident	Alkalibacterium pelagium	Bacteria
1db26998-b217-43c2-bf12-c5c531556e96	426702	1.0	confident	Alkalibacterium pelagium	Bacteria
3886f420-b938-4754-9890-824fb9dad588	426702	1.0	confident	Alkalibacterium pelagium	Bacteria
7cdeb943-e3d4-40f7-8889-027d590c9d90	426702	1.0	confident	Alkalibacterium pelagium	Bacteria
f96eb6d8-741e-4fa3-b283-92b34c180530	426702	1.0	confident	Alkalibacterium pelagium	Bacteria
4afe7db3-e751-4fda-81fa-c5f7a79c6995	426702	1.0	confident	Alkalibacterium pelagium	Bacteria
428e5a16-27ea-4234-b944-f5831a06d1a8	426702	1.0	confident	Alkalibacterium pelagium	Bacteria
eab34c6b-8815-4546-923b-b7b50c410c4f	426702	1.0	confident	Alkalibacterium pelagium	Bacteria
48bbb4f3-479c-4f95-99f0-5f5feac38422	426702	1.0	confident	Alkalibacterium pelagium	Bacteria
aa4a9e80-17ea-456d-b915-d4bf852391d8	426702	1.0	confident	Alkalibacterium pelagium	Bacteria
513c90ab-183c-46a4-a2dd-05120735b79f	426702	1.0	confident	Alkalibacterium pelagium	Bacteria
8f9b5d6b-55b1-461f-9078-e695578ff93d	426702	1.0	confident	Alkalibacterium pelagium	Bacteria
c1db2723-d686-4e4b-b742-b81cc1daa8d7	426702	1.0	confident	Alkalibacterium pelagium	Bacteria
bf63dbd8-d6db-4628-9e02-1bd2415a8eed	426702	1.0	confident	Alkalibacterium pelagium	Bacteria
ba6e2ffb-bbbd-4f1a-b9d6-1edb3e435240	426702	1.0	confident	Alkalibacterium pelagium	Bacteria
cb22bc3e-b456-4e7c-b5c0-0a0c3ebbab64	426702	1.0	confident	Alkalibacterium pelagium	Bacteria
5cd64c79-cf60-4f0c-a019-f8ab3d374a6a	426702	1.0	confident	Alkalibacterium pelagium	Bacteria
bc2ec67c-63ce-419c-8af4-4a1214e5169a	426702	1.0	confident	Alkalibacterium pelagium	Bacteria
fa4ebfc5-660e-4b9e-adb7-82c72ceddc1c	426702	1.0	confident	Alkalibacterium pelagium	Bacteria
a543b323-3fa0-4f6e-a6a4-a82b6a870723	426702	1.0	confident	Alkalibacterium pelagium	Bacteria
2c2620b8-df80-4c98-896f-6a83d6950792	426702	1.0	confident	Alkalibacterium pelagium	Bacteria
6d6d087b-e69c-4ee5-a86c-31165484da35	426702	1.0	confident	Alkalibacterium pelagium	Bacteria
8edf9797-8e8f-4f18-8c1f-7f721df96d34	426702	1.0	confident	Alkalibacterium pelagium	Bacteria
6e83b5d9-45e3-472f-beb2-8084f630048f	426702	1.0	confident	Alkalibacterium pelagium	Bacteria
9e129186-68f4-4038-963a-1c109a9faf26	426702	1.0	confident	Alkalibacterium pelagium	Bacteria
43fe29e4-ddfe-454b-aa54-d5e1c2a2b134	426702	1.0	confident	Alkalibacterium pelagium	Bacteria
a9708cab-48aa-40a1-a1b7-0647c331d708	426702	1.0	confident	Alkalibacterium pelagium	Bacteria
31d357ea-c80d-485a-ad82-1d9b7e922cc0	426702	1.0	confident	Alkalibacterium pelagium	Bacteria
4779a2a0-8ec6-49bf-9eda-995d1c36911a	426702	1.0	confident	Alkalibacterium pelagium	Bacteria
806f84c9-001a-47f5-8303-1af5f557cff3	426702	1.0	confident	Alkalibacterium pelagium	Bacteria
1878ee95-64b7-4245-9d7b-b2d73642e507	426702	1.0	confident	Alkalibacterium pelagium	Bacteria
09b341e1-b925-4944-9dc6-0925f233893d	426702	1.0	confident	Alkalibacterium pelagium	Bacteria
36e9100b-a984-4b9c-920e-3ba27617ad24	426702	1.0	confident	Alkalibacterium pelagium	Bacteria
b1c05585-8754-4447-9653-8dbdde5e5603	426702	1.0	confident	Alkalibacterium pelagium	Bacteria
c438d939-8858-49da-973e-05c564dce8ed	426702	1.0	confident	Alkalibacterium pelagium	Bacteria
3856553f-c2f1-44ca-88b9-217b48e14ce8	426702	1.0	confident	Alkalibacterium pelagium	Bacteria
6825aa17-68a6-4e04-bd9c-5fab8eb7d45d	426702	1.0	confident	Alkalibacterium pelagium	Bacteria
1cb5ae32-64fc-4580-bb88-8e7353eee902	426702	1.0	confident	Alkalibacterium pelagium	Bacteria
799c17c6-df5d-4121-9a2e-186d690bd7c5	426702	1.0	confident	Alkalibacterium pelagium	Bacteria
de1e252f-c88d-465f-8c2f-5ae91b1aafca	426702	1.0	confident	Alkalibacterium pelagium	Bacteria
5bc1597d-33ba-4f75-aa93-0f274cb41efe	426702	1.0	confident	Alkalibacterium pelagium	Bacteria
80a3be71-fa84-4bc0-977a-5ac53ee26f4c	426702	1.0	confident	Alkalibacterium pelagium	Bacteria
6c232dcd-6b00-4923-8825-f504d6168fbf	426702	1.0	confident	Alkalibacterium pelagium	Bacteria
190f7c35-42b4-4ea6-864b-08701b3d56bf	426702	1.0	confident	Alkalibacterium pelagium	Bacteria
de8f5332-fa29-451e-93a0-537d3390d272	426702	1.0	confident	Alkalibacterium pelagium	Bacteria
02b3308c-4f73-4d8a-b01c-63b0eefb91f5	426702	1.0	confident	Alkalibacterium pelagium	Bacteria
c3c2d152-2bce-4fbe-a449-32886b118c38	426702	1.0	confident	Alkalibacterium pelagium	Bacteria
66331833-fb7f-4e2c-80d1-d15e96c59c07	426702	1.0	confident	Alkalibacterium pelagium	Bacteria
b869768a-7b6a-490c-bb68-fd350a83c445	426702	1.0	confident	Alkalibacterium pelagium	Bacteria
dd7fc90a-fefd-49db-aa0c-dd9a13e8a3cd	426702	1.0	confident	Alkalibacterium pelagium	Bacteria
7b4ee3fa-9c42-4a85-8adf-fdced1700827	426702	1.0	confident	Alkalibacterium pelagium	Bacteria
2ebf8faa-f07e-4d1b-b357-89de7e44f45e	426702	1.0	confident	Alkalibacterium pelagium	Bacteria
afee6719-5b52-4b7e-8db9-df75797f423c	426702	1.0	confident	Alkalibacterium pelagium	Bacteria
61d9b9a9-e02a-4476-82f1-4dc5c1b9cf5c	426702	1.0	confident	Alkalibacterium pelagium	Bacteria
c19f8aa0-3d28-470a-9da7-f1c6025f1812	426702	1.0	confident	Alkalibacterium pelagium	Bacteria
52534d52-fe75-4847-b20c-3c7eb37a1493	426702	1.0	confident	Alkalibacterium pelagium	Bacteria
2cf388cf-7e02-4eb5-95dd-1fd42c3c7be3	426702	1.0	confident	Alkalibacterium pelagium	Bacteria
59b9ebc0-0fbf-4425-927d-3de5288d364d	426702	1.0	confident	Alkalibacterium pelagium	Bacteria
e583a5a1-5cb6-4ab9-b873-d5f0ad6904a0	426702	1.0	confident	Alkalibacterium pelagium	Bacteria
839fb9de-aa17-4562-a447-cfade53c6cb2	426702	1.0	confident	Alkalibacterium pelagium	Bacteria
c4517e53-8f05-4642-a771-a6210afc4fab	426702	1.0	confident	Alkalibacterium pelagium	Bacteria
31b8b62a-42ab-45b0-a886-04036da57309	426702	1.0	confident	Alkalibacterium pelagium	Bacteria
c25dafe7-18f3-45da-ad7c-637831d0096a	426702	1.0	confident	Alkalibacterium pelagium	Bacteria
e1f95a43-59f1-4307-83c4-ed41428cbd2e	426702	1.0	confident	Alkalibacterium pelagium	Bacteria
e9510723-ca55-4b20-b92b-5cd8b7963ead	426702	1.0	confident	Alkalibacterium pelagium	Bacteria
76961fd6-7a7d-42f1-8774-1c0ee94d17ab	426702	1.0	confident	Alkalibacterium pelagium	Bacteria
a7a336e0-5c84-45b9-a422-4f1dec572455	426702	1.0	confident	Alkalibacterium pelagium	Bacteria
f0753a35-c774-4672-88ee-44e7d389be32	426702	1.0	confident	Alkalibacterium pelagium	Bacteria
cee0dac0-19c2-4d1f-a067-bf032c82a4e3	426702	1.0	confident	Alkalibacterium pelagium	Bacteria
02ae0643-2311-427f-aa45-a24c7501be90	426702	1.0	confident	Alkalibacterium pelagium	Bacteria
1fb9dc83-f667-4c34-a87f-0100e5bbdf58	426702	1.0	confident	Alkalibacterium pelagium	Bacteria
9d08d758-a1c2-4e46-b6ad-95b82879d2ef	426702	1.0	confident	Alkalibacterium pelagium	Bacteria
872cbc7e-90ac-4f9b-8d67-7abf201c157f	426702	1.0	confident	Alkalibacterium pelagium	Bacteria
833e402c-2a20-41bc-84e6-147f826f6e39	426702	1.0	confident	Alkalibacterium pelagium	Bacteria
8fa9b0eb-c958-43ff-8492-67d04612b1a3	426702	1.0	confident	Alkalibacterium pelagium	Bacteria
80cb239b-c6fa-452f-a788-8c494e0156ff	426702	1.0	confident	Alkalibacterium pelagium	Bacteria
2ded0297-eaa4-475e-89fc-68e91aec9ce9	426702	1.0	confident	Alkalibacterium pelagium	Bacteria
2aacb8d7-d290-4a8c-b1ec-2c6c60ee5537	426702	1.0	confident	Alkalibacterium pelagium	Bacteria
bab3490e-6859-4d81-a029-4645651a6807	426702	1.0	confident	Alkalibacterium pelagium	Bacteria
1d7bd7a2-4163-4f21-9a69-65c05b7cd93b	426702	1.0	confident	Alkalibacterium pelagium	Bacteria
6aa91b98-72c6-4bb7-bda2-378dfb92f2c1	426702	1.0	confident	Alkalibacterium pelagium	Bacteria
9d387914-0470-4005-80fa-fe348faf9d25	426702	1.0	confident	Alkalibacterium pelagium	Bacteria
2e7400ea-5109-4789-87de-b797a1b98c31	426702	1.0	confident	Alkalibacterium pelagium	Bacteria
e3696ed9-a99f-4670-85f3-f893bfce1677	426702	1.0	confident	Alkalibacterium pelagium	Bacteria
8d902c70-7800-4c76-95cf-fd554519370c	426702	1.0	confident	Alkalibacterium pelagium	Bacteria
fd48862b-cba5-47b8-aa66-8e3b409d6300	426702	1.0	confident	Alkalibacterium pelagium	Bacteria
b1ef66bf-2eb7-4ad0-aee6-d205351a55ac	426702	1.0	confident	Alkalibacterium pelagium	Bacteria
959319a9-fdba-4fea-bf8f-e43e3c268ea6	426702	1.0	confident	Alkalibacterium pelagium	Bacteria
8b60b587-6e40-4bbd-85e4-7a3d1b8d2646	426702	1.0	confident	Alkalibacterium pelagium	Bacteria
b1a76c72-00fe-4004-8054-b77771af0014	426702	1.0	confident	Alkalibacterium pelagium	Bacteria
6f623f16-0a05-4e41-b016-33f8343cda66	426702	1.0	confident	Alkalibacterium pelagium	Bacteria
cff9ab0e-ebc2-47dc-89e1-6b5f51bf0a47	426702	1.0	confident	Alkalibacterium pelagium	Bacteria
29659d1e-b8bf-42cb-ac4a-b331bd944e37	426702	1.0	confident	Alkalibacterium pelagium	Bacteria
48e46040-de51-4de0-a5f8-75d2538b6601	426702	1.0	confident	Alkalibacterium pelagium	Bacteria
5995f73b-a15f-42e6-a3eb-7cebe1893c74	426702	1.0	confident	Alkalibacterium pelagium	Bacteria
71a1490f-712e-4f83-abe6-ee7bf4b39024	426702	1.0	confident	Alkalibacterium pelagium	Bacteria
0b279d0e-cd94-4ea4-91de-bba9416d86a6	426702	1.0	confident	Alkalibacterium pelagium	Bacteria
735ac4cd-bcc5-4f07-b0d6-9e4b232aa58b	426702	1.0	confident	Alkalibacterium pelagium	Bacteria
c95acf44-533c-432f-9ff9-a6d1a88b5b53	426702	1.0	confident	Alkalibacterium pelagium	Bacteria
0f7e950c-baa5-4df0-bcce-5574921e6676	426702	1.0	confident	Alkalibacterium pelagium	Bacteria
cb471d0d-5ee5-4d72-9e9a-ecc7e73dd7c2	426702	1.0	confident	Alkalibacterium pelagium	Bacteria
f99a7047-e5b4-4f8a-bb58-aa6c8e72bd2a	426702	1.0	confident	Alkalibacterium pelagium	Bacteria
a6bbd269-35bb-4d61-a226-3b381f31cae8	426702	1.0	confident	Alkalibacterium pelagium	Bacteria
12d4bdbf-f9b2-42aa-8d80-f427ce2c5d62	426702	1.0	confident	Alkalibacterium pelagium	Bacteria
6f9dce52-ef11-4d2c-a2d8-b3561bdb29cc	426702	1.0	confident	Alkalibacterium pelagium	Bacteria
929fa884-a897-4c42-a0d3-00e086a11ce1	426702	1.0	confident	Alkalibacterium pelagium	Bacteria
5292f75e-3c71-481f-9a98-4e3140dc250d	426702	1.0	confident	Alkalibacterium pelagium	Bacteria
58379f57-8cdd-4fbe-a0e0-97ea510145e4	426702	1.0	confident	Alkalibacterium pelagium	Bacteria
271633d6-1263-4204-af3d-edf743961e46	426702	1.0	confident	Alkalibacterium pelagium	Bacteria
c5516ac8-d718-4aea-a9a9-1f232d6e91e4	426702	1.0	confident	Alkalibacterium pelagium	Bacteria
881bbb9a-e7d8-40b2-93ad-81aed727b293	426702	1.0	confident	Alkalibacterium pelagium	Bacteria
4ff2f0db-8e98-48f6-a1a1-6482792adc45	426702	1.0	confident	Alkalibacterium pelagium	Bacteria
fd8f6e08-4b18-4b04-b2d6-93a3cb08a880	426702	1.0	confident	Alkalibacterium pelagium	Bacteria
7a8ac015-61a3-4b03-8cab-f7b1aaf8b3be	426702	1.0	confident	Alkalibacterium pelagium	Bacteria
75ff981b-edb7-4915-9a08-7c3bc2486d4b	426702	1.0	confident	Alkalibacterium pelagium	Bacteria
78391fd7-5015-47cb-915e-1dd4cd689b4e	426702	1.0	confident	Alkalibacterium pelagium	Bacteria
c91c5fa3-dce3-4370-94a3-025050f88ae7	426702	1.0	confident	Alkalibacterium pelagium	Bacteria
cd4cdb24-d8c5-4623-9022-d006f77ad98c	426702	1.0	confident	Alkalibacterium pelagium	Bacteria
5c00b9ce-e1cb-4148-ac23-48a8d2535dd7	426702	1.0	confident	Alkalibacterium pelagium	Bacteria
0179d520-fe72-42b6-a7ea-3ad385f968d6	426702	1.0	confident	Alkalibacterium pelagium	Bacteria
b686a493-62ac-411e-88f1-ff4f3c329247	426702	1.0	confident	Alkalibacterium pelagium	Bacteria
62404ba3-5a21-4fbb-b41e-dfa06d19a59b	426702	1.0	confident	Alkalibacterium pelagium	Bacteria
4935efcc-7ae6-4c24-a922-dc42d21b4486	426702	1.0	confident	Alkalibacterium pelagium	Bacteria
82e0744a-2b20-4d85-9e83-6c999cb62eb2	426702	1.0	confident	Alkalibacterium pelagium	Bacteria
205e1b8c-7b27-42ed-892d-3c298ca07c5c	426702	1.0	confident	Alkalibacterium pelagium	Bacteria
e7fd0ee4-3a5a-4e97-91f2-ee2b1f812798	426702	1.0	confident	Alkalibacterium pelagium	Bacteria
98370abc-0eda-4add-b100-82e8f79c2b47	426702	1.0	confident	Alkalibacterium pelagium	Bacteria
83b98e92-7fcc-4b56-b52d-c32806023d07	426702	1.0	confident	Alkalibacterium pelagium	Bacteria
920ccd5a-3479-461f-8bf7-a213e1e659e3	426702	1.0	confident	Alkalibacterium pelagium	Bacteria
18f53898-fbb3-4b9d-8e1b-7c34345fb636	426702	1.0	confident	Alkalibacterium pelagium	Bacteria
235e1ec4-079c-4de4-89b0-8e7c866e0779	426702	1.0	confident	Alkalibacterium pelagium	Bacteria
843bab35-0e97-4325-ba70-8c26125777bb	426702	1.0	confident	Alkalibacterium pelagium	Bacteria
5d4473a0-edd5-4154-af0f-8eb8c32be40b	426702	1.0	confident	Alkalibacterium pelagium	Bacteria
2ec10433-9588-4660-b281-7ab20a84f4e1	426702	1.0	confident	Alkalibacterium pelagium	Bacteria
a224452b-f0b6-4eed-962c-e1a77c0cf43f	426702	1.0	confident	Alkalibacterium pelagium	Bacteria
0598e0e6-d35b-4ae4-bacc-46c389088e5c	426702	1.0	confident	Alkalibacterium pelagium	Bacteria
7fcb25a6-ff25-4a64-905f-57e84f1162cb	426702	1.0	confident	Alkalibacterium pelagium	Bacteria
13d60588-7682-4cbf-b6ed-944e33f83b17	426702	1.0	confident	Alkalibacterium pelagium	Bacteria
74625fd7-eeb9-4e93-9e8b-1a8b223c4936	426702	1.0	confident	Alkalibacterium pelagium	Bacteria
b081eb55-518a-4ee6-b46b-aa5b59cf255a	426702	1.0	confident	Alkalibacterium pelagium	Bacteria
75aef091-968f-47b8-a19b-f2510a2a9a98	426702	1.0	confident	Alkalibacterium pelagium	Bacteria
c893abc2-6501-4cc4-aefc-e174a78f897c	426702	1.0	confident	Alkalibacterium pelagium	Bacteria
1e33fae9-4e38-4028-a637-df2663ec5250	426702	1.0	confident	Alkalibacterium pelagium	Bacteria
ed318698-3846-4760-81d7-f5bb6a35cbf0	426702	1.0	confident	Alkalibacterium pelagium	Bacteria
b163d4b2-c246-4061-b316-96b452f2b618	426702	1.0	confident	Alkalibacterium pelagium	Bacteria
ee08d36a-5bd9-4501-bc86-7cbdc4c63a27	426702	1.0	confident	Alkalibacterium pelagium	Bacteria
0c1aac44-9837-41be-b041-6651c158b8f7	426702	1.0	confident	Alkalibacterium pelagium	Bacteria
c3eba6e2-e325-4545-8cd3-ea2022df7128	426702	1.0	confident	Alkalibacterium pelagium	Bacteria
e0226a15-bfa2-4adb-894c-30cc38e6aee0	426702	1.0	confident	Alkalibacterium pelagium	Bacteria
04b07ecb-45da-4246-aa3c-967ab3b7095c	426702	1.0	confident	Alkalibacterium pelagium	Bacteria
521e090d-a9dd-4538-beee-06a1bc2bcaa5	426702	1.0	confident	Alkalibacterium pelagium	Bacteria
7394528f-a2f5-4380-94b2-1a36bd48cc31	426702	1.0	confident	Alkalibacterium pelagium	Bacteria
313718a1-f958-446a-8986-c525f1c36b2c	426702	1.0	confident	Alkalibacterium pelagium	Bacteria
f111da59-7747-4ea8-97c6-c059c63c5c4c	426702	1.0	confident	Alkalibacterium pelagium	Bacteria
c3b38953-a5de-4880-8c93-3490cce94c23	426702	1.0	confident	Alkalibacterium pelagium	Bacteria
3a3dd279-fd8a-4cd8-85a5-58cad87d5e03	426702	1.0	confident	Alkalibacterium pelagium	Bacteria
7581d012-a812-47b9-ac2b-6fdeb47ac8d6	426702	1.0	confident	Alkalibacterium pelagium	Bacteria
850f3370-fb99-4b70-b4ff-eab543d118b8	426702	1.0	confident	Alkalibacterium pelagium	Bacteria
b96ed892-0bea-4558-b4bb-4d059f7c84a5	426702	1.0	confident	Alkalibacterium pelagium	Bacteria
d048026c-8f7a-4eec-8657-73a8bfe7067e	426702	1.0	confident	Alkalibacterium pelagium	Bacteria
71f932a6-bdde-438d-be2f-c179872d64d3	426702	1.0	confident	Alkalibacterium pelagium	Bacteria
e3ef15ee-51ba-4a4e-a447-0840cae1cbc6	426702	1.0	confident	Alkalibacterium pelagium	Bacteria
b78d9604-5a47-4153-a046-7a87a991b647	426702	1.0	confident	Alkalibacterium pelagium	Bacteria
e1e0c679-14a2-4b23-bb3d-a07518bbd0ae	426702	1.0	confident	Alkalibacterium pelagium	Bacteria
eb09d070-40c6-4ca2-a9eb-cc76b0a15ccb	426702	1.0	confident	Alkalibacterium pelagium	Bacteria
77c34e09-0e3a-4cef-b6f2-a68c556003b7	426702	1.0	confident	Alkalibacterium pelagium	Bacteria
f61dc0b8-26f6-4993-b886-0a390a71c018	426702	1.0	confident	Alkalibacterium pelagium	Bacteria
1f47c537-7d1b-4dae-92fb-cebcfb8a32f3	426702	1.0	confident	Alkalibacterium pelagium	Bacteria
8927849e-f25a-400d-b833-7d6d36ce65f1	426702	1.0	confident	Alkalibacterium pelagium	Bacteria
f8c98cd7-89cf-4e3a-86ad-272b0bf0195f	426702	1.0	confident	Alkalibacterium pelagium	Bacteria
c673519e-3cc9-45b7-bac5-908dd50fd182	426702	1.0	confident	Alkalibacterium pelagium	Bacteria
68a503f2-5701-4d6a-bc91-acfd690d66df	426702	1.0	confident	Alkalibacterium pelagium	Bacteria
11630b59-5a40-4b1e-a884-6d93afea5a3a	426702	1.0	confident	Alkalibacterium pelagium	Bacteria
64894ac6-3d77-4abb-bcbc-8ea7991634a1	426702	1.0	confident	Alkalibacterium pelagium	Bacteria
f73140bb-9320-45f4-9ff5-866099945d6f	426702	1.0	confident	Alkalibacterium pelagium	Bacteria
6978cd0f-f7d2-4172-838c-224d2124d50a	426702	1.0	confident	Alkalibacterium pelagium	Bacteria
bdac0f33-dda2-41f0-b42e-13f67a6bdaa5	426702	1.0	confident	Alkalibacterium pelagium	Bacteria
0e674226-5204-4155-989a-966f98f45e4c	426702	1.0	confident	Alkalibacterium pelagium	Bacteria
ed74350d-a4d3-4c58-b99d-766f50e137ac	426702	1.0	confident	Alkalibacterium pelagium	Bacteria
37264812-c79e-446e-a261-008f20c81cfd	426702	1.0	confident	Alkalibacterium pelagium	Bacteria
d2a5d36e-d8d9-47fd-8d8c-4673be4e0cab	426702	1.0	confident	Alkalibacterium pelagium	Bacteria
7eb34f7a-1a32-4a2b-86d2-177d8f61fa7f	426702	1.0	confident	Alkalibacterium pelagium	Bacteria
f0ee8fb6-e2e8-48f4-bb41-ab39bcbe8ea8	426702	1.0	confident	Alkalibacterium pelagium	Bacteria
dba6df04-6774-45fd-9f63-2cecbcbfdcbf	426702	1.0	confident	Alkalibacterium pelagium	Bacteria
4a83c82b-f2cf-4660-a492-62c5591254b3	426702	1.0	confident	Alkalibacterium pelagium	Bacteria
561d43bb-bb59-4cd9-8225-8fb8f25fdd21	426702	1.0	confident	Alkalibacterium pelagium	Bacteria
9c10113c-b4a4-48c1-887f-036729b3370d	426702	1.0	confident	Alkalibacterium pelagium	Bacteria
21edc1e1-e4fb-421f-a4c4-d7588af2a4c2	426702	1.0	confident	Alkalibacterium pelagium	Bacteria
aa44a8f0-c97a-4d30-a163-1cac25eeb1dd	426702	1.0	confident	Alkalibacterium pelagium	Bacteria
bd489dcf-5f78-4f26-bffc-bbc3f2cfd450	426702	1.0	confident	Alkalibacterium pelagium	Bacteria
1061ecfe-08e7-45b3-9632-fe2c6b24e2e9	426702	1.0	confident	Alkalibacterium pelagium	Bacteria
3939a39c-d85f-45cd-8cc2-4fec59326606	426702	1.0	confident	Alkalibacterium pelagium	Bacteria
526fda2a-7edf-4163-b494-8851a96704a2	426702	1.0	confident	Alkalibacterium pelagium	Bacteria
a00f5484-068d-472f-9fa3-dde6653313f1	426702	1.0	confident	Alkalibacterium pelagium	Bacteria
3f5eae80-e07f-4a5f-b30f-e37691a246cb	426702	1.0	confident	Alkalibacterium pelagium	Bacteria
7ac426c7-9bf8-4fff-91f1-013e5ee80742	426702	1.0	confident	Alkalibacterium pelagium	Bacteria
3d43943e-3727-40cf-a92c-63e6a1f35a88	426702	1.0	confident	Alkalibacterium pelagium	Bacteria
1ea70a00-4c51-4a59-9f1f-641c9b41e852	426702	1.0	confident	Alkalibacterium pelagium	Bacteria
224a15ec-0116-456e-8acc-10832e0889b7	426702	1.0	confident	Alkalibacterium pelagium	Bacteria
1b9a011d-75d9-4117-b176-21cc65e19c7c	426702	1.0	confident	Alkalibacterium pelagium	Bacteria
b9a6bb3b-1ef9-48e3-b6b0-4f5e7bea7af7	426702	1.0	confident	Alkalibacterium pelagium	Bacteria
a3ed7f61-cfdf-420d-8d74-d631bb14c86c	426702	1.0	confident	Alkalibacterium pelagium	Bacteria
3e4485c8-4f28-4ac6-8d2e-d9e7c071c25c	426702	1.0	confident	Alkalibacterium pelagium	Bacteria
d505106a-49a1-401b-81d5-567b88ea2cdc	426702	1.0	confident	Alkalibacterium pelagium	Bacteria
8725f663-dc18-4307-b989-8950a80ee55b	426702	1.0	confident	Alkalibacterium pelagium	Bacteria
1368596b-2903-4a25-b63e-a6b87183a65a	426702	1.0	confident	Alkalibacterium pelagium	Bacteria
67129f77-0cca-4218-a844-e77b1f7eabf2	426702	1.0	confident	Alkalibacterium pelagium	Bacteria
e2688fc4-280a-4b9d-b329-4c86c0dbfc8a	426702	1.0	confident	Alkalibacterium pelagium	Bacteria
d27b7ee7-c129-48c0-a7f2-cf153bfec5d4	426702	1.0	confident	Alkalibacterium pelagium	Bacteria
35f3abe2-414a-4415-93dd-ab3426c9b845	426702	1.0	confident	Alkalibacterium pelagium	Bacteria
4bd0dd9e-4522-4aa4-bc7b-13751ac330f5	426702	1.0	confident	Alkalibacterium pelagium	Bacteria
7b597ac0-4eb7-4638-b9a5-243eaa27c9be	426702	1.0	confident	Alkalibacterium pelagium	Bacteria
c86407f6-fafb-44df-b9d9-a5ee62cc58f3	426702	1.0	confident	Alkalibacterium pelagium	Bacteria
ebd8dbb8-55ea-4fb2-aa87-5e65a762b031	426702	1.0	confident	Alkalibacterium pelagium	Bacteria
e6c28a83-ec90-4d7b-8ec5-32695ac09527	426702	1.0	confident	Alkalibacterium pelagium	Bacteria
afb0457c-8576-4322-acb4-b1ae7797f5be	426702	1.0	confident	Alkalibacterium pelagium	Bacteria
e9e7cc69-f94a-4304-a43e-fa52fb7fe043	426702	1.0	confident	Alkalibacterium pelagium	Bacteria
461ae8ec-54b9-4d91-af32-2d7cbda73bce	426702	1.0	confident	Alkalibacterium pelagium	Bacteria
b99c6812-61f8-4fc8-a9ab-9b75025563ad	426702	1.0	confident	Alkalibacterium pelagium	Bacteria
b4485448-54d2-453a-b228-a926012fd525	426702	1.0	confident	Alkalibacterium pelagium	Bacteria
bf5b4582-e439-4a23-9d53-849513bfc5e7	426702	1.0	confident	Alkalibacterium pelagium	Bacteria
a9fcfad1-27cd-47c1-93fc-471748fd0f5e	426702	1.0	confident	Alkalibacterium pelagium	Bacteria
75c67818-b265-472a-874b-1a53a623d03c	426702	1.0	confident	Alkalibacterium pelagium	Bacteria
45e62b25-a06a-40e9-977a-2df0e75f8ad8	426702	1.0	confident	Alkalibacterium pelagium	Bacteria
8285f2d7-d9b5-4075-b4e6-367e51f18ca8	426702	1.0	confident	Alkalibacterium pelagium	Bacteria
e11511ca-7924-4d79-a6b6-70cb66edd165	426702	1.0	confident	Alkalibacterium pelagium	Bacteria
a29f583a-145b-4f5e-a23d-d61910ca9aa0	426702	1.0	confident	Alkalibacterium pelagium	Bacteria
56d4f8cd-7e96-4d61-a8ab-7ce846fc17d2	426702	1.0	confident	Alkalibacterium pelagium	Bacteria
f9fa4e70-a514-4560-a679-fdf1c5762aac	426702	1.0	confident	Alkalibacterium pelagium	Bacteria
1f9e3ac7-dbb5-4d11-ac2f-6caa633b8a34	426702	1.0	confident	Alkalibacterium pelagium	Bacteria
785e659c-4617-4d06-939f-39aa6a1c8861	426702	1.0	confident	Alkalibacterium pelagium	Bacteria
d07ee7e9-2e0e-4c3f-86af-38f01fdab840	426702	1.0	confident	Alkalibacterium pelagium	Bacteria
26e0762f-d363-46cf-ba4b-8acf55650c3f	426702	1.0	confident	Alkalibacterium pelagium	Bacteria
3da093a9-bd3b-477c-87b9-cff0ef300bbe	426702	1.0	confident	Alkalibacterium pelagium	Bacteria
1c50bb83-ee37-41c7-8bf1-e329da5547ce	426702	1.0	confident	Alkalibacterium pelagium	Bacteria
08851a8f-06ef-437e-a917-cb0fbb27c8db	426702	1.0	confident	Alkalibacterium pelagium	Bacteria
54698bc2-ca0e-4c78-949f-633137dba9ac	426702	1.0	confident	Alkalibacterium pelagium	Bacteria
776efd0d-032f-4802-b0f5-85c04cb38e8f	426702	1.0	confident	Alkalibacterium pelagium	Bacteria
6fd59c9c-b479-4db6-80d1-e60677ca2145	426702	1.0	confident	Alkalibacterium pelagium	Bacteria
1b0f5279-2405-46e2-b52e-340dcc497da7	426702	1.0	confident	Alkalibacterium pelagium	Bacteria
a6c4d303-6686-448f-a33e-f9f7ef2ba20c	426702	1.0	confident	Alkalibacterium pelagium	Bacteria
f870e685-21f3-41bf-94c6-3172c5ce0fcb	426702	1.0	confident	Alkalibacterium pelagium	Bacteria
7d063efd-fdfd-42e5-8e6c-18394c6187f0	426702	1.0	confident	Alkalibacterium pelagium	Bacteria
0698afd9-82c4-4b92-8d9b-2af84916a416	426702	1.0	confident	Alkalibacterium pelagium	Bacteria
fe3eb201-3e55-4b30-b6d3-ba8cacbb9e14	426702	1.0	confident	Alkalibacterium pelagium	Bacteria
313bfd27-9113-4cc8-b919-d4a1f4543a58	426702	1.0	confident	Alkalibacterium pelagium	Bacteria
34722f2e-1074-4cbd-8fb5-40cf5b419fdc	426702	1.0	confident	Alkalibacterium pelagium	Bacteria
6ac28039-fce4-4fe7-a49e-fc09de06cbc1	426702	1.0	confident	Alkalibacterium pelagium	Bacteria
83ef946b-7a66-46c1-b19b-8ab922446dc2	426702	1.0	confident	Alkalibacterium pelagium	Bacteria
024db2a3-1558-4d52-bddc-c4da313994b5	426702	1.0	confident	Alkalibacterium pelagium	Bacteria
9218cc26-a9dd-4071-af04-a565cbcbde14	426702	1.0	confident	Alkalibacterium pelagium	Bacteria
be72ec70-75fa-404b-9732-80ecf6f7cc07	426702	1.0	confident	Alkalibacterium pelagium	Bacteria
5d0f3d1a-87d1-4ff0-a41e-d8bee7fc877b	426702	1.0	confident	Alkalibacterium pelagium	Bacteria
35148f26-4212-4c14-8546-62440f33391b	426702	1.0	confident	Alkalibacterium pelagium	Bacteria
cb772cd9-5615-4ad7-a6b7-9e86ae184057	426702	1.0	confident	Alkalibacterium pelagium	Bacteria
71dad801-ca6f-41eb-8275-582653576ae9	426702	1.0	confident	Alkalibacterium pelagium	Bacteria
7eb7f544-6061-40bc-9064-b6d48b74c8d3	426702	1.0	confident	Alkalibacterium pelagium	Bacteria
67eaf381-2583-47b4-8bb0-5601c779c596	426702	1.0	confident	Alkalibacterium pelagium	Bacteria
c57edefd-6f46-48ea-b00d-f19b33b61a20	426702	1.0	confident	Alkalibacterium pelagium	Bacteria
0070aec3-3d6f-46ee-a82f-f558b1b8f46a	426702	1.0	confident	Alkalibacterium pelagium	Bacteria
18001633-f985-433d-bbd2-c6c507ee6234	426702	1.0	confident	Alkalibacterium pelagium	Bacteria
5e29a965-749d-44f1-b92a-940094838e27	426702	1.0	confident	Alkalibacterium pelagium	Bacteria
a65142e8-564d-4d84-8212-9947eacb0ef0	426702	1.0	confident	Alkalibacterium pelagium	Bacteria
9d4dc47a-a798-4ad5-9038-9e73ea8baaed	426702	1.0	confident	Alkalibacterium pelagium	Bacteria
25107fc7-a1ff-45a2-b81d-67c9a307f660	426702	1.0	confident	Alkalibacterium pelagium	Bacteria
1de1dc8c-3a1f-4bff-b02c-fbaa89955d86	426702	1.0	confident	Alkalibacterium pelagium	Bacteria
2b8716ed-d614-4544-8702-41cd42e56b15	426702	1.0	confident	Alkalibacterium pelagium	Bacteria
13585c43-e1ab-4a5b-b52a-048abbfd0207	426702	1.0	confident	Alkalibacterium pelagium	Bacteria
e4970ef6-f324-488a-a747-e0a98d9cabe6	426702	1.0	confident	Alkalibacterium pelagium	Bacteria
4c924339-0b0c-47ec-99ab-5c13f5e4cb01	426702	1.0	confident	Alkalibacterium pelagium	Bacteria
0ceb9e7f-0a39-489f-a5e6-b339602d1611	426702	1.0	confident	Alkalibacterium pelagium	Bacteria
37358e90-eea0-4177-b99f-cd712e1f8e00	426702	1.0	confident	Alkalibacterium pelagium	Bacteria
7711f6f4-6462-4fe2-8d36-7f08752c5fec	426702	1.0	confident	Alkalibacterium pelagium	Bacteria
f9fccdf4-d3af-43bc-ad4d-3db9f70e5d0a	426702	1.0	confident	Alkalibacterium pelagium	Bacteria
9913b68e-8eb3-4438-bede-8d147a9f3dab	426702	1.0	confident	Alkalibacterium pelagium	Bacteria
a3359785-bc39-492b-95c5-0f08fed561b9	426702	1.0	confident	Alkalibacterium pelagium	Bacteria
df68e841-500f-4fc3-95a1-2dab02ef7174	426702	1.0	confident	Alkalibacterium pelagium	Bacteria
fd06c753-82be-4d7b-813c-1ac883e234fb	426702	1.0	confident	Alkalibacterium pelagium	Bacteria
bc6ac4b4-f36b-4257-9c03-1fcc72a4d022	426702	1.0	confident	Alkalibacterium pelagium	Bacteria
b5d10950-8fc4-4ca2-8aeb-29fd59ba8293	426702	1.0	confident	Alkalibacterium pelagium	Bacteria
bea6461c-b601-4596-927d-442c82a64fce	426702	1.0	confident	Alkalibacterium pelagium	Bacteria
57832e0b-894c-47d1-92bb-11e778324769	426702	1.0	confident	Alkalibacterium pelagium	Bacteria
fca306f1-f18b-4c42-9764-4c94c50e6052	426702	1.0	confident	Alkalibacterium pelagium	Bacteria
70f51e73-54f5-4ced-970c-f126db97996b	426702	1.0	confident	Alkalibacterium pelagium	Bacteria
6114313a-4233-4a59-98a7-302e9181a200	426702	1.0	confident	Alkalibacterium pelagium	Bacteria
63723178-15c0-4da0-8302-2e54cca3b97e	426702	1.0	confident	Alkalibacterium pelagium	Bacteria
958a0a3b-179d-47c5-987a-43e50b3b0343	426702	1.0	confident	Alkalibacterium pelagium	Bacteria
cb4d45d2-c6b4-4aa7-b9ae-92d583523a8c	426702	1.0	confident	Alkalibacterium pelagium	Bacteria
4b70da38-26c7-453e-b60f-c6544e1b67f3	426702	1.0	confident	Alkalibacterium pelagium	Bacteria
9fc45f10-d2b2-488e-847c-e7490d094f32	426702	1.0	confident	Alkalibacterium pelagium	Bacteria
a9cfb590-da3f-4180-b5f2-b8675d04071d	426702	1.0	confident	Alkalibacterium pelagium	Bacteria
bca085c9-196a-4b64-a8a4-57b7eaf501db	426702	1.0	confident	Alkalibacterium pelagium	Bacteria
cf0aa460-4ebc-41b7-afb1-9e0ed708fb23	426702	1.0	confident	Alkalibacterium pelagium	Bacteria
bad4870f-42a0-454e-a453-ad63764dfe54	426702	1.0	confident	Alkalibacterium pelagium	Bacteria
0bcbb80a-acd7-410b-aa58-d22084469ae4	426702	1.0	confident	Alkalibacterium pelagium	Bacteria
87f763f0-c054-4bc6-9961-df2a1e3b7053	426702	1.0	confident	Alkalibacterium pelagium	Bacteria
ba1b5f7e-e51a-43bb-a33a-449c653b89b3	426702	1.0	confident	Alkalibacterium pelagium	Bacteria
f060ee4d-62ef-4bd7-b82d-d8e905684554	426702	1.0	confident	Alkalibacterium pelagium	Bacteria
a967e149-1962-4b06-ad21-af87b62a060b	426702	1.0	confident	Alkalibacterium pelagium	Bacteria
614e7d20-777d-4be3-8811-3604c68cef3a	426702	1.0	confident	Alkalibacterium pelagium	Bacteria
58669874-515f-4cca-b8d5-f294d0466501	426702	1.0	confident	Alkalibacterium pelagium	Bacteria
0a27fb9e-9035-408a-a1d5-7f2fb7c686e0	426702	1.0	confident	Alkalibacterium pelagium	Bacteria
9482b278-854c-4250-9b92-29d61979afa8	426702	1.0	confident	Alkalibacterium pelagium	Bacteria
ecffe3be-969f-4115-b2a5-75a898beded3	426702	1.0	confident	Alkalibacterium pelagium	Bacteria
2df3121f-2aed-4816-9da3-9b382b78cc26	426702	1.0	confident	Alkalibacterium pelagium	Bacteria
b78b4e5e-ebda-4780-aae0-87b7b8b12538	426702	1.0	confident	Alkalibacterium pelagium	Bacteria
41d5e6cc-97ca-410c-b103-5fe938d4a8f2	426702	1.0	confident	Alkalibacterium pelagium	Bacteria
c3b58f15-c2eb-42d3-8da8-63b183c4e09d	426702	1.0	confident	Alkalibacterium pelagium	Bacteria
f5847e57-1833-4947-a139-95bb58e2a479	426702	1.0	confident	Alkalibacterium pelagium	Bacteria
f009449a-6a25-4961-bc58-9e5e59b3d38d	426702	1.0	confident	Alkalibacterium pelagium	Bacteria
a3a7ea35-c65a-471b-a13b-b8769ca48482	426702	1.0	confident	Alkalibacterium pelagium	Bacteria
bc9b701c-696d-4716-a747-7e0e63e6a0a9	426702	1.0	confident	Alkalibacterium pelagium	Bacteria
0f8711fb-70a6-4930-9f3f-091c4683feb0	426702	1.0	confident	Alkalibacterium pelagium	Bacteria
d1391fbb-f8fd-4425-b1a6-21a82338cd0c	426702	1.0	confident	Alkalibacterium pelagium	Bacteria
7720fd52-9c9e-4359-ab1e-52b5b382c856	426702	1.0	confident	Alkalibacterium pelagium	Bacteria
66dd7241-6e7f-43f9-9103-e878e9a6af09	426702	1.0	confident	Alkalibacterium pelagium	Bacteria
884952af-0a98-4a0a-8f02-5b54dc766d20	426702	1.0	confident	Alkalibacterium pelagium	Bacteria
7932db93-4beb-4ae0-97a2-58b632662d16	426702	1.0	confident	Alkalibacterium pelagium	Bacteria
01804408-d135-418c-ac48-129e5d37b17f	426702	1.0	confident	Alkalibacterium pelagium	Bacteria
844e8b02-b2c2-4cde-9446-922df4936f18	426702	1.0	confident	Alkalibacterium pelagium	Bacteria
36b91a29-df72-4e5e-a9a0-e364dceace8b	426702	1.0	confident	Alkalibacterium pelagium	Bacteria
0c27b570-b4f0-448f-82ae-e44f85efdfba	426702	1.0	confident	Alkalibacterium pelagium	Bacteria
aa2e7e88-ada4-4a14-bd00-571e3f20e51e	426702	1.0	confident	Alkalibacterium pelagium	Bacteria
a351dc89-f7a0-45e8-9f15-bdade44b6e3d	426702	1.0	confident	Alkalibacterium pelagium	Bacteria
80ca991e-198c-410f-9fb5-7a3bc385077a	426702	1.0	confident	Alkalibacterium pelagium	Bacteria
3e5f3a49-860b-4d24-9143-279a2c104c27	426702	1.0	confident	Alkalibacterium pelagium	Bacteria
3d79adc8-dcb4-4283-a46a-c2d0cbc98e8e	426702	1.0	confident	Alkalibacterium pelagium	Bacteria
102467b9-93f6-428f-98ea-a8975466d8dc	426702	1.0	confident	Alkalibacterium pelagium	Bacteria
e0230028-918a-4aaf-b3dd-3cbccbc5be8e	426702	1.0	confident	Alkalibacterium pelagium	Bacteria
afd58c40-0156-4476-9737-71f184175fdd	426702	1.0	confident	Alkalibacterium pelagium	Bacteria
63803052-6922-4e57-b4b3-bb306e1b2d7c	426702	1.0	confident	Alkalibacterium pelagium	Bacteria
322d0d4e-98b0-4c6b-860c-720d5d8e2552	426702	1.0	confident	Alkalibacterium pelagium	Bacteria
568824f0-c5f8-4aca-8f5c-99b6989c283b	426702	1.0	confident	Alkalibacterium pelagium	Bacteria
ea5b903f-6b37-4d6b-bd4d-0332907e6eea	426702	1.0	confident	Alkalibacterium pelagium	Bacteria
b881904f-1e48-4024-a3e3-fc16a7736d27	426702	1.0	confident	Alkalibacterium pelagium	Bacteria
15e45d35-9732-4710-b5a8-f2cea1b28800	426702	1.0	confident	Alkalibacterium pelagium	Bacteria
de61e827-90a8-4bd8-b3b5-a6aa45ed8eff	426702	1.0	confident	Alkalibacterium pelagium	Bacteria
c25a47d8-33fa-495c-b76e-cc54f186396c	426702	1.0	confident	Alkalibacterium pelagium	Bacteria
0fdbfa49-64ad-4981-ad82-ee149c80a5c6	426702	1.0	confident	Alkalibacterium pelagium	Bacteria
fd59f42f-d367-41bb-a2c2-d32e390a37bd	426702	1.0	confident	Alkalibacterium pelagium	Bacteria
e7544816-fceb-420b-bad4-e74dd350037d	426702	1.0	confident	Alkalibacterium pelagium	Bacteria
750e7dea-4a38-47a7-89d2-b3e97bbd556e	426702	1.0	confident	Alkalibacterium pelagium	Bacteria
fb84b605-7ae1-4458-849f-85d2db47db69	426702	1.0	confident	Alkalibacterium pelagium	Bacteria
9b28b529-3ae3-46d3-8860-15e4646a39ef	426702	1.0	confident	Alkalibacterium pelagium	Bacteria
d56e3050-a6f8-46e3-b072-5b43c3be1ddb	426702	1.0	confident	Alkalibacterium pelagium	Bacteria
c936f7a5-1ac1-4202-9a67-7ee3dfd8f2ac	426702	1.0	confident	Alkalibacterium pelagium	Bacteria
7f774f46-ddfc-44b6-a9ee-977f2c3e1aa5	426702	1.0	confident	Alkalibacterium pelagium	Bacteria
da9ebabb-8548-45ef-956e-aae7d4df6469	426702	1.0	confident	Alkalibacterium pelagium	Bacteria
0c6bfc6a-fcf1-4faf-a858-2ad37b445cc5	426702	1.0	confident	Alkalibacterium pelagium	Bacteria
0fd79e2c-cf76-4bfc-9df7-736a23c95437	426702	1.0	confident	Alkalibacterium pelagium	Bacteria
4d5b787d-f244-4fb2-a7e3-5dbacd6b31fa	426702	1.0	confident	Alkalibacterium pelagium	Bacteria
e17ad094-6145-4da6-bb38-bc4d52bb96f4	426702	1.0	confident	Alkalibacterium pelagium	Bacteria
5ad0cee2-f701-4348-9aec-ac101b0855f6	426702	1.0	confident	Alkalibacterium pelagium	Bacteria
944b5608-5e3a-4f9c-8ce9-c1fbe34e97bc	426702	1.0	confident	Alkalibacterium pelagium	Bacteria
7c1239da-0e85-432e-8297-49fd01410ed3	426702	1.0	confident	Alkalibacterium pelagium	Bacteria
edec7693-2d9c-48d2-aa7e-2cf012f8dbcb	426702	1.0	confident	Alkalibacterium pelagium	Bacteria
11a148bb-c96d-486d-873f-7e33b4686302	426702	1.0	confident	Alkalibacterium pelagium	Bacteria
121743f7-3b11-45a0-a57a-8991ae4e623c	426702	1.0	confident	Alkalibacterium pelagium	Bacteria
9809fd77-1772-4f1f-9468-8e2db6fca62e	426702	1.0	confident	Alkalibacterium pelagium	Bacteria
2027b1fa-4f8c-4e93-a6ee-f5d2e9144d12	426702	1.0	confident	Alkalibacterium pelagium	Bacteria
972b32f8-a9cb-4f99-b82f-6f965c3d42b2	426702	1.0	confident	Alkalibacterium pelagium	Bacteria
3cd99731-1c61-443d-9ff3-4b12cf22cad4	426702	1.0	confident	Alkalibacterium pelagium	Bacteria
98d49f8d-7e51-4572-9edb-da1cff98f1f5	426702	1.0	confident	Alkalibacterium pelagium	Bacteria
e6fb4470-bde3-4bda-8d40-c6aea7a54b9f	426702	1.0	confident	Alkalibacterium pelagium	Bacteria
f874c063-c025-4655-bb9d-a53ef33de770	426702	1.0	confident	Alkalibacterium pelagium	Bacteria
dcc704a7-0656-49cf-a9d6-720c0de20600	426702	1.0	confident	Alkalibacterium pelagium	Bacteria
2ba2bc06-4234-4d5f-8931-2c86ab895c88	426702	1.0	confident	Alkalibacterium pelagium	Bacteria
fd75fe13-e438-4215-95c8-c2917a35c194	426702	1.0	confident	Alkalibacterium pelagium	Bacteria
14fd9719-9701-402c-9209-dea20316f559	426702	1.0	confident	Alkalibacterium pelagium	Bacteria
a57a9336-3687-4849-8a65-a7dc625aaf3e	426702	1.0	confident	Alkalibacterium pelagium	Bacteria
ad354be9-908d-43f6-a46c-8bc92a8792bd	426702	1.0	confident	Alkalibacterium pelagium	Bacteria
9963f949-345d-44cc-bf28-28f69e014a31	426702	1.0	confident	Alkalibacterium pelagium	Bacteria
7f82db1e-6342-43f2-a4bc-920da5a9d535	426702	1.0	confident	Alkalibacterium pelagium	Bacteria
95542f2b-9a14-4c5e-b0fd-934705659f1c	426702	1.0	confident	Alkalibacterium pelagium	Bacteria
052823e3-9c81-4fdb-8313-6e026e7d3f88	426702	1.0	confident	Alkalibacterium pelagium	Bacteria
128b385e-3bfa-49aa-a00b-3f945ffd9f66	426702	1.0	confident	Alkalibacterium pelagium	Bacteria
0abdebcc-759d-4623-ad73-20fd54cb03b9	426702	1.0	confident	Alkalibacterium pelagium	Bacteria
d6fddc07-9cd6-4931-9898-bd1b8caeacd6	426702	1.0	confident	Alkalibacterium pelagium	Bacteria
b1d35d50-4319-4fbd-9382-a822bf807615	426702	1.0	confident	Alkalibacterium pelagium	Bacteria
6946a638-471b-4375-8948-c0963b1534ba	426702	1.0	confident	Alkalibacterium pelagium	Bacteria
ed6a3130-84a3-4f96-b2b4-077f62b058da	426702	1.0	confident	Alkalibacterium pelagium	Bacteria
e687fdbb-8869-42d2-a799-ca9b97929094	426702	1.0	confident	Alkalibacterium pelagium	Bacteria
d8d829ba-fb0c-46fe-bb87-d5d872e507c1	426702	1.0	confident	Alkalibacterium pelagium	Bacteria
47ec59e0-3913-4869-a4df-e8f794148ae1	426702	1.0	confident	Alkalibacterium pelagium	Bacteria
efa4a94f-04dd-4884-b593-453d73e082b4	426702	1.0	confident	Alkalibacterium pelagium	Bacteria
b6e6a9a4-6aa6-44bc-aebe-a35440cf6928	426702	1.0	confident	Alkalibacterium pelagium	Bacteria
58abd7e7-de66-490e-9af7-a208cf8d6dcc	426702	1.0	confident	Alkalibacterium pelagium	Bacteria
288ecbe5-ba0c-429a-86ea-75995d312cee	426702	1.0	confident	Alkalibacterium pelagium	Bacteria
afa008f0-0c01-4a89-96a8-f64130208b8c	426702	1.0	confident	Alkalibacterium pelagium	Bacteria
fe27eef5-323b-4121-a934-92ad44fffbb5	426702	1.0	confident	Alkalibacterium pelagium	Bacteria
aec536d8-a63e-4f39-b682-02307c3384f5	426702	1.0	confident	Alkalibacterium pelagium	Bacteria
da4da78f-85d6-49af-bd06-b8307841dd33	426702	1.0	confident	Alkalibacterium pelagium	Bacteria
0e16b714-e16f-48ba-8793-0e97aa69d3e9	426702	1.0	confident	Alkalibacterium pelagium	Bacteria
e71caa5a-e649-412c-bda7-c63c8aadb368	426702	1.0	confident	Alkalibacterium pelagium	Bacteria
41adb087-d200-4029-965c-1196259cf820	426702	1.0	confident	Alkalibacterium pelagium	Bacteria
a3c793bb-4ada-4c74-b86e-6946ac11b778	426702	1.0	confident	Alkalibacterium pelagium	Bacteria
68e49139-ed82-49e2-b750-9f7f74f1cb84	426702	1.0	confident	Alkalibacterium pelagium	Bacteria
37395b29-89d5-43af-960c-f76db97c1a33	426702	1.0	confident	Alkalibacterium pelagium	Bacteria
59a65301-96aa-42ba-a32f-a435a57d73d9	426702	1.0	confident	Alkalibacterium pelagium	Bacteria
9964137f-0636-400d-b002-9df072f5baed	426702	1.0	confident	Alkalibacterium pelagium	Bacteria
66867838-2410-417a-a154-dc49b622265d	426702	1.0	confident	Alkalibacterium pelagium	Bacteria
0f86e906-6d32-4851-8d7a-e979355b4ad1	426702	1.0	confident	Alkalibacterium pelagium	Bacteria
074b24a9-abde-4e5b-b320-d182eae073f5	426702	1.0	confident	Alkalibacterium pelagium	Bacteria
e4293193-3cf7-47fe-ab68-b16c64cd809f	426702	1.0	confident	Alkalibacterium pelagium	Bacteria
294a8a7d-7d02-4dd1-8ab1-2308d4a1d675	426702	1.0	confident	Alkalibacterium pelagium	Bacteria
d3553e35-705f-4886-ae3f-93c7f675cfb1	426702	1.0	confident	Alkalibacterium pelagium	Bacteria
ddb159f8-ee60-4bd2-9156-af17035e0988	426702	1.0	confident	Alkalibacterium pelagium	Bacteria
b5b48341-b930-407d-a87d-7149c7fc34f4	426702	1.0	confident	Alkalibacterium pelagium	Bacteria
e2373236-d5b0-492c-a804-1578ce5086e1	426702	1.0	confident	Alkalibacterium pelagium	Bacteria
37809017-981d-455e-a15e-d1d6cdd47441	426702	1.0	confident	Alkalibacterium pelagium	Bacteria
fba3157e-cdbb-4bb5-b544-b0836d821274	426702	1.0	confident	Alkalibacterium pelagium	Bacteria
e4d42f85-eed0-4ead-bfa0-d667ebfee51f	426702	1.0	confident	Alkalibacterium pelagium	Bacteria
c892e722-d3f7-4e69-98e7-64ccce8d56d6	426702	1.0	confident	Alkalibacterium pelagium	Bacteria
a5291801-d306-4302-a9cb-319926a1a577	426702	1.0	confident	Alkalibacterium pelagium	Bacteria
38abe0c5-2cd0-4f35-a0f2-7e309abbb9fe	426702	1.0	confident	Alkalibacterium pelagium	Bacteria
6a235cf2-7031-4f9e-9733-6fd3f184aa27	426702	1.0	confident	Alkalibacterium pelagium	Bacteria
4c18e18b-9567-4c11-ac05-9cb225dfd245	426702	1.0	confident	Alkalibacterium pelagium	Bacteria
3f656bc3-047e-4832-bd74-c49b5db79218	426702	1.0	confident	Alkalibacterium pelagium	Bacteria
1df6ad6c-bc28-4ac9-8de1-9408f74d9c24	426702	1.0	confident	Alkalibacterium pelagium	Bacteria
7f12538f-132f-4f87-9610-749291b577fe	426702	1.0	confident	Alkalibacterium pelagium	Bacteria
eae81fa5-9143-4e1a-8d72-dd917f5c5038	426702	1.0	confident	Alkalibacterium pelagium	Bacteria
68d11bc7-ef9c-429e-bfb6-2dc4013488dd	426702	1.0	confident	Alkalibacterium pelagium	Bacteria
c12b037c-6f9a-40d3-bf9d-a16dfaa81e39	426702	1.0	confident	Alkalibacterium pelagium	Bacteria
615c7c7e-1c9b-487e-b316-72dc9f4931ed	426702	1.0	confident	Alkalibacterium pelagium	Bacteria
378aa069-edc8-4fe6-8b03-c1af1672cdcf	426702	1.0	confident	Alkalibacterium pelagium	Bacteria
483b71b1-8d3c-4556-ad69-b3d6233242be	426702	1.0	confident	Alkalibacterium pelagium	Bacteria
4234fa49-4376-4a2b-b4ac-b3fb872015d6	426702	1.0	confident	Alkalibacterium pelagium	Bacteria
e7a2c682-b001-4ec9-af81-4c5e18968703	426702	1.0	confident	Alkalibacterium pelagium	Bacteria
d6a593e7-3684-4a5f-af8f-ed4327dcedf9	426702	1.0	confident	Alkalibacterium pelagium	Bacteria
02c9ba9d-ca94-46f3-ae3d-e893944abb6f	426702	1.0	confident	Alkalibacterium pelagium	Bacteria
70b5ee54-1220-4a60-9ad4-a81af97df4cc	426702	1.0	confident	Alkalibacterium pelagium	Bacteria
869a50ed-89e0-437d-b56a-89768727e81e	426702	1.0	confident	Alkalibacterium pelagium	Bacteria
84732417-a262-4619-a796-e40d9d40c25c	426702	1.0	confident	Alkalibacterium pelagium	Bacteria
992193f8-ba62-4146-9b62-9ffd527ca0df	426702	1.0	confident	Alkalibacterium pelagium	Bacteria
f6ae5d85-817c-4eb7-b660-c1d0cc1028b1	426702	1.0	confident	Alkalibacterium pelagium	Bacteria
ccbf9386-5e2b-48c6-8532-77bbc315c01a	426702	1.0	confident	Alkalibacterium pelagium	Bacteria
c4e8507a-6036-4561-89ea-c07e1dd16ccf	426702	1.0	confident	Alkalibacterium pelagium	Bacteria
2304212e-9cc2-4eac-a66f-1ee6bfe66168	426702	1.0	confident	Alkalibacterium pelagium	Bacteria
d7301d89-b946-4fd5-b222-51f51284e135	426702	1.0	confident	Alkalibacterium pelagium	Bacteria
7a50af91-21a9-4db8-904b-31e48d4ec13b	72457	1.0	confident	Bacillus_sp.	Bacteria
9236c92b-055d-4f57-a2e1-1b0895d042dd	72457	1.0	confident	Bacillus_sp.	Bacteria
68c4dd95-810e-4c2c-a643-b9faaa7cfeba	72457	1.0	confident	Bacillus_sp.	Bacteria
5bfef447-2a0c-45cc-b873-afa45b4ea2e0	72457	1.0	confident	Bacillus_sp.	Bacteria
c7385e97-ec27-4106-9415-b7a9c29e7d26	72457	1.0	confident	Bacillus_sp.	Bacteria
6c80dcd4-2656-40f2-b0ac-4fab8c5eea88	72457	1.0	confident	Bacillus_sp.	Bacteria
94b65d4c-4a1b-48d6-a3e4-477f69ed5360	72457	1.0	confident	Bacillus_sp.	Bacteria
419e75b4-65f5-4c93-8291-3fbc71b0efec	72457	1.0	confident	Bacillus_sp.	Bacteria
0a643333-39fe-4165-ac8f-86cb91d9a305	72457	1.0	confident	Bacillus_sp.	Bacteria
2e800d36-89d5-4ad0-92f3-0eee98f08694	72457	1.0	confident	Bacillus_sp.	Bacteria
c2ab3c1b-e533-4f62-87e2-bf89597f7243	72457	1.0	confident	Bacillus_sp.	Bacteria
5265cadc-a43c-4ce6-9a92-d539e5b56ad9	72457	1.0	confident	Bacillus_sp.	Bacteria
f307d1ea-7fd3-4c98-8afe-88a0c88c4316	72457	1.0	confident	Bacillus_sp.	Bacteria
0b079fb8-6994-4906-abdf-784f7eb00576	72457	1.0	confident	Bacillus_sp.	Bacteria
c050aac1-9221-45cb-8586-3c237c6b1ed7	72457	1.0	confident	Bacillus_sp.	Bacteria
2ecc99ac-dcd8-4522-b6bf-637fc2333c44	72457	1.0	confident	Bacillus_sp.	Bacteria
efcaa344-ef83-4d80-b765-2da42bb5454d	72457	1.0	confident	Bacillus_sp.	Bacteria
bec59b08-035f-4002-bcb4-901f734b4d68	72457	1.0	confident	Bacillus_sp.	Bacteria
6ea6b264-ac0f-4f8b-82e9-d7cd7d9aa9b6	72457	1.0	confident	Bacillus_sp.	Bacteria
9ce58dbb-b80b-4d3c-b68a-bd51aa760338	72457	1.0	confident	Bacillus_sp.	Bacteria
6ba52cc5-e8ad-47ec-9308-b673e33e5145	72457	1.0	confident	Bacillus_sp.	Bacteria
4c431f60-128c-482a-aadd-c05321e9da1e	72457	1.0	confident	Bacillus_sp.	Bacteria
f28bfa84-b269-4cad-ae82-b0ffdb263827	72457	1.0	confident	Bacillus_sp.	Bacteria
ada4521e-553f-4fbd-bd8e-70b204772aa5	72457	1.0	confident	Bacillus_sp.	Bacteria
24d9e35c-2f72-4540-9a17-ef2697da49a0	72457	1.0	confident	Bacillus_sp.	Bacteria
11676e2e-e44c-4192-b5ec-9430553d88e0	72457	1.0	confident	Bacillus_sp.	Bacteria
26ed31f5-14b5-4b92-9b14-cbb16ff0313f	72457	1.0	confident	Bacillus_sp.	Bacteria
e863f96a-a719-4e8e-829e-7fb656b34df4	72457	1.0	confident	Bacillus_sp.	Bacteria
0c08eda3-283a-412c-b2a3-0d2cb441dd01	72457	1.0	confident	Bacillus_sp.	Bacteria
fa2b6add-b1ef-4184-b62f-eb3edc3284f0	72457	1.0	confident	Bacillus_sp.	Bacteria
e9cbc468-f674-4622-b148-ee75734ee2fe	72457	1.0	confident	Bacillus_sp.	Bacteria
954b1a3c-c148-4607-8cf0-5fce89d64d7a	72457	1.0	confident	Bacillus_sp.	Bacteria
9a8cd5a0-455e-4b14-a84b-c9200620b5f3	72457	1.0	confident	Bacillus_sp.	Bacteria
3994dc36-5b9f-44e8-95af-62fa16ede143	72457	1.0	confident	Bacillus_sp.	Bacteria
1d322eca-21cb-4200-b19b-e3dee80df6e5	72457	1.0	confident	Bacillus_sp.	Bacteria
312ca458-11ac-4f3f-b856-cab87a8dfb49	49632	0.25	low	Castanea_mollissima:plas	Eukaryota:plas
b35d249b-233c-421e-a440-0439ca0b95e4	49632	0.25	low	Castanea_mollissima:plas	Eukaryota:plas
b0d3cf48-eff8-4dac-89b6-9ab48c70c98e	49632	0.25	low	Castanea_mollissima:plas	Eukaryota:plas
5a5b54ef-6dbc-4605-86cf-36976a48f669	49632	0.25	low	Castanea_mollissima:plas	Eukaryota:plas
1d190a55-8c58-4921-b20c-0cdf0a30ce2a	49632	0.25	low	Castanea_mollissima:plas	Eukaryota:plas
b9dcfe1d-4615-439c-8ae6-3f211602c2e3	49632	0.25	low	Castanea_mollissima:plas	Eukaryota:plas
13e6cc2c-d8c3-430f-bda7-20dee238839a	49632	0.25	low	Castanea_mollissima:plas	Eukaryota:plas
2158dee0-8332-407a-a50e-e17bcbebec13	49632	0.25	low	Castanea_mollissima:plas	Eukaryota:plas
47095a5d-cf10-434e-871c-9e25a022d71a	49632	0.25	low	Castanea_mollissima:plas	Eukaryota:plas
62842c22-4a1b-4ea3-84e2-35a4a158313c	49632	0.25	low	Castanea_mollissima:plas	Eukaryota:plas
1083bdc2-ffa2-401c-91fd-940a6d805ea3	49632	0.25	low	Castanea_mollissima:plas	Eukaryota:plas
24aac0c0-e8cb-44ff-91a1-6a93272a2748	49632	0.25	low	Castanea_mollissima:plas	Eukaryota:plas
cbf939ca-0e1b-464a-b1e5-a615c496c5d9	49632	0.25	low	Castanea_mollissima:plas	Eukaryota:plas
9d996294-a952-49d3-8cd8-080d134ee258	49632	0.25	low	Castanea_mollissima:plas	Eukaryota:plas
fedeb27f-bf2b-423f-b9f0-08e074d7a6bb	49632	0.25	low	Castanea_mollissima:plas	Eukaryota:plas
31173eda-4cb6-4bb3-b666-9636bd6daee1	49632	0.25	low	Castanea_mollissima:plas	Eukaryota:plas
339cec43-bcd1-4f11-95b3-06e28c5f9e93	49632	0.25	low	Castanea_mollissima:plas	Eukaryota:plas
cfe09e8d-1442-45b5-b908-888dae509a93	49632	0.25	low	Castanea_mollissima:plas	Eukaryota:plas
54248c80-aff0-43ec-8ae6-1d757d726977	49632	0.25	low	Castanea_mollissima:plas	Eukaryota:plas
698c6494-e4e5-44ec-b4a3-93416c06d959	49632	0.25	low	Castanea_mollissima:plas	Eukaryota:plas
d9a40feb-30c3-4b5e-950f-66032490e577	49632	0.25	low	Castanea_mollissima:plas	Eukaryota:plas
590d5125-6f3e-4391-b3c5-d8f49c973468	49632	0.25	low	Castanea_mollissima:plas	Eukaryota:plas
d4b4794e-182a-431f-a653-044aa4e29421	49632	0.25	low	Castanea_mollissima:plas	Eukaryota:plas
14d4b110-fc03-4a0c-9354-7bcaa0e271ff	49632	0.25	low	Castanea_mollissima:plas	Eukaryota:plas
77a38d0b-6786-49e8-b6c1-42443c5f9b87	49632	0.25	low	Castanea_mollissima:plas	Eukaryota:plas
8f084b33-f478-408e-a30d-9b986e89db28	49632	0.25	low	Castanea_mollissima:plas	Eukaryota:plas
f02819bf-978f-4b61-9f0e-eb6749c97226	49632	0.25	low	Castanea_mollissima:plas	Eukaryota:plas
66005491-017a-4c3f-80c4-887ff95f6435	49632	0.25	low	Castanea_mollissima:plas	Eukaryota:plas
20ffaaa2-acb8-420f-90aa-5bf17463fa85	49632	0.25	low	Castanea_mollissima:plas	Eukaryota:plas
44ae7082-d8bc-4ea6-9c00-a2348b4e007c	49632	0.25	low	Castanea_mollissima:plas	Eukaryota:plas
124fd14b-df68-455f-a95c-64138600b722	49632	0.25	low	Castanea_mollissima:plas	Eukaryota:plas
e833d917-48ee-4a77-8e66-3936a2e6f38d	49632	0.25	low	Castanea_mollissima:plas	Eukaryota:plas
4eaa0044-6213-4573-81a0-236d54066e42	49632	0.25	low	Castanea_mollissima:plas	Eukaryota:plas
dbef3fef-b868-4017-833d-12a0f25c4f06	49632	0.25	low	Castanea_mollissima:plas	Eukaryota:plas
48fbac1c-908e-43ba-a2fd-598b6417e156	49632	0.25	low	Castanea_mollissima:plas	Eukaryota:plas
528b1920-507b-4409-a3d2-5998b10a03e7	49632	0.25	low	Castanea_mollissima:plas	Eukaryota:plas
f654f527-9dd0-4763-bcff-d31008ffbe9f	49632	0.25	low	Castanea_mollissima:plas	Eukaryota:plas
98c9aea8-070a-4a25-90d5-3d900bcb3193	49632	0.25	low	Castanea_mollissima:plas	Eukaryota:plas
3f801856-8b81-443f-8e6a-2e39f9d8d3cb	49632	0.25	low	Castanea_mollissima:plas	Eukaryota:plas
4af67e8f-b0a6-407a-86bb-06b62cdef828	49632	0.25	low	Castanea_mollissima:plas	Eukaryota:plas
79301d5a-b4f0-4416-8c40-b3379158db7d	49632	0.25	low	Castanea_mollissima:plas	Eukaryota:plas
c1e761f4-0dca-402c-8ef4-fe6b0ea22a3c	49632	0.25	low	Castanea_mollissima:plas	Eukaryota:plas
d9be56c5-5860-4472-8bfa-883094163ada	49632	0.25	low	Castanea_mollissima:plas	Eukaryota:plas
481d784f-d0d1-41a9-ac78-8acac199120f	49632	0.25	low	Castanea_mollissima:plas	Eukaryota:plas
d65bc49b-6439-4a40-8a21-f97ae73e7411	49632	0.25	low	Castanea_mollissima:plas	Eukaryota:plas
88307ee1-40ca-4cb3-97fd-0c9ad7ef4c41	49632	0.25	low	Castanea_mollissima:plas	Eukaryota:plas
355c90e5-06a5-48ba-913a-d79ca12e716e	49632	0.25	low	Castanea_mollissima:plas	Eukaryota:plas
c1d914e5-2ba9-4562-a1a2-1ea950481cf5	49632	0.25	low	Castanea_mollissima:plas	Eukaryota:plas
7da7c336-61af-48fe-965f-005332879848	49632	0.25	low	Castanea_mollissima:plas	Eukaryota:plas
8a834246-ee5d-4bc0-b1b6-4b39563e74c7	49632	0.25	low	Castanea_mollissima:plas	Eukaryota:plas
2ad8bfc6-b705-4b9b-8875-6685faecba41	49632	0.25	low	Castanea_mollissima:plas	Eukaryota:plas
4ec0492a-c320-4613-a34e-5caf8b508928	49632	0.25	low	Castanea_mollissima:plas	Eukaryota:plas
2e233731-c014-447d-8661-e319773fad0c	49632	0.25	low	Castanea_mollissima:plas	Eukaryota:plas
51d8b2ed-fbf0-4fb9-a455-f55913b1cbe0	49632	0.25	low	Castanea_mollissima:plas	Eukaryota:plas
eeef6131-beef-4519-bb5d-08c5829e33e0	49632	0.25	low	Castanea_mollissima:plas	Eukaryota:plas
edc76453-8d2c-4a2d-a8ae-332bb166f745	49632	0.25	low	Castanea_mollissima:plas	Eukaryota:plas
fc646e07-5e94-4e64-abbf-f562182f240b	49632	0.25	low	Castanea_mollissima:plas	Eukaryota:plas
153993e8-c866-4650-9d68-786e3beea038	49632	0.25	low	Castanea_mollissima:plas	Eukaryota:plas
6a1f1820-608f-4efa-a478-5cdb8015a106	49632	0.25	low	Castanea_mollissima:plas	Eukaryota:plas
af3f703c-866c-4e7f-bdc9-3e047b407a8b	49632	0.25	low	Castanea_mollissima:plas	Eukaryota:plas
85c40df8-a1a2-429b-a886-96ec34dd8054	49632	0.25	low	Castanea_mollissima:plas	Eukaryota:plas
a21f1eb0-7a4b-479d-83a7-5a407d9511fa	49632	0.25	low	Castanea_mollissima:plas	Eukaryota:plas
1f359f83-6370-45bf-b0a1-0514328cbd42	49632	0.25	low	Castanea_mollissima:plas	Eukaryota:plas
5e24e7e7-a97a-4526-951a-f175cb98418c	49632	0.25	low	Castanea_mollissima:plas	Eukaryota:plas
9bf1d687-a9ce-4163-a96c-7dca88a3d8be	49632	0.25	low	Castanea_mollissima:plas	Eukaryota:plas
d055a8f6-37b6-41f6-b5e8-727513707538	49632	0.25	low	Castanea_mollissima:plas	Eukaryota:plas
d4e24cb2-bcef-4048-b5b0-8a418a001674	49632	0.25	low	Castanea_mollissima:plas	Eukaryota:plas
ef676e69-9d85-4a67-9e8d-4b4190506fb2	49632	0.25	low	Castanea_mollissima:plas	Eukaryota:plas
698a509c-bc00-4fa7-aaf4-0d9ae4a69c66	49632	0.25	low	Castanea_mollissima:plas	Eukaryota:plas
65fd4c8d-1a12-4323-97db-aacdc0a1669b	49632	0.25	low	Castanea_mollissima:plas	Eukaryota:plas
69b445cf-cc1a-4bbc-81c4-0e909e568cff	49632	0.25	low	Castanea_mollissima:plas	Eukaryota:plas
53497b17-6e51-43a9-92e1-e1d65512b1f9	49632	0.25	low	Castanea_mollissima:plas	Eukaryota:plas
eac1ab1d-9a1a-4bc9-b4ed-cb8bbb1b68a1	49632	0.25	low	Castanea_mollissima:plas	Eukaryota:plas
17f4310c-42bd-41a3-b18f-9c1b873b6c83	49632	0.25	low	Castanea_mollissima:plas	Eukaryota:plas
841cf684-73ae-4cb2-afa3-d597d90e10d9	49632	0.25	low	Castanea_mollissima:plas	Eukaryota:plas
19827f5c-f773-41d0-a938-8ee78b9996bb	49632	0.25	low	Castanea_mollissima:plas	Eukaryota:plas
daf1b9e2-2832-4e0b-b04f-6d5039758308	49632	0.25	low	Castanea_mollissima:plas	Eukaryota:plas
36277c43-7abf-4938-8ba8-842f9494600e	49632	0.25	low	Castanea_mollissima:plas	Eukaryota:plas
b7f5d474-65da-4fcd-80f7-c93436ae64f2	49632	0.25	low	Castanea_mollissima:plas	Eukaryota:plas
526fa0d1-860d-4676-b1eb-5f5e1e6696e4	49632	0.25	low	Castanea_mollissima:plas	Eukaryota:plas
e4c19128-44ff-489f-a489-df4aada0cd3b	49632	0.25	low	Castanea_mollissima:plas	Eukaryota:plas
79f30f77-d1ff-4cc7-8550-7a520460c2db	49632	0.25	low	Castanea_mollissima:plas	Eukaryota:plas
d768195b-fc9e-4d4b-b328-634a890f04b6	49632	0.25	low	Castanea_mollissima:plas	Eukaryota:plas
ddb43310-aab3-437b-bda6-2219e13b629b	49632	0.25	low	Castanea_mollissima:plas	Eukaryota:plas
fbbb7130-927e-49b6-be11-aee745c4eb3e	49632	0.25	low	Castanea_mollissima:plas	Eukaryota:plas
b4f476ce-f8e5-4dd9-bd5b-3233e274c323	49632	0.25	low	Castanea_mollissima:plas	Eukaryota:plas
61a50c11-d5d6-4a27-b1ce-d16819a8e5fb	49632	0.25	low	Castanea_mollissima:plas	Eukaryota:plas
26464794-572f-46d7-8011-069992a257cf	49632	0.25	low	Castanea_mollissima:plas	Eukaryota:plas
55963242-6f8b-4357-ba37-add6bb37db8c	49632	0.25	low	Castanea_mollissima:plas	Eukaryota:plas
79331605-e546-441d-aabb-a116fb48567f	49632	0.25	low	Castanea_mollissima:plas	Eukaryota:plas
2b82cf16-c081-4b6a-8c5d-1ce3638eea8b	49632	0.25	low	Castanea_mollissima:plas	Eukaryota:plas
3fecf01f-f8de-41b0-bdc6-af0551961ab4	49632	0.25	low	Castanea_mollissima:plas	Eukaryota:plas
2c28ea68-c38b-496b-9521-87125ccd7895	49632	0.25	low	Castanea_mollissima:plas	Eukaryota:plas
354843db-914f-4115-9bb5-ce04b8ebd0b5	49632	0.25	low	Castanea_mollissima:plas	Eukaryota:plas
fa26bb58-bc6c-4aea-9009-777659cd3914	49632	0.25	low	Castanea_mollissima:plas	Eukaryota:plas
39f2fff0-bd8b-4a71-aafa-2959e6d01b80	49632	0.25	low	Castanea_mollissima:plas	Eukaryota:plas
57db24d5-8bbc-4f6b-b66f-b1ef3eb26a48	49632	0.25	low	Castanea_mollissima:plas	Eukaryota:plas
bfc6cdd3-6f26-45c4-bbe9-9d2a2d43e637	49632	0.25	low	Castanea_mollissima:plas	Eukaryota:plas
f8a49785-6946-4d93-a050-d3fac10e50a2	49632	0.25	low	Castanea_mollissima:plas	Eukaryota:plas
370ed6d6-38e0-4c5d-9308-d02acdf01e3c	49632	0.25	low	Castanea_mollissima:plas	Eukaryota:plas
85cd27c8-8a1b-4140-a039-d248de3b8a03	49632	0.25	low	Castanea_mollissima:plas	Eukaryota:plas
65e6ceb5-0bd1-4514-b748-2b07a86e4d00	49632	0.25	low	Castanea_mollissima:plas	Eukaryota:plas
ff83463d-b98e-420d-b75a-d7e552bee39e	49632	0.25	low	Castanea_mollissima:plas	Eukaryota:plas
f88d0fb5-0a7b-48b9-a91e-4fd5656aebc8	49632	0.25	low	Castanea_mollissima:plas	Eukaryota:plas
b4c8b59f-2fea-40e1-aca4-22f8d0cc6406	49632	0.25	low	Castanea_mollissima:plas	Eukaryota:plas
0ae9bd0c-9791-4df2-9c43-a9db097b2b65	49632	0.25	low	Castanea_mollissima:plas	Eukaryota:plas
fd5965e2-4cf2-457d-908e-43191ea5ca44	49632	0.25	low	Castanea_mollissima:plas	Eukaryota:plas
d72eaaf4-47a4-4e3d-b60c-bb39db2a48ae	49632	0.25	low	Castanea_mollissima:plas	Eukaryota:plas
b81e19e7-7b29-4362-8c22-0959d6fad847	49632	0.25	low	Castanea_mollissima:plas	Eukaryota:plas
432fc60d-f630-4f1f-9ee1-7c16dbce4891	49632	0.25	low	Castanea_mollissima:plas	Eukaryota:plas
04718ada-b9cf-40d4-8d8b-80a4f1056657	49632	0.25	low	Castanea_mollissima:plas	Eukaryota:plas
9d3fac72-f0e4-4460-8454-68cfb76604fa	49632	0.25	low	Castanea_mollissima:plas	Eukaryota:plas
c10b5a2d-ab68-4b2b-9e76-aab41f6e5fad	49632	0.25	low	Castanea_mollissima:plas	Eukaryota:plas
09131579-4dcd-4eb2-ae42-b9dfcee3368e	49632	0.25	low	Castanea_mollissima:plas	Eukaryota:plas
529c38d7-4422-48a6-bbd3-868d7eff0b47	49632	0.25	low	Castanea_mollissima:plas	Eukaryota:plas
97af2e6c-9ef9-4650-a40d-3b4e1305c790	49632	0.25	low	Castanea_mollissima:plas	Eukaryota:plas
ad3cc69b-8e7b-4246-a9c4-aac5d44f4f1a	49632	0.25	low	Castanea_mollissima:plas	Eukaryota:plas
d93ec07f-d1da-47f0-bfc8-d56daa23c0ae	49632	0.25	low	Castanea_mollissima:plas	Eukaryota:plas
9ecbccdc-3a3c-4f6b-9f0a-7b49d3ad4d2d	49632	0.25	low	Castanea_mollissima:plas	Eukaryota:plas
e37cd4b4-298f-42da-abfc-c112f33c9b7e	49632	0.25	low	Castanea_mollissima:plas	Eukaryota:plas
bf0f6881-cf85-4c3a-9c0e-e23b06889816	49632	0.25	low	Castanea_mollissima:plas	Eukaryota:plas
678f5da8-6010-4b16-b572-7e6ce22ced50	49632	0.25	low	Castanea_mollissima:plas	Eukaryota:plas
7dc83a4d-febf-472a-a329-a8e03f56d82f	49632	0.25	low	Castanea_mollissima:plas	Eukaryota:plas
7f1bd6af-dca1-4b4c-b56c-ac44f5683bf4	49632	0.25	low	Castanea_mollissima:plas	Eukaryota:plas
159642d6-46c0-48e4-ac5f-2c08e6edcd95	49632	0.25	low	Castanea_mollissima:plas	Eukaryota:plas
83fdd16b-355a-4350-b9a5-74cbfcd6819a	49632	0.25	low	Castanea_mollissima:plas	Eukaryota:plas
74de0329-07cc-4928-ad46-bff13e449b28	49632	0.25	low	Castanea_mollissima:plas	Eukaryota:plas
72700a34-70a4-40a4-828f-b9cccd625c82	49632	0.25	low	Castanea_mollissima:plas	Eukaryota:plas
00527b3f-7083-453e-ab6c-0b898d747173	49632	0.25	low	Castanea_mollissima:plas	Eukaryota:plas
4ea6f55f-f13c-47a5-8f73-216cfd851c86	49632	0.25	low	Castanea_mollissima:plas	Eukaryota:plas
2295709b-51e6-48b2-98d5-55a17dddb901	49632	0.25	low	Castanea_mollissima:plas	Eukaryota:plas
b3688aec-c31c-4889-9306-26cb7719defc	49632	0.25	low	Castanea_mollissima:plas	Eukaryota:plas
4dbff5b5-dcdc-4ca6-b225-564ef86faea0	49632	0.25	low	Castanea_mollissima:plas	Eukaryota:plas
3c25ac6e-75cb-4994-9a49-1f6c1e8b7d93	49632	0.25	low	Castanea_mollissima:plas	Eukaryota:plas
f41e421b-d9b2-4d36-bb06-4f797851825f	49632	0.25	low	Castanea_mollissima:plas	Eukaryota:plas
9bb13946-9df4-4d29-8c6d-f2a34781125c	49632	0.25	low	Castanea_mollissima:plas	Eukaryota:plas
90ab7c89-58f3-419a-840a-985e6b19dd66	49632	0.25	low	Castanea_mollissima:plas	Eukaryota:plas
e2b8180c-e08c-4cc5-b544-8093e6715dd4	49632	0.25	low	Castanea_mollissima:plas	Eukaryota:plas
b3cff4a6-c7b5-4762-88ee-bb39d08dc600	49632	0.25	low	Castanea_mollissima:plas	Eukaryota:plas
8a9297f2-318a-4cff-aa8e-8e20043a56da	49632	0.25	low	Castanea_mollissima:plas	Eukaryota:plas
c89b651d-ff62-4e88-bf4a-545e24933c23	49632	0.25	low	Castanea_mollissima:plas	Eukaryota:plas
7692d459-a179-41c7-a6df-5cc2bfdda75c	49632	0.25	low	Castanea_mollissima:plas	Eukaryota:plas
d381a933-1cd2-4a16-bbc0-03deb2e29872	49632	0.25	low	Castanea_mollissima:plas	Eukaryota:plas
2a65b064-b730-40bc-8b20-620cdf4e6b6b	49632	0.25	low	Castanea_mollissima:plas	Eukaryota:plas
7ec77510-893d-4313-86fb-6f182abce79d	49632	0.25	low	Castanea_mollissima:plas	Eukaryota:plas
00656f8c-ffe1-4994-bb26-c36866345fa1	49632	0.25	low	Castanea_mollissima:plas	Eukaryota:plas
c1dd048a-8966-4941-92c2-9afb21d883c7	49632	0.25	low	Castanea_mollissima:plas	Eukaryota:plas
5ba0dcb4-db21-4c09-bf07-cb41d294170e	49632	0.25	low	Castanea_mollissima:plas	Eukaryota:plas
ef46c9c4-7a8f-4268-876d-596b77879c4e	49632	0.25	low	Castanea_mollissima:plas	Eukaryota:plas
c31e47a5-f961-4044-bf48-4ad0dafd0bc1	49632	0.25	low	Castanea_mollissima:plas	Eukaryota:plas
06d1ba5a-38a8-45b8-84a6-4280e12e1ded	49632	0.25	low	Castanea_mollissima:plas	Eukaryota:plas
e86e24f1-196f-4881-b5d1-0a6192bf6e11	49632	0.25	low	Castanea_mollissima:plas	Eukaryota:plas
25c98f9d-b6d9-49b8-8c92-8c365f925de3	49632	0.25	low	Castanea_mollissima:plas	Eukaryota:plas
e5e6a69f-1401-4b1a-8cf1-726b20c6a1ed	49632	0.25	low	Castanea_mollissima:plas	Eukaryota:plas
0e605f45-9efe-4a52-89a6-e1d5ea507b05	49632	0.25	low	Castanea_mollissima:plas	Eukaryota:plas
19f7184a-71e3-44a7-a339-fe1e94843325	49632	0.25	low	Castanea_mollissima:plas	Eukaryota:plas
4415ba7d-2909-474a-bb52-46bdffc88658	49632	0.25	low	Castanea_mollissima:plas	Eukaryota:plas
22c55058-483a-411e-99a5-454e5470adf8	49632	0.25	low	Castanea_mollissima:plas	Eukaryota:plas
979664f2-c331-4f12-b46d-85c1cca79321	49632	0.25	low	Castanea_mollissima:plas	Eukaryota:plas
d06c1d1f-b0d3-46d0-8f4e-e58d8bbb4ff4	49632	0.25	low	Castanea_mollissima:plas	Eukaryota:plas
4fe16a37-3054-4ef0-b200-73cb5e021d2c	49632	0.25	low	Castanea_mollissima:plas	Eukaryota:plas
3d97d05f-3214-47ba-a281-1e4da3d1b36e	49632	0.25	low	Castanea_mollissima:plas	Eukaryota:plas
f554af87-2281-408c-a3f0-33e78cef3368	49632	0.25	low	Castanea_mollissima:plas	Eukaryota:plas
61f6cc4c-7a06-4dd9-8c5c-004b61bb79be	49632	0.25	low	Castanea_mollissima:plas	Eukaryota:plas
499625ee-7124-4f92-9ac8-6881a3e34fc8	49632	0.25	low	Castanea_mollissima:plas	Eukaryota:plas
31ab2b23-29b3-4ba6-ba9c-2c4e1705b4af	49632	0.25	low	Castanea_mollissima:plas	Eukaryota:plas
77a0c06e-8422-437c-99ca-f8433c99315b	49632	0.25	low	Castanea_mollissima:plas	Eukaryota:plas
74786608-1e57-409e-92d9-6cd5ddc206f7	49632	0.25	low	Castanea_mollissima:plas	Eukaryota:plas
e496d40d-93b2-4194-96c9-3743a21d2973	49632	0.25	low	Castanea_mollissima:plas	Eukaryota:plas
0bd0ff72-bef3-4490-91b3-62dabda98363	49632	0.25	low	Castanea_mollissima:plas	Eukaryota:plas
d4e77a70-589f-4a37-b194-3cdda9d8d5fc	49632	0.25	low	Castanea_mollissima:plas	Eukaryota:plas
cc9368ef-ae03-4df6-a358-6fcd3c8e343d	49632	0.25	low	Castanea_mollissima:plas	Eukaryota:plas
eb7b874f-9f55-400d-98a7-acb886af52e9	49632	0.25	low	Castanea_mollissima:plas	Eukaryota:plas
3fb79f2e-8f49-4a9a-9c53-c58b429541cd	49632	0.25	low	Castanea_mollissima:plas	Eukaryota:plas
b1707fd8-7416-46e9-8c17-f329885d903d	49632	0.25	low	Castanea_mollissima:plas	Eukaryota:plas
658df400-83fe-4bae-a3b8-bff9cf8e686f	49632	0.25	low	Castanea_mollissima:plas	Eukaryota:plas
b578309a-5f06-4383-be82-6369bc05fd61	49632	0.25	low	Castanea_mollissima:plas	Eukaryota:plas
bfdce877-8706-4f9e-836e-8d926d5685a1	49632	0.25	low	Castanea_mollissima:plas	Eukaryota:plas
5883da05-9c8b-4cae-91ea-58814f130d49	49632	0.25	low	Castanea_mollissima:plas	Eukaryota:plas
e0d4ac79-7767-492c-8f66-95d695c90fc4	49632	0.25	low	Castanea_mollissima:plas	Eukaryota:plas
76d8f3f8-2b2f-479e-9c8b-afe237f7e01c	49632	0.25	low	Castanea_mollissima:plas	Eukaryota:plas
543c575c-5e28-4b60-aa24-c4d6eb93afdf	49632	0.25	low	Castanea_mollissima:plas	Eukaryota:plas
c909e175-2bfd-45ab-b847-80f850083590	49632	0.25	low	Castanea_mollissima:plas	Eukaryota:plas
0ead6638-0bb9-4218-9eac-b7b7753d79dd	49632	0.25	low	Castanea_mollissima:plas	Eukaryota:plas
e9f3a965-eafe-45a0-a3bd-f2f10ed5b6cb	49632	0.25	low	Castanea_mollissima:plas	Eukaryota:plas
830d7684-622e-4f6e-8dd0-6e26106f5245	49632	0.25	low	Castanea_mollissima:plas	Eukaryota:plas
15712850-bc3a-41d4-92bd-da7bf9681001	49632	0.25	low	Castanea_mollissima:plas	Eukaryota:plas
94446357-0386-43d7-92a6-912265b52c05	49632	0.25	low	Castanea_mollissima:plas	Eukaryota:plas
306cfaca-8748-4215-8af5-fbe992a9958f	49632	0.25	low	Castanea_mollissima:plas	Eukaryota:plas
abd2e2a4-2daf-4377-8965-b13de68ccd4a	49632	0.25	low	Castanea_mollissima:plas	Eukaryota:plas
0e5acd7e-2433-44df-b5c0-2b8771a5f280	49632	0.25	low	Castanea_mollissima:plas	Eukaryota:plas
69771d42-d8d5-4bbb-bc44-84bafd3f553a	49632	0.25	low	Castanea_mollissima:plas	Eukaryota:plas
fb949f31-2382-4be3-9fa2-f8be028b3471	49632	0.25	low	Castanea_mollissima:plas	Eukaryota:plas
eb219d24-3e19-4b70-bfa7-37d156d2f8bc	49632	0.25	low	Castanea_mollissima:plas	Eukaryota:plas
481937d5-12ab-47d1-831f-06b64d122e94	49632	0.25	low	Castanea_mollissima:plas	Eukaryota:plas
ee2cfcd4-9d9d-4c38-95cf-fd336f5d726f	49632	0.25	low	Castanea_mollissima:plas	Eukaryota:plas
c7e115c6-2707-453f-a05f-3ef06c0b26bd	49632	0.25	low	Castanea_mollissima:plas	Eukaryota:plas
5d0342eb-9afe-4e0a-933a-6d5b22f3d992	49632	0.25	low	Castanea_mollissima:plas	Eukaryota:plas
a2252f52-e0c7-4c3a-900e-adb4ed081020	49632	0.25	low	Castanea_mollissima:plas	Eukaryota:plas
2bb1b277-ccd7-4642-9234-29713af0ddc5	49632	0.25	low	Castanea_mollissima:plas	Eukaryota:plas
6343ba27-f064-414b-8df1-92716fa6324a	49632	0.25	low	Castanea_mollissima:plas	Eukaryota:plas
ca99ed6d-1381-42e5-92b8-c2370a4a85fc	49632	0.25	low	Castanea_mollissima:plas	Eukaryota:plas
7b9028a4-285d-40dd-a6e5-8e87cd99a79b	49632	0.25	low	Castanea_mollissima:plas	Eukaryota:plas
9651b0b6-dd53-4b81-8e23-4a2983b86b18	49632	0.25	low	Castanea_mollissima:plas	Eukaryota:plas
b2dd59a2-b4b4-4352-8cef-d3b8b36a4ea2	49632	0.25	low	Castanea_mollissima:plas	Eukaryota:plas
84acdac6-571f-4625-9fae-280e9d56818b	49632	0.25	low	Castanea_mollissima:plas	Eukaryota:plas
e844656c-87a3-4393-9632-abac69c2e38b	49632	0.25	low	Castanea_mollissima:plas	Eukaryota:plas
aa674750-0802-40ca-b86d-35568f3c6af1	49632	0.25	low	Castanea_mollissima:plas	Eukaryota:plas
0f0823f1-f870-4fb1-a157-ff373ffdfcc7	49632	0.25	low	Castanea_mollissima:plas	Eukaryota:plas
e6ee757d-570a-440d-abbc-27dc2fd291f3	49632	0.25	low	Castanea_mollissima:plas	Eukaryota:plas
e70fc172-3ac2-49d1-bde9-1c040c7faf4a	49632	0.25	low	Castanea_mollissima:plas	Eukaryota:plas
a884ea6d-d157-4862-8ed4-323c520e87fe	49632	0.25	low	Castanea_mollissima:plas	Eukaryota:plas
b3312ed3-1b70-4025-8fe4-d48c5ac72a22	49632	0.25	low	Castanea_mollissima:plas	Eukaryota:plas
f88b4cd7-f2a9-40af-b8f1-a2d49de6c1cf	49632	0.25	low	Castanea_mollissima:plas	Eukaryota:plas
f91973fc-5144-4876-be53-42f6430ea6e8	49632	0.25	low	Castanea_mollissima:plas	Eukaryota:plas
60050f65-24f3-4fbc-8937-d085bd78ac4d	49632	0.25	low	Castanea_mollissima:plas	Eukaryota:plas
61b7de0f-1769-45d9-9bba-71ab1eb3a989	49632	0.25	low	Castanea_mollissima:plas	Eukaryota:plas
6fbca76b-e1ed-4fb7-84a9-bc8c10d25942	49632	0.25	low	Castanea_mollissima:plas	Eukaryota:plas
07d97f54-1b42-4d93-9588-07562a5e5c0b	49632	0.25	low	Castanea_mollissima:plas	Eukaryota:plas
13a69991-c06c-4e0c-ad96-47354a75b41d	49632	0.25	low	Castanea_mollissima:plas	Eukaryota:plas
04d618e3-3130-4ae9-bd02-fe00afe2447e	49632	0.25	low	Castanea_mollissima:plas	Eukaryota:plas
193d04e2-7c91-480e-86f3-38ef219d47c3	49632	0.25	low	Castanea_mollissima:plas	Eukaryota:plas
9a982642-9ca1-4b85-8f00-f31835d2e1ca	49632	0.25	low	Castanea_mollissima:plas	Eukaryota:plas
a91f4539-5f5d-4e1c-9be7-1593ebf4622a	49632	0.25	low	Castanea_mollissima:plas	Eukaryota:plas
be4d2460-0ae3-4b60-8495-41dc51875574	49632	0.25	low	Castanea_mollissima:plas	Eukaryota:plas
f80a28e3-89d4-4ee3-a2c4-fa788c1f8b07	49632	0.25	low	Castanea_mollissima:plas	Eukaryota:plas
0d622012-8cf6-4429-9e3f-a6900946e889	49632	0.25	low	Castanea_mollissima:plas	Eukaryota:plas
45922557-ad06-4fb8-b92f-c0b7fb36f1f1	49632	0.25	low	Castanea_mollissima:plas	Eukaryota:plas
ba5bd485-fd1a-482e-b575-af296291f9bd	49632	0.25	low	Castanea_mollissima:plas	Eukaryota:plas
003dc36e-60cc-4398-99a4-97bf7c27e26d	49632	0.25	low	Castanea_mollissima:plas	Eukaryota:plas
c96160dd-c3a3-43c1-a312-aefd046c6a91	49632	0.25	low	Castanea_mollissima:plas	Eukaryota:plas
831c1cda-9d0a-423b-8c69-e0a6b85550e2	49632	0.25	low	Castanea_mollissima:plas	Eukaryota:plas
8f26f8f4-c91f-4ee4-8705-fedee518a6be	49632	0.25	low	Castanea_mollissima:plas	Eukaryota:plas
45a9dc75-cfda-45c2-a0e1-9a36a174a2b9	49632	0.25	low	Castanea_mollissima:plas	Eukaryota:plas
6c44c649-7ecc-47ca-8920-aad024def0b4	49632	0.25	low	Castanea_mollissima:plas	Eukaryota:plas
30fdcc21-71e4-42ed-97bd-e9bda62de6bf	49632	0.25	low	Castanea_mollissima:plas	Eukaryota:plas
1f4ac874-e81a-4144-8006-4458563ae2f9	49632	0.25	low	Castanea_mollissima:plas	Eukaryota:plas
f4658ec9-fabe-48bf-8a65-464ce5985a57	49632	0.25	low	Castanea_mollissima:plas	Eukaryota:plas
5549e35c-a8ee-4d5c-8c2d-ed0ef5cf3d57	49632	0.25	low	Castanea_mollissima:plas	Eukaryota:plas
e91b0704-6f00-4f4e-988d-4634cf2d14b7	49632	0.25	low	Castanea_mollissima:plas	Eukaryota:plas
64c3bd4e-2425-440c-ba37-e6c3748ad922	49632	0.25	low	Castanea_mollissima:plas	Eukaryota:plas
c6b632da-8c41-4721-bb50-8d9b793d7917	49632	0.25	low	Castanea_mollissima:plas	Eukaryota:plas
e418e31b-c208-402c-a023-202fd8254dd4	49632	0.25	low	Castanea_mollissima:plas	Eukaryota:plas
1c23cd15-451c-4d53-b437-db98adfa8a7d	49632	0.25	low	Castanea_mollissima:plas	Eukaryota:plas
6a83f61d-7a8b-4d6c-a57f-568593ce0617	49632	0.25	low	Castanea_mollissima:plas	Eukaryota:plas
aeda751a-91b2-41f7-8d31-0294a5bfc408	49632	0.25	low	Castanea_mollissima:plas	Eukaryota:plas
4b7e2a49-81aa-46f8-ae59-816bc4df9846	49632	0.25	low	Castanea_mollissima:plas	Eukaryota:plas
95b22a2b-1618-443f-818e-04e9eac17f08	49632	0.25	low	Castanea_mollissima:plas	Eukaryota:plas
db9cea83-c27c-4677-af81-856518222ea2	49632	0.25	low	Castanea_mollissima:plas	Eukaryota:plas
4f47e25b-c1b1-479f-9d08-ae8634195d5d	49632	0.25	low	Castanea_mollissima:plas	Eukaryota:plas
a2c8cb4c-8820-40c4-9c43-bc9cea3938e6	49632	0.25	low	Castanea_mollissima:plas	Eukaryota:plas
5f1a53e5-1650-46b1-81b1-5d7389c647c9	49632	0.25	low	Castanea_mollissima:plas	Eukaryota:plas
e25e2c21-9f1a-4997-8999-a30c936a9032	49632	0.25	low	Castanea_mollissima:plas	Eukaryota:plas
39aed46d-3126-43bd-bd69-915d9fbbd329	49632	0.25	low	Castanea_mollissima:plas	Eukaryota:plas
34db62cf-b10d-4608-baf2-cc3156b48287	49632	0.25	low	Castanea_mollissima:plas	Eukaryota:plas
a9bca759-24ba-4695-943e-0ed2f62f19b9	49632	0.25	low	Castanea_mollissima:plas	Eukaryota:plas
fd9f9605-dee7-40ec-ad7f-18784b42dfc7	49632	0.25	low	Castanea_mollissima:plas	Eukaryota:plas
a3c79a0c-4e5b-42a3-8226-19d974bdd3a4	49632	0.25	low	Castanea_mollissima:plas	Eukaryota:plas
6b64af9c-1abd-4787-a96d-f92d60cd4c20	49632	0.25	low	Castanea_mollissima:plas	Eukaryota:plas
c7885613-b359-4228-a0d3-62ed2772cb6f	49632	0.25	low	Castanea_mollissima:plas	Eukaryota:plas
0cc60a4a-eae5-480b-9b1d-60a4b7caa131	49632	0.25	low	Castanea_mollissima:plas	Eukaryota:plas
31d33eb3-d540-40ad-8729-a6b2f2f98e66	49632	0.25	low	Castanea_mollissima:plas	Eukaryota:plas
b4a5d293-7d6c-4acf-b48a-a4b4b97fe176	49632	0.25	low	Castanea_mollissima:plas	Eukaryota:plas
5abfcf14-59af-49a6-a6e0-6762b4181695	49632	0.25	low	Castanea_mollissima:plas	Eukaryota:plas
99c9ab51-e235-4aa7-abdc-04855128ec9d	49632	0.25	low	Castanea_mollissima:plas	Eukaryota:plas
a3090c43-0afa-4cda-afa1-4dc99073c0ef	49632	0.25	low	Castanea_mollissima:plas	Eukaryota:plas
b53e3772-64d5-445e-8a27-32ea4f366076	49632	0.25	low	Castanea_mollissima:plas	Eukaryota:plas
e8c7a7cd-a0e7-4494-ab28-023cfe49f4db	49632	0.25	low	Castanea_mollissima:plas	Eukaryota:plas
bb909b77-f37b-4e68-a85e-fbc690f29eac	49632	0.25	low	Castanea_mollissima:plas	Eukaryota:plas
812a151f-9a02-480b-bfef-3a6a96230934	49632	0.25	low	Castanea_mollissima:plas	Eukaryota:plas
a3d4ec97-e342-4bf8-ae35-59d10cb71dd2	49632	0.25	low	Castanea_mollissima:plas	Eukaryota:plas
67feb2ce-9070-456a-94ac-0b1e1a85520f	49632	0.25	low	Castanea_mollissima:plas	Eukaryota:plas
91a28413-d733-41ef-95ad-6ac06dbb23fa	49632	0.25	low	Castanea_mollissima:plas	Eukaryota:plas
a6959bad-ee4f-4d5b-9dfb-5654deae2725	49632	0.25	low	Castanea_mollissima:plas	Eukaryota:plas
a4ee0163-83ec-433d-af0d-ca169db06c85	49632	0.25	low	Castanea_mollissima:plas	Eukaryota:plas
846dc452-4663-46b1-aeff-59f593abdd30	49632	0.25	low	Castanea_mollissima:plas	Eukaryota:plas
24b551e9-e728-4a6b-aaf7-d7c0e0b23c86	49632	0.25	low	Castanea_mollissima:plas	Eukaryota:plas
cb87acf1-80e5-4521-bd18-068e9c482fa1	49632	0.25	low	Castanea_mollissima:plas	Eukaryota:plas
b61ed7f0-31af-4a24-88a1-125b2f98b015	49632	0.25	low	Castanea_mollissima:plas	Eukaryota:plas
3a750848-f62f-43dd-8434-88c89a64b7d7	49632	0.25	low	Castanea_mollissima:plas	Eukaryota:plas
e40c7d67-fefa-4c8f-b903-afe2b8197347	49632	0.25	low	Castanea_mollissima:plas	Eukaryota:plas
98c41e8b-d1c0-4057-8805-e0036ddc4de9	49632	0.25	low	Castanea_mollissima:plas	Eukaryota:plas
45746bbf-3e56-4f3c-a879-7251502cf30b	49632	0.25	low	Castanea_mollissima:plas	Eukaryota:plas
83d64349-f734-4f6c-a644-bca7eb1b8263	49632	0.25	low	Castanea_mollissima:plas	Eukaryota:plas
24e88311-4bdf-42d7-8045-a575c5593a57	49632	0.25	low	Castanea_mollissima:plas	Eukaryota:plas
a8101a21-a04a-41f8-9ba1-5fb8eeeac5ed	49632	0.25	low	Castanea_mollissima:plas	Eukaryota:plas
fa730320-82de-4c09-8eb3-dbcb642dc3aa	49632	0.25	low	Castanea_mollissima:plas	Eukaryota:plas
d4cdd35f-65ed-4429-a98d-7a04467933f1	49632	0.25	low	Castanea_mollissima:plas	Eukaryota:plas
26b0ba22-701c-4ea7-9c0a-d9803d63b43a	49632	0.25	low	Castanea_mollissima:plas	Eukaryota:plas
969cca8e-0dbe-4b89-b769-d8a73b660a2d	49632	0.25	low	Castanea_mollissima:plas	Eukaryota:plas
f3750414-a1d8-46dd-82e2-33edb76ec9cb	49632	0.25	low	Castanea_mollissima:plas	Eukaryota:plas
07f46684-46b2-4faa-9f31-ae9bea4f936b	49632	0.25	low	Castanea_mollissima:plas	Eukaryota:plas
c6d105fa-e15b-4608-bb3f-6087118b0572	49632	0.25	low	Castanea_mollissima:plas	Eukaryota:plas
80e4cbdf-3c48-481f-ae50-b64e680830a4	49632	0.25	low	Castanea_mollissima:plas	Eukaryota:plas
b704f1a9-2f99-417c-96c3-ed7007280627	49632	0.25	low	Castanea_mollissima:plas	Eukaryota:plas
661044bc-40f2-4b78-ad5b-ba90daa1e270	49632	0.25	low	Castanea_mollissima:plas	Eukaryota:plas
b182aefd-8da6-4a89-8b62-44df5c541f94	49632	0.25	low	Castanea_mollissima:plas	Eukaryota:plas
fe5e801c-2a52-4a8c-b308-e8fccc844d24	49632	0.25	low	Castanea_mollissima:plas	Eukaryota:plas
59559888-b5f9-464b-9b17-a8b52a1dd3cb	49632	0.25	low	Castanea_mollissima:plas	Eukaryota:plas
f4b37a25-9b14-41fb-a48a-3342cb8ee8a6	49632	0.25	low	Castanea_mollissima:plas	Eukaryota:plas
2f3cf93c-f92e-4b3a-a7b7-80863151f28a	49632	0.25	low	Castanea_mollissima:plas	Eukaryota:plas
9736ec95-199f-465c-8b38-9e47c3266ce1	49632	0.25	low	Castanea_mollissima:plas	Eukaryota:plas
186fc48b-0a08-4f91-963d-a4b3290f1c5f	49632	0.25	low	Castanea_mollissima:plas	Eukaryota:plas
03371c9b-be7f-44fe-a662-3c0d0aa78cec	49632	0.25	low	Castanea_mollissima:plas	Eukaryota:plas
983b9539-9158-4e29-adcc-7388523017c4	49632	0.25	low	Castanea_mollissima:plas	Eukaryota:plas
db2010c6-a3f5-40e4-898a-b450edc83cdd	49632	0.25	low	Castanea_mollissima:plas	Eukaryota:plas
c535fcdb-8483-4c7b-a6d8-8b7d887b0817	49632	0.25	low	Castanea_mollissima:plas	Eukaryota:plas
51b957ec-d010-490f-893d-68e9109e70da	49632	0.25	low	Castanea_mollissima:plas	Eukaryota:plas
3068e3c4-30f0-4647-a58e-7f2071fd75b6	49632	0.25	low	Castanea_mollissima:plas	Eukaryota:plas
1cc91cb4-88c9-4fb3-b851-b8f620837b99	49632	0.25	low	Castanea_mollissima:plas	Eukaryota:plas
0efec0a2-140d-457b-94da-ddc469ee7d3a	49632	0.25	low	Castanea_mollissima:plas	Eukaryota:plas
471134a3-f88d-48ca-b88a-419a021b69eb	49632	0.25	low	Castanea_mollissima:plas	Eukaryota:plas
de7b0c31-7812-4317-acae-11557e00122b	49632	0.25	low	Castanea_mollissima:plas	Eukaryota:plas
a4a3af6b-9642-4e5b-a153-838739f757d2	49632	0.25	low	Castanea_mollissima:plas	Eukaryota:plas
4cc7b767-8757-4129-8c17-64e4f45adaea	49632	0.25	low	Castanea_mollissima:plas	Eukaryota:plas
58081368-9667-418c-8276-b18b454b237a	49632	0.25	low	Castanea_mollissima:plas	Eukaryota:plas
1a866521-0af7-4bde-bc5b-f8bdb7eb3af8	49632	0.25	low	Castanea_mollissima:plas	Eukaryota:plas
ba0c9574-a547-4a12-bf63-c1bdfd74f19b	49632	0.25	low	Castanea_mollissima:plas	Eukaryota:plas
169f6dad-b7a1-4ad8-98fb-a2ed286168b4	49632	0.25	low	Castanea_mollissima:plas	Eukaryota:plas
fbb377b1-6b13-486d-9359-95e92b98b981	49632	0.25	low	Castanea_mollissima:plas	Eukaryota:plas
21aae346-94e5-4b46-b9e3-f39511b18b18	49632	0.25	low	Castanea_mollissima:plas	Eukaryota:plas
f61cda3a-34b6-440f-b2b7-f3759ab3e354	49632	0.25	low	Castanea_mollissima:plas	Eukaryota:plas
9cd63eb6-aba1-4c99-8188-90480ba6f89e	49632	0.25	low	Castanea_mollissima:plas	Eukaryota:plas
a3f2fa08-20b5-49cc-b036-af0f12463baf	49632	0.25	low	Castanea_mollissima:plas	Eukaryota:plas
f51ab97e-c0f8-4163-a25a-2031b5dd5d12	49632	0.25	low	Castanea_mollissima:plas	Eukaryota:plas
42d8c310-8812-4a89-8745-5a429e30da30	49632	0.25	low	Castanea_mollissima:plas	Eukaryota:plas
72104653-b7e7-441c-8d18-d444b61f4ec8	49632	0.25	low	Castanea_mollissima:plas	Eukaryota:plas
80d541c6-3eac-483d-90e8-057deded50b6	49632	0.25	low	Castanea_mollissima:plas	Eukaryota:plas
a9272711-6457-41fb-9b77-2a40dc326c00	49632	0.25	low	Castanea_mollissima:plas	Eukaryota:plas
64613c45-f70e-4d88-a6ea-7cd187e32e13	49632	0.25	low	Castanea_mollissima:plas	Eukaryota:plas
dfeadd85-2244-470f-9e37-8f38559b7536	49632	0.25	low	Castanea_mollissima:plas	Eukaryota:plas
696ba038-2f83-4a0b-8211-34ac1d773080	49632	0.25	low	Castanea_mollissima:plas	Eukaryota:plas
3f0c0c88-d3c1-470d-aa7a-3bf01bf42dd6	49632	0.25	low	Castanea_mollissima:plas	Eukaryota:plas
7d34c727-1b6f-410e-9a8f-c5fc4d0dcb13	49632	0.25	low	Castanea_mollissima:plas	Eukaryota:plas
13f28339-9495-4cc4-8e5b-2982df9217e1	49632	0.25	low	Castanea_mollissima:plas	Eukaryota:plas
913683e0-fa91-4d76-a72e-1a8e3c22ef7f	49632	0.25	low	Castanea_mollissima:plas	Eukaryota:plas
8ac63764-cb14-4a45-96fc-9aa1bc9a9b14	49632	0.25	low	Castanea_mollissima:plas	Eukaryota:plas
4220d166-bc10-4371-b9d9-2c72010eac3e	49632	0.25	low	Castanea_mollissima:plas	Eukaryota:plas
bc12532c-8047-4a97-9b44-44f8d70451c8	49632	0.25	low	Castanea_mollissima:plas	Eukaryota:plas
5ab2c9db-889d-4544-8005-eeda321379b5	49632	0.25	low	Castanea_mollissima:plas	Eukaryota:plas
7b902fb3-5874-484f-acaa-26d375ef968d	49632	0.25	low	Castanea_mollissima:plas	Eukaryota:plas
80e6f1fb-8582-473c-8c66-72a41a944dbc	49632	0.25	low	Castanea_mollissima:plas	Eukaryota:plas
b859aa94-d9ea-4fa7-9900-ad61d60a637d	49632	0.25	low	Castanea_mollissima:plas	Eukaryota:plas
fce6b798-381a-4dc8-85a0-bbb4a1b165f9	49632	0.25	low	Castanea_mollissima:plas	Eukaryota:plas
4c6f36a1-2362-4d74-aafe-618403ea6dad	49632	0.25	low	Castanea_mollissima:plas	Eukaryota:plas
092d7469-b13d-49b7-b24b-959496472814	49632	0.25	low	Castanea_mollissima:plas	Eukaryota:plas
969a7985-6b64-4eb7-b669-e01f866e6cc9	49632	0.25	low	Castanea_mollissima:plas	Eukaryota:plas
15dd8c8a-fcef-48b8-b22e-509240f170e6	49632	0.25	low	Castanea_mollissima:plas	Eukaryota:plas
dbf37254-87af-4780-93f1-d7b17ca78417	49632	0.25	low	Castanea_mollissima:plas	Eukaryota:plas
fe3e6f1e-87b1-47ed-b38e-abe8b8e0c2e1	49632	0.25	low	Castanea_mollissima:plas	Eukaryota:plas
c36eb640-ca4b-4c71-a8bb-382a4b20bee1	49632	0.25	low	Castanea_mollissima:plas	Eukaryota:plas
ab90f6f8-3256-42f8-8c66-0731b3987581	49632	0.25	low	Castanea_mollissima:plas	Eukaryota:plas
f6e3603d-41da-4b48-a36a-7cf9952cb034	49632	0.25	low	Castanea_mollissima:plas	Eukaryota:plas
e4964ae3-3fd3-4e87-a1aa-1af9b129b3d6	49632	0.25	low	Castanea_mollissima:plas	Eukaryota:plas
476857ab-f504-42ee-adf3-c70bb0676fc5	49632	0.25	low	Castanea_mollissima:plas	Eukaryota:plas
5f1298fa-9c34-41c0-bbd4-6170271d9797	49632	0.25	low	Castanea_mollissima:plas	Eukaryota:plas
7df5cb28-51c3-4866-a1d3-e1a4366cbbb2	49632	0.25	low	Castanea_mollissima:plas	Eukaryota:plas
90b83160-9d4b-4f6d-82e1-67981b086815	49632	0.25	low	Castanea_mollissima:plas	Eukaryota:plas
4f598a2a-9e91-4ae5-8306-35c039074b07	49632	0.25	low	Castanea_mollissima:plas	Eukaryota:plas
96ef39b9-0220-4321-b081-69ad6ebba64e	49632	0.25	low	Castanea_mollissima:plas	Eukaryota:plas
b46f6ae1-ca12-4bbe-bde6-06e78f891745	49632	0.25	low	Castanea_mollissima:plas	Eukaryota:plas
53e5a157-17b2-4e89-ae23-93492d4605ad	49632	0.25	low	Castanea_mollissima:plas	Eukaryota:plas
be492389-bce2-4c83-8ad2-4417f35b3221	49632	0.25	low	Castanea_mollissima:plas	Eukaryota:plas
b7619bc6-a7d2-41c4-8c5a-b626594a338b	49632	0.25	low	Castanea_mollissima:plas	Eukaryota:plas
4a7912ca-6111-4e7a-af11-6556a604b267	49632	0.25	low	Castanea_mollissima:plas	Eukaryota:plas
2e01a389-bb2e-400d-b71f-6a3b650ef548	49632	0.25	low	Castanea_mollissima:plas	Eukaryota:plas
443089d6-d3cd-497c-bea4-8c7ae3c1c306	49632	0.25	low	Castanea_mollissima:plas	Eukaryota:plas
8f50f25d-a98a-4960-91bb-e40b009d698a	49632	0.25	low	Castanea_mollissima:plas	Eukaryota:plas
8409d903-ef30-43f7-80e2-b8e9b876dd50	49632	0.25	low	Castanea_mollissima:plas	Eukaryota:plas
80858798-aa7d-47d2-bb8a-e8c55cffcacc	49632	0.25	low	Castanea_mollissima:plas	Eukaryota:plas
da0fe956-7c07-4b88-bdac-7327c35a4667	49632	0.25	low	Castanea_mollissima:plas	Eukaryota:plas
4307c61d-74a5-4003-8705-3ef2501bc8fc	49632	0.25	low	Castanea_mollissima:plas	Eukaryota:plas
677bf988-43f5-4377-8d28-3842e23fd50d	49632	0.25	low	Castanea_mollissima:plas	Eukaryota:plas
454aa08b-c498-45c5-b83a-d780867d166d	49632	0.25	low	Castanea_mollissima:plas	Eukaryota:plas
f9782a9a-6079-466b-9cb8-4e16608e2678	49632	0.25	low	Castanea_mollissima:plas	Eukaryota:plas
bfce887c-5181-4692-900c-b16151329fc2	49632	0.25	low	Castanea_mollissima:plas	Eukaryota:plas
3b0c152b-6deb-4b28-9f72-9224d3c67bac	49632	0.25	low	Castanea_mollissima:plas	Eukaryota:plas
4c72bc90-c9aa-4d2b-bc72-2a3b7930805a	49632	0.25	low	Castanea_mollissima:plas	Eukaryota:plas
ade09066-e39b-4181-90ac-640b6b947254	49632	0.25	low	Castanea_mollissima:plas	Eukaryota:plas
1119833e-e69e-4ee5-b8da-605228b468c7	49632	0.25	low	Castanea_mollissima:plas	Eukaryota:plas
1cb291db-6153-46d0-b182-3db4a9a4b1bc	49632	0.25	low	Castanea_mollissima:plas	Eukaryota:plas
8db9263a-3f8c-4fbe-ac59-f2168b2c81e2	49632	0.25	low	Castanea_mollissima:plas	Eukaryota:plas
d69e19f0-2f29-4b16-94c0-a41af680b123	49632	0.25	low	Castanea_mollissima:plas	Eukaryota:plas
b94de877-cae8-4ec4-aca3-e46d196e6b32	49632	0.25	low	Castanea_mollissima:plas	Eukaryota:plas
453ffa06-e1c5-4c1d-9613-615dfc0be6b7	49632	0.25	low	Castanea_mollissima:plas	Eukaryota:plas
97b6c6e7-fff7-4e57-beee-6d30f4892a51	49632	0.25	low	Castanea_mollissima:plas	Eukaryota:plas
171156b1-4971-4dc1-9fa3-7ba1eb22dd99	49632	0.25	low	Castanea_mollissima:plas	Eukaryota:plas
26f6ac1b-6aae-4290-a0ae-b3b98dc2077c	49632	0.25	low	Castanea_mollissima:plas	Eukaryota:plas
c95580bd-e3f2-477d-9a48-2219a32d5581	49632	0.25	low	Castanea_mollissima:plas	Eukaryota:plas
b1ceadb1-9f49-47e9-9f98-b52b43b2c134	49632	0.25	low	Castanea_mollissima:plas	Eukaryota:plas
0cda5b11-c2b2-4dd4-9c45-dc7422361161	49632	0.25	low	Castanea_mollissima:plas	Eukaryota:plas
8569f97d-9a71-4a5b-a5f2-11de6adeb20a	49632	0.25	low	Castanea_mollissima:plas	Eukaryota:plas
7ac87db9-18b2-4c40-b136-fe0ac8f9388a	49632	0.25	low	Castanea_mollissima:plas	Eukaryota:plas
ee082f46-9889-4c87-a4c9-d59eb6b05da3	49632	0.25	low	Castanea_mollissima:plas	Eukaryota:plas
6d6c7eda-75c1-4a80-9638-cfa26a45d345	49632	0.25	low	Castanea_mollissima:plas	Eukaryota:plas
af682a84-d380-4d5c-82a4-2faa21e51d09	49632	0.25	low	Castanea_mollissima:plas	Eukaryota:plas
f7f34aaa-edf9-49ef-8a02-2cc0fe856858	49632	0.25	low	Castanea_mollissima:plas	Eukaryota:plas
3ccc9938-ca24-4b4d-8799-fd494bca1ad5	49632	0.25	low	Castanea_mollissima:plas	Eukaryota:plas
d3d869f3-cf60-46e4-802d-78ebb004ef72	49632	0.25	low	Castanea_mollissima:plas	Eukaryota:plas
a8e6a6ed-2b4c-4ae5-a87e-5e97fa364b1c	49632	0.25	low	Castanea_mollissima:plas	Eukaryota:plas
cbdbf20d-1713-4e19-95b1-56ab8659fe57	49632	0.25	low	Castanea_mollissima:plas	Eukaryota:plas
eb137126-c2d9-4bb5-84a6-607db9f9a273	49632	0.25	low	Castanea_mollissima:plas	Eukaryota:plas
3fa4492b-b1f3-4581-bfd5-8363cf7c4e21	49632	0.25	low	Castanea_mollissima:plas	Eukaryota:plas
da2da721-587c-4313-9329-15596eb36e63	49632	0.25	low	Castanea_mollissima:plas	Eukaryota:plas
1091a8c3-edbe-4f15-90ce-8f337120feda	49632	0.25	low	Castanea_mollissima:plas	Eukaryota:plas
67ad8d10-b128-4dfd-ab93-c71e21386460	49632	0.25	low	Castanea_mollissima:plas	Eukaryota:plas
675cbd1f-ab27-47f8-a094-c02a8fae5521	49632	0.25	low	Castanea_mollissima:plas	Eukaryota:plas
5678a817-c527-4319-aac8-01a83f22fd72	49632	0.25	low	Castanea_mollissima:plas	Eukaryota:plas
c1eaed74-7a4c-406e-ade6-16e9695ffbd1	49632	0.25	low	Castanea_mollissima:plas	Eukaryota:plas
5b73db5e-3410-4ee8-93d2-2255c92bc4bd	49632	0.25	low	Castanea_mollissima:plas	Eukaryota:plas
98791896-c391-440c-9a7d-861c944ff519	49632	0.25	low	Castanea_mollissima:plas	Eukaryota:plas
f49e851b-c4e3-4f4c-a08a-418856a9252f	49632	0.25	low	Castanea_mollissima:plas	Eukaryota:plas
f259502e-9c52-4bfe-83aa-268b0c78684f	49632	0.25	low	Castanea_mollissima:plas	Eukaryota:plas
67a544f7-f3ab-4e25-8638-241f640aa913	49632	0.25	low	Castanea_mollissima:plas	Eukaryota:plas
3993906f-f9f6-43e0-b955-cf0bd6390246	49632	0.25	low	Castanea_mollissima:plas	Eukaryota:plas
100dad4b-78be-445d-8b1f-24795eb0d3e6	49632	0.25	low	Castanea_mollissima:plas	Eukaryota:plas
d30f23b6-2bd5-49da-af5f-13f67eafe32e	49632	0.25	low	Castanea_mollissima:plas	Eukaryota:plas
92d8df98-177e-4f74-a670-d8ac85663514	49632	0.25	low	Castanea_mollissima:plas	Eukaryota:plas
18c572d6-a8d5-4a85-9e11-66e97ca47b4f	49632	0.25	low	Castanea_mollissima:plas	Eukaryota:plas
9b2ea7ad-3769-469f-8a16-4d1ddf99083f	49632	0.25	low	Castanea_mollissima:plas	Eukaryota:plas
d2d12a74-2611-4941-82c8-59edef7bb810	49632	0.25	low	Castanea_mollissima:plas	Eukaryota:plas
d4e9ab78-a84c-4b95-8227-65a7b1d6d075	49632	0.25	low	Castanea_mollissima:plas	Eukaryota:plas
9a032bfe-b789-4b61-82a0-828e908336f7	49632	0.25	low	Castanea_mollissima:plas	Eukaryota:plas
2ff64a91-7df5-44b4-8523-dddd4d2c34b5	49632	0.25	low	Castanea_mollissima:plas	Eukaryota:plas
db219cc5-5fbe-43b6-a542-f777176c170e	49632	0.25	low	Castanea_mollissima:plas	Eukaryota:plas
49883dcf-bfae-45ab-bf5a-f8b7a04ff38f	49632	0.25	low	Castanea_mollissima:plas	Eukaryota:plas
8e96196f-9542-4480-a944-5a01c92b4c04	49632	0.25	low	Castanea_mollissima:plas	Eukaryota:plas
b746db77-39eb-4d29-a639-339489138c5e	49632	0.25	low	Castanea_mollissima:plas	Eukaryota:plas
8cc775d9-5055-4f8b-8456-d4a3c5a63158	49632	0.25	low	Castanea_mollissima:plas	Eukaryota:plas
63265798-012a-4108-a3e6-8143ce879583	49632	0.25	low	Castanea_mollissima:plas	Eukaryota:plas
9dd4d017-2871-416b-b21b-e8fcccaef3bf	49632	0.25	low	Castanea_mollissima:plas	Eukaryota:plas
bdb96eac-2919-4c0e-93ad-fffede79fdac	49632	0.25	low	Castanea_mollissima:plas	Eukaryota:plas
e1417b76-164f-4425-a9c8-7dd0f01c8332	49632	0.25	low	Castanea_mollissima:plas	Eukaryota:plas
ffce28ab-02c3-4a2c-aca2-5d8f20a9ff96	49632	0.25	low	Castanea_mollissima:plas	Eukaryota:plas
7703386b-dcbd-4291-8842-143d7a0bf754	49632	0.25	low	Castanea_mollissima:plas	Eukaryota:plas
3b65aa86-fba0-45a7-b21f-011c4d270ca9	49632	0.25	low	Castanea_mollissima:plas	Eukaryota:plas
e06225a0-611b-4d83-9c7b-9da21bc72e82	49632	0.25	low	Castanea_mollissima:plas	Eukaryota:plas
ad818bf2-9347-44b9-8516-707524a2e6bc	49632	0.25	low	Castanea_mollissima:plas	Eukaryota:plas
6b46f148-31fa-4ccf-afc6-38cd9396d29a	49632	0.25	low	Castanea_mollissima:plas	Eukaryota:plas
00295e5d-55ac-485e-b642-09c0a2b9b14b	49632	0.25	low	Castanea_mollissima:plas	Eukaryota:plas
eeb59c5b-83a7-4466-9f8c-22fb44193e6d	49632	0.25	low	Castanea_mollissima:plas	Eukaryota:plas
4233c35e-c12a-4c6a-844d-92bf5ca811ad	49632	0.25	low	Castanea_mollissima:plas	Eukaryota:plas
e40a0f08-bc47-4462-8beb-7aea256be667	49632	0.25	low	Castanea_mollissima:plas	Eukaryota:plas
70f95543-8857-4171-8fd1-072a3405ef0b	49632	0.25	low	Castanea_mollissima:plas	Eukaryota:plas
e631fc4c-9f92-4a76-ae3d-b7e6179f9523	49632	0.25	low	Castanea_mollissima:plas	Eukaryota:plas
fd610423-8b93-4872-ac5c-12bb4fd6de65	49632	0.25	low	Castanea_mollissima:plas	Eukaryota:plas
97077269-7313-4569-b428-d1f9b596f405	49632	0.25	low	Castanea_mollissima:plas	Eukaryota:plas
e75d91f6-a9fb-48b0-bca4-b3daaa782924	49632	0.25	low	Castanea_mollissima:plas	Eukaryota:plas
d9ca33c1-e0f7-4242-ba9d-0324a83744be	49632	0.25	low	Castanea_mollissima:plas	Eukaryota:plas
f0adad66-899e-4b1c-99e1-03fa6c8643c6	49632	0.25	low	Castanea_mollissima:plas	Eukaryota:plas
e713ad4c-502e-4fbb-9037-8210d8ee27d0	49632	0.25	low	Castanea_mollissima:plas	Eukaryota:plas
3cd9e359-a284-417c-84a6-4aeac192133f	49632	0.25	low	Castanea_mollissima:plas	Eukaryota:plas
c024d2ea-7ac5-48f9-ae2b-520965a4cf73	49632	0.25	low	Castanea_mollissima:plas	Eukaryota:plas
04de9bc0-c9d0-4757-a717-6bf89e5373fd	49632	0.25	low	Castanea_mollissima:plas	Eukaryota:plas
a0476a46-2c41-42bd-b070-0421bcf815f9	49632	0.25	low	Castanea_mollissima:plas	Eukaryota:plas
017a022f-0ebb-4b42-8149-866be342e448	49632	0.25	low	Castanea_mollissima:plas	Eukaryota:plas
ddff2836-2f46-47ef-a81a-c0e930f9fe84	49632	0.25	low	Castanea_mollissima:plas	Eukaryota:plas
0e0581c4-c557-436e-a1e1-255e8a652042	49632	0.25	low	Castanea_mollissima:plas	Eukaryota:plas
cd73f806-961c-4cbd-b7f2-493ffe1c8ab2	49632	0.25	low	Castanea_mollissima:plas	Eukaryota:plas
2f1bc243-38d5-45b4-a0e8-10efbb6b2870	49632	0.25	low	Castanea_mollissima:plas	Eukaryota:plas
3de57b9d-0082-4769-8587-60b190108ccc	49632	0.25	low	Castanea_mollissima:plas	Eukaryota:plas
db640c9e-91a4-4cc2-9ce6-b74cf4fe0a23	49632	0.25	low	Castanea_mollissima:plas	Eukaryota:plas
34f9e568-2c89-4d5e-9eec-3220a7c4db6d	49632	0.25	low	Castanea_mollissima:plas	Eukaryota:plas
916c071f-a0e5-4ff0-a474-1b2fcd447e44	49632	0.25	low	Castanea_mollissima:plas	Eukaryota:plas
300b480c-a8a5-4fb5-a546-ed441d005752	49632	0.25	low	Castanea_mollissima:plas	Eukaryota:plas
9a445dae-8d5e-4754-9ed9-2549056ba5bf	49632	0.25	low	Castanea_mollissima:plas	Eukaryota:plas
ddfa6f4a-af61-46ee-b2df-879c81adb7e5	49632	0.25	low	Castanea_mollissima:plas	Eukaryota:plas
6dd391b7-c103-4964-bbbc-968fb17c1b55	49632	0.25	low	Castanea_mollissima:plas	Eukaryota:plas
ac4863ce-84e7-4d18-9ffd-de5495bfb17e	49632	0.25	low	Castanea_mollissima:plas	Eukaryota:plas
21e1b32a-379f-4f5f-84e5-79eeed4d86e1	49632	0.25	low	Castanea_mollissima:plas	Eukaryota:plas
6327f0fb-081c-4bca-9b41-36b50180517d	49632	0.25	low	Castanea_mollissima:plas	Eukaryota:plas
01895c07-83df-44a5-944b-10bcd66ae54e	49632	0.25	low	Castanea_mollissima:plas	Eukaryota:plas
bf683535-5e21-4e50-b2db-4284c12886f6	49632	0.25	low	Castanea_mollissima:plas	Eukaryota:plas
8fda0f1f-2afd-4aad-8ffe-95aae08c9c67	49632	0.25	low	Castanea_mollissima:plas	Eukaryota:plas
843b6f0d-33f6-4b00-982b-3061f1082c6e	49632	0.25	low	Castanea_mollissima:plas	Eukaryota:plas
4088740d-0efc-4594-afc9-c90e88983362	49632	0.25	low	Castanea_mollissima:plas	Eukaryota:plas
4b1d3af3-7614-41ad-acff-015e436b9f4c	49632	0.25	low	Castanea_mollissima:plas	Eukaryota:plas
a8b7df55-0034-4476-b7e7-e0bb8cacb5d4	49632	0.25	low	Castanea_mollissima:plas	Eukaryota:plas
44220146-7a1c-4c25-b540-194a7c0c3753	49632	0.25	low	Castanea_mollissima:plas	Eukaryota:plas
1ffdd1c6-e5ea-44ec-a58d-53741bfce21e	49632	0.25	low	Castanea_mollissima:plas	Eukaryota:plas
9ee1a813-cffe-4c39-9b2b-995a395b9cf3	49632	0.25	low	Castanea_mollissima:plas	Eukaryota:plas
c2cb2868-4aae-4baa-ab84-a87cd97715d7	49632	0.25	low	Castanea_mollissima:plas	Eukaryota:plas
e373dc10-a8ba-46f1-878d-931d47c403b8	49632	0.25	low	Castanea_mollissima:plas	Eukaryota:plas
8eb986e1-a706-4949-8174-ee12174b7ba4	49632	0.25	low	Castanea_mollissima:plas	Eukaryota:plas
2728bcb7-a5a9-45bc-ac01-f553674ae73a	49632	0.25	low	Castanea_mollissima:plas	Eukaryota:plas
67aac107-4f78-46e5-ae35-27beb7ab78ea	49632	0.25	low	Castanea_mollissima:plas	Eukaryota:plas
f67276b9-663e-4812-b47c-d1c290f68855	49632	0.25	low	Castanea_mollissima:plas	Eukaryota:plas
28e32289-af7a-4c07-be32-aaabea88759c	49632	0.25	low	Castanea_mollissima:plas	Eukaryota:plas
cd6e3a01-8487-4ae3-a61d-cef297efaf6c	49632	0.25	low	Castanea_mollissima:plas	Eukaryota:plas
09d93aa1-f98a-4fb4-bb75-5579e9a05183	49632	0.25	low	Castanea_mollissima:plas	Eukaryota:plas
269073a9-aeaa-4ccc-838c-f2070c478eb6	49632	0.25	low	Castanea_mollissima:plas	Eukaryota:plas
a722df2d-f2f7-4195-8cb7-dd416774fec8	49632	0.25	low	Castanea_mollissima:plas	Eukaryota:plas
0dfa5dac-b505-4afe-96a8-ce3caab87bc0	49632	0.25	low	Castanea_mollissima:plas	Eukaryota:plas
91284992-3184-4d0d-a542-d6444a056088	49632	0.25	low	Castanea_mollissima:plas	Eukaryota:plas
69084b47-84f6-41b6-ba8f-a85e8f7f407c	49632	0.25	low	Castanea_mollissima:plas	Eukaryota:plas
b38178b1-dab0-4f1b-abd1-dc48c4db79c2	49632	0.25	low	Castanea_mollissima:plas	Eukaryota:plas
48c965fd-2255-4ba6-a32f-489a938f4f32	49632	0.25	low	Castanea_mollissima:plas	Eukaryota:plas
b0116bda-65da-4b61-b077-fb8976b673e4	49632	0.25	low	Castanea_mollissima:plas	Eukaryota:plas
9a630f04-02de-4b32-97be-303d04ba3ab1	49632	0.25	low	Castanea_mollissima:plas	Eukaryota:plas
8232e333-4829-4e0d-bfdf-1a2eb8fe1dbe	49632	0.25	low	Castanea_mollissima:plas	Eukaryota:plas
e6ee0250-233f-41cf-ae84-5a6cba1a9da2	49632	0.25	low	Castanea_mollissima:plas	Eukaryota:plas
3f10e96d-5cea-46fc-bfc7-adb32f65cc07	49632	0.25	low	Castanea_mollissima:plas	Eukaryota:plas
c9bb4181-a605-4310-93e3-30f73081402e	49632	0.25	low	Castanea_mollissima:plas	Eukaryota:plas
1fc855c1-a12b-496a-b52e-6f968f1e89f0	49632	0.25	low	Castanea_mollissima:plas	Eukaryota:plas
fdf52abc-c781-4613-9b7c-e99b48423ba7	49632	0.25	low	Castanea_mollissima:plas	Eukaryota:plas
a589ec4e-344c-42d7-bd6e-0ce238ce5bc0	49632	0.25	low	Castanea_mollissima:plas	Eukaryota:plas
dd5f0ad6-8ded-48b9-b379-a1132235de1f	49632	0.25	low	Castanea_mollissima:plas	Eukaryota:plas
42a593a8-f756-44e2-b4f9-f8d0626b0896	49632	0.25	low	Castanea_mollissima:plas	Eukaryota:plas
14bbbc85-16bd-40d5-b4fb-f855052d6b7a	49632	0.25	low	Castanea_mollissima:plas	Eukaryota:plas
5d85ad43-a390-4ad6-8712-13bbaa512e5d	49632	0.25	low	Castanea_mollissima:plas	Eukaryota:plas
12d8779c-872f-47d8-aafd-842296c99ab3	49632	0.25	low	Castanea_mollissima:plas	Eukaryota:plas
6c99af61-f264-4f40-aed3-a2fa67f6b3de	49632	0.25	low	Castanea_mollissima:plas	Eukaryota:plas
2cd38fb1-68ef-411f-b888-f6300455fd8d	49632	0.25	low	Castanea_mollissima:plas	Eukaryota:plas
1fe45f50-80c4-4784-8f4e-6cd4aad787ab	49632	0.25	low	Castanea_mollissima:plas	Eukaryota:plas
3929a4ca-dcd0-4739-87ee-97ef246d468f	49632	0.25	low	Castanea_mollissima:plas	Eukaryota:plas
a1397f9f-4837-4d6d-9178-93ca8c14e8e6	49632	0.25	low	Castanea_mollissima:plas	Eukaryota:plas
d075ce51-97da-4526-a880-45b1846a0109	49632	0.25	low	Castanea_mollissima:plas	Eukaryota:plas
6d81fc1e-a3cc-4d37-8486-9416b3173554	49632	0.25	low	Castanea_mollissima:plas	Eukaryota:plas
7c260698-ded1-4368-9a47-2a36965cff84	49632	0.25	low	Castanea_mollissima:plas	Eukaryota:plas
8f43d9bb-7126-45fe-b49f-b302889bc64c	49632	0.25	low	Castanea_mollissima:plas	Eukaryota:plas
fc203d70-a818-4b8c-82ac-a499bd594d9a	49632	0.25	low	Castanea_mollissima:plas	Eukaryota:plas
b1a34ca3-0274-41e1-b9e4-d390a7be25c7	49632	0.25	low	Castanea_mollissima:plas	Eukaryota:plas
cfddd743-173d-4b06-a6e3-f45e394e4ba0	49632	0.25	low	Castanea_mollissima:plas	Eukaryota:plas
d4b8501e-a870-4a52-9b06-b88542125c38	49632	0.25	low	Castanea_mollissima:plas	Eukaryota:plas
62249ca1-db81-45a3-b28d-5e9275c8d666	49632	0.25	low	Castanea_mollissima:plas	Eukaryota:plas
c965edce-3a21-472e-ac0c-d828788cb0d1	49632	0.25	low	Castanea_mollissima:plas	Eukaryota:plas
a6f56b9d-280b-4fbf-b946-23d90dafcbd6	49632	0.25	low	Castanea_mollissima:plas	Eukaryota:plas
27a9e418-737d-4d56-b5c4-3b1778f88660	49632	0.25	low	Castanea_mollissima:plas	Eukaryota:plas
e3f72498-48cb-4ae4-8826-96a6c0dc2e03	49632	0.25	low	Castanea_mollissima:plas	Eukaryota:plas
f678a2ef-d8fc-4ee6-b0de-58b0b93b44d1	49632	0.25	low	Castanea_mollissima:plas	Eukaryota:plas
05f00572-4fc4-43e3-a18d-6072bde4210e	49632	0.25	low	Castanea_mollissima:plas	Eukaryota:plas
3cdff504-506f-4869-ade9-2d3f3cfc4495	49632	0.25	low	Castanea_mollissima:plas	Eukaryota:plas
cf56ec3a-2c17-4419-9cf5-7fee00b1ace5	49632	0.25	low	Castanea_mollissima:plas	Eukaryota:plas
b6a0bd48-b953-4c10-b199-291e1603ce4c	49632	0.25	low	Castanea_mollissima:plas	Eukaryota:plas
31c2a02d-0eb8-47e8-8b03-c951dc2a259c	49632	0.25	low	Castanea_mollissima:plas	Eukaryota:plas
15eae3a2-74eb-4335-8d99-19bb0d2e5c11	49632	0.25	low	Castanea_mollissima:plas	Eukaryota:plas
2fab470f-ef5b-49e5-8f86-1aa25b43bc10	49632	0.25	low	Castanea_mollissima:plas	Eukaryota:plas
44270dc2-23ff-4113-b8c2-c39982737bd3	49632	0.25	low	Castanea_mollissima:plas	Eukaryota:plas
2a4b9420-e46a-4a00-9c66-95f67a1f62a5	49632	0.25	low	Castanea_mollissima:plas	Eukaryota:plas
f6835c86-d3bd-43c9-b6b0-008c369744b9	49632	0.25	low	Castanea_mollissima:plas	Eukaryota:plas
e929e475-d4b5-41dc-97a5-9e29013e87f3	49632	0.25	low	Castanea_mollissima:plas	Eukaryota:plas
86b8d883-393c-4ad1-a540-8a1d1fc32779	49632	0.25	low	Castanea_mollissima:plas	Eukaryota:plas
7d07d41a-0436-41b6-b2e8-a7feb36cee6f	49632	0.25	low	Castanea_mollissima:plas	Eukaryota:plas
5bed2d81-bc7c-48d2-bbc3-7ec84202859c	49632	0.25	low	Castanea_mollissima:plas	Eukaryota:plas
a7c3d091-634e-4143-8f00-4b461b46df6d	49632	0.25	low	Castanea_mollissima:plas	Eukaryota:plas
e5ac8ea8-3236-4cb4-8a0b-e600ca60664e	49632	0.25	low	Castanea_mollissima:plas	Eukaryota:plas
d9ec4b74-0d11-4c9f-bb71-2b3d4f25a006	49632	0.25	low	Castanea_mollissima:plas	Eukaryota:plas
230a385e-8069-409c-85fd-b384b01103f5	49632	0.25	low	Castanea_mollissima:plas	Eukaryota:plas
efb889da-f8c8-4c3e-8aa7-6165c5cb9020	49632	0.25	low	Castanea_mollissima:plas	Eukaryota:plas
e4363ac1-bcc5-4fda-9e4d-bc53c3b2b0bc	49632	0.25	low	Castanea_mollissima:plas	Eukaryota:plas
355712d6-fa62-40a2-b651-860c1f4667ea	49632	0.25	low	Castanea_mollissima:plas	Eukaryota:plas
d1649087-9436-487e-8850-8799c1dfe722	49632	0.25	low	Castanea_mollissima:plas	Eukaryota:plas
52d2b40a-6fa6-44d2-8501-179ea4389197	49632	0.25	low	Castanea_mollissima:plas	Eukaryota:plas
b4236029-f55e-4ac7-ac5b-8d5acbd7efd0	49632	0.25	low	Castanea_mollissima:plas	Eukaryota:plas
e31e43d7-ea0c-46a1-8f9b-47946fc01f29	49632	0.25	low	Castanea_mollissima:plas	Eukaryota:plas
d4dff3a3-fc4d-484e-b812-40f121c6b1dc	49632	0.25	low	Castanea_mollissima:plas	Eukaryota:plas
8b0fd02b-a9ae-4121-afb9-6c7e865ebd48	49632	0.25	low	Castanea_mollissima:plas	Eukaryota:plas
5f32c307-5bbd-42ac-9da1-20bca19025a0	49632	0.25	low	Castanea_mollissima:plas	Eukaryota:plas
37d4121f-c1d7-4a43-b332-26449fd858ac	49632	0.25	low	Castanea_mollissima:plas	Eukaryota:plas
0af25313-02c3-449c-b9cb-4a72af904d6d	49632	0.25	low	Castanea_mollissima:plas	Eukaryota:plas
93407736-728c-4826-9b2b-573dc4e2c83e	49632	0.25	low	Castanea_mollissima:plas	Eukaryota:plas
51bf2cac-d83c-4871-8857-7b389f970389	49632	0.25	low	Castanea_mollissima:plas	Eukaryota:plas
a819c23d-eb1c-4048-8393-e86e8b0a35de	49632	0.25	low	Castanea_mollissima:plas	Eukaryota:plas
93372b28-81bb-4649-9f87-28669f7aa339	49632	0.25	low	Castanea_mollissima:plas	Eukaryota:plas
32da1a11-0057-4ba0-934a-1e176acb9a18	49632	0.25	low	Castanea_mollissima:plas	Eukaryota:plas
a7313582-bc11-4698-bc35-8cb8f1ef0cd4	49632	0.25	low	Castanea_mollissima:plas	Eukaryota:plas
ac309d2a-fdfe-4442-801e-076fb7a75f9e	49632	0.25	low	Castanea_mollissima:plas	Eukaryota:plas
a2c4ae9e-ba14-4d36-973c-eb53ddc91542	49632	0.25	low	Castanea_mollissima:plas	Eukaryota:plas
13eec809-36a8-4ea8-975a-c845d51bee2b	49632	0.25	low	Castanea_mollissima:plas	Eukaryota:plas
a075363e-7e25-4292-b077-3d2363100981	49632	0.25	low	Castanea_mollissima:plas	Eukaryota:plas
713f6351-1889-4840-9ed8-8768b89b4f7b	49632	0.25	low	Castanea_mollissima:plas	Eukaryota:plas
2b613320-de94-4d25-b2cd-16ddb086cd78	49632	0.25	low	Castanea_mollissima:plas	Eukaryota:plas
aafb99f3-5fe9-48c6-b260-da4637b03626	49632	0.25	low	Castanea_mollissima:plas	Eukaryota:plas
9824c877-bcdc-4784-81cf-6becc3a4ac0b	49632	0.25	low	Castanea_mollissima:plas	Eukaryota:plas
4e315fe7-a3e5-4f27-9005-4fe29b553a3f	49632	0.25	low	Castanea_mollissima:plas	Eukaryota:plas
a09bdc19-ef34-43c8-8a8e-aea65732a3d2	49632	0.25	low	Castanea_mollissima:plas	Eukaryota:plas
3449ebfb-9b46-4df9-9674-ab42b90aa0e6	49632	0.25	low	Castanea_mollissima:plas	Eukaryota:plas
c280514c-7bd5-4a0e-a5fe-6ba850bedcd6	49632	0.25	low	Castanea_mollissima:plas	Eukaryota:plas
ee8dfa42-7482-4e46-bec8-e17b963d8c9f	49632	0.25	low	Castanea_mollissima:plas	Eukaryota:plas
0de81f26-8d93-4b15-b0c5-a7f46077c324	49632	0.25	low	Castanea_mollissima:plas	Eukaryota:plas
af6dcf02-96ba-4398-a988-2cf3dfc8ceea	49632	0.25	low	Castanea_mollissima:plas	Eukaryota:plas
cc0f9e40-ba70-491c-b92d-1d3c39bf41a3	49632	0.25	low	Castanea_mollissima:plas	Eukaryota:plas
f5088761-4082-4e30-9860-381727355b93	49632	0.25	low	Castanea_mollissima:plas	Eukaryota:plas
de124d9a-e47d-4a87-9f82-9870b635632c	49632	0.25	low	Castanea_mollissima:plas	Eukaryota:plas
05f9baa3-3b86-48a5-acb2-59ea618be933	49632	0.25	low	Castanea_mollissima:plas	Eukaryota:plas
2aa36c73-cdc7-4b36-ab87-730eb0204fbf	49632	0.25	low	Castanea_mollissima:plas	Eukaryota:plas
6baeb5d6-b9e3-492f-be4c-7b9f1553993c	49632	0.25	low	Castanea_mollissima:plas	Eukaryota:plas
7e4f1d4e-4c40-4cf4-91fb-ae33f2b07265	49632	0.25	low	Castanea_mollissima:plas	Eukaryota:plas
210c75cb-ce2f-4032-be68-1b1aa8a764dd	49632	0.25	low	Castanea_mollissima:plas	Eukaryota:plas
e671c779-7d20-4824-83a8-0f66b7d3188f	49632	0.25	low	Castanea_mollissima:plas	Eukaryota:plas
09e22de9-c13a-4220-abaf-5bdee2238050	49632	0.25	low	Castanea_mollissima:plas	Eukaryota:plas
d0c23e7d-80c5-4054-be8c-6d7f0b7ac70f	49632	0.25	low	Castanea_mollissima:plas	Eukaryota:plas
841cd08a-42ab-4a9a-98b5-0c21f0797197	49632	0.25	low	Castanea_mollissima:plas	Eukaryota:plas
409b0528-0243-475c-ae1c-ff717bf2e796	49632	0.25	low	Castanea_mollissima:plas	Eukaryota:plas
146c4f7a-1971-40fd-b8d1-df76fd983c6b	49632	0.25	low	Castanea_mollissima:plas	Eukaryota:plas
4bc54fe2-ebc3-4db5-b193-285df73140db	49632	0.25	low	Castanea_mollissima:plas	Eukaryota:plas
9760ee69-8081-4155-8977-72cc9a7f08cd	49632	0.25	low	Castanea_mollissima:plas	Eukaryota:plas
469afab0-e6ba-469d-be8d-263c5ff44d3e	49632	0.25	low	Castanea_mollissima:plas	Eukaryota:plas
bac40c10-b560-4d0b-98e3-82b20158baea	49632	0.25	low	Castanea_mollissima:plas	Eukaryota:plas
3e396c0b-d9e7-4d6e-8838-21efb12c4a94	49632	0.25	low	Castanea_mollissima:plas	Eukaryota:plas
acd007f5-595f-4e3c-87bf-b46c56f83412	49632	0.25	low	Castanea_mollissima:plas	Eukaryota:plas
57b4695d-5cc8-4251-91bd-9469a39af1f9	49632	0.25	low	Castanea_mollissima:plas	Eukaryota:plas
08b454d8-9673-433d-ac82-90915e655b9f	49632	0.25	low	Castanea_mollissima:plas	Eukaryota:plas
8e757f86-a6aa-4865-b044-2d1a0eee48ed	49632	0.25	low	Castanea_mollissima:plas	Eukaryota:plas
f3fcadd8-1f7d-4765-aa95-adde053e491d	49632	0.25	low	Castanea_mollissima:plas	Eukaryota:plas
ae6342c2-56cd-4b27-912d-457874d3ccba	49632	0.25	low	Castanea_mollissima:plas	Eukaryota:plas
bc40b5a7-b884-4ef4-bc84-d7837ff5740c	49632	0.25	low	Castanea_mollissima:plas	Eukaryota:plas
c100cec5-4dab-4c55-9c38-43c7fa252d3e	49632	0.25	low	Castanea_mollissima:plas	Eukaryota:plas
7d10a787-860e-4cd0-be8b-a56b9066ec28	49632	0.25	low	Castanea_mollissima:plas	Eukaryota:plas
f4457e60-e998-4c1e-9e50-534b70349d23	49632	0.25	low	Castanea_mollissima:plas	Eukaryota:plas
71b88ff3-5692-4a5c-a5d8-9ca07325507a	49632	0.25	low	Castanea_mollissima:plas	Eukaryota:plas
441ec692-c3f8-4aa6-85ec-74223c4ce52b	49632	0.25	low	Castanea_mollissima:plas	Eukaryota:plas
9591cde7-1563-483c-86d5-884c506be043	49632	0.25	low	Castanea_mollissima:plas	Eukaryota:plas
57d2af19-e401-400f-95b6-5dc86a20292c	49632	0.25	low	Castanea_mollissima:plas	Eukaryota:plas
238f2c8c-10ab-4d15-88ad-7df449cd5031	49632	0.25	low	Castanea_mollissima:plas	Eukaryota:plas
bc02b721-86a7-4ecf-bd11-86cb7a5ebab4	49632	0.25	low	Castanea_mollissima:plas	Eukaryota:plas
c4dc687b-989a-4841-afda-18c0aabf651a	49632	0.25	low	Castanea_mollissima:plas	Eukaryota:plas
25a50550-eb18-462b-9c2a-cb81bd794d0d	49632	0.25	low	Castanea_mollissima:plas	Eukaryota:plas
3f103736-f43d-49af-b57c-f61d70d4fe7c	49632	0.25	low	Castanea_mollissima:plas	Eukaryota:plas
b8ea0103-5936-4655-84ec-8c31ab0f8252	49632	0.25	low	Castanea_mollissima:plas	Eukaryota:plas
88eb811f-cf56-4b17-89e2-517b73b9fbf3	49632	0.25	low	Castanea_mollissima:plas	Eukaryota:plas
0e139f58-fdde-4c35-ab92-9cbe1c7a75c9	49632	0.25	low	Castanea_mollissima:plas	Eukaryota:plas
96758058-dd2a-408f-9a53-312a2c861dd4	49632	0.25	low	Castanea_mollissima:plas	Eukaryota:plas
f2a34117-fe4b-48be-aa6d-fde158343357	49632	0.25	low	Castanea_mollissima:plas	Eukaryota:plas
6ecab62b-eb21-4719-b3e6-a9235ea8b6d8	49632	0.25	low	Castanea_mollissima:plas	Eukaryota:plas
290e9623-a308-410f-85ef-1270638609b1	49632	0.25	low	Castanea_mollissima:plas	Eukaryota:plas
4e5a6387-5fa3-4d69-9d5c-2f55f854aba3	49632	0.25	low	Castanea_mollissima:plas	Eukaryota:plas
01042b13-1d41-4002-80b5-9976ce46c54c	49632	0.25	low	Castanea_mollissima:plas	Eukaryota:plas
71ba36e2-15aa-4526-9af7-d74c1c6baaaf	49632	0.25	low	Castanea_mollissima:plas	Eukaryota:plas
2f079fce-2bd2-4dcf-b37a-0fc89ec5f47b	49632	0.25	low	Castanea_mollissima:plas	Eukaryota:plas
733411d6-08e1-4b67-a1ef-4fe391455249	49632	0.25	low	Castanea_mollissima:plas	Eukaryota:plas
6e84b5ed-bf3d-4d59-aa05-697cc4f02754	49632	0.25	low	Castanea_mollissima:plas	Eukaryota:plas
253216e2-8e36-4c23-9572-6c85603a9e1e	49632	0.25	low	Castanea_mollissima:plas	Eukaryota:plas
fb4a6d5f-9b4a-471b-893d-8b1ec8ca5d87	49632	0.25	low	Castanea_mollissima:plas	Eukaryota:plas
0e5db434-370f-4498-a71b-52e04df8abc0	49632	0.25	low	Castanea_mollissima:plas	Eukaryota:plas
e2134f04-b622-4a61-b34b-501d819a483d	49632	0.25	low	Castanea_mollissima:plas	Eukaryota:plas
8734759e-bdf5-419f-8c7e-1ce15b0e1354	49632	0.25	low	Castanea_mollissima:plas	Eukaryota:plas
20f19912-3293-4127-8d4a-f4213187ab86	49632	0.25	low	Castanea_mollissima:plas	Eukaryota:plas
34357ff7-0cfc-4499-8138-d9fe30e85c00	49632	0.25	low	Castanea_mollissima:plas	Eukaryota:plas
ba79b187-76ca-433e-bc9a-23fb44c63e26	49632	0.25	low	Castanea_mollissima:plas	Eukaryota:plas
4c7e7330-5dc5-44d7-b727-aba07712c380	49632	0.25	low	Castanea_mollissima:plas	Eukaryota:plas
cec7e772-18cd-49c5-84f3-6f61ed589022	49632	0.25	low	Castanea_mollissima:plas	Eukaryota:plas
93053ca1-ed48-4e3c-8bcb-174bc90168a1	49632	0.25	low	Castanea_mollissima:plas	Eukaryota:plas
25409e15-1787-4245-9801-580a75d2e6e4	49632	0.25	low	Castanea_mollissima:plas	Eukaryota:plas
d542f269-3ac3-4a03-ab25-b48212143ab8	49632	0.25	low	Castanea_mollissima:plas	Eukaryota:plas
2cbd0612-a6f0-4392-a53c-0c090c10bb5b	49632	0.25	low	Castanea_mollissima:plas	Eukaryota:plas
c4b8d0bd-775c-4969-8b4c-8d2a8bd66e4b	49632	0.25	low	Castanea_mollissima:plas	Eukaryota:plas
b2481176-2232-49b9-bf71-e3645794f653	49632	0.25	low	Castanea_mollissima:plas	Eukaryota:plas
d3e049f0-9ffa-4d93-aaeb-8cd503615f75	49632	0.25	low	Castanea_mollissima:plas	Eukaryota:plas
e68f42b2-b443-4362-afdc-cae50d311d4d	49632	0.25	low	Castanea_mollissima:plas	Eukaryota:plas
d442fe64-a93e-4456-9e8d-a53f390151da	49632	0.25	low	Castanea_mollissima:plas	Eukaryota:plas
9895d6ee-bc24-4dfd-8efd-d41287b19bfb	49632	0.25	low	Castanea_mollissima:plas	Eukaryota:plas
b6acbfd8-03cb-4cbf-813f-939d52e43217	49632	0.25	low	Castanea_mollissima:plas	Eukaryota:plas
bf764c80-ccc2-47ee-a68b-9dd4830adf36	49632	0.25	low	Castanea_mollissima:plas	Eukaryota:plas
216bddef-b3cf-4a63-89fc-b12f52c65769	49632	0.25	low	Castanea_mollissima:plas	Eukaryota:plas
120a6f84-3129-4299-9bf5-33ea9cd273c8	49632	0.25	low	Castanea_mollissima:plas	Eukaryota:plas
9d3527f1-54ab-4a1f-ad2e-40ee0e9b7c33	49632	0.25	low	Castanea_mollissima:plas	Eukaryota:plas
7eb24914-a8c4-461b-b3fb-c3e4289028a2	49632	0.25	low	Castanea_mollissima:plas	Eukaryota:plas
24a1352d-54d7-4076-83c9-35525dfe5dd5	49632	0.25	low	Castanea_mollissima:plas	Eukaryota:plas
8c075b01-4697-468b-8704-41e16f426d0a	49632	0.25	low	Castanea_mollissima:plas	Eukaryota:plas
f7d5c4d6-24dc-46d3-9ee7-b834f4f8f44e	49632	0.25	low	Castanea_mollissima:plas	Eukaryota:plas
3f9f9bb2-4ca1-4518-88db-87cf71ddd54f	49632	0.25	low	Castanea_mollissima:plas	Eukaryota:plas
0d5f6e05-b9d3-4c4b-b2d2-0101f0d16e75	49632	0.25	low	Castanea_mollissima:plas	Eukaryota:plas
35fc08ee-1efb-4cd3-ad3b-7ab5cb5376f1	49632	0.25	low	Castanea_mollissima:plas	Eukaryota:plas
277af02b-3d25-4803-a018-3008862c5c2e	49632	0.25	low	Castanea_mollissima:plas	Eukaryota:plas
32388677-434c-41d0-a012-1ad3b5d8c935	49632	0.25	low	Castanea_mollissima:plas	Eukaryota:plas
632faefb-6011-4895-a7bb-c9a6d6c70548	49632	0.25	low	Castanea_mollissima:plas	Eukaryota:plas
72d8979b-1c93-44f6-a704-fd824bc8917a	49632	0.25	low	Castanea_mollissima:plas	Eukaryota:plas
21b541b7-dd85-45f1-8feb-5236a758bfce	49632	0.25	low	Castanea_mollissima:plas	Eukaryota:plas
3ddcf7cc-0e85-43a8-82aa-1ce6aaff219c	49632	0.25	low	Castanea_mollissima:plas	Eukaryota:plas
46bf46a4-967d-4feb-b793-6d5d5c41e910	49632	0.25	low	Castanea_mollissima:plas	Eukaryota:plas
e3c76390-6fab-42c8-b262-b978a0555ed0	49632	0.25	low	Castanea_mollissima:plas	Eukaryota:plas
c4ed8391-836d-4961-ac20-6da1641266f2	49632	0.25	low	Castanea_mollissima:plas	Eukaryota:plas
5749eb57-ff14-4d24-8259-98a782149a0b	49632	0.25	low	Castanea_mollissima:plas	Eukaryota:plas
b5107b43-bc22-43bd-95b0-feb808e317e5	49632	0.25	low	Castanea_mollissima:plas	Eukaryota:plas
264be36d-67b9-4185-8a50-9c0c30a700ca	49632	0.25	low	Castanea_mollissima:plas	Eukaryota:plas
4031c891-9a14-41ac-9fea-8f15a606403e	49632	0.25	low	Castanea_mollissima:plas	Eukaryota:plas
b943471e-aa84-4a7b-a291-e1a4a42cdba6	49632	0.25	low	Castanea_mollissima:plas	Eukaryota:plas
048674c7-2265-4ab3-817e-bcb4a2044d9c	49632	0.25	low	Castanea_mollissima:plas	Eukaryota:plas
d690aaca-c7a4-45ed-9103-7e33305ef16d	49632	0.25	low	Castanea_mollissima:plas	Eukaryota:plas
d409533f-a765-4229-855d-928bf5fe0e1a	49632	0.25	low	Castanea_mollissima:plas	Eukaryota:plas
ae553604-2d15-49de-ae3e-1eed3e92f567	49632	0.25	low	Castanea_mollissima:plas	Eukaryota:plas
a087e679-e57b-4e94-b218-f4edf506a3cc	49632	0.25	low	Castanea_mollissima:plas	Eukaryota:plas
17062e44-daac-44ab-ab08-bcdd30771401	49632	0.25	low	Castanea_mollissima:plas	Eukaryota:plas
b8896abb-862d-4e9e-ab79-eef28508773c	49632	0.25	low	Castanea_mollissima:plas	Eukaryota:plas
f2cdc1a0-77d9-4f11-9766-52661516a00b	49632	0.25	low	Castanea_mollissima:plas	Eukaryota:plas
76730646-7ff9-4a3d-87e1-0c53776737cd	49632	0.25	low	Castanea_mollissima:plas	Eukaryota:plas
dbbc582b-0eb5-4fd4-9f0d-968f35d95682	49632	0.25	low	Castanea_mollissima:plas	Eukaryota:plas
d3a7de40-8927-43d9-abdf-e8ccc57e5b8e	49632	0.25	low	Castanea_mollissima:plas	Eukaryota:plas
f8747461-f8e4-40ee-b44c-3a747ed55cd3	49632	0.25	low	Castanea_mollissima:plas	Eukaryota:plas
4413996f-5f6a-469e-b652-3e87181f732b	49632	0.25	low	Castanea_mollissima:plas	Eukaryota:plas
c16496e3-1a4e-45bf-8696-e384c3fbd686	49632	0.25	low	Castanea_mollissima:plas	Eukaryota:plas
281a828d-1e34-4a26-97af-b8465c833e54	49632	0.25	low	Castanea_mollissima:plas	Eukaryota:plas
255e0b29-b76f-413d-bb09-d88c2ecbdcce	49632	0.25	low	Castanea_mollissima:plas	Eukaryota:plas
20c6d1d3-32f2-41b7-8a89-3661558a39d0	49632	0.25	low	Castanea_mollissima:plas	Eukaryota:plas
8edfb4d5-b2cb-4b67-bd86-605770a69579	49632	0.25	low	Castanea_mollissima:plas	Eukaryota:plas
699ef132-03e2-4b12-81e3-b5fe457b4a7a	49632	0.25	low	Castanea_mollissima:plas	Eukaryota:plas
66d1c551-263d-4ce1-b812-79188f3cd6df	49632	0.25	low	Castanea_mollissima:plas	Eukaryota:plas
12886136-cc4d-4597-85e6-3f072aa21a23	49632	0.25	low	Castanea_mollissima:plas	Eukaryota:plas
a9f04f42-7dc2-4f62-a90f-056dcd0a4e57	49632	0.25	low	Castanea_mollissima:plas	Eukaryota:plas
7926f718-df97-485a-af30-83ca11ca013c	49632	0.25	low	Castanea_mollissima:plas	Eukaryota:plas
069413e0-fe8f-4fda-8326-be2c7871da79	49632	0.25	low	Castanea_mollissima:plas	Eukaryota:plas
f002a233-f464-410f-b345-694ec0db926c	49632	0.25	low	Castanea_mollissima:plas	Eukaryota:plas
9724d309-b003-4788-a60e-704dc0801a39	49632	0.25	low	Castanea_mollissima:plas	Eukaryota:plas
4c83e675-fd30-43cb-af3a-247ac35975f1	49632	0.25	low	Castanea_mollissima:plas	Eukaryota:plas
aef610d0-edce-4f40-809a-9f02f82bf6d0	49632	0.25	low	Castanea_mollissima:plas	Eukaryota:plas
602e273e-f6a9-41f3-ab24-68263453b5ad	49632	0.25	low	Castanea_mollissima:plas	Eukaryota:plas
2a6685d9-34d8-4e49-bac2-499dbd2b88fb	49632	0.25	low	Castanea_mollissima:plas	Eukaryota:plas
b563bae0-6b00-47e1-8123-a0b7eb149a58	49632	0.25	low	Castanea_mollissima:plas	Eukaryota:plas
9e476e39-5eb5-468a-a09a-75cd1af50fb1	49632	0.25	low	Castanea_mollissima:plas	Eukaryota:plas
b8b55b14-093e-4933-a747-d2a82bf64b7d	49632	0.25	low	Castanea_mollissima:plas	Eukaryota:plas
1f1726e2-9584-48a5-958e-f58ef2fc0dc3	49632	0.25	low	Castanea_mollissima:plas	Eukaryota:plas
3a31ffa9-fadc-4734-bdc6-20d5520e33b0	49632	0.25	low	Castanea_mollissima:plas	Eukaryota:plas
c9d051df-8c6d-438a-a378-b6c0e0634a3b	49632	0.25	low	Castanea_mollissima:plas	Eukaryota:plas
fca0c000-3ead-41a0-89ba-b70f6924a462	49632	0.25	low	Castanea_mollissima:plas	Eukaryota:plas
29401b29-4d68-4068-ab3d-dd6c6e71efca	49632	0.25	low	Castanea_mollissima:plas	Eukaryota:plas
c77335f6-c00b-4ae0-b917-120b81da17e7	49632	0.25	low	Castanea_mollissima:plas	Eukaryota:plas
2f95699d-1e3c-433d-8656-0349aa85a5a6	49632	0.25	low	Castanea_mollissima:plas	Eukaryota:plas
5ae08851-9a64-4119-a6ce-dac3f052e695	49632	0.25	low	Castanea_mollissima:plas	Eukaryota:plas
2464d79d-79df-4773-a56f-1ffe84abfa45	49632	0.25	low	Castanea_mollissima:plas	Eukaryota:plas
8a6c6741-7819-410d-b913-874f2651ced8	49632	0.25	low	Castanea_mollissima:plas	Eukaryota:plas
2e45c762-99d8-4b11-81ed-11d090bdf099	49632	0.25	low	Castanea_mollissima:plas	Eukaryota:plas
581672e0-3723-428a-8781-672fde362bae	49632	0.25	low	Castanea_mollissima:plas	Eukaryota:plas
d508f9ac-1266-4cd7-b02e-4705665b659d	49632	0.25	low	Castanea_mollissima:plas	Eukaryota:plas
ee407252-3f0b-4d9c-a2de-75481a7fbdea	49632	0.25	low	Castanea_mollissima:plas	Eukaryota:plas
43ffc214-57e8-4f74-bc19-7fea58bd1c6f	49632	0.25	low	Castanea_mollissima:plas	Eukaryota:plas
46510f57-8c9d-4b18-adf0-5eb9d8e4ac9a	49632	0.25	low	Castanea_mollissima:plas	Eukaryota:plas
9f4853c0-30dc-4f37-a0b2-21eab2723f20	49632	0.25	low	Castanea_mollissima:plas	Eukaryota:plas
49b7b06e-5782-44ed-a07f-9287bc4a85eb	49632	0.25	low	Castanea_mollissima:plas	Eukaryota:plas
d31e3619-5729-4fe9-8fdf-c0010bdd9c4d	49632	0.25	low	Castanea_mollissima:plas	Eukaryota:plas
510f7a89-2a75-4fa7-9826-3b0e0d31c3e9	49632	0.25	low	Castanea_mollissima:plas	Eukaryota:plas
70890481-85f8-4694-8150-56f653c0bfb8	49632	0.25	low	Castanea_mollissima:plas	Eukaryota:plas
dc18b040-f6db-4f01-8405-2314b2945124	49632	0.25	low	Castanea_mollissima:plas	Eukaryota:plas
f3b161e6-a9bf-45fd-af07-ded53a2499b0	49632	0.25	low	Castanea_mollissima:plas	Eukaryota:plas
f98fd2cb-29f3-4f36-81cb-a41ac4d0c827	49632	0.25	low	Castanea_mollissima:plas	Eukaryota:plas
37189a6d-8651-4eba-81ad-275743a0d930	49632	0.25	low	Castanea_mollissima:plas	Eukaryota:plas
9993ec5e-1f0b-4d73-b23e-cf9c56191430	49632	0.25	low	Castanea_mollissima:plas	Eukaryota:plas
8cb428a8-3b3b-498b-bd02-fc8ab8792fa8	49632	0.25	low	Castanea_mollissima:plas	Eukaryota:plas
2c6eca74-1937-4fff-b574-82fab69e75b1	49632	0.25	low	Castanea_mollissima:plas	Eukaryota:plas
b9113596-2f60-47bc-bb28-6f4a6d339def	49632	0.25	low	Castanea_mollissima:plas	Eukaryota:plas
c5bdbe59-6d15-4c0d-b2dd-a519decc9c81	49632	0.25	low	Castanea_mollissima:plas	Eukaryota:plas
8a413e57-4c72-4b48-8ed8-e52b008339c8	49632	0.25	low	Castanea_mollissima:plas	Eukaryota:plas
1263cae5-bbe9-4f11-bf26-d1ca7fdef403	49632	0.25	low	Castanea_mollissima:plas	Eukaryota:plas
c5365ccf-1057-461a-9b0f-ece3de5c6dcf	49632	0.25	low	Castanea_mollissima:plas	Eukaryota:plas
7167f63d-ca02-41d3-8cdb-2f231b38dc4d	49632	0.25	low	Castanea_mollissima:plas	Eukaryota:plas
8b0d6da1-58c5-4578-892d-d8e32942a136	49632	0.25	low	Castanea_mollissima:plas	Eukaryota:plas
b901c85a-6b0d-44d5-9f18-904b08ad12c6	49632	0.25	low	Castanea_mollissima:plas	Eukaryota:plas
15a2076a-c87c-4bbb-82fd-56d8e210b7ee	49632	0.25	low	Castanea_mollissima:plas	Eukaryota:plas
d68a7649-fb8a-49df-9222-dc44c0c15223	49632	0.25	low	Castanea_mollissima:plas	Eukaryota:plas
81d89ad8-cca5-42ca-b225-59734c66351f	49632	0.25	low	Castanea_mollissima:plas	Eukaryota:plas
2d13a328-ea45-403c-a961-8ce3c7eb77a7	49632	0.25	low	Castanea_mollissima:plas	Eukaryota:plas
7adf7b9d-61f3-4546-928f-7e826a369ffa	49632	0.25	low	Castanea_mollissima:plas	Eukaryota:plas
133936ba-98fe-40ce-b8b0-806f67d6b66e	49632	0.25	low	Castanea_mollissima:plas	Eukaryota:plas
bb37986d-0d31-409b-8cf7-8cfafb1c2fb3	49632	0.25	low	Castanea_mollissima:plas	Eukaryota:plas
94d1aaf0-f387-47bc-be70-b2b14ae67513	49632	0.25	low	Castanea_mollissima:plas	Eukaryota:plas
9dbfbd03-6cab-48b8-aabe-692a9296605c	49632	0.25	low	Castanea_mollissima:plas	Eukaryota:plas
0a6fb816-dd57-4d27-8de9-b8d3d251b30f	49632	0.25	low	Castanea_mollissima:plas	Eukaryota:plas
8d87324c-9c5c-4a61-9df5-11591e84c781	49632	0.25	low	Castanea_mollissima:plas	Eukaryota:plas
0de53b76-d1c7-4e97-b374-4d7e0ea0c6e9	49632	0.25	low	Castanea_mollissima:plas	Eukaryota:plas
5ca75131-8516-4eeb-a16c-353e405a6e29	49632	0.25	low	Castanea_mollissima:plas	Eukaryota:plas
90cc7a44-7c58-4466-bf30-fd6e41ea8236	49632	0.25	low	Castanea_mollissima:plas	Eukaryota:plas
bbd3af2e-357f-4628-b629-9f53491bd313	49632	0.25	low	Castanea_mollissima:plas	Eukaryota:plas
eedd53a8-80f0-4e8b-9a28-2f2015d44941	49632	0.25	low	Castanea_mollissima:plas	Eukaryota:plas
9faee100-7f40-402c-ab81-9a5dbfef7cb4	49632	0.25	low	Castanea_mollissima:plas	Eukaryota:plas
aab3d505-ff0b-49bc-a8ae-f4cdc75f9634	49632	0.25	low	Castanea_mollissima:plas	Eukaryota:plas
d523725a-d87b-4fd6-a6cf-5b150c2e869d	49632	0.25	low	Castanea_mollissima:plas	Eukaryota:plas
70ca7c4d-7047-4150-b38c-1b44834abddc	49632	0.25	low	Castanea_mollissima:plas	Eukaryota:plas
04f0959c-b00e-4729-9858-7f0d525bffa5	49632	0.25	low	Castanea_mollissima:plas	Eukaryota:plas
eda3cfe5-a18d-4cf2-8061-94eeba5ec8ff	49632	0.25	low	Castanea_mollissima:plas	Eukaryota:plas
5ecedac7-cebd-4f3a-ad68-185704b0c92e	49632	0.25	low	Castanea_mollissima:plas	Eukaryota:plas
cdf66813-b9a1-4e6f-a778-5a5d3bf77b3b	49632	0.25	low	Castanea_mollissima:plas	Eukaryota:plas
8a9a1dc0-586c-4712-8251-82471c12d8da	49632	0.25	low	Castanea_mollissima:plas	Eukaryota:plas
a606b534-90ad-4d6a-a1d6-16b5a642d691	49632	0.25	low	Castanea_mollissima:plas	Eukaryota:plas
5dea1e62-5e2f-4991-9301-12ade34995e1	49632	0.25	low	Castanea_mollissima:plas	Eukaryota:plas
1423e588-38b4-4fa6-9c78-8a5e9bd7c6db	49632	0.25	low	Castanea_mollissima:plas	Eukaryota:plas
366ecb4e-b5fa-4cfa-ad24-4c7101c79b54	49632	0.25	low	Castanea_mollissima:plas	Eukaryota:plas
d903fc01-0111-4121-8800-56637624d64d	49632	0.25	low	Castanea_mollissima:plas	Eukaryota:plas
bb39fc38-b10f-44ab-9c90-328ca22a73d7	49632	0.25	low	Castanea_mollissima:plas	Eukaryota:plas
20ade42b-bed7-4e1a-80f8-70606667e733	49632	0.25	low	Castanea_mollissima:plas	Eukaryota:plas
07c46c79-049a-48bb-9569-c6434fb54619	49632	0.25	low	Castanea_mollissima:plas	Eukaryota:plas
39ac73ef-8df2-40f2-b5fc-9685ad1e57fa	49632	0.25	low	Castanea_mollissima:plas	Eukaryota:plas
5fe63071-4f52-4bae-8d9c-4d3b2416f0ff	49632	0.25	low	Castanea_mollissima:plas	Eukaryota:plas
e74ae5fb-2d6e-4c09-9e61-46920ce5f384	49632	0.25	low	Castanea_mollissima:plas	Eukaryota:plas
520cda7e-2800-4378-88a6-fd74dc5d4bb9	49632	0.25	low	Castanea_mollissima:plas	Eukaryota:plas
7771016a-0378-4ebc-9bc3-3086c3797cd6	49632	0.25	low	Castanea_mollissima:plas	Eukaryota:plas
679b1101-bda9-426d-bc0a-fd9e2938ddf0	49632	0.25	low	Castanea_mollissima:plas	Eukaryota:plas
1bb2b802-aa5a-4716-9706-d743f49011f9	49632	0.25	low	Castanea_mollissima:plas	Eukaryota:plas
43804f1c-6b19-4055-b5d0-b547cee6976b	49632	0.25	low	Castanea_mollissima:plas	Eukaryota:plas
f2a0f102-9168-489f-9645-c9d0f0f2925a	49632	0.25	low	Castanea_mollissima:plas	Eukaryota:plas
1cc71284-9932-479f-9d81-f15309f9880a	49632	0.25	low	Castanea_mollissima:plas	Eukaryota:plas
289dc2b6-cff8-4a15-ae34-e3ba40035a15	49632	0.25	low	Castanea_mollissima:plas	Eukaryota:plas
c9eac47e-422f-4b9e-97f9-6ecf494f97a8	49632	0.25	low	Castanea_mollissima:plas	Eukaryota:plas
5e4f8a5c-615a-4aef-8fbb-fe7a0d7c5f18	49632	0.25	low	Castanea_mollissima:plas	Eukaryota:plas
41f6bddf-f145-49e0-acea-022eb6001e20	49632	0.25	low	Castanea_mollissima:plas	Eukaryota:plas
2dcf3505-096f-4f93-b23a-a100a45f8d82	49632	0.25	low	Castanea_mollissima:plas	Eukaryota:plas
ce49e100-6f2b-4043-855f-380fdf0fc31a	49632	0.25	low	Castanea_mollissima:plas	Eukaryota:plas
30afee71-f0be-4611-b987-9626e11ed651	49632	0.25	low	Castanea_mollissima:plas	Eukaryota:plas
f556a818-70ba-423e-a9ad-879e22379c47	49632	0.25	low	Castanea_mollissima:plas	Eukaryota:plas
6ef6d4a4-23e2-4cd6-a71a-b7b3c2f5f41a	49632	0.25	low	Castanea_mollissima:plas	Eukaryota:plas
dfe43501-0d3d-47f1-b1db-7b1318497b83	49632	0.25	low	Castanea_mollissima:plas	Eukaryota:plas
b05172e9-7df7-44cb-a327-42c0246b0d94	49632	0.25	low	Castanea_mollissima:plas	Eukaryota:plas
c1ab9c54-b911-4a1b-8b0c-4a6f91ae289a	49632	0.25	low	Castanea_mollissima:plas	Eukaryota:plas
95484bfe-4f9f-4289-9bc9-51f8de16fa5d	49632	0.25	low	Castanea_mollissima:plas	Eukaryota:plas
f4acbb81-358d-4139-b01a-6d639d08848c	49632	0.25	low	Castanea_mollissima:plas	Eukaryota:plas
83b47794-15ab-4077-acd8-8271c318f528	49632	0.25	low	Castanea_mollissima:plas	Eukaryota:plas
e8aefd90-f4fd-4379-b727-7edbaec37dc3	49632	0.25	low	Castanea_mollissima:plas	Eukaryota:plas
32c3c928-b6de-40ec-96cb-7ce46ada9e29	49632	0.25	low	Castanea_mollissima:plas	Eukaryota:plas
d16580c6-4ef8-42fd-b093-459a6d12b18a	49632	0.25	low	Castanea_mollissima:plas	Eukaryota:plas
9bc18f3a-b57a-47ae-a7fe-730aa3ec4da2	49632	0.25	low	Castanea_mollissima:plas	Eukaryota:plas
5e513c61-d300-4959-a8f7-95eafa4dba63	49632	0.25	low	Castanea_mollissima:plas	Eukaryota:plas
72fb4bc6-81d8-49b4-833a-afb9224e3637	49632	0.25	low	Castanea_mollissima:plas	Eukaryota:plas
70df4692-d721-432e-b54e-d2be9ed6cd69	49632	0.25	low	Castanea_mollissima:plas	Eukaryota:plas
6cb32996-1a67-4ed6-8b7d-7c5f90a51f54	49632	0.25	low	Castanea_mollissima:plas	Eukaryota:plas
2ec7ea18-3e16-45e2-896b-c60b39f6f0c6	49632	0.25	low	Castanea_mollissima:plas	Eukaryota:plas
4474013e-6579-424a-ab8f-6b794301695d	49632	0.25	low	Castanea_mollissima:plas	Eukaryota:plas
c1b0c14d-ded2-49d5-b21c-93d742dbf817	49632	0.25	low	Castanea_mollissima:plas	Eukaryota:plas
5c31b91a-3018-4d35-83c7-f62779540110	49632	0.25	low	Castanea_mollissima:plas	Eukaryota:plas
caef3152-792f-4ba3-95d6-a0efeae53eec	49632	0.25	low	Castanea_mollissima:plas	Eukaryota:plas
acf5982b-82cd-42c9-89eb-31d2fac6fded	49632	0.25	low	Castanea_mollissima:plas	Eukaryota:plas
cbf1816a-1b5d-4c93-bf40-d597f0fdde6c	49632	0.25	low	Castanea_mollissima:plas	Eukaryota:plas
339b8a7b-acf7-4808-b0b9-948597e5cdd5	49632	0.25	low	Castanea_mollissima:plas	Eukaryota:plas
ae040a8f-ac86-4c0e-9df8-cb2ac7f0db9c	49632	0.25	low	Castanea_mollissima:plas	Eukaryota:plas
931afdd6-ad31-4028-87b3-6439fa2245fd	49632	0.25	low	Castanea_mollissima:plas	Eukaryota:plas
efe81b01-6694-4b31-9c6e-e487617362f4	49632	0.25	low	Castanea_mollissima:plas	Eukaryota:plas
cd54922b-2846-4b2e-a54e-10a7986ff827	49632	0.25	low	Castanea_mollissima:plas	Eukaryota:plas
b14b6d14-c845-4c9d-8d1f-35565e387d6c	49632	0.25	low	Castanea_mollissima:plas	Eukaryota:plas
a45793ba-780d-4fdb-a263-f5a3b9399240	49632	0.25	low	Castanea_mollissima:plas	Eukaryota:plas
c6f60929-a218-434b-b29d-d00097960b8a	49632	0.25	low	Castanea_mollissima:plas	Eukaryota:plas
a25b3449-22c9-44f9-8c84-ceb8fd770f84	49632	0.25	low	Castanea_mollissima:plas	Eukaryota:plas
7765f686-78ff-4d15-8d88-c0e6fd45f735	49632	0.25	low	Castanea_mollissima:plas	Eukaryota:plas
c80bd2a2-70df-4fe5-be44-8bd67a5a8d96	49632	0.25	low	Castanea_mollissima:plas	Eukaryota:plas
fc2a771c-cebd-45da-8950-345173746bc2	49632	0.25	low	Castanea_mollissima:plas	Eukaryota:plas
fc1197b1-f3d2-4284-b7d8-a53df672806d	49632	0.25	low	Castanea_mollissima:plas	Eukaryota:plas
01fec51d-dff1-4268-8677-28dce53f92c6	49632	0.25	low	Castanea_mollissima:plas	Eukaryota:plas
4030a561-94ae-44c7-b101-5b089ffbff5e	49632	0.25	low	Castanea_mollissima:plas	Eukaryota:plas
ee7d7447-dd46-437f-b29e-9094f8f50587	49632	0.25	low	Castanea_mollissima:plas	Eukaryota:plas
78b790ca-417d-47ca-bfe7-2171534b04c8	49632	0.25	low	Castanea_mollissima:plas	Eukaryota:plas
a317f78c-e316-494e-9b92-c92efceb580a	49632	0.25	low	Castanea_mollissima:plas	Eukaryota:plas
d9439dde-d010-4678-8b2f-984e4ee2286e	49632	0.25	low	Castanea_mollissima:plas	Eukaryota:plas
bfb9b02d-46f7-436c-82e6-29d712f5f3e1	49632	0.25	low	Castanea_mollissima:plas	Eukaryota:plas
731824bb-3428-4fec-9940-5bd85df3e915	49632	0.25	low	Castanea_mollissima:plas	Eukaryota:plas
d188356a-cbc0-4745-9d31-a328bd84b26b	49632	0.25	low	Castanea_mollissima:plas	Eukaryota:plas
55314782-20cb-45b8-89f9-cd0504aff7d6	49632	0.25	low	Castanea_mollissima:plas	Eukaryota:plas
fef5049b-5a15-418f-a415-952a9b965c50	49632	0.25	low	Castanea_mollissima:plas	Eukaryota:plas
33b76a22-a5b5-4d5e-9f2f-afe3783384b3	49632	0.25	low	Castanea_mollissima:plas	Eukaryota:plas
0064ae6f-45a6-4a35-820c-b2b11cbc0980	49632	0.25	low	Castanea_mollissima:plas	Eukaryota:plas
bc50cfc6-cf6d-4ee2-b16c-befa87b925c5	49632	0.25	low	Castanea_mollissima:plas	Eukaryota:plas
3d5471e0-b9c1-4e37-ab5d-186af881098a	49632	0.25	low	Castanea_mollissima:plas	Eukaryota:plas
d19e526d-1c29-4e6f-b520-2d6acdbc1b30	49632	0.25	low	Castanea_mollissima:plas	Eukaryota:plas
77ad9861-e060-46e0-bb82-81b353748012	49632	0.25	low	Castanea_mollissima:plas	Eukaryota:plas
e073998c-54a5-488c-969c-ad5c518fdcda	49632	0.25	low	Castanea_mollissima:plas	Eukaryota:plas
044f9754-a503-4387-a6f7-e91beb451827	49632	0.25	low	Castanea_mollissima:plas	Eukaryota:plas
d8848f73-23c6-497c-8560-f183b1ee725e	49632	0.25	low	Castanea_mollissima:plas	Eukaryota:plas
964b8c81-ccff-4cec-a4f1-298dc5a15df6	49632	0.25	low	Castanea_mollissima:plas	Eukaryota:plas
5f2567d6-c452-4215-b142-6c1382686f4f	49632	0.25	low	Castanea_mollissima:plas	Eukaryota:plas
d4f163f3-c6a7-4654-a739-638331f840ce	49632	0.25	low	Castanea_mollissima:plas	Eukaryota:plas
dd5581df-9b2a-4106-966a-82dd83eca939	49632	0.25	low	Castanea_mollissima:plas	Eukaryota:plas
eebae4f0-b91f-402e-8080-89b022684d01	49632	0.25	low	Castanea_mollissima:plas	Eukaryota:plas
383a9adc-0034-4600-aaa1-4f501c50b3bb	49632	0.25	low	Castanea_mollissima:plas	Eukaryota:plas
9632ff82-2d98-4012-8453-025ddcc69710	49632	0.25	low	Castanea_mollissima:plas	Eukaryota:plas
37c5b24c-ca3b-48ea-bf36-57014d5d323b	49632	0.25	low	Castanea_mollissima:plas	Eukaryota:plas
3b800e49-8374-4745-9217-3b7e6576018a	49632	0.25	low	Castanea_mollissima:plas	Eukaryota:plas
1a63d18c-7c73-47a3-85ab-28459d151ccd	49632	0.25	low	Castanea_mollissima:plas	Eukaryota:plas
b7f1a3a3-9c29-48a2-bc1a-bad76a387741	49632	0.25	low	Castanea_mollissima:plas	Eukaryota:plas
8878ddc5-4d53-49bc-9f82-469f50396419	49632	0.25	low	Castanea_mollissima:plas	Eukaryota:plas
b090067b-6204-41b2-b3d6-78cfbfdf86df	49632	0.25	low	Castanea_mollissima:plas	Eukaryota:plas
4a213b5e-a5e3-4944-afb0-166d4af8eff5	49632	0.25	low	Castanea_mollissima:plas	Eukaryota:plas
1c7fcbac-4a0e-43bc-a538-126e650701ea	49632	0.25	low	Castanea_mollissima:plas	Eukaryota:plas
d4d542f6-3b43-4ab9-af4c-15a5df4a6154	49632	0.25	low	Castanea_mollissima:plas	Eukaryota:plas
b4b966e5-2282-4018-98c4-20563043bad4	49632	0.25	low	Castanea_mollissima:plas	Eukaryota:plas
af9b70df-9fad-478a-82dd-fa3a99a0b040	49632	0.25	low	Castanea_mollissima:plas	Eukaryota:plas
02b9e11f-e846-4f8d-aae0-472952d87af4	49632	0.25	low	Castanea_mollissima:plas	Eukaryota:plas
54fce2dd-155d-4726-91f9-bf05f8d87764	49632	0.25	low	Castanea_mollissima:plas	Eukaryota:plas
2bad1641-577e-478d-820f-1ef58902c273	49632	0.25	low	Castanea_mollissima:plas	Eukaryota:plas
5e02ee8e-8f0b-432a-88ea-adb5c6c2f352	49632	0.25	low	Castanea_mollissima:plas	Eukaryota:plas
5720bbe4-12e6-4e37-88fb-db3eac872d71	49632	0.25	low	Castanea_mollissima:plas	Eukaryota:plas
d1026957-3656-4a6f-9426-96ae8acf5bab	49632	0.25	low	Castanea_mollissima:plas	Eukaryota:plas
324edfd6-c1e4-4b7a-bcc6-f656b60f6a5e	49632	0.25	low	Castanea_mollissima:plas	Eukaryota:plas
a7a0556b-61fb-4157-af40-29ba98e607de	49632	0.25	low	Castanea_mollissima:plas	Eukaryota:plas
7ba4c899-7735-4a42-8b2b-e9764c1162a4	49632	0.25	low	Castanea_mollissima:plas	Eukaryota:plas
0e4c1d78-bc6e-4e6f-9993-b85eb9d172cd	49632	0.25	low	Castanea_mollissima:plas	Eukaryota:plas
aea5a016-4638-4c1f-a297-3348bdac09c6	49632	0.25	low	Castanea_mollissima:plas	Eukaryota:plas
23b50311-5221-4df8-849c-0a6f03074945	49632	0.25	low	Castanea_mollissima:plas	Eukaryota:plas
3124a39f-db2e-410a-9137-c57d092de19f	49632	0.25	low	Castanea_mollissima:plas	Eukaryota:plas
baa34fb2-9beb-45e9-ac42-3800419e76c8	49632	0.25	low	Castanea_mollissima:plas	Eukaryota:plas
20949dc8-d99a-4f60-a58a-fe523298050e	49632	0.25	low	Castanea_mollissima:plas	Eukaryota:plas
729e4d38-1c30-4ede-9afa-e2e7cdd74ac7	49632	0.25	low	Castanea_mollissima:plas	Eukaryota:plas
2def6c1b-4c6d-4aa7-8377-f6d8cdec8700	49632	0.25	low	Castanea_mollissima:plas	Eukaryota:plas
94079338-d07c-49ad-8b73-c87d8def5f47	49632	0.25	low	Castanea_mollissima:plas	Eukaryota:plas
baf837e3-5eb9-4946-b461-dd6eba45929e	49632	0.25	low	Castanea_mollissima:plas	Eukaryota:plas
324e20eb-e740-4832-a399-6800cc4cc412	49632	0.25	low	Castanea_mollissima:plas	Eukaryota:plas
9e5bb002-641b-44b6-87a8-89702878e7c3	49632	0.25	low	Castanea_mollissima:plas	Eukaryota:plas
60cc553b-c9b4-4430-96db-ad9dbaa84097	49632	0.25	low	Castanea_mollissima:plas	Eukaryota:plas
24e33d44-08bb-495f-a483-7c4ec680ddcf	49632	0.25	low	Castanea_mollissima:plas	Eukaryota:plas
7b3f9bf9-a4c2-4283-9ed1-c11e70cd594c	49632	0.25	low	Castanea_mollissima:plas	Eukaryota:plas
0eed019d-98e3-471f-b4a8-7acf778d217c	49632	0.25	low	Castanea_mollissima:plas	Eukaryota:plas
a0254723-fd0e-4820-b81c-2089ce0e5f22	49632	0.25	low	Castanea_mollissima:plas	Eukaryota:plas
440a54dc-7fe9-4072-9aaa-62e6aa120395	49632	0.25	low	Castanea_mollissima:plas	Eukaryota:plas
54f27c30-a10c-4ad1-ace1-f427447e5b25	49632	0.25	low	Castanea_mollissima:plas	Eukaryota:plas
d5b53388-410b-4ebf-a72a-f07dd28ecc06	49632	0.25	low	Castanea_mollissima:plas	Eukaryota:plas
f45af49f-4080-4493-b5b2-3cff8604d244	49632	0.25	low	Castanea_mollissima:plas	Eukaryota:plas
fd7226f4-18ab-405d-8a3e-ded7f0f0e0b8	49632	0.25	low	Castanea_mollissima:plas	Eukaryota:plas
bd1d58f7-484c-4010-b0bd-1833e5eec510	49632	0.25	low	Castanea_mollissima:plas	Eukaryota:plas
2d6bef0b-747d-4f61-b174-d03c6fc23284	49632	0.25	low	Castanea_mollissima:plas	Eukaryota:plas
dcf937f5-b93b-4823-9076-2a1515a521cc	49632	0.25	low	Castanea_mollissima:plas	Eukaryota:plas
eda584e7-3af9-44d8-ba73-b55c77e8a721	49632	0.25	low	Castanea_mollissima:plas	Eukaryota:plas
4aed86fc-537e-41e7-9d02-7688907cd77d	49632	0.25	low	Castanea_mollissima:plas	Eukaryota:plas
4b43a93f-3d9a-4337-9d9b-0c9274352890	49632	0.25	low	Castanea_mollissima:plas	Eukaryota:plas
3adaa99e-71ab-4836-9ef8-69df728636a3	49632	0.25	low	Castanea_mollissima:plas	Eukaryota:plas
88828b26-3c9b-475a-8084-6cf243d02a3d	49632	0.25	low	Castanea_mollissima:plas	Eukaryota:plas
1ba139ae-0f76-42ff-8f7f-a4b3824f0916	49632	0.25	low	Castanea_mollissima:plas	Eukaryota:plas
5a5c4547-2c52-4295-a8be-78bbc0ba13a5	49632	0.25	low	Castanea_mollissima:plas	Eukaryota:plas
56b51edb-c446-4970-a0d9-56462e0ecf21	49632	0.25	low	Castanea_mollissima:plas	Eukaryota:plas
571f92f3-0ba2-4dcd-a0c4-81c918d68e06	49632	0.25	low	Castanea_mollissima:plas	Eukaryota:plas
f91159ae-2f90-4ad9-b719-c9095f555449	49632	0.25	low	Castanea_mollissima:plas	Eukaryota:plas
71aa15e3-409e-4bf0-aa44-3160f20f41b7	49632	0.25	low	Castanea_mollissima:plas	Eukaryota:plas
5836928c-3cf8-4dd4-986a-c9edd53efc85	49632	0.25	low	Castanea_mollissima:plas	Eukaryota:plas
1fabeb23-481c-4953-87ca-d4a18baa8f6a	49632	0.25	low	Castanea_mollissima:plas	Eukaryota:plas
52872b5d-b98c-4af2-b333-9b91673edb1f	49632	0.25	low	Castanea_mollissima:plas	Eukaryota:plas
44f95daa-bf28-4636-8fc0-6029f678eb99	49632	0.25	low	Castanea_mollissima:plas	Eukaryota:plas
e031518b-15c7-4f7c-bbf2-15afbbda939a	49632	0.25	low	Castanea_mollissima:plas	Eukaryota:plas
ef40ddcb-20e0-4457-b1d5-f1bcd8ff2f49	49632	0.25	low	Castanea_mollissima:plas	Eukaryota:plas
ad4d3898-8004-4593-a43e-f41252137783	49632	0.25	low	Castanea_mollissima:plas	Eukaryota:plas
e6dce454-c337-4434-837d-4090c5c5e3c7	49632	0.25	low	Castanea_mollissima:plas	Eukaryota:plas
a5e98ead-42ba-4449-afc9-cfd6298dc974	49632	0.25	low	Castanea_mollissima:plas	Eukaryota:plas
2ab92ae2-e8c0-47fb-be68-16124ca334b1	49632	0.25	low	Castanea_mollissima:plas	Eukaryota:plas
0a17f5fb-e795-48db-abf3-72c9eaa37c3b	49632	0.25	low	Castanea_mollissima:plas	Eukaryota:plas
e571170d-9f15-4ca3-b168-f43acc20f7c3	49632	0.25	low	Castanea_mollissima:plas	Eukaryota:plas
dbcc5eb2-0c2a-4a38-9caa-db58cd7ab50b	49632	0.25	low	Castanea_mollissima:plas	Eukaryota:plas
a609855a-ca6a-4655-8f87-c1e7cc8a895b	49632	0.25	low	Castanea_mollissima:plas	Eukaryota:plas
bb4f5348-5be2-46c9-bb49-c05011e51cea	49632	0.25	low	Castanea_mollissima:plas	Eukaryota:plas
1c4122b3-a7b8-4886-b030-ade39513f161	49632	0.25	low	Castanea_mollissima:plas	Eukaryota:plas
60e2c42e-8e3a-452b-8db7-b13d4399f74c	49632	0.25	low	Castanea_mollissima:plas	Eukaryota:plas
048f0147-9490-4861-9817-f13abcf49a3e	49632	0.25	low	Castanea_mollissima:plas	Eukaryota:plas
f246d227-70aa-43be-93ec-64a1ff240c97	49632	0.25	low	Castanea_mollissima:plas	Eukaryota:plas
d9506aaf-73d0-4741-94db-d159385eb0e3	49632	0.25	low	Castanea_mollissima:plas	Eukaryota:plas
02b70f47-70f3-48b5-bc2d-bb1254038a4c	49632	0.25	low	Castanea_mollissima:plas	Eukaryota:plas
c036291d-817f-480a-bb71-42d85673e243	73513	1.0	confident	Dioon_edule:mito	Eukaryota:mito
f09163d0-b9e6-4c79-9bed-e01c72d69d46	73513	1.0	confident	Dioon_edule:mito	Eukaryota:mito
cee82645-d0e1-4cb1-aac7-306077af3e40	73513	1.0	confident	Dioon_edule:mito	Eukaryota:mito
89f34167-1a1b-4819-a0ba-5c5f746a4e2b	73513	1.0	confident	Dioon_edule:mito	Eukaryota:mito
dab30757-7554-4a59-9781-4dc4719a167c	73513	1.0	confident	Dioon_edule:mito	Eukaryota:mito
c5ae589a-a819-4256-b5af-7534fd5b1d6d	73513	1.0	confident	Dioon_edule:mito	Eukaryota:mito
a084577f-cb01-4aeb-8d1e-fd4dda54a141	73513	1.0	confident	Dioon_edule:mito	Eukaryota:mito
6e09d6c3-a16d-4a85-b5a8-b0238a64788a	73513	1.0	confident	Dioon_edule:mito	Eukaryota:mito
5b736f93-e857-42ed-91ee-d7f6d5141125	73513	1.0	confident	Dioon_edule:mito	Eukaryota:mito
02ce6fbb-4726-45e7-a00d-944c967b48e4	73513	1.0	confident	Dioon_edule:mito	Eukaryota:mito
f0692287-ef1f-4bde-a501-ff8237e699fd	73513	1.0	confident	Dioon_edule:mito	Eukaryota:mito
b60fae5e-c11b-43bf-b518-146eaf565d1d	73513	1.0	confident	Dioon_edule:mito	Eukaryota:mito
6e6e35e0-ce20-4bf0-b257-90a23616a004	73513	1.0	confident	Dioon_edule:mito	Eukaryota:mito
a98726be-1c3d-4491-b649-e88227981d53	73513	1.0	confident	Dioon_edule:mito	Eukaryota:mito
808a80ca-e538-4409-b242-b2a7a40bc267	73513	1.0	confident	Dioon_edule:mito	Eukaryota:mito
034f5ec3-403e-4836-bbde-534c18c81cfb	73513	1.0	confident	Dioon_edule:mito	Eukaryota:mito
febaf182-09af-461f-957f-d07d103141c8	73513	1.0	confident	Dioon_edule:mito	Eukaryota:mito
1f9b3672-993d-4e4d-aa00-9eb285cc03f9	73513	1.0	confident	Dioon_edule:mito	Eukaryota:mito
e20dfc31-df0a-4709-8add-776bdae848c3	73513	1.0	confident	Dioon_edule:mito	Eukaryota:mito
1eb83e67-ca55-45c4-b978-1cc4c2d9a3e7	73513	1.0	confident	Dioon_edule:mito	Eukaryota:mito
d6e53249-4aa8-4acf-ad44-6366235dd86d	73513	1.0	confident	Dioon_edule:mito	Eukaryota:mito
dc375f47-2a07-4bca-b3b5-c110df63ff9a	73513	1.0	confident	Dioon_edule:mito	Eukaryota:mito
af36f091-5cdf-4fe0-bea9-ce6d9cc0d6cd	73513	1.0	confident	Dioon_edule:mito	Eukaryota:mito
47046462-6d80-4c14-b6ac-93504828870f	73513	1.0	confident	Dioon_edule:mito	Eukaryota:mito
446fe14a-6979-4797-92e8-dfd9501efe51	73513	1.0	confident	Dioon_edule:mito	Eukaryota:mito
7a386397-87e3-4392-99f4-0cdf78373b9f	73513	1.0	confident	Dioon_edule:mito	Eukaryota:mito
6db347b7-19f9-426d-8474-af67906d94bb	73513	1.0	confident	Dioon_edule:mito	Eukaryota:mito
e7bcbb2f-2806-4e68-a8c1-77709d31600c	73513	1.0	confident	Dioon_edule:mito	Eukaryota:mito
801ffb7b-f56a-45bf-b2e9-5d91c4847152	73513	1.0	confident	Dioon_edule:mito	Eukaryota:mito
6de77212-1e92-463a-bb60-ff8cd02efc74	73513	1.0	confident	Dioon_edule:mito	Eukaryota:mito
dfe346b3-a7f1-4465-ae20-c85d6a4d0ea0	73513	1.0	confident	Dioon_edule:mito	Eukaryota:mito
3995c0d0-4360-439d-ba3c-8b18a5199818	73513	1.0	confident	Dioon_edule:mito	Eukaryota:mito
11977867-fffe-459d-ba0c-a7689355a0bf	73513	1.0	confident	Dioon_edule:mito	Eukaryota:mito
89ac286d-32a9-41d5-874f-32bba8338e07	73513	1.0	confident	Dioon_edule:mito	Eukaryota:mito
4b5c442f-25bb-41d0-aac2-04f93a4ce5df	73513	1.0	confident	Dioon_edule:mito	Eukaryota:mito
0afca371-7a1a-41e7-bd20-a5e65e0f9be1	73513	1.0	confident	Dioon_edule:mito	Eukaryota:mito
dfa8b17c-b534-433c-b50a-87f4ef56befd	73513	1.0	confident	Dioon_edule:mito	Eukaryota:mito
79d0135c-03b1-4cb3-bb98-a22425dc3691	73513	1.0	confident	Dioon_edule:mito	Eukaryota:mito
9f279634-8159-45d0-81b1-86dc793fcd7a	73513	1.0	confident	Dioon_edule:mito	Eukaryota:mito
6df7d5da-f15e-41cf-b1e2-e84d0a0ac6fd	73513	1.0	confident	Dioon_edule:mito	Eukaryota:mito
2f8a1f0e-cfdc-4c31-ae66-541909f643cd	73513	1.0	confident	Dioon_edule:mito	Eukaryota:mito
dff57660-fad3-4aca-a787-4733ece5b28f	73513	1.0	confident	Dioon_edule:mito	Eukaryota:mito
139dd056-5986-4eb5-9938-7c930bf5604a	73513	1.0	confident	Dioon_edule:mito	Eukaryota:mito
83232970-37f7-4567-8028-a354b3ba367e	73513	1.0	confident	Dioon_edule:mito	Eukaryota:mito
6e48a417-ed00-48bf-a74c-38db545becb7	73513	1.0	confident	Dioon_edule:mito	Eukaryota:mito
5382182e-fdd6-4022-b8e3-752833ce3acc	73513	1.0	confident	Dioon_edule:mito	Eukaryota:mito
20217b90-b6e3-4d12-acef-9656b6bbe5d5	73513	1.0	confident	Dioon_edule:mito	Eukaryota:mito
a9c5208a-47d0-437b-b996-cc9ea87bcf1b	73513	1.0	confident	Dioon_edule:mito	Eukaryota:mito
4583923b-2826-4252-9109-021a8d7546f5	73513	1.0	confident	Dioon_edule:mito	Eukaryota:mito
4a6d4825-6f5e-4e42-96ca-f6a845060009	73513	1.0	confident	Dioon_edule:mito	Eukaryota:mito
399c91ee-9676-4c90-8215-2bf4230c2818	73513	1.0	confident	Dioon_edule:mito	Eukaryota:mito
5c092acb-8537-4b94-bf0e-cdb45092cbc7	73513	1.0	confident	Dioon_edule:mito	Eukaryota:mito
2646fea5-da19-40de-aaf0-f7df6df4bee2	73513	1.0	confident	Dioon_edule:mito	Eukaryota:mito
7a8b5d1e-38ae-437b-a770-13be991b3a13	73513	1.0	confident	Dioon_edule:mito	Eukaryota:mito
9680e384-9bea-43be-8b79-b582ffd35a33	73513	1.0	confident	Dioon_edule:mito	Eukaryota:mito
00d523cb-d36f-44ce-bc26-6c0226346e6d	73513	1.0	confident	Dioon_edule:mito	Eukaryota:mito
39339a55-178a-4ae2-8fee-e60121c2eb47	73513	1.0	confident	Dioon_edule:mito	Eukaryota:mito
05fdacd4-73f6-4030-818d-641aa2fedc69	73513	1.0	confident	Dioon_edule:mito	Eukaryota:mito
ee4be452-5cde-4087-9697-c62628ca0a90	73513	1.0	confident	Dioon_edule:mito	Eukaryota:mito
bfddce1a-4dec-4bf6-8acf-a2a302db783c	73513	1.0	confident	Dioon_edule:mito	Eukaryota:mito
0613ad30-1ba6-429c-bc82-fd329e9bcb5a	73513	1.0	confident	Dioon_edule:mito	Eukaryota:mito
7236dae3-83c6-468f-9ebe-5c531a7905cc	73513	1.0	confident	Dioon_edule:mito	Eukaryota:mito
cb9a613d-4392-44c3-95d2-20f28286bb7e	73513	1.0	confident	Dioon_edule:mito	Eukaryota:mito
80fa5390-4ab7-46cc-b84e-2cfe3fb6d2b2	73513	1.0	confident	Dioon_edule:mito	Eukaryota:mito
3d12db28-c90e-4cd5-a671-af801358b56d	73513	1.0	confident	Dioon_edule:mito	Eukaryota:mito
cb7da719-9316-469c-bc1e-c8b0179f276f	73513	1.0	confident	Dioon_edule:mito	Eukaryota:mito
feaccd84-0c20-4f15-95a7-e363bab8b815	73513	1.0	confident	Dioon_edule:mito	Eukaryota:mito
35b96d3e-3f89-45aa-9e7d-a15d8ca995bb	73513	1.0	confident	Dioon_edule:mito	Eukaryota:mito
ca0bd2d9-7fdc-4028-a88c-dfef49f3af1a	73513	1.0	confident	Dioon_edule:mito	Eukaryota:mito
73fd7be3-5b9d-4682-8b37-4fb3aeac7cb5	73513	1.0	confident	Dioon_edule:mito	Eukaryota:mito
ce4750be-7d9a-4f21-bffa-d09f65184502	73513	1.0	confident	Dioon_edule:mito	Eukaryota:mito
ee61fb4b-b560-45cd-9494-b19f4871681b	73513	1.0	confident	Dioon_edule:mito	Eukaryota:mito
2e162c60-b75d-4cf5-a392-3f57a07c2f15	73513	1.0	confident	Dioon_edule:mito	Eukaryota:mito
6db0b0ba-dd83-4368-915a-6f4c866e33c7	73513	1.0	confident	Dioon_edule:mito	Eukaryota:mito
b51249e7-48aa-464a-9133-537b3555039c	73513	1.0	confident	Dioon_edule:mito	Eukaryota:mito
30b74c3d-1b40-45b1-8c26-1a2ac6de82a8	73513	1.0	confident	Dioon_edule:mito	Eukaryota:mito
1888b4ab-0a16-4196-87e6-3bdf704d1a43	73513	1.0	confident	Dioon_edule:mito	Eukaryota:mito
9f1c5dd6-518c-45d1-aab8-f576581bc12f	73513	1.0	confident	Dioon_edule:mito	Eukaryota:mito
e5f5b225-6b3e-43ca-ae9c-53d35512e988	73513	1.0	confident	Dioon_edule:mito	Eukaryota:mito
dda4b4f7-5a0a-4124-a02b-76c4ae0cf1e9	73513	1.0	confident	Dioon_edule:mito	Eukaryota:mito
9147ff4f-3f52-4232-82fb-eb17ec704c8a	73513	1.0	confident	Dioon_edule:mito	Eukaryota:mito
a99b30d3-0253-4aec-87b0-ef881c1ce007	73513	1.0	confident	Dioon_edule:mito	Eukaryota:mito
2807daeb-2516-4dd7-96aa-c3fffe13913b	73513	1.0	confident	Dioon_edule:mito	Eukaryota:mito
5ac8e04c-5114-4957-b18d-6b625d4c951f	73513	1.0	confident	Dioon_edule:mito	Eukaryota:mito
745afb1f-d1e9-41d6-a0d5-e4b5b022f304	73513	1.0	confident	Dioon_edule:mito	Eukaryota:mito
a98435d1-07bb-4512-8b7c-b721a5fc1aa6	73513	1.0	confident	Dioon_edule:mito	Eukaryota:mito
0ed978bd-5875-4fc4-8a96-e7ab6551aa83	73513	1.0	confident	Dioon_edule:mito	Eukaryota:mito
a116c1cc-7c3b-4a11-b60b-91f09b78583a	73513	1.0	confident	Dioon_edule:mito	Eukaryota:mito
9a68eeaf-10ed-45bb-acf0-93a71941f1f4	73513	1.0	confident	Dioon_edule:mito	Eukaryota:mito
bf5a8e77-99eb-4681-8264-b70b2b990b18	73513	1.0	confident	Dioon_edule:mito	Eukaryota:mito
69827759-3e19-49a8-a6bf-51057d352197	73513	1.0	confident	Dioon_edule:mito	Eukaryota:mito
d7562b29-1bc9-44be-a0f6-8dbc530050bf	73513	1.0	confident	Dioon_edule:mito	Eukaryota:mito
3a0ed67a-660d-4f35-9c7a-6232a3518120	73513	1.0	confident	Dioon_edule:mito	Eukaryota:mito
bde2bb39-723c-46e2-a458-d88f6f59af0e	73513	1.0	confident	Dioon_edule:mito	Eukaryota:mito
d31c0486-d3df-4221-8919-73d69bf7f6a3	73513	1.0	confident	Dioon_edule:mito	Eukaryota:mito
fb93a581-faa7-4139-979e-8b0401afb84f	73513	1.0	confident	Dioon_edule:mito	Eukaryota:mito
64fd89c2-4a29-4d24-bbb8-77c6d291140c	73513	1.0	confident	Dioon_edule:mito	Eukaryota:mito
34dd583b-1538-4d95-bf64-a3ca9696a898	73513	1.0	confident	Dioon_edule:mito	Eukaryota:mito
6fb4a5ec-0fd0-4c5d-a187-1c793ad04616	73513	1.0	confident	Dioon_edule:mito	Eukaryota:mito
c8a70174-b759-460e-9369-e24f4d3cd4f2	73513	1.0	confident	Dioon_edule:mito	Eukaryota:mito
10acafa1-ac2a-45f7-871b-269cf5f4fe26	73513	1.0	confident	Dioon_edule:mito	Eukaryota:mito
123492b1-b33c-4f84-9a6b-32bc24322aec	73513	1.0	confident	Dioon_edule:mito	Eukaryota:mito
9a7796f2-a6d5-4a42-a8f1-bfe80bcd0571	73513	1.0	confident	Dioon_edule:mito	Eukaryota:mito
ca65ca49-2b9b-45cf-a9f6-4c1ae3bb458d	73513	1.0	confident	Dioon_edule:mito	Eukaryota:mito
148a1fef-bdbb-4ea1-b933-058c3a0df7d7	73513	1.0	confident	Dioon_edule:mito	Eukaryota:mito
85aa202b-7db0-4a0f-b70f-5e4b7fc2a11b	73513	1.0	confident	Dioon_edule:mito	Eukaryota:mito
02dbc063-f9c4-4894-bcd2-4245bab575e0	73513	1.0	confident	Dioon_edule:mito	Eukaryota:mito
afcf49f7-8e58-4c57-933d-9956dcfcee3a	73513	1.0	confident	Dioon_edule:mito	Eukaryota:mito
daf259c1-b47c-4528-abd2-1a999c922616	73513	1.0	confident	Dioon_edule:mito	Eukaryota:mito
c62775eb-f627-4fb4-9943-9affd953591e	73513	1.0	confident	Dioon_edule:mito	Eukaryota:mito
d4a50e16-1667-429a-80c8-386b5bdb2896	73513	1.0	confident	Dioon_edule:mito	Eukaryota:mito
171b40ef-3f77-482f-9ae8-cf382dbd6b25	73513	1.0	confident	Dioon_edule:mito	Eukaryota:mito
a14fc539-ea4a-4213-84b5-902c68a03220	73513	1.0	confident	Dioon_edule:mito	Eukaryota:mito
b34ba0cc-bf81-4a48-960b-2686ef8d8ffa	73513	1.0	confident	Dioon_edule:mito	Eukaryota:mito
425f1352-da3d-45f2-ac91-2699fb06b7a4	73513	1.0	confident	Dioon_edule:mito	Eukaryota:mito
49cc2c10-0633-4fb3-8be2-fdf54ae7b098	73513	1.0	confident	Dioon_edule:mito	Eukaryota:mito
128d1b67-9f73-4374-81fc-768cb7fba0f4	73513	1.0	confident	Dioon_edule:mito	Eukaryota:mito
a1f13ae9-708e-4a6d-8df7-2efb5996e9cd	73513	1.0	confident	Dioon_edule:mito	Eukaryota:mito
477074bf-bb0a-4a95-9227-b5bb22ac2b32	73513	1.0	confident	Dioon_edule:mito	Eukaryota:mito
dd20957c-eb1d-49e2-89b9-4a1b0d042029	73513	1.0	confident	Dioon_edule:mito	Eukaryota:mito
9c8d8341-cc15-46da-befc-a60bc1b65d97	73513	1.0	confident	Dioon_edule:mito	Eukaryota:mito
334e3515-c8c1-4cc2-b314-96ba5f40e747	73513	1.0	confident	Dioon_edule:mito	Eukaryota:mito
fbe42b39-29e0-4ced-8dd1-0d3b22773bee	73513	1.0	confident	Dioon_edule:mito	Eukaryota:mito
b13ac025-0859-4cb6-81ec-35ff03502382	73513	1.0	confident	Dioon_edule:mito	Eukaryota:mito
dc94cd0e-5ccf-444d-980e-4ef3c644fbca	73513	1.0	confident	Dioon_edule:mito	Eukaryota:mito
6573e96d-bd3a-4a87-b4df-ed54403f9f6c	73513	1.0	confident	Dioon_edule:mito	Eukaryota:mito
0e091d1b-f34b-472d-8cf8-feab8c03d1ba	73513	1.0	confident	Dioon_edule:mito	Eukaryota:mito
d7979e75-d36e-4186-81e3-c9cfc4ef9e38	73513	1.0	confident	Dioon_edule:mito	Eukaryota:mito
b15b13fd-40a3-41a6-bec5-ddeb8b361f6e	73513	1.0	confident	Dioon_edule:mito	Eukaryota:mito
b3c1152e-c3c5-4afb-b146-317e2b2ff97a	73513	1.0	confident	Dioon_edule:mito	Eukaryota:mito
af2aae56-a600-4756-aef5-b54f2ccfb567	73513	1.0	confident	Dioon_edule:mito	Eukaryota:mito
ae60b69e-a096-4b00-ac90-8b62e9b2b338	73513	1.0	confident	Dioon_edule:mito	Eukaryota:mito
e56b51c5-a1b4-489a-877d-69b4dd904e50	73513	1.0	confident	Dioon_edule:mito	Eukaryota:mito
e2623352-c76f-4a1a-9694-b01cabca70ce	73513	1.0	confident	Dioon_edule:mito	Eukaryota:mito
0724d543-8d8c-48de-a63c-696898e64bba	73513	1.0	confident	Dioon_edule:mito	Eukaryota:mito
73d1ff11-ce45-4303-8f57-b986a67fca54	73513	1.0	confident	Dioon_edule:mito	Eukaryota:mito
c92a1f2e-9592-4362-b401-e312f095d6f3	73513	1.0	confident	Dioon_edule:mito	Eukaryota:mito
cdd24a86-29bb-4aaa-83ad-840f7b325744	73513	1.0	confident	Dioon_edule:mito	Eukaryota:mito
62b7ca17-487b-4a1f-b189-d003f4a4ba0e	73513	1.0	confident	Dioon_edule:mito	Eukaryota:mito
ab73859b-6740-49cf-b82c-67a702630e90	73513	1.0	confident	Dioon_edule:mito	Eukaryota:mito
bf7aced0-7af8-4b6b-a25d-37b59f6273d7	73513	1.0	confident	Dioon_edule:mito	Eukaryota:mito
42b83103-bcbd-4306-856f-170693d8f249	73513	1.0	confident	Dioon_edule:mito	Eukaryota:mito
fafdf1c8-4d1c-4da7-8472-82745125fa78	73513	1.0	confident	Dioon_edule:mito	Eukaryota:mito
113c7e67-6b08-4124-9400-e6aa34504e70	73513	1.0	confident	Dioon_edule:mito	Eukaryota:mito
c72d653d-f34a-4071-9b1f-58ee6f7a4a23	73513	1.0	confident	Dioon_edule:mito	Eukaryota:mito
c9531fca-ca1d-44ac-82a5-94fe14ace088	73513	1.0	confident	Dioon_edule:mito	Eukaryota:mito
1ef836b8-71c1-4729-8917-100b94ff5dbd	73513	1.0	confident	Dioon_edule:mito	Eukaryota:mito
7e4dbcf9-aa08-47a2-86fd-dccb0cea1696	73513	1.0	confident	Dioon_edule:mito	Eukaryota:mito
d2673265-18b2-4f70-80ed-714c775077fe	73513	1.0	confident	Dioon_edule:mito	Eukaryota:mito
53747d29-0bdf-4344-9caa-85d18e3a835a	73513	1.0	confident	Dioon_edule:mito	Eukaryota:mito
aad75f2d-5d3d-461e-a97a-7924c40230d8	73513	1.0	confident	Dioon_edule:mito	Eukaryota:mito
92bb1ef2-b3c0-44f2-b845-ed5499d6970d	73513	1.0	confident	Dioon_edule:mito	Eukaryota:mito
3a58a12a-c5dc-4566-8a4f-8c59df13d5a2	73513	1.0	confident	Dioon_edule:mito	Eukaryota:mito
a8257c77-e79e-4e50-9f09-c090ae2a351d	73513	1.0	confident	Dioon_edule:mito	Eukaryota:mito
f2ca1743-723b-40d7-958c-c5b30cc66614	73513	1.0	confident	Dioon_edule:mito	Eukaryota:mito
77816415-24f1-40b0-9bcd-c589627eacd7	73513	1.0	confident	Dioon_edule:mito	Eukaryota:mito
59316cd6-48f7-4ef1-8ee0-d75eb4f738db	73513	1.0	confident	Dioon_edule:mito	Eukaryota:mito
2122dc92-cb7e-4924-9bbc-35062d5f2c8d	73513	1.0	confident	Dioon_edule:mito	Eukaryota:mito
82616dac-84ca-4af5-8143-a2b7099bcf3f	73513	1.0	confident	Dioon_edule:mito	Eukaryota:mito
4ea86752-e9eb-4313-9ab0-110e2812b2da	73513	1.0	confident	Dioon_edule:mito	Eukaryota:mito
280fa6a4-9924-413f-ab0b-6d3e96d5d707	73513	1.0	confident	Dioon_edule:mito	Eukaryota:mito
40a4dcce-51b9-4e2c-9351-b08a485b21d2	73513	1.0	confident	Dioon_edule:mito	Eukaryota:mito
2f1a6bc1-1d09-429b-8408-39e3c6172460	73513	1.0	confident	Dioon_edule:mito	Eukaryota:mito
4fa7fa02-8ddc-4c8e-9b12-83ba688aa7d8	73513	1.0	confident	Dioon_edule:mito	Eukaryota:mito
be3482be-cf70-4fef-8b28-2380f8d199d8	73513	1.0	confident	Dioon_edule:mito	Eukaryota:mito
45fa77ac-c139-4fc1-80a0-65dd85ed4bc8	73513	1.0	confident	Dioon_edule:mito	Eukaryota:mito
b1ca4ca4-6ed0-4146-a0bf-2467425461e1	73513	1.0	confident	Dioon_edule:mito	Eukaryota:mito
594d32ff-043b-485e-be52-324583733168	73513	1.0	confident	Dioon_edule:mito	Eukaryota:mito
80be2f39-5b7c-42ba-8714-c08ae0ecb3e7	73513	1.0	confident	Dioon_edule:mito	Eukaryota:mito
83d00cea-ef0a-41f2-b351-0027154b0678	73513	1.0	confident	Dioon_edule:mito	Eukaryota:mito
af87e081-d3cf-4dfe-b4ed-4faeeb7b9469	73513	1.0	confident	Dioon_edule:mito	Eukaryota:mito
a3d5cf9e-f878-4d8a-a32c-8912dd0bdb1f	73513	1.0	confident	Dioon_edule:mito	Eukaryota:mito
671ea1a1-b97d-452a-8ed0-6eca826b9869	73513	1.0	confident	Dioon_edule:mito	Eukaryota:mito
26fb0dd5-c52b-49f6-97c7-e288cb9fa7da	73513	1.0	confident	Dioon_edule:mito	Eukaryota:mito
64856596-7860-4bd7-b85b-61cdf5e52c0e	6722	1.0	confident	Epifagus_virginiana:plas	Eukaryota:plas
7f33bee9-fd98-4281-a83d-58655fe34104	73513	1.0	confident	Dioon_edule:mito	Eukaryota:mito
b80fb64f-e4bb-42eb-90e8-2806902e2094	73513	1.0	confident	Dioon_edule:mito	Eukaryota:mito
b709b51f-a406-4a8d-99dd-6cfe4a34bf88	73513	1.0	confident	Dioon_edule:mito	Eukaryota:mito
38095652-dce7-4704-8394-9ac32fc78d18	73513	1.0	confident	Dioon_edule:mito	Eukaryota:mito
b6265aa8-ec65-4987-91b9-ec71ed43e187	73513	1.0	confident	Dioon_edule:mito	Eukaryota:mito
cd5968c4-d864-404d-a936-9ed48fed28eb	73513	1.0	confident	Dioon_edule:mito	Eukaryota:mito
a5d6b221-fe9e-444b-b734-4154b6f9d940	73513	1.0	confident	Dioon_edule:mito	Eukaryota:mito
9ef29247-60d4-418d-a635-86227b508fef	73513	1.0	confident	Dioon_edule:mito	Eukaryota:mito
45f4d669-21d4-42a5-a478-278c4c74a37f	73513	1.0	confident	Dioon_edule:mito	Eukaryota:mito
9c77d816-bd74-4375-b0e6-35080e8df287	73513	1.0	confident	Dioon_edule:mito	Eukaryota:mito
8e9bb2ce-9d29-490b-92c1-9c364f6c6955	73513	1.0	confident	Dioon_edule:mito	Eukaryota:mito
bba5cb86-727e-4136-9792-71fbb3c8b160	73513	1.0	confident	Dioon_edule:mito	Eukaryota:mito
98ddebca-d0d6-41ac-8230-6e48514ef76f	73513	1.0	confident	Dioon_edule:mito	Eukaryota:mito
66a84307-4025-41bf-bf2f-0232aa55f10d	73513	1.0	confident	Dioon_edule:mito	Eukaryota:mito
bc29439f-4bdf-4f5e-9983-ba450313fb59	73513	1.0	confident	Dioon_edule:mito	Eukaryota:mito
9edc02eb-b467-4d60-bf11-b38fe3b2d2cd	73513	1.0	confident	Dioon_edule:mito	Eukaryota:mito
4bd98647-ce1f-4a2c-82da-b9c686a63b00	73513	1.0	confident	Dioon_edule:mito	Eukaryota:mito
ff13db30-ff09-4d34-9b34-f9dc65a79ff1	73513	1.0	confident	Dioon_edule:mito	Eukaryota:mito
6197f6e4-0e37-44b7-9898-529afac5677a	73513	1.0	confident	Dioon_edule:mito	Eukaryota:mito
195a9827-cc6d-4fef-a20b-b194eca05f1a	73513	1.0	confident	Dioon_edule:mito	Eukaryota:mito
8c01c746-79bc-43ce-881d-554ecf6e79f8	73513	1.0	confident	Dioon_edule:mito	Eukaryota:mito
ae827274-5062-442d-b996-305f90c5ed8d	73513	1.0	confident	Dioon_edule:mito	Eukaryota:mito
994d13ae-89f6-4154-bfaa-f2956e440b78	73513	1.0	confident	Dioon_edule:mito	Eukaryota:mito
df7e4884-81f2-4bee-870d-8dcb68d1f0ab	73513	1.0	confident	Dioon_edule:mito	Eukaryota:mito
4e0cc3bc-0e72-417d-870f-6e40f1b8a558	73513	1.0	confident	Dioon_edule:mito	Eukaryota:mito
a14a338b-579c-4cb1-9380-7652e944fac4	73513	1.0	confident	Dioon_edule:mito	Eukaryota:mito
b2474fc2-2b5d-44a8-8aa9-c663f55dc9bd	73513	1.0	confident	Dioon_edule:mito	Eukaryota:mito
45fb68fb-bc57-478a-8a88-ada1490e481b	73513	1.0	confident	Dioon_edule:mito	Eukaryota:mito
3302d880-6195-421e-a5cd-e16dc079357c	73513	1.0	confident	Dioon_edule:mito	Eukaryota:mito
5393967b-adc3-4cf1-9f19-9c920e9fa9b9	73513	1.0	confident	Dioon_edule:mito	Eukaryota:mito
8cff7bf4-f49f-42f9-bd23-6553af9b0b1e	73513	1.0	confident	Dioon_edule:mito	Eukaryota:mito
b6c2d9e0-4d52-4644-bc91-323e9ad0058e	73513	1.0	confident	Dioon_edule:mito	Eukaryota:mito
06fd0342-9495-41bc-973e-e2ad1256c5d8	73513	1.0	confident	Dioon_edule:mito	Eukaryota:mito
f37fb0bd-e6e0-4712-8db6-3b5053efc235	73513	1.0	confident	Dioon_edule:mito	Eukaryota:mito
5187eb27-8ef5-4c6e-9b42-9c803aeaed8e	73513	1.0	confident	Dioon_edule:mito	Eukaryota:mito
f41a5ba9-8a9b-4421-802e-a2081f46395b	73513	1.0	confident	Dioon_edule:mito	Eukaryota:mito
bfb823cc-5a05-404a-b9b0-986ce68b5d42	73513	1.0	confident	Dioon_edule:mito	Eukaryota:mito
facfe3ba-8db7-4d86-8259-5261c7885eed	73513	1.0	confident	Dioon_edule:mito	Eukaryota:mito
31cc2cd9-bd30-4d5b-88d9-5d13f7776212	73513	1.0	confident	Dioon_edule:mito	Eukaryota:mito
6753d4c5-a055-4386-b3de-f0376bbdbde7	73513	1.0	confident	Dioon_edule:mito	Eukaryota:mito
b5041819-b872-4fc1-b4c2-e5da6959f395	73513	1.0	confident	Dioon_edule:mito	Eukaryota:mito
738f51c8-1b75-4e65-a67c-1f58017489bf	73513	1.0	confident	Dioon_edule:mito	Eukaryota:mito
5b438618-9591-4929-8ba8-04e1223b5c5f	73513	1.0	confident	Dioon_edule:mito	Eukaryota:mito
3c84e7bb-484a-4a5e-85bc-1e211a9ca69a	73513	1.0	confident	Dioon_edule:mito	Eukaryota:mito
70057807-6c90-4111-a664-19a452b7aa24	73513	1.0	confident	Dioon_edule:mito	Eukaryota:mito
999305ae-44bc-4b0e-9df1-44d69c7fa4e9	73513	1.0	confident	Dioon_edule:mito	Eukaryota:mito
ec560cd0-1dc6-48f2-ae18-3f922f8ca131	73513	1.0	confident	Dioon_edule:mito	Eukaryota:mito
d36e5538-3376-4483-986e-c6c5bc241874	73513	1.0	confident	Dioon_edule:mito	Eukaryota:mito
7239e95e-cfa0-490e-8ef2-69706ce45411	73513	1.0	confident	Dioon_edule:mito	Eukaryota:mito
46959a09-4084-4444-bc02-1544aa48f07d	73513	1.0	confident	Dioon_edule:mito	Eukaryota:mito
58ffbdbf-a105-4764-a75e-cf7b01881b84	73513	1.0	confident	Dioon_edule:mito	Eukaryota:mito
0f225b1f-7fe1-4291-abc9-f27903bfbf3a	73513	1.0	confident	Dioon_edule:mito	Eukaryota:mito
8810941f-d608-4700-98ec-15625dc8039a	73513	1.0	confident	Dioon_edule:mito	Eukaryota:mito
e8554044-a184-45cd-9684-23ed9f400a9e	73513	1.0	confident	Dioon_edule:mito	Eukaryota:mito
8c18024a-05d1-4383-815c-fa4dbd25534b	73513	1.0	confident	Dioon_edule:mito	Eukaryota:mito
124c44bf-63af-4f55-962e-30ec2d649fb0	73513	1.0	confident	Dioon_edule:mito	Eukaryota:mito
d3e8f6d4-7aa4-4bfe-9a85-c92e810344b0	73513	1.0	confident	Dioon_edule:mito	Eukaryota:mito
f917d1f8-0a86-40ae-9ff8-5e307de7de36	73513	1.0	confident	Dioon_edule:mito	Eukaryota:mito
0f36a948-5bda-42db-9486-7f24ea78baad	73513	1.0	confident	Dioon_edule:mito	Eukaryota:mito
73a35ae2-7555-48f6-8741-2b9a6bde841c	73513	1.0	confident	Dioon_edule:mito	Eukaryota:mito
e6475db5-73bc-4614-8930-9df08135b4ed	73513	1.0	confident	Dioon_edule:mito	Eukaryota:mito
8d881e78-65c2-48b5-8308-2df184c332c9	73513	1.0	confident	Dioon_edule:mito	Eukaryota:mito
62907526-afba-44d7-9902-06d4cbaa89e2	73513	1.0	confident	Dioon_edule:mito	Eukaryota:mito
d264d5e3-6e11-4564-ba00-c36df5774eb6	73513	1.0	confident	Dioon_edule:mito	Eukaryota:mito
c017824f-2dc6-4412-ba7d-d3762437126b	73513	1.0	confident	Dioon_edule:mito	Eukaryota:mito
a5853838-b4b8-40bd-b4e7-d58416a5592a	73513	1.0	confident	Dioon_edule:mito	Eukaryota:mito
6fd1ca8a-601f-44ac-b1c9-3261770b15c2	73513	1.0	confident	Dioon_edule:mito	Eukaryota:mito
0633d0c6-f4ad-46a9-948f-5ae8bebbbd5b	73513	1.0	confident	Dioon_edule:mito	Eukaryota:mito
46f399fd-e4d3-492d-80d7-6b0460ce8720	73513	1.0	confident	Dioon_edule:mito	Eukaryota:mito
3077263b-aa15-4d05-a94f-a2bc50b919d8	73513	1.0	confident	Dioon_edule:mito	Eukaryota:mito
b35eca22-fef0-4970-b6ad-3f44c02cc2bb	73513	1.0	confident	Dioon_edule:mito	Eukaryota:mito
b7afcffe-397f-4caa-8326-b4c5f9eb9dff	73513	1.0	confident	Dioon_edule:mito	Eukaryota:mito
74885f71-8824-4561-a962-38fef23ed8e9	73513	1.0	confident	Dioon_edule:mito	Eukaryota:mito
aa3b0339-10a2-4241-9dbc-aac9b3ae9306	73513	1.0	confident	Dioon_edule:mito	Eukaryota:mito
779cf90f-68f5-479e-86d9-4a30d0f190c3	73513	1.0	confident	Dioon_edule:mito	Eukaryota:mito
f47f9322-4581-43c9-9a8b-96d50de11432	73513	1.0	confident	Dioon_edule:mito	Eukaryota:mito
d5890834-0c06-4476-a11d-400cf68fa74a	73513	1.0	confident	Dioon_edule:mito	Eukaryota:mito
14028eb5-8c2b-47fb-9635-df3d6f449fcd	73513	1.0	confident	Dioon_edule:mito	Eukaryota:mito
60d98845-7393-4a7a-967e-b4e736b94bea	73513	1.0	confident	Dioon_edule:mito	Eukaryota:mito
b80fb542-619d-4694-9477-95bbe5798b85	73513	1.0	confident	Dioon_edule:mito	Eukaryota:mito
3bab448b-cee2-420f-9a58-7d9641353451	73513	1.0	confident	Dioon_edule:mito	Eukaryota:mito
cd1a8655-9a0a-442d-9ad5-2e58a1ddf680	73513	1.0	confident	Dioon_edule:mito	Eukaryota:mito
e363b42c-aa07-4f5f-83be-2b837aae8992	73513	1.0	confident	Dioon_edule:mito	Eukaryota:mito
9215c128-5da6-49a3-b500-97964be0f71c	73513	1.0	confident	Dioon_edule:mito	Eukaryota:mito
4c032fc7-78f5-4cb6-82b2-b58b2bb15c23	73513	1.0	confident	Dioon_edule:mito	Eukaryota:mito
e9ec657d-bd35-4570-8c36-07fbaf772838	10159	1.0	confident	Rhodomonas_salina:plas	Eukaryota:plas
e41be395-994c-4d86-828f-11c8c27a3d9f	73513	1.0	confident	Dioon_edule:mito	Eukaryota:mito
d63a8175-284d-4e35-b6f8-32629c4df252	73513	1.0	confident	Dioon_edule:mito	Eukaryota:mito
4efa11de-d7b4-483c-91b8-523b1ee9949e	73513	1.0	confident	Dioon_edule:mito	Eukaryota:mito
310e818b-6fb9-452c-89e7-0912535692da	73513	1.0	confident	Dioon_edule:mito	Eukaryota:mito
bc8170a1-5637-4e8e-b1d4-06518c7f1680	73513	1.0	confident	Dioon_edule:mito	Eukaryota:mito
013a631f-0c7d-4335-9069-450f98c50006	73513	1.0	confident	Dioon_edule:mito	Eukaryota:mito
a0f25f1d-761c-44cd-b83f-07742db4e361	73513	1.0	confident	Dioon_edule:mito	Eukaryota:mito
619964f7-9b07-43f7-94ac-6fb9a12bcd64	73513	1.0	confident	Dioon_edule:mito	Eukaryota:mito
1f4f22b4-67b7-4b1e-bf52-2e7be790e2b4	73513	1.0	confident	Dioon_edule:mito	Eukaryota:mito
8d97f08e-05fd-427c-834c-29f29ef1f781	73513	1.0	confident	Dioon_edule:mito	Eukaryota:mito
811f03a2-9b84-413c-970d-c57a9529c5d3	73513	1.0	confident	Dioon_edule:mito	Eukaryota:mito
2bb9df46-2d02-4dce-9821-1829d29350d6	73513	1.0	confident	Dioon_edule:mito	Eukaryota:mito
58b6b851-1082-438a-8c47-209e78ef9f17	73513	1.0	confident	Dioon_edule:mito	Eukaryota:mito
e2345ad2-6d37-4da1-9823-c60301418155	73513	1.0	confident	Dioon_edule:mito	Eukaryota:mito
c7262ade-22e2-43b6-8fdd-5fac8db02f3f	73513	1.0	confident	Dioon_edule:mito	Eukaryota:mito
118f489a-ee8a-4064-ae63-39605f15fc0f	73513	1.0	confident	Dioon_edule:mito	Eukaryota:mito
52a0c2cb-355c-4bf6-be96-94a3ba559a9c	73513	1.0	confident	Dioon_edule:mito	Eukaryota:mito
12fa3e30-23e4-4279-bfe3-55d15dc7ae88	73513	1.0	confident	Dioon_edule:mito	Eukaryota:mito
acadb790-50ee-4bcf-b896-3a0778640ca2	73513	1.0	confident	Dioon_edule:mito	Eukaryota:mito
a8b9f3e7-ed05-47d9-80e6-4e4e9fc38e72	73513	1.0	confident	Dioon_edule:mito	Eukaryota:mito
ed8692be-7867-4b7b-9869-a2e786cee82f	73513	1.0	confident	Dioon_edule:mito	Eukaryota:mito
686fb66d-7025-447f-bab6-40633a0a2167	73513	1.0	confident	Dioon_edule:mito	Eukaryota:mito
9be8de78-bbf1-40da-a3a4-54c333aa0183	73513	1.0	confident	Dioon_edule:mito	Eukaryota:mito
5015019a-6e04-4dc2-84ad-7fe63e70fdc7	73513	1.0	confident	Dioon_edule:mito	Eukaryota:mito
8d70dce1-31a7-4e04-8c96-3db5714f5de3	73513	1.0	confident	Dioon_edule:mito	Eukaryota:mito
c72b11de-3ac3-4947-8f4e-b8c34958b99f	73513	1.0	confident	Dioon_edule:mito	Eukaryota:mito
a54358e0-2587-49f8-ae54-acfb15686538	73513	1.0	confident	Dioon_edule:mito	Eukaryota:mito
7ef410b4-3be3-4eeb-bede-92742d0342bc	73513	1.0	confident	Dioon_edule:mito	Eukaryota:mito
f8ef5e5a-db5e-4dc3-b48f-9da80d35b6bb	73513	1.0	confident	Dioon_edule:mito	Eukaryota:mito
c22910f0-9805-4710-b5f7-14fffd328069	73513	1.0	confident	Dioon_edule:mito	Eukaryota:mito
b3131b07-d923-47a0-a9f2-99415f26b72b	73513	1.0	confident	Dioon_edule:mito	Eukaryota:mito
32aab859-e26d-42c4-8663-c32d8dc25b17	73513	1.0	confident	Dioon_edule:mito	Eukaryota:mito
7255b26d-0b4f-4097-97c7-af612f75c25b	73513	1.0	confident	Dioon_edule:mito	Eukaryota:mito
2bd554a2-98f5-40e6-82df-2a5d6d36fa8d	73513	1.0	confident	Dioon_edule:mito	Eukaryota:mito
b69586ff-29e8-4c80-8db2-a0a4a8a25df8	73513	1.0	confident	Dioon_edule:mito	Eukaryota:mito
c962f8a2-8aca-4fa0-9527-c98b0bca632b	73513	1.0	confident	Dioon_edule:mito	Eukaryota:mito
2c0b9c7b-8c4f-43dc-9856-2709f295017d	73513	1.0	confident	Dioon_edule:mito	Eukaryota:mito
23d41901-8fc3-4c2d-985d-6d1916a761c8	73513	1.0	confident	Dioon_edule:mito	Eukaryota:mito
897cc935-1079-4c2f-af6a-92088539936e	73513	1.0	confident	Dioon_edule:mito	Eukaryota:mito
b902632e-ec01-4318-9cf6-98ec183a4efc	73513	1.0	confident	Dioon_edule:mito	Eukaryota:mito
55c70bf1-0860-4ede-bacb-3b225ee610e7	73513	1.0	confident	Dioon_edule:mito	Eukaryota:mito
e823378c-c529-4c81-bf8f-24f1e55b4137	73513	1.0	confident	Dioon_edule:mito	Eukaryota:mito
a6b08d65-aabb-4c95-a96c-b25fee6cd66b	73513	1.0	confident	Dioon_edule:mito	Eukaryota:mito
b5f621fd-4f63-47a3-a97a-00f59b1ea98b	73513	1.0	confident	Dioon_edule:mito	Eukaryota:mito
b51293d7-1251-48d0-bcb3-c070682a6088	73513	1.0	confident	Dioon_edule:mito	Eukaryota:mito
e1fda545-e9cd-405a-bce7-5f59a3c4dc82	73513	1.0	confident	Dioon_edule:mito	Eukaryota:mito
cba050ae-e165-4f7a-b7cb-13374942c73a	73513	1.0	confident	Dioon_edule:mito	Eukaryota:mito
e40b069b-586a-41b5-a5e7-6273a52dde5d	73513	1.0	confident	Dioon_edule:mito	Eukaryota:mito
b5b82217-b87a-42cb-b01a-45794891d208	73513	1.0	confident	Dioon_edule:mito	Eukaryota:mito
7f8ff1d7-0c3b-4573-a2cd-16b2e59fdfde	73513	1.0	confident	Dioon_edule:mito	Eukaryota:mito
358f6c96-4a3e-446d-af56-47cd1add9f0b	73513	1.0	confident	Dioon_edule:mito	Eukaryota:mito
6b72dcd8-ab8d-4c42-b497-2a0d14a3782f	73513	1.0	confident	Dioon_edule:mito	Eukaryota:mito
86126583-6ca0-44df-932f-b60f8060a462	73513	1.0	confident	Dioon_edule:mito	Eukaryota:mito
4231af3b-9aca-44a0-8054-973ab2b64db1	73513	1.0	confident	Dioon_edule:mito	Eukaryota:mito
7b2da7d4-372e-49d7-81c5-787834cb1035	73513	1.0	confident	Dioon_edule:mito	Eukaryota:mito
3afb175f-ddd6-4055-91fa-f1212085a120	73513	1.0	confident	Dioon_edule:mito	Eukaryota:mito
a37ba756-a2e5-4759-ae49-f942ea019a9b	73513	1.0	confident	Dioon_edule:mito	Eukaryota:mito
8007609e-bf43-4d86-a807-f8613b88e6dc	73513	1.0	confident	Dioon_edule:mito	Eukaryota:mito
d3d58c54-8ab3-4b7f-92cb-54339700e513	73513	1.0	confident	Dioon_edule:mito	Eukaryota:mito
dae05e6c-5693-46c4-b1c9-96a091a765cf	73513	1.0	confident	Dioon_edule:mito	Eukaryota:mito
a17b5ef3-82d4-40a3-902e-32606bbd26b5	73513	1.0	confident	Dioon_edule:mito	Eukaryota:mito
3c425d22-6492-41b5-ad4d-c9c09feaca6a	73513	1.0	confident	Dioon_edule:mito	Eukaryota:mito
f70bf160-8269-4a12-bf7b-f2aa1887a66a	73513	1.0	confident	Dioon_edule:mito	Eukaryota:mito
46243bfe-7ab6-4bea-8be1-970401005906	73513	1.0	confident	Dioon_edule:mito	Eukaryota:mito
cb8ffee1-1bbe-4e29-84c0-d5d10fb8139a	73513	1.0	confident	Dioon_edule:mito	Eukaryota:mito
c18bc040-21a9-4ee3-a450-63538ec98a8f	73513	1.0	confident	Dioon_edule:mito	Eukaryota:mito
d8d61cc4-5809-46c2-8d9c-0c4605b07b92	10159	1.0	confident	Rhodomonas_salina:plas	Eukaryota:plas
56fab27e-b859-44f7-8e3a-b7a7977aa32c	73513	1.0	confident	Dioon_edule:mito	Eukaryota:mito
3ae3ca16-e807-408c-a4c4-768f8b70713b	73513	1.0	confident	Dioon_edule:mito	Eukaryota:mito
b86de752-bea1-4dfa-9694-b7766cae65a6	73513	1.0	confident	Dioon_edule:mito	Eukaryota:mito
96cde73b-3eaa-4c94-9a33-96c3380675b3	73513	1.0	confident	Dioon_edule:mito	Eukaryota:mito
419e46a2-0c0b-40f8-987a-4301f88b2091	73513	1.0	confident	Dioon_edule:mito	Eukaryota:mito
ecaf9f76-d573-4ebc-9611-f7dc121f9cbf	73513	1.0	confident	Dioon_edule:mito	Eukaryota:mito
0a41a488-3574-4459-9c91-83a7c247bf4b	73513	1.0	confident	Dioon_edule:mito	Eukaryota:mito
7af5d727-53ac-40fc-b207-9ee574a91541	73513	1.0	confident	Dioon_edule:mito	Eukaryota:mito
71bc42a1-93aa-443f-91a9-2a8e07ac49f1	73513	1.0	confident	Dioon_edule:mito	Eukaryota:mito
97553605-2d30-44e6-bd68-e96b82e7bda1	73513	1.0	confident	Dioon_edule:mito	Eukaryota:mito
97fb8f1c-059c-434e-8977-ea959bab13ea	73513	1.0	confident	Dioon_edule:mito	Eukaryota:mito
9a7a77a0-52f0-4ffd-b8c7-0b0aa0b0b2be	73513	1.0	confident	Dioon_edule:mito	Eukaryota:mito
b004a14b-e8d0-4742-8932-e6e9e13c2184	73513	1.0	confident	Dioon_edule:mito	Eukaryota:mito
a856c25a-b311-454e-9836-e06ccebde4de	73513	1.0	confident	Dioon_edule:mito	Eukaryota:mito
d25a2681-2681-44f8-a1f9-a37853f07bb1	73513	1.0	confident	Dioon_edule:mito	Eukaryota:mito
5a170d5a-c6c8-4533-b79c-d594668c96e5	73513	1.0	confident	Dioon_edule:mito	Eukaryota:mito
b76bbc0b-a5e8-4a21-9f93-1bbf325a9b47	73513	1.0	confident	Dioon_edule:mito	Eukaryota:mito
0f723533-b333-4d38-b6b7-e3f99aab71fd	73513	1.0	confident	Dioon_edule:mito	Eukaryota:mito
fe670299-58b5-43a6-815c-792ad7bacd5d	73513	1.0	confident	Dioon_edule:mito	Eukaryota:mito
1d28f54c-db40-4815-b70c-60c155587f9d	73513	1.0	confident	Dioon_edule:mito	Eukaryota:mito
6541ef1f-3b9b-443b-960d-fda07e5ce2f4	73513	1.0	confident	Dioon_edule:mito	Eukaryota:mito
c3b29978-1821-48be-af53-9c1abfcc7b5b	73513	1.0	confident	Dioon_edule:mito	Eukaryota:mito
16474c5a-230e-43dd-9b52-8b616689d657	73513	1.0	confident	Dioon_edule:mito	Eukaryota:mito
dcd8b0a4-d93f-450b-8b50-472b440331e4	73513	1.0	confident	Dioon_edule:mito	Eukaryota:mito
d5ede53e-5373-4cf8-8a01-b9d8fde1475c	73513	1.0	confident	Dioon_edule:mito	Eukaryota:mito
2b2fe142-27ba-4b30-8950-45aef1d7f0b2	73513	1.0	confident	Dioon_edule:mito	Eukaryota:mito
5df1b271-62db-4fcc-8f88-ea7a0f518611	73513	1.0	confident	Dioon_edule:mito	Eukaryota:mito
b25b4bb6-90c5-4ff8-950e-e49541fc9307	73513	0.999988659064907	high	Dioon_edule:mito	Eukaryota:mito
c3b7117c-e254-46d2-96ba-9e1eff773ade	73513	1.0	confident	Dioon_edule:mito	Eukaryota:mito
e15345ed-c7f5-4b55-a771-f57562922e7c	73513	1.0	confident	Dioon_edule:mito	Eukaryota:mito
70b95d26-e0a2-4e99-9546-cd351065fe9a	73513	1.0	confident	Dioon_edule:mito	Eukaryota:mito
60f7af59-de03-43f6-8b25-15ae11a7d4c4	73513	1.0	confident	Dioon_edule:mito	Eukaryota:mito
697cf8fa-36c8-4df1-85a4-a982208f2bf5	73513	1.0	confident	Dioon_edule:mito	Eukaryota:mito
f7456d16-6f10-4b00-81a4-9ab25ecbe63c	73513	1.0	confident	Dioon_edule:mito	Eukaryota:mito
3b61629a-6ff7-4352-bed5-2820d5737f54	73513	1.0	confident	Dioon_edule:mito	Eukaryota:mito
11e5f473-54d4-489a-867d-305673914426	73513	1.0	confident	Dioon_edule:mito	Eukaryota:mito
8e6a9d72-9723-4ee1-a31f-4b6e6301d1e1	73513	1.0	confident	Dioon_edule:mito	Eukaryota:mito
e1bf1f40-4158-465e-be39-fd5f029cfaec	73513	1.0	confident	Dioon_edule:mito	Eukaryota:mito
8ab87760-c28b-4f7d-a0e8-c245704c40c6	73513	1.0	confident	Dioon_edule:mito	Eukaryota:mito
cbc521cf-94ae-4565-ad1c-f42ee706c329	73513	1.0	confident	Dioon_edule:mito	Eukaryota:mito
b18d3505-7cd2-4bce-a1e9-1e4cbd72af76	73513	1.0	confident	Dioon_edule:mito	Eukaryota:mito
c55f4115-1ad2-406e-85d5-5fda96fbd2a4	73513	1.0	confident	Dioon_edule:mito	Eukaryota:mito
9fa9ff35-3524-4428-bcc8-71d2adef2e27	73513	1.0	confident	Dioon_edule:mito	Eukaryota:mito
aca765b3-53f7-462f-a996-92f5f2cb909c	73513	1.0	confident	Dioon_edule:mito	Eukaryota:mito
290b1e20-ddbc-433b-a8fd-484226297c96	73513	1.0	confident	Dioon_edule:mito	Eukaryota:mito
13365bb6-4a67-4d50-93f4-21367cd29465	73513	1.0	confident	Dioon_edule:mito	Eukaryota:mito
1bded156-9ef8-4972-980d-096570095b33	73513	1.0	confident	Dioon_edule:mito	Eukaryota:mito
c0711f02-1136-4e39-986f-6c089754a7cf	73513	1.0	confident	Dioon_edule:mito	Eukaryota:mito
2b56eaa3-3326-48b3-bfb8-9a9dc52dca77	73513	1.0	confident	Dioon_edule:mito	Eukaryota:mito
8a6d4459-86a7-49b5-884f-8cd1e694360b	73513	1.0	confident	Dioon_edule:mito	Eukaryota:mito
7e6ca714-e779-4922-b05b-67784a517b00	73513	1.0	confident	Dioon_edule:mito	Eukaryota:mito
2e56a76b-1fd6-43cc-8695-b18b691dcc00	73513	1.0	confident	Dioon_edule:mito	Eukaryota:mito
94f6b21b-97ad-4620-a704-7b01118620ea	73513	1.0	confident	Dioon_edule:mito	Eukaryota:mito
93bc4611-7fe7-41a2-bd91-fdd64c70d1fc	73513	1.0	confident	Dioon_edule:mito	Eukaryota:mito
9a7f4cc2-054a-4e34-86da-d88cd211e1ea	73513	1.0	confident	Dioon_edule:mito	Eukaryota:mito
53a130a2-581c-4cf8-83ba-8c00bcb5b56e	73513	1.0	confident	Dioon_edule:mito	Eukaryota:mito
2de2b5da-5d78-4bd1-8948-f5028a9e78d9	73513	1.0	confident	Dioon_edule:mito	Eukaryota:mito
2dc47a9f-b72f-420f-a0dd-b2a199cdf7af	10159	1.0	confident	Rhodomonas_salina:plas	Eukaryota:plas
d4b988a6-d5dc-47ed-a4ce-27481ebf3186	73513	1.0	confident	Dioon_edule:mito	Eukaryota:mito
028a0013-8cb4-47c6-8236-b15bbee5f3a8	73513	1.0	confident	Dioon_edule:mito	Eukaryota:mito
01a9a5ab-c5e3-41b7-83fb-c630a8b5544f	73513	1.0	confident	Dioon_edule:mito	Eukaryota:mito
5089fb67-b94a-43c7-9aa8-c76d7988809d	73513	1.0	confident	Dioon_edule:mito	Eukaryota:mito
d6d833e2-9dbf-4e12-9f7d-b00780a5f65b	73513	1.0	confident	Dioon_edule:mito	Eukaryota:mito
02bafda7-2c3b-4751-94ee-f013c3423fa8	73513	1.0	confident	Dioon_edule:mito	Eukaryota:mito
8696347f-171d-4e41-b57e-28c35c15ba4b	73513	1.0	confident	Dioon_edule:mito	Eukaryota:mito
5a0c739d-2da2-40a9-8744-153e6b1d8378	73513	1.0	confident	Dioon_edule:mito	Eukaryota:mito
4f0fce81-5e36-47b1-9778-e365c3f762f2	73513	1.0	confident	Dioon_edule:mito	Eukaryota:mito
83d1978d-9483-4851-87ed-5f73a1c53869	73513	1.0	confident	Dioon_edule:mito	Eukaryota:mito
8b4a3fb8-7a33-42fb-9ec7-775787548bc1	73513	1.0	confident	Dioon_edule:mito	Eukaryota:mito
9d83993b-6f71-4735-bf53-f1c2633d4a80	73513	1.0	confident	Dioon_edule:mito	Eukaryota:mito
9a03037e-f6f9-435a-b303-dd5e66a49864	73513	1.0	confident	Dioon_edule:mito	Eukaryota:mito
e00accc8-a8cb-4f5b-8bbd-4584688ea70a	73513	1.0	confident	Dioon_edule:mito	Eukaryota:mito
8526a868-294d-4a75-a412-1c7d8a6a17fa	73513	1.0	confident	Dioon_edule:mito	Eukaryota:mito
632f30ce-4cfe-460a-8202-55e06928eb1b	73513	1.0	confident	Dioon_edule:mito	Eukaryota:mito
6ea0267e-0577-4aaa-b1e8-c074ff950005	73513	1.0	confident	Dioon_edule:mito	Eukaryota:mito
37b1c2ea-1246-4e64-9841-1fe898b5705a	73513	1.0	confident	Dioon_edule:mito	Eukaryota:mito
015daea5-a895-4d6e-99bd-7beb33f99698	73513	1.0	confident	Dioon_edule:mito	Eukaryota:mito
2d604d42-8628-424b-9adf-8ac028b5b9f3	73513	1.0	confident	Dioon_edule:mito	Eukaryota:mito
db223635-144d-47e1-a7cd-c8b7c0a0e971	73513	1.0	confident	Dioon_edule:mito	Eukaryota:mito
ffca45f7-1904-4846-986a-eb759805298a	73513	1.0	confident	Dioon_edule:mito	Eukaryota:mito
9052c8c2-a771-4f3a-8517-d711fc70dbb7	73513	1.0	confident	Dioon_edule:mito	Eukaryota:mito
5df34681-dc26-443a-8daa-a18933412e5c	73513	1.0	confident	Dioon_edule:mito	Eukaryota:mito
384a96ac-3b70-4d2a-8258-3ce442d53fd8	73513	1.0	confident	Dioon_edule:mito	Eukaryota:mito
96f14b89-06cf-493f-a1fb-6c021d37a65d	73513	1.0	confident	Dioon_edule:mito	Eukaryota:mito
3ec112be-6084-4def-84c1-617b65243459	73513	1.0	confident	Dioon_edule:mito	Eukaryota:mito
fe669141-3ed1-477b-8b68-dfdba34b4c07	73513	1.0	confident	Dioon_edule:mito	Eukaryota:mito
e2a0e10e-ea61-4b3f-b739-8115a99143f6	73513	1.0	confident	Dioon_edule:mito	Eukaryota:mito
1a26e813-1f18-4814-b8ab-ff2d33f0b378	73513	1.0	confident	Dioon_edule:mito	Eukaryota:mito
731e8037-6ca8-40e6-98ed-e7863e3f4e2e	73513	1.0	confident	Dioon_edule:mito	Eukaryota:mito
84e956e6-b5b4-4de0-a709-2c134ccdbdcb	73513	1.0	confident	Dioon_edule:mito	Eukaryota:mito
fb79fd56-63f5-4dbe-a54d-f56376fe4a41	73513	1.0	confident	Dioon_edule:mito	Eukaryota:mito
e4c28705-b0d3-4e63-9a1b-9427d5e34467	73513	1.0	confident	Dioon_edule:mito	Eukaryota:mito
5fa9ed3b-38b7-4ae6-a705-43bcc4aa9366	73513	1.0	confident	Dioon_edule:mito	Eukaryota:mito
ae5754dd-93cd-4bd9-881e-cdda0801243e	73513	1.0	confident	Dioon_edule:mito	Eukaryota:mito
7add8cc6-bdc9-4a78-b8a4-ab34d9072c39	73513	1.0	confident	Dioon_edule:mito	Eukaryota:mito
f9d9458b-5247-47f3-80e4-326db05e4f2e	73513	1.0	confident	Dioon_edule:mito	Eukaryota:mito
c412b5a3-fd43-4cc3-97c4-4e1588a33d79	73513	1.0	confident	Dioon_edule:mito	Eukaryota:mito
5b76df88-660d-4cb3-aaf8-14a1523f6a4a	73513	1.0	confident	Dioon_edule:mito	Eukaryota:mito
72f9debe-959c-4ce8-ba38-258071c84fef	73513	1.0	confident	Dioon_edule:mito	Eukaryota:mito
d8b85449-b417-46ec-b4c4-0384d0aeb30e	73513	1.0	confident	Dioon_edule:mito	Eukaryota:mito
f53ffce2-4cbc-41a7-a772-d904595ef8cf	73513	1.0	confident	Dioon_edule:mito	Eukaryota:mito
69860998-c5d9-4861-a5d0-5c1d01005afb	73513	1.0	confident	Dioon_edule:mito	Eukaryota:mito
a21a08bd-4776-465c-832b-dc25c63ed7eb	73513	1.0	confident	Dioon_edule:mito	Eukaryota:mito
7488aac5-057b-4c6c-a566-dcba794f6123	73513	1.0	confident	Dioon_edule:mito	Eukaryota:mito
d59e0929-7898-430b-9b38-8ae4e0c6fb6c	73513	1.0	confident	Dioon_edule:mito	Eukaryota:mito
ddd0849f-c5a6-4466-a841-179e8c80f9bd	73513	1.0	confident	Dioon_edule:mito	Eukaryota:mito
b9522bb9-e680-469c-bf1b-4a8d53683a67	6722	0.9995839867036156	high	Epifagus_virginiana:plas	Eukaryota:plas
0a0f0767-b078-4638-b242-63b6ca2141f6	73513	1.0	confident	Dioon_edule:mito	Eukaryota:mito
8f7df4b5-153e-4388-b60d-dd1fcba8a563	73513	1.0	confident	Dioon_edule:mito	Eukaryota:mito
3ef30c35-caf1-4e2e-a7e6-755d47d29599	73513	1.0	confident	Dioon_edule:mito	Eukaryota:mito
916eaa51-ff36-44fc-b6a0-092c73b0c217	73513	1.0	confident	Dioon_edule:mito	Eukaryota:mito
0f5700c4-373b-4926-aa6f-3ffa2fa4b828	73513	1.0	confident	Dioon_edule:mito	Eukaryota:mito
2ce226eb-f3c4-4b82-b2c8-a75421c3ae8e	73513	1.0	confident	Dioon_edule:mito	Eukaryota:mito
e7d2976b-f14a-4770-b436-e3c282235c91	73513	1.0	confident	Dioon_edule:mito	Eukaryota:mito
61e8ca1c-d3b6-4dac-8c68-a50e4a244814	73513	1.0	confident	Dioon_edule:mito	Eukaryota:mito
9a71136f-76a4-448b-9496-2438d23c0b33	73513	1.0	confident	Dioon_edule:mito	Eukaryota:mito
91b8af58-0de6-45de-8ea5-1e6db80bc587	73513	1.0	confident	Dioon_edule:mito	Eukaryota:mito
e7921e79-1812-40e2-aeff-0d3615ccacb3	73513	1.0	confident	Dioon_edule:mito	Eukaryota:mito
25d85dee-28f6-4b94-bdab-fae096c26364	73513	1.0	confident	Dioon_edule:mito	Eukaryota:mito
a614b40d-6ea0-4633-a96b-4ead28cc354a	73513	1.0	confident	Dioon_edule:mito	Eukaryota:mito
2166300e-f2d6-4bcf-9f2c-20f2c77fa4f0	73513	1.0	confident	Dioon_edule:mito	Eukaryota:mito
2ec2737a-6e71-44f3-a7f7-dde5cd658928	73513	1.0	confident	Dioon_edule:mito	Eukaryota:mito
47e1cddb-fadd-4318-9616-c3f00075f3a0	73513	1.0	confident	Dioon_edule:mito	Eukaryota:mito
f31e3559-de10-447f-a4e7-f03c46ed9919	73513	1.0	confident	Dioon_edule:mito	Eukaryota:mito
3d361142-5f22-41f8-b59d-f48381d29e2d	73513	1.0	confident	Dioon_edule:mito	Eukaryota:mito
81d637e3-516a-4b79-853f-fafcd35e2684	73513	1.0	confident	Dioon_edule:mito	Eukaryota:mito
e2ede3ed-9c3c-4ce9-9af4-ec5d881f2d20	73513	1.0	confident	Dioon_edule:mito	Eukaryota:mito
1873a3cd-6b2a-4f5f-a447-db35a782349c	73513	1.0	confident	Dioon_edule:mito	Eukaryota:mito
8faed1c6-aef9-404d-ada6-0cdd46658195	73513	1.0	confident	Dioon_edule:mito	Eukaryota:mito
23e71bbf-8058-4aa1-abcd-b354b1addca9	73513	1.0	confident	Dioon_edule:mito	Eukaryota:mito
8810f8b8-3187-4880-9040-da910a9853a0	73513	1.0	confident	Dioon_edule:mito	Eukaryota:mito
4dc89f03-d373-4b1a-9a97-1858bc61a8ad	73513	1.0	confident	Dioon_edule:mito	Eukaryota:mito
1ec74c38-d608-4335-8ce8-5134e24adeb2	73513	1.0	confident	Dioon_edule:mito	Eukaryota:mito
8ba6f181-0c03-45dd-92a2-261fc96cda6b	73513	1.0	confident	Dioon_edule:mito	Eukaryota:mito
20dca7b8-86a6-42b8-acb9-23596996bdd6	73513	1.0	confident	Dioon_edule:mito	Eukaryota:mito
64a88e94-1433-46d9-9190-7cdee823f0fb	73513	1.0	confident	Dioon_edule:mito	Eukaryota:mito
adb9245a-e76a-4d3a-b8cf-6dd901062f56	73513	1.0	confident	Dioon_edule:mito	Eukaryota:mito
f6d6ab64-6990-46e2-a3be-33d90e88efa3	73513	1.0	confident	Dioon_edule:mito	Eukaryota:mito
4c00268b-0849-4df3-a0a4-0546f0def6bf	73513	1.0	confident	Dioon_edule:mito	Eukaryota:mito
ad03b4f6-9fc7-4691-91cc-8d5d1a092ef2	73513	1.0	confident	Dioon_edule:mito	Eukaryota:mito
108c07b0-eee7-4307-a114-a0111edba8ff	73513	1.0	confident	Dioon_edule:mito	Eukaryota:mito
e98935c0-348e-4618-9ce8-2c648152488a	73513	1.0	confident	Dioon_edule:mito	Eukaryota:mito
7d3b8e67-2e68-42ca-b55b-702cac61b355	73513	1.0	confident	Dioon_edule:mito	Eukaryota:mito
a4638942-fc28-4734-9887-81592cddafd0	73513	1.0	confident	Dioon_edule:mito	Eukaryota:mito
c1ca10a5-fb7a-4bc6-9621-4744418e56c7	73513	1.0	confident	Dioon_edule:mito	Eukaryota:mito
52c18502-a045-4059-96ea-4e321f2a12d6	73513	1.0	confident	Dioon_edule:mito	Eukaryota:mito
208c7de5-e968-4eaa-8b8e-77a3a9b98ea3	73513	1.0	confident	Dioon_edule:mito	Eukaryota:mito
ebe41dc1-8de2-4449-9aad-e4d1f0a864a4	73513	1.0	confident	Dioon_edule:mito	Eukaryota:mito
d3759e30-6960-46c4-86a7-a77536dad3c7	73513	1.0	confident	Dioon_edule:mito	Eukaryota:mito
8578fb4b-0663-4b76-af5e-f3ef69eec38f	73513	1.0	confident	Dioon_edule:mito	Eukaryota:mito
5028f085-1bd3-4ad0-9035-862ca972ec15	73513	1.0	confident	Dioon_edule:mito	Eukaryota:mito
db82ef9f-92b0-4952-82a0-a75179ef0155	73513	1.0	confident	Dioon_edule:mito	Eukaryota:mito
95d6b5e2-b022-49af-ab02-b9d406d071a0	73513	1.0	confident	Dioon_edule:mito	Eukaryota:mito
31b0a6b6-6670-4d20-af7d-5c51469ab8a0	73513	1.0	confident	Dioon_edule:mito	Eukaryota:mito
7084442e-9e9f-4b8f-89b9-2021b5d74947	73513	1.0	confident	Dioon_edule:mito	Eukaryota:mito
c13931fd-fbd1-45f2-92cc-4d3756b1f9a6	73513	1.0	confident	Dioon_edule:mito	Eukaryota:mito
e488b13e-f3e4-4ec9-af7b-95796fe5143e	73513	1.0	confident	Dioon_edule:mito	Eukaryota:mito
bc86ec46-351a-4676-8ffc-c2a71888de4d	73513	1.0	confident	Dioon_edule:mito	Eukaryota:mito
f1b7e3eb-6d7c-4dfb-ba9d-4faa80cb4d0c	73513	1.0	confident	Dioon_edule:mito	Eukaryota:mito
0085ea44-7fed-470d-a623-ca6878ee2c4e	73513	1.0	confident	Dioon_edule:mito	Eukaryota:mito
ecdc3087-922b-4525-b874-5ec42ce6123f	73513	1.0	confident	Dioon_edule:mito	Eukaryota:mito
7a166e40-e576-4c48-aa1e-d51a465ed076	73513	1.0	confident	Dioon_edule:mito	Eukaryota:mito
06a4bcf7-f952-4d71-a647-b54e81f70c21	73513	1.0	confident	Dioon_edule:mito	Eukaryota:mito
b4ac60d4-0ba0-4d49-bcc7-291e6aa4036f	73513	1.0	confident	Dioon_edule:mito	Eukaryota:mito
f825a45c-049a-4d8f-b1bd-c549a99b9bd7	73513	1.0	confident	Dioon_edule:mito	Eukaryota:mito
2b0dedcf-31c2-419e-bc30-26c1f0721956	73513	1.0	confident	Dioon_edule:mito	Eukaryota:mito
071cfe76-b8c4-4897-918b-fd307aa16d79	73513	1.0	confident	Dioon_edule:mito	Eukaryota:mito
7104cfd0-28d1-4d43-bb12-050184ca8de2	73513	1.0	confident	Dioon_edule:mito	Eukaryota:mito
2fe276be-7ed9-4f9c-8707-c3e3496cb25b	73513	1.0	confident	Dioon_edule:mito	Eukaryota:mito
1ad5656a-0de2-424b-aff1-fdb337d02b28	73513	1.0	confident	Dioon_edule:mito	Eukaryota:mito
d02ffbe5-8cbc-4be7-9141-6e3e3efb6fbb	73513	1.0	confident	Dioon_edule:mito	Eukaryota:mito
a983ad10-85bc-4f9b-9cf2-d76b58b9669b	73513	1.0	confident	Dioon_edule:mito	Eukaryota:mito
06ba2a40-2e4a-499d-b432-7c992af74047	73513	1.0	confident	Dioon_edule:mito	Eukaryota:mito
7bc4516b-8adb-4530-9ba4-3a5feb614e62	73513	1.0	confident	Dioon_edule:mito	Eukaryota:mito
ce90cfc8-6e2a-4a55-ae38-6711f4f8d4ec	73513	1.0	confident	Dioon_edule:mito	Eukaryota:mito
0b133ce7-4ad7-464e-b895-45e52ac4489c	73513	1.0	confident	Dioon_edule:mito	Eukaryota:mito
80d5c15d-29be-4d60-acda-a18b58b878e3	73513	1.0	confident	Dioon_edule:mito	Eukaryota:mito
1821b7ac-7436-49f5-8b34-169066a0953d	73513	1.0	confident	Dioon_edule:mito	Eukaryota:mito
5b34a5a9-c32a-4088-ac60-014ce2e744a1	73513	1.0	confident	Dioon_edule:mito	Eukaryota:mito
1b5d358c-1673-47a7-907c-3cc355fa1b49	73513	1.0	confident	Dioon_edule:mito	Eukaryota:mito
299a1256-7d72-4500-917d-cabad87bbea2	73513	1.0	confident	Dioon_edule:mito	Eukaryota:mito
275b9630-da05-4e29-8a7c-39abed51d926	73513	1.0	confident	Dioon_edule:mito	Eukaryota:mito
95854d82-09e4-4b39-8fc2-a2476e3f60b5	73513	1.0	confident	Dioon_edule:mito	Eukaryota:mito
2dc8eb5c-2e31-4a32-9a8d-e04c053570e8	73513	1.0	confident	Dioon_edule:mito	Eukaryota:mito
a684cc6c-21f9-45b6-a421-a435b0181a39	73513	1.0	confident	Dioon_edule:mito	Eukaryota:mito
f904dcc1-0697-4a3a-953a-683af8884433	73513	1.0	confident	Dioon_edule:mito	Eukaryota:mito
90b456d7-be8a-4135-8463-401502ec36f6	73513	1.0	confident	Dioon_edule:mito	Eukaryota:mito
c0e97eec-ca25-43e5-bf11-8187eb4d24a5	73513	1.0	confident	Dioon_edule:mito	Eukaryota:mito
4c92b33b-6d4e-4783-95ee-0f828a7e8e47	73513	1.0	confident	Dioon_edule:mito	Eukaryota:mito
eb9a57e3-9dab-40c2-ac92-b2c454f41b15	73513	1.0	confident	Dioon_edule:mito	Eukaryota:mito
28f3e3c6-3aab-4787-b381-854f0dd0eb8e	73513	1.0	confident	Dioon_edule:mito	Eukaryota:mito
5ac7f435-f4b0-467d-8825-a147a59ad582	73513	1.0	confident	Dioon_edule:mito	Eukaryota:mito
fccfb5ea-07c4-4412-82cb-13f8b4085970	73513	1.0	confident	Dioon_edule:mito	Eukaryota:mito
333741cb-7432-432b-a662-0bda075686ae	73513	1.0	confident	Dioon_edule:mito	Eukaryota:mito
6e798419-2761-4984-91b3-31b609420265	73513	1.0	confident	Dioon_edule:mito	Eukaryota:mito
4a95b762-7cb0-4771-9faf-e072d5854650	73513	1.0	confident	Dioon_edule:mito	Eukaryota:mito
09492c75-8b59-46b0-a5ea-cc778edea0bd	73513	1.0	confident	Dioon_edule:mito	Eukaryota:mito
c5fe7164-7f31-4f09-b5dc-efe26aef9ca5	73513	1.0	confident	Dioon_edule:mito	Eukaryota:mito
541a514a-8068-4b1e-82be-abd1da62e1e8	73513	1.0	confident	Dioon_edule:mito	Eukaryota:mito
b2469dac-35fd-4f6c-8871-060bbc5c0a94	73513	1.0	confident	Dioon_edule:mito	Eukaryota:mito
444b8df4-db80-4450-89b9-a245d79834a0	73513	1.0	confident	Dioon_edule:mito	Eukaryota:mito
ac9ebbc5-9ca9-4399-ad7f-dbcb99e58bb9	73513	1.0	confident	Dioon_edule:mito	Eukaryota:mito
87581485-8e32-4283-bde2-d24254d30cd3	73513	1.0	confident	Dioon_edule:mito	Eukaryota:mito
2fc0ea2c-cdad-48fe-8294-ec93ac047c6f	73513	1.0	confident	Dioon_edule:mito	Eukaryota:mito
f77dea70-3dd9-4dc9-af97-e2232324347a	73513	1.0	confident	Dioon_edule:mito	Eukaryota:mito
b32fcd80-9ce9-4e3e-aa6c-b03a774510bd	73513	1.0	confident	Dioon_edule:mito	Eukaryota:mito
c6ed332b-de43-4f94-a785-d275e0732ae3	73513	1.0	confident	Dioon_edule:mito	Eukaryota:mito
d59f888b-8d3c-44f2-86c2-4ac79a3df3dd	73513	1.0	confident	Dioon_edule:mito	Eukaryota:mito
d750547b-827a-423d-a8e1-e4e585380f2d	73513	1.0	confident	Dioon_edule:mito	Eukaryota:mito
edc27e96-2b7f-4638-b900-29d13da63564	73513	1.0	confident	Dioon_edule:mito	Eukaryota:mito
5ff58d52-6363-4613-8cf0-1c61d9a17d7e	73513	1.0	confident	Dioon_edule:mito	Eukaryota:mito
109146a3-f779-4946-92db-de3018b6782b	73513	1.0	confident	Dioon_edule:mito	Eukaryota:mito
dbd932e9-039b-4c8a-8b24-6fd172056253	73513	1.0	confident	Dioon_edule:mito	Eukaryota:mito
ef5653ea-0262-4462-8dfb-200a4a8e54d4	73513	1.0	confident	Dioon_edule:mito	Eukaryota:mito
4cbd074e-a82c-4425-a1e6-6fa6f3a941fc	73513	1.0	confident	Dioon_edule:mito	Eukaryota:mito
c89c67b2-b4f7-4faa-bc4e-420457b22c94	73513	1.0	confident	Dioon_edule:mito	Eukaryota:mito
0eff7839-8539-4b00-ae89-8cb7ecf0e5e7	73513	1.0	confident	Dioon_edule:mito	Eukaryota:mito
c8d44478-5052-42d6-80f3-5e05f4182e5c	73513	1.0	confident	Dioon_edule:mito	Eukaryota:mito
128d6b8f-9c2b-418d-b96d-0cc14c575c6e	73513	1.0	confident	Dioon_edule:mito	Eukaryota:mito
eb321930-39e3-4be8-96fc-7d973c9f4d44	73513	1.0	confident	Dioon_edule:mito	Eukaryota:mito
91c4f7af-5ca3-4e02-9865-56d9e045cf24	73513	1.0	confident	Dioon_edule:mito	Eukaryota:mito
f2e0a120-887a-4a3a-9514-72d0bc3764f7	73513	1.0	confident	Dioon_edule:mito	Eukaryota:mito
d8f8abad-3001-403c-873d-0739a381487a	73513	1.0	confident	Dioon_edule:mito	Eukaryota:mito
e3459847-68d8-4701-97c5-2841b9331d1c	73513	1.0	confident	Dioon_edule:mito	Eukaryota:mito
da03f7cf-0f6c-46f5-92d6-1473c5cbe0db	73513	1.0	confident	Dioon_edule:mito	Eukaryota:mito
f4cba6ba-132f-4eac-b78b-fad2ead53660	73513	1.0	confident	Dioon_edule:mito	Eukaryota:mito
4c0b39b6-22ca-458f-9a69-f50463f953c5	73513	1.0	confident	Dioon_edule:mito	Eukaryota:mito
298759f7-4589-4b5a-a4ae-276802e62571	73513	1.0	confident	Dioon_edule:mito	Eukaryota:mito
01f2143e-7160-4fd1-afe8-7f1528739c99	73513	1.0	confident	Dioon_edule:mito	Eukaryota:mito
f1795800-2394-4a0a-ad24-fe93e2640b06	73513	1.0	confident	Dioon_edule:mito	Eukaryota:mito
16263534-42bf-496c-b804-aa6157b9474e	73513	1.0	confident	Dioon_edule:mito	Eukaryota:mito
fd89f299-2f76-4496-993b-c7af1e8fca2d	73513	1.0	confident	Dioon_edule:mito	Eukaryota:mito
9d090a12-465a-4170-8118-0898ba2f0d53	73513	1.0	confident	Dioon_edule:mito	Eukaryota:mito
63399a4d-dfef-4671-b3cc-ecbdb72a2ca5	73513	1.0	confident	Dioon_edule:mito	Eukaryota:mito
6a993e0b-787c-43b5-ad7c-732dc3a56b14	73513	1.0	confident	Dioon_edule:mito	Eukaryota:mito
f0c9792d-bfd8-444a-a1e0-9ebf22f374a8	73513	1.0	confident	Dioon_edule:mito	Eukaryota:mito
a7c365de-e9c4-45d5-b38c-842c6a0a0cce	73513	1.0	confident	Dioon_edule:mito	Eukaryota:mito
ebca55b7-cce3-4f72-b587-3c35152343e6	73513	1.0	confident	Dioon_edule:mito	Eukaryota:mito
9c68458e-3970-418b-8a0a-fac08a4a6f61	10159	1.0	confident	Rhodomonas_salina:plas	Eukaryota:plas
3c6a4e9d-49a4-4731-8429-2a1f188ad795	73513	1.0	confident	Dioon_edule:mito	Eukaryota:mito
58fe15a5-3e12-4eae-a6ae-d73c3a5dd42c	73513	1.0	confident	Dioon_edule:mito	Eukaryota:mito
116a6bd9-b1cc-4f3c-b026-523150711afc	73513	1.0	confident	Dioon_edule:mito	Eukaryota:mito
29214f64-2e23-4eed-8101-a7d741490112	73513	1.0	confident	Dioon_edule:mito	Eukaryota:mito
137fede5-bae6-4865-ab46-62fe34ea5979	73513	1.0	confident	Dioon_edule:mito	Eukaryota:mito
24cef697-a660-45f9-a1dc-0adab19db22d	73513	1.0	confident	Dioon_edule:mito	Eukaryota:mito
e95826b8-093a-4bce-afd5-4a54e3045428	73513	1.0	confident	Dioon_edule:mito	Eukaryota:mito
42cf232a-54b2-4858-af7e-6a8df545c513	73513	1.0	confident	Dioon_edule:mito	Eukaryota:mito
4bc26be0-cb14-44ef-9cb9-eeb53883d37f	73513	1.0	confident	Dioon_edule:mito	Eukaryota:mito
84077d4c-0f5a-40b7-9b82-c4131ca87484	73513	1.0	confident	Dioon_edule:mito	Eukaryota:mito
b9173b6e-a62e-404c-98a4-893ccef697cb	73513	1.0	confident	Dioon_edule:mito	Eukaryota:mito
41a9b79e-de9a-4078-821b-33eddeb3e6d7	73513	1.0	confident	Dioon_edule:mito	Eukaryota:mito
ac6575fd-d994-4860-9f6e-4f605b2e3158	73513	1.0	confident	Dioon_edule:mito	Eukaryota:mito
47a75739-f617-4ef2-9485-8b3a9eec56b2	73513	1.0	confident	Dioon_edule:mito	Eukaryota:mito
e69302ab-a250-436f-98f0-89c0e985cc95	73513	1.0	confident	Dioon_edule:mito	Eukaryota:mito
917c4d9b-b1bb-4096-815d-b2344abc9261	73513	1.0	confident	Dioon_edule:mito	Eukaryota:mito
3bb2b262-32b5-4b03-8b19-03a30bbd0b62	73513	1.0	confident	Dioon_edule:mito	Eukaryota:mito
79f39e44-bb4a-49ef-a532-4ea14532e194	73513	1.0	confident	Dioon_edule:mito	Eukaryota:mito
94be206e-7170-4b69-a1f8-6f9637b7a86c	73513	1.0	confident	Dioon_edule:mito	Eukaryota:mito
3fccb105-ada1-4654-81a3-e2c9135ce36f	73513	1.0	confident	Dioon_edule:mito	Eukaryota:mito
60be7c76-628f-4a85-af1b-68601e99426a	73513	1.0	confident	Dioon_edule:mito	Eukaryota:mito
24cb4a5a-b608-461b-864c-a4dcbafcfe92	73513	1.0	confident	Dioon_edule:mito	Eukaryota:mito
d499a665-04c6-4da3-b8aa-6c825eb09c3a	73513	1.0	confident	Dioon_edule:mito	Eukaryota:mito
f4df00cb-33dd-4c53-a521-44fb209a671f	73513	1.0	confident	Dioon_edule:mito	Eukaryota:mito
cfcc362e-5b2d-4986-8166-3ff0ed5df629	73513	1.0	confident	Dioon_edule:mito	Eukaryota:mito
3c9d90e7-9af9-42be-92ce-bed391782a28	73513	1.0	confident	Dioon_edule:mito	Eukaryota:mito
0d44e4c5-7f40-4c8d-9db3-474a32de1e8b	73513	1.0	confident	Dioon_edule:mito	Eukaryota:mito
5f969828-e1ac-4921-b1ed-56dda4ff7e56	73513	1.0	confident	Dioon_edule:mito	Eukaryota:mito
7213b3b1-7587-43e9-82a6-41af4821304d	73513	1.0	confident	Dioon_edule:mito	Eukaryota:mito
83d215ea-dfe8-4b84-9821-c6a071ccc3d5	73513	1.0	confident	Dioon_edule:mito	Eukaryota:mito
212ddcc5-a713-47e7-a401-4007ba215a99	73513	1.0	confident	Dioon_edule:mito	Eukaryota:mito
66d80898-5872-4d8e-9c0c-1b5beaa0e0ff	73513	1.0	confident	Dioon_edule:mito	Eukaryota:mito
71b16f5c-7c1c-4b9e-9e52-b291dd23b305	73513	1.0	confident	Dioon_edule:mito	Eukaryota:mito
17189b3d-6ce5-4374-87e0-6296d4f289e1	73513	1.0	confident	Dioon_edule:mito	Eukaryota:mito
b43fe92a-0e3f-4576-b541-d4a6ee9d90b8	73513	1.0	confident	Dioon_edule:mito	Eukaryota:mito
03ec3ea3-7077-4a2c-9244-b4b0e74a71c9	73513	1.0	confident	Dioon_edule:mito	Eukaryota:mito
f81a06af-f7a3-49f9-abde-25a4004894f9	73513	1.0	confident	Dioon_edule:mito	Eukaryota:mito
6da2db8e-312a-4451-815f-ad12e7c6a7c0	73513	1.0	confident	Dioon_edule:mito	Eukaryota:mito
f83d56c1-37aa-41cf-97a1-85ce8d5cf4c9	73513	1.0	confident	Dioon_edule:mito	Eukaryota:mito
6c950b4d-dbda-4a75-a60e-0efe0497074f	73513	1.0	confident	Dioon_edule:mito	Eukaryota:mito
72db9250-9dc0-4005-bcc8-dadb5dfd8a2a	73513	1.0	confident	Dioon_edule:mito	Eukaryota:mito
077c7242-9ab2-4976-8c3d-505c7aec178a	73513	1.0	confident	Dioon_edule:mito	Eukaryota:mito
20b51c59-f965-4dfb-8112-b0c9a6693668	73513	1.0	confident	Dioon_edule:mito	Eukaryota:mito
3cc996ca-937a-4772-8e59-4cf652283c51	73513	1.0	confident	Dioon_edule:mito	Eukaryota:mito
a5599e1e-befb-4f1a-8e44-6bafa4167141	73513	1.0	confident	Dioon_edule:mito	Eukaryota:mito
acf56c08-9609-40b0-bc37-86b93d616ba1	73513	1.0	confident	Dioon_edule:mito	Eukaryota:mito
32be42f0-882e-4554-918e-c3ba1a825159	73513	1.0	confident	Dioon_edule:mito	Eukaryota:mito
8db382ee-4216-4b77-864b-9afaa3188ca6	73513	1.0	confident	Dioon_edule:mito	Eukaryota:mito
145a8a3d-8656-4aaa-b3b3-f458f3fd8ca9	73513	1.0	confident	Dioon_edule:mito	Eukaryota:mito
d7361c35-8eee-49b8-bf6c-4c7eca496e55	73513	1.0	confident	Dioon_edule:mito	Eukaryota:mito
a92dde79-a130-4814-9d5b-f80e4160a650	73513	1.0	confident	Dioon_edule:mito	Eukaryota:mito
399867c6-2749-4efb-b024-d3b32ce60b45	10159	1.0	confident	Rhodomonas_salina:plas	Eukaryota:plas
dd15c1e6-79a3-4bd7-bf7c-e55d17ca258b	73513	1.0	confident	Dioon_edule:mito	Eukaryota:mito
82731ae4-23d0-467f-b3d3-e73354816880	73513	1.0	confident	Dioon_edule:mito	Eukaryota:mito
8f254f95-f8af-4342-9b78-b9859cdeb7ab	73513	1.0	confident	Dioon_edule:mito	Eukaryota:mito
679b556c-c461-4503-82e1-483428763e8e	73513	1.0	confident	Dioon_edule:mito	Eukaryota:mito
bc14f9d2-76dc-4dec-852a-4fe9167689cb	73513	1.0	confident	Dioon_edule:mito	Eukaryota:mito
ca4a608a-9108-40cc-8c76-7d0e6d3e5316	73513	1.0	confident	Dioon_edule:mito	Eukaryota:mito
73ed8f68-fb6c-4c72-bf3d-2b94fccb16d6	73513	1.0	confident	Dioon_edule:mito	Eukaryota:mito
dbfc9efb-ee8a-4c87-a8cb-705304b0fb62	73513	1.0	confident	Dioon_edule:mito	Eukaryota:mito
61f5e6d0-f40a-4633-9625-86f3f7bfc1b0	73513	1.0	confident	Dioon_edule:mito	Eukaryota:mito
fffc2a84-c0bc-472e-9190-98f2f17cea91	73513	1.0	confident	Dioon_edule:mito	Eukaryota:mito
40a8fee0-5e5a-433a-9a58-836bba319bb7	73513	1.0	confident	Dioon_edule:mito	Eukaryota:mito
9642a5c6-2fbb-49a1-b3d8-391f73e38a03	73513	1.0	confident	Dioon_edule:mito	Eukaryota:mito
90bb3fec-47ed-4a57-a200-780715b50b4d	73513	1.0	confident	Dioon_edule:mito	Eukaryota:mito
d8e85502-7af9-4d9f-b4f8-a0d171c4b495	73513	1.0	confident	Dioon_edule:mito	Eukaryota:mito
1f7ac608-23ec-4c1b-be7f-f8227108c7c4	73513	1.0	confident	Dioon_edule:mito	Eukaryota:mito
509fbd69-5071-451c-9f7a-c26b01a7dd0d	73513	1.0	confident	Dioon_edule:mito	Eukaryota:mito
eadc7623-84a9-4532-8a69-95baabb78763	73513	1.0	confident	Dioon_edule:mito	Eukaryota:mito
578b6fb7-5c2e-4799-9016-c742f9242ac5	73513	1.0	confident	Dioon_edule:mito	Eukaryota:mito
57ba44ce-a7e9-40f9-aded-58a30ffa751f	73513	1.0	confident	Dioon_edule:mito	Eukaryota:mito
99ed520e-aa59-49e8-b613-9c3ac7fcbcde	73513	1.0	confident	Dioon_edule:mito	Eukaryota:mito
1b3d2e9e-30f2-46b1-af23-d7bbb158311c	73513	1.0	confident	Dioon_edule:mito	Eukaryota:mito
c0476e21-6b72-4beb-bc2c-d0282e87c4c2	73513	1.0	confident	Dioon_edule:mito	Eukaryota:mito
59425bc8-bfb8-47e8-be94-23433bd56a77	73513	1.0	confident	Dioon_edule:mito	Eukaryota:mito
cbba266f-2d9c-477a-af5e-944c2c253cb8	73513	1.0	confident	Dioon_edule:mito	Eukaryota:mito
e79f09b8-ad0e-4c1e-ab42-b73180977908	73513	1.0	confident	Dioon_edule:mito	Eukaryota:mito
4148018e-c9a2-4bca-b5ad-db171c4dc8c4	73513	1.0	confident	Dioon_edule:mito	Eukaryota:mito
a549bd18-6980-425e-923d-c12e7570e037	73513	1.0	confident	Dioon_edule:mito	Eukaryota:mito
41b8a382-de40-4bd4-9d03-661c28a1ab94	73513	1.0	confident	Dioon_edule:mito	Eukaryota:mito
d837439d-fb00-4cbe-96cd-f6885a0b066d	73513	1.0	confident	Dioon_edule:mito	Eukaryota:mito
13828ded-ced0-481b-a7c8-21cad1ff1d9d	73513	1.0	confident	Dioon_edule:mito	Eukaryota:mito
7440d067-92cf-471c-8106-f5a5a7edeb18	73513	1.0	confident	Dioon_edule:mito	Eukaryota:mito
d8905061-9bd0-459c-80e0-042a5a9ba3fe	73513	1.0	confident	Dioon_edule:mito	Eukaryota:mito
d7a4e842-6557-4653-bc59-affb811eaf57	73513	1.0	confident	Dioon_edule:mito	Eukaryota:mito
77ea83be-4512-46c4-b9cf-f412c2e9cb69	73513	1.0	confident	Dioon_edule:mito	Eukaryota:mito
a62ff620-c18c-40c2-b083-5fcf2917acf7	73513	1.0	confident	Dioon_edule:mito	Eukaryota:mito
63d9952e-4b59-453d-bcda-acd3a16c581b	73513	1.0	confident	Dioon_edule:mito	Eukaryota:mito
bcf7e7d5-e180-412c-bf21-6151d7d6f8af	73513	1.0	confident	Dioon_edule:mito	Eukaryota:mito
a5ed9578-f6e5-4338-9051-02de801cdaa9	73513	1.0	confident	Dioon_edule:mito	Eukaryota:mito
deda3723-5594-43fa-9573-9df282b51f03	73513	1.0	confident	Dioon_edule:mito	Eukaryota:mito
a6e89013-9d14-4e00-9ab5-4c061a9de244	73513	1.0	confident	Dioon_edule:mito	Eukaryota:mito
b5731ff1-c33d-4279-a4fd-9d2ae69a0f66	73513	1.0	confident	Dioon_edule:mito	Eukaryota:mito
84a759c1-8dbc-41e5-8b2a-e7146b44ffac	73513	1.0	confident	Dioon_edule:mito	Eukaryota:mito
a987392f-39b6-4917-b79f-1a2b0d41dec5	73513	1.0	confident	Dioon_edule:mito	Eukaryota:mito
5e8ff3e8-b264-420c-940c-22839d1716f1	73513	1.0	confident	Dioon_edule:mito	Eukaryota:mito
81674519-5527-4a62-b338-8bab1ae8896b	73513	1.0	confident	Dioon_edule:mito	Eukaryota:mito
e6cfcd2e-c611-4ee3-ac58-850ab27b010a	73513	1.0	confident	Dioon_edule:mito	Eukaryota:mito
04eb1c89-66eb-417d-9f3e-52f129a3acc0	73513	1.0	confident	Dioon_edule:mito	Eukaryota:mito
d4e9c85a-5741-4ff7-a35e-6a004049a027	73513	1.0	confident	Dioon_edule:mito	Eukaryota:mito
431483b7-95cf-47f7-80e0-65a4cc032d2a	73513	1.0	confident	Dioon_edule:mito	Eukaryota:mito
2f2a5918-b1d1-46db-a888-5c9b71585493	73513	1.0	confident	Dioon_edule:mito	Eukaryota:mito
d660cc53-0f82-41e9-9682-bd72f6af6e97	73513	1.0	confident	Dioon_edule:mito	Eukaryota:mito
331f9fbe-d4ef-41ca-b540-9d707a37ce7e	73513	1.0	confident	Dioon_edule:mito	Eukaryota:mito
5b582b57-28d7-4089-9b13-974eb95ed58b	73513	1.0	confident	Dioon_edule:mito	Eukaryota:mito
e66b709d-009f-4edb-8498-5162e5310f03	73513	1.0	confident	Dioon_edule:mito	Eukaryota:mito
e872bf8b-0084-4c29-9d70-07a264529043	73513	1.0	confident	Dioon_edule:mito	Eukaryota:mito
aea888e3-d801-4037-8e07-6db41258d97d	73513	1.0	confident	Dioon_edule:mito	Eukaryota:mito
67d462c2-4464-43bf-b2c0-aab60e70e48f	73513	1.0	confident	Dioon_edule:mito	Eukaryota:mito
a33791e6-e1c5-4e7a-920a-1f54aa4bf3ab	73513	1.0	confident	Dioon_edule:mito	Eukaryota:mito
81e1aef5-513a-41bf-8537-f185ae3d3073	73513	1.0	confident	Dioon_edule:mito	Eukaryota:mito
99f67c96-6436-4606-ab24-2b34a4be1818	73513	1.0	confident	Dioon_edule:mito	Eukaryota:mito
4f1606d4-0a0b-44d5-a7b9-c3ff784f585e	73513	1.0	confident	Dioon_edule:mito	Eukaryota:mito
b6de5bbc-d924-47f3-aed2-6c04c614c3ed	73513	1.0	confident	Dioon_edule:mito	Eukaryota:mito
e8f23a11-6575-4bf7-aa8e-8d797410ba71	73513	1.0	confident	Dioon_edule:mito	Eukaryota:mito
bff2d616-2f67-4895-af93-03f96d9abf2c	73513	1.0	confident	Dioon_edule:mito	Eukaryota:mito
9d7d385c-1920-4f0a-bb2b-ee2f44a7b183	73513	1.0	confident	Dioon_edule:mito	Eukaryota:mito
d1345c59-89d7-4c36-97ca-dd36259c5108	73513	1.0	confident	Dioon_edule:mito	Eukaryota:mito
2585a065-bd33-4c2f-ad42-f622e7a67697	73513	1.0	confident	Dioon_edule:mito	Eukaryota:mito
1bb4b7ab-3a27-4808-ab62-df038f6810f6	73513	1.0	confident	Dioon_edule:mito	Eukaryota:mito
fe6b0c96-de78-4e71-b3a7-29dda9b9ddc7	73513	1.0	confident	Dioon_edule:mito	Eukaryota:mito
917eebfc-a8a1-45e6-be00-0a6d57a0d03d	73513	1.0	confident	Dioon_edule:mito	Eukaryota:mito
aec5de13-2fd0-496d-8f94-5bc8b85f5e6e	73513	1.0	confident	Dioon_edule:mito	Eukaryota:mito
76181bac-ab30-4ef5-8fcb-564006b4ad61	73513	1.0	confident	Dioon_edule:mito	Eukaryota:mito
ce8331ab-8780-41c0-8f2e-8c1228f469f0	73513	1.0	confident	Dioon_edule:mito	Eukaryota:mito
1029fe1c-ee8c-4fe9-a07b-35ac15681224	73513	1.0	confident	Dioon_edule:mito	Eukaryota:mito
47645d8c-a504-43a8-a8f8-d44636f0b525	73513	1.0	confident	Dioon_edule:mito	Eukaryota:mito
5a4e1dee-ffd9-44c6-ab2b-a47590b94aa3	73513	1.0	confident	Dioon_edule:mito	Eukaryota:mito
37db51bd-c777-4924-8163-566c7a7754d3	73513	1.0	confident	Dioon_edule:mito	Eukaryota:mito
98ff0967-5e09-4868-8cab-08f2123b2cbc	73513	1.0	confident	Dioon_edule:mito	Eukaryota:mito
1b458146-4b26-4f1f-b273-bc6b5eadbc00	73513	1.0	confident	Dioon_edule:mito	Eukaryota:mito
23b96817-c013-4171-bb0e-c5c2cc5ca869	73513	1.0	confident	Dioon_edule:mito	Eukaryota:mito
f3087b2b-1390-4489-9851-70a7c341c25e	73513	1.0	confident	Dioon_edule:mito	Eukaryota:mito
a74a2284-4567-4d7c-be85-1431a4bb8618	73513	1.0	confident	Dioon_edule:mito	Eukaryota:mito
62f78cd2-b452-49b8-924f-25b3f9083fa2	73513	1.0	confident	Dioon_edule:mito	Eukaryota:mito
97ce822d-f4db-4352-b1fe-3af444195707	73513	1.0	confident	Dioon_edule:mito	Eukaryota:mito
d4b34b16-2b00-482c-b85f-6921bb2f61c4	73513	1.0	confident	Dioon_edule:mito	Eukaryota:mito
d80ca822-1ece-4941-87a4-140d05098969	73513	1.0	confident	Dioon_edule:mito	Eukaryota:mito
c8a8868d-a0db-4584-b6dc-0a411c7a45b7	73513	1.0	confident	Dioon_edule:mito	Eukaryota:mito
7e0bd5f4-f229-4d14-b0f6-1ea7ab68d507	73513	1.0	confident	Dioon_edule:mito	Eukaryota:mito
c0661dd9-bac6-41f8-8a4f-157d8affb3b8	73513	1.0	confident	Dioon_edule:mito	Eukaryota:mito
46dafc12-4208-4ec6-8577-5c8fb027b0ab	73513	1.0	confident	Dioon_edule:mito	Eukaryota:mito
7b31fa7e-0622-497f-a657-0d8143d322df	73513	1.0	confident	Dioon_edule:mito	Eukaryota:mito
d95772b6-867a-4a8f-a273-a62df7319256	73513	1.0	confident	Dioon_edule:mito	Eukaryota:mito
6c2b6085-d571-44ed-b80b-7795de5771b4	73513	1.0	confident	Dioon_edule:mito	Eukaryota:mito
413261db-d163-44c2-ab08-867b20187652	73513	1.0	confident	Dioon_edule:mito	Eukaryota:mito
f5cd1d32-62f1-43f5-bd21-3b927a01e8c3	73513	1.0	confident	Dioon_edule:mito	Eukaryota:mito
e4150b4e-f3c2-4934-9126-e0a2d9c7498e	73513	1.0	confident	Dioon_edule:mito	Eukaryota:mito
57bcf3b6-8950-4124-89a0-8ca354c59475	73513	1.0	confident	Dioon_edule:mito	Eukaryota:mito
d419584f-1adb-46c2-851e-1a692da52de5	73513	1.0	confident	Dioon_edule:mito	Eukaryota:mito
bd072da4-eccf-4f4d-a77f-d02446ae0074	73513	1.0	confident	Dioon_edule:mito	Eukaryota:mito
983e9a49-dada-44f4-961f-d24a6fa4aba6	73513	1.0	confident	Dioon_edule:mito	Eukaryota:mito
c3227761-4070-45aa-8a86-a1f74c64de97	73513	1.0	confident	Dioon_edule:mito	Eukaryota:mito
d1088cc4-37e5-42ab-b603-b1a66e232b36	73513	1.0	confident	Dioon_edule:mito	Eukaryota:mito
7f549f99-bfe8-4359-93ed-fec7561a7bc9	73513	1.0	confident	Dioon_edule:mito	Eukaryota:mito
c5525065-fe92-471e-80b1-438c751399db	73513	1.0	confident	Dioon_edule:mito	Eukaryota:mito
f1ab7118-7f3b-40ee-872d-d2ee4fab7cbb	73513	1.0	confident	Dioon_edule:mito	Eukaryota:mito
66670ebf-7fac-4faa-8852-c96e6a6cf7d7	73513	1.0	confident	Dioon_edule:mito	Eukaryota:mito
a65a1f47-422d-42fe-b554-a573907a78b5	73513	1.0	confident	Dioon_edule:mito	Eukaryota:mito
e2fe20c8-3970-4e1b-aedc-4028a3a1acd8	73513	1.0	confident	Dioon_edule:mito	Eukaryota:mito
73498cac-d4f6-415e-b1a8-70ab207cf603	73513	1.0	confident	Dioon_edule:mito	Eukaryota:mito
0682f7d4-5b77-4d37-bec7-2cec80fc71b6	73513	1.0	confident	Dioon_edule:mito	Eukaryota:mito
fa22f6cf-4f6d-46c2-978f-a6239b0ee06e	73513	1.0	confident	Dioon_edule:mito	Eukaryota:mito
ada0ddbb-a31e-4b04-88d6-9b9fe47f92ce	73513	1.0	confident	Dioon_edule:mito	Eukaryota:mito
0c4db707-4ed8-4c79-9fea-731caf795ffa	73513	1.0	confident	Dioon_edule:mito	Eukaryota:mito
bcc314b0-d2df-4c54-9df7-3dc113570548	6722	1.0	confident	Epifagus_virginiana:plas	Eukaryota:plas
98e42209-a5a5-4079-b0fe-d3b54a521beb	73513	1.0	confident	Dioon_edule:mito	Eukaryota:mito
5a9771cd-dc32-49d7-b5ca-f2fe982bb2bd	73513	1.0	confident	Dioon_edule:mito	Eukaryota:mito
55d5ca47-0709-4b73-aedb-f4db1c953633	73513	1.0	confident	Dioon_edule:mito	Eukaryota:mito
be095efb-39bf-4e72-bc1a-8b1788bb4401	73513	1.0	confident	Dioon_edule:mito	Eukaryota:mito
83407dff-955e-4201-a0f3-c2519df7c410	73513	1.0	confident	Dioon_edule:mito	Eukaryota:mito
22f277d2-b708-4c74-b247-bd836b91ef2f	73513	1.0	confident	Dioon_edule:mito	Eukaryota:mito
8250ae6b-18ea-4a74-9d5b-5430556e8b08	73513	1.0	confident	Dioon_edule:mito	Eukaryota:mito
f57018d4-2199-4b3d-b057-1e53d4d1bcf7	73513	1.0	confident	Dioon_edule:mito	Eukaryota:mito
aba80500-892c-4088-977c-a9b319ebc32b	73513	1.0	confident	Dioon_edule:mito	Eukaryota:mito
ff819538-84e6-44c3-ab58-005c3a3b4974	73513	1.0	confident	Dioon_edule:mito	Eukaryota:mito
17b0ec3e-b3d4-4add-95c6-81de7189ddc6	73513	1.0	confident	Dioon_edule:mito	Eukaryota:mito
5d625610-e788-49e5-a044-da7fb3fc6b1d	73513	1.0	confident	Dioon_edule:mito	Eukaryota:mito
5558b910-45d8-4bbf-b4bb-9fdff20b12f1	73513	1.0	confident	Dioon_edule:mito	Eukaryota:mito
9427c573-da08-4050-b9fe-ea0543f1b2ff	73513	1.0	confident	Dioon_edule:mito	Eukaryota:mito
f0c70457-977e-474b-a8a5-892279acd4ff	73513	1.0	confident	Dioon_edule:mito	Eukaryota:mito
da0fa3c4-d32b-4285-b951-8801326f8187	73513	1.0	confident	Dioon_edule:mito	Eukaryota:mito
2bb4d960-3cda-4206-bbd5-5060768424d4	73513	1.0	confident	Dioon_edule:mito	Eukaryota:mito
13c45d9b-8447-404c-8094-d167a5a3160c	73513	1.0	confident	Dioon_edule:mito	Eukaryota:mito
eaf4332e-efdc-4674-867f-8686842b64cd	73513	1.0	confident	Dioon_edule:mito	Eukaryota:mito
fcf0350e-9896-496d-a608-991a38a29798	73513	1.0	confident	Dioon_edule:mito	Eukaryota:mito
25e2fb88-2994-4139-8010-838afc5f6e62	73513	1.0	confident	Dioon_edule:mito	Eukaryota:mito
dcf29da8-7a33-498e-aa38-a7d9c39a281a	73513	1.0	confident	Dioon_edule:mito	Eukaryota:mito
2b0500b9-bd17-4532-b703-beee644a54a7	73513	1.0	confident	Dioon_edule:mito	Eukaryota:mito
e82850b8-3db2-4cd7-871d-5c94f2fd97bc	73513	1.0	confident	Dioon_edule:mito	Eukaryota:mito
0ade5bd5-343c-41dc-8a59-2ed895e39517	73513	0.999996987489893	high	Dioon_edule:mito	Eukaryota:mito
c37c9e33-8da8-4a40-a2a7-115c3bb298c0	73513	1.0	confident	Dioon_edule:mito	Eukaryota:mito
1e2f2f39-0390-42dc-aa03-8c7b64bea54c	73513	1.0	confident	Dioon_edule:mito	Eukaryota:mito
6326915a-3024-42ac-96a9-4b1d6140687b	73513	1.0	confident	Dioon_edule:mito	Eukaryota:mito
487b0841-c2f9-4162-9c41-d40f563e25c5	73513	1.0	confident	Dioon_edule:mito	Eukaryota:mito
8bba4f70-e7a2-41cd-89d0-bae7749d8a7d	73513	1.0	confident	Dioon_edule:mito	Eukaryota:mito
364c6ae4-bd13-4fb5-822c-97aeab39e84c	73513	1.0	confident	Dioon_edule:mito	Eukaryota:mito
b393e742-75e0-4684-bb1a-bdec41e49089	73513	1.0	confident	Dioon_edule:mito	Eukaryota:mito
942b944a-4ca0-4347-a823-9445bdb55310	73513	1.0	confident	Dioon_edule:mito	Eukaryota:mito
b38eaf90-bed8-44e6-bc10-de530bb3ef4c	73513	1.0	confident	Dioon_edule:mito	Eukaryota:mito
3bedca61-d8e8-4f6f-9896-aa2b9e1f3101	73513	1.0	confident	Dioon_edule:mito	Eukaryota:mito
88838f99-45b2-4143-9846-3ab64025bb40	73513	1.0	confident	Dioon_edule:mito	Eukaryota:mito
f97d0d5b-002c-441f-ab93-d674655f9824	73513	1.0	confident	Dioon_edule:mito	Eukaryota:mito
a1a3b27f-0410-476b-b7e6-bf39c211518b	73513	1.0	confident	Dioon_edule:mito	Eukaryota:mito
6845131f-5281-4362-95d1-d5c6ec81ea67	73513	1.0	confident	Dioon_edule:mito	Eukaryota:mito
089b11ed-e5ad-48cd-82e3-f8edb96c8f5c	73513	1.0	confident	Dioon_edule:mito	Eukaryota:mito
8d886136-f19a-4d7d-ab9c-f0ef2456c49a	73513	1.0	confident	Dioon_edule:mito	Eukaryota:mito
1e56fea1-1f7f-48ea-a45a-9a2d321f4621	73513	1.0	confident	Dioon_edule:mito	Eukaryota:mito
df976afc-94fe-429b-a61b-a99b1cabd989	73513	1.0	confident	Dioon_edule:mito	Eukaryota:mito
04a95567-602d-4f20-a577-f17139dbb7bb	73513	1.0	confident	Dioon_edule:mito	Eukaryota:mito
23d921bd-96c6-43eb-aa9f-bb1330ce8db8	73513	1.0	confident	Dioon_edule:mito	Eukaryota:mito
716118b3-3581-496e-a1fc-8b7e92ec97dc	73513	1.0	confident	Dioon_edule:mito	Eukaryota:mito
1a75bce9-01d4-47f0-b04b-2db44f490b00	73513	1.0	confident	Dioon_edule:mito	Eukaryota:mito
8d8298bd-08d9-4c59-85be-ebcd86932e05	73513	1.0	confident	Dioon_edule:mito	Eukaryota:mito
155da0f0-60ff-4284-bcfd-b0f0791a77a9	73513	1.0	confident	Dioon_edule:mito	Eukaryota:mito
ab78d7aa-ecd7-4e5a-b637-45040ccff60a	73513	1.0	confident	Dioon_edule:mito	Eukaryota:mito
fbfb49a4-41f0-4aa1-a872-203a259def64	73513	1.0	confident	Dioon_edule:mito	Eukaryota:mito
60306912-64a0-45bf-8dd2-a72ec497ef06	73513	1.0	confident	Dioon_edule:mito	Eukaryota:mito
2154d653-e551-4951-a769-12d349b2170e	73513	1.0	confident	Dioon_edule:mito	Eukaryota:mito
52556cd6-7834-4745-8254-67e4ee5d48e4	73513	1.0	confident	Dioon_edule:mito	Eukaryota:mito
88950b64-8f90-4cb8-8ac7-2aba10206bfc	73513	1.0	confident	Dioon_edule:mito	Eukaryota:mito
e500fcda-255f-449a-a1b5-951e64b47101	73513	1.0	confident	Dioon_edule:mito	Eukaryota:mito
dbb0075d-391c-454a-9e5e-15f4edffb981	73513	1.0	confident	Dioon_edule:mito	Eukaryota:mito
7947e3f2-decb-4d15-bd52-953b6b59f99d	73513	1.0	confident	Dioon_edule:mito	Eukaryota:mito
b9c5fa58-50f2-4aff-bf4b-739ccb0ef28b	73513	1.0	confident	Dioon_edule:mito	Eukaryota:mito
4d7c2f26-98fd-4e79-a5ce-119d6d7950c0	73513	1.0	confident	Dioon_edule:mito	Eukaryota:mito
c22816b0-cd4f-44b0-bf49-47cda54e6257	73513	1.0	confident	Dioon_edule:mito	Eukaryota:mito
cd68aa50-c1f8-426d-87b0-1ac35aac3c65	73513	1.0	confident	Dioon_edule:mito	Eukaryota:mito
9853a5d6-d975-4782-8ae0-e1ed5466f6bd	73513	1.0	confident	Dioon_edule:mito	Eukaryota:mito
b1418f47-cb61-4fee-a6b5-522e35b8f77e	73513	1.0	confident	Dioon_edule:mito	Eukaryota:mito
8a484cf2-fd78-45f7-8a83-985eb34fa08e	73513	1.0	confident	Dioon_edule:mito	Eukaryota:mito
a28c8af5-3173-47f2-8d61-c64f4a675488	73513	1.0	confident	Dioon_edule:mito	Eukaryota:mito
2760010f-cef2-4b60-a98c-6e87285c1969	73513	1.0	confident	Dioon_edule:mito	Eukaryota:mito
b17f63db-1369-417e-8548-d838e1c618e2	73513	1.0	confident	Dioon_edule:mito	Eukaryota:mito
89dcd95f-6277-456b-898e-bd523d6159db	73513	1.0	confident	Dioon_edule:mito	Eukaryota:mito
b6f39bc4-3e03-42e5-8402-34f0193b8fb5	73513	1.0	confident	Dioon_edule:mito	Eukaryota:mito
e1d27988-3a73-4bd4-8121-635b944ee39c	73513	1.0	confident	Dioon_edule:mito	Eukaryota:mito
4711fed0-80fe-43f9-b10e-bd1902e7befa	73513	1.0	confident	Dioon_edule:mito	Eukaryota:mito
4ad0d369-c89e-4514-b798-7d3f4f7cf981	73513	1.0	confident	Dioon_edule:mito	Eukaryota:mito
92f61f8f-aa45-4690-8c68-5c1c0ac569b8	73513	1.0	confident	Dioon_edule:mito	Eukaryota:mito
cd998854-abb8-48e4-b13e-784159004c39	73513	1.0	confident	Dioon_edule:mito	Eukaryota:mito
2dd48975-3694-49f3-9337-779f9f593d60	73513	1.0	confident	Dioon_edule:mito	Eukaryota:mito
28ac898d-2f95-4b32-a261-e88340ac5c46	73513	1.0	confident	Dioon_edule:mito	Eukaryota:mito
3904ba40-a545-4944-b944-512508dda2fd	73513	1.0	confident	Dioon_edule:mito	Eukaryota:mito
950a462d-3621-436d-a650-58226318c0bf	73513	1.0	confident	Dioon_edule:mito	Eukaryota:mito
f39373c6-f700-4625-8b10-ff450d417af4	73513	1.0	confident	Dioon_edule:mito	Eukaryota:mito
ee00555e-1f16-44c0-a0ff-b801bed5ba28	73513	1.0	confident	Dioon_edule:mito	Eukaryota:mito
62ec0816-7ce1-46c9-b410-e61434254540	73513	1.0	confident	Dioon_edule:mito	Eukaryota:mito
d32869a3-b1e6-4915-b3d6-3bb6d7532eeb	73513	1.0	confident	Dioon_edule:mito	Eukaryota:mito
9711d1d8-db6b-44d3-af4b-2cfb98271a25	73513	1.0	confident	Dioon_edule:mito	Eukaryota:mito
114c9394-35e9-4c01-a5f1-29bc6d43d1cc	73513	1.0	confident	Dioon_edule:mito	Eukaryota:mito
54ff020a-f1a1-486e-8783-1e6f76a5c7e1	73513	1.0	confident	Dioon_edule:mito	Eukaryota:mito
c59564c3-a346-4da1-b2bd-45e35c94381c	73513	1.0	confident	Dioon_edule:mito	Eukaryota:mito
83633bf5-37bd-48ec-adb1-2d8ebea74d0b	73513	1.0	confident	Dioon_edule:mito	Eukaryota:mito
ef759c3c-0590-4c86-a5dd-491d6d74b345	73513	1.0	confident	Dioon_edule:mito	Eukaryota:mito
5bd36093-168c-46ba-ac10-5f61f4d58b85	73513	1.0	confident	Dioon_edule:mito	Eukaryota:mito
000f4330-18f9-40a6-833a-3ac097fbdfe3	73513	1.0	confident	Dioon_edule:mito	Eukaryota:mito
1233db03-7ad8-4140-868e-9d89ef68c5cf	73513	1.0	confident	Dioon_edule:mito	Eukaryota:mito
179d4a2f-7251-4636-afcc-3dc99477bc5f	73513	1.0	confident	Dioon_edule:mito	Eukaryota:mito
48289def-1021-4df8-b954-308c51125eb6	73513	1.0	confident	Dioon_edule:mito	Eukaryota:mito
4c6d564f-c51f-4cc7-9bb8-70ea5a3ff428	73513	1.0	confident	Dioon_edule:mito	Eukaryota:mito
7dc83bac-bd25-4d9a-ab12-795cd04fe79c	73513	1.0	confident	Dioon_edule:mito	Eukaryota:mito
467557f8-ec27-439e-ba85-30b10d459756	73513	1.0	confident	Dioon_edule:mito	Eukaryota:mito
d5145775-ec27-40aa-93e2-d44adcea61c4	73513	1.0	confident	Dioon_edule:mito	Eukaryota:mito
6287922e-e18b-4230-b80c-436ec115b219	73513	1.0	confident	Dioon_edule:mito	Eukaryota:mito
42e9e284-18f2-43a2-859a-e9a56212adfc	73513	1.0	confident	Dioon_edule:mito	Eukaryota:mito
1c7f76e0-9eb6-435d-9ee6-9fe47251d9c7	73513	1.0	confident	Dioon_edule:mito	Eukaryota:mito
955904c8-7df0-4316-aa9f-d81260244a8e	73513	1.0	confident	Dioon_edule:mito	Eukaryota:mito
3a54396e-349a-453b-94f8-162fabeb0a3f	73513	1.0	confident	Dioon_edule:mito	Eukaryota:mito
dd32bfb1-94de-4481-8e31-a1892e60d752	73513	1.0	confident	Dioon_edule:mito	Eukaryota:mito
949d97fc-c0de-418d-aabd-c77e2959aa90	73513	1.0	confident	Dioon_edule:mito	Eukaryota:mito
19810502-711e-45ef-8f69-241fd2967b9a	73513	1.0	confident	Dioon_edule:mito	Eukaryota:mito
ac82b771-e3ad-4e6f-9de0-04af91364c82	73513	1.0	confident	Dioon_edule:mito	Eukaryota:mito
37dc0b4f-b845-496c-92c6-0f246723b7c0	73513	1.0	confident	Dioon_edule:mito	Eukaryota:mito
c2f15490-0494-420f-8f8f-13ee79136009	73513	1.0	confident	Dioon_edule:mito	Eukaryota:mito
f5694f76-e569-4769-b929-553ae1031908	73513	1.0	confident	Dioon_edule:mito	Eukaryota:mito
6897b2cb-6986-4ba1-96d3-cbb24a05dd3c	73513	1.0	confident	Dioon_edule:mito	Eukaryota:mito
1d54c772-92f9-414e-8d18-88e04365ee1e	73513	1.0	confident	Dioon_edule:mito	Eukaryota:mito
07520b96-f6c5-43ee-81b9-7cfaa376f147	73513	1.0	confident	Dioon_edule:mito	Eukaryota:mito
131ecdc3-1b51-4bc5-8e34-de9d1c5d6da4	73513	1.0	confident	Dioon_edule:mito	Eukaryota:mito
3f64d99a-d2ef-426b-9720-1fea926d3251	73513	1.0	confident	Dioon_edule:mito	Eukaryota:mito
ac961f6e-7e0c-477c-906c-c16a08beb6fd	73513	1.0	confident	Dioon_edule:mito	Eukaryota:mito
b3ce81ac-a5f3-43b1-b22e-5ddc7bf5d361	73513	1.0	confident	Dioon_edule:mito	Eukaryota:mito
8751532a-7bf2-4289-b235-7cfd188dee6a	73513	1.0	confident	Dioon_edule:mito	Eukaryota:mito
3353ce0b-e8fd-464e-b4c6-a7701ef7a437	73513	1.0	confident	Dioon_edule:mito	Eukaryota:mito
0f41051b-9a5f-4add-9c4e-8323249107e4	73513	1.0	confident	Dioon_edule:mito	Eukaryota:mito
a7cb8d9b-f3c1-41ca-9f67-7e039b90e922	73513	1.0	confident	Dioon_edule:mito	Eukaryota:mito
fc745c78-0b50-40d8-afb3-4273c9081e5d	73513	1.0	confident	Dioon_edule:mito	Eukaryota:mito
98a4805f-995c-416e-aa6c-1ce485bed8fe	73513	1.0	confident	Dioon_edule:mito	Eukaryota:mito
64a2c4df-ff7d-445d-9ef2-11d2d200aa96	73513	1.0	confident	Dioon_edule:mito	Eukaryota:mito
19854d47-e2ac-46ca-b423-ab73fd874ea2	73513	1.0	confident	Dioon_edule:mito	Eukaryota:mito
655fefe4-9350-4996-b2d6-3aafcf283b16	73513	1.0	confident	Dioon_edule:mito	Eukaryota:mito
03a01a36-b66f-4de7-97a9-e533fe111b2f	73513	1.0	confident	Dioon_edule:mito	Eukaryota:mito
6e8cf803-238c-4583-9bcd-d799ba1ab676	73513	1.0	confident	Dioon_edule:mito	Eukaryota:mito
28508946-bbda-40da-87a8-d54a7e1196ff	73513	1.0	confident	Dioon_edule:mito	Eukaryota:mito
535c6dd9-def9-4ff8-9ea7-8328f37558c9	73513	1.0	confident	Dioon_edule:mito	Eukaryota:mito
9b72f618-96c5-4e87-a846-e542494e1494	73513	1.0	confident	Dioon_edule:mito	Eukaryota:mito
6cef9ab2-67a8-4de7-98fe-4c79530b21cd	73513	1.0	confident	Dioon_edule:mito	Eukaryota:mito
909c4c44-9f66-4b0c-9a01-5c0f2a57ce75	73513	1.0	confident	Dioon_edule:mito	Eukaryota:mito
f9244411-ba06-4db7-9d46-aa744cbf061d	73513	1.0	confident	Dioon_edule:mito	Eukaryota:mito
babdaa64-2c21-4f39-815e-df566be2f972	73513	1.0	confident	Dioon_edule:mito	Eukaryota:mito
f9f1e69a-145e-4192-9885-3ef6488f67f6	73513	1.0	confident	Dioon_edule:mito	Eukaryota:mito
b2d73ecd-2211-4786-a977-eccaac2b416b	73513	1.0	confident	Dioon_edule:mito	Eukaryota:mito
ddb958c7-c7e3-433e-9823-cfaea06472c4	73513	1.0	confident	Dioon_edule:mito	Eukaryota:mito
21610eb8-8adb-4d9a-95ec-08b5be538c22	73513	1.0	confident	Dioon_edule:mito	Eukaryota:mito
0c11cbc4-54a5-423f-8a2e-59b1a0d18209	73513	1.0	confident	Dioon_edule:mito	Eukaryota:mito
ad0782ba-b390-4a1f-b1f4-07fee120ab3b	73513	1.0	confident	Dioon_edule:mito	Eukaryota:mito
811ac705-51a9-40a8-83ce-91cfe0115708	73513	1.0	confident	Dioon_edule:mito	Eukaryota:mito
f1a776b3-d877-4026-8e39-f1ac900dd549	73513	1.0	confident	Dioon_edule:mito	Eukaryota:mito
4befb88f-805b-4cf0-8645-98172c0d8dfd	73513	1.0	confident	Dioon_edule:mito	Eukaryota:mito
0906f033-e2f4-4194-a015-d664903af9cb	73513	1.0	confident	Dioon_edule:mito	Eukaryota:mito
a77d3d91-64d6-46a8-88c3-d0c0903b3b0d	73513	1.0	confident	Dioon_edule:mito	Eukaryota:mito
4786a6b8-bf65-4622-b698-f3e36057c8ab	73513	1.0	confident	Dioon_edule:mito	Eukaryota:mito
4c5742d9-811a-4715-9763-c136e8d3baab	73513	1.0	confident	Dioon_edule:mito	Eukaryota:mito
63dbaf81-3a7f-4243-93c0-50b0b8bacae5	73513	1.0	confident	Dioon_edule:mito	Eukaryota:mito
736f7c80-bce9-4fae-bbbb-97c8b2405217	73513	1.0	confident	Dioon_edule:mito	Eukaryota:mito
c98e49fb-2046-4570-8dd6-65a8c885a629	73513	1.0	confident	Dioon_edule:mito	Eukaryota:mito
48921f30-b433-4c8f-ae85-439876d40c49	73513	1.0	confident	Dioon_edule:mito	Eukaryota:mito
2ed5d3a8-6027-4456-8c81-8fb46209ba06	73513	1.0	confident	Dioon_edule:mito	Eukaryota:mito
fd34de46-e422-4852-bb39-88ff95a664dc	73513	1.0	confident	Dioon_edule:mito	Eukaryota:mito
5f397182-3924-4f79-a2be-cf2fd959e067	73513	1.0	confident	Dioon_edule:mito	Eukaryota:mito
9de0447c-7965-4ca9-9eb6-625d80ade353	73513	1.0	confident	Dioon_edule:mito	Eukaryota:mito
5dcb78a9-b782-48ea-983d-a2b39b4d6ca7	73513	1.0	confident	Dioon_edule:mito	Eukaryota:mito
4f621192-d698-4282-9581-76d48874a51d	73513	1.0	confident	Dioon_edule:mito	Eukaryota:mito
e99fba2a-2cfe-42bc-bdda-ae5f327192d8	73513	1.0	confident	Dioon_edule:mito	Eukaryota:mito
d3bb61fe-0e82-46d0-b26b-0000fa228308	73513	1.0	confident	Dioon_edule:mito	Eukaryota:mito
91c58f5a-8f6a-4396-a0c6-840cb308b19c	73513	1.0	confident	Dioon_edule:mito	Eukaryota:mito
f3e6bfc9-29b5-4204-aef3-213c21353087	73513	1.0	confident	Dioon_edule:mito	Eukaryota:mito
7ca4332d-eef8-4e5c-ada8-6ad01559cee8	73513	1.0	confident	Dioon_edule:mito	Eukaryota:mito
8149d04c-3c3c-4a03-867c-b0479f4eacc3	73513	1.0	confident	Dioon_edule:mito	Eukaryota:mito
38c513dd-8723-443f-bc1f-4d812a878f16	73513	1.0	confident	Dioon_edule:mito	Eukaryota:mito
c2281b2b-8b96-4ad3-aab2-ededf1d5527e	73513	1.0	confident	Dioon_edule:mito	Eukaryota:mito
f9665781-1d5d-469e-8673-31cf1f02e7b9	73513	1.0	confident	Dioon_edule:mito	Eukaryota:mito
e034a378-bb04-46ff-a26b-897983031681	73513	1.0	confident	Dioon_edule:mito	Eukaryota:mito
9d5f714c-bbbe-4978-a643-3c0d7d37a697	73513	1.0	confident	Dioon_edule:mito	Eukaryota:mito
5e8d4a1b-50a9-42ea-82ac-9b138052dfcc	73513	1.0	confident	Dioon_edule:mito	Eukaryota:mito
ae2ab700-8881-4b38-a419-da9e12435103	73513	1.0	confident	Dioon_edule:mito	Eukaryota:mito
a12df348-7505-40b3-ba9c-29493a1b95c9	73513	1.0	confident	Dioon_edule:mito	Eukaryota:mito
4b52f0af-b3f6-497c-ab82-315e42b93b2c	73513	1.0	confident	Dioon_edule:mito	Eukaryota:mito
212bf08a-a3e4-470d-baf3-b1ebf7a43c92	73513	1.0	confident	Dioon_edule:mito	Eukaryota:mito
ec4e8bc7-d09a-44bd-ab9d-082a05dbd21d	73513	1.0	confident	Dioon_edule:mito	Eukaryota:mito
fa9e9cec-fa56-4bf9-b4ad-f3176b209766	73513	1.0	confident	Dioon_edule:mito	Eukaryota:mito
148d6563-5409-4777-bbc3-a78e5c809137	73513	1.0	confident	Dioon_edule:mito	Eukaryota:mito
497e47a5-8435-4cfe-9a14-399ae6403b69	73513	1.0	confident	Dioon_edule:mito	Eukaryota:mito
d6375400-f482-4834-9f9e-938e5ba02b72	73513	1.0	confident	Dioon_edule:mito	Eukaryota:mito
820ce45f-0285-4ae1-af3d-315ba9e00eaf	73513	1.0	confident	Dioon_edule:mito	Eukaryota:mito
18b2c624-0f41-4339-9775-d490f897763b	73513	1.0	confident	Dioon_edule:mito	Eukaryota:mito
649127df-5670-4970-9fdf-7f72f0b2fe0c	73513	1.0	confident	Dioon_edule:mito	Eukaryota:mito
e8b29433-484c-4156-a960-1540f0e7063e	73513	1.0	confident	Dioon_edule:mito	Eukaryota:mito
3606beb6-569d-481c-b3f3-d902ff2095f5	73513	1.0	confident	Dioon_edule:mito	Eukaryota:mito
4fa1eaaa-10f7-4306-a49c-e0232816ba84	73513	1.0	confident	Dioon_edule:mito	Eukaryota:mito
7f5c6474-2063-47f0-bf94-ed038bb16f68	73513	1.0	confident	Dioon_edule:mito	Eukaryota:mito
e847aad0-3961-498c-80be-df5861191e26	73513	1.0	confident	Dioon_edule:mito	Eukaryota:mito
61b640b8-4c58-43a5-b391-d769f5897f5a	73513	1.0	confident	Dioon_edule:mito	Eukaryota:mito
a4aa25bd-ebf7-4ebe-8323-2253a773e38f	73513	1.0	confident	Dioon_edule:mito	Eukaryota:mito
a4d31373-41a6-4961-b897-39b591b8aea9	73513	1.0	confident	Dioon_edule:mito	Eukaryota:mito
e46421af-d165-480f-9b49-27b5d1df1bb9	73513	1.0	confident	Dioon_edule:mito	Eukaryota:mito
b3c1b813-b609-4bd9-8846-0e161644f258	73513	1.0	confident	Dioon_edule:mito	Eukaryota:mito
1cd598c7-6503-4cbf-aade-3eb98ba8cbcb	73513	1.0	confident	Dioon_edule:mito	Eukaryota:mito
cfaadf34-fc90-4fbf-bd17-7b156e7cffe8	73513	1.0	confident	Dioon_edule:mito	Eukaryota:mito
be107fac-6659-492e-ae12-12f4fd87fd45	10159	1.0	confident	Rhodomonas_salina:plas	Eukaryota:plas
6b7bd54c-4cf1-4f51-a99f-60100e8e0df8	73513	1.0	confident	Dioon_edule:mito	Eukaryota:mito
848dadb0-dfdf-4b8b-a23e-089c23e5b7ef	73513	1.0	confident	Dioon_edule:mito	Eukaryota:mito
3872d902-c4fc-4643-8eb8-a02d0832ca39	73513	1.0	confident	Dioon_edule:mito	Eukaryota:mito
d680dae7-65f9-4d05-aca2-521c12b3be76	73513	1.0	confident	Dioon_edule:mito	Eukaryota:mito
a5eafa6f-c065-4fd9-87e3-a801938bfac1	73513	1.0	confident	Dioon_edule:mito	Eukaryota:mito
67e35a6c-88d2-46f1-ae33-8766da9447f2	73513	1.0	confident	Dioon_edule:mito	Eukaryota:mito
125d7dfd-ba51-4cf7-ac2f-90de17493b37	73513	1.0	confident	Dioon_edule:mito	Eukaryota:mito
0442dd26-5035-4f11-ac57-460b844fe144	73513	1.0	confident	Dioon_edule:mito	Eukaryota:mito
e78f9cc3-959b-41a7-b51d-c019042444ad	73513	1.0	confident	Dioon_edule:mito	Eukaryota:mito
633171eb-91e2-4753-b096-4ba3a2931eae	73513	1.0	confident	Dioon_edule:mito	Eukaryota:mito
6bc2ecaf-02c4-472d-88a7-b6dd265c4be6	73513	1.0	confident	Dioon_edule:mito	Eukaryota:mito
c7a08778-a638-4ea1-bcc3-06359eef0579	73513	1.0	confident	Dioon_edule:mito	Eukaryota:mito
b41cd413-1aff-4bf1-b1f3-8ece4c6d28ef	73513	1.0	confident	Dioon_edule:mito	Eukaryota:mito
851803e5-b2d0-47b1-a96d-ea8ccaee5fb7	73513	1.0	confident	Dioon_edule:mito	Eukaryota:mito
7ec864cd-c695-48b7-a8ab-f684baa4217b	73513	1.0	confident	Dioon_edule:mito	Eukaryota:mito
e1f96cb6-5df6-444c-ad7d-8dcc7c114678	73513	1.0	confident	Dioon_edule:mito	Eukaryota:mito
e8d86dac-8fa7-42af-8e5c-0240294dec43	73513	1.0	confident	Dioon_edule:mito	Eukaryota:mito
a11dd31a-5a4e-4c18-b0a9-04f1b5461753	73513	1.0	confident	Dioon_edule:mito	Eukaryota:mito
0affbb61-d6c9-4335-bac4-608e182feaeb	73513	1.0	confident	Dioon_edule:mito	Eukaryota:mito
9af6c08b-2bd1-4728-9424-48b213d7d56d	73513	1.0	confident	Dioon_edule:mito	Eukaryota:mito
291b5eb9-bec1-490b-9a97-6b545966bca7	73513	1.0	confident	Dioon_edule:mito	Eukaryota:mito
86843aa8-552e-4b08-b9c1-ff3ec48dbb94	73513	1.0	confident	Dioon_edule:mito	Eukaryota:mito
9e15e5fa-0085-40cc-9d48-dda9cc739770	73513	1.0	confident	Dioon_edule:mito	Eukaryota:mito
dc542365-f201-4e1b-b80d-265fadb09852	73513	1.0	confident	Dioon_edule:mito	Eukaryota:mito
4a05138b-0486-4c89-a56f-e04499654421	73513	1.0	confident	Dioon_edule:mito	Eukaryota:mito
df61232b-abca-4407-90f5-d7a180b68f06	73513	1.0	confident	Dioon_edule:mito	Eukaryota:mito
a7ddd65c-e2f0-4d0b-98d5-04d20cd3fa65	73513	1.0	confident	Dioon_edule:mito	Eukaryota:mito
3eb0c20f-ced3-46b1-84f2-b78b41fa9741	73513	1.0	confident	Dioon_edule:mito	Eukaryota:mito
6eb0cf4c-7159-497f-b753-bb88a45896bb	73513	1.0	confident	Dioon_edule:mito	Eukaryota:mito
7469f487-0ade-4607-a1ad-f3fdc21fd833	73513	1.0	confident	Dioon_edule:mito	Eukaryota:mito
ccce3401-7521-4b39-a122-7dd78b09b001	73513	1.0	confident	Dioon_edule:mito	Eukaryota:mito
49be9430-f93b-4166-b539-51d1a086efbf	73513	1.0	confident	Dioon_edule:mito	Eukaryota:mito
4d5c8bc8-b7d5-4244-a516-ccd667a11bde	73513	1.0	confident	Dioon_edule:mito	Eukaryota:mito
c26a2c72-aff3-43f8-8d98-10d300f0eb45	73513	1.0	confident	Dioon_edule:mito	Eukaryota:mito
8b477e44-ef9a-4163-a06f-305c26578385	73513	1.0	confident	Dioon_edule:mito	Eukaryota:mito
767a9a7c-37ed-4870-a732-a42958b403fd	73513	1.0	confident	Dioon_edule:mito	Eukaryota:mito
a429d64a-01d5-4748-b50c-d01d6ef33e64	73513	1.0	confident	Dioon_edule:mito	Eukaryota:mito
2c91e189-d616-4902-8570-c341cc361105	73513	1.0	confident	Dioon_edule:mito	Eukaryota:mito
0a488959-e180-4acd-88fe-b4b67e7903e5	73513	1.0	confident	Dioon_edule:mito	Eukaryota:mito
db2f8cbb-3825-48f0-b5b8-f7a50813cc47	73513	1.0	confident	Dioon_edule:mito	Eukaryota:mito
a12211f1-f42a-42c7-bac1-604f719bcfa7	73513	1.0	confident	Dioon_edule:mito	Eukaryota:mito
1c6e13fa-c99d-42bc-9b44-e95b9d446182	73513	1.0	confident	Dioon_edule:mito	Eukaryota:mito
61118d70-b352-4847-8f7c-4d1ff6d3080f	73513	1.0	confident	Dioon_edule:mito	Eukaryota:mito
ea2d58a6-afb5-4aab-8281-df20f8c5a849	73513	1.0	confident	Dioon_edule:mito	Eukaryota:mito
4901f609-d350-405c-a315-925f15e49173	73513	1.0	confident	Dioon_edule:mito	Eukaryota:mito
b56f3148-4e56-48aa-adea-40842fad68c6	73513	1.0	confident	Dioon_edule:mito	Eukaryota:mito
df2d11dd-0f1a-4e71-aa78-78ad45a6904c	73513	1.0	confident	Dioon_edule:mito	Eukaryota:mito
65fb1264-04e7-4994-8bde-9c1aa075f604	73513	1.0	confident	Dioon_edule:mito	Eukaryota:mito
e4f7557b-b8b0-404a-a806-686e2154da4d	73513	1.0	confident	Dioon_edule:mito	Eukaryota:mito
e1715e43-9614-4d6a-a280-efd5af129b76	73513	1.0	confident	Dioon_edule:mito	Eukaryota:mito
ecef1417-f582-496a-916b-158b3b6c4a56	73513	1.0	confident	Dioon_edule:mito	Eukaryota:mito
d898a6e4-a8dd-45d2-b17c-072c7ac17494	73513	1.0	confident	Dioon_edule:mito	Eukaryota:mito
b9cc43bf-6d3a-4dd6-9fea-98ff771f09d1	10159	1.0	confident	Rhodomonas_salina:plas	Eukaryota:plas
adc609e2-9352-49ee-acc9-4ae14c65b815	73513	1.0	confident	Dioon_edule:mito	Eukaryota:mito
1faed065-8f4a-4326-aa65-622219e6f6e6	73513	1.0	confident	Dioon_edule:mito	Eukaryota:mito
b56b6587-07fc-46dc-8067-e91a99bbd8e2	73513	1.0	confident	Dioon_edule:mito	Eukaryota:mito
2b65b656-55b6-417b-b2fa-48155b1b6544	73513	1.0	confident	Dioon_edule:mito	Eukaryota:mito
f74c511c-9d16-42cd-853a-80c7cec47b0e	73513	1.0	confident	Dioon_edule:mito	Eukaryota:mito
1e525899-a22e-4cd9-af4e-bff8402b31d3	73513	1.0	confident	Dioon_edule:mito	Eukaryota:mito
33f7fdca-e1e6-4bb3-8a67-ed76e4f5197e	73513	1.0	confident	Dioon_edule:mito	Eukaryota:mito
4758ab0d-3166-400e-bebc-6c485e8225a8	73513	1.0	confident	Dioon_edule:mito	Eukaryota:mito
46517042-04e0-4e2f-b986-d02a537353b8	73513	1.0	confident	Dioon_edule:mito	Eukaryota:mito
7feb4e06-2f26-460e-a3d9-b45fe52b0109	73513	1.0	confident	Dioon_edule:mito	Eukaryota:mito
19eb3b2b-4956-4eb4-9340-23f3a2ce05b5	73513	1.0	confident	Dioon_edule:mito	Eukaryota:mito
45687dac-282b-4628-92a8-676beadb4808	73513	1.0	confident	Dioon_edule:mito	Eukaryota:mito
7500a548-74a3-464f-8e7c-19ac499ead40	73513	1.0	confident	Dioon_edule:mito	Eukaryota:mito
f5ca61e2-a80d-4df6-b7f0-f79dea83b622	73513	1.0	confident	Dioon_edule:mito	Eukaryota:mito
ce6bbbf8-7d2d-4e9c-8cfa-aa114a5ca3a7	73513	1.0	confident	Dioon_edule:mito	Eukaryota:mito
a83c3d0f-105f-48b3-8a20-095a44943a1a	73513	1.0	confident	Dioon_edule:mito	Eukaryota:mito
a17d5ab3-bc9f-459e-b85d-bf3749eee492	73513	1.0	confident	Dioon_edule:mito	Eukaryota:mito
2417fdd6-823a-405b-ac86-da3efd113581	73513	1.0	confident	Dioon_edule:mito	Eukaryota:mito
3f6a33a4-c2ab-4c65-9e40-c87b97bcc883	73513	1.0	confident	Dioon_edule:mito	Eukaryota:mito
48fda8d1-1167-4ae7-9fec-3d2e0ab86482	73513	1.0	confident	Dioon_edule:mito	Eukaryota:mito
e48ee68f-3056-4ce8-bd3e-7ebd0e1204ef	73513	1.0	confident	Dioon_edule:mito	Eukaryota:mito
77c0dfdd-beeb-4672-81c2-7cda9d388338	73513	1.0	confident	Dioon_edule:mito	Eukaryota:mito
4875809e-2c57-4641-99a6-f93bb45d1eeb	73513	1.0	confident	Dioon_edule:mito	Eukaryota:mito
59ffe24c-a783-44bb-b539-32411c6fe073	73513	1.0	confident	Dioon_edule:mito	Eukaryota:mito
b127014e-2079-41e7-a493-533501d2536c	73513	1.0	confident	Dioon_edule:mito	Eukaryota:mito
6512f054-de50-4a53-a06f-1c1df6e30265	73513	1.0	confident	Dioon_edule:mito	Eukaryota:mito
dcde7433-f9c2-45bf-a0ff-ff1b42b2f7a2	73513	1.0	confident	Dioon_edule:mito	Eukaryota:mito
eac4d7b1-350d-46c5-b2c4-9d18006dcf3f	73513	1.0	confident	Dioon_edule:mito	Eukaryota:mito
9b5572f1-0b3c-408b-9d75-e3a041ff1495	73513	1.0	confident	Dioon_edule:mito	Eukaryota:mito
bfe63cab-7329-490b-a262-ed3425068fa8	73513	1.0	confident	Dioon_edule:mito	Eukaryota:mito
f82318ba-752c-4552-9070-1fcc1b033f47	73513	1.0	confident	Dioon_edule:mito	Eukaryota:mito
a75c7c65-e2fc-4449-814e-6a66ff016c22	73513	1.0	confident	Dioon_edule:mito	Eukaryota:mito
16272349-049e-4683-9158-c220dcb10663	73513	1.0	confident	Dioon_edule:mito	Eukaryota:mito
f8b413a4-14bd-4d8e-a28a-fb25f9fe576c	73513	1.0	confident	Dioon_edule:mito	Eukaryota:mito
82e2dafe-c75f-4d7b-97bb-c45fd8ec583f	73513	1.0	confident	Dioon_edule:mito	Eukaryota:mito
e04a8d6e-cf03-4a93-acf3-6e8c7997f800	73513	1.0	confident	Dioon_edule:mito	Eukaryota:mito
0bed9881-bff9-4357-847d-35ab039963ed	73513	1.0	confident	Dioon_edule:mito	Eukaryota:mito
3ad7ff87-6f09-4450-b62c-1c992f5e0ed3	6722	0.9996309532247764	high	Epifagus_virginiana:plas	Eukaryota:plas
9708e079-5d65-45ab-a95d-467f5e045d3b	73513	1.0	confident	Dioon_edule:mito	Eukaryota:mito
bc18c231-8fd8-49d1-b1ca-7c9e9ef144f6	73513	1.0	confident	Dioon_edule:mito	Eukaryota:mito
43534ee5-8c3a-47e0-9490-22da353ed2fb	73513	1.0	confident	Dioon_edule:mito	Eukaryota:mito
22df494b-a511-4f7d-8f70-30e41a0ede8a	73513	1.0	confident	Dioon_edule:mito	Eukaryota:mito
6bc13f0d-f782-4f2e-97a2-eda8758dfcdc	73513	1.0	confident	Dioon_edule:mito	Eukaryota:mito
9b00471c-8d83-4b12-baf8-dc2ab36ce404	73513	1.0	confident	Dioon_edule:mito	Eukaryota:mito
18294d63-61b6-4a70-b5dc-c4100bdd546c	73513	1.0	confident	Dioon_edule:mito	Eukaryota:mito
45c22a05-0284-4a81-912d-c9449c7f816c	73513	1.0	confident	Dioon_edule:mito	Eukaryota:mito
c51f2922-acd2-4524-80c1-af8a3aac4c57	73513	1.0	confident	Dioon_edule:mito	Eukaryota:mito
211fba91-b346-4d32-8ffc-cbc6a8372a2d	73513	1.0	confident	Dioon_edule:mito	Eukaryota:mito
01ea6419-d278-4620-8a52-fcc0da7f3fd5	73513	1.0	confident	Dioon_edule:mito	Eukaryota:mito
1905f33e-016e-4b04-9864-91af137c0d0a	73513	1.0	confident	Dioon_edule:mito	Eukaryota:mito
0df24616-f4d0-46a7-adcd-accac99c3731	73513	1.0	confident	Dioon_edule:mito	Eukaryota:mito
cde2d502-357e-4a55-88a4-34be8cfbe1ef	73513	1.0	confident	Dioon_edule:mito	Eukaryota:mito
157d1077-458f-40c5-86ee-3da1dba64949	73513	1.0	confident	Dioon_edule:mito	Eukaryota:mito
15f45044-ede2-4d21-97b1-d610af7594a2	73513	1.0	confident	Dioon_edule:mito	Eukaryota:mito
24a22299-3c5a-46ca-93ac-1c7367d0bac5	73513	1.0	confident	Dioon_edule:mito	Eukaryota:mito
637ccb19-230c-413f-90df-43cedc5a95be	73513	1.0	confident	Dioon_edule:mito	Eukaryota:mito
a8234b04-602d-49a0-809a-b5e84c0df7a1	73513	1.0	confident	Dioon_edule:mito	Eukaryota:mito
048156ab-aa63-46f7-ab0a-fae89607c5b9	10159	1.0	confident	Rhodomonas_salina:plas	Eukaryota:plas
f82a287a-1b62-4cf5-811c-400a38daf6b2	10159	1.0	confident	Rhodomonas_salina:plas	Eukaryota:plas
f482389c-431b-4a6f-939a-f4699f288ea1	6722	1.0	confident	Epifagus_virginiana:plas	Eukaryota:plas
6fec023e-d636-46f0-b093-6f53ac956e58	6722	1.0	confident	Epifagus_virginiana:plas	Eukaryota:plas
17f2563e-c6be-4011-86c4-0c5663af103b	6722	1.0	confident	Epifagus_virginiana:plas	Eukaryota:plas
30344225-dbaa-4416-866e-fa09092d642d	6722	1.0	confident	Epifagus_virginiana:plas	Eukaryota:plas
2bc08d05-b546-403d-b559-023db7881827	10159	1.0	confident	Rhodomonas_salina:plas	Eukaryota:plas
69ab9394-ab2c-4326-9c55-856b422097cf	6722	1.0	confident	Epifagus_virginiana:plas	Eukaryota:plas
79cb5e19-eb23-4493-b267-caa9e1985dcf	6722	1.0	confident	Epifagus_virginiana:plas	Eukaryota:plas
7a314d7e-a8e7-4de3-81d0-4b296565519b	10159	1.0	confident	Rhodomonas_salina:plas	Eukaryota:plas
7e1527ff-fe78-4091-a415-5d6254a7971d	6722	1.0	confident	Epifagus_virginiana:plas	Eukaryota:plas
c62fd265-0ecb-43a3-89bc-539663244cca	6722	1.0	confident	Epifagus_virginiana:plas	Eukaryota:plas
96fa57ba-0ff0-4cf3-8cc2-0577859cbc99	6722	1.0	confident	Epifagus_virginiana:plas	Eukaryota:plas
343e61a2-554a-478d-9480-ac1c4fcdebe5	6722	1.0	confident	Epifagus_virginiana:plas	Eukaryota:plas
8587d6e6-a104-49a7-acad-0ba59dea9d77	10159	1.0	confident	Rhodomonas_salina:plas	Eukaryota:plas
c6f63025-8285-4f26-b0de-e22fe027a065	10159	1.0	confident	Rhodomonas_salina:plas	Eukaryota:plas
69a6c67c-0463-4303-b037-f2f3665f3ee4	6722	1.0	confident	Epifagus_virginiana:plas	Eukaryota:plas
5b2d3d9f-ae51-4473-a2cb-f4802fff851e	6722	1.0	confident	Epifagus_virginiana:plas	Eukaryota:plas
0c0695cf-90aa-47c9-84c4-dc21665075ea	10159	1.0	confident	Rhodomonas_salina:plas	Eukaryota:plas
8804b4df-6bf7-4960-b105-dcccf113eebd	6722	1.0	confident	Epifagus_virginiana:plas	Eukaryota:plas
03e1a9e6-6549-4809-9321-2f86b8ff1b44	6722	1.0	confident	Epifagus_virginiana:plas	Eukaryota:plas
418af8e4-29d6-4dd3-81e7-1ac2fbd053b2	10159	1.0	confident	Rhodomonas_salina:plas	Eukaryota:plas
55ef65e0-bf00-4e8d-8158-87d068770ca0	6722	1.0	confident	Epifagus_virginiana:plas	Eukaryota:plas
afdf69ee-2191-46ab-a2ce-9bea72da0988	72724	1.0	confident	Singulisphaera_sp.	Bacteria
0be6f00a-22e2-4e9d-ad84-144ecd9f241c	72724	1.0	confident	Singulisphaera_sp.	Bacteria
1631dffe-1dc6-4b49-9e1b-c58c96b12082	72724	1.0	confident	Singulisphaera_sp.	Bacteria
95d50126-3afc-4de5-9f4a-f7d3456a8cb2	72724	1.0	confident	Singulisphaera_sp.	Bacteria
a27b5fbd-52d3-4ec9-bb6e-739fc38be00c	72724	1.0	confident	Singulisphaera_sp.	Bacteria
3313ac99-6d37-4636-894b-309b5ebc41e0	72724	1.0	confident	Singulisphaera_sp.	Bacteria
6e3db6ec-3221-4508-a452-4c4d0e20da65	72724	1.0	confident	Singulisphaera_sp.	Bacteria
758d97c4-6e33-4709-a9b5-aca12f3fe1d1	72724	1.0	confident	Singulisphaera_sp.	Bacteria
79cd4aaf-8a6c-4209-94aa-b2fa215752c7	72724	1.0	confident	Singulisphaera_sp.	Bacteria
b3b560ed-b4b4-4633-8d7d-6b1700f29dbc	72724	1.0	confident	Singulisphaera_sp.	Bacteria
430cf46e-1a61-4bb6-a529-a1dc2af4dd87	72724	1.0	confident	Singulisphaera_sp.	Bacteria
0ab54f69-9480-4683-8259-3cc88ed5b92f	72724	1.0	confident	Singulisphaera_sp.	Bacteria
993130a1-ab4d-4020-9e0f-86d6e9f6d5e0	72724	1.0	confident	Singulisphaera_sp.	Bacteria
9fc01f15-7ce4-4983-840b-c484192a9084	72724	1.0	confident	Singulisphaera_sp.	Bacteria
32cc537e-24a5-4921-955c-05c7a66c61b4	72724	1.0	confident	Singulisphaera_sp.	Bacteria
062556bc-f52e-46ad-8b17-b6298ef603c8	72724	1.0	confident	Singulisphaera_sp.	Bacteria
30ad9cd6-9ed6-4d96-9139-82dacbdbb50a	72724	1.0	confident	Singulisphaera_sp.	Bacteria
153dfa9f-156b-4e56-8220-9a587b287f84	72724	1.0	confident	Singulisphaera_sp.	Bacteria
b4c49750-5877-4a36-9f6a-34b2ca045e1c	72724	1.0	confident	Singulisphaera_sp.	Bacteria
8c7f7c60-53eb-40d4-b348-840f562b8efd	72724	1.0	confident	Singulisphaera_sp.	Bacteria
4d2078ee-b5fd-45f9-9b1f-ef84c9946483	72724	1.0	confident	Singulisphaera_sp.	Bacteria
d50962dc-9469-4216-b8f7-0c564cbbd34e	72724	1.0	confident	Singulisphaera_sp.	Bacteria
305a262e-83c4-4d36-946c-a4422b90fede	72724	1.0	confident	Singulisphaera_sp.	Bacteria
23fa956e-fe3b-41f7-b3e9-07ef01db9c32	72724	1.0	confident	Singulisphaera_sp.	Bacteria
070a775f-16ad-4741-8fb9-15c761ee40c2	72724	1.0	confident	Singulisphaera_sp.	Bacteria
a78e62e3-acc1-4def-9eac-6bf0457225cc	72724	1.0	confident	Singulisphaera_sp.	Bacteria
bcdd678a-3122-40bb-9810-e9d35f5fb963	72724	1.0	confident	Singulisphaera_sp.	Bacteria
c63cd0b8-8a51-436e-a1ef-074d4c253c8c	72724	1.0	confident	Singulisphaera_sp.	Bacteria
686e38c2-cd32-4a3e-ae37-39e83967b699	72724	1.0	confident	Singulisphaera_sp.	Bacteria
29c22f35-d4c0-4d2e-8457-01685c90d9cc	72724	1.0	confident	Singulisphaera_sp.	Bacteria
20f373cb-0662-42b7-93f5-657ba7e11ff0	72724	1.0	confident	Singulisphaera_sp.	Bacteria
5449f89d-ee3c-47be-a184-41edce6ac4be	72724	1.0	confident	Singulisphaera_sp.	Bacteria
56e9c09f-8f5e-4a2f-90f4-0ce06ef93ac1	72724	1.0	confident	Singulisphaera_sp.	Bacteria
b572ada3-842b-49a0-b659-af88d4b0d94d	72724	1.0	confident	Singulisphaera_sp.	Bacteria
03e36f5c-695a-48a9-bc55-427e21826ef6	72724	1.0	confident	Singulisphaera_sp.	Bacteria
302ce99b-628a-41d2-87a9-0a6fed0290ed	72724	1.0	confident	Singulisphaera_sp.	Bacteria
05354f8c-39fc-40db-941c-e7d1e3de6da3	72724	1.0	confident	Singulisphaera_sp.	Bacteria
972af1b9-fdd2-4414-bddc-642329f4e6c8	72724	1.0	confident	Singulisphaera_sp.	Bacteria
f504d676-3cba-4837-8cc2-012844b8d542	72724	1.0	confident	Singulisphaera_sp.	Bacteria
f51392de-b1c3-4b85-8c47-8faef66c16ed	72724	1.0	confident	Singulisphaera_sp.	Bacteria
9a644421-7f94-4198-bc63-3f108a9b3c2f	72724	1.0	confident	Singulisphaera_sp.	Bacteria
72de9243-8bfe-4b40-80c0-d901329e2137	72724	1.0	confident	Singulisphaera_sp.	Bacteria
ffabafc4-5ce1-4942-9608-f20a4abb9930	72724	1.0	confident	Singulisphaera_sp.	Bacteria
a01bf076-e105-494c-816c-7c57685595bf	72724	1.0	confident	Singulisphaera_sp.	Bacteria
2b7f5db5-9e7b-457c-a06b-3ca4453ca6c1	72724	1.0	confident	Singulisphaera_sp.	Bacteria
9634d116-57cd-421d-935e-6df46b68d75b	72724	1.0	confident	Singulisphaera_sp.	Bacteria
7754c46f-6a3d-4516-954d-d639931b28cb	72724	1.0	confident	Singulisphaera_sp.	Bacteria
bd067a8f-0ea1-4074-b11b-549c516e6272	72724	1.0	confident	Singulisphaera_sp.	Bacteria
1a6feeef-dc11-4296-8393-6346bd046c93	72724	1.0	confident	Singulisphaera_sp.	Bacteria
1f2330c5-d771-4f1a-88c4-aad3d9f5ac0c	72724	1.0	confident	Singulisphaera_sp.	Bacteria
5b535c5a-4d1d-40d0-b5c7-96262f222f87	72724	1.0	confident	Singulisphaera_sp.	Bacteria
848f6027-d7ef-4446-82b3-cfe1a8b35745	111143	0.900985278787563	high	Alishewanella fetalis	Bacteria
8d6400f8-e579-428c-ad37-59df5acf2328	545533	0.5834157570222314	medium	Alishewanella jeotgali	Bacteria
1d19fe03-8e38-4b85-824e-b6c2bef915e2	111143	0.9999711632723588	high	Alishewanella fetalis	Bacteria
58332238-20c6-4eca-8232-5254d4592e5a	111143	0.9998985757589258	high	Alishewanella fetalis	Bacteria
b8e8f6e0-0116-4759-bbf2-cea117a9ca4d	111143	0.9999711632723588	high	Alishewanella fetalis	Bacteria
b4ece13c-b160-45d5-8acb-19258d15fca5	111143	0.999897331844446	high	Alishewanella fetalis	Bacteria
de5ad893-6981-4e4e-82fd-660153e3bba7	111143	0.9986999529148052	high	Alishewanella fetalis	Bacteria
6acb82b9-eda5-4399-b17d-2e97d24594c4	111143	0.9986999529148052	high	Alishewanella fetalis	Bacteria
3d94b104-ca36-40c7-b847-9f2bb13f9634	111143	0.9986999529148052	high	Alishewanella fetalis	Bacteria
133b0fa6-08a2-442d-81ce-c34bdf2a351a	111143	0.9986999529148052	high	Alishewanella fetalis	Bacteria
ed522b40-8ac5-4775-a74f-e8a847f502dd	111143	0.9986999529148052	high	Alishewanella fetalis	Bacteria
7c4e87b1-6f46-48e0-8e71-834b171e96f1	111143	0.9986999529148052	high	Alishewanella fetalis	Bacteria
62acc9ff-41d2-4957-a7df-ba759d82a16c	111143	0.9986999529148052	high	Alishewanella fetalis	Bacteria
474287b2-7ec4-4733-b3fb-b1cf9a90ed69	111143	0.995393030732259	high	Alishewanella fetalis	Bacteria
034547ce-ba34-49f3-a7c6-51713f7069ee	111143	0.9986999529148052	high	Alishewanella fetalis	Bacteria
2e42899d-0864-45c3-9481-6971b6b93680	111143	0.9986999529148052	high	Alishewanella fetalis	Bacteria
bde55045-72fc-4656-85f7-3cbb993e5b05	111143	0.9986999529148052	high	Alishewanella fetalis	Bacteria
aad93c79-cf0b-428c-bc70-5bd2099d476d	111143	0.983764748860142	high	Alishewanella fetalis	Bacteria
b2a74608-fb6d-472e-9e60-685781a0c30c	111143	0.9987059677447568	high	Alishewanella fetalis	Bacteria
18715909-633a-41c6-95e8-01f637acb039	111143	0.983764748860142	high	Alishewanella fetalis	Bacteria
a903c6d1-ee95-4e3b-8ab1-e5124130785a	111143	0.9996831215993196	high	Alishewanella fetalis	Bacteria
61c520d1-f7b2-434b-a94e-04e15d852b09	111143	0.983764748860142	high	Alishewanella fetalis	Bacteria
370a7021-d3aa-4b13-88a6-3a8fae496ade	111143	0.9953864246611626	high	Alishewanella fetalis	Bacteria
401de7c2-62ef-4d2f-8a9f-bd6b9b14d4ba	111143	0.9996345369672148	high	Alishewanella fetalis	Bacteria
11a98410-fc4e-4e56-a5bf-0d158f42ebfc	111143	0.998702961740646	high	Alishewanella fetalis	Bacteria
d94c34ae-ba58-4bfd-bdb3-f36f177f25d1	111143	0.9996345369672148	high	Alishewanella fetalis	Bacteria
1b23602d-defb-4373-9af9-702a58621d24	111143	0.9955029240921586	high	Alishewanella fetalis	Bacteria
ac1f9a14-25d0-4625-8e7b-e4f538c389f9	111143	0.9986999529148052	high	Alishewanella fetalis	Bacteria
418cdf17-d647-4449-a72b-abdabbb8693d	111143	0.9986999529148052	high	Alishewanella fetalis	Bacteria
e0e1ab9d-d7e9-434c-9a6f-37ce728e4fb5	111143	0.999897331844446	high	Alishewanella fetalis	Bacteria
b53eb4c8-dfe0-4447-bd3e-b70432db3f41	111143	0.9986999529148052	high	Alishewanella fetalis	Bacteria
bc51b54c-1715-484e-97b2-b336229e49ec	111143	0.9987089709230036	high	Alishewanella fetalis	Bacteria
5ef41298-cfcb-44ba-b24a-8d447cdd610a	111143	0.9986977167942532	high	Alishewanella fetalis	Bacteria
0c47dda8-4fcc-4de1-bf82-a4bad533ac5f	111143	0.9986999529148052	high	Alishewanella fetalis	Bacteria
1d182ca1-dfeb-4175-8a81-e9da7bf3361f	111143	0.9986999529148052	high	Alishewanella fetalis	Bacteria
9c011af0-6870-4152-999b-10f86bb638c9	111143	0.9986999529148052	high	Alishewanella fetalis	Bacteria
a61bd41f-a764-44b4-b5d4-0a6f03db1558	111143	0.999897331844446	high	Alishewanella fetalis	Bacteria
dfc259cb-fc37-467e-89c7-db0017414378	111143	0.9997646872135542	high	Alishewanella fetalis	Bacteria
4fa0659f-e8a9-4cf9-b42d-e0877e2d8795	111143	0.999897331844446	high	Alishewanella fetalis	Bacteria
1998d95a-ceb4-42f8-9cf8-fb762fd18597	111143	0.9953864246611626	high	Alishewanella fetalis	Bacteria
8c741e88-bc1c-4fa1-bc2d-d9e4c382fb62	111143	0.9986999529148052	high	Alishewanella fetalis	Bacteria
4886b482-9421-4cce-8d96-f3c6afe462f1	111143	0.9986999529148052	high	Alishewanella fetalis	Bacteria
c2cafedb-bf0b-4f80-9f9b-957eff5ec200	111143	0.9986999529148052	high	Alishewanella fetalis	Bacteria
ad78e991-7264-426b-8184-55c5c1413f56	111143	0.983764748860142	high	Alishewanella fetalis	Bacteria
a52dd36e-4bf7-4aaa-a56e-e6f3d196efd4	111143	0.9986999529148052	high	Alishewanella fetalis	Bacteria
ed0213e2-2489-4edd-a33c-508cc4b65b00	111143	0.9986999529148052	high	Alishewanella fetalis	Bacteria
11cecbe7-f7e0-444c-af88-c82bb89677dd	111143	0.9987029596722712	high	Alishewanella fetalis	Bacteria
73e669aa-0678-4b8b-9017-126a90d9582e	111143	0.9987089032595732	high	Alishewanella fetalis	Bacteria
88489952-fbec-48d5-ba24-3b4080f735b9	111143	0.8264706114298703	high	Alishewanella fetalis	Bacteria
b389798f-772f-429f-ab5a-ca034e5d7fdf	111143	0.995406241767501	high	Alishewanella fetalis	Bacteria
5c4bf895-4eab-4d0b-a3fb-52e9df6f732c	111143	0.9999948225982658	high	Alishewanella fetalis	Bacteria
5c527f12-7c0a-436a-8ef6-262a8dfa366e	111143	0.9996391410975264	high	Alishewanella fetalis	Bacteria
72b16bc8-ff0a-46a3-8323-b33394037ea3	545533	0.9044551662800138	high	Alishewanella jeotgali	Bacteria
a63fafd7-87f9-4271-a154-b1376fa87548	111143	0.9986999529148052	high	Alishewanella fetalis	Bacteria
fae65362-7e0d-47fe-8852-10153f7abb88	111143	0.9986999529148052	high	Alishewanella fetalis	Bacteria
e0e6df77-8e13-4f63-9eb8-e60c90a20ccb	111143	0.9986999529148052	high	Alishewanella fetalis	Bacteria
adb561a4-af42-4b15-bfed-4dc1d4cfc11e	545533	0.9999847465895004	high	Alishewanella jeotgali	Bacteria
0cf3fd00-acbb-4954-bc55-25f80f2e18cf	111143	0.999897331844446	high	Alishewanella fetalis	Bacteria
59e7b30e-8849-4522-8513-23d6580bec05	111143	0.9709077407771378	high	Alishewanella fetalis	Bacteria
7c37d07a-b067-4b52-ae61-8264edf75c9e	111143	0.9986999529148052	high	Alishewanella fetalis	Bacteria
9e535655-577d-4457-9c15-8ef9372dca99	111143	0.9987089585445718	high	Alishewanella fetalis	Bacteria
69452c39-8ee1-43a3-ac06-d01faef495fa	111143	0.9986999529148052	high	Alishewanella fetalis	Bacteria
2da28c8a-e174-4f84-a25b-5389357514ef	111143	0.999897331844446	high	Alishewanella fetalis	Bacteria
3bef900b-bd0f-4c37-8379-8ba217a7b8cb	111143	0.983764748860142	high	Alishewanella fetalis	Bacteria
78566577-5a59-44fc-81a9-46af4e148045	111143	0.9838051202274604	high	Alishewanella fetalis	Bacteria
627873e8-d16e-4a39-9d2e-382dc67bc3df	111143	0.9986999529148052	high	Alishewanella fetalis	Bacteria
8171b62f-7db8-4321-b00c-4ba6cac2774e	111143	0.9987029679628792	high	Alishewanella fetalis	Bacteria
cccee0ce-88f0-421a-af25-e8f66c20b7c1	111143	0.9837921366250196	high	Alishewanella fetalis	Bacteria
4c35c7c3-0ea3-4859-9607-a7d2d3aaefa3	111143	0.9986999529148052	high	Alishewanella fetalis	Bacteria
a86ab6c5-21e8-4954-a1a7-dc293600d7e1	111143	0.9986224294042714	high	Alishewanella fetalis	Bacteria
233bebb5-369d-4308-9f78-d64a10a0ffd7	111143	0.9986999529148052	high	Alishewanella fetalis	Bacteria
3f4c3468-fe78-4eab-ab2b-6e085c12df38	545533	1.0	confident	Alishewanella jeotgali	Bacteria
f4f6ae6a-b7a3-43ac-9520-5f65127772fb	111143	0.9986999529148052	high	Alishewanella fetalis	Bacteria
3ad367d9-e1c4-4d0f-916a-999808f0fd87	111143	0.9986999529148052	high	Alishewanella fetalis	Bacteria
07945442-ed70-4085-9044-75e4f065bd55	111143	0.9996345369672148	high	Alishewanella fetalis	Bacteria
e52aeef0-411d-4914-a3a4-1dbaac824c3d	111143	0.999897331844446	high	Alishewanella fetalis	Bacteria
a031941b-d98e-409f-baa5-fa201480f333	111143	0.9996388011383482	high	Alishewanella fetalis	Bacteria
2871f813-c1e0-43dc-9fdc-320e5d71a600	111143	0.9986999529148052	high	Alishewanella fetalis	Bacteria
10dc67e6-bad6-43e8-871a-1e4d1545b160	111143	0.9986999529148052	high	Alishewanella fetalis	Bacteria
7b1b7778-b480-4117-b4f5-1fb06ae357dd	111143	0.9999024689312452	high	Alishewanella fetalis	Bacteria
036bccd3-1b85-44d8-850b-1d1ce340ddfc	111143	0.98474878969212	high	Alishewanella fetalis	Bacteria
20cbea81-2246-4a7a-abf1-ae464bc53cc0	111143	0.9986999529148052	high	Alishewanella fetalis	Bacteria
87a726a9-a687-45b3-ac5f-ed049d8434c9	111143	0.9996345369672148	high	Alishewanella fetalis	Bacteria
245484d0-e688-46df-a023-2db28aa3e645	111143	0.983764748860142	high	Alishewanella fetalis	Bacteria
50be5a71-a498-4b64-b38b-bdfe84b9a0fa	111143	0.9986999529148052	high	Alishewanella fetalis	Bacteria
3d869b5f-5c9f-4773-9979-bc6f6cbbd9d8	111143	0.983764748860142	high	Alishewanella fetalis	Bacteria
35719e5c-a2dc-4612-abac-58049e310836	111143	0.983764748860142	high	Alishewanella fetalis	Bacteria
c69aa29d-f462-4f5b-82ab-1dc54c6ff107	111143	0.9445001708254676	high	Alishewanella fetalis	Bacteria
e3867b99-37df-44b0-8491-6ef6c68431e4	111143	0.9999914296519208	high	Alishewanella fetalis	Bacteria
899c4c08-5bf1-4f22-af25-65cfcd131e5a	111143	0.9987059718833105	high	Alishewanella fetalis	Bacteria
2bd8a623-06ad-4927-a219-67ded7b8fff5	111143	0.9986999529148052	high	Alishewanella fetalis	Bacteria
e4bfbe9a-e8ed-41b0-844e-683c60849e6c	111143	0.9999711632723588	high	Alishewanella fetalis	Bacteria
cb3e72b7-e2f1-40ef-bc33-e082311b2835	111143	0.9986999529148052	high	Alishewanella fetalis	Bacteria
4c41e73b-2319-4eb3-a060-2e3d48f61046	111143	0.9986999529148052	high	Alishewanella fetalis	Bacteria
c0a4e851-e2a3-437f-a454-bc64821b45db	111143	0.9953864246611626	high	Alishewanella fetalis	Bacteria
267381e6-4e3b-43de-898d-6f61fadeeb13	111143	0.9998985645440638	high	Alishewanella fetalis	Bacteria
253de65a-6e9e-47cb-a2da-03e52e0edf5e	111143	0.9986999529148052	high	Alishewanella fetalis	Bacteria
5edf2eb4-5bc0-4f4f-9469-31f5966bf997	111143	0.9837921177525732	high	Alishewanella fetalis	Bacteria
81980003-c77d-4788-ac37-cf398508c878	111143	0.8266408100207896	high	Alishewanella fetalis	Bacteria
ef4c4eee-7742-4804-9e25-135b3d43e765	111143	0.98379213662502	high	Alishewanella fetalis	Bacteria
b2c28e30-9434-4bac-bcb4-2dfc7dda34f2	111143	0.9986999529148052	high	Alishewanella fetalis	Bacteria
0f4788c5-caa0-4967-b868-a2e5006e7d2c	111143	0.983764748860142	high	Alishewanella fetalis	Bacteria
f43c0a5d-7753-42c1-beb7-1e6a1fdf9c86	111143	0.9999920648220312	high	Alishewanella fetalis	Bacteria
2c9fabe0-50da-404e-9bba-3cebfbfd15ce	111143	0.983764748860142	high	Alishewanella fetalis	Bacteria
2fc599a8-1662-4495-8c9e-b63dbe7cad45	111143	0.999897331844446	high	Alishewanella fetalis	Bacteria
660e9d7d-1849-4890-8ebd-173cf1942b57	111143	0.999897331844446	high	Alishewanella fetalis	Bacteria
a1a5bc68-84ff-416b-89c2-39ec07d2b9da	111143	0.9986999529148052	high	Alishewanella fetalis	Bacteria
7fe2ada8-934b-424c-be64-7df863c51b97	111143	0.9986999529148052	high	Alishewanella fetalis	Bacteria
fc6e3fb1-a08b-47fb-b59d-f1ae9455cc64	111143	0.999633619030488	high	Alishewanella fetalis	Bacteria
91f0e8f9-e9a6-4b73-8ddb-59837ecfedfd	111143	0.995364773674182	high	Alishewanella fetalis	Bacteria
26768ab0-0cd9-4463-96ff-cf48967a9c1e	111143	0.9986999529148052	high	Alishewanella fetalis	Bacteria
bcd5a744-f92a-4490-921a-89b1ace17c16	111143	0.9986999529148052	high	Alishewanella fetalis	Bacteria
be570e0d-3bde-44f9-bf94-7da7ba9e5bf5	111143	0.5825551537239065	medium	Alishewanella fetalis	Bacteria
64569fa4-2406-4fcd-a446-21b061304476	111143	0.9986999529148052	high	Alishewanella fetalis	Bacteria
f07a735f-0704-42b3-b9ef-567d741cab27	111143	0.983764748860142	high	Alishewanella fetalis	Bacteria
7547eb9e-91fc-4a16-9eee-cbad5110ab13	111143	0.983764748860142	high	Alishewanella fetalis	Bacteria
f46ce224-9628-475b-b735-77da3ccaa037	111143	0.9986999529148052	high	Alishewanella fetalis	Bacteria
3b589965-6e74-40f2-8a32-d191ec00ebd7	111143	0.983764748860142	high	Alishewanella fetalis	Bacteria
7e179a42-8e90-4774-9982-856309e38e1b	111143	0.9986999529148052	high	Alishewanella fetalis	Bacteria
eac3177f-dafa-480e-92e9-6a52421a4d25	111143	0.999897331844446	high	Alishewanella fetalis	Bacteria
71ec4598-e79b-49c9-9f21-95e50510d75d	111143	0.9986999529148052	high	Alishewanella fetalis	Bacteria
cc994999-c2db-4d8d-9046-e7090cf5e277	111143	0.999897331844446	high	Alishewanella fetalis	Bacteria
fc019af0-47b0-47ba-82a0-ee9ea4ba38dd	111143	0.9986999529148052	high	Alishewanella fetalis	Bacteria
cdc98c33-3240-457a-9646-f5ef6cb761a3	111143	0.983764748860142	high	Alishewanella fetalis	Bacteria
72e34cb0-1c05-4ecc-8e68-c3a1c1af4499	111143	0.999897331844446	high	Alishewanella fetalis	Bacteria
a76319c0-e7ca-4bc8-baf5-1406ce8440ec	111143	0.9986999529148052	high	Alishewanella fetalis	Bacteria
06516381-6402-4687-b1ef-1e867a4128d6	111143	0.826976654120988	high	Alishewanella fetalis	Bacteria
65b4ecfe-79a8-47ad-ae8c-8e6bf7c1346a	111143	0.9987029596722712	high	Alishewanella fetalis	Bacteria
bb412575-2402-43eb-a292-0d4208e179f8	111143	0.999897331844446	high	Alishewanella fetalis	Bacteria
809742b2-2c1b-4110-b4ee-a00ccfbd3203	111143	0.9987089771249892	high	Alishewanella fetalis	Bacteria
9c98de7b-37e2-4e9c-ba6d-57727a9e9450	111143	0.9987089709230036	high	Alishewanella fetalis	Bacteria
8ed12756-34c5-4375-ab19-ebadfe10be78	111143	0.9837919490637604	high	Alishewanella fetalis	Bacteria
decc9a1f-8435-473f-ba67-819c118b4e6d	111143	0.9996345369672148	high	Alishewanella fetalis	Bacteria
be233906-9002-4c87-a018-cb7ee44b8144	111143	0.9996395917713756	high	Alishewanella fetalis	Bacteria
b598c25e-0154-43a6-805c-93bb3447fc2f	111143	0.9987029514271324	high	Alishewanella fetalis	Bacteria
12eea36c-285a-444e-8ca3-2e6daf82abe7	111143	0.983764748860142	high	Alishewanella fetalis	Bacteria
08d8578a-8abe-4c03-8143-1e6030a1ed50	111143	0.9987433698962414	high	Alishewanella fetalis	Bacteria
720c3085-2e53-472e-9e49-f4f2af436759	111143	0.9986999529148052	high	Alishewanella fetalis	Bacteria
a0501428-0f5d-4cb2-bf12-00cadc0b6b0e	111143	0.983764748860142	high	Alishewanella fetalis	Bacteria
ef848cdc-b33e-45d6-99c8-5975c7454f77	111143	0.9987089400405088	high	Alishewanella fetalis	Bacteria
e84cb8ab-179f-41c1-a92f-96ac998f7b56	111143	0.9986999529148052	high	Alishewanella fetalis	Bacteria
3f0eff50-fded-4d1d-a39e-47502f7155b4	111143	0.9986999529148052	high	Alishewanella fetalis	Bacteria
85cdd085-5a9a-452b-b403-af8090f0213b	111143	0.9953864246611626	high	Alishewanella fetalis	Bacteria
7d7667ed-658b-4661-be8e-96aad46b52ab	111143	0.9987089709230036	high	Alishewanella fetalis	Bacteria
15e72205-ce9d-4e12-baf2-303aa4791a97	111143	0.9986999529148052	high	Alishewanella fetalis	Bacteria
b56bf827-15cd-464b-9000-1de40386d81f	111143	0.983764748860142	high	Alishewanella fetalis	Bacteria
e0ac8df6-67c5-47cd-8a19-61b312a3b6d5	111143	0.9986999529148052	high	Alishewanella fetalis	Bacteria
b48c0b87-e619-4c90-a45e-183427d12085	545533	0.9999993552823458	high	Alishewanella jeotgali	Bacteria
89318217-d67e-4276-8882-14976f15d388	111143	0.9999720917674406	high	Alishewanella fetalis	Bacteria
3e436f42-3022-4909-9d8b-e0dd0f4739c1	111143	0.99870895236809	high	Alishewanella fetalis	Bacteria
20285eef-5a32-4266-960c-3d27e818b1e4	545533	0.9999851846522468	high	Alishewanella jeotgali	Bacteria
5c4749a8-b5a3-4071-ab64-0f84793f0806	111143	0.999897331844446	high	Alishewanella fetalis	Bacteria
d505b942-7fc8-4f1e-a8bd-79d1efe71feb	111143	0.9837647488601422	high	Alishewanella fetalis	Bacteria
2be534ea-0a48-4782-ae13-1f337e98b6a0	111143	0.9837738517663438	high	Alishewanella fetalis	Bacteria
73786b66-30e9-4520-83f9-57ef605dc4af	111143	0.9999718999208156	high	Alishewanella fetalis	Bacteria
988e2e78-600c-4e1a-bb5a-d14dcb1ffcea	111143	0.9999348291775784	high	Alishewanella fetalis	Bacteria
0bc7e722-ef54-4bef-bb32-88707224efef	111143	0.9837921933988476	high	Alishewanella fetalis	Bacteria
722c616e-adc5-400a-a849-7c6611364386	111143	0.9999679529098312	high	Alishewanella fetalis	Bacteria
7b5c36aa-0a79-457d-acd1-037dd3842512	111143	0.9987029576067386	high	Alishewanella fetalis	Bacteria
1fc7dca9-5aaf-49cb-9b86-a7064046c4bc	111143	0.983764748860142	high	Alishewanella fetalis	Bacteria
a3bf18ca-5b6a-415c-828d-c225d0ea12b3	111143	0.9445001708254668	high	Alishewanella fetalis	Bacteria
947478e1-5da3-41c8-8ab1-19e0e1e6d82b	111143	0.9996380239955326	high	Alishewanella fetalis	Bacteria
b62d7028-d65a-4213-943d-d2f1dc0cfc65	111143	0.9996345369672148	high	Alishewanella fetalis	Bacteria
8cfd5efc-92bb-44b1-a03d-42e68aa72ccd	111143	0.999897331844446	high	Alishewanella fetalis	Bacteria
6fcda01f-6f6a-4600-9ef1-b07d0b649690	111143	0.983764748860142	high	Alishewanella fetalis	Bacteria
22ce757e-33eb-404d-88e1-1132f76aa9c4	111143	0.9986999529148052	high	Alishewanella fetalis	Bacteria
5c49fa15-cf20-4009-9cb0-38f4f8398967	111143	0.9986999529148052	high	Alishewanella fetalis	Bacteria
08ebc83a-1efa-4c5f-9ca0-9bd354e10e46	111143	0.9986999529148052	high	Alishewanella fetalis	Bacteria
83265bba-dfcd-4b9e-bec2-9f9eafb24d60	111143	0.9986999529148052	high	Alishewanella fetalis	Bacteria
0006b39b-2baf-44f4-9f26-1ebc80e3611b	111143	0.983764748860142	high	Alishewanella fetalis	Bacteria
d52498e1-8f7d-44d5-b1fe-f3e6d465611c	111143	0.9986999529148052	high	Alishewanella fetalis	Bacteria
3a47f787-7d16-4880-b764-6f608a3aac22	111143	0.9986999529148052	high	Alishewanella fetalis	Bacteria
fc41b678-0358-408e-a39d-5a9b1d925b86	111143	0.9986999529148052	high	Alishewanella fetalis	Bacteria
3a63cd95-45c8-4ea0-a344-af64fc0e56d5	111143	0.9987089216123314	high	Alishewanella fetalis	Bacteria
d4a66548-1394-4675-8bb2-d210f99b0923	111143	0.9987029555440418	high	Alishewanella fetalis	Bacteria
14461bb2-4753-4f0c-86d2-3730b7530835	111143	0.9986999529148052	high	Alishewanella fetalis	Bacteria
65c2f20d-fe0b-4b40-a7ee-b63242ea0ae6	111143	0.983792117752573	high	Alishewanella fetalis	Bacteria
7356e41e-7cde-4204-908f-3c7496c5700a	111143	0.9986999529148052	high	Alishewanella fetalis	Bacteria
5d58d7c8-f4f0-4e6a-aa16-5f7851ddfabd	111143	0.9987132748418212	high	Alishewanella fetalis	Bacteria
38e28345-383e-48ad-923b-318dd98a2491	111143	0.9986999529148052	high	Alishewanella fetalis	Bacteria
a95df527-4fd4-472e-801f-3c2d183bd88d	111143	0.9987089709230036	high	Alishewanella fetalis	Bacteria
591acc44-5121-484b-9c49-7733cf361d10	111143	0.9837920800856004	high	Alishewanella fetalis	Bacteria
52d04431-3bbf-46a3-aef0-47d448331c6a	111143	0.9986999529148052	high	Alishewanella fetalis	Bacteria
6fc0e8f4-2dd0-49ac-ac33-ee0653989537	111143	0.9837647488601418	high	Alishewanella fetalis	Bacteria
a2511626-243b-46d5-96b1-5284a48cdfb6	111143	0.983764748860142	high	Alishewanella fetalis	Bacteria
973af388-7c5c-435c-b902-c9c299b57124	111143	0.9987120395665792	high	Alishewanella fetalis	Bacteria
ea771fdd-dfdf-496c-8cb9-51b41ff82aec	111143	0.9986999529148052	high	Alishewanella fetalis	Bacteria
c056eb90-0c65-497b-aee7-c11537744e8e	111143	0.9986999529148052	high	Alishewanella fetalis	Bacteria
8da2c362-4b5e-4856-b2e3-2b395258c369	111143	0.9987089771249892	high	Alishewanella fetalis	Bacteria
1b7e4919-bb8a-4ab9-aee8-cf9904902dd0	111143	0.983764748860142	high	Alishewanella fetalis	Bacteria
5ecda676-0f20-4beb-b55e-75d108b7401a	111143	0.999897331844446	high	Alishewanella fetalis	Bacteria
7f0a91b2-1c15-405a-ad7d-ff13f0ce0474	111143	0.98379213662502	high	Alishewanella fetalis	Bacteria
00c11ab2-e7c9-4e28-8c26-cce450e4f104	111143	0.9986999529148052	high	Alishewanella fetalis	Bacteria
5a050105-14d7-445f-8c1c-b9a7920b6ef2	111143	0.9986999529148052	high	Alishewanella fetalis	Bacteria
baea5bf5-0dcb-452f-ac64-65cc462aa306	111143	0.983764748860142	high	Alishewanella fetalis	Bacteria
64c40dcf-bc8a-4b12-a6b9-edb6b5199afe	111143	0.9986999529148052	high	Alishewanella fetalis	Bacteria
4dd802bf-1602-4968-8fc0-4f78186c3856	111143	0.9986999529148052	high	Alishewanella fetalis	Bacteria
3b61b742-4117-4858-84ed-25647d2f81e1	111143	0.9986999529148052	high	Alishewanella fetalis	Bacteria
1f7e4712-617e-49b0-b484-743a4a2e7669	111143	0.9953864246611626	high	Alishewanella fetalis	Bacteria
7dbbcf33-0544-4327-bbbf-11962ea4c2d3	111143	0.9986999529148052	high	Alishewanella fetalis	Bacteria
215c0c85-70b2-43d6-a51a-49b64061e7f4	111143	0.9986999529148052	high	Alishewanella fetalis	Bacteria
23bfd618-a2e1-4be3-942f-ef2d9fac72bf	111143	0.9987089709230036	high	Alishewanella fetalis	Bacteria
086003b6-f3ac-43e5-a9c5-dede3916406d	111143	0.998680312523096	high	Alishewanella fetalis	Bacteria
5125ea45-d77f-49ed-aa5b-4484fffecc7d	111143	0.9987089585445718	high	Alishewanella fetalis	Bacteria
431e8d7d-3e3e-4b2f-af62-8557fd189381	111143	0.9996347091881012	high	Alishewanella fetalis	Bacteria
5a5850fb-aa4b-4b75-9825-61970e6f9ff5	111143	0.9953864246611626	high	Alishewanella fetalis	Bacteria
7f6fae21-6f6b-4cbb-aac1-f9c61f0cd6b1	111143	0.983764748860142	high	Alishewanella fetalis	Bacteria
4a15f580-dc05-480e-99a1-5df2a52410df	111143	0.9987089771249892	high	Alishewanella fetalis	Bacteria
e9682e44-f0b6-4a9d-be3b-a067c275acfd	111143	0.9986999529148052	high	Alishewanella fetalis	Bacteria
8d174f9a-43d2-4b70-9138-a1fb1399f21d	111143	0.9847022461016018	high	Alishewanella fetalis	Bacteria
0899c16d-8d21-409c-a1c9-77e490ade59a	111143	0.9986999529148052	high	Alishewanella fetalis	Bacteria
0386503f-fac9-4352-a9ba-bf379d8e2cc9	111143	0.999897331844446	high	Alishewanella fetalis	Bacteria
2427488c-176c-4655-b826-7bcfef57da2c	111143	0.995406255358327	high	Alishewanella fetalis	Bacteria
cd11bab5-5bc3-49b4-92d7-56c64ea3ed33	111143	0.9987089647295369	high	Alishewanella fetalis	Bacteria
26194058-9199-4a14-8dbc-befc03de8534	111143	0.983764748860142	high	Alishewanella fetalis	Bacteria
1610be46-52b3-419d-8245-00ba29ca512e	111143	0.9986999529148052	high	Alishewanella fetalis	Bacteria
e77ae5c3-6159-4352-9d4d-00d3a656a6df	111143	0.9986999529148052	high	Alishewanella fetalis	Bacteria
eabf01b4-87d6-4c96-98ce-a8d88b011723	111143	0.9986999529148052	high	Alishewanella fetalis	Bacteria
c826731c-4252-4924-8554-5e6872996e2e	111143	0.9986999529148052	high	Alishewanella fetalis	Bacteria
4173495a-2835-43df-8ed2-ea8603ba8747	111143	0.983792098906118	high	Alishewanella fetalis	Bacteria
68475a02-e9f1-4e6a-a893-b5a4e1c5d51c	111143	0.99963570142267	high	Alishewanella fetalis	Bacteria
bbeee7b4-a4b1-4f18-a990-f97cdc8cdc01	111143	0.983764748860142	high	Alishewanella fetalis	Bacteria
25fba3da-41c8-4ec0-9f57-f1e014820f51	111143	0.9986999529148052	high	Alishewanella fetalis	Bacteria
62d5a923-a144-4330-bd68-ec7859b0ea43	111143	0.9996344830158204	high	Alishewanella fetalis	Bacteria
470a5257-c7c4-47e6-9ca2-304b37317351	111143	0.9986999529148052	high	Alishewanella fetalis	Bacteria
ffa76892-5965-40ae-8283-869020f428c9	111143	0.9953864246611626	high	Alishewanella fetalis	Bacteria
a588e186-7bfc-4d31-aa6d-a4065d8898d2	111143	0.9986999529148052	high	Alishewanella fetalis	Bacteria
202b449f-ddc4-43bb-85ef-6bb88f6c39c8	111143	0.9986999529148052	high	Alishewanella fetalis	Bacteria
76ffc788-37b2-4a21-935f-ce732d64f059	111143	0.999897331844446	high	Alishewanella fetalis	Bacteria
35101f20-7afd-4af5-bc77-5c2a3e0a0a11	111143	0.9986999529148052	high	Alishewanella fetalis	Bacteria
075cba6c-cb90-49de-b33a-48da56b8b15f	111143	0.901176649550678	high	Alishewanella fetalis	Bacteria
2d0e03e2-c3c1-4573-a913-d8419781406e	111143	0.9837830124227048	high	Alishewanella fetalis	Bacteria
3ab49179-8310-4adb-b4b5-2bc4bdcd5302	111143	0.9986999529148052	high	Alishewanella fetalis	Bacteria
67191f64-a486-4a20-9ddd-3d1633a5d228	111143	0.9986999529148052	high	Alishewanella fetalis	Bacteria
8dd7b427-a94d-4c39-84dd-dc0fc14e2626	111143	0.9986999529148052	high	Alishewanella fetalis	Bacteria
064edd10-ea21-4282-a434-d42a4d853d7e	111143	0.998699404390648	high	Alishewanella fetalis	Bacteria
e1077816-b452-4d06-a688-c588595b2985	111143	0.9986999529148052	high	Alishewanella fetalis	Bacteria
8b22802e-f7a5-4e04-b7ae-7484044c8dfc	111143	0.9999290428464456	high	Alishewanella fetalis	Bacteria
fa48fe1a-0f7e-42aa-a939-c6485d2e4a92	111143	0.9986999529148052	high	Alishewanella fetalis	Bacteria
d99a0578-1119-4ae3-a893-8a4f3c5a8ced	111143	0.9837921177525732	high	Alishewanella fetalis	Bacteria
99b87fa6-27c9-4e9a-abce-6135590ae0d5	111143	0.9954275755841928	high	Alishewanella fetalis	Bacteria
43e4742a-28d9-459c-ba7f-aeea84436b7a	111143	0.9986999529148052	high	Alishewanella fetalis	Bacteria
34d03d5a-da35-458f-9ae4-5752d1e200ef	111143	0.9986999529148052	high	Alishewanella fetalis	Bacteria
7e437f9e-1c7d-4e75-b97f-974b07da945c	111143	0.9988287736356642	high	Alishewanella fetalis	Bacteria
9642c510-5864-4bc9-81d8-5164435f780d	111143	0.999897331844446	high	Alishewanella fetalis	Bacteria
882f0d54-668b-47ad-b9fe-ffa173887332	111143	0.9986999529148052	high	Alishewanella fetalis	Bacteria
5fa7feb0-db12-4a9c-97c2-4535e1ae2f85	111143	0.9986999529148052	high	Alishewanella fetalis	Bacteria
b9f62068-10cd-40ba-92b1-90efb37c9e05	111143	0.9986999529148052	high	Alishewanella fetalis	Bacteria
223d7ea3-540c-434f-b4fd-51866a76debe	111143	0.9986999529148052	high	Alishewanella fetalis	Bacteria
77277bac-b64a-4bb1-a59a-d969392f6189	111143	0.9986999529148052	high	Alishewanella fetalis	Bacteria
170fdaf6-77c6-40c9-aeee-9b9eec878cf0	111143	0.999897331844446	high	Alishewanella fetalis	Bacteria
173d540e-5b91-4e1d-9639-165e10b10ec7	111143	0.983764748860142	high	Alishewanella fetalis	Bacteria
7b76d235-f444-4ce3-ae7a-9baff0b9fbd5	111143	0.9987059307523034	high	Alishewanella fetalis	Bacteria
b58e6bae-bbf1-4c6e-b79a-f240790cb967	111143	0.9986999529148052	high	Alishewanella fetalis	Bacteria
2f9cefc4-dc6c-42cb-946f-6a2ae029a2ce	111143	0.9953864246611626	high	Alishewanella fetalis	Bacteria
d38f58ae-363f-4b8d-8972-72ee5cbb36b1	111143	0.5730788400053014	medium	Alishewanella fetalis	Bacteria
9106b007-07af-4ff6-81ce-4d13b2c7588f	111143	0.9986999529148052	high	Alishewanella fetalis	Bacteria
e709b691-beb1-4244-b024-63deb5f4e3a3	111143	0.9986999529148052	high	Alishewanella fetalis	Bacteria
51d7e1df-c277-4d74-9eeb-962ea6ad37aa	111143	0.983764748860142	high	Alishewanella fetalis	Bacteria
ec4da1cf-0519-4e6b-a490-82c722ad572f	111143	0.9996345369672148	high	Alishewanella fetalis	Bacteria
bfb05afc-a862-4196-ae6d-1463cd31b15c	111143	0.9998984298821958	high	Alishewanella fetalis	Bacteria
89de6ef7-ad78-4c25-90bc-9ff9ed4359f7	111143	0.9986999529148052	high	Alishewanella fetalis	Bacteria
14fec476-316f-4a52-af65-72bb8fe76133	111143	0.9986999529148052	high	Alishewanella fetalis	Bacteria
bd6aeaf4-bdb3-455d-9322-9b24648db6d0	111143	0.9986999529148052	high	Alishewanella fetalis	Bacteria
ffc09aa6-7ec4-4af3-bf5b-75f5abbd04aa	111143	0.9986999529148052	high	Alishewanella fetalis	Bacteria
2ca2d866-a004-42d6-b2db-d7198ccafc85	111143	0.983764748860142	high	Alishewanella fetalis	Bacteria
4f746176-1dc1-4f52-b001-b2f81b0ae9eb	111143	0.9986999529148052	high	Alishewanella fetalis	Bacteria
93a691cc-8534-4c3f-b9a6-314779800b63	111143	0.9999947009193916	high	Alishewanella fetalis	Bacteria
231945cf-6f42-42f3-83a6-c714f5e7d1b3	111143	0.9986999529148052	high	Alishewanella fetalis	Bacteria
efe21da4-bf4c-4d3e-be6f-1aec66e9e8e8	111143	0.9986999529148052	high	Alishewanella fetalis	Bacteria
e5778762-70df-4312-81ee-e9869b9a161c	111143	0.9986999529148052	high	Alishewanella fetalis	Bacteria
26180a68-484f-4213-93ec-0394e28a02af	111143	0.9999998077539568	high	Alishewanella fetalis	Bacteria
6d65e2d3-eebd-40b6-8929-cda249e77234	111143	0.9986999529148052	high	Alishewanella fetalis	Bacteria
e40b280b-b044-4306-ab95-4be0364f4852	111143	0.983764748860142	high	Alishewanella fetalis	Bacteria
f568ff89-0013-4600-b641-3f20ee96da60	111143	0.9986999529148052	high	Alishewanella fetalis	Bacteria
7f84e1d1-c28a-43a8-87fb-b5a3686b679b	111143	0.9998988178395988	high	Alishewanella fetalis	Bacteria
c842ba2a-4ed6-4769-95a7-5b070a1c3bb4	111143	0.9837647488601418	high	Alishewanella fetalis	Bacteria
52f41fbe-4193-4e82-8d50-d7aefc31c1c3	111143	0.99870895236809	high	Alishewanella fetalis	Bacteria
4228bf3d-54f6-4c97-bd8f-e79290d7d716	545533	1.0	confident	Alishewanella jeotgali	Bacteria
7f7e8129-f30b-47ba-94c4-b3fce108c416	545533	1.0	confident	Alishewanella jeotgali	Bacteria
1151d813-5dde-41cf-8a53-94b890296771	10003574	1.0	confident	Acinetobacter johnsonii	Bacteria
cc703ba8-face-48e5-a0a4-6872fd44a147	10003574	1.0	confident	Acinetobacter johnsonii	Bacteria
1e202446-2fff-44a9-ab6a-a9644cf0fb61	10003574	1.0	confident	Acinetobacter johnsonii	Bacteria
ebd5367b-b9c2-43e1-ba54-3c719652b0f4	10003574	1.0	confident	Acinetobacter johnsonii	Bacteria
96d37d07-1a33-4fb3-b98e-694ce3840681	10003574	1.0	confident	Acinetobacter johnsonii	Bacteria
eac74033-9578-4970-8ef2-b51c6f399d53	10003574	1.0	confident	Acinetobacter johnsonii	Bacteria
71eeca7a-f5c1-4fc7-952a-900094cca32c	10003574	1.0	confident	Acinetobacter johnsonii	Bacteria
115a1925-df30-436f-9251-cf5944f160e2	10003574	1.0	confident	Acinetobacter johnsonii	Bacteria
05e0e601-0f01-42ca-95dc-ef562491bd8f	10003574	1.0	confident	Acinetobacter johnsonii	Bacteria
7e6b0ca4-1657-4480-a5c9-468febf80020	10003574	1.0	confident	Acinetobacter johnsonii	Bacteria
70fb2cb6-9f82-4e0f-a0d9-ad0e6e69a6a7	10003574	1.0	confident	Acinetobacter johnsonii	Bacteria
878a9ab0-fbbe-4766-a3b0-a5ed6451dee1	10003574	1.0	confident	Acinetobacter johnsonii	Bacteria
86359481-9562-4545-b116-626e39e78bec	10003574	1.0	confident	Acinetobacter johnsonii	Bacteria
ae129a4e-338a-4978-bb2c-982dbf859bac	10003574	1.0	confident	Acinetobacter johnsonii	Bacteria
32986caf-0df7-4ad8-8bff-51bca5ab2fe2	10003574	1.0	confident	Acinetobacter johnsonii	Bacteria
c25dc52e-47ce-4ae2-a0d0-c5352566bdb8	10003574	1.0	confident	Acinetobacter johnsonii	Bacteria
7eac207e-15b5-4a97-9540-1c6d7c42c984	10003574	1.0	confident	Acinetobacter johnsonii	Bacteria
f10a2252-94f6-4ec1-937f-920a12d305ac	10003574	1.0	confident	Acinetobacter johnsonii	Bacteria
5152dff7-fe32-41d6-a760-a53790534d59	10003574	1.0	confident	Acinetobacter johnsonii	Bacteria
bce5d9a2-4a76-4b6f-8125-d68188b5fa90	10003574	1.0	confident	Acinetobacter johnsonii	Bacteria
b3378bc8-df3a-454a-a435-6a935c25943e	10003574	1.0	confident	Acinetobacter johnsonii	Bacteria
2957d74a-b40f-46d7-879f-7671f90f7f09	10003574	1.0	confident	Acinetobacter johnsonii	Bacteria
90afe7af-c0d0-47fb-96b7-c05b07cf4f80	10003574	1.0	confident	Acinetobacter johnsonii	Bacteria
e52e0a9e-c90c-4e55-b0d2-985a512fe3c3	10003574	1.0	confident	Acinetobacter johnsonii	Bacteria
248c4e49-237d-4867-8989-9b2a5bc4314b	10003574	1.0	confident	Acinetobacter johnsonii	Bacteria
ff8dfea8-91ee-49f3-9b07-8f94e2076792	10003574	1.0	confident	Acinetobacter johnsonii	Bacteria
af564931-ff83-443f-93b9-f5a28ee7f83b	10003574	1.0	confident	Acinetobacter johnsonii	Bacteria
e05981c0-b3f0-4471-84b3-ba129140e015	10003574	1.0	confident	Acinetobacter johnsonii	Bacteria
c4c4c5d3-c69e-4b11-8bfe-e1afaeacc398	10003574	1.0	confident	Acinetobacter johnsonii	Bacteria
ccb92661-2436-48e5-a630-cf0a7436c343	10003574	1.0	confident	Acinetobacter johnsonii	Bacteria
13b96fba-b0c4-4a98-a4d7-e745cc0064a8	10003574	1.0	confident	Acinetobacter johnsonii	Bacteria
615ee769-a7b8-49da-a4b4-d2141ac0fc30	10003574	1.0	confident	Acinetobacter johnsonii	Bacteria
9aa13f70-22c0-4430-8730-000b9174405f	10003574	1.0	confident	Acinetobacter johnsonii	Bacteria
9bad225e-94c0-43c5-8aac-0078a2c18cd4	10003574	1.0	confident	Acinetobacter johnsonii	Bacteria
0bba1e2b-c9b0-4fe4-b7f3-c40e893a887d	10003574	1.0	confident	Acinetobacter johnsonii	Bacteria
62434d65-ce80-4996-9a16-3c221c590c88	10003574	1.0	confident	Acinetobacter johnsonii	Bacteria
1fe89652-4b55-4deb-bfd9-2231ec905eb4	10003574	1.0	confident	Acinetobacter johnsonii	Bacteria
1bdf1a4c-861e-4e07-a3b3-4951d9b4818d	10003574	1.0	confident	Acinetobacter johnsonii	Bacteria
4c946174-66f4-4b4e-8a0d-b99b6556240c	10003574	1.0	confident	Acinetobacter johnsonii	Bacteria
7de054f9-c43d-4aeb-b513-b3405f0b616a	10003574	1.0	confident	Acinetobacter johnsonii	Bacteria
4f5f12d1-f656-41d3-9da6-0cb8706bff99	10003574	1.0	confident	Acinetobacter johnsonii	Bacteria
cddbce6f-37b8-48b1-b97a-5ff7b3684e60	10003574	1.0	confident	Acinetobacter johnsonii	Bacteria
a1f9c442-6359-4317-bdf8-4a7ef5ced2fe	10003574	1.0	confident	Acinetobacter johnsonii	Bacteria
c06a2f87-a149-4352-925c-77e43667f099	10003574	1.0	confident	Acinetobacter johnsonii	Bacteria
c6094f01-257e-4254-88d4-68515596497d	10003574	1.0	confident	Acinetobacter johnsonii	Bacteria
6ed08bb6-942d-4add-9eed-cfd7907c44c9	10003574	1.0	confident	Acinetobacter johnsonii	Bacteria
a1d40d6c-dd1e-4e1c-b835-1b5a1417e22b	10003574	1.0	confident	Acinetobacter johnsonii	Bacteria
8b573faa-4851-4d67-a231-c73138d5c1a9	10003574	1.0	confident	Acinetobacter johnsonii	Bacteria
0aefc3be-34dc-42bf-9315-2b8bdbf5f054	10003574	1.0	confident	Acinetobacter johnsonii	Bacteria
41725311-54ed-4355-8d78-66b79ab92fb4	10003574	1.0	confident	Acinetobacter johnsonii	Bacteria
ee8e88a0-3b49-411a-bd67-4fe6002ea5f7	10003574	1.0	confident	Acinetobacter johnsonii	Bacteria
cb8ed607-20d8-4f34-866c-a2fb60ea0484	10003574	1.0	confident	Acinetobacter johnsonii	Bacteria
a6c6dd7c-8387-4c04-b26c-63e5a4f73438	10003574	1.0	confident	Acinetobacter johnsonii	Bacteria
6e1d5624-02bf-4d4d-9dba-00f97dc8d83d	10003574	1.0	confident	Acinetobacter johnsonii	Bacteria
eae6059b-ccb4-418e-9930-b0165e2ba08c	10003574	1.0	confident	Acinetobacter johnsonii	Bacteria
12379975-9fda-4ecd-81dd-d04678872c09	10003574	1.0	confident	Acinetobacter johnsonii	Bacteria
7140ec56-d8f1-4b78-a04a-fb74c784d279	10003574	1.0	confident	Acinetobacter johnsonii	Bacteria
825ddeab-608a-44c3-8078-1b2fad7cb138	10003574	1.0	confident	Acinetobacter johnsonii	Bacteria
17d11f67-f87e-431c-b658-772ebe10ecbf	10003574	1.0	confident	Acinetobacter johnsonii	Bacteria
1cb1c41d-57fa-4105-807a-320224f73994	10003574	1.0	confident	Acinetobacter johnsonii	Bacteria
d6ce7466-1ff1-48e9-9594-ba1d9628dbab	10003574	1.0	confident	Acinetobacter johnsonii	Bacteria
6b36d91c-b443-4c80-a677-3d6543cffcf2	10003574	1.0	confident	Acinetobacter johnsonii	Bacteria
f9433272-6475-4d6b-8499-47e0dfe84339	10003574	1.0	confident	Acinetobacter johnsonii	Bacteria
321f2312-7cbe-4547-b9e5-d4e0ab2c415e	10003574	1.0	confident	Acinetobacter johnsonii	Bacteria
d5a08b92-be6d-4e58-a0c3-27b938f8dd5a	10003574	1.0	confident	Acinetobacter johnsonii	Bacteria
a4b9e365-9aba-43a5-9330-82d50668c624	10003574	1.0	confident	Acinetobacter johnsonii	Bacteria
410c416d-112b-45f4-bad9-3d8c957d2392	10003574	1.0	confident	Acinetobacter johnsonii	Bacteria
5f765899-e18e-4995-9079-0da541d43820	10003574	1.0	confident	Acinetobacter johnsonii	Bacteria
31e1113e-8c54-421e-9f75-d66915acc703	10003574	1.0	confident	Acinetobacter johnsonii	Bacteria
791fcb4c-1b58-4386-aee1-4d0081bbc253	10003574	1.0	confident	Acinetobacter johnsonii	Bacteria
0d84c45b-eecb-490a-b3c8-1a13a84d1ca4	10003574	1.0	confident	Acinetobacter johnsonii	Bacteria
00761cab-5192-439c-93e6-bb80fe02f1d2	10003574	1.0	confident	Acinetobacter johnsonii	Bacteria
9d762e84-29d9-4623-bdd9-42af2355119f	10003574	1.0	confident	Acinetobacter johnsonii	Bacteria
f1a2c66c-05ad-4285-a000-9706f5df725a	10003574	1.0	confident	Acinetobacter johnsonii	Bacteria
e935910f-a0cb-4f70-967e-5f1ba099c8c4	10003574	1.0	confident	Acinetobacter johnsonii	Bacteria
8e6af209-d992-40fa-aff1-fe88ca8738ec	10003574	1.0	confident	Acinetobacter johnsonii	Bacteria
34e9b959-5c80-45a9-8727-a50768b99cb0	10003574	1.0	confident	Acinetobacter johnsonii	Bacteria
a07c17da-6837-433d-9620-0d6e185beaf6	10003574	1.0	confident	Acinetobacter johnsonii	Bacteria
fbbadd0d-4774-4581-aecd-3db6f471dea9	10003574	1.0	confident	Acinetobacter johnsonii	Bacteria
89154743-1b8c-414d-a4b1-1082b7473d5f	2060307	1.0	confident	Enterococcus sp. FDAARGOS_375	Bacteria
340acc3e-8c4f-4404-abe6-79c976e683df	2060307	1.0	confident	Enterococcus sp. FDAARGOS_375	Bacteria
14ea0cbe-86c2-4065-a6be-fe2469366fd1	2060307	1.0	confident	Enterococcus sp. FDAARGOS_375	Bacteria
4c3317f4-c0b9-400a-8a3a-6ad7258a98bf	2060307	1.0	confident	Enterococcus sp. FDAARGOS_375	Bacteria
32724140-b00f-4e38-b165-5cd00d9c415d	2060307	1.0	confident	Enterococcus sp. FDAARGOS_375	Bacteria
add5012a-3035-4d9b-a530-ffd0b33e8005	2060307	1.0	confident	Enterococcus sp. FDAARGOS_375	Bacteria
4b123e60-5f40-4ef8-a324-7a2f6f8b8c04	2060307	1.0	confident	Enterococcus sp. FDAARGOS_375	Bacteria
f9a0c8d0-37f1-400b-8981-0383e3432f9b	2060307	1.0	confident	Enterococcus sp. FDAARGOS_375	Bacteria
3fea47ba-418f-4c98-a033-3cf84563294a	2060307	1.0	confident	Enterococcus sp. FDAARGOS_375	Bacteria
f5a8c7d0-7094-4228-ac14-dc346bd93dd7	2060307	1.0	confident	Enterococcus sp. FDAARGOS_375	Bacteria
029fe0cf-4af5-4436-a001-4728920fc544	2060307	1.0	confident	Enterococcus sp. FDAARGOS_375	Bacteria
b4395301-1210-4d1e-b4c7-1fc00b531dcf	2060307	1.0	confident	Enterococcus sp. FDAARGOS_375	Bacteria
5f2d28ab-3e6f-4416-8f36-58a6b8234e16	2060307	1.0	confident	Enterococcus sp. FDAARGOS_375	Bacteria
b8be0119-9ee1-460b-8818-103451584944	2060307	1.0	confident	Enterococcus sp. FDAARGOS_375	Bacteria
6614f165-1776-46e5-99b2-07b593aecda4	2060307	1.0	confident	Enterococcus sp. FDAARGOS_375	Bacteria
ba7479c9-07e6-4736-ae3f-fd62e7802cfc	2060307	1.0	confident	Enterococcus sp. FDAARGOS_375	Bacteria
07d66c9f-a341-49f8-bde4-e0ed53c8823b	2060307	1.0	confident	Enterococcus sp. FDAARGOS_375	Bacteria
b94d0a1a-ef1f-4a67-a0c9-2682530e472e	2060307	1.0	confident	Enterococcus sp. FDAARGOS_375	Bacteria
bc15f4ef-adbc-404f-a612-b4284e01cb52	2060307	1.0	confident	Enterococcus sp. FDAARGOS_375	Bacteria
9aa0bb37-6dc7-41c3-96a3-55db0ca80b58	2060307	1.0	confident	Enterococcus sp. FDAARGOS_375	Bacteria
faf16538-aa8a-4c92-9c42-63d4d29ce4bf	2060307	1.0	confident	Enterococcus sp. FDAARGOS_375	Bacteria
ffde632f-31e2-4579-bedb-cc817936e2b4	2060307	1.0	confident	Enterococcus sp. FDAARGOS_375	Bacteria
01b79282-3a57-466f-98c3-a050487d7181	2060307	1.0	confident	Enterococcus sp. FDAARGOS_375	Bacteria
d3e8f8fc-50e1-4f20-bb3c-4ea5a821aadb	2060307	1.0	confident	Enterococcus sp. FDAARGOS_375	Bacteria
af1beb8e-6b65-4790-996a-f9559612b12a	2060307	1.0	confident	Enterococcus sp. FDAARGOS_375	Bacteria
bdbb9f2c-8cd8-4d64-ba95-a2750d671163	2060307	1.0	confident	Enterococcus sp. FDAARGOS_375	Bacteria
4265673e-7ed6-4ce9-be02-ea9cba6e8f15	2060307	1.0	confident	Enterococcus sp. FDAARGOS_375	Bacteria
cf119b05-f9a8-411f-94bb-11756b337451	2060307	1.0	confident	Enterococcus sp. FDAARGOS_375	Bacteria
b0c01c06-4976-4594-8f18-c31b671c616e	2060307	1.0	confident	Enterococcus sp. FDAARGOS_375	Bacteria
2a8f59c0-eafc-445c-beb2-4fbc63f54bbf	2060307	1.0	confident	Enterococcus sp. FDAARGOS_375	Bacteria
e8d86cef-1564-4aac-87b8-73df321e51cf	2060307	1.0	confident	Enterococcus sp. FDAARGOS_375	Bacteria
1bde064a-5877-4f9f-8308-f4699493576c	2060307	1.0	confident	Enterococcus sp. FDAARGOS_375	Bacteria
d0972fad-bf74-448a-9a0e-1262d46a64bb	2060307	1.0	confident	Enterococcus sp. FDAARGOS_375	Bacteria
0d5a2a76-1a74-49b5-b7a1-86f8c1a3a9b2	2060307	1.0	confident	Enterococcus sp. FDAARGOS_375	Bacteria
42aa836b-9237-4f3c-88bd-fb0b1129ec7f	2060307	1.0	confident	Enterococcus sp. FDAARGOS_375	Bacteria
71086a68-35d6-4350-bc22-635d30d2aae9	2060307	1.0	confident	Enterococcus sp. FDAARGOS_375	Bacteria
44e48a27-4f9e-4fc7-991c-d1d7e837d166	2060307	1.0	confident	Enterococcus sp. FDAARGOS_375	Bacteria
d5a9a9f8-16ac-4025-89ca-d4a5a88e4c27	2060307	1.0	confident	Enterococcus sp. FDAARGOS_375	Bacteria
3b244c09-1e8e-4065-bd9c-c05d9b2622af	2060307	1.0	confident	Enterococcus sp. FDAARGOS_375	Bacteria
08ade75e-af3d-42c2-8234-613b1994bccb	2060307	1.0	confident	Enterococcus sp. FDAARGOS_375	Bacteria
3c9affa4-3a8a-4b85-bf78-fc08a290c829	2060307	1.0	confident	Enterococcus sp. FDAARGOS_375	Bacteria
406e2dc2-ae62-4abb-8a52-b41eae68201b	2060307	1.0	confident	Enterococcus sp. FDAARGOS_375	Bacteria
5ca5746c-1741-4843-90d4-fbb4e761317d	2060307	1.0	confident	Enterococcus sp. FDAARGOS_375	Bacteria
035b17d7-5cf4-412a-b993-546bda2673a0	2060307	1.0	confident	Enterococcus sp. FDAARGOS_375	Bacteria
4248aa6d-1339-464c-8e8a-b6b8223d75ac	2060307	1.0	confident	Enterococcus sp. FDAARGOS_375	Bacteria
8577d4e9-cb98-4de8-804e-408956593b67	2060307	1.0	confident	Enterococcus sp. FDAARGOS_375	Bacteria
36503e43-51b3-4edb-ae14-eeda0c42c041	2060307	1.0	confident	Enterococcus sp. FDAARGOS_375	Bacteria
f09031dd-2e7a-4b60-a406-5633de6802d7	2060307	1.0	confident	Enterococcus sp. FDAARGOS_375	Bacteria
dfb020c6-6f52-4a94-bb5d-387ef9780171	2060307	1.0	confident	Enterococcus sp. FDAARGOS_375	Bacteria
8bda3c96-b355-496f-8e48-7cc29a6a3c00	2060307	1.0	confident	Enterococcus sp. FDAARGOS_375	Bacteria
71e84aa1-7c7e-4119-9fcd-deb91da79606	2060307	1.0	confident	Enterococcus sp. FDAARGOS_375	Bacteria
b4904a29-3861-41ee-bb60-4ce3fe8aa699	2060307	1.0	confident	Enterococcus sp. FDAARGOS_375	Bacteria
a6c4a041-6039-41f5-86fa-2c3fb7b630ec	2060307	1.0	confident	Enterococcus sp. FDAARGOS_375	Bacteria
65393dbe-af55-46ec-8a80-ba6f825d9475	2060307	1.0	confident	Enterococcus sp. FDAARGOS_375	Bacteria
39613723-ab73-490a-b08e-03b7e1ee13ef	2060307	1.0	confident	Enterococcus sp. FDAARGOS_375	Bacteria
50a80d64-2bea-445d-b9cb-fd509ceac5ac	2060307	1.0	confident	Enterococcus sp. FDAARGOS_375	Bacteria
e6b20a11-dd66-4fdb-a9d0-13ee82f83821	2060307	1.0	confident	Enterococcus sp. FDAARGOS_375	Bacteria
8127cffa-97f3-40d0-b249-e3d9178536b9	2060307	1.0	confident	Enterococcus sp. FDAARGOS_375	Bacteria
14e0ae27-0de5-417a-bba9-045ca32a741d	2060307	1.0	confident	Enterococcus sp. FDAARGOS_375	Bacteria
dc1c9111-d457-4baf-a34a-2befe2fdaa3b	2060307	1.0	confident	Enterococcus sp. FDAARGOS_375	Bacteria
b8c612fb-9f00-4ac2-a823-af4d488c30ee	2060307	1.0	confident	Enterococcus sp. FDAARGOS_375	Bacteria
34bcb152-1f86-47e5-aba8-53d943a695bc	2060307	1.0	confident	Enterococcus sp. FDAARGOS_375	Bacteria
c23ae943-723a-48c0-a343-a9e4ddd30729	2060307	1.0	confident	Enterococcus sp. FDAARGOS_375	Bacteria
58a821ad-2861-4704-a97c-4860d9f9fc9d	2060307	1.0	confident	Enterococcus sp. FDAARGOS_375	Bacteria
42f30e86-934a-4d8b-9180-73ad399d8c58	2060307	1.0	confident	Enterococcus sp. FDAARGOS_375	Bacteria
f6228ec2-8410-49e1-918e-f752d4bdc7b7	2060307	1.0	confident	Enterococcus sp. FDAARGOS_375	Bacteria
bb24c9da-0e14-4c13-9986-84ba54f86b62	2060307	1.0	confident	Enterococcus sp. FDAARGOS_375	Bacteria
44ef5f9f-2f12-4344-94f6-682c544cbc2f	2060307	1.0	confident	Enterococcus sp. FDAARGOS_375	Bacteria
b6003d82-d955-4c98-b5be-1827d99ec9dc	2060307	1.0	confident	Enterococcus sp. FDAARGOS_375	Bacteria
cd7a31a0-4346-4fd7-a3a7-0ce1f5bc69ec	2060307	1.0	confident	Enterococcus sp. FDAARGOS_375	Bacteria
2e4b3faf-2748-4728-a314-fb20a99574c2	2060307	1.0	confident	Enterococcus sp. FDAARGOS_375	Bacteria
9cb4f214-f047-4a16-a5df-37ea31b23758	2060307	1.0	confident	Enterococcus sp. FDAARGOS_375	Bacteria
f2f2c64e-9b76-44d4-8be1-0b8c0b3a4296	2060307	1.0	confident	Enterococcus sp. FDAARGOS_375	Bacteria
01daa44e-3b77-4214-83e8-b4bc9a1cf8da	2060307	1.0	confident	Enterococcus sp. FDAARGOS_375	Bacteria
1dbd6778-0035-417a-969e-a97a2b26b8d6	2060307	1.0	confident	Enterococcus sp. FDAARGOS_375	Bacteria
b47b271a-82fb-49a3-b1bf-1058c8f8ddbf	2060307	1.0	confident	Enterococcus sp. FDAARGOS_375	Bacteria
d0af2a42-75d8-48b7-8b4a-61237bdd0b4d	2060307	1.0	confident	Enterococcus sp. FDAARGOS_375	Bacteria
803e2444-7c6d-49e4-b473-af3c830f58cc	2060307	1.0	confident	Enterococcus sp. FDAARGOS_375	Bacteria
999f3bcc-177e-4977-a543-b2eb07df1f02	2060307	1.0	confident	Enterococcus sp. FDAARGOS_375	Bacteria
7bbc9a8d-729a-4cea-8ecc-ef802f758c7b	2060307	1.0	confident	Enterococcus sp. FDAARGOS_375	Bacteria
2737cfa3-e86a-4040-8ea0-10a4c3589328	2060307	1.0	confident	Enterococcus sp. FDAARGOS_375	Bacteria
ee3e2d2b-059b-4e73-86a2-59a4f1c8b8ae	2060307	1.0	confident	Enterococcus sp. FDAARGOS_375	Bacteria
03622aae-83db-497f-886d-7bd30fdc62b6	2060307	1.0	confident	Enterococcus sp. FDAARGOS_375	Bacteria
a9db0390-9873-4a66-83f2-4f63cc0f8101	2060307	1.0	confident	Enterococcus sp. FDAARGOS_375	Bacteria
18754468-f912-4ff3-a8d7-ff4db58f6dc9	2060307	1.0	confident	Enterococcus sp. FDAARGOS_375	Bacteria
5a923c15-18ac-4600-837f-55f21740c034	2060307	1.0	confident	Enterococcus sp. FDAARGOS_375	Bacteria
81e4a5eb-8270-441a-9b09-935db435d1cd	2060307	1.0	confident	Enterococcus sp. FDAARGOS_375	Bacteria
05c40425-f4df-471f-817c-f9f4376e650b	2060307	1.0	confident	Enterococcus sp. FDAARGOS_375	Bacteria
a2e7e5da-708e-48ab-8e42-28afa7fd1298	2060307	1.0	confident	Enterococcus sp. FDAARGOS_375	Bacteria
e50eeda5-9230-4fb3-a3e7-7d243dc6d172	2060307	1.0	confident	Enterococcus sp. FDAARGOS_375	Bacteria
06ff6de5-8ee5-4f39-af9e-92dec543bc39	2060307	1.0	confident	Enterococcus sp. FDAARGOS_375	Bacteria
40d73652-e8b1-42a9-b943-f2e08c23031d	2060307	1.0	confident	Enterococcus sp. FDAARGOS_375	Bacteria
cdf89971-66bf-4e53-81f8-8628f32dda37	2060307	1.0	confident	Enterococcus sp. FDAARGOS_375	Bacteria
42f80ebb-38f9-4c81-8c14-36389d854ea9	2060307	1.0	confident	Enterococcus sp. FDAARGOS_375	Bacteria
515ff32a-8314-42fb-93a8-3d748dcb7a98	2060307	1.0	confident	Enterococcus sp. FDAARGOS_375	Bacteria
4786daef-ce57-41ec-8309-bca456315136	2060307	1.0	confident	Enterococcus sp. FDAARGOS_375	Bacteria
711bb2b2-3d60-4ba5-8b24-018ca89bf4f1	2060307	1.0	confident	Enterococcus sp. FDAARGOS_375	Bacteria
d303ae8a-a601-4814-88c8-9183acfe8892	2060307	1.0	confident	Enterococcus sp. FDAARGOS_375	Bacteria
91395c84-2539-47d4-ac24-06486897baf4	2060307	1.0	confident	Enterococcus sp. FDAARGOS_375	Bacteria
bb484c32-6784-49ba-b1e4-25a1cdaac918	2060307	1.0	confident	Enterococcus sp. FDAARGOS_375	Bacteria
83cdfb27-f81b-4de0-8985-0756291722ba	2060307	1.0	confident	Enterococcus sp. FDAARGOS_375	Bacteria
e12a352b-3b3c-4e58-a9fc-dde2e8a6982d	2060307	1.0	confident	Enterococcus sp. FDAARGOS_375	Bacteria
5ec0f3b0-b93b-424f-8afc-4d76887b1fa5	2060307	1.0	confident	Enterococcus sp. FDAARGOS_375	Bacteria
ffec703f-d5ef-4b41-a32d-7604a00ec87c	2060307	1.0	confident	Enterococcus sp. FDAARGOS_375	Bacteria
555c931e-6595-4da9-aa2d-720bad85bff6	2060307	1.0	confident	Enterococcus sp. FDAARGOS_375	Bacteria
6f8a7215-25a4-4cac-b88c-279ffab0cda8	2060307	1.0	confident	Enterococcus sp. FDAARGOS_375	Bacteria
f130ffcd-5035-4820-b7b6-42c94b67f14a	2060307	1.0	confident	Enterococcus sp. FDAARGOS_375	Bacteria
99b53e25-da36-40c7-8618-c1a920704a4a	2060307	1.0	confident	Enterococcus sp. FDAARGOS_375	Bacteria
44194760-234d-43a0-960c-a24b99d00ec2	2060307	1.0	confident	Enterococcus sp. FDAARGOS_375	Bacteria
76652cea-0241-4e04-907a-f6dd8b2e0030	2060307	1.0	confident	Enterococcus sp. FDAARGOS_375	Bacteria
a677c3b0-5db3-44e7-a221-e5bb7ab07bed	2060307	1.0	confident	Enterococcus sp. FDAARGOS_375	Bacteria
09f63020-4eba-4f64-97c3-8acaf5a8f167	2060307	1.0	confident	Enterococcus sp. FDAARGOS_375	Bacteria
db430965-8f1c-4e96-b167-0b0600987654	2060307	1.0	confident	Enterococcus sp. FDAARGOS_375	Bacteria
385ebe66-b2bc-4c2b-b575-b1e4cd3eb855	2060307	1.0	confident	Enterococcus sp. FDAARGOS_375	Bacteria
0dce5a7c-f58a-40d6-9232-87dded67c09c	2060307	1.0	confident	Enterococcus sp. FDAARGOS_375	Bacteria
813edff3-aafc-4aba-bdce-87127b98621a	2060307	1.0	confident	Enterococcus sp. FDAARGOS_375	Bacteria
3c3439d9-e9d5-4bcb-b2ef-16b7840d33d8	2060307	1.0	confident	Enterococcus sp. FDAARGOS_375	Bacteria
a51aec1d-f0e4-41c4-bbd3-255c54db0655	2060307	1.0	confident	Enterococcus sp. FDAARGOS_375	Bacteria
6ce687a0-698c-48a4-a7fc-ce4950577093	2060307	1.0	confident	Enterococcus sp. FDAARGOS_375	Bacteria
9e19918b-7f1d-4ac4-ace0-54fa75386fde	2060307	1.0	confident	Enterococcus sp. FDAARGOS_375	Bacteria
d8026a06-9f69-432d-8218-a10d86f18af2	2060307	1.0	confident	Enterococcus sp. FDAARGOS_375	Bacteria
9774e5b7-31fd-4d87-97a5-4a6bb5c35fd1	2060307	1.0	confident	Enterococcus sp. FDAARGOS_375	Bacteria
5828f953-0e0a-4ae2-abc8-fe32fec5199a	2060307	1.0	confident	Enterococcus sp. FDAARGOS_375	Bacteria
81046979-d70a-4142-89b4-d3d8ddaf6602	2060307	1.0	confident	Enterococcus sp. FDAARGOS_375	Bacteria
f5fb117d-190d-4287-8a64-290eb31714e9	2060307	1.0	confident	Enterococcus sp. FDAARGOS_375	Bacteria
4e7989a7-9d58-405f-88ae-e1993a8e6672	2060307	1.0	confident	Enterococcus sp. FDAARGOS_375	Bacteria
cce6cf3e-df8b-439d-ade8-4dd8559907ef	2060307	1.0	confident	Enterococcus sp. FDAARGOS_375	Bacteria
72db8c4d-1dcf-41c0-ac3b-7daf5b63f659	2060307	1.0	confident	Enterococcus sp. FDAARGOS_375	Bacteria
9d4d7c40-9161-46ce-bb83-b71cbcbd01b4	2060307	1.0	confident	Enterococcus sp. FDAARGOS_375	Bacteria
54db4804-a133-44b5-a7a0-1c351b127433	2060307	1.0	confident	Enterococcus sp. FDAARGOS_375	Bacteria
f06dcd93-64fa-40c4-b9b2-85b49648f0df	2060307	1.0	confident	Enterococcus sp. FDAARGOS_375	Bacteria
55acadb9-49d3-4d29-8b57-bc96d02bf97e	2060307	1.0	confident	Enterococcus sp. FDAARGOS_375	Bacteria
d627bb7f-b317-4d96-b33c-a4e54a61890f	2060307	1.0	confident	Enterococcus sp. FDAARGOS_375	Bacteria
8e6480a1-3fc4-43e8-a9da-ab8735f5b3a1	2060307	1.0	confident	Enterococcus sp. FDAARGOS_375	Bacteria
db700db6-483b-4f54-88a3-3f4f59b814d3	2060307	1.0	confident	Enterococcus sp. FDAARGOS_375	Bacteria
8c20c7bb-9650-4954-98ec-5d3d361939f0	2060307	1.0	confident	Enterococcus sp. FDAARGOS_375	Bacteria
47d4ff2d-8ac4-4b21-a974-77c64b2e5ba1	2060307	1.0	confident	Enterococcus sp. FDAARGOS_375	Bacteria
efacb228-7c0b-433b-b801-371952ff8f3c	2060307	1.0	confident	Enterococcus sp. FDAARGOS_375	Bacteria
3c8969b7-8437-4e31-b46e-bd7c17afcd3d	2060307	1.0	confident	Enterococcus sp. FDAARGOS_375	Bacteria
6a4ae3ba-8072-49cc-acc2-a2924d217d89	2060307	1.0	confident	Enterococcus sp. FDAARGOS_375	Bacteria
fa0bbe6f-f773-422c-af8e-569fa4f254d1	2060307	1.0	confident	Enterococcus sp. FDAARGOS_375	Bacteria
f9921893-9109-4bc1-b482-1e756707b2fc	2060307	1.0	confident	Enterococcus sp. FDAARGOS_375	Bacteria
2c4add58-2ca4-4988-bcec-c3a18bbaf527	2060307	1.0	confident	Enterococcus sp. FDAARGOS_375	Bacteria
dd9f439c-a61c-49fd-ae2a-261f616aff51	2060307	1.0	confident	Enterococcus sp. FDAARGOS_375	Bacteria
c9b822e1-fa36-4940-b932-f769416c8a80	2060307	1.0	confident	Enterococcus sp. FDAARGOS_375	Bacteria
777f7ed2-b5be-4fe0-9d67-4f8d9ac69d63	2060307	1.0	confident	Enterococcus sp. FDAARGOS_375	Bacteria
1382f15b-ef56-464a-9d64-97814c71f231	2060307	1.0	confident	Enterococcus sp. FDAARGOS_375	Bacteria
6c582278-4902-44e4-ae83-2c7832aea8ad	2060307	1.0	confident	Enterococcus sp. FDAARGOS_375	Bacteria
981d04ea-5263-48bb-a945-b0807cba4ecc	2060307	1.0	confident	Enterococcus sp. FDAARGOS_375	Bacteria
7b8e4bb8-d48d-4c3b-91de-4a7ae19569b2	2060307	1.0	confident	Enterococcus sp. FDAARGOS_375	Bacteria
d2e25c3e-a618-47af-8c8a-eb799bd31205	2060307	1.0	confident	Enterococcus sp. FDAARGOS_375	Bacteria
47f2a3ad-e928-4249-b986-8b2a73c863e3	2060307	1.0	confident	Enterococcus sp. FDAARGOS_375	Bacteria
c0b821d3-3d31-445d-8d59-568ba007cd82	2060307	1.0	confident	Enterococcus sp. FDAARGOS_375	Bacteria
b730a463-7e70-4ff0-a1bf-94ee8e476b29	2060307	1.0	confident	Enterococcus sp. FDAARGOS_375	Bacteria
dfa31201-1ed8-4565-ac89-6a043312bcb8	2060307	1.0	confident	Enterococcus sp. FDAARGOS_375	Bacteria
49362ed4-3e45-47fa-b90f-eb2678157327	2060307	1.0	confident	Enterococcus sp. FDAARGOS_375	Bacteria
ef11bf4f-c915-47bc-a533-bfe3debe078c	2060307	1.0	confident	Enterococcus sp. FDAARGOS_375	Bacteria
8c832803-09ab-48ab-b86f-a7c2422866c7	2060307	1.0	confident	Enterococcus sp. FDAARGOS_375	Bacteria
04709699-563b-4fb2-86c4-270dc28def86	2060307	1.0	confident	Enterococcus sp. FDAARGOS_375	Bacteria
8e0c828c-653f-4fa2-ae9e-229e71263dab	2060307	1.0	confident	Enterococcus sp. FDAARGOS_375	Bacteria
6d0ffcd5-9db5-4b4e-a65b-46a7c5ed8007	2060307	1.0	confident	Enterococcus sp. FDAARGOS_375	Bacteria
2f7f0d83-a306-4657-99ed-30240a9a33db	2060307	1.0	confident	Enterococcus sp. FDAARGOS_375	Bacteria
36f53b72-fe57-4960-8b46-860ab01d1c93	2060307	1.0	confident	Enterococcus sp. FDAARGOS_375	Bacteria
4bc3b687-5215-4519-a915-69d5c2c41bb8	2060307	1.0	confident	Enterococcus sp. FDAARGOS_375	Bacteria
bcfa4873-ce85-473d-ac37-a2f1493b09d7	2060307	1.0	confident	Enterococcus sp. FDAARGOS_375	Bacteria
7611b1ac-4c70-4343-a204-f12089ecc470	2060307	1.0	confident	Enterococcus sp. FDAARGOS_375	Bacteria
d0ba4983-147f-42d9-8a50-7e242bc9cd0c	2060307	1.0	confident	Enterococcus sp. FDAARGOS_375	Bacteria
317b48f6-1e9f-4468-8758-c2e900bca22a	2060307	1.0	confident	Enterococcus sp. FDAARGOS_375	Bacteria
7c6dd32b-a198-41da-88ae-491257099b30	2060307	1.0	confident	Enterococcus sp. FDAARGOS_375	Bacteria
560e8e6a-98df-430a-af0a-372be40db3b0	2060307	1.0	confident	Enterococcus sp. FDAARGOS_375	Bacteria
de1d355a-e693-470c-9272-70736c09711d	2060307	1.0	confident	Enterococcus sp. FDAARGOS_375	Bacteria
58295bc7-61f3-4a5f-b9a5-94ea83c45924	2060307	1.0	confident	Enterococcus sp. FDAARGOS_375	Bacteria
1b57bf14-aa86-4be6-adc4-c32663150099	2060307	1.0	confident	Enterococcus sp. FDAARGOS_375	Bacteria
c88d991f-9cda-4e5c-b135-05b269606f58	2060307	1.0	confident	Enterococcus sp. FDAARGOS_375	Bacteria
87ed912e-da2c-4bd4-af8e-4974d06b73a3	2060307	1.0	confident	Enterococcus sp. FDAARGOS_375	Bacteria
3ecdf3aa-9275-4f9b-847c-41fad3fb6324	2060307	1.0	confident	Enterococcus sp. FDAARGOS_375	Bacteria
4bded167-b0bf-4165-a920-9931a8009eec	2060307	1.0	confident	Enterococcus sp. FDAARGOS_375	Bacteria
09b4ef35-b072-4f89-a6be-c2b008d78ab7	2060307	1.0	confident	Enterococcus sp. FDAARGOS_375	Bacteria
14d9adbe-3a3c-4839-9554-95b64d5c2fe8	2060307	1.0	confident	Enterococcus sp. FDAARGOS_375	Bacteria
40e90960-0a15-4df0-8462-5d5f08773b42	2060307	1.0	confident	Enterococcus sp. FDAARGOS_375	Bacteria
5d24575d-9afd-47fc-b3ec-17f830413508	2060307	1.0	confident	Enterococcus sp. FDAARGOS_375	Bacteria
4ddad2ac-3cfb-42bd-80e8-72e76474d43e	2060307	1.0	confident	Enterococcus sp. FDAARGOS_375	Bacteria
465b15ce-c7d7-4e3f-b3e4-076b7b923e98	2060307	1.0	confident	Enterococcus sp. FDAARGOS_375	Bacteria
48418a2b-c5c2-4cf2-bd72-52bfb24973ad	2060307	1.0	confident	Enterococcus sp. FDAARGOS_375	Bacteria
b47c680b-b8f9-454e-9bc4-16c5f987b4c6	2060307	1.0	confident	Enterococcus sp. FDAARGOS_375	Bacteria
a1d3428c-e735-4e94-846c-a2ea84088ad5	2060307	1.0	confident	Enterococcus sp. FDAARGOS_375	Bacteria
b7745c2d-510b-4fbb-a7d2-5c98440716df	2060307	1.0	confident	Enterococcus sp. FDAARGOS_375	Bacteria
5f6abc64-f108-4b5a-98c1-d29d8ebee075	2060307	1.0	confident	Enterococcus sp. FDAARGOS_375	Bacteria
f3fdadf1-c69d-4ffa-9ed2-20966749f6d2	2060307	1.0	confident	Enterococcus sp. FDAARGOS_375	Bacteria
bfd8bdd2-5238-45c7-bef2-dc48610d7d5d	2060307	1.0	confident	Enterococcus sp. FDAARGOS_375	Bacteria
48069ada-077d-4f1c-8c22-426a10098690	2060307	1.0	confident	Enterococcus sp. FDAARGOS_375	Bacteria
1a800960-b58a-4a82-ab86-c36c935dc016	2060307	1.0	confident	Enterococcus sp. FDAARGOS_375	Bacteria
be541233-aa26-484e-8f80-6702fd95d56d	2060307	1.0	confident	Enterococcus sp. FDAARGOS_375	Bacteria
75533e9d-22a6-4f86-a7f9-bd49c6e7a548	2060307	1.0	confident	Enterococcus sp. FDAARGOS_375	Bacteria
da9d5ccb-6a89-46f5-a700-df56bbc66ee6	2060307	1.0	confident	Enterococcus sp. FDAARGOS_375	Bacteria
2ac102c4-9dde-4937-b83d-82a0d3398833	2060307	1.0	confident	Enterococcus sp. FDAARGOS_375	Bacteria
b33b35c4-26f1-4337-806b-1fafb3e38f93	2060307	1.0	confident	Enterococcus sp. FDAARGOS_375	Bacteria
40a0ad4c-e57f-4cbc-bbe0-7ae08ad72791	2060307	1.0	confident	Enterococcus sp. FDAARGOS_375	Bacteria
f820aecf-3472-4652-a1bb-380c689154ed	2060307	1.0	confident	Enterococcus sp. FDAARGOS_375	Bacteria
a9aa4361-927a-49a2-9ef3-bf2a4281c13f	2060307	1.0	confident	Enterococcus sp. FDAARGOS_375	Bacteria
c417ac43-5f8e-468d-87b2-71438cad90c7	2060307	1.0	confident	Enterococcus sp. FDAARGOS_375	Bacteria
6256c464-953f-444b-800c-e278f5728c23	2060307	1.0	confident	Enterococcus sp. FDAARGOS_375	Bacteria
8c938661-d0d8-4f3c-8df9-ae5cd2aecfcb	2060307	1.0	confident	Enterococcus sp. FDAARGOS_375	Bacteria
2e621000-bd1a-47fa-b8da-2935ce1f2ddf	2060307	1.0	confident	Enterococcus sp. FDAARGOS_375	Bacteria
afcbb1a0-ecd7-4b99-abd2-f39a3cd32d17	2060307	1.0	confident	Enterococcus sp. FDAARGOS_375	Bacteria
0a526ccb-04d9-4b1d-bb3d-eb67c185f10b	2060307	1.0	confident	Enterococcus sp. FDAARGOS_375	Bacteria
aad1af2d-6e76-4cd7-a1f7-0ef7b5c65443	2060307	1.0	confident	Enterococcus sp. FDAARGOS_375	Bacteria
1aa9ac3a-fe71-47b7-abc5-6956ef89a058	2060307	1.0	confident	Enterococcus sp. FDAARGOS_375	Bacteria
336caa07-ec3a-408a-bd6c-f242cdfc9f9f	2060307	1.0	confident	Enterococcus sp. FDAARGOS_375	Bacteria
0fbe477c-6ad3-4077-8d62-5740eb264dd0	2060307	1.0	confident	Enterococcus sp. FDAARGOS_375	Bacteria
b13fcf09-83e2-4d67-aac6-6e5f157f6a47	2060307	1.0	confident	Enterococcus sp. FDAARGOS_375	Bacteria
e07cc7cd-c4dd-4620-adae-39bb3878b979	2060307	1.0	confident	Enterococcus sp. FDAARGOS_375	Bacteria
71103ccf-eec3-4539-b5e7-6e6a84ccb9ab	2060307	1.0	confident	Enterococcus sp. FDAARGOS_375	Bacteria
2dcecb1d-d2ab-4d51-baa3-9c8ae40df277	2060307	1.0	confident	Enterococcus sp. FDAARGOS_375	Bacteria
b9adbc54-0def-4c7b-94ba-96fc4eb14143	2060307	1.0	confident	Enterococcus sp. FDAARGOS_375	Bacteria
c14be451-6956-4308-8745-f99fbf2cfe02	2060307	1.0	confident	Enterococcus sp. FDAARGOS_375	Bacteria
28431fac-d1df-41d2-8d42-5857b103f529	2060307	1.0	confident	Enterococcus sp. FDAARGOS_375	Bacteria
18ea44b3-cc6a-4bdc-8351-04b7cbd43567	2060307	1.0	confident	Enterococcus sp. FDAARGOS_375	Bacteria
caba48fe-914f-4e83-a8a5-112696b59525	2060307	1.0	confident	Enterococcus sp. FDAARGOS_375	Bacteria
a20efc1d-e08a-48f5-8ed0-91453b6d929b	2060307	1.0	confident	Enterococcus sp. FDAARGOS_375	Bacteria
c3941bfa-728f-4a6e-ba84-72e0caac1b73	2060307	1.0	confident	Enterococcus sp. FDAARGOS_375	Bacteria
ca8e5494-7648-4e57-aae6-dc15f77987c7	2060307	1.0	confident	Enterococcus sp. FDAARGOS_375	Bacteria
d3a24e62-1a9e-4f7c-a896-da8a1b120cce	2060307	1.0	confident	Enterococcus sp. FDAARGOS_375	Bacteria
597884f6-0c43-4e96-ab29-8fe3d8577249	2060307	1.0	confident	Enterococcus sp. FDAARGOS_375	Bacteria
443b7e2b-274a-42b8-8cae-9988b10b3319	2060307	1.0	confident	Enterococcus sp. FDAARGOS_375	Bacteria
5f19f47e-c000-49f5-b056-f5f80ad99a37	2060307	1.0	confident	Enterococcus sp. FDAARGOS_375	Bacteria
b79d751d-1d49-41c1-97c2-e64ab2b9fae3	2060307	1.0	confident	Enterococcus sp. FDAARGOS_375	Bacteria
5dacccd5-8946-433e-9151-c6da2db3c152	2060307	1.0	confident	Enterococcus sp. FDAARGOS_375	Bacteria
d4dedd9b-13de-47b2-8cc0-006ff91da19d	2060307	1.0	confident	Enterococcus sp. FDAARGOS_375	Bacteria
f3965904-07c0-4951-8bf8-97db5dc3d776	2060307	1.0	confident	Enterococcus sp. FDAARGOS_375	Bacteria
1a72f149-67a7-4b74-9939-82eb146fe3e9	2060307	1.0	confident	Enterococcus sp. FDAARGOS_375	Bacteria
8725551b-b56d-4c51-8384-62d7b4b3ec57	2060307	1.0	confident	Enterococcus sp. FDAARGOS_375	Bacteria
0e49d568-ce5a-46ea-92ac-dc11a4a8da0c	2060307	1.0	confident	Enterococcus sp. FDAARGOS_375	Bacteria
3f7e1aa3-9a36-4ac3-9152-cbb06ad6ee6a	2060307	1.0	confident	Enterococcus sp. FDAARGOS_375	Bacteria
c070159e-e8ab-420b-b0e8-1b1b31a99f5f	2060307	1.0	confident	Enterococcus sp. FDAARGOS_375	Bacteria
dfefae85-9d57-44ab-9940-2912821be676	2060307	1.0	confident	Enterococcus sp. FDAARGOS_375	Bacteria
6b26d93c-11e7-412a-888f-0f68a290314f	2060307	1.0	confident	Enterococcus sp. FDAARGOS_375	Bacteria
5d6fa2c8-c800-4c94-a174-003e681b59f5	2060307	1.0	confident	Enterococcus sp. FDAARGOS_375	Bacteria
ba4f3229-5ac3-41f6-b5e6-84b4c0363d09	2060307	1.0	confident	Enterococcus sp. FDAARGOS_375	Bacteria
82f446e9-eeba-40a6-9e37-4ed6b59da74d	2060307	1.0	confident	Enterococcus sp. FDAARGOS_375	Bacteria
a07e306d-5c0d-4265-bd69-cefd531b5e5f	2060307	1.0	confident	Enterococcus sp. FDAARGOS_375	Bacteria
be259721-4b59-43f8-9181-798fdc868172	2060307	1.0	confident	Enterococcus sp. FDAARGOS_375	Bacteria
9960920d-7826-40bc-a212-c333cb427fbc	2060307	1.0	confident	Enterococcus sp. FDAARGOS_375	Bacteria
75aed070-683f-499b-91e9-6fc69cca30fd	2060307	1.0	confident	Enterococcus sp. FDAARGOS_375	Bacteria
4e6763c8-da5c-4abc-a1dc-eba0c099ae32	2060307	1.0	confident	Enterococcus sp. FDAARGOS_375	Bacteria
c161228b-bd79-4efb-b40c-7eda31a97fbf	2060307	1.0	confident	Enterococcus sp. FDAARGOS_375	Bacteria
471312dc-f9aa-481b-a9f4-b092e5f60045	2060307	1.0	confident	Enterococcus sp. FDAARGOS_375	Bacteria
db01554c-149f-4bbd-af93-5e3fc9dac396	2060307	1.0	confident	Enterococcus sp. FDAARGOS_375	Bacteria
ee27fa85-46ea-4d9c-8cf9-122b9561ef4e	2060307	1.0	confident	Enterococcus sp. FDAARGOS_375	Bacteria
389cc36f-68d9-4f85-96cc-6af99f04edae	2060307	1.0	confident	Enterococcus sp. FDAARGOS_375	Bacteria
636b4016-d76a-4ab6-885c-98b7c387e020	2060307	1.0	confident	Enterococcus sp. FDAARGOS_375	Bacteria
50a6d42f-cb5d-4fad-a7b6-df43ba66b464	2060307	1.0	confident	Enterococcus sp. FDAARGOS_375	Bacteria
e92ef224-9286-43e7-8dc2-5db3e966f5f8	2060307	1.0	confident	Enterococcus sp. FDAARGOS_375	Bacteria
6a21c8e1-0cc6-427d-9a3c-f2ebc96b305d	2060307	1.0	confident	Enterococcus sp. FDAARGOS_375	Bacteria
8b442a76-1cca-4d4e-b427-81594ebf4c11	2060307	1.0	confident	Enterococcus sp. FDAARGOS_375	Bacteria
cd65e9d2-dc4b-4130-8305-165f5052fac2	2060307	1.0	confident	Enterococcus sp. FDAARGOS_375	Bacteria
4ffb366a-6012-45bc-8a95-8fede7985435	2060307	1.0	confident	Enterococcus sp. FDAARGOS_375	Bacteria
fc3a1f3f-f654-41c5-81e5-e78c1a767e2c	2060307	1.0	confident	Enterococcus sp. FDAARGOS_375	Bacteria
1a21e920-b9d5-4aef-97b4-948ae3b94b59	2060307	1.0	confident	Enterococcus sp. FDAARGOS_375	Bacteria
4fe99c59-1dd6-4e17-87c1-b6ba09ac9067	2060307	1.0	confident	Enterococcus sp. FDAARGOS_375	Bacteria
6309df04-f34e-49ac-9013-80a02914be8f	2060307	1.0	confident	Enterococcus sp. FDAARGOS_375	Bacteria
2872dae4-947f-4481-a957-e79fa5999589	2060307	1.0	confident	Enterococcus sp. FDAARGOS_375	Bacteria
6de78c56-d416-4940-86b0-4a3712f597ec	2060307	1.0	confident	Enterococcus sp. FDAARGOS_375	Bacteria
21fbd76f-83e5-4183-8590-dfdc5bd9d29e	2060307	1.0	confident	Enterococcus sp. FDAARGOS_375	Bacteria
197226c2-ecf9-4a7c-90ea-107eded0f0b7	2060307	1.0	confident	Enterococcus sp. FDAARGOS_375	Bacteria
94e06b36-2608-4c80-8042-d492bf9a14f7	2060307	1.0	confident	Enterococcus sp. FDAARGOS_375	Bacteria
b7bec06d-0b88-4420-bbae-3a4b3af88b73	2060307	1.0	confident	Enterococcus sp. FDAARGOS_375	Bacteria
807cc6a2-e0a9-4c85-a2f6-4662936b735b	2060307	1.0	confident	Enterococcus sp. FDAARGOS_375	Bacteria
8e2d94e2-1709-49d4-a5ef-864499102adc	2060307	1.0	confident	Enterococcus sp. FDAARGOS_375	Bacteria
261c7024-c1a9-41a9-9b35-d3d8e9cccaf3	2060307	1.0	confident	Enterococcus sp. FDAARGOS_375	Bacteria
8dda17e4-b8e4-419c-87bf-7a5beb0f733a	2060307	1.0	confident	Enterococcus sp. FDAARGOS_375	Bacteria
a676778e-d97b-47e6-b6bf-05797db5cb56	2060307	1.0	confident	Enterococcus sp. FDAARGOS_375	Bacteria
d26f4b21-2a1a-46b3-b529-515f3d3b05d7	2060307	1.0	confident	Enterococcus sp. FDAARGOS_375	Bacteria
afbfe219-a424-4de0-99eb-bb7794a3a9ad	2060307	1.0	confident	Enterococcus sp. FDAARGOS_375	Bacteria
c26e8518-5413-4392-86ef-205f2843ea60	2060307	1.0	confident	Enterococcus sp. FDAARGOS_375	Bacteria
d7c87df5-bc9a-41e9-b5c9-e37ff30fa193	2060307	1.0	confident	Enterococcus sp. FDAARGOS_375	Bacteria
abd132bc-abe6-4db7-8bc4-a67baa480361	2060307	1.0	confident	Enterococcus sp. FDAARGOS_375	Bacteria
3e456757-c88f-4c04-afeb-94482e3ff815	2060307	1.0	confident	Enterococcus sp. FDAARGOS_375	Bacteria
3f7bce57-8fc6-4dbb-9be8-370205a30aa3	2060307	1.0	confident	Enterococcus sp. FDAARGOS_375	Bacteria
d0d246f6-31eb-4ade-84fb-44148224f270	2060307	1.0	confident	Enterococcus sp. FDAARGOS_375	Bacteria
e2e92ce7-36d4-4410-af83-5481507f3b60	2060307	1.0	confident	Enterococcus sp. FDAARGOS_375	Bacteria
b3395091-bf64-4e94-bb31-afd637eacba6	2060307	1.0	confident	Enterococcus sp. FDAARGOS_375	Bacteria
01ee5033-51d6-406d-a544-152abce4440c	2060307	1.0	confident	Enterococcus sp. FDAARGOS_375	Bacteria
375c9d03-651b-4ab8-bd3f-8be2c36a0c9c	2060307	1.0	confident	Enterococcus sp. FDAARGOS_375	Bacteria
8acef061-65f3-48a9-9b35-340cf89f6219	2060307	1.0	confident	Enterococcus sp. FDAARGOS_375	Bacteria
1b914c85-e6d1-47a8-8504-83f25402081c	2060307	1.0	confident	Enterococcus sp. FDAARGOS_375	Bacteria
50cfb18a-b470-426e-aa95-f733e1fcdcbf	2060307	1.0	confident	Enterococcus sp. FDAARGOS_375	Bacteria
0f05773f-28b4-4087-9e13-eb2cce598328	2060307	1.0	confident	Enterococcus sp. FDAARGOS_375	Bacteria
af1487f7-8b8e-4f66-a165-660adb71ab0f	2060307	1.0	confident	Enterococcus sp. FDAARGOS_375	Bacteria
475d40d9-59c8-4ce6-9f9a-d105d7f328f5	2060307	1.0	confident	Enterococcus sp. FDAARGOS_375	Bacteria
7fa87675-95ee-4bdf-95b1-c6e72ee09e52	2060307	1.0	confident	Enterococcus sp. FDAARGOS_375	Bacteria
5e20f494-d4d1-494c-9d84-e0112f024a6c	2060307	1.0	confident	Enterococcus sp. FDAARGOS_375	Bacteria
97a9c285-5201-4797-b5d3-9c4c1758861d	2060307	1.0	confident	Enterococcus sp. FDAARGOS_375	Bacteria
43755d5c-33df-448b-a41c-b32af9d10423	2060307	1.0	confident	Enterococcus sp. FDAARGOS_375	Bacteria
b8bc50f6-ccc1-4da1-8d61-5ddcf00df020	2060307	1.0	confident	Enterococcus sp. FDAARGOS_375	Bacteria
e5f65439-560c-4e60-a75d-c7b5f6638e5d	2060307	1.0	confident	Enterococcus sp. FDAARGOS_375	Bacteria
2ba3f09d-8d2f-46fd-8229-4b8f2bd723e7	2060307	1.0	confident	Enterococcus sp. FDAARGOS_375	Bacteria
7b49e7a6-a46c-49d1-aad0-2bfc78f310ac	2060307	1.0	confident	Enterococcus sp. FDAARGOS_375	Bacteria
3ed7f167-3cce-41c2-9358-5c8859a6d76a	2060307	1.0	confident	Enterococcus sp. FDAARGOS_375	Bacteria
067c5f73-f952-4be8-a523-2bcfee7e1a43	2060307	1.0	confident	Enterococcus sp. FDAARGOS_375	Bacteria
69e4255d-2437-409b-913e-5f6acbf8fcfc	2060307	1.0	confident	Enterococcus sp. FDAARGOS_375	Bacteria
37611d6d-79b7-48b2-be7f-588d26982039	2060307	1.0	confident	Enterococcus sp. FDAARGOS_375	Bacteria
83162736-8485-4952-8299-3dfa7156c261	2060307	1.0	confident	Enterococcus sp. FDAARGOS_375	Bacteria
0fb3c5be-4e6f-4e00-b90b-bc3172d861d1	2060307	1.0	confident	Enterococcus sp. FDAARGOS_375	Bacteria
167f9e15-066a-4733-81b6-1e7e57aa683f	2060307	1.0	confident	Enterococcus sp. FDAARGOS_375	Bacteria
cfc5d282-2063-4fdc-b291-4e63ba292201	2060307	1.0	confident	Enterococcus sp. FDAARGOS_375	Bacteria
8770b63d-8610-4e85-a9fa-5e2af1115bc3	2060307	1.0	confident	Enterococcus sp. FDAARGOS_375	Bacteria
cbff0fa6-f372-406f-9d2a-b5e4ffadfca3	2060307	1.0	confident	Enterococcus sp. FDAARGOS_375	Bacteria
91475af1-d014-425c-a5ef-a340f4d61308	2060307	1.0	confident	Enterococcus sp. FDAARGOS_375	Bacteria
051ba447-3ed6-446c-94f1-ad39ba889201	2060307	1.0	confident	Enterococcus sp. FDAARGOS_375	Bacteria
c8d029db-540f-4be1-84fb-0a0ffb9870ec	2060307	1.0	confident	Enterococcus sp. FDAARGOS_375	Bacteria
954f5b92-91b5-41b6-a475-bcacfaa955f4	2060307	1.0	confident	Enterococcus sp. FDAARGOS_375	Bacteria
157168e8-ffc2-42d9-a906-8ee19e5beb0c	2060307	1.0	confident	Enterococcus sp. FDAARGOS_375	Bacteria
4fa35288-ee98-48f2-97d5-38bf0f8cbe79	2060307	1.0	confident	Enterococcus sp. FDAARGOS_375	Bacteria
479fc16a-4926-4200-91aa-b0f730ca0414	2060307	1.0	confident	Enterococcus sp. FDAARGOS_375	Bacteria
8618c8b6-6b87-443b-8914-30b9f1e06f94	2060307	1.0	confident	Enterococcus sp. FDAARGOS_375	Bacteria
80150a3d-89a6-4fa5-9bc7-d2bd85799b55	2060307	1.0	confident	Enterococcus sp. FDAARGOS_375	Bacteria
1215b259-18ec-4a21-be7b-1dbd9a5e7bb8	2060307	1.0	confident	Enterococcus sp. FDAARGOS_375	Bacteria
b9844f44-8ce0-4bd9-a5fa-b5a73c5210ee	2060307	1.0	confident	Enterococcus sp. FDAARGOS_375	Bacteria
2671b0ec-74d6-4e02-be96-169d77835683	2060307	1.0	confident	Enterococcus sp. FDAARGOS_375	Bacteria
9ec41cb6-94b9-40eb-9884-67a739eadb55	2060307	1.0	confident	Enterococcus sp. FDAARGOS_375	Bacteria
b4cacb23-e1e6-459f-8234-4787c4420492	2060307	1.0	confident	Enterococcus sp. FDAARGOS_375	Bacteria
b4db30db-f960-4a5a-90c1-24f2f3cb582a	2060307	1.0	confident	Enterococcus sp. FDAARGOS_375	Bacteria
9880754e-eee5-4bf2-9acd-ba7ee828ffb6	2060307	1.0	confident	Enterococcus sp. FDAARGOS_375	Bacteria
b14f16fa-4073-464a-b996-abfd9922b3e6	2060307	1.0	confident	Enterococcus sp. FDAARGOS_375	Bacteria
994d407a-ed59-497c-a28d-3292118a8b7e	2060307	1.0	confident	Enterococcus sp. FDAARGOS_375	Bacteria
6191e6d8-e826-4433-8311-ce2b46e35109	2060307	1.0	confident	Enterococcus sp. FDAARGOS_375	Bacteria
c86c5ed9-6254-4b91-b7f1-3e2ea99d9ec6	2060307	1.0	confident	Enterococcus sp. FDAARGOS_375	Bacteria
94aa496d-6653-43c8-bac8-31626921d2e4	2060307	1.0	confident	Enterococcus sp. FDAARGOS_375	Bacteria
c7938078-75eb-445a-b952-6a20a2861b3d	2060307	1.0	confident	Enterococcus sp. FDAARGOS_375	Bacteria
84828b3d-cbc5-4eb8-a2a0-3db66f37671d	2060307	1.0	confident	Enterococcus sp. FDAARGOS_375	Bacteria
4a22ffd0-5c91-494d-b6ba-6c84705523ae	2060307	1.0	confident	Enterococcus sp. FDAARGOS_375	Bacteria
9aa3be37-7d1b-4de8-82ff-bba790ede869	2060307	1.0	confident	Enterococcus sp. FDAARGOS_375	Bacteria
549ac86d-a819-49bb-847a-81f46cd5fbec	2060307	1.0	confident	Enterococcus sp. FDAARGOS_375	Bacteria
4d2c29d6-d5d9-4e2c-8052-991577e24f39	2060307	1.0	confident	Enterococcus sp. FDAARGOS_375	Bacteria
a85b9ca5-a750-4123-8787-0a11e96c40e2	2060307	1.0	confident	Enterococcus sp. FDAARGOS_375	Bacteria
97228b2c-e632-48ba-af02-bcaaeb3f0c80	2060307	1.0	confident	Enterococcus sp. FDAARGOS_375	Bacteria
7a543ecf-61dd-45a9-983e-6e80e43d0699	2060307	1.0	confident	Enterococcus sp. FDAARGOS_375	Bacteria
e0c54903-cfc3-426f-96a1-f48725c098ab	2060307	1.0	confident	Enterococcus sp. FDAARGOS_375	Bacteria
1fb21f19-efbd-4219-b101-14eb0cae5770	2060307	1.0	confident	Enterococcus sp. FDAARGOS_375	Bacteria
fa266c5d-1282-42db-8f57-0a2d7a674da2	2060307	1.0	confident	Enterococcus sp. FDAARGOS_375	Bacteria
d3844d1f-78c0-4742-bec6-bb19890bbc83	2060307	1.0	confident	Enterococcus sp. FDAARGOS_375	Bacteria
28a09aaa-ca00-4d16-abb6-006a15c1c4dd	2060307	1.0	confident	Enterococcus sp. FDAARGOS_375	Bacteria
f68291b6-f64b-44ff-9e75-5336aed188d3	2060307	1.0	confident	Enterococcus sp. FDAARGOS_375	Bacteria
301db35f-408b-46be-809e-95cd8e37f547	2060307	1.0	confident	Enterococcus sp. FDAARGOS_375	Bacteria
5747db7d-c696-4986-a6a9-631c86eaa7e8	2060307	1.0	confident	Enterococcus sp. FDAARGOS_375	Bacteria
db979702-8533-405d-aa35-aeec8193cade	2060307	1.0	confident	Enterococcus sp. FDAARGOS_375	Bacteria
1b5c8a57-3f63-4ea2-8e06-bb42a25ae861	2060307	1.0	confident	Enterococcus sp. FDAARGOS_375	Bacteria
235bd9d9-d985-48b4-9c20-1920c179189d	2060307	1.0	confident	Enterococcus sp. FDAARGOS_375	Bacteria
2bc18785-b82b-435f-9958-ea450561805f	2060307	1.0	confident	Enterococcus sp. FDAARGOS_375	Bacteria
5ac54e28-514f-4670-b37d-61712c7af01c	2060307	1.0	confident	Enterococcus sp. FDAARGOS_375	Bacteria
3db9586c-a208-470e-8fc8-299ca0b53057	2060307	1.0	confident	Enterococcus sp. FDAARGOS_375	Bacteria
12c1a9a6-2fc7-4e9f-b362-d51bd21d0869	2060307	1.0	confident	Enterococcus sp. FDAARGOS_375	Bacteria
0906adb9-ae11-4ef3-8a3b-7a646ed255c1	2060307	1.0	confident	Enterococcus sp. FDAARGOS_375	Bacteria
256b7137-c28e-4661-b0b4-84fe1ed4bd28	2060307	1.0	confident	Enterococcus sp. FDAARGOS_375	Bacteria
07d6688b-d418-4c0e-b66f-fb9759b10217	2060307	1.0	confident	Enterococcus sp. FDAARGOS_375	Bacteria
e66c9bcc-88d1-473b-a008-1005ddd53db5	2060307	1.0	confident	Enterococcus sp. FDAARGOS_375	Bacteria
14b3d27d-f3b7-4074-bcf7-b7cc2f83abd3	2060307	1.0	confident	Enterococcus sp. FDAARGOS_375	Bacteria
c46f08a5-6cb5-4e17-abad-41124468399a	2060307	1.0	confident	Enterococcus sp. FDAARGOS_375	Bacteria
a24e45ec-7a6d-45e5-a62c-3e43808ec24a	2060307	1.0	confident	Enterococcus sp. FDAARGOS_375	Bacteria
2699f529-ca54-41c9-a268-8c5aa9e8c495	2060307	1.0	confident	Enterococcus sp. FDAARGOS_375	Bacteria
8ece0850-9d19-4caf-97b6-8c212cbc64ee	2060307	1.0	confident	Enterococcus sp. FDAARGOS_375	Bacteria
f10f06fc-b975-42e3-8380-fc6f3f118215	2060307	1.0	confident	Enterococcus sp. FDAARGOS_375	Bacteria
97509895-13be-4337-9299-4030b8d9d9ca	2060307	1.0	confident	Enterococcus sp. FDAARGOS_375	Bacteria
542a72c4-5173-4215-907d-91f196976cb3	2060307	1.0	confident	Enterococcus sp. FDAARGOS_375	Bacteria
5dc2b250-fdc2-44df-826d-f065f63263e3	2060307	1.0	confident	Enterococcus sp. FDAARGOS_375	Bacteria
f11f83ff-f195-4f95-b851-e5a53594747d	2060307	1.0	confident	Enterococcus sp. FDAARGOS_375	Bacteria
68586185-51b0-4902-805c-d2d1a95c1845	2060307	1.0	confident	Enterococcus sp. FDAARGOS_375	Bacteria
8c53767f-17d0-4492-820d-e5f67b8b8938	2060307	1.0	confident	Enterococcus sp. FDAARGOS_375	Bacteria
a7f0d367-09e4-46ce-a484-439bb3e7155c	2060307	1.0	confident	Enterococcus sp. FDAARGOS_375	Bacteria
78cb7448-1817-4dc8-96f2-1b4393bb5c44	2060307	1.0	confident	Enterococcus sp. FDAARGOS_375	Bacteria
f4da4826-8e0b-45ee-bc8a-611356ba0742	2060307	1.0	confident	Enterococcus sp. FDAARGOS_375	Bacteria
e1440420-dd87-4df8-8ece-d33dd16e6444	2060307	1.0	confident	Enterococcus sp. FDAARGOS_375	Bacteria
246987c8-2361-4ad8-b026-4844a81bbe0f	2060307	1.0	confident	Enterococcus sp. FDAARGOS_375	Bacteria
2676a7bc-ab88-43cf-96fd-94fdf4a28be9	2060307	1.0	confident	Enterococcus sp. FDAARGOS_375	Bacteria
15825756-ec46-4918-af7e-833cdbc59000	2060307	1.0	confident	Enterococcus sp. FDAARGOS_375	Bacteria
3916c7ff-975c-43ee-a9b3-d0a1b094fec1	2060307	1.0	confident	Enterococcus sp. FDAARGOS_375	Bacteria
7b92c8f2-f0a0-431e-8413-d29c9232e92c	2060307	1.0	confident	Enterococcus sp. FDAARGOS_375	Bacteria
f76a63f4-6e82-45ef-88bb-49fd25745d7a	2060307	1.0	confident	Enterococcus sp. FDAARGOS_375	Bacteria
f5708294-aa33-4ab4-985d-9cf8ffd5a2b2	2060307	1.0	confident	Enterococcus sp. FDAARGOS_375	Bacteria
f06833bf-c483-4edf-a8fb-b46877f3c227	2060307	1.0	confident	Enterococcus sp. FDAARGOS_375	Bacteria
c2155c3d-910a-453d-86f0-b16377624a46	2060307	1.0	confident	Enterococcus sp. FDAARGOS_375	Bacteria
ee2cabf0-c6fc-4973-bd85-fbba7b9cf471	2060307	1.0	confident	Enterococcus sp. FDAARGOS_375	Bacteria
4e831417-6cc2-40a8-8202-74ced3eb3236	2060307	1.0	confident	Enterococcus sp. FDAARGOS_375	Bacteria
6f0483fc-d138-4973-a3cc-2d6a0ed9d201	2060307	1.0	confident	Enterococcus sp. FDAARGOS_375	Bacteria
73dcb652-451d-46ec-be11-e1a066ebeee6	2060307	1.0	confident	Enterococcus sp. FDAARGOS_375	Bacteria
7638f53b-2ccd-46c6-9c3a-9cda5a741f27	2060307	1.0	confident	Enterococcus sp. FDAARGOS_375	Bacteria
27b5ce85-dc19-46cf-8173-04edaf65aa14	2060307	1.0	confident	Enterococcus sp. FDAARGOS_375	Bacteria
dca87d2e-4462-4e0a-880c-03d0681c9c22	2060307	1.0	confident	Enterococcus sp. FDAARGOS_375	Bacteria
c4c4ce1d-7a3a-4b87-9783-337bad8803f9	2060307	1.0	confident	Enterococcus sp. FDAARGOS_375	Bacteria
1075045c-4f56-4e94-936b-0b75afb2160a	2060307	1.0	confident	Enterococcus sp. FDAARGOS_375	Bacteria
0b72032a-160e-43f7-843f-911c880533a1	2060307	1.0	confident	Enterococcus sp. FDAARGOS_375	Bacteria
c6f76167-0905-48f3-b5fa-0cdb99e7190e	2060307	1.0	confident	Enterococcus sp. FDAARGOS_375	Bacteria
d21ff9b9-deb4-4bcf-a673-9976bbeb1cab	2060307	1.0	confident	Enterococcus sp. FDAARGOS_375	Bacteria
1ac4dcf2-909e-4532-b1e0-1cdb1b9622b9	2060307	1.0	confident	Enterococcus sp. FDAARGOS_375	Bacteria
8cc1f789-a0e8-42cb-9789-1daff5822057	2060307	1.0	confident	Enterococcus sp. FDAARGOS_375	Bacteria
bae0bfae-c0cc-4002-8065-ca4fc4611cbe	2060307	1.0	confident	Enterococcus sp. FDAARGOS_375	Bacteria
61339c72-4075-4292-bada-afcd8e3bac5e	2060307	1.0	confident	Enterococcus sp. FDAARGOS_375	Bacteria
1ac5253f-1b2c-48ea-99fb-6cf6c6e87a8f	2060307	1.0	confident	Enterococcus sp. FDAARGOS_375	Bacteria
e8551ead-041b-42a8-b8c1-22c30b8a697b	2060307	1.0	confident	Enterococcus sp. FDAARGOS_375	Bacteria
616cbdac-ef84-419a-9205-b2cae57e074a	2060307	1.0	confident	Enterococcus sp. FDAARGOS_375	Bacteria
18111333-7638-42b4-bbfc-41e3bceda3c0	2060307	1.0	confident	Enterococcus sp. FDAARGOS_375	Bacteria
d07d2f09-55cc-4c96-9308-7ab1eb9b2b92	2060307	1.0	confident	Enterococcus sp. FDAARGOS_375	Bacteria
92477066-6232-4a39-bb62-ac41ea73fa76	2060307	1.0	confident	Enterococcus sp. FDAARGOS_375	Bacteria
61a47126-8f0f-4ad5-943a-3c89a8025e95	2060307	1.0	confident	Enterococcus sp. FDAARGOS_375	Bacteria
2025de93-477c-4bef-8a16-91e19beb82cf	2060307	1.0	confident	Enterococcus sp. FDAARGOS_375	Bacteria
e1f972ce-df67-4f65-8fbd-2046d596c5d0	2060307	1.0	confident	Enterococcus sp. FDAARGOS_375	Bacteria
451c66f6-4846-44cc-933e-cd827e80895d	2060307	1.0	confident	Enterococcus sp. FDAARGOS_375	Bacteria
b8f12d31-7f76-48d7-83fb-ad232455af3f	2060307	1.0	confident	Enterococcus sp. FDAARGOS_375	Bacteria
aee481e0-d872-42f4-a674-85a83ba73947	2060307	1.0	confident	Enterococcus sp. FDAARGOS_375	Bacteria
b0a86b8b-797f-48de-a1e9-e17a76cf0c70	2060307	1.0	confident	Enterococcus sp. FDAARGOS_375	Bacteria
12a26945-ee62-4268-8f4c-f6b62d4f5baf	2060307	1.0	confident	Enterococcus sp. FDAARGOS_375	Bacteria
638f8ebe-4d99-4dd4-a930-a732eac65423	2060307	1.0	confident	Enterococcus sp. FDAARGOS_375	Bacteria
64868df7-5e45-4a7e-bb12-d9291b3965c4	2060307	1.0	confident	Enterococcus sp. FDAARGOS_375	Bacteria
ebec13b8-2fe6-4b6b-9b9a-bcce9809533a	2060307	1.0	confident	Enterococcus sp. FDAARGOS_375	Bacteria
ad6c9b91-f14a-4d45-a93b-416b1a0840d0	2060307	1.0	confident	Enterococcus sp. FDAARGOS_375	Bacteria
235f3526-3c2a-42b4-96e1-d97b9e6d8f19	2060307	1.0	confident	Enterococcus sp. FDAARGOS_375	Bacteria
b8135e52-c2b4-4507-bfda-e422da5eaa43	2060307	1.0	confident	Enterococcus sp. FDAARGOS_375	Bacteria
852bc5d3-9923-44b4-8ab4-98fda4180826	2060307	1.0	confident	Enterococcus sp. FDAARGOS_375	Bacteria
2dd78a13-3431-4d6a-b73a-70a5e211785f	2060307	1.0	confident	Enterococcus sp. FDAARGOS_375	Bacteria
3eaaadd3-2c3d-4298-8624-bdea5092b591	2060307	1.0	confident	Enterococcus sp. FDAARGOS_375	Bacteria
211e310e-7c37-4726-b3f9-70af28469f27	2060307	1.0	confident	Enterococcus sp. FDAARGOS_375	Bacteria
5072dd31-1954-40c5-8917-0ae77d4ce41f	2060307	1.0	confident	Enterococcus sp. FDAARGOS_375	Bacteria
ced423f0-ab2f-43ff-9962-55810f536dc9	2060307	1.0	confident	Enterococcus sp. FDAARGOS_375	Bacteria
df625dd6-1a43-45ee-b707-b99a9f3e2dfc	2060307	1.0	confident	Enterococcus sp. FDAARGOS_375	Bacteria
bdb35f21-57e2-4b8b-846a-28f543b775a1	2060307	1.0	confident	Enterococcus sp. FDAARGOS_375	Bacteria
865d5771-f03a-4a8e-8fc3-9b662c55be5c	2060307	1.0	confident	Enterococcus sp. FDAARGOS_375	Bacteria
ba3853e2-a865-4db3-bce6-dacc51a9f43e	2060307	1.0	confident	Enterococcus sp. FDAARGOS_375	Bacteria
7429dd24-5900-4901-a0c6-af3c70e3547e	2060307	1.0	confident	Enterococcus sp. FDAARGOS_375	Bacteria
5b460149-a512-458e-b72f-e822eb20e5ad	2060307	1.0	confident	Enterococcus sp. FDAARGOS_375	Bacteria
3d0bd399-57fb-4f10-b44e-76e6256b5a51	2060307	1.0	confident	Enterococcus sp. FDAARGOS_375	Bacteria
ac3e3f12-9f3e-4bde-a837-dc575c136cc3	2060307	1.0	confident	Enterococcus sp. FDAARGOS_375	Bacteria
78d211f4-0585-4e67-80e5-14436245c526	2060307	1.0	confident	Enterococcus sp. FDAARGOS_375	Bacteria
5a89f421-75c6-4416-a0c1-71812358d16f	2060307	1.0	confident	Enterococcus sp. FDAARGOS_375	Bacteria
426a0bb7-a911-4e45-af0a-563e92655ea3	2060307	1.0	confident	Enterococcus sp. FDAARGOS_375	Bacteria
6112be18-1a2a-4004-814e-210a223f6841	2060307	1.0	confident	Enterococcus sp. FDAARGOS_375	Bacteria
df17ddd7-a715-4a45-af8b-a4a6acf2235d	2060307	1.0	confident	Enterococcus sp. FDAARGOS_375	Bacteria
d4c5941e-6f1b-48f3-83b9-72e114064ef3	2060307	1.0	confident	Enterococcus sp. FDAARGOS_375	Bacteria
c19f158e-4675-4522-958c-daee495b5eb7	2060307	1.0	confident	Enterococcus sp. FDAARGOS_375	Bacteria
385e70c8-13ad-44da-97db-a6f550d35f93	2060307	1.0	confident	Enterococcus sp. FDAARGOS_375	Bacteria
826669ce-cbb2-43ce-acda-0e3877016f3b	2060307	1.0	confident	Enterococcus sp. FDAARGOS_375	Bacteria
268c05d6-9f77-47b7-ba63-186e78b85572	2060307	1.0	confident	Enterococcus sp. FDAARGOS_375	Bacteria
4a6b2177-107e-4ec5-b5f8-e5a7f398f868	2060307	1.0	confident	Enterococcus sp. FDAARGOS_375	Bacteria
cb98300e-c6d4-4dbe-b1b6-0aef6d1cecd4	2060307	1.0	confident	Enterococcus sp. FDAARGOS_375	Bacteria
2b45a408-71b1-4d58-a5f2-6d27720d79d9	2060307	1.0	confident	Enterococcus sp. FDAARGOS_375	Bacteria
370b0a00-cb7e-48b5-95f7-ef69f481b761	2060307	1.0	confident	Enterococcus sp. FDAARGOS_375	Bacteria
a4c9104c-ae00-4c71-81cd-0002d54d91c2	2060307	1.0	confident	Enterococcus sp. FDAARGOS_375	Bacteria
c04ebfc7-4eb8-4b94-b62b-5f9f7bc15674	2060307	1.0	confident	Enterococcus sp. FDAARGOS_375	Bacteria
c5bdb12e-2064-4dcd-bcbf-7b80ed8b0b36	2060307	1.0	confident	Enterococcus sp. FDAARGOS_375	Bacteria
0b9a9c07-bcb7-4481-af78-0f8cdb7c5d60	2060307	1.0	confident	Enterococcus sp. FDAARGOS_375	Bacteria
13bd0447-5e08-4fc0-9969-ddc66bf7a75d	2060307	1.0	confident	Enterococcus sp. FDAARGOS_375	Bacteria
e8c0a4df-6e25-4264-9078-1e00a9c12cc7	2060307	1.0	confident	Enterococcus sp. FDAARGOS_375	Bacteria
12ca9a41-cf85-4cf4-afce-709a569bfa11	2060307	1.0	confident	Enterococcus sp. FDAARGOS_375	Bacteria
16d3a2c4-2db7-4d6b-bc5b-b972f4750f2e	2060307	1.0	confident	Enterococcus sp. FDAARGOS_375	Bacteria
95b719a3-2d00-4dc1-bb85-508958bd607a	2060307	1.0	confident	Enterococcus sp. FDAARGOS_375	Bacteria
945cb6ae-1028-44df-a208-f607f90b6d0a	2060307	1.0	confident	Enterococcus sp. FDAARGOS_375	Bacteria
b235d7cd-b32a-47c4-b4f2-d4b1ee9cac58	2060307	1.0	confident	Enterococcus sp. FDAARGOS_375	Bacteria
e60ed341-55d4-415b-9e63-359e62747d7e	2060307	1.0	confident	Enterococcus sp. FDAARGOS_375	Bacteria
b64b941b-5a44-4ec3-b958-3bc419b82e9c	2060307	1.0	confident	Enterococcus sp. FDAARGOS_375	Bacteria
df6053eb-7439-47fd-bafe-25f6767f5c0e	2060307	1.0	confident	Enterococcus sp. FDAARGOS_375	Bacteria
cd7f5ae1-3ba7-45b5-9b82-c193a5c2127b	2060307	1.0	confident	Enterococcus sp. FDAARGOS_375	Bacteria
6c51ad88-db4e-4bfa-9f04-f2db56fa578e	2060307	1.0	confident	Enterococcus sp. FDAARGOS_375	Bacteria
75e0ad07-2ed8-4a50-8fce-1a21cb3db2c8	2060307	1.0	confident	Enterococcus sp. FDAARGOS_375	Bacteria
4b6d0865-29e1-4272-8552-06e1e96fc453	2060307	1.0	confident	Enterococcus sp. FDAARGOS_375	Bacteria
327339f4-53e7-431e-982a-f3ee309d4f7e	2060307	1.0	confident	Enterococcus sp. FDAARGOS_375	Bacteria
01d0de21-644c-43bc-8fa9-385f2ce772be	2060307	1.0	confident	Enterococcus sp. FDAARGOS_375	Bacteria
e9e5d08e-1a88-4b13-8f32-2a64131519dc	2060307	1.0	confident	Enterococcus sp. FDAARGOS_375	Bacteria
643a8083-935d-4604-b938-6ac6aa7e92d0	2060307	1.0	confident	Enterococcus sp. FDAARGOS_375	Bacteria
e07fbdad-9462-41a3-852a-d2eb9c4cf2c1	2060307	1.0	confident	Enterococcus sp. FDAARGOS_375	Bacteria
dd610018-92ac-4d6e-abaa-ab3fafaa029e	2060307	1.0	confident	Enterococcus sp. FDAARGOS_375	Bacteria
e9b16ea8-7538-4dc4-814b-1df5352a9760	2060307	1.0	confident	Enterococcus sp. FDAARGOS_375	Bacteria
ad8e02ea-69b6-4cc8-85c1-f43617b778f4	2060307	1.0	confident	Enterococcus sp. FDAARGOS_375	Bacteria
37b5d340-f9d2-4c7c-98d8-0eb0c949337a	2060307	1.0	confident	Enterococcus sp. FDAARGOS_375	Bacteria
7845eda8-f448-4c03-aa6c-355d9ad71cc3	2060307	1.0	confident	Enterococcus sp. FDAARGOS_375	Bacteria
a16b88c0-7091-454a-9c57-c85892a5f888	2060307	1.0	confident	Enterococcus sp. FDAARGOS_375	Bacteria
c6988e33-c711-46de-a09e-315110aca785	2060307	1.0	confident	Enterococcus sp. FDAARGOS_375	Bacteria
677b387b-b146-4afe-9314-038dfd8323c6	2060307	1.0	confident	Enterococcus sp. FDAARGOS_375	Bacteria
a9f20105-0223-477b-a150-0ceabc45647f	2060307	1.0	confident	Enterococcus sp. FDAARGOS_375	Bacteria
33dfa020-745d-4fd5-bd2d-b2a23ab37080	2060307	1.0	confident	Enterococcus sp. FDAARGOS_375	Bacteria
3fc8644a-0ef2-4abb-897d-a036d492a7a1	2060307	1.0	confident	Enterococcus sp. FDAARGOS_375	Bacteria
85eb24db-144e-4212-a923-472b1b933f38	2060307	1.0	confident	Enterococcus sp. FDAARGOS_375	Bacteria
6a9ebbd2-9110-49af-9988-e54e74f6e21e	2060307	1.0	confident	Enterococcus sp. FDAARGOS_375	Bacteria
22d6f0c7-e1df-4ea3-bbdc-3a6acd2a3304	2060307	1.0	confident	Enterococcus sp. FDAARGOS_375	Bacteria
c749ad03-f23e-4f58-a811-ff32851be006	2060307	1.0	confident	Enterococcus sp. FDAARGOS_375	Bacteria
daa1cf77-fb76-4c6f-8990-afbb2bf1ce44	2060307	1.0	confident	Enterococcus sp. FDAARGOS_375	Bacteria
d3508034-24bf-47f0-b65a-ce0de9a9b9ba	2060307	1.0	confident	Enterococcus sp. FDAARGOS_375	Bacteria
ead547c3-9906-4a5c-8977-cff68aa445c5	2060307	1.0	confident	Enterococcus sp. FDAARGOS_375	Bacteria
1fb2cee9-8062-4710-b99d-5dd3bad85a9e	2060307	1.0	confident	Enterococcus sp. FDAARGOS_375	Bacteria
1fe490ca-abb4-4557-8c40-9840a09691c5	2060307	1.0	confident	Enterococcus sp. FDAARGOS_375	Bacteria
b8624aaa-f65b-4343-9b0c-32098599de99	2060307	1.0	confident	Enterococcus sp. FDAARGOS_375	Bacteria
3f3d3738-2e73-46bf-98a0-ee34b04a5b4a	2060307	1.0	confident	Enterococcus sp. FDAARGOS_375	Bacteria
996b6bd9-3325-45a9-9d54-ec643a694570	2060307	1.0	confident	Enterococcus sp. FDAARGOS_375	Bacteria
2afaa96b-5e8d-464b-9b66-3ab7a5187ee9	2060307	1.0	confident	Enterococcus sp. FDAARGOS_375	Bacteria
6ab394c9-432f-4915-8657-8be7adc195a6	2060307	1.0	confident	Enterococcus sp. FDAARGOS_375	Bacteria
13751e1b-8ca8-4979-bdfa-97f2aa86d767	2060307	1.0	confident	Enterococcus sp. FDAARGOS_375	Bacteria
c576f573-a786-4c1a-82a7-f4a12d8ecc98	2060307	1.0	confident	Enterococcus sp. FDAARGOS_375	Bacteria
34938c7b-a42b-4c31-b966-7b4af124a032	2060307	1.0	confident	Enterococcus sp. FDAARGOS_375	Bacteria
7ac3510e-352a-4d8a-a77a-97d9e5601cfb	2060307	1.0	confident	Enterococcus sp. FDAARGOS_375	Bacteria
5a9e5f8d-231b-4967-8bdb-4604c9924342	2060307	1.0	confident	Enterococcus sp. FDAARGOS_375	Bacteria
6f651023-a72d-4be4-8e0a-78977acac298	2060307	1.0	confident	Enterococcus sp. FDAARGOS_375	Bacteria
0c903a46-a5a2-4f74-9efc-24decf5e7ebe	2060307	1.0	confident	Enterococcus sp. FDAARGOS_375	Bacteria
abd634ce-392f-4b53-bf46-1d24a90f032e	2060307	1.0	confident	Enterococcus sp. FDAARGOS_375	Bacteria
6ae8c86e-be9c-4645-a891-d8d1beacadd0	2060307	1.0	confident	Enterococcus sp. FDAARGOS_375	Bacteria
bec3165c-eb0f-4167-ab40-3af2335cc19a	2060307	1.0	confident	Enterococcus sp. FDAARGOS_375	Bacteria
21128e6c-a639-4dd3-9faf-ac0c9647c439	2060307	1.0	confident	Enterococcus sp. FDAARGOS_375	Bacteria
622f679c-17fb-4c58-963a-c1896b660da6	2060307	1.0	confident	Enterococcus sp. FDAARGOS_375	Bacteria
2cf60849-ffe2-47ce-bd92-e9263028e256	2060307	1.0	confident	Enterococcus sp. FDAARGOS_375	Bacteria
1a574404-ec81-494e-bb7e-d8586cc03249	2060307	1.0	confident	Enterococcus sp. FDAARGOS_375	Bacteria
fece415f-31d0-45cd-99e6-5bf151e9a6fb	2060307	1.0	confident	Enterococcus sp. FDAARGOS_375	Bacteria
c07fc2d1-d55a-4b04-92f6-1a7f9a3447f6	2060307	1.0	confident	Enterococcus sp. FDAARGOS_375	Bacteria
d582aed5-c6ef-4126-a91e-7c5942a32914	2060307	1.0	confident	Enterococcus sp. FDAARGOS_375	Bacteria
30c283a6-d3a1-4fc9-bab8-70bd0c513a50	2060307	1.0	confident	Enterococcus sp. FDAARGOS_375	Bacteria
ed9702d2-dbe6-4be8-b93d-cab758bebfac	2060307	1.0	confident	Enterococcus sp. FDAARGOS_375	Bacteria
9c9166ef-6452-475a-96aa-36ce27bffc6f	2060307	1.0	confident	Enterococcus sp. FDAARGOS_375	Bacteria
1932cefb-11a4-41a0-a099-ff51b7e8e8bc	2060307	1.0	confident	Enterococcus sp. FDAARGOS_375	Bacteria
746671eb-d5a2-4985-96bf-aa863c2f7287	2060307	1.0	confident	Enterococcus sp. FDAARGOS_375	Bacteria
5559c8b0-65b6-41d1-b05d-b50dea283066	2060307	1.0	confident	Enterococcus sp. FDAARGOS_375	Bacteria
a7259b6f-d25e-4038-b404-a698388daee6	2060307	1.0	confident	Enterococcus sp. FDAARGOS_375	Bacteria
90263507-31f3-4ad7-9194-64c648851c72	2060307	1.0	confident	Enterococcus sp. FDAARGOS_375	Bacteria
23dcaafc-22b6-4998-9652-c21ee15b618a	2060307	1.0	confident	Enterococcus sp. FDAARGOS_375	Bacteria
28679fa0-2d11-4df2-a25f-eb8664cad43d	2060307	1.0	confident	Enterococcus sp. FDAARGOS_375	Bacteria
ecb127bd-dd7e-474d-8fed-cc5f700274b3	2060307	1.0	confident	Enterococcus sp. FDAARGOS_375	Bacteria
fcdd2433-a15b-4ae5-9c17-702443ed376b	2060307	1.0	confident	Enterococcus sp. FDAARGOS_375	Bacteria
202114f4-a8c3-4581-a9fe-51bf116b4bfc	2060307	1.0	confident	Enterococcus sp. FDAARGOS_375	Bacteria
cd3c614e-f67c-4387-a8a2-f907f908bdb6	2060307	1.0	confident	Enterococcus sp. FDAARGOS_375	Bacteria
c00fc7aa-b514-4c4d-8646-2d506062daad	2060307	1.0	confident	Enterococcus sp. FDAARGOS_375	Bacteria
02c7d102-9fcd-4f5b-9937-ab3b25a02aec	2060307	1.0	confident	Enterococcus sp. FDAARGOS_375	Bacteria
c29ee663-befd-477c-9aa4-cbd20ba2c8d1	2060307	1.0	confident	Enterococcus sp. FDAARGOS_375	Bacteria
23cf6643-a1f7-4d9d-a623-579346e5d4bc	2060307	1.0	confident	Enterococcus sp. FDAARGOS_375	Bacteria
edbd7239-c2e2-4bb2-8e09-f0c77bef428a	2060307	1.0	confident	Enterococcus sp. FDAARGOS_375	Bacteria
8aa49712-45f5-4a46-9963-cb464662a49d	2060307	1.0	confident	Enterococcus sp. FDAARGOS_375	Bacteria
09279ac4-a083-4f41-9551-788a745b233a	2060307	1.0	confident	Enterococcus sp. FDAARGOS_375	Bacteria
79556c58-4057-408c-984a-85052b5d6703	2060307	1.0	confident	Enterococcus sp. FDAARGOS_375	Bacteria
d787dbd4-c64d-4acb-a216-563b57e58088	2060307	1.0	confident	Enterococcus sp. FDAARGOS_375	Bacteria
3b2fad28-420b-42e0-83fe-331a89c83624	2060307	1.0	confident	Enterococcus sp. FDAARGOS_375	Bacteria
8669d7a0-961e-4805-b9af-69c0b8d6a3ee	2060307	1.0	confident	Enterococcus sp. FDAARGOS_375	Bacteria
41e66116-c654-4940-9e81-e3b587d117ae	2060307	1.0	confident	Enterococcus sp. FDAARGOS_375	Bacteria
e121af18-7d1a-465f-b44a-ca83e4987ee9	2060307	1.0	confident	Enterococcus sp. FDAARGOS_375	Bacteria
5bc0a40d-77c5-41c8-8ade-bbae246ed33e	2060307	1.0	confident	Enterococcus sp. FDAARGOS_375	Bacteria
a97eb4bd-4fc5-4ff4-ba7a-3de8cf7d9ffb	2060307	1.0	confident	Enterococcus sp. FDAARGOS_375	Bacteria
79f8793d-84b4-4aba-a2de-3534cfc90e1f	2060307	1.0	confident	Enterococcus sp. FDAARGOS_375	Bacteria
49498b86-2546-4a17-93c1-f79becc3dab6	2060307	1.0	confident	Enterococcus sp. FDAARGOS_375	Bacteria
2d65488f-0d91-4450-9426-89846593b415	2060307	1.0	confident	Enterococcus sp. FDAARGOS_375	Bacteria
e49d475b-4e5c-4178-9472-cafb313da2be	2060307	1.0	confident	Enterococcus sp. FDAARGOS_375	Bacteria
fc02100c-d927-41d9-8958-a0e60c097913	2060307	1.0	confident	Enterococcus sp. FDAARGOS_375	Bacteria
1602fcae-7bc3-4e61-b3f1-ebe68096914a	2060307	1.0	confident	Enterococcus sp. FDAARGOS_375	Bacteria
c744e05b-6611-40d1-accc-19feb0c8af70	2060307	1.0	confident	Enterococcus sp. FDAARGOS_375	Bacteria
d008d703-970a-45c5-8595-883b4bddaf65	2060307	1.0	confident	Enterococcus sp. FDAARGOS_375	Bacteria
bdc23644-a1d4-4278-bf6f-bbefd6b466b9	2060307	1.0	confident	Enterococcus sp. FDAARGOS_375	Bacteria
e5ef82fe-b8c1-49dc-a9c2-b4800b5e7af8	2060307	1.0	confident	Enterococcus sp. FDAARGOS_375	Bacteria
ae556836-cdfc-4623-a160-56ec7e96589b	2060307	1.0	confident	Enterococcus sp. FDAARGOS_375	Bacteria
e642b5b5-0041-4de0-8e39-6b5189fbcc69	2060307	1.0	confident	Enterococcus sp. FDAARGOS_375	Bacteria
52f56ef2-2865-418d-8ca6-4821e92c09f7	2060307	1.0	confident	Enterococcus sp. FDAARGOS_375	Bacteria
f0006f9a-9aae-48c7-bea6-79ff168e52da	2060307	1.0	confident	Enterococcus sp. FDAARGOS_375	Bacteria
70f262bb-6459-43e0-90e1-ac458b81453d	2060307	1.0	confident	Enterococcus sp. FDAARGOS_375	Bacteria
58688d4e-8a6a-481f-9c94-582442b50cba	2060307	1.0	confident	Enterococcus sp. FDAARGOS_375	Bacteria
b1aea1bd-60a0-4b35-8df9-d7019df75262	2060307	1.0	confident	Enterococcus sp. FDAARGOS_375	Bacteria
4c33dd8b-b668-45e1-9461-e81136fd40aa	2060307	1.0	confident	Enterococcus sp. FDAARGOS_375	Bacteria
b92f33eb-30d3-4ffb-bd58-b472787bae1c	2060307	1.0	confident	Enterococcus sp. FDAARGOS_375	Bacteria
38ae4c06-f76b-43ca-a215-a0483f58a5ee	10003216	0.5815597849303767	medium	Sphingobium yanoikuyae	Bacteria
b2a4e7df-fb30-4af9-9b5b-d3ba1a652c43	10003216	0.5815597849303759	medium	Sphingobium yanoikuyae	Bacteria
e810033d-da74-41d4-95c0-f7973fa98359	10003216	0.5815597849303776	medium	Sphingobium yanoikuyae	Bacteria
ce144d2c-e0f7-4c18-b7c8-19863c8ea6ed	10003216	0.5815597849303759	medium	Sphingobium yanoikuyae	Bacteria
4cd66eb4-25c3-4e98-855c-6f75066911cf	10003216	0.5815597849303767	medium	Sphingobium yanoikuyae	Bacteria
793ab7bd-2d08-40ba-9707-529315d8c2c7	10003216	0.5815597849303767	medium	Sphingobium yanoikuyae	Bacteria
0908c895-998a-4840-af0f-5feb2157e2e0	10003216	0.5815597849303767	medium	Sphingobium yanoikuyae	Bacteria
7ea70efa-1e53-49b4-bb82-4231333b168a	10003216	0.5815597849303759	medium	Sphingobium yanoikuyae	Bacteria
81e7b2de-fe9e-44e2-9f46-5c6a4cbedbcd	10003216	0.5815597849303763	medium	Sphingobium yanoikuyae	Bacteria
13fcca2b-e7e0-46a0-9a01-bb44cc6b4099	10003216	0.5815597849303767	medium	Sphingobium yanoikuyae	Bacteria
4f9f0915-9a0d-4c81-b448-95c1aa770f2d	10003216	0.5815597849303767	medium	Sphingobium yanoikuyae	Bacteria
afc7d724-3485-4cff-8b4d-43de34c5786e	10003216	0.5815597849303767	medium	Sphingobium yanoikuyae	Bacteria
8ebb9831-762c-4081-9eda-267b63c1aace	10003216	0.5815597849303763	medium	Sphingobium yanoikuyae	Bacteria
c52364f9-91fe-4ebf-acb8-b240d35e3e54	10003216	0.5815597849303759	medium	Sphingobium yanoikuyae	Bacteria
24e28f19-caa3-4400-97e4-69cc85796c36	10003216	0.5815597849303776	medium	Sphingobium yanoikuyae	Bacteria
00538b9f-9bc9-4cc6-9299-7de7de207bba	10003216	0.5815597849303767	medium	Sphingobium yanoikuyae	Bacteria
78b0fff8-56d0-4e88-a0ea-1264fb352dc2	10003216	0.5815597849303759	medium	Sphingobium yanoikuyae	Bacteria
7508b964-7ca9-432e-8298-118927599d90	10003216	0.5815597849303759	medium	Sphingobium yanoikuyae	Bacteria
9247e3f9-0426-4668-9b0b-b81a00983826	10003216	0.5815597849303759	medium	Sphingobium yanoikuyae	Bacteria
021f06ad-82b7-4636-a0a7-deb887a8bc73	10003216	0.5815597849303767	medium	Sphingobium yanoikuyae	Bacteria
627ef46d-864e-4cb3-bc7c-926e966583aa	10003216	0.5815597849303759	medium	Sphingobium yanoikuyae	Bacteria
e7bbbf97-7611-4272-bce5-f1931c671c89	10003216	0.5815597849303759	medium	Sphingobium yanoikuyae	Bacteria
9cefaf11-7b36-4c93-94c0-87f24496dfd9	10003216	0.5815597849303767	medium	Sphingobium yanoikuyae	Bacteria
0aecf275-05f9-4c8b-a0d9-2908c3ab4a19	10003216	0.5815597849303767	medium	Sphingobium yanoikuyae	Bacteria
c32ac7fd-3d75-4f3b-b66d-e0ecdc405c93	10003216	0.5815597849303767	medium	Sphingobium yanoikuyae	Bacteria
c8d01d7e-81d5-4ac3-a295-4db0d179c79c	10003216	0.5815597849303767	medium	Sphingobium yanoikuyae	Bacteria
9aa214a4-d70b-4dcc-b770-96458b41964b	10003216	0.5815597849303776	medium	Sphingobium yanoikuyae	Bacteria
b44ae67a-e147-4860-aa32-2f93ac1c517f	10003216	0.5815597849303759	medium	Sphingobium yanoikuyae	Bacteria
baa96832-c2be-4ae4-bc37-31fcb9b6996e	10003216	0.5815597849303776	medium	Sphingobium yanoikuyae	Bacteria
6b777826-269d-4a95-938e-6a4c89810bb6	10003216	0.5815597849303763	medium	Sphingobium yanoikuyae	Bacteria
1c717d3d-12d1-437e-9759-3bbdd0543aec	10003216	0.5815597849303767	medium	Sphingobium yanoikuyae	Bacteria
df764150-ef07-47ed-b71a-21809e2f386e	10003216	0.5815597849303759	medium	Sphingobium yanoikuyae	Bacteria
d0153bb7-3622-45e8-942a-e1957f073fcd	10003216	0.5815597849303763	medium	Sphingobium yanoikuyae	Bacteria
51b1450d-934f-4ff8-b30e-7fd4f0f8955d	10003216	0.5815597849303763	medium	Sphingobium yanoikuyae	Bacteria
5aebb550-0893-45aa-a04d-897a1d930265	10003216	0.5815597849303767	medium	Sphingobium yanoikuyae	Bacteria
cb9d8f01-f715-4936-91b7-38bd3a133e78	10003216	0.5815597849303759	medium	Sphingobium yanoikuyae	Bacteria
8fdd3031-b290-44f9-868b-fa4c3cfc673f	10003216	0.5815597849303767	medium	Sphingobium yanoikuyae	Bacteria
e52abf05-d4b8-4d2b-9ead-18abab95d444	10003216	0.5815597849303759	medium	Sphingobium yanoikuyae	Bacteria
626dae76-f597-4b14-b392-147ab57cac1b	10003216	0.5815597849303763	medium	Sphingobium yanoikuyae	Bacteria
31b577a3-d5d6-4f83-8b35-1fae2d8389d2	10003216	0.5815597849303767	medium	Sphingobium yanoikuyae	Bacteria
2977a6cf-1ad9-49ac-a315-6bfa08b98e0e	10003216	0.5815597849303759	medium	Sphingobium yanoikuyae	Bacteria
57a1768e-7a14-4ccb-a3a6-02c9a78a75f8	10003216	0.5815597849303767	medium	Sphingobium yanoikuyae	Bacteria
23fbf90f-c35a-43e1-9873-c4435cbbc093	10003216	0.5815597849303767	medium	Sphingobium yanoikuyae	Bacteria
09a04faa-c2de-44cc-a7e8-2caadc5e78d8	10003216	0.5815597849303776	medium	Sphingobium yanoikuyae	Bacteria
f8e9128d-fe28-4dd7-b2fe-f3f02ed7ac6a	10003216	0.5815597849303767	medium	Sphingobium yanoikuyae	Bacteria
1255ec22-4e17-499d-92f2-8459b14f3229	10003216	0.5815597849303767	medium	Sphingobium yanoikuyae	Bacteria
9ef41245-be68-46fd-ba79-5b0a4ff5bc86	10003216	0.5815597849303776	medium	Sphingobium yanoikuyae	Bacteria
5337e7e4-c756-430f-97c5-ec50d6f705e3	10003216	0.5815597849303759	medium	Sphingobium yanoikuyae	Bacteria
da870d17-10bc-4f54-9801-3c7c8250286a	10003216	0.5815597849303759	medium	Sphingobium yanoikuyae	Bacteria
bbbea38c-de1a-47ed-bb2a-391c9a567cdb	10003216	0.5815597849303767	medium	Sphingobium yanoikuyae	Bacteria
5e350f91-cf2e-445f-a4ba-c94b9eb60104	10003216	0.5815597849303759	medium	Sphingobium yanoikuyae	Bacteria
e849f2e7-8223-418d-89a1-34ac0fac882f	10003216	0.5815597849303763	medium	Sphingobium yanoikuyae	Bacteria
1dc59feb-4da5-43a0-8b56-eb9cd1e6a89c	10003216	0.5815597849303759	medium	Sphingobium yanoikuyae	Bacteria
1010b346-b6b7-47a9-8bfd-9ff893769d8e	10003216	0.5815597849303767	medium	Sphingobium yanoikuyae	Bacteria
30723e4e-15ea-4625-94b1-2bd69bc3ee14	10003216	0.5815597849303759	medium	Sphingobium yanoikuyae	Bacteria
06548430-30b3-46a8-bab7-20a3fa320ba5	10003216	0.5815597849303759	medium	Sphingobium yanoikuyae	Bacteria
28504537-fd2f-44a7-bd41-c9ad1952cf0e	10003216	0.5815597849303767	medium	Sphingobium yanoikuyae	Bacteria
f9d02bbd-a143-4259-b38e-6cb240379c38	10003216	0.5815597849303767	medium	Sphingobium yanoikuyae	Bacteria
e91d5177-23a1-4db7-a087-c8b2b4fdbf29	10003216	0.5815597849303767	medium	Sphingobium yanoikuyae	Bacteria
783d124f-a84b-41c2-8df3-9035ed3655ee	10003216	0.5815597849303767	medium	Sphingobium yanoikuyae	Bacteria
3a16f09e-963f-4ad5-80fc-7218937ddcd2	10003216	0.5815597849303759	medium	Sphingobium yanoikuyae	Bacteria
abca75de-d70b-4561-b0e7-4b95cdd26128	10003216	0.5815597849303759	medium	Sphingobium yanoikuyae	Bacteria
9cdfc7eb-156b-420f-bce5-47214a29bafe	10003216	0.5815597849303759	medium	Sphingobium yanoikuyae	Bacteria
4882477b-d36f-4ff6-9e7a-1c8b88ea2bb9	10003216	0.5815597849303759	medium	Sphingobium yanoikuyae	Bacteria
3eb57535-2330-4bc1-b91c-1de531224536	10003216	0.5815597849303763	medium	Sphingobium yanoikuyae	Bacteria
792ed217-5842-4273-a1d0-faef723586cf	10003216	0.5815597849303767	medium	Sphingobium yanoikuyae	Bacteria
31280431-7582-45f3-9f83-b021e83d06aa	10003216	0.5815597849303767	medium	Sphingobium yanoikuyae	Bacteria
e3fe8ab1-99f6-491f-94e7-922dd2bc19b7	10003216	0.5815597849303763	medium	Sphingobium yanoikuyae	Bacteria
9b957cde-a8a6-416e-aeb3-8daef7645e1b	10003216	0.5815597849303767	medium	Sphingobium yanoikuyae	Bacteria
3da6a6d1-ea2e-4c8f-b0df-f99543662935	10003216	0.5815597849303759	medium	Sphingobium yanoikuyae	Bacteria
0463c3bc-8e7b-4d09-bbeb-ee8858cd8366	10003216	0.5815597849303776	medium	Sphingobium yanoikuyae	Bacteria
39ad28a9-04ca-4ba6-82f7-be0a219f1f16	10003216	0.5815597849303767	medium	Sphingobium yanoikuyae	Bacteria
3c148271-744b-463d-ad44-92d101382706	10003216	0.5815597849303767	medium	Sphingobium yanoikuyae	Bacteria
0183382f-25f7-45ce-b8d0-cf2f453de3c2	10003216	0.5815597849303759	medium	Sphingobium yanoikuyae	Bacteria
a1700438-d380-4850-b953-ff25bdc41d61	10003216	0.5815597849303763	medium	Sphingobium yanoikuyae	Bacteria
ad1ac63e-fb28-411b-9d54-d4e4d0db038f	10003216	0.5815597849303763	medium	Sphingobium yanoikuyae	Bacteria
5f88375b-f3cf-402c-b846-2daf4aaa13c8	10003216	0.5815597849303776	medium	Sphingobium yanoikuyae	Bacteria
efcce975-7755-4afb-b9a3-1f12d7ce40ad	10003216	0.5815597849303767	medium	Sphingobium yanoikuyae	Bacteria
2e57226f-3782-4bf7-a304-b817118bf6b7	10003216	0.5815597849303759	medium	Sphingobium yanoikuyae	Bacteria
8909355d-d40f-46fc-91ff-19b23c22a221	10003216	0.5815597849303759	medium	Sphingobium yanoikuyae	Bacteria
0ce9e39f-2cd2-4970-b1e6-a6e394da78bf	10003216	0.5815597849303767	medium	Sphingobium yanoikuyae	Bacteria
962b58af-b8ec-4f0a-bfe3-d84d3e88f0e7	10003216	0.5815597849303763	medium	Sphingobium yanoikuyae	Bacteria
6129cf39-5a60-4bbf-9222-7112df67f0b8	10003216	0.5815597849303759	medium	Sphingobium yanoikuyae	Bacteria
1e22eb02-2868-4871-b210-c17454e7f336	10003216	0.5815597849303763	medium	Sphingobium yanoikuyae	Bacteria
f408d695-8f40-4913-9a5f-9f79e82f6608	10003216	0.5815597849303759	medium	Sphingobium yanoikuyae	Bacteria
d7c49853-0413-4e72-833e-ab7e2b853018	10003216	0.5815597849303763	medium	Sphingobium yanoikuyae	Bacteria
615bbb1e-1cf4-4f1c-b279-ae69f09a4d07	10003216	0.5815597849303763	medium	Sphingobium yanoikuyae	Bacteria
4bdf08aa-48d4-42dc-abed-c78318da05f7	10003216	0.5815597849303759	medium	Sphingobium yanoikuyae	Bacteria
429ad453-70a8-40a3-a975-1281540f0cfb	10003216	0.5815597849303763	medium	Sphingobium yanoikuyae	Bacteria
9bbd879c-7abb-4b82-90a9-1588b2d4fd9a	10003216	0.5815597849303767	medium	Sphingobium yanoikuyae	Bacteria
40bdd466-df2b-48c8-81ce-4a2135bd476a	10003216	0.5815597849303759	medium	Sphingobium yanoikuyae	Bacteria
7901cafc-53c7-498b-966b-aa67fb00bc36	10003216	0.5815597849303763	medium	Sphingobium yanoikuyae	Bacteria
6107e65b-9d51-427b-8989-1a1ecfda1971	10003216	0.5815597849303759	medium	Sphingobium yanoikuyae	Bacteria
bfcc3d2c-1f88-4fbe-889d-d79160888634	10003216	0.5815597849303759	medium	Sphingobium yanoikuyae	Bacteria
f585d7b2-66b1-42f5-9e8c-c0e405c27b09	10003216	0.5815597849303767	medium	Sphingobium yanoikuyae	Bacteria
f2809ee0-6c14-4f13-a7aa-f7cb96d90bc8	10003216	0.5815597849303767	medium	Sphingobium yanoikuyae	Bacteria
e6d2e5b0-4c4c-4d8a-968f-01e74423f355	10003216	0.5815597849303767	medium	Sphingobium yanoikuyae	Bacteria
3f2c4e92-163c-4368-b672-55347af8bf3b	10003216	0.5815597849303759	medium	Sphingobium yanoikuyae	Bacteria
915dc60b-b882-4de3-83c8-cf8120321254	10003216	0.5815597849303767	medium	Sphingobium yanoikuyae	Bacteria
f27366b6-6202-4b42-abcc-7df377a5fac9	10003216	0.5815597849303759	medium	Sphingobium yanoikuyae	Bacteria
59602c90-b110-4ccd-8627-4ec0a5b717cd	10003216	0.5815597849303763	medium	Sphingobium yanoikuyae	Bacteria
e5f18e13-d679-4757-a09d-8dbd965ae46f	10003216	0.5815597849303759	medium	Sphingobium yanoikuyae	Bacteria
fa860ffe-6da6-4446-8d19-73650c84f782	10003216	0.5815597849303759	medium	Sphingobium yanoikuyae	Bacteria
880ec245-5109-488b-a8e6-1bc40c0e427f	10003216	0.5815597849303763	medium	Sphingobium yanoikuyae	Bacteria
ad58b7c3-69a2-4bc7-aca0-495ab83200ce	10003216	0.5815597849303763	medium	Sphingobium yanoikuyae	Bacteria
96a0fae7-1f6c-4fcb-ac4c-7660911edb72	10003216	0.5815597849303759	medium	Sphingobium yanoikuyae	Bacteria
845b83f7-ba6b-413e-b532-44d085981029	10003216	0.5815597849303759	medium	Sphingobium yanoikuyae	Bacteria
0dc156b0-4811-4251-b567-33a17e05c73c	10003216	0.5815597849303763	medium	Sphingobium yanoikuyae	Bacteria
e4dae231-e7d3-4cfc-bcb4-7c12636db709	10003216	0.5815597849303763	medium	Sphingobium yanoikuyae	Bacteria
d163208a-763f-4fde-ad85-6ce8f044d28d	10003216	0.5815597849303763	medium	Sphingobium yanoikuyae	Bacteria
3d4d61f9-4f11-4722-b307-6725c9fff7dd	10003216	0.5815597849303763	medium	Sphingobium yanoikuyae	Bacteria
710a0689-4be4-4924-a8c4-a747a8dcacbb	10003216	0.5815597849303767	medium	Sphingobium yanoikuyae	Bacteria
4e25ac6b-f4d8-46ef-815a-40c27841f8b0	10003216	0.5815597849303759	medium	Sphingobium yanoikuyae	Bacteria
fb1a87dc-d808-4666-a654-d775be321378	10003216	0.5815597849303767	medium	Sphingobium yanoikuyae	Bacteria
c412c1bc-b64e-4453-9389-57ae29006bf4	10003216	0.5815597849303763	medium	Sphingobium yanoikuyae	Bacteria
677b426c-62ab-484e-b699-ade8baed1752	10003216	0.5815597849303759	medium	Sphingobium yanoikuyae	Bacteria
c2643b02-a282-4bd1-8786-8c76123fe4d8	10003216	0.5815597849303759	medium	Sphingobium yanoikuyae	Bacteria
720e8231-2835-4053-83da-b1fc0e0da940	10003216	0.5815597849303767	medium	Sphingobium yanoikuyae	Bacteria
fd013037-3b2e-407b-9d87-6704344a7ce5	10003216	0.5815597849303767	medium	Sphingobium yanoikuyae	Bacteria
65e06a4b-4f95-421f-b8d0-452acee61ab8	10003216	0.5815597849303767	medium	Sphingobium yanoikuyae	Bacteria
870575e2-c564-41a9-8d73-5b79ac0a5844	10003216	0.5815597849303759	medium	Sphingobium yanoikuyae	Bacteria
9a4cc32d-abdd-4a28-99c0-9e430d707449	10003216	0.5815597849303763	medium	Sphingobium yanoikuyae	Bacteria
067a4bf3-64b5-45e3-a437-ef86ad93e2f7	10003216	0.5815597849303759	medium	Sphingobium yanoikuyae	Bacteria
2797ab9f-cfb0-43f5-933f-8b47702d27b3	10003216	0.5815597849303759	medium	Sphingobium yanoikuyae	Bacteria
b494537b-66c8-4ebc-a757-394978681b50	10003216	0.5815597849303767	medium	Sphingobium yanoikuyae	Bacteria
13eceed0-0db0-4c19-ac8f-0ef15d817f64	10003216	0.5815597849303759	medium	Sphingobium yanoikuyae	Bacteria
f2fdd750-df95-4dbb-922e-11f0cdafe597	10003216	0.5815597849303767	medium	Sphingobium yanoikuyae	Bacteria
48e90055-07a9-4d30-994d-80398865b667	10003216	0.5815597849303763	medium	Sphingobium yanoikuyae	Bacteria
22498b39-559c-4217-b82c-5147df0d3122	10003216	0.5815597849303763	medium	Sphingobium yanoikuyae	Bacteria
0b067a2b-c461-4d9c-aaac-b8d7d3ae9203	10003216	0.5815597849303763	medium	Sphingobium yanoikuyae	Bacteria
92d00fad-e0fc-461f-88bd-3c1f9f273c68	10003216	0.5815597849303767	medium	Sphingobium yanoikuyae	Bacteria
bd56a2de-b4a6-4609-86eb-62a52a725aaf	10003216	0.5815597849303767	medium	Sphingobium yanoikuyae	Bacteria
c575014a-1714-4a8e-a415-746b5b6f0015	10003216	0.5815597849303759	medium	Sphingobium yanoikuyae	Bacteria
148e50f4-a5af-4057-b1c6-8b65c6bf5d2e	10003216	0.5815597849303759	medium	Sphingobium yanoikuyae	Bacteria
cd63b7bf-65c7-4e36-91e8-5df1387872f1	10003216	0.5815597849303763	medium	Sphingobium yanoikuyae	Bacteria
2de84c53-8a1c-45d4-b2cc-c377f5ba4839	10003216	0.5815597849303763	medium	Sphingobium yanoikuyae	Bacteria
88585cb7-ac5e-49bd-96dd-2e39c852f5f7	10003216	0.5815597849303759	medium	Sphingobium yanoikuyae	Bacteria
bd56b21c-ae6e-45fe-a6c9-6f4debbb2e38	10003216	0.5815597849303776	medium	Sphingobium yanoikuyae	Bacteria
17436b08-463c-489d-b1c8-a31e7728d9e2	10003216	0.5815597849303763	medium	Sphingobium yanoikuyae	Bacteria
0ab6bc93-5566-4460-95cd-524bcc447bbd	10003216	0.5815597849303759	medium	Sphingobium yanoikuyae	Bacteria
5efc5340-a4da-4852-b6b4-06e74efb4348	10003216	0.5815597849303759	medium	Sphingobium yanoikuyae	Bacteria
15d95f6e-670c-45aa-ad59-811fb88e17c3	10003216	0.5815597849303763	medium	Sphingobium yanoikuyae	Bacteria
5c0fb9a3-73ae-4b10-b7fc-e84f0b4030d3	10003216	0.5815597849303759	medium	Sphingobium yanoikuyae	Bacteria
65fb9ef8-781c-4f9a-a304-b3ef35097fe3	10003216	0.5815597849303759	medium	Sphingobium yanoikuyae	Bacteria
6558b30e-13c9-413b-af5a-e412f864c18c	10003216	0.5815597849303759	medium	Sphingobium yanoikuyae	Bacteria
f4d03fee-7374-4dcf-aa18-6d6e40a8058e	10003216	0.5815597849303759	medium	Sphingobium yanoikuyae	Bacteria
2ac9039a-dd58-4b86-ab00-4a381337aeec	10003216	0.5815597849303767	medium	Sphingobium yanoikuyae	Bacteria
b67d0eb9-1377-4bea-8f8a-cc08429be2b7	10003216	0.5815597849303776	medium	Sphingobium yanoikuyae	Bacteria
3e3750ba-d0d3-49cc-be0e-9ddcaec0079b	10003216	0.5815597849303763	medium	Sphingobium yanoikuyae	Bacteria
85dffd2c-222c-4c2c-aec1-8c5186c15a28	10003216	0.5815597849303767	medium	Sphingobium yanoikuyae	Bacteria
bf063f00-7de9-4849-b68a-8fb173af4c75	10003216	0.5815597849303767	medium	Sphingobium yanoikuyae	Bacteria
e0cbb53c-f47f-4596-9eec-efcefcac9d9e	10003216	0.5815597849303763	medium	Sphingobium yanoikuyae	Bacteria
5ebbb8d4-9391-47bd-b946-1ffbedd92e44	10003216	0.5815597849303759	medium	Sphingobium yanoikuyae	Bacteria
0954b18c-139b-4e8a-977d-86b16694fc31	10003216	0.5815597849303763	medium	Sphingobium yanoikuyae	Bacteria
7458a3db-41bf-4fb7-838c-e899d6a97bae	10003216	0.5815597849303767	medium	Sphingobium yanoikuyae	Bacteria
73a58ff4-d9bf-4fc8-8383-39c23f644e8b	10003216	0.5815597849303763	medium	Sphingobium yanoikuyae	Bacteria
ff34d1d6-6689-41aa-9691-46f562510e27	10003216	0.5815597849303759	medium	Sphingobium yanoikuyae	Bacteria
01c99136-48a1-4217-8c8a-fe5b2fcb0177	10003216	0.5815597849303759	medium	Sphingobium yanoikuyae	Bacteria
fb1d37a9-c536-43b6-b3a4-28138a540fef	10003216	0.5815597849303759	medium	Sphingobium yanoikuyae	Bacteria
adb645fb-0f76-4240-bdba-e18c5340b3d1	10003216	0.5815597849303767	medium	Sphingobium yanoikuyae	Bacteria
89c77f1d-ba51-4969-a134-0470ff14a57f	10003216	0.5815597849303763	medium	Sphingobium yanoikuyae	Bacteria
f28500cb-e2e0-4bae-bce1-3cb804ab8e0c	10003216	0.5815597849303763	medium	Sphingobium yanoikuyae	Bacteria
2479f154-c656-49cb-b41f-7e1fcc9c6704	10003216	0.5815597849303759	medium	Sphingobium yanoikuyae	Bacteria
4f58a0c1-d89f-4e0b-8102-7d51b12370f9	10003216	0.8321447647042035	high	Sphingobium yanoikuyae	Bacteria
fbde2cfa-4b3a-43a0-9728-b87d925f13ec	10003216	0.5815597849303767	medium	Sphingobium yanoikuyae	Bacteria
50b5e9f9-650b-4ea1-8a44-085ceb9a9ec8	10003216	0.5815597849303763	medium	Sphingobium yanoikuyae	Bacteria
fd2805dd-b3a0-4a8c-9d75-297f64adf3e8	10003216	0.5815597849303767	medium	Sphingobium yanoikuyae	Bacteria
f7b7bbc3-4297-4527-80ae-7dc82ea752a5	10003216	0.5815597849303759	medium	Sphingobium yanoikuyae	Bacteria
ef861cb0-0625-4ac7-903d-41d536ddfbfe	10003216	0.5815597849303759	medium	Sphingobium yanoikuyae	Bacteria
28d97971-351f-4596-8f45-d8f7bb4efeb3	10003216	0.5815597849303767	medium	Sphingobium yanoikuyae	Bacteria
982b78f7-4d30-40b5-aaf7-91148af80a14	10003216	0.5815597849303759	medium	Sphingobium yanoikuyae	Bacteria
631250f4-6fd4-4edc-8c8f-45e3d52f74a1	10003216	0.5815597849303767	medium	Sphingobium yanoikuyae	Bacteria
119ed999-d9cb-4c82-bb63-33d75b69c4fc	10003216	0.5815597849303759	medium	Sphingobium yanoikuyae	Bacteria
dbe82926-86ba-43ad-b621-39f844a0f850	10003216	0.5815597849303763	medium	Sphingobium yanoikuyae	Bacteria
1aa629bb-8257-4636-a0fd-e5337d8b81d4	10003216	0.5815597849303763	medium	Sphingobium yanoikuyae	Bacteria
a6b93847-adaa-4a2a-b894-58a7d23480a6	10003216	0.5815597849303759	medium	Sphingobium yanoikuyae	Bacteria
f1d1c8d4-b6c5-4a07-886a-efc580645a71	10003216	0.5815597849303759	medium	Sphingobium yanoikuyae	Bacteria
f5697cf1-285d-441c-9b70-f4f45b18dd57	10003216	0.5815597849303767	medium	Sphingobium yanoikuyae	Bacteria
43c872a6-a3f4-44a0-bac4-e029c4288c90	10003216	0.5815597849303767	medium	Sphingobium yanoikuyae	Bacteria
1e1e2d30-b981-493a-a689-ed7de908bef2	10003216	0.5815597849303759	medium	Sphingobium yanoikuyae	Bacteria
fc3a6ef9-0615-42a7-b652-3f793f448030	10003216	0.5815597849303763	medium	Sphingobium yanoikuyae	Bacteria
7a1c7682-fee7-41ce-897a-78995d813512	10003216	0.5815597849303759	medium	Sphingobium yanoikuyae	Bacteria
f262a250-46d8-42f8-a6bc-33177aa280f8	10003216	0.5815597849303767	medium	Sphingobium yanoikuyae	Bacteria
ee721030-9e15-41b2-bbc7-b302fe1f8253	10003216	0.5815597849303767	medium	Sphingobium yanoikuyae	Bacteria
37929176-df5a-4425-95d5-3a2c55c13a8e	10003216	0.5815597849303759	medium	Sphingobium yanoikuyae	Bacteria
876aeaec-6098-4c22-9443-787593a6a92c	10003216	0.5815597849303763	medium	Sphingobium yanoikuyae	Bacteria
848f1c5e-94f8-4bad-9ac5-fd03fb3aa84a	10003216	0.5815597849303759	medium	Sphingobium yanoikuyae	Bacteria
605b1a96-61b0-40a7-94b3-0ef276964662	10003216	0.5815597849303767	medium	Sphingobium yanoikuyae	Bacteria
0616bc28-018d-47f9-946e-a6d15be5c8d3	10003216	0.5815597849303759	medium	Sphingobium yanoikuyae	Bacteria
07fd3216-b712-4960-9a80-79c289069fd9	10003216	0.5815597849303759	medium	Sphingobium yanoikuyae	Bacteria
dd1397e4-e531-43e7-85db-d13681a4fff2	10003216	0.5815597849303767	medium	Sphingobium yanoikuyae	Bacteria
9a43ec99-0bfe-4c90-a589-daf5f5d8769d	10003216	0.5815597849303767	medium	Sphingobium yanoikuyae	Bacteria
77ea54cc-580f-4b76-8b2f-7935e0bfdfa9	10003216	0.5815597849303763	medium	Sphingobium yanoikuyae	Bacteria
41ad630f-517f-4474-b75f-47d78eeffceb	10003216	0.5815597849303767	medium	Sphingobium yanoikuyae	Bacteria
90533820-d893-44a6-9c43-b0d69b21cfc0	10003216	0.5815597849303759	medium	Sphingobium yanoikuyae	Bacteria
0842a56f-5158-4a13-b14d-e9b859177089	10003216	0.5815597849303759	medium	Sphingobium yanoikuyae	Bacteria
d27980d0-8b31-4357-b25a-535361762b10	10003216	0.5815597849303759	medium	Sphingobium yanoikuyae	Bacteria
45446aaf-37ee-4361-a24a-05d3c769aec7	10003216	0.5815597849303767	medium	Sphingobium yanoikuyae	Bacteria
c31ec69a-02c2-462a-bc05-5b6849d3ec8e	10003216	0.5815597849303762	medium	Sphingobium yanoikuyae	Bacteria
e4fd0f93-5693-465a-8cbc-65bd7f356730	10003216	0.5815597849303767	medium	Sphingobium yanoikuyae	Bacteria
085fe00a-ff40-4003-a0c2-761cf46b5875	10003216	0.5815597849303759	medium	Sphingobium yanoikuyae	Bacteria
e297950f-7c8d-47d2-94b5-945e2fb6dd31	10003216	0.5815597849303767	medium	Sphingobium yanoikuyae	Bacteria
0c8f4d67-af58-4fd7-834a-85a74daadfc6	10003216	0.5815597849303759	medium	Sphingobium yanoikuyae	Bacteria
dc11c288-2425-4ac4-98c6-2a5a445611f8	10003216	0.5815597849303759	medium	Sphingobium yanoikuyae	Bacteria
b9b3b184-9ea8-4e91-8acf-920a10ada809	10003216	0.5815597849303759	medium	Sphingobium yanoikuyae	Bacteria
1b7123a6-d690-45d1-8423-126f6395ef79	10003216	0.5815597849303759	medium	Sphingobium yanoikuyae	Bacteria
98fcbde3-6801-46a0-a480-d83695a18f92	10003216	0.5815597849303759	medium	Sphingobium yanoikuyae	Bacteria
43c88aa3-a6f8-4543-a2f3-b80e2f905382	10003216	0.5815597849303763	medium	Sphingobium yanoikuyae	Bacteria
d14ea4be-fe4f-4b14-9b87-85a9bacadd42	10003216	0.5815597849303763	medium	Sphingobium yanoikuyae	Bacteria
be956855-dc98-460a-9e06-89d846a246da	10003216	0.5815597849303763	medium	Sphingobium yanoikuyae	Bacteria
5ad3bceb-3d2a-47e1-9b86-713ad8a6b8fe	10003216	0.5815597849303767	medium	Sphingobium yanoikuyae	Bacteria
d9233f3b-8697-40c0-be53-50569dfbadc5	10003216	0.5815597849303763	medium	Sphingobium yanoikuyae	Bacteria
395dc105-a121-4320-b8a2-087afaf05d55	10003216	0.5815597849303763	medium	Sphingobium yanoikuyae	Bacteria
5e2e5a82-0fcc-486e-84d9-143d82d8c2f6	10003216	0.5815597849303759	medium	Sphingobium yanoikuyae	Bacteria
c8ecc61b-bef9-4060-92df-033eda110fe0	10003216	0.5815597849303759	medium	Sphingobium yanoikuyae	Bacteria
bba6cf5d-7871-467c-97e3-d0e3b7f4cf7a	10003216	0.5815597849303763	medium	Sphingobium yanoikuyae	Bacteria
299fd105-327e-481a-91d3-6af23fe33543	10003216	0.5815597849303767	medium	Sphingobium yanoikuyae	Bacteria
23348588-56a1-4164-809d-d097e1acb018	10003216	0.5815597849303763	medium	Sphingobium yanoikuyae	Bacteria
29a2b723-3f8e-4f52-b6d8-0b9faa6200a0	10003216	0.5815597849303759	medium	Sphingobium yanoikuyae	Bacteria
2cb0d7ba-d9c7-4eed-a69c-db256d773cb5	10003216	0.5815597849303767	medium	Sphingobium yanoikuyae	Bacteria
a1a58106-b4ac-4d85-aeac-8a55fc2b9073	10003216	0.5815597849303763	medium	Sphingobium yanoikuyae	Bacteria
7624c95b-2897-40ea-adc4-4b79c52bc757	10003216	0.5815597849303767	medium	Sphingobium yanoikuyae	Bacteria
4e812e1a-9233-4213-b95b-409cdf02e53d	10003216	0.5815597849303767	medium	Sphingobium yanoikuyae	Bacteria
e984d31e-4d9a-423d-99af-5de62a50187c	10003216	0.5815597849303767	medium	Sphingobium yanoikuyae	Bacteria
7203acfd-12ff-4396-a1bd-ae68d7d22161	10003216	0.5815597849303759	medium	Sphingobium yanoikuyae	Bacteria
5e1f134e-fd89-49bc-a992-754c26074356	10003216	0.5815597849303767	medium	Sphingobium yanoikuyae	Bacteria
ac84227d-4abb-4af9-87c3-dffa67eedafa	10003216	0.5815597849303759	medium	Sphingobium yanoikuyae	Bacteria
bbf72675-9862-43b1-8ad1-60aae25b0f76	10003216	0.5815597849303767	medium	Sphingobium yanoikuyae	Bacteria
fd1c69ac-0f07-49eb-ac0f-d7a814d1797c	10003216	0.5815597849303763	medium	Sphingobium yanoikuyae	Bacteria
a3f70882-6506-48b9-abc1-84642ef2e4ed	10003216	0.5815597849303759	medium	Sphingobium yanoikuyae	Bacteria
6c3874df-cbc1-41c0-9098-3acff7c919ff	10003216	0.5815597849303763	medium	Sphingobium yanoikuyae	Bacteria
e432720e-195a-4d6f-bc86-5a3e40161756	10003216	0.5815597849303759	medium	Sphingobium yanoikuyae	Bacteria
7ba74564-0de1-456e-a426-e7b7c5638b74	10003216	0.5815597849303763	medium	Sphingobium yanoikuyae	Bacteria
d0327b92-382f-4761-adc2-9fcce5346e1f	10003216	0.5815597849303759	medium	Sphingobium yanoikuyae	Bacteria
37d2566c-93cd-43bb-8aa9-47093ddf6d1e	10003216	0.5815597849303763	medium	Sphingobium yanoikuyae	Bacteria
c29745e3-d82a-4481-b63e-6353f5540d83	10003216	0.5815597849303759	medium	Sphingobium yanoikuyae	Bacteria
ffdf8845-c070-46f5-97f0-ad977a1a4289	10003216	0.5815597849303767	medium	Sphingobium yanoikuyae	Bacteria
4891a526-5337-4267-955c-e33a7daec35f	10003216	0.5815597849303767	medium	Sphingobium yanoikuyae	Bacteria
aaf7dd07-f367-430b-815a-65e06ab0626b	10003216	0.5815597849303763	medium	Sphingobium yanoikuyae	Bacteria
570118c9-f55d-4263-94d5-3371669a6180	10003216	0.5815597849303767	medium	Sphingobium yanoikuyae	Bacteria
9bac622b-7510-44c5-b8f6-b49a026f24df	10003216	0.5815597849303759	medium	Sphingobium yanoikuyae	Bacteria
076ac7b7-99bd-40d5-b7b3-5579d1893f3e	10003216	0.5815597849303776	medium	Sphingobium yanoikuyae	Bacteria
72b73ec3-8430-475c-b3ab-a14854298c98	10003216	0.5815597849303759	medium	Sphingobium yanoikuyae	Bacteria
5a1de41b-b4ac-4f25-a973-b779cb331152	10003216	0.5815597849303763	medium	Sphingobium yanoikuyae	Bacteria
069216d2-371b-4d12-808c-420ea03e4243	10003216	0.5815597849303759	medium	Sphingobium yanoikuyae	Bacteria
d3fd2c44-0e26-4426-aac9-50a57a523be7	10003216	0.5815597849303763	medium	Sphingobium yanoikuyae	Bacteria
8c363797-55e8-4cbd-af51-8494e4c91f28	10003216	0.5815597849303767	medium	Sphingobium yanoikuyae	Bacteria
11c6a85e-c4ef-4412-a66b-12db346ac8f6	10003216	0.5815597849303763	medium	Sphingobium yanoikuyae	Bacteria
acd0c390-e22b-4045-8dc3-1bcba184a63f	10003216	0.5815597849303767	medium	Sphingobium yanoikuyae	Bacteria
413a9418-785c-4bcc-a0ed-0aad2309996a	10003216	0.5815597849303767	medium	Sphingobium yanoikuyae	Bacteria
c1e53c12-1e30-43be-8277-a0b05b0dfb1e	10003216	0.5815597849303763	medium	Sphingobium yanoikuyae	Bacteria
3552f5fb-96ee-4780-84c5-f2029c66eaa0	10003216	0.5815597849303767	medium	Sphingobium yanoikuyae	Bacteria
31cc64a5-94fa-4086-8983-adb93255bf6f	10003216	0.5815597849303767	medium	Sphingobium yanoikuyae	Bacteria
e55fe9c4-45d3-41e1-bfe1-1e89993de5e8	10003216	0.5815597849303759	medium	Sphingobium yanoikuyae	Bacteria
69a17480-5625-48ab-98ef-883fa2b807d0	10003216	0.5815597849303763	medium	Sphingobium yanoikuyae	Bacteria
8723742d-000a-4adb-b1be-09bf356083c9	10003216	0.5815597849303776	medium	Sphingobium yanoikuyae	Bacteria
6cf4186f-7d3e-45c6-aff5-3e58fce5b859	10003216	0.5815597849303759	medium	Sphingobium yanoikuyae	Bacteria
c715306e-b69c-4184-b68d-c32eb33d2dec	10003216	0.5815597849303767	medium	Sphingobium yanoikuyae	Bacteria
b2072d23-a9d1-437e-8611-b02095f231e7	10003216	0.5815597849303767	medium	Sphingobium yanoikuyae	Bacteria
7640e33d-b7e6-4800-947a-d885bb15f745	10003216	0.5815597849303763	medium	Sphingobium yanoikuyae	Bacteria
9a1fbc58-f0af-449d-833a-5ae12bfea246	10003216	0.5815597849303767	medium	Sphingobium yanoikuyae	Bacteria
985d14cb-28a0-438c-bdb9-3eb62f60fb7f	10003216	0.5815597849303763	medium	Sphingobium yanoikuyae	Bacteria
a4f3fdbc-f224-48a2-9454-49b6bf7e94dc	10003216	0.5815597849303767	medium	Sphingobium yanoikuyae	Bacteria
f15c4298-1793-4fa8-b933-c6a22739eb6e	10003216	0.5815597849303763	medium	Sphingobium yanoikuyae	Bacteria
d1fa9d29-ff75-464f-b61a-0a8da5cfc8f2	10003216	0.5815597849303759	medium	Sphingobium yanoikuyae	Bacteria
de760f2e-fe9e-481f-9859-b3d1ce6590fc	10003216	0.5815597849303767	medium	Sphingobium yanoikuyae	Bacteria
186d5b4c-11f9-4fe1-a6c6-02137f3b913c	10003216	0.5815597849303759	medium	Sphingobium yanoikuyae	Bacteria
58a2bd10-a232-4faf-bedc-d7f6c6f95f11	10003216	0.5815597849303767	medium	Sphingobium yanoikuyae	Bacteria
98dfac0c-3b4b-400a-a862-6c9eec898ca9	10003216	0.5815597849303759	medium	Sphingobium yanoikuyae	Bacteria
2133f3e6-724b-44ef-9482-f59a061f94a6	10003216	0.5815597849303767	medium	Sphingobium yanoikuyae	Bacteria
5d5fbe70-8f60-4283-bcf1-1d2911412664	10003216	0.5815597849303759	medium	Sphingobium yanoikuyae	Bacteria
49aede78-a868-4cbf-88a0-d65d3cf28629	10003216	0.5815597849303759	medium	Sphingobium yanoikuyae	Bacteria
82bf1ffe-6a4c-4ae9-831c-18d5f28df6cc	10003216	0.5815597849303759	medium	Sphingobium yanoikuyae	Bacteria
bb49c4c5-2da5-4a80-83d5-6f02fe5a87fd	10003216	0.5815597849303759	medium	Sphingobium yanoikuyae	Bacteria
a58702ea-f42a-43f4-b8ed-e5d3085e8784	10003216	0.5815597849303776	medium	Sphingobium yanoikuyae	Bacteria
def4caf5-2ce2-4505-9512-79b1c626f1eb	10003216	0.5815597849303759	medium	Sphingobium yanoikuyae	Bacteria
878b0ab3-b07d-4877-9700-1abdd2ab7995	10003216	0.5815597849303767	medium	Sphingobium yanoikuyae	Bacteria
65077fab-876d-414e-a38d-48763d67295e	10003216	0.5815597849303759	medium	Sphingobium yanoikuyae	Bacteria
1eecde82-8153-4e82-ac32-0248aa99572d	10003216	0.5815597849303767	medium	Sphingobium yanoikuyae	Bacteria
fdc40caf-0ec1-4265-be89-76321bbe582c	10003216	0.5815597849303776	medium	Sphingobium yanoikuyae	Bacteria
e2aeb641-88f6-4cd2-9351-98998f8d9b62	10003216	0.5815597849303759	medium	Sphingobium yanoikuyae	Bacteria
3eb8d06a-013f-4ef3-aef9-acf157d85274	10159	1.0	confident	Rhodomonas_salina:plas	Eukaryota:plas
5c4e8604-2ce4-4bad-9ab1-3d445a4abd5a	10159	1.0	confident	Rhodomonas_salina:plas	Eukaryota:plas
69d5cf55-fa05-4040-a8c7-8c2a7ff01195	10159	1.0	confident	Rhodomonas_salina:plas	Eukaryota:plas
abfda00d-e174-4965-843c-6c97115adaa2	10159	1.0	confident	Rhodomonas_salina:plas	Eukaryota:plas
9b088cde-874b-4963-aa2c-6a7981ccc203	10159	1.0	confident	Rhodomonas_salina:plas	Eukaryota:plas
6630ea3e-c79e-43dc-8646-b15a663366df	10159	1.0	confident	Rhodomonas_salina:plas	Eukaryota:plas
c1853429-3a70-4dbc-9e67-8c9388ab9cd3	10159	1.0	confident	Rhodomonas_salina:plas	Eukaryota:plas
46aa209c-5b03-460c-9ede-ceb3fd00dfae	10159	1.0	confident	Rhodomonas_salina:plas	Eukaryota:plas
f7023a0f-d0a2-4467-8ce0-a198ab20579b	10159	1.0	confident	Rhodomonas_salina:plas	Eukaryota:plas
598a6310-f5d0-4576-93f9-0af6e23c34c0	10159	1.0	confident	Rhodomonas_salina:plas	Eukaryota:plas
a1f12ecc-c6c3-492a-ac51-30cf0426cc45	10159	1.0	confident	Rhodomonas_salina:plas	Eukaryota:plas
495c47d2-c05f-40d4-8c14-36e40e2634fd	10159	1.0	confident	Rhodomonas_salina:plas	Eukaryota:plas
45cc45c8-27dd-4159-9a5d-3b432af215b3	180295	1.0	confident	Atopostipes suicloacalis	Bacteria
1fa48cea-166a-4dee-92ec-685cdae8f64b	180295	1.0	confident	Atopostipes suicloacalis	Bacteria
018f0e38-9885-4f41-ad15-54293ed0c00a	180295	1.0	confident	Atopostipes suicloacalis	Bacteria
50e4335b-0c08-4704-bca6-ea11e07c7474	180295	1.0	confident	Atopostipes suicloacalis	Bacteria
c7dadc1c-038d-46fd-a96f-d870dd7ed52a	180295	1.0	confident	Atopostipes suicloacalis	Bacteria
0eb9e4d6-9503-45ed-a652-27da420d1444	180295	1.0	confident	Atopostipes suicloacalis	Bacteria
35fd8709-9d81-4001-8897-030d0f31de74	180295	1.0	confident	Atopostipes suicloacalis	Bacteria
1c3a3ef1-17ed-457a-b60e-827266bacf1b	180295	1.0	confident	Atopostipes suicloacalis	Bacteria
f99fb904-b245-4358-a79a-a2625f6184e1	180295	1.0	confident	Atopostipes suicloacalis	Bacteria
8e513239-1ba4-456e-a61a-207cb081e490	180295	1.0	confident	Atopostipes suicloacalis	Bacteria
eff99a13-9f69-42a7-9709-b82a16381852	180295	1.0	confident	Atopostipes suicloacalis	Bacteria
fad2ade9-c8ef-47f5-9746-8b5fc80ffc85	180295	1.0	confident	Atopostipes suicloacalis	Bacteria
ddd18aae-8f14-472c-8f08-409569d3ad61	180295	1.0	confident	Atopostipes suicloacalis	Bacteria
65f4664e-13b4-468d-a99a-7780f99b41e6	180295	1.0	confident	Atopostipes suicloacalis	Bacteria
bd16c95a-bc93-41ae-8a99-fbed25c4a658	180295	1.0	confident	Atopostipes suicloacalis	Bacteria
7937f43d-21ac-49fa-9bf9-101005c5ef48	180295	1.0	confident	Atopostipes suicloacalis	Bacteria
5b82f556-12d1-4c71-82aa-078088cd7972	180295	1.0	confident	Atopostipes suicloacalis	Bacteria
0804ce76-1397-4719-a1e0-e2428829e1e1	180295	1.0	confident	Atopostipes suicloacalis	Bacteria
da0c0d21-7aa0-41d6-86da-bab31386ff67	180295	1.0	confident	Atopostipes suicloacalis	Bacteria
8e286662-b577-469f-9843-0ef305a60dd8	180295	1.0	confident	Atopostipes suicloacalis	Bacteria
1f22c676-cad4-4674-b455-c6cb3dccb465	180295	1.0	confident	Atopostipes suicloacalis	Bacteria
f920d9e8-10af-4cc7-98ee-b2525f95a687	180295	1.0	confident	Atopostipes suicloacalis	Bacteria
6fb9e350-ed58-4155-bc0c-e4c655f2a617	180295	1.0	confident	Atopostipes suicloacalis	Bacteria
1103ff31-aaeb-4e48-8269-94f0e4f4e28d	180295	1.0	confident	Atopostipes suicloacalis	Bacteria
5e46dc07-fc69-4dce-ac66-39091eb58c11	180295	1.0	confident	Atopostipes suicloacalis	Bacteria
0cca38db-7bac-4f46-ad23-45cf74553f2b	180295	1.0	confident	Atopostipes suicloacalis	Bacteria
afcbc477-557a-4d84-9cba-4a6954948663	180295	1.0	confident	Atopostipes suicloacalis	Bacteria
ee12f4f0-75aa-4a93-abbd-b629668dbf51	180295	1.0	confident	Atopostipes suicloacalis	Bacteria
b8dfb261-edb3-4d52-8cd9-43380ea49b4c	180295	1.0	confident	Atopostipes suicloacalis	Bacteria
c93fd3bb-fbd7-4c64-87eb-2f96eab3fde6	180295	1.0	confident	Atopostipes suicloacalis	Bacteria
8dfc6a5a-2f40-420c-bb3d-e65b1522cadb	180295	1.0	confident	Atopostipes suicloacalis	Bacteria
2fb02486-921a-4d88-9267-8412ae15d38a	180295	1.0	confident	Atopostipes suicloacalis	Bacteria
762af35a-8560-474f-ade9-af2f3717cb81	180295	1.0	confident	Atopostipes suicloacalis	Bacteria
5cf1e997-105f-42cc-92c5-e38fa80abf91	180295	1.0	confident	Atopostipes suicloacalis	Bacteria
bf2623d0-15ee-40b2-9a3c-52d5d6aeef91	180295	1.0	confident	Atopostipes suicloacalis	Bacteria
0f967489-65b4-40ae-95a3-1a00a6d090de	180295	1.0	confident	Atopostipes suicloacalis	Bacteria
ef8c80c2-c05e-4469-b523-eb0ef4ff628e	180295	1.0	confident	Atopostipes suicloacalis	Bacteria
9ed53440-d39f-45b9-bbad-4634c1beb75d	180295	1.0	confident	Atopostipes suicloacalis	Bacteria
0d3b1805-72d0-4125-b563-bcd4e8ebd82a	180295	1.0	confident	Atopostipes suicloacalis	Bacteria
e5d91447-229d-4327-81e8-9fc4787e8a95	180295	1.0	confident	Atopostipes suicloacalis	Bacteria
dfeb5202-7d2e-4e88-a784-df254efee621	180295	1.0	confident	Atopostipes suicloacalis	Bacteria
201540e4-6797-46bb-9fa7-2789ea12d5fb	180295	1.0	confident	Atopostipes suicloacalis	Bacteria
310972ae-b59d-4a5d-8bb9-7bc079b516b9	180295	1.0	confident	Atopostipes suicloacalis	Bacteria
9c1ab2bf-d631-4556-9a03-4454e08cad2b	180295	1.0	confident	Atopostipes suicloacalis	Bacteria
e0c48895-7dcd-407b-a6d6-ddee09e07ea1	180295	1.0	confident	Atopostipes suicloacalis	Bacteria
8c26436c-c3d2-4aff-ab28-89d1d30312c9	180295	1.0	confident	Atopostipes suicloacalis	Bacteria
cd933f88-db54-4f62-8f6d-c6e1d5ff12ea	180295	1.0	confident	Atopostipes suicloacalis	Bacteria
555af0e5-894c-471f-8458-f82ead37b68a	180295	1.0	confident	Atopostipes suicloacalis	Bacteria
3f6cded9-3a7c-4709-a838-1a2a0a342fc8	180295	1.0	confident	Atopostipes suicloacalis	Bacteria
3b975e3f-c2ef-481d-b754-ec59909dd283	180295	1.0	confident	Atopostipes suicloacalis	Bacteria
012924ea-c174-40d6-abb8-5c644cd4879a	180295	1.0	confident	Atopostipes suicloacalis	Bacteria
371514a4-6c12-4afb-a23c-d7685f3f7c1b	180295	1.0	confident	Atopostipes suicloacalis	Bacteria
c87b50a0-cd24-4402-bb5d-c00593f1a4f7	180295	1.0	confident	Atopostipes suicloacalis	Bacteria
307a600a-fee7-4617-a817-9d5b49cb0c10	180295	1.0	confident	Atopostipes suicloacalis	Bacteria
859a9751-ec69-4513-9020-8c62b48a909b	180295	1.0	confident	Atopostipes suicloacalis	Bacteria
bbdfcb18-82af-4b03-acd9-d7ffc4b627c8	180295	1.0	confident	Atopostipes suicloacalis	Bacteria
ced5d179-2aba-476a-93d1-faffe8ae58f4	180295	1.0	confident	Atopostipes suicloacalis	Bacteria
6d54ec4c-6c91-426c-b0e7-1e64e5bfaa75	180295	1.0	confident	Atopostipes suicloacalis	Bacteria
a3aa5ea1-d427-4a66-b4fb-a7774769e8e2	180295	1.0	confident	Atopostipes suicloacalis	Bacteria
00845168-8ddf-4bf0-8e78-a284337f9cb5	180295	1.0	confident	Atopostipes suicloacalis	Bacteria
ba78bc48-b27a-4f8b-8051-d19cfbc7253a	180295	1.0	confident	Atopostipes suicloacalis	Bacteria
a52f6077-c2ea-4b8a-8bc6-7cc28f5c7c67	180295	1.0	confident	Atopostipes suicloacalis	Bacteria
06c98cb3-5c0b-47ca-9e60-e07629d2ac82	180295	1.0	confident	Atopostipes suicloacalis	Bacteria
1bba88ed-f76f-4669-9b22-9a1cf8de2744	180295	1.0	confident	Atopostipes suicloacalis	Bacteria
84028382-c8a2-4bf5-95d4-07154ff20437	180295	1.0	confident	Atopostipes suicloacalis	Bacteria
80046e26-7705-42d3-aefd-697649d7ab67	180295	1.0	confident	Atopostipes suicloacalis	Bacteria
62dde4be-46a3-4d50-97f7-e5e00c1faa14	180295	1.0	confident	Atopostipes suicloacalis	Bacteria
cfbb53e8-7654-4e02-b711-a1cf50741d26	180295	1.0	confident	Atopostipes suicloacalis	Bacteria
c93d39f2-55c9-422c-b380-44cd917c11e9	180295	1.0	confident	Atopostipes suicloacalis	Bacteria
7a446cdd-677b-4978-8789-f3c488caa426	180295	1.0	confident	Atopostipes suicloacalis	Bacteria
01adcf93-40dc-4af4-a96f-a47fe4001029	180295	1.0	confident	Atopostipes suicloacalis	Bacteria
595c71bc-5b49-4ca4-bf80-d849d272c15b	180295	1.0	confident	Atopostipes suicloacalis	Bacteria
a79667be-d4e0-4eb8-aa06-a5e64ac54b30	180295	1.0	confident	Atopostipes suicloacalis	Bacteria
1ebd4862-c6a8-472c-8783-e79541900e89	180295	1.0	confident	Atopostipes suicloacalis	Bacteria
bedb9087-2777-4dec-b714-61c2c854ebc1	180295	1.0	confident	Atopostipes suicloacalis	Bacteria
7b633f27-b1b7-410c-922a-38b3560a0da8	180295	1.0	confident	Atopostipes suicloacalis	Bacteria
0f4e8a09-5267-41a4-b7b1-3f38e5cbd0c0	180295	1.0	confident	Atopostipes suicloacalis	Bacteria
e6d7610a-a527-4353-a75d-70d2fa93f2e6	180295	1.0	confident	Atopostipes suicloacalis	Bacteria
668bee9e-6f81-4c97-859b-6bdf31e2e896	180295	1.0	confident	Atopostipes suicloacalis	Bacteria
53fdcb4f-c418-4e64-9d5e-689e8b495a20	180295	1.0	confident	Atopostipes suicloacalis	Bacteria
d35b518e-a59e-43f6-9eee-465bdc02d7c6	180295	1.0	confident	Atopostipes suicloacalis	Bacteria
41daaf02-2a80-47a9-a969-4c022260f0bd	180295	1.0	confident	Atopostipes suicloacalis	Bacteria
45633be1-50d4-4597-95c3-cb250540ab45	180295	1.0	confident	Atopostipes suicloacalis	Bacteria
79c635fd-2ef7-4f16-b8fa-6473b9df7c31	180295	1.0	confident	Atopostipes suicloacalis	Bacteria
3e699ede-373a-4052-9758-a744acf7205e	180295	1.0	confident	Atopostipes suicloacalis	Bacteria
e3279264-899a-4138-a582-425fced9b3c8	180295	1.0	confident	Atopostipes suicloacalis	Bacteria
c12d892f-9b03-4064-8205-c61eee845099	180295	1.0	confident	Atopostipes suicloacalis	Bacteria
a2f73adb-edfc-44d3-8d15-b0bf2e022064	180295	1.0	confident	Atopostipes suicloacalis	Bacteria
20c15def-f89d-4ade-8521-aecb3f76fff5	180295	1.0	confident	Atopostipes suicloacalis	Bacteria
b637e225-2aa3-4f3f-8600-51f586a27a80	180295	1.0	confident	Atopostipes suicloacalis	Bacteria
f2d9b7e0-2f59-4353-a5f5-17fb7606abc9	180295	1.0	confident	Atopostipes suicloacalis	Bacteria
fcf1936f-0758-4932-9294-c83c7e1b499d	180295	1.0	confident	Atopostipes suicloacalis	Bacteria
600ab34d-9e93-4c1f-9bec-35e57195e446	180295	1.0	confident	Atopostipes suicloacalis	Bacteria
35ddf033-ff03-42c3-9d84-d67299ef9dd3	180295	1.0	confident	Atopostipes suicloacalis	Bacteria
ee163aa3-b246-48ae-9886-1c3881c82f9f	180295	1.0	confident	Atopostipes suicloacalis	Bacteria
5bab6b46-6150-472a-915c-9355519b4b43	180295	1.0	confident	Atopostipes suicloacalis	Bacteria
b6961492-e3ea-4186-aaad-6dd78860cd8c	180295	1.0	confident	Atopostipes suicloacalis	Bacteria
b049c458-7779-4025-be09-d09e280fe947	180295	1.0	confident	Atopostipes suicloacalis	Bacteria
37b07935-903a-4174-b69d-d79b9d72c935	180295	1.0	confident	Atopostipes suicloacalis	Bacteria
9412fb3e-1dd7-4690-8814-cc30c85226f3	180295	1.0	confident	Atopostipes suicloacalis	Bacteria
607f8837-9703-4e29-9b1e-f58a75443512	180295	1.0	confident	Atopostipes suicloacalis	Bacteria
04e22c1d-cdaa-4ddd-86bc-f8db99ea3689	180295	1.0	confident	Atopostipes suicloacalis	Bacteria
2522d5f0-0f47-416e-b6c7-c5ad8c7439cb	180295	1.0	confident	Atopostipes suicloacalis	Bacteria
f7fc4f15-5410-4361-93c5-1705685345a3	180295	1.0	confident	Atopostipes suicloacalis	Bacteria
5b9d7200-e26a-4b3f-9cca-1eeac11e4a21	180295	1.0	confident	Atopostipes suicloacalis	Bacteria
c6bed5cd-0bca-44b6-818b-7caabbf742be	180295	1.0	confident	Atopostipes suicloacalis	Bacteria
8d22a5b4-d6dc-4998-b1b7-b4b7f5d9c7de	180295	1.0	confident	Atopostipes suicloacalis	Bacteria
cd45e0a8-d8ab-44d7-a750-97c3c672599b	180295	1.0	confident	Atopostipes suicloacalis	Bacteria
4aa8b66a-1ac1-40f3-86d9-f344dbfb53a5	180295	1.0	confident	Atopostipes suicloacalis	Bacteria
c836142b-5b5d-4c88-a98b-7ed98e9efc42	180295	1.0	confident	Atopostipes suicloacalis	Bacteria
89186a80-656b-4a5a-a497-e3b7715c15e5	180295	1.0	confident	Atopostipes suicloacalis	Bacteria
e9f26a6f-6e93-4a0d-9e00-b64a704a79d3	180295	1.0	confident	Atopostipes suicloacalis	Bacteria
31bc666b-f5e7-4c04-bb89-bfb94d8689f1	180295	1.0	confident	Atopostipes suicloacalis	Bacteria
f49a5ff9-7eb8-4ba8-bd6a-677183194f9e	180295	1.0	confident	Atopostipes suicloacalis	Bacteria
49d4e785-7cc7-4c15-9d7f-9de68137edbd	180295	1.0	confident	Atopostipes suicloacalis	Bacteria
16449b58-1904-4e54-b7ca-886b21f23e58	180295	1.0	confident	Atopostipes suicloacalis	Bacteria
2ff4a644-23f9-4213-9a24-e735250dffa6	180295	1.0	confident	Atopostipes suicloacalis	Bacteria
77bf966d-1fa0-4923-a344-bcc2ffba7b31	180295	1.0	confident	Atopostipes suicloacalis	Bacteria
2b66b7c7-ef69-4367-97a1-873324912427	180295	1.0	confident	Atopostipes suicloacalis	Bacteria
e532a9d4-9b56-45e6-ae3a-ea98e6d8584c	180295	1.0	confident	Atopostipes suicloacalis	Bacteria
577c87d9-dc0b-49b3-a36d-3da0150d33d2	180295	1.0	confident	Atopostipes suicloacalis	Bacteria
c34986ec-fa1f-46ea-8f87-6e09d77dd33b	180295	1.0	confident	Atopostipes suicloacalis	Bacteria
a769dbe5-8e0c-4eb1-a06e-2315bbc9f6bd	180295	1.0	confident	Atopostipes suicloacalis	Bacteria
de32c004-f3a4-4807-8300-fe028ca36759	180295	1.0	confident	Atopostipes suicloacalis	Bacteria
09e5b043-490b-4bf4-a5c4-8683a43f3f8a	180295	1.0	confident	Atopostipes suicloacalis	Bacteria
0adf5093-d512-45c9-8b37-288396bd0736	180295	1.0	confident	Atopostipes suicloacalis	Bacteria
d95e1b41-c298-4a23-b35d-76e46088d365	180295	1.0	confident	Atopostipes suicloacalis	Bacteria
a895c54d-a5b4-4553-ae6d-7c2ba39ef1c4	180295	1.0	confident	Atopostipes suicloacalis	Bacteria
af21ed3b-75ee-48be-a4d3-5f78e10f5aec	180295	1.0	confident	Atopostipes suicloacalis	Bacteria
9daf5002-1cf2-4de9-b165-8fad0410f78b	180295	1.0	confident	Atopostipes suicloacalis	Bacteria
b4a6d2de-cd9e-4561-a55a-e9c48680d0a9	180295	1.0	confident	Atopostipes suicloacalis	Bacteria
d07925fe-1769-4ee8-8809-059c2e67b273	180295	1.0	confident	Atopostipes suicloacalis	Bacteria
2ed81ae2-407c-48fa-82f0-12581e7020a3	180295	1.0	confident	Atopostipes suicloacalis	Bacteria
ee5cd9a4-82b6-43b9-a946-ef13e9fca2db	180295	1.0	confident	Atopostipes suicloacalis	Bacteria
9d86aa73-c0ca-43d9-af96-e733038c103e	180295	1.0	confident	Atopostipes suicloacalis	Bacteria
7054e9f8-e8c8-4bdb-ae4d-db835f6bf89d	180295	1.0	confident	Atopostipes suicloacalis	Bacteria
9b495cbf-46ca-4f31-90b6-763baa0119ee	180295	1.0	confident	Atopostipes suicloacalis	Bacteria
b0ed68e3-3872-4e5a-b368-5745dcbaa43f	180295	1.0	confident	Atopostipes suicloacalis	Bacteria
2edb8d19-8211-4f47-ab8d-6098fa5bcb73	180295	1.0	confident	Atopostipes suicloacalis	Bacteria
39416667-386c-49c0-bf87-9de60aad33cb	180295	1.0	confident	Atopostipes suicloacalis	Bacteria
08f789f4-b63b-44b4-9a98-9027c99651d4	180295	1.0	confident	Atopostipes suicloacalis	Bacteria
a2557599-eef9-4f4a-8c8c-79f21b203040	180295	1.0	confident	Atopostipes suicloacalis	Bacteria
116cf83a-33e4-4bd4-bbfd-5049b7d5b7fc	180295	1.0	confident	Atopostipes suicloacalis	Bacteria
30ec54e3-f545-4c8d-928d-e4b60df2ec96	180295	1.0	confident	Atopostipes suicloacalis	Bacteria
8cae93c4-f3b6-489b-820c-f934a900a6b3	180295	1.0	confident	Atopostipes suicloacalis	Bacteria
c44f7979-8840-4b08-a202-795bccaf1c04	180295	1.0	confident	Atopostipes suicloacalis	Bacteria
6be2fff4-abf5-4042-b4e6-843836c796b0	180295	1.0	confident	Atopostipes suicloacalis	Bacteria
d947fe6a-5366-48e0-804f-4b0ae2b364aa	180295	1.0	confident	Atopostipes suicloacalis	Bacteria
f5f9a755-0c3f-405f-8869-2a556e4681ce	180295	1.0	confident	Atopostipes suicloacalis	Bacteria
db121979-1d63-4045-b020-21964a7cfc1f	180295	1.0	confident	Atopostipes suicloacalis	Bacteria
de5008cf-8b8f-44b7-bee6-511c9a56b7ff	180295	1.0	confident	Atopostipes suicloacalis	Bacteria
aaf8e201-0e01-4cc0-a5ce-0b0fb8754a17	180295	1.0	confident	Atopostipes suicloacalis	Bacteria
97120e0e-fe2e-41eb-bb30-39928ed19158	180295	1.0	confident	Atopostipes suicloacalis	Bacteria
03c7ba20-322e-4d3d-9f56-5098a0d515ac	180295	1.0	confident	Atopostipes suicloacalis	Bacteria
aa5e6e6e-7468-4f49-a086-9c2d3255a894	180295	1.0	confident	Atopostipes suicloacalis	Bacteria
9560ae48-e471-496a-b747-f66fc8275e41	180295	1.0	confident	Atopostipes suicloacalis	Bacteria
fb31cc74-1e75-4f78-ba60-178182c87282	180295	1.0	confident	Atopostipes suicloacalis	Bacteria
87b5ae32-88b2-4d1f-8aa4-b4ad6f3c0dac	180295	1.0	confident	Atopostipes suicloacalis	Bacteria
8329205e-94dc-493f-acb5-8998c3102461	180295	1.0	confident	Atopostipes suicloacalis	Bacteria
c75e4d2f-849c-4b62-a4a7-5bdbb9f539f5	180295	1.0	confident	Atopostipes suicloacalis	Bacteria
27d7b508-4a11-468d-9e09-a48bff7255f8	180295	1.0	confident	Atopostipes suicloacalis	Bacteria
0b89358e-dfbd-4744-87c9-9d761f4bcc29	180295	1.0	confident	Atopostipes suicloacalis	Bacteria
100efecd-2a59-4db8-9929-bdb9358e7441	180295	1.0	confident	Atopostipes suicloacalis	Bacteria
91cc882a-83e6-456d-93a6-812b39f3fb38	180295	1.0	confident	Atopostipes suicloacalis	Bacteria
a94a6123-1baf-4232-9970-32104eb10187	180295	1.0	confident	Atopostipes suicloacalis	Bacteria
ae7e6a8f-98ca-49f9-ae06-fe367cbbb5e7	180295	1.0	confident	Atopostipes suicloacalis	Bacteria
e09f2b68-775b-4dbb-84ca-e004c59ea069	180295	1.0	confident	Atopostipes suicloacalis	Bacteria
c41a9da5-d734-4fd3-84fb-5d9a1a05c5e7	180295	1.0	confident	Atopostipes suicloacalis	Bacteria
f21e83b8-fdad-4deb-ad07-00556a8565df	180295	1.0	confident	Atopostipes suicloacalis	Bacteria
cbd60a91-34d1-41c7-a73b-fa625dc3276d	180295	1.0	confident	Atopostipes suicloacalis	Bacteria
f471378a-61a2-42b3-b633-d2f336797f3a	180295	1.0	confident	Atopostipes suicloacalis	Bacteria
ba3fd4d0-64a7-46c5-901c-34072ff1751e	180295	1.0	confident	Atopostipes suicloacalis	Bacteria
6efa5c41-c1b0-4ddf-b496-60070a047681	180295	1.0	confident	Atopostipes suicloacalis	Bacteria
1b6a0807-ba7d-4f55-913e-4e8ca5e82990	180295	1.0	confident	Atopostipes suicloacalis	Bacteria
e2dadd21-f54d-451b-94aa-474b2a4e45ef	180295	1.0	confident	Atopostipes suicloacalis	Bacteria
88b30f22-29f6-40e5-8379-9e967dba9feb	180295	1.0	confident	Atopostipes suicloacalis	Bacteria
9174236e-db91-4480-a0e0-5f90fe06a916	180295	1.0	confident	Atopostipes suicloacalis	Bacteria
402d5d61-8a44-48c4-bba7-76ec3ea788ea	180295	1.0	confident	Atopostipes suicloacalis	Bacteria
ae59ca41-c839-44ca-933c-921ab2a8ada5	180295	1.0	confident	Atopostipes suicloacalis	Bacteria
7c028b43-e016-4a32-b845-d43fafb44bd5	180295	1.0	confident	Atopostipes suicloacalis	Bacteria
7aa7ca43-794e-48c1-a4b8-2fde563cbff4	180295	1.0	confident	Atopostipes suicloacalis	Bacteria
78fd87a0-33cf-40cd-92cc-a1d77be99e3b	180295	1.0	confident	Atopostipes suicloacalis	Bacteria
bf46c638-3be0-4c41-a52d-4b7f1bc6ad6d	180295	1.0	confident	Atopostipes suicloacalis	Bacteria
96034e6a-0f05-4d21-be78-1c2a51cbbc74	180295	1.0	confident	Atopostipes suicloacalis	Bacteria
7af10cd7-c3b1-4239-b199-22caf0015142	180295	1.0	confident	Atopostipes suicloacalis	Bacteria
ae90eb0d-f12f-46d9-8347-7272b07db0cd	180295	1.0	confident	Atopostipes suicloacalis	Bacteria
a1c36f23-ba72-46c9-868f-d33cff490544	180295	1.0	confident	Atopostipes suicloacalis	Bacteria
bb7deb05-8dd6-47bf-a9b9-8a8fb3a867c7	180295	1.0	confident	Atopostipes suicloacalis	Bacteria
77ec0464-c25f-478a-90fd-1e8413faef3e	180295	1.0	confident	Atopostipes suicloacalis	Bacteria
b9a15c73-26d2-4d29-a1ee-754970505269	180295	1.0	confident	Atopostipes suicloacalis	Bacteria
b77a11ad-cfe2-4ac8-aa26-e198012ac189	180295	1.0	confident	Atopostipes suicloacalis	Bacteria
c84655a5-382e-422a-9b4c-125d08560c49	180295	1.0	confident	Atopostipes suicloacalis	Bacteria
f31a0b31-af07-4d7c-8bb4-ecbacea442bf	180295	1.0	confident	Atopostipes suicloacalis	Bacteria
599bbeb2-5716-4229-8aaa-0a0939e37f45	180295	1.0	confident	Atopostipes suicloacalis	Bacteria
f530f958-c0db-4f73-a785-1078125f5b0c	180295	1.0	confident	Atopostipes suicloacalis	Bacteria
4cb269a6-1e43-4612-968d-68427d5859ad	180295	1.0	confident	Atopostipes suicloacalis	Bacteria
e1d7e88e-cb6a-4ba6-b393-77008ab8c745	180295	1.0	confident	Atopostipes suicloacalis	Bacteria
d45e01fd-aa39-446c-b85d-128180350287	180295	1.0	confident	Atopostipes suicloacalis	Bacteria
1bd23868-70b4-4975-8b2f-05fb9fc6f84a	180295	1.0	confident	Atopostipes suicloacalis	Bacteria
308e3732-6534-46f6-8dec-960f06c0d3af	180295	1.0	confident	Atopostipes suicloacalis	Bacteria
dc680293-b87c-48c8-9877-793991adf5a8	180295	1.0	confident	Atopostipes suicloacalis	Bacteria
32b2db91-21eb-4c35-be8f-3559c60c73ad	180295	1.0	confident	Atopostipes suicloacalis	Bacteria
dab61ff0-28da-4423-99e6-e4f4942cbb22	180295	1.0	confident	Atopostipes suicloacalis	Bacteria
3d43985f-4bce-4db5-889e-46396273d3d7	180295	1.0	confident	Atopostipes suicloacalis	Bacteria
51ebe4c8-810b-4038-87cb-5e39348e40de	180295	1.0	confident	Atopostipes suicloacalis	Bacteria
67287956-0cef-4c1a-ae5c-c7ac1e7091d4	180295	1.0	confident	Atopostipes suicloacalis	Bacteria
6f6092b5-6ac5-4f6e-bddd-bfe99c85f09c	180295	1.0	confident	Atopostipes suicloacalis	Bacteria
7aa491b7-3ffc-458f-b690-9fe2c75a2787	180295	1.0	confident	Atopostipes suicloacalis	Bacteria
a3f2809d-c3c9-479d-852c-97963d96454c	180295	1.0	confident	Atopostipes suicloacalis	Bacteria
8cf6eb48-f82a-4fd0-8fda-851fe47558b7	180295	1.0	confident	Atopostipes suicloacalis	Bacteria
5e4156c8-1cbd-4ac9-aa5e-62af00238c49	180295	1.0	confident	Atopostipes suicloacalis	Bacteria
f669f0a6-8958-4933-8d69-9bc47b374695	180295	1.0	confident	Atopostipes suicloacalis	Bacteria
cb1fc569-8274-47a3-9dbf-8971a398e480	180295	1.0	confident	Atopostipes suicloacalis	Bacteria
0533ce8e-4378-4e49-b2bc-4be901681e5e	180295	1.0	confident	Atopostipes suicloacalis	Bacteria
677c32a7-5c81-4bd1-a649-6e08ec56e927	180295	1.0	confident	Atopostipes suicloacalis	Bacteria
1176fb1c-0f48-4bb7-8ab2-d60397d41ad1	180295	1.0	confident	Atopostipes suicloacalis	Bacteria
3cc42200-666a-4791-8126-530d1121d263	180295	1.0	confident	Atopostipes suicloacalis	Bacteria
02b92dc0-4cea-4d48-a589-ebad9e6bdc1c	180295	1.0	confident	Atopostipes suicloacalis	Bacteria
ddb29dbf-76d0-4178-9d23-1cdfc109dc46	180295	1.0	confident	Atopostipes suicloacalis	Bacteria
e49a1fba-f7ce-43ea-ba61-1e45de30bde0	180295	1.0	confident	Atopostipes suicloacalis	Bacteria
e7820c21-5faf-4342-9b0f-a50a910a71ed	180295	1.0	confident	Atopostipes suicloacalis	Bacteria
79b1a54a-76cb-4a3b-9d01-94b1d34aa203	180295	1.0	confident	Atopostipes suicloacalis	Bacteria
ed44d1d5-d8c6-4de5-a359-8602c493c7be	180295	1.0	confident	Atopostipes suicloacalis	Bacteria
7ec00a9f-2afd-485d-9c4e-00a82f20ce4c	180295	1.0	confident	Atopostipes suicloacalis	Bacteria
ab7bf52a-58c7-476d-aac6-c020f39e80a1	180295	1.0	confident	Atopostipes suicloacalis	Bacteria
20a993b2-2638-41b7-b59e-7a6cd2999e26	180295	1.0	confident	Atopostipes suicloacalis	Bacteria
954c223e-34a3-4dda-89e1-b3b4dc4a8c4c	180295	1.0	confident	Atopostipes suicloacalis	Bacteria
46cac413-95b6-427d-b262-7cc8a8365396	180295	1.0	confident	Atopostipes suicloacalis	Bacteria
3d1605bc-8d9f-4bc8-9137-2e7a54ac5106	180295	1.0	confident	Atopostipes suicloacalis	Bacteria
3de00a86-4013-4b15-826d-0c4427e7e4f2	180295	1.0	confident	Atopostipes suicloacalis	Bacteria
91e4dcc6-a29d-4bf1-b498-13b57c5e4bc7	180295	1.0	confident	Atopostipes suicloacalis	Bacteria
03c43fcd-1fda-478d-9780-e478c3eb0783	180295	1.0	confident	Atopostipes suicloacalis	Bacteria
e41045cb-080f-40d2-92ed-a22e60f01bf2	180295	1.0	confident	Atopostipes suicloacalis	Bacteria
2e37a86f-e53e-4a36-b185-53b8558af4a6	180295	1.0	confident	Atopostipes suicloacalis	Bacteria
5935a4e6-0512-40a7-a60f-2fc32af99734	180295	1.0	confident	Atopostipes suicloacalis	Bacteria
3565cf08-30ed-482b-bd37-4da7ed564559	180295	1.0	confident	Atopostipes suicloacalis	Bacteria
36a9a227-42e3-47b9-b0c7-956651956661	180295	1.0	confident	Atopostipes suicloacalis	Bacteria
b7bf97ab-0ed1-4a26-95a1-efe3bce19dba	180295	1.0	confident	Atopostipes suicloacalis	Bacteria
0ca6dcf8-0257-4fc0-b59f-ea401d71e295	180295	1.0	confident	Atopostipes suicloacalis	Bacteria
9431a099-1d22-48e5-be40-08bc7d4ec148	180295	1.0	confident	Atopostipes suicloacalis	Bacteria
597ff1ca-79c5-440c-b88d-5c607bcfcb16	180295	1.0	confident	Atopostipes suicloacalis	Bacteria
24ef5559-94f2-4d7b-9248-f2dade7b4a26	180295	1.0	confident	Atopostipes suicloacalis	Bacteria
d1de2459-566f-4aa9-b453-4f5636c0c355	180295	1.0	confident	Atopostipes suicloacalis	Bacteria
d10cb331-57f7-411d-b59c-24e53bc71454	528244	1.0	confident	Azospirillum thiophilum	Bacteria
f10a2905-35f6-4e2d-a982-041c65b1a06e	528244	1.0	confident	Azospirillum thiophilum	Bacteria
ef0b2c21-30f8-4f0e-b0da-cbc55b69d686	528244	1.0	confident	Azospirillum thiophilum	Bacteria
b77258e2-e8b5-446e-8303-372bf9de796f	528244	1.0	confident	Azospirillum thiophilum	Bacteria
04b20342-7ef4-43e8-8451-5a309bcf4ad8	528244	1.0	confident	Azospirillum thiophilum	Bacteria
53a164e4-f663-4c8a-b4f0-5198437448ee	528244	1.0	confident	Azospirillum thiophilum	Bacteria
8667a297-b543-4fa4-a5fc-c575532ed040	528244	1.0	confident	Azospirillum thiophilum	Bacteria
408bd138-78e8-4a64-bff1-ef5af4e4e773	528244	1.0	confident	Azospirillum thiophilum	Bacteria
33d3e982-3dc1-4ee1-9af0-444f53ee022b	528244	1.0	confident	Azospirillum thiophilum	Bacteria
ac9d486d-758b-4219-af62-d7cf6b8dca91	528244	1.0	confident	Azospirillum thiophilum	Bacteria
7fbb9e02-4c3e-41c7-8ba5-46e7b3c1589b	528244	1.0	confident	Azospirillum thiophilum	Bacteria
554658f8-f64d-46b1-8231-75312adb9306	528244	1.0	confident	Azospirillum thiophilum	Bacteria
40ca98f0-8adb-4b93-8129-bd2effedf413	528244	1.0	confident	Azospirillum thiophilum	Bacteria
9f7965e5-7fdf-4b81-81b8-ee66a8c68715	528244	1.0	confident	Azospirillum thiophilum	Bacteria
d9cbc9a0-fa92-4d99-8684-5a110769128e	528244	1.0	confident	Azospirillum thiophilum	Bacteria
364fa9e2-79ff-48d8-a80e-3c88942e4470	528244	1.0	confident	Azospirillum thiophilum	Bacteria
57ccc5e2-2900-450c-9a22-e07d43f06a84	528244	1.0	confident	Azospirillum thiophilum	Bacteria
91e139bc-94f7-416f-9606-18e69c9b1d54	528244	1.0	confident	Azospirillum thiophilum	Bacteria
02cd5f0c-a37d-479e-8bda-f96a1913746b	528244	1.0	confident	Azospirillum thiophilum	Bacteria
c3ad2127-a0dd-427a-9bb5-bf64e70fc10b	528244	1.0	confident	Azospirillum thiophilum	Bacteria
90e88e39-7b84-4083-9eb7-6f48a80a8367	528244	1.0	confident	Azospirillum thiophilum	Bacteria
44ab525f-d6f0-4062-a597-9ca3e3a445bf	528244	1.0	confident	Azospirillum thiophilum	Bacteria
fa455369-967d-48b0-ace9-8194a271a1c3	528244	1.0	confident	Azospirillum thiophilum	Bacteria
c1028443-00f5-45fb-858d-88bb76d28436	528244	1.0	confident	Azospirillum thiophilum	Bacteria
9b1924a6-98c9-4ecf-bb54-1b1aba422025	528244	1.0	confident	Azospirillum thiophilum	Bacteria
30ca4638-024b-4cdc-91e7-e1d563998ae2	528244	1.0	confident	Azospirillum thiophilum	Bacteria
baa05618-41ac-4dca-9eb7-d862771914b5	528244	1.0	confident	Azospirillum thiophilum	Bacteria
0953bc9c-be09-4389-9117-bc6f3efb5e9a	528244	1.0	confident	Azospirillum thiophilum	Bacteria
8f3394e2-e7a9-4c21-8f98-b55870625728	528244	1.0	confident	Azospirillum thiophilum	Bacteria
c8c219dc-052e-4271-b976-223ff73992b6	528244	1.0	confident	Azospirillum thiophilum	Bacteria
c93c07d5-3609-4268-a886-e9a1671bdf5d	528244	1.0	confident	Azospirillum thiophilum	Bacteria
830ecf3b-c902-4bb5-9e63-13a2afc528c8	528244	1.0	confident	Azospirillum thiophilum	Bacteria
7f391d65-072b-4145-ab2e-95d3fd8c50a1	528244	1.0	confident	Azospirillum thiophilum	Bacteria
4d99b56b-dc5c-4ffc-af3b-052d56bda60d	528244	1.0	confident	Azospirillum thiophilum	Bacteria
6b20b9b5-ca5a-4d78-ac59-183578b726c5	528244	1.0	confident	Azospirillum thiophilum	Bacteria
beb3c4f8-0735-4873-83d7-66b224398c78	528244	1.0	confident	Azospirillum thiophilum	Bacteria
888dd501-86ec-4541-85cc-37ae17a51e43	528244	1.0	confident	Azospirillum thiophilum	Bacteria
7c7e8ab3-19a8-4609-a0a8-2cda872a1bb5	528244	1.0	confident	Azospirillum thiophilum	Bacteria
786f3184-98c0-44f0-9b21-fda66e13a627	528244	1.0	confident	Azospirillum thiophilum	Bacteria
0828f5e0-55a6-493a-a5b5-3bd9504aaa05	528244	1.0	confident	Azospirillum thiophilum	Bacteria
0e51b3f2-fcda-4535-8989-ccfcfe662810	528244	1.0	confident	Azospirillum thiophilum	Bacteria
87d12043-ba65-4bd7-839c-bbe8563e1183	528244	1.0	confident	Azospirillum thiophilum	Bacteria
0d549eac-13ac-430e-9293-3fd1a8ad28d4	528244	1.0	confident	Azospirillum thiophilum	Bacteria
970909dd-3581-4862-b631-14da537c7cc1	528244	1.0	confident	Azospirillum thiophilum	Bacteria
263d4a6d-9aa9-4963-9c29-08ef2f8528e2	528244	1.0	confident	Azospirillum thiophilum	Bacteria
e97dde0c-578c-4937-b3d6-65d47ab394a6	528244	1.0	confident	Azospirillum thiophilum	Bacteria
70ca3f87-5227-412e-accf-dc7342f29ac0	528244	1.0	confident	Azospirillum thiophilum	Bacteria
3836561c-3ac2-4bec-8403-1038cc55e7cd	528244	1.0	confident	Azospirillum thiophilum	Bacteria
65740ead-9800-4ae1-8593-e53c61299c22	528244	1.0	confident	Azospirillum thiophilum	Bacteria
a05a114a-5150-4033-898e-85b654dca6cd	528244	1.0	confident	Azospirillum thiophilum	Bacteria
fdeb0823-e6e7-4799-882a-6adf4ffbd95d	528244	1.0	confident	Azospirillum thiophilum	Bacteria
65e7470e-125a-407c-a38b-18d025139c2d	528244	1.0	confident	Azospirillum thiophilum	Bacteria
81e127c0-9856-4e15-84bd-f0e0103f457f	528244	1.0	confident	Azospirillum thiophilum	Bacteria
29b76d52-cc9a-4818-9f5a-719d3f7c357f	528244	1.0	confident	Azospirillum thiophilum	Bacteria
5bd61eee-24b8-441e-a2a3-c2270164d405	528244	1.0	confident	Azospirillum thiophilum	Bacteria
2a2b323e-dd94-45c7-9e12-d6ba15451be2	528244	1.0	confident	Azospirillum thiophilum	Bacteria
95e01637-41c1-4981-85f7-45ea77e2242d	528244	1.0	confident	Azospirillum thiophilum	Bacteria
3c934b24-6b79-4a63-bd5c-4a9f59d205b8	528244	1.0	confident	Azospirillum thiophilum	Bacteria
01f85d8b-29b9-411c-8ea0-eb8ed970fef8	528244	1.0	confident	Azospirillum thiophilum	Bacteria
2927e55f-9aca-4561-8c85-a2086b813da8	528244	1.0	confident	Azospirillum thiophilum	Bacteria
994ad80a-a597-451a-a9ee-15d5fb2c5cd2	528244	1.0	confident	Azospirillum thiophilum	Bacteria
89100cd7-e786-4eb1-81bb-9a911d76a517	528244	1.0	confident	Azospirillum thiophilum	Bacteria
5d7815ff-b836-4e10-9a47-c0c27595fd30	528244	1.0	confident	Azospirillum thiophilum	Bacteria
94584370-29a5-4eac-b90f-0323ac0a39d8	528244	1.0	confident	Azospirillum thiophilum	Bacteria
fd3518b6-4876-4f1a-ad13-9eb975035f9b	528244	1.0	confident	Azospirillum thiophilum	Bacteria
7f11c7b8-0e5d-4310-bbb4-615473ecb089	528244	1.0	confident	Azospirillum thiophilum	Bacteria
b4fcbad4-e520-4514-ad47-9be04341fbb3	528244	1.0	confident	Azospirillum thiophilum	Bacteria
6aed9da8-1932-48af-ab33-410816af5ada	528244	1.0	confident	Azospirillum thiophilum	Bacteria
4c1c9dee-baba-483b-9df8-843d96185712	528244	1.0	confident	Azospirillum thiophilum	Bacteria
9191af1d-3f10-4d23-b0e8-2938060a4828	528244	1.0	confident	Azospirillum thiophilum	Bacteria
89c89905-cdd6-4f11-8945-b95c8214a309	528244	1.0	confident	Azospirillum thiophilum	Bacteria
ec408742-3e5c-49be-8f9d-50b238bf5828	528244	1.0	confident	Azospirillum thiophilum	Bacteria
1a1f7cd8-be07-41d0-a90f-84003bf33c98	528244	1.0	confident	Azospirillum thiophilum	Bacteria
6aead250-35e3-49f0-9e65-cd60e290643f	528244	1.0	confident	Azospirillum thiophilum	Bacteria
89bfe6f1-08f2-4051-ba85-f0c638088a59	528244	1.0	confident	Azospirillum thiophilum	Bacteria
958d5998-1dea-476d-8f17-00172628260f	528244	1.0	confident	Azospirillum thiophilum	Bacteria
ec9517a9-0b57-4c68-a680-959e32cb7baf	528244	1.0	confident	Azospirillum thiophilum	Bacteria
39603ed6-f639-4c43-a2f8-1dd9cd2c8c43	528244	1.0	confident	Azospirillum thiophilum	Bacteria
5534e34a-6a2e-4362-9038-f98aaff080ad	528244	1.0	confident	Azospirillum thiophilum	Bacteria
d2622a32-68d4-4dbb-8fa0-9c9044387fe3	528244	1.0	confident	Azospirillum thiophilum	Bacteria
fd56dce1-539b-4a0a-af1a-7453381ae3a2	528244	1.0	confident	Azospirillum thiophilum	Bacteria
34f05daa-b1c1-4235-bf90-af15ea865957	528244	1.0	confident	Azospirillum thiophilum	Bacteria
d162d8d3-74c5-4c97-9875-17d907703850	528244	1.0	confident	Azospirillum thiophilum	Bacteria
dd42d783-540d-4897-a20a-f5ca140ec45f	528244	1.0	confident	Azospirillum thiophilum	Bacteria
be18a9f9-7650-47e3-8491-197d98063fc8	528244	1.0	confident	Azospirillum thiophilum	Bacteria
cde7a2cb-d019-461b-aa3d-6d0696bacc23	528244	1.0	confident	Azospirillum thiophilum	Bacteria
46aa1619-4179-42bf-b623-ce20cbb7a0ad	528244	1.0	confident	Azospirillum thiophilum	Bacteria
2acc9828-de34-4281-86ba-cdef78e7c8db	528244	1.0	confident	Azospirillum thiophilum	Bacteria
207e2af5-a498-4d65-9022-141be8fb512e	528244	1.0	confident	Azospirillum thiophilum	Bacteria
00b14dd6-e49a-4321-a8ab-79bcb7d893e8	528244	1.0	confident	Azospirillum thiophilum	Bacteria
5ef1cd9e-5e68-407f-b1dd-570f47cb0b73	528244	1.0	confident	Azospirillum thiophilum	Bacteria
15214db0-837b-48e9-b77f-fae0a6006b60	528244	1.0	confident	Azospirillum thiophilum	Bacteria
060dd509-734a-43cb-9d7c-e34b04c08117	10003577	1.0	confident	Acinetobacter radioresistens	Bacteria
0b1a6b8d-cb62-4bfb-adbb-10ad569da54e	10003577	1.0	confident	Acinetobacter radioresistens	Bacteria
bbdf2534-7da9-47bb-8ff7-15c6915b2d04	10003577	1.0	confident	Acinetobacter radioresistens	Bacteria
59c7d561-acb6-4757-97f4-f8f52fa2616c	10003577	1.0	confident	Acinetobacter radioresistens	Bacteria
7ba1ae28-39b6-4888-b561-fbcfb36ea908	10003577	1.0	confident	Acinetobacter radioresistens	Bacteria
8348d6f9-3e02-4f27-b1dc-30fbee99cfdb	10003577	1.0	confident	Acinetobacter radioresistens	Bacteria
dc3c3625-e379-4d47-8cdd-5f0accb99a62	10003577	1.0	confident	Acinetobacter radioresistens	Bacteria
7dabec4e-3ae9-4a6c-889e-bb18d19e8f97	10003577	1.0	confident	Acinetobacter radioresistens	Bacteria
f5a2398f-d035-4f3c-b338-76fcf53a77e6	10003577	1.0	confident	Acinetobacter radioresistens	Bacteria
38634ba0-d032-4162-aac7-9d6acdfd8ac2	10003577	1.0	confident	Acinetobacter radioresistens	Bacteria
8d6f7107-fa80-4e67-be23-4e89116ff39a	10003577	1.0	confident	Acinetobacter radioresistens	Bacteria
d3303e43-0e56-428d-b310-565e7c1f0799	10003577	1.0	confident	Acinetobacter radioresistens	Bacteria
26fe3b7b-7942-4fec-b6dd-23f9185a10ee	10003577	1.0	confident	Acinetobacter radioresistens	Bacteria
0d15156f-3c20-4484-a6e8-05de861e3a63	10003577	1.0	confident	Acinetobacter radioresistens	Bacteria
78bc5584-77fc-406b-9a94-e3575919d410	10003577	1.0	confident	Acinetobacter radioresistens	Bacteria
4b97c289-bb61-43e1-9058-f4b52182e313	10003577	1.0	confident	Acinetobacter radioresistens	Bacteria
5431c742-b7a1-4be8-8ac6-34135c057473	10003577	1.0	confident	Acinetobacter radioresistens	Bacteria
138bfd79-c358-4e43-97f2-4a4e587e81af	10003577	1.0	confident	Acinetobacter radioresistens	Bacteria
d7f21062-3dfd-4ccb-bf95-2e79aa3e4e90	10003577	1.0	confident	Acinetobacter radioresistens	Bacteria
56aa16e4-d315-459b-a38e-4da0fbedf3b3	10003577	1.0	confident	Acinetobacter radioresistens	Bacteria
38301cdf-648c-4bcf-9223-2c106ec61493	10003577	1.0	confident	Acinetobacter radioresistens	Bacteria
f717a5bc-ab73-4d7a-ab59-cf277013c11a	10003577	1.0	confident	Acinetobacter radioresistens	Bacteria
93449955-735b-4f74-9b9a-6de4220b7aac	10003577	1.0	confident	Acinetobacter radioresistens	Bacteria
31c6ec6d-6104-4d71-97e8-32fac4344097	10003577	1.0	confident	Acinetobacter radioresistens	Bacteria
f3d27b62-dd90-4687-89dd-12eb304eca09	10003577	1.0	confident	Acinetobacter radioresistens	Bacteria
5b00483e-4569-450c-b139-8a43d5c8ae58	10003577	1.0	confident	Acinetobacter radioresistens	Bacteria
9718a44b-b261-432c-bf22-696323aa70a8	10003577	1.0	confident	Acinetobacter radioresistens	Bacteria
821c5260-ca00-4a98-ab46-d1e3b37f44bf	10003577	1.0	confident	Acinetobacter radioresistens	Bacteria
5bb84d52-e3c0-4a8a-807b-1ba6ac99aaab	1827279	1.0	confident	Aliterella antarctica	Bacteria
332e38ab-f557-453c-82ab-764ece8e6091	1827279	1.0	confident	Aliterella antarctica	Bacteria
42cf9b36-db8b-4f13-af14-441906e5abb4	1827279	1.0	confident	Aliterella antarctica	Bacteria
a332d5a8-5f1e-4719-b190-011ee8009c51	1827279	1.0	confident	Aliterella antarctica	Bacteria
12bfbf09-9807-4596-ac8c-bc472c230eb8	1827279	1.0	confident	Aliterella antarctica	Bacteria
4e4ae64a-eddf-4d5f-ba71-5ff8b6389b40	1827279	1.0	confident	Aliterella antarctica	Bacteria
bfbfbbf6-cb9d-4d55-a51d-e2171cc55474	1827279	1.0	confident	Aliterella antarctica	Bacteria
62e47ba4-709e-434c-8aee-2e28e21f6c25	1827279	1.0	confident	Aliterella antarctica	Bacteria
21b4a671-7b73-43c4-9903-12885eed8808	1827279	1.0	confident	Aliterella antarctica	Bacteria
afa63f6d-99fa-4835-a642-f1a28ba54281	1827279	1.0	confident	Aliterella antarctica	Bacteria
6f7edb8a-d10f-4084-84f5-bc4a8c832393	1827279	1.0	confident	Aliterella antarctica	Bacteria
3291f750-94fd-4664-a7dd-a98e61aeb7a8	1827279	1.0	confident	Aliterella antarctica	Bacteria
278ae273-3aa0-4876-9637-ba7f3881e265	1827279	1.0	confident	Aliterella antarctica	Bacteria
2b5d167a-4cb5-4ff8-b93e-d6de6d59259c	1827279	1.0	confident	Aliterella antarctica	Bacteria
de7889a9-e857-4da2-85af-c0c3758631ac	1827279	1.0	confident	Aliterella antarctica	Bacteria
5b302442-02dc-4627-bb6a-e700fffb288a	1827279	1.0	confident	Aliterella antarctica	Bacteria
903aaca8-1560-4039-96b8-3d0efde9e704	1827279	1.0	confident	Aliterella antarctica	Bacteria
3101f510-01c2-4bac-8cf0-bb66a5b24a40	1827279	1.0	confident	Aliterella antarctica	Bacteria
ee957bc5-9eaa-4e6a-8c3f-014cd7b58353	1827279	1.0	confident	Aliterella antarctica	Bacteria
170f74a6-3853-44c5-ac73-df3ebac3e1e4	1827279	1.0	confident	Aliterella antarctica	Bacteria
202f3a19-5dfc-4df4-897a-5df9f4a4c2be	1827279	1.0	confident	Aliterella antarctica	Bacteria
8837bdcd-11dd-4cbb-bdc8-f99b5e5182bc	1827279	1.0	confident	Aliterella antarctica	Bacteria
18b50c59-7537-4728-9b50-6bc2020a496e	1827279	1.0	confident	Aliterella antarctica	Bacteria
aaa37d1a-8d16-43ec-a669-679088576ea7	1827279	1.0	confident	Aliterella antarctica	Bacteria
c97cb84a-b3df-46c1-9995-4bef6f56d991	1827279	1.0	confident	Aliterella antarctica	Bacteria
82fc279b-fee1-43a8-8fba-02531284776d	1827279	1.0	confident	Aliterella antarctica	Bacteria
fde6896e-5fa8-4773-843a-3b8d5db24c17	1827279	1.0	confident	Aliterella antarctica	Bacteria
794fdcb4-97b4-4670-8414-a7b794fe750a	1827279	1.0	confident	Aliterella antarctica	Bacteria
af942366-7039-4302-a90c-51f3754701e2	1306274	1.0	confident	Nostoc flagelliforme	Bacteria
7173fdff-cc9e-4065-b3d1-91b92f366884	1306274	1.0	confident	Nostoc flagelliforme	Bacteria
4797671c-ad7a-4119-9a6c-2841d981d8dc	1306274	1.0	confident	Nostoc flagelliforme	Bacteria
e956aecd-8cc8-4a00-93a8-5e2b6dd3af19	1306274	1.0	confident	Nostoc flagelliforme	Bacteria
b966de1f-02cf-4b74-b2d9-f2acdbb32dbb	1306274	1.0	confident	Nostoc flagelliforme	Bacteria
86adfcab-aae5-40e3-b37d-92268bdc1002	1306274	1.0	confident	Nostoc flagelliforme	Bacteria
6e8111e3-ff4f-4750-b732-6ec28993627b	1306274	1.0	confident	Nostoc flagelliforme	Bacteria
39d92bf0-f365-4a44-8daa-f6d9f9210362	1306274	1.0	confident	Nostoc flagelliforme	Bacteria
09c79e3b-cc85-4fcd-8f14-bfe5021b55a3	1306274	1.0	confident	Nostoc flagelliforme	Bacteria
310acbbb-7d71-4b92-9238-d3408146c72b	1306274	1.0	confident	Nostoc flagelliforme	Bacteria
05fdece6-35be-4d51-9e47-753ef01816bd	1306274	1.0	confident	Nostoc flagelliforme	Bacteria
96c1151d-b31b-4cd0-a0c6-b28fa03be085	1306274	1.0	confident	Nostoc flagelliforme	Bacteria
497070b1-1bc7-4c55-a75a-0d0972e2e64a	1306274	1.0	confident	Nostoc flagelliforme	Bacteria
dc0c3e8d-07ba-481c-8e84-dd0a7e73add0	1306274	1.0	confident	Nostoc flagelliforme	Bacteria
06edddfa-bf78-4c95-8129-1e46313e9366	1306274	1.0	confident	Nostoc flagelliforme	Bacteria
ca262d35-1b01-4a6a-83a5-478dd2e51173	1306274	1.0	confident	Nostoc flagelliforme	Bacteria
01f289f9-6ea8-4f5b-9027-50c293182aef	1306274	1.0	confident	Nostoc flagelliforme	Bacteria
afb26eda-2920-4a93-a78e-dfa454a86224	1306274	1.0	confident	Nostoc flagelliforme	Bacteria
193ee0fc-e228-4f63-b3c5-bd478abd16b9	1306274	1.0	confident	Nostoc flagelliforme	Bacteria
557c8d67-4c62-456d-bb86-e4f15e8755f8	1306274	1.0	confident	Nostoc flagelliforme	Bacteria
5ab8111f-4a68-4968-a5a2-8015078988dd	1306274	1.0	confident	Nostoc flagelliforme	Bacteria
fab002fc-f8f1-4736-8922-6a56aa3c6052	1306274	1.0	confident	Nostoc flagelliforme	Bacteria
de2e8105-ade4-474e-ad25-5d08c30ea03e	1306274	1.0	confident	Nostoc flagelliforme	Bacteria
19f0befa-605d-4205-9205-84098b9bc588	1306274	1.0	confident	Nostoc flagelliforme	Bacteria
06d705aa-bd40-47ab-a8f8-d47c3c5d8f2e	1306274	1.0	confident	Nostoc flagelliforme	Bacteria
af4af4c6-a7e5-4fba-a23a-8b14548e30f5	1306274	1.0	confident	Nostoc flagelliforme	Bacteria
79139aa3-e78a-4fff-9064-3351adbf8b73	1306274	1.0	confident	Nostoc flagelliforme	Bacteria
4b5d5022-6370-4b01-830d-ee6cb93c2b82	1306274	1.0	confident	Nostoc flagelliforme	Bacteria
a5b49913-859c-4741-b3fd-16514a6f8765	1306274	1.0	confident	Nostoc flagelliforme	Bacteria
f2a29399-4d9a-415e-b60f-8fd66efe97e6	10003601	1.0	confident	Pseudomonas fulva	Bacteria
e6565625-ce6a-4e4e-84c0-125cac8486ca	10003601	1.0	confident	Pseudomonas fulva	Bacteria
2f07b11e-1a9c-49cf-9202-d046dfa3a963	10003601	1.0	confident	Pseudomonas fulva	Bacteria
e32064a0-3603-4097-b9e4-1471dd18d94a	10003601	1.0	confident	Pseudomonas fulva	Bacteria
793267a0-6e76-4785-a081-1187c766ca7b	10003601	1.0	confident	Pseudomonas fulva	Bacteria
d656fb0f-991d-46db-a5dc-0e921874eccc	10003601	1.0	confident	Pseudomonas fulva	Bacteria
7b33e00a-9f1d-497f-aefe-cc6e9d34d681	10003601	1.0	confident	Pseudomonas fulva	Bacteria
7eeb0299-0d7d-4db3-bf8e-030fae6fe9fb	10003601	1.0	confident	Pseudomonas fulva	Bacteria
ea70647c-d7c5-4d1b-8dd0-3eff401e353a	10003601	1.0	confident	Pseudomonas fulva	Bacteria
fb7e5b1f-622d-4bea-a539-baa1e97447a7	10003601	1.0	confident	Pseudomonas fulva	Bacteria
c40471c6-a6ef-4a05-9cea-d178463ffcd2	10003601	1.0	confident	Pseudomonas fulva	Bacteria
fc5f08d6-7c6c-4f62-a4c3-a6abcebfa25f	10003601	1.0	confident	Pseudomonas fulva	Bacteria
d08ef8a2-dd66-49fc-96f5-0a328f28e7ed	10003601	1.0	confident	Pseudomonas fulva	Bacteria
afbbceb7-79a2-4edc-9bda-5d734478f3fa	10003601	1.0	confident	Pseudomonas fulva	Bacteria
6e9b60a2-6d68-42b8-be71-6db068c70c06	10003601	1.0	confident	Pseudomonas fulva	Bacteria
b68310dc-f3bb-4993-a674-55381030e7f1	569883	1.0	confident	Planomicrobium flavidum	Bacteria
aceb405f-3f41-4d0e-a507-8feda44380ed	569883	1.0	confident	Planomicrobium flavidum	Bacteria
da5f2907-e8f1-4edc-a126-618b07fb458c	569883	1.0	confident	Planomicrobium flavidum	Bacteria
d3764bc3-032c-4463-827b-6bf0d2af8828	569883	1.0	confident	Planomicrobium flavidum	Bacteria
4dadf6e4-c7c5-4473-938d-965764c9ded7	569883	1.0	confident	Planomicrobium flavidum	Bacteria
11c18fc3-e217-4cf5-a03f-6d9740f06ca4	569883	1.0	confident	Planomicrobium flavidum	Bacteria
70f065b8-534f-4974-8178-a7b9c4213d06	569883	1.0	confident	Planomicrobium flavidum	Bacteria
c6383055-a02e-41f3-b139-ace408bed2d6	569883	1.0	confident	Planomicrobium flavidum	Bacteria
bfd5f723-b8fa-4733-91d7-0f8632279df1	569883	1.0	confident	Planomicrobium flavidum	Bacteria
c9698fed-9c14-4e9b-9194-4adbb84fe3cf	569883	1.0	confident	Planomicrobium flavidum	Bacteria
2d1bd151-f171-4c04-8a59-72d63c3f510f	569883	1.0	confident	Planomicrobium flavidum	Bacteria
b281ec0b-1966-44f1-83ea-c174b9abaef2	569883	1.0	confident	Planomicrobium flavidum	Bacteria
86caa59b-387a-410f-a005-ce735c06cfdb	569883	1.0	confident	Planomicrobium flavidum	Bacteria
0aa46f9c-b90b-4e0e-a432-dbb833822d7b	569883	1.0	confident	Planomicrobium flavidum	Bacteria
ec9ab966-e568-42ca-ab36-321a1bccac07	569883	1.0	confident	Planomicrobium flavidum	Bacteria
5a08ab80-064b-4ea9-8846-6f37382f4ea1	569883	1.0	confident	Planomicrobium flavidum	Bacteria
b2ee5b97-ff82-41d5-8cee-ba3bfef81430	569883	1.0	confident	Planomicrobium flavidum	Bacteria
7f588052-3e96-4ebe-8900-071fda383a9f	569883	1.0	confident	Planomicrobium flavidum	Bacteria
f93ae500-1dad-447e-a56e-9b2084200143	569883	1.0	confident	Planomicrobium flavidum	Bacteria
ff7f0ddd-5240-42a2-b7ab-f190f2249671	569883	1.0	confident	Planomicrobium flavidum	Bacteria
30b72dbb-056a-4b16-8a2c-7f628dd5520a	569883	1.0	confident	Planomicrobium flavidum	Bacteria
08761ee3-e490-41ff-9876-ac04f938e4e4	569883	1.0	confident	Planomicrobium flavidum	Bacteria
d402c4c8-c3e5-4095-a2f4-1ea464fcdacc	569883	1.0	confident	Planomicrobium flavidum	Bacteria
9aeb14ad-5242-4490-b0fe-768652d0a54e	569883	1.0	confident	Planomicrobium flavidum	Bacteria
24e33ec2-d1d6-496b-83a0-6e250bd5ea55	569883	1.0	confident	Planomicrobium flavidum	Bacteria
5b51ca47-9737-4caa-9041-1f3bd0fd6473	569883	1.0	confident	Planomicrobium flavidum	Bacteria
f25efefe-6927-4ad2-94ed-350ea8a62160	569883	1.0	confident	Planomicrobium flavidum	Bacteria
54911bbc-305a-4734-8337-d375fbe292bd	569883	1.0	confident	Planomicrobium flavidum	Bacteria
16dff325-bab1-453a-867b-ad04cba57419	569883	1.0	confident	Planomicrobium flavidum	Bacteria
c5aea83d-7b99-4809-888a-4eed59ca51d2	569883	1.0	confident	Planomicrobium flavidum	Bacteria
d9a72669-64f7-4ac9-a126-2429360ac8fa	569883	1.0	confident	Planomicrobium flavidum	Bacteria
a34c267b-0bd2-488e-bf28-39590c855809	569883	1.0	confident	Planomicrobium flavidum	Bacteria
78988c8e-3413-4ce6-beab-dc91d5173e90	569883	1.0	confident	Planomicrobium flavidum	Bacteria
4325e900-c055-46c4-8028-e54197a6dedd	569883	1.0	confident	Planomicrobium flavidum	Bacteria
1302f5c2-dd16-49b7-9f70-c3de107da2da	569883	1.0	confident	Planomicrobium flavidum	Bacteria
e0885e32-0ad1-41a5-bb5e-07e858925f8e	569883	1.0	confident	Planomicrobium flavidum	Bacteria
52ac34a3-171d-4175-9966-7d4df9d951ab	569883	1.0	confident	Planomicrobium flavidum	Bacteria
7a74a146-b6d6-4581-b55d-9902a75d7705	739141	1.0	confident	Methylobacterium sp. XJLW	Bacteria
82d52ebe-5a64-4d55-9135-611b162ee76e	739141	1.0	confident	Methylobacterium sp. XJLW	Bacteria
2038ebc2-57ee-4cef-a7f5-3163ea967e05	739141	1.0	confident	Methylobacterium sp. XJLW	Bacteria
5e2b8690-5f8d-44d9-a649-46de0250d32a	739141	1.0	confident	Methylobacterium sp. XJLW	Bacteria
97edeec2-2e08-40d1-adb4-3dfeb191a4b0	739141	1.0	confident	Methylobacterium sp. XJLW	Bacteria
d604d07a-face-4a30-bc71-9615c13bd471	739141	1.0	confident	Methylobacterium sp. XJLW	Bacteria
91df046c-936d-49b8-a715-3a5e88faf774	739141	1.0	confident	Methylobacterium sp. XJLW	Bacteria
28e2cdf9-4df9-4cdf-9bf5-3a041353ed6c	739141	1.0	confident	Methylobacterium sp. XJLW	Bacteria
ad99f4ff-1911-4b9d-9d62-4a56edad382f	739141	1.0	confident	Methylobacterium sp. XJLW	Bacteria
b6e7024d-ad0a-4805-93c2-be4c676403bd	739141	1.0	confident	Methylobacterium sp. XJLW	Bacteria
92d15377-a2e3-4cd0-8119-853329f1478a	739141	1.0	confident	Methylobacterium sp. XJLW	Bacteria
c36b4996-61c4-4a9e-bcc5-1a61fe9d48f3	739141	1.0	confident	Methylobacterium sp. XJLW	Bacteria
239a1982-42ae-4feb-bef0-ff65e33f98e6	739141	1.0	confident	Methylobacterium sp. XJLW	Bacteria
7c121876-a10c-402d-8df4-dedc9eb51ed4	739141	1.0	confident	Methylobacterium sp. XJLW	Bacteria
5c85bd96-fff3-4342-8e89-8da7b2140545	739141	1.0	confident	Methylobacterium sp. XJLW	Bacteria
69623637-4a99-46a8-a5cd-eeab7ecb815d	739141	1.0	confident	Methylobacterium sp. XJLW	Bacteria
ffc6e534-57e7-4028-a648-3495c4c7efd0	739141	1.0	confident	Methylobacterium sp. XJLW	Bacteria
ecb2ddff-ef13-4e68-8d69-26a45cadafa8	739141	1.0	confident	Methylobacterium sp. XJLW	Bacteria
0c541e46-8bdb-483a-8c45-e7759ec54e4c	739141	1.0	confident	Methylobacterium sp. XJLW	Bacteria
3e25b67b-f049-413f-8fe5-d4654f7fd394	739141	1.0	confident	Methylobacterium sp. XJLW	Bacteria
030cd7f0-8d4f-4e87-9b25-b526b14b5506	739141	1.0	confident	Methylobacterium sp. XJLW	Bacteria
590ccc47-309d-48a8-bc98-4bacf470b3d8	739141	1.0	confident	Methylobacterium sp. XJLW	Bacteria
ee881e42-02f1-4a13-b197-4653841f8690	739141	1.0	confident	Methylobacterium sp. XJLW	Bacteria
3e77b961-43b6-4973-8380-97f5a585a68d	739141	1.0	confident	Methylobacterium sp. XJLW	Bacteria
7fbd6ed9-b101-4e9b-9fd7-2ca155a1313d	739141	1.0	confident	Methylobacterium sp. XJLW	Bacteria
5f3316a8-f765-4db5-9141-b891718bce0f	739141	1.0	confident	Methylobacterium sp. XJLW	Bacteria
2c4ed504-3c7c-40e8-901f-9093512990c7	739141	1.0	confident	Methylobacterium sp. XJLW	Bacteria
c1cffe45-49e0-44c0-8462-fb1eff07d0b1	739141	1.0	confident	Methylobacterium sp. XJLW	Bacteria
b1c295b4-831d-4a41-9beb-6ca01ab55ebe	739141	1.0	confident	Methylobacterium sp. XJLW	Bacteria
90f2afa9-76d1-4200-9bfa-9f91c85db792	739141	1.0	confident	Methylobacterium sp. XJLW	Bacteria
6be5be4d-3997-4aaa-bee2-4dbf17ab2549	739141	1.0	confident	Methylobacterium sp. XJLW	Bacteria
f4ec0693-cd6b-426b-ab99-574e053fd363	739141	1.0	confident	Methylobacterium sp. XJLW	Bacteria
2414d2a0-4643-49cb-b371-30919418b1a9	739141	1.0	confident	Methylobacterium sp. XJLW	Bacteria
b907984e-aad9-4da5-843d-f67c2ddc81d0	739141	1.0	confident	Methylobacterium sp. XJLW	Bacteria
5cc382b7-dd64-40d4-83cf-de34dbbf3e92	739141	1.0	confident	Methylobacterium sp. XJLW	Bacteria
cd8277d3-4d7d-40cf-a099-4306e43474fb	739141	1.0	confident	Methylobacterium sp. XJLW	Bacteria
d1b57eba-c44f-45d9-b01c-1a18d4b3ee69	739141	1.0	confident	Methylobacterium sp. XJLW	Bacteria
26c4308b-deb2-4b5a-b19c-fe59c6be0854	739141	1.0	confident	Methylobacterium sp. XJLW	Bacteria
2c838585-1e9d-4d2b-91d8-72439d3ff63d	739141	1.0	confident	Methylobacterium sp. XJLW	Bacteria
447bc53c-cd95-4d4b-b64b-4e864a4ff471	739141	1.0	confident	Methylobacterium sp. XJLW	Bacteria
0679fd91-9bd6-4661-9726-bba2c1929ae6	739141	1.0	confident	Methylobacterium sp. XJLW	Bacteria
2efe6558-bf19-4954-9f17-3713fa2f9c6a	739141	1.0	confident	Methylobacterium sp. XJLW	Bacteria
7c5fbd9c-c9ef-42aa-baa2-d9c4f6734915	739141	1.0	confident	Methylobacterium sp. XJLW	Bacteria
7e7c7470-2cae-4f5e-8030-f984c415ea91	739141	1.0	confident	Methylobacterium sp. XJLW	Bacteria
16592196-b47d-49e2-85d5-3a971d28a48d	739141	1.0	confident	Methylobacterium sp. XJLW	Bacteria
968f97b4-7db7-4542-a425-219240437742	739141	1.0	confident	Methylobacterium sp. XJLW	Bacteria
8047507d-064b-48d3-b069-1b2297b25cd2	739141	1.0	confident	Methylobacterium sp. XJLW	Bacteria
52f61f1b-e272-47e5-8184-86722d5a9b43	739141	1.0	confident	Methylobacterium sp. XJLW	Bacteria
74ba287d-764a-4d05-9b8f-fc8f1e082caf	739141	1.0	confident	Methylobacterium sp. XJLW	Bacteria
560eafbc-76f8-404e-8b84-0311ade98a5f	739141	1.0	confident	Methylobacterium sp. XJLW	Bacteria
7df94403-a7e3-401a-8077-6f0bffd66c12	739141	1.0	confident	Methylobacterium sp. XJLW	Bacteria
c2888a7c-8f4c-4289-8ae1-f3fe5c1a3c85	739141	1.0	confident	Methylobacterium sp. XJLW	Bacteria
43c7cfae-a094-4c8b-b2e3-28b92fe3653d	739141	1.0	confident	Methylobacterium sp. XJLW	Bacteria
4d186a7b-4630-4a8f-9608-4b77d5b93e27	739141	1.0	confident	Methylobacterium sp. XJLW	Bacteria
9fe653f3-9a8c-49bf-a264-dfb6d5f92596	739141	1.0	confident	Methylobacterium sp. XJLW	Bacteria
77f39dd4-5ffd-49c6-af03-ebd9f4026dd9	739141	1.0	confident	Methylobacterium sp. XJLW	Bacteria
fc080dc7-14cd-4671-97bd-9965099d0124	739141	1.0	confident	Methylobacterium sp. XJLW	Bacteria
27b9126d-350f-4309-a87a-ce50f17eb1a4	739141	1.0	confident	Methylobacterium sp. XJLW	Bacteria
edee6457-b1d4-4973-ae69-0a6caf879020	739141	1.0	confident	Methylobacterium sp. XJLW	Bacteria
4c4c690d-1509-4197-8716-5dcf8eb6c61b	739141	1.0	confident	Methylobacterium sp. XJLW	Bacteria
af3c0ecc-e93f-4190-86b5-cfb998a7f395	739141	1.0	confident	Methylobacterium sp. XJLW	Bacteria
d3c80759-e97a-4f33-bc81-344103385f6e	739141	1.0	confident	Methylobacterium sp. XJLW	Bacteria
8d24b359-3051-4de0-9481-78ba555f02b9	739141	1.0	confident	Methylobacterium sp. XJLW	Bacteria
1adae20f-00dd-4ad5-bfa0-bb75a6425ded	739141	1.0	confident	Methylobacterium sp. XJLW	Bacteria
0008d935-3f68-4d41-9ab8-5c77ce25cfdf	739141	1.0	confident	Methylobacterium sp. XJLW	Bacteria
c814eebe-e3fe-4fb3-b08a-9af4592e1e55	739141	1.0	confident	Methylobacterium sp. XJLW	Bacteria
6b4ac8bd-5f54-4eec-9bd1-5b5db1284f70	739141	1.0	confident	Methylobacterium sp. XJLW	Bacteria
74d700fe-896c-4f6d-8293-056b589a3faf	739141	1.0	confident	Methylobacterium sp. XJLW	Bacteria
66d4b90b-46f9-4ba9-9ba4-38cacb1deb1e	739141	1.0	confident	Methylobacterium sp. XJLW	Bacteria
a5ed01f2-1579-4e7d-9d6c-b4bd79ecad1d	739141	1.0	confident	Methylobacterium sp. XJLW	Bacteria
b9ca95f1-fcd5-4c6b-8755-612f948ec798	739141	1.0	confident	Methylobacterium sp. XJLW	Bacteria
248f3337-a6d1-48bc-9c25-c24c4057297a	739141	1.0	confident	Methylobacterium sp. XJLW	Bacteria
f6a42401-2c78-41fe-ab0a-a1a632b09294	739141	1.0	confident	Methylobacterium sp. XJLW	Bacteria
64ca0435-da22-41fd-96c1-64023578d1b3	739141	1.0	confident	Methylobacterium sp. XJLW	Bacteria
460e815e-cb9f-4d69-b9ed-4f132da24cf5	739141	1.0	confident	Methylobacterium sp. XJLW	Bacteria
38174dda-03b0-4668-8a6e-f2d89ddf9a75	739141	1.0	confident	Methylobacterium sp. XJLW	Bacteria
df15eb47-9c6e-48d2-b05d-be3976473c04	739141	1.0	confident	Methylobacterium sp. XJLW	Bacteria
7fe2bd7c-46d9-419f-acf0-b8496c14db89	739141	1.0	confident	Methylobacterium sp. XJLW	Bacteria
78fa9a2d-230e-4e76-830f-b62530341621	739141	1.0	confident	Methylobacterium sp. XJLW	Bacteria
78a0f844-b12d-4a13-9e03-a630a74dbe93	739141	1.0	confident	Methylobacterium sp. XJLW	Bacteria
b3cb91fc-4133-4136-a4dc-e5a25ded8554	739141	1.0	confident	Methylobacterium sp. XJLW	Bacteria
aeca8277-bcf7-4490-9e8c-1ff0a2383adc	739141	1.0	confident	Methylobacterium sp. XJLW	Bacteria
ed6869f7-b190-44c8-9a60-a1f088c6526b	739141	1.0	confident	Methylobacterium sp. XJLW	Bacteria
df2d5cdf-e674-4a1b-ba61-2a6b4f8e65c2	739141	1.0	confident	Methylobacterium sp. XJLW	Bacteria
0955d78b-57f3-4348-8b3d-61d8b7934eb3	739141	1.0	confident	Methylobacterium sp. XJLW	Bacteria
a2f95311-9982-401a-8b31-488dede8b3db	739141	1.0	confident	Methylobacterium sp. XJLW	Bacteria
914eb074-e044-467c-960f-451d22d536e4	739141	1.0	confident	Methylobacterium sp. XJLW	Bacteria
101c179a-d7e6-447f-b806-f815ad4aae5d	739141	1.0	confident	Methylobacterium sp. XJLW	Bacteria
09be387d-f2a6-434d-b7b8-52937ceb9f31	739141	1.0	confident	Methylobacterium sp. XJLW	Bacteria
d62750cb-a91a-486f-8e15-66e34282792e	739141	1.0	confident	Methylobacterium sp. XJLW	Bacteria
001b5028-b036-4637-a9e3-916f50453d13	739141	1.0	confident	Methylobacterium sp. XJLW	Bacteria
16446153-eb8f-416c-b81b-365596550c9a	739141	1.0	confident	Methylobacterium sp. XJLW	Bacteria
d8ff488a-0629-469f-ac80-65e0ffb9de27	739141	1.0	confident	Methylobacterium sp. XJLW	Bacteria
6d9de7dd-4c7d-435f-8607-58c2bf54cba8	739141	1.0	confident	Methylobacterium sp. XJLW	Bacteria
0a435347-87d4-4446-bf1d-5b44977eef39	739141	1.0	confident	Methylobacterium sp. XJLW	Bacteria
c7f654ad-11fd-4a87-a5d7-42f3190f59a3	739141	1.0	confident	Methylobacterium sp. XJLW	Bacteria
2c4a6239-0bc4-441a-8965-e992ebac7697	739141	1.0	confident	Methylobacterium sp. XJLW	Bacteria
1f40f5f5-fea3-4114-89e7-3d608addf714	739141	1.0	confident	Methylobacterium sp. XJLW	Bacteria
a23192e6-e1eb-42e6-a724-c4b790c25ff0	739141	1.0	confident	Methylobacterium sp. XJLW	Bacteria
e25c9821-de6b-43d5-9627-3df778419cb4	739141	1.0	confident	Methylobacterium sp. XJLW	Bacteria
fd59eea7-ce1c-4a62-b8d4-e3a9f770ffb7	739141	1.0	confident	Methylobacterium sp. XJLW	Bacteria
2efe5759-8ef3-4a7e-a3ef-4f94d778fbda	739141	1.0	confident	Methylobacterium sp. XJLW	Bacteria
4549108d-7c22-4ef1-9c92-81e864e9ec55	739141	1.0	confident	Methylobacterium sp. XJLW	Bacteria
cdf5caf4-8ada-4399-a6e8-e873140ee4cb	739141	1.0	confident	Methylobacterium sp. XJLW	Bacteria
9558cf93-23b1-486d-92cb-94a28cf05a26	739141	1.0	confident	Methylobacterium sp. XJLW	Bacteria
ce78c785-c4d3-461b-90ed-acfb34186032	739141	1.0	confident	Methylobacterium sp. XJLW	Bacteria
64ae0fbf-bec4-4d68-ae0a-c4f6c532c95e	739141	1.0	confident	Methylobacterium sp. XJLW	Bacteria
20be8f36-2a22-4cf8-bbc8-4dfe47cae619	739141	1.0	confident	Methylobacterium sp. XJLW	Bacteria
0f03a463-c0cb-4027-a314-b95d8f7a848f	739141	1.0	confident	Methylobacterium sp. XJLW	Bacteria
77fe80ff-e53d-418e-99a5-3076814281d6	739141	1.0	confident	Methylobacterium sp. XJLW	Bacteria
30a690df-f669-4017-9ce6-572a8dc0e958	739141	1.0	confident	Methylobacterium sp. XJLW	Bacteria
8cd829ce-574f-42f3-a0c0-e05cad926941	739141	1.0	confident	Methylobacterium sp. XJLW	Bacteria
35b2640a-55e2-4c06-af80-1b9d6a147904	739141	1.0	confident	Methylobacterium sp. XJLW	Bacteria
90e3ee71-3dcd-498f-9ed6-c66485de58db	739141	1.0	confident	Methylobacterium sp. XJLW	Bacteria
7cdc824e-f7b4-411c-be3c-3dea4015a6d8	739141	1.0	confident	Methylobacterium sp. XJLW	Bacteria
f0bce801-d23d-4682-826d-7ec134bdcf93	739141	1.0	confident	Methylobacterium sp. XJLW	Bacteria
1a587516-21ca-4149-900a-406cca970399	739141	1.0	confident	Methylobacterium sp. XJLW	Bacteria
1d386a99-d089-4125-8f0c-daf735a07d3f	739141	1.0	confident	Methylobacterium sp. XJLW	Bacteria
9d0d656d-7e7f-4ca7-a8e3-44dd1c96d4ac	739141	1.0	confident	Methylobacterium sp. XJLW	Bacteria
b27685ea-6c84-4d60-a974-5b3068d40a20	739141	1.0	confident	Methylobacterium sp. XJLW	Bacteria
40ec6f1e-6b4c-4193-963d-18e979865f6b	739141	1.0	confident	Methylobacterium sp. XJLW	Bacteria
4399b06b-8d96-46d8-a26a-2209d012c32e	739141	1.0	confident	Methylobacterium sp. XJLW	Bacteria
3c9e502e-9ad1-49b0-a8c9-e3b14a2690f5	739141	1.0	confident	Methylobacterium sp. XJLW	Bacteria
5e0b5349-f326-4c13-9619-d51e3a5011d7	739141	1.0	confident	Methylobacterium sp. XJLW	Bacteria
e0783c93-3a58-4ec2-9823-33cfb6c69aad	739141	1.0	confident	Methylobacterium sp. XJLW	Bacteria
55671995-e9d6-4db4-80ea-219d855e3315	739141	1.0	confident	Methylobacterium sp. XJLW	Bacteria
b2c0d7a4-7ee0-4306-a84c-164b8be879bf	739141	1.0	confident	Methylobacterium sp. XJLW	Bacteria
f87db493-5ce8-4c9c-a4b1-2da1536683f0	739141	1.0	confident	Methylobacterium sp. XJLW	Bacteria
87ac5f04-c40c-4eaa-b0b7-dbf2baebb2c8	739141	1.0	confident	Methylobacterium sp. XJLW	Bacteria
96431265-98fc-4513-bf2f-2208f6ebfaa8	739141	1.0	confident	Methylobacterium sp. XJLW	Bacteria
78498347-5aa1-4da7-bef5-0eaf71fe5c8b	739141	1.0	confident	Methylobacterium sp. XJLW	Bacteria
8bd16502-99ee-414c-a101-e84bb9e01fb1	739141	1.0	confident	Methylobacterium sp. XJLW	Bacteria
84cb4d63-d1e1-4464-bd47-620b3b3f0934	739141	1.0	confident	Methylobacterium sp. XJLW	Bacteria
34d59ee2-991c-42cc-84e5-b6245f9f8199	739141	1.0	confident	Methylobacterium sp. XJLW	Bacteria
85bd7a51-809f-4c02-9992-99e37804a594	739141	1.0	confident	Methylobacterium sp. XJLW	Bacteria
f3acec7a-f178-45dc-9434-ff39586e5e72	739141	1.0	confident	Methylobacterium sp. XJLW	Bacteria
ea348840-4fae-420d-8bc3-677fa2e97d83	739141	1.0	confident	Methylobacterium sp. XJLW	Bacteria
6823bafc-5528-4b1e-a7c1-9f306f506880	739141	1.0	confident	Methylobacterium sp. XJLW	Bacteria
daa6afe6-ad35-4e00-94c7-3fa5a8cde7a9	739141	1.0	confident	Methylobacterium sp. XJLW	Bacteria
3d429086-32be-4856-baa1-6234c4b1efb7	739141	1.0	confident	Methylobacterium sp. XJLW	Bacteria
09f2c545-97cf-435a-bd4f-a1b9781799ef	739141	1.0	confident	Methylobacterium sp. XJLW	Bacteria
f49c9f5a-b347-4c86-abc5-b1622023192d	739141	1.0	confident	Methylobacterium sp. XJLW	Bacteria
4108fc41-694f-432f-a419-003e43f09f9e	739141	1.0	confident	Methylobacterium sp. XJLW	Bacteria
b4c7e304-467e-4e79-900b-d507306610c0	739141	1.0	confident	Methylobacterium sp. XJLW	Bacteria
417a3129-a8a0-4f44-964c-776832f8729a	739141	1.0	confident	Methylobacterium sp. XJLW	Bacteria
49fabf4a-731e-42d4-a328-8711e83894df	739141	1.0	confident	Methylobacterium sp. XJLW	Bacteria
e4be0dc6-d6d2-4f77-a3cc-5a47b6234720	739141	1.0	confident	Methylobacterium sp. XJLW	Bacteria
f8a6146b-947c-4a44-b4f1-f30e58755cb2	739141	1.0	confident	Methylobacterium sp. XJLW	Bacteria
463fb2f3-b15d-426d-9c92-53434a895872	739141	1.0	confident	Methylobacterium sp. XJLW	Bacteria
f76f7cd7-1239-4ae3-a55c-d73da7d547ea	739141	1.0	confident	Methylobacterium sp. XJLW	Bacteria
32edf0fa-6c9e-4901-bbc4-a195fc366161	739141	1.0	confident	Methylobacterium sp. XJLW	Bacteria
ff55c38b-32eb-4361-8c64-3918ddc789ac	739141	1.0	confident	Methylobacterium sp. XJLW	Bacteria
c45d9be5-bd40-4fe7-ad45-5da825b4a923	739141	1.0	confident	Methylobacterium sp. XJLW	Bacteria
b9d6122b-c16d-4c31-b44b-1f9df3912413	739141	1.0	confident	Methylobacterium sp. XJLW	Bacteria
be2d5f8e-974c-4d61-a124-e02d702088ff	739141	1.0	confident	Methylobacterium sp. XJLW	Bacteria
4722ed8a-41b6-4318-ad0c-623aa3650cb2	739141	1.0	confident	Methylobacterium sp. XJLW	Bacteria
abf68f6c-25b5-4330-93b9-a7edfebc61a4	739141	1.0	confident	Methylobacterium sp. XJLW	Bacteria
6f977c41-86b9-4ecd-a9c6-f2570dfb0b40	739141	1.0	confident	Methylobacterium sp. XJLW	Bacteria
cc686650-d88b-46cc-b1a4-9266d9323d9d	739141	1.0	confident	Methylobacterium sp. XJLW	Bacteria
abcd1d95-e99c-4272-9db8-957cb2b2d670	739141	1.0	confident	Methylobacterium sp. XJLW	Bacteria
55cb74c2-0ffe-4897-a06b-5eb046b9d3d8	739141	1.0	confident	Methylobacterium sp. XJLW	Bacteria
8d2f6588-0d4b-4551-9695-6300314c6281	739141	1.0	confident	Methylobacterium sp. XJLW	Bacteria
362db2b3-42f2-42b9-ad33-319368bbc103	739141	1.0	confident	Methylobacterium sp. XJLW	Bacteria
c7e2e2d0-1169-4bff-a491-7c98fcb6310c	739141	1.0	confident	Methylobacterium sp. XJLW	Bacteria
f3796b03-346d-41c9-aa4e-5bb07307069c	739141	1.0	confident	Methylobacterium sp. XJLW	Bacteria
b1c197c9-61a8-4785-a668-a8cd66f643bc	739141	1.0	confident	Methylobacterium sp. XJLW	Bacteria
b667409b-561b-4a66-966a-e369731ecfed	739141	1.0	confident	Methylobacterium sp. XJLW	Bacteria
7f197a12-3bb4-4262-b1f7-79f8f85a7113	739141	1.0	confident	Methylobacterium sp. XJLW	Bacteria
9ecdce12-e680-4d2e-a5bc-5356c36443b3	739141	1.0	confident	Methylobacterium sp. XJLW	Bacteria
5d6ac64e-25a1-4169-b842-ceb04c8541b1	739141	1.0	confident	Methylobacterium sp. XJLW	Bacteria
1523f7ec-8bde-4569-8196-6f19ceefd854	739141	1.0	confident	Methylobacterium sp. XJLW	Bacteria
c6bda4a7-8a76-4f3d-ad7e-16c797efffe3	739141	1.0	confident	Methylobacterium sp. XJLW	Bacteria
f3d3609a-9269-4b1f-88d5-c64ed77158ed	739141	1.0	confident	Methylobacterium sp. XJLW	Bacteria
a6824350-25bc-4242-a4b6-5e4a089eb43f	739141	1.0	confident	Methylobacterium sp. XJLW	Bacteria
e78cc36c-dc41-4021-8561-02ea0b17defb	739141	1.0	confident	Methylobacterium sp. XJLW	Bacteria
f1475389-2643-445e-bf59-c8ed59ef2672	739141	1.0	confident	Methylobacterium sp. XJLW	Bacteria
98c397f4-04e2-4de7-974d-1d3badf44b09	739141	1.0	confident	Methylobacterium sp. XJLW	Bacteria
842833ed-1063-455e-b99d-21082ace4b6c	739141	1.0	confident	Methylobacterium sp. XJLW	Bacteria
521654dd-a8b8-4b02-8998-16f404b9a2dd	739141	1.0	confident	Methylobacterium sp. XJLW	Bacteria
03c06402-29ec-4cb8-a740-d2278ecc1b1f	739141	1.0	confident	Methylobacterium sp. XJLW	Bacteria
979ba7ec-47c6-4358-a709-84d0f7caa1de	739141	1.0	confident	Methylobacterium sp. XJLW	Bacteria
2132ae27-8fc4-4abd-9d9a-93f379218257	739141	1.0	confident	Methylobacterium sp. XJLW	Bacteria
08aa94b9-7fd2-4f97-8bea-396316d37a48	739141	1.0	confident	Methylobacterium sp. XJLW	Bacteria
4de6f2d0-a923-4a3f-8e4d-aa93131f8018	739141	1.0	confident	Methylobacterium sp. XJLW	Bacteria
5dc7460c-631d-451b-bf27-e07f49540a30	739141	1.0	confident	Methylobacterium sp. XJLW	Bacteria
1b9ba6f8-820e-4185-935a-7fbaadd2f680	739141	1.0	confident	Methylobacterium sp. XJLW	Bacteria
e7b747b7-71b2-4e56-8e43-e886d4cde857	739141	1.0	confident	Methylobacterium sp. XJLW	Bacteria
2ef3f02d-06a5-4eb7-9f9b-76b65fac838d	739141	1.0	confident	Methylobacterium sp. XJLW	Bacteria
b11c2769-8018-4b07-9f3d-95a469214914	739141	1.0	confident	Methylobacterium sp. XJLW	Bacteria
7016a0b6-fb31-4464-ba53-65e18a3fc097	739141	1.0	confident	Methylobacterium sp. XJLW	Bacteria
0fe1de98-5ca8-436b-9f89-d6b41ea13c44	739141	1.0	confident	Methylobacterium sp. XJLW	Bacteria
4d42dad4-3b94-4af0-b982-f541f54177da	739141	1.0	confident	Methylobacterium sp. XJLW	Bacteria
c8a7ba00-8b23-490f-83aa-7e0df3639eb6	739141	1.0	confident	Methylobacterium sp. XJLW	Bacteria
46da3826-21c2-4303-8e65-dc2a7230e217	739141	1.0	confident	Methylobacterium sp. XJLW	Bacteria
bde21571-d531-4773-a8ac-422789c6dd3d	739141	1.0	confident	Methylobacterium sp. XJLW	Bacteria
ea66fc57-42bc-4e77-ab22-2d4a344098be	739141	1.0	confident	Methylobacterium sp. XJLW	Bacteria
861fc3b4-8715-4c90-bc73-c4c7f11b8730	739141	1.0	confident	Methylobacterium sp. XJLW	Bacteria
6e3ceaf5-c7a8-470e-9704-ad3169a5c51e	739141	1.0	confident	Methylobacterium sp. XJLW	Bacteria
5b22aa68-b2a7-40f4-9c83-4c925c4092ba	739141	1.0	confident	Methylobacterium sp. XJLW	Bacteria
b65e7bc8-143c-40cd-ba06-a2258c91c002	739141	1.0	confident	Methylobacterium sp. XJLW	Bacteria
ad2c7226-cd24-4ffc-9652-5113c320ebc0	739141	1.0	confident	Methylobacterium sp. XJLW	Bacteria
52e57e83-19d9-45bd-93e6-19a1e887a584	739141	1.0	confident	Methylobacterium sp. XJLW	Bacteria
211c56dd-f431-4089-a8c0-da16f62945e6	739141	1.0	confident	Methylobacterium sp. XJLW	Bacteria
14482487-2dd3-4056-9413-fe472cdd0c89	739141	1.0	confident	Methylobacterium sp. XJLW	Bacteria
863a4d3a-bc19-4e09-af97-159bc73b13ce	739141	1.0	confident	Methylobacterium sp. XJLW	Bacteria
0ccb876a-0861-430b-b718-3fb80bd8faeb	739141	1.0	confident	Methylobacterium sp. XJLW	Bacteria
8d390261-d8da-46f3-9034-fe48ad82afdf	739141	1.0	confident	Methylobacterium sp. XJLW	Bacteria
06ad6db2-960b-468f-8545-ce2b0d45595a	739141	1.0	confident	Methylobacterium sp. XJLW	Bacteria
7aa9a15b-4b26-4dfc-a0c5-e070cb2049f7	739141	1.0	confident	Methylobacterium sp. XJLW	Bacteria
e2974d73-2cbc-49db-ab1d-6801a9b68212	739141	1.0	confident	Methylobacterium sp. XJLW	Bacteria
f77741f0-3eae-43a7-8586-072cd4abd617	739141	1.0	confident	Methylobacterium sp. XJLW	Bacteria
7fe713ad-c9a8-4944-a119-49ae9eb833bc	739141	1.0	confident	Methylobacterium sp. XJLW	Bacteria
9b4e9822-c785-495b-a47b-daba009e28be	739141	1.0	confident	Methylobacterium sp. XJLW	Bacteria
863a03fd-9973-4460-a7a3-17336665bc4d	739141	1.0	confident	Methylobacterium sp. XJLW	Bacteria
d829e990-1b2e-4c2f-b710-158b415a7960	739141	1.0	confident	Methylobacterium sp. XJLW	Bacteria
5e3445f2-e81d-47b2-91fd-51cfb42cda47	739141	1.0	confident	Methylobacterium sp. XJLW	Bacteria
804c3a88-13d8-4f93-9b4a-be38a29becde	739141	1.0	confident	Methylobacterium sp. XJLW	Bacteria
535705b9-0d46-4250-b52b-de155a04a31c	739141	1.0	confident	Methylobacterium sp. XJLW	Bacteria
4602d9bb-21bc-4a8e-84c5-1952b56f7c89	739141	1.0	confident	Methylobacterium sp. XJLW	Bacteria
84875487-becd-4e61-9077-47341ba0047c	739141	1.0	confident	Methylobacterium sp. XJLW	Bacteria
1c11033f-2048-473f-baa1-2171f707dd29	739141	1.0	confident	Methylobacterium sp. XJLW	Bacteria
631249b7-f776-4b35-80a5-291673b4375b	739141	1.0	confident	Methylobacterium sp. XJLW	Bacteria
fb8c1d22-3e27-44f4-8a00-063c01e5237c	739141	1.0	confident	Methylobacterium sp. XJLW	Bacteria
27a3c84d-1af5-41c7-ac0f-495f2b699249	739141	1.0	confident	Methylobacterium sp. XJLW	Bacteria
36c2f28e-8ed4-4b1f-8978-df375f4f1d6f	739141	1.0	confident	Methylobacterium sp. XJLW	Bacteria
ef64b814-5186-412d-a622-dd9d492e7565	739141	1.0	confident	Methylobacterium sp. XJLW	Bacteria
45df8c7a-b553-4ba2-939b-4ff37e1c3f3e	739141	1.0	confident	Methylobacterium sp. XJLW	Bacteria
24a8f57c-fa8e-49ea-8890-c9bb21142261	739141	1.0	confident	Methylobacterium sp. XJLW	Bacteria
a6a6e181-4df6-41d4-97b8-4ebc6d45bc39	739141	1.0	confident	Methylobacterium sp. XJLW	Bacteria
7b43856f-e5ff-4739-94e9-a41cafa379d9	739141	1.0	confident	Methylobacterium sp. XJLW	Bacteria
3ff089f7-3193-4849-9c29-a7da31f8d1d3	739141	1.0	confident	Methylobacterium sp. XJLW	Bacteria
0abd4569-e9bd-472e-af30-ee85b0dc7e0b	739141	1.0	confident	Methylobacterium sp. XJLW	Bacteria
4ac9077c-fc65-4560-a855-163c116b09aa	739141	1.0	confident	Methylobacterium sp. XJLW	Bacteria
a0090e1b-0d7c-46aa-8361-2abcbbec49c2	739141	1.0	confident	Methylobacterium sp. XJLW	Bacteria
eecbf135-9ad0-470b-b8d9-b096e23706a9	739141	1.0	confident	Methylobacterium sp. XJLW	Bacteria
07ea56ab-a78d-4f08-b6c6-b377b38caeeb	739141	1.0	confident	Methylobacterium sp. XJLW	Bacteria
ed46ce3e-4eba-4a46-ac58-fad3afb2ce2d	1290	1.0	confident	Staphylococcus hominis	Bacteria
41d2ac6c-2705-4a52-a2a8-7c736ac4d5e6	1290	1.0	confident	Staphylococcus hominis	Bacteria
0f1b0f39-0722-4b6d-a8f0-4df20481dd6a	1290	1.0	confident	Staphylococcus hominis	Bacteria
5666c962-f307-4d8d-a60d-5bc7f07f5831	1290	1.0	confident	Staphylococcus hominis	Bacteria
58fdabfe-5aba-43a5-a8dd-92e4f5a92d89	1290	1.0	confident	Staphylococcus hominis	Bacteria
e928e1e8-2ff8-4147-a2a7-dff5d8dee878	1290	1.0	confident	Staphylococcus hominis	Bacteria
499a4a04-1ea3-4367-899b-d51aec7a36dd	1290	1.0	confident	Staphylococcus hominis	Bacteria
ecbda8ed-293a-4f56-80bc-2416bbcda0f7	1290	1.0	confident	Staphylococcus hominis	Bacteria
b9734dd0-39c3-4c40-a874-9c542015f334	1290	1.0	confident	Staphylococcus hominis	Bacteria
3ed1d300-773e-43b8-9414-999334fabff9	1290	1.0	confident	Staphylococcus hominis	Bacteria
5380ec3e-48ad-410b-bb3b-4ea7b2813231	1290	1.0	confident	Staphylococcus hominis	Bacteria
36f4596d-a7e4-43fa-a9d5-dd9b02f672ce	1290	1.0	confident	Staphylococcus hominis	Bacteria
72c815c5-0893-43fc-822c-11a9a2c7e7ce	1290	1.0	confident	Staphylococcus hominis	Bacteria
7974bd92-7700-4938-8d89-5b279472ac7c	1290	1.0	confident	Staphylococcus hominis	Bacteria
5b478cda-1a59-4662-a678-8675503acda7	1290	1.0	confident	Staphylococcus hominis	Bacteria
61df4b36-138e-4397-aefb-47a8d4526c10	1290	1.0	confident	Staphylococcus hominis	Bacteria
946c20a8-29ba-4d41-8fbd-c35ab523c848	1290	1.0	confident	Staphylococcus hominis	Bacteria
f2f7ba87-043a-436a-be2c-f9fee33d582d	1290	1.0	confident	Staphylococcus hominis	Bacteria
cd7b0ade-1785-41c1-a0e7-827cbb4ef619	52021	1.0	confident	Halomonas desiderata	Bacteria
66ed6928-d712-491e-aee7-6b80c700c8ab	52021	1.0	confident	Halomonas desiderata	Bacteria
6b876c22-aa2c-46de-a4f4-bb7e7d862c5c	52021	1.0	confident	Halomonas desiderata	Bacteria
b1d10c61-2895-412b-8341-9de957916b30	52021	1.0	confident	Halomonas desiderata	Bacteria
613369b5-6461-4a95-a938-ac420a74d69d	52021	1.0	confident	Halomonas desiderata	Bacteria
a52c330c-50ec-475b-b666-2a84708ecd27	52021	1.0	confident	Halomonas desiderata	Bacteria
8af04889-a4f1-4d88-838a-4f56e97e40c9	52021	1.0	confident	Halomonas desiderata	Bacteria
709ae554-933c-4a04-8833-3d3f4aad3a5a	52021	1.0	confident	Halomonas desiderata	Bacteria
3f3f7fc7-97e2-438e-aca7-610a4f554e5a	52021	1.0	confident	Halomonas desiderata	Bacteria
5a017b1b-759a-44b2-b199-2ab75743751c	52021	1.0	confident	Halomonas desiderata	Bacteria
5d79b885-8ad7-49f1-a58f-ee24a11d143d	52021	1.0	confident	Halomonas desiderata	Bacteria
3454b382-92a0-4dc7-8b93-cb89dbe9a59a	52021	1.0	confident	Halomonas desiderata	Bacteria
c5cd88ee-7578-4560-8001-d2b88b69b50b	52021	1.0	confident	Halomonas desiderata	Bacteria
24783d10-4af0-4497-bf79-de35bdd51464	52021	1.0	confident	Halomonas desiderata	Bacteria
a79addc7-58e7-4304-ad75-7cb718666ebd	52021	1.0	confident	Halomonas desiderata	Bacteria
55601aca-7dd3-48b3-b77c-ea02211961d2	52021	1.0	confident	Halomonas desiderata	Bacteria
45e59082-7864-4b67-a58f-24c23b80f313	52021	1.0	confident	Halomonas desiderata	Bacteria
c5714bf5-6540-4340-b456-e57a1b045ad9	52021	1.0	confident	Halomonas desiderata	Bacteria
9b19007a-7252-4e03-88f8-b4e610af07c3	52021	1.0	confident	Halomonas desiderata	Bacteria
8f707956-ba8b-4f92-be60-1a935933368a	52021	1.0	confident	Halomonas desiderata	Bacteria
e7ff27e5-c7d0-4f5f-a646-38d5e7536cfc	52021	1.0	confident	Halomonas desiderata	Bacteria
79d8e4b6-4c25-44cf-ac10-586db5dca5af	52021	1.0	confident	Halomonas desiderata	Bacteria
627c8f6c-f345-4e4e-9a20-656d2fb5d3ef	52021	1.0	confident	Halomonas desiderata	Bacteria
2b135f84-6eb6-4d17-b839-fff8ff33bebc	52021	1.0	confident	Halomonas desiderata	Bacteria
e62c4b31-d408-4bec-a73c-8e2fa6b5a7e1	52021	1.0	confident	Halomonas desiderata	Bacteria
f7bc6960-75d5-405f-b89e-1689ca4e9f88	52021	1.0	confident	Halomonas desiderata	Bacteria
c51beac5-55ed-4e64-9e6a-ff44fb6a1b5c	52021	1.0	confident	Halomonas desiderata	Bacteria
e2a49447-35b3-4767-8ffe-7654984a50a0	52021	1.0	confident	Halomonas desiderata	Bacteria
69a5a1c8-99b8-407d-a1ab-b43055f1e4db	52021	1.0	confident	Halomonas desiderata	Bacteria
66319a6a-d3d6-4dc0-bbea-5a1c66a8b14a	52021	1.0	confident	Halomonas desiderata	Bacteria
49c7322b-39b8-4786-8843-4903ec4746b7	52021	1.0	confident	Halomonas desiderata	Bacteria
06c09b77-408b-48ba-8ea5-88ab1daec5ac	52021	1.0	confident	Halomonas desiderata	Bacteria
62aba2ac-c3bb-40ca-bfff-108e4a8cf978	52021	1.0	confident	Halomonas desiderata	Bacteria
940fc0f6-dfb1-48a4-9143-6f5df30713c9	52021	1.0	confident	Halomonas desiderata	Bacteria
a7f3a432-f6fa-42a7-86c5-b06276f07f48	52021	1.0	confident	Halomonas desiderata	Bacteria
572d63dd-7058-4bf0-8e75-6a2b7681f6da	52021	1.0	confident	Halomonas desiderata	Bacteria
b7936818-b23a-4619-bf30-d742f82ce2e9	52021	1.0	confident	Halomonas desiderata	Bacteria
bc57517b-ffb7-4df6-b5e1-b34017a933ba	52021	1.0	confident	Halomonas desiderata	Bacteria
f7a81fdc-c0b3-4e6d-9dd8-51d92bd00b46	52021	1.0	confident	Halomonas desiderata	Bacteria
db19ecba-4c45-4524-a689-7ebde7a91ec3	52021	1.0	confident	Halomonas desiderata	Bacteria
a0cb2cc8-29ec-4df4-9905-8f33a3df0a58	52021	1.0	confident	Halomonas desiderata	Bacteria
7588d2f1-341c-41c1-8809-5312abbfef2a	52021	1.0	confident	Halomonas desiderata	Bacteria
fb99ee98-4b8c-4595-bbc6-46a06465ba2f	52021	1.0	confident	Halomonas desiderata	Bacteria
1f03c99a-7af1-4a75-af2c-5fa24a792c84	52021	1.0	confident	Halomonas desiderata	Bacteria
328d7b67-d8c0-46cc-9340-f5b2f94cab25	52021	1.0	confident	Halomonas desiderata	Bacteria
50a5f26c-305c-4e1a-9d89-4d08f48eb6e4	52021	1.0	confident	Halomonas desiderata	Bacteria
7fa1e6b3-f093-4a59-9338-0ec80b9b228b	52021	1.0	confident	Halomonas desiderata	Bacteria
f631e3a5-43f4-4811-8781-a9d2dba120ae	52021	1.0	confident	Halomonas desiderata	Bacteria
2107e7ee-8bcd-46d2-aa74-b510463fd6f4	52021	1.0	confident	Halomonas desiderata	Bacteria
53331ba1-2945-4f79-8c9d-806d263dd740	52021	1.0	confident	Halomonas desiderata	Bacteria
cac67ced-ac90-43a6-aefb-e2ec3c06674a	52021	1.0	confident	Halomonas desiderata	Bacteria
440fb173-17cc-4821-9a9e-6f16d1e5516f	52021	1.0	confident	Halomonas desiderata	Bacteria
c2bffe48-ca97-4665-893b-40999db1e8e7	52021	1.0	confident	Halomonas desiderata	Bacteria
e78b4117-3c7a-4874-9ef8-9c636fb5e805	52021	1.0	confident	Halomonas desiderata	Bacteria
99ee91f1-4cdd-42d7-9e91-4c830de00e7e	52021	1.0	confident	Halomonas desiderata	Bacteria
a4fd9499-c296-4592-bcf4-77ea65607a33	52021	1.0	confident	Halomonas desiderata	Bacteria
0ff463ec-ef98-4c19-b9cd-07a1f24ff822	52021	1.0	confident	Halomonas desiderata	Bacteria
274f5cfe-fb41-47ab-8b85-b1d8d0ff83af	52021	1.0	confident	Halomonas desiderata	Bacteria
17df9a7d-ee17-4e0a-be33-a43196aeea94	52021	1.0	confident	Halomonas desiderata	Bacteria
ccb8d6ab-5a8b-4eb0-98db-84a6631066df	287	1.0	confident	Pseudomonas aeruginosa	Bacteria
10f0b3b2-557b-4347-a79d-d7ccf4775ea5	287	1.0	confident	Pseudomonas aeruginosa	Bacteria
9a50336a-477d-45f1-ace3-f74ae5059000	287	1.0	confident	Pseudomonas aeruginosa	Bacteria
8c48ddf9-b66b-4172-9c8c-177858fa7981	287	1.0	confident	Pseudomonas aeruginosa	Bacteria
71bfa97e-8ba5-4c71-8616-ee1f1f5ac02a	287	1.0	confident	Pseudomonas aeruginosa	Bacteria
5e3890bb-9585-481f-97a1-c9ca2849da5f	287	1.0	confident	Pseudomonas aeruginosa	Bacteria
3d89867a-7934-48e4-b13f-81dabd3d63f4	287	1.0	confident	Pseudomonas aeruginosa	Bacteria
ed572374-2d18-4c50-9bc5-b3679c3ebfd6	287	1.0	confident	Pseudomonas aeruginosa	Bacteria
e3ba7ac2-ac4e-46f7-bc4e-bd838fac41f9	287	1.0	confident	Pseudomonas aeruginosa	Bacteria
93314d0b-ecba-4d36-ba86-845fbaf0434c	287	1.0	confident	Pseudomonas aeruginosa	Bacteria
58b54960-94a8-47be-90eb-fd1b7602c6cb	287	1.0	confident	Pseudomonas aeruginosa	Bacteria
fd416b85-a116-4767-b794-c2f489c08250	287	1.0	confident	Pseudomonas aeruginosa	Bacteria
2ad41708-f231-4779-a046-4dc6bc592e8a	287	1.0	confident	Pseudomonas aeruginosa	Bacteria
0f99dfaa-19b3-405c-94d6-47cfdce6d8ff	287	1.0	confident	Pseudomonas aeruginosa	Bacteria
62c62935-9429-42c7-b494-ac00a5cb1f5b	287	1.0	confident	Pseudomonas aeruginosa	Bacteria
99720d4d-17e9-4b24-af0f-12a8711176b6	287	1.0	confident	Pseudomonas aeruginosa	Bacteria
2c5e10fa-bd62-4a9c-91ee-fe783e42842a	287	1.0	confident	Pseudomonas aeruginosa	Bacteria
dd4f7019-7114-4e31-8968-3d0fd6df4e80	287	1.0	confident	Pseudomonas aeruginosa	Bacteria
be1e7278-3417-4765-a3a6-a4a40ddc550e	287	1.0	confident	Pseudomonas aeruginosa	Bacteria
0bbc2178-f9fb-430c-bf31-0d47bbf2fc6f	287	1.0	confident	Pseudomonas aeruginosa	Bacteria
0e315285-80db-4ecc-a722-f1bc651a476c	287	1.0	confident	Pseudomonas aeruginosa	Bacteria
3aa528e1-bb44-447b-a6aa-70207dde180a	287	1.0	confident	Pseudomonas aeruginosa	Bacteria
9742e08e-d867-444a-93df-4c04b9b111de	287	1.0	confident	Pseudomonas aeruginosa	Bacteria
d640cf12-eee5-4820-a395-c8e2e13aac05	1904807	0.5	medium	Bradyrhizobium mercantei	Bacteria
96f8d6c8-66f6-431e-814a-b8e5ded13bf1	1904807	0.5	medium	Bradyrhizobium mercantei	Bacteria
3d2376ae-bc74-4795-a472-46ab30f6a9f2	1904807	0.5	medium	Bradyrhizobium mercantei	Bacteria
3da1a01b-1462-4652-919c-27db1d91b1fa	1904807	0.5	medium	Bradyrhizobium mercantei	Bacteria
59ada978-499a-4ec6-9640-f9444acd62eb	1904807	0.5	medium	Bradyrhizobium mercantei	Bacteria
2e08ed04-a15b-43c5-8294-8453630b0289	1904807	0.5	medium	Bradyrhizobium mercantei	Bacteria
b5bb1cf9-fb3f-4901-bd9d-fba84f06ba45	1904807	0.5	medium	Bradyrhizobium mercantei	Bacteria
4e63b424-dac2-4c69-b77a-79d11fd8f80d	1904807	0.5	medium	Bradyrhizobium mercantei	Bacteria
77578857-4272-4d3e-ab40-a350cc0629e1	1904807	0.5	medium	Bradyrhizobium mercantei	Bacteria
c0397d2b-68cb-4048-8dfb-228c8f72ed1b	1904807	0.5	medium	Bradyrhizobium mercantei	Bacteria
3a9f47fb-5979-4652-ac8a-6042e7fa928b	1904807	0.5	medium	Bradyrhizobium mercantei	Bacteria
3cc2a90c-ad40-40ae-b13b-93f7fc8fc8eb	1904807	0.5	medium	Bradyrhizobium mercantei	Bacteria
82391641-c0f9-4e53-be45-3d903645033b	1904807	0.5	medium	Bradyrhizobium mercantei	Bacteria
54c3f52c-da70-450c-a721-de1f022e15ea	1904807	0.5	medium	Bradyrhizobium mercantei	Bacteria
9b463d9f-e244-4291-b8fd-bf6cab956a3c	1904807	0.5	medium	Bradyrhizobium mercantei	Bacteria
34e151e5-d8ed-4382-87aa-2a12267ce8e4	1904807	0.5	medium	Bradyrhizobium mercantei	Bacteria
91924471-cbd9-4eee-aafe-acbb0b330942	1904807	0.5	medium	Bradyrhizobium mercantei	Bacteria
dbda4276-6b1e-472d-9add-08a5a5c9a3b1	1904807	0.5	medium	Bradyrhizobium mercantei	Bacteria
1a6c575b-0b3a-49e3-bb93-f17fcdce2a5e	1904807	0.5	medium	Bradyrhizobium mercantei	Bacteria
d07ed563-318f-4954-9845-a18f117f11bf	1904807	0.5	medium	Bradyrhizobium mercantei	Bacteria
4e9389a7-4fac-443b-9240-5888d8fd3f3d	1904807	0.5	medium	Bradyrhizobium mercantei	Bacteria
11821bd5-a30e-414d-8558-bd5d3fb2aea8	1904807	0.5	medium	Bradyrhizobium mercantei	Bacteria
c8e8fba3-50d3-4afc-88b7-0165060ee2be	2583377	1.0	confident	Saccharibacillus brassicae	Bacteria
7a518496-c742-407f-a37b-a52befb9e9ea	2583377	1.0	confident	Saccharibacillus brassicae	Bacteria
0e49d294-d45e-48ee-a737-d43cf35111b0	2583377	1.0	confident	Saccharibacillus brassicae	Bacteria
e5b4f4bb-5452-4c17-818c-b9a77e8cb342	2583377	1.0	confident	Saccharibacillus brassicae	Bacteria
2049afa9-6da4-4056-a4c8-bd700a871221	2583377	1.0	confident	Saccharibacillus brassicae	Bacteria
c3f28ced-6d65-4ae9-9853-aecbf9286b26	2583377	1.0	confident	Saccharibacillus brassicae	Bacteria
541745fa-80dd-4570-bcf2-4f6dac9201bf	2583377	1.0	confident	Saccharibacillus brassicae	Bacteria
942a7223-f307-4cfa-a9f9-88cbef1d686d	2583377	1.0	confident	Saccharibacillus brassicae	Bacteria
13a95ff9-f044-4791-a8cd-aecf399136b6	2583377	1.0	confident	Saccharibacillus brassicae	Bacteria
bbffaef4-3cd6-4da1-96c6-5054d7a81c2d	2583377	1.0	confident	Saccharibacillus brassicae	Bacteria
547e8a65-401a-48e3-a70a-e0ca578312a3	2583377	1.0	confident	Saccharibacillus brassicae	Bacteria
59156d46-d483-49d5-834d-dd8d36732ed0	2583377	1.0	confident	Saccharibacillus brassicae	Bacteria
66e0e05a-d4cf-4bf9-873b-2db2a059e1af	2583377	1.0	confident	Saccharibacillus brassicae	Bacteria
66fd5318-6eeb-4178-883e-6102f2861e97	2583377	1.0	confident	Saccharibacillus brassicae	Bacteria
068f58f1-f8b6-4430-877f-bf0a495d6b8f	2583377	1.0	confident	Saccharibacillus brassicae	Bacteria
e370b71f-c1a7-4f71-bea9-6ef6ae457db5	2583377	1.0	confident	Saccharibacillus brassicae	Bacteria
95f8a992-8a1b-4c09-8b90-ac68ed342858	2583377	1.0	confident	Saccharibacillus brassicae	Bacteria
445b86a5-1238-403e-b380-4efcd3ca9e20	2583377	1.0	confident	Saccharibacillus brassicae	Bacteria
db4e5776-9aff-40e1-b2a1-c452830f9f8e	2583377	1.0	confident	Saccharibacillus brassicae	Bacteria
6fd382b7-4766-42e6-bb22-1e7d105dfa9c	2583377	1.0	confident	Saccharibacillus brassicae	Bacteria
29baa09c-0705-4fc7-b3cc-8713acd09ec4	2583377	1.0	confident	Saccharibacillus brassicae	Bacteria
790b807d-ef71-4c5c-852d-b01602e647a7	2583377	1.0	confident	Saccharibacillus brassicae	Bacteria
6b3fe939-3332-4a72-92cb-7e8910294fb7	2583377	1.0	confident	Saccharibacillus brassicae	Bacteria
39780eb8-b8e7-444a-9a3a-ab73ef7e9a88	2583377	1.0	confident	Saccharibacillus brassicae	Bacteria
1d512771-48f5-403e-8cbb-a590566a54b1	2583377	1.0	confident	Saccharibacillus brassicae	Bacteria
96885256-9409-453c-b4e0-3741c643eaf2	2583377	1.0	confident	Saccharibacillus brassicae	Bacteria
b011f5a1-c19e-4c5e-9448-da4532c5bbba	2583377	1.0	confident	Saccharibacillus brassicae	Bacteria
f78c4280-e294-4590-95a5-7e011c051018	2583377	1.0	confident	Saccharibacillus brassicae	Bacteria
7155cf7f-09c4-4f48-924b-e4cee2abf3fc	2583377	1.0	confident	Saccharibacillus brassicae	Bacteria
62d3dde1-59ee-43f0-a3d7-abfe4c71f466	2583377	1.0	confident	Saccharibacillus brassicae	Bacteria
28b3a414-bf28-42a3-9900-15fcbeab2b6f	2583377	1.0	confident	Saccharibacillus brassicae	Bacteria
eda399e1-99ac-45b7-a610-d9dcb5636f47	2583377	1.0	confident	Saccharibacillus brassicae	Bacteria
1be5cbf8-22c7-4f4d-a4c0-1a6185908488	2583377	1.0	confident	Saccharibacillus brassicae	Bacteria
021b6788-40ad-4143-9870-053f4663754b	863372	1.0	confident	Herbaspirillum huttiense	Bacteria
71be95dd-2cff-4845-89cf-7feddd5ba082	863372	1.0	confident	Herbaspirillum huttiense	Bacteria
fd29d8a4-9f17-4b45-9902-98d85428bdae	863372	1.0	confident	Herbaspirillum huttiense	Bacteria
17541208-6413-46a7-950d-3fc4374df968	863372	1.0	confident	Herbaspirillum huttiense	Bacteria
c376be55-b68c-4359-a5f7-40ab5032d1db	863372	1.0	confident	Herbaspirillum huttiense	Bacteria
b928dc45-7d3d-4351-ab61-04bc8cdc1125	863372	1.0	confident	Herbaspirillum huttiense	Bacteria
efed68b9-98e9-474d-b6e8-0c77986a1ade	863372	1.0	confident	Herbaspirillum huttiense	Bacteria
b3a5b7a5-a377-4ca0-aa2e-878aafe1b69b	863372	1.0	confident	Herbaspirillum huttiense	Bacteria
21243274-77f6-4384-9325-116ae16eca10	863372	1.0	confident	Herbaspirillum huttiense	Bacteria
7ab366c7-9a9e-48f9-9fb4-0bd304da92ca	863372	1.0	confident	Herbaspirillum huttiense	Bacteria
a70ac90f-4523-458c-be4a-2ae3d1e8a065	863372	1.0	confident	Herbaspirillum huttiense	Bacteria
48477ff6-3f49-4c7e-a39e-86d025738c45	863372	1.0	confident	Herbaspirillum huttiense	Bacteria
69ecbfcb-2b48-4130-b5cd-5eecef2916b7	863372	1.0	confident	Herbaspirillum huttiense	Bacteria
3f0aaa68-99cb-4a36-85ef-9615dfbd7f23	863372	1.0	confident	Herbaspirillum huttiense	Bacteria
0aee99ae-f906-4d17-831c-8659560ac9b7	863372	1.0	confident	Herbaspirillum huttiense	Bacteria
d4c5fd39-c182-43ce-984e-c654236a3465	863372	1.0	confident	Herbaspirillum huttiense	Bacteria
3e89d83d-2a4f-47c7-8a31-c0fcdf20fb1d	863372	1.0	confident	Herbaspirillum huttiense	Bacteria
ce16a5c0-bcab-459c-b644-3bf2b4df3481	863372	1.0	confident	Herbaspirillum huttiense	Bacteria
0fba4066-7c46-43de-8f61-e9f1bf0f6f93	863372	1.0	confident	Herbaspirillum huttiense	Bacteria
208a29a7-264c-4299-bcda-7cc4145198e2	863372	1.0	confident	Herbaspirillum huttiense	Bacteria
8de11b62-df57-4701-89cb-401475e8f069	863372	1.0	confident	Herbaspirillum huttiense	Bacteria
8612e5ba-1d43-495a-ba1f-4534f4924dc6	863372	1.0	confident	Herbaspirillum huttiense	Bacteria
0747a7e2-d956-4125-a1be-1e5b9ba7f549	670293	1.0	confident	Segetibacter aerophilus	Bacteria
1d7324c5-0958-4334-b71f-0fe0c5648ef8	670293	1.0	confident	Segetibacter aerophilus	Bacteria
3636dec2-3d70-4c8f-b3f4-a59ae6eb1436	670293	1.0	confident	Segetibacter aerophilus	Bacteria
8a0b8bb1-39f7-44cd-afd5-32fffce0ffb4	670293	1.0	confident	Segetibacter aerophilus	Bacteria
8c8e5302-70f3-4e4f-a6ac-879c9cf46a70	670293	1.0	confident	Segetibacter aerophilus	Bacteria
a3dd1f34-3490-49f5-a2d3-e8c451ba4d42	670293	1.0	confident	Segetibacter aerophilus	Bacteria
80b6d469-25a7-4d43-994f-4d0e1f9da917	670293	1.0	confident	Segetibacter aerophilus	Bacteria
c562612d-9de2-460d-9050-29eba0549c21	670293	1.0	confident	Segetibacter aerophilus	Bacteria
2033bfc5-7c9a-47d3-8099-b2f68b557143	670293	1.0	confident	Segetibacter aerophilus	Bacteria
2bca6a28-290e-479c-81ac-7f29ccb0500c	670293	1.0	confident	Segetibacter aerophilus	Bacteria
d6f2152f-a67c-465f-8ed7-f464335a5359	670293	1.0	confident	Segetibacter aerophilus	Bacteria
a4fc7e9d-29f5-4cde-8c87-388be5e00ee4	670293	1.0	confident	Segetibacter aerophilus	Bacteria
a4cd0cba-32c4-4019-8740-92bd102311ac	670293	1.0	confident	Segetibacter aerophilus	Bacteria
e2db61e0-8032-4f02-9b81-5cd7395b2e33	670293	1.0	confident	Segetibacter aerophilus	Bacteria
e78a37b4-0bcd-4818-9e21-5c2b8c13484f	670293	1.0	confident	Segetibacter aerophilus	Bacteria
d156cfc5-6a68-4996-9ef6-3b42e93d55c9	670293	1.0	confident	Segetibacter aerophilus	Bacteria
d2fe1a10-c9a9-405e-a850-c58182d5d5d5	670293	1.0	confident	Segetibacter aerophilus	Bacteria
b30c7b77-218f-458d-a42d-b93279f1a182	670293	1.0	confident	Segetibacter aerophilus	Bacteria
90c6b3bb-67d7-4f0a-a52d-741f4d2d9464	72018	1.0	confident	Subgroup_7_XX_sp.	Bacteria
f67c607d-1451-4839-8ace-177ab38ac649	72018	1.0	confident	Subgroup_7_XX_sp.	Bacteria
397f2f4e-4e56-4750-9c43-3d327bf79d71	72018	1.0	confident	Subgroup_7_XX_sp.	Bacteria
6b8381e3-79b0-487d-b969-d05866043f5c	72018	1.0	confident	Subgroup_7_XX_sp.	Bacteria
271b9116-bf76-4026-9d7c-8b78251c00d2	72018	1.0	confident	Subgroup_7_XX_sp.	Bacteria
cc74cc50-7957-4e77-af1d-9c0c0fb0138b	72018	1.0	confident	Subgroup_7_XX_sp.	Bacteria
0a8b61c4-271e-435a-b958-93f15dfd42d7	72018	1.0	confident	Subgroup_7_XX_sp.	Bacteria
4d1ffffc-018d-40fb-beec-74fcf0b5bf8f	72018	1.0	confident	Subgroup_7_XX_sp.	Bacteria
172a51af-7de8-4c87-99fd-4ccd6b66129d	72018	1.0	confident	Subgroup_7_XX_sp.	Bacteria
149df44c-0182-44b8-842d-0651846bab90	72018	1.0	confident	Subgroup_7_XX_sp.	Bacteria
24797c07-690d-4799-a2d8-2057fbe9c5f0	72018	1.0	confident	Subgroup_7_XX_sp.	Bacteria
3ef511a3-a18c-47e0-a13b-ac0b75e9dc0f	72018	1.0	confident	Subgroup_7_XX_sp.	Bacteria
59d3eea5-5cb9-4293-ad97-631533f4cf5d	72018	1.0	confident	Subgroup_7_XX_sp.	Bacteria
b2f9302a-8242-4d89-9768-afdb20241938	80878	1.0	confident	Acidovorax temperans	Bacteria
fa7a45fd-4d5a-4780-a64a-d1a705217be1	80878	1.0	confident	Acidovorax temperans	Bacteria
76f7d270-5572-468f-8190-b62498d228ed	80878	1.0	confident	Acidovorax temperans	Bacteria
92994031-d2cf-4868-bf0a-6ba6708b8eef	80878	1.0	confident	Acidovorax temperans	Bacteria
71aeaa7b-ea2b-4ec7-ab58-8941f6d2cfb1	80878	1.0	confident	Acidovorax temperans	Bacteria
99c0d886-f4b0-4e4b-b52b-59191a1571a9	80878	1.0	confident	Acidovorax temperans	Bacteria
fd97368c-36ea-440f-ab0e-a151b6e92894	80878	1.0	confident	Acidovorax temperans	Bacteria
12b32c48-546f-4586-ab3a-5b32d5aef2ad	80878	1.0	confident	Acidovorax temperans	Bacteria
692b399b-76ed-431f-b0fa-e6ef5a20576d	80878	1.0	confident	Acidovorax temperans	Bacteria
014593bc-0c09-48d2-aef1-a8f09cf53260	80878	1.0	confident	Acidovorax temperans	Bacteria
38c30bf7-b286-4f58-aa13-f3ff38c5f543	80878	1.0	confident	Acidovorax temperans	Bacteria
8c582ba8-4237-4603-8304-bd8911fcb54b	332410	1.0	confident	Exiguobacterium sibiricum	Bacteria
eb6f7ea8-edc4-4729-984a-715b4ea437e1	332410	1.0	confident	Exiguobacterium sibiricum	Bacteria
302157e8-18e0-468a-a15b-c0534c9a584b	332410	1.0	confident	Exiguobacterium sibiricum	Bacteria
604b3b50-f92c-4152-9f04-85f8d00f3c4f	332410	1.0	confident	Exiguobacterium sibiricum	Bacteria
d6f66fe2-adda-4dc9-a699-e8e134b1d4ae	332410	1.0	confident	Exiguobacterium sibiricum	Bacteria
65d5e47f-3059-416d-9c06-aa6e8c214fe8	332410	1.0	confident	Exiguobacterium sibiricum	Bacteria
6df49865-251c-463e-9838-2e7f8aacc268	332410	1.0	confident	Exiguobacterium sibiricum	Bacteria
8e923627-d9ae-4a99-9f58-44a30762e375	332410	1.0	confident	Exiguobacterium sibiricum	Bacteria
2c3a235a-c688-4c3f-bf1d-4773860281f4	332410	1.0	confident	Exiguobacterium sibiricum	Bacteria
bf9acc44-0301-46b5-81a5-8c9d630efc7c	332410	1.0	confident	Exiguobacterium sibiricum	Bacteria
