read_id	most_likely_taxon	confidence	assignment_certainty	taxon_name	kingdom
ab725cf3-89f5-4b19-a3d6-5a1ad154e96f	1523158	0.9951179046593204	high	Mesobacillus rigiliprofundi	Bacteria
37bf33d3-6a18-491c-9aa9-dac6c38511eb	1523158	0.9998346184684728	high	Mesobacillus rigiliprofundi	Bacteria
172efb59-303a-47f5-b24d-e242f6469e13	1523158	0.9998749001706912	high	Mesobacillus rigiliprofundi	Bacteria
9a4cf725-2b03-4ab5-b7ea-52fc94d2b027	1643336	1.0	confident	Mesobacillus maritimus	Bacteria
d23e6d82-8cce-422b-bc79-6af3a54061af	1523158	0.9998714599027648	high	Mesobacillus rigiliprofundi	Bacteria
6987322a-6a03-49d7-9dd7-70e6c2a19f07	1523158	0.9998747475647066	high	Mesobacillus rigiliprofundi	Bacteria
94803268-fb8e-43a7-b2bb-71212d981c92	1523158	0.9998744705289532	high	Mesobacillus rigiliprofundi	Bacteria
ab420c1b-1c10-4a6e-8b46-a643be68eef3	1523158	0.9942778510148256	high	Mesobacillus rigiliprofundi	Bacteria
c36eca27-1b73-42ba-a52d-9f4a34c828df	1523158	0.999875486904698	high	Mesobacillus rigiliprofundi	Bacteria
b790f682-0b74-4067-9379-f5579213514f	1523158	0.999976598069876	high	Mesobacillus rigiliprofundi	Bacteria
7259c405-82a7-4688-8355-fdaf9302bb36	1523158	0.999874415835164	high	Mesobacillus rigiliprofundi	Bacteria
8a3bc5d4-18de-4ae6-a869-8ca054db15ca	1643336	1.0	confident	Mesobacillus maritimus	Bacteria
68276362-4b6a-4495-bd10-0cc4833f7517	1643336	1.0	confident	Mesobacillus maritimus	Bacteria
0d94e42f-f396-4366-a690-23847b9160b4	1523158	0.9998716701523692	high	Mesobacillus rigiliprofundi	Bacteria
b6b5a74e-f932-49d6-9c3e-0c997b88f1d4	1523158	0.9998736708922168	high	Mesobacillus rigiliprofundi	Bacteria
59a0f83e-4661-4001-8d55-ed3110aa4090	1523158	0.999946448950679	high	Mesobacillus rigiliprofundi	Bacteria
1a8908cc-cd89-40e0-87c8-523c5e3bdba4	1643336	1.0	confident	Mesobacillus maritimus	Bacteria
42999fff-6d1a-40a5-9965-fb8bd6d5db00	1523158	0.9998616136338692	high	Mesobacillus rigiliprofundi	Bacteria
95bcbada-25cb-4713-bbe5-c55f45963f14	1523158	0.994556695526276	high	Mesobacillus rigiliprofundi	Bacteria
0e1d699c-1111-4564-942c-1b8700325a8b	1523158	0.999875114439874	high	Mesobacillus rigiliprofundi	Bacteria
eaede183-3ec9-4c23-91e7-2b0df9c2002c	1523158	0.9999897571328284	high	Mesobacillus rigiliprofundi	Bacteria
8143e568-cedd-4d06-9fdd-8b452ebd9471	1523158	0.9998745876541424	high	Mesobacillus rigiliprofundi	Bacteria
a5682256-eab1-416e-b9ca-b391a98fb5bb	1643336	1.0	confident	Mesobacillus maritimus	Bacteria
780762f3-6fd2-40bd-8d5e-277760fb6a1e	1523158	0.999810157905799	high	Mesobacillus rigiliprofundi	Bacteria
d5ab83e8-5980-4207-bc69-e109853e63a9	1523158	0.9950831596263904	high	Mesobacillus rigiliprofundi	Bacteria
2c3a3707-1d21-4342-9b5d-d3e0ad3235f4	1523158	0.9998387149699378	high	Mesobacillus rigiliprofundi	Bacteria
60a2e8d9-542c-4f13-bfe3-5a4e0df796ed	1523158	0.9998757550482256	high	Mesobacillus rigiliprofundi	Bacteria
28af9f89-e980-4802-bf3f-fa1b8464ee99	1643336	1.0	confident	Mesobacillus maritimus	Bacteria
0c65f2c9-dd02-42dc-b8e9-d5efe1e788a2	1643336	1.0	confident	Mesobacillus maritimus	Bacteria
06ded8a5-f1fc-449f-8132-115ac8178e14	1523158	0.999873800665014	high	Mesobacillus rigiliprofundi	Bacteria
7a549cdf-8b93-4c1c-adcf-721190c275e2	1643336	1.0	confident	Mesobacillus maritimus	Bacteria
a4c43435-ee75-4b53-847d-b96420bd2c2b	1643336	1.0	confident	Mesobacillus maritimus	Bacteria
725f3160-2400-4771-9e33-8eca822b9814	1523158	0.9998755418780132	high	Mesobacillus rigiliprofundi	Bacteria
9295a205-4456-4071-8250-0b479a5e09f4	1643336	1.0	confident	Mesobacillus maritimus	Bacteria
49960e3e-d5fb-4bd3-9e09-2e6296a86b7c	1523158	0.9998739960487144	high	Mesobacillus rigiliprofundi	Bacteria
15762991-6ce8-424c-83f0-701c049cfcd0	1643336	1.0	confident	Mesobacillus maritimus	Bacteria
6b04e184-24bf-4a50-a6bd-28897d9f5c1f	1523158	0.999972989980688	high	Mesobacillus rigiliprofundi	Bacteria
374a0a17-eaff-4605-86ba-ff51f1e4397d	1523158	0.9998735954096502	high	Mesobacillus rigiliprofundi	Bacteria
9aa627f7-7dfe-4676-9694-3912a22629c7	1523158	0.9648937470710854	high	Mesobacillus rigiliprofundi	Bacteria
fcaff42b-bd5f-4897-a965-8b37980c8ffc	1643336	1.0	confident	Mesobacillus maritimus	Bacteria
9064359f-7cbd-44de-b940-5ab8a69810b9	1523158	0.9970402729064964	high	Mesobacillus rigiliprofundi	Bacteria
11553498-906a-4625-8bc8-a656f32f28e5	1643336	1.0	confident	Mesobacillus maritimus	Bacteria
926a330f-5d84-4ad0-a5d5-5f7c09800471	1523158	0.9995957918460204	high	Mesobacillus rigiliprofundi	Bacteria
c5b9e382-adf5-4641-9920-35d4b07d0826	1523158	0.999946000381846	high	Mesobacillus rigiliprofundi	Bacteria
51e73d58-60aa-4187-90ff-da08c78e124e	1643336	1.0	confident	Mesobacillus maritimus	Bacteria
10256c2c-58d2-438d-8bd8-16b47bcd091b	1523158	0.8815182826150955	high	Mesobacillus rigiliprofundi	Bacteria
a03c2c6b-40cb-4ff5-a3fa-b273401a0be6	1523158	0.9998749001706912	high	Mesobacillus rigiliprofundi	Bacteria
463bb80a-b52e-4e38-bc72-e40325dd29b9	1523158	0.9993312355846576	high	Mesobacillus rigiliprofundi	Bacteria
d4e9b9be-c9cf-419d-abe3-26fa8a484998	1523158	0.9998756699078932	high	Mesobacillus rigiliprofundi	Bacteria
f3759e29-441a-4b96-915b-a4465087a272	1523158	0.999875882858845	high	Mesobacillus rigiliprofundi	Bacteria
c730c8a0-96ec-46d8-8078-fdcf016d9b2a	1643336	1.0	confident	Mesobacillus maritimus	Bacteria
510a05f6-892a-4938-84b1-26982004ced0	1523158	0.9998744273142218	high	Mesobacillus rigiliprofundi	Bacteria
5ff0d2be-f6b5-41db-b755-282ccfd80e4d	1523158	0.999875882858845	high	Mesobacillus rigiliprofundi	Bacteria
74106bfb-eb51-4174-96ff-9652adfdc3fb	1523158	0.9988459267449508	high	Mesobacillus rigiliprofundi	Bacteria
b15944db-1739-4697-9fef-457940b63c69	1643336	1.0	confident	Mesobacillus maritimus	Bacteria
eb19cc8c-a79b-4395-b059-cd23e36a6588	1643336	1.0	confident	Mesobacillus maritimus	Bacteria
d23aed25-55ad-4715-95ca-3709406ed3f2	1523158	0.9998757550482256	high	Mesobacillus rigiliprofundi	Bacteria
9c4c9dcf-6338-4f6b-a4dd-e1176620e437	1523158	0.9998724121350212	high	Mesobacillus rigiliprofundi	Bacteria
66256205-8446-47f9-884d-ab2b0320a180	1523158	0.9998735088501768	high	Mesobacillus rigiliprofundi	Bacteria
8cabe343-6027-4575-9f9b-9d57ecf95a14	1523158	0.9998696365835116	high	Mesobacillus rigiliprofundi	Bacteria
43b534e3-6eeb-48c4-b82b-251f03724306	1523158	0.9997067806243032	high	Mesobacillus rigiliprofundi	Bacteria
3a86171d-4a34-4826-9812-d745335cc376	1523158	0.9999456907466436	high	Mesobacillus rigiliprofundi	Bacteria
0638c1c8-7b1d-4dd0-a464-750eaae4aa8c	1523158	0.999864644202007	high	Mesobacillus rigiliprofundi	Bacteria
306a706a-5b65-46f3-9312-573acd052ebf	1523158	0.9999449486566382	high	Mesobacillus rigiliprofundi	Bacteria
4595c356-f6c9-4c5b-bb2d-f517c3ef04c4	1643336	1.0	confident	Mesobacillus maritimus	Bacteria
7f928576-aa31-472e-8173-57c646be15a7	1643336	1.0	confident	Mesobacillus maritimus	Bacteria
7afd652a-750e-42c7-9021-6798ad30e273	1643336	1.0	confident	Mesobacillus maritimus	Bacteria
cee490b8-2bee-4ca7-a715-a8bbda0c47bc	1523158	0.9998753283421052	high	Mesobacillus rigiliprofundi	Bacteria
5606cca5-858f-4ee6-ba69-a7a7d16612d0	1643336	1.0	confident	Mesobacillus maritimus	Bacteria
0de78e11-1508-4e04-9203-4a63c0e9ada8	1523158	0.999875882858845	high	Mesobacillus rigiliprofundi	Bacteria
f736f4f4-ab08-4bee-9125-ca68834a412d	1643336	1.0	confident	Mesobacillus maritimus	Bacteria
d61581b6-a546-440b-8983-01c211946233	1643336	1.0	confident	Mesobacillus maritimus	Bacteria
72c29ad6-4b36-42c8-8bf0-f13ac27767e7	1643336	1.0	confident	Mesobacillus maritimus	Bacteria
0d66975e-522e-4b3e-8793-d6c958231761	1523158	0.9998763076672894	high	Mesobacillus rigiliprofundi	Bacteria
23036896-9aa4-450f-b7d0-d9892a87473b	1643336	1.0	confident	Mesobacillus maritimus	Bacteria
1d91070b-2545-4723-9e59-37ed94cc3861	1523158	0.9998692813710316	high	Mesobacillus rigiliprofundi	Bacteria
264b12e3-c38a-49dc-bb07-3c027294f75d	1523158	0.9998405740786548	high	Mesobacillus rigiliprofundi	Bacteria
ae1765de-9f7a-47ac-a68d-701944011c27	1643336	1.0	confident	Mesobacillus maritimus	Bacteria
a2c635af-d3d6-4012-8fd2-29b9da7f1ac4	1523158	0.9999452626032068	high	Mesobacillus rigiliprofundi	Bacteria
3edc49be-c029-4146-9c8f-bfb821fccef6	1523158	0.9998747165753435	high	Mesobacillus rigiliprofundi	Bacteria
76205cd3-4f4a-428e-b001-5e024d7b55f4	1523158	0.9999448975336608	high	Mesobacillus rigiliprofundi	Bacteria
7c7d8a05-1f85-4241-961b-b524996f3562	1523158	0.9999464856246376	high	Mesobacillus rigiliprofundi	Bacteria
b369e55f-7a53-4fb2-baab-b0915c6f58f7	1523158	0.9998745564905082	high	Mesobacillus rigiliprofundi	Bacteria
af104450-cf77-43b7-affd-54f89d10961b	1643336	1.0	confident	Mesobacillus maritimus	Bacteria
b4de4d45-6586-40a2-ae62-3a35b35ca836	1523158	0.9998635845692724	high	Mesobacillus rigiliprofundi	Bacteria
a24c9396-58d8-4463-91c7-059356cbffab	1523158	0.9998705958909372	high	Mesobacillus rigiliprofundi	Bacteria
d0993dbb-fa99-4ac8-98ec-64c913cd3db3	1523158	0.9998664180988248	high	Mesobacillus rigiliprofundi	Bacteria
62acebba-1af4-4711-985e-63067747b486	1643336	1.0	confident	Mesobacillus maritimus	Bacteria
9e95a5a2-9104-4ead-85ca-0ebfe0101faa	1643336	1.0	confident	Mesobacillus maritimus	Bacteria
ee983c57-aa7e-40b0-ae35-ea0876d7ba2a	1523158	0.9998749858380678	high	Mesobacillus rigiliprofundi	Bacteria
30b06237-4e52-421c-84d7-d76c9840973d	1523158	0.9999463018221406	high	Mesobacillus rigiliprofundi	Bacteria
c2cc9f3c-cc00-451a-b294-1b6bff24c4db	1523158	0.9997071820080424	high	Mesobacillus rigiliprofundi	Bacteria
6da291af-998f-4ed1-8b26-3c179708e764	1523158	0.9993054905751116	high	Mesobacillus rigiliprofundi	Bacteria
f7a86886-a636-4d82-a7b9-8e2aa199eb65	1523158	0.9986928633396174	high	Mesobacillus rigiliprofundi	Bacteria
9ce6c7ca-0ee7-454d-977b-bc336aea0f6f	1523158	0.9996994361343782	high	Mesobacillus rigiliprofundi	Bacteria
b87772be-c727-4479-b6ae-d638958da9be	1523158	0.9998752734239909	high	Mesobacillus rigiliprofundi	Bacteria
c1b6811b-136d-4c7a-bff9-2f04784c4bb1	1523158	0.9998757000200592	high	Mesobacillus rigiliprofundi	Bacteria
f6bf8bd9-d915-4bac-baa2-23cd230672a5	1523158	0.9999761609879572	high	Mesobacillus rigiliprofundi	Bacteria
638ffa42-ccd3-4d94-8995-6ec9928f02f4	1643336	1.0	confident	Mesobacillus maritimus	Bacteria
ebd0635a-87fb-4d79-8034-fc084c255f95	1523158	0.9998719961246836	high	Mesobacillus rigiliprofundi	Bacteria
8dead62f-2280-48aa-83c9-5870ce4ae4f7	1643336	1.0	confident	Mesobacillus maritimus	Bacteria
fa5ee56a-d6d9-4fd1-842b-5a3b99521b93	1643336	1.0	confident	Mesobacillus maritimus	Bacteria
c64fc825-a3d6-4c4f-9f02-7dc4efe9c7b1	1523158	0.9998711422138292	high	Mesobacillus rigiliprofundi	Bacteria
da45e475-053d-42e9-90fd-6f6b4465f04e	1523158	0.999875772479896	high	Mesobacillus rigiliprofundi	Bacteria
598ff049-e525-4e1a-b4d4-8689807c3ebe	1523158	0.9998749858380678	high	Mesobacillus rigiliprofundi	Bacteria
45a85b37-e869-4c83-88cb-2c94c091a1d8	1523158	0.999875882858845	high	Mesobacillus rigiliprofundi	Bacteria
b922ce3d-f8b2-4a92-a1ab-61628fef413d	1523158	0.9999674959744772	high	Mesobacillus rigiliprofundi	Bacteria
71b0810b-5dbb-4b38-b497-262b66ad5166	1523158	0.9998748453640331	high	Mesobacillus rigiliprofundi	Bacteria
f58488dc-03de-446d-90d8-756ffd579c9f	1523158	0.9998858933263348	high	Mesobacillus rigiliprofundi	Bacteria
1bdefe6a-83c3-4d5b-8d22-d75cfb8e2a22	1643336	1.0	confident	Mesobacillus maritimus	Bacteria
2fb5ece2-b668-4422-9d0c-65d84ae36da3	1523158	0.9998763076672894	high	Mesobacillus rigiliprofundi	Bacteria
b5bf03a3-bc16-47f2-ba8f-1678faabc369	1523158	0.999874501774054	high	Mesobacillus rigiliprofundi	Bacteria
b61a78c5-28e8-4a5c-baaa-f86acdbfe60d	1523158	0.9998753283421052	high	Mesobacillus rigiliprofundi	Bacteria
489abc23-bed4-4abb-b22f-2162793f8b8b	1643336	1.0	confident	Mesobacillus maritimus	Bacteria
300510c6-ef8b-4b41-8dab-ed630645f03a	1643336	1.0	confident	Mesobacillus maritimus	Bacteria
16c5fda9-2e1c-4efe-b5e0-d03b5772ac17	1523158	0.9833799450857468	high	Mesobacillus rigiliprofundi	Bacteria
5ced8a96-0968-4545-a163-479f0158214d	1643336	1.0	confident	Mesobacillus maritimus	Bacteria
8e9c3027-070e-4418-951d-babfa301f461	1523158	0.999874501774054	high	Mesobacillus rigiliprofundi	Bacteria
baf9e2eb-3d29-47bf-a379-925e9d20055c	1643336	1.0	confident	Mesobacillus maritimus	Bacteria
0005d9d9-fddc-4280-8a32-a07fbe5dab8b	1523158	0.999874661854062	high	Mesobacillus rigiliprofundi	Bacteria
0eb6d3c3-7f80-4252-b5cd-4c465fa7e455	1523158	0.9999414654133032	high	Mesobacillus rigiliprofundi	Bacteria
ef1e0d07-2d15-4cf1-b89f-fead7f349cc2	1523158	0.998965980477592	high	Mesobacillus rigiliprofundi	Bacteria
d902646d-5802-4107-b12c-cc3354cbde22	1523158	0.9998732376365612	high	Mesobacillus rigiliprofundi	Bacteria
30400adf-8126-4869-9b82-6104b78c8a06	1523158	0.9998739960487144	high	Mesobacillus rigiliprofundi	Bacteria
e680d5b3-3104-4027-a011-84c8716dae7f	1523158	0.9996107910453496	high	Mesobacillus rigiliprofundi	Bacteria
28da8ae0-26ac-4e47-9343-1d2760ee0bd9	1523158	0.999944384019741	high	Mesobacillus rigiliprofundi	Bacteria
654204ae-0265-4fa0-b1be-d034a8ea8c06	1643336	1.0	confident	Mesobacillus maritimus	Bacteria
884eec32-cf33-40a1-832f-6c8908333632	1523158	0.9998734544497836	high	Mesobacillus rigiliprofundi	Bacteria
e80a4ef8-9747-40db-ad99-fd1b457581ca	1643336	1.0	confident	Mesobacillus maritimus	Bacteria
f8b1a3b7-767e-44d6-be07-20d58c56f4b5	1523158	0.9998723124454798	high	Mesobacillus rigiliprofundi	Bacteria
79bbdf08-aad0-4b03-a701-b3093fa819e4	1643336	1.0	confident	Mesobacillus maritimus	Bacteria
eb448b65-cfa7-40a5-b7c0-858ee293430a	1523158	0.9998717771195288	high	Mesobacillus rigiliprofundi	Bacteria
1b43f184-8a63-44bc-bf21-a77241568232	1523158	0.9998754565916218	high	Mesobacillus rigiliprofundi	Bacteria
12bd3ef7-a58f-4be3-9900-fcd281c9e426	1523158	0.999873800665014	high	Mesobacillus rigiliprofundi	Bacteria
4954a7b8-79cb-4955-a183-cf2d18e75715	1523158	0.9999440263868016	high	Mesobacillus rigiliprofundi	Bacteria
c5c033a2-fd4e-4540-8b3f-5c56aa55ea91	1523158	0.995065056683061	high	Mesobacillus rigiliprofundi	Bacteria
ce1f0aff-47fb-4a8a-8a50-ee9d4a60f598	1643336	1.0	confident	Mesobacillus maritimus	Bacteria
32379d0f-b13b-42d7-a99b-aba8d30043ea	1523158	0.9998724539430474	high	Mesobacillus rigiliprofundi	Bacteria
c1bf047a-2c2d-487a-abfc-3105834016c3	1643336	1.0	confident	Mesobacillus maritimus	Bacteria
f5f86b26-039f-47b6-a576-a3efc84ec19b	1523158	0.999874931009028	high	Mesobacillus rigiliprofundi	Bacteria
1da2b95a-53a5-4352-979f-1515ffc4a50a	1523158	0.9996077808615316	high	Mesobacillus rigiliprofundi	Bacteria
7a4b566c-e212-417a-9666-c1ea8303c1d3	1523158	0.999945345191389	high	Mesobacillus rigiliprofundi	Bacteria
c756a942-43e5-44b0-9edf-cceb34a69ff5	1643336	1.0	confident	Mesobacillus maritimus	Bacteria
3d7e8973-2b4f-48f0-a005-492c2b9676b8	1523158	0.9998737028504068	high	Mesobacillus rigiliprofundi	Bacteria
ec9761fb-19c0-49e4-9da2-f449a8ba4407	1523158	0.9999766940795104	high	Mesobacillus rigiliprofundi	Bacteria
5e40211e-4a8a-404c-8fd9-515dd6507a40	1523158	0.9874103695470996	high	Mesobacillus rigiliprofundi	Bacteria
7330d638-9799-4f12-a5a3-b1e41026f40f	1643336	1.0	confident	Mesobacillus maritimus	Bacteria
aba419af-6a5b-432b-add7-9af5b4ba7ceb	1523158	0.9999366127656144	high	Mesobacillus rigiliprofundi	Bacteria
6e66689e-81ce-462b-bc91-d70bc3c94c31	1523158	0.9999383657650284	high	Mesobacillus rigiliprofundi	Bacteria
2c7458b7-af8f-477d-a5eb-b5c3436ab004	1523158	0.9999985709985664	high	Mesobacillus rigiliprofundi	Bacteria
47ce1572-feba-4ba9-98d7-5b2cb7785ec6	1523158	0.999976223494478	high	Mesobacillus rigiliprofundi	Bacteria
55fc9d3c-eef4-4b52-8863-ab394b47e000	1643336	1.0	confident	Mesobacillus maritimus	Bacteria
e4976864-0a17-4ec7-898e-8c6665c36fd8	1523158	0.9999952833766256	high	Mesobacillus rigiliprofundi	Bacteria
d2130fee-9ad3-4cfc-8c1a-a1aa54cd46c8	1523158	0.9998393981030193	high	Mesobacillus rigiliprofundi	Bacteria
902920e7-4845-4dce-a8a5-6afeef5e9e13	1523158	0.999975555254658	high	Mesobacillus rigiliprofundi	Bacteria
4d84ca64-a51a-432e-a989-1905d6a859e1	1523158	0.9999760246837032	high	Mesobacillus rigiliprofundi	Bacteria
b295a4da-452c-43d6-8351-ab4d335953db	1523158	0.999875967853368	high	Mesobacillus rigiliprofundi	Bacteria
728fbf64-9266-4cc4-8011-39030af5584b	1643336	1.0	confident	Mesobacillus maritimus	Bacteria
6cf7750a-11db-4f4f-85ae-9fc040e86b72	1523158	0.9999456869678351	high	Mesobacillus rigiliprofundi	Bacteria
a9118584-7616-4a4e-9350-ce3ff90bec4d	1643336	0.8368566540713867	high	Mesobacillus maritimus	Bacteria
6a49961b-cb11-48ed-9064-a567f6476eee	1523158	0.9998653310619512	high	Mesobacillus rigiliprofundi	Bacteria
096abeb4-c776-4187-a8e2-b360af15eae7	1523158	0.9830066340088366	high	Mesobacillus rigiliprofundi	Bacteria
78a5188a-a831-4f65-b7e3-3d57a3032a9a	1523158	0.9998712401337756	high	Mesobacillus rigiliprofundi	Bacteria
cc2586dd-f339-49b3-89f4-297eafed3c9f	1523158	0.9886242833273736	high	Mesobacillus rigiliprofundi	Bacteria
38e0fcdd-e72f-4a7f-aa90-ae1c0f3110a1	1643336	1.0	confident	Mesobacillus maritimus	Bacteria
3f6f637f-3518-49ba-bda9-2e585f84a074	1523158	0.9231480929396756	high	Mesobacillus rigiliprofundi	Bacteria
60699241-0aab-4d08-ae52-611a2912ddaa	1523158	0.9998731508927988	high	Mesobacillus rigiliprofundi	Bacteria
f853de3c-fdc5-42a1-bb19-c795d86c2617	1523158	0.9999466322495992	high	Mesobacillus rigiliprofundi	Bacteria
1b6590f7-2ae8-4239-a7af-4bc5b337cfc4	1523158	0.9998637747844724	high	Mesobacillus rigiliprofundi	Bacteria
09eedcad-7bb8-4354-bab8-2a4f749de171	1523158	0.9999461542893964	high	Mesobacillus rigiliprofundi	Bacteria
2b58a6ed-02b6-4039-bd7b-4af22ad920a1	1643336	1.0	confident	Mesobacillus maritimus	Bacteria
f4d7b172-daa2-4a51-90a7-cfd603b47152	1523158	0.9998744273142218	high	Mesobacillus rigiliprofundi	Bacteria
54eee55b-69cf-49ef-99df-0dd3e6b0c6e4	1523158	0.9998739414807676	high	Mesobacillus rigiliprofundi	Bacteria
cd15230b-3748-4b6d-85b8-c56bbc825950	1523158	0.9960153532367862	high	Mesobacillus rigiliprofundi	Bacteria
5cf0382d-8996-4844-b427-9c222991a1e8	1643336	1.0	confident	Mesobacillus maritimus	Bacteria
e3116ce2-df88-40d2-9067-2c9d332475d1	1643336	1.0	confident	Mesobacillus maritimus	Bacteria
74d7fc24-b3fd-4b99-b268-5a7d4cc3db24	1643336	1.0	confident	Mesobacillus maritimus	Bacteria
959b29a5-cdad-4d3e-84e6-da78cfb0d513	1643336	1.0	confident	Mesobacillus maritimus	Bacteria
e840ed67-af47-49f7-b585-af921a7b68c1	1523158	0.9828557748677262	high	Mesobacillus rigiliprofundi	Bacteria
5a100001-dcf2-4aa9-8ca2-c69c697ee140	1523158	0.9998748144446172	high	Mesobacillus rigiliprofundi	Bacteria
b2843618-9f39-4021-9943-d60c7b769fb0	1643336	1.0	confident	Mesobacillus maritimus	Bacteria
d19ac692-96f9-446c-b0f4-899debac470e	1523158	0.999945548690086	high	Mesobacillus rigiliprofundi	Bacteria
f1c0179e-fb41-4a11-b083-539cc30f22e4	1523158	0.9998682821229185	high	Mesobacillus rigiliprofundi	Bacteria
54ab9e95-68ae-4e05-ad48-293186fc556a	1643336	1.0	confident	Mesobacillus maritimus	Bacteria
892fc716-1c9a-4d26-88e8-de7a38a2c5ab	1643336	1.0	confident	Mesobacillus maritimus	Bacteria
5a8fb6d3-933a-495e-9c40-c954168771ee	1643336	1.0	confident	Mesobacillus maritimus	Bacteria
096429d6-ba38-40c5-8759-6189bce80420	1643336	1.0	confident	Mesobacillus maritimus	Bacteria
f8f6d769-c83d-4ab1-95e1-888583250d98	1523158	0.999871611546594	high	Mesobacillus rigiliprofundi	Bacteria
f00bb23a-13fd-4de5-bb01-1de2dc8e8082	1643336	1.0	confident	Mesobacillus maritimus	Bacteria
2ba842c7-51fc-4d81-b8d3-3cbcdcd8b4cd	1643336	1.0	confident	Mesobacillus maritimus	Bacteria
b0b86899-df83-40fd-8a06-1cce5fe063aa	1643336	1.0	confident	Mesobacillus maritimus	Bacteria
951bee1b-44c6-450d-9c37-15ee8797b2a7	1643336	1.0	confident	Mesobacillus maritimus	Bacteria
92eeff74-8675-4578-b434-04c0b814476c	1523158	0.9998736498849984	high	Mesobacillus rigiliprofundi	Bacteria
8fa1d173-4349-4669-b505-bc897756f39f	1523158	0.9999894219587968	high	Mesobacillus rigiliprofundi	Bacteria
6b50c812-dcbc-408e-8de5-b268dad1c5d6	1643336	1.0	confident	Mesobacillus maritimus	Bacteria
5ccc789d-bd0a-4fe4-bd5b-50a291791ca4	1643336	1.0	confident	Mesobacillus maritimus	Bacteria
d8ae7c71-2d9c-4b2d-baef-7d2c548da349	1523158	0.9998730747349938	high	Mesobacillus rigiliprofundi	Bacteria
a6af3ded-31d0-42a2-8f35-c09952ba38e0	1523158	0.9998748453640331	high	Mesobacillus rigiliprofundi	Bacteria
412231eb-54a4-4a79-a179-1cc42918d31f	1523158	0.9951409876278012	high	Mesobacillus rigiliprofundi	Bacteria
e7ce4625-9fd5-4833-92c4-918d232a45f4	1523158	0.9998760954451024	high	Mesobacillus rigiliprofundi	Bacteria
118da044-c1fe-4049-9c96-6f1d0d31c126	1643336	1.0	confident	Mesobacillus maritimus	Bacteria
898add17-f726-4b98-ad94-7f8381832ded	1523158	0.9998748453640331	high	Mesobacillus rigiliprofundi	Bacteria
46a8a767-8603-4b86-8025-cbd6f8e23e5c	1523158	0.999874630783527	high	Mesobacillus rigiliprofundi	Bacteria
84d4f3ca-71da-4702-8fa4-dff64aa78599	1523158	0.9998735088501768	high	Mesobacillus rigiliprofundi	Bacteria
4535bfae-1261-4eb2-a6a0-b81f0f97ace0	1523158	0.9978734527132058	high	Mesobacillus rigiliprofundi	Bacteria
7aa9827e-387b-4abd-a52a-be9ce0fbe28e	1643336	1.0	confident	Mesobacillus maritimus	Bacteria
2202410e-7d51-4ca5-ab49-58ea527c7aaa	1523158	0.999870384595716	high	Mesobacillus rigiliprofundi	Bacteria
de9c5ed8-1995-457b-8b6f-345103bf568e	1643336	1.0	confident	Mesobacillus maritimus	Bacteria
0c876dbd-c617-406e-b081-3a519be894c7	1523158	0.9951052811322296	high	Mesobacillus rigiliprofundi	Bacteria
55ee5505-f59c-4fc7-a111-73b6fab98738	1523158	0.9999296723003342	high	Mesobacillus rigiliprofundi	Bacteria
ff3a1b32-0a1f-4927-bdec-fe1e828347d4	1523158	0.999874157240928	high	Mesobacillus rigiliprofundi	Bacteria
3ae11622-2c10-4ff7-a5ae-10ced3123116	1523158	0.9999767927891544	high	Mesobacillus rigiliprofundi	Bacteria
521086a1-f3f9-4dba-b10a-ba5d9b2b442c	1523158	0.9990796326731566	high	Mesobacillus rigiliprofundi	Bacteria
988fc08a-8a0d-4129-a9d2-631b6b8d8069	1643336	1.0	confident	Mesobacillus maritimus	Bacteria
41d0c2d6-0cae-4b97-b535-50a4139a46f4	1523158	0.999968192293125	high	Mesobacillus rigiliprofundi	Bacteria
55d02fd6-0fac-4979-aab0-030c4ccb579d	1523158	0.9998738551582472	high	Mesobacillus rigiliprofundi	Bacteria
9ccda324-f170-45b0-b905-9750cdae6967	1523158	0.9998632605480594	high	Mesobacillus rigiliprofundi	Bacteria
c4418805-58ca-44af-b626-bdf93e918364	1523158	0.9998760954451024	high	Mesobacillus rigiliprofundi	Bacteria
275ce62a-61ff-4dfe-ac3a-0ff4185e9aec	1523158	0.9998729004149404	high	Mesobacillus rigiliprofundi	Bacteria
ded71d57-5ad6-4d13-a150-81037ebf72d4	1523158	0.9998758843345328	high	Mesobacillus rigiliprofundi	Bacteria
721424fb-2437-44d4-8a43-35bd088d6b02	1643336	1.0	confident	Mesobacillus maritimus	Bacteria
be1fe660-4f68-46e3-be22-1813f4da27a9	1643336	1.0	confident	Mesobacillus maritimus	Bacteria
199f4848-1198-494a-9bf6-0b5fbb26d807	1643336	1.0	confident	Mesobacillus maritimus	Bacteria
ca765643-2a42-4045-aa0a-c3b01e044a5a	1523158	0.9998756699078932	high	Mesobacillus rigiliprofundi	Bacteria
ccc4f9bd-56f2-46d6-a04d-2afdea47c698	1643336	1.0	confident	Mesobacillus maritimus	Bacteria
ce5b78e1-916e-4aaa-bcd4-aef449dec5f9	1523158	0.9998670827205728	high	Mesobacillus rigiliprofundi	Bacteria
e11631a4-41ca-4603-8a6d-e66bf4b029dc	1523158	0.9998750288606122	high	Mesobacillus rigiliprofundi	Bacteria
cc3773cc-564f-4a09-a38b-7e68b9c16ebb	1523158	0.9998742866045291	high	Mesobacillus rigiliprofundi	Bacteria
bd3274b6-f547-4174-9fd8-743d9c5c449b	1523158	0.9998743726318422	high	Mesobacillus rigiliprofundi	Bacteria
6bdc9765-f19b-4d89-8ece-11a8059ab6da	1643336	1.0	confident	Mesobacillus maritimus	Bacteria
40b8fd72-6c5e-4145-81d0-6d12bb1f28b5	1643336	1.0	confident	Mesobacillus maritimus	Bacteria
6e094b31-b731-49be-9eb3-67f4f47b9ee9	1523158	0.9998739414807676	high	Mesobacillus rigiliprofundi	Bacteria
fd227dc0-5524-420f-9cc7-25db6671740a	1643336	1.0	confident	Mesobacillus maritimus	Bacteria
600d587f-31f8-4aa0-be2a-b7cada9d3c9d	1523158	0.9999448895587266	high	Mesobacillus rigiliprofundi	Bacteria
a4a3c65e-6205-46f0-b6f2-02cb71289f95	1643336	1.0	confident	Mesobacillus maritimus	Bacteria
97b95047-3397-48eb-ac5d-6f0906fdcb44	1523158	0.9999450507302888	high	Mesobacillus rigiliprofundi	Bacteria
b250ba0d-76cf-43ea-b995-c3655ebd1680	1643336	1.0	confident	Mesobacillus maritimus	Bacteria
5762556d-8bea-4e76-b43c-764374f8f2d3	1523158	0.9999999807083968	high	Mesobacillus rigiliprofundi	Bacteria
06a31ba6-f304-4cc7-96f3-ceac0c7fea02	1523158	0.9998737798609232	high	Mesobacillus rigiliprofundi	Bacteria
22e09855-331a-482f-a992-e43fb1847874	1523158	0.9998358859536112	high	Mesobacillus rigiliprofundi	Bacteria
8858dfcb-96e2-4fab-a591-c48b81829783	1523158	0.9998709602946162	high	Mesobacillus rigiliprofundi	Bacteria
de2455d0-66e0-4dd1-bc57-4d18a0c13096	1643336	1.0	confident	Mesobacillus maritimus	Bacteria
fb55d892-ec3d-4c9a-a2d2-57ed3f0008fe	1523158	0.9999655648751344	high	Mesobacillus rigiliprofundi	Bacteria
7ef9304e-c48b-4b0d-9cd9-858568c6f7f4	1643336	1.0	confident	Mesobacillus maritimus	Bacteria
c7ce2ffc-180c-4df2-bd9a-8832627b153f	1523158	0.999875882858845	high	Mesobacillus rigiliprofundi	Bacteria
defb6361-231e-4ed7-8c2d-be0e32f13a6a	1523158	0.9999757189056	high	Mesobacillus rigiliprofundi	Bacteria
3b65a39a-76c9-430d-81c9-4bacaafc344b	1643336	1.0	confident	Mesobacillus maritimus	Bacteria
e31751fa-2618-4a7e-8382-22f7c798a980	1523158	0.9998741772777444	high	Mesobacillus rigiliprofundi	Bacteria
0ee6b98e-11a3-4d5a-8297-7770e0ebd4cf	1523158	0.9999457695152932	high	Mesobacillus rigiliprofundi	Bacteria
de80e03e-5b48-4079-8ddc-b124de08985d	1523158	0.999858023460666	high	Mesobacillus rigiliprofundi	Bacteria
4c0171c7-d8ab-47f6-a5b5-5b62a1bc77b7	1523158	0.9998639134479964	high	Mesobacillus rigiliprofundi	Bacteria
471b0f71-a5e1-4222-9919-ce645480fa9d	1523158	0.9998749001706912	high	Mesobacillus rigiliprofundi	Bacteria
ff7a8cde-d09b-4646-9401-674921a68f05	1643336	1.0	confident	Mesobacillus maritimus	Bacteria
529a872c-cc3f-4649-bb03-2710cd1d0b69	1523158	0.9998690131443996	high	Mesobacillus rigiliprofundi	Bacteria
a687f470-89c1-439b-aac4-79dc0d219712	1643336	1.0	confident	Mesobacillus maritimus	Bacteria
9eac084b-6227-4899-a955-ceeeec7f4f5a	1523158	0.9998737028504068	high	Mesobacillus rigiliprofundi	Bacteria
9d0773ab-abdf-4702-8c80-a49f4c188a94	1643336	1.0	confident	Mesobacillus maritimus	Bacteria
4ef326f1-cecd-4d89-a6bc-1e2d88f09af2	1643336	1.0	confident	Mesobacillus maritimus	Bacteria
f67d90d7-3445-4ed6-b049-ffdccf253e37	1523158	0.999875882858845	high	Mesobacillus rigiliprofundi	Bacteria
c6bf10ff-8ead-472f-95be-ddf70844f9ad	1523158	0.9999762479216256	high	Mesobacillus rigiliprofundi	Bacteria
cd61fb94-faca-4025-83fc-086690d2cd1f	1643336	1.0	confident	Mesobacillus maritimus	Bacteria
40f890a5-3282-4685-b716-da83460decb5	1523158	0.9998726508986188	high	Mesobacillus rigiliprofundi	Bacteria
8b907b7b-fc45-466d-a0a0-90b140b06eeb	1523158	0.9999767339737202	high	Mesobacillus rigiliprofundi	Bacteria
37ae718e-eb8f-4839-bac2-79edd16ae7c6	1643336	1.0	confident	Mesobacillus maritimus	Bacteria
2227efee-bd64-4f4b-a0a3-3d09b2147985	1523158	0.9998739960487144	high	Mesobacillus rigiliprofundi	Bacteria
b9dafdc0-24f3-46c8-9014-c2103bf58741	1523158	0.9998734001010122	high	Mesobacillus rigiliprofundi	Bacteria
38075619-89fa-4323-bb4c-466493ad03a1	1643336	1.0	confident	Mesobacillus maritimus	Bacteria
f8bb0516-5fc5-49a4-9f3f-8f7a3030dde0	1643336	1.0	confident	Mesobacillus maritimus	Bacteria
15906d25-5b97-4b8c-905c-a811969a6450	1523158	0.9998753283421052	high	Mesobacillus rigiliprofundi	Bacteria
091832a4-0a7e-4f51-8ab9-303c36801aed	1643336	1.0	confident	Mesobacillus maritimus	Bacteria
280fca99-1986-47d4-826a-749e3c1f1b45	1523158	0.999875242909404	high	Mesobacillus rigiliprofundi	Bacteria
a16202e3-6eef-4eda-98db-3c27897b512a	1523158	0.9999447220365336	high	Mesobacillus rigiliprofundi	Bacteria
fb4520eb-3c9c-4fe1-b159-1f369252bd66	1523158	0.999976348137298	high	Mesobacillus rigiliprofundi	Bacteria
83c00095-3a14-477a-bfe1-6f535b7d01f7	1643336	1.0	confident	Mesobacillus maritimus	Bacteria
7f62c28d-c981-4c52-8367-0059006578b1	1523158	0.9999767976781156	high	Mesobacillus rigiliprofundi	Bacteria
4ee97297-2ca1-4f19-8fa4-922dd7d1cf7a	1643336	1.0	confident	Mesobacillus maritimus	Bacteria
2a6ca324-15c9-44ec-987b-fb7c44848618	1643336	1.0	confident	Mesobacillus maritimus	Bacteria
087458d1-b9f1-4474-886c-9ac6ba0f2431	1523158	0.999875114439874	high	Mesobacillus rigiliprofundi	Bacteria
92b2afb6-4d5e-436e-8c57-5ce55b7e1cae	1523158	0.9987198274463202	high	Mesobacillus rigiliprofundi	Bacteria
9370d503-20ba-4cdf-bb87-ff000e92e32f	1523158	0.9996068836127908	high	Mesobacillus rigiliprofundi	Bacteria
f23947ab-c626-4e31-8c34-28542cf045f6	1523158	0.999940442436548	high	Mesobacillus rigiliprofundi	Bacteria
2c8590bb-47e0-4797-ae3f-e21d5c7c3929	1523158	0.99987280289521	high	Mesobacillus rigiliprofundi	Bacteria
7b4da4f3-c199-4a00-b019-f1faed1a9aab	1523158	0.999875882858845	high	Mesobacillus rigiliprofundi	Bacteria
ebf828b2-2e33-43ff-a32a-e31c0d6ae011	1643336	1.0	confident	Mesobacillus maritimus	Bacteria
cff874be-253f-43a6-b276-bc5e127955c6	1643336	1.0	confident	Mesobacillus maritimus	Bacteria
6eb59284-7cdb-4f86-bf31-91d0937d85e2	1523158	0.9998733786863396	high	Mesobacillus rigiliprofundi	Bacteria
6ad8d000-88df-4fd9-a416-b2b609a280aa	1523158	0.9998737798609232	high	Mesobacillus rigiliprofundi	Bacteria
11c6abf5-781d-44c2-957e-371a8ddfb4f1	1523158	0.9996967041852892	high	Mesobacillus rigiliprofundi	Bacteria
17af226a-dfb7-4cb6-b614-4b04ef1d4e2e	1523158	0.9998749001706912	high	Mesobacillus rigiliprofundi	Bacteria
cc85a96d-a958-4251-a74e-86fbbb27438a	1643336	1.0	confident	Mesobacillus maritimus	Bacteria
13f21e8f-6d2c-40a9-af02-f3fd608c0ce0	1643336	1.0	confident	Mesobacillus maritimus	Bacteria
3c243fae-f46f-4667-b1de-7c16c7b22f24	2703818	0.9999999880223874	high	Pallidibacillus pasinlerensis	Bacteria
c070e144-2cce-4ebb-8061-9499537e25da	1523158	0.965049293955011	high	Mesobacillus rigiliprofundi	Bacteria
3560158e-320d-4d72-a007-a9a099fbb06e	1643336	1.0	confident	Mesobacillus maritimus	Bacteria
07215081-8762-4eb6-be0e-659d205245cf	1523158	0.9999436717513568	high	Mesobacillus rigiliprofundi	Bacteria
e433f98e-a144-4e31-869a-127ad57b0826	1523158	0.9951520288869994	high	Mesobacillus rigiliprofundi	Bacteria
d9f47599-1f39-4ff7-b4b4-9cdbb5bec21f	1643336	1.0	confident	Mesobacillus maritimus	Bacteria
9dd65eca-4417-4922-8a5b-b3f7f38703b1	1523158	0.9999953058327208	high	Mesobacillus rigiliprofundi	Bacteria
1fcbef06-17c0-4d06-9d51-3c68283cf981	1523158	0.9998742118662692	high	Mesobacillus rigiliprofundi	Bacteria
a673c2d2-5c86-48a1-9d19-b224266e98ac	1523158	0.9990946778463278	high	Mesobacillus rigiliprofundi	Bacteria
5cddedb1-0402-4cf0-bac2-6c54ccd87499	1523158	0.9999450507302888	high	Mesobacillus rigiliprofundi	Bacteria
3b75fe7d-d03c-40b4-94f7-931345ba307e	1523158	0.99656809969403	high	Mesobacillus rigiliprofundi	Bacteria
ef2cc504-5baf-47ff-81a9-1cb1a44a6239	1523158	0.9998642361454316	high	Mesobacillus rigiliprofundi	Bacteria
5b186a71-a725-4a15-9075-c8fccb7cd191	1523158	0.9978064124483246	high	Mesobacillus rigiliprofundi	Bacteria
60034646-363d-40ad-8e96-fb2948f50eb0	1643336	1.0	confident	Mesobacillus maritimus	Bacteria
bb075213-50dc-4f41-b51c-12543f108674	1523158	0.9998688042589376	high	Mesobacillus rigiliprofundi	Bacteria
5599784f-4116-461f-bfcd-35666e5bd309	1643336	1.0	confident	Mesobacillus maritimus	Bacteria
55f73406-ed8d-46b7-a4c4-c210805b5c44	1643336	1.0	confident	Mesobacillus maritimus	Bacteria
7beada78-6cb1-4e97-93aa-fce3c8e45b2b	1523158	0.9998401280007124	high	Mesobacillus rigiliprofundi	Bacteria
7fa467d3-6845-4dcf-983b-289d2a252180	1523158	0.9998734331033614	high	Mesobacillus rigiliprofundi	Bacteria
066f8981-a617-48c8-aeb8-06fb9093feee	1643336	1.0	confident	Mesobacillus maritimus	Bacteria
aea0ddd6-f738-4280-8a92-1f595a22e1d7	1643336	1.0	confident	Mesobacillus maritimus	Bacteria
bd6a6160-c8b0-4fd6-97a7-b936537aa90c	1523158	0.9999757582541152	high	Mesobacillus rigiliprofundi	Bacteria
81d7843c-df51-4b75-bcbc-e6bf742e6f1a	1643336	1.0	confident	Mesobacillus maritimus	Bacteria
d64439eb-9dfd-4110-92a4-89e18409f6da	1643336	1.0	confident	Mesobacillus maritimus	Bacteria
50b64b6b-ca09-414c-8466-635c1495bfde	1523158	0.9655263195362036	high	Mesobacillus rigiliprofundi	Bacteria
3f789271-4f59-4470-bacc-f9e89d9a4657	1523158	0.9998760954451024	high	Mesobacillus rigiliprofundi	Bacteria
4cdebab5-009c-4191-931b-d73e6b4b39dc	1523158	0.9998760954451024	high	Mesobacillus rigiliprofundi	Bacteria
ea31ce6d-1c00-4194-a584-0df395e3c482	1523158	0.999871571842562	high	Mesobacillus rigiliprofundi	Bacteria
304449e8-af73-481e-8419-59d20a2e9029	40214	1.0	confident	Acinetobacter johnsonii	Bacteria
c1260e3e-d276-42c7-9b57-cde2b1497779	40214	1.0	confident	Acinetobacter johnsonii	Bacteria
a45204c7-ad8a-422d-a379-84fba9aaca21	40214	1.0	confident	Acinetobacter johnsonii	Bacteria
7598c2c8-08c4-4992-b683-3dcb1213b221	40214	1.0	confident	Acinetobacter johnsonii	Bacteria
9fd36af1-ccf5-4117-99e1-12f88826ff7a	40214	1.0	confident	Acinetobacter johnsonii	Bacteria
739eb25f-b45a-40f6-94b8-2b6d74dbc4ab	40214	1.0	confident	Acinetobacter johnsonii	Bacteria
a2257109-dfc7-49b1-9996-8891ff0de986	40214	1.0	confident	Acinetobacter johnsonii	Bacteria
d7393307-e016-48fd-8ea9-72d1fcfa3223	40214	1.0	confident	Acinetobacter johnsonii	Bacteria
eef2a88d-518d-4a3f-afa8-af8d56fa5109	40214	1.0	confident	Acinetobacter johnsonii	Bacteria
87965f14-5bb7-46eb-914c-49412b6b158e	40214	1.0	confident	Acinetobacter johnsonii	Bacteria
8e41b208-ecad-4b07-8c3a-213a4b2fa009	40214	1.0	confident	Acinetobacter johnsonii	Bacteria
bf2a149a-0554-46d5-80a8-b351d633abf0	40214	1.0	confident	Acinetobacter johnsonii	Bacteria
2f255e48-60f9-42cb-a49c-38fce200f358	40214	1.0	confident	Acinetobacter johnsonii	Bacteria
e5a4d930-3993-4daa-b499-fe3e0c2aaa0a	40214	1.0	confident	Acinetobacter johnsonii	Bacteria
10b1d22a-64fc-48d3-901e-fcd1e7b5be00	40214	1.0	confident	Acinetobacter johnsonii	Bacteria
fcedd23f-1e2a-4c6a-b43b-56ab691d4f40	40214	1.0	confident	Acinetobacter johnsonii	Bacteria
61435341-184c-451d-97ea-60a1c0368cd7	40214	1.0	confident	Acinetobacter johnsonii	Bacteria
4ff67501-f68e-4bac-8acc-cdaa42ad971e	40214	1.0	confident	Acinetobacter johnsonii	Bacteria
c62a5fd3-6fd6-4a78-9c8e-8115b5d52da2	40214	1.0	confident	Acinetobacter johnsonii	Bacteria
4229edb6-d90f-4324-a614-e37780eb2f88	40214	1.0	confident	Acinetobacter johnsonii	Bacteria
de7a0fa3-bd78-4800-bc85-19a7e995fa61	40214	1.0	confident	Acinetobacter johnsonii	Bacteria
6c13d96f-12c3-4255-a93e-39b61d695bb1	40214	1.0	confident	Acinetobacter johnsonii	Bacteria
05138937-c39b-4f96-b3c8-02cbef2b7e85	40214	1.0	confident	Acinetobacter johnsonii	Bacteria
f8faa06c-0a72-4109-abb1-fe2349edc30d	40214	1.0	confident	Acinetobacter johnsonii	Bacteria
04995181-6487-4035-9e0a-0ae10ffca2d1	40214	1.0	confident	Acinetobacter johnsonii	Bacteria
e05708fa-a657-4d53-ad87-154c0e635714	40214	1.0	confident	Acinetobacter johnsonii	Bacteria
9901795d-b86e-4e53-b52a-9f60f154f189	40214	1.0	confident	Acinetobacter johnsonii	Bacteria
2ecb4d0c-a71f-4f57-97a0-28950b68c3e5	40214	1.0	confident	Acinetobacter johnsonii	Bacteria
d1581825-c885-4272-8d2c-e6dbce1a7f89	40214	1.0	confident	Acinetobacter johnsonii	Bacteria
fb6c6921-5257-40a9-bc8d-2ea1065650eb	40214	1.0	confident	Acinetobacter johnsonii	Bacteria
ce805b9c-1f5f-4c12-ae48-8554bef697db	40214	1.0	confident	Acinetobacter johnsonii	Bacteria
5fae2186-c87f-44f1-a476-559ec9720fba	40214	1.0	confident	Acinetobacter johnsonii	Bacteria
896b7d5f-d32d-4ea7-b9ce-40a97d1ea2c7	40214	1.0	confident	Acinetobacter johnsonii	Bacteria
ade0b4bf-fd18-4613-a29b-120be1c98f37	40214	1.0	confident	Acinetobacter johnsonii	Bacteria
34ffb821-caf0-40f7-866f-4185e5f73f48	40214	1.0	confident	Acinetobacter johnsonii	Bacteria
f4eae0f7-c9ae-4020-aa58-bde06dff937d	40214	1.0	confident	Acinetobacter johnsonii	Bacteria
eb5aa2ec-7404-4c11-acf9-ef57ca731dc0	40214	1.0	confident	Acinetobacter johnsonii	Bacteria
bc9c477b-875c-4f80-a590-134bfdf5f4d1	40214	1.0	confident	Acinetobacter johnsonii	Bacteria
09662aa8-62c7-4721-a8ea-47be92d0b851	40214	1.0	confident	Acinetobacter johnsonii	Bacteria
a9423d8e-b220-43cf-9fc5-f49f05bb4705	40214	1.0	confident	Acinetobacter johnsonii	Bacteria
4a870fde-a389-40cc-b420-aae41dc8bb7d	40214	1.0	confident	Acinetobacter johnsonii	Bacteria
8e0de6cd-f50e-4cb2-9524-f1eb5a1f6cce	40214	1.0	confident	Acinetobacter johnsonii	Bacteria
f115af49-8b34-4902-a6c1-014fb74da4d1	40214	1.0	confident	Acinetobacter johnsonii	Bacteria
582ecabe-5ed0-441d-a30a-ac737e12212d	40214	1.0	confident	Acinetobacter johnsonii	Bacteria
172ff04d-8bc8-47e5-bc70-4f4820d90e31	40214	1.0	confident	Acinetobacter johnsonii	Bacteria
a174b74b-6304-4db7-a921-c34c2af27a3d	40214	1.0	confident	Acinetobacter johnsonii	Bacteria
2b5ef0a2-6299-415d-b850-b6c21dcde21a	40214	1.0	confident	Acinetobacter johnsonii	Bacteria
9b4c7266-68b8-4a69-a22b-ebf60d246175	40214	1.0	confident	Acinetobacter johnsonii	Bacteria
f72492dd-5fe4-4b2d-a282-2ef224b39d9f	40214	1.0	confident	Acinetobacter johnsonii	Bacteria
73651f6e-af56-41f3-b762-9e7248aabbc2	40214	1.0	confident	Acinetobacter johnsonii	Bacteria
f8b8faf9-c89e-4713-94a6-abc4e8277bf4	40214	1.0	confident	Acinetobacter johnsonii	Bacteria
00298d83-b2e1-431d-9287-6b34ed7ebcde	40214	1.0	confident	Acinetobacter johnsonii	Bacteria
4ef096c2-388b-4729-8013-e81aa1ce6086	40214	1.0	confident	Acinetobacter johnsonii	Bacteria
b05e7c34-2728-451e-a2e2-1a1fe6cb515d	40214	1.0	confident	Acinetobacter johnsonii	Bacteria
7194c097-6833-478b-9cfe-ba02a34841f3	40214	1.0	confident	Acinetobacter johnsonii	Bacteria
ddb7eebf-3cd2-4b36-a93c-282a2a04d6d2	40214	1.0	confident	Acinetobacter johnsonii	Bacteria
fa77e653-db9e-4183-b069-be657f10db9e	40214	1.0	confident	Acinetobacter johnsonii	Bacteria
0efc628b-1b3e-4eaa-bc08-e707f176654b	40214	1.0	confident	Acinetobacter johnsonii	Bacteria
c8f096ae-905f-47dd-91d8-b1bd4b5c7d60	40214	1.0	confident	Acinetobacter johnsonii	Bacteria
42f63e8b-9e91-4842-9d8b-c8c345aa4dfc	40214	1.0	confident	Acinetobacter johnsonii	Bacteria
8a691929-5e8d-4b9d-850b-be415edb7c38	40214	1.0	confident	Acinetobacter johnsonii	Bacteria
1520184f-f5b7-446e-9152-bd847ffc4318	40214	1.0	confident	Acinetobacter johnsonii	Bacteria
672d7a86-50be-4b63-aa92-aa7a45fb52a1	40214	1.0	confident	Acinetobacter johnsonii	Bacteria
35ddf062-1e2f-46ee-bea9-d8c278ef5ef4	40214	1.0	confident	Acinetobacter johnsonii	Bacteria
a4b0cb81-6538-4049-8a09-8326d04d20ba	40214	1.0	confident	Acinetobacter johnsonii	Bacteria
1f7d28d9-906f-4e74-a58b-6ded228242c3	40214	1.0	confident	Acinetobacter johnsonii	Bacteria
6b1a7729-12fd-4597-a428-068d0cb4ce91	40214	1.0	confident	Acinetobacter johnsonii	Bacteria
2bdf7030-a75a-4949-ad54-4b060c864aca	40214	1.0	confident	Acinetobacter johnsonii	Bacteria
959092f4-1837-484d-b42e-94a8ba99c5a1	40214	1.0	confident	Acinetobacter johnsonii	Bacteria
f54cefd1-960b-4792-80fa-2828b0dcb69d	40214	1.0	confident	Acinetobacter johnsonii	Bacteria
d19fdb2c-3f3c-45bf-aff6-198107875bc8	40214	1.0	confident	Acinetobacter johnsonii	Bacteria
25160dfb-762e-4767-867e-6c90fd72effc	40214	1.0	confident	Acinetobacter johnsonii	Bacteria
3c4fd526-cfe9-41e6-9c28-85c566f56d50	40214	1.0	confident	Acinetobacter johnsonii	Bacteria
81d1b4a8-d833-4928-8f40-d45ba112622d	40214	1.0	confident	Acinetobacter johnsonii	Bacteria
f5bceae5-e01f-46ed-8068-7ec088c49dfa	40214	1.0	confident	Acinetobacter johnsonii	Bacteria
8b786a4f-72e3-4a36-866c-75b5238adaa2	40214	1.0	confident	Acinetobacter johnsonii	Bacteria
e0cc1db3-fea5-4367-a7ae-47941d1aeb5a	40214	1.0	confident	Acinetobacter johnsonii	Bacteria
2c0e52cd-e306-45a0-9f2c-97c42dce5fd9	40214	1.0	confident	Acinetobacter johnsonii	Bacteria
7f3876e0-6f46-424d-becd-2318e0caafc3	40214	1.0	confident	Acinetobacter johnsonii	Bacteria
53ca5c26-50d4-4253-a2bf-c35450edf87c	40214	1.0	confident	Acinetobacter johnsonii	Bacteria
8ff0ba58-15b8-4edc-a4d5-377083abfbf9	40214	1.0	confident	Acinetobacter johnsonii	Bacteria
5cde4c0c-1210-4050-bd56-b4d5f137b69c	40214	1.0	confident	Acinetobacter johnsonii	Bacteria
ecc9b5cc-e69e-47e8-a7d2-133fbae2bc39	40214	1.0	confident	Acinetobacter johnsonii	Bacteria
25a3a147-dfbe-4fc9-a4c1-e5cc698b4924	40214	1.0	confident	Acinetobacter johnsonii	Bacteria
265a54a2-2f31-4173-accd-994ffa0af6ec	40214	1.0	confident	Acinetobacter johnsonii	Bacteria
1e08cc46-56f3-42ca-98ea-a8dfeb3528a0	40214	1.0	confident	Acinetobacter johnsonii	Bacteria
e0495183-662f-41dc-a4ef-dc6f7491d8d7	40214	1.0	confident	Acinetobacter johnsonii	Bacteria
9b353341-8a2e-4809-8931-7efc5f40eed4	40214	1.0	confident	Acinetobacter johnsonii	Bacteria
a53fbaf5-bf90-4f1f-9cea-995a81fdad73	40214	1.0	confident	Acinetobacter johnsonii	Bacteria
ee02a228-5234-4721-a62a-23148192800b	40214	1.0	confident	Acinetobacter johnsonii	Bacteria
97ee3900-b3a2-4e5e-b4d3-e24f6f25f329	40214	1.0	confident	Acinetobacter johnsonii	Bacteria
4f1de4d9-451b-4cbc-aa80-1661c6a65416	40214	1.0	confident	Acinetobacter johnsonii	Bacteria
5c624987-7ef4-4db6-8cda-37b098c4ac6f	40214	1.0	confident	Acinetobacter johnsonii	Bacteria
7106df3f-f05f-4a6c-9637-1fbb2295e523	40214	1.0	confident	Acinetobacter johnsonii	Bacteria
9585e11b-b539-482e-9ff2-0f1731858da3	40214	1.0	confident	Acinetobacter johnsonii	Bacteria
a58c0571-b633-4cf9-bf5f-031948aad7ec	40214	1.0	confident	Acinetobacter johnsonii	Bacteria
e0644f85-424a-4942-b6c4-e32a5b7ab999	40214	1.0	confident	Acinetobacter johnsonii	Bacteria
d65be3ad-fed6-4b05-99ab-2fc59d5cd3f5	40214	1.0	confident	Acinetobacter johnsonii	Bacteria
15737f07-301e-4e30-9254-5a4742a77530	40214	1.0	confident	Acinetobacter johnsonii	Bacteria
b88ada1a-35d1-47bd-90d3-1fb38ce0da74	40214	1.0	confident	Acinetobacter johnsonii	Bacteria
fc7c06d9-eb93-4bbb-8e93-e16d7f4d7d0d	40214	1.0	confident	Acinetobacter johnsonii	Bacteria
5154a053-896d-4ae9-847f-28cdfde10973	40214	1.0	confident	Acinetobacter johnsonii	Bacteria
0ffde622-2402-449d-93c2-0de3d4eba932	40214	1.0	confident	Acinetobacter johnsonii	Bacteria
436a9297-6e2a-4a74-b453-deaa41bcf568	40214	1.0	confident	Acinetobacter johnsonii	Bacteria
df421630-2d84-448d-98fb-0ffd6092de15	40214	1.0	confident	Acinetobacter johnsonii	Bacteria
ddb2ad42-9925-407c-aaa7-b6ed198657f5	40214	1.0	confident	Acinetobacter johnsonii	Bacteria
b79d4653-aabe-4821-b766-01d0e94e2e4e	40214	1.0	confident	Acinetobacter johnsonii	Bacteria
14f6b3ca-1ee6-46b5-b42f-77fc3760bcd5	40214	1.0	confident	Acinetobacter johnsonii	Bacteria
d3ecd0d3-7cf9-44d8-8385-dbfeb677020e	40214	1.0	confident	Acinetobacter johnsonii	Bacteria
b9cc4fd4-2465-4328-af98-67762b846485	40214	1.0	confident	Acinetobacter johnsonii	Bacteria
5b7d3519-768a-46e9-8e8e-b80fada091be	40214	1.0	confident	Acinetobacter johnsonii	Bacteria
e6869ca9-21ea-4ed4-86c6-77ccce674f0e	40214	1.0	confident	Acinetobacter johnsonii	Bacteria
bea9a2c0-1964-4162-9b49-e957b63875ac	40214	1.0	confident	Acinetobacter johnsonii	Bacteria
fb91b3de-a325-4b6e-9b2f-5be0ad35ad29	40214	1.0	confident	Acinetobacter johnsonii	Bacteria
dd4d820a-6896-432b-a8aa-4f6b392b7b67	40214	1.0	confident	Acinetobacter johnsonii	Bacteria
39a358d6-92c9-431d-b855-3226e9f6950d	40214	1.0	confident	Acinetobacter johnsonii	Bacteria
c4995bf4-83ea-4e61-bbea-6641f933b0e3	40214	1.0	confident	Acinetobacter johnsonii	Bacteria
4e2c3465-4e49-4cca-97ca-4b712ca883d0	40214	1.0	confident	Acinetobacter johnsonii	Bacteria
639049bf-aa08-4659-901f-ada5bc88c4d7	40214	1.0	confident	Acinetobacter johnsonii	Bacteria
23c8f7d4-55f1-4a98-a4e2-609ccd0c720d	40214	1.0	confident	Acinetobacter johnsonii	Bacteria
c28845ed-b6a8-4939-9217-87d0a5d19ed0	40214	1.0	confident	Acinetobacter johnsonii	Bacteria
669570c2-e997-4abe-8b81-55f79959bfc0	40214	1.0	confident	Acinetobacter johnsonii	Bacteria
307601f4-2a05-4e38-a731-a9ccfe11333e	40214	1.0	confident	Acinetobacter johnsonii	Bacteria
928ab369-b641-4fb9-882e-642291d6c71d	40214	1.0	confident	Acinetobacter johnsonii	Bacteria
700b3648-f0c3-4d20-b2d1-b5d59a55760a	40214	1.0	confident	Acinetobacter johnsonii	Bacteria
c58dca85-ded1-40cc-94c4-f444cebf900a	40214	1.0	confident	Acinetobacter johnsonii	Bacteria
99212b17-edd7-4d44-ac8e-ced5c43e0013	40214	1.0	confident	Acinetobacter johnsonii	Bacteria
ed26a4ac-f62e-4c6c-a5ad-ffa337242a78	40214	1.0	confident	Acinetobacter johnsonii	Bacteria
c64975c5-a1ec-40f9-93b9-b69038b8f6e4	40214	1.0	confident	Acinetobacter johnsonii	Bacteria
348883f4-6c44-4297-ae1c-985079bb0a9c	40214	1.0	confident	Acinetobacter johnsonii	Bacteria
ff61faed-b0f8-4339-a13b-56899a7e1f0b	40214	1.0	confident	Acinetobacter johnsonii	Bacteria
882e96f1-57c1-489b-ba51-35993923dd9c	40214	1.0	confident	Acinetobacter johnsonii	Bacteria
6a309bbe-dabf-4916-b3f8-e161f96536d8	40214	1.0	confident	Acinetobacter johnsonii	Bacteria
02b3ac8c-dc14-4b40-b869-363ad029194c	40214	1.0	confident	Acinetobacter johnsonii	Bacteria
73fc0796-eff4-475f-8eda-4b9a4c8b0aec	40214	1.0	confident	Acinetobacter johnsonii	Bacteria
fd581cb2-4c53-4654-8646-387ec77fdf2e	40214	1.0	confident	Acinetobacter johnsonii	Bacteria
196c5936-47f1-457f-bafa-70a0a41b6d12	40214	1.0	confident	Acinetobacter johnsonii	Bacteria
7b31c119-4066-4e7e-803b-014765cf8b39	40214	1.0	confident	Acinetobacter johnsonii	Bacteria
62b4b011-7492-4e3f-bf06-67820625bced	40214	1.0	confident	Acinetobacter johnsonii	Bacteria
a59d7742-143e-4e95-90b8-4fcfbd917d2d	40214	1.0	confident	Acinetobacter johnsonii	Bacteria
ef7d4afc-700f-41ca-ae9a-c496a9ab922d	40214	1.0	confident	Acinetobacter johnsonii	Bacteria
e430211f-c822-4865-ae95-3c89118cbecd	40214	1.0	confident	Acinetobacter johnsonii	Bacteria
ed258e00-a60a-462a-8cff-6aae1712c27d	40214	1.0	confident	Acinetobacter johnsonii	Bacteria
fdee6c4b-27a9-42b6-9232-d7c9a74e0697	40214	1.0	confident	Acinetobacter johnsonii	Bacteria
437e5b84-1619-4649-a11f-8a1ffe76a92c	40214	1.0	confident	Acinetobacter johnsonii	Bacteria
2a7dd36d-206a-457e-a5a7-282388c27f0f	40214	1.0	confident	Acinetobacter johnsonii	Bacteria
fd26ca73-46ef-47fc-ad6e-d4e4db30e823	40214	1.0	confident	Acinetobacter johnsonii	Bacteria
7ee344d5-2c0c-47e4-be35-7e003ef6221d	40214	1.0	confident	Acinetobacter johnsonii	Bacteria
f097c425-56e9-4440-b758-ab9863239722	40214	1.0	confident	Acinetobacter johnsonii	Bacteria
ee49ae7a-3640-4522-9019-38517a3b6a81	40214	1.0	confident	Acinetobacter johnsonii	Bacteria
f68bd852-7502-4164-99af-3bdf9b01fcfe	40214	1.0	confident	Acinetobacter johnsonii	Bacteria
ab419997-d5f6-44bb-812f-292b5545b40a	40214	1.0	confident	Acinetobacter johnsonii	Bacteria
c5240bc7-52be-4665-8da9-af185d0e810b	40214	1.0	confident	Acinetobacter johnsonii	Bacteria
76f2181d-6f07-4ae6-af94-c59577d96bb4	40214	1.0	confident	Acinetobacter johnsonii	Bacteria
9e9243ba-9b62-4a56-994f-9f9ec4d5888b	40214	1.0	confident	Acinetobacter johnsonii	Bacteria
2df653e4-2704-4d77-bec7-549d11daa7a6	40214	1.0	confident	Acinetobacter johnsonii	Bacteria
5d80f8ed-214f-4fa5-be86-b10a345cf7ff	40214	1.0	confident	Acinetobacter johnsonii	Bacteria
d7667a02-2795-4da2-a145-2c39abb28582	40214	1.0	confident	Acinetobacter johnsonii	Bacteria
02c30cc5-bccd-458e-bb53-7989a4568dd5	40214	1.0	confident	Acinetobacter johnsonii	Bacteria
9889bca8-28aa-4664-a934-c84a828733eb	40214	1.0	confident	Acinetobacter johnsonii	Bacteria
b9c6c276-ac99-49d8-83d7-d8c2fc648041	40214	1.0	confident	Acinetobacter johnsonii	Bacteria
2b3153a4-4e2e-4c38-b63a-6a812139774c	40214	1.0	confident	Acinetobacter johnsonii	Bacteria
bc8949ac-4ac3-48b6-9037-037f8856c2f2	40214	1.0	confident	Acinetobacter johnsonii	Bacteria
3d51d74e-2987-4344-a7f2-45340f4dd787	40214	1.0	confident	Acinetobacter johnsonii	Bacteria
e159294d-f456-412d-948f-2fd6bfa4a763	40214	1.0	confident	Acinetobacter johnsonii	Bacteria
cc0abf2c-c16b-4f86-809a-248701e9eed1	40214	1.0	confident	Acinetobacter johnsonii	Bacteria
4308f898-c4d9-42a3-b99a-1684000f92b0	40214	1.0	confident	Acinetobacter johnsonii	Bacteria
9133cec2-7843-41df-a56a-30f712f1d669	40214	1.0	confident	Acinetobacter johnsonii	Bacteria
18050355-2399-45c1-a13c-3a6e1e4c0b47	40214	1.0	confident	Acinetobacter johnsonii	Bacteria
474c2c64-4fe9-4052-99dc-af46ef81f9f1	40214	1.0	confident	Acinetobacter johnsonii	Bacteria
7b456f30-40a9-4075-b902-bb19f4bad823	40214	1.0	confident	Acinetobacter johnsonii	Bacteria
d26823a0-0ea0-4482-9aff-ecba056778c1	40214	1.0	confident	Acinetobacter johnsonii	Bacteria
666217dd-2ad6-4adf-b296-f39567ac6172	40214	1.0	confident	Acinetobacter johnsonii	Bacteria
a58fe246-7203-433b-a267-9edd87f34c4d	40214	1.0	confident	Acinetobacter johnsonii	Bacteria
a05ee26e-e1e9-4540-a66a-67f3a8c48794	40214	1.0	confident	Acinetobacter johnsonii	Bacteria
4257e028-3d5a-4962-ba99-5b83655aa879	40214	1.0	confident	Acinetobacter johnsonii	Bacteria
276da25d-ef93-42cc-8415-4d94296fd152	40214	1.0	confident	Acinetobacter johnsonii	Bacteria
bf5dde97-cd09-4a31-95bc-08602b730286	40214	1.0	confident	Acinetobacter johnsonii	Bacteria
a00704e7-7108-4a80-b832-f2c515adacf3	40214	1.0	confident	Acinetobacter johnsonii	Bacteria
afb89495-1cc7-4480-a192-d2e4ea1530e8	40214	1.0	confident	Acinetobacter johnsonii	Bacteria
4713e710-1597-4f11-b724-2ff887c475bb	40214	1.0	confident	Acinetobacter johnsonii	Bacteria
b45dd2cf-be63-4128-a520-a81aa1138695	40214	1.0	confident	Acinetobacter johnsonii	Bacteria
b1a63c02-cc91-406f-9a89-6690427ab5c3	40214	1.0	confident	Acinetobacter johnsonii	Bacteria
a6280908-93a7-43b1-84a7-12676484ebc1	40214	1.0	confident	Acinetobacter johnsonii	Bacteria
b9073d36-98ea-42f7-aa55-fc1117dd88d3	40214	1.0	confident	Acinetobacter johnsonii	Bacteria
b7bd8211-ccf3-4d10-8d56-c0320108300d	40214	1.0	confident	Acinetobacter johnsonii	Bacteria
58eb92bd-1b63-4712-b6b6-1150dbf2edf7	40214	1.0	confident	Acinetobacter johnsonii	Bacteria
0a93bda5-d22e-4a16-b526-d6ee52701b3e	40214	1.0	confident	Acinetobacter johnsonii	Bacteria
6fa32705-b744-466e-be06-0b1d475de5c4	40214	1.0	confident	Acinetobacter johnsonii	Bacteria
2222074e-3275-4569-8355-df30dce87341	40214	1.0	confident	Acinetobacter johnsonii	Bacteria
d64ff022-95e5-4f3c-9471-1a1e592550d6	40214	1.0	confident	Acinetobacter johnsonii	Bacteria
ac32d97c-35e6-4a7b-bf19-5e59b76f4ed4	40214	1.0	confident	Acinetobacter johnsonii	Bacteria
2ae521a2-4841-44ff-8b93-b334d404afc9	40214	1.0	confident	Acinetobacter johnsonii	Bacteria
846c2e93-7f0e-4dad-90fb-0557bbc291bd	40214	1.0	confident	Acinetobacter johnsonii	Bacteria
9176e9c3-aa91-4944-b60d-ee63f4f990ad	40214	1.0	confident	Acinetobacter johnsonii	Bacteria
d384ca1d-dd3c-41b9-9987-7201b00131bf	40214	1.0	confident	Acinetobacter johnsonii	Bacteria
a6119e49-ca1b-443b-9ccd-129a66af894e	40214	1.0	confident	Acinetobacter johnsonii	Bacteria
d6275d83-dbdb-478d-8da4-dbbfd1b39fea	40214	1.0	confident	Acinetobacter johnsonii	Bacteria
325538c7-7d78-4502-bf5c-70f08cee72e7	40214	1.0	confident	Acinetobacter johnsonii	Bacteria
0f6a5d81-7036-4258-ad50-04168d632955	40214	1.0	confident	Acinetobacter johnsonii	Bacteria
079a29b3-9b85-427c-aa2f-1e2e2a112a6f	40214	1.0	confident	Acinetobacter johnsonii	Bacteria
1ad3ff20-1b44-4525-af3c-9543ab4ac6cf	40214	1.0	confident	Acinetobacter johnsonii	Bacteria
48079db3-ce57-4a9e-bfb5-c1d9a95bbf17	40214	1.0	confident	Acinetobacter johnsonii	Bacteria
bcea3528-6387-4679-9172-ba64f726214d	40214	1.0	confident	Acinetobacter johnsonii	Bacteria
bd3b0ab9-c439-4bb8-a9b9-4c5129df2826	40214	1.0	confident	Acinetobacter johnsonii	Bacteria
a1a1177e-8eac-4cfd-872e-276e7aee9bba	40214	1.0	confident	Acinetobacter johnsonii	Bacteria
1cd16938-c708-4d66-87fb-4107d9e88fe7	40214	1.0	confident	Acinetobacter johnsonii	Bacteria
c8714c83-ac3e-459a-9e31-033f5d6ddf3d	40214	1.0	confident	Acinetobacter johnsonii	Bacteria
7e65aa41-1ad7-4cb1-be9e-c2418e1974e7	40214	1.0	confident	Acinetobacter johnsonii	Bacteria
02713fe6-f8cc-42f1-a54d-8653b5fd2b2d	40214	1.0	confident	Acinetobacter johnsonii	Bacteria
48da56d0-b44c-44b5-bd14-f27ecf1f382d	40214	1.0	confident	Acinetobacter johnsonii	Bacteria
3b562078-d457-451c-937d-ba95003f1028	40214	1.0	confident	Acinetobacter johnsonii	Bacteria
6a23b646-306a-4252-be6d-78c90337c387	40214	1.0	confident	Acinetobacter johnsonii	Bacteria
323774bf-77e5-49b2-a320-10a9eeffd56f	40214	1.0	confident	Acinetobacter johnsonii	Bacteria
eba504ab-41f7-4284-a921-da3eb8428dda	40214	1.0	confident	Acinetobacter johnsonii	Bacteria
fe12f04c-dcfe-4d9a-b6bd-4bfa4a3ec999	40214	1.0	confident	Acinetobacter johnsonii	Bacteria
478b7916-70a6-43c4-b150-6749ff5c5c81	40214	1.0	confident	Acinetobacter johnsonii	Bacteria
d8ef2212-34c0-402a-a8b6-bb5fc8b2fa02	40214	1.0	confident	Acinetobacter johnsonii	Bacteria
946a8524-cf9e-4575-973b-342c4609451b	40214	1.0	confident	Acinetobacter johnsonii	Bacteria
38f67f38-9b3f-4270-8cfd-4638cfc303ef	40214	1.0	confident	Acinetobacter johnsonii	Bacteria
8d8a2259-d925-4347-913a-177616eb911d	40214	1.0	confident	Acinetobacter johnsonii	Bacteria
e0868809-d7b8-46ac-9caf-fe7f44a07801	40214	1.0	confident	Acinetobacter johnsonii	Bacteria
9c0bb893-2e83-424b-95bc-bee8a128560c	40214	1.0	confident	Acinetobacter johnsonii	Bacteria
5c407e3a-5608-48d6-afdb-dc08ec164c13	40214	1.0	confident	Acinetobacter johnsonii	Bacteria
0c9c8613-41b2-4750-abef-b897ef1e4c9e	40214	1.0	confident	Acinetobacter johnsonii	Bacteria
6ff2d9ec-7977-49ad-86f4-38df6e509bd9	40214	1.0	confident	Acinetobacter johnsonii	Bacteria
d2c97157-4098-46fc-ae30-d8604a22953f	40214	1.0	confident	Acinetobacter johnsonii	Bacteria
83db4957-e65c-4566-bee3-1d727f2704ed	40214	1.0	confident	Acinetobacter johnsonii	Bacteria
975f9929-2134-48f5-b3a6-aa5317a73b93	40214	1.0	confident	Acinetobacter johnsonii	Bacteria
4895a99b-8081-4014-a415-ba10af30f1d9	40214	1.0	confident	Acinetobacter johnsonii	Bacteria
1d4b25f9-7a1e-4ef5-b917-4016cf8ae0b3	40214	1.0	confident	Acinetobacter johnsonii	Bacteria
c1d0ac98-ad77-4251-9aaf-c3122c5e3fa7	40214	1.0	confident	Acinetobacter johnsonii	Bacteria
66e96270-b198-4287-b2b0-d4a0ca61d633	40214	1.0	confident	Acinetobacter johnsonii	Bacteria
6d4d667b-a93f-4c95-9e84-48c3d5971add	40214	1.0	confident	Acinetobacter johnsonii	Bacteria
9bfa56a4-8a5e-458d-9783-c07e1fdf90f1	40214	1.0	confident	Acinetobacter johnsonii	Bacteria
46cc465e-6260-4316-9607-5ae60eff5f4c	40214	1.0	confident	Acinetobacter johnsonii	Bacteria
b3bb139a-21bf-40fe-ab2b-ad7d431a3517	40214	1.0	confident	Acinetobacter johnsonii	Bacteria
678e99d0-2b75-423e-a439-baf29fd914fe	40214	1.0	confident	Acinetobacter johnsonii	Bacteria
f913cff3-1b58-4c07-adba-fa236cf295cc	40214	1.0	confident	Acinetobacter johnsonii	Bacteria
fa94b1bc-3d97-4884-abe1-80a2f837999c	40214	1.0	confident	Acinetobacter johnsonii	Bacteria
cf46ed4d-1633-4afc-a963-cfd182c6030b	40214	1.0	confident	Acinetobacter johnsonii	Bacteria
c9825329-6da4-4d7b-a23d-6225ccb37133	40214	1.0	confident	Acinetobacter johnsonii	Bacteria
80bbeb98-5c00-49cc-bb06-704fe05244a4	40214	1.0	confident	Acinetobacter johnsonii	Bacteria
e4791ede-21b8-47b8-a544-66e8b4fc3004	40214	1.0	confident	Acinetobacter johnsonii	Bacteria
7b2cd4b5-0773-4b6d-8531-970ff2ec9688	40214	1.0	confident	Acinetobacter johnsonii	Bacteria
de397d57-ca79-45ac-a7f6-27ccd002aa80	40214	1.0	confident	Acinetobacter johnsonii	Bacteria
b282a0bc-81ac-4c16-9f12-a80d56f91631	40214	1.0	confident	Acinetobacter johnsonii	Bacteria
b9beedc3-df20-4956-be39-768c29d60cd3	40214	1.0	confident	Acinetobacter johnsonii	Bacteria
933060ac-c64d-4d10-a48e-2b60700300a0	40214	1.0	confident	Acinetobacter johnsonii	Bacteria
6d8e08ae-3388-478a-9ac5-2bc5a094122c	40214	1.0	confident	Acinetobacter johnsonii	Bacteria
21796242-a6ea-498c-86a2-d9d2fcc16301	40214	1.0	confident	Acinetobacter johnsonii	Bacteria
77a787f8-2bcf-4bda-a460-a6bb6cbf83c3	40214	1.0	confident	Acinetobacter johnsonii	Bacteria
6a7169bf-82fc-4c5a-8a96-56ae90313002	40214	1.0	confident	Acinetobacter johnsonii	Bacteria
23d64788-e9c1-4818-a209-26829e941f26	40214	1.0	confident	Acinetobacter johnsonii	Bacteria
1085daae-c56f-44a2-bbbc-20c79ac93d60	40214	1.0	confident	Acinetobacter johnsonii	Bacteria
163d33f8-b585-4c48-a92b-304512d0dc65	40214	1.0	confident	Acinetobacter johnsonii	Bacteria
acf83cb8-5073-48aa-a82c-a31ebe56ad7b	40214	1.0	confident	Acinetobacter johnsonii	Bacteria
24fcadcd-0607-4166-bc2c-7eeb81147b48	40214	1.0	confident	Acinetobacter johnsonii	Bacteria
f9203195-c910-4f0b-801a-a39e0106767f	40214	1.0	confident	Acinetobacter johnsonii	Bacteria
d293ba11-7858-4228-9ce9-20a357bee2f8	40214	1.0	confident	Acinetobacter johnsonii	Bacteria
07daacd5-e920-44aa-8cc1-7b792eccc576	40214	1.0	confident	Acinetobacter johnsonii	Bacteria
802241c2-e7b2-4a71-87d5-165cc7af34ac	40214	1.0	confident	Acinetobacter johnsonii	Bacteria
e7f764fe-2b27-489e-9547-f3412ac080d9	40214	1.0	confident	Acinetobacter johnsonii	Bacteria
226bf49d-14fd-4ae0-8255-58752efb45c3	40214	1.0	confident	Acinetobacter johnsonii	Bacteria
2290ba6d-55a7-4ed5-a5c1-01a1891b4bcc	40214	1.0	confident	Acinetobacter johnsonii	Bacteria
daaf564a-4656-4b29-99a5-077e6cd14272	40214	1.0	confident	Acinetobacter johnsonii	Bacteria
05290a84-a86d-4951-971c-64867bfc39ba	40214	1.0	confident	Acinetobacter johnsonii	Bacteria
5e58ad7b-b070-447d-9fa7-6310bc146849	40214	1.0	confident	Acinetobacter johnsonii	Bacteria
b938ebbf-fec8-4be1-9d13-ab9222a2e01e	40214	1.0	confident	Acinetobacter johnsonii	Bacteria
43dce8fd-f191-4b01-8922-d6bdf489bc60	40214	1.0	confident	Acinetobacter johnsonii	Bacteria
09115aff-92a6-445f-9f28-ffc0e6c5c6e0	40214	1.0	confident	Acinetobacter johnsonii	Bacteria
c3e01066-dc0a-44c0-adac-a9d204d0d80a	40214	1.0	confident	Acinetobacter johnsonii	Bacteria
184f1216-71a4-45f9-b077-e623b7ed7bbe	40214	1.0	confident	Acinetobacter johnsonii	Bacteria
03dce588-4dd6-44a7-ac15-c77b762006fa	40214	1.0	confident	Acinetobacter johnsonii	Bacteria
a669450b-d98c-4077-884c-53a0b8e0523a	40214	1.0	confident	Acinetobacter johnsonii	Bacteria
620f9f8b-aed1-4d5c-a838-c223dab25a9f	40214	1.0	confident	Acinetobacter johnsonii	Bacteria
c0ea2587-0749-4b5b-aee3-d2d26c0fb254	40214	1.0	confident	Acinetobacter johnsonii	Bacteria
0ebc7ab3-37a0-489d-9dbf-cbcd1fe68c32	40214	1.0	confident	Acinetobacter johnsonii	Bacteria
98da7499-282a-4bef-ab84-a4175384a4a2	40214	1.0	confident	Acinetobacter johnsonii	Bacteria
be742379-962e-4043-a15a-e327374fe319	40214	1.0	confident	Acinetobacter johnsonii	Bacteria
43faa2e1-fa33-46eb-be65-1e15ed07dea4	40214	1.0	confident	Acinetobacter johnsonii	Bacteria
2c41c170-6f4e-4a21-89cf-bb4dc473521a	40214	1.0	confident	Acinetobacter johnsonii	Bacteria
bf119e1c-810c-40b4-97e3-c3ee36b34f48	40214	1.0	confident	Acinetobacter johnsonii	Bacteria
29a3c536-70a8-4878-9313-d7f0944c91e6	40214	1.0	confident	Acinetobacter johnsonii	Bacteria
cac226e2-9da6-40b3-a442-efa1f7af0c17	40214	1.0	confident	Acinetobacter johnsonii	Bacteria
43aecc8a-d2a7-4a53-ae72-be5f55001231	40214	1.0	confident	Acinetobacter johnsonii	Bacteria
25101bd5-80df-4eb8-85ac-30cf81a1f127	40214	1.0	confident	Acinetobacter johnsonii	Bacteria
e8294958-ec2f-4880-8288-099c25ed65ef	40214	1.0	confident	Acinetobacter johnsonii	Bacteria
b9818ebf-b2c5-4780-8fa2-37e002e17b71	40214	1.0	confident	Acinetobacter johnsonii	Bacteria
85143771-b26e-4e19-84c8-eee6fdf5ba6a	40214	1.0	confident	Acinetobacter johnsonii	Bacteria
82c1393b-0249-4fd8-aaa1-cfdd4abc87d0	40214	1.0	confident	Acinetobacter johnsonii	Bacteria
503463eb-74c7-497b-930c-7d644af0f76b	40214	1.0	confident	Acinetobacter johnsonii	Bacteria
367d9b31-7c2d-415c-883b-fb0be5bdf8dc	40214	1.0	confident	Acinetobacter johnsonii	Bacteria
41f5e5c1-3e80-43b8-b8df-95fd257e97e5	40214	1.0	confident	Acinetobacter johnsonii	Bacteria
634f00e2-0dd4-4973-9179-1fbab90b96cb	40214	1.0	confident	Acinetobacter johnsonii	Bacteria
35849b3d-89ee-497c-8009-40d7671fcd8f	40214	1.0	confident	Acinetobacter johnsonii	Bacteria
6d3612a8-5286-4454-9ed0-5496881647a0	40214	1.0	confident	Acinetobacter johnsonii	Bacteria
f1ca8789-e42f-43e1-bbd7-438493c4de6c	40214	1.0	confident	Acinetobacter johnsonii	Bacteria
b85f9995-179f-4bb3-a309-c237c59e9399	40214	1.0	confident	Acinetobacter johnsonii	Bacteria
f4100642-18a0-4ee8-b109-14f9122c0521	40214	1.0	confident	Acinetobacter johnsonii	Bacteria
9ea48fe0-043f-467b-913e-6f33b916c995	40214	1.0	confident	Acinetobacter johnsonii	Bacteria
f4860cf6-c425-4cb2-b98f-91cffd10db37	40214	1.0	confident	Acinetobacter johnsonii	Bacteria
42c3a5b3-927b-416e-a5e8-d6f4e2fe789e	40214	1.0	confident	Acinetobacter johnsonii	Bacteria
4bcc8bb0-c78f-424f-a71f-3ff7fc8dfaac	40214	1.0	confident	Acinetobacter johnsonii	Bacteria
34b23325-e316-48cf-8c2c-6852f8ca1670	40214	1.0	confident	Acinetobacter johnsonii	Bacteria
3fa3d83f-2b35-4e60-a759-5a3686f013a8	40214	1.0	confident	Acinetobacter johnsonii	Bacteria
d8daeda7-3bf3-4bad-b95c-44d38e4f2b2c	40214	1.0	confident	Acinetobacter johnsonii	Bacteria
2e0f46e8-2a20-4e94-8d33-f8aab3705dd3	40214	1.0	confident	Acinetobacter johnsonii	Bacteria
428be5b3-271e-4b0e-ae31-8c9315524c15	40214	1.0	confident	Acinetobacter johnsonii	Bacteria
6a7b724a-96c9-49ff-bc2e-a915f4b79d93	40214	1.0	confident	Acinetobacter johnsonii	Bacteria
2f1c4497-fbf9-4cdb-b432-861628563d19	40214	1.0	confident	Acinetobacter johnsonii	Bacteria
f4228aa8-90bc-47b4-9723-dd691933e178	40214	1.0	confident	Acinetobacter johnsonii	Bacteria
302eff15-294e-4f11-89ea-c48c74ce4add	40214	1.0	confident	Acinetobacter johnsonii	Bacteria
10aa8ad3-2565-4c80-8aae-826ce5980ae3	40214	1.0	confident	Acinetobacter johnsonii	Bacteria
e509089e-cc62-4f99-bb40-7c8efdef7f6a	40214	1.0	confident	Acinetobacter johnsonii	Bacteria
3d99c96b-c0ab-4a3f-835c-ced5a8395059	40214	1.0	confident	Acinetobacter johnsonii	Bacteria
9f48e104-5918-45e6-bf8e-350babbe5d22	40214	1.0	confident	Acinetobacter johnsonii	Bacteria
b7a1da90-7ff8-4af4-af5a-3de18253ec05	40214	1.0	confident	Acinetobacter johnsonii	Bacteria
c1fc742e-10e3-44fc-9f69-08ea59b6d78b	40214	1.0	confident	Acinetobacter johnsonii	Bacteria
2fea5896-7099-4654-957b-29c2b0b6108c	40214	1.0	confident	Acinetobacter johnsonii	Bacteria
f771376b-42c0-49c1-b21b-e5f18d562434	40214	1.0	confident	Acinetobacter johnsonii	Bacteria
bac23700-1c2a-46d8-b0a9-259db13f00a0	40214	1.0	confident	Acinetobacter johnsonii	Bacteria
d87a3af7-1d63-4df9-8905-fa5430a87eec	40214	1.0	confident	Acinetobacter johnsonii	Bacteria
64a56a26-2d5f-44a7-8e43-145e5287d290	40214	1.0	confident	Acinetobacter johnsonii	Bacteria
9be7ba15-4878-4f0e-ba06-b506e5a50a5d	40214	1.0	confident	Acinetobacter johnsonii	Bacteria
835f7df9-5474-41ae-acc4-f1ce3e5d66ae	40214	1.0	confident	Acinetobacter johnsonii	Bacteria
76fbce67-a2dd-4a0a-b8f1-0db95ac3e40b	40214	1.0	confident	Acinetobacter johnsonii	Bacteria
de924212-5518-4f97-9118-66febd4498b7	40214	1.0	confident	Acinetobacter johnsonii	Bacteria
ea40bcbe-b210-433c-83b5-c7f0669213fb	40214	1.0	confident	Acinetobacter johnsonii	Bacteria
99a89dab-00c5-475d-897a-4bb7bccc0347	40214	1.0	confident	Acinetobacter johnsonii	Bacteria
a228cfa8-cdd1-40ec-8076-13b084f45ffd	40214	1.0	confident	Acinetobacter johnsonii	Bacteria
8bcc0c7e-d46e-412a-80d1-94f8b4029cc3	40214	1.0	confident	Acinetobacter johnsonii	Bacteria
45c2f749-b3f9-4c5b-afe1-8bb72eaa4f50	40214	1.0	confident	Acinetobacter johnsonii	Bacteria
4b34538d-7dda-414f-b053-063fd23987af	40214	1.0	confident	Acinetobacter johnsonii	Bacteria
1cff6ca6-1a89-4831-bdc3-13d1dff36528	40214	1.0	confident	Acinetobacter johnsonii	Bacteria
c1b6fa04-5339-43b9-b6f0-5fa30374222c	40214	1.0	confident	Acinetobacter johnsonii	Bacteria
2e959068-c014-4b89-b10d-d6ccdce31227	40214	1.0	confident	Acinetobacter johnsonii	Bacteria
2eef0e1a-403a-4b29-a241-21b83df88c86	40214	1.0	confident	Acinetobacter johnsonii	Bacteria
0d4a498b-2c4e-4200-b533-1aff49269381	40214	1.0	confident	Acinetobacter johnsonii	Bacteria
82b27ea3-24c1-47f2-a030-31e60ddd7890	40214	1.0	confident	Acinetobacter johnsonii	Bacteria
c2cc037d-8561-4f75-bbed-a2296478e880	40214	1.0	confident	Acinetobacter johnsonii	Bacteria
269949c0-e275-4b3b-9c4f-ab2d470e1dcd	40214	1.0	confident	Acinetobacter johnsonii	Bacteria
2013de03-d54f-425f-b009-c32e43198a7f	40214	1.0	confident	Acinetobacter johnsonii	Bacteria
d723c7e5-9ac6-487d-bd91-752a8666ddaf	40214	1.0	confident	Acinetobacter johnsonii	Bacteria
b6797b5c-ecda-4b16-b586-b049a8852391	40214	1.0	confident	Acinetobacter johnsonii	Bacteria
0cde7148-76c4-45bf-849a-df2f84907aec	40214	1.0	confident	Acinetobacter johnsonii	Bacteria
c976fe64-a4c3-4242-bdf4-7e2b38676046	40214	1.0	confident	Acinetobacter johnsonii	Bacteria
f61d46f3-fb12-475c-805b-b121a3c75c01	40214	1.0	confident	Acinetobacter johnsonii	Bacteria
569e8156-fa42-45ba-b96e-af5606459af4	40214	1.0	confident	Acinetobacter johnsonii	Bacteria
ad44c5d9-2b9d-489a-8aec-89dda769f69d	40214	1.0	confident	Acinetobacter johnsonii	Bacteria
5a58cb9c-f1d3-49ad-b6a8-258f60b1eecc	40214	1.0	confident	Acinetobacter johnsonii	Bacteria
56dc0f09-a72f-41d3-8e67-735c2f873bab	40214	1.0	confident	Acinetobacter johnsonii	Bacteria
637f766a-9dd0-4a1b-99b3-eb532d4d51ae	40214	1.0	confident	Acinetobacter johnsonii	Bacteria
c7fef307-de7a-4bc7-966f-495d4780cf79	40214	1.0	confident	Acinetobacter johnsonii	Bacteria
02197673-57ea-49f6-9015-ea57b32bfb1a	40214	1.0	confident	Acinetobacter johnsonii	Bacteria
707f5035-98f7-4d04-b85a-493cf692793a	40214	1.0	confident	Acinetobacter johnsonii	Bacteria
9eb32f56-bdd6-4b88-b9a8-40302894abe2	40214	1.0	confident	Acinetobacter johnsonii	Bacteria
2312ef83-4302-4f10-a64c-4af3ce8ce25a	40214	1.0	confident	Acinetobacter johnsonii	Bacteria
b2f12d63-6a57-428f-a893-6da3143f6ee9	40214	1.0	confident	Acinetobacter johnsonii	Bacteria
67a6a733-54ff-4af4-aa6f-80831a3e192f	40214	1.0	confident	Acinetobacter johnsonii	Bacteria
c66fa842-e789-4bfb-8458-3e35fceed5ba	40214	1.0	confident	Acinetobacter johnsonii	Bacteria
40f7dc1d-8846-467e-8222-06c3afaace76	40214	1.0	confident	Acinetobacter johnsonii	Bacteria
eaae11f1-0200-4792-8b56-cae0cfeafe4f	40214	1.0	confident	Acinetobacter johnsonii	Bacteria
b0be24da-fee3-4901-bad0-f0d5244a8a9d	40214	1.0	confident	Acinetobacter johnsonii	Bacteria
5c6ff6c0-4b9f-4bed-b1de-d55ba10b2666	40214	1.0	confident	Acinetobacter johnsonii	Bacteria
e04814a5-70b2-4b9f-93e6-38e820422af2	40214	1.0	confident	Acinetobacter johnsonii	Bacteria
a7244b81-dbac-4124-9fea-0b28e800f484	40214	1.0	confident	Acinetobacter johnsonii	Bacteria
fae1ecff-56c6-4bcc-a974-65d7f3e80153	40214	1.0	confident	Acinetobacter johnsonii	Bacteria
3f238553-fac0-41b9-b9c9-d8f251655258	40214	1.0	confident	Acinetobacter johnsonii	Bacteria
374d6578-6cde-4320-90c2-a669c93e32c2	40214	1.0	confident	Acinetobacter johnsonii	Bacteria
cacc1e6d-9b32-4cf6-b01d-556534b72b60	40214	1.0	confident	Acinetobacter johnsonii	Bacteria
1820399b-e41d-4b46-8e0d-3a14ab095c5e	40214	1.0	confident	Acinetobacter johnsonii	Bacteria
8f7e0590-e4fc-4cff-8ba1-4c23141563c4	40214	1.0	confident	Acinetobacter johnsonii	Bacteria
08bcaae1-ea45-4295-a39e-262c04a3cb13	40214	1.0	confident	Acinetobacter johnsonii	Bacteria
6e8dea0f-8f0c-4e70-9787-d38ef7d0bf99	40214	1.0	confident	Acinetobacter johnsonii	Bacteria
c70fa445-0a5a-43b1-ac8c-9607d050d97b	40214	1.0	confident	Acinetobacter johnsonii	Bacteria
f9e3ed3f-5cb3-46e6-a9cb-bfd509e4f844	40214	1.0	confident	Acinetobacter johnsonii	Bacteria
23afd3bb-3d91-457b-a666-246706e51d54	40214	1.0	confident	Acinetobacter johnsonii	Bacteria
0ce0d4df-1a60-4e96-a137-f6ddda99e8d3	40214	1.0	confident	Acinetobacter johnsonii	Bacteria
57dce988-13f2-47cf-8a62-cf11cf2a6b35	40214	1.0	confident	Acinetobacter johnsonii	Bacteria
282f2f6b-8b47-4b8a-99f9-5e90e659ae2f	40214	1.0	confident	Acinetobacter johnsonii	Bacteria
4a8ed320-0c1f-4743-aaca-005bfae2d039	40214	1.0	confident	Acinetobacter johnsonii	Bacteria
66801d8f-543f-4c41-8465-3fc8a4d53121	40214	1.0	confident	Acinetobacter johnsonii	Bacteria
94ec69a3-8597-4d60-baeb-75a2d66d9c62	40214	1.0	confident	Acinetobacter johnsonii	Bacteria
6baad79c-abb6-425d-a2e1-6b3cfa20dafa	40214	1.0	confident	Acinetobacter johnsonii	Bacteria
b7bce6ac-6bbd-49b6-a180-9222452a2789	40214	1.0	confident	Acinetobacter johnsonii	Bacteria
a7a7101b-ad4c-4c8f-b96d-3a293577d696	40214	1.0	confident	Acinetobacter johnsonii	Bacteria
bd9ec034-ec05-4d99-b390-97ac9ec79ee6	40214	1.0	confident	Acinetobacter johnsonii	Bacteria
c43cb5ab-11ed-486f-a70a-4b4dd1822cf4	40214	1.0	confident	Acinetobacter johnsonii	Bacteria
baea05ab-6c5c-452f-849c-aa40d90da48a	40214	1.0	confident	Acinetobacter johnsonii	Bacteria
985a360b-879f-4a2e-9652-236aa90397e5	40214	1.0	confident	Acinetobacter johnsonii	Bacteria
3039aeab-40bc-4551-914d-5c301848346b	40214	1.0	confident	Acinetobacter johnsonii	Bacteria
f506c833-c589-45cb-b906-efbc2627508b	40214	1.0	confident	Acinetobacter johnsonii	Bacteria
fb5fa469-fff4-4a6f-a513-cc4b5a2dc473	40214	1.0	confident	Acinetobacter johnsonii	Bacteria
bb69fab8-936a-4f10-8e0b-b421b5649258	40214	1.0	confident	Acinetobacter johnsonii	Bacteria
8fc9d467-d357-4e1e-9ba7-77a43f21a02c	40214	1.0	confident	Acinetobacter johnsonii	Bacteria
0575f5c3-5b72-4412-9f69-46695c085e58	40214	1.0	confident	Acinetobacter johnsonii	Bacteria
777af2ff-3bb9-4889-86f1-24fe3ce92c12	40214	1.0	confident	Acinetobacter johnsonii	Bacteria
a0629529-c156-4c4f-bc80-632b32c5b6ee	40214	1.0	confident	Acinetobacter johnsonii	Bacteria
26d63de1-2ff7-4867-99de-fd11350baeea	40214	1.0	confident	Acinetobacter johnsonii	Bacteria
2e7606af-1f07-4ffb-8cfd-5167e4009b49	40214	1.0	confident	Acinetobacter johnsonii	Bacteria
1daebb2f-f4eb-4797-bd46-eee33d51505c	40214	1.0	confident	Acinetobacter johnsonii	Bacteria
e980d529-125d-4e06-9858-6d9d50fe739c	40214	1.0	confident	Acinetobacter johnsonii	Bacteria
74fb8f61-0f75-4a85-956b-7be89aa0781b	40214	1.0	confident	Acinetobacter johnsonii	Bacteria
b9c4fd46-df9c-4d62-860c-a675dc340776	40214	1.0	confident	Acinetobacter johnsonii	Bacteria
76160da1-399d-4175-b4e4-ab8bd8358af1	40214	1.0	confident	Acinetobacter johnsonii	Bacteria
485b7742-ca86-45cf-8433-c2857a8bbcf6	40214	1.0	confident	Acinetobacter johnsonii	Bacteria
5e92ec4b-4cc4-4366-8ff5-750168ac325f	40214	1.0	confident	Acinetobacter johnsonii	Bacteria
5eba9354-2021-435b-bd46-629fdbc3eb73	40214	1.0	confident	Acinetobacter johnsonii	Bacteria
0b099a3b-d691-47cd-b6b1-3a0146007dbc	40214	1.0	confident	Acinetobacter johnsonii	Bacteria
3b652a5b-fe08-4562-8d1e-11fcadeece5f	40214	1.0	confident	Acinetobacter johnsonii	Bacteria
97c91f94-fc73-4ed6-86e6-52c21bc8a8e4	40214	1.0	confident	Acinetobacter johnsonii	Bacteria
3f834f76-7ab0-4138-8ed1-e7d864af8cba	40214	1.0	confident	Acinetobacter johnsonii	Bacteria
711fcfb0-4bf4-4bb6-9878-17b2026fe6ed	40214	1.0	confident	Acinetobacter johnsonii	Bacteria
9c66b505-83cd-408e-98ab-491566f5c524	40214	1.0	confident	Acinetobacter johnsonii	Bacteria
1919d31c-067c-42be-a2ec-1f8b4caaa8b1	40214	1.0	confident	Acinetobacter johnsonii	Bacteria
d659aef6-bfb8-4795-9952-4e3ddb3d9bb8	40214	1.0	confident	Acinetobacter johnsonii	Bacteria
8756a9d1-0ee8-44db-94b8-90b043d0adbb	40214	1.0	confident	Acinetobacter johnsonii	Bacteria
49f0c848-4a7f-412f-9de0-4b51ddfdaa24	40214	1.0	confident	Acinetobacter johnsonii	Bacteria
31f12f34-57de-49dc-b12b-f1984511c55d	40214	1.0	confident	Acinetobacter johnsonii	Bacteria
a5300e84-2667-47a3-b287-fc76393345e4	40214	1.0	confident	Acinetobacter johnsonii	Bacteria
f9678489-75b0-4bb1-bf32-3bc738540c72	40214	1.0	confident	Acinetobacter johnsonii	Bacteria
32aa0321-19c5-468e-bd1a-46059bee5db6	40214	1.0	confident	Acinetobacter johnsonii	Bacteria
d7d1b71d-a523-45ad-abaa-9d0ad57338e3	40214	1.0	confident	Acinetobacter johnsonii	Bacteria
0b651609-917a-4ded-ae4f-f7d3392e3fe1	40214	1.0	confident	Acinetobacter johnsonii	Bacteria
b7190f97-c806-4aa5-ac5f-ff14b9d924f1	40214	1.0	confident	Acinetobacter johnsonii	Bacteria
69d20a79-6670-41fd-ae0f-f54d3fb998bd	40214	1.0	confident	Acinetobacter johnsonii	Bacteria
e35be009-1aa2-4c9a-89a7-033195a977e7	40214	1.0	confident	Acinetobacter johnsonii	Bacteria
05cd9ef7-47be-46f8-bee2-e08c1a7cc7ed	40214	1.0	confident	Acinetobacter johnsonii	Bacteria
14ba6745-64f9-4343-a417-0ed6238a9068	40214	1.0	confident	Acinetobacter johnsonii	Bacteria
47a52e1e-90a1-4a1a-aecc-56e99ecf19c2	40214	1.0	confident	Acinetobacter johnsonii	Bacteria
a8e1541b-6e99-4c31-a4ff-1305e802f67b	40214	1.0	confident	Acinetobacter johnsonii	Bacteria
09f74ef2-b4c9-4df2-8ab9-b985a7da49d1	40214	1.0	confident	Acinetobacter johnsonii	Bacteria
88f88ce2-be6a-427a-8cb9-de13176e6532	40214	1.0	confident	Acinetobacter johnsonii	Bacteria
2c65dcb4-8336-4723-b8d7-2697b450de4d	40214	1.0	confident	Acinetobacter johnsonii	Bacteria
6ee3e551-67c1-467a-b845-a9918e40ef9d	40214	1.0	confident	Acinetobacter johnsonii	Bacteria
6866bde4-75ab-4942-b9bf-38a3d2aece91	40214	1.0	confident	Acinetobacter johnsonii	Bacteria
0004f5b7-8536-4e84-a2d7-5f00f5d389d3	40214	1.0	confident	Acinetobacter johnsonii	Bacteria
1996d5c9-7fd0-42ed-a2b3-1be3aadff272	40214	1.0	confident	Acinetobacter johnsonii	Bacteria
df0126a2-e061-4788-a712-4946cd00844f	40214	1.0	confident	Acinetobacter johnsonii	Bacteria
08be6657-5bc9-4603-b4e2-8a5637b7ada0	40214	1.0	confident	Acinetobacter johnsonii	Bacteria
b5d1ebcc-f335-4c4d-ba12-a8ec24331008	40214	1.0	confident	Acinetobacter johnsonii	Bacteria
f4c4ad60-fe5f-41a3-aaea-5d142b3ab985	40214	1.0	confident	Acinetobacter johnsonii	Bacteria
cdf29ec5-7bb2-4512-9814-4cbaf2bb6821	40214	1.0	confident	Acinetobacter johnsonii	Bacteria
bc50e3ba-c5de-4112-b838-c96eeb7a3d1c	40214	1.0	confident	Acinetobacter johnsonii	Bacteria
9e0e82f9-4313-4a32-9556-2b08173a3691	40214	1.0	confident	Acinetobacter johnsonii	Bacteria
bf77da82-6426-497b-844e-35d7639d694c	40214	1.0	confident	Acinetobacter johnsonii	Bacteria
7c285fed-a184-4a13-a4fb-2bff6651cf2e	40214	1.0	confident	Acinetobacter johnsonii	Bacteria
1f35f14e-7dc6-4e20-ac07-7039b1b754ea	40214	1.0	confident	Acinetobacter johnsonii	Bacteria
fc53b3c7-57d0-4de6-aeba-447c6f1a30f4	40214	1.0	confident	Acinetobacter johnsonii	Bacteria
bffeb82a-bd69-428b-ba40-f692aed9f28d	40214	1.0	confident	Acinetobacter johnsonii	Bacteria
f5e79bf0-25b1-4f31-97ac-4c45536c88ae	40214	1.0	confident	Acinetobacter johnsonii	Bacteria
88275a48-0dd9-47ba-afcb-3d2112730e76	40214	1.0	confident	Acinetobacter johnsonii	Bacteria
efcdf474-12c1-41db-a36a-c429ec5fad9e	40214	1.0	confident	Acinetobacter johnsonii	Bacteria
9c976f7d-9cf1-48d9-9777-64234b5501c1	40214	1.0	confident	Acinetobacter johnsonii	Bacteria
c1479f1d-c968-40b0-902f-bc48e86a7097	40214	1.0	confident	Acinetobacter johnsonii	Bacteria
171efc7c-b16a-4264-9e84-0d7d70255db1	40214	1.0	confident	Acinetobacter johnsonii	Bacteria
4c637ce2-2388-4c40-9711-7383957ca018	40214	1.0	confident	Acinetobacter johnsonii	Bacteria
10ea8cb2-8aff-4a8c-bbd1-03b44ee12b28	40214	1.0	confident	Acinetobacter johnsonii	Bacteria
c4cb7804-1ac2-4002-9d4e-1894d1feb713	40214	1.0	confident	Acinetobacter johnsonii	Bacteria
e35c9a98-0213-4c04-901a-316c1ed4d482	40214	1.0	confident	Acinetobacter johnsonii	Bacteria
017e0bb1-a4b2-44b6-9617-6b508b20e74b	40214	1.0	confident	Acinetobacter johnsonii	Bacteria
c43e1320-bbbb-4a98-a855-884b34509f41	40214	1.0	confident	Acinetobacter johnsonii	Bacteria
b4c38ded-96ae-4d99-b020-51b98d2dbf64	40214	1.0	confident	Acinetobacter johnsonii	Bacteria
ec066748-5fe5-4127-bf3d-8afa44ec2dc4	40214	1.0	confident	Acinetobacter johnsonii	Bacteria
3b6da49a-2709-4b93-a04d-661354fe5cd6	40214	1.0	confident	Acinetobacter johnsonii	Bacteria
087bf6e0-8d6c-4488-85f1-faba7782aa69	40214	1.0	confident	Acinetobacter johnsonii	Bacteria
f61db46e-c2c1-4dc0-9f07-f5117de9bb42	40214	1.0	confident	Acinetobacter johnsonii	Bacteria
bd88326b-4cfb-4b96-9f40-3ae074417b46	40214	1.0	confident	Acinetobacter johnsonii	Bacteria
4933e693-4121-44e8-8118-271c8ae9e126	40214	1.0	confident	Acinetobacter johnsonii	Bacteria
e0c99b0d-e71b-40a8-ab39-646699e2e76d	40214	1.0	confident	Acinetobacter johnsonii	Bacteria
6ae0f22a-2fa8-4c3b-9194-a48076b1838f	40214	1.0	confident	Acinetobacter johnsonii	Bacteria
d7f80bb7-2f82-40a2-9c0b-ff01d2da062a	40214	1.0	confident	Acinetobacter johnsonii	Bacteria
46f1e248-a70d-4114-a85b-abafc1b8e4ec	40214	1.0	confident	Acinetobacter johnsonii	Bacteria
215d0267-8f67-4c26-8555-9e01e045342b	40214	1.0	confident	Acinetobacter johnsonii	Bacteria
c06cc220-be6c-4a5b-b850-498a60eecc45	40214	1.0	confident	Acinetobacter johnsonii	Bacteria
e96a56bc-49cb-4d0b-9033-eab66f252b9a	40214	1.0	confident	Acinetobacter johnsonii	Bacteria
9d8bfc01-2616-4fb7-96b3-da5dc1420dfb	40214	1.0	confident	Acinetobacter johnsonii	Bacteria
35a0fcef-796d-4ebf-993f-622f114bf3fc	40214	1.0	confident	Acinetobacter johnsonii	Bacteria
b1c3cac0-8bf5-47ab-8931-ac852adb122e	40214	1.0	confident	Acinetobacter johnsonii	Bacteria
5d375923-4a18-41ba-a8bb-ed77e5c4a1c3	40214	1.0	confident	Acinetobacter johnsonii	Bacteria
6b9c6a10-97c5-40ee-9a37-8cd9a7358ea1	40214	1.0	confident	Acinetobacter johnsonii	Bacteria
be0ec4b7-864a-4d53-9b48-890b3ded525c	40214	1.0	confident	Acinetobacter johnsonii	Bacteria
adbb1eff-9829-48b0-ade8-fca5863d812f	40214	1.0	confident	Acinetobacter johnsonii	Bacteria
79f438e6-7529-426b-b28c-fc553919d027	40214	1.0	confident	Acinetobacter johnsonii	Bacteria
a18533af-35a3-47bc-b651-cd965fe91970	40214	1.0	confident	Acinetobacter johnsonii	Bacteria
b646443d-69ab-42f5-9772-1f26354b6464	40214	1.0	confident	Acinetobacter johnsonii	Bacteria
47378ba7-a7c6-423f-a152-3580b2e34514	40214	1.0	confident	Acinetobacter johnsonii	Bacteria
53f5cc88-5390-4ab3-87ff-5c6684d1a59f	40214	1.0	confident	Acinetobacter johnsonii	Bacteria
cfd40ced-2105-4748-94b0-e9afeee83bb5	40214	1.0	confident	Acinetobacter johnsonii	Bacteria
54ecad21-3d87-4102-8eb6-f86e86eb7a58	40214	1.0	confident	Acinetobacter johnsonii	Bacteria
dcfdba40-2b89-42ef-8648-b20b9be724e2	40214	1.0	confident	Acinetobacter johnsonii	Bacteria
c456b7fb-8653-430f-b4f0-7eb85e73cc5c	40214	1.0	confident	Acinetobacter johnsonii	Bacteria
1dcc4aba-9b01-4b7f-8efa-398a13dcac9e	40214	1.0	confident	Acinetobacter johnsonii	Bacteria
75b8a4cb-c1c1-468d-abab-b7430d7bff4e	40214	1.0	confident	Acinetobacter johnsonii	Bacteria
a9b40657-cc19-4d35-98f8-08acc7d1ee12	40214	1.0	confident	Acinetobacter johnsonii	Bacteria
16120a7c-a7d5-4933-981b-006608ceb852	40214	1.0	confident	Acinetobacter johnsonii	Bacteria
9678b186-af71-4fe0-98df-cf17072a50a8	40214	1.0	confident	Acinetobacter johnsonii	Bacteria
6df096e1-4696-4179-b62c-0f41a19b8545	40214	1.0	confident	Acinetobacter johnsonii	Bacteria
3293a97a-3c3c-4257-98c5-ece798320244	40214	1.0	confident	Acinetobacter johnsonii	Bacteria
f53f678e-fe26-40b8-95a5-4a1d6c8111d2	40214	1.0	confident	Acinetobacter johnsonii	Bacteria
0fae386b-601c-4cc5-aed9-5102e2d4b227	40214	1.0	confident	Acinetobacter johnsonii	Bacteria
121bbfc3-be46-4f74-9da6-6ac364618e36	40214	1.0	confident	Acinetobacter johnsonii	Bacteria
7c054bb6-716b-4924-be2f-c8c82156e3ad	40214	1.0	confident	Acinetobacter johnsonii	Bacteria
850bc71c-79ba-44f3-988a-01e4b915ccef	40214	1.0	confident	Acinetobacter johnsonii	Bacteria
0c7f6265-bf14-483d-b116-cc10f7b43528	40214	1.0	confident	Acinetobacter johnsonii	Bacteria
2e687263-df4e-470d-9319-1bb28745f7de	40214	1.0	confident	Acinetobacter johnsonii	Bacteria
4366967d-cca2-48c0-b04c-8ed328c314a7	40214	1.0	confident	Acinetobacter johnsonii	Bacteria
0fa67df9-8c9f-4ed5-9e05-8d98df3cbeb9	40214	1.0	confident	Acinetobacter johnsonii	Bacteria
e2c3e9e2-6e37-4a76-be35-2ab051e40680	40214	1.0	confident	Acinetobacter johnsonii	Bacteria
50f1ed45-4dd8-4a3b-a0f5-c5fe400e9bac	40214	1.0	confident	Acinetobacter johnsonii	Bacteria
a247cbd8-51c8-42b5-a88f-82155292b7c5	40214	1.0	confident	Acinetobacter johnsonii	Bacteria
27b16e09-d7b4-4247-ac2c-1829912e6ad0	40214	1.0	confident	Acinetobacter johnsonii	Bacteria
9b8a64b6-a5fe-4a85-83f9-973753e60dde	40214	1.0	confident	Acinetobacter johnsonii	Bacteria
91249714-c004-43fe-a1b5-4746fbf0df8b	40214	1.0	confident	Acinetobacter johnsonii	Bacteria
6d4c0f23-549e-405a-b5da-d9d1706373cf	40214	1.0	confident	Acinetobacter johnsonii	Bacteria
0e942323-ae0c-4a9d-8414-26f0a15d6140	40214	1.0	confident	Acinetobacter johnsonii	Bacteria
c13d3aad-f9ac-40b9-b21f-bc3374e0cb13	40214	1.0	confident	Acinetobacter johnsonii	Bacteria
df564f6c-28a1-44d5-bb6e-533fffa2604b	40214	1.0	confident	Acinetobacter johnsonii	Bacteria
90584069-c659-4947-8d36-3c88b886c538	40214	1.0	confident	Acinetobacter johnsonii	Bacteria
b62173a0-6a56-4762-9998-38f08eee36dc	40214	1.0	confident	Acinetobacter johnsonii	Bacteria
a96de2d6-896e-44d0-bda3-f4d28b1461e1	40214	1.0	confident	Acinetobacter johnsonii	Bacteria
f842dbf6-c61a-4222-a5bb-b56d2f765124	40214	1.0	confident	Acinetobacter johnsonii	Bacteria
f3ca13aa-d8f0-43ba-af30-f4f10cfed0a8	40214	1.0	confident	Acinetobacter johnsonii	Bacteria
36ca4037-4e99-4dbe-8a46-54897085691d	40214	1.0	confident	Acinetobacter johnsonii	Bacteria
5268e2f8-1bbf-402e-a27a-de470df38f83	40214	1.0	confident	Acinetobacter johnsonii	Bacteria
a39ca21d-0e3c-4bfd-b238-7638ae6df75c	40214	1.0	confident	Acinetobacter johnsonii	Bacteria
73553175-1d29-423b-84b5-1f3bc8ad3a49	40214	1.0	confident	Acinetobacter johnsonii	Bacteria
8b632dd6-5730-47b3-8c6b-02457ad45b0a	40214	1.0	confident	Acinetobacter johnsonii	Bacteria
818b2f06-7816-467b-b557-487f3c380d28	40214	1.0	confident	Acinetobacter johnsonii	Bacteria
3943ca2f-892f-414c-801f-a26535af9fe9	40214	1.0	confident	Acinetobacter johnsonii	Bacteria
75f3b894-02c8-4152-a75f-a8af8e8007eb	40214	1.0	confident	Acinetobacter johnsonii	Bacteria
524c7ac9-81b9-458f-a834-4a82ff10ff5d	40214	1.0	confident	Acinetobacter johnsonii	Bacteria
21db0bdd-519f-4780-8694-75a717a70dc9	40214	1.0	confident	Acinetobacter johnsonii	Bacteria
9a3d3d6f-9426-4389-b9c1-279a819c076c	40214	1.0	confident	Acinetobacter johnsonii	Bacteria
c7f67874-658c-464b-b2fa-ed0f45b7b05b	40214	1.0	confident	Acinetobacter johnsonii	Bacteria
4426db68-554d-4730-b1de-4da8fdeb3be7	40214	1.0	confident	Acinetobacter johnsonii	Bacteria
ac782858-8359-449f-a6b8-72115048bb03	40214	1.0	confident	Acinetobacter johnsonii	Bacteria
1385e2e7-73d1-4fbf-bdcf-8724e93153d7	40214	1.0	confident	Acinetobacter johnsonii	Bacteria
cbe8888d-4779-47e1-8498-2dadffcd1e8f	40214	1.0	confident	Acinetobacter johnsonii	Bacteria
34be3add-f8a4-4f41-8659-c1813665d1d3	40214	1.0	confident	Acinetobacter johnsonii	Bacteria
b8cd8974-431c-4156-9f46-868fd7386780	40214	1.0	confident	Acinetobacter johnsonii	Bacteria
ea5cee3d-61b0-415c-8424-2b7c40298b11	40214	1.0	confident	Acinetobacter johnsonii	Bacteria
1b4ff17d-3358-4c82-a78b-384ae7935665	40214	1.0	confident	Acinetobacter johnsonii	Bacteria
87a4f19e-83c2-460c-9810-16df593bcdbd	40214	1.0	confident	Acinetobacter johnsonii	Bacteria
1570e828-f6b2-41a6-837c-18de681d1193	40214	1.0	confident	Acinetobacter johnsonii	Bacteria
f9ba3f1a-edde-49ee-a497-ce74b61467ec	40214	1.0	confident	Acinetobacter johnsonii	Bacteria
ea6298fa-875d-4a35-90f4-a039976d6408	40214	1.0	confident	Acinetobacter johnsonii	Bacteria
4ea46e31-e785-4b45-be34-0835b3448e96	40214	1.0	confident	Acinetobacter johnsonii	Bacteria
7a58cb4d-c7f0-4fc9-9daf-b82b37b76b12	40214	1.0	confident	Acinetobacter johnsonii	Bacteria
c014dd7d-0114-4242-9ea2-9c27f2883b4f	40214	1.0	confident	Acinetobacter johnsonii	Bacteria
fbe9b5a0-f027-448e-a27d-58efe98229b4	40214	1.0	confident	Acinetobacter johnsonii	Bacteria
045d636e-7742-4057-b1cd-dbebd06f2ffd	40214	1.0	confident	Acinetobacter johnsonii	Bacteria
994101fc-e5c0-40e2-9428-3cee53e89bd7	40214	1.0	confident	Acinetobacter johnsonii	Bacteria
8503bfb2-3f6e-4172-85a0-a289233b6131	40214	1.0	confident	Acinetobacter johnsonii	Bacteria
d014a16c-5c22-430b-87fd-0833cf765db5	40214	1.0	confident	Acinetobacter johnsonii	Bacteria
98301e57-93d1-4566-952d-091b24bd2c85	40214	1.0	confident	Acinetobacter johnsonii	Bacteria
d733b598-8b09-4158-820e-9434155114e7	40214	1.0	confident	Acinetobacter johnsonii	Bacteria
766f4a5c-b959-456e-bb9e-8f82341a67ff	40214	1.0	confident	Acinetobacter johnsonii	Bacteria
f9fc90af-637a-4ff6-925d-0a82aa064e0c	40214	1.0	confident	Acinetobacter johnsonii	Bacteria
79831d23-aef4-419b-a550-634e1b523568	40214	1.0	confident	Acinetobacter johnsonii	Bacteria
7631653d-95a5-48cd-95ed-ba00dde3b528	40214	1.0	confident	Acinetobacter johnsonii	Bacteria
8264f6f0-9088-4e2e-824b-811ce3df0821	40214	1.0	confident	Acinetobacter johnsonii	Bacteria
a2472da8-b5d2-478f-86de-d97ff8a2b421	40214	1.0	confident	Acinetobacter johnsonii	Bacteria
0991dfcb-e5b3-4c90-adee-628ab671d1e7	40214	1.0	confident	Acinetobacter johnsonii	Bacteria
835294f0-bc22-4af1-a44c-9f995580f995	40214	1.0	confident	Acinetobacter johnsonii	Bacteria
d8aa0d53-f4ce-4768-a122-a5fd58c628da	40214	1.0	confident	Acinetobacter johnsonii	Bacteria
47d054fb-0402-4749-a572-67e7bf74b543	40214	1.0	confident	Acinetobacter johnsonii	Bacteria
09508714-62ac-4b93-8ec8-95c53d6107fa	40214	1.0	confident	Acinetobacter johnsonii	Bacteria
55000e3c-4c78-4257-a401-f49c1bdfb772	40214	1.0	confident	Acinetobacter johnsonii	Bacteria
db49e3ff-b12d-4f44-9723-5e797dc6dac8	40214	1.0	confident	Acinetobacter johnsonii	Bacteria
d062d957-7bcf-4b91-b3ed-bfbcce74512f	40214	1.0	confident	Acinetobacter johnsonii	Bacteria
10e2f789-3018-45d4-826a-a8744b33f8a8	40214	1.0	confident	Acinetobacter johnsonii	Bacteria
bccdcdb6-0d46-449d-ba18-fde137d98003	40214	1.0	confident	Acinetobacter johnsonii	Bacteria
609f73ba-ca9e-4ee3-ab1b-59009bb1fedf	40214	1.0	confident	Acinetobacter johnsonii	Bacteria
d99479dd-a944-4531-83a4-01257ed7602e	40214	1.0	confident	Acinetobacter johnsonii	Bacteria
2e21edbd-3d64-4525-86a6-4aee99851e11	40214	1.0	confident	Acinetobacter johnsonii	Bacteria
2a95a7b4-7f33-4275-80c7-643d86f67efe	40214	1.0	confident	Acinetobacter johnsonii	Bacteria
e3f1b0e6-93fb-4b68-9308-b04b37e891a6	40214	1.0	confident	Acinetobacter johnsonii	Bacteria
1e5ed489-ea07-42cd-89f7-32f084c89fc6	40214	1.0	confident	Acinetobacter johnsonii	Bacteria
fba20e80-4045-4bd9-9b3a-9d091c91b761	40214	1.0	confident	Acinetobacter johnsonii	Bacteria
317e6911-ab1e-45b4-9fe1-6bb3b8fec9f8	40214	1.0	confident	Acinetobacter johnsonii	Bacteria
f2363530-11a9-493c-8a2b-3cc92dda7f64	40214	1.0	confident	Acinetobacter johnsonii	Bacteria
f5899bc9-93ee-4ff7-8786-9f08f2a1fb97	40214	1.0	confident	Acinetobacter johnsonii	Bacteria
408d4f5c-f961-42a0-9fc1-80ed8ce98794	40214	1.0	confident	Acinetobacter johnsonii	Bacteria
3d1ba540-8aee-49d5-9367-b1cb2f183e1f	40214	1.0	confident	Acinetobacter johnsonii	Bacteria
ef7bef2b-8353-45e9-a6b3-5a5f13fc299c	40214	1.0	confident	Acinetobacter johnsonii	Bacteria
4f69d140-0e07-42c1-aa24-21a81d4d2c8c	40214	1.0	confident	Acinetobacter johnsonii	Bacteria
d16630bb-54aa-4901-81bc-56dd2cf3dd5e	40214	1.0	confident	Acinetobacter johnsonii	Bacteria
057d4233-020d-42eb-9f4f-f185407abf38	40214	1.0	confident	Acinetobacter johnsonii	Bacteria
52b7df00-f1bc-4caf-ae69-996fc56a6fe5	40214	1.0	confident	Acinetobacter johnsonii	Bacteria
e5837523-e291-4c8c-99db-e81c1de0e557	40214	1.0	confident	Acinetobacter johnsonii	Bacteria
ad7e10c2-df7d-4d05-ad52-76fdfc167b4b	40214	1.0	confident	Acinetobacter johnsonii	Bacteria
f0e8ba5e-db53-42d3-ba67-4845a888e86b	40214	1.0	confident	Acinetobacter johnsonii	Bacteria
6c5dfa8d-f7ea-4938-bc5e-c14862862b1d	40214	1.0	confident	Acinetobacter johnsonii	Bacteria
19a4d05a-6fc3-4115-997b-1c6f3ec2b584	40214	1.0	confident	Acinetobacter johnsonii	Bacteria
63766e16-afaa-4ca4-8979-ffd26e087095	40214	1.0	confident	Acinetobacter johnsonii	Bacteria
fe4ba075-50d4-46fc-a2e4-4d3b10a9ecc9	40214	1.0	confident	Acinetobacter johnsonii	Bacteria
d8e3fd00-8279-418b-afb3-4ed8ffb3594c	40214	1.0	confident	Acinetobacter johnsonii	Bacteria
39dcd481-ff20-4da2-b28b-983b5294beba	40214	1.0	confident	Acinetobacter johnsonii	Bacteria
e2581855-385a-463b-a532-86adefe7e521	40214	1.0	confident	Acinetobacter johnsonii	Bacteria
04453a05-8f09-4ef8-9259-731998929bf4	40214	1.0	confident	Acinetobacter johnsonii	Bacteria
0cc67dca-32be-4b41-a985-3e732c17cd99	40214	1.0	confident	Acinetobacter johnsonii	Bacteria
3778ccb8-fc3f-4b04-98b2-c927435e5485	40214	1.0	confident	Acinetobacter johnsonii	Bacteria
f1e2348b-8d35-44ed-9958-7c8439a545f0	40214	1.0	confident	Acinetobacter johnsonii	Bacteria
644622f8-3a36-4e02-a2a2-1fb9eca2ff3c	40214	1.0	confident	Acinetobacter johnsonii	Bacteria
2b0f6b78-8089-45dc-ab44-ffd53d0416cd	40214	1.0	confident	Acinetobacter johnsonii	Bacteria
06e2d4dd-7ec0-4560-aba5-2ce2806d34fb	40214	1.0	confident	Acinetobacter johnsonii	Bacteria
9245cfbe-02b6-4b81-b3b6-f09ea53ea00d	40214	1.0	confident	Acinetobacter johnsonii	Bacteria
cc4a157c-e427-469f-bf59-14b06136cceb	40214	1.0	confident	Acinetobacter johnsonii	Bacteria
882971a4-f287-4022-bef1-976a1c78fcea	40214	1.0	confident	Acinetobacter johnsonii	Bacteria
f2169fc8-2d33-4b2e-96b3-5745c992b381	40214	1.0	confident	Acinetobacter johnsonii	Bacteria
2c7a8a51-9443-44c3-8a34-d156ecd4bcfe	40214	1.0	confident	Acinetobacter johnsonii	Bacteria
c9d630d6-290e-4049-8c0a-c17605b52152	40214	1.0	confident	Acinetobacter johnsonii	Bacteria
d3250d5e-9328-4895-bf12-b2699ccb9148	40214	1.0	confident	Acinetobacter johnsonii	Bacteria
b0e28888-41cd-4635-badd-a1b6094fb9eb	40214	1.0	confident	Acinetobacter johnsonii	Bacteria
fc8706ac-6e65-4499-88c7-6142bcfa552f	40214	1.0	confident	Acinetobacter johnsonii	Bacteria
76969b53-535c-4f7b-891b-af80cbd69412	40214	1.0	confident	Acinetobacter johnsonii	Bacteria
5f70965f-bec0-4c6d-b0f7-fafe95397050	40214	1.0	confident	Acinetobacter johnsonii	Bacteria
1709de96-36a7-48f1-9dd8-6cb63fea185c	40214	1.0	confident	Acinetobacter johnsonii	Bacteria
ca60964c-46d8-4fa3-8606-0e5f51199aff	40214	1.0	confident	Acinetobacter johnsonii	Bacteria
4f5fc3e8-c406-4cac-baa5-58725e0929cc	40214	1.0	confident	Acinetobacter johnsonii	Bacteria
e1257716-7b81-4b8d-a6e7-b960c387e05b	40214	1.0	confident	Acinetobacter johnsonii	Bacteria
5f33b718-b13f-40a9-b77f-edf94dadc4e5	40214	1.0	confident	Acinetobacter johnsonii	Bacteria
c03f6595-e62f-475b-a3de-e8310fb462d2	40214	1.0	confident	Acinetobacter johnsonii	Bacteria
9c44e74d-94cc-458e-9cb6-29862e54a964	40214	1.0	confident	Acinetobacter johnsonii	Bacteria
4f109cb7-7169-400a-8961-2b7e6c53fc34	40214	1.0	confident	Acinetobacter johnsonii	Bacteria
b8e2da13-a4a2-4410-945f-ee7f5c47ba42	40214	1.0	confident	Acinetobacter johnsonii	Bacteria
0d5299d3-3e01-44cc-8028-fa2ddb261b2b	40214	1.0	confident	Acinetobacter johnsonii	Bacteria
e7c764c4-f6f0-43cd-b82f-2911df0b3407	40214	1.0	confident	Acinetobacter johnsonii	Bacteria
14dd14b5-6c6f-4f2c-af62-dad058c2f001	40214	1.0	confident	Acinetobacter johnsonii	Bacteria
2a913c55-636f-4b90-8252-ce1a248acf51	40214	1.0	confident	Acinetobacter johnsonii	Bacteria
f7f8dd79-5577-49dd-905d-e0e77e8b65da	40214	1.0	confident	Acinetobacter johnsonii	Bacteria
25b07a99-233d-4c77-bd2c-d5d5a0dd82ae	40214	1.0	confident	Acinetobacter johnsonii	Bacteria
9a07a5ee-97a2-47f7-a6f3-033667843a4d	40214	1.0	confident	Acinetobacter johnsonii	Bacteria
fca8f052-e537-4198-a061-fef2a85db6aa	40214	1.0	confident	Acinetobacter johnsonii	Bacteria
fce3b73e-9842-4fe8-b4c9-39c0328bb14e	40214	1.0	confident	Acinetobacter johnsonii	Bacteria
914e9933-f017-4f64-bb2f-3aaaf6d83b48	40214	1.0	confident	Acinetobacter johnsonii	Bacteria
bcbb8d7a-334f-4c48-8b49-c69181d17c4f	40214	1.0	confident	Acinetobacter johnsonii	Bacteria
d4005bdc-8eb6-4a3b-9d73-2e885e955829	40214	1.0	confident	Acinetobacter johnsonii	Bacteria
0bb2dcb5-38a6-4911-b2c5-1a0c58808b77	40214	1.0	confident	Acinetobacter johnsonii	Bacteria
13eeeb0f-6e55-4773-a946-0c66ef411584	40214	1.0	confident	Acinetobacter johnsonii	Bacteria
129cacb1-b885-454f-adc2-9e25bfead2aa	40214	1.0	confident	Acinetobacter johnsonii	Bacteria
8c6fa318-f236-4b9e-acbc-92d1360156d1	40214	1.0	confident	Acinetobacter johnsonii	Bacteria
7146fc10-9c58-4b3b-a08f-636fcf8139e7	40214	1.0	confident	Acinetobacter johnsonii	Bacteria
eef826de-5e49-4ca9-8536-3b4ccc933cda	40214	1.0	confident	Acinetobacter johnsonii	Bacteria
c6cb33c9-9432-44a4-9f5c-8a5ba284db4b	40214	1.0	confident	Acinetobacter johnsonii	Bacteria
3cc3fcce-4beb-4e25-ad20-72b535da114b	40214	1.0	confident	Acinetobacter johnsonii	Bacteria
757c1ed8-0b8f-4b74-9c01-f545d32813c2	40214	1.0	confident	Acinetobacter johnsonii	Bacteria
6930341a-5546-4a5c-80ed-9ef03bc2142a	40214	1.0	confident	Acinetobacter johnsonii	Bacteria
4cc6f58a-da58-4efe-8336-f7c22fb1c388	40214	1.0	confident	Acinetobacter johnsonii	Bacteria
dee1aa98-41cd-48b2-8877-57f40ee92c20	40214	1.0	confident	Acinetobacter johnsonii	Bacteria
ccafc54e-829e-4cf3-8bf8-a55b0e0a4ccd	40214	1.0	confident	Acinetobacter johnsonii	Bacteria
bbe996d3-9cf4-4f61-b5d7-7f68a65feae3	40214	1.0	confident	Acinetobacter johnsonii	Bacteria
f087d31c-2bfe-422f-a275-aec55da7b356	40214	1.0	confident	Acinetobacter johnsonii	Bacteria
e67e2fe8-0edf-4aab-a923-023f9baec6f9	40214	1.0	confident	Acinetobacter johnsonii	Bacteria
5b1ffb14-e94e-4ab3-ad63-eab724b67954	40214	1.0	confident	Acinetobacter johnsonii	Bacteria
02726890-22be-4bf6-a304-3961ee3b97b1	40214	1.0	confident	Acinetobacter johnsonii	Bacteria
f3649a91-4a55-4eaa-9488-47c694e0e253	40214	1.0	confident	Acinetobacter johnsonii	Bacteria
499e346e-86cd-46aa-8f82-3af3cf5ad353	40214	1.0	confident	Acinetobacter johnsonii	Bacteria
614ae997-c0e9-47b0-8b33-f1915349c572	40214	1.0	confident	Acinetobacter johnsonii	Bacteria
1ef76185-ee00-4fa8-92ce-e4f585830db8	40214	1.0	confident	Acinetobacter johnsonii	Bacteria
bd9b37f7-a24b-439a-8036-10a39c65763c	40214	1.0	confident	Acinetobacter johnsonii	Bacteria
9f4c7df1-444f-4bfb-9512-7c149ba960e4	40214	1.0	confident	Acinetobacter johnsonii	Bacteria
d1f70617-5d49-4dda-be37-461b8c4ee7a2	40214	1.0	confident	Acinetobacter johnsonii	Bacteria
896a2473-449c-43fd-9a5a-7522ef622ca0	40214	1.0	confident	Acinetobacter johnsonii	Bacteria
0a946de1-1c07-4c77-b635-f83f8c274838	40214	1.0	confident	Acinetobacter johnsonii	Bacteria
f64f7c36-34e3-4d79-a43d-3d3be5fed980	40214	1.0	confident	Acinetobacter johnsonii	Bacteria
2fb79db0-9cea-49a4-9a88-953533f04c0b	40214	1.0	confident	Acinetobacter johnsonii	Bacteria
2ecc9fc5-d54f-4413-9cca-94ba3e3a5a26	40214	1.0	confident	Acinetobacter johnsonii	Bacteria
67d546fc-9872-4b34-be3e-7026af870551	40214	1.0	confident	Acinetobacter johnsonii	Bacteria
d08bdda4-63bb-4597-8768-989788087f75	40214	1.0	confident	Acinetobacter johnsonii	Bacteria
c10ad613-f460-4d1b-a47c-f5232016c3b6	40214	1.0	confident	Acinetobacter johnsonii	Bacteria
9c4e6243-4881-49e1-8068-c9b57f7291a0	40214	1.0	confident	Acinetobacter johnsonii	Bacteria
16bc9d35-5edf-4d46-92ed-ad77a9c9f4f1	40214	1.0	confident	Acinetobacter johnsonii	Bacteria
ab743e05-3d6e-4fe9-8859-80e2790ecfe3	40214	1.0	confident	Acinetobacter johnsonii	Bacteria
1828b301-24d8-4d2b-b76b-a5beebfeab29	40214	1.0	confident	Acinetobacter johnsonii	Bacteria
5a02512b-a2ad-4857-b9f0-fb3097243b97	40214	1.0	confident	Acinetobacter johnsonii	Bacteria
f6ea4a90-bbb3-45a0-aa86-b3e6765f221f	40214	1.0	confident	Acinetobacter johnsonii	Bacteria
04b1a659-9d9f-4e6b-8939-1135ba030966	40214	1.0	confident	Acinetobacter johnsonii	Bacteria
70ace1d6-f8e5-47ab-b431-92e611937413	40214	1.0	confident	Acinetobacter johnsonii	Bacteria
7db9591e-170f-4177-b637-ab22bc5af2b2	40214	1.0	confident	Acinetobacter johnsonii	Bacteria
85f96793-6d1b-420b-921e-97bf6d112fb2	40214	1.0	confident	Acinetobacter johnsonii	Bacteria
b7e2faac-16fd-4b93-987b-b7c95646a9c8	40214	1.0	confident	Acinetobacter johnsonii	Bacteria
86bcf1fc-45f4-4e4e-bdce-86babd5f23d5	40214	1.0	confident	Acinetobacter johnsonii	Bacteria
b6d46ded-2957-44eb-b5a5-b57299eaf4da	40214	1.0	confident	Acinetobacter johnsonii	Bacteria
4b1272cc-bbeb-4000-af94-30257219ccf0	40214	1.0	confident	Acinetobacter johnsonii	Bacteria
906b03a5-9593-487b-8b09-4f758e3357c2	40214	1.0	confident	Acinetobacter johnsonii	Bacteria
79e677e9-79b3-456a-82b2-3aa74859b3a3	40214	1.0	confident	Acinetobacter johnsonii	Bacteria
e65b560f-18b8-4059-8b36-c1d305230883	40214	1.0	confident	Acinetobacter johnsonii	Bacteria
bce0b90e-c380-4423-a7e3-ebc13f2ee50a	40214	1.0	confident	Acinetobacter johnsonii	Bacteria
9ffd2945-3d49-41dc-a2af-2c5962056c1b	40214	1.0	confident	Acinetobacter johnsonii	Bacteria
93d3eab2-06fd-4aea-9e3b-9ef73e38dce7	40214	1.0	confident	Acinetobacter johnsonii	Bacteria
a04f345b-450a-4f65-bbd6-1f66155f6b78	40214	1.0	confident	Acinetobacter johnsonii	Bacteria
c7bb9a8c-b5ee-4d18-a0ce-a05bd6ece8dc	40214	1.0	confident	Acinetobacter johnsonii	Bacteria
66b013f8-b9ba-48ac-9d5c-17d592651def	40214	1.0	confident	Acinetobacter johnsonii	Bacteria
0cd294a7-39f1-43c8-89c7-f11bfbd13602	40214	1.0	confident	Acinetobacter johnsonii	Bacteria
92a624d8-328c-4732-9899-156b015547f9	40214	1.0	confident	Acinetobacter johnsonii	Bacteria
b8dee0d8-14c6-4dfa-94f5-ff07c3ba505a	40214	1.0	confident	Acinetobacter johnsonii	Bacteria
9b9514fd-52dd-4225-be2d-fd05fa65ebbd	40214	1.0	confident	Acinetobacter johnsonii	Bacteria
fd2fe386-96a5-4e06-a978-52da0d16587b	40214	1.0	confident	Acinetobacter johnsonii	Bacteria
1592c594-f8ad-4103-8f67-46051adcd1a5	40214	1.0	confident	Acinetobacter johnsonii	Bacteria
cb0cfe52-97c9-4e17-8a3e-8f3efe38dc4c	40214	1.0	confident	Acinetobacter johnsonii	Bacteria
6075d30e-a540-4210-b62d-136575d7c274	40214	1.0	confident	Acinetobacter johnsonii	Bacteria
47e6076e-507e-4c85-8543-2da0dc35d016	40214	1.0	confident	Acinetobacter johnsonii	Bacteria
b45ff0d1-36ee-431c-8ac3-c8da92aea214	40214	1.0	confident	Acinetobacter johnsonii	Bacteria
d241ae73-cca4-4b08-a7c0-3036e5ed70c3	40214	1.0	confident	Acinetobacter johnsonii	Bacteria
a7663842-9890-4d8d-aaa0-82b6bab7e170	40214	1.0	confident	Acinetobacter johnsonii	Bacteria
0d858e31-f0a7-47b7-a328-7dde12de9837	40214	1.0	confident	Acinetobacter johnsonii	Bacteria
f0d23c36-9e01-4898-9dfe-297e93f2048d	40214	1.0	confident	Acinetobacter johnsonii	Bacteria
c8ed20d3-dd6a-47a8-8ce9-cebdd473a2f4	40214	1.0	confident	Acinetobacter johnsonii	Bacteria
8aec739b-fd08-4378-af4f-955fb01f0db7	40214	1.0	confident	Acinetobacter johnsonii	Bacteria
5dd19e8e-4d65-43d9-97c7-3b6adbe8c8f0	40214	1.0	confident	Acinetobacter johnsonii	Bacteria
449311c6-e406-4807-b262-e0d09548d855	40214	1.0	confident	Acinetobacter johnsonii	Bacteria
492490cf-d143-49d9-835f-dda7b03085d9	40214	1.0	confident	Acinetobacter johnsonii	Bacteria
2c7c832f-8f2f-45e8-b5bb-e6b4b6541db5	40214	1.0	confident	Acinetobacter johnsonii	Bacteria
eb5f9bec-8bbd-49c2-8878-b03829e27ea5	40214	1.0	confident	Acinetobacter johnsonii	Bacteria
22d76f25-ccda-4edd-aa51-f891c54f4656	40214	1.0	confident	Acinetobacter johnsonii	Bacteria
58fa2308-f5bf-4751-923c-f3b4d731a0ee	40214	1.0	confident	Acinetobacter johnsonii	Bacteria
c1dde78e-3a20-4e5c-9b28-228ab00e18e1	40214	1.0	confident	Acinetobacter johnsonii	Bacteria
aafecbec-b716-4daa-aba1-317719bd6642	40214	1.0	confident	Acinetobacter johnsonii	Bacteria
a11efc8f-740a-4448-b086-c94b42e9a991	40214	1.0	confident	Acinetobacter johnsonii	Bacteria
a5e25065-db0d-4833-92c9-04c30f83d611	40214	1.0	confident	Acinetobacter johnsonii	Bacteria
c2776316-2c4e-411c-8a76-5a0481680561	40214	1.0	confident	Acinetobacter johnsonii	Bacteria
72c3e086-38b4-4eda-a1cf-8d433d6a61eb	40214	1.0	confident	Acinetobacter johnsonii	Bacteria
e4acf73b-a809-4b81-ac57-6644ba6a44f8	40214	1.0	confident	Acinetobacter johnsonii	Bacteria
97c6ca9b-7428-4441-bf23-fe669f1c587b	40214	1.0	confident	Acinetobacter johnsonii	Bacteria
6e796e24-f6b4-43fe-98e2-0fb4924b4d97	40214	1.0	confident	Acinetobacter johnsonii	Bacteria
97f76cba-edd5-4bcb-9eec-9b1ad96f0196	40214	1.0	confident	Acinetobacter johnsonii	Bacteria
c3c0e0c1-30a7-485e-a246-746fe790c363	40214	1.0	confident	Acinetobacter johnsonii	Bacteria
0bab83d1-ea30-4f45-8891-752118704978	40214	1.0	confident	Acinetobacter johnsonii	Bacteria
5dcb9ccd-f0be-4ae9-bd5c-a351485b175c	40214	1.0	confident	Acinetobacter johnsonii	Bacteria
6b6a487a-f813-4a91-b57f-8803e89deace	40214	1.0	confident	Acinetobacter johnsonii	Bacteria
5701aa99-c84a-4bcd-b12d-71a48a26156b	40214	1.0	confident	Acinetobacter johnsonii	Bacteria
1958a5d2-5073-4fb0-8991-5fa51b50c234	40214	1.0	confident	Acinetobacter johnsonii	Bacteria
d8dabe93-0d66-42f5-b617-125d23da5bf2	40214	1.0	confident	Acinetobacter johnsonii	Bacteria
c297da44-ce50-4059-9f00-8f93969ba936	40214	1.0	confident	Acinetobacter johnsonii	Bacteria
2da93477-f8ad-4644-8916-b9a4c91891c5	40214	1.0	confident	Acinetobacter johnsonii	Bacteria
7c17630b-697f-492c-8a28-97e21c454be9	40214	1.0	confident	Acinetobacter johnsonii	Bacteria
556953ca-8f6d-4f45-acf4-c75df2b0889c	40214	1.0	confident	Acinetobacter johnsonii	Bacteria
60556574-8d39-4653-8703-edc59e68be27	40214	1.0	confident	Acinetobacter johnsonii	Bacteria
adabd6fa-f825-4b51-8524-fb7104d63472	40214	1.0	confident	Acinetobacter johnsonii	Bacteria
7bf72ec5-6952-4dde-955b-586af182612f	40214	1.0	confident	Acinetobacter johnsonii	Bacteria
7a8b86b4-65db-4499-836b-ae37c885e920	40214	1.0	confident	Acinetobacter johnsonii	Bacteria
4f96a3f4-1e80-470e-abfa-9a901fa6d16c	40214	1.0	confident	Acinetobacter johnsonii	Bacteria
08f66ecd-6a19-422d-b915-7f58cb049bdc	40214	1.0	confident	Acinetobacter johnsonii	Bacteria
761aaa3c-beb4-45e5-9332-11466ac30342	40214	1.0	confident	Acinetobacter johnsonii	Bacteria
b5bfff9a-8292-4f17-8cff-cff08bb2b552	40214	1.0	confident	Acinetobacter johnsonii	Bacteria
d6a41232-cca4-4cbc-b25d-ca06698c3f52	40214	1.0	confident	Acinetobacter johnsonii	Bacteria
da1ab4b5-b3e0-43c5-86d1-334b3e8024f3	40214	1.0	confident	Acinetobacter johnsonii	Bacteria
1c171096-2af7-4a3a-bf1a-a7019d1dcc68	40214	1.0	confident	Acinetobacter johnsonii	Bacteria
e9179377-3ec9-4163-9250-fab457db5f90	40214	1.0	confident	Acinetobacter johnsonii	Bacteria
a97e45de-50ab-477b-a307-84257c7e16f4	40214	1.0	confident	Acinetobacter johnsonii	Bacteria
3e9e42e9-035c-428f-a442-d1bf99122ad2	40214	1.0	confident	Acinetobacter johnsonii	Bacteria
19e20182-f573-4de4-8717-0bcd40160a97	40214	1.0	confident	Acinetobacter johnsonii	Bacteria
e4c0c34f-2879-4870-a520-d332a05d12a7	40214	1.0	confident	Acinetobacter johnsonii	Bacteria
a1f34f83-a6ad-4e67-80d2-bc3015ea2e6f	40214	1.0	confident	Acinetobacter johnsonii	Bacteria
6fe173d0-e9e4-4741-bd76-e04825d4cba7	40214	1.0	confident	Acinetobacter johnsonii	Bacteria
bf19dc0e-231f-4952-bc76-56d32c5819e0	40214	1.0	confident	Acinetobacter johnsonii	Bacteria
d427957e-93ec-4d0c-a033-482598679074	40214	1.0	confident	Acinetobacter johnsonii	Bacteria
5dbc3942-b0dc-42fd-81b4-7e528422d99c	40214	1.0	confident	Acinetobacter johnsonii	Bacteria
9398418c-8cb4-4107-a554-0a67c09faf45	40214	1.0	confident	Acinetobacter johnsonii	Bacteria
db2e63a3-173a-4642-b81a-2da456e60df9	40214	1.0	confident	Acinetobacter johnsonii	Bacteria
c714c2f9-159f-4628-8dd8-f26e9a46a985	40214	1.0	confident	Acinetobacter johnsonii	Bacteria
14d95b76-9a30-4c8e-ac16-5476972b5f95	40214	1.0	confident	Acinetobacter johnsonii	Bacteria
af39ff84-e8ed-4230-a0cc-7e708c8f5962	40214	1.0	confident	Acinetobacter johnsonii	Bacteria
7fd543b2-cbf2-470e-b692-d295da7d461c	40214	1.0	confident	Acinetobacter johnsonii	Bacteria
1b47399e-1ab8-4930-9bcb-5bab93a312e0	40214	1.0	confident	Acinetobacter johnsonii	Bacteria
e684a0d0-5166-450f-b717-2d8274758183	40214	1.0	confident	Acinetobacter johnsonii	Bacteria
2f2ff61b-d6e7-4eb2-b343-cfc42a40ecde	40214	1.0	confident	Acinetobacter johnsonii	Bacteria
f3cb732d-97ab-4b78-b90a-0a9e0066ad3a	40214	1.0	confident	Acinetobacter johnsonii	Bacteria
6c238154-6260-4561-8e98-fbb17e14e48c	40214	1.0	confident	Acinetobacter johnsonii	Bacteria
0cb90a48-02ec-46af-8856-393ac86cde58	40214	1.0	confident	Acinetobacter johnsonii	Bacteria
77031020-34f3-4c4a-b302-c153ba809b04	40214	1.0	confident	Acinetobacter johnsonii	Bacteria
19334469-343d-43c1-bef9-964d9d37ad30	40214	1.0	confident	Acinetobacter johnsonii	Bacteria
df73accd-42b4-45b0-9a31-66a33ad419c0	40214	1.0	confident	Acinetobacter johnsonii	Bacteria
8314dc3e-70e7-4623-8bd3-c2040a380bfa	40214	1.0	confident	Acinetobacter johnsonii	Bacteria
67695665-0844-4266-93dc-53641c1de532	40214	1.0	confident	Acinetobacter johnsonii	Bacteria
59fc309f-d1ad-40f8-86ee-b70f9f5c3f63	40214	1.0	confident	Acinetobacter johnsonii	Bacteria
529275d6-6dcb-4bc6-994e-93602a193d98	40214	1.0	confident	Acinetobacter johnsonii	Bacteria
d82070d7-3759-4e84-894d-6176a9338a3a	40214	1.0	confident	Acinetobacter johnsonii	Bacteria
7c420917-3e5a-4abd-81f9-a78e52d52363	40214	1.0	confident	Acinetobacter johnsonii	Bacteria
0444b151-7833-4875-8c6a-8b8772d303c3	40214	1.0	confident	Acinetobacter johnsonii	Bacteria
96c1a8ed-2309-4322-b3b9-44c99205a943	40214	1.0	confident	Acinetobacter johnsonii	Bacteria
7d04bacf-9747-45d8-af62-a40b90104355	40214	1.0	confident	Acinetobacter johnsonii	Bacteria
75398fdd-dd65-4e04-9b95-5d8c244c31ef	40214	1.0	confident	Acinetobacter johnsonii	Bacteria
bcbc7911-f066-484d-b512-2d501b59baf3	40214	1.0	confident	Acinetobacter johnsonii	Bacteria
6780540c-0c0e-4fdc-811a-e94ec6e925e9	40216	1.0	confident	Acinetobacter radioresistens	Bacteria
6ca0e85c-6e83-425a-b520-09eb078131f0	40216	1.0	confident	Acinetobacter radioresistens	Bacteria
71fab217-8375-4acd-bfd7-b225c85a1e60	40216	1.0	confident	Acinetobacter radioresistens	Bacteria
9ddfc5a3-3a5c-4d38-8f20-f1c1b2b569d2	40216	1.0	confident	Acinetobacter radioresistens	Bacteria
fc6563a1-c17b-4d80-8a40-3d0abd7c715b	40216	1.0	confident	Acinetobacter radioresistens	Bacteria
ef95771b-1065-41e8-9641-a59c2763d7d0	40216	1.0	confident	Acinetobacter radioresistens	Bacteria
bf04cc31-a03a-415e-9abf-26b2f3933cdd	40216	1.0	confident	Acinetobacter radioresistens	Bacteria
597dfc13-fcf4-401f-b54c-631f73faf019	40216	1.0	confident	Acinetobacter radioresistens	Bacteria
70b4e5a8-057c-45a2-881b-392888d83e68	40216	1.0	confident	Acinetobacter radioresistens	Bacteria
dd6b8499-f1b0-4e78-836f-b90beec301b3	40216	1.0	confident	Acinetobacter radioresistens	Bacteria
2440ae30-0419-480f-ae43-af15f2cfcb15	40216	1.0	confident	Acinetobacter radioresistens	Bacteria
e3b890a5-615e-4713-aa29-292313a86ba2	40216	1.0	confident	Acinetobacter radioresistens	Bacteria
a3a53e16-fd39-4985-8d2b-f48e589bcd3a	40216	1.0	confident	Acinetobacter radioresistens	Bacteria
5c53c5bd-0b49-4c64-b7f2-2f4f7898c14a	40216	1.0	confident	Acinetobacter radioresistens	Bacteria
d27a4244-c26b-4a43-b7e4-fd873b9ea5be	40216	1.0	confident	Acinetobacter radioresistens	Bacteria
19ef515f-d094-4ebd-989f-69d4ac5f3c89	40216	1.0	confident	Acinetobacter radioresistens	Bacteria
e7af1e1b-190e-486a-b6bd-48da94e49f8a	40216	1.0	confident	Acinetobacter radioresistens	Bacteria
84e3fd5d-c8ce-4ded-91b2-4c257cce25b5	40216	1.0	confident	Acinetobacter radioresistens	Bacteria
7098413c-c0f8-49f4-a1c6-1474eb882fbb	40216	1.0	confident	Acinetobacter radioresistens	Bacteria
cad2ba86-b718-41bb-aabb-a0188a6cb72e	40216	1.0	confident	Acinetobacter radioresistens	Bacteria
e7515d0e-7ca3-4e9c-9224-7ed4ccdd7ab9	40216	1.0	confident	Acinetobacter radioresistens	Bacteria
1260f8e0-2021-445c-a104-7d2d0adab3cd	40216	1.0	confident	Acinetobacter radioresistens	Bacteria
e7a293f9-d626-4186-baf1-cd6d5eb7c8ef	40216	1.0	confident	Acinetobacter radioresistens	Bacteria
c17f9efa-d432-4a77-b011-d571638de20c	40216	1.0	confident	Acinetobacter radioresistens	Bacteria
f56cb435-52e0-432f-94d4-8854cedb9f9d	40216	1.0	confident	Acinetobacter radioresistens	Bacteria
ad0024a8-3d79-455c-8078-ce9ad1abd819	40216	1.0	confident	Acinetobacter radioresistens	Bacteria
c91a19cb-db25-4c28-8aab-bd9114008156	40216	1.0	confident	Acinetobacter radioresistens	Bacteria
02f40c01-3240-4a09-a5b2-4eeb547f9b87	40216	1.0	confident	Acinetobacter radioresistens	Bacteria
6114adcb-2959-424e-9688-7d3307087f8c	40216	1.0	confident	Acinetobacter radioresistens	Bacteria
5bc62ff2-2f21-4dcf-9e72-26fa2f3d2ad1	40216	1.0	confident	Acinetobacter radioresistens	Bacteria
fb82aafd-de49-4446-9d61-776e6a6a80d7	40216	1.0	confident	Acinetobacter radioresistens	Bacteria
16f656d0-46d4-4e48-a6b0-764f45515ee0	40216	1.0	confident	Acinetobacter radioresistens	Bacteria
cc0e357a-bb62-4837-89ff-66994264c2d2	40216	1.0	confident	Acinetobacter radioresistens	Bacteria
b0cf7f93-2b41-4230-a2f3-d40cf679692b	40216	1.0	confident	Acinetobacter radioresistens	Bacteria
067a86a3-84e0-47f4-873c-de9b315ed1f3	40216	1.0	confident	Acinetobacter radioresistens	Bacteria
b62cc026-9b70-4a57-bad4-dc07aae9238f	40216	1.0	confident	Acinetobacter radioresistens	Bacteria
c2ddc036-d45f-4fae-8f64-7615754a45ad	40216	1.0	confident	Acinetobacter radioresistens	Bacteria
cb6d166b-a2f3-440b-8156-1ef48a212011	40216	1.0	confident	Acinetobacter radioresistens	Bacteria
c8ff8232-2e5f-44de-8c29-f95f24eed1c5	40216	1.0	confident	Acinetobacter radioresistens	Bacteria
07be6794-6a50-4abf-81be-01afeb167e89	40216	1.0	confident	Acinetobacter radioresistens	Bacteria
d84651cb-1afa-4d6c-8ec5-91fd93c5715d	40216	1.0	confident	Acinetobacter radioresistens	Bacteria
5af059be-47d3-4e61-9a77-cf6f847d1827	40216	1.0	confident	Acinetobacter radioresistens	Bacteria
1096002f-ce27-4b35-a7bb-7f49fe46ed7f	40216	1.0	confident	Acinetobacter radioresistens	Bacteria
a806e519-33b9-40b7-a649-17dfc20c613b	40216	1.0	confident	Acinetobacter radioresistens	Bacteria
77d1bc2c-ef0b-4c8a-8555-b12bc0167ab8	40216	1.0	confident	Acinetobacter radioresistens	Bacteria
5d3e4054-cb3e-48af-a2b3-cbd67b918656	40216	1.0	confident	Acinetobacter radioresistens	Bacteria
4698fa43-a605-4691-8ae2-78df6eeee317	40216	1.0	confident	Acinetobacter radioresistens	Bacteria
6078b293-5775-4356-ada5-f51e6a633955	40216	1.0	confident	Acinetobacter radioresistens	Bacteria
aa693816-3180-4c7a-be2b-b5a23e893ab5	40216	1.0	confident	Acinetobacter radioresistens	Bacteria
7a0b6a73-bd46-4195-8ce8-a5b1489d0deb	40216	1.0	confident	Acinetobacter radioresistens	Bacteria
45fdfed0-aa16-4f90-8f3d-e4bd44f3b664	40216	1.0	confident	Acinetobacter radioresistens	Bacteria
29715cb3-4b76-4dac-9df9-720774a129dd	40216	1.0	confident	Acinetobacter radioresistens	Bacteria
64db9adc-9b42-4878-bcf1-b36b7492a98e	40216	1.0	confident	Acinetobacter radioresistens	Bacteria
47b1652d-cf3c-4a51-8fac-4b07dd657c13	40216	1.0	confident	Acinetobacter radioresistens	Bacteria
937e2235-c276-4c6d-acf8-3de8b0f77501	40216	1.0	confident	Acinetobacter radioresistens	Bacteria
42bcf2a9-57e8-416d-98c3-3d7da8e6c57c	40216	1.0	confident	Acinetobacter radioresistens	Bacteria
79ab1d53-557c-4503-ad7e-7ac102c02ed1	40216	1.0	confident	Acinetobacter radioresistens	Bacteria
458f0a53-b59d-4ee4-b64c-715615fee0d3	40216	1.0	confident	Acinetobacter radioresistens	Bacteria
34f4fa9b-d99e-482e-aaf2-af44f74e1ada	40216	1.0	confident	Acinetobacter radioresistens	Bacteria
3b3e85fb-2b51-4ac5-9f3f-d29f3e8ebcb7	40216	1.0	confident	Acinetobacter radioresistens	Bacteria
716c7e69-9269-43af-b4ca-31a754a2124a	40216	1.0	confident	Acinetobacter radioresistens	Bacteria
531eb41e-592c-4467-940c-78fbb11e26e6	40216	1.0	confident	Acinetobacter radioresistens	Bacteria
5ebaa4ad-efb8-47cf-8ee1-03347eb93c27	251051	1.0	confident	Pallidibacillus thermolactis	Bacteria
d26c8513-bd67-45eb-b025-c804684ed18f	251051	1.0	confident	Pallidibacillus thermolactis	Bacteria
45843f0b-e8c0-4719-9965-e1057636a8ff	251051	0.9999999998962918	high	Pallidibacillus thermolactis	Bacteria
ea35884b-a41f-4f61-a71f-98b1d8b92e04	251051	1.0	confident	Pallidibacillus thermolactis	Bacteria
f5cb56c6-9fe1-4f66-988d-513fccee9055	251051	1.0	confident	Pallidibacillus thermolactis	Bacteria
b371681c-a39f-4ac3-8494-de4b9eba8f77	251051	1.0	confident	Pallidibacillus thermolactis	Bacteria
f9ac6249-8329-46dc-8e81-b320a8773d70	251051	1.0	confident	Pallidibacillus thermolactis	Bacteria
77776c06-10ae-41cf-9925-2e7ed21e628b	251051	0.9999999997587536	high	Pallidibacillus thermolactis	Bacteria
e77bb806-a055-488a-9eb0-46f2ff89e84f	251051	1.0	confident	Pallidibacillus thermolactis	Bacteria
581c110e-5ccc-48c0-8747-d25fa49cda44	251051	1.0	confident	Pallidibacillus thermolactis	Bacteria
91febff3-e5e6-4209-bb72-4604c92a38c4	251051	1.0	confident	Pallidibacillus thermolactis	Bacteria
a7d07c7b-a537-40e0-ba41-a35f75370262	251051	1.0	confident	Pallidibacillus thermolactis	Bacteria
dccb083e-e79f-4dbb-b3f9-5618591dc186	251051	1.0	confident	Pallidibacillus thermolactis	Bacteria
56a970f7-687f-46f1-baa7-c57c6a20767f	251051	1.0	confident	Pallidibacillus thermolactis	Bacteria
bcc4c6a8-b1db-495d-853d-a6eac0379e9d	251051	1.0	confident	Pallidibacillus thermolactis	Bacteria
c34666cf-b28e-421e-a31d-61ec534db4c9	2703818	1.0	confident	Pallidibacillus pasinlerensis	Bacteria
b8b6370c-567d-4ec7-ae8b-280bba47c829	251051	1.0	confident	Pallidibacillus thermolactis	Bacteria
18ddab13-2044-4db8-9e18-bc2f6d20e5e2	2703818	1.0	confident	Pallidibacillus pasinlerensis	Bacteria
d7f69ed7-9505-49ea-860e-ecba5c141599	251051	1.0	confident	Pallidibacillus thermolactis	Bacteria
f0305f39-03dd-4905-b443-6426674061cc	251051	1.0	confident	Pallidibacillus thermolactis	Bacteria
c16776a7-19e4-44e0-b2f3-02508af84b44	2703818	1.0	confident	Pallidibacillus pasinlerensis	Bacteria
41a3eee3-52f3-4e8f-9341-14a5d7d8eb53	251051	1.0	confident	Pallidibacillus thermolactis	Bacteria
5078ce4b-d8cb-45cd-ae4d-6804d2cfae41	251051	1.0	confident	Pallidibacillus thermolactis	Bacteria
815658f9-6ad2-4fa2-a808-a5b2f3b8c681	2703818	1.0	confident	Pallidibacillus pasinlerensis	Bacteria
b28fcbf3-9036-46ea-9e16-623baf06c85e	251051	0.9999999999944316	high	Pallidibacillus thermolactis	Bacteria
994bd8fd-cb2e-4fb0-9e20-32a44396be8f	251051	1.0	confident	Pallidibacillus thermolactis	Bacteria
7b65ea26-6c93-4615-810f-32ca3f3c166b	251051	1.0	confident	Pallidibacillus thermolactis	Bacteria
be8be690-2105-4f2b-9301-a65f549fc4fc	251051	1.0	confident	Pallidibacillus thermolactis	Bacteria
92739357-5449-45d5-89d3-67b74fba22cd	251051	1.0	confident	Pallidibacillus thermolactis	Bacteria
3c6e9a8d-e8bb-4c05-a6f9-b7e51003419f	251051	1.0	confident	Pallidibacillus thermolactis	Bacteria
f5e1eef5-516a-4a16-b19a-ad03c719078a	251051	1.0	confident	Pallidibacillus thermolactis	Bacteria
256ff662-3bf5-4c77-a3ca-eeb302aa91e8	2703818	1.0	confident	Pallidibacillus pasinlerensis	Bacteria
cb7f5755-5da1-4fb6-b36a-c57e5c3ec91a	251051	1.0	confident	Pallidibacillus thermolactis	Bacteria
c5e6ee76-ea50-4809-9a42-b4c3e11b3798	251051	1.0	confident	Pallidibacillus thermolactis	Bacteria
44be4bc6-938a-4995-b6ae-b326ddc2a9cb	251051	1.0	confident	Pallidibacillus thermolactis	Bacteria
fa020a6e-a2e1-49b7-b73e-e404fcf5ee63	251051	0.9999999999996914	high	Pallidibacillus thermolactis	Bacteria
3e1b0c09-6f3b-4ab1-b7c5-c4b38ba723b4	251051	1.0	confident	Pallidibacillus thermolactis	Bacteria
fca0b7c4-63a5-4e81-90fc-9e4952ee0db7	251051	1.0	confident	Pallidibacillus thermolactis	Bacteria
b05d3601-d727-4d01-94e1-ed1d8640b57a	251051	1.0	confident	Pallidibacillus thermolactis	Bacteria
d54a007d-2134-464d-be5b-76e6ef9a033f	251051	1.0	confident	Pallidibacillus thermolactis	Bacteria
29d969fe-7183-428b-aa05-6c522dca27a2	251051	0.9999999999999514	high	Pallidibacillus thermolactis	Bacteria
aefac4ee-b3cb-4f52-8b8c-070745efb2f2	2703818	1.0	confident	Pallidibacillus pasinlerensis	Bacteria
c90230b9-a6b3-4512-8377-011b6740bbc9	251051	1.0	confident	Pallidibacillus thermolactis	Bacteria
4f0609bd-92dc-4ca0-8771-13bc3e5c8ec6	2703818	1.0	confident	Pallidibacillus pasinlerensis	Bacteria
bd155f5c-1ab3-478b-b804-e8f89eb7d50f	251051	1.0	confident	Pallidibacillus thermolactis	Bacteria
960a3639-d346-4aea-b304-5db63e67c84b	2703818	1.0	confident	Pallidibacillus pasinlerensis	Bacteria
3a128ee8-f2f0-49a4-a94c-2ae891659f37	251051	0.9999999999999628	high	Pallidibacillus thermolactis	Bacteria
48bb9f7e-2542-4fa8-817b-e704ee19d80c	251051	1.0	confident	Pallidibacillus thermolactis	Bacteria
878ffa8f-d906-45a7-a001-c6baaea76455	251051	1.0	confident	Pallidibacillus thermolactis	Bacteria
ff7d4a97-e509-4ce2-ba93-300a83add1d4	2703818	1.0	confident	Pallidibacillus pasinlerensis	Bacteria
e5c9334d-50f8-41b5-a975-17f23c59f21b	2703818	1.0	confident	Pallidibacillus pasinlerensis	Bacteria
db37c14d-7d59-434c-b0e4-2138a04f9c25	251051	1.0	confident	Pallidibacillus thermolactis	Bacteria
3815e40d-c18e-4eaf-8d66-2840c7563a04	251051	1.0	confident	Pallidibacillus thermolactis	Bacteria
c186295a-977d-4c86-8140-4841ce5c5089	251051	1.0	confident	Pallidibacillus thermolactis	Bacteria
ac51e931-7827-474a-9d75-b87bcd071520	2703818	1.0	confident	Pallidibacillus pasinlerensis	Bacteria
d37a6bd0-7cf3-4fc9-8493-f08314df3586	251051	1.0	confident	Pallidibacillus thermolactis	Bacteria
08df929a-bf0b-40ae-b631-191d53245b3f	2703818	1.0	confident	Pallidibacillus pasinlerensis	Bacteria
87fabd5f-6787-4dab-8beb-0452454f699f	251051	1.0	confident	Pallidibacillus thermolactis	Bacteria
c30c37af-f41c-49e3-864d-14085237760a	251051	1.0	confident	Pallidibacillus thermolactis	Bacteria
739117a5-a091-4f06-b868-1edb14a31795	2703818	1.0	confident	Pallidibacillus pasinlerensis	Bacteria
8d76da99-1576-4769-a896-2acbe9dfb95e	251051	1.0	confident	Pallidibacillus thermolactis	Bacteria
8e6fe3d2-1a44-473c-8eb3-926add8e0f3d	251051	1.0	confident	Pallidibacillus thermolactis	Bacteria
b26f732d-2dec-4a69-a4c0-d05e16f560c5	251051	1.0	confident	Pallidibacillus thermolactis	Bacteria
0c62b982-cc1b-4c67-b13f-4fa61efedc16	251051	1.0	confident	Pallidibacillus thermolactis	Bacteria
3ed97121-4d91-4274-9ae6-24e268746649	251051	1.0	confident	Pallidibacillus thermolactis	Bacteria
6a1cefc4-a208-4568-a393-6d9af46059ce	2703818	1.0	confident	Pallidibacillus pasinlerensis	Bacteria
ecbf93b0-024e-48f7-a15d-5b0514384da8	2703818	1.0	confident	Pallidibacillus pasinlerensis	Bacteria
26c607e3-0624-4eb0-b898-0d37ed61539d	251051	1.0	confident	Pallidibacillus thermolactis	Bacteria
43ddeaf7-5ec0-4f70-bafc-6f5a43ac6971	251051	1.0	confident	Pallidibacillus thermolactis	Bacteria
5b908d3f-acee-4b06-a36b-62b8a09ff0b6	251051	1.0	confident	Pallidibacillus thermolactis	Bacteria
11e9aca1-d736-4f7a-b2b2-0dce445cf1d3	251051	1.0	confident	Pallidibacillus thermolactis	Bacteria
ef4ad09c-84dd-45c4-ba9e-cc68c1f3ce88	251051	1.0	confident	Pallidibacillus thermolactis	Bacteria
6d53a4b9-8af5-4e48-ac34-5b64b98401f5	251051	1.0	confident	Pallidibacillus thermolactis	Bacteria
8938ab8a-b483-458b-aa21-82799f816d7d	251051	1.0	confident	Pallidibacillus thermolactis	Bacteria
47b6e600-1279-4668-9d8c-a482d8bd6725	2703818	1.0	confident	Pallidibacillus pasinlerensis	Bacteria
48ed519d-a14e-4f81-8c2e-7d5170775345	251051	1.0	confident	Pallidibacillus thermolactis	Bacteria
92ddd49a-ed4f-4919-b311-f0cf4ba1dc79	2703818	1.0	confident	Pallidibacillus pasinlerensis	Bacteria
70553d57-1573-4c68-8bfe-79ffb2ce015c	251051	1.0	confident	Pallidibacillus thermolactis	Bacteria
d995a1c7-6d77-451b-9d9d-afb357f2e8c7	251051	1.0	confident	Pallidibacillus thermolactis	Bacteria
c454f99f-9b69-479b-87ab-1a51493e3824	2703818	1.0	confident	Pallidibacillus pasinlerensis	Bacteria
176359af-7aad-4e57-999a-70a053b74d66	251051	1.0	confident	Pallidibacillus thermolactis	Bacteria
899ce6ff-2514-404a-ad71-4b27f305cf1d	2703818	1.0	confident	Pallidibacillus pasinlerensis	Bacteria
1e9716d8-7105-4c63-bf35-44cd1ae086cd	251051	1.0	confident	Pallidibacillus thermolactis	Bacteria
f89f9e9a-1ad4-4184-abd7-0caed007c110	251051	1.0	confident	Pallidibacillus thermolactis	Bacteria
62ca1fae-26f6-4007-8298-d159340c5090	251051	1.0	confident	Pallidibacillus thermolactis	Bacteria
f32b35a0-e4bd-4dfa-99e0-02ec86b38f0c	2703818	1.0	confident	Pallidibacillus pasinlerensis	Bacteria
cd43b68b-1c8a-40f8-b23f-ab487ae55ff6	251051	1.0	confident	Pallidibacillus thermolactis	Bacteria
b6477f05-01dc-41ce-8abf-1c555131f439	2703818	1.0	confident	Pallidibacillus pasinlerensis	Bacteria
b07712f1-5db5-48ff-a12c-ba127f4cfc6e	2703818	1.0	confident	Pallidibacillus pasinlerensis	Bacteria
ee6dc0fe-ce46-457d-ae0c-95bb3e4b894f	251051	1.0	confident	Pallidibacillus thermolactis	Bacteria
d3600140-2535-498d-93fe-02e96ab1f96a	251051	1.0	confident	Pallidibacillus thermolactis	Bacteria
b4a13ee6-e508-41bd-8a3e-9bf488ef0614	251051	1.0	confident	Pallidibacillus thermolactis	Bacteria
7e8d2158-2ff6-4f99-a67e-d99faf4a715b	2703818	1.0	confident	Pallidibacillus pasinlerensis	Bacteria
4e410149-e79f-4d6b-ba1c-bdcdaa0a0176	2703818	1.0	confident	Pallidibacillus pasinlerensis	Bacteria
6fe4b8f7-4345-4847-9c9e-1e49429f4af2	251051	1.0	confident	Pallidibacillus thermolactis	Bacteria
648c9618-482d-44a2-a748-3b7e84a03195	251051	1.0	confident	Pallidibacillus thermolactis	Bacteria
20a8dec0-5b1d-4b87-8623-fb5122216e86	251051	1.0	confident	Pallidibacillus thermolactis	Bacteria
4ce5cd51-5860-4bb9-9a6a-486257ecd1b1	251051	1.0	confident	Pallidibacillus thermolactis	Bacteria
faf0c521-04ca-488a-9020-c49430f0d4ca	251051	1.0	confident	Pallidibacillus thermolactis	Bacteria
8129a622-1d3f-4396-b17b-75858bcabbb6	2703818	1.0	confident	Pallidibacillus pasinlerensis	Bacteria
a3b2bc1b-3598-4063-a8b9-21f1c68ff5be	251051	1.0	confident	Pallidibacillus thermolactis	Bacteria
8e6b7e55-3004-4d81-99f6-94a3a7af2790	251051	0.999999999999998	high	Pallidibacillus thermolactis	Bacteria
e9b40394-8ebb-4ac5-8e92-f74c34feb099	2703818	1.0	confident	Pallidibacillus pasinlerensis	Bacteria
2f27933d-d478-44bf-9f2f-94cb51dc13c4	251051	1.0	confident	Pallidibacillus thermolactis	Bacteria
f6589894-ca5f-4bfb-8dcb-ea3220638fc1	251051	1.0	confident	Pallidibacillus thermolactis	Bacteria
bcaf6ea8-9741-4127-9b43-e24edd1a2f0b	251051	1.0	confident	Pallidibacillus thermolactis	Bacteria
9430e7fc-7118-476a-ade4-63c7745981a9	2703818	1.0	confident	Pallidibacillus pasinlerensis	Bacteria
e224129d-5a46-44dc-ae23-54657096e0c6	251051	1.0	confident	Pallidibacillus thermolactis	Bacteria
7d5fcb51-2865-4dba-9b3f-f4a080611283	251051	1.0	confident	Pallidibacillus thermolactis	Bacteria
b2c11c99-817b-4959-8df6-ee7e7656b574	251051	1.0	confident	Pallidibacillus thermolactis	Bacteria
b3e1f27a-b4bb-4072-87dd-4a54845cf66c	251051	1.0	confident	Pallidibacillus thermolactis	Bacteria
d942499a-1098-4839-b303-0f91266fb62b	2703818	1.0	confident	Pallidibacillus pasinlerensis	Bacteria
0ec0ebb3-bcd9-4836-a662-28ed74c95180	251051	1.0	confident	Pallidibacillus thermolactis	Bacteria
35844d74-3eb4-4dc7-bbba-02c5ce621cec	251051	1.0	confident	Pallidibacillus thermolactis	Bacteria
d0351ca3-c32e-4ea6-ad5b-c44a80a17652	251051	1.0	confident	Pallidibacillus thermolactis	Bacteria
d02bcec8-6e75-42b7-b5c0-696d9a37486e	251051	1.0	confident	Pallidibacillus thermolactis	Bacteria
35e860b7-8791-4a5c-9a6d-23738c6ab638	251051	1.0	confident	Pallidibacillus thermolactis	Bacteria
9b5e0882-0274-404f-9c94-b3e7ed9987de	251051	1.0	confident	Pallidibacillus thermolactis	Bacteria
58ec6f01-6bd6-49af-9305-9b7a3f3125d1	251051	1.0	confident	Pallidibacillus thermolactis	Bacteria
157f51ce-f58b-47c9-9525-6eb6418b7a5d	251051	1.0	confident	Pallidibacillus thermolactis	Bacteria
a7760565-7c1a-48ec-9124-c992857a7acf	2703818	1.0	confident	Pallidibacillus pasinlerensis	Bacteria
d1394bae-4132-48e8-aafe-fc3307f258e9	2703818	1.0	confident	Pallidibacillus pasinlerensis	Bacteria
122e4678-afc6-4c11-b94f-2d0b93abccba	2703818	1.0	confident	Pallidibacillus pasinlerensis	Bacteria
fc1984f9-559d-47ed-b1a8-ed0282c199eb	2703818	1.0	confident	Pallidibacillus pasinlerensis	Bacteria
f447c5ba-8b71-402d-95fb-40181fb3c499	251051	1.0	confident	Pallidibacillus thermolactis	Bacteria
b8299d12-7274-4335-9605-454b165e7a64	251051	1.0	confident	Pallidibacillus thermolactis	Bacteria
5659b968-26bf-48e0-877a-3dc083f10dc3	251051	1.0	confident	Pallidibacillus thermolactis	Bacteria
ef4184af-7122-4459-a877-43eb04cf95ad	251051	1.0	confident	Pallidibacillus thermolactis	Bacteria
c8fa1b60-656a-4eef-abd4-e7056543e3b3	251051	1.0	confident	Pallidibacillus thermolactis	Bacteria
2a7b5612-5092-414d-a236-fc2ad118441d	251051	1.0	confident	Pallidibacillus thermolactis	Bacteria
ad0be843-8bf7-4a95-9b3a-f2e475acac7d	251051	1.0	confident	Pallidibacillus thermolactis	Bacteria
4517300b-65eb-485f-a8c1-6cca5b32bd7e	251051	1.0	confident	Pallidibacillus thermolactis	Bacteria
b68f95b0-2697-44b9-b7ed-9b15ec7759f0	2703818	1.0	confident	Pallidibacillus pasinlerensis	Bacteria
98ead5c7-898c-444b-a971-3498616ce2e1	251051	1.0	confident	Pallidibacillus thermolactis	Bacteria
5c06bac2-c6d3-4f40-8860-1fdd175c5256	251051	1.0	confident	Pallidibacillus thermolactis	Bacteria
e65b1ee5-9735-431e-9eb1-2e214966a781	251051	1.0	confident	Pallidibacillus thermolactis	Bacteria
6e88fea0-4e78-432e-9bbf-c6283d874279	2703818	1.0	confident	Pallidibacillus pasinlerensis	Bacteria
3184b556-7c55-4381-9cc2-1616453966a7	251051	1.0	confident	Pallidibacillus thermolactis	Bacteria
81b33159-dada-4028-a693-53bab7d04a27	251051	1.0	confident	Pallidibacillus thermolactis	Bacteria
0d0d2a24-00b4-43ce-824b-a0277a33defd	251051	1.0	confident	Pallidibacillus thermolactis	Bacteria
030a619a-f33c-4376-be58-d28937619dc7	251051	1.0	confident	Pallidibacillus thermolactis	Bacteria
cad33167-eda8-4e07-931e-1eeaacce621b	251051	1.0	confident	Pallidibacillus thermolactis	Bacteria
d9c0c06c-25ae-4f06-b97e-285466dc2344	251051	1.0	confident	Pallidibacillus thermolactis	Bacteria
4e5362f7-38a4-471c-bae5-d4a3975d3394	251051	1.0	confident	Pallidibacillus thermolactis	Bacteria
78b03c3f-195b-4317-9659-b5be059fddf8	251051	1.0	confident	Pallidibacillus thermolactis	Bacteria
2c37b6aa-9933-4ce8-b2df-db5c5c0c7a3a	251051	1.0	confident	Pallidibacillus thermolactis	Bacteria
63c1321f-ec69-482b-9532-5a6263d45bca	251051	1.0	confident	Pallidibacillus thermolactis	Bacteria
f33edd79-35b2-42fd-8eff-3bce6819fb8c	251051	1.0	confident	Pallidibacillus thermolactis	Bacteria
d0353a05-dbbc-470f-8eb5-41908e57bf7c	251051	1.0	confident	Pallidibacillus thermolactis	Bacteria
536a283e-a8a7-4b40-8630-be45b6c2580d	2703818	1.0	confident	Pallidibacillus pasinlerensis	Bacteria
082d9542-539c-4015-89bd-a8ecaca2c66d	251051	1.0	confident	Pallidibacillus thermolactis	Bacteria
3b3d6255-578b-42cb-b8a9-1547b7ef1b1d	251051	1.0	confident	Pallidibacillus thermolactis	Bacteria
d02a7feb-97e3-4195-adb7-469437ae0009	251051	1.0	confident	Pallidibacillus thermolactis	Bacteria
17d4e90a-ca0b-424a-a43a-1831cd6750ec	2703818	1.0	confident	Pallidibacillus pasinlerensis	Bacteria
b706a92e-93d7-48b7-b402-fba15b5030f7	251051	1.0	confident	Pallidibacillus thermolactis	Bacteria
b9ae0c8f-0adc-43b2-98e6-e18c1be13cdc	2703818	1.0	confident	Pallidibacillus pasinlerensis	Bacteria
e993408d-6116-4d5c-acb1-efb0290f86ef	251051	1.0	confident	Pallidibacillus thermolactis	Bacteria
79a0beb8-8ced-444b-8e66-6db9423107ec	251051	1.0	confident	Pallidibacillus thermolactis	Bacteria
07721718-7d14-4bfb-b229-d882659f2f4e	251051	1.0	confident	Pallidibacillus thermolactis	Bacteria
b83c89cd-bbbe-456b-92bc-76d1bd71c49e	251051	0.9999999999527316	high	Pallidibacillus thermolactis	Bacteria
a212b912-c6f8-4bf7-926b-5e9beed4cbf4	251051	1.0	confident	Pallidibacillus thermolactis	Bacteria
8b61df8c-e8f4-4491-bd95-71c51ca40588	251051	1.0	confident	Pallidibacillus thermolactis	Bacteria
ad63189c-7dfd-4c4a-9a21-64d03328787b	251051	1.0	confident	Pallidibacillus thermolactis	Bacteria
bf8b479e-62f6-41bd-b61b-bc354a93f8be	251051	1.0	confident	Pallidibacillus thermolactis	Bacteria
23b3fbf5-b612-4036-8927-79cdc25664c1	251051	1.0	confident	Pallidibacillus thermolactis	Bacteria
9a34a564-0957-4502-b43a-6b64c222e9c6	251051	1.0	confident	Pallidibacillus thermolactis	Bacteria
f523c599-544d-430c-b777-7c1a4eb90219	251051	1.0	confident	Pallidibacillus thermolactis	Bacteria
88af29e5-536d-4335-a4f8-559ac2de37a1	251051	1.0	confident	Pallidibacillus thermolactis	Bacteria
6e8efbc1-75fa-4a4d-bf57-76c6c57bbd3a	2703818	1.0	confident	Pallidibacillus pasinlerensis	Bacteria
8b91bb6e-352f-466d-a83c-1586f0d9b2c0	251051	1.0	confident	Pallidibacillus thermolactis	Bacteria
0ffd07fd-5afd-4b71-a244-e6497a1748bf	251051	1.0	confident	Pallidibacillus thermolactis	Bacteria
358e8eac-6d7a-4469-9f08-1aaa2fe9122e	251051	0.9999999999990709	high	Pallidibacillus thermolactis	Bacteria
2878687d-c024-433c-8591-bcf72423b846	251051	1.0	confident	Pallidibacillus thermolactis	Bacteria
9e1f9c56-0df8-4bea-a474-f0ecc7243e65	251051	1.0	confident	Pallidibacillus thermolactis	Bacteria
f303f86a-ab77-4991-8295-960cfe57112d	251051	1.0	confident	Pallidibacillus thermolactis	Bacteria
9e0ca64f-c15e-4766-8c1a-b6e43917f503	251051	1.0	confident	Pallidibacillus thermolactis	Bacteria
e2819cb4-8bdf-4b88-973e-efd993f100ae	251051	1.0	confident	Pallidibacillus thermolactis	Bacteria
dbd13c3d-c392-4885-8ac6-a62b482094ef	251051	1.0	confident	Pallidibacillus thermolactis	Bacteria
af53425f-b643-45b0-a761-a1ae7182d02b	251051	1.0	confident	Pallidibacillus thermolactis	Bacteria
d734b6a7-4a2b-422f-bc9e-a3767ba12499	251051	1.0	confident	Pallidibacillus thermolactis	Bacteria
251188b9-c484-41bc-85da-2135cb0bd7d8	251051	1.0	confident	Pallidibacillus thermolactis	Bacteria
084fde9c-944f-4da7-b137-0e52d54196ab	251051	1.0	confident	Pallidibacillus thermolactis	Bacteria
bf430f3f-7438-4ecf-8f5f-c92ef4480cac	251051	1.0	confident	Pallidibacillus thermolactis	Bacteria
19a682fe-81c4-4a97-88be-f72d42778560	251051	1.0	confident	Pallidibacillus thermolactis	Bacteria
514a16f9-e765-4615-826b-d97cbd6205d2	251051	1.0	confident	Pallidibacillus thermolactis	Bacteria
04956b76-2f3b-42cc-bade-cf6427985761	251051	1.0	confident	Pallidibacillus thermolactis	Bacteria
b01ae1ce-53fd-427f-90c9-b3bf79a7b2ed	251051	1.0	confident	Pallidibacillus thermolactis	Bacteria
5c4a566d-d690-4a62-b6b4-b8c9bda11808	251051	1.0	confident	Pallidibacillus thermolactis	Bacteria
a4a7483c-3ff7-4849-979d-48ec273287dd	251051	1.0	confident	Pallidibacillus thermolactis	Bacteria
2859da02-05e1-4f91-8a29-6b62212258a1	251051	1.0	confident	Pallidibacillus thermolactis	Bacteria
d9ab3510-8cd4-4782-bd2d-4fa5784d7539	2703818	1.0	confident	Pallidibacillus pasinlerensis	Bacteria
687550ea-141c-413a-986f-274bc31717ed	251051	1.0	confident	Pallidibacillus thermolactis	Bacteria
d8d3906c-d6e3-44af-b05b-6487da7bee7d	2703818	1.0	confident	Pallidibacillus pasinlerensis	Bacteria
ee31eebd-ba9f-45c9-be76-14dd352f2535	251051	0.9999999999999996	high	Pallidibacillus thermolactis	Bacteria
2fe95290-1caf-4f59-888b-54ce31968f42	251051	1.0	confident	Pallidibacillus thermolactis	Bacteria
34a7845f-5dc8-43d7-b1e0-a1434953e6fd	2703818	1.0	confident	Pallidibacillus pasinlerensis	Bacteria
bc76256a-88a2-4683-88da-329e9287e12a	2703818	1.0	confident	Pallidibacillus pasinlerensis	Bacteria
4a65c2ba-789c-4693-b278-e8906f48a4ae	251051	0.9999999998960072	high	Pallidibacillus thermolactis	Bacteria
f0b6695b-ccc1-4185-b3de-dc799f9d86f9	251051	1.0	confident	Pallidibacillus thermolactis	Bacteria
91abe421-eaee-46e6-a4e4-d3c96edff57f	251051	1.0	confident	Pallidibacillus thermolactis	Bacteria
29ff264b-79be-4fdc-a0a8-b67b39b02622	251051	1.0	confident	Pallidibacillus thermolactis	Bacteria
af5c48f1-d954-4ec5-928b-8bad6f2a9080	251051	1.0	confident	Pallidibacillus thermolactis	Bacteria
2d97e17b-953b-485e-87fe-29af0e6998ce	2703818	1.0	confident	Pallidibacillus pasinlerensis	Bacteria
c0c5bf76-3a4e-409c-b817-7f08c99c5b79	251051	1.0	confident	Pallidibacillus thermolactis	Bacteria
f94ab876-f5de-4d4d-af00-1e609ba8ed50	251051	1.0	confident	Pallidibacillus thermolactis	Bacteria
0380bd68-dacc-43bd-975d-7ce00e4eff43	251051	1.0	confident	Pallidibacillus thermolactis	Bacteria
c9c3b612-d69f-4a07-a73a-241b074d5390	251051	0.999999999896544	high	Pallidibacillus thermolactis	Bacteria
80017e9f-cfbf-4888-ba7b-dbca1baaa247	251051	1.0	confident	Pallidibacillus thermolactis	Bacteria
ec7fe21f-302e-4314-ad78-1d25a0e46119	2703818	1.0	confident	Pallidibacillus pasinlerensis	Bacteria
73f7d4ed-cee7-4ef1-93d2-95c88f933bf7	251051	1.0	confident	Pallidibacillus thermolactis	Bacteria
5d33ded3-ef6f-4aa0-8f19-e379b5f03b64	2703818	1.0	confident	Pallidibacillus pasinlerensis	Bacteria
cfc4b949-535e-4118-a1eb-c04abf75edce	2703818	1.0	confident	Pallidibacillus pasinlerensis	Bacteria
6f4fad8f-c1cc-441c-b361-045f444d9d51	251051	1.0	confident	Pallidibacillus thermolactis	Bacteria
f1cd7861-ca32-48d8-a06c-a8bd15101fea	251051	1.0	confident	Pallidibacillus thermolactis	Bacteria
e0614dfb-165e-419a-908f-dbdb11c84b2f	2703818	1.0	confident	Pallidibacillus pasinlerensis	Bacteria
11ffd278-3dde-4441-a562-321c981b85c9	251051	1.0	confident	Pallidibacillus thermolactis	Bacteria
d2bd2437-74ca-4d4d-a84f-8b04a987bb35	2703818	1.0	confident	Pallidibacillus pasinlerensis	Bacteria
b05db12e-4610-423a-82cd-077c1390335d	2703818	1.0	confident	Pallidibacillus pasinlerensis	Bacteria
0a668711-2ba4-4419-b940-1f20e70e4e35	251051	1.0	confident	Pallidibacillus thermolactis	Bacteria
9cea3005-f1b3-4c87-b0dc-541535536dd9	251051	1.0	confident	Pallidibacillus thermolactis	Bacteria
0d9a377f-28bb-4b05-b941-49d7e524cc6e	251051	1.0	confident	Pallidibacillus thermolactis	Bacteria
f846fa49-d6a3-4ec4-be34-714a5d4daad6	251051	0.9999999999999852	high	Pallidibacillus thermolactis	Bacteria
1482beb2-0f7f-47aa-bcce-5421f65ac982	251051	1.0	confident	Pallidibacillus thermolactis	Bacteria
758f806f-7cb7-4d54-8c16-dfc6ec3e100e	251051	1.0	confident	Pallidibacillus thermolactis	Bacteria
477afb77-76bb-4624-9bdb-2739065f500a	251051	1.0	confident	Pallidibacillus thermolactis	Bacteria
64a870ac-a33d-4267-af1d-b34e360315aa	251051	1.0	confident	Pallidibacillus thermolactis	Bacteria
bdd79781-ce5e-4ccd-a106-f3cde79c5d0b	251051	1.0	confident	Pallidibacillus thermolactis	Bacteria
b5db7739-4ce1-4739-9b93-175ba2bb2f6b	2703818	1.0	confident	Pallidibacillus pasinlerensis	Bacteria
d2548527-dbc0-4135-ad59-5afde40031e0	251051	1.0	confident	Pallidibacillus thermolactis	Bacteria
ce0ce92b-98ae-4389-8402-298d0f0593b9	251051	1.0	confident	Pallidibacillus thermolactis	Bacteria
ee5500d0-a4bf-4b6a-82bb-d06285351b55	251051	1.0	confident	Pallidibacillus thermolactis	Bacteria
e1da2062-689a-43c1-bbf4-bb2fa05125fd	251051	1.0	confident	Pallidibacillus thermolactis	Bacteria
e6883be1-e9ca-47a3-be55-b7803c8ae312	251051	1.0	confident	Pallidibacillus thermolactis	Bacteria
78a8585f-b228-46e9-b136-09a38734f523	251051	1.0	confident	Pallidibacillus thermolactis	Bacteria
fa9b1a0a-a5fa-499d-852f-9f45007aa897	251051	1.0	confident	Pallidibacillus thermolactis	Bacteria
2d53a00a-9ec5-4a72-a694-25b9131efda7	251051	0.9999999999999998	high	Pallidibacillus thermolactis	Bacteria
7a3eef27-af54-436b-bb9c-51fe93a4b7c5	251051	1.0	confident	Pallidibacillus thermolactis	Bacteria
53efa7e5-103a-43f1-9518-f92fd21828c6	2703818	1.0	confident	Pallidibacillus pasinlerensis	Bacteria
b4126150-f79d-46b7-b106-39b6b489de3f	251051	1.0	confident	Pallidibacillus thermolactis	Bacteria
c5bfe9f4-3443-45de-807e-2a3a787fde7d	251051	1.0	confident	Pallidibacillus thermolactis	Bacteria
98c912e7-6e8f-4860-82ea-08e1f09f722e	251051	1.0	confident	Pallidibacillus thermolactis	Bacteria
5eb3a02a-d69e-47c9-8ebf-f5d8570edf69	251051	1.0	confident	Pallidibacillus thermolactis	Bacteria
d82eb3a4-7aa7-4150-b1bd-afa0a676d8e9	251051	1.0	confident	Pallidibacillus thermolactis	Bacteria
4d8ae9da-665c-440a-8c9a-56412a2191c6	2703818	1.0	confident	Pallidibacillus pasinlerensis	Bacteria
ec93484d-d1b6-436b-8f64-f01b25f746c4	251051	1.0	confident	Pallidibacillus thermolactis	Bacteria
ffacd632-c378-4331-940f-26d62d0e4dc0	251051	1.0	confident	Pallidibacillus thermolactis	Bacteria
508702c4-1f61-43d4-8dea-f8636d48c202	251051	1.0	confident	Pallidibacillus thermolactis	Bacteria
f48f86f0-7f68-4d4c-8ee1-04b1f6fcb4b2	251051	1.0	confident	Pallidibacillus thermolactis	Bacteria
049a9dda-80a4-401c-aa80-4a6c89b737d7	2703818	1.0	confident	Pallidibacillus pasinlerensis	Bacteria
e21aeeac-4ab8-422a-b209-5c6daa2249ec	251051	1.0	confident	Pallidibacillus thermolactis	Bacteria
95489cb4-8ccc-481f-97c1-752e276a7358	251051	1.0	confident	Pallidibacillus thermolactis	Bacteria
eefd8610-f91a-43ed-bb35-f2f835e78b7e	251051	1.0	confident	Pallidibacillus thermolactis	Bacteria
6f5e7fc3-f9a0-4c69-9e17-0800b6401276	251051	1.0	confident	Pallidibacillus thermolactis	Bacteria
299aa5f2-82d8-4ac1-9293-94f690ebfea2	2703818	1.0	confident	Pallidibacillus pasinlerensis	Bacteria
f11d454f-4a37-47d6-93e0-a366cdeca404	2703818	1.0	confident	Pallidibacillus pasinlerensis	Bacteria
232c1782-3cbc-4114-bfbb-513267d14a6d	251051	1.0	confident	Pallidibacillus thermolactis	Bacteria
ec0f7c76-e296-42ca-b0c6-5c57c53c9bcd	251051	1.0	confident	Pallidibacillus thermolactis	Bacteria
7a16da57-c477-46b1-b579-193dfcada6a5	251051	1.0	confident	Pallidibacillus thermolactis	Bacteria
92bec2d3-defc-482c-a053-bb18cec68c17	251051	0.9999999999996968	high	Pallidibacillus thermolactis	Bacteria
340d9564-21ae-41ff-94d7-8f64f3a04fe8	251051	1.0	confident	Pallidibacillus thermolactis	Bacteria
667d5b49-fefe-495b-8092-9d93641e2676	251051	1.0	confident	Pallidibacillus thermolactis	Bacteria
75285798-a775-4564-bd13-55e3eda2c999	2703818	1.0	confident	Pallidibacillus pasinlerensis	Bacteria
d47490e5-16ed-45bc-990e-e7d9336eca79	2703818	1.0	confident	Pallidibacillus pasinlerensis	Bacteria
4c4dfc6c-1b8e-4b30-847d-12761c550cce	251051	1.0	confident	Pallidibacillus thermolactis	Bacteria
1b0f69bc-b664-4e28-b07d-40ddaefe2cf9	2703818	1.0	confident	Pallidibacillus pasinlerensis	Bacteria
c8e84f8d-823a-462d-86cb-fe639281753a	2703818	1.0	confident	Pallidibacillus pasinlerensis	Bacteria
01f3d841-1cfa-4030-9c1f-5dae4952db28	251051	1.0	confident	Pallidibacillus thermolactis	Bacteria
d3bba2ba-a09c-4a21-82ec-25a5789e5d1b	2703818	1.0	confident	Pallidibacillus pasinlerensis	Bacteria
869abc62-d7a3-4d4a-aeb2-49951ecc2f48	251051	1.0	confident	Pallidibacillus thermolactis	Bacteria
95628e0c-9546-4f90-9a2b-b4a2244ee728	251051	1.0	confident	Pallidibacillus thermolactis	Bacteria
54f1b68b-ad29-44fa-a9a1-80b26e914cd3	2703818	1.0	confident	Pallidibacillus pasinlerensis	Bacteria
01386df3-287c-4ece-8514-32643091d55b	251051	1.0	confident	Pallidibacillus thermolactis	Bacteria
196d8981-bb5f-4c62-84bc-74e87e828e08	251051	1.0	confident	Pallidibacillus thermolactis	Bacteria
8c582054-be2d-4f16-8e2c-924c1b0680fb	251051	1.0	confident	Pallidibacillus thermolactis	Bacteria
1397ae53-afc5-414e-b85f-d77bfe115d57	2703818	1.0	confident	Pallidibacillus pasinlerensis	Bacteria
802f34ad-ea2d-4b7f-9d1d-1eb872b48fff	251051	0.9999999999997592	high	Pallidibacillus thermolactis	Bacteria
8be077f8-b895-4a31-baa2-42fdbab25997	251051	1.0	confident	Pallidibacillus thermolactis	Bacteria
7b3fae5b-7a44-44ef-83a8-3421ad6e897d	251051	1.0	confident	Pallidibacillus thermolactis	Bacteria
4e3d433d-e852-4d38-8622-aaa4ae7190e8	2703818	1.0	confident	Pallidibacillus pasinlerensis	Bacteria
8add1e55-0174-4a6c-8664-cf812edeb446	251051	1.0	confident	Pallidibacillus thermolactis	Bacteria
e773e534-35ca-49c3-b433-4abd46c85cca	2703818	1.0	confident	Pallidibacillus pasinlerensis	Bacteria
8d824953-3f71-496e-a6b8-9cc20a198292	251051	1.0	confident	Pallidibacillus thermolactis	Bacteria
54a1c3fd-f090-4ca9-b6ac-0ad65d20f7f1	251051	1.0	confident	Pallidibacillus thermolactis	Bacteria
931072be-f0fc-4503-afef-1a8688615e0c	251051	1.0	confident	Pallidibacillus thermolactis	Bacteria
76aa650f-6d65-4648-ae29-1a270364afb5	2703818	1.0	confident	Pallidibacillus pasinlerensis	Bacteria
64333a15-ec34-411a-865e-0b479593075e	251051	1.0	confident	Pallidibacillus thermolactis	Bacteria
8d36416e-b916-4bf8-9372-1e3c3a5fed45	251051	1.0	confident	Pallidibacillus thermolactis	Bacteria
e755a380-9894-4f7e-819d-e71a2df72b9a	2703818	1.0	confident	Pallidibacillus pasinlerensis	Bacteria
6289a986-25e0-4d13-91ef-1f83f5e974ea	251051	1.0	confident	Pallidibacillus thermolactis	Bacteria
52422c24-c4bb-4581-91a1-4f5ed799c8c9	251051	1.0	confident	Pallidibacillus thermolactis	Bacteria
c3939985-8e6f-4c01-b9e8-663d1221bbf2	251051	1.0	confident	Pallidibacillus thermolactis	Bacteria
a14582cf-e033-40c0-88a1-003293a657ac	2703818	1.0	confident	Pallidibacillus pasinlerensis	Bacteria
25aecff8-6769-4e1a-96a4-8f8f90bd5d9e	2703818	1.0	confident	Pallidibacillus pasinlerensis	Bacteria
fa13ace3-3d16-44f8-9491-89d6e64085a0	251051	1.0	confident	Pallidibacillus thermolactis	Bacteria
ef2d4781-9e1f-414a-a6ea-4bd465eeb50e	251051	1.0	confident	Pallidibacillus thermolactis	Bacteria
ff16b96a-2e6d-4a7f-a9bb-901bd676831b	2703818	1.0	confident	Pallidibacillus pasinlerensis	Bacteria
d82b79a7-c830-44bf-b3db-7a4636a6ac07	251051	1.0	confident	Pallidibacillus thermolactis	Bacteria
24b103db-e3f4-4b12-a454-617b26317597	251051	1.0	confident	Pallidibacillus thermolactis	Bacteria
b5375533-433a-4948-bd8c-2c9281eb1805	251051	1.0	confident	Pallidibacillus thermolactis	Bacteria
086a1f4a-cf4a-4891-a761-0ce42bf7d7b4	251051	1.0	confident	Pallidibacillus thermolactis	Bacteria
f1693eeb-bb94-4e42-b759-94e471b20ab0	251051	1.0	confident	Pallidibacillus thermolactis	Bacteria
63212691-f3ab-4af5-88ca-281d325affe7	251051	1.0	confident	Pallidibacillus thermolactis	Bacteria
2c75b9f9-2763-4e89-b353-4283f0343b3a	2703818	1.0	confident	Pallidibacillus pasinlerensis	Bacteria
752ffb31-e341-42fa-a389-1affd4642921	251051	1.0	confident	Pallidibacillus thermolactis	Bacteria
5da5febc-a805-4399-abbd-032719fcacf9	251051	1.0	confident	Pallidibacillus thermolactis	Bacteria
013485d1-242e-4b5a-bed9-75a6c2836c01	251051	1.0	confident	Pallidibacillus thermolactis	Bacteria
719e309d-6da4-4edc-bdb1-e0322bb575b2	251051	1.0	confident	Pallidibacillus thermolactis	Bacteria
328ff180-446d-448c-8ddd-e89cecdaa34e	2703818	1.0	confident	Pallidibacillus pasinlerensis	Bacteria
5aa08de7-de5b-4119-a806-67ad688b9991	251051	1.0	confident	Pallidibacillus thermolactis	Bacteria
cd63a307-63e8-4a0e-acef-ffafc111cef0	251051	1.0	confident	Pallidibacillus thermolactis	Bacteria
3f0bc7f5-c0de-40d9-ad71-148e5bd25c4c	251051	1.0	confident	Pallidibacillus thermolactis	Bacteria
b2cd90e8-7173-4446-a6d1-96b50de5d415	251051	1.0	confident	Pallidibacillus thermolactis	Bacteria
cf62d856-f365-4027-a13b-98a7775aaf34	2703818	1.0	confident	Pallidibacillus pasinlerensis	Bacteria
1185b00c-ba63-4b75-834c-909272aeadcd	251051	1.0	confident	Pallidibacillus thermolactis	Bacteria
6ecf1a68-908a-4834-866d-2ef733e0a215	251051	1.0	confident	Pallidibacillus thermolactis	Bacteria
35e5a790-7938-4653-8658-7b03db190550	251051	1.0	confident	Pallidibacillus thermolactis	Bacteria
ad810bd6-81d4-4c21-8a86-fe7787dfbd27	251051	1.0	confident	Pallidibacillus thermolactis	Bacteria
620bd2b6-c185-4b28-baeb-8931ad88196a	251051	1.0	confident	Pallidibacillus thermolactis	Bacteria
bd62d850-800b-441f-a7af-dae8a485d436	251051	1.0	confident	Pallidibacillus thermolactis	Bacteria
84f8287d-74c5-4324-ade5-478c436efdaa	251051	1.0	confident	Pallidibacillus thermolactis	Bacteria
80611d78-ad18-4aa6-8854-c541a057981a	251051	1.0	confident	Pallidibacillus thermolactis	Bacteria
df7ea4b2-2d6f-45f9-9f4c-85802aa9526e	251051	1.0	confident	Pallidibacillus thermolactis	Bacteria
9976a724-97f6-4e77-aeeb-9023634141c8	251051	1.0	confident	Pallidibacillus thermolactis	Bacteria
95d191cd-430c-42e9-af61-d1b06dfd46cc	251051	1.0	confident	Pallidibacillus thermolactis	Bacteria
20588fdc-036e-4285-aefa-1213f2304f05	251051	1.0	confident	Pallidibacillus thermolactis	Bacteria
e2abc6b0-2671-4181-829e-093fe98ec066	251051	1.0	confident	Pallidibacillus thermolactis	Bacteria
51be683f-d4fd-44ed-8599-f31f3ab01cc2	251051	1.0	confident	Pallidibacillus thermolactis	Bacteria
d2f985e0-5d19-4fdc-9315-13bd5f94217a	251051	1.0	confident	Pallidibacillus thermolactis	Bacteria
709cd9df-c4cd-4748-b9f3-13121bf445f1	2703818	1.0	confident	Pallidibacillus pasinlerensis	Bacteria
5bc3c2b1-f67b-46b4-9853-b12b202aa195	251051	1.0	confident	Pallidibacillus thermolactis	Bacteria
8828ddca-dc38-4b6c-8ea0-272c1aa4092e	251051	0.9999999999999998	high	Pallidibacillus thermolactis	Bacteria
37b3775d-5331-414b-a658-12e542cff2f5	251051	1.0	confident	Pallidibacillus thermolactis	Bacteria
a27a3b32-5551-4c73-899a-02366a3b902a	251051	1.0	confident	Pallidibacillus thermolactis	Bacteria
bf2f33d1-97e0-4d56-8df1-42736e163dcd	2703818	0.9999999999999878	high	Pallidibacillus pasinlerensis	Bacteria
65c5cf65-9251-49a6-81c9-6b84c6682c93	2703818	1.0	confident	Pallidibacillus pasinlerensis	Bacteria
9156b447-52ed-4c36-bfa4-9bbf40335008	251051	1.0	confident	Pallidibacillus thermolactis	Bacteria
f068800a-ff53-4f90-9a90-4967808e6984	251051	1.0	confident	Pallidibacillus thermolactis	Bacteria
fedfd216-1fa2-41ce-9625-e700c24a2433	251051	1.0	confident	Pallidibacillus thermolactis	Bacteria
662d1e17-7e85-4df0-91c3-c8d9e60ee7b8	251051	1.0	confident	Pallidibacillus thermolactis	Bacteria
d94290a3-67a7-4c2c-b4ee-4dfb88f0a082	251051	1.0	confident	Pallidibacillus thermolactis	Bacteria
6a54b303-e7ed-4bf0-8681-9a31fba98eb9	251051	1.0	confident	Pallidibacillus thermolactis	Bacteria
7ff678b8-5ad9-45f7-a7dd-5fe37b0ffb7b	251051	1.0	confident	Pallidibacillus thermolactis	Bacteria
95266983-0e7f-4299-8a9f-93a51ed03c20	251051	1.0	confident	Pallidibacillus thermolactis	Bacteria
b52a5443-1bfa-42f1-873c-d648d24d548a	251051	1.0	confident	Pallidibacillus thermolactis	Bacteria
82e6b79f-1d6a-440a-aeed-a6b4988b0928	251051	1.0	confident	Pallidibacillus thermolactis	Bacteria
2e042d5b-b73f-4826-968e-23819e330727	2703818	1.0	confident	Pallidibacillus pasinlerensis	Bacteria
e1d361b5-72f3-4efa-81a3-cf0b50c97e55	251051	1.0	confident	Pallidibacillus thermolactis	Bacteria
545a42a9-e883-40f1-aa9f-d3545e05cf11	251051	1.0	confident	Pallidibacillus thermolactis	Bacteria
1217f894-0671-4235-ba92-6cbdf2c64669	251051	1.0	confident	Pallidibacillus thermolactis	Bacteria
1e5ff9eb-7493-418b-bbda-ec81f7e13d6c	251051	1.0	confident	Pallidibacillus thermolactis	Bacteria
25afb27f-7ca2-4a89-85c5-d65bfb217176	251051	1.0	confident	Pallidibacillus thermolactis	Bacteria
3a5b6fd1-44fe-4ebf-b9c1-6ad6735592c2	2703818	1.0	confident	Pallidibacillus pasinlerensis	Bacteria
06a764a8-f429-4190-acef-343d2b2bf79f	251051	1.0	confident	Pallidibacillus thermolactis	Bacteria
05ad9df4-8df4-4588-9227-f56048cf63ae	251051	1.0	confident	Pallidibacillus thermolactis	Bacteria
99213678-3dcc-43a6-8e53-5241790fdb4e	251051	1.0	confident	Pallidibacillus thermolactis	Bacteria
f1e5485b-77ca-4f81-8f04-15c8c330929d	2703818	1.0	confident	Pallidibacillus pasinlerensis	Bacteria
bf2c264a-0f03-41df-bb12-613d4c9c9aa0	251051	1.0	confident	Pallidibacillus thermolactis	Bacteria
5cbbcf03-971d-45a3-a324-199b412ca165	251051	1.0	confident	Pallidibacillus thermolactis	Bacteria
6f48aabe-4967-4b94-9dd2-a1908b7666d3	251051	1.0	confident	Pallidibacillus thermolactis	Bacteria
53784045-10dd-4cd3-8fce-450571d4852e	2703818	1.0	confident	Pallidibacillus pasinlerensis	Bacteria
4da5e655-d9b8-4c61-918a-1d9d164b0283	251051	1.0	confident	Pallidibacillus thermolactis	Bacteria
d8b74348-6162-446a-9fe5-48ceb08ea3a4	251051	1.0	confident	Pallidibacillus thermolactis	Bacteria
396d5dad-46bd-4b0c-9f3c-39079aaf0823	251051	1.0	confident	Pallidibacillus thermolactis	Bacteria
8c934650-28a1-4cc1-813f-baae9158ac3e	251051	1.0	confident	Pallidibacillus thermolactis	Bacteria
71ca6e6e-0870-44a2-b827-5c7412950812	251051	1.0	confident	Pallidibacillus thermolactis	Bacteria
98690b4f-ef50-4a2f-9c9d-557831d6a799	251051	1.0	confident	Pallidibacillus thermolactis	Bacteria
acb61b7c-cb19-4b1d-b610-422c96e4781b	251051	1.0	confident	Pallidibacillus thermolactis	Bacteria
cfb577ab-1cca-4d29-ae72-4755bf53bab5	251051	1.0	confident	Pallidibacillus thermolactis	Bacteria
4d616135-35c2-4d43-96d5-cf290115aa4b	251051	1.0	confident	Pallidibacillus thermolactis	Bacteria
f8604c48-dbdc-48ec-ba4e-bcdb050f5bdb	251051	1.0	confident	Pallidibacillus thermolactis	Bacteria
4ad10f3e-f66a-4e72-a7af-a67877da5abc	251051	1.0	confident	Pallidibacillus thermolactis	Bacteria
f2a48b24-3fc7-4dbf-bff1-c3d02b65e7f9	2703818	1.0	confident	Pallidibacillus pasinlerensis	Bacteria
85f11834-b216-4c9b-a660-8ab5a2644cd8	251051	0.9999999999999928	high	Pallidibacillus thermolactis	Bacteria
e55699fc-e5f0-4a74-b427-625624573b03	251051	1.0	confident	Pallidibacillus thermolactis	Bacteria
1d2b8fbd-c2d2-4e03-aa33-bded5a088eb3	251051	1.0	confident	Pallidibacillus thermolactis	Bacteria
76e28d28-1a22-43ef-ac72-139c5bae8379	251051	1.0	confident	Pallidibacillus thermolactis	Bacteria
cd5ece7e-9f69-4cd8-9f3c-8830af25f53e	251051	1.0	confident	Pallidibacillus thermolactis	Bacteria
335856de-e1a0-4ae0-afcb-953098656e2c	251051	1.0	confident	Pallidibacillus thermolactis	Bacteria
2eda5af0-a05b-405b-b539-1d95487133d4	251051	1.0	confident	Pallidibacillus thermolactis	Bacteria
b7489292-c9bf-4e88-a3c3-b7194c3e8c77	251051	1.0	confident	Pallidibacillus thermolactis	Bacteria
e94ff53d-0d4b-4eaa-9122-91a0f41b26fc	251051	1.0	confident	Pallidibacillus thermolactis	Bacteria
066aee5f-0a75-490d-a7da-89695409697c	251051	1.0	confident	Pallidibacillus thermolactis	Bacteria
37cd98dc-53e2-4b5a-a49f-06001ceb2646	251051	1.0	confident	Pallidibacillus thermolactis	Bacteria
2be3d7e6-fa43-4af0-b2cc-89585f947d23	251051	1.0	confident	Pallidibacillus thermolactis	Bacteria
a454a2c3-efb9-4664-9735-624497012ee7	2703818	1.0	confident	Pallidibacillus pasinlerensis	Bacteria
09f2f781-ff87-4122-9c2a-d910bc89660f	251051	1.0	confident	Pallidibacillus thermolactis	Bacteria
24298001-19f5-455c-a5b5-727c59c46b6d	251051	1.0	confident	Pallidibacillus thermolactis	Bacteria
4509c408-4428-4488-903a-b90680fc9f23	251051	1.0	confident	Pallidibacillus thermolactis	Bacteria
6f56e2de-bfeb-4d87-a16b-1fa502d31c7d	251051	1.0	confident	Pallidibacillus thermolactis	Bacteria
f748693e-5b05-477a-bb66-af9a0627c614	251051	1.0	confident	Pallidibacillus thermolactis	Bacteria
89201c6e-5b90-44c9-8939-fe4a828d68f7	251051	1.0	confident	Pallidibacillus thermolactis	Bacteria
ab078e34-c4f7-4967-9068-acbd3311277d	251051	1.0	confident	Pallidibacillus thermolactis	Bacteria
6ab27a22-4126-403d-8ef1-3d2a74bf8981	251051	1.0	confident	Pallidibacillus thermolactis	Bacteria
4b505bc1-1f4a-417a-ba52-e5996ad976f2	251051	1.0	confident	Pallidibacillus thermolactis	Bacteria
cd0ac5f4-e3ae-442d-857a-504e8f7e6dd2	251051	1.0	confident	Pallidibacillus thermolactis	Bacteria
de9b7682-bb12-4a85-9ea0-73266603e163	251051	1.0	confident	Pallidibacillus thermolactis	Bacteria
dcc839a2-f1aa-4931-91f8-6d6cfea9cf86	251051	1.0	confident	Pallidibacillus thermolactis	Bacteria
3a0d9952-095b-453f-ac75-48fd1d813d15	251051	1.0	confident	Pallidibacillus thermolactis	Bacteria
fbb05b1c-4500-40ab-829c-4d28f8183428	251051	1.0	confident	Pallidibacillus thermolactis	Bacteria
21f37aee-dcd6-4502-b32d-935b46da4398	251051	1.0	confident	Pallidibacillus thermolactis	Bacteria
d11812d8-2e6e-4b47-9afa-479d7d1bae24	251051	1.0	confident	Pallidibacillus thermolactis	Bacteria
fb15f079-f6fd-40a6-a5b9-769bbf57445f	251051	1.0	confident	Pallidibacillus thermolactis	Bacteria
cc5a16b4-3df6-407c-af88-69c9b95cc619	251051	1.0	confident	Pallidibacillus thermolactis	Bacteria
4e7515f2-5a5a-4bbf-8ddf-11550b162ca2	251051	1.0	confident	Pallidibacillus thermolactis	Bacteria
005b0e48-4cf2-482c-a790-fcca5ae816b9	251051	1.0	confident	Pallidibacillus thermolactis	Bacteria
ce543c86-cf37-4209-b34a-39b6a8bf484b	251051	1.0	confident	Pallidibacillus thermolactis	Bacteria
68c63908-3f12-42c6-9318-ed1a9f92d406	251051	1.0	confident	Pallidibacillus thermolactis	Bacteria
384f4f1e-3b7f-4221-8059-e75ce313314c	251051	1.0	confident	Pallidibacillus thermolactis	Bacteria
68517bbb-0b40-4827-9cd5-4b71d32de4f4	251051	1.0	confident	Pallidibacillus thermolactis	Bacteria
f108e8a6-65b4-41b5-90c4-e1ed244a6f51	251051	1.0	confident	Pallidibacillus thermolactis	Bacteria
fc50d89d-28a2-4896-ae22-0d3471e2cb3f	251051	1.0	confident	Pallidibacillus thermolactis	Bacteria
082b0f85-bd87-4b65-90e0-af403996c1a4	251051	1.0	confident	Pallidibacillus thermolactis	Bacteria
56d2ca78-e375-4b53-9e9d-ec9a17ae098d	251051	1.0	confident	Pallidibacillus thermolactis	Bacteria
54a3be5b-efe3-4bbb-a693-fdfa8eb51461	251051	0.999999999991262	high	Pallidibacillus thermolactis	Bacteria
b454a722-fc8f-4cca-a0fe-957e2b97fa18	251051	1.0	confident	Pallidibacillus thermolactis	Bacteria
4227e2f2-8d1d-45b9-9b4e-32771ef03f3a	251051	1.0	confident	Pallidibacillus thermolactis	Bacteria
5e1519fc-3095-4b65-b6f1-ec8253423f8f	2703818	1.0	confident	Pallidibacillus pasinlerensis	Bacteria
80238ad4-cf53-48a3-a5d5-059d564d2453	251051	1.0	confident	Pallidibacillus thermolactis	Bacteria
e19263d5-66f6-4ddb-a655-f51cc2af32ac	251051	1.0	confident	Pallidibacillus thermolactis	Bacteria
fd26f913-5ed2-43e0-a92c-ac1c53ffbee7	1471761	1.0	confident	Novibacillus thermophilus	Bacteria
7c0696d3-18a0-4c75-a2f6-0169a247a5eb	1471761	1.0	confident	Novibacillus thermophilus	Bacteria
8f61e2aa-b292-4978-87a5-b309fe33154d	1471761	1.0	confident	Novibacillus thermophilus	Bacteria
e0b7864a-759c-4883-b4d3-c6766075dbd2	1471761	1.0	confident	Novibacillus thermophilus	Bacteria
abf6be19-99a1-4ed2-a3b7-1bf9062e696c	1471761	1.0	confident	Novibacillus thermophilus	Bacteria
cfcf44ca-3d41-45f2-ae0c-80f33405278a	1471761	1.0	confident	Novibacillus thermophilus	Bacteria
26c7f9c0-c1ab-4064-a9f3-1d3604c0a12b	1471761	1.0	confident	Novibacillus thermophilus	Bacteria
e3b21dce-f96b-49a8-998c-e261f51a461d	1471761	1.0	confident	Novibacillus thermophilus	Bacteria
58c6b297-55ca-49a5-b740-f1447d1cc242	1471761	1.0	confident	Novibacillus thermophilus	Bacteria
3f5ffd80-d169-4a1a-8c50-8df969526b01	1471761	1.0	confident	Novibacillus thermophilus	Bacteria
35317557-e202-4e65-be5b-22e4c566adb3	1471761	1.0	confident	Novibacillus thermophilus	Bacteria
77cb2802-bb1c-44b9-9c69-083fb58cec4b	1471761	1.0	confident	Novibacillus thermophilus	Bacteria
e01985d4-7701-4a02-bd2a-41c8a32fc0e1	1471761	1.0	confident	Novibacillus thermophilus	Bacteria
3d835321-d3f8-40ec-b8ad-7d40627515de	1471761	1.0	confident	Novibacillus thermophilus	Bacteria
0778222a-67d5-4b50-95b3-1c065499bdbb	1471761	1.0	confident	Novibacillus thermophilus	Bacteria
941564b0-954c-415e-b991-44a2f504755d	1471761	1.0	confident	Novibacillus thermophilus	Bacteria
e3e5618e-ffba-4140-a62d-32c54611e9bf	1471761	1.0	confident	Novibacillus thermophilus	Bacteria
c0cc8f65-4bae-4f86-83b7-9cc0c313718a	1471761	1.0	confident	Novibacillus thermophilus	Bacteria
309fdb05-7edb-40fc-9ecb-3724e937171a	1471761	1.0	confident	Novibacillus thermophilus	Bacteria
f4ba3b54-4a69-48ed-a32a-8b1c8353b661	1471761	1.0	confident	Novibacillus thermophilus	Bacteria
7d109c31-c53b-4b95-a9ea-e9bf9ce1d217	1471761	1.0	confident	Novibacillus thermophilus	Bacteria
c27c27f4-10e8-4038-b7f8-2a8ab341399e	1471761	1.0	confident	Novibacillus thermophilus	Bacteria
d0a959db-005d-4a77-a7aa-f691030c3abd	1471761	1.0	confident	Novibacillus thermophilus	Bacteria
7ff1e8a9-42ee-4759-8bb5-3c28175268e6	1471761	1.0	confident	Novibacillus thermophilus	Bacteria
a1fbb32c-ae7c-41ae-a393-88be00e25f6b	1471761	1.0	confident	Novibacillus thermophilus	Bacteria
3d8c368f-e2d4-4d6a-b04c-4cfe9cf24f1b	1471761	1.0	confident	Novibacillus thermophilus	Bacteria
cba8eb58-040c-42b4-bbf7-a095ee1068ae	1471761	1.0	confident	Novibacillus thermophilus	Bacteria
24fe658b-fe5b-401b-b3e5-16c05c6f6868	1471761	1.0	confident	Novibacillus thermophilus	Bacteria
b31586dc-151f-4160-96ea-8d7a14d151b9	1471761	1.0	confident	Novibacillus thermophilus	Bacteria
3ef23f16-ca5e-4a6f-b0b1-631e5269f98b	1471761	1.0	confident	Novibacillus thermophilus	Bacteria
db5998ad-acbd-4fc9-8993-831907290353	1471761	1.0	confident	Novibacillus thermophilus	Bacteria
8a14c800-8dad-43d0-b62a-b59567ec5fd9	1471761	1.0	confident	Novibacillus thermophilus	Bacteria
4caeaf1d-4121-41f7-972c-0e5010b430a2	1471761	1.0	confident	Novibacillus thermophilus	Bacteria
5381a8c9-00f8-41c8-92ff-9a59f5cfce2e	1471761	1.0	confident	Novibacillus thermophilus	Bacteria
62cf0f0b-9647-47e3-8d60-fa6c47df691e	1471761	1.0	confident	Novibacillus thermophilus	Bacteria
12ba6df3-dd1e-4da7-8d08-9c44febc49c8	1471761	1.0	confident	Novibacillus thermophilus	Bacteria
df5c3775-a8c7-46ad-aa94-caefe2487445	1471761	1.0	confident	Novibacillus thermophilus	Bacteria
31b1d8f9-1b83-4df3-b47b-f7691c9b3d60	1471761	1.0	confident	Novibacillus thermophilus	Bacteria
d0eb1d8a-3410-419a-834f-0c10df0130ac	1471761	1.0	confident	Novibacillus thermophilus	Bacteria
25b0b2a2-18d2-43d9-8609-b080b4a85a23	1471761	1.0	confident	Novibacillus thermophilus	Bacteria
3315e114-e3fb-4951-89d0-31167e2d2977	1471761	1.0	confident	Novibacillus thermophilus	Bacteria
8cbb1e0f-350b-4b85-bbe6-085ccc72de10	1471761	1.0	confident	Novibacillus thermophilus	Bacteria
b9772e73-b8c8-44cb-be79-7e27da19f6a1	1471761	1.0	confident	Novibacillus thermophilus	Bacteria
62e5a090-3e7f-448f-9b54-988bc6362cf9	1471761	1.0	confident	Novibacillus thermophilus	Bacteria
e646efcc-8e2d-47f8-be76-b548845d9441	1471761	1.0	confident	Novibacillus thermophilus	Bacteria
a9506f3b-bbcd-4123-9620-255b850b501f	1471761	1.0	confident	Novibacillus thermophilus	Bacteria
8285292d-91d8-44df-b8ac-d47f79810bf3	1471761	1.0	confident	Novibacillus thermophilus	Bacteria
608d09ce-2d6a-42a9-ad3b-e86b37255702	1471761	1.0	confident	Novibacillus thermophilus	Bacteria
e48adcee-e797-417f-8392-0a341523307f	1471761	1.0	confident	Novibacillus thermophilus	Bacteria
a2bc5a77-4f9e-4bc6-b2d5-8ff298cb1700	1471761	1.0	confident	Novibacillus thermophilus	Bacteria
088cb578-379b-4440-81fc-6170f8d4c893	1471761	1.0	confident	Novibacillus thermophilus	Bacteria
db23512e-5fac-45f6-9893-bf58db4b29b2	1471761	1.0	confident	Novibacillus thermophilus	Bacteria
9372191e-80fe-4578-9cb1-eb56e511e57b	1471761	1.0	confident	Novibacillus thermophilus	Bacteria
dadc7341-3e0d-4bd9-87fc-a7238eca64a4	1471761	1.0	confident	Novibacillus thermophilus	Bacteria
36cc811b-abed-46a1-9afd-873fcd5f6b80	1471761	1.0	confident	Novibacillus thermophilus	Bacteria
60567320-e332-45a8-9efd-10232a174693	1471761	1.0	confident	Novibacillus thermophilus	Bacteria
79ee3293-af84-4d19-b214-36a12c66915d	1471761	1.0	confident	Novibacillus thermophilus	Bacteria
8b0462d2-3f46-4926-83f7-ac56a1dd4c7d	1471761	1.0	confident	Novibacillus thermophilus	Bacteria
9c3746ef-5c80-465d-adab-33eebbf79fe1	1471761	1.0	confident	Novibacillus thermophilus	Bacteria
a9d3c7f9-3a8a-434f-998d-bb9c77143df6	1471761	1.0	confident	Novibacillus thermophilus	Bacteria
f824ffe1-11a5-48f1-b5b7-7b59e7938086	1471761	1.0	confident	Novibacillus thermophilus	Bacteria
ba5c4a09-032b-450a-9d4e-d77e20e60ab8	1471761	1.0	confident	Novibacillus thermophilus	Bacteria
a119cfb2-2c67-473c-841a-89f389a82b64	1471761	1.0	confident	Novibacillus thermophilus	Bacteria
246aa8af-33c4-477b-86df-e8fb7b035cf4	1471761	1.0	confident	Novibacillus thermophilus	Bacteria
702f27e0-18dd-4efe-8647-436eebce1546	1471761	1.0	confident	Novibacillus thermophilus	Bacteria
4eca24d5-f1d5-4a2a-a493-01b2102cd039	1471761	1.0	confident	Novibacillus thermophilus	Bacteria
c59b1bf1-8a1c-4285-9c57-124cd9ffe7e0	1471761	1.0	confident	Novibacillus thermophilus	Bacteria
d1fbc42a-b520-4c46-97fc-0d19c1736335	1471761	1.0	confident	Novibacillus thermophilus	Bacteria
aca6d15e-fbda-46dc-890e-5618eb1bff10	1471761	1.0	confident	Novibacillus thermophilus	Bacteria
bbf7b48a-5743-4f60-9429-bc0c3f292873	1471761	1.0	confident	Novibacillus thermophilus	Bacteria
9c8fabbb-06fa-43ff-9155-d602a4eed5e3	1471761	1.0	confident	Novibacillus thermophilus	Bacteria
1a8be049-ec28-48d4-af0d-f7a6e18dc2b2	1471761	1.0	confident	Novibacillus thermophilus	Bacteria
7250c41f-71c1-42eb-93ce-9d3358ebb675	1471761	1.0	confident	Novibacillus thermophilus	Bacteria
a36b76b0-9226-4502-9de5-52b71192cb2a	1471761	1.0	confident	Novibacillus thermophilus	Bacteria
bbc0d4a2-2471-43e8-9c66-26d985e34464	1471761	1.0	confident	Novibacillus thermophilus	Bacteria
4ac85430-2c2b-4825-b479-5961df0093fd	1471761	1.0	confident	Novibacillus thermophilus	Bacteria
94e88912-5fa5-4368-a485-672598597804	1471761	1.0	confident	Novibacillus thermophilus	Bacteria
f69096e8-1bee-4b87-9d6c-1d1d22ae45e7	1471761	1.0	confident	Novibacillus thermophilus	Bacteria
1a37502d-262b-46db-94c9-fca89d88b18c	1471761	1.0	confident	Novibacillus thermophilus	Bacteria
422370c1-196a-4eb9-ad3d-daa52e688a7f	1471761	1.0	confident	Novibacillus thermophilus	Bacteria
854cf78d-397a-4a69-bd18-bddb9ed1aa8e	1471761	1.0	confident	Novibacillus thermophilus	Bacteria
2b69d58c-cbd4-41aa-bd14-cc0fbd48066b	1471761	1.0	confident	Novibacillus thermophilus	Bacteria
c4b968d0-71b5-4b7c-a0e9-cc817e335598	1471761	1.0	confident	Novibacillus thermophilus	Bacteria
fca36647-5f44-47db-9dfe-32e4a9bac44a	1471761	1.0	confident	Novibacillus thermophilus	Bacteria
3188efef-4dc8-4144-9c4f-d409e4cfe194	1471761	1.0	confident	Novibacillus thermophilus	Bacteria
8fb6cd38-9518-47b4-8ef7-2679df8a1acf	1471761	1.0	confident	Novibacillus thermophilus	Bacteria
33567b68-0846-4668-82cf-fc4d5a1ba96a	1471761	1.0	confident	Novibacillus thermophilus	Bacteria
e1d82475-f6fc-45d2-8156-3c53ff029b24	1471761	1.0	confident	Novibacillus thermophilus	Bacteria
9d0ef3e9-364c-4cb5-8e9e-33ae336715c3	1471761	1.0	confident	Novibacillus thermophilus	Bacteria
a6653168-11d3-44e9-9119-873ef0451f40	1471761	1.0	confident	Novibacillus thermophilus	Bacteria
13c12e79-4d18-47c7-ab20-fbcf88c53c93	1471761	1.0	confident	Novibacillus thermophilus	Bacteria
27ee6119-c47c-4220-a921-3484babb98b8	1471761	1.0	confident	Novibacillus thermophilus	Bacteria
034ce198-86d9-4a7e-b696-fa7777560b69	1471761	1.0	confident	Novibacillus thermophilus	Bacteria
9aa926ad-b3cc-4cc1-aae2-fb53cfa41f16	1471761	1.0	confident	Novibacillus thermophilus	Bacteria
16fdc7c9-796b-434d-9ab0-8e4be85a1a91	1471761	1.0	confident	Novibacillus thermophilus	Bacteria
03f117ea-11eb-4a99-9370-4dc1e057d4a2	1471761	1.0	confident	Novibacillus thermophilus	Bacteria
1dc6b290-e642-4f76-a37b-9130e2831c88	1471761	1.0	confident	Novibacillus thermophilus	Bacteria
09a30ac8-3ccb-4cfb-b429-28d2812ed253	1471761	1.0	confident	Novibacillus thermophilus	Bacteria
da63ca98-a7ce-4486-97f8-5033ba962942	1471761	1.0	confident	Novibacillus thermophilus	Bacteria
4df370aa-80a6-49fb-9efb-fdd41a3f7feb	1471761	1.0	confident	Novibacillus thermophilus	Bacteria
f7b30e37-7105-4011-8cc2-7c668ae2973c	1471761	1.0	confident	Novibacillus thermophilus	Bacteria
360ea7d8-a7fe-4e03-9bd7-62c6c19b9147	1471761	1.0	confident	Novibacillus thermophilus	Bacteria
ed97b717-a47e-4c5c-be7f-ec2cccccb345	1471761	1.0	confident	Novibacillus thermophilus	Bacteria
a0514527-6de8-4ba6-9b05-0d842ba6ceb8	1471761	1.0	confident	Novibacillus thermophilus	Bacteria
133ee05e-595e-4b01-98c5-5537b98a1412	1471761	1.0	confident	Novibacillus thermophilus	Bacteria
f73e95e6-4fb0-4285-914e-e0226d57385c	1471761	1.0	confident	Novibacillus thermophilus	Bacteria
9baaebf2-08c5-4bd8-9ebe-4437f2acf703	1471761	1.0	confident	Novibacillus thermophilus	Bacteria
07ec684d-10bb-4da7-af99-87aef56b345d	1471761	1.0	confident	Novibacillus thermophilus	Bacteria
883221a7-8a93-4578-97ec-1ac17535a981	1471761	1.0	confident	Novibacillus thermophilus	Bacteria
ae53fd17-5fb5-4942-b81a-8b38629e6c95	1471761	1.0	confident	Novibacillus thermophilus	Bacteria
2e029952-6399-4c1a-9a23-f3ffd51bdd52	1471761	1.0	confident	Novibacillus thermophilus	Bacteria
db618a2d-4e18-4caa-9b3e-94a7488b3e91	1471761	1.0	confident	Novibacillus thermophilus	Bacteria
0700e675-1ebd-4a0c-90e1-1a145c6c8c22	1471761	1.0	confident	Novibacillus thermophilus	Bacteria
95c29148-3e67-4a8f-aced-cdde8224b6ef	1471761	1.0	confident	Novibacillus thermophilus	Bacteria
43ccd10a-b572-49d3-8a1c-a94ca35798bf	1471761	1.0	confident	Novibacillus thermophilus	Bacteria
6a91878f-63f6-4723-8748-5de333c40f9b	1471761	1.0	confident	Novibacillus thermophilus	Bacteria
5286cb3a-615c-4c69-8a0b-bf15047a4b98	1471761	1.0	confident	Novibacillus thermophilus	Bacteria
b984877a-ba2b-4460-b034-c182e75224c1	1471761	1.0	confident	Novibacillus thermophilus	Bacteria
56324705-efaf-41f4-9865-e6cc12ce22db	1471761	1.0	confident	Novibacillus thermophilus	Bacteria
cef6f5b4-6aab-4f98-97ec-f68557ae09af	1471761	1.0	confident	Novibacillus thermophilus	Bacteria
89c542e9-3435-4d00-bc0c-54494d239076	1471761	1.0	confident	Novibacillus thermophilus	Bacteria
071f4cdd-88ca-43c2-bf90-f51fb4366dd1	1471761	1.0	confident	Novibacillus thermophilus	Bacteria
f3e216db-bbe1-401a-ab47-25da158a53df	1471761	1.0	confident	Novibacillus thermophilus	Bacteria
99bf2ac8-3b7a-43a4-95e1-114b2df12619	1471761	1.0	confident	Novibacillus thermophilus	Bacteria
756d18e5-63b4-4a5a-b08b-a8c3af284e0a	1471761	1.0	confident	Novibacillus thermophilus	Bacteria
1c997363-f90c-4e7a-9e05-7d5b91f63574	1471761	1.0	confident	Novibacillus thermophilus	Bacteria
e4cef66c-7dd1-423f-ae03-15fff8222944	1471761	1.0	confident	Novibacillus thermophilus	Bacteria
559741d1-9c97-423b-b9ee-0611fe2d001e	1471761	1.0	confident	Novibacillus thermophilus	Bacteria
25d294db-d7cd-447d-ad1c-34ff06c40308	1471761	1.0	confident	Novibacillus thermophilus	Bacteria
163812c0-cf14-47ea-a913-7e40f389ce26	1471761	1.0	confident	Novibacillus thermophilus	Bacteria
8918741e-3513-4348-afb1-10f582a2c725	1471761	1.0	confident	Novibacillus thermophilus	Bacteria
d35d8be9-a4f0-498e-a014-1924c3f75f50	1471761	1.0	confident	Novibacillus thermophilus	Bacteria
e686845a-d1f5-4024-9cb7-30abacce3c65	1471761	1.0	confident	Novibacillus thermophilus	Bacteria
f8d96805-5e59-4517-99bc-e09434fcf7df	1471761	1.0	confident	Novibacillus thermophilus	Bacteria
37f0247f-456f-42ec-b5db-01e057e0056e	1471761	1.0	confident	Novibacillus thermophilus	Bacteria
7b6e70d2-a9a6-4b0f-b902-b4f7132c64f0	1471761	1.0	confident	Novibacillus thermophilus	Bacteria
ff7184b9-8fb4-438c-859c-94bbaf005279	1471761	1.0	confident	Novibacillus thermophilus	Bacteria
09956b88-9ad4-4a0f-a300-eb1285cff93d	1471761	1.0	confident	Novibacillus thermophilus	Bacteria
df1ab644-6f52-4ad2-bcaf-ec31820962d7	1471761	1.0	confident	Novibacillus thermophilus	Bacteria
90f3f31e-3299-4c51-a2d2-649f6cd4fd1f	1471761	1.0	confident	Novibacillus thermophilus	Bacteria
70142296-839c-40d9-96da-24c9bf749d27	1471761	1.0	confident	Novibacillus thermophilus	Bacteria
52565cb3-3cd5-4903-9bb2-269578f18ce6	1471761	1.0	confident	Novibacillus thermophilus	Bacteria
c26b0be5-6fef-42b0-a0bd-4a0a86c5a1b0	1471761	1.0	confident	Novibacillus thermophilus	Bacteria
2708e472-abc2-4b33-8887-22a3de054a0c	1471761	1.0	confident	Novibacillus thermophilus	Bacteria
20ca9b46-813a-4463-929d-66418c0d2e37	1471761	1.0	confident	Novibacillus thermophilus	Bacteria
52b9712e-a859-4472-b326-0deada69d030	1471761	1.0	confident	Novibacillus thermophilus	Bacteria
0ed2b568-1ca1-4748-8d5a-58259ccef46f	1471761	1.0	confident	Novibacillus thermophilus	Bacteria
4bb65d77-6d8f-4dda-9119-ed9e53e1b952	1471761	1.0	confident	Novibacillus thermophilus	Bacteria
81d6fc9e-4835-494e-a056-5f2ce85638b6	1471761	1.0	confident	Novibacillus thermophilus	Bacteria
06aa56bb-ffc9-4a53-8e9b-52a2d72357f0	1471761	1.0	confident	Novibacillus thermophilus	Bacteria
40cc0c3c-70bc-4155-9286-3bd60234468b	1471761	1.0	confident	Novibacillus thermophilus	Bacteria
4088c5ba-e215-40d4-ab4f-629387e60ee7	1471761	1.0	confident	Novibacillus thermophilus	Bacteria
d61a380b-9344-404d-993f-c7c65cec89e9	1471761	1.0	confident	Novibacillus thermophilus	Bacteria
4aa62885-9df2-40a1-a0f6-43c361d3fcf8	1471761	1.0	confident	Novibacillus thermophilus	Bacteria
419fe8ba-0f98-403c-8b84-9c95a0030990	1471761	1.0	confident	Novibacillus thermophilus	Bacteria
1df9daec-0f33-4a5b-8166-3d22a6cb1691	1471761	1.0	confident	Novibacillus thermophilus	Bacteria
50786579-9148-4acf-b93f-a473f0ca04f1	1471761	1.0	confident	Novibacillus thermophilus	Bacteria
e69d4c05-f380-40c0-ac00-740ddd618ef6	1471761	1.0	confident	Novibacillus thermophilus	Bacteria
5ded14f4-f36e-4492-aed5-61638d37508e	1471761	1.0	confident	Novibacillus thermophilus	Bacteria
5839f96d-a6d9-4102-8c10-068251e043d5	1471761	1.0	confident	Novibacillus thermophilus	Bacteria
206f2959-ab75-42db-aee2-a2d97d1eccd1	1471761	1.0	confident	Novibacillus thermophilus	Bacteria
b1a5ac32-5be8-44df-ae6a-113b249ddb02	1471761	1.0	confident	Novibacillus thermophilus	Bacteria
9a95ccec-7f5e-41be-91b0-3b03105741f8	1471761	1.0	confident	Novibacillus thermophilus	Bacteria
6236d441-cb39-45c8-aaee-73e11a6c52b8	1471761	1.0	confident	Novibacillus thermophilus	Bacteria
ef1ab552-4c48-466c-9503-13aaefa55dd4	1471761	1.0	confident	Novibacillus thermophilus	Bacteria
6d7c47b2-662b-489d-a76f-16abeca3225f	1471761	1.0	confident	Novibacillus thermophilus	Bacteria
ae0beac7-08ac-47bc-992a-892714d95cfc	1471761	1.0	confident	Novibacillus thermophilus	Bacteria
8b35787a-3e54-41f1-997c-cb2323ed94eb	1471761	1.0	confident	Novibacillus thermophilus	Bacteria
785c6345-de58-4b38-82c2-359d52252aa9	1471761	1.0	confident	Novibacillus thermophilus	Bacteria
4f0f4c5f-e2aa-4f4c-90d5-bc5ce94d52fb	1471761	1.0	confident	Novibacillus thermophilus	Bacteria
b41be3a5-d64d-48db-9058-6cb81f6e0d73	1471761	1.0	confident	Novibacillus thermophilus	Bacteria
2a929108-359d-4138-b509-944010891283	1471761	1.0	confident	Novibacillus thermophilus	Bacteria
df920118-14f4-40a8-b9ad-b0550509bf94	1471761	1.0	confident	Novibacillus thermophilus	Bacteria
60858a97-efd4-4358-9ccf-a41175f295b4	1471761	1.0	confident	Novibacillus thermophilus	Bacteria
ccd93dea-8c7f-4c9a-bc87-743fb0fff654	1471761	1.0	confident	Novibacillus thermophilus	Bacteria
9c874c4e-361e-4dcd-b0f0-214485e6eed3	1471761	1.0	confident	Novibacillus thermophilus	Bacteria
ba6cfb5f-6116-44b9-8137-eeb1fd960682	1471761	1.0	confident	Novibacillus thermophilus	Bacteria
d954feec-8e1a-4bdb-aa46-a88e13860f98	1471761	1.0	confident	Novibacillus thermophilus	Bacteria
eec8bba4-8e79-44f8-b277-f2e65367da1f	1471761	1.0	confident	Novibacillus thermophilus	Bacteria
11f61d5c-5da7-4696-a551-0c59961c2a45	1471761	1.0	confident	Novibacillus thermophilus	Bacteria
ca03a214-3d9d-41f9-b60e-d421e7c9cbca	1471761	1.0	confident	Novibacillus thermophilus	Bacteria
48964c39-3a56-45e4-9f80-e674e97ede3a	1471761	1.0	confident	Novibacillus thermophilus	Bacteria
b04bce8b-4a28-4c90-b6f9-0616d14280f1	1471761	1.0	confident	Novibacillus thermophilus	Bacteria
a5cc5271-b49d-4923-80d4-4635afabee9e	1471761	1.0	confident	Novibacillus thermophilus	Bacteria
6e64cf82-9893-448c-bf8b-c5c970c4ad61	1471761	1.0	confident	Novibacillus thermophilus	Bacteria
6546a7ef-db36-4d0d-8eee-24216b4cb438	1471761	1.0	confident	Novibacillus thermophilus	Bacteria
3234aa71-cf8b-47f6-b650-5be0a7bb2215	1471761	1.0	confident	Novibacillus thermophilus	Bacteria
ca3f0c97-dc3a-4a28-b509-526d25f7d3c2	1471761	1.0	confident	Novibacillus thermophilus	Bacteria
bbb18fa4-2994-4cd1-abe5-d5c3579b5e90	1471761	1.0	confident	Novibacillus thermophilus	Bacteria
804fbff1-c49e-49be-8ea9-ba7f5928b6e9	1471761	1.0	confident	Novibacillus thermophilus	Bacteria
b3b21bf9-ae7e-4496-9be4-ab8df96771ee	1471761	1.0	confident	Novibacillus thermophilus	Bacteria
4f5f0d34-f18e-43c6-bd9e-fcf720a28327	1471761	1.0	confident	Novibacillus thermophilus	Bacteria
38b72779-3d52-40bc-90de-959723556618	1471761	1.0	confident	Novibacillus thermophilus	Bacteria
2601ac94-3fba-4386-bdb4-a4f3be6b9434	1471761	1.0	confident	Novibacillus thermophilus	Bacteria
c213ebab-cab8-4a72-865c-5f14b43bb998	1471761	1.0	confident	Novibacillus thermophilus	Bacteria
cdda57b5-38b8-4416-ab9a-9d75f2e2c6ac	1471761	1.0	confident	Novibacillus thermophilus	Bacteria
b458db4c-9253-42bb-984a-a1e513764fae	1471761	1.0	confident	Novibacillus thermophilus	Bacteria
905d9cad-f448-45ed-85ce-47cea1c7a1e2	1471761	1.0	confident	Novibacillus thermophilus	Bacteria
359cd8e8-59db-4395-86db-6cb6dbe54c41	1471761	1.0	confident	Novibacillus thermophilus	Bacteria
575e7081-9686-4519-a93e-d0e0e90af4ce	1471761	1.0	confident	Novibacillus thermophilus	Bacteria
c2e49d76-2ea2-42a0-a9a7-18ac29e5a01b	1471761	1.0	confident	Novibacillus thermophilus	Bacteria
8ebeec34-74a7-40c3-a701-d2bb368dfc8c	1471761	1.0	confident	Novibacillus thermophilus	Bacteria
07562ad3-d75b-44e7-bf9c-d74a8670c54d	1471761	1.0	confident	Novibacillus thermophilus	Bacteria
05cb4891-d12c-424b-8df1-0e1ca0049a12	1471761	1.0	confident	Novibacillus thermophilus	Bacteria
8579dfb9-9aa3-4cc5-b1f2-ad01e5db3393	1471761	1.0	confident	Novibacillus thermophilus	Bacteria
b0dc5716-ceef-4861-b6a0-c206d95b66aa	1471761	1.0	confident	Novibacillus thermophilus	Bacteria
57b4845c-2cdb-4200-8866-00f095176c2f	1471761	1.0	confident	Novibacillus thermophilus	Bacteria
30d67792-68e1-448f-99ca-ca7241271df1	1471761	1.0	confident	Novibacillus thermophilus	Bacteria
7752250d-4be5-463f-9feb-ea71331a3489	1471761	1.0	confident	Novibacillus thermophilus	Bacteria
46960527-271d-4269-9ec9-9e53cfb80419	1471761	1.0	confident	Novibacillus thermophilus	Bacteria
09a7804c-4159-4e19-be5c-f61ffad7b983	1471761	1.0	confident	Novibacillus thermophilus	Bacteria
9b3fb7f8-cda9-4642-9ac3-6f021acf2625	1471761	1.0	confident	Novibacillus thermophilus	Bacteria
696fce5e-5bde-4f7b-acec-0ce133dea992	1471761	1.0	confident	Novibacillus thermophilus	Bacteria
5451d4db-7639-4feb-b49a-fc89e547e7f7	1471761	1.0	confident	Novibacillus thermophilus	Bacteria
2b758558-8442-4925-9e8f-b959e2be235f	1471761	1.0	confident	Novibacillus thermophilus	Bacteria
d8d5e5e9-e939-473b-b9d7-c4af023cad96	1471761	1.0	confident	Novibacillus thermophilus	Bacteria
f78d96c7-9a1f-4367-aeaf-4fd13f728207	1471761	1.0	confident	Novibacillus thermophilus	Bacteria
e6100f93-5ae4-48bf-8200-2e5fa34381c7	1471761	1.0	confident	Novibacillus thermophilus	Bacteria
53aa5a1b-c127-4e3a-b6f9-8fcfa9d60ad4	1471761	1.0	confident	Novibacillus thermophilus	Bacteria
4723fef6-b48e-464c-aeb9-0989cc169d39	1471761	1.0	confident	Novibacillus thermophilus	Bacteria
28d280bb-5cfb-4776-9172-5d800e16cc02	1471761	1.0	confident	Novibacillus thermophilus	Bacteria
a020ec52-d926-45b5-82b6-a1c55360ae09	1471761	1.0	confident	Novibacillus thermophilus	Bacteria
b5d2e9d3-d413-4682-8225-4c0f01668994	1471761	1.0	confident	Novibacillus thermophilus	Bacteria
2ef96ed5-028f-4d35-b5fe-2c27c20b2895	1471761	1.0	confident	Novibacillus thermophilus	Bacteria
366f60d3-d731-4d10-ba1a-a499fe8af3f1	1471761	1.0	confident	Novibacillus thermophilus	Bacteria
45674292-aff9-4fb5-8c7d-735907eb424f	1471761	1.0	confident	Novibacillus thermophilus	Bacteria
05a670c2-cd2f-46bd-be89-4119576cc2d8	1471761	1.0	confident	Novibacillus thermophilus	Bacteria
59590621-1e7e-4a18-9606-9b6dedc6c00f	1471761	1.0	confident	Novibacillus thermophilus	Bacteria
0833acc7-649e-4a1d-89b6-db5f0da56353	1471761	1.0	confident	Novibacillus thermophilus	Bacteria
a1f61ee3-ef42-4387-8795-0b7e57579015	1471761	1.0	confident	Novibacillus thermophilus	Bacteria
f680d1d5-0ba5-4f70-8a75-ab6dcd132a18	1471761	1.0	confident	Novibacillus thermophilus	Bacteria
954cd267-6206-4de0-a51e-19bb950c5e13	1471761	1.0	confident	Novibacillus thermophilus	Bacteria
34fc9564-2c28-465e-bc58-11f9327d0fa0	1471761	1.0	confident	Novibacillus thermophilus	Bacteria
28113699-985d-4f70-900a-3af2b38f0a9b	1471761	1.0	confident	Novibacillus thermophilus	Bacteria
7bd64040-33db-4ae3-960c-274616080f23	1471761	1.0	confident	Novibacillus thermophilus	Bacteria
beaf1ae4-805e-45d5-8f6e-4e7ecb874603	1471761	1.0	confident	Novibacillus thermophilus	Bacteria
43ceb9dc-6194-4c14-8420-36ee52284c4c	1471761	1.0	confident	Novibacillus thermophilus	Bacteria
f9c4be53-685e-455c-8ed8-428928f3140e	1471761	1.0	confident	Novibacillus thermophilus	Bacteria
43a797ca-9717-42fb-8c1b-8a1033c5296e	1471761	1.0	confident	Novibacillus thermophilus	Bacteria
2ef911c7-b151-4add-bf9b-6b5bf15fae3d	1471761	1.0	confident	Novibacillus thermophilus	Bacteria
334d075b-d543-4e2a-ab09-57f9500c4cdb	1471761	1.0	confident	Novibacillus thermophilus	Bacteria
1b022b50-2faf-4eac-a9ca-515eeee3847d	1471761	1.0	confident	Novibacillus thermophilus	Bacteria
0b866023-3a86-4903-98dc-838198299225	1471761	1.0	confident	Novibacillus thermophilus	Bacteria
1b009393-8577-4257-a17b-b5f80b86d3e0	1471761	1.0	confident	Novibacillus thermophilus	Bacteria
2eeaec63-bf6c-4531-bf74-0d8a615438dd	1471761	1.0	confident	Novibacillus thermophilus	Bacteria
66732f2b-534f-4c9f-bee3-3096ead94180	1471761	1.0	confident	Novibacillus thermophilus	Bacteria
8671eeac-ea21-400f-85ae-e4561d1f2eb5	1471761	1.0	confident	Novibacillus thermophilus	Bacteria
593d356f-1d5d-4860-82d6-a48348ff4e88	1471761	1.0	confident	Novibacillus thermophilus	Bacteria
b4777f08-468b-4fab-9b56-fcffa4753f4e	1471761	1.0	confident	Novibacillus thermophilus	Bacteria
187e6584-33a6-4794-8f79-4a138e68755e	1471761	1.0	confident	Novibacillus thermophilus	Bacteria
dbc68e1a-9ffd-46bd-b4a0-000f49be8322	1471761	1.0	confident	Novibacillus thermophilus	Bacteria
57f2c4d5-4df4-4a21-af90-a2ab43d7ccdf	1471761	1.0	confident	Novibacillus thermophilus	Bacteria
cb7cac2a-e562-48fb-9c53-4da8065e915c	1471761	1.0	confident	Novibacillus thermophilus	Bacteria
47c6ec23-3001-481a-937f-8e1a725779ee	1471761	1.0	confident	Novibacillus thermophilus	Bacteria
5e7e561f-a987-4580-a2c5-5de96d0d611b	1471761	1.0	confident	Novibacillus thermophilus	Bacteria
48e431f0-bc99-4c1a-9740-2690e195d656	1471761	1.0	confident	Novibacillus thermophilus	Bacteria
dd84904b-469d-4c88-bed7-4d4437fa8d43	1471761	1.0	confident	Novibacillus thermophilus	Bacteria
fd92a4f5-e9aa-4281-a0ce-4ad52af425ff	1471761	1.0	confident	Novibacillus thermophilus	Bacteria
9a5c2d7b-02ef-43cd-ba6e-ddae6cc4ba0e	1471761	1.0	confident	Novibacillus thermophilus	Bacteria
2dc940a1-0a9d-4616-a02e-1309c8f7c92e	1471761	1.0	confident	Novibacillus thermophilus	Bacteria
7ad9c508-2949-401d-9171-b4850bd14b2c	1471761	1.0	confident	Novibacillus thermophilus	Bacteria
6571d74f-6383-4804-80b4-2e021e092e81	1471761	1.0	confident	Novibacillus thermophilus	Bacteria
00379592-5157-4adb-b7ac-713534d0877b	1471761	1.0	confident	Novibacillus thermophilus	Bacteria
22076673-59c9-4666-86fa-45fcfa806eca	1471761	1.0	confident	Novibacillus thermophilus	Bacteria
11bdf7b4-e0f3-4f06-9828-7c1f25c25df8	1471761	1.0	confident	Novibacillus thermophilus	Bacteria
71f08eb5-c507-4732-b0a8-f390613929b9	1471761	1.0	confident	Novibacillus thermophilus	Bacteria
0fbef0cc-12f2-4726-bdc9-2f1d8addf7f1	1471761	1.0	confident	Novibacillus thermophilus	Bacteria
8f17062b-0b4a-44d9-a42f-5acf8747de59	1471761	1.0	confident	Novibacillus thermophilus	Bacteria
fb9bf388-8d6d-4eab-889a-4b11ccafbbc1	1471761	1.0	confident	Novibacillus thermophilus	Bacteria
daa73044-53dc-415f-9032-0e3168d511c8	1471761	1.0	confident	Novibacillus thermophilus	Bacteria
e2218bf3-3474-4a60-804d-70c4fc79aca3	1471761	1.0	confident	Novibacillus thermophilus	Bacteria
81b6c03b-11d8-48b6-bcfd-02360599ed53	1471761	1.0	confident	Novibacillus thermophilus	Bacteria
b34b737a-de83-4881-bd70-20ae89ba903d	1471761	1.0	confident	Novibacillus thermophilus	Bacteria
a8ce7a16-132e-40a2-81b5-771acbfd5e89	1471761	1.0	confident	Novibacillus thermophilus	Bacteria
38d6cf27-8b77-4a87-a8cd-def9fa74a6cd	1471761	1.0	confident	Novibacillus thermophilus	Bacteria
b6da9e3e-f46a-48f8-a4da-577c5ee99000	1471761	1.0	confident	Novibacillus thermophilus	Bacteria
ead58592-81d1-4262-a443-41e11df3b78c	1471761	1.0	confident	Novibacillus thermophilus	Bacteria
8f7e1335-9053-44c2-b038-aa2b53ee951d	1471761	1.0	confident	Novibacillus thermophilus	Bacteria
c23d7e05-bdee-4ec7-bdd5-18c78a0e5212	1471761	1.0	confident	Novibacillus thermophilus	Bacteria
c0b0db4b-a6a2-4db1-a402-53d2e850f06d	1471761	1.0	confident	Novibacillus thermophilus	Bacteria
ca5d8e13-e7ec-46b7-9a14-a5132bde8d73	1471761	1.0	confident	Novibacillus thermophilus	Bacteria
3f833338-8df8-4322-beba-83dbcce2b3cd	1471761	1.0	confident	Novibacillus thermophilus	Bacteria
e13ce6b2-5bc6-4559-9434-6c5589df9515	1471761	1.0	confident	Novibacillus thermophilus	Bacteria
08413490-b1aa-4fb1-9e77-dbf2d6231e1c	1471761	1.0	confident	Novibacillus thermophilus	Bacteria
4afb2c65-d6fc-4985-90a2-5cf8485c5c32	1471761	1.0	confident	Novibacillus thermophilus	Bacteria
3f65a285-5ecc-477b-a390-3f4b8956161f	1471761	1.0	confident	Novibacillus thermophilus	Bacteria
e5a82e0b-925f-4ba1-b8a5-4e5b1e3b6dee	1471761	1.0	confident	Novibacillus thermophilus	Bacteria
fc499c9b-8831-4930-af26-dd551ee10f53	1471761	1.0	confident	Novibacillus thermophilus	Bacteria
61e2c4d6-d5be-4672-a063-a8cd34b4ff42	1471761	1.0	confident	Novibacillus thermophilus	Bacteria
58f81cd7-b3b2-4189-9438-6351947d819f	1471761	1.0	confident	Novibacillus thermophilus	Bacteria
f7c6f231-ce0b-470d-a079-69125d382cef	1471761	1.0	confident	Novibacillus thermophilus	Bacteria
f2dbad83-e582-4df6-b3cc-7fb4ba5d4778	1471761	1.0	confident	Novibacillus thermophilus	Bacteria
304e7a5d-8323-42b1-bcaf-71ffb459ae2d	1471761	1.0	confident	Novibacillus thermophilus	Bacteria
bbc1cba0-498b-4155-b15d-bc1078a0fb92	1471761	1.0	confident	Novibacillus thermophilus	Bacteria
43b409b0-85e4-4a92-8a75-b802d70c4d42	1471761	1.0	confident	Novibacillus thermophilus	Bacteria
ad6f5b30-4a30-4062-baf9-40ee72dd7986	1471761	1.0	confident	Novibacillus thermophilus	Bacteria
bc6bae4e-8e33-47d0-9888-e8090317c6b0	1471761	1.0	confident	Novibacillus thermophilus	Bacteria
15e4f821-a18c-4979-99df-50892e14256d	1471761	1.0	confident	Novibacillus thermophilus	Bacteria
bb58cba5-880b-4078-b33b-36e6b1b6f8f9	1471761	1.0	confident	Novibacillus thermophilus	Bacteria
a136f4c8-bb17-4429-9698-3d9677529cb7	1471761	1.0	confident	Novibacillus thermophilus	Bacteria
ee5e3325-7412-4156-bc1f-acb26f6b66c6	1471761	1.0	confident	Novibacillus thermophilus	Bacteria
05e15ef9-3146-4dc0-b159-67cf4911f13f	1471761	1.0	confident	Novibacillus thermophilus	Bacteria
df5962c7-9de7-47e0-a231-704d51b3ce5f	1471761	1.0	confident	Novibacillus thermophilus	Bacteria
751860a3-c00a-486d-9c25-f780db407c0a	1471761	1.0	confident	Novibacillus thermophilus	Bacteria
bce726ec-f74d-4ace-b9cb-12f215492dd3	1471761	1.0	confident	Novibacillus thermophilus	Bacteria
c9bb296a-b162-4dd7-b0be-80144d95d8f2	1471761	1.0	confident	Novibacillus thermophilus	Bacteria
0cdd14e4-7462-4f96-8737-fcc989e7e000	1471761	1.0	confident	Novibacillus thermophilus	Bacteria
21e120ce-b1ff-45a7-95b4-ed40d3e2ff5d	1471761	1.0	confident	Novibacillus thermophilus	Bacteria
b2bc84dc-e50f-4f93-b43f-4cb58f0bdee8	1471761	1.0	confident	Novibacillus thermophilus	Bacteria
d6f224f9-3367-4fc6-8e9b-2834a2137d42	1471761	1.0	confident	Novibacillus thermophilus	Bacteria
f9c0807c-97db-46fa-a7c9-8092c221e3c0	1471761	1.0	confident	Novibacillus thermophilus	Bacteria
8bf2b10a-27e2-454c-8140-03cf9149f91a	1471761	1.0	confident	Novibacillus thermophilus	Bacteria
63390699-1143-4fcf-a9d9-bb919b76036c	1471761	1.0	confident	Novibacillus thermophilus	Bacteria
984af3a0-c256-46ed-8dc0-5946c0469d86	1471761	1.0	confident	Novibacillus thermophilus	Bacteria
022b4624-61b9-4a8e-a7e2-cfa088817d51	1471761	1.0	confident	Novibacillus thermophilus	Bacteria
1890a157-4ec5-458d-8743-1defb968ae2e	1471761	1.0	confident	Novibacillus thermophilus	Bacteria
6bd37ec0-8674-4fe7-8e55-3bfc5e70d9bd	1471761	1.0	confident	Novibacillus thermophilus	Bacteria
65481702-6706-4e9e-9319-b7cd1fd2b592	1471761	1.0	confident	Novibacillus thermophilus	Bacteria
26fcd31d-ab16-4a41-b50e-6d2b02405121	1471761	1.0	confident	Novibacillus thermophilus	Bacteria
8b613036-b979-447d-b0bd-2842e8fbf792	1471761	1.0	confident	Novibacillus thermophilus	Bacteria
fb1276a5-fe5e-4854-94a8-805f22b36387	1471761	1.0	confident	Novibacillus thermophilus	Bacteria
df1a1b52-56cf-4788-b4df-142cf180f967	1471761	1.0	confident	Novibacillus thermophilus	Bacteria
893e5fbb-13a2-4a26-9b70-34cb63874e5b	1471761	1.0	confident	Novibacillus thermophilus	Bacteria
c060364c-2449-47a5-8f1d-c28a83205cdb	1471761	1.0	confident	Novibacillus thermophilus	Bacteria
30f25302-b828-4128-b56f-8a9eadebfb0e	1471761	1.0	confident	Novibacillus thermophilus	Bacteria
88d8d1ff-646e-4045-ba35-fc4f05c65231	1471761	1.0	confident	Novibacillus thermophilus	Bacteria
1a3e1873-c6ae-4810-9912-955c64da70bd	1471761	1.0	confident	Novibacillus thermophilus	Bacteria
fd7f020e-30c9-4fe3-8476-35aac71dd8ea	1471761	1.0	confident	Novibacillus thermophilus	Bacteria
d38a7a00-4f8d-4cfe-bce2-0fe27b0d5dfb	1471761	1.0	confident	Novibacillus thermophilus	Bacteria
982409b6-0544-405b-9d5d-a6b2798616f4	1471761	1.0	confident	Novibacillus thermophilus	Bacteria
b7d2fd57-2004-4568-a7ad-15da4ca3ba03	1471761	1.0	confident	Novibacillus thermophilus	Bacteria
2a936661-a663-4cba-b5fe-9db3d67d74d3	1471761	1.0	confident	Novibacillus thermophilus	Bacteria
2aa8889d-ec29-47c7-9f0d-6521081b17aa	1471761	1.0	confident	Novibacillus thermophilus	Bacteria
b338371c-8919-4741-87f3-15517e16bde5	1471761	1.0	confident	Novibacillus thermophilus	Bacteria
3dc33781-6b09-4a76-992f-259d1c5eded5	1471761	1.0	confident	Novibacillus thermophilus	Bacteria
00e86817-04f2-4682-a9fe-427a995af596	1471761	1.0	confident	Novibacillus thermophilus	Bacteria
714448d1-d597-4647-a5f6-880c7d6575bb	1471761	1.0	confident	Novibacillus thermophilus	Bacteria
bc43d926-355f-42a0-a2dd-bd2668d30709	1471761	1.0	confident	Novibacillus thermophilus	Bacteria
e3ff56df-9fce-4c6d-b1c8-cdb4b43197e1	1471761	1.0	confident	Novibacillus thermophilus	Bacteria
d4668b20-ae94-41e8-91b7-87fb2cd40842	1471761	1.0	confident	Novibacillus thermophilus	Bacteria
322b1be3-46a9-4b49-b0b5-d6b5fdbc623c	1471761	1.0	confident	Novibacillus thermophilus	Bacteria
008137b2-abb3-4c47-8074-0bca5dee68e3	1471761	1.0	confident	Novibacillus thermophilus	Bacteria
589126c9-f36d-4fe7-8d1a-ae859ffcebdb	1471761	1.0	confident	Novibacillus thermophilus	Bacteria
89381625-359b-4cb9-a293-f6f180150769	1471761	1.0	confident	Novibacillus thermophilus	Bacteria
fa15665a-e8e4-481d-8971-ab9e41535d71	1471761	1.0	confident	Novibacillus thermophilus	Bacteria
69b8cd18-7827-487b-b0e1-153be5b36746	1471761	1.0	confident	Novibacillus thermophilus	Bacteria
e3a6d82f-cdf3-48a0-8be6-7a597ba541da	1471761	1.0	confident	Novibacillus thermophilus	Bacteria
0fd4e12b-73ec-4c82-a32c-80c207105826	1471761	1.0	confident	Novibacillus thermophilus	Bacteria
30c32c5e-de7e-4a4c-9863-030cdf147ab3	1471761	1.0	confident	Novibacillus thermophilus	Bacteria
2226182b-07a6-4db3-9bbe-fca79f9d2fe2	1471761	1.0	confident	Novibacillus thermophilus	Bacteria
bfd12847-61fd-451a-840f-5a33cbb9ce1f	1471761	1.0	confident	Novibacillus thermophilus	Bacteria
5e42bd38-d9bf-4aba-b9db-67c4f482504f	1471761	1.0	confident	Novibacillus thermophilus	Bacteria
8e10be0b-2074-4ba9-8299-7a15d06dca23	1471761	1.0	confident	Novibacillus thermophilus	Bacteria
ebfd50b7-ae50-429f-9954-1e4431f9ef65	1471761	1.0	confident	Novibacillus thermophilus	Bacteria
d3a8d309-81f5-4a81-bae5-45d3cb2a5962	1471761	1.0	confident	Novibacillus thermophilus	Bacteria
72adbc98-07ec-4ae8-957e-a8842d38a4dc	1471761	1.0	confident	Novibacillus thermophilus	Bacteria
04096f99-e089-4a7e-9a3b-7a169d060891	1471761	1.0	confident	Novibacillus thermophilus	Bacteria
1fd51c26-bfe0-4dbd-b760-d70fe0558ae3	1471761	1.0	confident	Novibacillus thermophilus	Bacteria
2a14a31d-7479-48ac-9fd5-0fe474744885	1471761	1.0	confident	Novibacillus thermophilus	Bacteria
ab039b1b-3916-482a-bb32-4ff8a9008904	1471761	1.0	confident	Novibacillus thermophilus	Bacteria
bba6eb32-00d7-47f5-baf0-46aae1c36dd5	1471761	1.0	confident	Novibacillus thermophilus	Bacteria
de3f7081-4ce0-4037-b917-668ba977ab11	1471761	1.0	confident	Novibacillus thermophilus	Bacteria
368b3e3a-970b-4dae-912a-9da0f3f613de	1471761	1.0	confident	Novibacillus thermophilus	Bacteria
069d7e21-5306-4dc9-9dd3-3d358a1591dd	1471761	1.0	confident	Novibacillus thermophilus	Bacteria
c1390b08-9d2b-45ef-9014-dfb43d0fe0ce	1471761	1.0	confident	Novibacillus thermophilus	Bacteria
9dc311a3-287c-4754-a3c7-26f7f5bf9e8d	1471761	1.0	confident	Novibacillus thermophilus	Bacteria
fb226c37-0406-49ad-aaee-506b60bd81ce	1471761	1.0	confident	Novibacillus thermophilus	Bacteria
0bbca255-374f-4039-a937-b3b42c34e6da	1471761	1.0	confident	Novibacillus thermophilus	Bacteria
1e1affa5-0762-4109-a265-a4f2bff85f5a	1471761	1.0	confident	Novibacillus thermophilus	Bacteria
1a1444e9-2bbd-476d-88b2-4dbaf7f9d13c	1471761	1.0	confident	Novibacillus thermophilus	Bacteria
cc64fd7a-00af-4dd9-a2a5-66cc24f170fd	1471761	1.0	confident	Novibacillus thermophilus	Bacteria
94766f1b-59f3-4219-8923-3b7b943798fc	1471761	1.0	confident	Novibacillus thermophilus	Bacteria
b2419e97-6834-49ae-9763-839fec4e155a	1471761	1.0	confident	Novibacillus thermophilus	Bacteria
b82f2b48-123f-4198-a9e2-138c97527109	1471761	1.0	confident	Novibacillus thermophilus	Bacteria
42dc629c-2e4f-498f-9bdc-7cbc508a58d1	1471761	1.0	confident	Novibacillus thermophilus	Bacteria
72f2cb1e-162d-4e72-b0ce-e817277e7f93	1471761	1.0	confident	Novibacillus thermophilus	Bacteria
be9a2e69-9990-43db-9b35-81bfc6b0357b	1471761	1.0	confident	Novibacillus thermophilus	Bacteria
fc3281b5-0214-4624-b4c2-c4ea4dd60ffb	1471761	1.0	confident	Novibacillus thermophilus	Bacteria
2d591bf3-7ccf-4b12-8a90-4d9dd2af1211	1471761	1.0	confident	Novibacillus thermophilus	Bacteria
94a3ab3f-b184-4467-ac45-d4ff949ab271	1471761	1.0	confident	Novibacillus thermophilus	Bacteria
e5e15015-df9d-4a02-89b3-59eb6eb79131	1471761	1.0	confident	Novibacillus thermophilus	Bacteria
6ccdecf4-a8f3-4028-8e2f-5e782842077c	1471761	1.0	confident	Novibacillus thermophilus	Bacteria
d6ee8f0a-78fa-455d-831f-c98b08dc3bf7	1471761	1.0	confident	Novibacillus thermophilus	Bacteria
5b0f65a0-acba-4c37-852b-38d869b166d6	1471761	1.0	confident	Novibacillus thermophilus	Bacteria
286d486a-51c7-4b0c-99cf-265cff88fc2d	1471761	1.0	confident	Novibacillus thermophilus	Bacteria
4494a0b1-2105-478e-9115-a97532350ae1	1471761	1.0	confident	Novibacillus thermophilus	Bacteria
e4e1498a-cc87-46a9-9b89-34b54fc9813b	1471761	1.0	confident	Novibacillus thermophilus	Bacteria
0da9dd2f-6f56-4902-833b-f1062b772d6b	1471761	1.0	confident	Novibacillus thermophilus	Bacteria
c470d095-8b91-493b-aadb-a7300f0cd44c	1471761	1.0	confident	Novibacillus thermophilus	Bacteria
0db7f313-39d9-499f-ab22-52578e66b721	1471761	1.0	confident	Novibacillus thermophilus	Bacteria
b76b1470-09a0-4efc-8962-7b0fb4c0d1f0	1471761	1.0	confident	Novibacillus thermophilus	Bacteria
2807c419-e602-471a-92eb-9a6f05728266	1471761	1.0	confident	Novibacillus thermophilus	Bacteria
611911df-f10b-4673-85b0-d736464e677e	1471761	1.0	confident	Novibacillus thermophilus	Bacteria
b78a259e-be91-409b-9b4d-b7688258825d	1471761	1.0	confident	Novibacillus thermophilus	Bacteria
1a6fbcc0-157f-4e65-8eb0-0204beb8f046	1471761	1.0	confident	Novibacillus thermophilus	Bacteria
175222af-fb66-4ff9-a353-76adae851c41	1471761	1.0	confident	Novibacillus thermophilus	Bacteria
06b5a943-e955-4629-8f34-a80a6b022973	1471761	1.0	confident	Novibacillus thermophilus	Bacteria
92af2bb0-3e27-4a7a-9146-c6f87ee2cbf5	1471761	1.0	confident	Novibacillus thermophilus	Bacteria
f9eec35a-a42e-46ce-8e00-3377bb721de0	1471761	1.0	confident	Novibacillus thermophilus	Bacteria
dfd78b59-0d35-423c-b2d7-6efcb2411e52	1471761	1.0	confident	Novibacillus thermophilus	Bacteria
ef2dae7f-caee-4582-b311-949d766a3bce	1471761	1.0	confident	Novibacillus thermophilus	Bacteria
74722053-a43e-44cc-90ba-83dc1cf71515	1471761	1.0	confident	Novibacillus thermophilus	Bacteria
5b9216ce-3cea-4588-be2d-e200f0aa23ee	1471761	1.0	confident	Novibacillus thermophilus	Bacteria
eacabd0c-3496-449c-b567-5763db159c5d	1471761	1.0	confident	Novibacillus thermophilus	Bacteria
32c80d3b-d3bf-4624-b363-ddd63faefc3d	1471761	1.0	confident	Novibacillus thermophilus	Bacteria
db31643a-4dff-49ac-bde8-3d5519801a0c	1471761	1.0	confident	Novibacillus thermophilus	Bacteria
2152626f-8beb-414b-9763-03d0dd36bc2e	1471761	1.0	confident	Novibacillus thermophilus	Bacteria
b9985b36-7519-49ca-b36b-96913b2e86ba	1471761	1.0	confident	Novibacillus thermophilus	Bacteria
85f2ff71-3c50-45c6-b364-7ec5dce09fd3	1471761	1.0	confident	Novibacillus thermophilus	Bacteria
681cd145-ed84-4bff-9f0a-1e0ed850d757	1471761	1.0	confident	Novibacillus thermophilus	Bacteria
765c1a9d-ac53-4c42-ae8b-fced5c621d1c	1471761	1.0	confident	Novibacillus thermophilus	Bacteria
125da47d-f3f7-4f4f-ba8e-7d82686f1320	1471761	1.0	confident	Novibacillus thermophilus	Bacteria
d693813d-77aa-4c0d-a320-6458b097e777	1471761	1.0	confident	Novibacillus thermophilus	Bacteria
af7b830c-41a1-431e-8f5c-31ebc0f318d9	1471761	1.0	confident	Novibacillus thermophilus	Bacteria
bc0038b2-8f46-4a44-aeba-6cd975d05f8a	1471761	1.0	confident	Novibacillus thermophilus	Bacteria
ee31e52a-31f4-41b2-a772-d76fa6b947ca	1471761	1.0	confident	Novibacillus thermophilus	Bacteria
ec2fee19-90ab-41f4-bb79-6908af727894	1471761	1.0	confident	Novibacillus thermophilus	Bacteria
cfba75db-934e-490b-8993-ee7a8ccbcd2a	1471761	1.0	confident	Novibacillus thermophilus	Bacteria
559d9402-364d-486c-b5cf-bbbcc8baeaa2	1471761	1.0	confident	Novibacillus thermophilus	Bacteria
2935d8dc-3203-49e0-943e-d292b8b64fd6	1471761	1.0	confident	Novibacillus thermophilus	Bacteria
2a106526-d3c0-47bc-957c-dac5149ca481	1471761	1.0	confident	Novibacillus thermophilus	Bacteria
44e1f064-e04b-4484-9903-84f7c36566af	1471761	1.0	confident	Novibacillus thermophilus	Bacteria
a580da42-58a4-495a-aaaf-8fb76cb8d08b	1471761	1.0	confident	Novibacillus thermophilus	Bacteria
214fd39d-0a39-4b5d-a869-1533dd6b9518	1471761	1.0	confident	Novibacillus thermophilus	Bacteria
74b1e45c-e711-44d5-9be3-8251bce90974	1471761	1.0	confident	Novibacillus thermophilus	Bacteria
6c37449e-f0c4-4e2d-990f-1ab7382bd98c	1471761	1.0	confident	Novibacillus thermophilus	Bacteria
e7021b01-b093-4ba1-9c9d-59ab77b224b5	1471761	1.0	confident	Novibacillus thermophilus	Bacteria
a14ef695-94cf-4308-8612-6e041b12b813	1471761	1.0	confident	Novibacillus thermophilus	Bacteria
7e48a31d-ad03-44c0-a32c-ef5bb5a5010b	1471761	1.0	confident	Novibacillus thermophilus	Bacteria
0228b630-056c-4e00-a9ed-6ed7a12df9a3	1471761	1.0	confident	Novibacillus thermophilus	Bacteria
03435407-0bc4-4886-be77-33976007d1ff	1471761	1.0	confident	Novibacillus thermophilus	Bacteria
dd754efe-2ca1-4ce6-9e33-8f3be0248f9b	1471761	1.0	confident	Novibacillus thermophilus	Bacteria
337abe7a-c610-4c4d-a594-7eee8ba01771	1471761	1.0	confident	Novibacillus thermophilus	Bacteria
2100c07e-23f5-4982-a3fc-888ffd70ec53	1471761	1.0	confident	Novibacillus thermophilus	Bacteria
5039bcfa-d6d2-4e58-a704-5f1ac4d429ec	1471761	1.0	confident	Novibacillus thermophilus	Bacteria
75017527-3fdc-4062-82ad-e425b5c0f226	1471761	1.0	confident	Novibacillus thermophilus	Bacteria
0a71fc0c-9f92-4a8f-9869-2a9c498c2e44	1471761	1.0	confident	Novibacillus thermophilus	Bacteria
0e1e1810-cc2a-46ca-a40e-71c4d580b775	1471761	1.0	confident	Novibacillus thermophilus	Bacteria
f90bfc1b-5822-4f23-bfcb-549abc2d5ec8	1471761	1.0	confident	Novibacillus thermophilus	Bacteria
ad0c17fe-de32-4ac1-9e33-f15749f5bbaf	1471761	1.0	confident	Novibacillus thermophilus	Bacteria
d5e67c12-fd2d-42da-a9b9-6eca923aa8a7	1471761	1.0	confident	Novibacillus thermophilus	Bacteria
f65d2c87-0bb1-4474-b602-e63b15de4af4	1471761	1.0	confident	Novibacillus thermophilus	Bacteria
0e073c68-4f3d-4c7a-be00-66dad896d537	1471761	1.0	confident	Novibacillus thermophilus	Bacteria
0cc56fa4-cbc3-49d1-aceb-15a38ca99e3e	1471761	1.0	confident	Novibacillus thermophilus	Bacteria
d3e84940-5aee-4676-a3e3-52f2f581fe6c	1471761	1.0	confident	Novibacillus thermophilus	Bacteria
cdbfe5bc-7c4a-4f52-b3a9-239386ae14c9	1471761	1.0	confident	Novibacillus thermophilus	Bacteria
def4992d-fd36-4959-b437-050d2a666286	1471761	1.0	confident	Novibacillus thermophilus	Bacteria
6a288db5-5489-4784-a2a2-6853fda78c6c	1471761	1.0	confident	Novibacillus thermophilus	Bacteria
6e9b77b1-8126-4b6b-ac52-0bf6b67dea67	1471761	1.0	confident	Novibacillus thermophilus	Bacteria
2a33a2bc-b0ab-465e-85ad-59e31c71aecf	1471761	1.0	confident	Novibacillus thermophilus	Bacteria
ee3033e1-7bb8-430f-96e9-07d0a3e8a344	1471761	1.0	confident	Novibacillus thermophilus	Bacteria
b05ffb13-11e7-481c-b625-55020b8c815d	1471761	1.0	confident	Novibacillus thermophilus	Bacteria
e45d07e3-9075-461a-8bbd-26ed0083d537	1471761	1.0	confident	Novibacillus thermophilus	Bacteria
5014d1c8-19ba-4d8f-beb8-b7b05f45b623	1471761	1.0	confident	Novibacillus thermophilus	Bacteria
a1eaf65a-9272-410c-8e1f-c2e56880c575	1471761	1.0	confident	Novibacillus thermophilus	Bacteria
bbceba1b-ea55-4376-96e2-2ebff19cb77f	1471761	1.0	confident	Novibacillus thermophilus	Bacteria
cd778700-0e8d-4716-8470-4b01a127b223	1471761	1.0	confident	Novibacillus thermophilus	Bacteria
60e452ae-2dd1-4db0-8cc9-d439a694d2b7	1471761	1.0	confident	Novibacillus thermophilus	Bacteria
83cc7ac4-3158-48c1-ae58-0e3e43c1400a	1471761	1.0	confident	Novibacillus thermophilus	Bacteria
0aa40583-d882-45b0-845b-9124d5fd8e3f	1471761	1.0	confident	Novibacillus thermophilus	Bacteria
34d221f5-872c-4e94-a886-6114cb059a68	1471761	1.0	confident	Novibacillus thermophilus	Bacteria
5d71be1a-5a28-4ce5-83c2-a873a7a6db89	1471761	1.0	confident	Novibacillus thermophilus	Bacteria
8df1de31-2d9b-43f3-8247-2edcb4f8b002	1471761	1.0	confident	Novibacillus thermophilus	Bacteria
2f243b97-3e8d-45fb-a6cc-70a5170b50d1	1471761	1.0	confident	Novibacillus thermophilus	Bacteria
2e5d123d-e06d-4e1b-9ca6-f810533dbb7d	1471761	1.0	confident	Novibacillus thermophilus	Bacteria
d208c82b-a7e6-4882-b5b5-37caf9ba28ff	1471761	1.0	confident	Novibacillus thermophilus	Bacteria
6587a119-37d6-4b76-946a-36fe1d72535a	1471761	1.0	confident	Novibacillus thermophilus	Bacteria
cf3f8f76-0e0d-40aa-96df-5f84b402f083	1471761	1.0	confident	Novibacillus thermophilus	Bacteria
d841c90b-8fe3-4620-b890-dd2695139ec1	1471761	1.0	confident	Novibacillus thermophilus	Bacteria
7d577e39-a533-4680-aa44-c338333bbb0d	2082188	0.8898957998260326	high	Sphingobium sp. YG1	Bacteria
46eb6784-4993-416a-b5d4-4a247469f3ee	2082188	0.9482332776415964	high	Sphingobium sp. YG1	Bacteria
ce12c642-c0f0-4118-bd20-a95d510637a5	2082188	0.8898957998260324	high	Sphingobium sp. YG1	Bacteria
df5cd029-5147-4413-b539-4db6dd669537	2082188	0.8898957998260324	high	Sphingobium sp. YG1	Bacteria
6fe04bba-f919-4b86-94ad-394a470027d5	2082188	0.8898957998260324	high	Sphingobium sp. YG1	Bacteria
db2db172-c16e-47b3-941c-a126e156f645	2082188	0.8898957998260324	high	Sphingobium sp. YG1	Bacteria
b278f0ff-6fbe-4b2b-ae62-0bd10fe02bdc	2082188	0.8898957998260324	high	Sphingobium sp. YG1	Bacteria
2c3d662f-c3e8-4c51-b9e1-ffd422bde61a	2082188	0.8898957998260328	high	Sphingobium sp. YG1	Bacteria
12fc1a0c-c340-4d5e-a84f-02abf28b3477	2082188	0.8898957998260321	high	Sphingobium sp. YG1	Bacteria
4788db14-8c08-49a2-90a7-3da53577d9a3	2082188	0.8898957998260324	high	Sphingobium sp. YG1	Bacteria
2d5e0d64-4b0b-4ea4-8dbf-d37b855464e1	2082188	0.8898957998260324	high	Sphingobium sp. YG1	Bacteria
78bba36f-7e5b-4cf9-9ce9-a31102ecabce	2082188	0.8898957998260326	high	Sphingobium sp. YG1	Bacteria
21defb15-a44f-48cd-af96-1e2052e967c9	2082188	0.8898957998260321	high	Sphingobium sp. YG1	Bacteria
f20e8f56-8119-4aec-9889-ce401b11b9a6	2082188	0.8898957998260324	high	Sphingobium sp. YG1	Bacteria
589b77b8-677e-44cb-a3d2-58c688cccf2e	2082188	0.8898957998260324	high	Sphingobium sp. YG1	Bacteria
ddeef92d-8f12-448d-adf3-656cdf1cad48	2082188	0.8898957998260324	high	Sphingobium sp. YG1	Bacteria
44e06594-cb73-4f85-bb40-98470856ec51	2082188	0.8898957998260324	high	Sphingobium sp. YG1	Bacteria
6ff802bd-3ff6-4512-b752-5cc1450ea731	2082188	0.8898957998260324	high	Sphingobium sp. YG1	Bacteria
b24f184c-524c-4758-8746-71721b9ca18b	2082188	0.8898957998260324	high	Sphingobium sp. YG1	Bacteria
6191872b-d3fa-4edd-ba8d-04ef1cb9137f	2082188	0.8898957998260324	high	Sphingobium sp. YG1	Bacteria
b17fb273-53ad-497e-acc9-d5f03ecc4348	2082188	0.8898957998260324	high	Sphingobium sp. YG1	Bacteria
d2a3f374-dc90-471f-8fb4-3541889a4ce9	2082188	0.8898957998260324	high	Sphingobium sp. YG1	Bacteria
5fca680d-d27a-4d2a-a00e-e84e6bb93035	2082188	0.8898957998260328	high	Sphingobium sp. YG1	Bacteria
9805a339-e82d-4d3b-8926-c07212413cb6	2082188	0.8898957998260321	high	Sphingobium sp. YG1	Bacteria
a41037a3-1434-48cf-9265-22c7644ed581	2082188	0.8898957998260324	high	Sphingobium sp. YG1	Bacteria
5c761848-6648-4e41-95f7-fda4695d0279	2082188	0.8898957998260324	high	Sphingobium sp. YG1	Bacteria
b5e3d396-0731-4a8f-80d2-5edb3d350ac0	2082188	0.8898957998260324	high	Sphingobium sp. YG1	Bacteria
0d6ed20d-84b1-4ebf-8c3a-c629da89d75b	2082188	0.8898957998260321	high	Sphingobium sp. YG1	Bacteria
4493a19f-5282-4c41-95ee-8041fa0c6005	2082188	0.8898957998260324	high	Sphingobium sp. YG1	Bacteria
d070c144-48c5-4b30-969c-747adf5fc91f	2082188	0.9482331971229616	high	Sphingobium sp. YG1	Bacteria
41c85a70-2589-41fa-971e-70a052e95f2a	2082188	0.8898957998260328	high	Sphingobium sp. YG1	Bacteria
b328824c-fa70-40a1-9cee-5c1fe673a3b9	2082188	0.8898957998260324	high	Sphingobium sp. YG1	Bacteria
29cbd2bc-0ec1-4f0f-9c2e-5d48a130c08b	2082188	0.8898957998260324	high	Sphingobium sp. YG1	Bacteria
7351bdff-a8d5-4ec4-b173-06153a585e0f	2082188	0.8898957998260324	high	Sphingobium sp. YG1	Bacteria
bad09a91-c329-47ac-83c8-756333a0832e	2082188	0.8898957998260328	high	Sphingobium sp. YG1	Bacteria
71e1017a-c924-4fb8-94c8-28ae1b4eb62c	2082188	0.8898957998260326	high	Sphingobium sp. YG1	Bacteria
b14acee0-fc79-4afa-b6ed-3e29a50de91f	2082188	0.8898957998260328	high	Sphingobium sp. YG1	Bacteria
bb0c3d52-cb11-47ab-a287-e686ca9579e9	2082188	0.8898957998260326	high	Sphingobium sp. YG1	Bacteria
59fe6b6d-b9bd-410c-bd0c-f7fbdba69179	2082188	0.8898957998260324	high	Sphingobium sp. YG1	Bacteria
fad728ea-60fe-4428-9898-7210b8dd6fac	2082188	0.8898957998260324	high	Sphingobium sp. YG1	Bacteria
c56a2d2b-2594-4cbe-90f4-1cdc4d1dec9b	2082188	0.8898957998260324	high	Sphingobium sp. YG1	Bacteria
f9491032-c18f-45a8-b21b-aea486150cd8	2082188	0.8898957998260321	high	Sphingobium sp. YG1	Bacteria
bfb1f124-01e1-4a01-9a42-cd9fe8b101b4	2082188	0.8898957998260324	high	Sphingobium sp. YG1	Bacteria
8ea0ca8f-85ac-4d34-a36c-3586d75c53fc	2082188	0.8898957998260321	high	Sphingobium sp. YG1	Bacteria
beb49b65-b567-413c-8ecb-5717871a0088	2082188	0.8898957998260324	high	Sphingobium sp. YG1	Bacteria
434c12d0-a062-466d-af58-eeadb18110fd	2082188	0.8898957998260326	high	Sphingobium sp. YG1	Bacteria
0936104e-2b9c-4589-8cca-fbd607b366f1	2082188	0.8898957998260324	high	Sphingobium sp. YG1	Bacteria
c002d9ba-deae-4e19-9302-773e0e6cb288	2082188	0.8898957998260324	high	Sphingobium sp. YG1	Bacteria
92bf9525-aa78-4b7c-97e5-83b3d54b2f4d	2082188	0.8898957998260326	high	Sphingobium sp. YG1	Bacteria
3e8a37bd-abac-4045-922a-245bbba40512	2082188	0.8898957998260324	high	Sphingobium sp. YG1	Bacteria
0d8b0a24-ac6e-4ea9-a203-bc29a201a25b	2082188	0.8898957998260326	high	Sphingobium sp. YG1	Bacteria
11c1ad62-2d8a-43aa-b463-799b0ad718cc	2082188	0.8898957998260328	high	Sphingobium sp. YG1	Bacteria
1c76dd90-2360-4dd8-bed2-17938853eb5f	2082188	0.8898957998260321	high	Sphingobium sp. YG1	Bacteria
0ecb29fd-e343-42b6-bd9d-1a521f0998a1	2082188	0.8898957998260324	high	Sphingobium sp. YG1	Bacteria
58fb92d2-f776-4991-b4c9-b2f55ad92ff2	2082188	0.8898957998260326	high	Sphingobium sp. YG1	Bacteria
34bde64c-7282-47d3-b5c8-5b1f3d590021	2082188	0.8898957998260326	high	Sphingobium sp. YG1	Bacteria
0e15707a-6ec9-4676-a12f-5403305a2e9f	2082188	0.8898957998260321	high	Sphingobium sp. YG1	Bacteria
c165e2fa-732f-40ea-b8f5-e9d1c7489048	2082188	0.8898957998260328	high	Sphingobium sp. YG1	Bacteria
665fd035-afab-45c0-b4fd-521f9f605d12	2082188	0.8898957998260326	high	Sphingobium sp. YG1	Bacteria
c1826172-3e30-46eb-a732-c63dbee70f4a	2082188	0.8898957998260324	high	Sphingobium sp. YG1	Bacteria
846ec449-0725-4495-9dbd-be03fe2be77c	2082188	0.8898957998260324	high	Sphingobium sp. YG1	Bacteria
6d17ce31-544b-4a96-9513-1d9b76e4f797	2082188	0.8898957998260321	high	Sphingobium sp. YG1	Bacteria
4f9e68c7-1068-457e-a35e-2eb4ce1de672	2082188	0.8898957998260324	high	Sphingobium sp. YG1	Bacteria
ca6a86c8-636d-47aa-89ba-dea103aecc13	2082188	0.8898957998260324	high	Sphingobium sp. YG1	Bacteria
d56b567b-59a3-4814-a37b-e86a112512f3	2082188	0.8898957998260324	high	Sphingobium sp. YG1	Bacteria
dba54142-355e-4736-a81b-b8fa4c8f4fb5	2082188	0.8898957998260324	high	Sphingobium sp. YG1	Bacteria
e9f84e2a-afc1-41aa-8e0a-0379458155f3	2082188	0.8898957998260324	high	Sphingobium sp. YG1	Bacteria
18b4b7c8-c575-4fd5-a47d-92bb8e3e29cd	2082188	0.8898957998260321	high	Sphingobium sp. YG1	Bacteria
c84eb72f-64c7-44a8-a917-5858b45d9324	2082188	0.8898957998260324	high	Sphingobium sp. YG1	Bacteria
85dbd447-6e5c-4d3e-9bde-fe31fddc60ab	2082188	0.948233036427244	high	Sphingobium sp. YG1	Bacteria
9146be2d-fc92-4ae8-b9ee-841f7151b8c3	2082188	0.8898957998260324	high	Sphingobium sp. YG1	Bacteria
1aa4e9a7-9101-4684-a03d-d3be65e3cf4c	2082188	0.8898957998260326	high	Sphingobium sp. YG1	Bacteria
16719fe6-adda-472c-88f1-6140940e6d4b	2082188	0.8898957998260324	high	Sphingobium sp. YG1	Bacteria
3ecebfe7-1808-4712-b211-e56661b999fa	2082188	0.8898957998260324	high	Sphingobium sp. YG1	Bacteria
8808435d-50be-4207-a639-1878e3c83002	2082188	0.8898957998260324	high	Sphingobium sp. YG1	Bacteria
96fb89d4-53d1-4fbe-a5ab-b9ebcdb83ad7	2082188	0.8898957998260324	high	Sphingobium sp. YG1	Bacteria
358130df-83b6-46f0-a7da-0e6cbb69f06f	2082188	0.8898957998260326	high	Sphingobium sp. YG1	Bacteria
0b81d4aa-0d1a-42e5-bdc7-f29edc53754d	2082188	0.8898957998260324	high	Sphingobium sp. YG1	Bacteria
59d5fad8-f0f5-4716-9b83-8b48b02376ea	2082188	0.8898957998260326	high	Sphingobium sp. YG1	Bacteria
a60670b2-3efc-4c91-b234-d1b4b22b8967	2082188	0.8898957998260324	high	Sphingobium sp. YG1	Bacteria
ac8fbef4-9647-4fc8-87c1-2c958fe4d8d5	2082188	0.8898957998260326	high	Sphingobium sp. YG1	Bacteria
2d4029c8-ed45-4e82-8573-0283ff47d489	2082188	0.8898957998260328	high	Sphingobium sp. YG1	Bacteria
5a601f8c-80f6-43fa-bc88-d0ffbc1a3e02	2082188	0.8898957998260326	high	Sphingobium sp. YG1	Bacteria
4d8fe9a4-fca2-4cf5-a0dd-52ea96eec252	2082188	0.8898957998260324	high	Sphingobium sp. YG1	Bacteria
73590e55-3d66-4a8d-b414-3f0b4fb6ba4f	2082188	0.8898957998260326	high	Sphingobium sp. YG1	Bacteria
9bad7d79-6a67-4055-a0c6-c2f540a27236	2082188	0.8898957998260326	high	Sphingobium sp. YG1	Bacteria
c75d81b1-7343-4de4-8efe-63201f522416	2082188	0.8898957998260324	high	Sphingobium sp. YG1	Bacteria
c5c05d62-c531-4726-8459-f1500acb2877	2082188	0.8898957998260324	high	Sphingobium sp. YG1	Bacteria
29747406-752e-43f0-a8dd-24e0e5eb050b	2082188	0.8898957998260326	high	Sphingobium sp. YG1	Bacteria
48c61289-83c7-4d46-a776-cb4d3cbf3606	2082188	0.8898957998260324	high	Sphingobium sp. YG1	Bacteria
f949d54c-90e8-4dfc-b288-6e14769ec446	2082188	0.8898957998260328	high	Sphingobium sp. YG1	Bacteria
410b85ef-f3b6-485f-b3ce-6c20eb07aaac	2082188	0.8898957998260324	high	Sphingobium sp. YG1	Bacteria
6b7e0aa0-6a60-43ef-a2fe-512a0fa641e1	2082188	0.8898957998260324	high	Sphingobium sp. YG1	Bacteria
906583e7-1f4d-4a1d-898c-7999b3c005f8	2082188	0.8898957998260326	high	Sphingobium sp. YG1	Bacteria
7f707ca0-348f-4b1a-ae85-db663b47a8e1	2082188	0.8898957998260326	high	Sphingobium sp. YG1	Bacteria
0dffdfcc-5188-4c10-bcbc-abd761a8f748	2082188	0.8898957998260326	high	Sphingobium sp. YG1	Bacteria
857421f8-baa3-494c-9044-ccc8a32698e0	2082188	0.8898957998260326	high	Sphingobium sp. YG1	Bacteria
dfa58390-9de0-4ef8-a6c7-74534e1f0a22	2082188	0.8898957998260324	high	Sphingobium sp. YG1	Bacteria
f1216e5b-ede3-4b66-8217-aca7b92fb809	2082188	1.0	confident	Sphingobium sp. YG1	Bacteria
9d10e077-ab36-49d4-9f16-765242c280e8	2082188	0.8898957998260321	high	Sphingobium sp. YG1	Bacteria
8bb8ea00-0e27-4be5-91e5-427e54a4b26c	2082188	0.8898957998260324	high	Sphingobium sp. YG1	Bacteria
ab5bfb69-da00-4f9f-b58a-d3a5461d329e	2082188	0.8898957998260324	high	Sphingobium sp. YG1	Bacteria
4f3ad9e1-8779-491a-9672-8b0f3f1099ac	2082188	0.8898957998260324	high	Sphingobium sp. YG1	Bacteria
ad46fe0e-4108-432c-b95b-678656e44db6	2082188	0.8898957998260326	high	Sphingobium sp. YG1	Bacteria
50843676-f8b3-4d58-898f-79826068fb87	2082188	0.8898957998260324	high	Sphingobium sp. YG1	Bacteria
aeaec508-b803-4a5b-be17-5f43a33bc2e5	2082188	0.8898957998260326	high	Sphingobium sp. YG1	Bacteria
1a595154-e9bf-4e76-aa93-178356dae32b	2082188	0.8898957998260326	high	Sphingobium sp. YG1	Bacteria
33ed9dba-c879-4100-9e4e-f9313dc7380b	2082188	0.8898957998260326	high	Sphingobium sp. YG1	Bacteria
c52b0ed3-5141-4274-b5e5-80967ffd08bb	2082188	0.8898957998260326	high	Sphingobium sp. YG1	Bacteria
81b9b489-8781-4de6-8336-c616d5216e78	2082188	0.8898957998260324	high	Sphingobium sp. YG1	Bacteria
f7c52942-34ed-49e2-977e-4019df28b407	2082188	0.8898957998260324	high	Sphingobium sp. YG1	Bacteria
d52cbe9e-6598-48e9-bb74-a73d22c8cb8c	2082188	0.7809996446575582	medium	Sphingobium sp. YG1	Bacteria
07b320a8-af6e-4953-99f3-48fb5151f141	2082188	0.8898957998260326	high	Sphingobium sp. YG1	Bacteria
ad678ff6-6c2f-4adb-a2af-9ed9212441d3	2082188	0.8898957998260328	high	Sphingobium sp. YG1	Bacteria
3f5ae844-5776-45a3-9bc1-c3da9a3712de	2082188	0.8898957998260328	high	Sphingobium sp. YG1	Bacteria
d34cc41b-bbc3-474c-a6db-9a0ddc053c53	2082188	0.8898957998260324	high	Sphingobium sp. YG1	Bacteria
81ec8147-b225-4089-abb8-8a5236a2dd13	2082188	0.8898957998260324	high	Sphingobium sp. YG1	Bacteria
795eb153-9ea8-47b8-b8f8-a9d26ee2dc3b	2082188	0.8898957998260321	high	Sphingobium sp. YG1	Bacteria
cf33126c-201c-4d6c-8930-37478f8ae5dd	2082188	0.8898957998260324	high	Sphingobium sp. YG1	Bacteria
56874de5-9687-453b-90a8-6fd16abe8263	2082188	0.8898957998260324	high	Sphingobium sp. YG1	Bacteria
4c5eb745-e3b3-4f7b-a3d5-94a8a250a4a1	2082188	0.8898957998260326	high	Sphingobium sp. YG1	Bacteria
8832ae08-2580-43eb-bee0-2944001bfbc1	2082188	0.8898957998260324	high	Sphingobium sp. YG1	Bacteria
c3ecbaac-d936-4b82-8f02-eb3443bb870a	2082188	0.8898957998260324	high	Sphingobium sp. YG1	Bacteria
12a38c89-d7da-4194-bee3-dc8531883a3e	2082188	0.8898957998260326	high	Sphingobium sp. YG1	Bacteria
6edcc56f-4a0b-4118-b621-59958eb7d095	2082188	0.8898957998260324	high	Sphingobium sp. YG1	Bacteria
998d428b-9f9e-474e-bb2a-1a9d774a37dd	2082188	0.8898957998260326	high	Sphingobium sp. YG1	Bacteria
a5467fff-9481-408e-a105-c71ca135327e	2082188	0.8898957998260324	high	Sphingobium sp. YG1	Bacteria
b88e69de-f7a6-4c50-9ae6-a29eec98853d	2082188	0.8898957998260324	high	Sphingobium sp. YG1	Bacteria
d1130889-3fc5-42c3-9b94-7f0c73a289af	2082188	0.8898957998260321	high	Sphingobium sp. YG1	Bacteria
3224c0af-2f2c-4660-9bad-ae57ab596d14	2082188	0.8898957998260326	high	Sphingobium sp. YG1	Bacteria
883bd859-102d-4ffa-87bc-4eca24aea8cc	2082188	0.8898957998260324	high	Sphingobium sp. YG1	Bacteria
ecdf1706-e68d-435a-a9d0-afac7918dbc7	2082188	0.8898957998260324	high	Sphingobium sp. YG1	Bacteria
7cb553a0-64d3-45c9-a65f-78652584fa85	2082188	0.8898957998260328	high	Sphingobium sp. YG1	Bacteria
18eae4e4-df34-4dd3-a0ed-cea340eaea2c	2082188	0.8898957998260326	high	Sphingobium sp. YG1	Bacteria
94360712-b82d-4c34-85a8-0e1923c006ee	2082188	0.8898957998260326	high	Sphingobium sp. YG1	Bacteria
f8cffad9-1a28-4b45-9280-65062999fba5	2082188	0.8898957998260324	high	Sphingobium sp. YG1	Bacteria
d3b34689-bb56-4fc2-9e99-7057c738312e	2082188	0.8898957998260326	high	Sphingobium sp. YG1	Bacteria
9f0a05f3-6f1b-4d99-9be1-41dcb2abf28a	2082188	0.8898957998260321	high	Sphingobium sp. YG1	Bacteria
dec9878b-c25b-42d6-9dd7-df2c9842991a	2082188	0.8898957998260321	high	Sphingobium sp. YG1	Bacteria
b8d9fc84-66f2-4f71-8151-cc2cdbf6307a	2082188	0.8898957998260324	high	Sphingobium sp. YG1	Bacteria
b5755591-9d12-4fae-9ff6-76164670125b	2082188	0.8898957998260326	high	Sphingobium sp. YG1	Bacteria
3f025e23-eac3-439f-9c8f-c2967161abdf	2082188	0.8898957998260324	high	Sphingobium sp. YG1	Bacteria
0e6a5a83-a24c-47a6-8f1b-8a4f0e64b45c	2082188	0.8898957998260326	high	Sphingobium sp. YG1	Bacteria
89e35de8-9440-4ceb-b023-b208e5bfd357	2082188	0.8898957998260324	high	Sphingobium sp. YG1	Bacteria
93793832-ae78-4538-a408-3791d8ee642d	2082188	0.8898957998260324	high	Sphingobium sp. YG1	Bacteria
f4d96041-3e22-4403-87a1-20607b065574	2082188	0.8898957998260324	high	Sphingobium sp. YG1	Bacteria
58cc99fe-b096-4a00-aea4-fbdb63368dc1	2082188	0.8898957998260324	high	Sphingobium sp. YG1	Bacteria
36a2fc10-a8db-4be3-a152-8ab2f3f5fea1	2082188	0.8898957998260326	high	Sphingobium sp. YG1	Bacteria
a13353b7-7397-46da-aca8-58359299b469	2082188	0.8898957998260324	high	Sphingobium sp. YG1	Bacteria
8e27fdce-9094-4c92-8418-c35589d1c800	2082188	0.8898957998260326	high	Sphingobium sp. YG1	Bacteria
013123bb-8034-4ca7-a6e1-af5dbc7b9eaa	2082188	0.948233277641596	high	Sphingobium sp. YG1	Bacteria
59f19e56-6f06-4d77-ada8-051ce44964ac	2082188	0.8898957998260321	high	Sphingobium sp. YG1	Bacteria
3ef7f204-33fe-4000-ad31-9b3bd0b3f623	2082188	0.8898957998260324	high	Sphingobium sp. YG1	Bacteria
d3e1eee2-ff18-47ac-8642-06b2b5792c11	2082188	0.8898957998260326	high	Sphingobium sp. YG1	Bacteria
0e88b9b3-ca86-400b-bed1-0db375da47ee	2082188	0.8898957998260328	high	Sphingobium sp. YG1	Bacteria
2b6e9ccf-844e-4871-b1cf-84d7cc4c50cc	2082188	0.8898957998260324	high	Sphingobium sp. YG1	Bacteria
fb110994-ca51-4aca-a3d3-a6a71f1d3d75	2082188	0.8898957998260324	high	Sphingobium sp. YG1	Bacteria
fc4e878b-7562-4bf5-a45d-b696531727b2	2082188	0.9821584645653454	high	Sphingobium sp. YG1	Bacteria
0a8bc172-a4fc-4f5e-a787-4af896eeace8	2082188	0.8898957998260328	high	Sphingobium sp. YG1	Bacteria
70780e3d-0dac-46e1-88c1-8f89fed3578b	2082188	0.8898957998260324	high	Sphingobium sp. YG1	Bacteria
16efa3a4-5e6e-4889-b1f3-3c613a01a618	2082188	0.8898957998260324	high	Sphingobium sp. YG1	Bacteria
a086480c-cb6b-4da8-9c8c-f4cc66e8b475	2082188	0.8898957998260324	high	Sphingobium sp. YG1	Bacteria
632a0d64-c4f8-4559-addf-dafc5615b435	2082188	0.8898957998260326	high	Sphingobium sp. YG1	Bacteria
e94df2d7-12f0-4b53-ad6f-d41d54c49742	2082188	0.8898957998260326	high	Sphingobium sp. YG1	Bacteria
249f6826-fb66-49de-948d-ee97d914663d	2082188	0.8898957998260324	high	Sphingobium sp. YG1	Bacteria
ac8a731b-59cb-4699-abf2-8e03e371bf31	2082188	0.8898957998260326	high	Sphingobium sp. YG1	Bacteria
ed6b97e1-b6b4-440f-89dd-9ad323b3f03e	2082188	0.8898957998260328	high	Sphingobium sp. YG1	Bacteria
ff4131e6-0d1e-4c1b-8e7d-499b99dee8de	2082188	0.8898957998260324	high	Sphingobium sp. YG1	Bacteria
201712ee-ef78-4ec8-abfa-3334e62d255d	2082188	0.8898957998260328	high	Sphingobium sp. YG1	Bacteria
689ce82a-f18e-416b-aef8-0c356dfa864b	2082188	0.7809996446575579	medium	Sphingobium sp. YG1	Bacteria
cfbc5c8f-b993-4d49-80b1-a3e460a24eff	2082188	0.8898957998260321	high	Sphingobium sp. YG1	Bacteria
f0671f47-36e6-417f-9486-99714004a6b0	2082188	0.9961648691928964	high	Sphingobium sp. YG1	Bacteria
d2d53628-a617-4053-ab98-7eab47233116	2082188	0.8898957998260321	high	Sphingobium sp. YG1	Bacteria
91426c52-ad40-4699-b9a7-8ee95b0e2749	2082188	0.8898957998260321	high	Sphingobium sp. YG1	Bacteria
368288f6-28cd-4741-b875-829cf38b924b	2082188	0.8898957998260326	high	Sphingobium sp. YG1	Bacteria
11452b03-aa20-4bcf-b865-1ba94b05e0ed	2082188	0.8898957998260326	high	Sphingobium sp. YG1	Bacteria
4d89a26a-2257-4e62-ae17-b66d227f3835	2082188	0.8898957998260324	high	Sphingobium sp. YG1	Bacteria
f57839c3-b648-4f7f-a775-2f894dcfc630	2082188	0.8898957998260326	high	Sphingobium sp. YG1	Bacteria
60405b88-a79d-41c0-b9ae-6a6399a0eed5	2082188	0.8898957998260324	high	Sphingobium sp. YG1	Bacteria
509fef1d-d25a-441e-a1f5-c9a01bb0bdd9	2082188	0.8898957998260328	high	Sphingobium sp. YG1	Bacteria
280d0ec1-0607-4352-9fee-32a7e79fad5a	2082188	0.8898957998260328	high	Sphingobium sp. YG1	Bacteria
ec0afa0b-0716-4310-94b6-a2baa0272437	2082188	0.8898957998260321	high	Sphingobium sp. YG1	Bacteria
fbee1a2f-2795-49b5-852e-a40fd2f102be	2082188	0.8898957998260326	high	Sphingobium sp. YG1	Bacteria
a03a3a3b-4bd2-4723-a220-b1602f064573	2082188	0.8898957998260326	high	Sphingobium sp. YG1	Bacteria
92477d79-bdd8-45df-9f3a-9eb0c4d94a34	2082188	0.8898957998260324	high	Sphingobium sp. YG1	Bacteria
ed6f44f4-658d-4f06-83cd-92ce5349cd43	2082188	0.8898957998260324	high	Sphingobium sp. YG1	Bacteria
0f375680-0c64-42e6-a7d6-41f2aacc6a37	2082188	0.8898957998260326	high	Sphingobium sp. YG1	Bacteria
9bfc2a10-1f19-435c-b2e8-634b91fe2fb3	2082188	0.8898957998260324	high	Sphingobium sp. YG1	Bacteria
3a891d09-e226-46a7-bc2f-dfed72d378b0	2082188	0.8898957998260324	high	Sphingobium sp. YG1	Bacteria
4e4f904c-e1c7-4199-893d-6adb560f121e	2082188	0.8898957998260324	high	Sphingobium sp. YG1	Bacteria
14a6525b-8a9b-4bee-9280-4f7640407be3	2082188	0.8898957998260328	high	Sphingobium sp. YG1	Bacteria
91954d07-e07f-465d-8a77-22be102adccf	2082188	0.8898957998260324	high	Sphingobium sp. YG1	Bacteria
daf21e7b-b71c-400e-bad2-c3a03e1c9c74	2082188	0.8898957998260326	high	Sphingobium sp. YG1	Bacteria
a4370d51-7bf8-42b1-8fea-a6744aa94b22	2082188	0.8898957998260324	high	Sphingobium sp. YG1	Bacteria
74ac78d0-c9ff-4be5-a20e-35fc3a2565fb	2082188	0.8898957998260328	high	Sphingobium sp. YG1	Bacteria
bee2a888-272a-4798-9f30-d3b72ccd591c	2082188	0.8898957998260326	high	Sphingobium sp. YG1	Bacteria
f7a7b71e-8511-4165-ba96-ba56402a871d	2082188	0.8898957998260324	high	Sphingobium sp. YG1	Bacteria
8bb9f1d8-6f92-4ffb-8176-70c4fa60e6ae	2082188	0.8898957998260326	high	Sphingobium sp. YG1	Bacteria
e0945404-d3c4-46d8-9a3d-fa71d795a9ad	2082188	0.8898957998260324	high	Sphingobium sp. YG1	Bacteria
8a37f9ff-e7c8-45e5-9dd7-ed6221657f40	2082188	0.8898957998260324	high	Sphingobium sp. YG1	Bacteria
a7d6fb89-d4e6-4298-9844-6fccae8c6ed3	2082188	0.8898957998260324	high	Sphingobium sp. YG1	Bacteria
d78ece97-1798-4205-81bc-380d50c6160b	2082188	0.8898957998260324	high	Sphingobium sp. YG1	Bacteria
8666f06f-7609-4d48-954f-03131f9dda85	2082188	0.8898957998260324	high	Sphingobium sp. YG1	Bacteria
2f8a48af-37da-492a-a4a7-2104d95adb90	2082188	0.8898957998260326	high	Sphingobium sp. YG1	Bacteria
796ac885-0072-4cd9-88a9-1d54a97d11af	2082188	0.8898957998260335	high	Sphingobium sp. YG1	Bacteria
07e408c5-770d-47aa-b2cf-65e8853029e9	2082188	0.8898957998260324	high	Sphingobium sp. YG1	Bacteria
cef1a28a-b6d9-4304-943f-1009a776848f	2082188	0.8898957998260326	high	Sphingobium sp. YG1	Bacteria
ca587245-73b2-4028-b360-0c5ae36b4e17	2082188	0.8898957998260326	high	Sphingobium sp. YG1	Bacteria
4205394b-4d18-4752-94f6-b72605b186a2	2082188	0.8898957998260324	high	Sphingobium sp. YG1	Bacteria
5d0c0b82-63b1-49fc-9374-6e45083f572c	2082188	0.8898957998260326	high	Sphingobium sp. YG1	Bacteria
2cf7039f-8489-4448-bb2e-cac8945ef2be	2082188	0.8898957998260324	high	Sphingobium sp. YG1	Bacteria
24da67ea-b70d-4044-8da6-fcb0babe887f	2740529	0.6511528701690563	medium	Microvirga terrae	Bacteria
f59fbd7d-e79e-4b6d-8486-0ca306cac126	2740529	0.6511528701690555	medium	Microvirga terrae	Bacteria
6443574b-d79e-457f-b749-818df1b9eaca	2740529	0.6511528701690555	medium	Microvirga terrae	Bacteria
cf8db2c0-2392-42bb-a365-7ba332f146fc	2740529	0.6511528701690563	medium	Microvirga terrae	Bacteria
ba1a69ab-5a65-4dce-b498-34014e2c1a80	2740529	0.6511528701690555	medium	Microvirga terrae	Bacteria
8b24c4fe-5480-40a3-989c-3cfae89c9a15	2740529	0.6511528701690555	medium	Microvirga terrae	Bacteria
13e7c8bb-c1fb-4985-aa5a-58b4435b148c	2740529	0.6511528701690555	medium	Microvirga terrae	Bacteria
d3e58d30-8f17-466c-abbe-6712f24d260a	2740529	0.6511528701690555	medium	Microvirga terrae	Bacteria
5114c2f7-c9d5-4bb3-98a1-532aef541e11	2740529	0.6511528701690555	medium	Microvirga terrae	Bacteria
34cd9c1c-ffbd-4f31-ae8b-2f53c7b1466a	2740529	0.6511528701690555	medium	Microvirga terrae	Bacteria
c279ea1f-2043-4259-89b7-c55404c8a184	2740529	0.6511528701690572	medium	Microvirga terrae	Bacteria
2525c294-b009-4c9c-bcac-7738dc0f627a	2740529	0.6511528701690555	medium	Microvirga terrae	Bacteria
71979a94-8712-43a2-948e-fc76922fef47	2740529	0.6511528701690555	medium	Microvirga terrae	Bacteria
687b6f8e-695e-4f26-8826-27ff36135ae3	2807101	0.5486499792885965	medium	Microvirga sp. VF16	Bacteria
b098f147-31e4-4390-b0a5-6bc549a98cf2	2740529	0.6511528701690555	medium	Microvirga terrae	Bacteria
28248bc6-98a8-4807-a39e-a01d2754d8b4	2740529	0.9664975890681236	high	Microvirga terrae	Bacteria
9b712bfa-39af-4ca8-8948-82f46d4ba045	2740529	0.6511528701690555	medium	Microvirga terrae	Bacteria
c578a9ea-6d87-4b7e-bca3-e2a97efee69b	2740529	0.6511528701690555	medium	Microvirga terrae	Bacteria
8e26c08c-8923-4423-b839-1b70120327d2	2740529	0.9977058954575974	high	Microvirga terrae	Bacteria
1f853a2e-8187-4f4a-b65a-d19829c92239	2740529	0.6511528701690555	medium	Microvirga terrae	Bacteria
44d8ff95-0ed2-4c27-95cd-e1343777ec31	2740529	0.6511528701690555	medium	Microvirga terrae	Bacteria
2cf91f44-14d6-4546-86c4-c25dcb6d42cc	2740529	0.6511528701690555	medium	Microvirga terrae	Bacteria
c9f0d237-a5b3-4354-8ecd-d09118500f87	2740529	0.6511528701690555	medium	Microvirga terrae	Bacteria
dc22334f-fa74-46cb-8b33-ce0ffc196f5b	2740529	0.6511528701690555	medium	Microvirga terrae	Bacteria
8eba56ae-b878-455a-8940-a2e1e0b19548	2740529	0.6511528701690555	medium	Microvirga terrae	Bacteria
21142f1b-5edd-4208-823e-626dc1d3119f	2740529	0.6511528701690555	medium	Microvirga terrae	Bacteria
53193986-e1b4-4044-8826-88669a3804fd	2740529	0.8090512244423003	high	Microvirga terrae	Bacteria
e0c21d47-2177-4b00-9bd5-d648dd5689d9	2740529	0.6511528701690563	medium	Microvirga terrae	Bacteria
269c6d39-d721-4061-b466-d850ddaf8b87	2740529	0.6511528701690555	medium	Microvirga terrae	Bacteria
f3d55796-cafb-45c3-a35d-2745dc0968db	2740529	0.6511528701690555	medium	Microvirga terrae	Bacteria
22e71de5-7ba4-4cd7-981c-fcd85a740fd9	2740529	0.6511528701690563	medium	Microvirga terrae	Bacteria
f8b54ec4-ba96-445a-9fe4-338b86215d94	2740529	0.8090555423306334	high	Microvirga terrae	Bacteria
4477ccf6-709e-4eb8-94c1-b6f45ecd047f	2740529	0.6511528701690555	medium	Microvirga terrae	Bacteria
6b10d9c2-a3a8-42c3-a02b-deb180583a5d	2740529	0.8092554614982228	high	Microvirga terrae	Bacteria
2c3f9bd5-56c6-46b1-a436-5c7ca6666940	2807101	0.548651197022851	medium	Microvirga sp. VF16	Bacteria
77d2494f-bb6d-496d-a979-93cda0dc9098	2740529	0.8089862270868	high	Microvirga terrae	Bacteria
e59f468a-2bc2-416c-8b5f-ceff3cc28ffc	2740529	0.9977046052292656	high	Microvirga terrae	Bacteria
7a97843b-1e83-45de-b4b7-c38830d116e8	2740529	0.6511528701690555	medium	Microvirga terrae	Bacteria
3425a0b3-ce2a-41e4-b3d8-4bb993d768fe	2740529	0.6511528701690555	medium	Microvirga terrae	Bacteria
c29a173c-9a2d-4176-aeb5-46c3bdddde8f	2740529	0.6511528701690563	medium	Microvirga terrae	Bacteria
f59690b3-236c-4bba-b7a8-91331e7dc39e	2740529	0.6511528701690555	medium	Microvirga terrae	Bacteria
54103531-c6a4-4692-9169-d51f8563a35f	2807101	0.548651197022851	medium	Microvirga sp. VF16	Bacteria
58efbb2a-472b-455a-aecf-c0ebb11e8e77	2740529	0.6511528701690555	medium	Microvirga terrae	Bacteria
508e561c-76cc-491c-9668-4d3ddc06a0fb	2740529	0.6511528701690555	medium	Microvirga terrae	Bacteria
742c8793-fc9f-4fbc-8dff-c2060199c082	2740529	0.6511528701690555	medium	Microvirga terrae	Bacteria
8d630663-e90d-4ee8-b03d-009544c222a9	2740529	0.6511528701690555	medium	Microvirga terrae	Bacteria
f0b7466e-512f-4eba-ab13-03d3f873fa5e	2740529	0.9637270251189992	high	Microvirga terrae	Bacteria
3c64362c-e820-48cd-89b5-a1ebf549e9c5	2740529	0.6511528701690572	medium	Microvirga terrae	Bacteria
9dbdb582-900b-47ee-8e32-66d9b652689e	2740529	0.6511528701690555	medium	Microvirga terrae	Bacteria
e5f2176d-ee0e-4205-85b9-131a7b915d45	2740529	0.6511528701690555	medium	Microvirga terrae	Bacteria
55638078-2c7f-478a-8a92-6526ab07f4ad	2740529	0.6511528701690555	medium	Microvirga terrae	Bacteria
91aa689b-f318-4b43-9165-7eb119993f71	2740529	0.6511528701690563	medium	Microvirga terrae	Bacteria
1242d80b-a022-458d-a1bd-9bd62e234007	2740529	0.6511528701690555	medium	Microvirga terrae	Bacteria
50edfdd2-c382-44fa-8d7d-17c1138e6ff0	2807101	0.5486475541381386	medium	Microvirga sp. VF16	Bacteria
df277711-6aef-4143-94af-60954f459077	2740529	0.6511528701690555	medium	Microvirga terrae	Bacteria
bc45563b-b375-4fec-acda-1615095cc9cb	2740529	0.6511528701690563	medium	Microvirga terrae	Bacteria
b870e228-30eb-4dbf-bf45-ce5c6daf6431	2740529	0.6511528701690555	medium	Microvirga terrae	Bacteria
0599459d-5f65-4deb-9f43-efb9a4934026	2740529	0.6511528701690555	medium	Microvirga terrae	Bacteria
bd74c9b5-0dc0-43cd-b5a1-cc0966fcf8ee	2740529	0.6511528701690563	medium	Microvirga terrae	Bacteria
b4521757-ac58-4b6d-b5be-8646e50f5f36	2740529	0.6511528701690555	medium	Microvirga terrae	Bacteria
d7c631ef-8fc4-456c-aa08-5251931c1ee1	2740529	0.8091630995340364	high	Microvirga terrae	Bacteria
14ab1494-7406-4217-8bc6-71965f3ebc64	2740529	0.6511528701690555	medium	Microvirga terrae	Bacteria
9a150218-efde-4216-a94d-1627de226fb1	2807101	0.9954520536671776	high	Microvirga sp. VF16	Bacteria
f6531cdf-1d23-404d-829b-5e3f42cef3f2	2807101	0.8622252016755119	high	Microvirga sp. VF16	Bacteria
22911d09-bbf1-40e6-bc68-d343a480d3d3	2740529	0.6511528701690555	medium	Microvirga terrae	Bacteria
abbec655-e287-4625-a9dd-d066be21e23a	2740529	0.809053135873409	high	Microvirga terrae	Bacteria
94ebb546-777e-4193-8697-620b7952c507	2740529	0.6511528701690555	medium	Microvirga terrae	Bacteria
844b91ab-8765-4195-bdba-bcffc77f825c	2740529	0.6511528701690555	medium	Microvirga terrae	Bacteria
4e3c01bb-1ad1-4ecb-a2ef-1b10310d5f00	2740529	0.6511528701690563	medium	Microvirga terrae	Bacteria
934fe2fb-3048-419e-a813-5d1803d99491	2740529	0.6511528701690555	medium	Microvirga terrae	Bacteria
b72f9313-bca2-4cc1-add7-2753d8f989b6	2740529	0.6511528701690555	medium	Microvirga terrae	Bacteria
4163e2a7-59fb-4da2-8af8-dbcb754c5a49	2740529	0.6511528701690555	medium	Microvirga terrae	Bacteria
c15a66ac-9e4b-4bc5-8440-652cb39ca83f	2740529	0.6511528701690555	medium	Microvirga terrae	Bacteria
ade7ff6c-0f4d-41b6-b698-0c4fa73df89f	2740529	0.8487396063972242	high	Microvirga terrae	Bacteria
46591f6b-625c-4fbd-9963-ff5751bcc18c	2740529	0.6511528701690555	medium	Microvirga terrae	Bacteria
8805041e-3e78-4b8b-adea-1909310ac1ae	2740529	0.6511528701690563	medium	Microvirga terrae	Bacteria
ec6c0bbe-fed7-4ca0-8b52-d4e35c46dbcf	2740529	0.6511528701690555	medium	Microvirga terrae	Bacteria
2f6580a5-375a-402c-a678-e9cce84a8321	2740529	0.8090381764568932	high	Microvirga terrae	Bacteria
2b599eea-973c-4811-9c0d-8610b59c2e77	2740529	0.6511528701690563	medium	Microvirga terrae	Bacteria
7ddb5d39-e981-4fa2-98be-e0e1a3aeb195	2740529	0.6511528701690555	medium	Microvirga terrae	Bacteria
7bcd3759-e1bb-48d9-aaa8-bcba90b0a0a2	2740529	0.6511528701690555	medium	Microvirga terrae	Bacteria
4881997b-c6cf-41d8-98e8-ecc610ed57df	2740529	0.6511528701690555	medium	Microvirga terrae	Bacteria
2aef65c2-a9da-4595-aa23-a8e5588bc50f	2740529	0.6511528701690563	medium	Microvirga terrae	Bacteria
7e05dc03-dbb0-4e6b-ad97-7f4eeb891f28	2740529	0.6511528701690563	medium	Microvirga terrae	Bacteria
681bb4ad-3fdb-43d4-af8e-69187ef2b2a4	2740529	0.6511528701690555	medium	Microvirga terrae	Bacteria
7e7cd63c-9b9a-4d01-8401-6870d3c4995a	2740529	0.6511528701690555	medium	Microvirga terrae	Bacteria
f16c83e1-4f3d-4c12-a8f0-2f3a98ae986a	2807101	0.5484865434578323	medium	Microvirga sp. VF16	Bacteria
c87d7f0a-6467-45e5-a353-59c43fe53a5e	2740529	0.6511528701690555	medium	Microvirga terrae	Bacteria
769d1ea7-8c5b-47d7-9815-57f7fe18a347	2807101	0.5488373763681602	medium	Microvirga sp. VF16	Bacteria
5ba0a363-8b37-44d9-8f0e-6751167ed0bd	2740529	0.6511528701690572	medium	Microvirga terrae	Bacteria
0f6c56b1-98bd-407a-88da-89f04c23470e	2740529	0.6511528701690555	medium	Microvirga terrae	Bacteria
86a24460-b4fa-441a-8555-0edd31ccfc1a	2740529	0.6511528701690555	medium	Microvirga terrae	Bacteria
33127da6-6d2f-463a-842d-d9c1acfd7287	2740529	0.6511528701690555	medium	Microvirga terrae	Bacteria
9b07f849-f439-48bb-b326-00d1cb8c816f	2740529	0.6511528701690555	medium	Microvirga terrae	Bacteria
792ebca0-ff14-4e0e-9d55-2148d183bc94	2740529	0.6511528701690555	medium	Microvirga terrae	Bacteria
2b8ee87d-47dc-40cd-aedb-dae55fbc844f	2740529	0.6511528701690555	medium	Microvirga terrae	Bacteria
c55ccabc-044f-47c1-b67c-c12cbc122bc1	2740529	0.6511528701690555	medium	Microvirga terrae	Bacteria
0dfdfe94-5cf4-45fd-a830-3ba7d5bec2f4	2740529	0.6511528701690563	medium	Microvirga terrae	Bacteria
91eb7958-f806-4a89-9a3e-a69299a0c8bb	2740529	0.6511528701690555	medium	Microvirga terrae	Bacteria
86db98a4-3105-4157-a406-1fefdc89bf9b	2740529	0.6511528701690555	medium	Microvirga terrae	Bacteria
c861ab4c-ad27-472f-919d-862dd51c14cf	2740529	0.6511528701690563	medium	Microvirga terrae	Bacteria
a10c61ad-96f2-41b9-9bd8-8a39cef158ef	2740529	0.6511528701690555	medium	Microvirga terrae	Bacteria
16f1b97f-0049-417a-9753-794c624f29f6	2740529	0.6511528701690555	medium	Microvirga terrae	Bacteria
633b7093-0f2f-4e81-bc34-2c3a9f3e5536	2740529	0.6511528701690555	medium	Microvirga terrae	Bacteria
6094552f-c3f9-4034-97ea-37a3d05ed187	2740529	0.6511528701690555	medium	Microvirga terrae	Bacteria
ff09aa0e-76f6-47f5-b0b4-e133c3c9aac1	2740529	0.6511528701690555	medium	Microvirga terrae	Bacteria
a7b09ed6-a47d-4dfe-af5e-bd6990a43f0b	2807101	0.7339116932450427	medium	Microvirga sp. VF16	Bacteria
d4368df8-c4ab-4d3b-b6a3-aca161fb67ea	2740529	0.6511528701690572	medium	Microvirga terrae	Bacteria
40abf4b9-821c-471a-81c5-ad48503ba948	2740529	0.6511528701690555	medium	Microvirga terrae	Bacteria
a4c49c3b-8d61-4751-8555-066b8aefb5c2	2740529	0.6511528701690555	medium	Microvirga terrae	Bacteria
81a52554-0f42-4c1b-818f-0ab3eb0f7b94	2740529	0.6511528701690555	medium	Microvirga terrae	Bacteria
c385e07c-a19d-49d9-8331-66b2f55175a2	2740529	0.6511528701690555	medium	Microvirga terrae	Bacteria
be27a836-95d8-4a26-9c92-a2b12d4d8a74	2807101	0.5486493717139649	medium	Microvirga sp. VF16	Bacteria
86b9fd85-5f9b-4339-a428-0126a3964af4	2740529	0.6511528701690555	medium	Microvirga terrae	Bacteria
4f9b86c0-2fe8-471c-a2ce-c87eb2b09376	2740529	0.6511528701690555	medium	Microvirga terrae	Bacteria
79cea2ae-1411-454a-b7da-953f0feacf0b	2740529	0.6511528701690555	medium	Microvirga terrae	Bacteria
d8433600-6ef8-43a8-8aff-afefd5073958	2740529	0.6511528701690563	medium	Microvirga terrae	Bacteria
f900f4e0-87df-437d-8807-6f698ad7ce00	2740529	0.8090719198496567	high	Microvirga terrae	Bacteria
878d81f8-5a41-43ed-8673-2a29c067fadf	2740529	0.6511528701690555	medium	Microvirga terrae	Bacteria
f4296276-6d7c-4946-8bc9-c9fbcf028d80	2740529	0.6511528701690555	medium	Microvirga terrae	Bacteria
3d6d94da-88e5-4ef5-b34e-a58fc71366cc	2740529	0.6511528701690555	medium	Microvirga terrae	Bacteria
6614d0d6-6130-4ceb-8750-d9f45c376bd6	2740529	0.6511528701690555	medium	Microvirga terrae	Bacteria
749729d5-8d65-4c0a-85ea-528b4b3b2b9d	2740529	0.6511528701690555	medium	Microvirga terrae	Bacteria
1651a3f1-709b-45f3-819e-0fd27d3821f0	2740529	0.9977739693031435	high	Microvirga terrae	Bacteria
a45f560b-0cfa-41b2-9395-f865243f0108	2740529	0.6511528701690555	medium	Microvirga terrae	Bacteria
ee8808b5-3233-4d93-adb6-72bdb3c42ae4	2740529	0.6511528701690563	medium	Microvirga terrae	Bacteria
6fdea82b-f544-41f3-9140-b88e76768fbb	2740529	0.6511528701690555	medium	Microvirga terrae	Bacteria
437f39c8-50d5-43df-b67d-abf39051db61	2740529	0.6511528701690572	medium	Microvirga terrae	Bacteria
c8b48d50-0176-4435-af37-f75838adb950	2740529	0.6511528701690555	medium	Microvirga terrae	Bacteria
1f36102d-4eb8-4440-842a-f35f3f2adb15	2740529	0.6511528701690555	medium	Microvirga terrae	Bacteria
2e7ce2e8-dfec-4f70-847c-70d082b169b2	2740529	0.8089869858977299	high	Microvirga terrae	Bacteria
89dbaee2-723a-4f44-9522-d55e45a77bc7	2740529	0.6511528701690555	medium	Microvirga terrae	Bacteria
cd560905-54eb-48e6-8ef9-0c14d611af96	2740529	0.6511528701690555	medium	Microvirga terrae	Bacteria
da292cb7-e009-41f7-bf69-12a55e090492	2807101	0.5488437312280492	medium	Microvirga sp. VF16	Bacteria
214d906a-c7b7-4a56-bdea-3b1ce809b01a	2740529	0.6511528701690555	medium	Microvirga terrae	Bacteria
638b303c-4040-4b60-aacd-6afc37c80239	2740529	0.8090767632081497	high	Microvirga terrae	Bacteria
05bb9388-0693-4587-841a-a9368130d316	2807101	0.734136664184097	medium	Microvirga sp. VF16	Bacteria
eb304bdc-d7eb-4fb5-b3ce-8a5e6afcdc4d	2807101	0.5489385677087737	medium	Microvirga sp. VF16	Bacteria
dff144b3-6ea3-4c1f-a470-ad3101899fde	2740529	0.6511528701690555	medium	Microvirga terrae	Bacteria
ff1bd9ce-8b63-43f1-aace-8b4c51397dcd	2740529	0.6511528701690563	medium	Microvirga terrae	Bacteria
163765b0-cd95-4c79-83b1-acbe5e176040	2740529	0.6511528701690555	medium	Microvirga terrae	Bacteria
acb040ee-206c-4945-b703-cf8b30037e00	2740529	0.808897303574675	high	Microvirga terrae	Bacteria
30cc1264-872c-4eeb-aac7-7388b04046d2	2740529	0.6511528701690555	medium	Microvirga terrae	Bacteria
f3b9eb5e-2b5e-4edd-ad29-03a4210fbfd6	2807101	0.5487944796815271	medium	Microvirga sp. VF16	Bacteria
ac6bfd96-ea6d-430f-aaa7-ac42ccf927c5	2740529	0.6511528701690555	medium	Microvirga terrae	Bacteria
8320aefb-b81e-47d6-a95f-628863e53f97	2740529	0.6511528701690555	medium	Microvirga terrae	Bacteria
5c7f36b7-7788-4329-968d-edf679106796	2740529	0.6511528701690555	medium	Microvirga terrae	Bacteria
3b07ba3c-f0a0-4ac4-8f77-a68c4eeeccad	2740529	0.6511528701690555	medium	Microvirga terrae	Bacteria
e470f8b6-62ba-43f7-987b-d4942e1733b4	2740529	0.6511528701690555	medium	Microvirga terrae	Bacteria
731ed773-bb53-49b2-99cd-2d5f2c618ead	2740529	0.6511528701690572	medium	Microvirga terrae	Bacteria
7f8d4d71-bc96-4a4a-941a-76df313f8cc2	2740529	0.6511528701690555	medium	Microvirga terrae	Bacteria
e5f69c3f-7d3a-4b46-83c3-4a8f37dca378	2807101	0.5486493717139649	medium	Microvirga sp. VF16	Bacteria
8b926d60-9c0c-440c-a096-670c41c50e71	2740529	0.6511528701690555	medium	Microvirga terrae	Bacteria
48c6608b-90fc-429e-8271-8bddc0a12da9	2740529	0.6511528701690572	medium	Microvirga terrae	Bacteria
c58b55bc-4a95-4016-90f0-b18ab2c9481e	2740529	0.6511528701690555	medium	Microvirga terrae	Bacteria
231a63c6-d294-4e3e-ae41-13770eb4c1ed	2740529	0.6511528701690555	medium	Microvirga terrae	Bacteria
0785b82c-8238-4942-8a2c-fe2f47ac4eba	2740529	0.6511528701690555	medium	Microvirga terrae	Bacteria
82bf50f7-fc1c-4527-afa0-888c75f542e2	2740529	0.9058071391081342	high	Microvirga terrae	Bacteria
61825182-2f81-4ec5-b991-1fdcc049ae02	2740529	0.9663647870078876	high	Microvirga terrae	Bacteria
7fd5d1a8-00f8-4d57-b98b-04531cd89c02	2740529	0.6511528701690555	medium	Microvirga terrae	Bacteria
00aaf35c-d46f-4d1a-aebf-53daf4c059e7	2740529	0.6511528701690555	medium	Microvirga terrae	Bacteria
b8fffa74-27ab-4db3-b5ea-4b6dd2c5a988	2740529	0.6511528701690555	medium	Microvirga terrae	Bacteria
8db8f986-7fda-40a3-bf78-f9777f96cf75	2740529	0.6511528701690555	medium	Microvirga terrae	Bacteria
8e978369-6641-4abd-8383-475b0ac7b2ff	2740529	0.6511528701690555	medium	Microvirga terrae	Bacteria
2ccb2264-74a0-407f-b5b6-c62045730f16	2740529	0.6511528701690555	medium	Microvirga terrae	Bacteria
99428446-884a-4577-be7e-351f1d4de84f	2740529	0.6511528701690555	medium	Microvirga terrae	Bacteria
1f2cddea-015b-43a4-891c-1f034beebb33	2807101	0.5485038641286335	medium	Microvirga sp. VF16	Bacteria
5542e15a-71e8-4555-94b8-520d7e727149	2740529	0.6511528701690555	medium	Microvirga terrae	Bacteria
2157bb2a-2247-4971-a98b-96985bfa6af4	2740529	0.6511528701690555	medium	Microvirga terrae	Bacteria
6e9902d5-e8a6-4b7a-8486-9fd9960f0faa	2740529	0.6511528701690555	medium	Microvirga terrae	Bacteria
6cc9418f-a93e-434a-a55b-02a947610daf	2740529	0.6511528701690555	medium	Microvirga terrae	Bacteria
71a0d76b-8f9b-4d14-b3ac-3b729a1243f4	2740529	0.6511528701690555	medium	Microvirga terrae	Bacteria
294b84b6-8c14-4b8b-b8e4-e75d5d93933e	2740529	0.6511528701690555	medium	Microvirga terrae	Bacteria
ca7061e7-217e-48cf-994d-92a058645778	2740529	0.6511528701690555	medium	Microvirga terrae	Bacteria
c5842938-ef92-452d-a835-5f510aa19d34	2740529	0.6511528701690563	medium	Microvirga terrae	Bacteria
d0cfff76-de5a-4523-8bf3-e5cb0612db5d	2740529	0.6511528701690555	medium	Microvirga terrae	Bacteria
fcb07c47-ffe6-4866-a65b-04bae9d57c85	2740529	0.6511528701690555	medium	Microvirga terrae	Bacteria
1b06b2b3-fd24-45e3-a258-7e6907d6e7eb	2740529	0.6511528701690555	medium	Microvirga terrae	Bacteria
c045331d-f5b7-4196-ad76-9ab93e3efba8	2740529	0.6511528701690555	medium	Microvirga terrae	Bacteria
b6d0341f-513a-476c-a28b-a6ca89350db1	2740529	0.6511528701690555	medium	Microvirga terrae	Bacteria
9c29a393-baa4-4965-b7ef-132768626a46	2740529	0.6511528701690555	medium	Microvirga terrae	Bacteria
45c91dac-a213-4b57-94b0-fdb7222c9746	2740529	0.6511528701690555	medium	Microvirga terrae	Bacteria
97a8ab7f-30c2-4737-a59d-0e97ce12058d	2740529	0.6511528701690555	medium	Microvirga terrae	Bacteria
e553d9e0-e56d-4c8f-8598-c5dbe2dc4285	2740529	0.6511528701690555	medium	Microvirga terrae	Bacteria
8a7ec32c-0dfe-4d7c-bf4f-b92559304ac9	2807101	0.5486511970228519	medium	Microvirga sp. VF16	Bacteria
459d8d8a-e3eb-4d64-8bd0-75be98a9df4a	2807101	0.548505374586256	medium	Microvirga sp. VF16	Bacteria
49c82027-9ba8-4c16-8727-73e253a4add8	2807101	0.735562367287561	medium	Microvirga sp. VF16	Bacteria
3778b40a-78b5-4c7f-be7d-aa13e81c2806	2740529	0.6511528701690555	medium	Microvirga terrae	Bacteria
ae40b1f1-b47a-474e-8ed7-3aa0de0a4398	2740529	0.6511528701690563	medium	Microvirga terrae	Bacteria
0758865d-22b5-4230-8e4b-3ad19a3cec55	2740529	0.809053135873409	high	Microvirga terrae	Bacteria
6468f815-6bf2-406e-bb92-d37e949a0d68	2740529	0.6511528701690555	medium	Microvirga terrae	Bacteria
21f6d833-aee2-41a4-af9b-55ae143eb300	2740529	0.6511528701690555	medium	Microvirga terrae	Bacteria
2332b0af-64cc-475e-a026-ccd74db198cf	2740529	0.6511528701690555	medium	Microvirga terrae	Bacteria
d2bd3326-233d-4d24-8eb4-11f6259ea413	2740529	0.6511528701690555	medium	Microvirga terrae	Bacteria
306f92a7-806d-4246-9a60-7f24021ee522	2740529	0.6511528701690555	medium	Microvirga terrae	Bacteria
f52ee9b2-24aa-4a43-b5e6-f1825a18277a	2740529	0.6511528701690555	medium	Microvirga terrae	Bacteria
1f04cce6-3a1d-4f0c-927f-a34b52b98ff8	2740529	0.6511528701690555	medium	Microvirga terrae	Bacteria
6ee11b39-bb87-4032-afeb-b2f2e784ce21	2740529	0.6511528701690555	medium	Microvirga terrae	Bacteria
83768909-bcd2-4904-8d59-e7f426beba29	2740529	0.6511528701690572	medium	Microvirga terrae	Bacteria
2e0f8a8a-81fb-47a6-b9d3-36ad5ae0117b	2740529	0.6511528701690555	medium	Microvirga terrae	Bacteria
1949b3e5-9153-4d80-9810-07eec256c51e	2740529	0.6511528701690555	medium	Microvirga terrae	Bacteria
82e90b54-08f2-4dd2-aff0-d32ea5fffc29	2740529	0.6511528701690563	medium	Microvirga terrae	Bacteria
7691f5fa-88e5-4490-9a3b-76437eb5b523	2740529	0.809053135873409	high	Microvirga terrae	Bacteria
a7c8b109-b218-4cc6-bbf2-ffd56630e896	2740529	0.999804666430952	high	Microvirga terrae	Bacteria
8ad20282-6853-4e14-84d5-ea843504c327	2740529	0.6511528701690555	medium	Microvirga terrae	Bacteria
c459f6b1-80ae-4a6f-b9c7-f18304557201	2740529	0.6511528701690572	medium	Microvirga terrae	Bacteria
6c3c8c9c-cc01-4016-b612-9c11a6a059c6	2740529	0.8091495737900049	high	Microvirga terrae	Bacteria
197e3254-2f75-42a4-80c6-3e2567892f52	2740529	0.6511528701690555	medium	Microvirga terrae	Bacteria
e035564c-2ec2-44ee-b419-a2ba0ff8bdea	2740529	0.6511528701690563	medium	Microvirga terrae	Bacteria
77dc2520-733f-4ab8-b5c0-041e8e319f54	2740529	0.6511528701690555	medium	Microvirga terrae	Bacteria
159c8a17-af3b-49a0-aac9-caa7cf6ed8b6	2740529	0.9058442343619428	high	Microvirga terrae	Bacteria
92b0ffb4-c654-4d6e-9007-b46c58e2a2d0	2740529	0.6511528701690555	medium	Microvirga terrae	Bacteria
5d3b35dc-2fa2-4f10-bd1c-113bf419840b	2740529	0.6511528701690555	medium	Microvirga terrae	Bacteria
99355fcd-df02-477a-bc07-eb9f4a28e9ca	2740529	0.6511528701690555	medium	Microvirga terrae	Bacteria
a89847c8-9711-4072-bfa5-ddd92f54bb62	2740529	0.8090526568765325	high	Microvirga terrae	Bacteria
ca73f78c-053f-4f7b-bfd0-70bb390df884	2740529	0.6511528701690555	medium	Microvirga terrae	Bacteria
54a3fd55-8105-4996-aad1-d38e0c076047	2740529	0.6511528701690572	medium	Microvirga terrae	Bacteria
9e7285f3-2009-4e91-b757-85685833cb22	2740529	0.905845211607344	high	Microvirga terrae	Bacteria
ed6cb6c2-e7b8-4788-8534-737ec9d430f6	2807101	0.5486518071861379	medium	Microvirga sp. VF16	Bacteria
3ee6af48-6833-4ac1-af84-b4e0eae6767a	2740529	0.6511528701690555	medium	Microvirga terrae	Bacteria
14cfd3f3-cf5a-4531-95b8-32c3718eb3df	2740529	0.6511528701690563	medium	Microvirga terrae	Bacteria
8de0986b-d224-4359-a3d7-779d24093ba7	2740529	0.809053135873409	high	Microvirga terrae	Bacteria
f16180d6-f914-42dd-af49-fc370fc268b2	2807101	0.9992895718318812	high	Microvirga sp. VF16	Bacteria
0756ee15-729b-4e59-9bc3-05cbc5eaed5e	2807101	0.5487930590716107	medium	Microvirga sp. VF16	Bacteria
39986567-6322-4694-b3a2-3a70d691b4cc	2740529	0.6511528701690555	medium	Microvirga terrae	Bacteria
eea0b88f-5d9e-461d-be8d-4c7e330286c3	2740529	0.6511528701690555	medium	Microvirga terrae	Bacteria
a7e55b80-273d-4104-9e82-7046833285dd	2740529	0.6511528701690555	medium	Microvirga terrae	Bacteria
40a67746-836b-4fbd-a726-cf700de8aea2	2740529	0.6511528701690555	medium	Microvirga terrae	Bacteria
83084a59-7cb6-48ea-96d9-bcf76c46ddff	2740529	0.6511528701690555	medium	Microvirga terrae	Bacteria
a1746bc2-07bb-40c8-a51c-a15f3c8e95e8	2740529	0.6511528701690555	medium	Microvirga terrae	Bacteria
f8de2721-0ffa-4937-b216-fa1880db2794	2740529	0.6511528701690555	medium	Microvirga terrae	Bacteria
242382df-e726-4818-bd77-c210c676d7f2	2740529	0.6511528701690555	medium	Microvirga terrae	Bacteria
e8b2ac37-eb73-4b4b-a892-3576354f9259	2740529	0.6511528701690555	medium	Microvirga terrae	Bacteria
1b0d3797-c3a7-41d7-ad58-d375953c7d8a	2740529	0.6511528701690555	medium	Microvirga terrae	Bacteria
084933f0-c308-4faf-b41c-283722f42e92	2740529	0.6511528701690555	medium	Microvirga terrae	Bacteria
93c9b63f-8ca5-4ca5-b86d-c2b3dd06bb25	2740529	0.6511528701690555	medium	Microvirga terrae	Bacteria
676a3de8-13e5-4f92-976c-2c509bd5480c	2740529	0.9058271037772408	high	Microvirga terrae	Bacteria
140f3063-c073-4a79-8dea-4e9df197d305	2740529	0.6511528701690555	medium	Microvirga terrae	Bacteria
9194b671-12bb-40b1-a572-f79817c4855c	2807101	0.949835087469723	high	Microvirga sp. VF16	Bacteria
6e384b0b-f83f-4e9d-9075-64ff7277cfc2	2740529	0.6511528701690555	medium	Microvirga terrae	Bacteria
25b349d9-f1db-491f-908b-ee1c6a44a0d5	2740529	0.905734603939043	high	Microvirga terrae	Bacteria
40225d7d-4557-418d-ad8b-097c705c2832	2740529	0.9987409431071766	high	Microvirga terrae	Bacteria
c56bdc98-9b7c-4228-8d89-703d74918956	2740529	0.6511528701690555	medium	Microvirga terrae	Bacteria
2557fa12-d4d4-48ee-8550-5fccf640f333	2740529	0.6511528701690555	medium	Microvirga terrae	Bacteria
941e2f3f-1cdd-43f0-9b76-9989828da0e5	2740529	0.6511528701690572	medium	Microvirga terrae	Bacteria
446c32ee-706c-4cdf-a8ed-b998b2cd69de	2740529	0.6511528701690555	medium	Microvirga terrae	Bacteria
d1e2a816-c33b-4ca9-89fe-9b56e64147c2	2740529	0.6511528701690555	medium	Microvirga terrae	Bacteria
002e12b5-acda-43c1-a273-eb6828241a86	2740529	1.0	confident	Microvirga terrae	Bacteria
c13616a8-89ce-438c-b454-efe5428f616b	2740529	0.6511528701690555	medium	Microvirga terrae	Bacteria
2b64bdae-4626-446d-ba95-0d979d03e994	2740529	0.6511528701690555	medium	Microvirga terrae	Bacteria
585b4638-9a0f-46d2-9189-4a91c782176d	2740529	0.809053135873409	high	Microvirga terrae	Bacteria
b83418a8-25cb-43cf-9fc6-7b993eb93fc9	2740529	0.6511528701690555	medium	Microvirga terrae	Bacteria
aabfb363-d03d-4d5e-9052-a86b5e303d85	2740529	0.6511528701690555	medium	Microvirga terrae	Bacteria
185d8d03-e141-4e53-a6fc-cf7b622d13be	2740529	0.6511528701690555	medium	Microvirga terrae	Bacteria
85e1a7d8-c322-4f6f-893f-085afc76502a	2740529	0.6511528701690555	medium	Microvirga terrae	Bacteria
216b6dc9-29dd-4043-8174-42da4cb3c6ae	2740529	0.6511528701690555	medium	Microvirga terrae	Bacteria
d21ed501-6934-4629-87a9-d458a8d6c3de	2740529	0.6511528701690555	medium	Microvirga terrae	Bacteria
2403b0f1-44df-4a0b-ad05-131e4ee5c780	2740529	0.6511528701690555	medium	Microvirga terrae	Bacteria
53831b22-b93b-4fdb-8ada-e0eb0319c089	2740529	0.6511528701690555	medium	Microvirga terrae	Bacteria
004ef35c-b947-440d-8c3c-d6ec04252fcc	2740529	0.6511528701690572	medium	Microvirga terrae	Bacteria
827edaeb-c516-4e68-92fb-4c15b88b0587	2740529	0.6511528701690572	medium	Microvirga terrae	Bacteria
70a3ead1-335d-4732-b9bc-b34e2eb92f0a	2807101	0.5486518071861416	medium	Microvirga sp. VF16	Bacteria
68661c79-4a4a-4d87-9adc-e67575280abb	2740529	0.6511528701690555	medium	Microvirga terrae	Bacteria
9f75ca0f-131d-4462-a8a4-86627ff9458e	2740529	0.6511528701690555	medium	Microvirga terrae	Bacteria
818eeb00-f77a-46f5-8de4-bc60103ee541	2740529	0.6511528701690555	medium	Microvirga terrae	Bacteria
5cf44f57-03fa-4769-8ce7-0e0350b14f7a	2740529	0.6511528701690555	medium	Microvirga terrae	Bacteria
53142958-d9b5-4f4d-9631-a2aa841b935d	2740529	0.6511528701690555	medium	Microvirga terrae	Bacteria
46d0ef5f-449b-44ac-9acc-f292d937ab13	2740529	0.6511528701690555	medium	Microvirga terrae	Bacteria
df8f5a29-8951-46b2-a5a0-0d087c7e6a1f	2740529	0.6511528701690555	medium	Microvirga terrae	Bacteria
7cb9ffa5-6359-4852-a47d-737271935771	2740529	0.6511528701690563	medium	Microvirga terrae	Bacteria
99447169-2243-4e4f-98f0-1ee485f32fad	2740529	0.6511528701690563	medium	Microvirga terrae	Bacteria
c946f8bc-4143-4c8d-a11b-cfc19bbdef39	2740529	0.6511528701690555	medium	Microvirga terrae	Bacteria
4dd3a035-4b57-4dd0-8117-f54c584f9563	2740529	0.6511528701690555	medium	Microvirga terrae	Bacteria
4939b651-ad89-4065-bc24-2ee9e7a2a1b7	2740529	0.6511528701690555	medium	Microvirga terrae	Bacteria
87113cab-815e-4e87-98ed-7c45c9f59883	2740529	0.6511528701690563	medium	Microvirga terrae	Bacteria
672434c0-d247-40a0-b5fa-9e76b42ee94a	2740529	0.6511528701690555	medium	Microvirga terrae	Bacteria
d717175c-aea3-4afb-a829-0a61140f134a	2740529	0.6511528701690563	medium	Microvirga terrae	Bacteria
172dd411-5154-4ff1-97ab-a501a4d87f87	2740529	0.6511528701690555	medium	Microvirga terrae	Bacteria
bbe18b0a-f872-4233-87a1-2be12187b526	2740529	0.6511528701690563	medium	Microvirga terrae	Bacteria
84393aa0-7324-46ef-9a04-2737bf541125	2740529	0.6511528701690555	medium	Microvirga terrae	Bacteria
f3500ee1-6c5b-45a0-bc0c-cccb978f0308	2740529	0.6511528701690563	medium	Microvirga terrae	Bacteria
df1bdbff-7d6f-4a23-9603-5be8fec33f9e	2740529	0.9977888408702664	high	Microvirga terrae	Bacteria
8d986a34-bae0-4e66-a31b-2fff36d1b7f9	2740529	0.6511528701690563	medium	Microvirga terrae	Bacteria
c545b85c-7cd5-4619-88ba-9a393451614f	2740529	0.6511528701690563	medium	Microvirga terrae	Bacteria
1342558a-6e59-48c8-93b2-74e150003201	2807101	1.0	confident	Microvirga sp. VF16	Bacteria
2591cee0-6df8-4bad-b5d0-fcd92107d2a5	400777	1.0	confident	Paenibacillus ginsengarvi	Bacteria
17276038-f356-4cf0-aa87-9532fcc7c257	400777	1.0	confident	Paenibacillus ginsengarvi	Bacteria
4f8aadfd-1b03-418c-bce3-6892eaced5fd	400777	1.0	confident	Paenibacillus ginsengarvi	Bacteria
72e600dc-ae5f-45a8-b639-b73f622790b9	400777	1.0	confident	Paenibacillus ginsengarvi	Bacteria
93eaa81c-57a7-4506-a792-0a7c0ab3a6eb	400777	1.0	confident	Paenibacillus ginsengarvi	Bacteria
28a7bc7b-4921-48bc-9268-0723a84d18f6	400777	1.0	confident	Paenibacillus ginsengarvi	Bacteria
eebbe85d-bb01-48d8-a29f-4376cf1a3585	400777	1.0	confident	Paenibacillus ginsengarvi	Bacteria
e4920c93-eaa9-4539-aa64-835fec28bdb3	400777	1.0	confident	Paenibacillus ginsengarvi	Bacteria
b51b9969-a67c-4eab-9079-59e6538e80b7	400777	1.0	confident	Paenibacillus ginsengarvi	Bacteria
4df1b36e-94cb-4873-8fac-3cc205f6dec4	400777	1.0	confident	Paenibacillus ginsengarvi	Bacteria
cca4e8a6-1a75-46a6-b35b-2b398580edf1	1776391	1.0	confident	Romboutsia timonensis	Bacteria
985ad572-195e-4758-a887-52d13393c5df	1776391	0.9999999999913844	high	Romboutsia timonensis	Bacteria
437c5300-57aa-41fc-82f0-27ad4ed23aeb	1776391	0.9999999999805598	high	Romboutsia timonensis	Bacteria
6f7c8423-d7bc-43e7-a1e2-cfbd23f36309	1776391	0.9590209451922296	high	Romboutsia timonensis	Bacteria
61ace90d-ba5f-4fa1-8c9f-e5d05a7ea761	1776391	0.983220967775818	high	Romboutsia timonensis	Bacteria
39944864-d464-4c47-bf60-a599e00408a4	1776391	0.7740983086025294	medium	Romboutsia timonensis	Bacteria
841f66e8-243e-4d52-b6a8-4f0000a3c5f1	1776391	0.999999999980618	high	Romboutsia timonensis	Bacteria
63a342db-b09f-4215-acc7-78f737d3dced	1776391	0.9819759815091682	high	Romboutsia timonensis	Bacteria
cd6ab80e-d6a4-4b58-a542-103c6a2d62e2	1776391	0.9889381175315116	high	Romboutsia timonensis	Bacteria
48a4060a-323f-4f13-91b7-633cd701863d	1776391	0.6780120646820776	medium	Romboutsia timonensis	Bacteria
f4620ca0-de02-4958-b126-d2321889fc4f	1776391	0.5292899986866881	medium	Romboutsia timonensis	Bacteria
2b595f2f-73ce-4992-8b86-e11ed991a202	1505	0.975981869003104	high	Paraclostridium sordellii	Bacteria
c059e2e7-8d06-4250-a61a-222819e2ff9e	1776391	0.999999999979831	high	Romboutsia timonensis	Bacteria
ece811e8-bf18-40e8-a135-5927f6441ba8	1776391	1.0	confident	Romboutsia timonensis	Bacteria
11b40f38-707e-41b2-acca-6be3a7527e3f	2724150	0.8976604920157295	high	Romboutsia sp. CE17	Bacteria
43d563f6-79a6-4525-a9a9-7e25b55a6b97	1505	0.9978324208557618	high	Paraclostridium sordellii	Bacteria
f9fdf7dc-7133-4ad0-9be4-4513a4b2bb0c	1776391	0.7114349802235573	medium	Romboutsia timonensis	Bacteria
6021d85d-de18-47f9-9be2-df3196227f4f	1505	0.6651784022981998	medium	Paraclostridium sordellii	Bacteria
a94c4c7d-13bc-40fd-a824-43bcca3a45b7	1776391	0.8422006702078217	high	Romboutsia timonensis	Bacteria
d4faf249-e511-475a-a1d9-38ade1ee5620	1776391	0.5254185089633218	medium	Romboutsia timonensis	Bacteria
a1cccfa4-4009-4fbc-82ea-17acd3e302f3	1776391	0.9631123476532982	high	Romboutsia timonensis	Bacteria
3b6b8710-b023-494e-904c-4ce59a4cfb8f	1505	0.9999875414665792	high	Paraclostridium sordellii	Bacteria
45799333-fbac-4ad2-92f6-91f950abe34c	1505	0.9783270463945412	high	Paraclostridium sordellii	Bacteria
8f81dc65-ee50-45f5-80e2-19a543df2063	1776391	0.7107318497526594	medium	Romboutsia timonensis	Bacteria
1d89b3db-eda8-4560-bff7-f2971a656781	1776391	0.9834997269638744	high	Romboutsia timonensis	Bacteria
56917b7f-5a10-4c96-a247-ad80fdd28eb9	1776391	0.9999999999553528	high	Romboutsia timonensis	Bacteria
bb8ec843-1370-4bdb-9d6e-95ae9f308c22	1776391	0.9999999999798072	high	Romboutsia timonensis	Bacteria
d8fc8d9c-9286-44a5-aa83-0fdccfda153f	1776391	1.0	confident	Romboutsia timonensis	Bacteria
d7727818-fa0d-43a8-89d6-8e2af654b529	1776391	0.7113459003628587	medium	Romboutsia timonensis	Bacteria
9178e7e9-7c35-4ab0-ae01-8dbd7892896b	1776391	0.9159217338784632	high	Romboutsia timonensis	Bacteria
8337b511-f90f-4f13-b185-08cdc8e2d03c	1776391	0.999999999980423	high	Romboutsia timonensis	Bacteria
33462f62-7f9b-4ae2-9466-90b03f363146	1776391	0.9999999999805544	high	Romboutsia timonensis	Bacteria
6db10d15-b8df-4e36-bd18-56b31f3efdb5	1776391	0.7112215541620647	medium	Romboutsia timonensis	Bacteria
cad849c3-22dc-410d-9c8d-72c8bba4fe05	1776391	1.0	confident	Romboutsia timonensis	Bacteria
6b24e7ef-9951-466d-9fea-3b5c8023875e	1776391	1.0	confident	Romboutsia timonensis	Bacteria
f4d4326f-a611-41a4-8b6b-224928c5a2b4	1776391	0.7113882130866084	medium	Romboutsia timonensis	Bacteria
2e1f1f34-9bf7-4f52-a269-51de059cf87f	1776391	1.0	confident	Romboutsia timonensis	Bacteria
b7b97c48-6e79-4a94-afed-24636d6484ef	1776391	1.0	confident	Romboutsia timonensis	Bacteria
9a19560c-8ef3-4177-adbe-e8a94379f6a3	1776391	0.8487795424004145	high	Romboutsia timonensis	Bacteria
3e3550f8-4551-4e1d-89b6-13bac5fd81da	1776391	0.9835568066443684	high	Romboutsia timonensis	Bacteria
ee99c1cd-c2eb-4136-b891-6ce111394ae8	1776391	0.999999981034481	high	Romboutsia timonensis	Bacteria
d62dbca0-7d5c-47c3-8404-6e62f364c7f7	1776391	0.9999999999556284	high	Romboutsia timonensis	Bacteria
fefa5aee-2d52-4142-a2c0-f515c18f5c3e	1776391	0.7113581350791415	medium	Romboutsia timonensis	Bacteria
b82b12d1-952a-4019-8d75-6fd33066b26e	1505	0.6652008086415674	medium	Paraclostridium sordellii	Bacteria
4c1737c5-961e-4f86-bc32-bf77961db451	1776391	0.99999999926911	high	Romboutsia timonensis	Bacteria
11f34b59-1040-4638-af7d-25f5aae4f8c6	1776391	1.0	confident	Romboutsia timonensis	Bacteria
2e02c007-ccaf-4a83-9f65-0f028f362252	1776391	0.99999999995652	high	Romboutsia timonensis	Bacteria
8d8ec0b3-cc24-4ddd-a48d-94a9150e3659	1776391	0.9999999999804652	high	Romboutsia timonensis	Bacteria
de55eb71-688a-405b-b507-4ca3cf167f8d	1776391	0.9999999999804544	high	Romboutsia timonensis	Bacteria
5fb71291-935e-40b2-87d9-ee16dc85ee25	1776391	0.9999999999803793	high	Romboutsia timonensis	Bacteria
debab6d7-e31e-4089-a94e-bc01ad069567	1776391	1.0	confident	Romboutsia timonensis	Bacteria
1e8c0a9e-bde0-4fa6-956c-a8fe91c51d87	1505	0.9891826722952848	high	Paraclostridium sordellii	Bacteria
d1f86a47-536f-4ec5-a27c-34fcc1024e81	1776391	0.7113962485961052	medium	Romboutsia timonensis	Bacteria
93612640-ecd0-474d-8198-0fb9468e5d98	1505	0.9997321808825376	high	Paraclostridium sordellii	Bacteria
f019cd6f-eabd-4668-acf8-1de97a8f205e	1776391	0.8484755580404328	high	Romboutsia timonensis	Bacteria
52b014ab-6b44-43ef-b1fb-c75fa409b57a	1776391	0.9999999999805956	high	Romboutsia timonensis	Bacteria
af4724ae-9212-492c-bf0a-1bacbc7ad71c	1776391	0.6782326430019346	medium	Romboutsia timonensis	Bacteria
82a818ac-e41a-4a9d-b6e3-0362176c3f18	1776391	0.9999999999805238	high	Romboutsia timonensis	Bacteria
37921ae3-0316-4531-8f71-1af33dc2e6be	1776391	0.7114132490700559	medium	Romboutsia timonensis	Bacteria
e83abc2a-2540-4d95-9aa9-03b8331ba63b	1776391	1.0	confident	Romboutsia timonensis	Bacteria
19fff311-ea49-4e87-9aaa-c1b1bcc674de	1776391	1.0	confident	Romboutsia timonensis	Bacteria
844a9d87-2612-4870-8e1e-962efb63a28a	1776391	0.9999999999803604	high	Romboutsia timonensis	Bacteria
de81a971-1979-4451-a797-167718cd568d	1776391	0.9999999999805956	high	Romboutsia timonensis	Bacteria
7601da18-a1bd-4970-b5b9-8e77c8b6fdab	1776391	0.5269048833267265	medium	Romboutsia timonensis	Bacteria
57a129b0-3e17-4935-b51b-87b49556e3d5	1776391	0.5254511332857252	medium	Romboutsia timonensis	Bacteria
a9a24618-333a-462a-b536-b85304bc4bf8	1776391	0.9999999999903348	high	Romboutsia timonensis	Bacteria
4f8bf33d-df50-44c4-93f5-f3fe6a1853ba	1776391	0.9106434382928708	high	Romboutsia timonensis	Bacteria
a8d93bb0-6bef-4d2a-b253-30078dec36d3	1776391	0.7113522973026324	medium	Romboutsia timonensis	Bacteria
a957bbea-333f-40c7-b8cb-5796826feda7	1505	0.9592064595414788	high	Paraclostridium sordellii	Bacteria
fecfa3db-4f0d-4c9e-9635-7632e77f3f13	1776391	1.0	confident	Romboutsia timonensis	Bacteria
0c25d8e1-5d4b-4483-987d-23eb21d5a965	1776391	0.9999999999806356	high	Romboutsia timonensis	Bacteria
9d3a0bb9-37f3-4621-ab4d-70ea8b454fe1	1776391	0.983182679814723	high	Romboutsia timonensis	Bacteria
55b01887-4724-426e-935c-c6720827e718	1776391	0.9999999999961692	high	Romboutsia timonensis	Bacteria
8861a65d-93b7-4fb1-a475-9d17e48f8c55	1776391	0.9999999999804534	high	Romboutsia timonensis	Bacteria
269b781e-886a-4a85-95d0-d9a0134fc84e	1505	0.8783773733484503	high	Paraclostridium sordellii	Bacteria
02474c02-1417-4f38-a361-88c5941b63a4	1776391	1.0	confident	Romboutsia timonensis	Bacteria
597852fc-de76-4c41-8848-59adb2450fed	1776391	0.7113517278131944	medium	Romboutsia timonensis	Bacteria
7f5efc4d-ce8d-4530-88d7-96489edcd6e5	1776391	0.9999999999801016	high	Romboutsia timonensis	Bacteria
f99489d1-a57d-4a31-ae78-b69626188b07	1505	0.9110298474331262	high	Paraclostridium sordellii	Bacteria
9825b94f-1126-4cc4-92fd-efe987f79476	1776391	0.9998976195911028	high	Romboutsia timonensis	Bacteria
44bc7830-9caa-4064-b0b5-ba7ec054eac5	1505	0.6647030178307572	medium	Paraclostridium sordellii	Bacteria
cec1a913-7617-4b3b-96fc-f0269d2906d3	1505	0.7240421424714222	medium	Paraclostridium sordellii	Bacteria
f92b796c-bffa-4db9-afa0-3e2253e5dd3a	1776391	0.9999999999971524	high	Romboutsia timonensis	Bacteria
8a7c81a6-733e-4b8d-819a-5258f43b7685	1776391	0.8411097944035116	high	Romboutsia timonensis	Bacteria
194f329f-2c12-4698-9fc1-afdc1d39d566	1505	0.9110342112733216	high	Paraclostridium sordellii	Bacteria
dd3f9231-fe93-42ca-8856-cf9e01853fe7	1776391	1.0	confident	Romboutsia timonensis	Bacteria
e15930ec-feed-40da-8ffd-3d668fd80f1e	1505	0.6651090781590844	medium	Paraclostridium sordellii	Bacteria
37b3bbea-717e-40d8-a3a8-7a16212d28fa	1776391	0.9075860738104824	high	Romboutsia timonensis	Bacteria
df06a2a4-922c-4aae-9a8e-33a6904bca2d	1776391	1.0	confident	Romboutsia timonensis	Bacteria
b10c40c1-68eb-4c6e-9a8f-1dba08e47caf	1776391	0.7113426466001666	medium	Romboutsia timonensis	Bacteria
7aa7c133-563d-4751-90e9-4a8ebc763320	1776391	0.7114621712516268	medium	Romboutsia timonensis	Bacteria
8662a95b-1e52-430c-8249-220840c41c59	1776391	0.7112580162863539	medium	Romboutsia timonensis	Bacteria
3ea13c71-a27c-430a-a1a6-ea9bf46952e9	1776391	0.9999999999803172	high	Romboutsia timonensis	Bacteria
b6573e3b-e85e-4437-a800-146432d3cea8	1776391	0.7114213120504802	medium	Romboutsia timonensis	Bacteria
ea182051-9190-4ea6-ab85-bf2b8899a076	1776391	0.9999999999802056	high	Romboutsia timonensis	Bacteria
d339b2d4-0bcc-49e4-a680-c08c55f24c69	1776391	0.9999999999805598	high	Romboutsia timonensis	Bacteria
1c79806e-3d41-4d77-b1cf-e423df88189a	1776391	0.9999999985770444	high	Romboutsia timonensis	Bacteria
596c015a-5a1f-4aa1-b7c8-98fb8b1758e4	1505	0.9819443410426888	high	Paraclostridium sordellii	Bacteria
5366da84-c3ae-4e51-8549-465e034fd348	1776391	0.9999999999804188	high	Romboutsia timonensis	Bacteria
687d3e1b-3c99-4f10-8fe8-760042926c35	1776391	0.999999999980658	high	Romboutsia timonensis	Bacteria
961ae7bd-fc43-4383-92b5-c4687e064a2f	1505	0.616490710683928	medium	Paraclostridium sordellii	Bacteria
33f51a38-62bc-4d29-a934-8425473c90f4	1505	0.9506703905704242	high	Paraclostridium sordellii	Bacteria
05936604-7fc0-4b24-a256-5f80b82415ca	1776391	0.9999999999805498	high	Romboutsia timonensis	Bacteria
a97422fc-077d-4e37-8d6f-4414d929fe58	1776391	0.9999999999971256	high	Romboutsia timonensis	Bacteria
c6592b69-a33b-4ec8-a3cf-4968140d3033	1776391	0.999999999980292	high	Romboutsia timonensis	Bacteria
6619d6bc-d20f-4df6-a4ef-0564184b7d18	1776391	0.967638687496042	high	Romboutsia timonensis	Bacteria
41926700-bff3-43bd-bc54-0dc40649a4cb	1776391	0.7112958322954158	medium	Romboutsia timonensis	Bacteria
2df01c46-ff4a-4618-b27e-9a369c1c4a66	1776391	0.7113603182269455	medium	Romboutsia timonensis	Bacteria
09549bb4-44bd-40f1-a5c6-72046c62ffcd	1776391	0.999303596005136	high	Romboutsia timonensis	Bacteria
13b76957-efbf-48ec-a124-c8289cc5a234	1776391	0.7110441537689828	medium	Romboutsia timonensis	Bacteria
e8992a48-3d56-4d3c-9189-646b0d542515	1776391	0.7113688883889631	medium	Romboutsia timonensis	Bacteria
a1017a9d-bdbb-421d-939a-e96e32081f34	1776391	0.9999999984209452	high	Romboutsia timonensis	Bacteria
e50727de-4369-4fce-b424-72f33a67923b	1776391	0.9924367620872578	high	Romboutsia timonensis	Bacteria
23532a22-c1cb-469a-bcc3-bf3946df8d87	1776391	0.7113381370348604	medium	Romboutsia timonensis	Bacteria
da0420e0-15be-4fd2-a342-8a2fe00ef08b	1776391	0.7112979009252305	medium	Romboutsia timonensis	Bacteria
87372907-4284-4e67-bdde-84c30a4e5159	1505	0.6651378300442014	medium	Paraclostridium sordellii	Bacteria
f8851e7a-9434-438d-8645-c5317ed65f9e	1776391	1.0	confident	Romboutsia timonensis	Bacteria
0d46f1c8-b1a6-44c0-bced-08d10cb62a9c	1776391	0.7114309308042016	medium	Romboutsia timonensis	Bacteria
a8682955-2380-482a-be2c-e65fe4e6eaa9	1776391	0.999999999980469	high	Romboutsia timonensis	Bacteria
3435288f-76a5-4a0e-aa5f-87e0f213764c	1776391	0.9070828356992976	high	Romboutsia timonensis	Bacteria
41aecd2c-534c-4db4-8014-1283ef744c3e	1776391	0.9926648893917726	high	Romboutsia timonensis	Bacteria
d09882cc-a4df-41ee-a470-98e26e85fde8	1776391	0.968428911156044	high	Romboutsia timonensis	Bacteria
7749bb8e-66ae-4473-9800-6b0a0b527d80	1776391	0.9158337995142288	high	Romboutsia timonensis	Bacteria
30ef912e-4122-46cf-b6cb-9f192dde31e2	1776391	0.9835978557515916	high	Romboutsia timonensis	Bacteria
a6bddb03-9474-43d2-907a-f4721f05595a	1776391	0.711403629983746	medium	Romboutsia timonensis	Bacteria
52bf1047-2dba-41c2-bb23-e8048fb49da9	1776391	0.99999999995481	high	Romboutsia timonensis	Bacteria
21feffda-02d0-48bb-8793-6bed9504ae75	1776391	0.7113415530527409	medium	Romboutsia timonensis	Bacteria
e025bfda-0618-4221-bd15-2fd3f78e7ad8	1776391	0.9999999999993912	high	Romboutsia timonensis	Bacteria
3e745d7d-b1b5-4a4d-bb14-dbbef39f601d	1776391	0.999999999980658	high	Romboutsia timonensis	Bacteria
a0c3d033-9229-408a-be6a-e9b172de9ea0	1776391	0.9830630391371642	high	Romboutsia timonensis	Bacteria
d66d7ae3-b574-4f68-8195-a51a09363e7a	1505	0.9889202408937132	high	Paraclostridium sordellii	Bacteria
eac88ba9-9783-46b7-8d47-3628eaee1026	1505	0.9120744528630682	high	Paraclostridium sordellii	Bacteria
4b6a9e5d-46c2-467c-bd67-a851a8ac545a	1776391	0.9159069089430606	high	Romboutsia timonensis	Bacteria
76b5e7d8-6679-493a-bef3-3b5270c16078	1776391	0.8420096077859792	high	Romboutsia timonensis	Bacteria
10902ca6-c9fd-45b3-9243-c10eb39c450f	1776391	0.99999999998042	high	Romboutsia timonensis	Bacteria
c439ef68-e5b4-462f-87b8-e0cfc21a3999	1776391	1.0	confident	Romboutsia timonensis	Bacteria
6f444ad2-fdc0-4a5b-835f-665a76360822	1776391	0.998900000852728	high	Romboutsia timonensis	Bacteria
57c0221f-192c-405c-b281-920d6e6a8e6c	1776391	0.9999999999806404	high	Romboutsia timonensis	Bacteria
c22e6bee-cb36-4f35-a5ab-48a8b7213a64	1776391	0.841994813659186	high	Romboutsia timonensis	Bacteria
8fcb0a37-f362-454f-beb9-2e22d6eb790e	2724150	0.9326410585342648	high	Romboutsia sp. CE17	Bacteria
93c90d5f-711f-44e6-b5f1-17cc8ab2bd24	1776391	0.9999999941823504	high	Romboutsia timonensis	Bacteria
cf0dacb6-c725-4082-b230-742e7694314f	1776391	0.999999999980532	high	Romboutsia timonensis	Bacteria
38238c87-f557-46e7-802c-cee3ac2bc776	1776391	0.9989549184827672	high	Romboutsia timonensis	Bacteria
08904595-3606-42db-99ed-a77fb5f2eae3	1776391	0.7113785657735326	medium	Romboutsia timonensis	Bacteria
d56f5eb0-76ab-4b42-bf51-cf6da3240e3f	1776391	1.0	confident	Romboutsia timonensis	Bacteria
2445f115-f1c4-4696-8735-7b2172bbac3f	1776391	0.7114566698040015	medium	Romboutsia timonensis	Bacteria
2b8f8721-5365-4690-afc5-c0dcd9b1af5b	1505	0.9978852701739576	high	Paraclostridium sordellii	Bacteria
f103d999-e113-4f85-9b43-bcc4946f1d74	1776391	0.9999999999801537	high	Romboutsia timonensis	Bacteria
474904d4-1d64-42ee-b79b-0b51ba608f7a	1776391	0.9999999999804094	high	Romboutsia timonensis	Bacteria
191eafaf-60f1-42e9-aa04-9d44aeba62d1	1505	0.95950921875961	high	Paraclostridium sordellii	Bacteria
e9488460-7ff0-498f-b49f-75af5a32dcfe	1505	0.9952576647291752	high	Paraclostridium sordellii	Bacteria
4daa2914-6858-4128-b58b-261a6c2da152	1776391	0.7955370649519953	medium	Romboutsia timonensis	Bacteria
c9ace203-6c28-403d-85dd-f18f224b2339	1776391	0.841891769402354	high	Romboutsia timonensis	Bacteria
2fd613d5-a06d-4ad6-a5aa-837b1f2fcfe5	1776391	0.711403629983746	medium	Romboutsia timonensis	Bacteria
c8d0697a-f7b0-4da1-a9b4-86181cd99959	1776391	0.9999999999971568	high	Romboutsia timonensis	Bacteria
9e30cd64-e60c-47ff-aeaa-5d1b64395ad4	1776391	0.7114058956371911	medium	Romboutsia timonensis	Bacteria
e20de867-fcf2-41ac-bba5-44c07c2ba752	1776391	0.7112736677181721	medium	Romboutsia timonensis	Bacteria
f4f88b90-2a76-40c1-9966-1400ecc59882	1505	0.91103216879015	high	Paraclostridium sordellii	Bacteria
601a32e5-af40-45e0-a9d7-8eb625b9e6e8	1776391	0.7113730550142676	medium	Romboutsia timonensis	Bacteria
87dbc3c2-5949-4492-9a09-4dade5ed66c1	1505	0.9110303402790284	high	Paraclostridium sordellii	Bacteria
f0c55a80-149a-4682-9e2b-e5332afb3aa1	1776391	0.7113923905302668	medium	Romboutsia timonensis	Bacteria
1945b9aa-53dc-4222-a84d-679a09ff20db	1776391	0.7111605354778071	medium	Romboutsia timonensis	Bacteria
2ebc7b04-1886-47d7-b034-cc5e0f4a1c64	1776391	0.9999999999803868	high	Romboutsia timonensis	Bacteria
3f7a2d07-efb8-4e3a-827a-3e37a358b3d7	1776391	0.9999999999804916	high	Romboutsia timonensis	Bacteria
8a265cc9-01e5-4a95-b2c8-8246dcb194e4	1776391	1.0	confident	Romboutsia timonensis	Bacteria
ba69d95c-3e50-42ad-9e6b-b49591ae8ec1	1776391	0.9999999992851344	high	Romboutsia timonensis	Bacteria
ab393b70-d51e-4319-915f-e477ead8be64	1776391	0.9999548390812932	high	Romboutsia timonensis	Bacteria
90aa3d11-71d0-4492-8796-4f9ef7891972	1776391	0.7113118723903512	medium	Romboutsia timonensis	Bacteria
0716ea0e-0cde-45ee-9ec9-29a9820ce94f	1505	0.9120105924793838	high	Paraclostridium sordellii	Bacteria
8440b5a7-ec46-4a15-b176-d90d5dda0b97	1776391	1.0	confident	Romboutsia timonensis	Bacteria
7e087e1c-5e76-469d-9c77-0219da32b6b8	1776391	0.9885073163720252	high	Romboutsia timonensis	Bacteria
a956fe66-b6dc-4f9b-948b-7ebdc4ef3074	1505	0.9687183901887342	high	Paraclostridium sordellii	Bacteria
d02ed38c-a104-4a07-90cd-61ed33c710f6	1776391	0.7110282469645435	medium	Romboutsia timonensis	Bacteria
db7e4a3a-423f-4c1c-8581-3703de259f0b	1776391	0.9999999999547826	high	Romboutsia timonensis	Bacteria
e1a44e3a-8b32-46b9-9e5b-8c1f7fc0d325	1776391	0.9999999999805544	high	Romboutsia timonensis	Bacteria
6b946488-4d81-4ea2-8454-10b57bb9aa4e	1776391	0.9999999999804788	high	Romboutsia timonensis	Bacteria
323c6645-ffee-42fa-9972-131863e05797	1776391	0.7113699992317246	medium	Romboutsia timonensis	Bacteria
f29aa1e6-9f15-4c76-a10d-7898a56c59b3	1776391	1.0	confident	Romboutsia timonensis	Bacteria
8300b7f3-07b9-4a9d-b373-c02c5e53e8f5	2724150	0.9794367055774592	high	Romboutsia sp. CE17	Bacteria
f6763115-26ab-47bb-9a83-073e288bec21	1776391	1.0	confident	Romboutsia timonensis	Bacteria
89fa5853-c3b7-479e-9435-9de3e1bc0a67	1776391	0.7110719341407818	medium	Romboutsia timonensis	Bacteria
cff2df60-2c44-469a-9a62-75a0d2b8faeb	1505	0.9110309115204724	high	Paraclostridium sordellii	Bacteria
40c9fc6b-9643-4215-8ab1-da24f12e19e6	1776391	0.9999999999804275	high	Romboutsia timonensis	Bacteria
d4a0295c-3bfc-4ae8-8eff-c0fb392d8d9c	1776391	0.9999999997722162	high	Romboutsia timonensis	Bacteria
4184ab37-6aa0-4562-877e-4ce24fca6f15	1776391	0.9999999999799808	high	Romboutsia timonensis	Bacteria
3a080caf-701f-4529-bee4-761fbc4a137c	1776391	0.9999999999916104	high	Romboutsia timonensis	Bacteria
7725224e-e070-4338-b22a-8be2b5893c34	1776391	0.8487756447992775	high	Romboutsia timonensis	Bacteria
a04af905-35da-476d-a42b-16597584b81d	1776391	0.7113978495353274	medium	Romboutsia timonensis	Bacteria
bcdf7740-4570-4705-a894-361a07f54705	1776391	0.9999999999804858	high	Romboutsia timonensis	Bacteria
76f05520-7d6c-4c56-8cc3-c889f0e417ce	1776391	0.7113246968231874	medium	Romboutsia timonensis	Bacteria
a93094ab-4acb-40a1-808a-71deb0dceb2b	1776391	0.999999999997142	high	Romboutsia timonensis	Bacteria
563f7259-9b87-4c1e-a8e4-a7b2f5404b6c	1776391	0.9999999999801816	high	Romboutsia timonensis	Bacteria
a85d0ce2-3480-4180-b89f-a225f7eaec49	1776391	0.7113124237040482	medium	Romboutsia timonensis	Bacteria
39f87006-5138-4a36-9c21-56d0a4a6fc11	1505	0.912009425630568	high	Paraclostridium sordellii	Bacteria
8a061125-bd56-4686-b342-0aee7e9addc8	1776391	0.9999999999914422	high	Romboutsia timonensis	Bacteria
9b6dff9d-fd92-468b-89f3-af8ea2399f88	1776391	0.9999999998887794	high	Romboutsia timonensis	Bacteria
8118f1fa-6799-4c17-952b-87ee9a22f74f	1776391	0.7002430529010069	medium	Romboutsia timonensis	Bacteria
a558bb95-4299-492e-bba6-eff494397f50	1776391	0.7110990022128445	medium	Romboutsia timonensis	Bacteria
9f9d61e0-4dbe-45ad-a1ae-01197c47bc8d	1776391	0.9999999999557858	high	Romboutsia timonensis	Bacteria
a51a75d5-dea5-4c15-a0b5-0cef2db55864	1776391	0.9999999999801674	high	Romboutsia timonensis	Bacteria
32b6b378-ded7-4f56-9728-8b775805e756	1776391	0.7113633708694509	medium	Romboutsia timonensis	Bacteria
6b44806e-8569-4a17-a049-539be05b07b2	1776391	0.9999999999804788	high	Romboutsia timonensis	Bacteria
86370856-99a7-4124-a1ef-4e9a12df3edd	1776391	0.9158376322823256	high	Romboutsia timonensis	Bacteria
e7348022-aafe-4423-ac8d-9a821f269fbc	2724150	0.997682540708302	high	Romboutsia sp. CE17	Bacteria
7c17717f-3410-4c05-8bd5-2dff86d0c706	1776391	0.71131282900717	medium	Romboutsia timonensis	Bacteria
45b9ddd7-fe82-457a-b64f-bbdd858a967f	1505	0.7619427706848899	medium	Paraclostridium sordellii	Bacteria
22635ce3-b851-424e-a4e7-f85d1fa80a6d	1776391	0.9999999999558816	high	Romboutsia timonensis	Bacteria
a93f7bb7-ee9e-48ba-b946-c5ad12e52b16	1505	0.9813406310456352	high	Paraclostridium sordellii	Bacteria
10081790-03a2-43f2-b8bc-f0aadbedf18a	1505	0.9110295708867828	high	Paraclostridium sordellii	Bacteria
47d0a825-d09b-4b59-8a03-fe52caa2829a	1776391	0.7113058984494688	medium	Romboutsia timonensis	Bacteria
36070a4a-f6f7-4fe5-b898-cb1613549d51	1776391	0.9999999999801484	high	Romboutsia timonensis	Bacteria
5bc33241-087d-4629-9ddf-ebd3b84fd8d1	1776391	0.8487487772494461	high	Romboutsia timonensis	Bacteria
4722e1ba-7d35-4a10-87c3-e939cf3112b0	1776391	0.7113512289078094	medium	Romboutsia timonensis	Bacteria
504909a5-4b0d-48c6-8810-200e99ecb058	1776391	0.9889390770461608	high	Romboutsia timonensis	Bacteria
8f544d9b-d073-4480-91a4-1d4be6b06a9a	1776391	0.7113747076055442	medium	Romboutsia timonensis	Bacteria
3497f1d9-9871-4991-b742-2fa8186f28a0	1776391	0.9999999999806404	high	Romboutsia timonensis	Bacteria
382cdb8a-00a3-41a6-9144-fcdc6a79f105	1776391	1.0	confident	Romboutsia timonensis	Bacteria
467c1676-4a4d-456f-a8dd-d4546b961fc4	1776391	0.9999999999983828	high	Romboutsia timonensis	Bacteria
e5cb28d7-8212-456d-ab7a-65e000153a01	1776391	0.9832900086662084	high	Romboutsia timonensis	Bacteria
1686aed2-6ef6-4963-98ac-b115acee0ef9	1505	0.999995960785496	high	Paraclostridium sordellii	Bacteria
65afd4ca-7417-47ff-878a-9f5ba0d88a6e	2724150	0.5728679649075883	medium	Romboutsia sp. CE17	Bacteria
cf2fc6bc-25d7-4f17-93d7-269bceb37176	1776391	0.9999999999799232	high	Romboutsia timonensis	Bacteria
4d7dce05-3fba-4e01-a40d-7dce83142a40	1505	0.9890887381396442	high	Paraclostridium sordellii	Bacteria
7d35c832-5849-4884-a016-32fa0fef239d	2724150	0.728811667652408	medium	Romboutsia sp. CE17	Bacteria
68567675-209b-4cf5-94bd-d25cd89da4f7	1776391	0.7113758064002006	medium	Romboutsia timonensis	Bacteria
56ddeac8-1178-41fb-9f14-48f899a54316	1776391	0.9999999999804968	high	Romboutsia timonensis	Bacteria
82343df2-65ca-424c-941d-5f943e10c99c	1776391	0.8419714995283851	high	Romboutsia timonensis	Bacteria
dceb46d7-54fb-4129-87aa-49e9386ab510	1776391	0.7113437414891051	medium	Romboutsia timonensis	Bacteria
0fa7de7b-18eb-4e74-b29a-eaecd511c4b6	1776391	0.9999999999801652	high	Romboutsia timonensis	Bacteria
9031b8ea-4e9e-4a79-a9e4-fffb0f5361ce	1776391	1.0	confident	Romboutsia timonensis	Bacteria
8f9c6d88-2da7-4eae-a85d-0943594bda8e	1776391	0.9999999999802882	high	Romboutsia timonensis	Bacteria
ca06ae7d-5157-46a9-b04b-f8702ebe8ed1	1776391	0.7112579209714351	medium	Romboutsia timonensis	Bacteria
00cbe0f4-4bfa-488b-b018-7a0ab621b418	1776391	0.9999999999914426	high	Romboutsia timonensis	Bacteria
504f8c20-9297-46d7-aa0f-30a023e7ad46	1776391	0.894197684691247	high	Romboutsia timonensis	Bacteria
64eca757-f6be-465c-b1c8-2002d7014c9c	1776391	0.9999999999559486	high	Romboutsia timonensis	Bacteria
9219ebf8-eca8-4c25-9a72-0f48f024a2b4	1505	0.9110306693650172	high	Paraclostridium sordellii	Bacteria
4d8a7bef-af66-4c9a-ace3-bb1b3793e641	1505	0.6648520036214352	medium	Paraclostridium sordellii	Bacteria
a07cc9f8-5047-40b4-94a6-b5a395fdb996	1776391	0.7113185015562921	medium	Romboutsia timonensis	Bacteria
e8a1921e-2db5-4f34-a8c9-007f09c90619	1776391	0.7113271301889634	medium	Romboutsia timonensis	Bacteria
987103f4-8c6e-4b05-9f55-d7287e840e7c	1776391	0.7112787621681465	medium	Romboutsia timonensis	Bacteria
95cf667d-9556-43b7-8d08-2a9acc1fd4de	1776391	0.9999999999802018	high	Romboutsia timonensis	Bacteria
c98b3f0a-e369-4379-a7a7-cdbcee6a07f9	1776391	1.0	confident	Romboutsia timonensis	Bacteria
083a6720-b3f7-4812-b8c8-bd42e6dad485	1776391	1.0	confident	Romboutsia timonensis	Bacteria
4e2eca02-c866-4b13-b97a-39f201a526cf	1776391	0.7112668188891693	medium	Romboutsia timonensis	Bacteria
313f5bdd-f7ef-46e0-967d-7233f75e093f	1776391	0.7112383639824513	medium	Romboutsia timonensis	Bacteria
1b864b0a-7363-4385-83fa-c5230a9e3049	1776391	0.9999999999806046	high	Romboutsia timonensis	Bacteria
ac15cd20-dbaa-4e41-a927-f28b8267e9cf	1776391	0.5068649493640345	medium	Romboutsia timonensis	Bacteria
850f0057-b6f1-409e-9b68-f3bca250f64b	1776391	0.999999999980514	high	Romboutsia timonensis	Bacteria
c0b58f3d-72c0-428b-8018-d9cd5e2672c8	1776391	0.9634780744431796	high	Romboutsia timonensis	Bacteria
9191f42f-a510-48eb-b6c4-8769804c8338	1776391	0.7112950751005718	medium	Romboutsia timonensis	Bacteria
183c5905-de3a-4a90-bca6-83298016b04b	1776391	1.0	confident	Romboutsia timonensis	Bacteria
9e430b11-9833-4ec9-adc4-611f4bdf8a92	1776391	0.8420407514546062	high	Romboutsia timonensis	Bacteria
f36d7af0-c258-4914-88c2-a62452bfb934	1776391	0.9999999999806356	high	Romboutsia timonensis	Bacteria
a409add8-53a0-4d6a-810e-0600649229b9	1776391	0.711403629983746	medium	Romboutsia timonensis	Bacteria
c5610d1d-dc7e-42bc-a9a9-7ccd6c5d46d1	1776391	0.842227680087678	high	Romboutsia timonensis	Bacteria
1d63d273-ba6f-4740-911f-9d1f97c43bd7	1776391	0.7112921206768631	medium	Romboutsia timonensis	Bacteria
a02b928d-1e0c-451b-8358-391e474ea458	1776391	0.983464696402532	high	Romboutsia timonensis	Bacteria
3eabbee7-4caf-46c7-8f00-3407944c7cf5	1776391	1.0	confident	Romboutsia timonensis	Bacteria
c594b8a1-1115-4993-8343-e938924632fd	1505	0.9110303327153793	high	Paraclostridium sordellii	Bacteria
557eb358-4c7c-4a0a-b940-c8d9dabc97cf	1505	0.9978784427129604	high	Paraclostridium sordellii	Bacteria
972bd25e-e1da-4a86-8b82-aed59f47bb9c	1776391	0.711310509413538	medium	Romboutsia timonensis	Bacteria
13fa35ca-9e68-45a2-b7df-12905f09f110	1776391	0.9999999984023756	high	Romboutsia timonensis	Bacteria
67c4c65b-9fa0-4d6c-b8ab-241d35f3f869	1776391	0.711349558528611	medium	Romboutsia timonensis	Bacteria
fd0f6219-5b0d-492e-901c-571cf411dbaf	1776391	0.9999999999796744	high	Romboutsia timonensis	Bacteria
c5027357-0e9d-47cc-ad06-1133b3ca52f2	1776391	0.711141956539685	medium	Romboutsia timonensis	Bacteria
23960fbc-12a9-4c1c-bcb0-e318c0e3c53d	1776391	0.7114058956371911	medium	Romboutsia timonensis	Bacteria
4bfdca09-7b4f-485d-93a9-779c5d308db9	1776391	0.9999999999802492	high	Romboutsia timonensis	Bacteria
1774780c-6bdb-458d-afcb-d9ce8675e46c	1505	0.9120010113679856	high	Paraclostridium sordellii	Bacteria
a68498a0-44cf-478a-b92c-3cff68e7e5be	1776391	0.5700067741548405	medium	Romboutsia timonensis	Bacteria
926da43f-6425-4b96-8059-5688a7cbca56	1776391	0.7111822947368301	medium	Romboutsia timonensis	Bacteria
54413ad0-3ee0-44b4-8558-f0d32e67ac5c	1776391	0.9999999999805274	high	Romboutsia timonensis	Bacteria
23bdfdf7-b525-4df0-bd69-82266aad079f	1776391	0.999999999980113	high	Romboutsia timonensis	Bacteria
c3092bc3-545a-468e-a58d-30634abc0a1e	1776391	0.9999999988418932	high	Romboutsia timonensis	Bacteria
bba014aa-136f-4a86-b695-d5163f4be5c5	1776391	0.7114116824282422	medium	Romboutsia timonensis	Bacteria
1cc12fd4-c3b5-4e87-83c5-9b8968348865	1776391	0.7113774517252172	medium	Romboutsia timonensis	Bacteria
c9c9e161-3c8c-4b41-a790-e0815b9ec637	1776391	0.6233897174766825	medium	Romboutsia timonensis	Bacteria
2cb6ada5-8dda-4fc3-aadb-ddfd148907c3	1776391	0.7113689075841518	medium	Romboutsia timonensis	Bacteria
fd51910f-d5af-4564-bd1e-e334dd00cd63	1505	0.8187081650336708	high	Paraclostridium sordellii	Bacteria
1435e465-e50c-4096-b737-9ccc7b2a008b	1776391	0.7113774517252172	medium	Romboutsia timonensis	Bacteria
da14f25e-f1d3-4d2a-9776-43292bf3e7ce	1776391	0.8522483027482388	high	Romboutsia timonensis	Bacteria
84441656-37e1-4525-997c-fcd10f86b6bf	1776391	0.8421037065799272	high	Romboutsia timonensis	Bacteria
a1d728a9-00da-47e1-8740-c3351deb8380	1776391	0.7111716783392947	medium	Romboutsia timonensis	Bacteria
13123e49-d4a0-4c76-a975-43eb7e98d684	1776391	1.0	confident	Romboutsia timonensis	Bacteria
c4a35530-fca4-4616-8ea2-8d3013f4c627	1776391	0.9831121049260748	high	Romboutsia timonensis	Bacteria
10c68ece-d16f-4951-9f46-4a8149df1b9e	1776391	0.7113523277889192	medium	Romboutsia timonensis	Bacteria
7d23de17-1146-4c1a-8dcf-57ae54e80a53	1776391	0.9999999999805768	high	Romboutsia timonensis	Bacteria
21e19fa4-8ca6-4eba-91d3-73ca4e958bc4	1776391	0.5191826210852993	medium	Romboutsia timonensis	Bacteria
c4c99a72-f5b7-458a-8458-ceec6fb0f406	1505	0.5457517902868267	medium	Paraclostridium sordellii	Bacteria
e7c5e750-2080-4856-9afd-ee960179d06e	1776391	0.7111227356192616	medium	Romboutsia timonensis	Bacteria
b964128b-09cb-49c7-ba12-339644ea48cb	1505	0.9110339428598414	high	Paraclostridium sordellii	Bacteria
e514d4db-1c75-4a79-82e4-c0c569cdb811	1776391	1.0	confident	Romboutsia timonensis	Bacteria
08476e56-0d1b-40ac-bff5-7a01c213c095	1776391	0.7113516638489593	medium	Romboutsia timonensis	Bacteria
5c25e16e-3959-4fe6-a165-015064221d62	1505	0.6639492504501572	medium	Paraclostridium sordellii	Bacteria
0a3c1e09-afae-489f-94ad-2d538f47d453	1776391	0.7112854835880924	medium	Romboutsia timonensis	Bacteria
9c687f34-5ce3-4a31-b1b7-2cb2dcc25141	1776391	1.0	confident	Romboutsia timonensis	Bacteria
7254223e-dbf6-4b19-81e5-20692dc2256c	1776391	0.9075620035360488	high	Romboutsia timonensis	Bacteria
b0b93a30-b1c5-4671-a5f8-a50f2d7ad48d	1505	0.7578821727568485	medium	Paraclostridium sordellii	Bacteria
bc2eff29-930c-428f-b92d-9ef96dbc860b	1776391	0.7113426466001666	medium	Romboutsia timonensis	Bacteria
a095bca9-424f-4237-8957-7f9baaf2da48	1776391	0.9999999988018816	high	Romboutsia timonensis	Bacteria
a74a3e89-57be-4f62-b49b-e5ed355c3843	1505	0.9995421927669648	high	Paraclostridium sordellii	Bacteria
342251b1-22a0-4639-99a1-da5bfd9428e3	1776391	0.9905517541865384	high	Romboutsia timonensis	Bacteria
bc31a53a-e303-43db-84f9-133e73581688	1776391	0.7113631036378393	medium	Romboutsia timonensis	Bacteria
e201761e-5b5b-4469-9378-5348ead7b81a	1505	0.5223346014772385	medium	Paraclostridium sordellii	Bacteria
3912960b-43ee-4733-b68c-53ee82657f76	1505	0.9893130477953702	high	Paraclostridium sordellii	Bacteria
7ff12993-1eb2-471a-8381-7717b58bc15d	1505	0.9110978108753944	high	Paraclostridium sordellii	Bacteria
fe6159df-63e5-425f-bf2b-09f805418070	1776391	0.9999999988426348	high	Romboutsia timonensis	Bacteria
a244a110-b5f2-4c8c-913f-7f099b003f0d	1776391	0.9835157015377144	high	Romboutsia timonensis	Bacteria
433168c5-8a5d-419c-926b-9593384bb405	1776391	0.9834152854934668	high	Romboutsia timonensis	Bacteria
575b74d4-3d30-4162-a693-727a2e351400	1776391	1.0	confident	Romboutsia timonensis	Bacteria
74207cbb-569b-44ef-8200-1443c9eb9ce0	1776391	0.9237403718656652	high	Romboutsia timonensis	Bacteria
d476df30-4893-453a-901e-77d44c79182d	1776391	0.8964841762948744	high	Romboutsia timonensis	Bacteria
121838f2-57f7-4de3-ae92-f0758559ee09	1776391	0.9684550152322872	high	Romboutsia timonensis	Bacteria
3817879f-8802-40ed-a5a1-6938440dfd07	1776391	0.9999999999798266	high	Romboutsia timonensis	Bacteria
ebd6d017-d156-424f-876a-20fd04ced27d	1776391	0.999999999693412	high	Romboutsia timonensis	Bacteria
ec36c85e-d5c2-4dab-aa20-aea0d99c4bf2	1776391	0.999999999980618	high	Romboutsia timonensis	Bacteria
e1d49db8-e2ff-40fc-9748-0566d140cd0d	1505	0.911020491631744	high	Paraclostridium sordellii	Bacteria
dcc6097c-253e-4cd8-a45f-396ea9e9bba6	1776391	0.999999999980218	high	Romboutsia timonensis	Bacteria
f3a1b90f-8843-4e61-a472-a8fe163bd451	1776391	0.996806355987622	high	Romboutsia timonensis	Bacteria
dc96b72c-446e-468f-bcf9-4b3b78eba215	1505	0.912007038788624	high	Paraclostridium sordellii	Bacteria
c1c7958f-d3c4-4a7b-a267-cead6522b906	1776391	1.0	confident	Romboutsia timonensis	Bacteria
fbd5d6ca-c591-467f-b00c-0bc44010ad57	1776391	0.7113163410029608	medium	Romboutsia timonensis	Bacteria
2816538c-b3a5-4627-a56d-9f66af2bf1eb	1776391	0.9993370411924722	high	Romboutsia timonensis	Bacteria
a4c60bfa-2c44-4772-940a-bdd1254957cf	1776391	0.7113253722005152	medium	Romboutsia timonensis	Bacteria
c807bb74-b451-4b76-8ab1-62ef2683fd5b	1776391	1.0	confident	Romboutsia timonensis	Bacteria
ccf9a378-b9bc-497a-8863-4bdafa6b9cd2	1776391	1.0	confident	Romboutsia timonensis	Bacteria
5403c0e0-7e67-4a6d-856c-79fbbb207efb	1776391	0.999999999980618	high	Romboutsia timonensis	Bacteria
cd025eb0-ed8b-43d9-90ea-08f9dc65748d	1776391	0.7114228573230258	medium	Romboutsia timonensis	Bacteria
32feb5f7-1bc3-4859-b8bc-f4053dc30792	1776391	0.9822535000648108	high	Romboutsia timonensis	Bacteria
bb96f5b0-61cc-44fa-bbbc-71921a39eadf	1776391	0.5254123460217675	medium	Romboutsia timonensis	Bacteria
ecfe92da-8507-422d-a5ff-8306e26e4379	1776391	0.711280512948967	medium	Romboutsia timonensis	Bacteria
f28bbe41-db46-4c6c-bdc9-d0c7a95bc8b9	1776391	1.0	confident	Romboutsia timonensis	Bacteria
ee823242-58ae-44e1-9ddd-382bbb17b974	1776391	0.9999999996956136	high	Romboutsia timonensis	Bacteria
6824ce23-6d2a-45f9-99fe-3bcc6f3b0bea	1505	0.9420689149034296	high	Paraclostridium sordellii	Bacteria
cb006a15-3d83-4928-994d-08b61652ad39	1776391	0.711095927751456	medium	Romboutsia timonensis	Bacteria
63900597-abcd-4cf0-aef6-c614e2808fa8	1776391	0.9999999999804824	high	Romboutsia timonensis	Bacteria
37c47582-5ddd-4d6f-b375-ca311660c8af	1776391	0.9999999999799374	high	Romboutsia timonensis	Bacteria
e6d0f28b-41f2-4fd9-aac8-7f7d83db8767	1776391	0.7712925044336465	medium	Romboutsia timonensis	Bacteria
1da1536f-801f-4824-afaa-3966a25317e6	1776391	0.9160953236213228	high	Romboutsia timonensis	Bacteria
a8f5ca71-2275-4181-b3b2-93d8d9c3d5b8	1505	0.90973517410362	high	Paraclostridium sordellii	Bacteria
08b3bf29-5a78-46ff-b52b-a52b793178e8	1776391	0.9999999999798276	high	Romboutsia timonensis	Bacteria
c5ef277d-2100-486d-b655-1c68ab7b9404	1505	0.9976586643633746	high	Paraclostridium sordellii	Bacteria
5b10ac8b-a75a-4bb0-8395-f55baa0d082e	1505	0.911034345248973	high	Paraclostridium sordellii	Bacteria
1d9c86fd-81ca-46b6-9b0d-16127b4dd27a	1505	0.6642459467264661	medium	Paraclostridium sordellii	Bacteria
28bd4b10-a234-4382-87c3-e96d94c1f8bb	1776391	1.0	confident	Romboutsia timonensis	Bacteria
ad59a779-d0fc-465a-ae55-b62ca89d0128	1776391	0.7114116824282422	medium	Romboutsia timonensis	Bacteria
f6e2f6f2-4f28-4e84-bb13-d7b24fa16f72	1776391	0.9999999999549134	high	Romboutsia timonensis	Bacteria
a7995164-c638-41d0-bbb1-42d5ec3f29cb	1776391	0.7793886383154458	medium	Romboutsia timonensis	Bacteria
3de92279-e858-4eb7-9aa4-45e2d862d6b7	1776391	0.7106271798380673	medium	Romboutsia timonensis	Bacteria
951e9a57-9367-4d86-ab15-d0b17b2b5366	1776391	0.5966742528843577	medium	Romboutsia timonensis	Bacteria
8701f191-9a72-4772-83d2-46c3c0c0fd90	1776391	0.9999999999828576	high	Romboutsia timonensis	Bacteria
850d354e-0b95-4199-80cf-cb7ac421cc8a	1776391	0.9999999999805282	high	Romboutsia timonensis	Bacteria
60c819bc-4a2a-4912-8ebe-8b2e193538c9	1776391	0.9999999986724112	high	Romboutsia timonensis	Bacteria
cbb5c000-68ae-42aa-8c03-1512bbc7e3f7	1776391	0.9836462284596088	high	Romboutsia timonensis	Bacteria
4585ae45-287c-4886-b96e-343976fec5f9	2724150	0.9432183209418336	high	Romboutsia sp. CE17	Bacteria
f50a058d-c163-437e-bb77-01cdc822cf76	1776391	0.99988039883766	high	Romboutsia timonensis	Bacteria
03eb1d97-f7b0-47cf-b3c4-d262b7d209e6	1505	0.9110340771436696	high	Paraclostridium sordellii	Bacteria
2039dfcc-40f6-4e38-ac5d-3d8a7a84ab8b	1776391	0.9070845411342175	high	Romboutsia timonensis	Bacteria
ac21b6fc-9ed6-4a76-bcb4-f0667dc47bb7	1776391	0.9999999999803584	high	Romboutsia timonensis	Bacteria
5d1302ac-6b34-4a59-a8f8-1015c8aa317e	1776391	0.8421083286449816	high	Romboutsia timonensis	Bacteria
bacd0ade-91b1-4b28-b92d-0816fe6b24af	1776391	1.0	confident	Romboutsia timonensis	Bacteria
a6f1c536-4aa4-4ad1-bf92-d25fd1519f78	1776391	0.7112807878443141	medium	Romboutsia timonensis	Bacteria
60fbf24f-7c76-42be-b9b4-874fd1c64d19	1776391	0.9514699649777596	high	Romboutsia timonensis	Bacteria
101d3742-dc7a-460e-9052-579ec9b40d04	1505	0.5904971299653918	medium	Paraclostridium sordellii	Bacteria
60a71282-a142-4cff-8370-d7dec9412987	1776391	0.983671827758464	high	Romboutsia timonensis	Bacteria
450e5bde-084b-4b16-881c-1c00e855f05c	1776391	0.7112393464904149	medium	Romboutsia timonensis	Bacteria
645221cd-469a-4ad2-815c-27fc7d3d0a3d	1776391	0.7113575924114643	medium	Romboutsia timonensis	Bacteria
67e8fdbf-4121-45ac-ae8f-ae95df7f196f	1776391	1.0	confident	Romboutsia timonensis	Bacteria
be20e718-d8b2-4c87-9f67-2d88d1a8080e	1776391	0.9999999999800864	high	Romboutsia timonensis	Bacteria
c6868745-2ed6-4d7f-a7ac-4358f5a4374e	1776391	0.7112751304870563	medium	Romboutsia timonensis	Bacteria
51b910ff-c0f9-4150-bad3-13eed5ad5504	1505	0.6651716888809718	medium	Paraclostridium sordellii	Bacteria
e09c7320-0fb9-4cc4-b783-e56d3b1de345	1505	0.9892194468898056	high	Paraclostridium sordellii	Bacteria
7317403b-a351-4a9c-a9e4-25d2237b31e8	1776391	0.9999999999544084	high	Romboutsia timonensis	Bacteria
0c6d5a51-9cad-45aa-b268-5bbd195331ee	1505	0.536446148703484	medium	Paraclostridium sordellii	Bacteria
6a34a7b3-2b9c-4ee2-8866-8bd99922bbd3	1776391	0.9889390770461608	high	Romboutsia timonensis	Bacteria
4617dcf8-b206-4766-a132-b6fb5204f962	1776391	0.9835054590583222	high	Romboutsia timonensis	Bacteria
f7af61fd-a356-4f5c-847b-db81878c7643	1505	0.9893040092341132	high	Paraclostridium sordellii	Bacteria
422d7bd7-7b93-4eba-a1cb-cb96327077b2	1776391	0.9999999999802844	high	Romboutsia timonensis	Bacteria
d6f11e6f-ba99-4a17-b392-3e4a6af606b3	1776391	0.9273776402128784	high	Romboutsia timonensis	Bacteria
f3a47bc1-d1fe-4f84-95a9-8e1fc81037a9	1776391	0.5261085825478536	medium	Romboutsia timonensis	Bacteria
f524ff72-5ab0-46a0-812a-8f2d7a047b67	1776391	0.711350626292963	medium	Romboutsia timonensis	Bacteria
9deece97-156c-47c2-8c21-a3edaa63d812	1776391	0.9999999999803884	high	Romboutsia timonensis	Bacteria
c7d5861d-2441-4d94-870c-ca57b013ef6e	1505	0.9813407714233172	high	Paraclostridium sordellii	Bacteria
67b3178a-cc52-4ebb-85bc-0a58dae566eb	1776391	0.842227680087678	high	Romboutsia timonensis	Bacteria
a46da90f-442e-4a89-8bbf-9091fce6d6fe	1505	0.9110315201187088	high	Paraclostridium sordellii	Bacteria
eb374e2a-5647-4af4-801b-df16e3a00118	1776391	0.9924155982675298	high	Romboutsia timonensis	Bacteria
4f9bafb9-a776-4251-8c4b-efd51c6c29ef	1776391	0.7114213120504802	medium	Romboutsia timonensis	Bacteria
08ad9a5e-9fd3-4837-9819-e60ac919ceb2	1776391	0.9999999999986606	high	Romboutsia timonensis	Bacteria
1bcf3b7d-23e1-4f3e-a689-7ba6c294050a	1505	0.9424046325712552	high	Paraclostridium sordellii	Bacteria
0ed6aeeb-2933-4ab8-980c-7837019aef2b	1776391	0.999999999980174	high	Romboutsia timonensis	Bacteria
9f14baad-24c0-431d-a0eb-0232fc55ff05	1505	0.9814062088221208	high	Paraclostridium sordellii	Bacteria
851da341-d2a2-423d-ad7d-a9f9443423e4	1776391	0.9999999993069256	high	Romboutsia timonensis	Bacteria
dd793d0f-e30e-4a6b-b70a-dc71d23fe1be	1505	0.5893892061484871	medium	Paraclostridium sordellii	Bacteria
3f3f36a0-a739-42f4-8dc0-98396393d5d3	1776391	0.9999999999800722	high	Romboutsia timonensis	Bacteria
9d8616dc-e2ac-4998-8b3f-ba361c291b50	1776391	0.9999999999804146	high	Romboutsia timonensis	Bacteria
f8f7a005-d105-43d8-898b-61c65773df96	1776391	0.7112349762139129	medium	Romboutsia timonensis	Bacteria
436c98ca-3b8b-4aea-86e8-58865286820e	1776391	1.0	confident	Romboutsia timonensis	Bacteria
49e49fa7-73a3-452d-b42b-b5ac80561795	1505	0.8195985893784616	high	Paraclostridium sordellii	Bacteria
078c5f39-5a59-43d9-af2b-1a909b60a134	1776391	0.9989960811122334	high	Romboutsia timonensis	Bacteria
c785df6d-980e-4164-842f-338f7467815b	1505	0.9110334581056186	high	Paraclostridium sordellii	Bacteria
22f10e1f-f62f-4cb4-9962-47a0921880b1	1776391	0.999999999980137	high	Romboutsia timonensis	Bacteria
0b0ca4c7-db85-4e4b-a4d3-460ed7e65a7b	1776391	1.0	confident	Romboutsia timonensis	Bacteria
f4f1acea-f20e-4c6f-a0f7-160e719e2dac	1505	0.6626082997389122	medium	Paraclostridium sordellii	Bacteria
e935fd6d-a33e-4925-be0e-44fdbfb6212c	1776391	1.0	confident	Romboutsia timonensis	Bacteria
d7d3f184-5817-49f7-b4e0-944c85d6f11f	1776391	0.7113323003686657	medium	Romboutsia timonensis	Bacteria
656ae87d-7f01-4fd7-8db5-8884d11996f3	1776391	0.9999999999805508	high	Romboutsia timonensis	Bacteria
1689b997-8d14-4476-a0cc-384e27f02af2	1776391	0.9157488679746728	high	Romboutsia timonensis	Bacteria
8969e1d8-4482-4118-b740-466d195464b9	1776391	1.0	confident	Romboutsia timonensis	Bacteria
6c65cf78-6053-40c3-bbfe-7c35eee7ad8a	1776391	1.0	confident	Romboutsia timonensis	Bacteria
e9d58307-94c5-4e15-9772-df201315b758	1776391	0.8421149526145897	high	Romboutsia timonensis	Bacteria
c0c7b262-eba2-473e-8c56-873e6cec5400	1505	0.9110330254672976	high	Paraclostridium sordellii	Bacteria
c8d08b0f-d58a-461b-9fe0-628c908c4cac	1505	0.9995756598716606	high	Paraclostridium sordellii	Bacteria
ece25fd6-1b31-4bda-88d5-036f33f29140	1505	0.9892036951429284	high	Paraclostridium sordellii	Bacteria
0cb40d46-53e7-4a26-96ba-5422094dee71	1776391	0.9834754956783542	high	Romboutsia timonensis	Bacteria
2d031f7e-48d2-47f5-a65d-e4ca1e6a87a1	1776391	0.9999999999802596	high	Romboutsia timonensis	Bacteria
f51558ac-a78b-4baf-b6c6-5bca28105363	1776391	0.7113350926111001	medium	Romboutsia timonensis	Bacteria
8151bf03-f59f-4e7b-84a3-1eab58ee82c3	1776391	0.9999999998282254	high	Romboutsia timonensis	Bacteria
1a6afff3-da36-434e-a776-130fad6079ba	1776391	0.9999999999802338	high	Romboutsia timonensis	Bacteria
a23597dc-a7c1-4d16-bb4b-4e8d5c734468	1776391	0.9999999999797836	high	Romboutsia timonensis	Bacteria
8c24d0c8-78a0-4a1f-b964-a9035e0532d0	1776391	0.7112186512356744	medium	Romboutsia timonensis	Bacteria
db45f3cb-8a97-4c8e-8b96-ac8fc3326bc5	1505	0.9127845430258882	high	Paraclostridium sordellii	Bacteria
6003c958-c913-4fbe-8970-3203085ca9ef	1505	0.8559424011360556	high	Paraclostridium sordellii	Bacteria
0c1d28b6-38bd-4d20-a69b-bbe80d03837a	1776391	0.9999999988185462	high	Romboutsia timonensis	Bacteria
89693c55-2d42-4749-a296-2a6b5fc2d01d	1505	0.9999818642631272	high	Paraclostridium sordellii	Bacteria
2a823931-9610-49c9-9c1b-e284600238b7	1776391	0.7113222289006466	medium	Romboutsia timonensis	Bacteria
3e249393-084d-4f40-9fcd-ee793a8a1744	1776391	0.9999999988353354	high	Romboutsia timonensis	Bacteria
32247264-ee30-4a74-a802-c5196de45256	1776391	1.0	confident	Romboutsia timonensis	Bacteria
19f1930e-a68b-4fe4-8123-20e6ed8e9af4	1505	0.9110310357174382	high	Paraclostridium sordellii	Bacteria
1bc64f1f-5310-4e23-9377-aa9687cbcd4a	1776391	0.911258306799608	high	Romboutsia timonensis	Bacteria
a1535cff-c167-45a6-8d44-ed198db80851	1776391	0.7113617565036401	medium	Romboutsia timonensis	Bacteria
58aedf08-a8c4-4dc6-8af3-67072762e48c	1776391	0.999999999980336	high	Romboutsia timonensis	Bacteria
3f608684-775e-4456-8d13-23770667ca3d	1776391	0.7113951225797769	medium	Romboutsia timonensis	Bacteria
9268855b-1036-465c-b4c9-8204b718f042	1776391	0.7113918042039205	medium	Romboutsia timonensis	Bacteria
61970cbf-662a-4c96-aa01-7b9340161397	1776391	0.9999999999803604	high	Romboutsia timonensis	Bacteria
48d4bfeb-ee6e-45fd-b008-0da1e15ca6cb	1776391	0.7113282165041925	medium	Romboutsia timonensis	Bacteria
a1742263-01fa-44f8-8669-17631f0034d7	1776391	0.9999999999802278	high	Romboutsia timonensis	Bacteria
01e5455e-d29e-41ce-856b-41537a6f67f5	1776391	0.7113426094998984	medium	Romboutsia timonensis	Bacteria
c60de7ba-4fb6-49ab-be9c-70aaf1d06f69	1776391	0.711316443967415	medium	Romboutsia timonensis	Bacteria
048bd9fe-2863-4211-98f8-01e3ab84ad95	1776391	0.9997192766202035	high	Romboutsia timonensis	Bacteria
8990cb14-7524-4c37-aa68-e6653a5ff7ce	1776391	0.7112273724421719	medium	Romboutsia timonensis	Bacteria
d00af68b-944f-4aca-912a-1a9a73c680c0	1776391	0.8413671536113219	high	Romboutsia timonensis	Bacteria
7933e212-8561-4541-b4f0-b1a876900dd9	1776391	0.7113556042223778	medium	Romboutsia timonensis	Bacteria
c637d6d3-f11f-42a1-8653-cd2881612178	1505	0.9998205424090744	high	Paraclostridium sordellii	Bacteria
c4e0e887-1b79-4630-8f39-a693b521c110	1776391	0.9833461016101044	high	Romboutsia timonensis	Bacteria
57a6351d-2eca-49a6-8617-581372cbcf96	1776391	0.9999999999558472	high	Romboutsia timonensis	Bacteria
7ea8dee7-6668-4a4c-b187-37f843161906	1776391	0.9999999999557648	high	Romboutsia timonensis	Bacteria
02b5ab57-ee35-421e-9416-4ad36f1c42dc	1776391	0.9999999999800762	high	Romboutsia timonensis	Bacteria
88e560f5-d43f-41c4-9202-ff63bb0e4a9f	1776391	1.0	confident	Romboutsia timonensis	Bacteria
42f0a4d4-a34a-49b3-b950-269a1f6ebe38	1776391	0.9999999999912292	high	Romboutsia timonensis	Bacteria
d54f252b-62c2-4b01-af66-9a33f7e6b883	1505	0.9110292227702914	high	Paraclostridium sordellii	Bacteria
151fb1b2-8f39-4eb9-86a3-d9b68ff5c6a1	1776391	0.9999999999803406	high	Romboutsia timonensis	Bacteria
ac07a8be-8940-4a4c-90c9-57f3cb37bd95	1776391	0.9999999998983364	high	Romboutsia timonensis	Bacteria
a34abacc-4458-455a-92b0-7dc26876da0a	1505	0.8534223730695396	high	Paraclostridium sordellii	Bacteria
d2072893-1a74-427b-9ae3-f14f69c16cf2	1776391	0.9889389697518968	high	Romboutsia timonensis	Bacteria
cd0b38a6-c15b-42f2-bde1-613c2cbcfc3d	1776391	0.7113661319514692	medium	Romboutsia timonensis	Bacteria
a2727cf1-fb9f-4c68-a79e-31b2dd41e61f	1776391	0.9999999999555508	high	Romboutsia timonensis	Bacteria
7045194e-4fa8-4214-b5a0-acbce79246eb	1776391	0.9999999999804456	high	Romboutsia timonensis	Bacteria
e54227ee-6001-4a5d-b850-14f2ab717306	1776391	0.9442945325297484	high	Romboutsia timonensis	Bacteria
524fb720-7629-4a3d-901a-e80fb5c7bfbc	1505	0.9304206598211308	high	Paraclostridium sordellii	Bacteria
11805d23-4efe-48c2-a14d-37f50c2d3ad7	1505	0.8258718114579907	high	Paraclostridium sordellii	Bacteria
c328026a-2020-4597-93d2-95fa5ebaa40d	1776391	0.711389200592456	medium	Romboutsia timonensis	Bacteria
559939dc-73dd-4d80-898c-1cbe2e07515d	1776391	0.999999999980782	high	Romboutsia timonensis	Bacteria
46d62f9b-9976-4105-a1c0-90db78f06e3e	1776391	0.9999999999802618	high	Romboutsia timonensis	Bacteria
0546d99d-ed1f-4120-b9da-e9f21a6ec3d6	1776391	0.9999999999801554	high	Romboutsia timonensis	Bacteria
20dc1926-0d7a-4149-a004-cd1445b3c3da	1776391	0.9999999999800082	high	Romboutsia timonensis	Bacteria
156cc00b-0ec4-4c6e-8cd4-ac4c4de07bba	1776391	0.9999999999805688	high	Romboutsia timonensis	Bacteria
a7b2346e-b6bf-4a6a-b695-262734c44894	1776391	1.0	confident	Romboutsia timonensis	Bacteria
d834613e-baad-4079-b76c-b01f4224c548	2724150	0.9805802926351398	high	Romboutsia sp. CE17	Bacteria
ab3b710b-8607-4ff7-ac76-4062f950db4f	1776391	0.8421037065799272	high	Romboutsia timonensis	Bacteria
1229a8e2-795b-446f-b0b3-8791d8be912d	1776391	0.852165395620391	high	Romboutsia timonensis	Bacteria
a16141d9-5c85-4bec-86d8-4b763aefd063	1776391	0.983424608276482	high	Romboutsia timonensis	Bacteria
1211f3f5-4d01-473d-b6b2-00df412b0acf	1776391	0.9999999999804788	high	Romboutsia timonensis	Bacteria
acd5af86-dca5-42a1-95fc-d80b97b8b2dc	1776391	0.9999999999804564	high	Romboutsia timonensis	Bacteria
e6191e3c-8a6b-489e-9708-398fccb486f2	1776391	0.7113923905302668	medium	Romboutsia timonensis	Bacteria
79c16a83-8424-40ea-a946-9d17377af142	1776391	0.7111969214459397	medium	Romboutsia timonensis	Bacteria
126c9035-1568-4aa8-800e-754c68918d6e	2724150	0.9347115279092536	high	Romboutsia sp. CE17	Bacteria
36af1f02-c24f-442b-8984-5425440cfc95	1505	0.6650850803500892	medium	Paraclostridium sordellii	Bacteria
ad28faad-d7fd-4d4e-af98-5c3ecdfbb193	1505	0.91200894027817	high	Paraclostridium sordellii	Bacteria
450ceea4-0f54-44c9-b7bb-a0ad278e5f96	1776391	0.711403629983746	medium	Romboutsia timonensis	Bacteria
32e9b161-3382-40d9-be7e-a8b14ed3453a	1776391	0.7112502089389918	medium	Romboutsia timonensis	Bacteria
d720687a-c740-45ee-ba98-5973fbdd7ddc	1505	0.9881972155940768	high	Paraclostridium sordellii	Bacteria
13292ae7-5a3c-416d-86b6-486ca78d012e	1776391	0.9999999999803584	high	Romboutsia timonensis	Bacteria
d46e85e6-c2d9-4aee-a9e9-e7dd3e387051	1776391	0.983309449770386	high	Romboutsia timonensis	Bacteria
2f8f94c6-1ec6-477c-8b3a-d9ed4799d534	1776391	0.9999999999801776	high	Romboutsia timonensis	Bacteria
08a6e71d-9317-41dd-ac74-60a4ec278265	1776391	0.9999999999794807	high	Romboutsia timonensis	Bacteria
29f71e82-3416-45f8-8d64-06a6114917c5	1776391	0.7160564185203477	medium	Romboutsia timonensis	Bacteria
438bdd07-f533-4f31-af4c-40bccb008527	1776391	0.7112834331433305	medium	Romboutsia timonensis	Bacteria
d9c15f34-8dbe-4d77-bf31-bebfd35d1e18	2724150	0.9997471794341202	high	Romboutsia sp. CE17	Bacteria
07d749ba-9cfb-432b-8f4e-d4250ad126cc	1776391	0.711217577143649	medium	Romboutsia timonensis	Bacteria
1195658b-f26f-43ef-8a95-4d874c41048f	1776391	0.7114116824282422	medium	Romboutsia timonensis	Bacteria
e210605d-ab4f-4acf-8cd4-a0ef7711ae76	1776391	0.9999999999804788	high	Romboutsia timonensis	Bacteria
7d76650c-bdd9-4365-b1a2-3b1cb43f5b3e	1776391	0.8597261113659106	high	Romboutsia timonensis	Bacteria
d7be027b-4eb9-4c79-b926-b4ba6774597d	1776391	0.7112303458630896	medium	Romboutsia timonensis	Bacteria
554d2031-593e-4fcb-8cc6-d35a3e4de095	1776391	0.9999999999804412	high	Romboutsia timonensis	Bacteria
ddc18de9-1477-4959-ada4-188e9229ee49	1776391	1.0	confident	Romboutsia timonensis	Bacteria
299f2a58-6189-4c3c-a7ee-9bd26c3d3e95	1776391	0.5259086933580779	medium	Romboutsia timonensis	Bacteria
5413c58a-6228-4f71-bbf2-ab63c5f552e8	1776391	0.9999999999803976	high	Romboutsia timonensis	Bacteria
cf4de473-9429-4445-b4dc-efe1d3408b82	1776391	0.9999999999801652	high	Romboutsia timonensis	Bacteria
9d4fa49b-d928-4e62-9bd4-52f9e424d702	1776391	0.842176759125421	high	Romboutsia timonensis	Bacteria
f2b0506a-03b7-4226-b21d-4494ca1223cf	1776391	0.9999999999804968	high	Romboutsia timonensis	Bacteria
ad07fcfa-7123-4073-90ee-dd2a628cbc91	1776391	0.7113409234177439	medium	Romboutsia timonensis	Bacteria
5d080036-65fd-4af3-b062-cfceb64af776	1776391	0.9315583102584186	high	Romboutsia timonensis	Bacteria
0201b219-dffc-4bf6-8527-f3672f2dc4e1	1776391	0.9999999999798856	high	Romboutsia timonensis	Bacteria
8dd100c9-ce56-4ee9-99a2-c8b9b1c228ec	1776391	0.8272826103442521	high	Romboutsia timonensis	Bacteria
b208caad-6e29-43e4-a5c7-4febfd8b7f64	1776391	0.9999999999800906	high	Romboutsia timonensis	Bacteria
dd3292d4-3658-43fd-936e-5fbd7f3533c8	1776391	0.7113448350037975	medium	Romboutsia timonensis	Bacteria
869d3c00-3459-42b2-9a46-82eee6a7c712	1776391	0.992001585829362	high	Romboutsia timonensis	Bacteria
79d3f3ce-286c-4760-b878-dbbc1ac85207	1776391	0.9075852318043488	high	Romboutsia timonensis	Bacteria
4b21f546-5b43-4743-a733-ab8625d755c8	1776391	0.9999999999971544	high	Romboutsia timonensis	Bacteria
6aaa065a-2108-4b2b-b9b1-8935611112b1	1776391	1.0	confident	Romboutsia timonensis	Bacteria
d7af2a5d-b594-4c3d-81df-275cf3a426f2	1776391	1.0	confident	Romboutsia timonensis	Bacteria
1e6a7592-5992-4e94-ba03-173df362f6bb	1776391	0.9999999999805498	high	Romboutsia timonensis	Bacteria
1f673aff-9049-4c5f-bcac-91ba75bad457	1776391	0.7113115857963995	medium	Romboutsia timonensis	Bacteria
05ec7e51-7e9f-4ba4-859e-6f3f80774baa	1776391	0.9999999998974872	high	Romboutsia timonensis	Bacteria
f4c4bb1a-e224-4605-8c59-0fc5e7d33df1	1776391	0.7113769218028109	medium	Romboutsia timonensis	Bacteria
b1130367-6f85-4ec4-a4da-507f66be427a	1776391	0.5253545452392886	medium	Romboutsia timonensis	Bacteria
027e96ed-200c-4e72-ba52-2e7a105782de	1776391	0.7113000439108081	medium	Romboutsia timonensis	Bacteria
39bca4be-54d1-4176-ac1d-889704c57565	1776391	0.9999999999804744	high	Romboutsia timonensis	Bacteria
3943c93a-5392-4532-bf8f-4f2a37250e88	1776391	0.7113340010236894	medium	Romboutsia timonensis	Bacteria
a8acede0-3315-4c4a-bf13-f4816330d1e9	1776391	0.7112968741022396	medium	Romboutsia timonensis	Bacteria
bb8e58a6-210d-44cf-ad58-009ab33cba79	1776391	1.0	confident	Romboutsia timonensis	Bacteria
3be3532b-e5e5-43b3-8bcf-da9389572355	1776391	0.9999999999799276	high	Romboutsia timonensis	Bacteria
ff7780f3-807a-47f6-95a8-e34b1274b89e	1776391	0.7113280723914127	medium	Romboutsia timonensis	Bacteria
32bcbf9e-cd3e-4658-9453-46d31a588fe5	1776391	0.9999999999805148	high	Romboutsia timonensis	Bacteria
3669d6a3-a3c9-4c41-b60d-5d01699d6557	1776391	0.6527664987196736	medium	Romboutsia timonensis	Bacteria
30286635-0eff-43f8-abda-092d9a3718bf	1776391	0.7114132490700559	medium	Romboutsia timonensis	Bacteria
5dec8cac-47cd-4a18-a8a6-8e039ab80caa	1505	0.9886568394354524	high	Paraclostridium sordellii	Bacteria
f1996456-63e1-4b30-8941-07e2c90520a4	1776391	1.0	confident	Romboutsia timonensis	Bacteria
3bef8699-8c12-4f12-aceb-3afecf4f2746	1776391	0.9923357985640148	high	Romboutsia timonensis	Bacteria
d9168510-0c1d-46b1-9378-bfaeab0d6563	1776391	0.999999999980246	high	Romboutsia timonensis	Bacteria
0436d418-fee4-4007-b8a5-1fa402c3a0a3	1776391	1.0	confident	Romboutsia timonensis	Bacteria
1a1d47c6-1ac5-43c7-a055-94f59d941d11	1505	0.6648755916452875	medium	Paraclostridium sordellii	Bacteria
0a960df0-4e8a-4ebe-bd46-84a10dfba715	1776391	0.7113249615533659	medium	Romboutsia timonensis	Bacteria
378616d0-2cca-4961-8e21-2fc7e302df4b	1776391	0.7113940000521798	medium	Romboutsia timonensis	Bacteria
6fb1611d-8ff0-4c24-9918-f4d1f76e90b9	1505	0.9974387814016836	high	Paraclostridium sordellii	Bacteria
9e855f6d-4fa1-48fc-ab68-e6d3ab7482ee	1505	0.962610676685646	high	Paraclostridium sordellii	Bacteria
397115bc-fed0-4bb4-b4bb-aebc8840d7f3	1776391	0.9999999999805274	high	Romboutsia timonensis	Bacteria
4723ba6b-f3c1-4a28-a6b4-2fd8c490dee7	1776391	0.9999999999798216	high	Romboutsia timonensis	Bacteria
efbe47a8-bb41-4081-a765-0f81c92ba6d3	1776391	0.8420946666358077	high	Romboutsia timonensis	Bacteria
ca5a1f62-f101-4fee-b528-5bd963d332d1	1776391	0.9999999999804056	high	Romboutsia timonensis	Bacteria
96d90141-7ce6-459e-a981-b55e1d472a6d	1505	0.6651376912952053	medium	Paraclostridium sordellii	Bacteria
67d0744b-ddde-4a43-a9ce-a789f192e730	1776391	0.7112862687516995	medium	Romboutsia timonensis	Bacteria
df0a6e13-175c-42aa-9e61-24dd5717f677	1776391	0.9925366707833784	high	Romboutsia timonensis	Bacteria
1393101d-600f-4ae5-ad89-4713a53592d3	1776391	0.7113162458369833	medium	Romboutsia timonensis	Bacteria
0700cb42-bd18-46ac-9e59-358d45f338b0	1776391	0.7113677988394572	medium	Romboutsia timonensis	Bacteria
8da784e4-81f1-43b9-a173-48c8dbe0048f	1776391	0.7113301658241405	medium	Romboutsia timonensis	Bacteria
6b2d07a8-97d5-45ce-a914-ac33abd56c75	1505	0.988536394166736	high	Paraclostridium sordellii	Bacteria
0be55c22-fa81-46e8-bf71-5412c6d2c948	1776391	0.8419245274447206	high	Romboutsia timonensis	Bacteria
10ecce16-39cf-45d5-8211-35e162bedcf8	1776391	0.9999999999804878	high	Romboutsia timonensis	Bacteria
f017ec4d-0cc4-49b6-9bc6-1c5a85e32655	1776391	0.9999999999800584	high	Romboutsia timonensis	Bacteria
e6b11c53-8098-4821-a724-49a89b94bda6	1776391	0.7110020061984584	medium	Romboutsia timonensis	Bacteria
ac351902-b2e5-4448-86bd-94f8fc7efd33	1505	0.6651404774461097	medium	Paraclostridium sordellii	Bacteria
19bd6d7f-ecfa-4e07-a261-6c154d6bbf11	2724150	0.9325515573254184	high	Romboutsia sp. CE17	Bacteria
c611f5d8-ecac-4467-8282-0caf7fc4249c	1776391	1.0	confident	Romboutsia timonensis	Bacteria
5c5ce950-0c7b-4a0f-b004-5f8bda30c064	1776391	0.9999999999804292	high	Romboutsia timonensis	Bacteria
ae1ed9f0-e987-4783-ab8c-0d81035a3388	1776391	1.0	confident	Romboutsia timonensis	Bacteria
9a3b1988-c361-4d04-81e7-19607a13cda8	1505	0.8789584535710956	high	Paraclostridium sordellii	Bacteria
1bcc3ec0-2acb-4373-bc6d-75b5859bf160	1776391	0.999999998417784	high	Romboutsia timonensis	Bacteria
8b8468d2-6f81-4276-849d-9942d1a0ed14	1776391	0.9999999999803548	high	Romboutsia timonensis	Bacteria
3139d284-bad3-4103-8741-7f0b2e6bdead	1505	0.9586835964170644	high	Paraclostridium sordellii	Bacteria
d404e942-e8cb-4b21-8363-901a16573a16	1776391	0.982153419060763	high	Romboutsia timonensis	Bacteria
f84daccd-0198-4ad4-a36f-8b160058ccba	1776391	0.7113370430252484	medium	Romboutsia timonensis	Bacteria
be8fe07f-00d2-4bc4-b05f-d4473d94877d	1505	0.9887352031277914	high	Paraclostridium sordellii	Bacteria
0840239d-362d-47c8-8f70-6e0e26ba4074	1505	0.911852362410674	high	Paraclostridium sordellii	Bacteria
4c164f3b-4fe8-409e-ba56-457a1d14d8f8	1505	0.9673950021747372	high	Paraclostridium sordellii	Bacteria
2d927afc-8eaf-48ff-83d1-b8c9485a5ed4	1776391	0.7113769218028109	medium	Romboutsia timonensis	Bacteria
be0861c2-13f6-455a-8668-48a40cda55b2	1776391	0.9999999999805776	high	Romboutsia timonensis	Bacteria
07cf447f-efdf-4750-85f8-38c682d1ab44	1776391	0.9999999999800676	high	Romboutsia timonensis	Bacteria
1ddd77af-0c58-4319-ae06-c8e2635de4c3	1776391	1.0	confident	Romboutsia timonensis	Bacteria
6dab6900-d9c8-45b2-9a6f-17fe42b8b47b	1776391	1.0	confident	Romboutsia timonensis	Bacteria
4f2d8712-b851-4d58-a119-874590611a1f	1776391	0.9999999999795888	high	Romboutsia timonensis	Bacteria
02cef5a9-ac8a-498f-9480-d9ba9fdd5033	1776391	0.9629797409235328	high	Romboutsia timonensis	Bacteria
89715e96-3c9a-4eea-b1eb-fcc9181d6f92	1505	0.9110337006008395	high	Paraclostridium sordellii	Bacteria
af413771-b249-433f-aba9-dadfe89e3707	1776391	0.9999999997644866	high	Romboutsia timonensis	Bacteria
0d44431e-c8a4-4dda-9b6b-ac9c6b488e56	1776391	0.7111969532711307	medium	Romboutsia timonensis	Bacteria
389ab50b-5037-427c-9a6d-c855b3c3509a	1776391	0.7113614250967994	medium	Romboutsia timonensis	Bacteria
c4e7ee5d-6219-46bb-a7e0-3330d3f5b07d	1505	0.6640344286984847	medium	Paraclostridium sordellii	Bacteria
291c64f4-b9d7-49df-b3dd-dc0f95d08ece	1505	0.6651177910012374	medium	Paraclostridium sordellii	Bacteria
5638fac0-b34c-4246-b599-9201fe7163a4	1776391	0.7191776927096775	medium	Romboutsia timonensis	Bacteria
48057628-7389-4b1b-affb-b61f7f3ba910	1776391	0.8420041058604273	high	Romboutsia timonensis	Bacteria
48459373-0be9-4a5c-b3ae-5223cd4151da	1776391	0.9831363513335408	high	Romboutsia timonensis	Bacteria
c25ad756-e829-4572-8969-208a7d5848e2	1776391	1.0	confident	Romboutsia timonensis	Bacteria
0e62f70a-0376-4ce6-a552-2852e33f7214	1776391	0.9999999999804878	high	Romboutsia timonensis	Bacteria
d8a523e6-0ef3-4ed5-8e7c-f76ccaa7817a	1505	0.7571905721937167	medium	Paraclostridium sordellii	Bacteria
607cdc01-1469-458b-a7c4-3422317dd751	1776391	0.9887055428443708	high	Romboutsia timonensis	Bacteria
b0f16051-1150-4769-911e-7cb817b7145c	1776391	0.9999999999805274	high	Romboutsia timonensis	Bacteria
e7c2141c-6a9c-4e39-bf00-03500b884973	1505	0.9983714989499232	high	Paraclostridium sordellii	Bacteria
9e6f78fd-f8a8-4290-b5fc-c618214417e8	1776391	0.7113420195745085	medium	Romboutsia timonensis	Bacteria
d59ec25f-878c-4af5-a3bb-4122e9ed0b2c	1776391	0.7113711114373824	medium	Romboutsia timonensis	Bacteria
9733138f-8192-4b86-a08d-ade68e7a3763	1505	0.662472172779789	medium	Paraclostridium sordellii	Bacteria
6efc5b91-de81-44b1-8c8d-0cd30e7d90e5	1505	0.9978090232692424	high	Paraclostridium sordellii	Bacteria
5137251a-a82c-45fb-9909-009924aef101	2724150	0.9356958663558654	high	Romboutsia sp. CE17	Bacteria
0148abeb-a752-43e3-8f5c-854a0f4672c2	1776391	0.999999999980357	high	Romboutsia timonensis	Bacteria
5c06da20-f63b-4a33-8fe6-b101c481c268	1776391	0.9836383817086825	high	Romboutsia timonensis	Bacteria
d64f6e60-5eae-4630-b299-3d8a6251ed0d	1776391	0.8416301315986422	high	Romboutsia timonensis	Bacteria
79fc8822-0b6d-4ca2-af1d-753ce4ec3042	1776391	0.9623358987073852	high	Romboutsia timonensis	Bacteria
4fb9a9ff-000d-485c-8361-b2613d7b0c7e	1776391	1.0	confident	Romboutsia timonensis	Bacteria
acaf5637-c960-4394-92fb-3485ffa23954	1776391	0.7114132490700559	medium	Romboutsia timonensis	Bacteria
8aa1ac14-2b3f-490a-be70-016632ebc604	1776391	0.7112968741022396	medium	Romboutsia timonensis	Bacteria
69ed5a7d-0f93-4436-ab41-c134a1c5dee4	1776391	0.7111425360415017	medium	Romboutsia timonensis	Bacteria
aa22baae-d3f8-4593-b565-770b432dbc26	1776391	0.9836215077036868	high	Romboutsia timonensis	Bacteria
11a819dd-c8d2-43fb-bd97-e4770ec8f1ee	1505	0.8537961624031408	high	Paraclostridium sordellii	Bacteria
efa951bf-e682-40c4-b6c7-8ae31b9af4ee	1776391	0.7113843592634258	medium	Romboutsia timonensis	Bacteria
6427a7fb-0b7a-46aa-9bc6-128e6eb2c948	1776391	0.9999999999802408	high	Romboutsia timonensis	Bacteria
883c4466-432f-4f85-ad8a-2efd1fbf4ffd	1505	0.9977025647282434	high	Paraclostridium sordellii	Bacteria
cd9c81f6-ac79-4bf1-978b-7029083d092e	1776391	1.0	confident	Romboutsia timonensis	Bacteria
4a0b05d9-955f-43c8-96ac-8bd4a589a33e	1505	0.911031953794704	high	Paraclostridium sordellii	Bacteria
c7e3bf09-fefa-44c2-a428-9cfd69b0f3d6	1776391	0.9999999999804464	high	Romboutsia timonensis	Bacteria
866fa184-1734-4214-9b4f-87f14706b60d	1776391	0.9835031381249876	high	Romboutsia timonensis	Bacteria
570f57ef-c33f-4e01-aa7a-351427d3c8c5	1505	0.8522378826490064	high	Paraclostridium sordellii	Bacteria
979e94b8-2b04-47c6-8425-418b42e7a019	1776391	0.9999999999803372	high	Romboutsia timonensis	Bacteria
614c6579-84ee-4c9a-b9aa-633ed6b33263	1776391	0.999999999980658	high	Romboutsia timonensis	Bacteria
04fbaac6-611b-4e73-bb77-5bd1a0fcca3a	1776391	0.961788971458468	high	Romboutsia timonensis	Bacteria
a592b2d2-fec0-45fd-af9a-81a2096e2808	1776391	0.9999999999803748	high	Romboutsia timonensis	Bacteria
bfb55816-dfb4-4342-9c6a-524536704198	1776391	0.9966439521926932	high	Romboutsia timonensis	Bacteria
9829f2e0-e28b-4d77-a04a-84fb60cd0578	1776391	0.7113264597447578	medium	Romboutsia timonensis	Bacteria
66d906c1-6403-4374-b9e3-b84f999dd84d	1505	0.9926436174551652	high	Paraclostridium sordellii	Bacteria
fe6c1f45-3d38-439b-b558-b21f71f01fca	1776391	0.9993648661147077	high	Romboutsia timonensis	Bacteria
81280fc1-038a-4313-bb40-18799545b113	1776391	0.999999999980436	high	Romboutsia timonensis	Bacteria
78396d1b-869f-4e97-b512-51fc96e87b49	1776391	1.0	confident	Romboutsia timonensis	Bacteria
1aa80647-e80f-433c-9f76-d4aa645c060b	1776391	1.0	confident	Romboutsia timonensis	Bacteria
c7a0a066-7116-45b8-aa0b-420621c16a29	1505	0.9679670074552584	high	Paraclostridium sordellii	Bacteria
c4590b57-66d7-4c36-a443-00c19898d092	1776391	0.9999999999805946	high	Romboutsia timonensis	Bacteria
aa857af7-bc15-4307-8514-26063e314475	1776391	0.7113705479899941	medium	Romboutsia timonensis	Bacteria
6b708ae1-7c4d-4e9a-ab38-ef6f2c6ec889	1776391	0.9999999999805598	high	Romboutsia timonensis	Bacteria
0edfcb71-98d3-4db3-9c97-cdd8f8753101	1505	0.9892478871598948	high	Paraclostridium sordellii	Bacteria
f07138e6-4ef2-44a9-9ea2-233afad171d4	1776391	0.9999999999805688	high	Romboutsia timonensis	Bacteria
ec118003-b817-4a7c-8049-2bec78e07406	1776391	0.9836755486067978	high	Romboutsia timonensis	Bacteria
be970f11-8f7c-4e57-b960-ea0c4ae86395	1776391	0.9627491671580282	high	Romboutsia timonensis	Bacteria
84e1693e-2945-41ce-8278-69e68747f1f0	1776391	0.999999999980396	high	Romboutsia timonensis	Bacteria
ef9baacc-6020-4dec-acda-78a387b10c7e	1776391	0.9999999999914146	high	Romboutsia timonensis	Bacteria
040ade7e-6290-4688-96f0-1ac2fe8f7759	1776391	0.9070828356992972	high	Romboutsia timonensis	Bacteria
e2f04bf8-8ad0-494b-a404-6b9587df08df	1505	0.664793231266177	medium	Paraclostridium sordellii	Bacteria
8cf0081b-2a4f-44d5-a300-808e72314aeb	1505	0.6275595983165881	medium	Paraclostridium sordellii	Bacteria
0ed3ae9a-37fa-45a7-b07c-cebd7d431890	2724150	0.7584048717799118	medium	Romboutsia sp. CE17	Bacteria
3f217757-147e-404e-bb1c-26e4c484d861	1776391	0.9999999999806132	high	Romboutsia timonensis	Bacteria
7ae79ffc-5812-41ad-9a4a-049025ee24ea	1776391	0.5196599800855841	medium	Romboutsia timonensis	Bacteria
c0c9121b-6c63-4701-87d2-fdf5d32d91ab	1505	0.7922010441730111	medium	Paraclostridium sordellii	Bacteria
1e48bfaf-3cf4-4c56-9382-b5acc8edc6db	1776391	0.8486712994285084	high	Romboutsia timonensis	Bacteria
6c3930ea-3c22-4f3a-8ee1-1f0d05e0c562	1505	0.911349039747484	high	Paraclostridium sordellii	Bacteria
b917bc89-5eba-4b23-b565-c9b72241c4be	1776391	0.9999999999802134	high	Romboutsia timonensis	Bacteria
4c5975a4-f76a-46d8-b8e3-5861e30de9c5	1776391	0.7007844210228047	medium	Romboutsia timonensis	Bacteria
1debb296-6046-4a42-a3e7-48b713c75808	1776391	0.7196892813834266	medium	Romboutsia timonensis	Bacteria
f27f852f-12f1-4cd9-8d50-b06f05e5562f	1776391	0.9999999999970846	high	Romboutsia timonensis	Bacteria
3b30636b-eb6c-4b18-8fb6-2681fa9f6aea	1776391	1.0	confident	Romboutsia timonensis	Bacteria
6f3300b8-4283-405a-a760-c9ab4ea89dc1	1776391	0.7112678738265522	medium	Romboutsia timonensis	Bacteria
9f45981b-b109-4138-9aa5-7b065bd6ceec	1505	0.6650944169990612	medium	Paraclostridium sordellii	Bacteria
544eec78-9872-4e26-a990-b7c3512f0fbf	1505	0.9813401962319938	high	Paraclostridium sordellii	Bacteria
5ca32970-3dd2-4b7a-b4af-4587cc9a7f59	1776391	0.999999999956481	high	Romboutsia timonensis	Bacteria
c6ff4e12-b5cb-4f28-a928-27dc64873c91	1776391	1.0	confident	Romboutsia timonensis	Bacteria
04a79e93-91af-4696-9cef-370aee3755f6	1776391	0.7111470677390865	medium	Romboutsia timonensis	Bacteria
d6914c23-e530-4636-bc75-0084ea0cc63c	1776391	0.999999999980108	high	Romboutsia timonensis	Bacteria
da0a0454-bdc1-4153-a6fe-c5e95b5cd715	1505	0.7207428428117242	medium	Paraclostridium sordellii	Bacteria
16230734-f031-4981-8374-775ed13c1a6e	1776391	0.999999999980469	high	Romboutsia timonensis	Bacteria
95dad8ac-49f8-4d4b-827f-ff2d563b5839	1776391	0.8487843928414253	high	Romboutsia timonensis	Bacteria
4e146fde-25f4-43eb-b2bd-dd71ebcfe5e9	1505	0.9594437180972128	high	Paraclostridium sordellii	Bacteria
439702fd-43d0-420c-bb63-9fdccd48cb28	1776391	0.7113355386623749	medium	Romboutsia timonensis	Bacteria
947fa8ea-1efb-434d-82a9-f2a8ef87bec6	1776391	0.9999999999563192	high	Romboutsia timonensis	Bacteria
5de8522e-ef4e-4eb9-81f7-2f750d0b65e4	1505	0.6640033292262553	medium	Paraclostridium sordellii	Bacteria
7d0ba87e-43ac-454d-90a3-d39434900b04	1776391	0.7110625160685278	medium	Romboutsia timonensis	Bacteria
7962a14e-161e-4652-926e-f5eec1f74675	1505	0.6662268286519718	medium	Paraclostridium sordellii	Bacteria
2775602f-f1a9-4b93-a71c-7b91f28079df	1776391	0.8248000350447553	high	Romboutsia timonensis	Bacteria
dbc7e027-31e6-4f88-bc39-363bb6239ac8	1776391	0.9999999999805088	high	Romboutsia timonensis	Bacteria
358af8f5-2729-4a9d-a564-7e1413771383	1505	0.7601465237546174	medium	Paraclostridium sordellii	Bacteria
45891b9a-81d5-4ea8-bd91-519fceda21f0	1776391	0.983581710499044	high	Romboutsia timonensis	Bacteria
5ef57a91-f46b-4014-a5e4-1576fd369ba4	2724150	0.9505824271387124	high	Romboutsia sp. CE17	Bacteria
4a1c9c5b-4931-4c8c-9758-1c515cfe2a54	2724150	0.900641036807379	high	Romboutsia sp. CE17	Bacteria
9c2e293f-f6ee-4559-ae85-09746280977e	1776391	0.8978359053085734	high	Romboutsia timonensis	Bacteria
6bef829e-1bec-4e41-acc8-c326916ed714	1776391	0.9999999999795636	high	Romboutsia timonensis	Bacteria
1396c7ee-cee8-4a47-a587-af8b099fb6dc	1776391	0.999999999979548	high	Romboutsia timonensis	Bacteria
dc6cf85b-7c83-4a94-95ed-38f58ab746c6	1505	0.7205348456190338	medium	Paraclostridium sordellii	Bacteria
b8a5d76b-ee8b-4a12-af38-f62833737fba	1776391	0.7112521373114623	medium	Romboutsia timonensis	Bacteria
b8276106-8c56-42a6-aad6-7cc04965abbd	1776391	1.0	confident	Romboutsia timonensis	Bacteria
bb27d35d-4222-4044-802c-a79ba169f43c	2724150	0.9925506417109106	high	Romboutsia sp. CE17	Bacteria
907cb9d3-1eba-4551-910d-b5d4a32f0589	1776391	0.7113774517252172	medium	Romboutsia timonensis	Bacteria
8074e97d-dcc8-4859-9c4e-5f001ffcef08	1776391	1.0	confident	Romboutsia timonensis	Bacteria
fdf06df3-7132-412f-8ad0-ab65ec75c52b	1776391	0.7701233135803156	medium	Romboutsia timonensis	Bacteria
551e2380-46fe-4f07-b9a0-74d893759d85	1278212	1.0	confident	Arcobacter suis	Bacteria
ab316d16-6f99-4a87-aad2-43c7ccdcb815	1278212	1.0	confident	Arcobacter suis	Bacteria
cb6bc5ea-fa1a-45e1-adcd-bdfe7cf483a1	1278212	1.0	confident	Arcobacter suis	Bacteria
d62093be-17fc-460c-88bc-8731b0b1ff22	1278212	1.0	confident	Arcobacter suis	Bacteria
b3ed8069-ed7e-4774-a52d-084944a13ba6	1278212	1.0	confident	Arcobacter suis	Bacteria
93b7fc5f-5969-4469-a787-6e36026009e5	1278212	1.0	confident	Arcobacter suis	Bacteria
9ab306f2-84b4-4353-a457-e700ce7f0270	1278212	1.0	confident	Arcobacter suis	Bacteria
b3b4bb47-0a57-4aa1-b1a7-ad76ac9e4572	1278212	1.0	confident	Arcobacter suis	Bacteria
24ad734d-30c2-4ae6-b9dc-5eac0139a9b8	1278212	1.0	confident	Arcobacter suis	Bacteria
ae6884a6-67ca-4c96-867c-f9269389a543	1278212	1.0	confident	Arcobacter suis	Bacteria
ac936415-8c45-47fe-bd3b-8514f75eed09	1278212	1.0	confident	Arcobacter suis	Bacteria
5667b66d-c1ba-434b-a527-28f1a8039b6e	1278212	1.0	confident	Arcobacter suis	Bacteria
3e7549e3-a549-4dcf-86d9-551fac0aea0a	1278212	1.0	confident	Arcobacter suis	Bacteria
78b8c306-c518-4ff7-b2c7-4b7417cc2415	1278212	1.0	confident	Arcobacter suis	Bacteria
eb95c886-6d5b-41ea-8008-882e6c2cce61	1278212	1.0	confident	Arcobacter suis	Bacteria
c8ca2f72-f1e0-4c97-ab82-d89b9988ad7c	1278212	1.0	confident	Arcobacter suis	Bacteria
bb61aa5a-658c-4c7d-8bb2-a3e00c2dcdd0	1278212	1.0	confident	Arcobacter suis	Bacteria
993ebc6d-8032-41b2-b61a-ce6f975941e1	1278212	1.0	confident	Arcobacter suis	Bacteria
83dd9837-72a6-4ff5-aa33-fab6d7ea1e94	1278212	1.0	confident	Arcobacter suis	Bacteria
e0a13f98-12d8-4f44-8d81-af391bb71e15	1278212	1.0	confident	Arcobacter suis	Bacteria
ddcdf9d3-187d-47c7-bd07-6b5bc3c3a4b8	1278212	1.0	confident	Arcobacter suis	Bacteria
203f2c63-2c66-4bbd-aafb-5ba6ea8d2ac7	1278212	1.0	confident	Arcobacter suis	Bacteria
656b4946-dc2c-4af7-9f70-4041189897b4	1278212	1.0	confident	Arcobacter suis	Bacteria
086bf53c-207f-4d70-9dcb-1e0392f3b7d6	1278212	1.0	confident	Arcobacter suis	Bacteria
1a1d7ab9-591c-4ad2-8623-061c9bd8a4b9	1278212	1.0	confident	Arcobacter suis	Bacteria
2b7cccfb-91b2-43f8-9f44-2d81788fc5ce	1278212	1.0	confident	Arcobacter suis	Bacteria
e7dcca87-e568-4499-b4c2-f14ae963d7ab	1278212	1.0	confident	Arcobacter suis	Bacteria
d09c8d69-f6be-458b-8b33-0ae984c7fa7e	1278212	1.0	confident	Arcobacter suis	Bacteria
79c87d5a-93fc-4a0e-b6eb-2d7f98a9d860	1278212	1.0	confident	Arcobacter suis	Bacteria
d941431f-fed6-4dcf-9a29-5a7391615b4c	1278212	1.0	confident	Arcobacter suis	Bacteria
267e4cc3-1646-4902-9aeb-c634166087e9	1278212	1.0	confident	Arcobacter suis	Bacteria
7c568500-32dc-4b90-9aa4-3e615d5a273e	1278212	1.0	confident	Arcobacter suis	Bacteria
bb8e5caa-56f8-4b7d-96ca-edfbdc832830	1278212	1.0	confident	Arcobacter suis	Bacteria
c1d85308-1d7b-47cc-b727-a770e5a497f5	1278212	1.0	confident	Arcobacter suis	Bacteria
13fdaf1a-a1d9-45fb-9c42-5d0a01494fa0	1278212	1.0	confident	Arcobacter suis	Bacteria
3990ae78-c9f6-4b1a-b62d-42a0a69d2c84	1278212	1.0	confident	Arcobacter suis	Bacteria
8d8d08c9-c986-4a29-ae8d-1b900bb443dd	1278212	1.0	confident	Arcobacter suis	Bacteria
3f6b3468-2add-4aa1-893b-95d777524735	1278212	1.0	confident	Arcobacter suis	Bacteria
c533aae2-44e0-40d2-9526-8824b5d0a080	1278212	1.0	confident	Arcobacter suis	Bacteria
2e57208a-32a3-4e00-b2e0-0f58f75cc5ff	1278212	1.0	confident	Arcobacter suis	Bacteria
8898ea90-28b7-4445-bc4d-68fcac0272b6	1278212	1.0	confident	Arcobacter suis	Bacteria
017b6799-7375-4f23-8f2a-de9ee3c231d9	1278212	1.0	confident	Arcobacter suis	Bacteria
5a8d2920-c1de-41d7-abc1-ed93a80f602e	1278212	1.0	confident	Arcobacter suis	Bacteria
879b1871-5e44-4cf5-b814-c0de1f1c5eea	1278212	1.0	confident	Arcobacter suis	Bacteria
a7ce163e-1118-4c7c-822a-7ed0868c1aec	1278212	1.0	confident	Arcobacter suis	Bacteria
435e09a7-3289-4345-8b1f-386f8f80f266	1278212	1.0	confident	Arcobacter suis	Bacteria
8a0de1f7-5e92-43a9-90fc-ae9299f893aa	1278212	1.0	confident	Arcobacter suis	Bacteria
edc3c3a0-bdf0-4f58-9f56-6eab55a97025	1278212	1.0	confident	Arcobacter suis	Bacteria
deaa7542-1eea-4b2f-b432-c1fdab6637a6	1278212	1.0	confident	Arcobacter suis	Bacteria
fb8b4b76-0217-49d3-beff-5eebaba48165	1278212	1.0	confident	Arcobacter suis	Bacteria
85e13749-2a9d-4e54-a089-f983ecc347dd	1278212	1.0	confident	Arcobacter suis	Bacteria
651bf17b-d189-4b00-9653-82ddc10939a7	1278212	1.0	confident	Arcobacter suis	Bacteria
2b14cdfe-52f1-4062-9e46-1498ef35dbd8	1278212	1.0	confident	Arcobacter suis	Bacteria
f11a6246-13fc-4051-a0cc-36e55fce5f47	1278212	1.0	confident	Arcobacter suis	Bacteria
53c6713a-53f1-4bee-9e73-473d74b2873d	1278212	1.0	confident	Arcobacter suis	Bacteria
818d6854-5559-4fd1-b7f6-0e0b70389a6a	1278212	1.0	confident	Arcobacter suis	Bacteria
ebc5a9eb-1742-4644-850c-011b8cf5eb28	1278212	1.0	confident	Arcobacter suis	Bacteria
8c633bb0-8354-4f8e-98aa-e32456a57c6e	1278212	1.0	confident	Arcobacter suis	Bacteria
94fa2592-c0bf-4cd6-a594-97873215dc9f	1278212	1.0	confident	Arcobacter suis	Bacteria
61a40bc1-c716-4e19-a07b-0063f5be97de	1278212	1.0	confident	Arcobacter suis	Bacteria
2fe6d122-81c7-4989-964e-96d8e44e512d	1278212	1.0	confident	Arcobacter suis	Bacteria
685a2c87-bd80-48fd-a409-a5c7808b1c7e	1278212	1.0	confident	Arcobacter suis	Bacteria
5e94b8a3-b213-4464-af89-3ced17617ae6	1278212	1.0	confident	Arcobacter suis	Bacteria
5b471452-bc02-4479-bd4f-f6ab63c49f99	1278212	1.0	confident	Arcobacter suis	Bacteria
341c6964-79cc-4cdf-ac12-2994e51f985a	1278212	1.0	confident	Arcobacter suis	Bacteria
e0abbcd9-2c82-47aa-875a-d9d3592646d9	1278212	1.0	confident	Arcobacter suis	Bacteria
dfb6d0d5-3cca-456e-ac6a-b6218f1cced9	1278212	1.0	confident	Arcobacter suis	Bacteria
ff027bfc-a7b5-4edb-87d1-8fba6eb60065	1278212	1.0	confident	Arcobacter suis	Bacteria
e68414fb-b864-47e7-a02f-d73540e3c77a	1278212	1.0	confident	Arcobacter suis	Bacteria
a4794ba5-c2d7-41e9-92ea-37c8fd4ce438	1278212	1.0	confident	Arcobacter suis	Bacteria
21af5804-b3a8-4393-b79b-ad5069724b99	1278212	1.0	confident	Arcobacter suis	Bacteria
90acd0ed-6caa-4dd0-9ec1-f08c68336fe2	1278212	1.0	confident	Arcobacter suis	Bacteria
d00eaf7f-79fb-4739-bc3c-7a5e37148a62	1278212	1.0	confident	Arcobacter suis	Bacteria
4a12cb65-8b9a-4373-a088-3aec3d4caf4b	1278212	1.0	confident	Arcobacter suis	Bacteria
be8cdf0e-e08b-4f1c-9fa5-5a106d70820e	1278212	1.0	confident	Arcobacter suis	Bacteria
ed0bb252-fdb3-4e4b-b44b-540f44369a25	1278212	1.0	confident	Arcobacter suis	Bacteria
81f4e034-8e44-47bb-aace-bf58e3bed627	1278212	1.0	confident	Arcobacter suis	Bacteria
b08bc97e-43b7-4ac2-82a7-76ed9069af66	1278212	1.0	confident	Arcobacter suis	Bacteria
43a2af48-80b5-427e-9819-9ba5be80407c	1278212	1.0	confident	Arcobacter suis	Bacteria
5cdbf068-1db5-4606-b268-0cf655b03c2a	1278212	1.0	confident	Arcobacter suis	Bacteria
6e1a048d-b9af-4f0f-aadb-1f099f9d1dfb	1278212	1.0	confident	Arcobacter suis	Bacteria
580ddf57-9349-4d8b-81eb-08b1b99add87	1278212	1.0	confident	Arcobacter suis	Bacteria
7f05205d-d3cf-482a-8f7a-585b0422df2e	1278212	1.0	confident	Arcobacter suis	Bacteria
ec440b60-18e1-4ca1-ba01-0248b43db12c	1278212	1.0	confident	Arcobacter suis	Bacteria
4a3d9620-d27f-4208-bf7f-bcacb029d849	1278212	1.0	confident	Arcobacter suis	Bacteria
a0773623-7e90-43bf-89c7-efc5edb13d19	1278212	1.0	confident	Arcobacter suis	Bacteria
34b1eb12-47c5-4a96-9654-53fbef2dfb92	1278212	1.0	confident	Arcobacter suis	Bacteria
ce42730f-f591-4cb7-90ae-0126854e7316	1278212	1.0	confident	Arcobacter suis	Bacteria
521827b4-0731-43c0-b6f6-64394330274a	1278212	1.0	confident	Arcobacter suis	Bacteria
c389f411-9310-40f9-b371-352c2966ad57	1278212	1.0	confident	Arcobacter suis	Bacteria
d516e369-cc62-446a-b117-fa75db487439	1278212	1.0	confident	Arcobacter suis	Bacteria
eb77eee4-a9d1-46c3-b661-6fb96ced4532	1278212	1.0	confident	Arcobacter suis	Bacteria
719b77c5-1dda-4dac-a8a2-b44587d77eac	1278212	1.0	confident	Arcobacter suis	Bacteria
e3dff840-cbd2-47bc-a92b-69bc6f962a53	1278212	1.0	confident	Arcobacter suis	Bacteria
790479d8-720a-43b8-8b82-2ee1d75fd522	1278212	1.0	confident	Arcobacter suis	Bacteria
b7134bd5-ce99-4088-823f-84d86ad760da	1278212	1.0	confident	Arcobacter suis	Bacteria
5b0ea082-157e-4409-8bb5-6877bdcf0800	1278212	1.0	confident	Arcobacter suis	Bacteria
623e4702-47ac-4ca1-a6e6-9344538524d2	1278212	1.0	confident	Arcobacter suis	Bacteria
0d4dc451-154e-4eb4-88a1-1e8135089007	1278212	1.0	confident	Arcobacter suis	Bacteria
56b504f0-2ee5-4eea-a37c-937b738ff42c	1278212	1.0	confident	Arcobacter suis	Bacteria
28ebb2da-efd9-4cfb-ab15-77b775495713	1278212	1.0	confident	Arcobacter suis	Bacteria
b3e0421f-975a-440e-94a3-f1c4979189da	1278212	1.0	confident	Arcobacter suis	Bacteria
d2643453-0a2a-4e63-8fa3-35cc64e5ea48	1278212	1.0	confident	Arcobacter suis	Bacteria
e605608f-bd06-437b-8a26-d3f415cc555e	1278212	1.0	confident	Arcobacter suis	Bacteria
67912e4b-2704-44ae-9409-bcca6ef7678b	1278212	1.0	confident	Arcobacter suis	Bacteria
8a89bd7f-119b-42f5-883a-acc28664f80d	1278212	1.0	confident	Arcobacter suis	Bacteria
3767c4a0-54f1-47d4-9d9d-fda91e407550	1278212	1.0	confident	Arcobacter suis	Bacteria
b0027e4d-d6a8-4491-a1f4-119036b52924	1278212	1.0	confident	Arcobacter suis	Bacteria
6b856f54-2bb2-4ca2-a289-900e2581f129	1278212	1.0	confident	Arcobacter suis	Bacteria
3fcce0a8-6df7-4f4c-af72-30ea4956ac27	1278212	1.0	confident	Arcobacter suis	Bacteria
9dec9ae5-c3cf-4f17-8014-aa9a137b9d89	1278212	1.0	confident	Arcobacter suis	Bacteria
7430cf8a-b290-494f-b390-5086fe5331d1	1278212	1.0	confident	Arcobacter suis	Bacteria
16007597-0733-44b0-bbfc-f3619fb172c7	1278212	1.0	confident	Arcobacter suis	Bacteria
b4b52b2f-120b-457a-842a-d0ded6122414	1278212	1.0	confident	Arcobacter suis	Bacteria
9d3d3cd5-6018-4502-a574-6043ce51fb4e	1278212	1.0	confident	Arcobacter suis	Bacteria
ef71a31e-c35d-4b70-95ff-bc03a41e3d13	1278212	1.0	confident	Arcobacter suis	Bacteria
b93edbae-9baa-4b49-87a0-0a76e102af51	1278212	1.0	confident	Arcobacter suis	Bacteria
83982bef-061b-4eae-ba5f-e687ebc0125f	1278212	1.0	confident	Arcobacter suis	Bacteria
a887d525-e0d0-45c8-b00f-60281caa2283	1278212	1.0	confident	Arcobacter suis	Bacteria
d19f580e-e83a-4c75-b9d1-6267221f16fc	1278212	1.0	confident	Arcobacter suis	Bacteria
4f4cac65-3309-43b0-89d6-6f838c849ca3	1278212	1.0	confident	Arcobacter suis	Bacteria
66b1cdeb-3dd2-46b7-9a98-69e99ddf9834	1278212	1.0	confident	Arcobacter suis	Bacteria
db3d3860-407b-41a2-9dee-a4c0fe3d98a4	1278212	1.0	confident	Arcobacter suis	Bacteria
f43c07b5-831d-4d70-98e5-1950359b0c2c	1278212	1.0	confident	Arcobacter suis	Bacteria
5e4ad256-a3f5-4ae7-b650-685fd720e7ac	1278212	1.0	confident	Arcobacter suis	Bacteria
03da7b5b-7b0e-4223-9bb5-fc01e28b6c52	1278212	1.0	confident	Arcobacter suis	Bacteria
fa704c24-6d06-4d40-8246-55c179aa0886	1278212	1.0	confident	Arcobacter suis	Bacteria
f7c47ef1-b085-4cb7-9387-8d063e3b6b16	1278212	1.0	confident	Arcobacter suis	Bacteria
904b2100-0981-4c4d-821b-e8915045f4bc	1278212	1.0	confident	Arcobacter suis	Bacteria
02c2c667-b2ce-4cde-acee-23f8deee7ce6	1278212	1.0	confident	Arcobacter suis	Bacteria
a5fa75ec-4b3e-46c5-b2f2-99395fb27edc	1278212	1.0	confident	Arcobacter suis	Bacteria
9eebc85b-2064-47c2-84fc-361429b1f1e5	1278212	1.0	confident	Arcobacter suis	Bacteria
66681339-e024-458f-80f0-1a030c863a0e	1278212	1.0	confident	Arcobacter suis	Bacteria
d800529b-f4de-4fe2-bdfe-33e86533e394	1278212	1.0	confident	Arcobacter suis	Bacteria
aa640676-d97f-46fa-a7c2-64131e1187a2	1278212	1.0	confident	Arcobacter suis	Bacteria
938a0af7-bb9a-4623-8653-45bf3750e64f	1278212	1.0	confident	Arcobacter suis	Bacteria
8d68858c-de0b-4ab6-86c8-ed6cfb048b7a	1278212	1.0	confident	Arcobacter suis	Bacteria
0e5f75df-97e6-485f-b6ce-4c25a4ee4f1c	1278212	1.0	confident	Arcobacter suis	Bacteria
fbbd1d62-391f-4f54-bc7d-4eca899147c7	1278212	1.0	confident	Arcobacter suis	Bacteria
201a8bdd-58d4-4796-8b33-5a0b6d60ca11	1278212	1.0	confident	Arcobacter suis	Bacteria
7dbaad68-3f6b-4952-ba48-b854e1c3e064	1278212	1.0	confident	Arcobacter suis	Bacteria
d451df11-0272-49e4-af75-3fc370771c3a	1278212	1.0	confident	Arcobacter suis	Bacteria
671f54f7-fe57-48ce-8752-9279ace22657	1278212	1.0	confident	Arcobacter suis	Bacteria
634613a6-897a-450d-af60-60e7f3206bae	1278212	1.0	confident	Arcobacter suis	Bacteria
1db1090a-0e28-4a6f-826c-66e505c6355f	1278212	1.0	confident	Arcobacter suis	Bacteria
a2d6ed94-09d5-441c-b1d1-d03aaa6750ea	1278212	1.0	confident	Arcobacter suis	Bacteria
fc6c4d6f-7d52-40c1-9f6c-8a671ba1daa0	1278212	1.0	confident	Arcobacter suis	Bacteria
189ae0ef-9946-4f4a-9f5e-897122fc74fd	1278212	1.0	confident	Arcobacter suis	Bacteria
c8cf50d7-a6f5-489d-9b98-1ba5491ebd93	1278212	1.0	confident	Arcobacter suis	Bacteria
4ea22fb5-dcd7-4c61-aeea-118080530dc4	1278212	1.0	confident	Arcobacter suis	Bacteria
0caf6c7d-059a-493c-813d-e975dedda2a3	1278212	1.0	confident	Arcobacter suis	Bacteria
3d42ff93-5be0-4340-9410-366968f453cb	1278212	1.0	confident	Arcobacter suis	Bacteria
7a6be0f2-a93a-4b10-94e8-3a7dea729c97	1278212	1.0	confident	Arcobacter suis	Bacteria
c45f7b15-7843-4d73-a287-913127324e93	1278212	1.0	confident	Arcobacter suis	Bacteria
274de5fc-faba-4674-b2fc-13f4f1f95286	1278212	1.0	confident	Arcobacter suis	Bacteria
db732e5a-b6b6-4d5c-8d52-0e9241aeed3c	1278212	1.0	confident	Arcobacter suis	Bacteria
42b60dc3-499d-43fd-b3f6-6589179115b1	1278212	1.0	confident	Arcobacter suis	Bacteria
812f4369-ebe9-4626-ad96-c505de5a60fa	1278212	1.0	confident	Arcobacter suis	Bacteria
0c86a730-ab70-4d50-a83e-6680936c6c41	1278212	1.0	confident	Arcobacter suis	Bacteria
6dc6de50-2987-468c-9f0e-18f2d6b4cfc6	1278212	1.0	confident	Arcobacter suis	Bacteria
348bf9a0-fe90-40aa-877e-7188e16a5a67	1278212	1.0	confident	Arcobacter suis	Bacteria
96834378-69ef-4339-870b-cf37da2f7705	1278212	1.0	confident	Arcobacter suis	Bacteria
03afb6cf-6224-4077-bbe5-4c22cde65538	1278212	1.0	confident	Arcobacter suis	Bacteria
4eeb45b7-d618-4c85-bd9b-79f715f7b568	1278212	1.0	confident	Arcobacter suis	Bacteria
05634237-2c73-4259-a7ec-907cffd42b69	1278212	1.0	confident	Arcobacter suis	Bacteria
4f4da7ab-28ea-44b8-b665-b9d0fa79971c	1278212	1.0	confident	Arcobacter suis	Bacteria
db0b0428-c1b7-4839-9a52-1d65c478c091	1278212	1.0	confident	Arcobacter suis	Bacteria
a031a794-e605-4a78-9e8a-f764597d4b49	1278212	1.0	confident	Arcobacter suis	Bacteria
2307fcfc-284d-4cbe-ab00-b744eef6d114	1278212	1.0	confident	Arcobacter suis	Bacteria
1be2dee9-4da7-4b84-b767-6836e0c67a57	1278212	1.0	confident	Arcobacter suis	Bacteria
c25c8a7c-e51f-4f10-8604-cb17b356d612	1278212	1.0	confident	Arcobacter suis	Bacteria
4f96dfcf-d0db-47d6-b9d3-86092b84b030	1278212	1.0	confident	Arcobacter suis	Bacteria
0964cae4-b5ed-4fc1-949c-8617ff0323eb	1278212	1.0	confident	Arcobacter suis	Bacteria
8df472ca-f23b-46ca-aa46-44f1c12dc02b	1278212	1.0	confident	Arcobacter suis	Bacteria
b4c43e49-ba24-425e-a3a3-66461fbeaf2b	1278212	1.0	confident	Arcobacter suis	Bacteria
e835bc38-2d85-4f9a-ab48-af004d461ca5	1278212	1.0	confident	Arcobacter suis	Bacteria
eb1eaf92-f391-438f-809a-d45af3fffdf0	1278212	1.0	confident	Arcobacter suis	Bacteria
a8374837-3e76-4874-9998-a5770eee105b	1278212	1.0	confident	Arcobacter suis	Bacteria
5f2c03d9-6244-4e22-b749-f54d4b194d7e	1278212	1.0	confident	Arcobacter suis	Bacteria
4b8832bd-22ab-4e70-982b-d1f29a5d4c32	1278212	1.0	confident	Arcobacter suis	Bacteria
611578ad-9e18-40fe-a102-a5ab0ef8ffa7	1278212	1.0	confident	Arcobacter suis	Bacteria
b08cfe0d-b8a8-472a-bbd6-9eaef644fedd	1278212	1.0	confident	Arcobacter suis	Bacteria
41088d9b-e46e-44d1-94eb-9a0a131c5538	1278212	1.0	confident	Arcobacter suis	Bacteria
459316a6-0848-419b-ac9a-2e4130152a56	1278212	1.0	confident	Arcobacter suis	Bacteria
1d66767d-5c87-41e7-b785-4c4050391cac	1278212	1.0	confident	Arcobacter suis	Bacteria
ab78e821-7712-4b3c-8df5-44180ba8e37e	1278212	1.0	confident	Arcobacter suis	Bacteria
2e4e1629-0f07-4101-8ad3-31cc485fe337	1278212	1.0	confident	Arcobacter suis	Bacteria
844831f8-37e7-444a-becc-daf14948a5e1	1278212	1.0	confident	Arcobacter suis	Bacteria
c390cf64-4355-4db2-8ba9-7225f6efb3b2	1278212	1.0	confident	Arcobacter suis	Bacteria
298eb19e-5c18-417e-9df1-4cb1d62c86d4	1278212	1.0	confident	Arcobacter suis	Bacteria
2fec4f73-48c5-4566-b4f5-cf9894dd0f2c	1278212	1.0	confident	Arcobacter suis	Bacteria
e4d6bb37-e162-4ab9-895a-78bb2354faca	1278212	1.0	confident	Arcobacter suis	Bacteria
e10c5244-953a-4060-b6a7-9cec70d0ee68	1278212	1.0	confident	Arcobacter suis	Bacteria
a652769a-5d49-4c4f-b1fb-790fe9d920f5	1278212	1.0	confident	Arcobacter suis	Bacteria
c661c1a7-a90a-4d9b-9ec1-6ded136a5a68	1278212	1.0	confident	Arcobacter suis	Bacteria
0c672b54-5e6c-44f1-8a72-3180d31537f2	1278212	1.0	confident	Arcobacter suis	Bacteria
aa752670-3f84-4e04-aa46-d656731f6bc1	1278212	1.0	confident	Arcobacter suis	Bacteria
8eddf2cc-fe5b-48c5-8d0d-a0b02e6ca354	1278212	1.0	confident	Arcobacter suis	Bacteria
8c24b775-30ff-409b-8dd4-90242bf9436f	1278212	1.0	confident	Arcobacter suis	Bacteria
02581251-d216-424c-a02e-0756861155ea	1278212	1.0	confident	Arcobacter suis	Bacteria
973185e3-88b1-400e-910b-503f37ad892c	1278212	1.0	confident	Arcobacter suis	Bacteria
a2da6698-e212-42ab-80f5-94e4816f8173	1278212	1.0	confident	Arcobacter suis	Bacteria
9f62cd2a-1f44-4fcd-98af-3d9198f11e7f	1278212	1.0	confident	Arcobacter suis	Bacteria
b9750fba-62e5-49ff-8162-aed118c9f254	1278212	1.0	confident	Arcobacter suis	Bacteria
7f8f81eb-ba7c-44e0-b6ea-a07dccc48cc4	1278212	1.0	confident	Arcobacter suis	Bacteria
005b2155-5f54-44fd-8b78-e283206f07b7	1278212	1.0	confident	Arcobacter suis	Bacteria
1b0a528c-36c7-4655-9af0-8bad8c99bfb8	1278212	1.0	confident	Arcobacter suis	Bacteria
429abc6a-6ddb-42c7-bb75-4f700b7737df	1278212	1.0	confident	Arcobacter suis	Bacteria
7e10d14c-eefc-4c54-b9c3-b59c5f5280bb	1278212	1.0	confident	Arcobacter suis	Bacteria
0fa15ccb-6000-442f-970d-0f7a50d1f93b	1278212	1.0	confident	Arcobacter suis	Bacteria
cfcd9491-8c1c-4bab-99eb-d683f137e720	1278212	1.0	confident	Arcobacter suis	Bacteria
b7d7f1be-7dae-4fac-ba1a-1630ffeafd11	1278212	1.0	confident	Arcobacter suis	Bacteria
09eb903f-1fbf-4f2e-9439-441321cf5136	1278212	1.0	confident	Arcobacter suis	Bacteria
f9ac0fa6-d1da-4ddb-a8da-e8f1f242dc55	1278212	1.0	confident	Arcobacter suis	Bacteria
626b18d9-ba1e-454a-ae92-7c31933544da	1278212	1.0	confident	Arcobacter suis	Bacteria
e4969d72-062d-46bd-8fe5-6954fa6ad269	1278212	1.0	confident	Arcobacter suis	Bacteria
9608a5af-1e75-41a3-9b36-bf8d409b998e	1278212	1.0	confident	Arcobacter suis	Bacteria
bbf51b0f-7273-4201-bd87-41e7a213eb88	1278212	1.0	confident	Arcobacter suis	Bacteria
ef366442-ee66-4a5c-8155-80525444351c	1278212	1.0	confident	Arcobacter suis	Bacteria
ab62b92a-32b8-47cd-ae7d-214e500ec5d2	1278212	1.0	confident	Arcobacter suis	Bacteria
ad3c353f-10fe-462e-ac53-77469c8e05e9	1278212	1.0	confident	Arcobacter suis	Bacteria
b02accb9-1544-4a00-88a0-09006a942f37	1278212	1.0	confident	Arcobacter suis	Bacteria
0221b77b-bba6-4620-9a34-22db0b0da720	1278212	1.0	confident	Arcobacter suis	Bacteria
4ec048fe-f5ea-4aea-810d-7fe6aaefef06	1278212	1.0	confident	Arcobacter suis	Bacteria
d53a0102-34a5-476e-ba48-67ac7b0dfc69	1278212	1.0	confident	Arcobacter suis	Bacteria
00a22e84-a013-4889-a5a2-57adb616a4fe	1278212	1.0	confident	Arcobacter suis	Bacteria
d4c140c6-da10-4208-9693-51e1f4d13981	1278212	1.0	confident	Arcobacter suis	Bacteria
ae256db4-01f4-4f01-9686-ac14ee8d9b59	1278212	1.0	confident	Arcobacter suis	Bacteria
43ac90ed-2830-4322-a550-da09de5a878f	1278212	1.0	confident	Arcobacter suis	Bacteria
a3380506-07aa-47f6-bd5d-7f1984e291ce	1278212	1.0	confident	Arcobacter suis	Bacteria
9dec8250-a4e7-4315-89a4-aee1c604d548	1278212	1.0	confident	Arcobacter suis	Bacteria
ba4f2e87-bfe8-4037-895e-af0154124263	3047874	1.0	confident	Neobacillus sp. YX16	Bacteria
a0ba16a7-1e1f-4a46-b925-25b70bc4f099	3047874	1.0	confident	Neobacillus sp. YX16	Bacteria
99a02dc3-26ec-4079-b383-6c54e05628f0	3047874	1.0	confident	Neobacillus sp. YX16	Bacteria
d63ad904-e454-40db-96a9-5de4003ad2bb	3047874	1.0	confident	Neobacillus sp. YX16	Bacteria
34709824-e3ff-4baf-82c5-c3428f9bca73	3047874	1.0	confident	Neobacillus sp. YX16	Bacteria
0b46cb4e-601e-42bc-a0db-9211c39dc4db	3047874	1.0	confident	Neobacillus sp. YX16	Bacteria
2971ae0e-b863-4db3-8238-bff412879efb	3047874	1.0	confident	Neobacillus sp. YX16	Bacteria
a62dc85a-cad3-4f5c-add0-95eca61f7b90	3047874	1.0	confident	Neobacillus sp. YX16	Bacteria
a195d9eb-3cf6-4280-98a8-36bf309dc8dc	3047874	1.0	confident	Neobacillus sp. YX16	Bacteria
22b177bc-f7c0-490b-88b0-b277b7f3765e	3047874	1.0	confident	Neobacillus sp. YX16	Bacteria
94e33089-0a1c-4451-83f5-cb5ae882e4de	3047874	1.0	confident	Neobacillus sp. YX16	Bacteria
9c2dd7b4-0b66-49db-bed6-2a53bcd13833	3047874	1.0	confident	Neobacillus sp. YX16	Bacteria
564b5a5c-9b52-4735-b1f2-6a395d1f1787	3047874	1.0	confident	Neobacillus sp. YX16	Bacteria
a4e4f1e3-5016-41d3-b34e-41b960ec3d25	3047874	1.0	confident	Neobacillus sp. YX16	Bacteria
0d7f4e43-254e-4ec3-973b-265dcd680cbc	3047874	1.0	confident	Neobacillus sp. YX16	Bacteria
2f2dafc0-9149-4bb8-a200-cb630164a982	3047874	1.0	confident	Neobacillus sp. YX16	Bacteria
7659b79f-f742-49b9-b842-faa62611c49d	3047874	1.0	confident	Neobacillus sp. YX16	Bacteria
054c1d91-213f-408c-870a-3a1d7d11a0b7	3047874	1.0	confident	Neobacillus sp. YX16	Bacteria
9c1f1c5e-9131-4311-9987-6fc83f977d85	3047874	1.0	confident	Neobacillus sp. YX16	Bacteria
5387ad35-5053-4add-86c1-99b4a4a64ccf	3047874	1.0	confident	Neobacillus sp. YX16	Bacteria
552ed77d-1556-46d3-879e-03421e7f438a	3047874	1.0	confident	Neobacillus sp. YX16	Bacteria
14b26646-db8a-4001-aec0-897bc43bccf9	3047874	1.0	confident	Neobacillus sp. YX16	Bacteria
133178d8-e070-4f0a-ac96-c419e37b4ee1	3047874	1.0	confident	Neobacillus sp. YX16	Bacteria
95d5bf5d-5a6b-4876-b221-a1f5694268aa	3047874	1.0	confident	Neobacillus sp. YX16	Bacteria
de6a9350-f4a9-48fd-9ae1-a42028306922	3047874	1.0	confident	Neobacillus sp. YX16	Bacteria
d0eedcb8-a972-4a25-a6e1-b0a7ec95f193	3047874	1.0	confident	Neobacillus sp. YX16	Bacteria
54cfe6c5-960c-4ab5-bf6c-488fc5a81748	3047874	1.0	confident	Neobacillus sp. YX16	Bacteria
799732ee-0936-4147-a483-7729ea52d97f	3047874	1.0	confident	Neobacillus sp. YX16	Bacteria
f518731a-ddad-4cc0-90f7-deb3d0d3d8c9	3047874	1.0	confident	Neobacillus sp. YX16	Bacteria
da8ee8f0-3a7b-4e02-bc82-ee89ab58cbc5	3047874	1.0	confident	Neobacillus sp. YX16	Bacteria
535178c2-e2f5-4682-85bc-a3342c42143a	3047874	1.0	confident	Neobacillus sp. YX16	Bacteria
327b5cb7-59e2-4e38-8344-b508fec22c60	3047874	1.0	confident	Neobacillus sp. YX16	Bacteria
96a0a1cc-e128-4ba0-ab22-e7c24f9ff9ff	3047874	1.0	confident	Neobacillus sp. YX16	Bacteria
6ce22d6a-dcbc-4aa1-8f3f-333f9bc9a483	3047874	1.0	confident	Neobacillus sp. YX16	Bacteria
5639c47c-d742-4d72-b366-cf0efb2f7768	3047874	1.0	confident	Neobacillus sp. YX16	Bacteria
62f4f0b4-7215-44e4-bb37-32be7ae0cc19	3047874	1.0	confident	Neobacillus sp. YX16	Bacteria
ad6e6802-6e73-4e3b-b17e-d68e7199e8f8	3047874	1.0	confident	Neobacillus sp. YX16	Bacteria
571ea744-7f7f-485a-a61a-bf7c9258ab46	3047874	1.0	confident	Neobacillus sp. YX16	Bacteria
4949860c-dc6e-4046-98b7-404b413776c5	3047874	1.0	confident	Neobacillus sp. YX16	Bacteria
490acd15-081b-45c4-ae44-a816b867add8	3047874	1.0	confident	Neobacillus sp. YX16	Bacteria
fd09a29e-24b5-40aa-b75e-0d715adeae16	3047874	1.0	confident	Neobacillus sp. YX16	Bacteria
07c93ece-8547-4697-a536-119e696374be	3047874	1.0	confident	Neobacillus sp. YX16	Bacteria
868dda31-8de7-4532-87b2-a7401c65a28f	3047874	1.0	confident	Neobacillus sp. YX16	Bacteria
fd1b029d-01f2-49c4-ba07-e2c8ff32b4bc	3047874	1.0	confident	Neobacillus sp. YX16	Bacteria
cd4faa52-3ea3-4050-b1ee-7a5b6b20f092	3047874	1.0	confident	Neobacillus sp. YX16	Bacteria
ad928b8d-b0b1-43c1-9577-4ce8ff69d66f	3047874	1.0	confident	Neobacillus sp. YX16	Bacteria
4ebc3560-9e42-4f6a-97ab-74f0aa4941c2	3047874	1.0	confident	Neobacillus sp. YX16	Bacteria
7cbf01b3-eb3b-4826-a542-3ed6bd282ff4	3047874	1.0	confident	Neobacillus sp. YX16	Bacteria
cf87187e-f707-4e7e-b5c0-16c5ef1afee7	3047874	1.0	confident	Neobacillus sp. YX16	Bacteria
c317d89d-982a-420b-9d39-fb88a9ec20cd	3047874	1.0	confident	Neobacillus sp. YX16	Bacteria
e1160764-3a7e-4594-9bdd-522e1474962c	3047874	1.0	confident	Neobacillus sp. YX16	Bacteria
6de3a06e-09e5-49cc-bc2d-b0093075e738	3047874	1.0	confident	Neobacillus sp. YX16	Bacteria
445765d7-d40f-4ff1-8565-841ee619a455	3047874	1.0	confident	Neobacillus sp. YX16	Bacteria
d28a89c1-fce3-415f-924b-309d50b897d8	3047874	1.0	confident	Neobacillus sp. YX16	Bacteria
548e401c-426b-4300-8131-8ab3de727f72	3047874	1.0	confident	Neobacillus sp. YX16	Bacteria
6d3c6ddc-efc3-476a-b037-16b0f727116d	3047874	1.0	confident	Neobacillus sp. YX16	Bacteria
e9b0a85c-9824-4f4d-a2e2-db8a50b21985	3047874	1.0	confident	Neobacillus sp. YX16	Bacteria
cc49a304-eb30-4baf-933b-f5e5a5a276a6	3047874	1.0	confident	Neobacillus sp. YX16	Bacteria
f1695df2-672f-461a-9a3b-82445aa35ae7	3047874	1.0	confident	Neobacillus sp. YX16	Bacteria
bcd91dc5-806d-484e-8ddc-4a49cc1cca50	3047874	1.0	confident	Neobacillus sp. YX16	Bacteria
a0441a71-3b97-4151-a31e-04d6f9d3ce8e	3047874	1.0	confident	Neobacillus sp. YX16	Bacteria
74153295-f80e-4073-b79d-384a68bc85a1	3047874	1.0	confident	Neobacillus sp. YX16	Bacteria
d3a69cbd-1191-485f-be8e-eb3b4b5c9d96	3047874	1.0	confident	Neobacillus sp. YX16	Bacteria
55089f90-f496-4544-9a38-988f4814f19d	3047874	1.0	confident	Neobacillus sp. YX16	Bacteria
0e1665f5-b7e5-4074-a84b-917e8dd21c1b	3047874	1.0	confident	Neobacillus sp. YX16	Bacteria
30d8c756-a1be-4c12-9a02-7c91a2331973	3047874	1.0	confident	Neobacillus sp. YX16	Bacteria
1f62d2b2-9f79-4ccd-9901-04493c6a3171	3047874	1.0	confident	Neobacillus sp. YX16	Bacteria
cf3a32ff-a0ab-4ff2-a6bf-9f67df14cf0d	3047874	1.0	confident	Neobacillus sp. YX16	Bacteria
20f83de4-dafd-4490-9c4c-bce92e68b6ac	3047874	1.0	confident	Neobacillus sp. YX16	Bacteria
a535b11e-52eb-4fa3-808f-ef65037bfbdf	3047874	1.0	confident	Neobacillus sp. YX16	Bacteria
e6dccb95-0b39-4995-b196-428a9bb22cf4	3047874	1.0	confident	Neobacillus sp. YX16	Bacteria
29be7e83-2c50-46df-9da6-e5f32c716f25	3047874	1.0	confident	Neobacillus sp. YX16	Bacteria
00de2d63-f79f-429c-b09d-001f65959c16	3047874	1.0	confident	Neobacillus sp. YX16	Bacteria
e2134e69-9532-45d5-b951-87ddcb671603	3047874	1.0	confident	Neobacillus sp. YX16	Bacteria
3c210a09-7e3b-400b-873b-3b690d4bf233	3047874	1.0	confident	Neobacillus sp. YX16	Bacteria
0a361935-442f-45b9-a73c-963dea1aa234	3047874	1.0	confident	Neobacillus sp. YX16	Bacteria
7543fee3-5c3a-4965-8aa6-a9eae51eeabf	3047874	1.0	confident	Neobacillus sp. YX16	Bacteria
1ef50df8-262c-4037-8099-1fc6c5d51ab4	3047874	1.0	confident	Neobacillus sp. YX16	Bacteria
1c906bb3-f4f8-4582-b9ba-bd6928202a1f	3047874	1.0	confident	Neobacillus sp. YX16	Bacteria
7bb942f8-d11d-4f76-b996-9a7bd570005b	3047874	1.0	confident	Neobacillus sp. YX16	Bacteria
9c28dcb9-57e2-4ba8-9b5f-e4a71f87bec4	3047874	1.0	confident	Neobacillus sp. YX16	Bacteria
fd37175d-4a87-4645-9f4a-929c36e08daf	3047874	1.0	confident	Neobacillus sp. YX16	Bacteria
e8cf8c1b-3728-4e60-9c2e-86545f636144	3047874	1.0	confident	Neobacillus sp. YX16	Bacteria
6e1681b2-c795-4f05-9ee0-f092133e3ba9	3047874	1.0	confident	Neobacillus sp. YX16	Bacteria
9bec66ee-3b0c-412d-aeb2-2c1c474d5c8b	3047874	1.0	confident	Neobacillus sp. YX16	Bacteria
e7c50ec2-6945-4621-90d9-4473b979e0f6	3047874	1.0	confident	Neobacillus sp. YX16	Bacteria
b6e4d465-e525-4d04-a775-5dee38869877	3047874	1.0	confident	Neobacillus sp. YX16	Bacteria
6a64c0d6-1d75-4493-b8dc-10c4d58d80c5	3047874	1.0	confident	Neobacillus sp. YX16	Bacteria
dd1d70b8-4bd5-4977-9e08-fcc30fc78f9a	3047874	1.0	confident	Neobacillus sp. YX16	Bacteria
2300e3a4-c376-472e-ac03-fde3c26bf43c	3047874	1.0	confident	Neobacillus sp. YX16	Bacteria
842542c7-77dd-4119-8854-c5051efecd10	3047874	1.0	confident	Neobacillus sp. YX16	Bacteria
6024da7a-2a49-44da-9766-696585365fc1	3047874	1.0	confident	Neobacillus sp. YX16	Bacteria
dd038119-19d9-4797-b9b0-7290f6620647	3047874	1.0	confident	Neobacillus sp. YX16	Bacteria
9bda0f3b-913d-4833-aad3-c26f054ccaea	3047874	1.0	confident	Neobacillus sp. YX16	Bacteria
97c5269c-2133-4509-9fc4-09f1b976b56f	3047874	1.0	confident	Neobacillus sp. YX16	Bacteria
b3e5ca6f-cc0a-409b-9b0d-10a24500d5bc	3047874	1.0	confident	Neobacillus sp. YX16	Bacteria
50ab67a2-16fe-4782-9b12-698fa3763890	3047874	1.0	confident	Neobacillus sp. YX16	Bacteria
31a2849a-7e63-459d-b6bf-48e7b7b705df	3047874	1.0	confident	Neobacillus sp. YX16	Bacteria
59ff8b82-d939-4154-bf2c-a781b301890b	3047874	1.0	confident	Neobacillus sp. YX16	Bacteria
3fc64430-95cc-4aa0-9861-ace8bd9bc860	3047874	1.0	confident	Neobacillus sp. YX16	Bacteria
00296979-5481-458f-99f6-c47ebc2ba56e	3047874	1.0	confident	Neobacillus sp. YX16	Bacteria
1e36951f-d775-423d-9bcd-dc11ceae91c3	3047874	1.0	confident	Neobacillus sp. YX16	Bacteria
91acd418-8950-495a-b8b1-5b3d7ebda2ae	3047874	1.0	confident	Neobacillus sp. YX16	Bacteria
bcd20836-a0bc-4177-a1a6-56ec45d3d757	3047874	1.0	confident	Neobacillus sp. YX16	Bacteria
c8a7a707-d218-40b4-82af-ebebf8485051	3047874	1.0	confident	Neobacillus sp. YX16	Bacteria
5666e93a-38c3-4db5-b76f-879cdb5890af	3047874	1.0	confident	Neobacillus sp. YX16	Bacteria
1e09e66e-57c7-48dd-b65b-4c37e1f5b747	3047874	1.0	confident	Neobacillus sp. YX16	Bacteria
0bddbb6c-b231-4d6b-b45e-2562d7a9968e	3047874	1.0	confident	Neobacillus sp. YX16	Bacteria
4671472e-918b-4be0-bdfa-90f1623c881c	3047874	1.0	confident	Neobacillus sp. YX16	Bacteria
3309a51f-867d-4737-9836-fb735033cb64	3047874	1.0	confident	Neobacillus sp. YX16	Bacteria
c4032a7c-785d-4980-9858-fe32eb6454bb	3047874	1.0	confident	Neobacillus sp. YX16	Bacteria
b18fea8a-7606-400e-a533-015b52ad5710	3047874	1.0	confident	Neobacillus sp. YX16	Bacteria
81bafcba-cbc8-44d2-9581-04ce1937bb8a	3047874	1.0	confident	Neobacillus sp. YX16	Bacteria
fb751cbe-2924-4a96-9008-d0a27f99aa90	3047874	1.0	confident	Neobacillus sp. YX16	Bacteria
ca4a2e0c-8131-4391-a89b-4c96d63dfd4d	3047874	1.0	confident	Neobacillus sp. YX16	Bacteria
c37231f5-1d59-4b8a-9e2f-ccf7573abb13	3047874	1.0	confident	Neobacillus sp. YX16	Bacteria
c74f2274-2f45-4fbb-9ed8-ca51138a0dbf	3047874	1.0	confident	Neobacillus sp. YX16	Bacteria
35d52516-3b1d-4af0-8686-64643fdcbc2f	3047874	1.0	confident	Neobacillus sp. YX16	Bacteria
e0142b55-055b-41da-9224-0b9c7b54f21b	3047874	1.0	confident	Neobacillus sp. YX16	Bacteria
5f077b3a-5882-4b95-87c2-d02269849f11	3047874	1.0	confident	Neobacillus sp. YX16	Bacteria
445cb26e-2fc2-4ff8-a205-ed52885769fc	3047874	1.0	confident	Neobacillus sp. YX16	Bacteria
1b8f2df6-d38c-4fce-a105-0e0decb4e74b	3047874	1.0	confident	Neobacillus sp. YX16	Bacteria
bd072933-02a1-4513-9c2f-87ad9181c56f	3047874	1.0	confident	Neobacillus sp. YX16	Bacteria
bc931c49-285c-4c62-bccf-0fd171bd4033	3047874	1.0	confident	Neobacillus sp. YX16	Bacteria
7221c165-847d-47c5-ab80-1ec316947402	3047874	1.0	confident	Neobacillus sp. YX16	Bacteria
2ca03415-c34e-426e-8ae1-dbd8997b1a6e	3047874	1.0	confident	Neobacillus sp. YX16	Bacteria
d24452e2-544a-4f03-88a7-31bc15000d92	3047874	1.0	confident	Neobacillus sp. YX16	Bacteria
ec3d2cbd-aa05-4a72-9364-2e2548101333	3047874	1.0	confident	Neobacillus sp. YX16	Bacteria
06986b28-3731-4d5e-9e85-4536f7b6cb07	3047874	1.0	confident	Neobacillus sp. YX16	Bacteria
60f05678-1e4b-48f5-9ca9-7d57ef1dd37f	3047874	1.0	confident	Neobacillus sp. YX16	Bacteria
c6d8da40-e575-4d05-a15f-383edb7f5dd5	3047874	1.0	confident	Neobacillus sp. YX16	Bacteria
b0b28992-8a19-434d-9619-3a2ef523e897	3047874	1.0	confident	Neobacillus sp. YX16	Bacteria
d06b8111-14a5-45b3-ad71-6605ba3d19f3	3047874	1.0	confident	Neobacillus sp. YX16	Bacteria
18461591-816f-4589-999b-0e2ebd943685	3047874	1.0	confident	Neobacillus sp. YX16	Bacteria
d50a8157-1705-46f7-ae99-74f347703469	3047874	1.0	confident	Neobacillus sp. YX16	Bacteria
ba780e2b-4571-4d9d-9004-0a7202120eeb	3047874	1.0	confident	Neobacillus sp. YX16	Bacteria
bdebf386-9e97-4cbf-b8d8-e3b45db35908	3047874	1.0	confident	Neobacillus sp. YX16	Bacteria
cab23d9c-553d-4486-84c7-5e7f95b1e775	3047874	1.0	confident	Neobacillus sp. YX16	Bacteria
1c5e72c3-e936-44a9-829e-a083fbf4af71	3047874	1.0	confident	Neobacillus sp. YX16	Bacteria
7a5dc912-0fc7-4268-bfcc-0da5dd269e0b	3047874	1.0	confident	Neobacillus sp. YX16	Bacteria
cc3870fc-a757-4b0b-bf11-766cd47aa6b2	3047874	1.0	confident	Neobacillus sp. YX16	Bacteria
7a0242c6-5d47-4d7d-913c-d7c34e7f6dfb	3047874	1.0	confident	Neobacillus sp. YX16	Bacteria
6dcbc4d1-0d23-41bf-8167-830072d86a42	3047874	1.0	confident	Neobacillus sp. YX16	Bacteria
8dd53ee9-dc40-412d-ae02-907e32c18d28	3047874	1.0	confident	Neobacillus sp. YX16	Bacteria
5ef129e4-ef38-4266-b6f9-25156252908b	3047874	1.0	confident	Neobacillus sp. YX16	Bacteria
9712f880-83b1-4a0f-9e2a-f21c5aed1b4e	3047874	1.0	confident	Neobacillus sp. YX16	Bacteria
2f23bbd5-28f6-4561-b92b-ba38eb51adf8	3047874	1.0	confident	Neobacillus sp. YX16	Bacteria
696b3ad0-cb50-4430-a187-5c79d4c987bc	3047874	1.0	confident	Neobacillus sp. YX16	Bacteria
a1bc4d38-56f4-4783-b391-f8714eb87e55	3047874	1.0	confident	Neobacillus sp. YX16	Bacteria
88cef41a-dc77-40a6-ab29-a4329da26ffc	3047874	1.0	confident	Neobacillus sp. YX16	Bacteria
55a2a510-9096-4a3c-bbb3-a8bbe742f7d0	3047874	1.0	confident	Neobacillus sp. YX16	Bacteria
95efdf02-dcf3-4260-8b4f-d85f9d37e449	3047874	1.0	confident	Neobacillus sp. YX16	Bacteria
774336fa-daad-42ae-afa6-7f3edb763ecf	3047874	1.0	confident	Neobacillus sp. YX16	Bacteria
3b60f668-40ff-489c-b4ba-cf9d3b394bbf	3047874	1.0	confident	Neobacillus sp. YX16	Bacteria
b8c38272-3477-4fd4-a972-47e3eb261d8a	3047874	1.0	confident	Neobacillus sp. YX16	Bacteria
46766b35-4b17-4961-84be-e011b07a401b	3047874	1.0	confident	Neobacillus sp. YX16	Bacteria
08c222e3-71c9-449f-a22a-13df922f3d8c	1260987	0.9980346469462924	high	Noviherbaspirillum malthae	Bacteria
25a42a79-adbe-417d-9f9f-f994bac9c3dc	1260987	0.9980738440172396	high	Noviherbaspirillum malthae	Bacteria
6f01752a-fee9-4e95-88e0-6a21937a266f	1260987	0.9980744012129424	high	Noviherbaspirillum malthae	Bacteria
c4c1a76e-9ebd-48a3-91c7-186fb7333b34	1260987	0.9980549213412868	high	Noviherbaspirillum malthae	Bacteria
7f7e4f76-0070-4538-8922-4e77332b8db0	1260987	0.9958928589144826	high	Noviherbaspirillum malthae	Bacteria
cba07db2-2d1a-44aa-9c89-f99f3f6be981	1260987	0.9980675589601884	high	Noviherbaspirillum malthae	Bacteria
1b598eea-dad8-4953-acd7-4e565e74237f	1260987	0.999141114216507	high	Noviherbaspirillum malthae	Bacteria
8f052490-cead-4c4f-8f21-6bc855d1fb9d	3080276	0.9907140910817566	high	Noviherbaspirillum album	Bacteria
938389d5-9465-43cd-9f14-a5fef02f3a41	1260987	0.9980894550310466	high	Noviherbaspirillum malthae	Bacteria
de5d9998-f4e7-4028-9a93-82abe0037cab	1260987	0.9980777598378824	high	Noviherbaspirillum malthae	Bacteria
69700efa-76b6-47af-afbb-06b2956f4bfc	3080276	0.9998549550013408	high	Noviherbaspirillum album	Bacteria
9a1314a6-834b-43b0-ba23-e24c6d497ca2	1260987	0.9980485686189888	high	Noviherbaspirillum malthae	Bacteria
4ccfa937-bccd-4ced-8f69-ba94fff03acc	1260987	0.9980681267846332	high	Noviherbaspirillum malthae	Bacteria
d63739f5-e889-45b2-86e9-f29e1458f1d4	1260987	0.9430565141038348	high	Noviherbaspirillum malthae	Bacteria
a1a00714-86b0-42b3-9eb8-4019e191ad0a	1260987	0.9998852406673684	high	Noviherbaspirillum malthae	Bacteria
be4fdc2e-90cd-4cbe-a0fa-25748fa78da9	1260987	0.9980107601612233	high	Noviherbaspirillum malthae	Bacteria
5fb3d249-9e3b-4128-916f-2bc64b5ca2ad	2588497	0.999963819816998	high	Noviherbaspirillum aerium	Bacteria
f3df59fe-35e6-4096-9f4b-fe85b21dc0e5	1260987	0.9980485686189888	high	Noviherbaspirillum malthae	Bacteria
1f5c9d75-f751-45ff-952b-05fbb0e6de2c	1260987	0.9982011148855232	high	Noviherbaspirillum malthae	Bacteria
e67f172a-01d4-42f0-975a-34a69d3584a4	2588497	0.9999220798512256	high	Noviherbaspirillum aerium	Bacteria
08c08d76-d2d2-43ec-974f-1650fd545fbd	3080276	0.7766806075550947	medium	Noviherbaspirillum album	Bacteria
d000c01a-bbed-4671-a9f0-22e78b0f6479	1260987	0.9980855653254376	high	Noviherbaspirillum malthae	Bacteria
66d0b0b5-5998-4c80-b920-692775e74a35	1260987	0.9980056363691128	high	Noviherbaspirillum malthae	Bacteria
751377d7-e1bf-45d7-9a77-671ba288e5fe	1260987	0.999926051434164	high	Noviherbaspirillum malthae	Bacteria
18834991-802b-4c7b-b015-4c64d6b4975e	1260987	0.9980210084783304	high	Noviherbaspirillum malthae	Bacteria
ab7ec18e-fdd3-4e78-917e-8abeb19dd3ea	1260987	0.997811105612798	high	Noviherbaspirillum malthae	Bacteria
55e17fb6-4c2d-4ab2-8a58-f2f568c4e73e	1260987	0.998058879320292	high	Noviherbaspirillum malthae	Bacteria
4a36a362-be9c-4e1a-acc8-14ba94524256	1260987	0.999613277456592	high	Noviherbaspirillum malthae	Bacteria
51e574da-620d-44fa-9163-160ce804966f	1260987	0.9980995292757532	high	Noviherbaspirillum malthae	Bacteria
ff0eaf5e-996e-46d4-b991-c0db71c8b30d	1260987	0.9980811598498186	high	Noviherbaspirillum malthae	Bacteria
8964b891-f686-487c-8808-5a97b8b63d12	1260987	0.9980995292757532	high	Noviherbaspirillum malthae	Bacteria
20ba0736-bf02-46be-a2c1-896763cc4b29	1260987	0.9376996353948376	high	Noviherbaspirillum malthae	Bacteria
70a5c8c2-e8eb-48b3-adb8-ea7315115ee3	1260987	0.9996332599921568	high	Noviherbaspirillum malthae	Bacteria
af91df92-fb6a-425b-a875-2c98c6ab418a	1260987	0.9980995292757532	high	Noviherbaspirillum malthae	Bacteria
2c3afe43-041e-41c1-b2b0-dad497333c42	3080276	0.9631442314854476	high	Noviherbaspirillum album	Bacteria
a142d5c1-31c0-4e5b-8a02-5b4d7dd4ef10	1260987	0.943019669966826	high	Noviherbaspirillum malthae	Bacteria
a5652658-57a4-42ff-9004-fe493ea9430b	3080276	0.912330686455348	high	Noviherbaspirillum album	Bacteria
6859f986-da19-47b1-9a2c-1ecd3ce5342a	1260987	0.9980995292757532	high	Noviherbaspirillum malthae	Bacteria
317e66ae-0fe9-406d-b7c1-4185305839ac	1260987	0.9956018005631474	high	Noviherbaspirillum malthae	Bacteria
4a08ff7a-c98a-48ca-8a20-20e9729ed432	3080276	0.964258058737197	high	Noviherbaspirillum album	Bacteria
b4a5eef9-95e3-4636-96e7-7b656a8593a1	1260987	0.9999484740402822	high	Noviherbaspirillum malthae	Bacteria
7e35a527-0346-4778-bb35-7137bf4d5eb9	3080276	0.9999999997724636	high	Noviherbaspirillum album	Bacteria
2bc6a1d6-a4a1-4893-90a8-e26e86fdfb10	1260987	0.9844453733934768	high	Noviherbaspirillum malthae	Bacteria
cfaae6fd-65c5-4c03-9da5-c50583313125	1260987	0.9980933360702694	high	Noviherbaspirillum malthae	Bacteria
4e16aa14-0432-49f6-b3ea-d8fd6ebfa436	1260987	0.9804285521412156	high	Noviherbaspirillum malthae	Bacteria
43d6c2a1-d378-4b85-a98f-203c1f4bc2ff	1260987	0.9999102040452528	high	Noviherbaspirillum malthae	Bacteria
641f396b-6c5f-41c4-91d9-1e9b9722a997	3080276	0.9132271072626186	high	Noviherbaspirillum album	Bacteria
bda762e6-3047-4996-8ab9-028780b82805	1260987	0.998085056696774	high	Noviherbaspirillum malthae	Bacteria
dcc631d6-bab1-41af-af7f-b1846616de22	1260987	0.9991251174659213	high	Noviherbaspirillum malthae	Bacteria
2d2db882-53cd-451b-8363-5153aa1343b2	1260987	0.995670879569146	high	Noviherbaspirillum malthae	Bacteria
d56effdb-d597-4116-9735-575caa2c9d10	1260987	0.8738745728241245	high	Noviherbaspirillum malthae	Bacteria
ad58f0a1-f71a-42aa-816f-e01b1e9faf2d	3080276	0.6787804799898283	medium	Noviherbaspirillum album	Bacteria
766a4882-4d7f-4acb-aa0d-0c45beaae158	3080276	0.911344908128427	high	Noviherbaspirillum album	Bacteria
0fecc8ea-8313-4cc6-9bfb-6da40d30fd60	1260987	0.9977418125866062	high	Noviherbaspirillum malthae	Bacteria
59ab190e-665e-47d3-891e-bd5d43a3ebbf	1260987	0.9991480890116964	high	Noviherbaspirillum malthae	Bacteria
f80aa43a-47db-4463-8514-2a42ca186c98	3080276	0.9939009352371044	high	Noviherbaspirillum album	Bacteria
8b39de1c-f90c-491c-886b-05cec0487dc4	3080276	0.96869817908934	high	Noviherbaspirillum album	Bacteria
50154c7b-85c2-41e7-900c-ef96851a504b	1260987	0.9980704832818088	high	Noviherbaspirillum malthae	Bacteria
4555ebcf-a2c0-45e9-a072-eb0a3b86f83a	1260987	0.99802164483091	high	Noviherbaspirillum malthae	Bacteria
52c7a987-9c35-4276-8920-e6048af3c27b	1260987	0.9995894545779304	high	Noviherbaspirillum malthae	Bacteria
227879f1-e622-45fb-a27b-d8ff505e0c06	1260987	0.9980380217995516	high	Noviherbaspirillum malthae	Bacteria
1e37a16c-c004-4f5f-b02a-cd45c43334ef	3080276	0.8197904331659612	high	Noviherbaspirillum album	Bacteria
53ec2b6e-1fd4-4b8e-8c99-7400009188da	1260987	0.974371557950129	high	Noviherbaspirillum malthae	Bacteria
e3244214-ce61-4f3f-8f79-c0800fc7a035	1260987	0.9792328162947438	high	Noviherbaspirillum malthae	Bacteria
2c6e434b-654c-4aa3-a30a-900b2fb0422c	1260987	0.99586001352529	high	Noviherbaspirillum malthae	Bacteria
c4e4da54-e425-4d5f-bd23-1f61684f9e13	1260987	0.9980612514282317	high	Noviherbaspirillum malthae	Bacteria
9cabbe65-d1b1-4771-a4e6-eaab0d41cf32	1260987	0.9980933360702694	high	Noviherbaspirillum malthae	Bacteria
b2a0f7fd-55ce-4780-ab7e-c51d974befa4	1260987	0.9996156991822754	high	Noviherbaspirillum malthae	Bacteria
bbd6cc7a-ed14-446a-b57a-c528a3d54dce	3080276	0.9605116197348446	high	Noviherbaspirillum album	Bacteria
03dfd3e8-9a48-4952-8471-d13c6b45bc03	1260987	0.9981033878689288	high	Noviherbaspirillum malthae	Bacteria
807e71f1-c174-4dcc-bc9a-f2db4f8895ae	3080276	0.7736373391630976	medium	Noviherbaspirillum album	Bacteria
83777a4f-34ac-4147-972a-dcee0c0753c7	1260987	0.9980793221836892	high	Noviherbaspirillum malthae	Bacteria
9c3b313f-8725-467a-95a9-cd857f98eb2b	3080276	0.9201048087980722	high	Noviherbaspirillum album	Bacteria
53f08a6c-3f0a-4b36-84ce-380b4c946d89	1260987	0.99980900134019	high	Noviherbaspirillum malthae	Bacteria
a2911503-0b6f-4765-bc37-f1bc900aaa0c	1260987	0.9979798159880068	high	Noviherbaspirillum malthae	Bacteria
a47b3712-979b-4552-b913-71ca79e511b1	1260987	0.997991893906975	high	Noviherbaspirillum malthae	Bacteria
31573b72-b1c7-4501-a9e4-c7b55f0e5af0	3080276	0.9999646087775091	high	Noviherbaspirillum album	Bacteria
cd1376af-dcaa-4e24-82d3-18c4685ed800	1260987	0.9996353285319788	high	Noviherbaspirillum malthae	Bacteria
024d52dc-bf5e-4430-8090-e058dc2c1345	1260987	0.9980816669341586	high	Noviherbaspirillum malthae	Bacteria
051149af-2d54-4243-8dd6-2d2e191128df	1260987	0.998085056696774	high	Noviherbaspirillum malthae	Bacteria
776f68e9-8b34-4a70-90b6-22fcfe9ca802	1260987	0.6771823220835465	medium	Noviherbaspirillum malthae	Bacteria
4f72138f-1225-4a76-b4b5-ad702b084d90	2588497	0.5062429014793629	medium	Noviherbaspirillum aerium	Bacteria
33bea000-9239-4eb1-8f75-037635014f5f	1260987	0.9980777598378824	high	Noviherbaspirillum malthae	Bacteria
4472ae38-09e4-4a5d-ad27-6c6b7c858037	1260987	0.9991532793430824	high	Noviherbaspirillum malthae	Bacteria
887d4767-04b7-43e1-858e-882654767aba	1260987	0.9980235818567555	high	Noviherbaspirillum malthae	Bacteria
6b0759b2-7b82-4e33-afe5-885c870f739e	1260987	0.9980277669492016	high	Noviherbaspirillum malthae	Bacteria
4b0325f9-0c79-47e5-a796-91f8fd3b4b13	1260987	0.9981033878689288	high	Noviherbaspirillum malthae	Bacteria
22b53bd8-5445-457f-b27e-1fd24d5fb50b	3080276	0.999999999765176	high	Noviherbaspirillum album	Bacteria
395a0622-56ce-4463-ad66-797603d18629	1260987	0.9991362395518028	high	Noviherbaspirillum malthae	Bacteria
8cd9cd9d-a11b-4077-9c65-eefcc7950716	1260987	0.9980572987458252	high	Noviherbaspirillum malthae	Bacteria
630d5025-05f8-41ec-80f5-0c50d41f978c	1260987	0.9996169870018792	high	Noviherbaspirillum malthae	Bacteria
1630d67d-6748-4b00-928d-577d9a804710	1260987	0.9978752635948904	high	Noviherbaspirillum malthae	Bacteria
54248296-2d97-417b-9609-8c336f41e65b	3080276	0.9106920839854044	high	Noviherbaspirillum album	Bacteria
8d8fc69d-e2d9-4383-a0dd-1a9c64f56dad	3080276	0.9999722870563348	high	Noviherbaspirillum album	Bacteria
37a78d4a-1d1b-4e77-aa35-b168fe42a950	1260987	0.9980459932274908	high	Noviherbaspirillum malthae	Bacteria
66a1acc0-831c-4a2f-94c8-83b9cce2f807	1260987	0.9980855653254376	high	Noviherbaspirillum malthae	Bacteria
2374e5f1-3d59-4fe8-9391-f16558c18445	1260987	0.9982331041266702	high	Noviherbaspirillum malthae	Bacteria
5167dc96-a2ab-4b7e-b5ef-88a231479803	2588497	0.9999987673537932	high	Noviherbaspirillum aerium	Bacteria
96049655-0b92-408f-b998-ddefa29c60c3	3080276	0.8358985838696054	high	Noviherbaspirillum album	Bacteria
1434f4c7-2c03-4d3b-9529-239c88e3b3c6	1260987	0.9980816669341586	high	Noviherbaspirillum malthae	Bacteria
002a301f-456e-4d32-86c3-d36af2e3d1e6	3080276	0.8299431150125738	high	Noviherbaspirillum album	Bacteria
58d7f4fc-9655-44de-826d-2ddbf4b0ebdc	3080276	0.9111418167460636	high	Noviherbaspirillum album	Bacteria
05c1d3cf-8258-4a33-ab34-a0e9be085254	3080276	0.9165003346238884	high	Noviherbaspirillum album	Bacteria
94134d2f-2c0f-452d-9394-83860f5eb308	1260987	0.9980816669341586	high	Noviherbaspirillum malthae	Bacteria
3048c687-871b-4f39-bbe9-b37aeca44d44	1260987	0.9980904770143189	high	Noviherbaspirillum malthae	Bacteria
974e2e90-3f3d-40ac-869d-b5a02fd74555	3080276	0.9999175682002168	high	Noviherbaspirillum album	Bacteria
f5853a50-8331-41ca-b016-ab0775fcdcc9	3080276	0.9127861038875822	high	Noviherbaspirillum album	Bacteria
9398da86-e680-45c5-8653-32bcf8bc8139	3080276	0.9958908052270382	high	Noviherbaspirillum album	Bacteria
56c6f8b2-278e-4d52-b3fd-5ff678cd4408	1260987	0.998070985759393	high	Noviherbaspirillum malthae	Bacteria
c200aaf9-966d-44ae-90e9-5225098be6b8	1260987	0.9999986211684656	high	Noviherbaspirillum malthae	Bacteria
ad839689-7433-4b80-beac-fea632bc5e1c	1260987	0.9979980918688282	high	Noviherbaspirillum malthae	Bacteria
f77a5994-9afb-4feb-9a73-f60375d2c466	3080276	0.9998565784764816	high	Noviherbaspirillum album	Bacteria
fb876567-bcec-4d34-bc41-d2b6d64618be	1260987	0.9980816669341586	high	Noviherbaspirillum malthae	Bacteria
26cdfe15-7dc9-432e-a551-54c33e76db56	1260987	0.9979979675115072	high	Noviherbaspirillum malthae	Bacteria
62f94827-455d-473b-99c3-001426f83e13	1260987	0.9921930044101251	high	Noviherbaspirillum malthae	Bacteria
556b780c-d3ae-4bce-862d-034ba096c56e	1260987	0.9980933360702694	high	Noviherbaspirillum malthae	Bacteria
7be7d518-b748-4cf4-b7f1-6411a5c4668a	2588497	0.9999998925111456	high	Noviherbaspirillum aerium	Bacteria
874a74b4-e38b-4543-b1f9-0db5742ea433	1260987	0.9999771058560708	high	Noviherbaspirillum malthae	Bacteria
766182f1-106a-4036-b593-2e25543dd458	1260987	0.9980301806908284	high	Noviherbaspirillum malthae	Bacteria
d88098f9-9e0d-42d0-b66a-803d765a9e8a	3080276	0.9125809304247848	high	Noviherbaspirillum album	Bacteria
aaa86b2c-da94-496e-aa10-d5ebccd0015c	1260987	0.9980670575143462	high	Noviherbaspirillum malthae	Bacteria
11d0e0bc-d898-44cb-8c25-32c91772ca80	1260987	0.9998009000834284	high	Noviherbaspirillum malthae	Bacteria
d61e6079-d48c-4e44-a0cb-cb300370f6f2	1260987	0.9980725530640358	high	Noviherbaspirillum malthae	Bacteria
2cb84fd8-b884-4246-b75a-76c3e2a7346e	3080276	0.9124740135410588	high	Noviherbaspirillum album	Bacteria
8ec1b707-0008-4be2-acc4-7d6a970dad8a	1260987	0.9980602541727266	high	Noviherbaspirillum malthae	Bacteria
cb40ee1d-2feb-4a68-a2a0-8427c54cada8	2588497	0.9843136132117738	high	Noviherbaspirillum aerium	Bacteria
ab4094ec-4b62-4604-8168-031022bfca80	3080276	0.914754475622095	high	Noviherbaspirillum album	Bacteria
0af74757-464f-4343-a15d-9226e86db52e	3080276	0.920745974497527	high	Noviherbaspirillum album	Bacteria
744c656e-b135-405d-91a8-913bd1724916	3080276	0.915486203202994	high	Noviherbaspirillum album	Bacteria
ec1f35a5-079b-4c68-83f5-e6304ad94ba6	3080276	0.9125011014730232	high	Noviherbaspirillum album	Bacteria
1f1f06e6-4c1f-4fa1-b40e-55a33830c990	3080276	0.9999999997647472	high	Noviherbaspirillum album	Bacteria
b4e95cb2-17cc-417e-ab78-d42fac245409	1260987	0.998013740638086	high	Noviherbaspirillum malthae	Bacteria
225075e0-6eda-4f04-a4d9-bce977f73639	3080276	0.9103776082228549	high	Noviherbaspirillum album	Bacteria
fd65b921-b7a0-440d-a1fb-ce2220605845	1260987	0.9998861747304904	high	Noviherbaspirillum malthae	Bacteria
0108ce42-103d-4040-8855-62629806e21c	1260987	0.995701799562022	high	Noviherbaspirillum malthae	Bacteria
56f8a2ef-a9c0-4920-859c-5114c4c216ad	3080276	0.999991021750572	high	Noviherbaspirillum album	Bacteria
9d2e63ee-20fb-4786-a277-54a398b4dc9e	1260987	0.9980641948624408	high	Noviherbaspirillum malthae	Bacteria
4acab2e4-af0b-4fa9-8e09-ee77b0469e43	1260987	0.9996209305160504	high	Noviherbaspirillum malthae	Bacteria
801f6196-7856-4f41-949c-3fa6e091c5df	1260987	0.9980956620661388	high	Noviherbaspirillum malthae	Bacteria
96b58cd0-2380-44a2-b364-082bc775251e	1260987	0.9993460306440198	high	Noviherbaspirillum malthae	Bacteria
be30cda1-ed94-4c61-a56a-ead1b9f6022e	1260987	0.9980832257990724	high	Noviherbaspirillum malthae	Bacteria
c7d69a51-e6aa-4641-b42c-f2f366581d95	1260987	0.9980793221836892	high	Noviherbaspirillum malthae	Bacteria
dd9223ee-e520-4273-9df2-9e352fa12960	3080276	0.9101948167875962	high	Noviherbaspirillum album	Bacteria
310893e5-5390-4af0-a87f-9b98c9f52a68	1260987	0.9956340182496524	high	Noviherbaspirillum malthae	Bacteria
5dc9e2fd-3594-4f14-b6b6-c32c6ad2d06f	1260987	0.998011788968582	high	Noviherbaspirillum malthae	Bacteria
7ec2dfab-57d9-4dd4-953f-2ccc13883a8e	3080276	0.8369179334151164	high	Noviherbaspirillum album	Bacteria
b65feb77-e46a-4564-95ba-9fc19a78b796	3080276	0.999999999780752	high	Noviherbaspirillum album	Bacteria
93e4e243-4ec9-4b6e-bc29-a04b199db709	3080276	0.9106694485651904	high	Noviherbaspirillum album	Bacteria
32669a80-681e-427c-852b-5472c2d85e3d	3080276	0.9154007460937318	high	Noviherbaspirillum album	Bacteria
c63fc1c8-2d26-4184-9982-a93a2040afba	1260987	0.998044587617865	high	Noviherbaspirillum malthae	Bacteria
00bd5917-2e71-4984-bb40-930ae5eac8a0	1260987	0.999627863236916	high	Noviherbaspirillum malthae	Bacteria
91989277-0c53-4c91-af50-4b2e0e8de61f	1260987	0.9980095027662064	high	Noviherbaspirillum malthae	Bacteria
b3ae45f4-5a9a-4c9a-901e-98be4874b427	1260987	0.9980681267846332	high	Noviherbaspirillum malthae	Bacteria
186f8491-671c-4564-afa6-e40ab413e6c0	1260987	0.9980777598378824	high	Noviherbaspirillum malthae	Bacteria
1018ed0f-9069-4532-882b-d474a605505e	1260987	0.997927593540842	high	Noviherbaspirillum malthae	Bacteria
729bc384-fb21-49aa-ac41-7e45228c4fd8	1260987	0.998004144927451	high	Noviherbaspirillum malthae	Bacteria
faeef64c-6452-419e-959c-e2204c24a6ff	1260987	0.9980928243811058	high	Noviherbaspirillum malthae	Bacteria
62985f4a-cbc8-421f-86ce-7f89eececfe1	1260987	0.728192303978689	medium	Noviherbaspirillum malthae	Bacteria
d61fe486-6377-4f88-962e-72165a40ba12	1260987	0.9980816669341586	high	Noviherbaspirillum malthae	Bacteria
f633bb0c-6384-44d3-8e5c-9e6aaff699db	1260987	0.9992398074719322	high	Noviherbaspirillum malthae	Bacteria
df9ee361-771c-41ff-a8c1-7251e499d58a	1260987	0.9980021736494006	high	Noviherbaspirillum malthae	Bacteria
0dce6b7b-82bc-4384-8ed6-42db1d2f7cd7	1260987	0.9980714887836636	high	Noviherbaspirillum malthae	Bacteria
f3d723c6-4c05-4b5a-ae76-8c02bc2b56e7	1260987	0.999048993243956	high	Noviherbaspirillum malthae	Bacteria
ed20940b-931a-4b39-b31f-92ed7a544ff4	3080276	0.9149904772445572	high	Noviherbaspirillum album	Bacteria
3c4763a1-4712-450b-8a57-ce69ca2eaa6e	1260987	0.9996228050259378	high	Noviherbaspirillum malthae	Bacteria
93d19301-3f84-48ac-a8aa-5447e86ef685	1260987	0.9980277553710756	high	Noviherbaspirillum malthae	Bacteria
a1703384-c8eb-4f5b-b2e2-d81f8ae78f01	3080276	0.9999999832907206	high	Noviherbaspirillum album	Bacteria
a2235346-3ac6-4e43-8405-0ecef2f59189	1260987	0.998042502856355	high	Noviherbaspirillum malthae	Bacteria
8d19b1ae-deca-4878-8a5e-b7c729fe9d16	3080276	0.9134596654896536	high	Noviherbaspirillum album	Bacteria
f524c969-bc9b-40ac-a76c-586935cea375	3080276	0.9999999958067012	high	Noviherbaspirillum album	Bacteria
ed51a9af-e63d-45e9-a83c-6a5170e76b7e	1260987	0.9979862592690224	high	Noviherbaspirillum malthae	Bacteria
63bc1f5a-10c0-4f18-a5cf-a3fec9bfea54	3080276	0.8259246715836435	high	Noviherbaspirillum album	Bacteria
43e47513-cf77-49ce-8bd5-0f1a989c4216	3080276	0.9987369010684272	high	Noviherbaspirillum album	Bacteria
ee915ecd-f02a-44ac-bd68-2c2b2dcf0483	3080276	0.9159690593302426	high	Noviherbaspirillum album	Bacteria
e11af311-2134-4408-913d-ae10f6fc80b5	1260987	0.9980558084850212	high	Noviherbaspirillum malthae	Bacteria
e48d1ee7-711a-4216-b593-6fc3b124cae6	1260987	0.7015881628260584	medium	Noviherbaspirillum malthae	Bacteria
90e3b36c-d93d-4655-86aa-236131519dbe	1260987	0.998007539595604	high	Noviherbaspirillum malthae	Bacteria
3227d647-7bcf-4a9b-8735-9b83e126a5fd	1260987	0.998044813833479	high	Noviherbaspirillum malthae	Bacteria
2ba0ff72-bf33-49e8-9ba4-feeca4689985	1260987	0.9995974135445246	high	Noviherbaspirillum malthae	Bacteria
f99f25ef-5deb-4126-a56f-f3795527e6b6	2588497	0.9999993260471792	high	Noviherbaspirillum aerium	Bacteria
5b9d2047-968c-4065-a9e2-ae48da28ac91	3080276	0.9958718501185652	high	Noviherbaspirillum album	Bacteria
7ea04ce1-8de7-40e6-b23b-85c40fd70963	1260987	0.998060833593865	high	Noviherbaspirillum malthae	Bacteria
df90e4c3-84f6-46a4-afec-1c7c114c93bd	1260987	0.9980485686189888	high	Noviherbaspirillum malthae	Bacteria
5c433406-8e1a-4e68-b119-f52cc10aec27	1260987	0.9980646948108588	high	Noviherbaspirillum malthae	Bacteria
cebf3240-90e1-4f95-8885-d05f66022daf	3080276	0.821908621123502	high	Noviherbaspirillum album	Bacteria
9f030572-b0fb-4350-870d-9e4e59e25388	1260987	0.9997454339716362	high	Noviherbaspirillum malthae	Bacteria
3153543d-cf45-4bd5-906a-19c8c50f6872	1260987	0.9995963708380942	high	Noviherbaspirillum malthae	Bacteria
1eafd8c3-9ecc-4404-bb06-2de63daf6b0e	1260987	0.998036598929442	high	Noviherbaspirillum malthae	Bacteria
40dec017-516a-4fed-9cb5-6ad2180f8024	1260987	0.9980816669341586	high	Noviherbaspirillum malthae	Bacteria
1d40a053-da7f-4c52-ab72-e144bada24f2	3080276	0.9997405776462126	high	Noviherbaspirillum album	Bacteria
0c553ec8-f919-4b96-baa1-244ebc740930	3080276	0.9126167773815772	high	Noviherbaspirillum album	Bacteria
f0e55704-4941-4c11-ae14-b6293570f202	1260987	0.9907395242897596	high	Noviherbaspirillum malthae	Bacteria
89649b51-0598-4eb5-8820-d837744cc22e	1260987	0.993614232198434	high	Noviherbaspirillum malthae	Bacteria
1c27a97b-2b12-4d63-b163-f7a4402568de	3080276	0.9116771567241824	high	Noviherbaspirillum album	Bacteria
ac0109a6-6427-4fd8-bd15-427eddb49762	1260987	0.998043603958668	high	Noviherbaspirillum malthae	Bacteria
99b4fb19-51de-4303-a79f-915c97e6e33b	1260987	0.9994859360266072	high	Noviherbaspirillum malthae	Bacteria
42f580a3-037d-4aff-900f-647129aea49a	1260987	0.9980515505760466	high	Noviherbaspirillum malthae	Bacteria
9b58e014-99a8-476f-9804-eed0790faa64	1260987	0.5876566754245484	medium	Noviherbaspirillum malthae	Bacteria
6c090874-ec8a-4a24-ac69-c819e7e8320b	3080276	0.999999842836078	high	Noviherbaspirillum album	Bacteria
96bc4505-5cf9-46e3-9ea3-39190b5d9f31	1260987	0.9980832257990724	high	Noviherbaspirillum malthae	Bacteria
9ea34843-f0e1-492c-b8ea-c2173c19ab20	28101	1.0	confident	Phyllobacterium myrsinacearum	Bacteria
2ca17c43-3435-450c-9bcb-19fd13610af5	28101	1.0	confident	Phyllobacterium myrsinacearum	Bacteria
f902b0d9-8300-4650-8575-71fa80732268	28101	1.0	confident	Phyllobacterium myrsinacearum	Bacteria
1e661821-b296-4c24-95eb-2e57e3493dcd	28101	1.0	confident	Phyllobacterium myrsinacearum	Bacteria
caff76d3-8f97-4f9a-848c-24b63d8ce16f	28101	1.0	confident	Phyllobacterium myrsinacearum	Bacteria
56e97d3c-cad5-42ac-b3da-f2a500564a96	28101	1.0	confident	Phyllobacterium myrsinacearum	Bacteria
009013de-d437-4450-abcb-55f4cd502d94	28101	1.0	confident	Phyllobacterium myrsinacearum	Bacteria
6ffb2001-faf7-4296-b528-337d3ae81cd9	28101	1.0	confident	Phyllobacterium myrsinacearum	Bacteria
be91edd8-abd8-4499-9072-ffa12e457568	28101	1.0	confident	Phyllobacterium myrsinacearum	Bacteria
793f16c4-48d9-4206-b13f-8c4ae75f8384	28101	1.0	confident	Phyllobacterium myrsinacearum	Bacteria
35947be9-c3b2-4e91-87dd-c72c1fd6125b	28101	1.0	confident	Phyllobacterium myrsinacearum	Bacteria
d13fe302-ad4f-4c0e-a4b1-ae68de6053cb	28101	1.0	confident	Phyllobacterium myrsinacearum	Bacteria
6c4184cd-d72e-49e1-b184-9b534f7525dd	28101	1.0	confident	Phyllobacterium myrsinacearum	Bacteria
c8a10f36-f54d-4352-b64a-8d2bf9716a2c	28101	1.0	confident	Phyllobacterium myrsinacearum	Bacteria
4697c4c1-222d-4b57-b734-fd842fce1fa1	28101	1.0	confident	Phyllobacterium myrsinacearum	Bacteria
6043320a-cc9c-47d9-99a6-52ffec779d42	28101	1.0	confident	Phyllobacterium myrsinacearum	Bacteria
8c56aee2-0d8f-4130-b520-b3bb09297382	28101	1.0	confident	Phyllobacterium myrsinacearum	Bacteria
63cbe6e8-6140-4eef-9c0a-79cf827cf111	28101	1.0	confident	Phyllobacterium myrsinacearum	Bacteria
f3a1b3dc-0215-4d4c-91d3-14eb7fea9b71	28101	1.0	confident	Phyllobacterium myrsinacearum	Bacteria
5e0b591c-2810-475e-8588-943f4128c427	28101	1.0	confident	Phyllobacterium myrsinacearum	Bacteria
66927995-ac6d-479e-8290-0c165eeb4711	28101	1.0	confident	Phyllobacterium myrsinacearum	Bacteria
e83dcb5d-72fc-46a7-b8f7-b3a9047c697f	28101	1.0	confident	Phyllobacterium myrsinacearum	Bacteria
f2d41501-f2d4-4f41-b9c0-5ac246a73369	28101	1.0	confident	Phyllobacterium myrsinacearum	Bacteria
7a4f7a16-7d2c-4cb6-a48d-ca1684175d70	28101	1.0	confident	Phyllobacterium myrsinacearum	Bacteria
0c072600-eb83-4f13-83b7-926de47efff1	28101	1.0	confident	Phyllobacterium myrsinacearum	Bacteria
2fa41649-0c7b-404d-ac84-fd6d7b68192c	28101	1.0	confident	Phyllobacterium myrsinacearum	Bacteria
84c4c2ce-8fa3-490d-a561-7a4f071223ed	28101	1.0	confident	Phyllobacterium myrsinacearum	Bacteria
ee0d4dda-35d1-42d5-a97c-920544c3612e	28101	1.0	confident	Phyllobacterium myrsinacearum	Bacteria
3ea758ca-329a-4aa1-a6f9-0cf80fc5185d	28101	1.0	confident	Phyllobacterium myrsinacearum	Bacteria
039918ec-7244-454e-a61f-75cecb0da153	28101	1.0	confident	Phyllobacterium myrsinacearum	Bacteria
e822f5f0-2b68-4acc-87c8-d6f8135df312	28101	1.0	confident	Phyllobacterium myrsinacearum	Bacteria
35182220-1565-4816-9df1-0ea41cf37373	28101	1.0	confident	Phyllobacterium myrsinacearum	Bacteria
48630979-204b-41ae-83d7-46e184c2bbad	28101	1.0	confident	Phyllobacterium myrsinacearum	Bacteria
a9376d19-c821-4edb-bf0c-28ebe7be61c1	28101	1.0	confident	Phyllobacterium myrsinacearum	Bacteria
74881e56-38ff-4aa5-bef0-58edaa017e27	28101	1.0	confident	Phyllobacterium myrsinacearum	Bacteria
7a40f3cf-2d11-4353-b353-ea364aee915f	28101	1.0	confident	Phyllobacterium myrsinacearum	Bacteria
8dcb6389-558b-40a2-b51e-b506439fafec	28101	1.0	confident	Phyllobacterium myrsinacearum	Bacteria
24df0efb-3011-455b-a013-d70bd8ecf1f9	28101	1.0	confident	Phyllobacterium myrsinacearum	Bacteria
9ef2f404-e4ba-4117-b41c-0d64b9b84a16	28101	1.0	confident	Phyllobacterium myrsinacearum	Bacteria
1ca708dd-4230-416c-9247-9a43fc7ad3ef	28101	1.0	confident	Phyllobacterium myrsinacearum	Bacteria
bfd50955-1ac9-4998-b65b-b6d22116232b	28101	1.0	confident	Phyllobacterium myrsinacearum	Bacteria
446b78d1-bf77-4cc7-8db6-b9edd95e7d67	28101	1.0	confident	Phyllobacterium myrsinacearum	Bacteria
205a6d5c-2614-4581-8601-6fc6caff6799	28101	1.0	confident	Phyllobacterium myrsinacearum	Bacteria
e1e58867-f58b-4286-a84a-9200aaa71093	28101	1.0	confident	Phyllobacterium myrsinacearum	Bacteria
d2631639-a2a4-4c67-bd84-3826e3b1fddd	28101	1.0	confident	Phyllobacterium myrsinacearum	Bacteria
2c2800b2-0608-4652-80f9-2e48dc20ac37	28101	1.0	confident	Phyllobacterium myrsinacearum	Bacteria
a9713dde-053c-45dd-b272-f9f28b14911a	28101	1.0	confident	Phyllobacterium myrsinacearum	Bacteria
07e77a72-157e-4a69-8a50-ddd337f1408d	28101	1.0	confident	Phyllobacterium myrsinacearum	Bacteria
38574e18-5dfb-4ca2-9879-e3863dd03e12	28101	1.0	confident	Phyllobacterium myrsinacearum	Bacteria
e3f71d57-22ab-4242-a817-aeed07c84e8b	28101	1.0	confident	Phyllobacterium myrsinacearum	Bacteria
ef078d2c-a96f-4e98-bafb-54643a5ab091	28101	1.0	confident	Phyllobacterium myrsinacearum	Bacteria
a5329f71-f657-4643-bd6a-718072657532	28101	1.0	confident	Phyllobacterium myrsinacearum	Bacteria
4f875360-b350-484f-a934-cb866dc77b33	28101	1.0	confident	Phyllobacterium myrsinacearum	Bacteria
e2c65564-bd36-412c-a207-927a960ac8cd	28101	1.0	confident	Phyllobacterium myrsinacearum	Bacteria
ed3a14fd-8184-4f00-911f-1b4667b8972a	28101	1.0	confident	Phyllobacterium myrsinacearum	Bacteria
3a9c8027-6b35-4386-b6c6-360fc487bbb1	28101	1.0	confident	Phyllobacterium myrsinacearum	Bacteria
ec5001e1-b9d7-41dc-b40a-32b37d5adde2	28101	1.0	confident	Phyllobacterium myrsinacearum	Bacteria
24522591-6c25-4fdd-ab95-f65974d08cfe	28101	1.0	confident	Phyllobacterium myrsinacearum	Bacteria
987a5972-b9ed-494b-9fde-d10e11548dc3	28101	1.0	confident	Phyllobacterium myrsinacearum	Bacteria
be5582a1-464e-4a4f-ba11-95beb9ed30fa	28101	1.0	confident	Phyllobacterium myrsinacearum	Bacteria
353b5966-ea48-4ebe-9676-1ac42ecbe5b8	28101	1.0	confident	Phyllobacterium myrsinacearum	Bacteria
f236f104-2365-4639-a31d-ebb7914a6d11	28101	1.0	confident	Phyllobacterium myrsinacearum	Bacteria
f1c2d681-7b06-4636-9b6e-f0c772c2df01	28101	1.0	confident	Phyllobacterium myrsinacearum	Bacteria
3bba2a75-331d-4708-81bf-bf7e46f1b50c	28101	1.0	confident	Phyllobacterium myrsinacearum	Bacteria
a44ee23f-e788-4422-abcb-24fa31ae96f3	28101	1.0	confident	Phyllobacterium myrsinacearum	Bacteria
afd9b96b-dcf4-4a40-8b75-368ba9efef98	28101	1.0	confident	Phyllobacterium myrsinacearum	Bacteria
c52de038-ec73-45d0-a8fb-d0d7172227cf	28101	1.0	confident	Phyllobacterium myrsinacearum	Bacteria
f361a77d-5b7d-4772-ab70-1f0125befe76	28101	1.0	confident	Phyllobacterium myrsinacearum	Bacteria
070a7240-4270-4deb-a11c-aefa0f4ad8f9	28101	1.0	confident	Phyllobacterium myrsinacearum	Bacteria
f2c0a7b7-9f39-4201-9a44-f4707c1d371e	28101	1.0	confident	Phyllobacterium myrsinacearum	Bacteria
6218f4b2-5452-41d0-921e-d1a1904abdbe	28101	1.0	confident	Phyllobacterium myrsinacearum	Bacteria
1f9bfa66-1237-44b3-bdca-d3dc69556383	28101	1.0	confident	Phyllobacterium myrsinacearum	Bacteria
72452b8d-cb0b-46c9-9d43-f044f19264b3	28101	1.0	confident	Phyllobacterium myrsinacearum	Bacteria
b907b84a-9c63-434c-9348-13efe45f38a9	28101	1.0	confident	Phyllobacterium myrsinacearum	Bacteria
737bf031-5336-419a-9079-36a9a9c4a2e0	28101	1.0	confident	Phyllobacterium myrsinacearum	Bacteria
1cde582d-0090-4002-99d8-91b0766e2a50	28101	1.0	confident	Phyllobacterium myrsinacearum	Bacteria
12ba03b0-5199-43cc-9111-56075b9f5e26	28101	1.0	confident	Phyllobacterium myrsinacearum	Bacteria
4ae150fe-0654-4860-b617-1e2e392859cb	28101	1.0	confident	Phyllobacterium myrsinacearum	Bacteria
3578eff6-8c32-4c47-9ae0-0a7d70030f3a	28101	1.0	confident	Phyllobacterium myrsinacearum	Bacteria
2f415175-74b5-4550-8f4e-bc9d52555427	28101	1.0	confident	Phyllobacterium myrsinacearum	Bacteria
a6fd6b2e-0fb2-40a2-a808-711ee2b27cc6	28101	1.0	confident	Phyllobacterium myrsinacearum	Bacteria
ee366d2c-c644-4674-bd4b-f0508fb1fc52	28101	1.0	confident	Phyllobacterium myrsinacearum	Bacteria
36986c65-65ce-4221-ac97-379c07d57e68	28101	1.0	confident	Phyllobacterium myrsinacearum	Bacteria
0a9aeb8e-b0a2-4259-b952-e538beb059f8	28101	1.0	confident	Phyllobacterium myrsinacearum	Bacteria
63ea2578-9d70-402b-9fd6-70a45dfa9ce5	28101	1.0	confident	Phyllobacterium myrsinacearum	Bacteria
f95b77d2-6a2a-4166-9528-cbe8fad6a00d	28101	1.0	confident	Phyllobacterium myrsinacearum	Bacteria
e45e63c2-230d-4035-bc3a-5a2043db324b	28101	1.0	confident	Phyllobacterium myrsinacearum	Bacteria
b63fa5bf-a394-485c-bb3a-7339e5d111ea	28101	1.0	confident	Phyllobacterium myrsinacearum	Bacteria
abadd773-1667-4312-9570-2b1a999d5638	28101	1.0	confident	Phyllobacterium myrsinacearum	Bacteria
1f9155a1-3157-4881-a497-bfb020818887	28101	1.0	confident	Phyllobacterium myrsinacearum	Bacteria
1b9a32e7-8a03-47e0-b8ca-671e9d9ddfb5	28101	1.0	confident	Phyllobacterium myrsinacearum	Bacteria
4f4758c2-6fcb-4139-a1f0-bac25cbc2332	28101	1.0	confident	Phyllobacterium myrsinacearum	Bacteria
c1572ce6-fc9a-455f-a994-8430025ff9a9	28101	1.0	confident	Phyllobacterium myrsinacearum	Bacteria
3e9e746d-6ccb-4a50-9143-6bd2a5810fa4	28101	1.0	confident	Phyllobacterium myrsinacearum	Bacteria
28b8df67-fbb2-429e-9747-b97cb2ef9507	28101	1.0	confident	Phyllobacterium myrsinacearum	Bacteria
fca7a011-9a24-4113-a30c-dcbacefcac02	28101	1.0	confident	Phyllobacterium myrsinacearum	Bacteria
606c035c-d668-4b02-8dfa-153249161566	28101	1.0	confident	Phyllobacterium myrsinacearum	Bacteria
02c78174-6527-4a52-85b9-5490d5cb4960	28101	1.0	confident	Phyllobacterium myrsinacearum	Bacteria
9bbd78ef-8834-45fa-abc4-759734ba4e89	28101	1.0	confident	Phyllobacterium myrsinacearum	Bacteria
19e8cbd8-6092-4e44-a01f-081e1dff5421	28101	1.0	confident	Phyllobacterium myrsinacearum	Bacteria
d3da4941-43a8-4a15-97a1-9c157bc558d0	28101	1.0	confident	Phyllobacterium myrsinacearum	Bacteria
9b4f7565-48f6-4425-8287-558be9d91b12	28101	1.0	confident	Phyllobacterium myrsinacearum	Bacteria
994f5639-4ce7-41de-891b-933153c7d766	28101	1.0	confident	Phyllobacterium myrsinacearum	Bacteria
be2c3a1a-6278-47b2-9d83-953e50fb7cd9	28101	1.0	confident	Phyllobacterium myrsinacearum	Bacteria
4cd43260-3208-4040-bd4c-b590af2332f8	28101	1.0	confident	Phyllobacterium myrsinacearum	Bacteria
78b6e5e1-0c03-4983-b599-6e043c64cf18	28101	1.0	confident	Phyllobacterium myrsinacearum	Bacteria
3bbfd998-4b8a-40f6-a243-e4980ec9fc5e	28101	1.0	confident	Phyllobacterium myrsinacearum	Bacteria
db60f000-bc65-40f7-b91e-039af97319cb	28101	1.0	confident	Phyllobacterium myrsinacearum	Bacteria
ee4182fe-f49c-4ffd-a422-9370964c4738	28101	1.0	confident	Phyllobacterium myrsinacearum	Bacteria
4a12a0c5-6b70-4d7c-8784-844f6272bdaf	28101	1.0	confident	Phyllobacterium myrsinacearum	Bacteria
26a5a43d-de94-417f-aeb2-7a629c388531	28101	1.0	confident	Phyllobacterium myrsinacearum	Bacteria
c201ecfd-0085-4923-9dbd-c12e39e25ea9	28101	1.0	confident	Phyllobacterium myrsinacearum	Bacteria
b3f04f60-52a0-4370-a9f6-7d179ec1bd13	28101	1.0	confident	Phyllobacterium myrsinacearum	Bacteria
fc1e0c0c-b19d-404c-b4d1-3699865460fe	28101	1.0	confident	Phyllobacterium myrsinacearum	Bacteria
dba05d86-53a2-4b9e-8c14-57741ba1bd62	28101	1.0	confident	Phyllobacterium myrsinacearum	Bacteria
40ca4123-c81e-4db2-ba4e-afa0e6cda042	29448	0.3336684002131142	low	Bradyrhizobium elkanii	Bacteria
66f0d17a-23db-4949-a7ec-d92ae073411c	29448	0.3336684002131143	low	Bradyrhizobium elkanii	Bacteria
37663de0-9909-419a-aa27-de410a3b885c	29448	0.3336684002131142	low	Bradyrhizobium elkanii	Bacteria
3c193086-7311-4aaa-952d-29fa26f48199	29448	0.3336684002131136	low	Bradyrhizobium elkanii	Bacteria
23decf42-75cf-4840-94ea-65aaeb492a34	29448	0.3336684002131136	low	Bradyrhizobium elkanii	Bacteria
3e1eeb2d-694c-4886-92ad-bf9a50a6f08c	29448	0.3336684002131143	low	Bradyrhizobium elkanii	Bacteria
db1a3de7-c529-4a1a-b682-0c25b45e41bb	29448	0.3336684002131136	low	Bradyrhizobium elkanii	Bacteria
992f3fb3-cd5c-4b1d-ae8b-b34ded130b12	29448	0.3336684002131143	low	Bradyrhizobium elkanii	Bacteria
f93a590c-b90a-4dab-83d5-b7923c2b8e17	29448	0.3336684002131151	low	Bradyrhizobium elkanii	Bacteria
2ed881c9-663b-4486-884d-94d4b845fa59	29448	0.3336684002131163	low	Bradyrhizobium elkanii	Bacteria
ab7019b9-afe9-4f52-abe9-1441c5096751	29448	0.333668400213115	low	Bradyrhizobium elkanii	Bacteria
42e9d2b5-3429-4b49-b802-002e86e70cd9	29448	0.3336684002131136	low	Bradyrhizobium elkanii	Bacteria
05ae9237-4e28-470e-8384-465db7e55231	29448	0.3336684002131143	low	Bradyrhizobium elkanii	Bacteria
a5907ddd-8ef4-4346-9e60-29cd4d1924cc	29448	0.3336684002131142	low	Bradyrhizobium elkanii	Bacteria
45ce8ca2-71c5-4be0-a77b-b92d1ac62640	29448	0.3336684002131142	low	Bradyrhizobium elkanii	Bacteria
6cccf084-deb5-4a89-80ac-f8d718b0b10c	29448	0.3336684002131151	low	Bradyrhizobium elkanii	Bacteria
fe8f5430-e55c-4b0b-9296-01c5220506b7	29448	0.3336684002131143	low	Bradyrhizobium elkanii	Bacteria
7d1cb672-9d52-447e-ac72-19dfafcb8b29	29448	0.3336684002131135	low	Bradyrhizobium elkanii	Bacteria
bbeed4a7-2c8e-462e-9d55-430401714b20	29448	0.3336684002131143	low	Bradyrhizobium elkanii	Bacteria
29e302b9-78d5-437a-826e-4ee46c5cdf12	29448	0.3336684002131143	low	Bradyrhizobium elkanii	Bacteria
0a2ab54a-d462-4369-912c-bbcb8402bd90	29448	0.3336684002131143	low	Bradyrhizobium elkanii	Bacteria
4b2b74ae-9008-47d0-b88f-82ef707267ce	29448	0.3336684002131136	low	Bradyrhizobium elkanii	Bacteria
b710a1cd-351d-47ab-a820-2b3ce6e757d9	29448	0.333668400213115	low	Bradyrhizobium elkanii	Bacteria
acbffa60-89f0-4924-981e-5041a5ec9289	29448	0.3336684002131136	low	Bradyrhizobium elkanii	Bacteria
93e79265-84ec-4ef3-8ddf-8180cb0c788b	29448	0.3336684002131143	low	Bradyrhizobium elkanii	Bacteria
23c89912-4e33-4aa8-a911-c58a805b1375	29448	0.3336684002131151	low	Bradyrhizobium elkanii	Bacteria
78b493bd-6d1d-48a5-be89-cadb533dc285	29448	0.3336684002131136	low	Bradyrhizobium elkanii	Bacteria
8cf6684c-b00e-4e0f-a33c-b1dbe2a93d57	29448	0.3336684002131135	low	Bradyrhizobium elkanii	Bacteria
02511327-0f56-43e5-9c63-4809268d7f75	29448	0.3336684002131142	low	Bradyrhizobium elkanii	Bacteria
e59c6dd3-e67c-4360-a521-799998a63a68	29448	0.3336684002131136	low	Bradyrhizobium elkanii	Bacteria
1af6c998-db6f-4e40-8d3a-46f2165586ff	29448	0.3336684002131143	low	Bradyrhizobium elkanii	Bacteria
bd5b9577-83e1-4e32-8f62-60e77ff77619	29448	0.3336684002131142	low	Bradyrhizobium elkanii	Bacteria
2e3c8bac-7e51-4f17-9aec-d915dad9e755	29448	0.3336684002131143	low	Bradyrhizobium elkanii	Bacteria
a173200e-37ca-4fbd-a5e5-e83b833c0992	29448	0.3336684002131106	low	Bradyrhizobium elkanii	Bacteria
f51373db-9eb8-446a-8ee3-97c40a8a7159	29448	0.3336684002131163	low	Bradyrhizobium elkanii	Bacteria
0d4127e7-b804-4e34-b5e9-eebbbde280f1	29448	0.3336684002131136	low	Bradyrhizobium elkanii	Bacteria
cff853da-faa5-467c-8ccb-3b1e00e17745	29448	0.3336684002131143	low	Bradyrhizobium elkanii	Bacteria
e5717c33-b405-423a-8528-9bc714cdce08	29448	0.3336684002131151	low	Bradyrhizobium elkanii	Bacteria
7e4773aa-7e94-4f53-ae02-add89b3abf1c	29448	0.3336684002131151	low	Bradyrhizobium elkanii	Bacteria
95d2e41b-baec-462b-8f6c-e0e102b43a30	29448	0.3336684002131151	low	Bradyrhizobium elkanii	Bacteria
cac426a0-17c4-405d-bfb5-304df427315f	29448	0.3336684002131142	low	Bradyrhizobium elkanii	Bacteria
8dc28767-5165-41a0-87ae-2bee5ba88278	29448	0.3336684002131143	low	Bradyrhizobium elkanii	Bacteria
833c8918-1f23-48e5-a9d1-5158d494ff08	29448	0.3336684002131143	low	Bradyrhizobium elkanii	Bacteria
c11c22ce-c0e0-4cf1-a008-40f5431a2623	29448	0.3336684002131143	low	Bradyrhizobium elkanii	Bacteria
542b1fd4-f291-403a-b630-1fc884a604a0	29448	0.3336684002131151	low	Bradyrhizobium elkanii	Bacteria
1b8ccf6e-128d-497b-82be-330b17b9b1e2	29448	0.3336684002131142	low	Bradyrhizobium elkanii	Bacteria
492a66dd-e4ee-4eb6-8622-435265a8b6fa	29448	0.3336684002131143	low	Bradyrhizobium elkanii	Bacteria
9cb65154-a9c1-4a10-aca1-0725995e8b8f	29448	0.3336684002131145	low	Bradyrhizobium elkanii	Bacteria
c2519eba-3744-408c-b113-8d4a9ed2232f	29448	0.3336684002131143	low	Bradyrhizobium elkanii	Bacteria
497090c2-6705-4d95-97c1-4ae35c840b0b	29448	0.3336684002131135	low	Bradyrhizobium elkanii	Bacteria
2af150cc-862d-44cc-95c4-0d55a9c91a8e	29448	0.3336684002131143	low	Bradyrhizobium elkanii	Bacteria
31ffcb4b-c78c-462f-91f7-ab86e78bbf5f	29448	0.3336684002131142	low	Bradyrhizobium elkanii	Bacteria
f95622cf-6ae9-470e-a348-b1942590e0c0	29448	0.3336684002131135	low	Bradyrhizobium elkanii	Bacteria
7ad53721-a2d5-40ce-b1e3-ac0e870e730d	29448	0.3336684002131151	low	Bradyrhizobium elkanii	Bacteria
935e2046-69e8-4542-bd68-d1577ba2ed26	29448	0.3336684002131143	low	Bradyrhizobium elkanii	Bacteria
59770c47-1632-44ee-aa83-87434c7d461d	29448	0.3336684002131169	low	Bradyrhizobium elkanii	Bacteria
17fa6e52-0c91-453b-8ca7-e1aef03578b5	29448	0.3336684002131143	low	Bradyrhizobium elkanii	Bacteria
6f174191-a8a6-4229-853f-5ffb5ce7cbab	29448	0.3336684002131142	low	Bradyrhizobium elkanii	Bacteria
3aad700b-e9b4-4b09-8029-5155109084d0	29448	0.3336684002131143	low	Bradyrhizobium elkanii	Bacteria
e10a8712-ddbe-4130-8eb5-a07166d44694	29448	0.3336684002131143	low	Bradyrhizobium elkanii	Bacteria
a5d8dbb9-e538-4632-8a1d-b40a03d1e236	29448	0.3336684002131142	low	Bradyrhizobium elkanii	Bacteria
0efa35ee-9ec7-4bfc-8b77-584fceb19e23	29448	0.3336684002131136	low	Bradyrhizobium elkanii	Bacteria
662c6e10-0f0b-4741-b43c-d6b106ad0105	29448	0.3336684002131143	low	Bradyrhizobium elkanii	Bacteria
850c0eb3-4d37-4f69-be3a-5d410ad29070	29448	0.3336684002131135	low	Bradyrhizobium elkanii	Bacteria
ed98dfde-4445-470c-b259-2fc3e19f6724	29448	0.3336684002131135	low	Bradyrhizobium elkanii	Bacteria
f223fc65-665f-4fb7-ae33-09f099213ffe	29448	0.3336684002131143	low	Bradyrhizobium elkanii	Bacteria
eb58cd37-4d04-46de-a8b8-6625b80b4bb4	29448	0.3336684002131151	low	Bradyrhizobium elkanii	Bacteria
0ce4b59b-1645-48b7-a548-35293e256049	29448	0.3336684002131143	low	Bradyrhizobium elkanii	Bacteria
98bd1f9e-0ba6-4e4d-8578-94fd6201270b	29448	0.3336684002131136	low	Bradyrhizobium elkanii	Bacteria
cbea2016-bd95-4a6a-90c2-7ac242b693bd	29448	0.3336684002131143	low	Bradyrhizobium elkanii	Bacteria
3a6fe628-ba2a-499d-8e53-89e9079d4839	29448	0.3336684002131142	low	Bradyrhizobium elkanii	Bacteria
073de140-09f1-404d-94d2-d1e8545a2614	29448	0.3336684002131142	low	Bradyrhizobium elkanii	Bacteria
435b0f5b-5e13-48eb-8be4-9df0dfa45d65	29448	0.3336684002131143	low	Bradyrhizobium elkanii	Bacteria
2687dc6a-a145-4060-ab17-71363df7fe91	29448	0.3336684002131143	low	Bradyrhizobium elkanii	Bacteria
d149aebd-699c-4211-ad0f-570eea0ce4bb	29448	0.3336684002131142	low	Bradyrhizobium elkanii	Bacteria
de66c16a-c79b-4ff8-97c8-7e59ebe4d712	29448	0.3336684002131141	low	Bradyrhizobium elkanii	Bacteria
46a67ece-89ff-4fbe-bbbc-db990600043c	29448	0.3336684002131143	low	Bradyrhizobium elkanii	Bacteria
d98c24da-fcaf-4b2f-8506-9eff344a3203	29448	0.3336684002131143	low	Bradyrhizobium elkanii	Bacteria
02cad4af-a8d8-4e91-b0c3-23e8518e8bd6	29448	0.3336684002131142	low	Bradyrhizobium elkanii	Bacteria
f6844f04-0c0c-4d03-91b3-b9427964f6fe	29448	0.3336684002131142	low	Bradyrhizobium elkanii	Bacteria
f5bf5a33-c964-4f8d-ab9d-7a8ed432e16a	29448	0.3336684002131106	low	Bradyrhizobium elkanii	Bacteria
f55a06b1-1462-4873-bb13-163ed70d924d	29448	0.3273609012622107	low	Bradyrhizobium elkanii	Bacteria
6376adff-b0f5-4c79-b3bc-ec8a04503fdd	29448	0.3336684002131142	low	Bradyrhizobium elkanii	Bacteria
efe0a9b6-1b3b-4462-8e41-ee5b5e9d6634	29448	0.3336684002131151	low	Bradyrhizobium elkanii	Bacteria
29f324b1-63d3-48b0-b04b-bffc472cfedc	29448	0.3336684002131143	low	Bradyrhizobium elkanii	Bacteria
d01a9dcb-d574-42b7-bd66-151c1d413cff	29448	0.3336684002131142	low	Bradyrhizobium elkanii	Bacteria
e8de7513-1ebc-44b5-b01c-fa96f9a0e0a3	29448	0.3336684002131141	low	Bradyrhizobium elkanii	Bacteria
190d3fa4-7ed3-4370-9851-099beaf35ec5	29448	0.3336684002131144	low	Bradyrhizobium elkanii	Bacteria
2d25cbe3-3ea9-4727-b14a-c3a51143c501	29448	0.3336684002131136	low	Bradyrhizobium elkanii	Bacteria
ee26ff97-43fc-4f57-b2dc-44824db2e6de	29448	0.3336684002131151	low	Bradyrhizobium elkanii	Bacteria
e5229b6d-419a-48f5-ae94-4be5f8654531	29448	0.3336684002131163	low	Bradyrhizobium elkanii	Bacteria
f0b2889f-0af1-4508-9d76-563a1381acf0	29448	0.3336684002131143	low	Bradyrhizobium elkanii	Bacteria
5f4b96da-387a-4a92-8cf2-00f26a10986a	29448	0.3336684002131163	low	Bradyrhizobium elkanii	Bacteria
2af78065-21b2-4987-999b-462b87302523	29448	0.3336684002131143	low	Bradyrhizobium elkanii	Bacteria
eeb1d398-ef6a-4b3f-9711-3775afed7c53	29448	0.3336684002131136	low	Bradyrhizobium elkanii	Bacteria
036b26c4-e9d1-412f-82eb-e6b859ece3cb	29448	0.3336684002131151	low	Bradyrhizobium elkanii	Bacteria
08321930-7bb3-4425-9f79-8061ec698996	29448	0.3336684002131151	low	Bradyrhizobium elkanii	Bacteria
9b605379-d1f1-462e-9761-7cca563772f9	29448	0.3336684002131136	low	Bradyrhizobium elkanii	Bacteria
b56d5037-b7c7-43bf-b2f1-49bd9d51837d	29448	0.3336684002131143	low	Bradyrhizobium elkanii	Bacteria
6263175d-33da-48aa-8dc6-4f4eea669c98	29448	0.3336684002131143	low	Bradyrhizobium elkanii	Bacteria
71132e94-4f02-423e-aa0f-f6c216bb35ed	29448	0.3336684002131143	low	Bradyrhizobium elkanii	Bacteria
5bd9d552-51f5-4c40-9f55-fd248b271363	29448	0.3336684002131142	low	Bradyrhizobium elkanii	Bacteria
fd51d53f-c06d-40bf-a69c-2f87db802a97	29448	0.3336684002131142	low	Bradyrhizobium elkanii	Bacteria
50fa663a-6519-460d-97de-f38cb1bfb29e	29448	0.3336684002131135	low	Bradyrhizobium elkanii	Bacteria
93aa0abb-9970-45f6-ac45-126dfddd54ef	29448	0.3336684002131136	low	Bradyrhizobium elkanii	Bacteria
17facabd-44c2-43c7-8881-40bddcee9f65	29448	0.3336684002131136	low	Bradyrhizobium elkanii	Bacteria
53ad3223-bcab-4a1f-8ec6-76b150976ce0	29448	0.3336684002131135	low	Bradyrhizobium elkanii	Bacteria
64c2ddf1-a244-48ee-843c-dfbca3becd19	29448	0.3336684002131151	low	Bradyrhizobium elkanii	Bacteria
a8467366-6744-43c4-80df-f1aaf6defc28	29448	0.3336684002131143	low	Bradyrhizobium elkanii	Bacteria
d65b1831-a965-4762-b755-50db30d969e0	29448	0.3336684002131136	low	Bradyrhizobium elkanii	Bacteria
67f3d0bb-0414-474e-a61b-9e43220a5567	29448	0.3336684002131151	low	Bradyrhizobium elkanii	Bacteria
3ce115f1-e562-4c96-b62d-acabc0f2adaf	29448	0.3336684002131136	low	Bradyrhizobium elkanii	Bacteria
d1fabdaf-bd12-4fb9-bc1b-8cc7285573c3	29448	0.3336684002131151	low	Bradyrhizobium elkanii	Bacteria
9debb8a2-8595-4325-8376-b485f404cd55	29448	0.3336684002131142	low	Bradyrhizobium elkanii	Bacteria
fd45a5ab-18cb-4152-b24c-de87cc7714e4	29448	0.3336684002131144	low	Bradyrhizobium elkanii	Bacteria
9b5f6e18-7282-44c4-9999-c61d99bfa9e5	29448	0.3336684002131142	low	Bradyrhizobium elkanii	Bacteria
f45acf8c-c0d6-404d-975e-1389a26c310c	29448	0.3336684002131143	low	Bradyrhizobium elkanii	Bacteria
35bd4662-40fa-4281-9dda-fb06fd92b11f	29448	0.3336684002131151	low	Bradyrhizobium elkanii	Bacteria
69db1125-29f9-4386-95b6-08eb6b6c67f6	29448	0.3336684002131145	low	Bradyrhizobium elkanii	Bacteria
baf6148c-03df-4635-91c4-32645ed058a2	29448	0.3336684002131142	low	Bradyrhizobium elkanii	Bacteria
d2e3204d-8fe5-474a-b356-d13ffc4c11ad	29448	0.3336684002131151	low	Bradyrhizobium elkanii	Bacteria
8ed459c6-c60d-4402-8dc1-587f65c59a9b	29448	0.5315922889757668	medium	Bradyrhizobium elkanii	Bacteria
5b00afbe-1f37-4165-871d-4987aa8630fa	29448	0.3336684002131143	low	Bradyrhizobium elkanii	Bacteria
4479a0d1-aca4-4954-9fbc-d0dfa5c1e563	29448	0.3336684002131143	low	Bradyrhizobium elkanii	Bacteria
5983342f-8fb5-4b6b-958a-c05e77310a2d	29448	0.3336684002131143	low	Bradyrhizobium elkanii	Bacteria
d5cd4e25-b70e-4339-a443-96d334bf5759	29448	0.3336684002131151	low	Bradyrhizobium elkanii	Bacteria
8ca9dce3-d862-4438-9f4c-996dd3f08bed	29448	0.3336684002131151	low	Bradyrhizobium elkanii	Bacteria
10fd69b2-e7fa-4d5b-a7ac-916af33fa260	29448	0.3336684002131143	low	Bradyrhizobium elkanii	Bacteria
5c093e00-7c0f-4390-a083-96e59e848b5a	29448	0.3336684002131142	low	Bradyrhizobium elkanii	Bacteria
df64e0e6-6ac3-486b-a7dd-ef4077e0c3ec	29448	0.333668400213114	low	Bradyrhizobium elkanii	Bacteria
a6e87e5d-e7fd-4d8f-a6f9-2d3c3c5ca31f	29448	0.3336684002131142	low	Bradyrhizobium elkanii	Bacteria
7f8a7607-687f-413f-a369-44c7b1a223e0	29448	0.3336684002131142	low	Bradyrhizobium elkanii	Bacteria
73d637d5-1fde-4a6a-bfe8-ad7ad597b007	29448	0.3336684002131136	low	Bradyrhizobium elkanii	Bacteria
84494dca-10c5-4b18-81c4-c2b8632ca7ff	29448	0.3336684002131143	low	Bradyrhizobium elkanii	Bacteria
05058b02-90d4-4b62-ab71-9c80ebd7513d	29448	0.3336684002131142	low	Bradyrhizobium elkanii	Bacteria
f00d10c0-d8a7-4ca9-8c20-9bf1b0b19a91	29448	0.3336684002131151	low	Bradyrhizobium elkanii	Bacteria
72155384-b84c-4150-8c6d-0c6955880b9b	29448	0.3336684002131145	low	Bradyrhizobium elkanii	Bacteria
c9608d40-875a-4634-b023-5b039ed63493	29448	0.3336684002131151	low	Bradyrhizobium elkanii	Bacteria
2fec3444-13b1-43cf-8172-da96163d476e	29448	0.3336684002131143	low	Bradyrhizobium elkanii	Bacteria
def301e9-81be-4b83-8c53-2c945457da4e	29448	0.3336684002131151	low	Bradyrhizobium elkanii	Bacteria
e15c1848-29e7-40d2-ae51-4fba739ab499	29448	0.3336684002131136	low	Bradyrhizobium elkanii	Bacteria
57b77094-4b5a-4512-b091-b4aa1350b058	29448	0.3336684002131145	low	Bradyrhizobium elkanii	Bacteria
44e8babf-5b65-49a2-a3f4-155503be0af7	29448	0.333668400213115	low	Bradyrhizobium elkanii	Bacteria
668d688b-7a62-4c5d-8292-572afe840075	29448	0.3336684002131136	low	Bradyrhizobium elkanii	Bacteria
1cf18021-c9ee-43e5-afb5-6f9d449fa180	29448	0.3336684002131135	low	Bradyrhizobium elkanii	Bacteria
f3737109-1dca-4721-953d-abce7371e1a9	29448	0.3336684002131151	low	Bradyrhizobium elkanii	Bacteria
6069042c-c4b6-4833-bb8e-b6757d65d86d	29448	0.3336684002131136	low	Bradyrhizobium elkanii	Bacteria
d3b32770-5be9-4f17-b332-f8f357bad25f	29448	0.3336684002131136	low	Bradyrhizobium elkanii	Bacteria
f46c3106-3e0d-46fa-a879-2e6e2fd1ebd7	29448	0.3336684002131144	low	Bradyrhizobium elkanii	Bacteria
ac36c996-61b0-4179-a34c-b19a69d78e03	29448	0.3336684002131142	low	Bradyrhizobium elkanii	Bacteria
c11781b7-3067-4002-83db-6d9d2a4c8e53	29448	0.3336684002131143	low	Bradyrhizobium elkanii	Bacteria
98534c35-db5e-45ef-9ad1-1172ca3638f5	29448	0.3336684002131143	low	Bradyrhizobium elkanii	Bacteria
d3f4981b-5a06-4987-9e6a-0826dae304d0	29448	0.3336684002131143	low	Bradyrhizobium elkanii	Bacteria
f509d479-6703-4029-8280-884cfb2805d9	29448	0.3336684002131136	low	Bradyrhizobium elkanii	Bacteria
79f2f637-a09a-4129-a4aa-dae30f8cac6e	29448	0.3336684002131141	low	Bradyrhizobium elkanii	Bacteria
dccee995-6c0c-4c1f-b99a-d8b89b43a494	29448	0.3336684002131143	low	Bradyrhizobium elkanii	Bacteria
72bc0df0-c521-4ab9-8b6b-3822de538476	29448	0.3336684002131143	low	Bradyrhizobium elkanii	Bacteria
a423e9e0-fcfe-4f5a-beb6-47689b1b26c4	29448	0.3336684002131135	low	Bradyrhizobium elkanii	Bacteria
21f617a2-1253-41e1-94f2-4db685141f67	29448	0.3336684002131142	low	Bradyrhizobium elkanii	Bacteria
03898441-7faa-447c-80bf-2998baf39677	29448	0.3336684002131136	low	Bradyrhizobium elkanii	Bacteria
7f678c86-58f7-40e2-9628-8dc0b980bdb7	29448	0.3336684002131136	low	Bradyrhizobium elkanii	Bacteria
664486da-30c6-461e-8c3b-a4d7d0e87820	29448	0.3336684002131142	low	Bradyrhizobium elkanii	Bacteria
e08cf9f4-4dce-4d44-9a18-d6f7f5a8d4bc	29448	0.3336684002131145	low	Bradyrhizobium elkanii	Bacteria
2e1a10df-5ea8-4c44-b5e8-1a466e868b95	29448	0.3336684002131143	low	Bradyrhizobium elkanii	Bacteria
865d638a-298e-425f-bb9f-5e4b593cd0b2	29448	0.3336684002131143	low	Bradyrhizobium elkanii	Bacteria
15ff32a0-1c82-480f-9301-0d5c0639d34f	29448	0.5315939308944301	medium	Bradyrhizobium elkanii	Bacteria
961ec412-9906-41ee-a383-9ca2247d7234	29448	0.3336684002131135	low	Bradyrhizobium elkanii	Bacteria
8c6951b5-7c03-43f2-829a-03b574c4db76	29448	0.3336684002131142	low	Bradyrhizobium elkanii	Bacteria
9f88ef4b-a406-464a-9f25-ebccbab7de59	29448	0.3336684002131137	low	Bradyrhizobium elkanii	Bacteria
332ee32d-5b89-48ac-8019-c677d0a344ef	29448	0.3336684002131142	low	Bradyrhizobium elkanii	Bacteria
7a6e9d0a-121c-420c-994e-5174b2af26b3	29448	0.3336684002131143	low	Bradyrhizobium elkanii	Bacteria
69f840bf-05f2-4ff8-8f2d-8ceec64113fc	29448	0.3336684002131143	low	Bradyrhizobium elkanii	Bacteria
4bd11fa1-7014-476b-ae25-4c87dfbc028f	29448	0.3336684002131163	low	Bradyrhizobium elkanii	Bacteria
a8099201-c99f-4fae-b519-1a96dd76d179	29448	0.3336684002131137	low	Bradyrhizobium elkanii	Bacteria
6b7088d4-8361-4574-8e54-a762cb1a24fd	29448	0.3336684002131143	low	Bradyrhizobium elkanii	Bacteria
f58e3ee0-d3f1-4184-8764-5d240a9dd1b2	29448	0.3336684002131142	low	Bradyrhizobium elkanii	Bacteria
9b126f1e-0c46-498f-b0a1-bce90972c802	2724150	0.9967398094315316	high	Romboutsia sp. CE17	Bacteria
7569e2a4-fa83-43a4-bd86-5546fbf0dd1e	3382641	1.0	confident	Pseudalkalibacillus sp. A8	Bacteria
15411dd3-6d10-4f57-a2b5-caf0685c7d66	3382641	1.0	confident	Pseudalkalibacillus sp. A8	Bacteria
aadb2222-9827-4ceb-b6d4-8ab90d95fa56	3382641	1.0	confident	Pseudalkalibacillus sp. A8	Bacteria
bcf23628-b481-4197-b9a4-f4f0490baddf	3382641	1.0	confident	Pseudalkalibacillus sp. A8	Bacteria
1e19d768-888d-4bfb-852e-8298aa698bb6	3382641	1.0	confident	Pseudalkalibacillus sp. A8	Bacteria
47fd6e52-2f7a-4275-a0f9-821643829a8d	3382641	1.0	confident	Pseudalkalibacillus sp. A8	Bacteria
45d1c1c7-c2a8-4349-9fe1-315dcfb7b91d	3382641	1.0	confident	Pseudalkalibacillus sp. A8	Bacteria
47092132-3e02-4367-b76f-760ed82a394f	3382641	1.0	confident	Pseudalkalibacillus sp. A8	Bacteria
18451b52-9482-40af-903f-f0972e37bf38	3382641	1.0	confident	Pseudalkalibacillus sp. A8	Bacteria
002708fe-d143-4801-8d6b-85d931cef407	3382641	1.0	confident	Pseudalkalibacillus sp. A8	Bacteria
a52816e3-eab8-4172-9c1b-35a89c1f6c51	3382641	1.0	confident	Pseudalkalibacillus sp. A8	Bacteria
08634ff9-e8b7-4083-8154-841eb4e84679	3382641	1.0	confident	Pseudalkalibacillus sp. A8	Bacteria
38de2017-0e93-4b95-b92d-d38eaddade96	3382641	1.0	confident	Pseudalkalibacillus sp. A8	Bacteria
5ee1ab65-3a8a-43a8-a13f-e38e72fc5062	3382641	1.0	confident	Pseudalkalibacillus sp. A8	Bacteria
3a16d1ff-1757-4e2e-a25e-a1c7fbdb9f32	3382641	1.0	confident	Pseudalkalibacillus sp. A8	Bacteria
3ecf19dc-6569-4b65-8841-e1fa4cfca3e8	3382641	1.0	confident	Pseudalkalibacillus sp. A8	Bacteria
80500417-5c36-48d7-b5f1-88ac1465abdd	3382641	1.0	confident	Pseudalkalibacillus sp. A8	Bacteria
8a28c639-fd23-4011-975f-f7f62d26131f	3382641	1.0	confident	Pseudalkalibacillus sp. A8	Bacteria
8be5aa1e-40c8-4a77-aa96-a7b04c78a4af	3382641	1.0	confident	Pseudalkalibacillus sp. A8	Bacteria
b90b1676-8aab-4ec2-8e1e-f76ceee9f879	3382641	1.0	confident	Pseudalkalibacillus sp. A8	Bacteria
2b3e5fdd-82fb-40a5-8616-d89c2b167bcb	3382641	1.0	confident	Pseudalkalibacillus sp. A8	Bacteria
f8e007dc-695b-4e6c-90be-fa7114891b03	3382641	1.0	confident	Pseudalkalibacillus sp. A8	Bacteria
58641444-6b60-4d48-85cf-e9df5c800771	3382641	1.0	confident	Pseudalkalibacillus sp. A8	Bacteria
bc028e47-3e8d-4dd8-b5be-c397fd14e8cd	3382641	1.0	confident	Pseudalkalibacillus sp. A8	Bacteria
dfc4743a-ecd6-4547-bca8-3447c46001f4	3382641	1.0	confident	Pseudalkalibacillus sp. A8	Bacteria
d1cb1724-5d5b-45ac-9fd0-9d98caaf3ee3	3382641	1.0	confident	Pseudalkalibacillus sp. A8	Bacteria
0c2b9051-216d-4e33-8698-cf610bcb7868	3382641	1.0	confident	Pseudalkalibacillus sp. A8	Bacteria
85c9aeb2-2e54-4243-97a0-ed4002b39404	3382641	1.0	confident	Pseudalkalibacillus sp. A8	Bacteria
b50de4f4-697c-4a85-a5d1-a4d0b7449bb1	3382641	1.0	confident	Pseudalkalibacillus sp. A8	Bacteria
91cbe378-6a5e-4664-87e7-09f204ea88a1	3382641	1.0	confident	Pseudalkalibacillus sp. A8	Bacteria
f3969f62-dac2-4e79-a9fa-56e6ed833319	3382641	1.0	confident	Pseudalkalibacillus sp. A8	Bacteria
bc24a9d6-fe73-440c-9419-a1efa67e9892	3382641	1.0	confident	Pseudalkalibacillus sp. A8	Bacteria
250d701e-8933-407c-8120-8ffd9b7a69d4	3382641	1.0	confident	Pseudalkalibacillus sp. A8	Bacteria
4f762173-e05a-4c95-a708-bdea97cb6e7f	3382641	1.0	confident	Pseudalkalibacillus sp. A8	Bacteria
249d8076-cf6d-42fb-87be-a2cd762f47b9	3382641	1.0	confident	Pseudalkalibacillus sp. A8	Bacteria
cc4dda21-e52f-48d8-a684-4e8d0498be7d	3382641	1.0	confident	Pseudalkalibacillus sp. A8	Bacteria
5bd4453f-e010-427b-ac71-aa7bab124782	3382641	1.0	confident	Pseudalkalibacillus sp. A8	Bacteria
d49f1cb7-8424-4921-85f9-05f037d54256	3382641	1.0	confident	Pseudalkalibacillus sp. A8	Bacteria
16f87ad2-c8bc-47f7-81c3-bfc4f169320c	3382641	1.0	confident	Pseudalkalibacillus sp. A8	Bacteria
db63cc06-c1d3-4ed9-8c3e-27e546912af5	3382641	1.0	confident	Pseudalkalibacillus sp. A8	Bacteria
b71dacdd-a422-4c0d-8156-980c36b7f355	3382641	1.0	confident	Pseudalkalibacillus sp. A8	Bacteria
e091b60e-5e64-4bc3-addc-5c18b1c8a23c	3382641	1.0	confident	Pseudalkalibacillus sp. A8	Bacteria
4b001902-5f01-49f0-b102-7b633c9cf087	3382641	1.0	confident	Pseudalkalibacillus sp. A8	Bacteria
59f9863c-9ccc-4566-884f-deea5de57bef	3382641	1.0	confident	Pseudalkalibacillus sp. A8	Bacteria
432719c1-3a9e-4765-869a-5725c62f8f13	3382641	1.0	confident	Pseudalkalibacillus sp. A8	Bacteria
93fe89f0-9d91-4f0c-8277-7613ba7cd488	3382641	1.0	confident	Pseudalkalibacillus sp. A8	Bacteria
74809ff6-3d28-476f-98e9-d291c1a11cfd	3382641	1.0	confident	Pseudalkalibacillus sp. A8	Bacteria
674d8cab-969c-448b-a21a-831f0e8dc70f	3382641	1.0	confident	Pseudalkalibacillus sp. A8	Bacteria
5811ee75-92f3-4053-a907-f6848d02ae3a	3382641	1.0	confident	Pseudalkalibacillus sp. A8	Bacteria
12f406c3-35d1-4b74-af31-8eb25dab416d	3382641	1.0	confident	Pseudalkalibacillus sp. A8	Bacteria
c4c098b6-e63d-4aa1-bd8c-90f74675fd55	3382641	1.0	confident	Pseudalkalibacillus sp. A8	Bacteria
68111c29-e46f-4015-bf6f-0b8d8cb76bf7	3382641	1.0	confident	Pseudalkalibacillus sp. A8	Bacteria
e5079b90-c2fa-4c60-92bd-8abc31b03069	3382641	1.0	confident	Pseudalkalibacillus sp. A8	Bacteria
1d8c5bd5-96a3-437b-93a6-8d1b9fa3ef4f	3382641	1.0	confident	Pseudalkalibacillus sp. A8	Bacteria
0df89e5a-6a99-460e-82fb-0b62e94ca13a	3382641	1.0	confident	Pseudalkalibacillus sp. A8	Bacteria
eae4ea22-41f9-47d7-8397-8539b96d32c2	3382641	1.0	confident	Pseudalkalibacillus sp. A8	Bacteria
67acf310-1117-47ea-9486-dcfc6251dc57	3382641	1.0	confident	Pseudalkalibacillus sp. A8	Bacteria
1ec61b01-fb8e-4fe9-86b2-da2635448fa8	3382641	1.0	confident	Pseudalkalibacillus sp. A8	Bacteria
8566f3fe-56ff-4549-a5e8-19c33b861f6d	3382641	1.0	confident	Pseudalkalibacillus sp. A8	Bacteria
1357f222-748e-4d9d-809e-da3f71fbc637	3382641	1.0	confident	Pseudalkalibacillus sp. A8	Bacteria
dd3d2742-78a1-4ab3-8915-7eb262af0016	3382641	1.0	confident	Pseudalkalibacillus sp. A8	Bacteria
e2edbb4b-a4ae-489e-bfd2-6be220be0a26	3382641	1.0	confident	Pseudalkalibacillus sp. A8	Bacteria
0d06d198-9d07-41b4-8783-9b754ddd5453	3382641	1.0	confident	Pseudalkalibacillus sp. A8	Bacteria
fa78772a-82f5-4a14-b907-09c53344cd15	3382641	1.0	confident	Pseudalkalibacillus sp. A8	Bacteria
b12b0524-85ec-4623-9fca-485812fba76d	3382641	1.0	confident	Pseudalkalibacillus sp. A8	Bacteria
df72946c-eaf8-464b-a2c7-0b00d8a256f9	3382641	1.0	confident	Pseudalkalibacillus sp. A8	Bacteria
e39761f7-2213-4b48-b195-d9b1e6002804	3382641	1.0	confident	Pseudalkalibacillus sp. A8	Bacteria
36cf4308-964f-4cb6-a9e2-1e73eca49727	3382641	1.0	confident	Pseudalkalibacillus sp. A8	Bacteria
48093d43-b612-44e9-8647-67e9cd95fb16	3382641	1.0	confident	Pseudalkalibacillus sp. A8	Bacteria
22d67788-0edf-402f-bc10-646d134cfcbb	3382641	1.0	confident	Pseudalkalibacillus sp. A8	Bacteria
32ac113d-5ecc-49b8-ab6e-9e3fbee3baa6	3382641	1.0	confident	Pseudalkalibacillus sp. A8	Bacteria
b7083cb5-a2a9-4ac0-9276-5e1888a0d996	3382641	1.0	confident	Pseudalkalibacillus sp. A8	Bacteria
58eac3d4-9f35-4467-9172-5380226bcc5a	3382641	1.0	confident	Pseudalkalibacillus sp. A8	Bacteria
d313f510-8095-4477-ac78-0fd905fc76c8	3382641	1.0	confident	Pseudalkalibacillus sp. A8	Bacteria
7b5466e7-6a75-4ba1-bf50-797de644fecf	3382641	1.0	confident	Pseudalkalibacillus sp. A8	Bacteria
9fb254ca-7c52-4ed3-afad-e2212a5c4922	3382641	1.0	confident	Pseudalkalibacillus sp. A8	Bacteria
d4db3f49-6e0a-4b9d-bf7b-90de6d23e1cb	3382641	1.0	confident	Pseudalkalibacillus sp. A8	Bacteria
8cd319d8-6875-45ba-aa69-6d79044c6d79	3382641	1.0	confident	Pseudalkalibacillus sp. A8	Bacteria
3aca1c9a-2edd-49cb-b2d8-2513c4ff5308	3382641	1.0	confident	Pseudalkalibacillus sp. A8	Bacteria
1a0d5227-7fda-4930-b80f-e3b29d4a4587	3382641	1.0	confident	Pseudalkalibacillus sp. A8	Bacteria
4b832dc3-c026-48cc-a82e-e58774498f25	3382641	1.0	confident	Pseudalkalibacillus sp. A8	Bacteria
d388f72a-12f5-43ac-9cf7-0de090d305da	3382641	1.0	confident	Pseudalkalibacillus sp. A8	Bacteria
f3cca0eb-f298-46d9-93a4-b049de08fc6d	3382641	1.0	confident	Pseudalkalibacillus sp. A8	Bacteria
d5ac1507-a5da-439a-b9a2-66d54cbd45bf	3382641	1.0	confident	Pseudalkalibacillus sp. A8	Bacteria
c36b7b25-4b96-475c-8118-c44a4b189518	3382641	1.0	confident	Pseudalkalibacillus sp. A8	Bacteria
44eda4a8-d8c2-433e-b8e0-4e30b076949b	3382641	1.0	confident	Pseudalkalibacillus sp. A8	Bacteria
7c35e01a-7ba6-4033-8de4-cfed4eb7740d	3382641	1.0	confident	Pseudalkalibacillus sp. A8	Bacteria
66e9bbe4-6287-40ef-bef7-c9be7d5ada4b	3382641	1.0	confident	Pseudalkalibacillus sp. A8	Bacteria
38a6485f-8559-4c47-8308-b8db06be26dd	3382641	1.0	confident	Pseudalkalibacillus sp. A8	Bacteria
0da70436-dccf-440f-8cf0-01f7fcfae7c8	3382641	1.0	confident	Pseudalkalibacillus sp. A8	Bacteria
36c869f0-0f0d-487e-972d-b3076101e9ac	3382641	1.0	confident	Pseudalkalibacillus sp. A8	Bacteria
41c1f937-e22c-41c8-b489-04544fed0ebd	3382641	1.0	confident	Pseudalkalibacillus sp. A8	Bacteria
767bae92-aeb7-4672-a9c8-ac245d1352f3	3382641	1.0	confident	Pseudalkalibacillus sp. A8	Bacteria
cf5bda31-9c15-4bf6-abc1-b1099dbeb9fb	3382641	1.0	confident	Pseudalkalibacillus sp. A8	Bacteria
a21b102b-3520-4ddb-96f2-78a84bdb8e5f	3382641	1.0	confident	Pseudalkalibacillus sp. A8	Bacteria
c0b6ccd1-828f-4850-aa20-22bb65564275	3382641	1.0	confident	Pseudalkalibacillus sp. A8	Bacteria
9f692e2c-253d-4020-86e2-2362b3a45ace	3382641	1.0	confident	Pseudalkalibacillus sp. A8	Bacteria
c1bdf9f3-f9aa-4e6a-a3aa-ef18a7e2ddba	3382641	1.0	confident	Pseudalkalibacillus sp. A8	Bacteria
39376df7-ee7f-4fa4-b55b-bedcf24842f1	3382641	1.0	confident	Pseudalkalibacillus sp. A8	Bacteria
bb10607f-9018-4b32-a202-df4584c19fe5	3382641	1.0	confident	Pseudalkalibacillus sp. A8	Bacteria
c6308a1f-3377-4392-99fa-6627447b4a61	3382641	1.0	confident	Pseudalkalibacillus sp. A8	Bacteria
26939cc8-5484-4494-a7ce-0e6e608e2761	3382641	1.0	confident	Pseudalkalibacillus sp. A8	Bacteria
41b0032a-524a-49d3-adab-c0548cb4f631	3382641	1.0	confident	Pseudalkalibacillus sp. A8	Bacteria
a0d6d289-867c-49e0-8c3d-ab73fb545d10	3382641	1.0	confident	Pseudalkalibacillus sp. A8	Bacteria
d934a43c-60b6-476f-986c-ab8390055f6b	3382641	1.0	confident	Pseudalkalibacillus sp. A8	Bacteria
a067a22f-8e5e-4040-8c47-2917a839d6bf	3382641	1.0	confident	Pseudalkalibacillus sp. A8	Bacteria
8aea590d-b455-4eea-a56e-8c9560a1d510	3382641	1.0	confident	Pseudalkalibacillus sp. A8	Bacteria
4e60f6ac-163f-4879-9013-12ff7762a907	3382641	1.0	confident	Pseudalkalibacillus sp. A8	Bacteria
d28bf067-59a4-4724-8cd4-74333997d748	3382641	1.0	confident	Pseudalkalibacillus sp. A8	Bacteria
9ffc69ec-80d6-480f-bc12-4cd2dfba9f35	3382641	1.0	confident	Pseudalkalibacillus sp. A8	Bacteria
c9537236-e80b-479a-9ac0-a19873424cb2	3382641	1.0	confident	Pseudalkalibacillus sp. A8	Bacteria
f2187776-038d-445c-a2ca-93c8f35ca5d2	3382641	1.0	confident	Pseudalkalibacillus sp. A8	Bacteria
63926fc7-813e-4837-8ad3-614f3cf11e7a	3382641	1.0	confident	Pseudalkalibacillus sp. A8	Bacteria
1a5a2749-6de5-4fb0-8d71-8553e49004d7	3382641	1.0	confident	Pseudalkalibacillus sp. A8	Bacteria
03c42564-8e9e-4f29-9d2b-4e7cd0b47944	3382641	1.0	confident	Pseudalkalibacillus sp. A8	Bacteria
21853e16-8973-45c9-9964-0ae099ded50b	3382641	1.0	confident	Pseudalkalibacillus sp. A8	Bacteria
4866d7b7-e5df-4141-abec-00b8a23e42bc	3382641	1.0	confident	Pseudalkalibacillus sp. A8	Bacteria
f515bd27-79a8-4c02-827f-bd835e40d97a	3382641	1.0	confident	Pseudalkalibacillus sp. A8	Bacteria
e41dfe3e-a679-49de-98d4-a0cfc308723e	3382641	1.0	confident	Pseudalkalibacillus sp. A8	Bacteria
109cdf7a-a18e-4ede-aa1f-00028bacc74e	3382641	1.0	confident	Pseudalkalibacillus sp. A8	Bacteria
19f5fff8-4b16-47e7-bb62-77a2cfd1cf10	3382641	1.0	confident	Pseudalkalibacillus sp. A8	Bacteria
826b7abf-dcab-4400-b56f-48effd7e113c	3382641	1.0	confident	Pseudalkalibacillus sp. A8	Bacteria
b38d1986-6903-4a95-9794-7b9378692298	3382641	1.0	confident	Pseudalkalibacillus sp. A8	Bacteria
70a0eb0b-26c8-48f0-86cb-068dc7276feb	3382641	1.0	confident	Pseudalkalibacillus sp. A8	Bacteria
7d014152-a6a9-4727-989c-7c6d8eeb6935	3382641	1.0	confident	Pseudalkalibacillus sp. A8	Bacteria
b7aec28d-ba6b-4b9a-823e-58ab4169d43f	3382641	1.0	confident	Pseudalkalibacillus sp. A8	Bacteria
75b46629-97f9-4e41-9e2d-003fb9ef0cbf	3382641	1.0	confident	Pseudalkalibacillus sp. A8	Bacteria
5b146700-4297-45cc-94e5-8e94737e78a2	3382641	1.0	confident	Pseudalkalibacillus sp. A8	Bacteria
be894055-215e-4c69-863d-5e7a11fd77a1	3382641	1.0	confident	Pseudalkalibacillus sp. A8	Bacteria
71065f9a-c188-46af-969b-79724d3d4f72	3382641	1.0	confident	Pseudalkalibacillus sp. A8	Bacteria
b4bfd08a-b48a-4e5e-b3e9-da5b8f40a747	3382641	1.0	confident	Pseudalkalibacillus sp. A8	Bacteria
d7abaa07-59cd-41fc-a9af-ecac3c38b24f	3382641	1.0	confident	Pseudalkalibacillus sp. A8	Bacteria
e6306590-d43c-49c5-950c-9ffcddaa241b	3382641	1.0	confident	Pseudalkalibacillus sp. A8	Bacteria
f2797b6d-48d7-4a2a-be1e-d39d98527242	3382641	1.0	confident	Pseudalkalibacillus sp. A8	Bacteria
ec3f0cf1-61bc-49eb-8984-651a2f248edb	3382641	1.0	confident	Pseudalkalibacillus sp. A8	Bacteria
6f969446-25d7-4d28-92ed-d651460b724d	3382641	1.0	confident	Pseudalkalibacillus sp. A8	Bacteria
b208dbe9-297f-45b0-8142-376bf60daf5a	3382641	1.0	confident	Pseudalkalibacillus sp. A8	Bacteria
915dd70f-9aa4-4a34-98a2-e763c251a249	3382641	1.0	confident	Pseudalkalibacillus sp. A8	Bacteria
edafc10f-0db7-4235-87d4-b2073cfa3e68	3382641	1.0	confident	Pseudalkalibacillus sp. A8	Bacteria
df86b54b-087d-4481-b72f-f4ee9cfef816	3382641	1.0	confident	Pseudalkalibacillus sp. A8	Bacteria
7264c9b5-0419-424f-b5c2-ef4529dfdfcc	3382641	1.0	confident	Pseudalkalibacillus sp. A8	Bacteria
e6af7b09-d0c6-4369-a613-e296d6104b91	3382641	1.0	confident	Pseudalkalibacillus sp. A8	Bacteria
22a4b2af-f943-4e08-bb86-486fc2f5df85	3382641	1.0	confident	Pseudalkalibacillus sp. A8	Bacteria
25ed8b82-7157-4a70-bb5b-c79f90647830	3382641	1.0	confident	Pseudalkalibacillus sp. A8	Bacteria
6825b7c3-9b46-4818-bf27-11e293847d21	3382641	1.0	confident	Pseudalkalibacillus sp. A8	Bacteria
84ee1399-b5d4-4148-a835-c0fb882d1e9d	3382641	1.0	confident	Pseudalkalibacillus sp. A8	Bacteria
b8a2efc6-68cc-463b-8351-68328fbee1b9	3382641	1.0	confident	Pseudalkalibacillus sp. A8	Bacteria
1fd78812-98ec-4fdc-a2c3-baec3adab91c	3382641	1.0	confident	Pseudalkalibacillus sp. A8	Bacteria
ef7e656e-f206-4bb4-8af9-d40354456992	3382641	1.0	confident	Pseudalkalibacillus sp. A8	Bacteria
8ba70803-222a-4ee1-9d77-0a05a52f5191	3382641	1.0	confident	Pseudalkalibacillus sp. A8	Bacteria
a140aa1c-3ea3-40b5-88c5-c562c4431539	3382641	1.0	confident	Pseudalkalibacillus sp. A8	Bacteria
f98dec48-045d-4ea1-8487-8f9510b730e2	3382641	1.0	confident	Pseudalkalibacillus sp. A8	Bacteria
134303b8-549c-47a0-a866-6a2cfb273068	3382641	1.0	confident	Pseudalkalibacillus sp. A8	Bacteria
666ec1fb-eef0-45a1-af10-666769ced7f5	3382641	1.0	confident	Pseudalkalibacillus sp. A8	Bacteria
7f398a0d-007a-4b18-ac8a-542699c842fa	3382641	1.0	confident	Pseudalkalibacillus sp. A8	Bacteria
5b91b710-6306-461c-8132-6fea14853098	3382641	1.0	confident	Pseudalkalibacillus sp. A8	Bacteria
06da545e-deff-47df-94af-08e65888e4a8	3382641	1.0	confident	Pseudalkalibacillus sp. A8	Bacteria
56fd107e-1b56-4f96-8c6d-8803c72f8c56	3382641	1.0	confident	Pseudalkalibacillus sp. A8	Bacteria
7785493a-f72e-4031-be31-c153a4eda2d7	3382641	1.0	confident	Pseudalkalibacillus sp. A8	Bacteria
ac113465-79d4-4a18-87f5-cbb60c33baa5	3382641	1.0	confident	Pseudalkalibacillus sp. A8	Bacteria
06061a51-fe6d-431b-a2b3-a6f4813850ba	3382641	1.0	confident	Pseudalkalibacillus sp. A8	Bacteria
9c2b5710-0752-4598-aa91-781b822ba721	3382641	1.0	confident	Pseudalkalibacillus sp. A8	Bacteria
a0fafdb5-19df-4df1-b4d6-9807841c903e	3382641	1.0	confident	Pseudalkalibacillus sp. A8	Bacteria
e1611de3-22c5-45db-9112-7b0b2ef7b745	3382641	1.0	confident	Pseudalkalibacillus sp. A8	Bacteria
7e31dd5b-5084-4d1e-ace6-62e5600e15b7	3382641	1.0	confident	Pseudalkalibacillus sp. A8	Bacteria
a26fb382-a8c7-47e4-9575-6efe743d9ef1	3382641	1.0	confident	Pseudalkalibacillus sp. A8	Bacteria
e2ae2248-b244-4527-bc0a-f7533b7738e5	3382641	1.0	confident	Pseudalkalibacillus sp. A8	Bacteria
4f0d0265-063d-48c4-b7b3-3f7fe59e24aa	3382641	1.0	confident	Pseudalkalibacillus sp. A8	Bacteria
a25ba7aa-5dfe-4d10-a38c-5fc015134215	3382641	1.0	confident	Pseudalkalibacillus sp. A8	Bacteria
55b9a018-f9a0-4470-8af8-152df8d11be5	3382641	1.0	confident	Pseudalkalibacillus sp. A8	Bacteria
cbd9fd7c-e8cf-4c45-a722-7a2e10e7b4f1	3382641	1.0	confident	Pseudalkalibacillus sp. A8	Bacteria
ecfdb347-ea85-4495-8b40-4120c6508c9f	3382641	1.0	confident	Pseudalkalibacillus sp. A8	Bacteria
d6689fbb-d83d-4e1d-b255-ce52296e134c	3382641	1.0	confident	Pseudalkalibacillus sp. A8	Bacteria
cf597c3c-b96b-4332-90e4-059cd92be520	3382641	1.0	confident	Pseudalkalibacillus sp. A8	Bacteria
4b45f97c-83d7-48ac-9fa4-aa58dfc112e8	3382641	1.0	confident	Pseudalkalibacillus sp. A8	Bacteria
7cbc4a04-710d-4306-afb8-bd8fdf6c729a	3382641	1.0	confident	Pseudalkalibacillus sp. A8	Bacteria
8af69f2e-513d-40e4-a699-55b84a2d0153	3382641	1.0	confident	Pseudalkalibacillus sp. A8	Bacteria
589cbedb-3086-4753-a2e0-8ab60b26348c	3382641	1.0	confident	Pseudalkalibacillus sp. A8	Bacteria
3b02f0d4-53f0-4030-b632-899986a686ef	3382641	1.0	confident	Pseudalkalibacillus sp. A8	Bacteria
e696f644-2aec-4e14-a0c0-15ce2ce446a6	3382641	1.0	confident	Pseudalkalibacillus sp. A8	Bacteria
4b34f655-914a-4325-ae64-232e1f25e552	3382641	1.0	confident	Pseudalkalibacillus sp. A8	Bacteria
bd74549a-d7ab-4330-b330-79fa8fd23d62	3382641	1.0	confident	Pseudalkalibacillus sp. A8	Bacteria
d2c16c5e-b769-48b9-9ada-f56d867d3786	3382641	1.0	confident	Pseudalkalibacillus sp. A8	Bacteria
0196ce51-d734-4407-865d-3a5b79070bce	3382641	1.0	confident	Pseudalkalibacillus sp. A8	Bacteria
858deadb-2045-4602-870e-aa64d06ecc52	3382641	1.0	confident	Pseudalkalibacillus sp. A8	Bacteria
8510f477-71c0-4a6a-9d20-44a5d504c759	3382641	1.0	confident	Pseudalkalibacillus sp. A8	Bacteria
ef65e627-eece-46af-ac98-65eaa3bfda7e	3382641	1.0	confident	Pseudalkalibacillus sp. A8	Bacteria
a35eab92-2ca6-490f-a599-1519786546f9	3382641	1.0	confident	Pseudalkalibacillus sp. A8	Bacteria
3a03d10b-8584-45da-a19f-aba93ec177a4	3382641	1.0	confident	Pseudalkalibacillus sp. A8	Bacteria
4d2562fd-b101-4307-a1ff-b1612a8c0f2f	3382641	1.0	confident	Pseudalkalibacillus sp. A8	Bacteria
31505edd-3c71-4dd3-9b64-0a42dc93153f	3382641	1.0	confident	Pseudalkalibacillus sp. A8	Bacteria
ddd8d4db-6474-41e0-90c0-8c920e5dda6b	3382641	1.0	confident	Pseudalkalibacillus sp. A8	Bacteria
ecdb168e-638a-450e-b73b-09848fd01b3f	3382641	1.0	confident	Pseudalkalibacillus sp. A8	Bacteria
b1aebc06-af6a-4245-b717-18308ce8649f	3382641	1.0	confident	Pseudalkalibacillus sp. A8	Bacteria
c1122577-3d03-419a-b3dc-2bb8cd5a3390	3382641	1.0	confident	Pseudalkalibacillus sp. A8	Bacteria
afe0f823-99da-44fd-8ed4-715129034129	3382641	1.0	confident	Pseudalkalibacillus sp. A8	Bacteria
0afb878f-50aa-41ef-b1dd-06374e54ead5	3382641	1.0	confident	Pseudalkalibacillus sp. A8	Bacteria
60f67ced-5c0d-4af9-85ca-61e4307ca057	3382641	1.0	confident	Pseudalkalibacillus sp. A8	Bacteria
87469118-482f-4139-9f9b-2212880cde02	3382641	1.0	confident	Pseudalkalibacillus sp. A8	Bacteria
70dc1071-0691-4299-b14f-6cd155d9f41f	3382641	1.0	confident	Pseudalkalibacillus sp. A8	Bacteria
122e0737-4e5d-4040-b208-55529fdad2ba	3382641	1.0	confident	Pseudalkalibacillus sp. A8	Bacteria
809f19c5-3448-4d24-b094-5be980df673c	3382641	1.0	confident	Pseudalkalibacillus sp. A8	Bacteria
c24ba8d3-94a8-4339-a627-d41f2ce6f78f	3382641	1.0	confident	Pseudalkalibacillus sp. A8	Bacteria
e328b56a-0ab4-47e6-bb0d-47d661eacf6a	3382641	1.0	confident	Pseudalkalibacillus sp. A8	Bacteria
fe0ea6bc-3f23-4b8e-b30d-920a17f5d8a4	3382641	1.0	confident	Pseudalkalibacillus sp. A8	Bacteria
1b6465fd-978b-494c-8ca5-c3d95cff862e	3382641	1.0	confident	Pseudalkalibacillus sp. A8	Bacteria
a7829666-a4a2-4364-ad5f-1e2fcc22a84c	3382641	1.0	confident	Pseudalkalibacillus sp. A8	Bacteria
af3acc0b-c0fd-49fc-8937-682fe4233af3	3382641	1.0	confident	Pseudalkalibacillus sp. A8	Bacteria
108770b6-1542-4814-aaf5-e111548d11d9	3382641	1.0	confident	Pseudalkalibacillus sp. A8	Bacteria
9d39e582-d2a8-4655-a59e-6970ec4c34bb	3382641	1.0	confident	Pseudalkalibacillus sp. A8	Bacteria
aa68f988-8a67-43ec-a7d7-f5f2ada9d376	3382641	1.0	confident	Pseudalkalibacillus sp. A8	Bacteria
d0ac2861-ce0f-4d01-8bed-a43351b3664c	3382641	1.0	confident	Pseudalkalibacillus sp. A8	Bacteria
9789d1c1-ac37-41c0-b786-c74afb6c1cf5	3382641	1.0	confident	Pseudalkalibacillus sp. A8	Bacteria
dc35dd01-dba6-4ac9-b8d5-c646d96f6cb6	3382641	1.0	confident	Pseudalkalibacillus sp. A8	Bacteria
619d34d3-ee7a-4fb7-9553-85c433ed2c17	3382641	1.0	confident	Pseudalkalibacillus sp. A8	Bacteria
32b6b90c-c61a-4ce4-83ed-8658b932527d	3382641	1.0	confident	Pseudalkalibacillus sp. A8	Bacteria
7578a130-4bdf-447b-b466-74d14d05d476	3382641	1.0	confident	Pseudalkalibacillus sp. A8	Bacteria
6ecf4cdb-1026-472d-b0b0-12994296c17b	3382641	1.0	confident	Pseudalkalibacillus sp. A8	Bacteria
1a816419-e000-48dd-93d0-5fe9840cc4b0	3382641	1.0	confident	Pseudalkalibacillus sp. A8	Bacteria
924a59ed-b403-49bd-a9b1-a917d95bd76a	3382641	1.0	confident	Pseudalkalibacillus sp. A8	Bacteria
bf615fa4-45f4-4f50-9807-77074ac0da7b	3382641	1.0	confident	Pseudalkalibacillus sp. A8	Bacteria
41f42b82-4ac6-43c2-b6d3-dc0bebb12ad6	3382641	1.0	confident	Pseudalkalibacillus sp. A8	Bacteria
33b5e0be-b42f-4823-a243-06b4b15c0b28	3382641	1.0	confident	Pseudalkalibacillus sp. A8	Bacteria
ef1ad932-4490-4949-930f-124bc3b897e8	3382641	1.0	confident	Pseudalkalibacillus sp. A8	Bacteria
ee2a72cd-31c4-47e1-afd4-6e87292ff052	3382641	1.0	confident	Pseudalkalibacillus sp. A8	Bacteria
a23136a5-2fed-4f4b-bf59-681ee5443ed5	3382641	1.0	confident	Pseudalkalibacillus sp. A8	Bacteria
15ef8f5f-6be2-48d2-b6c5-3011b77e8800	3382641	1.0	confident	Pseudalkalibacillus sp. A8	Bacteria
a9130b52-1dae-452e-881f-9f24ddfe4256	3382641	1.0	confident	Pseudalkalibacillus sp. A8	Bacteria
5ff05376-b396-4c7e-8534-b281bd4f82c3	3382641	1.0	confident	Pseudalkalibacillus sp. A8	Bacteria
e4c41523-ea30-4c68-b539-e728b6a5e029	3382641	1.0	confident	Pseudalkalibacillus sp. A8	Bacteria
e7a9dd9e-57e1-41f2-ad88-ae2f15eabe59	3382641	1.0	confident	Pseudalkalibacillus sp. A8	Bacteria
8ed1dff6-e316-4c3b-9078-f694d7e648e3	3382641	1.0	confident	Pseudalkalibacillus sp. A8	Bacteria
9ad39c5e-f79d-44e7-b997-8f940b1a7989	3382641	1.0	confident	Pseudalkalibacillus sp. A8	Bacteria
c5aeea7f-1057-472e-801f-11d0d862d6a5	3382641	1.0	confident	Pseudalkalibacillus sp. A8	Bacteria
2c2ff27b-fe3c-4858-a142-1e68f3bf8ec0	3382641	1.0	confident	Pseudalkalibacillus sp. A8	Bacteria
f43c5456-f1ad-4d5a-8661-b40c70588b54	3382641	1.0	confident	Pseudalkalibacillus sp. A8	Bacteria
97b29c01-e636-4107-830a-9b25e39b003d	3382641	1.0	confident	Pseudalkalibacillus sp. A8	Bacteria
ea8eb137-4ceb-4edd-8124-4a36ae6fc4bd	3382641	1.0	confident	Pseudalkalibacillus sp. A8	Bacteria
f16396a9-59cb-4bd1-b23e-60cccd18fe1e	3382641	1.0	confident	Pseudalkalibacillus sp. A8	Bacteria
0f0eabc0-1638-4d13-980b-dbf51f9f4d61	3382641	1.0	confident	Pseudalkalibacillus sp. A8	Bacteria
84a2f8ff-d7ae-496c-ab10-737eb2c40975	3382641	1.0	confident	Pseudalkalibacillus sp. A8	Bacteria
4965f9fe-b3f3-4dc4-8c01-1749680109e9	3382641	1.0	confident	Pseudalkalibacillus sp. A8	Bacteria
1a7eb875-b176-451f-90e7-c32af4f4b300	3382641	1.0	confident	Pseudalkalibacillus sp. A8	Bacteria
caaf4edc-cb1b-4a83-a9b8-b17d1607708f	3382641	1.0	confident	Pseudalkalibacillus sp. A8	Bacteria
925c9561-096f-4641-8319-be4291eeb319	3382641	1.0	confident	Pseudalkalibacillus sp. A8	Bacteria
2161cd93-34aa-4c3d-8bb4-78b7dee6a656	3382641	1.0	confident	Pseudalkalibacillus sp. A8	Bacteria
addf2fb1-5662-4816-aaff-dcf014eb5720	3382641	1.0	confident	Pseudalkalibacillus sp. A8	Bacteria
6f98c774-8b09-46db-9f12-954654e47396	3382641	1.0	confident	Pseudalkalibacillus sp. A8	Bacteria
4a3d924c-990a-4877-aab4-7259a9bcd896	3382641	1.0	confident	Pseudalkalibacillus sp. A8	Bacteria
21c2a437-25fa-4b93-a09c-161ed280e389	3382641	1.0	confident	Pseudalkalibacillus sp. A8	Bacteria
b3a0ae64-0230-4c4a-a5a7-58f77769a5db	3382641	1.0	confident	Pseudalkalibacillus sp. A8	Bacteria
5c22a6be-cc77-4af5-bc2e-5ca18bdef1b6	3382641	1.0	confident	Pseudalkalibacillus sp. A8	Bacteria
adaeea0b-1493-44f9-a91e-e14785266270	3382641	1.0	confident	Pseudalkalibacillus sp. A8	Bacteria
b9c04fd4-7d15-4007-9131-a2258956d988	3382641	1.0	confident	Pseudalkalibacillus sp. A8	Bacteria
9894f2e8-d07e-4c48-b402-2737e1f5e053	3382641	1.0	confident	Pseudalkalibacillus sp. A8	Bacteria
861197ee-ba89-4edc-959f-d11154cb7066	3382641	1.0	confident	Pseudalkalibacillus sp. A8	Bacteria
20d609e5-fea4-426b-b1ab-65880c9f855e	3382641	1.0	confident	Pseudalkalibacillus sp. A8	Bacteria
4e94adae-2d2b-433a-86c5-70109f386cab	3382641	1.0	confident	Pseudalkalibacillus sp. A8	Bacteria
f649815e-49b9-4a13-8aa5-42b18b16b9d4	3382641	1.0	confident	Pseudalkalibacillus sp. A8	Bacteria
96d93d3e-f25c-4087-a958-b57b04ba42bd	3382641	1.0	confident	Pseudalkalibacillus sp. A8	Bacteria
5390f7ac-0a4e-4d4a-902f-aaefa0a38558	3382641	1.0	confident	Pseudalkalibacillus sp. A8	Bacteria
0b50e033-4b96-4d4f-8f49-7720c403797a	3382641	1.0	confident	Pseudalkalibacillus sp. A8	Bacteria
ad8e1bd0-c5ea-4391-b753-3c939a9fd24b	3382641	1.0	confident	Pseudalkalibacillus sp. A8	Bacteria
a3cdaf7e-d28b-4133-8c97-6ce7e2e470fa	3382641	1.0	confident	Pseudalkalibacillus sp. A8	Bacteria
ce05d914-1d93-4195-8a61-9500580170cf	3382641	1.0	confident	Pseudalkalibacillus sp. A8	Bacteria
bc341729-e520-4d0f-ab0b-dd4a73df4fbb	3382641	1.0	confident	Pseudalkalibacillus sp. A8	Bacteria
e1ce7f26-22d2-41b0-bc3e-2ac093108274	3382641	1.0	confident	Pseudalkalibacillus sp. A8	Bacteria
d3f94343-9848-4049-bcbf-99e05275b1d7	3382641	1.0	confident	Pseudalkalibacillus sp. A8	Bacteria
e078aa3e-2125-4a6e-b601-c5e990266018	3382641	1.0	confident	Pseudalkalibacillus sp. A8	Bacteria
8c2621e7-386a-43b9-899b-3e5c6f4a8c64	3382641	1.0	confident	Pseudalkalibacillus sp. A8	Bacteria
3d88d20c-8f93-466d-a765-eaba5a2a9b1d	3382641	1.0	confident	Pseudalkalibacillus sp. A8	Bacteria
654d6669-1145-4e78-8e19-53cf7a99bac0	3382641	1.0	confident	Pseudalkalibacillus sp. A8	Bacteria
83bf2eba-1d56-418b-b872-3bdfe9b46ca9	3382641	1.0	confident	Pseudalkalibacillus sp. A8	Bacteria
4fb459e6-2a1f-4cd1-ad31-69af5a03ff97	3382641	1.0	confident	Pseudalkalibacillus sp. A8	Bacteria
21aaf079-2a85-49aa-bead-2d4dc0983871	3382641	1.0	confident	Pseudalkalibacillus sp. A8	Bacteria
a29b4cbc-2490-403b-b32f-90e731b65f8d	3382641	1.0	confident	Pseudalkalibacillus sp. A8	Bacteria
aa36f193-7907-4fe7-88b6-3e914a4280ed	3382641	1.0	confident	Pseudalkalibacillus sp. A8	Bacteria
2feb4a1f-9e98-4801-97d4-45672c3ce37f	3382641	1.0	confident	Pseudalkalibacillus sp. A8	Bacteria
0566b50a-bf52-422b-b7e3-268170454bd5	3382641	1.0	confident	Pseudalkalibacillus sp. A8	Bacteria
9832e270-9654-44aa-99c6-31c4f624c03f	3382641	1.0	confident	Pseudalkalibacillus sp. A8	Bacteria
e598b6ab-48a9-48d3-862f-b04bf815b17a	3382641	1.0	confident	Pseudalkalibacillus sp. A8	Bacteria
40ec419c-c846-4222-87e3-fd4c4185c9fc	3382641	1.0	confident	Pseudalkalibacillus sp. A8	Bacteria
75a6947e-c7ee-43d3-a952-a0c77fb32272	3382641	1.0	confident	Pseudalkalibacillus sp. A8	Bacteria
8496a671-9fa6-444f-96cf-2309a1db244f	3382641	1.0	confident	Pseudalkalibacillus sp. A8	Bacteria
067ff882-b1d6-43a7-94bb-6cbf3b1e15e7	3382641	1.0	confident	Pseudalkalibacillus sp. A8	Bacteria
207b1c8a-bfd9-4d1d-a191-91764b439951	3382641	1.0	confident	Pseudalkalibacillus sp. A8	Bacteria
8628121f-c05b-4269-809f-2008cdbcd66e	3382641	1.0	confident	Pseudalkalibacillus sp. A8	Bacteria
e6eee44c-9279-43cd-b1e7-5185b44d0ccc	3382641	1.0	confident	Pseudalkalibacillus sp. A8	Bacteria
38270cca-5bce-4e84-991b-39838622dc5f	3382641	1.0	confident	Pseudalkalibacillus sp. A8	Bacteria
53450e20-eb00-4a69-a01c-f032909ff3da	3382641	1.0	confident	Pseudalkalibacillus sp. A8	Bacteria
4c51d417-90af-4d5c-8392-be5ea46228b9	3382641	1.0	confident	Pseudalkalibacillus sp. A8	Bacteria
6bbce20e-72f7-487a-b139-e339ab85ebeb	3382641	1.0	confident	Pseudalkalibacillus sp. A8	Bacteria
3a1c2625-ae14-4136-8fca-55df37d6bde6	3382641	1.0	confident	Pseudalkalibacillus sp. A8	Bacteria
0a0b2001-a05a-4ca3-8fe2-3bdcf510d694	3382641	1.0	confident	Pseudalkalibacillus sp. A8	Bacteria
ee44a48e-9d59-484a-ac74-2855cdfba287	3382641	1.0	confident	Pseudalkalibacillus sp. A8	Bacteria
914b20bd-2131-4c77-8ce1-0f7e0936c814	3382641	1.0	confident	Pseudalkalibacillus sp. A8	Bacteria
4a6fb7d8-cd41-4222-8496-4afbd07787a4	3382641	1.0	confident	Pseudalkalibacillus sp. A8	Bacteria
89d12a9d-5bed-4bfe-b453-499536b1356c	3382641	1.0	confident	Pseudalkalibacillus sp. A8	Bacteria
6e0e8b5a-4a2d-4e20-a911-6623a53d4e85	3382641	1.0	confident	Pseudalkalibacillus sp. A8	Bacteria
c7fd42b5-bec0-462f-98a3-ad83d3fff297	3382641	1.0	confident	Pseudalkalibacillus sp. A8	Bacteria
967bfb41-6429-4ebf-a5fc-5745dcd6f9a8	3382641	1.0	confident	Pseudalkalibacillus sp. A8	Bacteria
59b50f98-97e2-43df-a798-ae9b58899123	3382641	1.0	confident	Pseudalkalibacillus sp. A8	Bacteria
6cab0ec8-1294-43ce-a9c7-92395d3fa13f	3382641	1.0	confident	Pseudalkalibacillus sp. A8	Bacteria
405a9598-a626-482a-9c52-dd179e2bcd4d	3382641	1.0	confident	Pseudalkalibacillus sp. A8	Bacteria
f813fdf9-4892-441a-851b-b578bb7bf8fa	3382641	1.0	confident	Pseudalkalibacillus sp. A8	Bacteria
9de021c6-1d85-4118-8df8-e4b95070837d	3382641	1.0	confident	Pseudalkalibacillus sp. A8	Bacteria
fb251090-cc32-45cf-bed5-f7a96da9d14a	3382641	1.0	confident	Pseudalkalibacillus sp. A8	Bacteria
9ce63572-6fcd-4e89-bb59-d3cf152cac77	3382641	1.0	confident	Pseudalkalibacillus sp. A8	Bacteria
6bdda9c9-3dab-4d1d-8697-949e4cadab0f	3382641	1.0	confident	Pseudalkalibacillus sp. A8	Bacteria
408cd4c5-bae4-4f3c-bcf0-6c7e4fde72d9	3382641	1.0	confident	Pseudalkalibacillus sp. A8	Bacteria
307f204a-c3a2-4dd5-a665-410be03f2d80	3382641	1.0	confident	Pseudalkalibacillus sp. A8	Bacteria
9edec4e7-a9cf-478f-8a53-c6992c55d844	3382641	1.0	confident	Pseudalkalibacillus sp. A8	Bacteria
e0b0d7a6-747f-4c04-b323-6b15e0fe6757	3382641	1.0	confident	Pseudalkalibacillus sp. A8	Bacteria
f5663e57-6d36-47e5-9a7c-7a21bbf718ce	3382641	1.0	confident	Pseudalkalibacillus sp. A8	Bacteria
01c58272-9bd4-40af-8bfa-2f2b3f7fcf0d	3382641	1.0	confident	Pseudalkalibacillus sp. A8	Bacteria
10009001-83e3-4c3d-885d-7bd94a9f6d83	3382641	1.0	confident	Pseudalkalibacillus sp. A8	Bacteria
800f0ec7-4c24-4d42-937a-09d322e92d16	3382641	1.0	confident	Pseudalkalibacillus sp. A8	Bacteria
c78d70d0-eb6e-4c13-b950-49974d5527c5	3382641	1.0	confident	Pseudalkalibacillus sp. A8	Bacteria
f46f8f19-a07f-4c9f-a512-3800ca259753	3382641	1.0	confident	Pseudalkalibacillus sp. A8	Bacteria
798ef415-3d6c-436b-90ce-f5c5b5174de4	3382641	1.0	confident	Pseudalkalibacillus sp. A8	Bacteria
2d880cea-e9af-4da2-8912-dc3959c27c0c	3382641	1.0	confident	Pseudalkalibacillus sp. A8	Bacteria
f3f5a569-630e-4dde-96db-5b6eb05503c4	3382641	1.0	confident	Pseudalkalibacillus sp. A8	Bacteria
2ad37864-4642-468a-8f30-4a223e29f2be	3382641	1.0	confident	Pseudalkalibacillus sp. A8	Bacteria
1aab084a-c8e5-42ba-8470-c45782d311b3	3382641	1.0	confident	Pseudalkalibacillus sp. A8	Bacteria
b3e1a23c-b1ed-4758-a2a2-fae13bf3987b	3382641	1.0	confident	Pseudalkalibacillus sp. A8	Bacteria
dcde80ae-ed1c-4d0c-92d6-96c0f19d2bfc	3382641	1.0	confident	Pseudalkalibacillus sp. A8	Bacteria
c56a3bb8-6c79-487a-be88-7682fbc28dff	3382641	1.0	confident	Pseudalkalibacillus sp. A8	Bacteria
2e67e46d-991b-4dc5-9750-b5f28055806b	3382641	1.0	confident	Pseudalkalibacillus sp. A8	Bacteria
14a2a2b4-d3b4-4e87-917a-1928fe003a2f	3382641	1.0	confident	Pseudalkalibacillus sp. A8	Bacteria
e62b8a5d-2160-4b2b-95e1-f0b98bd8b1ab	3382641	1.0	confident	Pseudalkalibacillus sp. A8	Bacteria
4bfe00dd-0195-48c8-9292-d0912189eda4	3382641	1.0	confident	Pseudalkalibacillus sp. A8	Bacteria
7f0aad52-1348-49a8-897d-3f7950647b2a	3382641	1.0	confident	Pseudalkalibacillus sp. A8	Bacteria
4d13301d-b22c-402f-8e10-e3c804592841	3382641	1.0	confident	Pseudalkalibacillus sp. A8	Bacteria
1ab62c77-5487-4be6-a688-368317619667	3382641	1.0	confident	Pseudalkalibacillus sp. A8	Bacteria
7f281a06-c4c4-442b-ad7c-6a0a37b31321	3382641	1.0	confident	Pseudalkalibacillus sp. A8	Bacteria
ecc3f61d-7788-4577-b5eb-db872fcb181e	3382641	1.0	confident	Pseudalkalibacillus sp. A8	Bacteria
dbbb1957-113b-4dd7-9ffb-8ff592f57c26	3382641	1.0	confident	Pseudalkalibacillus sp. A8	Bacteria
a7909864-e7b2-44ad-9b30-b53f136d0893	3382641	1.0	confident	Pseudalkalibacillus sp. A8	Bacteria
c547bac4-028c-443c-9ef7-7575d2ee7ae9	3382641	1.0	confident	Pseudalkalibacillus sp. A8	Bacteria
01db5ca9-6f09-4dfb-b0f0-d9e326597103	3382641	1.0	confident	Pseudalkalibacillus sp. A8	Bacteria
099a7d2f-68d1-49b4-a3cf-03b2e0ed6043	3382641	1.0	confident	Pseudalkalibacillus sp. A8	Bacteria
4ba624c1-73d7-4904-8022-efef13fe573f	3382641	1.0	confident	Pseudalkalibacillus sp. A8	Bacteria
1f8df225-0d31-4afe-8431-eb2e755d5813	3382641	1.0	confident	Pseudalkalibacillus sp. A8	Bacteria
200a2102-b495-45e9-a19c-3b2dacdaa800	3382641	1.0	confident	Pseudalkalibacillus sp. A8	Bacteria
eca4680d-bee3-4112-aaa6-b34ad4c400e3	3382641	1.0	confident	Pseudalkalibacillus sp. A8	Bacteria
e8615a0d-6c51-4d51-9109-3bdc9e899da4	3382641	1.0	confident	Pseudalkalibacillus sp. A8	Bacteria
0386b628-8ce5-4dfa-a5b4-0b274c989899	3382641	1.0	confident	Pseudalkalibacillus sp. A8	Bacteria
8dd7d639-bde0-45d7-b97f-83d3a700d3a9	3382641	1.0	confident	Pseudalkalibacillus sp. A8	Bacteria
32c9b6e1-2273-49df-8ba6-005687538eff	3382641	1.0	confident	Pseudalkalibacillus sp. A8	Bacteria
3807a3c7-46ee-4eba-a981-240ae066302f	3382641	1.0	confident	Pseudalkalibacillus sp. A8	Bacteria
74bcfdac-9272-4d12-a8cb-865d56a95c49	3382641	1.0	confident	Pseudalkalibacillus sp. A8	Bacteria
66fe9f97-5573-4be5-9215-3fe74c6432b5	3382641	1.0	confident	Pseudalkalibacillus sp. A8	Bacteria
5db152d6-bfc9-4a3a-a2eb-5226af4925a4	3382641	1.0	confident	Pseudalkalibacillus sp. A8	Bacteria
b4e822c4-d082-4379-b933-d6e76fb6f245	3382641	1.0	confident	Pseudalkalibacillus sp. A8	Bacteria
c4c940c4-7c1a-45be-9bc4-f00c91405905	3382641	1.0	confident	Pseudalkalibacillus sp. A8	Bacteria
e03fb270-45cb-4526-950b-ee0bb7676679	3382641	1.0	confident	Pseudalkalibacillus sp. A8	Bacteria
2efabc96-5161-444e-8e97-2441ad194871	3382641	1.0	confident	Pseudalkalibacillus sp. A8	Bacteria
bb119c93-061f-4029-b7c6-2c2423f4c5ff	3382641	1.0	confident	Pseudalkalibacillus sp. A8	Bacteria
a3e40742-969b-446c-beea-aea426d79533	3382641	1.0	confident	Pseudalkalibacillus sp. A8	Bacteria
cd13d75e-86a5-4deb-b8bd-8b90815f553d	3382641	1.0	confident	Pseudalkalibacillus sp. A8	Bacteria
d07cb814-1993-4630-984a-890cc11d29bd	3382641	1.0	confident	Pseudalkalibacillus sp. A8	Bacteria
2067cd54-aa44-4983-b1d4-fd0a43d0fd4e	3382641	1.0	confident	Pseudalkalibacillus sp. A8	Bacteria
e28de7d7-5980-4c07-bb70-fdb07bab3177	3382641	1.0	confident	Pseudalkalibacillus sp. A8	Bacteria
c8561f07-f8f1-4e0d-b401-18c61250b4b2	3382641	1.0	confident	Pseudalkalibacillus sp. A8	Bacteria
93330c0a-a913-4d9d-aac0-4414bb5d76b5	3382641	1.0	confident	Pseudalkalibacillus sp. A8	Bacteria
be06661a-9adf-4322-b26a-de577d8df97f	1505	1.0	confident	Paraclostridium sordellii	Bacteria
9700261c-ab3c-415d-bfa4-749f148a43d0	1886787	1.0	confident	Sphingomonas olei	Bacteria
d3a045a2-5df7-41bb-9558-5a195f6717ff	1886787	1.0	confident	Sphingomonas olei	Bacteria
9e11cec1-e1ba-4cf7-97aa-4568c21620c3	1886787	1.0	confident	Sphingomonas olei	Bacteria
3d14075f-5cb0-4ca0-bdc9-f8e335f74784	1886787	1.0	confident	Sphingomonas olei	Bacteria
22e242b4-1ec9-4d64-9f1d-62a95ebf6135	1886787	1.0	confident	Sphingomonas olei	Bacteria
670b700d-0bb5-4960-a2f9-853c6bc075d9	1886787	1.0	confident	Sphingomonas olei	Bacteria
ea448605-467a-48f6-9b0a-fc3e04819b77	1886787	1.0	confident	Sphingomonas olei	Bacteria
82c723ea-febe-4bdc-a514-7cd24f4ca02d	1886787	1.0	confident	Sphingomonas olei	Bacteria
c47a4675-ca0b-4750-85f3-df427d126a6e	1886787	1.0	confident	Sphingomonas olei	Bacteria
2b7a3760-5370-4cc4-b815-32f791249013	1886787	1.0	confident	Sphingomonas olei	Bacteria
72eed4ba-2c40-4363-bb22-8e8ad3456549	1886787	1.0	confident	Sphingomonas olei	Bacteria
a1bef72b-529d-4014-87b2-c8b62a39b43a	1886787	1.0	confident	Sphingomonas olei	Bacteria
5de0d963-d902-4ca1-b639-b877cd23aa69	1886787	1.0	confident	Sphingomonas olei	Bacteria
6b3e379e-b8f5-45b9-8dd3-3ce9304a5d3a	1886787	1.0	confident	Sphingomonas olei	Bacteria
cc2b1ba8-7233-477f-a672-c849c170f785	1886787	1.0	confident	Sphingomonas olei	Bacteria
4baf9ef3-f13d-4842-b887-a9a9eb4f2f4d	1886787	1.0	confident	Sphingomonas olei	Bacteria
47ff7b59-31d4-48b0-bbb4-c7d1bda15d1b	1886787	1.0	confident	Sphingomonas olei	Bacteria
81704867-7ee2-4597-82ff-cfd39817d130	1886787	1.0	confident	Sphingomonas olei	Bacteria
113ed731-0fdb-4682-a6d7-b896ab1276c0	1886787	1.0	confident	Sphingomonas olei	Bacteria
b66c6ffa-8f63-4de8-95df-427841e10698	1886787	1.0	confident	Sphingomonas olei	Bacteria
a3ff6612-7756-4ec8-b71f-bd7735132459	1886787	1.0	confident	Sphingomonas olei	Bacteria
89814154-2c7c-484a-ac0b-c9d1dca7a505	1886787	1.0	confident	Sphingomonas olei	Bacteria
15d8cfef-00c4-4533-a72b-bc5c5f5a965a	1886787	1.0	confident	Sphingomonas olei	Bacteria
8c0c98dd-9f8a-4ca9-905c-06161bf68287	1886787	1.0	confident	Sphingomonas olei	Bacteria
2590e855-81ec-439e-bd0c-4e7807cfeac6	1886787	1.0	confident	Sphingomonas olei	Bacteria
54d34ecf-9299-400f-8139-3a6226227d18	2498847	1.0	confident	Zeimonas arvi	Bacteria
155d1b63-62b1-4786-b258-6e41b2b10075	2498847	1.0	confident	Zeimonas arvi	Bacteria
41c6785d-43d4-4f31-8855-1375b0dd59a8	2498847	1.0	confident	Zeimonas arvi	Bacteria
140da99c-24f3-4612-91d8-a38ab1a59a0c	2498847	1.0	confident	Zeimonas arvi	Bacteria
5d051ffe-21a2-4c69-9a18-7b984596cade	2498847	1.0	confident	Zeimonas arvi	Bacteria
f5dd8ed2-d1a4-4cfc-8744-878199bc13f3	2498847	1.0	confident	Zeimonas arvi	Bacteria
59686201-779c-4887-9f16-b8e7046926b0	2498847	1.0	confident	Zeimonas arvi	Bacteria
6a3ea4c0-2d4c-4796-8646-9fafc03aea5b	2498847	1.0	confident	Zeimonas arvi	Bacteria
e0370b51-cfb1-45e9-ab4b-8d34b2cd0f54	2498847	1.0	confident	Zeimonas arvi	Bacteria
10e171dd-1b04-4bc1-8600-e203b45dc72e	2498847	1.0	confident	Zeimonas arvi	Bacteria
0dd08a52-b13c-4396-bace-ce1ba11c5aa0	2498847	1.0	confident	Zeimonas arvi	Bacteria
065bafa9-18bd-4d33-8e82-144e15e4f227	2498847	1.0	confident	Zeimonas arvi	Bacteria
d29f3de3-b039-46ba-895b-cf6d37f51223	2498847	1.0	confident	Zeimonas arvi	Bacteria
684dcda1-a0fd-468c-ae40-17c812223757	2498847	1.0	confident	Zeimonas arvi	Bacteria
817b9629-6075-46a8-a7c0-a93b6a4a2a79	2498847	1.0	confident	Zeimonas arvi	Bacteria
5e99b8ff-2fd8-44bc-91f5-2b1e867f31d0	2498847	1.0	confident	Zeimonas arvi	Bacteria
bfff45c2-8121-4086-8927-c326c8dd3fcc	2498847	1.0	confident	Zeimonas arvi	Bacteria
7151445e-0131-4eed-9191-7fead3a6127a	2498847	1.0	confident	Zeimonas arvi	Bacteria
70c240b2-0a11-41d7-b295-f67e98b2e245	2498847	1.0	confident	Zeimonas arvi	Bacteria
15e8dcb9-a021-4634-95c9-9facefa93bc6	2498847	1.0	confident	Zeimonas arvi	Bacteria
f5c8f274-deb3-4a32-93cb-6c11fd9d44a5	2498847	1.0	confident	Zeimonas arvi	Bacteria
3e314493-2265-4035-85f4-7131b2552dcc	2498847	1.0	confident	Zeimonas arvi	Bacteria
05ede256-f258-45ee-aca6-ced3d16b8e07	2498847	1.0	confident	Zeimonas arvi	Bacteria
2f2804fd-e9f1-4bd8-ac2d-497dadb592c4	2498847	1.0	confident	Zeimonas arvi	Bacteria
1a7bcbef-7f04-4f41-91ad-249606258561	2498847	1.0	confident	Zeimonas arvi	Bacteria
d0450dd6-fb7e-48a5-a46a-71d373c1295a	2498847	1.0	confident	Zeimonas arvi	Bacteria
b7dc7d9f-9200-4675-9b21-874820c01dec	2498847	1.0	confident	Zeimonas arvi	Bacteria
de406048-bbae-4095-be2b-67cd7427c708	2498847	1.0	confident	Zeimonas arvi	Bacteria
72f8591a-4e09-41d5-9f15-ec0275dc416c	2498847	1.0	confident	Zeimonas arvi	Bacteria
bd3536df-c690-444d-868a-e4a85f46ff67	2498847	1.0	confident	Zeimonas arvi	Bacteria
ed741279-5890-48a9-a94f-08bcd6c8ae16	2498847	1.0	confident	Zeimonas arvi	Bacteria
b9acc9ab-5d7b-494f-b856-f08315b598de	2498847	1.0	confident	Zeimonas arvi	Bacteria
b0751ac7-1f4e-4815-9ba6-993b240b0d37	2498847	1.0	confident	Zeimonas arvi	Bacteria
7b681170-1e42-445e-bf1b-ff5dc3dbcd12	2498847	1.0	confident	Zeimonas arvi	Bacteria
98cc85b5-ac07-4998-831d-149b7028bb1c	2498847	1.0	confident	Zeimonas arvi	Bacteria
a0e58474-46c5-4795-8db6-cccb4a84f1ad	2498847	1.0	confident	Zeimonas arvi	Bacteria
86a36694-b58b-4a70-9122-59d4793751a2	2498847	1.0	confident	Zeimonas arvi	Bacteria
41e0b7a9-904d-4923-92eb-ce8aa924d3bd	2498847	1.0	confident	Zeimonas arvi	Bacteria
6b82994a-188c-44c8-85c6-fd3bdae7a759	2498847	1.0	confident	Zeimonas arvi	Bacteria
5644c652-78eb-4a82-a52f-f87548747942	2498847	1.0	confident	Zeimonas arvi	Bacteria
b149f994-3e31-45c6-8815-51d355c19a61	2498847	1.0	confident	Zeimonas arvi	Bacteria
0b6af89c-d3ce-42f9-9c4a-c724175a553b	2498847	1.0	confident	Zeimonas arvi	Bacteria
a7790fb8-349e-43dc-ae1d-ed914b506271	2498847	1.0	confident	Zeimonas arvi	Bacteria
8bb165ab-c4f9-4972-aed8-e0b8ea418813	2498847	1.0	confident	Zeimonas arvi	Bacteria
61410d03-b48e-4868-a6ab-ddbb426ddbcf	2498847	1.0	confident	Zeimonas arvi	Bacteria
91459a7c-2b15-4675-b51a-11c40cf64a61	2498847	1.0	confident	Zeimonas arvi	Bacteria
589152ff-e461-438e-a937-fbfea17490c2	2498847	1.0	confident	Zeimonas arvi	Bacteria
ef88be23-5a43-4f91-8974-455dff978f6c	2498847	1.0	confident	Zeimonas arvi	Bacteria
cadf7d6e-5453-423e-b90f-a27cab86ac03	2498847	1.0	confident	Zeimonas arvi	Bacteria
be681753-eb36-4e35-8747-f29bda402880	2498847	1.0	confident	Zeimonas arvi	Bacteria
c048adc8-a0ec-4913-8afd-710b03ddda14	2498847	1.0	confident	Zeimonas arvi	Bacteria
a8ff39f9-31a7-45a9-97f1-1e97cee55034	2498847	1.0	confident	Zeimonas arvi	Bacteria
5064be72-6027-46d7-802a-8eae158834f4	2498847	1.0	confident	Zeimonas arvi	Bacteria
608acd6b-d4c5-4682-b1d9-ff587c2198e3	2498847	1.0	confident	Zeimonas arvi	Bacteria
447210ba-49c2-4d9d-8cc6-1517c30bc831	2498847	1.0	confident	Zeimonas arvi	Bacteria
ea6feb5a-8808-4ca9-a92d-fdb95fb79f2d	2498847	1.0	confident	Zeimonas arvi	Bacteria
e8f3b3f4-fa9b-4948-bf04-350ce4dc2362	2498847	1.0	confident	Zeimonas arvi	Bacteria
82bd2600-d83f-4dba-9a2d-b7b245624e2f	2498847	1.0	confident	Zeimonas arvi	Bacteria
21396d3a-ac61-4f6b-babb-56d23fe3e90b	2498847	1.0	confident	Zeimonas arvi	Bacteria
6bb9140b-f214-4247-928f-5e72cbccb25f	2498847	1.0	confident	Zeimonas arvi	Bacteria
645379c0-1771-4b21-9452-ad568a3087f8	2498847	1.0	confident	Zeimonas arvi	Bacteria
0b7c1aee-fa84-4108-ad52-3b537552ac80	2498847	1.0	confident	Zeimonas arvi	Bacteria
77023366-c51e-48a4-a85f-1ed43a09e72a	2498847	1.0	confident	Zeimonas arvi	Bacteria
401144c4-fe48-4d60-8aa4-f5af60af0ba5	2498847	1.0	confident	Zeimonas arvi	Bacteria
ada59c3f-bef2-4dd8-a218-949b94dee706	2498847	1.0	confident	Zeimonas arvi	Bacteria
0018f900-9591-4ee2-96fc-2fb75ea016d7	2498847	1.0	confident	Zeimonas arvi	Bacteria
b0daad4c-b010-495e-845e-d3ed7f04e329	2498847	1.0	confident	Zeimonas arvi	Bacteria
4f29f056-2425-461d-b6fb-4685b324c26f	2498847	1.0	confident	Zeimonas arvi	Bacteria
bd345756-150d-4208-b726-c18d346c0e98	2498847	1.0	confident	Zeimonas arvi	Bacteria
ce52fae0-3880-49cc-bce1-1cf8f8a6899b	2498847	1.0	confident	Zeimonas arvi	Bacteria
037e3630-ec26-4768-9f64-23ebea1ad755	2498847	1.0	confident	Zeimonas arvi	Bacteria
a1874bf8-9045-46da-a67d-e6d56cf77a63	2498847	1.0	confident	Zeimonas arvi	Bacteria
1718d11d-d1b7-4c33-beee-d2d0e8cb1080	2498847	1.0	confident	Zeimonas arvi	Bacteria
45262249-73f6-406b-aa97-d4d336b966b9	2498847	1.0	confident	Zeimonas arvi	Bacteria
c0b03d99-5a24-4df7-876e-27f2eb3e8c0d	2498847	1.0	confident	Zeimonas arvi	Bacteria
578e6db0-7c02-4e59-a9e0-660409d9ad47	2498847	1.0	confident	Zeimonas arvi	Bacteria
9a43a034-03a3-4a52-9e32-3a5cafa5f134	2498847	1.0	confident	Zeimonas arvi	Bacteria
8ecbc925-f315-4fcc-a118-0d0f57e6c3c4	2498847	1.0	confident	Zeimonas arvi	Bacteria
52b592a3-3f5f-473e-a13c-16e73de05084	2498847	1.0	confident	Zeimonas arvi	Bacteria
c6f21c31-6458-44fb-be65-7660537e6474	2498847	1.0	confident	Zeimonas arvi	Bacteria
8ac00a1d-7304-4bdf-99f9-8a1fb3fa16a2	2498847	1.0	confident	Zeimonas arvi	Bacteria
9e221f18-37bf-45d3-9dc1-634fc30b6636	2498847	1.0	confident	Zeimonas arvi	Bacteria
2059e346-1114-4b9d-859a-64768dbbef0b	2498847	1.0	confident	Zeimonas arvi	Bacteria
460e8a9e-ffed-4b68-9412-231d6bb6dd1b	2498847	1.0	confident	Zeimonas arvi	Bacteria
e4b75993-28b1-40c3-81fc-456cf2f72787	2498847	1.0	confident	Zeimonas arvi	Bacteria
8df117f5-f455-42bd-967c-01bf177b83ac	2498847	1.0	confident	Zeimonas arvi	Bacteria
87cbbd60-3a6b-4306-9fed-60e78e46b07c	2498847	1.0	confident	Zeimonas arvi	Bacteria
d64815b7-acb7-4017-a88b-746139729ca5	2498847	1.0	confident	Zeimonas arvi	Bacteria
6783681c-bcd9-483a-85e9-ca031e8dd6cf	2498847	1.0	confident	Zeimonas arvi	Bacteria
ea5fc56a-52b1-406e-af56-59e354d98cde	2498847	1.0	confident	Zeimonas arvi	Bacteria
09231a44-3b39-4a36-a490-017b9a9a06e8	2498847	1.0	confident	Zeimonas arvi	Bacteria
3c7dafac-d467-400f-af33-b5b585a186be	2498847	1.0	confident	Zeimonas arvi	Bacteria
719807b2-9ea7-491e-9b9d-b053d39dd775	2498847	1.0	confident	Zeimonas arvi	Bacteria
0cc413d7-b535-410d-8e4f-7059eae64d12	2498847	1.0	confident	Zeimonas arvi	Bacteria
979deb24-0606-4538-a3c1-4529215f198b	2498847	1.0	confident	Zeimonas arvi	Bacteria
e745ca00-418d-400d-b1fd-8da3e11f1314	2498847	1.0	confident	Zeimonas arvi	Bacteria
d2a95586-01e8-4c5e-9647-2d622ab50351	2498847	1.0	confident	Zeimonas arvi	Bacteria
2c36b411-32fe-4b41-a968-3fa4b23b31b5	2498847	1.0	confident	Zeimonas arvi	Bacteria
906c44ba-4085-47b8-91c1-9f15990681e3	2498847	1.0	confident	Zeimonas arvi	Bacteria
d3b5e94b-6520-452b-8283-30fb51c7e14b	2498847	1.0	confident	Zeimonas arvi	Bacteria
bbebb5a6-31a4-4a1d-80d0-c8ff217481e8	2498847	1.0	confident	Zeimonas arvi	Bacteria
18b53ad5-5dac-4b45-ac1e-7e26d7b301cf	2498847	1.0	confident	Zeimonas arvi	Bacteria
9567451e-5452-4aa4-ab27-4bcfab6d7f6e	2498847	1.0	confident	Zeimonas arvi	Bacteria
aad1d6fc-bbae-49cd-b7a8-1ae16cd1ca25	2498847	1.0	confident	Zeimonas arvi	Bacteria
982761a4-e4d6-4629-b394-a5842a99aef4	2498847	1.0	confident	Zeimonas arvi	Bacteria
0323fa1c-ee18-43c9-98a7-15fe46fd5eb4	2498847	1.0	confident	Zeimonas arvi	Bacteria
21a0f416-ef70-4fa7-8fb9-d4bb9d1664de	2498847	1.0	confident	Zeimonas arvi	Bacteria
a9ec884b-f9e1-4589-ba77-70d13d6b699e	2498847	1.0	confident	Zeimonas arvi	Bacteria
4692ac4e-d751-4c38-bafe-cbd2e97532ca	2498847	1.0	confident	Zeimonas arvi	Bacteria
4d9858a8-5141-41d9-a070-dcf167f53bc4	2498847	1.0	confident	Zeimonas arvi	Bacteria
b7739cec-7c19-47d8-b0c4-214984556820	2498847	1.0	confident	Zeimonas arvi	Bacteria
5fd707dd-dd64-44cf-9b32-211c79a8fb61	2498847	1.0	confident	Zeimonas arvi	Bacteria
4efd9c15-9f0c-4c84-bdec-326c72c0037c	2498847	1.0	confident	Zeimonas arvi	Bacteria
1e0fb688-cb14-4223-9d21-685656167d96	2498847	1.0	confident	Zeimonas arvi	Bacteria
403af71b-5599-48e2-8790-5eab8d9cbe75	2498847	1.0	confident	Zeimonas arvi	Bacteria
c3bf5c1c-c073-4cf7-880b-e807bf0ac85d	2498847	1.0	confident	Zeimonas arvi	Bacteria
0a2d9cbd-3750-4f4a-bc4a-6b8924786d09	2498847	1.0	confident	Zeimonas arvi	Bacteria
0bd0bb34-0a9e-40ec-9e57-7226db9ed4fa	2498847	1.0	confident	Zeimonas arvi	Bacteria
bf2236e7-5758-4ef9-aa44-ccce1e0221c8	2498847	1.0	confident	Zeimonas arvi	Bacteria
e43bf977-9e0d-4fef-a565-9720348c21fe	2498847	1.0	confident	Zeimonas arvi	Bacteria
3b4127a7-9ac1-4cbf-bfe9-6e0cf72b5f59	2498847	1.0	confident	Zeimonas arvi	Bacteria
00596439-d5c8-44cd-8224-ccfdffb28398	2498847	1.0	confident	Zeimonas arvi	Bacteria
b6e12b7a-56d9-4f19-bde4-3fb777cea074	2498847	1.0	confident	Zeimonas arvi	Bacteria
745b1467-fec2-4c26-ad43-b6719c44af62	2498847	1.0	confident	Zeimonas arvi	Bacteria
6fa178b8-e52c-4523-85f3-1291f265638d	2498847	1.0	confident	Zeimonas arvi	Bacteria
accb86d6-47fa-4179-8183-af9fcbba41ac	2498847	1.0	confident	Zeimonas arvi	Bacteria
2c72501e-5acb-417f-8111-7758280e5270	2498847	1.0	confident	Zeimonas arvi	Bacteria
84647caa-2506-4ab6-a3ba-736b1e1b05c1	2498847	1.0	confident	Zeimonas arvi	Bacteria
44adf778-de8a-4487-94d6-21823fd4022d	2498847	1.0	confident	Zeimonas arvi	Bacteria
1577e516-281d-46ac-bb7d-c2aa2275188d	2498847	1.0	confident	Zeimonas arvi	Bacteria
f3227e9f-0b42-4da1-8f64-e53de2991ddf	2498847	1.0	confident	Zeimonas arvi	Bacteria
32eada43-fd5c-4e56-8a06-6d98f83f3b11	2498847	1.0	confident	Zeimonas arvi	Bacteria
d84325cf-8ad0-4ad4-a090-5e301509e8b8	2498847	1.0	confident	Zeimonas arvi	Bacteria
87c0cddc-f9a1-4c83-b8cb-fbb396ada7c9	2339232	1.0	confident	Vallicoccus soli	Bacteria
a74bd2b1-fdaf-48f8-889a-032e33153a01	2339232	1.0	confident	Vallicoccus soli	Bacteria
6b50d0aa-161e-4c56-b8d4-c41141741c25	2339232	1.0	confident	Vallicoccus soli	Bacteria
c3f092b8-0c56-480d-87ec-e4bca8ac70a4	2339232	1.0	confident	Vallicoccus soli	Bacteria
3091bf7a-7d21-400b-878d-78e3457027e4	2339232	1.0	confident	Vallicoccus soli	Bacteria
37600779-5d14-4ccd-b322-d55439617ed9	2339232	1.0	confident	Vallicoccus soli	Bacteria
4b1994c5-dc2a-4090-b92a-362779065c7f	2339232	1.0	confident	Vallicoccus soli	Bacteria
4de786a5-b9f3-4fda-a2f4-17e077616e85	2339232	1.0	confident	Vallicoccus soli	Bacteria
f2c92916-be3c-4a8e-9e9f-2515562718d4	2339232	1.0	confident	Vallicoccus soli	Bacteria
e7c39163-60c3-4eb2-bca3-ead8d07c7935	2339232	1.0	confident	Vallicoccus soli	Bacteria
e98ad50b-6856-4b9f-a3d2-a3f5b5b067db	2339232	1.0	confident	Vallicoccus soli	Bacteria
691bba63-45a0-45f9-827e-f010acb8ed4f	2339232	1.0	confident	Vallicoccus soli	Bacteria
6044b326-3c3d-4257-b444-e7ed0cfcadc8	2339232	1.0	confident	Vallicoccus soli	Bacteria
721e3495-9421-4935-afcb-6bfb333f22a8	2339232	1.0	confident	Vallicoccus soli	Bacteria
8936433f-8ce5-4c33-afbb-1bcf376c576e	2339232	1.0	confident	Vallicoccus soli	Bacteria
3cf7f4ce-60f4-48fe-9f63-7929de6157fa	2339232	1.0	confident	Vallicoccus soli	Bacteria
f848982f-5b01-440c-9aa8-e5c68eb5e914	2339232	1.0	confident	Vallicoccus soli	Bacteria
1fede2de-010c-4982-9ec6-6e0b62ec285f	2339232	1.0	confident	Vallicoccus soli	Bacteria
c00592bc-dd99-40dc-b7f8-cf34fbfb96e2	2339232	1.0	confident	Vallicoccus soli	Bacteria
60e02165-fc4f-4ffa-bf1b-10fabe1eca60	2339232	1.0	confident	Vallicoccus soli	Bacteria
ce5fdfa0-3d02-4bf1-885d-8b1a996cf7ad	2339232	1.0	confident	Vallicoccus soli	Bacteria
5d573402-7fbb-4b99-8a25-8c9fb8479ccf	2339232	1.0	confident	Vallicoccus soli	Bacteria
c50f7d14-d0f8-4b69-a49b-015bce424297	2339232	1.0	confident	Vallicoccus soli	Bacteria
565eed97-5d77-4c70-9dd3-f753125a7e64	2339232	1.0	confident	Vallicoccus soli	Bacteria
c3635c6c-d453-4b12-bf45-4b1a5b8012bd	2339232	1.0	confident	Vallicoccus soli	Bacteria
58ccc329-fcdc-45be-b12f-571ac89aeb71	2339232	1.0	confident	Vallicoccus soli	Bacteria
0ad86208-deaf-441f-a015-28521f5975db	2339232	1.0	confident	Vallicoccus soli	Bacteria
7c0e8398-ea50-4e91-ad26-7754a654f634	2339232	1.0	confident	Vallicoccus soli	Bacteria
0c8686bb-441a-4ff1-8ba5-cf1da4f5e056	2339232	1.0	confident	Vallicoccus soli	Bacteria
a3728e92-9342-40b6-84a0-3814df97e6f2	2339232	1.0	confident	Vallicoccus soli	Bacteria
8e286da3-ea39-49a8-a10d-e1e21bdf2e23	2339232	1.0	confident	Vallicoccus soli	Bacteria
05982103-5ab0-4bb5-a6a1-5a2d43043b0b	2339232	1.0	confident	Vallicoccus soli	Bacteria
d0ba5518-f937-411a-ae0e-7dcdd033a029	2339232	1.0	confident	Vallicoccus soli	Bacteria
c22fbcdb-5dd7-4cf4-b279-9cab29bb95fc	2339232	1.0	confident	Vallicoccus soli	Bacteria
b557d174-cd5f-48bc-bb89-2153d0b9df52	2339232	1.0	confident	Vallicoccus soli	Bacteria
06717592-59d4-43c8-b95e-969e1d8488ad	2339232	1.0	confident	Vallicoccus soli	Bacteria
e738c75d-2e7e-4fba-b77f-4242ad6831fc	2339232	1.0	confident	Vallicoccus soli	Bacteria
7f967894-6854-4f07-89d6-6dfa0f2ce9cd	2339232	1.0	confident	Vallicoccus soli	Bacteria
6af292ae-9bc7-4935-a3b6-fad93d137801	2339232	1.0	confident	Vallicoccus soli	Bacteria
9658936b-67d9-48fa-b8a8-c18231774679	381630	1.0	confident	Methylobacterium jeotgali	Bacteria
d5cbcdfa-f6eb-4b69-b22b-3587f95db4f7	381630	1.0	confident	Methylobacterium jeotgali	Bacteria
47f3292f-f585-471b-aad6-8a8a80689b10	381630	1.0	confident	Methylobacterium jeotgali	Bacteria
c3c62d56-59bd-44ee-bb3c-f7e2e52ddb40	381630	1.0	confident	Methylobacterium jeotgali	Bacteria
f835a580-00fb-4cfb-ab87-21cd18b625a7	381630	1.0	confident	Methylobacterium jeotgali	Bacteria
282bc6a8-cfd8-41ae-8dcd-6f15e04e4171	381630	1.0	confident	Methylobacterium jeotgali	Bacteria
405e99eb-cf77-45c7-aff8-1926fbdf7a26	381630	1.0	confident	Methylobacterium jeotgali	Bacteria
b7951280-4491-49fd-84e4-625a2dccb2e6	381630	1.0	confident	Methylobacterium jeotgali	Bacteria
825caeb9-f9ac-4b67-b822-48041e34f111	381630	1.0	confident	Methylobacterium jeotgali	Bacteria
88cd8a30-ddcb-4850-af67-a4f3f44f6fe0	381630	1.0	confident	Methylobacterium jeotgali	Bacteria
c81eb9dc-78c3-48d4-94c7-db1fdbe1b4f4	381630	1.0	confident	Methylobacterium jeotgali	Bacteria
603d6acc-5764-4922-92fe-3f62ffe67c2b	381630	1.0	confident	Methylobacterium jeotgali	Bacteria
3e9e8712-93a2-412d-9783-83dd8b9a85e1	381630	1.0	confident	Methylobacterium jeotgali	Bacteria
c268cc8a-1f2e-4301-a4f6-238a05349444	381630	1.0	confident	Methylobacterium jeotgali	Bacteria
2b83ca8e-e4b5-48cd-8142-67f0fb52be56	381630	1.0	confident	Methylobacterium jeotgali	Bacteria
fa7dd2dd-8882-4b25-8d6e-cd49b20b4cee	381630	1.0	confident	Methylobacterium jeotgali	Bacteria
084705f7-9c62-4c86-9bd0-f9f2c9295f65	381630	1.0	confident	Methylobacterium jeotgali	Bacteria
89a02cbe-e8c7-4d9a-b4ea-e28b5d515d31	381630	1.0	confident	Methylobacterium jeotgali	Bacteria
6f987126-9f2a-4a9c-a8e4-35d43cb4408b	381630	1.0	confident	Methylobacterium jeotgali	Bacteria
333c089e-fb97-416c-a9ef-9da9334f8750	381630	1.0	confident	Methylobacterium jeotgali	Bacteria
dd4879a8-d4e6-4625-ac65-bc7b633faa44	381630	1.0	confident	Methylobacterium jeotgali	Bacteria
04022a71-19d2-41cc-985b-002366070eb1	381630	1.0	confident	Methylobacterium jeotgali	Bacteria
7027400e-dce7-448c-98cd-4a17afefdca6	381630	1.0	confident	Methylobacterium jeotgali	Bacteria
7adf32c1-7bf2-4805-a8f5-5f5d4ec48865	381630	1.0	confident	Methylobacterium jeotgali	Bacteria
77448c27-9d6f-4e79-ab5f-4a2b1fb86c82	381630	1.0	confident	Methylobacterium jeotgali	Bacteria
bad5219d-62f3-4c7a-91ae-e929bdebef7d	381630	1.0	confident	Methylobacterium jeotgali	Bacteria
96a5f43a-aaea-46a7-b560-9617711e5421	381630	1.0	confident	Methylobacterium jeotgali	Bacteria
ba70c380-4749-44be-950b-bf3235e92fc1	381630	1.0	confident	Methylobacterium jeotgali	Bacteria
51e8f25f-9dea-48a7-b09a-a7e701108fd7	381630	1.0	confident	Methylobacterium jeotgali	Bacteria
5ec89372-f163-4ed5-8902-947f8400b17f	381630	1.0	confident	Methylobacterium jeotgali	Bacteria
58ae6c32-6231-415d-b1ef-05def9eb7132	381630	1.0	confident	Methylobacterium jeotgali	Bacteria
57d91f6b-6ec4-47f8-abd5-5930f1276fe6	381630	1.0	confident	Methylobacterium jeotgali	Bacteria
2a6a92fa-fc74-4d61-ab6c-c317de41562b	381630	1.0	confident	Methylobacterium jeotgali	Bacteria
c230583a-ff77-47be-86ea-3ac1b745b016	381630	1.0	confident	Methylobacterium jeotgali	Bacteria
e868c1ba-e102-4a57-9c07-e9405ba1f861	381630	1.0	confident	Methylobacterium jeotgali	Bacteria
0956f463-113e-4236-b1c5-4575e30aea1f	381630	1.0	confident	Methylobacterium jeotgali	Bacteria
ff48af9f-c9d8-424f-b92f-acfcd632574b	381630	1.0	confident	Methylobacterium jeotgali	Bacteria
da1525ec-3121-4dd4-b33d-fca56c3a2f95	381630	1.0	confident	Methylobacterium jeotgali	Bacteria
b91bf28f-3d7d-4356-ae92-7612f5f152b9	381630	1.0	confident	Methylobacterium jeotgali	Bacteria
67b5a111-08bc-430e-b454-180867abc158	381630	1.0	confident	Methylobacterium jeotgali	Bacteria
dd9616f3-dda5-4880-a921-0329a28bfc7c	381630	1.0	confident	Methylobacterium jeotgali	Bacteria
d809d8c3-5ac2-494f-9b67-331359565bd2	381630	1.0	confident	Methylobacterium jeotgali	Bacteria
2ca1a860-a0e7-4c1d-8396-11ef87cd8c87	381630	1.0	confident	Methylobacterium jeotgali	Bacteria
5a1a5f89-5d61-426f-96eb-1ab2812e7c85	381630	1.0	confident	Methylobacterium jeotgali	Bacteria
6e75617d-9396-4110-9e3b-39c6c3eb4bae	381630	1.0	confident	Methylobacterium jeotgali	Bacteria
6cea2954-cefd-4c13-a133-78f0a9aee727	381630	1.0	confident	Methylobacterium jeotgali	Bacteria
ff91aad4-bc1f-4436-b0fa-f37676698b39	381630	1.0	confident	Methylobacterium jeotgali	Bacteria
d69f778e-2760-47fa-ac74-757aaa552440	381630	1.0	confident	Methylobacterium jeotgali	Bacteria
7e5f0584-54c2-4067-bf43-e0f98b1a9f68	381630	1.0	confident	Methylobacterium jeotgali	Bacteria
986a35a5-811d-42d4-9ebf-3ab7f6e446d9	381630	1.0	confident	Methylobacterium jeotgali	Bacteria
40780062-d3f4-41ab-b8db-4bf9768dc6ce	381630	1.0	confident	Methylobacterium jeotgali	Bacteria
1dd25b4e-7c0b-40ea-a530-a2bce406c5e4	381630	1.0	confident	Methylobacterium jeotgali	Bacteria
7731e82b-cc0d-473e-894d-69c1780faacb	381630	1.0	confident	Methylobacterium jeotgali	Bacteria
055d2300-1f38-45a2-905d-c4d8b8589825	381630	1.0	confident	Methylobacterium jeotgali	Bacteria
e2024999-4a53-4ff0-a3c9-e4034f912bb6	381630	1.0	confident	Methylobacterium jeotgali	Bacteria
044f3a9f-a173-41c9-84f7-57e94df1e33d	381630	1.0	confident	Methylobacterium jeotgali	Bacteria
c4ba55cf-c6ab-42d9-a561-f6050be37136	381630	1.0	confident	Methylobacterium jeotgali	Bacteria
9941440d-693b-49ec-a657-41fba0066f05	381630	1.0	confident	Methylobacterium jeotgali	Bacteria
9e938a72-70bc-425c-a138-3d304bd44187	381630	1.0	confident	Methylobacterium jeotgali	Bacteria
41144c0d-37bd-44c4-8998-70810eb3029b	381630	1.0	confident	Methylobacterium jeotgali	Bacteria
589f5f19-e670-46a6-8b9e-cc744be64b33	381630	1.0	confident	Methylobacterium jeotgali	Bacteria
2277443e-6915-4a80-8b1b-c879a9c32b34	381630	1.0	confident	Methylobacterium jeotgali	Bacteria
20488d90-12c7-46d0-b092-34ec69106df1	381630	1.0	confident	Methylobacterium jeotgali	Bacteria
2984cd2e-a877-4e4b-ac3d-900d0f786aac	381630	1.0	confident	Methylobacterium jeotgali	Bacteria
e9440e7f-93c2-4c19-b528-1147b414b3ed	381630	1.0	confident	Methylobacterium jeotgali	Bacteria
4c6424fb-04f2-4ddb-8f1d-a5146b7a7f9e	381630	1.0	confident	Methylobacterium jeotgali	Bacteria
856eafa2-4345-4a06-9eb4-e920a2ee7170	381630	1.0	confident	Methylobacterium jeotgali	Bacteria
f7fe7c1d-a35d-402e-b10a-81333f4facc3	381630	1.0	confident	Methylobacterium jeotgali	Bacteria
5d7b72a4-eed1-47e6-b905-44344e225b15	381630	1.0	confident	Methylobacterium jeotgali	Bacteria
cbde59f6-2403-4d27-9a70-8eff02ee07c5	381630	1.0	confident	Methylobacterium jeotgali	Bacteria
77f8aac8-c279-4af9-b3e4-cdf51610d486	381630	1.0	confident	Methylobacterium jeotgali	Bacteria
89ed7776-2356-4139-820a-c15a4a5acb99	381630	1.0	confident	Methylobacterium jeotgali	Bacteria
47ac68c1-2ef7-4544-b41b-65ea5f7338e3	381630	1.0	confident	Methylobacterium jeotgali	Bacteria
f8f44f3d-606d-48f8-8613-55ac8b880b69	381630	1.0	confident	Methylobacterium jeotgali	Bacteria
90c5660b-3449-4a80-b8f4-176642bcbc9d	381630	1.0	confident	Methylobacterium jeotgali	Bacteria
35025196-783a-456b-80b1-9a386457c62c	381630	1.0	confident	Methylobacterium jeotgali	Bacteria
14d467ac-8f27-48f6-b7f3-44ca56a48d56	381630	1.0	confident	Methylobacterium jeotgali	Bacteria
cf371cfd-6e25-45d0-8d90-afb5034021e9	381630	1.0	confident	Methylobacterium jeotgali	Bacteria
04fbbfd9-3113-4bc3-a230-e64aafb77198	1562887	1.0	confident	Protofrankia coriariae	Bacteria
6d3543e4-a42b-4ec0-8cc2-a285bfcaa81b	1562887	1.0	confident	Protofrankia coriariae	Bacteria
ad8ee1e9-f9d2-40d0-83aa-f28ea6a3007e	1562887	1.0	confident	Protofrankia coriariae	Bacteria
5ad65e66-a012-4f47-b16c-3de5f88a5490	1562887	1.0	confident	Protofrankia coriariae	Bacteria
41e3f13b-f660-4c15-8c37-0f6b5cf0dac1	1562887	1.0	confident	Protofrankia coriariae	Bacteria
a6731bae-f6c6-4745-a3c7-141314516b4a	1562887	1.0	confident	Protofrankia coriariae	Bacteria
1d733a51-9f65-4419-9143-f6cf4ed594db	1562887	1.0	confident	Protofrankia coriariae	Bacteria
872ecc7b-5f84-4337-bfa2-1a56015bdb96	1562887	1.0	confident	Protofrankia coriariae	Bacteria
75b8e43c-adc2-49fd-a140-e192a7a89c16	1562887	1.0	confident	Protofrankia coriariae	Bacteria
f2639cc8-730e-4282-8009-27f9231ce072	1562887	1.0	confident	Protofrankia coriariae	Bacteria
84c66520-7efd-4ecb-b471-150d1e2e80fc	1562887	1.0	confident	Protofrankia coriariae	Bacteria
4273b516-bbf5-4dc7-9149-ffad72083fe9	1562887	1.0	confident	Protofrankia coriariae	Bacteria
0318a8f8-2c16-4ae2-8e6d-b9a024ae9192	1562887	1.0	confident	Protofrankia coriariae	Bacteria
a8b0bdce-89c1-4b6e-b2fc-b8191a7d9ed0	1562887	1.0	confident	Protofrankia coriariae	Bacteria
ab39272d-58e5-451e-afde-75e08c795a88	1562887	1.0	confident	Protofrankia coriariae	Bacteria
e9b16b9b-cd3a-4c8a-96e1-a97b0951aa16	1562887	1.0	confident	Protofrankia coriariae	Bacteria
b2d09939-af26-44af-ac48-ea4dca18e781	1562887	1.0	confident	Protofrankia coriariae	Bacteria
635f9067-82a2-4eb1-807c-1c95cdc91a1e	1562887	1.0	confident	Protofrankia coriariae	Bacteria
648d8729-7414-4760-a793-3bb44d98820f	1562887	1.0	confident	Protofrankia coriariae	Bacteria
7621151e-fbf9-4ead-8ee5-b28804d29477	1562887	1.0	confident	Protofrankia coriariae	Bacteria
0d13fbbe-046c-46b3-8f63-dcafd76c4a6d	1562887	1.0	confident	Protofrankia coriariae	Bacteria
6af965db-36a6-47ab-acf9-1e31062c54f8	1562887	1.0	confident	Protofrankia coriariae	Bacteria
3b176187-29aa-47e7-b232-bf4ee117a673	1562887	1.0	confident	Protofrankia coriariae	Bacteria
46d072be-1f5a-4cab-9adf-27f85e9149cb	1562887	1.0	confident	Protofrankia coriariae	Bacteria
60a3561e-de76-4a07-b546-10ce3637fc4b	1562887	1.0	confident	Protofrankia coriariae	Bacteria
5c975a41-abde-4062-a48a-4d4d069649e5	1562887	1.0	confident	Protofrankia coriariae	Bacteria
5ccce0a2-3429-4c13-9e5c-53e9c1992eb1	1562887	1.0	confident	Protofrankia coriariae	Bacteria
e6a6d869-0a2e-4c53-9fc9-47065a90f057	1562887	1.0	confident	Protofrankia coriariae	Bacteria
965a0366-7b3d-456e-861a-c87d5cfba329	1562887	1.0	confident	Protofrankia coriariae	Bacteria
ae091c70-fa08-480f-9eb3-900eeefdb6d4	1562887	1.0	confident	Protofrankia coriariae	Bacteria
cc118cec-c904-4c95-846e-0ed09108fda2	1562887	1.0	confident	Protofrankia coriariae	Bacteria
85430419-2456-4007-b5b8-e5e42e725a7d	1562887	1.0	confident	Protofrankia coriariae	Bacteria
16b47428-b76f-4797-a5f6-61177469e7da	1562887	1.0	confident	Protofrankia coriariae	Bacteria
9cda9c5a-cad0-47cd-a14a-da729f6be883	1562887	1.0	confident	Protofrankia coriariae	Bacteria
26e571e4-dc84-4b20-b4ed-08d55d7cc47f	1562887	1.0	confident	Protofrankia coriariae	Bacteria
03c68ae6-3cbd-41fb-94c4-a3a71eec708e	1562887	1.0	confident	Protofrankia coriariae	Bacteria
a042786c-4e07-4bb6-a5dc-4d6bc2b4a6f9	1562887	1.0	confident	Protofrankia coriariae	Bacteria
bd9d60bd-8f73-4458-a0d0-bd2476419028	108981	1.0	confident	Acinetobacter schindleri	Bacteria
244b943b-b92c-4459-a8d3-f171c69bcb22	108981	1.0	confident	Acinetobacter schindleri	Bacteria
dd7c6a16-f19a-484d-917f-1872a0cdb140	108981	1.0	confident	Acinetobacter schindleri	Bacteria
f9c3a1ae-a6de-40bd-9959-38719780d331	108981	1.0	confident	Acinetobacter schindleri	Bacteria
9a9878af-04c3-402f-acc5-a1f705bd4b13	108981	1.0	confident	Acinetobacter schindleri	Bacteria
9a176281-8ef2-4e27-a252-d6a08492e7cb	108981	1.0	confident	Acinetobacter schindleri	Bacteria
edd15d6c-4d33-49f7-9d05-4368ca287206	108981	1.0	confident	Acinetobacter schindleri	Bacteria
1a542c4b-dcf4-4dde-9fe4-279ee4b16e2b	108981	1.0	confident	Acinetobacter schindleri	Bacteria
7f888fa9-9b34-42cb-a4b9-25a71b58aa70	108981	1.0	confident	Acinetobacter schindleri	Bacteria
91f4bf6f-46c3-463b-9f0b-a52cbd193fca	108981	1.0	confident	Acinetobacter schindleri	Bacteria
f4901a9d-a2ba-4fa0-a485-55f9b53b1e82	108981	1.0	confident	Acinetobacter schindleri	Bacteria
14898a8b-8615-497d-a083-d779051bdbeb	108981	1.0	confident	Acinetobacter schindleri	Bacteria
0f43444b-4e8e-4b6d-bb34-9f27902428c3	108981	1.0	confident	Acinetobacter schindleri	Bacteria
e87909e2-f7ac-4930-b1d1-fdac5b1c4deb	108981	1.0	confident	Acinetobacter schindleri	Bacteria
e86f2413-e98d-4e0a-9d8f-ac077cfeca84	108981	1.0	confident	Acinetobacter schindleri	Bacteria
406c0123-7e01-4616-b51a-be2368b4ef22	108981	1.0	confident	Acinetobacter schindleri	Bacteria
3e1c520e-9acc-4fc2-9baf-2c93f48de07d	108981	1.0	confident	Acinetobacter schindleri	Bacteria
bc66dfec-9285-4b75-8994-6c08481f00c4	108981	1.0	confident	Acinetobacter schindleri	Bacteria
c1835611-1201-43f5-9791-22cdd274e542	108981	1.0	confident	Acinetobacter schindleri	Bacteria
9d78486e-f412-4498-868a-5844bbd6942d	108981	1.0	confident	Acinetobacter schindleri	Bacteria
69632791-d026-4092-86c6-11f91f68bece	108981	1.0	confident	Acinetobacter schindleri	Bacteria
614c0db0-619e-4888-97b9-33cf6d623554	108981	1.0	confident	Acinetobacter schindleri	Bacteria
3f5f8240-8b57-4e29-a619-ad6a0c7e43f3	108981	1.0	confident	Acinetobacter schindleri	Bacteria
c9b0279c-6285-4d13-89f7-3ff34d309594	108981	1.0	confident	Acinetobacter schindleri	Bacteria
95646fb1-01e2-47b8-8293-440bee4f3b37	108981	1.0	confident	Acinetobacter schindleri	Bacteria
85b77953-da4f-401c-886d-1897b0d2e533	108981	1.0	confident	Acinetobacter schindleri	Bacteria
99cf6b48-b21e-4b62-bc1b-06ceb6226f9c	2685937	1.0	confident	Virgibacillus kimchii	Bacteria
a5079536-dab1-4516-ab9c-4117c1232ce6	2685937	1.0	confident	Virgibacillus kimchii	Bacteria
86f2baf6-588d-46bf-973e-6ea0acaa37b1	2685937	1.0	confident	Virgibacillus kimchii	Bacteria
e9649dd4-7d36-4ab7-93c0-38c5e6d546b5	2685937	1.0	confident	Virgibacillus kimchii	Bacteria
6797ea1f-8d26-403f-ac4e-60ed8bf1665f	2685937	1.0	confident	Virgibacillus kimchii	Bacteria
c05f163d-12eb-4eab-8bad-025dd2bbb5e0	2685937	1.0	confident	Virgibacillus kimchii	Bacteria
75145c3b-db9f-4e05-9381-7eed4da53311	2685937	1.0	confident	Virgibacillus kimchii	Bacteria
7fa67ea5-c3ab-4857-b07b-366aba32bc75	2685937	1.0	confident	Virgibacillus kimchii	Bacteria
0c23e72e-dd72-4728-9b20-41a2e84da19d	2685937	1.0	confident	Virgibacillus kimchii	Bacteria
d00662ed-f8eb-46b4-b95a-25830ff56a30	2685937	1.0	confident	Virgibacillus kimchii	Bacteria
4315f326-b93d-42ca-9406-8a61feb7c2be	2685937	1.0	confident	Virgibacillus kimchii	Bacteria
b1d91456-840f-4860-9b02-213b57d1fb8e	2685937	1.0	confident	Virgibacillus kimchii	Bacteria
db6016f4-bc46-4104-b446-1702ce360649	2685937	1.0	confident	Virgibacillus kimchii	Bacteria
e1a4be5a-02ce-4d5d-9ecf-f8d366abe1a6	2685937	1.0	confident	Virgibacillus kimchii	Bacteria
1fdb0563-adb6-4132-acc5-cfe79a413d93	2685937	1.0	confident	Virgibacillus kimchii	Bacteria
8d387760-b245-4d47-8790-861546829439	2685937	1.0	confident	Virgibacillus kimchii	Bacteria
523253a8-9eab-473a-9496-95d5471462d6	2685937	1.0	confident	Virgibacillus kimchii	Bacteria
57fc169e-527f-4f4c-81ae-5c94ef69326b	2685937	1.0	confident	Virgibacillus kimchii	Bacteria
70a5e294-4743-41a7-afc2-0e7b8211aa00	2685937	1.0	confident	Virgibacillus kimchii	Bacteria
d83fe4f8-6ec7-4def-b101-e384f1f0706c	2685937	1.0	confident	Virgibacillus kimchii	Bacteria
