read_id	most_likely_taxon	confidence	assignment_certainty	taxon_name	kingdom
30f2df8f-9cb0-412c-aac0-1f2722e8007f	3068893	0.750620365699099	medium	Geothrix sp. 21YS21S-2	Bacteria
7ec3c7e8-2fd8-421c-a8ff-c499cfe28a4f	3068889	1.0	confident	Geothrix sp. 21YS21S-4	Bacteria
8e709074-d905-42ff-a14b-833b51f7ad87	3068893	0.748648490865801	medium	Geothrix sp. 21YS21S-2	Bacteria
3ed4e65a-8905-414c-802b-64d45953836e	3068889	1.0	confident	Geothrix sp. 21YS21S-4	Bacteria
1c039b69-aa66-49b5-a825-fd75cbd2fd1d	3068893	0.8601411345189615	high	Geothrix sp. 21YS21S-2	Bacteria
a3247c52-d636-41b0-a134-d515513a659a	2927980	1.0	confident	Mesoterricola sediminis	Bacteria
817080e5-526b-4496-abf3-51ea355bba73	2927980	0.9998946190379566	high	Mesoterricola sediminis	Bacteria
1bac29f7-eb54-4b8d-9d43-7c4f470ccd3b	3068893	0.6107783873395167	medium	Geothrix sp. 21YS21S-2	Bacteria
676a9764-6d86-4777-bb49-5378a56d0016	2927980	0.9962522855788802	high	Mesoterricola sediminis	Bacteria
f40d243c-8dd3-4d13-a5ea-ed4ecedc22c5	3068893	0.998691758482816	high	Geothrix sp. 21YS21S-2	Bacteria
684b924d-c4b0-4ad0-b826-a1633d77af95	2927980	1.0	confident	Mesoterricola sediminis	Bacteria
7029a012-20f2-43a6-b6a1-05e4adcc3c38	3068893	0.9691614212179206	high	Geothrix sp. 21YS21S-2	Bacteria
4b760e26-712a-4895-9adc-51edc3d9e295	3068893	0.9838881949476994	high	Geothrix sp. 21YS21S-2	Bacteria
58f0f7a9-e976-46fc-849a-023988c11d20	3068893	0.7503626173925055	medium	Geothrix sp. 21YS21S-2	Bacteria
af1aed9e-626e-4104-8a30-8c00cc1a992f	3068893	0.750739492604063	medium	Geothrix sp. 21YS21S-2	Bacteria
c1bd1cd5-613b-45b2-83ca-a7f77d79801e	3068893	0.9694759530125822	high	Geothrix sp. 21YS21S-2	Bacteria
ea46da28-1af9-40e1-98d9-c47e284fb109	2927980	0.999999996333884	high	Mesoterricola sediminis	Bacteria
749917fe-a5de-41a0-86f4-5cf49801d0f4	3068893	0.7496566496308193	medium	Geothrix sp. 21YS21S-2	Bacteria
c91a32bb-ffd7-43c3-961b-4986c3be4460	3068889	1.0	confident	Geothrix sp. 21YS21S-4	Bacteria
abd26f20-ca91-42cf-9fd3-749c792ef1af	3068893	0.7479778896896147	medium	Geothrix sp. 21YS21S-2	Bacteria
8cc1450c-8e77-4951-adc2-ec82b371012b	2927980	0.9926774352538448	high	Mesoterricola sediminis	Bacteria
de6bf33d-0c5a-4237-be93-b0f453bc6439	3068893	0.9687134892692444	high	Geothrix sp. 21YS21S-2	Bacteria
13855cd1-61f0-4060-8985-b4a010014b48	3068889	1.0	confident	Geothrix sp. 21YS21S-4	Bacteria
d8983a87-6364-42d8-ba6a-97b9c7bb2b17	3068893	0.7502318056564012	medium	Geothrix sp. 21YS21S-2	Bacteria
686ec789-fb93-479f-9dcc-50afeab11a82	2927980	0.986587758351255	high	Mesoterricola sediminis	Bacteria
c3037027-6a29-4c1b-b852-907261f20310	3068889	1.0	confident	Geothrix sp. 21YS21S-4	Bacteria
2520dd0e-31c9-4154-a47e-9bb440935b5f	2927980	0.9288183911352228	high	Mesoterricola sediminis	Bacteria
9f9f236f-5bd3-45eb-8d6e-53360eda087e	3068893	0.7499850583982788	medium	Geothrix sp. 21YS21S-2	Bacteria
d425bee5-8e93-4910-8e8d-459bf73a93f7	3068893	0.9694317213046962	high	Geothrix sp. 21YS21S-2	Bacteria
6816466f-71bb-445e-a4da-c5ea949f9cf6	3068893	0.9176538833601128	high	Geothrix sp. 21YS21S-2	Bacteria
c6dfaa23-c2f3-421b-8708-b70fdb5ef2ef	2927980	0.928704771979814	high	Mesoterricola sediminis	Bacteria
dc810b78-3261-4208-b28a-deee3ee6feb9	3068893	0.7501912741064171	medium	Geothrix sp. 21YS21S-2	Bacteria
25c60ade-d192-474e-9b5e-4e9884802cbe	2927980	1.0	confident	Mesoterricola sediminis	Bacteria
a403919f-c64f-4e45-80e5-b3ce23d77975	3068893	0.749322471864366	medium	Geothrix sp. 21YS21S-2	Bacteria
4e3fdc0b-e2f6-407b-87b2-7acf35b37d38	3068893	0.9220934587365076	high	Geothrix sp. 21YS21S-2	Bacteria
968071c9-905d-4a5b-b1c9-13ac4ebe9756	3068893	0.7501652757105483	medium	Geothrix sp. 21YS21S-2	Bacteria
14b08ee1-02fe-4c15-86af-03b859bf3d85	2927980	1.0	confident	Mesoterricola sediminis	Bacteria
766df485-e578-48b4-a580-3eff5f511270	2927980	1.0	confident	Mesoterricola sediminis	Bacteria
d1967edf-9efb-4dea-8711-6d71c3bb790e	3068893	0.7483125173288113	medium	Geothrix sp. 21YS21S-2	Bacteria
39da28bc-b422-4757-ab43-e8e0919066c1	2927980	0.9999999991372932	high	Mesoterricola sediminis	Bacteria
37c03a2a-710a-453f-ac78-69e1f4ef9690	3068893	0.999998903707893	high	Geothrix sp. 21YS21S-2	Bacteria
e4017514-3904-46dc-a3ee-3d3c59899679	3068893	0.991133965786706	high	Geothrix sp. 21YS21S-2	Bacteria
4c67381a-219e-4fef-bc07-b0e00ab7438c	3068893	0.7503006017640388	medium	Geothrix sp. 21YS21S-2	Bacteria
806265e3-8366-4c39-963c-9456ac246fe3	3068889	0.93178482345719	high	Geothrix sp. 21YS21S-4	Bacteria
b26765ea-924f-49dc-aa99-10463cfe8f0c	2927980	0.7854781618025444	medium	Mesoterricola sediminis	Bacteria
a9cb0509-a1fc-4a8a-bf87-baec23c4b618	2927980	0.9997932843236724	high	Mesoterricola sediminis	Bacteria
774d0dcb-0b99-4de4-802e-3b91e69aeaf2	2927980	0.9980286356039724	high	Mesoterricola sediminis	Bacteria
1de34df5-acd9-4d85-9b38-27a2b0e0a882	3068893	0.747805790064773	medium	Geothrix sp. 21YS21S-2	Bacteria
21570f47-1624-4280-8a9b-e64096e47a62	3068893	0.7467784857027707	medium	Geothrix sp. 21YS21S-2	Bacteria
b8ec1a89-edb8-42e3-b97f-bb8db69f6b58	3068893	0.7490678101459117	medium	Geothrix sp. 21YS21S-2	Bacteria
3146ff98-024c-44ed-af24-652aad8e7180	2927980	0.9999894409793012	high	Mesoterricola sediminis	Bacteria
8669a2ed-29e2-4c16-b0d6-0ba065afa13b	2927980	0.9962202244545268	high	Mesoterricola sediminis	Bacteria
505370c1-d5c8-4e48-99ac-57fc47ebc956	2927980	1.0	confident	Mesoterricola sediminis	Bacteria
10205720-5787-4b86-8e25-91a166fef675	2927980	1.0	confident	Mesoterricola sediminis	Bacteria
e388ad4b-deee-4969-8362-f15e2e4755a1	2927980	0.9999986007040172	high	Mesoterricola sediminis	Bacteria
ed18a0fd-3a00-45d3-b224-29a5af92730c	3068893	0.7619668101103082	medium	Geothrix sp. 21YS21S-2	Bacteria
8309f698-cb74-4c1c-92b7-4dc3bd83bf72	3068893	0.7502105056485175	medium	Geothrix sp. 21YS21S-2	Bacteria
f115a03b-1807-40f2-aa5b-331724f7dd9e	2927980	0.9355851501841737	high	Mesoterricola sediminis	Bacteria
1470c9a3-60ac-4c09-bcd7-7a8bfd37d16c	3068893	0.7502925135929408	medium	Geothrix sp. 21YS21S-2	Bacteria
9483f553-7bbc-45e4-81f1-784b730acf74	3068893	0.7498750144371805	medium	Geothrix sp. 21YS21S-2	Bacteria
5a3b0030-4c1d-4124-8903-717ea26a1a3d	3068893	0.7545343962369099	medium	Geothrix sp. 21YS21S-2	Bacteria
0bd70616-82a4-4831-8949-7717a9adfdfc	3068889	1.0	confident	Geothrix sp. 21YS21S-4	Bacteria
972d6237-1cfc-4580-9d1b-bff50798bde7	3068893	0.7505384296271866	medium	Geothrix sp. 21YS21S-2	Bacteria
7a07409d-8278-4f6b-a9d4-e1b873adece1	3068893	0.7496187597732069	medium	Geothrix sp. 21YS21S-2	Bacteria
61048c5f-80cf-4eff-a853-a113a29bcad3	3068893	0.7544057491273375	medium	Geothrix sp. 21YS21S-2	Bacteria
9cfae8aa-7408-4dd2-8a31-0cbde80e5b90	2927980	1.0	confident	Mesoterricola sediminis	Bacteria
2f4bae2e-6e75-4ecf-96c4-2097be4c2729	3068889	1.0	confident	Geothrix sp. 21YS21S-4	Bacteria
c5300f4c-cfc0-4f0e-9512-58230932a548	3068893	0.7499491283878538	medium	Geothrix sp. 21YS21S-2	Bacteria
d1a7a5c3-dd39-4558-8e7d-6a4f726982e5	3068893	0.7504564755842312	medium	Geothrix sp. 21YS21S-2	Bacteria
1bfb2fd7-7b4c-47ed-8a4a-feb4296e5642	2927980	1.0	confident	Mesoterricola sediminis	Bacteria
cab45d1e-0c89-4046-8416-8c0745afb268	3068893	0.7482745766000723	medium	Geothrix sp. 21YS21S-2	Bacteria
77b1755e-759b-4940-a9fd-a3ce8ca241f7	2927980	0.99997295397386	high	Mesoterricola sediminis	Bacteria
22f891b3-a3f0-4abc-bace-927ba0e777f6	3068893	0.9673990669429292	high	Geothrix sp. 21YS21S-2	Bacteria
9f02af65-2fae-4384-84ea-b74ae6016f37	3068889	1.0	confident	Geothrix sp. 21YS21S-4	Bacteria
f622f165-652e-4459-bd89-aaa0bcc71c77	2927980	0.9999999969024478	high	Mesoterricola sediminis	Bacteria
3b7e2bf6-db6e-4d10-82a4-5ba96fb0e29a	2927980	1.0	confident	Mesoterricola sediminis	Bacteria
dc3c5d01-0eb1-4a1f-ae95-3c0035f4f085	2927980	0.9999379607308954	high	Mesoterricola sediminis	Bacteria
4d867beb-aab8-49cc-a779-379c3cf5c003	3068889	0.8783266538562956	high	Geothrix sp. 21YS21S-4	Bacteria
825f28c7-b94c-434e-ab04-5ebe60aa3d50	2927980	0.9999939694993148	high	Mesoterricola sediminis	Bacteria
7afca713-50bd-425e-a868-4746648fc051	2927980	0.9999987209725146	high	Mesoterricola sediminis	Bacteria
d34fe696-cb2d-45fc-be02-9692e3bddbfa	3068889	1.0	confident	Geothrix sp. 21YS21S-4	Bacteria
2f1cc49a-a69b-47b0-85a0-d43efcb2a0f9	3068893	0.9840020799710956	high	Geothrix sp. 21YS21S-2	Bacteria
afbeb6fd-d829-48a0-bbbb-23d940acab9f	3068893	0.7507238448483474	medium	Geothrix sp. 21YS21S-2	Bacteria
c9cb5c63-68d5-4a2e-8bf1-ccf25ec669d2	3068893	0.7490692236206714	medium	Geothrix sp. 21YS21S-2	Bacteria
fd509f89-cadb-41af-84cf-9d8f18a323df	3068893	0.5422280887135885	medium	Geothrix sp. 21YS21S-2	Bacteria
d8067cfc-4954-4fc1-a381-7cfc33489bfb	2927980	0.9999999999582871	high	Mesoterricola sediminis	Bacteria
01d97e11-4969-4532-a5b5-7feedcb973a6	2927980	1.0	confident	Mesoterricola sediminis	Bacteria
ff3baed6-470d-478f-8f9d-838d8ef4b2b8	2927980	0.9999985749902082	high	Mesoterricola sediminis	Bacteria
e3e4c26b-fbf1-49d2-a637-3057cfa0be78	3068893	0.7505267632039172	medium	Geothrix sp. 21YS21S-2	Bacteria
1b5365b9-9e8c-409b-9026-391edfd3be2d	3068893	0.6179546510015621	medium	Geothrix sp. 21YS21S-2	Bacteria
4bb6ef54-25f9-4b83-8d57-8a7b0f2ae719	3068893	0.749709632155536	medium	Geothrix sp. 21YS21S-2	Bacteria
297114ae-2d63-483d-b3b0-d33da6a761aa	3068893	0.7508960914301414	medium	Geothrix sp. 21YS21S-2	Bacteria
7f96b45c-e180-4ccc-9c51-9a97ad72ba3a	3068893	0.749783127435975	medium	Geothrix sp. 21YS21S-2	Bacteria
d506960c-33b7-41dd-b213-0a3a9b21aa52	2927980	0.9999878500871786	high	Mesoterricola sediminis	Bacteria
da26ebc8-9fca-48c9-bcb4-7cafaf07401a	3068893	0.7490614732204214	medium	Geothrix sp. 21YS21S-2	Bacteria
57182122-5d14-4b81-9433-63753441bf0b	3068893	0.9997277027851412	high	Geothrix sp. 21YS21S-2	Bacteria
b1148d3a-8189-4d4b-a018-78a51be0510e	3068893	0.7482114843647252	medium	Geothrix sp. 21YS21S-2	Bacteria
9dface33-2f5f-45da-a967-fd067abd9a6a	3068893	0.7497485799903327	medium	Geothrix sp. 21YS21S-2	Bacteria
eab2316a-4c1b-49eb-b41d-e798cde521a8	3068893	0.9145868264628964	high	Geothrix sp. 21YS21S-2	Bacteria
d1212668-dd65-42f3-a866-2ac3e4561caa	3068893	0.7501652757105483	medium	Geothrix sp. 21YS21S-2	Bacteria
39433d26-44f7-4d69-b761-0fd5251a0977	3068893	0.9942354829179268	high	Geothrix sp. 21YS21S-2	Bacteria
2a5f5070-b5ab-4710-a5ee-27332bcab96c	3068893	0.8519008721721646	high	Geothrix sp. 21YS21S-2	Bacteria
ff373098-7c96-46e3-b0b7-57f602f4c1e7	2927980	0.9999894534093464	high	Mesoterricola sediminis	Bacteria
ea4f47a6-89ae-487a-aa7b-b8099573524d	3068893	0.9839587027712692	high	Geothrix sp. 21YS21S-2	Bacteria
eb1d87e1-d6eb-41b7-8f8a-30bb0a43aa8c	3068893	0.9840086454617026	high	Geothrix sp. 21YS21S-2	Bacteria
15c3063e-cb93-4425-a704-395824c8451f	3068893	0.9915307650114816	high	Geothrix sp. 21YS21S-2	Bacteria
28f6989a-d8c8-45e9-9b80-d639716fd82b	3068893	0.9915257921428337	high	Geothrix sp. 21YS21S-2	Bacteria
44464442-f27a-4358-b1a7-f46b364cb3ab	3068889	1.0	confident	Geothrix sp. 21YS21S-4	Bacteria
1e5cc232-9f77-450b-91ef-614f4d4e8d59	3068893	0.99957468190813	high	Geothrix sp. 21YS21S-2	Bacteria
eb917177-4065-43b9-8a66-77806a8f0494	3068893	0.7503745035721718	medium	Geothrix sp. 21YS21S-2	Bacteria
ce8f451a-f2f4-4d70-a360-19764da6384b	3068893	0.7501493367639859	medium	Geothrix sp. 21YS21S-2	Bacteria
21dad224-eea4-4aa7-ac33-3a68f6fdcc7b	3068893	0.9995729247511292	high	Geothrix sp. 21YS21S-2	Bacteria
411cfd67-cc0d-4f20-a001-d76213f4d2e9	2927980	0.9999985912593256	high	Mesoterricola sediminis	Bacteria
d34ad215-2f0c-4e3d-bbfd-0a3d1150a305	3068893	0.9995813662367208	high	Geothrix sp. 21YS21S-2	Bacteria
926620a3-adee-49e8-bfe2-7375e53a00cb	3068893	0.9838624160993482	high	Geothrix sp. 21YS21S-2	Bacteria
170cb94d-95b7-4db2-ab15-ab6f3b80ac1e	2927980	0.9993280900387668	high	Mesoterricola sediminis	Bacteria
e2cc3d6f-7ca1-4507-9ce3-9f559e278fc7	3068893	0.7496566496308193	medium	Geothrix sp. 21YS21S-2	Bacteria
8b72cc6f-ab72-4190-a83f-73d3cd12d95a	3068889	1.0	confident	Geothrix sp. 21YS21S-4	Bacteria
23736f4c-ca13-45c6-af2d-a4186de8d296	3068889	1.0	confident	Geothrix sp. 21YS21S-4	Bacteria
d752a7aa-c4af-4494-b16d-7c9dc1ecbf12	2927980	0.9999986007040172	high	Mesoterricola sediminis	Bacteria
0043eaa4-3dfd-456c-ac30-97d2ffe0c496	3068893	0.9163068560751764	high	Geothrix sp. 21YS21S-2	Bacteria
3e4b6189-f808-420a-8acc-5450366e24f7	3068889	1.0	confident	Geothrix sp. 21YS21S-4	Bacteria
440312df-dc93-4adf-a4af-8723d6332f10	2927980	0.9288179256719884	high	Mesoterricola sediminis	Bacteria
cc6d62b8-2978-4c04-bdd4-95841acb5189	2927980	0.999998590722904	high	Mesoterricola sediminis	Bacteria
b6ffebab-f4b5-4ecd-9a52-0b03eb7c6f48	2927980	1.0	confident	Mesoterricola sediminis	Bacteria
70569bc0-4315-4ec6-b82e-efc6609b62ef	3068893	0.7494018822406034	medium	Geothrix sp. 21YS21S-2	Bacteria
97e9ff44-672b-472d-ae14-f919f0d293e7	3068889	1.0	confident	Geothrix sp. 21YS21S-4	Bacteria
43467026-7e62-4890-949d-e8d49a463e39	2927980	0.9796436490735088	high	Mesoterricola sediminis	Bacteria
835663a1-8399-4216-83e6-2330b7faaccd	3068893	0.7491155278129612	medium	Geothrix sp. 21YS21S-2	Bacteria
1a1937ef-0178-45e3-8d75-27e1184b2059	3068893	0.7490835362766729	medium	Geothrix sp. 21YS21S-2	Bacteria
00dc4b83-6268-4c24-b74c-7ecfd2fdaaa3	3068893	0.7503216149181926	medium	Geothrix sp. 21YS21S-2	Bacteria
f0e7b3f7-e33d-4694-89a4-ab3f0933b25d	2927980	0.9999482597733856	high	Mesoterricola sediminis	Bacteria
fae50478-0d03-4184-ad58-8431b4e6888e	3068893	0.9522675109340938	high	Geothrix sp. 21YS21S-2	Bacteria
663533e8-04c8-4cf6-9c24-168d86596fcd	3068893	0.9943274584832004	high	Geothrix sp. 21YS21S-2	Bacteria
aee6f046-0ec4-4077-96f9-3d4df4e268fc	3068893	0.9696638463561004	high	Geothrix sp. 21YS21S-2	Bacteria
2ad61d34-ecc8-49bc-965e-d2650f8014cd	3068889	1.0	confident	Geothrix sp. 21YS21S-4	Bacteria
833e3613-975d-4dd0-a328-180d6dd2890d	2927980	0.9999999982834648	high	Mesoterricola sediminis	Bacteria
2a1a00fc-65b7-4225-a1fe-28ee50f91aa9	3068893	0.7627891024961057	medium	Geothrix sp. 21YS21S-2	Bacteria
07608d67-0e5e-48c8-9850-ae9c478e3bec	2927980	0.9980333481736534	high	Mesoterricola sediminis	Bacteria
6accf278-5042-4e35-bd18-86ea363db6ff	2927980	0.997379903512065	high	Mesoterricola sediminis	Bacteria
14c0761f-79dc-4333-970a-a579fd6aba71	2927980	0.999993958009696	high	Mesoterricola sediminis	Bacteria
cf944c18-28c5-4b88-a802-0dd8118f2adb	2927980	0.9992779030388036	high	Mesoterricola sediminis	Bacteria
305d2ade-5987-4782-9d8c-4f224ca2d813	2927980	0.8741683887989736	high	Mesoterricola sediminis	Bacteria
7e2c2280-f300-49f9-8dbd-cdb67b81d5e4	3068893	0.7470249228299723	medium	Geothrix sp. 21YS21S-2	Bacteria
a0bc07ed-d2ad-4193-866b-876de574e03a	3068889	1.0	confident	Geothrix sp. 21YS21S-4	Bacteria
987ae712-b80b-4268-9e2e-64faf21125ec	3068893	0.8489924709856973	high	Geothrix sp. 21YS21S-2	Bacteria
0b760a4b-6d85-4e51-9c60-b996f7194dba	2927980	1.0	confident	Mesoterricola sediminis	Bacteria
a4e3150c-2cd4-433a-bdec-b43af6c1aef4	3068893	0.7502105056485175	medium	Geothrix sp. 21YS21S-2	Bacteria
c1568f41-f1ad-4a0f-9103-9a25ca087bd8	3068893	0.7504564755842312	medium	Geothrix sp. 21YS21S-2	Bacteria
aefe4db9-fd8d-4983-9d46-2c98a987f91a	3068893	0.7504564755842312	medium	Geothrix sp. 21YS21S-2	Bacteria
100ab9d8-be8c-4ebe-916a-3cfd6093211f	2927980	0.9999999675865158	high	Mesoterricola sediminis	Bacteria
8966ad01-51b7-4e8d-9fff-580fc951b684	3068893	0.749806012813443	medium	Geothrix sp. 21YS21S-2	Bacteria
35fbb5a8-acaf-4e45-bbf6-d7d0ca777e67	3068889	0.5714970976535566	medium	Geothrix sp. 21YS21S-4	Bacteria
de58ffd6-ea63-4de2-9d6e-591aafa04b45	2927980	0.9962468109511968	high	Mesoterricola sediminis	Bacteria
10deac60-2698-465a-a92c-90d02c5aca0e	2927980	1.0	confident	Mesoterricola sediminis	Bacteria
007474a7-4e5e-46e4-89ae-02bd9b541aaf	3068893	0.8513903065563403	high	Geothrix sp. 21YS21S-2	Bacteria
8bf7b8b8-77eb-4056-a85c-2dbb686736e5	2927980	1.0	confident	Mesoterricola sediminis	Bacteria
ad773519-7f0f-448e-af4a-90057345d090	2927980	0.9927342821006332	high	Mesoterricola sediminis	Bacteria
d1c7bd71-f2e2-470b-a15c-7daf11a2c5b1	3068893	0.9834137546909404	high	Geothrix sp. 21YS21S-2	Bacteria
5137df0a-4752-4345-8915-e2484eba7fcb	3068893	0.7494538944758072	medium	Geothrix sp. 21YS21S-2	Bacteria
030c078b-01a9-4019-8e05-ee48dcb27fa7	2927980	0.9999992587758508	high	Mesoterricola sediminis	Bacteria
60ab2b18-396a-4cb5-8769-880e8e75ddf9	3068893	0.7491441829266295	medium	Geothrix sp. 21YS21S-2	Bacteria
b5e408f8-f1eb-4c09-9a20-1a5be3160ac8	3068893	0.7506655406317656	medium	Geothrix sp. 21YS21S-2	Bacteria
0620b1a7-ddf0-4539-a676-c0a8dadaaa36	2927980	0.9962506165822358	high	Mesoterricola sediminis	Bacteria
0b440ca0-3517-4d22-a0dc-23507c4f81bf	3068889	1.0	confident	Geothrix sp. 21YS21S-4	Bacteria
bf6329a4-b6fd-4370-95a8-ca5af83144cd	3068889	1.0	confident	Geothrix sp. 21YS21S-4	Bacteria
1f4c2962-a2d6-4666-aafe-7862ce2697f0	2927980	0.9863767101141856	high	Mesoterricola sediminis	Bacteria
8f0c7747-e680-4de1-bd6c-e58043401391	3068893	0.7502923186236619	medium	Geothrix sp. 21YS21S-2	Bacteria
6ad88c2b-ba46-41c8-a916-5bf56c955081	2927980	0.6930681200399731	medium	Mesoterricola sediminis	Bacteria
a41bda1e-71ed-4262-a406-db6a665dff3e	3068893	0.7472560151195632	medium	Geothrix sp. 21YS21S-2	Bacteria
84e67393-b9aa-45a4-977f-bcf6b6f7d1d6	3068893	0.7491679688647152	medium	Geothrix sp. 21YS21S-2	Bacteria
fa5d8aab-397a-455c-8680-414a65494a65	3068893	0.9999906587084816	high	Geothrix sp. 21YS21S-2	Bacteria
02459079-5288-4149-b7d9-23014694341e	3068889	1.0	confident	Geothrix sp. 21YS21S-4	Bacteria
490a04f9-66f7-4931-81a6-5a5d58ebce76	3068893	0.7504194544719828	medium	Geothrix sp. 21YS21S-2	Bacteria
5c4b4fe9-863a-490c-a98b-b5a2350ed1e7	2927980	1.0	confident	Mesoterricola sediminis	Bacteria
b9f9d776-d08f-4a8e-9845-bb1554e95475	3068893	0.7635699978150134	medium	Geothrix sp. 21YS21S-2	Bacteria
05b03ef0-8b68-4808-b5f5-ac8ba8b3e28c	2927980	0.7805369685188199	medium	Mesoterricola sediminis	Bacteria
6b6c6b55-84d2-4f9a-b643-aaf4e52153ae	3068893	0.5185867755611245	medium	Geothrix sp. 21YS21S-2	Bacteria
2d31f8d3-dc31-4fb1-83ff-0533f11099ea	3068893	0.7479327237739072	medium	Geothrix sp. 21YS21S-2	Bacteria
4bfb309e-ca76-4483-917c-950aacb1d242	3068893	0.7501867056308058	medium	Geothrix sp. 21YS21S-2	Bacteria
a2c45cb5-72c5-48a1-9595-7ac189f60436	3068893	0.7505675118207064	medium	Geothrix sp. 21YS21S-2	Bacteria
53424d76-3194-4999-8190-34a6f5fa9a34	3068893	0.7503375295932849	medium	Geothrix sp. 21YS21S-2	Bacteria
12348f6d-5799-4e87-b835-0f13997f6069	2927980	0.9999985877802736	high	Mesoterricola sediminis	Bacteria
0ffea282-acf4-4908-bccf-acc741818947	3068893	0.8510409553760012	high	Geothrix sp. 21YS21S-2	Bacteria
a0c42081-6830-4306-ad0d-5a8bf76a5ee4	2927980	0.9614476275443	high	Mesoterricola sediminis	Bacteria
6cbc23d9-fb20-4871-b1ad-30486493ab78	3068893	0.99366349359092	high	Geothrix sp. 21YS21S-2	Bacteria
3a245787-a1c1-4a4f-8237-4835157748b5	3068893	0.7505384296271866	medium	Geothrix sp. 21YS21S-2	Bacteria
fe29d661-a549-4e98-8c45-f2c06553332f	2927980	0.9999986419423867	high	Mesoterricola sediminis	Bacteria
31e73af9-f038-4bd7-8dc9-aa4da6841553	3068889	1.0	confident	Geothrix sp. 21YS21S-4	Bacteria
bb3644e2-f8d5-4543-bf09-ccfa3e9bedca	2927980	1.0	confident	Mesoterricola sediminis	Bacteria
f2129912-af0c-451c-ac6b-11c403456cd6	3068893	0.7499935341818581	medium	Geothrix sp. 21YS21S-2	Bacteria
9bd2d84c-4947-4393-86eb-a79829eb2d28	3068893	0.6095675141597945	medium	Geothrix sp. 21YS21S-2	Bacteria
7437d983-7f03-4551-a4c4-97a8d387250d	3068893	0.7490845903446208	medium	Geothrix sp. 21YS21S-2	Bacteria
facb4e0d-542f-42c4-a79a-dc120ac4bfde	3068893	0.9997812351161574	high	Geothrix sp. 21YS21S-2	Bacteria
e6040932-34de-4528-9cbe-963b2234fcb8	2927980	0.999998737101496	high	Mesoterricola sediminis	Bacteria
b16c0aa6-4308-4d87-bbcd-06736b01f8e9	3068893	0.750694735569131	medium	Geothrix sp. 21YS21S-2	Bacteria
d32e7217-14f1-4f82-b7c3-9f546a04f64d	2927980	0.9999972642642364	high	Mesoterricola sediminis	Bacteria
119681d9-b4c4-44b0-a25d-75b8b2192dae	3068893	1.0	confident	Geothrix sp. 21YS21S-2	Bacteria
83ff54e4-c829-4d78-8859-65f1e7d87bff	2927980	0.961448061590392	high	Mesoterricola sediminis	Bacteria
c2b7ee0a-eea0-4bcc-9459-d218724bdcf5	3068893	0.7488291217959411	medium	Geothrix sp. 21YS21S-2	Bacteria
fe6440e9-32fc-4d36-aeda-d81d5822b506	3068893	0.7501358198205209	medium	Geothrix sp. 21YS21S-2	Bacteria
c5f03daa-5df0-4813-a2da-65e8723bcb45	3068893	0.7505384296271866	medium	Geothrix sp. 21YS21S-2	Bacteria
a0e8a1e2-dfe7-44a1-92b5-112625f3000e	2927980	0.9999998790245987	high	Mesoterricola sediminis	Bacteria
069dd00f-e364-4674-8346-919c85a526af	3068893	0.7499455270861709	medium	Geothrix sp. 21YS21S-2	Bacteria
d91ab842-17a5-4912-8d66-fc7d44ba14b0	3068889	1.0	confident	Geothrix sp. 21YS21S-4	Bacteria
7f6f9fd0-2cf5-419e-8728-dd167b01af6f	3068893	0.609727349118307	medium	Geothrix sp. 21YS21S-2	Bacteria
af8ea539-d2d0-4acf-91dc-744665eb0332	3068893	0.9915781297810256	high	Geothrix sp. 21YS21S-2	Bacteria
4fa37bad-4e0b-4321-8fda-c8dd81b7d696	3068893	0.6101939178008587	medium	Geothrix sp. 21YS21S-2	Bacteria
8cbcc920-41b6-44fd-92bd-eb19bf4f0a11	2927980	0.9999437475802828	high	Mesoterricola sediminis	Bacteria
544f48ab-0181-4c0e-93aa-f0222bf6ee2e	3068889	0.999962539944256	high	Geothrix sp. 21YS21S-4	Bacteria
9c813166-e278-493a-b2d2-0d0de828771e	3068893	0.9156033149573972	high	Geothrix sp. 21YS21S-2	Bacteria
c766b9cb-1c72-4f01-ab25-f773ad326945	3068893	0.7498596016657523	medium	Geothrix sp. 21YS21S-2	Bacteria
b1100429-3dbf-46f0-84b5-0dfb71273e20	2927980	0.9997763964695164	high	Mesoterricola sediminis	Bacteria
0b253f65-9bd6-4a33-8fe4-736b7a89a28a	3068893	0.7497637413792353	medium	Geothrix sp. 21YS21S-2	Bacteria
d1f92c01-0216-4290-a572-5803c79d6ab7	3068893	0.7488131568654316	medium	Geothrix sp. 21YS21S-2	Bacteria
e4ac06d5-b1ea-4c51-bf58-1ec389115b5c	3068893	0.7496748638333991	medium	Geothrix sp. 21YS21S-2	Bacteria
206dca90-ee22-4e6c-8e16-cda9a952eed0	3068889	1.0	confident	Geothrix sp. 21YS21S-4	Bacteria
bedfe84c-40e2-4153-8418-59ada1526b34	2927980	1.0	confident	Mesoterricola sediminis	Bacteria
450fceef-2017-473e-a933-ea9991ce2978	3068889	1.0	confident	Geothrix sp. 21YS21S-4	Bacteria
67a105e6-3c40-448c-803d-875deb2b69d5	3068893	0.7505755441876495	medium	Geothrix sp. 21YS21S-2	Bacteria
706ab605-c573-44b2-bf45-16d2bcc9e445	3068889	0.8772363302288336	high	Geothrix sp. 21YS21S-4	Bacteria
336eca40-f74b-4067-b8ef-cbe44b9c943e	2927980	0.9508264826597738	high	Mesoterricola sediminis	Bacteria
24b04ed4-4f69-4d5f-aba3-a04ccd76c4ac	3068893	0.7505755441876495	medium	Geothrix sp. 21YS21S-2	Bacteria
244b91db-b9f2-4aa6-95a5-8f3a00784c51	2927980	1.0	confident	Mesoterricola sediminis	Bacteria
0de6c9b3-48d7-485c-b17d-3df107ffa116	3068893	0.747389057318938	medium	Geothrix sp. 21YS21S-2	Bacteria
ab01fa43-f725-4be9-9b74-18118a222eee	3068893	0.7498284340345466	medium	Geothrix sp. 21YS21S-2	Bacteria
e8a3bd77-1494-469f-95d6-d72b03ea11c7	3068893	0.6637692863495064	medium	Geothrix sp. 21YS21S-2	Bacteria
978f9cc4-dfc1-45f9-b582-1faaeea76aa0	2927980	0.9980464069572608	high	Mesoterricola sediminis	Bacteria
34fc7eb3-4e72-461e-9b53-1f456974360b	3068893	0.7526124926233186	medium	Geothrix sp. 21YS21S-2	Bacteria
c28726e9-9c38-4d2a-b7b0-86f412eda924	2927980	0.9999862109039124	high	Mesoterricola sediminis	Bacteria
6044637a-0de9-4a97-b4a6-d7bd44652e61	2927980	1.0	confident	Mesoterricola sediminis	Bacteria
7d25fbe4-c32a-4fba-bdfd-954c2e328de8	2927980	1.0	confident	Mesoterricola sediminis	Bacteria
e9309f8f-818d-4767-b8f2-53bb4970dda3	3068893	0.7497690500821734	medium	Geothrix sp. 21YS21S-2	Bacteria
97fe6249-9142-4208-af20-a0442871e602	3068893	0.7505226482963889	medium	Geothrix sp. 21YS21S-2	Bacteria
a85a2c49-20b3-45c5-8213-844e4b192f35	3068889	1.0	confident	Geothrix sp. 21YS21S-4	Bacteria
48304a4d-d137-48fb-bae8-0a0419fac207	2927980	1.0	confident	Mesoterricola sediminis	Bacteria
85d186bf-189f-467c-bc3a-2adbdcccd6a9	3068893	0.7501284797408221	medium	Geothrix sp. 21YS21S-2	Bacteria
7cfef6a9-300a-4667-956d-f24740033f07	3068893	0.7493075998239386	medium	Geothrix sp. 21YS21S-2	Bacteria
7c6e4379-9b2c-46ca-a815-8fdebfa935bb	2927980	0.8719969779200072	high	Mesoterricola sediminis	Bacteria
5ec25189-5c81-4c95-bba3-e69d9b9ffc88	3068893	0.7501943869272236	medium	Geothrix sp. 21YS21S-2	Bacteria
372a5de0-67f6-4d9c-ae83-881c678be145	2927980	0.956362215361901	high	Mesoterricola sediminis	Bacteria
f1267fc8-ebac-4186-9542-8873a539b346	3068889	0.9990236500937366	high	Geothrix sp. 21YS21S-4	Bacteria
f91426cc-4c7d-42f2-827c-14dc3083b090	3068893	0.7503745035721718	medium	Geothrix sp. 21YS21S-2	Bacteria
db2abb58-87dc-48c2-b601-33129e2ecb98	3068893	0.7486452748234802	medium	Geothrix sp. 21YS21S-2	Bacteria
c0fc3e6b-6cc4-48b5-8f84-0dcb49e0d52e	3068893	1.0	confident	Geothrix sp. 21YS21S-2	Bacteria
06c19db4-5616-451b-89cc-c6a01213ef75	162028	1.0	confident	Haliangium tepidum	Bacteria
12de75bc-6a76-4010-840e-70694c2fa498	162028	1.0	confident	Haliangium tepidum	Bacteria
dcbc7aab-85d3-412f-a03a-351ef833e83c	162028	1.0	confident	Haliangium tepidum	Bacteria
63fcd347-dcc7-4d80-8ac6-3d8bee954dc8	162028	1.0	confident	Haliangium tepidum	Bacteria
8ffbcf93-5f5e-4385-a00c-4f96c5b8b5fc	162028	1.0	confident	Haliangium tepidum	Bacteria
975b50d6-2d1d-4a08-8e55-d84ac70ec1f5	162028	1.0	confident	Haliangium tepidum	Bacteria
6eb1beea-9c2f-48c4-8380-d57c1033ccb9	162028	1.0	confident	Haliangium tepidum	Bacteria
551f44b0-46db-4cf6-9927-8f2df960f8ba	162028	1.0	confident	Haliangium tepidum	Bacteria
3c82e548-f51a-47c1-8652-b9b26f2f7d95	162028	1.0	confident	Haliangium tepidum	Bacteria
2ecff0a9-d4af-403e-965d-f5ccd9a96617	162028	1.0	confident	Haliangium tepidum	Bacteria
4805d838-e102-4f28-ae2b-fa65aae485b9	162028	1.0	confident	Haliangium tepidum	Bacteria
00f3ca06-7190-4d49-9bd2-428c704795d0	162028	1.0	confident	Haliangium tepidum	Bacteria
c08118d8-d443-4b06-8bc6-561bebfe6c3b	162028	1.0	confident	Haliangium tepidum	Bacteria
61e1314c-7c92-4d0d-b3ce-a0de91ae5e8f	162028	1.0	confident	Haliangium tepidum	Bacteria
958aa4d4-0d91-4b1c-836d-13bc26bf4216	162028	1.0	confident	Haliangium tepidum	Bacteria
e4bd6f23-4f8c-46d1-8830-48fd1b2f4118	162028	1.0	confident	Haliangium tepidum	Bacteria
7b6d76de-d014-44b0-abd8-0c5c593db256	162028	1.0	confident	Haliangium tepidum	Bacteria
6710f872-b930-4f8f-9a91-c2b5837e6700	162028	1.0	confident	Haliangium tepidum	Bacteria
e0c93762-df09-4b66-9778-80dafcf592a5	162028	1.0	confident	Haliangium tepidum	Bacteria
cb9835be-5f6c-4150-abeb-fd9a5f768ba2	162028	1.0	confident	Haliangium tepidum	Bacteria
3647eb7d-3da2-4377-a962-a2063cd7a922	162028	1.0	confident	Haliangium tepidum	Bacteria
d2d8a56b-4d7e-465c-9713-70f77b6f1983	162028	1.0	confident	Haliangium tepidum	Bacteria
d48f60e0-3dcf-4b69-9b9a-dda1a4641e9f	162028	1.0	confident	Haliangium tepidum	Bacteria
eb38dc0b-e07e-440c-97fb-1e60aa15efe0	162028	1.0	confident	Haliangium tepidum	Bacteria
cb230b22-c74d-4501-8eed-1de1d108fc3a	162028	1.0	confident	Haliangium tepidum	Bacteria
0e9e96b0-c65b-418e-898b-e7d5bf63ded7	162028	1.0	confident	Haliangium tepidum	Bacteria
1f4a3230-8e56-41d1-8089-d126b327a176	162028	1.0	confident	Haliangium tepidum	Bacteria
2658d9d1-9c08-4185-99ad-844bf4dada28	162028	1.0	confident	Haliangium tepidum	Bacteria
067a5177-f0c2-4db2-b526-8373b2d0c62f	162028	1.0	confident	Haliangium tepidum	Bacteria
e21cabab-e798-4079-b498-7c9a879d1d1c	162028	1.0	confident	Haliangium tepidum	Bacteria
4b513fee-be34-4cf5-9748-3861cf202918	162028	1.0	confident	Haliangium tepidum	Bacteria
458ce585-e01d-4989-932c-362ee09060ab	162028	1.0	confident	Haliangium tepidum	Bacteria
0f2f48c8-1a5d-4d38-bfbe-79432be8e0ac	162028	1.0	confident	Haliangium tepidum	Bacteria
d879f8c5-981d-4c8b-8149-3e10ead3ef3f	162028	1.0	confident	Haliangium tepidum	Bacteria
e06c04aa-5936-47ac-8ea6-ec068c283772	162028	1.0	confident	Haliangium tepidum	Bacteria
f99a0634-b7a9-482f-a23f-88d61708f22b	162028	1.0	confident	Haliangium tepidum	Bacteria
c2cbce87-aec6-4a89-9743-52a88603f4ac	162028	1.0	confident	Haliangium tepidum	Bacteria
4b9ebf95-7c6f-403e-8042-db6d5ebe4d1f	162028	1.0	confident	Haliangium tepidum	Bacteria
25a76460-9992-4dcc-9e2a-8f25a5f4c521	162028	1.0	confident	Haliangium tepidum	Bacteria
5b969b53-a95d-4da2-8ebe-55a6f2fbcc27	162028	1.0	confident	Haliangium tepidum	Bacteria
342d08b1-c5cf-4be3-866c-908abd004d91	162028	1.0	confident	Haliangium tepidum	Bacteria
d4992a08-c6d1-4ea3-8628-0b1dcf182728	162028	1.0	confident	Haliangium tepidum	Bacteria
0862c4a3-f12a-4c22-a63d-f10120483409	162028	1.0	confident	Haliangium tepidum	Bacteria
1d40dca0-e7f2-4bc0-b60a-59f3905b2212	162028	1.0	confident	Haliangium tepidum	Bacteria
87ecef6d-61f9-4f06-bfb1-d3e37db8e194	162028	1.0	confident	Haliangium tepidum	Bacteria
4b131d89-b0be-4350-b837-0e2bda52b073	162028	1.0	confident	Haliangium tepidum	Bacteria
08759d9a-b884-431b-b605-bceb41dfbec5	162028	1.0	confident	Haliangium tepidum	Bacteria
323b7df1-302c-4194-9d1f-e25e5906a984	162028	1.0	confident	Haliangium tepidum	Bacteria
1f132b99-60b6-4440-a449-8ba5330374af	162028	1.0	confident	Haliangium tepidum	Bacteria
1d06f576-80d6-4b41-a9a8-96d2a08c139b	162028	1.0	confident	Haliangium tepidum	Bacteria
9a53b9fe-b546-4491-a31b-c0e37274aa87	162028	1.0	confident	Haliangium tepidum	Bacteria
2efc68f0-16aa-47f2-be1a-0bd0dd18ae92	162028	1.0	confident	Haliangium tepidum	Bacteria
338ec270-0a95-477d-8d49-47f40ad5a401	162028	1.0	confident	Haliangium tepidum	Bacteria
c206d50e-e43d-4002-b90f-91e5d8c1e32f	162028	1.0	confident	Haliangium tepidum	Bacteria
6dd31814-30aa-44e1-b6f8-927e28fcebc4	162028	1.0	confident	Haliangium tepidum	Bacteria
6bbb5420-a0c5-45c4-9124-bf00d6b3b768	162028	1.0	confident	Haliangium tepidum	Bacteria
6b90acbe-e207-4247-a988-c24d5a1b16ac	162028	1.0	confident	Haliangium tepidum	Bacteria
aa2bec6f-b681-4c49-9380-c1b04aee1e47	162028	1.0	confident	Haliangium tepidum	Bacteria
8f044147-132e-4cb6-a240-e16706545949	162028	1.0	confident	Haliangium tepidum	Bacteria
130b9490-77b8-4f8c-bf3a-f0948be06c31	162028	1.0	confident	Haliangium tepidum	Bacteria
fb039d0f-0ad8-442b-94d4-166909d2fcdd	162028	1.0	confident	Haliangium tepidum	Bacteria
7e190492-5df9-4776-89ed-c1044a540e4e	162028	1.0	confident	Haliangium tepidum	Bacteria
db377db8-b871-4d5d-b491-25b94419d4e3	162028	1.0	confident	Haliangium tepidum	Bacteria
78e3f085-38b9-4487-9602-a9c18283660c	162028	1.0	confident	Haliangium tepidum	Bacteria
7830d63f-d151-4bcf-93a5-5253d5011d58	162028	1.0	confident	Haliangium tepidum	Bacteria
e609b95b-f48c-49a1-bdd8-129215a5d1fc	162028	1.0	confident	Haliangium tepidum	Bacteria
e4e3bd4a-4bf3-4099-b5c7-492d399f8a91	162028	1.0	confident	Haliangium tepidum	Bacteria
1016aed7-9a46-4c84-b4ff-f0d565927a96	162028	1.0	confident	Haliangium tepidum	Bacteria
e6477e94-0a71-4f85-8251-a02ff1bd8398	162028	1.0	confident	Haliangium tepidum	Bacteria
c615fa51-eef6-4978-824e-994b283c9459	162028	1.0	confident	Haliangium tepidum	Bacteria
2639cbd6-0dbb-4166-8c7f-2425cbfd1be9	162028	1.0	confident	Haliangium tepidum	Bacteria
ff9b85cb-cf29-441c-b248-d8d22a754cf9	162028	1.0	confident	Haliangium tepidum	Bacteria
495a470d-32a0-44c3-83bd-13752e3546f7	162028	1.0	confident	Haliangium tepidum	Bacteria
c341fd23-6382-44f2-91a4-4624605bf061	162028	1.0	confident	Haliangium tepidum	Bacteria
2646a576-0e8b-46d4-bebf-309654b5242c	162028	1.0	confident	Haliangium tepidum	Bacteria
e502bf4d-616d-4c26-a4e3-383187cac096	162028	1.0	confident	Haliangium tepidum	Bacteria
62c699fa-4c6a-464c-ab00-1c15333e85fe	162028	1.0	confident	Haliangium tepidum	Bacteria
16b67f60-20bb-4d40-8a03-f104bc114685	162028	1.0	confident	Haliangium tepidum	Bacteria
64781519-04e6-4a1e-bb95-9871d2543f5b	162028	1.0	confident	Haliangium tepidum	Bacteria
dd08663f-ac79-44b1-967a-f50194320b08	162028	1.0	confident	Haliangium tepidum	Bacteria
b3f286a1-f3d4-4c31-96b2-9c040305f011	162028	1.0	confident	Haliangium tepidum	Bacteria
c556a9ba-0c5d-478b-a692-1c0646ccb721	162028	1.0	confident	Haliangium tepidum	Bacteria
965bafd0-43f2-4d61-9b9d-60671155bad9	162028	1.0	confident	Haliangium tepidum	Bacteria
e5810229-f1b1-423c-b1a2-9cb83116346a	162028	1.0	confident	Haliangium tepidum	Bacteria
889877e2-b023-4891-b979-ee86826a1856	162028	1.0	confident	Haliangium tepidum	Bacteria
f5f2917e-3bb9-4519-8898-4f9920875104	162028	1.0	confident	Haliangium tepidum	Bacteria
629ebc81-abb8-45e0-af97-588818218372	162028	1.0	confident	Haliangium tepidum	Bacteria
adad675b-0163-458b-895f-ea317834f683	162028	1.0	confident	Haliangium tepidum	Bacteria
20bc01e9-8a84-4c5b-979d-36e5e6bd9c2a	162028	1.0	confident	Haliangium tepidum	Bacteria
f26d21cc-fc3d-403a-840c-7827f6a7c78c	162028	1.0	confident	Haliangium tepidum	Bacteria
16c2100c-22b9-4367-b774-ac4fd64addc0	162028	1.0	confident	Haliangium tepidum	Bacteria
16383316-99c5-48e0-8a0b-e75a0d3c7bce	2080288	0.9995660258388644	high	Pontibacter arcticus	Bacteria
3d337f81-7b22-4856-8e97-7738ffb18360	2080288	0.9984758714623704	high	Pontibacter arcticus	Bacteria
31691280-ac0d-4f27-9c78-40147c2c2d48	2080288	0.9992113557617176	high	Pontibacter arcticus	Bacteria
2e21e1d5-66a6-451e-963d-f95b68c50280	2080288	0.9999583744646264	high	Pontibacter arcticus	Bacteria
078c04b5-562e-4f42-afd7-23e58fc790b5	2080288	0.999969614709397	high	Pontibacter arcticus	Bacteria
3a0d9f11-4d06-4084-9332-27353b8eaefb	1400979	0.9579157738386376	high	Pontibacter diazotrophicus	Bacteria
0dd074e0-8374-4683-bc60-9d2b55e62881	2080288	0.9999738969178362	high	Pontibacter arcticus	Bacteria
18e82bfa-2b90-4a24-9795-8e32d752310a	2080288	0.9995652951963612	high	Pontibacter arcticus	Bacteria
781b8122-30f3-4b95-a4a9-8cc95dfccf1e	2080288	0.9995621178714024	high	Pontibacter arcticus	Bacteria
fc9baed3-4b2e-49de-8207-0db4d20579fc	2080288	0.9991647929768548	high	Pontibacter arcticus	Bacteria
229e18f2-f101-4bd6-b115-dca5e915ee3f	2080288	0.999565302442168	high	Pontibacter arcticus	Bacteria
a8b56881-9db1-423b-aa55-f3a7cbdbed4d	2080288	0.999972261676616	high	Pontibacter arcticus	Bacteria
e44a1767-00d8-4e58-abd6-f1793ea9a7f7	2080288	0.9992125620574576	high	Pontibacter arcticus	Bacteria
194c8dda-fcb9-493a-871f-a7af5df02fe5	2080288	0.9999996307377608	high	Pontibacter arcticus	Bacteria
7094bf59-f2f4-4055-8b0e-7fabdb96be46	2080288	0.9995629055002674	high	Pontibacter arcticus	Bacteria
0b4d463c-1e08-4699-b648-dedece02c4c8	2080288	0.9998244843723888	high	Pontibacter arcticus	Bacteria
2b89fdb2-4445-42ee-9b73-6e8727edba3d	2080288	0.999563280898474	high	Pontibacter arcticus	Bacteria
e39b6ade-5fde-4832-a847-f4af51e52e07	2080288	0.9997711900047794	high	Pontibacter arcticus	Bacteria
5f556170-891f-4c1d-a476-0d9a55d6a6af	1400979	0.6026662603446025	medium	Pontibacter diazotrophicus	Bacteria
dc9695b5-38d6-45ac-be18-5fefddeaca43	2080288	0.9265507494036554	high	Pontibacter arcticus	Bacteria
d9628353-6245-46fd-abf1-1ae8efbb4327	2080288	0.999567401844154	high	Pontibacter arcticus	Bacteria
225d6bee-80f6-4353-a846-6c2db062d762	2080288	0.9999727434139593	high	Pontibacter arcticus	Bacteria
6bcfb23b-5358-43ae-9d29-f0f6049abe23	2080288	0.9995664529675734	high	Pontibacter arcticus	Bacteria
a99f4be3-3138-4662-a49a-5a4387deee8a	2791028	0.9999581452674122	high	Pontibacter rufus	Bacteria
ec347df5-b0d3-4afc-b29f-589847f1c7b1	1424080	0.9357235918589196	high	Pontibacter amylolyticus	Bacteria
a7fff89c-8e0d-42ab-9d40-c07f692538b6	2080288	0.999561581865006	high	Pontibacter arcticus	Bacteria
e0e4ecdd-561c-4b72-9266-22ebc8b77316	2080288	0.9999862119384546	high	Pontibacter arcticus	Bacteria
92d710e6-6080-46e9-97f3-433c0e8dc507	2080288	0.9992149781841164	high	Pontibacter arcticus	Bacteria
a9605b3e-f63f-4fab-b76f-95d43ff33b30	2080288	0.9984676248080222	high	Pontibacter arcticus	Bacteria
7b045b1f-f0ea-439c-b74a-2750105a185c	2080288	0.7728182385621223	medium	Pontibacter arcticus	Bacteria
83ac2bd4-3781-4dfd-94f5-c42059f432af	2080288	0.9999495171934524	high	Pontibacter arcticus	Bacteria
08f7b940-2feb-44fc-a4a3-d37b622a623e	2080288	0.999991027831939	high	Pontibacter arcticus	Bacteria
1384670f-8999-4c01-855e-b6764eb6d47a	2080288	0.9984576149713964	high	Pontibacter arcticus	Bacteria
ec5bf9c7-7201-4ca1-be0e-c54c92b6a8dd	2080288	0.9999726924001489	high	Pontibacter arcticus	Bacteria
a0f935cd-3cf9-4375-b011-1bd92c43dc35	2080288	0.997436391754435	high	Pontibacter arcticus	Bacteria
7b9899bc-7414-482c-8ca6-be0cbd0644db	2080288	0.9603282608837368	high	Pontibacter arcticus	Bacteria
6d80ff5e-cab3-46e1-a3ed-1ddf2c867d16	2080288	0.999566987097492	high	Pontibacter arcticus	Bacteria
c9649490-cca4-4755-8831-6061ff474064	2080288	0.999564673752284	high	Pontibacter arcticus	Bacteria
9bd97fd4-28a6-4d95-9935-f6aaa010c6ba	2080288	0.9995657215947916	high	Pontibacter arcticus	Bacteria
784473c3-edec-46bd-af93-3b6926fbd2b6	2080288	0.9995737155641408	high	Pontibacter arcticus	Bacteria
f79774f9-4f08-4771-814c-9956c3ca24cd	2080288	0.9999857811007554	high	Pontibacter arcticus	Bacteria
a7a27d45-4012-47c6-8da4-f4702e24e8c2	2080288	0.9995638913460304	high	Pontibacter arcticus	Bacteria
3dd21380-d4b6-46c8-a79f-3f35b2b40430	1424080	0.9786256103071966	high	Pontibacter amylolyticus	Bacteria
650fa70a-6464-4472-81da-9ecc088fbb27	2080288	0.9999985191296192	high	Pontibacter arcticus	Bacteria
d31e6c74-b24b-46f3-b937-77692ee392fe	2080288	0.9992167418978544	high	Pontibacter arcticus	Bacteria
ae9baac8-fa9e-431d-8175-6cb19f26a644	2080288	0.9999996610846306	high	Pontibacter arcticus	Bacteria
4122ccfa-b9c0-4a92-a440-f09af629fc3b	2080288	0.9986727204869814	high	Pontibacter arcticus	Bacteria
ed77cb54-a09a-4eb5-a56e-48969ca191d1	2080288	0.9984699816538002	high	Pontibacter arcticus	Bacteria
c24442ab-3091-463e-b08a-7e13bca743c2	2080288	0.9992120549214486	high	Pontibacter arcticus	Bacteria
17d6a8b4-eaf9-4c43-8ce0-dc510e2508f6	2080288	0.999210641486058	high	Pontibacter arcticus	Bacteria
13061ecb-4407-4b84-b760-706bb7cae6bb	2080288	0.9995637046378488	high	Pontibacter arcticus	Bacteria
881216b7-b01b-4354-9297-2587916a563a	2080288	0.9995918870867712	high	Pontibacter arcticus	Bacteria
f2112dfc-4487-4b36-9fb7-ef594e9a8e04	2080288	0.9999585103902388	high	Pontibacter arcticus	Bacteria
2294080f-55e5-4bda-8ea8-c6bf349628a2	2080288	0.9999702555537596	high	Pontibacter arcticus	Bacteria
0ff593de-6086-4735-bc56-d94e9b7ac8a7	2080288	0.9997719056909268	high	Pontibacter arcticus	Bacteria
f94971f3-d156-4a92-adea-3517d5bc3f51	2080288	0.9891153145240804	high	Pontibacter arcticus	Bacteria
f5526b18-cb57-4f0d-99e5-a627a21ec349	1424080	0.982630713712842	high	Pontibacter amylolyticus	Bacteria
50587c84-68cb-4080-b6c2-cb33c23f0465	2080288	0.9995599955853196	high	Pontibacter arcticus	Bacteria
5bbf2e63-f2b3-42ed-8738-1ea6ee0782aa	2791028	0.9975663933454616	high	Pontibacter rufus	Bacteria
db63c431-ec47-4e72-a046-60660bfbe0a7	2080288	0.9883814623160632	high	Pontibacter arcticus	Bacteria
2f34d929-7492-476e-9aac-0c9eeb877970	2080288	0.9995658296694016	high	Pontibacter arcticus	Bacteria
7727551a-d4b6-4363-b947-59c46a805b6e	2080288	0.9995665719276718	high	Pontibacter arcticus	Bacteria
4643dd61-6e27-42a2-a9f2-fe5a4084c0ff	1424080	0.9385899530668568	high	Pontibacter amylolyticus	Bacteria
40e8052b-47d8-432e-9f82-57b9b5934e16	2080288	0.9995609228219234	high	Pontibacter arcticus	Bacteria
17561417-d72f-477d-8022-304abc455404	2080288	0.9999401236123416	high	Pontibacter arcticus	Bacteria
f21b8052-01c4-4bd8-afa2-56c4a113b384	2791028	0.4800155827141558	low	Pontibacter rufus	Bacteria
0b764966-25b8-499b-a24b-ed6e13950d8a	2080288	0.9999591019698876	high	Pontibacter arcticus	Bacteria
3247ed46-bb7f-492c-bbe8-7acb8e6d2c83	1424080	0.7267597753629536	medium	Pontibacter amylolyticus	Bacteria
0bac1885-b018-41d2-8f23-0e0b65c078cd	2080288	0.999566245307396	high	Pontibacter arcticus	Bacteria
975445b5-2233-4197-a8f0-ec41ecfe99e1	2080288	0.9991955622233988	high	Pontibacter arcticus	Bacteria
8954df1b-3b16-47b4-9ac0-e1151620bf2e	2080288	0.9992155576817284	high	Pontibacter arcticus	Bacteria
7662a979-44cf-406a-ab8f-f69bd7a355b8	2080288	0.9944938784684764	high	Pontibacter arcticus	Bacteria
0cf86131-2112-40d4-8025-8d4538054766	2080288	0.9889021227761904	high	Pontibacter arcticus	Bacteria
d1ce0d6f-970e-4fb0-ac01-4fb3624602f3	2080288	0.9999990361049208	high	Pontibacter arcticus	Bacteria
64f51134-6825-4bbb-b277-b9a192339a02	2080288	0.9995664573830876	high	Pontibacter arcticus	Bacteria
ea986c49-779c-49ec-bbb7-8c6855344611	2080288	0.8677984691017687	high	Pontibacter arcticus	Bacteria
4a30eb94-6fd3-452f-aabb-df8123edfe7d	2080288	0.9999999999999938	high	Pontibacter arcticus	Bacteria
3227de2c-fe64-4c8c-852d-1da7dbe00884	2080288	0.978832876536981	high	Pontibacter arcticus	Bacteria
113bdd1b-4228-4fc5-89f2-3dfad109eb99	2080288	0.9992117072568648	high	Pontibacter arcticus	Bacteria
011e9462-333a-47e1-b190-f60716308210	2080288	0.9995653978278536	high	Pontibacter arcticus	Bacteria
2d17f815-d0d8-479e-9382-869c485bafa9	1400979	0.7779739199499213	medium	Pontibacter diazotrophicus	Bacteria
37be6be7-e608-45bb-98db-5c85376f9c12	2080288	0.9992024378555564	high	Pontibacter arcticus	Bacteria
28df3825-9024-4ae0-b2cb-4af00ccff5ec	2080288	0.9944517091548872	high	Pontibacter arcticus	Bacteria
099ecfae-1b3a-41e8-83c6-008041e6e98f	2080288	0.9991862758310632	high	Pontibacter arcticus	Bacteria
4044c787-5f0e-4f9f-800a-7b16e0a80e97	2080288	0.9999732675328404	high	Pontibacter arcticus	Bacteria
fbbec034-5c0b-4e04-95f7-105a57c9e819	2080288	0.9995601099941404	high	Pontibacter arcticus	Bacteria
ca38533d-10aa-49e1-aa77-dc800287106c	2080288	0.9998810548573824	high	Pontibacter arcticus	Bacteria
a2a9ba89-7e54-4451-9887-c8815a3251aa	2080288	0.9938070002437852	high	Pontibacter arcticus	Bacteria
087f05b2-9af2-4394-9343-364dd96cf761	2080288	0.9943268882316162	high	Pontibacter arcticus	Bacteria
4f307e3b-80f5-47cc-848e-e0ec6e367c4b	2080288	0.9937997007167368	high	Pontibacter arcticus	Bacteria
aa760e3e-7463-49c9-86e7-50df6d985e5d	2080288	0.9991624024053876	high	Pontibacter arcticus	Bacteria
e8ab79b8-11c6-4e37-a3a3-0a58f197a581	2080288	0.9970841970239014	high	Pontibacter arcticus	Bacteria
051e9e30-ec78-4b30-98b8-806a496fb279	2080288	0.9984947428081754	high	Pontibacter arcticus	Bacteria
2efe9dc4-99a8-433b-9db3-055f2af58875	2080288	0.6301651079553219	medium	Pontibacter arcticus	Bacteria
72854931-8ea5-4fa5-bab2-e815848f8652	1424080	0.9382760763562172	high	Pontibacter amylolyticus	Bacteria
84656d6b-27e2-4caa-b53e-d177eb954204	2080288	0.9967430765041942	high	Pontibacter arcticus	Bacteria
5d1b1edf-c0b1-4b30-8eff-a7ef42eafa7c	2080288	0.9999999999999756	high	Pontibacter arcticus	Bacteria
c1e60c41-ea43-4968-9bad-2cc18c727fe1	2080288	0.9995642488621738	high	Pontibacter arcticus	Bacteria
86aaf9ef-7bf3-4627-b9fa-d0e376d64b38	2080288	0.9995678304718478	high	Pontibacter arcticus	Bacteria
aef6a828-f78a-4d6c-ad85-0a12d4e06137	2080288	0.9999991996733734	high	Pontibacter arcticus	Bacteria
3e1ac1b7-0d1a-4f79-be18-d211cef94695	2080288	0.9995662495809118	high	Pontibacter arcticus	Bacteria
de9168b2-1d40-422c-9e3c-b2da943c3d5a	2080288	0.9999574170315898	high	Pontibacter arcticus	Bacteria
14810bd8-e76b-4711-b6aa-d11e7a19de3e	1424080	0.9993543427232128	high	Pontibacter amylolyticus	Bacteria
c0c696e3-eef5-4755-93dc-acca59d446b7	2080288	0.9995664573830876	high	Pontibacter arcticus	Bacteria
091cd038-cd9b-4dcc-a7ec-3dffe53b24c3	2080288	0.9998952008569292	high	Pontibacter arcticus	Bacteria
2b7ad036-a202-4f30-8b25-d72cd3626fd5	2080288	0.9984751001705208	high	Pontibacter arcticus	Bacteria
60cc9568-9f7c-4cd8-9e0a-187a2dfa6886	2080288	0.9999843084873504	high	Pontibacter arcticus	Bacteria
3718e847-44a5-46b5-823f-efc33542b1e7	2080288	0.9965906353448348	high	Pontibacter arcticus	Bacteria
32ae6c0d-6e77-43b1-9edf-fac2007abd73	1424080	0.935860427167438	high	Pontibacter amylolyticus	Bacteria
568908b9-9d03-4dc3-92ce-9d4c13a69fbf	1400979	0.9987625233238266	high	Pontibacter diazotrophicus	Bacteria
07457956-d977-4d5d-a27e-5dc96c800fe8	2080288	0.997098897402818	high	Pontibacter arcticus	Bacteria
7df95613-f5bd-4c39-a25e-00755c0a209c	2080288	0.9999342258204	high	Pontibacter arcticus	Bacteria
a378d9f5-9e75-433b-bda3-09dcf6d30636	2080288	0.998558544317928	high	Pontibacter arcticus	Bacteria
7e4e0986-6113-4175-9c7d-3e13548a88cf	2080288	0.9999999405262028	high	Pontibacter arcticus	Bacteria
6a75e30a-e04d-414e-b12b-e4edd3bd4a2c	2080288	0.999566037541359	high	Pontibacter arcticus	Bacteria
2e5f52de-7f7e-44ff-a055-61d1c77ecb7f	2080288	0.9984978823001442	high	Pontibacter arcticus	Bacteria
542be748-7230-411e-b99c-0284728fe643	2080288	0.9995652988167943	high	Pontibacter arcticus	Bacteria
ce201859-a9f3-4d69-866f-77cc95bb5479	2080288	0.999565208978731	high	Pontibacter arcticus	Bacteria
80162c0b-f57b-45ca-97b7-e1ecc48a8e73	2080288	0.9264263887772508	high	Pontibacter arcticus	Bacteria
f317ffdc-1022-43cf-99ab-39c4e117339b	2080288	0.9992142245509392	high	Pontibacter arcticus	Bacteria
53d895cd-5b10-41ac-9c99-362a102818c1	2080288	0.999973028170702	high	Pontibacter arcticus	Bacteria
10d26ac5-3e29-4094-96a5-6305515e836b	2080288	0.9999706460463108	high	Pontibacter arcticus	Bacteria
e8125073-ef04-42e1-8956-92c03b1af6e6	2080288	0.999214428097364	high	Pontibacter arcticus	Bacteria
abb2f022-9c6f-4fb6-a6cf-c2669d6455bc	2080288	0.9994671007838192	high	Pontibacter arcticus	Bacteria
491e6775-740d-41d0-9ebe-d15c3c3446d6	2080288	0.9984754833911216	high	Pontibacter arcticus	Bacteria
9d14891b-3f8c-4ffb-a2ba-2f741e5a810a	2080288	0.9995770727949296	high	Pontibacter arcticus	Bacteria
9f5c7fdf-4d46-49cf-a089-929e5aa687b3	1400979	0.5841028048217798	medium	Pontibacter diazotrophicus	Bacteria
41f4128a-2e33-45a6-bffa-0bf37393d0c1	2080288	0.9999999999786868	high	Pontibacter arcticus	Bacteria
2060a48f-d7e4-4a84-a02b-731cf4b7c227	2080288	0.9995634882868218	high	Pontibacter arcticus	Bacteria
5dab28a6-ea7f-4cac-83fa-8ee5bc073e63	1400979	0.8967768379308565	high	Pontibacter diazotrophicus	Bacteria
6339f939-ab95-4aae-a4e3-014b832de275	1424080	0.862390356646632	high	Pontibacter amylolyticus	Bacteria
3e13a519-4e95-4a27-8503-9e4ab52af8ee	2080288	0.9998813813134174	high	Pontibacter arcticus	Bacteria
d20cb933-295b-4c82-b181-333bd9dea0b3	2080288	0.999566987097492	high	Pontibacter arcticus	Bacteria
2ba82754-061b-41f9-bc70-196e87670a6b	2080288	0.9994966048740064	high	Pontibacter arcticus	Bacteria
a849039d-dd40-400d-bc64-f347f6e5ea11	2080288	0.9999838638630508	high	Pontibacter arcticus	Bacteria
e71fe4a6-f981-4f06-90c0-4c0f15500cef	2080288	0.9984699749593666	high	Pontibacter arcticus	Bacteria
2123c404-fcf2-4ffe-af00-6f4f9241c378	2080288	0.9984691068091984	high	Pontibacter arcticus	Bacteria
53712662-f876-41b7-a21b-cb00018a6c3a	2080288	0.9995660633200012	high	Pontibacter arcticus	Bacteria
37548c1e-d793-4321-b8eb-dcacc47637c9	2080288	0.9995641357451548	high	Pontibacter arcticus	Bacteria
d065402e-404c-4233-b10a-038286348d56	2080288	0.998461634860838	high	Pontibacter arcticus	Bacteria
7db06cea-6805-441b-a0d6-2fad4e68fb6b	2080288	0.999566784824494	high	Pontibacter arcticus	Bacteria
ed8626cd-4f74-4933-ba0b-d6d0dcb511b4	2080288	0.9995643496229538	high	Pontibacter arcticus	Bacteria
c9a4c3e5-653d-4fa4-a71d-0eabcb7900d4	2080288	0.9995895597611352	high	Pontibacter arcticus	Bacteria
6df4667c-46f5-45b9-9817-5552125758c5	2080288	0.9992151370990728	high	Pontibacter arcticus	Bacteria
ca0029cf-6a3b-41b1-83d3-95a74818da69	2080288	0.9998939669273716	high	Pontibacter arcticus	Bacteria
1ddc54dd-b67e-4c08-a824-7909832dbdf8	2080288	0.9998752134083329	high	Pontibacter arcticus	Bacteria
fb71851c-44ca-4aa1-9503-61d5147beb89	2080288	0.9991688604681233	high	Pontibacter arcticus	Bacteria
c57b7336-2485-44a3-85b5-77a37ef3c713	2080288	0.99956381214389	high	Pontibacter arcticus	Bacteria
9ade2eef-1694-4693-8784-8b8de5cf672b	2080288	0.9995618142461868	high	Pontibacter arcticus	Bacteria
77d9ce18-e6f7-494f-bb2a-f9f893de5c72	2080288	0.99956432837713	high	Pontibacter arcticus	Bacteria
7985e21c-15eb-4e39-80b7-04c592ea0d93	2080288	0.999210258870722	high	Pontibacter arcticus	Bacteria
ff3b2919-408e-48c1-a295-65c4858713b6	1424080	0.529474562105501	medium	Pontibacter amylolyticus	Bacteria
ed2297ff-1896-4529-9923-1c950195d857	2080288	0.9999585959867964	high	Pontibacter arcticus	Bacteria
40293a4d-e951-4956-ace7-05ebc37757b1	2080288	0.9997729097482982	high	Pontibacter arcticus	Bacteria
451aaf23-2826-4fee-97e1-fcc9ed05c200	2080288	0.9995629553955988	high	Pontibacter arcticus	Bacteria
d316d434-f299-4d3f-8694-f23f89d55aa2	2080288	0.9999999999995492	high	Pontibacter arcticus	Bacteria
7cec5ed7-b246-447a-92b1-7289a33b1f2e	2080288	0.9995660416727304	high	Pontibacter arcticus	Bacteria
ee332b92-bc71-4a05-a643-21aaaecc3ff5	2080288	0.9995617008942712	high	Pontibacter arcticus	Bacteria
edae640b-db41-4d98-8433-f1e629000e97	1424080	0.8042351785172405	high	Pontibacter amylolyticus	Bacteria
d33cff62-c836-4af4-869b-bbbbf3d0bc0d	2080288	0.9995663641839256	high	Pontibacter arcticus	Bacteria
452e9573-31e5-4125-9713-3f7257039e49	1424080	0.9953964447489544	high	Pontibacter amylolyticus	Bacteria
638c6739-fac3-4eaa-a9ee-36337fdfb31c	1424080	0.9628201642770388	high	Pontibacter amylolyticus	Bacteria
b410de44-eb0b-4384-9e5c-aab0e1bc0d06	2080288	0.9999213181481024	high	Pontibacter arcticus	Bacteria
3c692ffb-0260-4c83-b9a5-a8abbe6ac2e0	1424080	0.9970737175534432	high	Pontibacter amylolyticus	Bacteria
5b7f7395-c2b6-4f2b-90e9-d764745e3929	2080288	0.9995667795655072	high	Pontibacter arcticus	Bacteria
7024efb0-6fde-4099-bc3e-f86a71476825	2080288	0.9992152863191972	high	Pontibacter arcticus	Bacteria
54824c8c-865d-4840-a8b3-304bdcab45db	2080288	0.998455105400132	high	Pontibacter arcticus	Bacteria
48df59f1-5d3e-4766-bee2-36b0090da1c5	2080288	0.9992183550210572	high	Pontibacter arcticus	Bacteria
90f24e8e-0176-42f9-91c0-c7dc4c02dfcb	2080288	0.9995610681913653	high	Pontibacter arcticus	Bacteria
04b6ab8e-95b1-48ad-99f3-541625eba0df	2080288	0.9984927749765564	high	Pontibacter arcticus	Bacteria
aa6f1aa0-cb94-462e-8b5e-b6fc72d45a31	1424080	0.854648703104104	high	Pontibacter amylolyticus	Bacteria
3b3d3876-deba-454f-9b1d-d019cd048612	1400979	0.8647670740211802	high	Pontibacter diazotrophicus	Bacteria
755f97da-b608-4e7e-ada6-1c9672496219	2791028	0.4800155827141563	low	Pontibacter rufus	Bacteria
b9a0b73a-445a-491f-a73e-ad82b88d553f	2080288	0.9991978092096048	high	Pontibacter arcticus	Bacteria
d8cfb18b-990a-42ff-aff5-3c46c3b01cd4	2080288	0.9995610415239802	high	Pontibacter arcticus	Bacteria
5702b1f0-719f-4183-a318-7891f0ceb0ab	2766980	0.9978073779129344	high	Pontibacter aquaedesilientis	Bacteria
0247e3fb-75eb-43d9-bd53-187b07524522	2080288	0.9997602642650928	high	Pontibacter arcticus	Bacteria
b87082d7-2710-4353-8108-e9788c562120	2080288	0.993944633079945	high	Pontibacter arcticus	Bacteria
940aeb07-3048-44ea-9cd9-bcb161eb1d27	2080288	0.9984631162159134	high	Pontibacter arcticus	Bacteria
18ea21fc-ad81-408c-9268-f23509c8a679	2080288	0.9995671945236876	high	Pontibacter arcticus	Bacteria
f3b0a0e1-ffac-4175-8883-b51185ac4dee	2080288	0.9991654055787004	high	Pontibacter arcticus	Bacteria
ff4151eb-8c98-4820-a403-79adc2c38dea	2080288	0.999973076240541	high	Pontibacter arcticus	Bacteria
dda25944-1552-4998-9c81-51237eb1673e	2080288	0.9997866514259556	high	Pontibacter arcticus	Bacteria
0c07653c-ff3d-4b4d-98b8-52b255a2b89d	2080288	0.9991528388079433	high	Pontibacter arcticus	Bacteria
948f7221-04da-49ad-9d04-a5147c7ab1b3	2080288	0.9992120601251866	high	Pontibacter arcticus	Bacteria
6be501c3-3708-4971-ae1c-934fe9ed29ab	2080288	0.9999990215246052	high	Pontibacter arcticus	Bacteria
4b91e2c1-3260-4a4d-9d57-0c72ef0a8a19	2080288	0.9995658336584828	high	Pontibacter arcticus	Bacteria
113a155d-a808-4a13-9696-c3853bbdebac	2080288	0.999563057437445	high	Pontibacter arcticus	Bacteria
71aad78a-cad7-48bc-89de-a833b8c44be8	2080288	0.9999999999885398	high	Pontibacter arcticus	Bacteria
880d04b3-ff12-430b-8b33-bf51fc3de7ee	1424080	0.9999978896268004	high	Pontibacter amylolyticus	Bacteria
a7679830-df5d-4be6-8dfd-894eed89d6c4	2080288	0.999565917195281	high	Pontibacter arcticus	Bacteria
0ebe7a27-ac0e-406e-a98c-056245b4a815	2080288	0.9997693654333044	high	Pontibacter arcticus	Bacteria
04911774-e72f-441b-b049-82141f969e78	2080288	0.9939975991757246	high	Pontibacter arcticus	Bacteria
498c85f7-9b1f-4c52-9eaa-5b210c762fea	2080288	0.9991658705824766	high	Pontibacter arcticus	Bacteria
181403a0-4d0a-4b77-bb46-b715e2e5b1f0	2080288	0.9999830233617224	high	Pontibacter arcticus	Bacteria
0869877a-57fc-422d-919a-a247430ef050	2080288	0.9997552102445192	high	Pontibacter arcticus	Bacteria
12ee1975-3101-4d00-9189-499aa89eafb3	2080288	0.9995616155446866	high	Pontibacter arcticus	Bacteria
389aeb92-6834-4b09-a3e9-a0be28885568	2080288	0.9999732173926934	high	Pontibacter arcticus	Bacteria
09bb367a-a5d0-4fd6-b540-ed38d4f1dcbb	2080288	0.9995689737573238	high	Pontibacter arcticus	Bacteria
cd05fba8-394f-45f1-83d5-d8cc633c464a	2080288	0.9995601457711614	high	Pontibacter arcticus	Bacteria
eb8df43a-f784-498f-8038-c5195ea62d55	1400979	0.8644499863666829	high	Pontibacter diazotrophicus	Bacteria
fd03af2e-e115-4da5-a21d-2862b83ad6e9	2080288	0.9428301985081536	high	Pontibacter arcticus	Bacteria
fa8cbe0e-55e6-468e-abec-a5852c408b01	2080288	0.9991589594734432	high	Pontibacter arcticus	Bacteria
0fb37ac8-6830-4de7-81f5-377a8b6a37f8	2080288	0.999212250470088	high	Pontibacter arcticus	Bacteria
e45937d5-a212-4c47-82a0-e1c21ee5076e	2080288	0.998880593622676	high	Pontibacter arcticus	Bacteria
9f59eea3-0b13-4661-ab02-b015f3beba5b	2080288	0.9992120575215606	high	Pontibacter arcticus	Bacteria
97bd0546-b90b-4dd4-b292-576aa67f0e30	2080288	0.9999732806353596	high	Pontibacter arcticus	Bacteria
7a47ded5-a215-4cb2-8473-bd688ef0e14e	2080288	0.999777709808524	high	Pontibacter arcticus	Bacteria
ece38af3-d7cb-473d-b8fa-3150343aced4	2080288	0.9991826834857436	high	Pontibacter arcticus	Bacteria
b2aba4b2-05a5-488b-9244-689257a41773	2080288	0.9995649791039088	high	Pontibacter arcticus	Bacteria
5976e4db-8da1-4039-815b-28531329fe37	2080288	0.9995614281117404	high	Pontibacter arcticus	Bacteria
b4ef152f-ff88-43cb-8a19-42c7f3af6e05	2766980	0.6344551449659909	medium	Pontibacter aquaedesilientis	Bacteria
af056d31-bbf0-4550-95b1-e69edf96513a	2080288	0.9997709924835864	high	Pontibacter arcticus	Bacteria
98b3199a-08e5-4a94-8973-4b3f260cdd82	2080288	0.9991857916180618	high	Pontibacter arcticus	Bacteria
64523ffc-3e27-4840-8300-86dc0a7280f8	2766980	0.6178164379878534	medium	Pontibacter aquaedesilientis	Bacteria
dac77da8-b617-485c-9d23-3d0b17f410b7	1424080	0.6709209410019669	medium	Pontibacter amylolyticus	Bacteria
80407782-5654-45ae-be59-46782f74d5aa	2080288	0.9995663641839256	high	Pontibacter arcticus	Bacteria
9a9e600a-29d9-47f4-8f88-34309cc8d6ce	2080288	0.99985673914926	high	Pontibacter arcticus	Bacteria
c3d4f9e3-c4ea-4c01-9e1c-0377fd373d9d	2080288	0.9984737770640192	high	Pontibacter arcticus	Bacteria
ff053c6f-4781-49d2-b9e8-2893d6d7488e	2080288	0.9999996863846672	high	Pontibacter arcticus	Bacteria
57ffeb1e-18bc-4965-b503-e28b8204f718	2766980	0.951334877366551	high	Pontibacter aquaedesilientis	Bacteria
5abe81b8-1544-479d-be27-8baf2308d233	2080288	0.9992063009239378	high	Pontibacter arcticus	Bacteria
0e171531-a988-486c-8b23-1ec859254c9f	1424080	0.9953537258282176	high	Pontibacter amylolyticus	Bacteria
eea9b1df-022a-45a4-b6b9-bdb68fbafa6d	2080288	0.9999363312710708	high	Pontibacter arcticus	Bacteria
29db9696-0bca-4af0-a991-c0b53965ec6e	2080288	0.9995595727198212	high	Pontibacter arcticus	Bacteria
93a3b02a-f195-4047-acaa-e4876db55cc4	2080288	0.9984757994666796	high	Pontibacter arcticus	Bacteria
af52d35f-0f9f-41d5-8e25-86a2bb2960ce	2080288	0.999189779407102	high	Pontibacter arcticus	Bacteria
e124fb03-72b2-4e0c-b0bf-31625d817d57	2080288	0.9985679332408696	high	Pontibacter arcticus	Bacteria
6b06a6e9-b1bb-41ba-8c53-03ae84925560	2080288	0.9995623520777468	high	Pontibacter arcticus	Bacteria
9e8d17d3-11b6-4f82-88c6-9d70675cb1b0	1400979	0.9964309794009586	high	Pontibacter diazotrophicus	Bacteria
b7e70a9d-34b1-45fc-89c6-ef9cca387019	2080288	0.999972521136536	high	Pontibacter arcticus	Bacteria
8fcc3558-c01e-4ffc-beb6-9e4550132717	2080288	0.99916186474865	high	Pontibacter arcticus	Bacteria
3ab14cb3-7278-4a23-a3d4-3e2d5e742b06	2080288	0.999562142325783	high	Pontibacter arcticus	Bacteria
f4e94a3d-4a63-4847-8ab8-3113469557b1	2080288	0.9995629786631072	high	Pontibacter arcticus	Bacteria
05eb31e8-9c59-4dad-9fd3-1798e5b119a8	1424080	0.9999989808253608	high	Pontibacter amylolyticus	Bacteria
3274c414-6a01-40f2-8bfb-983385e3e46f	2080288	0.99710229737372	high	Pontibacter arcticus	Bacteria
4dbbbc61-ddcc-4cde-92ba-82cfd1d3fcf5	2080288	0.9995909169433596	high	Pontibacter arcticus	Bacteria
60f3c330-e931-4128-94c5-fa6ec340026c	2080288	0.9999856318901212	high	Pontibacter arcticus	Bacteria
2a871e70-7b7c-4a3d-bc11-6988355e5dae	1424080	0.8108556572125291	high	Pontibacter amylolyticus	Bacteria
3b7bdb9e-19ad-4535-ac52-01ba696c1ec9	1400979	0.9946760012074648	high	Pontibacter diazotrophicus	Bacteria
5e00a996-ad29-4af9-8a63-a8b9cafc79c0	2080288	0.9992111860293472	high	Pontibacter arcticus	Bacteria
c21bd78b-4868-4806-b558-d86e6f3ca714	2080288	0.99995835732326	high	Pontibacter arcticus	Bacteria
a1bfc9c3-5003-4ddc-a25f-4efd60166a4d	2080288	0.9984816140838968	high	Pontibacter arcticus	Bacteria
6b45bc53-3ed6-49ff-a27d-1bc538189341	2080288	0.9995663467200572	high	Pontibacter arcticus	Bacteria
0260f50e-65db-4865-aa6e-c27164e70b32	2080288	0.8437458252128995	high	Pontibacter arcticus	Bacteria
c2971549-c3f9-4be7-8db1-1ed24941c993	1424080	0.99525125383024	high	Pontibacter amylolyticus	Bacteria
a80efba8-a77c-49d2-a544-1bf62dfb84e7	2080288	0.9971027737897448	high	Pontibacter arcticus	Bacteria
1e79aee9-2e2f-42f7-ad9f-a758085347e3	1424080	0.8061607964858505	high	Pontibacter amylolyticus	Bacteria
803370b1-d62b-43dc-8617-afd78a04a020	1424080	0.5921091240129956	medium	Pontibacter amylolyticus	Bacteria
8f571329-7c68-45c9-9eb8-bed9888b4784	2080288	0.9999998370151176	high	Pontibacter arcticus	Bacteria
79db1428-d004-4f4f-a88f-c629821aff54	2080288	0.9997601457313314	high	Pontibacter arcticus	Bacteria
45bcafd6-dadf-4b31-831e-1ad3c9a17184	2080288	0.9999985237160388	high	Pontibacter arcticus	Bacteria
e56024c1-ee30-4153-b8bd-d292e74a233d	2080288	0.9991630249666984	high	Pontibacter arcticus	Bacteria
858fd62e-14e2-49c2-a818-83b11bfdb785	2080288	0.9991557292024728	high	Pontibacter arcticus	Bacteria
d15624d8-47b7-4a26-947d-306289e92274	2080288	0.9992156973937122	high	Pontibacter arcticus	Bacteria
4075dc39-9f1b-4295-ae51-60edcb1f0e20	1424080	0.6419691773772821	medium	Pontibacter amylolyticus	Bacteria
bfad02b8-666e-4f73-9bd6-53f9ba9851d0	2080288	0.9997883078458588	high	Pontibacter arcticus	Bacteria
d73ede7d-c0c8-4a35-92c6-ce8a92b96e66	2080288	0.999207910628045	high	Pontibacter arcticus	Bacteria
12a4c7fb-6acb-4d73-a087-7873de47dc4b	2766980	0.8629303394052926	high	Pontibacter aquaedesilientis	Bacteria
8eae9e92-e427-4ed9-8aa7-8c2e2374999d	2080288	0.9999581403039398	high	Pontibacter arcticus	Bacteria
1d6e5204-af77-41a0-b6b7-d6047f654c95	2080288	0.9997815373495144	high	Pontibacter arcticus	Bacteria
6f3ef432-070e-4e48-a3d0-9907c7f0eb76	1424080	0.9378394282292772	high	Pontibacter amylolyticus	Bacteria
46fb76d4-4707-4cc5-97af-298c2c19ae29	2080288	0.9992166009829072	high	Pontibacter arcticus	Bacteria
923baf82-2641-4a2c-b67c-cb7f7120fb5b	2080288	0.9999843216332596	high	Pontibacter arcticus	Bacteria
493184fd-b051-4170-a72f-439356e519a4	2080288	0.9995656064989918	high	Pontibacter arcticus	Bacteria
a483afff-d59c-4d59-948a-258d4bae10d8	2080288	0.9995552446333512	high	Pontibacter arcticus	Bacteria
05ff5d74-174a-4469-a545-8fb8fea1d629	1424080	0.8188986455108275	high	Pontibacter amylolyticus	Bacteria
a0c70fb0-84f9-4a4f-bef9-1f228f5a25dd	2766980	0.9998263603037716	high	Pontibacter aquaedesilientis	Bacteria
90bf7d71-601d-469b-9ea4-96f10c1f5003	2080288	0.9999995837766552	high	Pontibacter arcticus	Bacteria
6b99c598-2709-4563-b8e0-2965bd0d8bc6	2080288	0.9995639325561068	high	Pontibacter arcticus	Bacteria
a26f37c6-f88c-49e5-8eef-bccdfee16bfb	2766980	0.9603260208322948	high	Pontibacter aquaedesilientis	Bacteria
921c30fd-c12c-4144-a981-b8b8efee4ef5	2080288	0.9999979124946112	high	Pontibacter arcticus	Bacteria
89d42b27-fe69-4a66-8c03-b773106f1ce6	2080288	0.9992043020673268	high	Pontibacter arcticus	Bacteria
84df7a76-4d76-4898-a0c8-e2c031da1bcd	2080288	0.9995655251625576	high	Pontibacter arcticus	Bacteria
74544f83-a321-4843-88a4-21bab4ce67e3	2080288	0.9992042375023504	high	Pontibacter arcticus	Bacteria
32f98506-3e60-46c4-b165-94f07854151b	2766980	0.8716058876505858	high	Pontibacter aquaedesilientis	Bacteria
ef52e1aa-bcf5-49c4-bf50-eed91706a483	2080288	0.9995605332681432	high	Pontibacter arcticus	Bacteria
5ad726b7-e50c-4f83-950c-22849bdf1436	2080288	0.9999999998255752	high	Pontibacter arcticus	Bacteria
95301798-4d7c-4937-a185-cbf80dbe0237	2080288	0.9973030622098228	high	Pontibacter arcticus	Bacteria
94434630-aee6-43cc-a134-cef1cde13681	2080288	0.999933903078633	high	Pontibacter arcticus	Bacteria
0f5e4db9-6106-480e-818d-ad02cd734072	2080288	0.9997713990644546	high	Pontibacter arcticus	Bacteria
9af9c0ad-84f9-467f-946f-bb72a8af4b64	2080288	0.9995667795655072	high	Pontibacter arcticus	Bacteria
a9293e22-c586-48ae-adda-f0188b05523e	2080288	0.9992221587250067	high	Pontibacter arcticus	Bacteria
c132a66b-c55f-4d99-930d-13dafcb64aea	2766980	0.96482613614944	high	Pontibacter aquaedesilientis	Bacteria
59bc0747-e980-4e3a-aeb3-6e2197fc8905	2080288	0.9995655110982044	high	Pontibacter arcticus	Bacteria
d3ea7872-5a21-4e51-be24-696d3645b03c	2080288	0.9995664573830876	high	Pontibacter arcticus	Bacteria
48bde210-e991-4e91-abbb-1b1f69f199ae	2080288	0.9998707645831088	high	Pontibacter arcticus	Bacteria
b6477506-fa12-414a-bed4-079d18f1d4be	1424080	0.9987592998458956	high	Pontibacter amylolyticus	Bacteria
fe8270ef-b7d6-48c0-abdb-6306cd129e0c	2080288	0.9995912959515724	high	Pontibacter arcticus	Bacteria
fe00b83d-886b-4d86-9c5c-6266dc1c3175	1424080	0.5285578361948858	medium	Pontibacter amylolyticus	Bacteria
358c1da7-63b7-4432-bbc9-cf0aa9cb2525	2080288	0.9999730439099114	high	Pontibacter arcticus	Bacteria
c3e85548-03b9-4d36-abf5-593a459f94f0	2080288	0.9881950747607424	high	Pontibacter arcticus	Bacteria
357fa4eb-96da-43f0-b305-59ae8613dc81	2080288	0.9999274453980244	high	Pontibacter arcticus	Bacteria
86fadceb-52a2-4d69-b90b-cfa93d22b81b	2080288	0.9995657388642296	high	Pontibacter arcticus	Bacteria
61e379ba-7ba5-4e3b-a588-36d138fceae3	2791028	0.9891087535890148	high	Pontibacter rufus	Bacteria
0534be3a-57ca-4f00-a5db-bb0b5d6ef419	1424080	0.9665771441143584	high	Pontibacter amylolyticus	Bacteria
3f536053-ce52-46b0-bac3-2c5a9d99960d	2080288	0.9785426008301708	high	Pontibacter arcticus	Bacteria
bd26796a-9607-4a6c-9b9f-b0468b987ef2	1424080	0.9953386236605832	high	Pontibacter amylolyticus	Bacteria
91596e34-d54d-47e0-8003-f37913b922fd	1424080	0.524697291393274	medium	Pontibacter amylolyticus	Bacteria
0e4c2b46-6153-47a4-9219-bcbef9417390	2080288	0.9992097665566554	high	Pontibacter arcticus	Bacteria
1ad0c1c2-72e7-4de6-8187-117087d18cc7	2080288	0.9888893402541028	high	Pontibacter arcticus	Bacteria
610a48fa-8c65-4b93-a19c-ed10f21cc621	1400979	0.550126921633059	medium	Pontibacter diazotrophicus	Bacteria
5a8eedfc-519b-44fb-8c55-052b384f96ce	2080288	0.9991868798535654	high	Pontibacter arcticus	Bacteria
275ee884-cce8-4b61-80bd-33118e186ec4	2080288	0.9998638165611922	high	Pontibacter arcticus	Bacteria
f29ace0d-2008-456d-81f4-878f382b959f	2080288	0.9999731922862164	high	Pontibacter arcticus	Bacteria
22090019-0d8a-4017-b331-338cfc3b468b	2080288	0.9999730638525068	high	Pontibacter arcticus	Bacteria
544deae4-e9a5-4e4d-b7d4-ee1c3503d6ab	2080288	0.7652340528801118	medium	Pontibacter arcticus	Bacteria
b7330cd5-d429-4d38-9f67-9cfeceffd187	1400979	0.8649595805581741	high	Pontibacter diazotrophicus	Bacteria
3455101e-aacd-49d2-b0ab-26778b369098	2080288	0.9984732833588	high	Pontibacter arcticus	Bacteria
304adb06-7c26-4226-9b5c-d68e532f9676	2080288	0.999983893716685	high	Pontibacter arcticus	Bacteria
8ecfab4c-29f7-4d44-9cf3-2972e72d96ec	2080288	0.9999999999888524	high	Pontibacter arcticus	Bacteria
560e52ee-f7c8-473e-adbd-38c99f30ff24	1424080	0.8795554669655302	high	Pontibacter amylolyticus	Bacteria
f69864d1-f202-4d50-a5a3-0f513fd4f052	2080288	0.9991948591031368	high	Pontibacter arcticus	Bacteria
48f78d28-6bc8-4bf4-b461-17ef30685aa7	2080288	0.994517198726238	high	Pontibacter arcticus	Bacteria
26e09326-fa6e-4cc7-bb66-7538ffc7e6a2	2766980	0.6169286387481239	medium	Pontibacter aquaedesilientis	Bacteria
fb630ca5-c173-4a2b-a5e4-266f5af37ea1	2080288	0.9995661563342072	high	Pontibacter arcticus	Bacteria
b17c0e26-32dc-446a-af5c-74a377ff7d31	2766980	0.9999961921932368	high	Pontibacter aquaedesilientis	Bacteria
c4f17a72-5803-4bf7-b1ec-4b22d66d8b0c	2080288	0.7658916182975758	medium	Pontibacter arcticus	Bacteria
5b273ac5-3fdd-4a2c-b8fe-331eaa1b1977	2080288	0.9999436150628777	high	Pontibacter arcticus	Bacteria
de4ad5db-e887-49d0-8d58-e53bdba0995e	2080288	0.9789097717324332	high	Pontibacter arcticus	Bacteria
8f8c12ba-9a78-42f2-8e14-e8355a2979a5	2080288	0.9995695148915256	high	Pontibacter arcticus	Bacteria
6e69f7ae-8f05-4b3f-b7b5-3771d0856484	2080288	0.9992155372380108	high	Pontibacter arcticus	Bacteria
95807823-34bc-4efb-a506-1df8860010aa	2080288	0.9997692229469548	high	Pontibacter arcticus	Bacteria
3176c5bd-5646-4e5f-9b19-118c52202648	2080288	0.9999999811456692	high	Pontibacter arcticus	Bacteria
139f1bad-ef0b-4761-a587-042e8545d1bb	2080288	0.9995650704006253	high	Pontibacter arcticus	Bacteria
efe891d7-a780-4453-8cb2-f24f1d1c2a19	2080288	0.9992031915637014	high	Pontibacter arcticus	Bacteria
1ce525a5-410c-4144-9411-2e54872ec50a	2080288	0.9984751736553374	high	Pontibacter arcticus	Bacteria
4a6248a6-8d2a-4736-a9ab-dcea961c888b	2080288	0.9999111522965743	high	Pontibacter arcticus	Bacteria
27826609-4127-429d-a0b5-0f2647657906	2080288	0.999560857658752	high	Pontibacter arcticus	Bacteria
3d394c18-8e07-40cd-ab38-ed3870478c7f	2080288	0.9995657674944628	high	Pontibacter arcticus	Bacteria
26281024-9a5e-4f0b-b5ab-9158f0196b8c	1424080	0.938186234066176	high	Pontibacter amylolyticus	Bacteria
fad30336-fcdc-41a4-8056-98e5eacdd1af	1424080	0.938623375149495	high	Pontibacter amylolyticus	Bacteria
9a233c33-e1ff-44cc-90cf-601a6975041c	2080288	0.999564882213359	high	Pontibacter arcticus	Bacteria
37d11894-a19c-41b3-a9d7-45c9c7e89a89	2080288	0.9999991841410996	high	Pontibacter arcticus	Bacteria
2f9fd238-92ef-4990-abdf-787f97d01203	2080288	0.9999701574395002	high	Pontibacter arcticus	Bacteria
c0a04f74-47ee-4a80-9af2-571c07329bfc	2080288	0.9999742805985748	high	Pontibacter arcticus	Bacteria
b44f41d4-5b58-4c4d-9610-64bada098c3b	2791028	0.7954798522847716	medium	Pontibacter rufus	Bacteria
47c1cac1-2f0d-4144-b7a6-0bf1146c7d8c	2080288	0.999942243340118	high	Pontibacter arcticus	Bacteria
c579b144-9be6-4f51-8c1b-d48a019bb684	2080288	0.999200382050504	high	Pontibacter arcticus	Bacteria
e6fb79e5-e050-4548-8a39-66469500d19e	2080288	0.9998902265531792	high	Pontibacter arcticus	Bacteria
29c64a1e-11f1-4b08-b46e-41fa2ce28136	2080288	0.9992158348398048	high	Pontibacter arcticus	Bacteria
3439b878-865b-46b7-baf6-141b99bb2a57	1424080	0.9934396769074028	high	Pontibacter amylolyticus	Bacteria
2ed0241c-07a5-43cc-8ce9-6da9192bd1ca	2080288	0.9992136748929562	high	Pontibacter arcticus	Bacteria
667f3672-3ff2-458d-8332-4702d4eed916	2080288	0.9999992239037252	high	Pontibacter arcticus	Bacteria
b4a37024-c9d1-4e49-9455-8d3fd4c6f475	2080288	0.9992153377137144	high	Pontibacter arcticus	Bacteria
4045e393-ef73-4edf-8bc4-cbe948a3c0bc	2791028	0.8624605155547731	high	Pontibacter rufus	Bacteria
e8b2701d-6478-4e53-9aa3-f57c736c59d4	2080288	0.999995881509996	high	Pontibacter arcticus	Bacteria
4fe5e4e6-31ac-4563-9f4d-49d835e8b0fc	2080288	0.9995601115676128	high	Pontibacter arcticus	Bacteria
a9535523-19c7-4339-94da-4f64f7944508	2080288	0.9999853784836426	high	Pontibacter arcticus	Bacteria
21e02114-f2c8-48bf-9d47-ebefe28e57cb	2080288	0.9995604012358194	high	Pontibacter arcticus	Bacteria
51d0b8ab-d5f0-4c56-baa6-37d248b7dfe3	2080288	0.9995638114256172	high	Pontibacter arcticus	Bacteria
b6f7fa42-cf2c-444b-91fb-dfafc1fde262	2080288	0.9995614689285456	high	Pontibacter arcticus	Bacteria
d58873f7-90fc-4551-83d5-993801df033a	1424080	0.8625276975389758	high	Pontibacter amylolyticus	Bacteria
44309977-6e93-46e0-9f43-90294cce18ef	2080288	0.9999735531038751	high	Pontibacter arcticus	Bacteria
b521fcaa-1aee-415b-9604-68659b1cd750	2080288	0.9938019553408458	high	Pontibacter arcticus	Bacteria
1b93f7e8-fd3e-4fdf-9696-828628e8fd4c	2791028	0.8605499900031843	high	Pontibacter rufus	Bacteria
67bbbe78-912b-454d-828f-6d65cf3fd7ce	2080288	0.999999701342202	high	Pontibacter arcticus	Bacteria
942aaa7d-bb80-4cdb-a5e1-081d155a479f	2080288	0.999208656085	high	Pontibacter arcticus	Bacteria
b4fb0f51-f15e-4888-b26a-e19b49a613f0	1424080	0.9999999993829364	high	Pontibacter amylolyticus	Bacteria
39b1f3ae-33b4-4551-8c5d-02017b4bb09b	2080288	0.9971231297619204	high	Pontibacter arcticus	Bacteria
e93fd787-5f92-4c9d-9b96-d2b0bedef0a8	2080288	0.9999573387190784	high	Pontibacter arcticus	Bacteria
7b7b5aab-3a0e-46fc-9310-a4e66347a04a	2080288	0.9995655069592766	high	Pontibacter arcticus	Bacteria
21dcc42c-26de-4d88-85e2-b85fdd6cc0db	2080288	0.9984655284756588	high	Pontibacter arcticus	Bacteria
d3d177de-146d-46fb-8de3-9288b8d7c8c8	2080288	0.9999576440830824	high	Pontibacter arcticus	Bacteria
9f5b356b-cdd0-4164-bf15-3ed71873df21	2080288	0.9983748107442204	high	Pontibacter arcticus	Bacteria
acd0e6b0-e7e2-4bc1-9718-27e102bb444b	1400979	0.9998972395255228	high	Pontibacter diazotrophicus	Bacteria
4ec0c4ea-a8ff-493f-b9e4-d480cc764213	2080288	0.999577187369423	high	Pontibacter arcticus	Bacteria
4a061cba-0228-4edd-8f25-bc53c736a956	2080288	0.9995643471573616	high	Pontibacter arcticus	Bacteria
53945e07-32fc-4ee6-84eb-bdfb7a6e53c5	2080288	0.993623565619418	high	Pontibacter arcticus	Bacteria
10e49c57-1c83-4ad8-9af5-9747aadb73f4	2080288	0.9995573256351614	high	Pontibacter arcticus	Bacteria
b56bc84a-fa36-4bd8-ad30-9850eb032154	2080288	0.9253169044004316	high	Pontibacter arcticus	Bacteria
e0115232-3b93-42b5-9d22-96e5f0b885f6	2080288	0.9603284848225264	high	Pontibacter arcticus	Bacteria
d54ae96b-04de-4cf0-ae64-fffabdb6588c	2080288	0.9992124488477356	high	Pontibacter arcticus	Bacteria
7eb5c229-195f-4fb9-a6e9-1f96af7ea373	2080288	0.9998922268242312	high	Pontibacter arcticus	Bacteria
5dc9fa72-9988-4e77-b410-1175099b0cf2	2080288	0.999982438346272	high	Pontibacter arcticus	Bacteria
fbcb74ae-ee0d-4e04-a77c-ac413568de36	2080288	0.9999992252721336	high	Pontibacter arcticus	Bacteria
e12cb54a-6e51-4713-a2b0-1e6081e2ae60	2080288	0.99920151927642	high	Pontibacter arcticus	Bacteria
fb2554e0-9608-42d5-b6bc-7d88db341e16	2080288	0.9958736212543192	high	Pontibacter arcticus	Bacteria
d4783a52-3906-455b-944d-83400af8fcc3	2080288	0.999991688818788	high	Pontibacter arcticus	Bacteria
60ae6d2b-1ab9-4077-8778-d8c4a027717f	2080288	0.9984726140193952	high	Pontibacter arcticus	Bacteria
4fdb215b-ca12-45fc-be55-7897a4fa3561	2080288	0.999209894049524	high	Pontibacter arcticus	Bacteria
507b7713-8703-46fe-80b8-90ebcc453efb	2080288	0.9984722918014508	high	Pontibacter arcticus	Bacteria
17bbca9e-1eca-439f-a38b-4e042d794005	1424080	0.9372246898828176	high	Pontibacter amylolyticus	Bacteria
1d99718f-2ab9-47d9-8709-18747120c0e1	2080288	0.9995650082068512	high	Pontibacter arcticus	Bacteria
78e6555c-c48f-44d0-b0ce-f407dabc76ed	2080288	0.9998109826360854	high	Pontibacter arcticus	Bacteria
994b18fd-ab65-408d-8639-4ca5ad82a837	2080288	0.9995662495809118	high	Pontibacter arcticus	Bacteria
b62068ce-90d0-4275-9ab4-f43bdc23b2a7	1424080	0.9975795188333402	high	Pontibacter amylolyticus	Bacteria
83effd98-1dd3-4db3-a452-1ea31ae31b1c	1424080	0.6844588589996944	medium	Pontibacter amylolyticus	Bacteria
532d2fe0-0217-4352-8966-69a7dfd99739	1424080	0.9999142418925164	high	Pontibacter amylolyticus	Bacteria
82c0f072-4d97-471e-8c9c-ff9da32925d5	1424080	0.919020420876956	high	Pontibacter amylolyticus	Bacteria
25a067a2-43ad-4a90-8ffe-504972677f56	1424080	0.9406824517011944	high	Pontibacter amylolyticus	Bacteria
761a00ec-4694-4725-830a-793e2394a174	2080288	0.9992167418978544	high	Pontibacter arcticus	Bacteria
936c43fe-9d85-4ef9-b18e-98362e2e6f1c	2080288	0.9992145599354992	high	Pontibacter arcticus	Bacteria
e4722221-d301-4948-ae28-3db04094ceb4	2080288	0.999996974946534	high	Pontibacter arcticus	Bacteria
4703c793-0d35-4a4d-8037-a39bd4b0cd1b	2080288	0.9643744087183276	high	Pontibacter arcticus	Bacteria
ac30a602-2bb9-4bf5-be4e-ee87be12227e	2080288	0.9995402255953296	high	Pontibacter arcticus	Bacteria
d88cb2d4-ff00-4409-ac48-16a19c97d669	2080288	0.6311334590579188	medium	Pontibacter arcticus	Bacteria
3ca663ae-6201-4d73-8c62-76d2008386b3	2080288	0.9984648097575014	high	Pontibacter arcticus	Bacteria
915b3513-f16c-4ac4-be0f-d5cdbf97cfcd	2080288	0.999566245307396	high	Pontibacter arcticus	Bacteria
693d3c75-7fd0-464e-a9fd-c152f4ef9678	2080288	0.999759349658033	high	Pontibacter arcticus	Bacteria
ed47ac9b-1493-490e-af4e-52d2c198dd1f	2080288	0.9995611654413872	high	Pontibacter arcticus	Bacteria
15b1a630-1c84-4b9c-ac41-d3634db1328e	1424080	0.9390430474335104	high	Pontibacter amylolyticus	Bacteria
fb792a51-3551-47c2-81c1-8a6c4c9d4247	2080288	0.9992145873237844	high	Pontibacter arcticus	Bacteria
3f60f710-f130-4b9a-88b2-01c2ec061fb6	2080288	0.9991605800353588	high	Pontibacter arcticus	Bacteria
148e1da5-b1f0-496e-8a17-28a6f9767edc	1424080	0.9987720481742854	high	Pontibacter amylolyticus	Bacteria
26f42a7b-4c00-4349-b156-c63e6e088bb3	2080288	0.9995652988167943	high	Pontibacter arcticus	Bacteria
d2eb814b-bf33-4b51-a762-7b3c8cc7517c	1424080	0.9380971064190436	high	Pontibacter amylolyticus	Bacteria
7755efe4-cc0a-48b7-aec4-dd560477be02	2080288	0.9995648616006962	high	Pontibacter arcticus	Bacteria
37e474b5-93b8-4e49-837c-e3a5fa79af22	2766980	0.7522494541003776	medium	Pontibacter aquaedesilientis	Bacteria
854c58e9-9d54-4298-97ba-b35cd1f1885b	2080288	0.9992142730639691	high	Pontibacter arcticus	Bacteria
b1728f31-e9e9-4abb-90eb-59e9c23bcf3c	2080288	0.9995664357050392	high	Pontibacter arcticus	Bacteria
7d8bcd3e-9bc7-4edb-a2ce-eda14d78058a	2080288	0.999769862125652	high	Pontibacter arcticus	Bacteria
f95337d7-ca21-4302-8763-aacb5f4f11cd	1424080	0.5259971016941128	medium	Pontibacter amylolyticus	Bacteria
81a87c40-8e76-40c9-a5e5-b4f2648216ec	2080288	0.9999738001028592	high	Pontibacter arcticus	Bacteria
cae7a572-76ce-4ce5-bc7e-a0c70eacdcaa	2080288	0.9788117058896352	high	Pontibacter arcticus	Bacteria
f7f3f670-4dda-4ce1-be5a-83c16e40d29e	2080288	0.9984751001705208	high	Pontibacter arcticus	Bacteria
6adf0f75-a842-4ea2-99b7-efdef59ad8e9	2080288	0.9991497266049738	high	Pontibacter arcticus	Bacteria
1d202db1-83b9-4a2d-9e71-0972320534fe	2080288	0.999958143753598	high	Pontibacter arcticus	Bacteria
fd2b0b81-1a3c-4beb-8d90-4d3fd58c71fa	2766980	0.9578876331460672	high	Pontibacter aquaedesilientis	Bacteria
a00079e8-4a9d-485d-b27e-e1174b35f72c	2080288	0.9997712967782802	high	Pontibacter arcticus	Bacteria
bad7ca86-f259-4fc5-9911-1fc5e3182ea3	2080288	0.9984677187486656	high	Pontibacter arcticus	Bacteria
d5ae0204-61dd-41eb-98b7-63739d3d6ea9	2080288	0.9999999999590872	high	Pontibacter arcticus	Bacteria
3d9cb05d-47a3-4198-b47c-e3be9f0093d4	2080288	0.9995640477308968	high	Pontibacter arcticus	Bacteria
293a30ad-05cd-4d72-b29b-a7b190c82425	2080288	0.999565948378456	high	Pontibacter arcticus	Bacteria
b7130bfe-e0d2-448e-98a3-4ea152d07b7a	2080288	0.9992145786347768	high	Pontibacter arcticus	Bacteria
3c446829-e9f3-4a6a-9eca-ee51795509de	2080288	0.999998481768946	high	Pontibacter arcticus	Bacteria
e1a8989e-311e-4fc5-b3ec-ab9a9c6f8f35	1400979	0.8333012527670711	high	Pontibacter diazotrophicus	Bacteria
60eed1bb-52d3-444b-af0c-0aa92f144c30	2080288	0.9995648518598405	high	Pontibacter arcticus	Bacteria
9f7b2862-97dd-4fd2-95dd-21f16f244998	2080288	0.999229046529878	high	Pontibacter arcticus	Bacteria
cca0ff64-7c7e-4b9c-b1ce-f27de3adf3d2	2080288	0.8673224716850969	high	Pontibacter arcticus	Bacteria
05a70d1c-e8e1-484b-99d4-4e9f5a6ddfbd	2080288	0.9999701185183852	high	Pontibacter arcticus	Bacteria
397e4b05-ed57-40f5-b479-7146a26f107d	2080288	0.9996950900280216	high	Pontibacter arcticus	Bacteria
8caa445f-b9a6-4679-a851-6f8fa54901cb	2080288	0.9992113880454324	high	Pontibacter arcticus	Bacteria
9b1711ac-e6c1-4cb8-9cc5-2b677429413b	2080288	0.9999724027666744	high	Pontibacter arcticus	Bacteria
49967c7d-ebda-44cc-b7b0-f2a371452bb0	2080288	0.9997853782231554	high	Pontibacter arcticus	Bacteria
efc78d3c-ed03-4b70-b7f9-64f5b6f6f0ca	2080288	0.9998776351516092	high	Pontibacter arcticus	Bacteria
ca31fb48-1b2c-41fc-b465-40f2335c4d95	2080288	0.9992169561478784	high	Pontibacter arcticus	Bacteria
85bca92f-faea-473c-99e1-f20764c6fa6e	2080288	0.9995709517315416	high	Pontibacter arcticus	Bacteria
304ff1a4-502d-49dc-8db2-693e7e6c61b2	2080288	0.9999988779669748	high	Pontibacter arcticus	Bacteria
55f09bf8-df4e-4960-ac7c-de33f8c4e206	2080288	0.9992004087688594	high	Pontibacter arcticus	Bacteria
f81f8a14-838e-456e-8906-dddc7d601d9c	2080288	0.9999580840374556	high	Pontibacter arcticus	Bacteria
6374d44b-c40c-4a84-bbb0-1f4c020d1101	2080288	0.9991562314955992	high	Pontibacter arcticus	Bacteria
c58a4eb4-285d-4811-8b19-dcae1b70b21b	2080288	0.9999823435143445	high	Pontibacter arcticus	Bacteria
38a6a6dc-7092-4960-adc0-8f58acc358fd	2080288	0.9999825568776968	high	Pontibacter arcticus	Bacteria
b4b45d0c-07a9-480b-8344-415e0c013a56	1424080	0.8057636550200984	high	Pontibacter amylolyticus	Bacteria
77994b0d-470b-4e78-8f90-55c0cf6b882e	2080288	0.9888919141982097	high	Pontibacter arcticus	Bacteria
9ef79195-d488-44d0-90a6-4cbe730b1f45	2080288	0.9992164943753088	high	Pontibacter arcticus	Bacteria
68656c13-8ef5-4706-a686-f4f65cdee23e	2080288	0.9971008276089208	high	Pontibacter arcticus	Bacteria
6e96d844-e640-458b-a82f-c01495cc16d1	2080288	0.9992088535384096	high	Pontibacter arcticus	Bacteria
8c2430b9-af9a-4a4c-86e8-f02d111ddea7	1424080	0.9987599224561348	high	Pontibacter amylolyticus	Bacteria
744ac5f3-405a-46d1-a991-b0b8add93d7b	2766980	0.9999203516678756	high	Pontibacter aquaedesilientis	Bacteria
75ab0a7a-925d-4ad3-b72e-09790c199adb	2080288	0.9970770199559558	high	Pontibacter arcticus	Bacteria
c8d82c19-62c2-432c-967b-1414a4eadda5	2080288	0.9995617008942712	high	Pontibacter arcticus	Bacteria
135461c9-93d8-458b-bf83-fa0deba2c0bb	2080288	0.9999498798149168	high	Pontibacter arcticus	Bacteria
0ab347ea-85ac-4e68-8e2c-84f2ecc828df	2080288	0.9999919278466332	high	Pontibacter arcticus	Bacteria
20ec8ec3-5cb8-4dfe-a232-13c54837c806	2080288	0.9881546553650684	high	Pontibacter arcticus	Bacteria
106330b8-dacf-4ab5-b9d3-2ac0cd531a04	1424080	0.938547885522302	high	Pontibacter amylolyticus	Bacteria
0a78444a-b119-4577-883e-84776f31f201	2080288	0.9991689161525718	high	Pontibacter arcticus	Bacteria
0233588f-8f64-456a-9b76-44112545ae54	2080288	0.9999744747185204	high	Pontibacter arcticus	Bacteria
4eaa799b-8671-4331-8024-93a69f9e7441	2080288	0.9992187077141528	high	Pontibacter arcticus	Bacteria
38fd4fe5-2bf2-498e-95b4-557f560a1b4f	2080288	0.9999720250386692	high	Pontibacter arcticus	Bacteria
cf46c9f0-21ac-42c8-80f1-43a0c2398fc1	2080288	0.9999997092047253	high	Pontibacter arcticus	Bacteria
238334be-a701-401c-ac81-82ecea4f680b	1424080	0.9352847210615706	high	Pontibacter amylolyticus	Bacteria
62816f28-27d8-4131-a792-f4cd05237551	2080288	0.9992490465493568	high	Pontibacter arcticus	Bacteria
ba196765-4e73-4e1b-8337-a96ea5397e32	2080288	0.9970552846808312	high	Pontibacter arcticus	Bacteria
a74c0c36-d1ab-4fd0-ae7a-a88729d1de70	2080288	0.9992091736163086	high	Pontibacter arcticus	Bacteria
37feebba-8bb6-4724-84c6-08b39103f1cf	2080288	0.9992183550210572	high	Pontibacter arcticus	Bacteria
4b1e5c22-e76f-4bf7-8364-4ad1a013c7ba	2080288	0.9995650870903564	high	Pontibacter arcticus	Bacteria
7e9b7192-c7d4-48f3-a91a-2f8e7590606d	2080288	0.999999999999097	high	Pontibacter arcticus	Bacteria
0930078e-24b0-408d-978e-8ea5c6fde949	2080288	0.9999690721574166	high	Pontibacter arcticus	Bacteria
4cf3a33e-a8c4-4b8d-aad0-90418c968ef1	2080288	0.9995662157577416	high	Pontibacter arcticus	Bacteria
e70afcf4-6069-4bd5-ade9-004fab95daff	1424080	0.997754782968853	high	Pontibacter amylolyticus	Bacteria
22c141fd-842a-4fa8-87e0-a17d9bf3a501	2080288	0.9938064576471152	high	Pontibacter arcticus	Bacteria
127c4e1c-c22d-4e72-a0e7-bed4f59f3e9a	2080288	0.9970983020440364	high	Pontibacter arcticus	Bacteria
eaadf205-d5c4-4534-8a5d-3087350cb99e	2080288	0.9995631657802192	high	Pontibacter arcticus	Bacteria
77720d44-396c-4c6d-b4ae-c3fc05b48851	2080288	0.9999984928722822	high	Pontibacter arcticus	Bacteria
ff66a6bd-24ef-4f26-87d7-9fa689db6918	2080288	0.9997737471442044	high	Pontibacter arcticus	Bacteria
48a2ca01-7343-4822-9620-ff10750c37ac	2080288	0.9999989192125576	high	Pontibacter arcticus	Bacteria
f0c9318b-4dfe-4de0-9296-106b0429992f	2080288	0.9999979787113882	high	Pontibacter arcticus	Bacteria
c703f048-5bf1-4750-8955-4fc6e8ffb29f	2080288	0.9992158400443344	high	Pontibacter arcticus	Bacteria
260bcbec-976c-4f6b-a084-caef2d4f5003	2080288	0.9999183706782706	high	Pontibacter arcticus	Bacteria
4188c11e-a1f9-4ebb-b532-e3be821700c3	2080288	0.9999725614119876	high	Pontibacter arcticus	Bacteria
bb6dc8c3-7411-4b33-969a-c50516e42026	2080288	0.9999985149818764	high	Pontibacter arcticus	Bacteria
03d86cf7-68c5-4660-a6f9-7beb04324ed9	2080288	0.9944320242738452	high	Pontibacter arcticus	Bacteria
e0d8dfe5-789c-4074-a4e5-ce96571f45f3	2080288	0.9995643531017068	high	Pontibacter arcticus	Bacteria
793b11ab-befc-4f50-a5d2-b95e63239ad2	1424080	0.5352985339308082	medium	Pontibacter amylolyticus	Bacteria
7e3602d3-2bc3-4559-b6b8-9d893bd41d86	1424080	0.8640797697256096	high	Pontibacter amylolyticus	Bacteria
e658812a-a435-482b-bc50-126aeb04361b	2080288	0.9999992035143572	high	Pontibacter arcticus	Bacteria
877daef8-a585-49f6-a9cb-fb18b9db73df	2080288	0.9999919110369412	high	Pontibacter arcticus	Bacteria
c8521be1-fe53-46ba-8c0c-69d8f253867a	2080288	0.987770735904854	high	Pontibacter arcticus	Bacteria
6f7a0f00-490f-4c54-b122-8fa050949da2	2080288	0.9789066139835012	high	Pontibacter arcticus	Bacteria
ec744000-f8b2-4332-b9de-e1c959e227bf	2080288	0.9999954315459034	high	Pontibacter arcticus	Bacteria
cea4a6a8-e14e-4280-b114-f1b3bfd238ac	1424080	0.99883377268518	high	Pontibacter amylolyticus	Bacteria
8383c09e-eb3b-4372-8111-4a428d950ef4	2080288	0.9999571992061188	high	Pontibacter arcticus	Bacteria
21c9cc86-4569-4e01-a448-dee810aca0bf	1424080	0.9383770700824356	high	Pontibacter amylolyticus	Bacteria
5e72463a-0672-43b1-ae56-aa3bc606c196	2080288	0.9995671788272552	high	Pontibacter arcticus	Bacteria
1a5b74a8-98f4-4bcc-baf3-f3ada3ee6817	2080288	0.9995659393538164	high	Pontibacter arcticus	Bacteria
e1d35c17-f184-4f4d-a6b2-28b062319931	2080288	0.9995774244060642	high	Pontibacter arcticus	Bacteria
fdeef5f0-ef85-4e51-9a42-f22a352466ea	1424080	0.892041716827087	high	Pontibacter amylolyticus	Bacteria
c3744031-6d1a-4455-9698-c7856d724560	2080288	0.9999697976500512	high	Pontibacter arcticus	Bacteria
f80bd81d-e416-4106-902f-cee138c9ca8d	2080288	0.9995637970552048	high	Pontibacter arcticus	Bacteria
5d255efb-a00b-4668-a072-7ab82e4a8577	2080288	0.9969623051715606	high	Pontibacter arcticus	Bacteria
f2f867b0-1240-48d8-a373-16043a131c4c	2080288	0.9997878793257876	high	Pontibacter arcticus	Bacteria
ff968627-acb5-44a0-9fce-53e8e94e35b3	2766980	0.7673462418498425	medium	Pontibacter aquaedesilientis	Bacteria
0b066d93-2f31-48ad-afb7-389244160d8d	1424080	0.9996638017237788	high	Pontibacter amylolyticus	Bacteria
ea086c17-4945-4cf2-a9ea-0258e0867aaa	2080288	0.9995804926583776	high	Pontibacter arcticus	Bacteria
ba485976-048a-4a22-b32f-7b30b9c7291d	2080288	0.9995388853563664	high	Pontibacter arcticus	Bacteria
9824ac40-1846-4946-992b-f2eb7b98043a	2080288	0.9984648148664994	high	Pontibacter arcticus	Bacteria
773b31ac-b867-4d3a-b9f9-558ae96e51e5	2080288	0.9984652229630756	high	Pontibacter arcticus	Bacteria
25b6df83-dd92-43e8-b6ff-45741d7a9316	2080288	0.9788768473193136	high	Pontibacter arcticus	Bacteria
fd3b37d9-dc7c-417f-8211-82a0911afe32	2080288	0.9999728981807836	high	Pontibacter arcticus	Bacteria
1d5d4274-4c69-4278-ab5f-4e7e57e4706f	2080288	0.9995643624439052	high	Pontibacter arcticus	Bacteria
29a50b3c-b32f-42b3-b6db-197b2db408a2	2080288	0.9995627731478132	high	Pontibacter arcticus	Bacteria
427a6904-a21d-44d6-ae61-664902bcbefc	1424080	0.5295241458658348	medium	Pontibacter amylolyticus	Bacteria
9d0985d6-48bb-42c6-9e77-c2eb643d6ccb	2080288	0.9995671945236876	high	Pontibacter arcticus	Bacteria
65299e6c-d376-48bd-a8de-e04451eb4b22	2080288	0.999556897691509	high	Pontibacter arcticus	Bacteria
c9532e31-54bc-402e-9b05-e9ab1d9a2d26	1424080	0.878677742271305	high	Pontibacter amylolyticus	Bacteria
fddb5c77-098f-4662-972c-4110085bf93e	2080288	0.998394233887968	high	Pontibacter arcticus	Bacteria
11b84f71-c4c8-40c6-8174-d784783b93dd	2080288	0.9995665719276718	high	Pontibacter arcticus	Bacteria
b3cf1ca9-d3f4-48fc-b789-05d0f0ee2142	2080288	0.9998887122324104	high	Pontibacter arcticus	Bacteria
9de35db4-faea-4908-ad60-994153b127dc	1424080	0.997717229808292	high	Pontibacter amylolyticus	Bacteria
18b1f88b-fa16-4e58-b4e3-3b89c472b37e	2080288	0.9992137256750064	high	Pontibacter arcticus	Bacteria
5078c0ed-d4dc-4c7c-967f-e183e2a5d850	1424080	0.9973687650294748	high	Pontibacter amylolyticus	Bacteria
69973a81-c906-4354-8b80-7c5b7364433f	1424080	0.5290369620721942	medium	Pontibacter amylolyticus	Bacteria
56b6d07c-5459-43c5-854a-aa891a21c168	2080288	0.9991999299322124	high	Pontibacter arcticus	Bacteria
86ea42e6-37a0-4532-8b3a-688c3511ce4d	2080288	0.9984749664744104	high	Pontibacter arcticus	Bacteria
716a0602-bb3d-4483-a384-68edb12ddcb3	2080288	0.9992019016070024	high	Pontibacter arcticus	Bacteria
c993f2f5-0083-4bc1-a2a8-c1ae02bca5d8	2080288	0.9995656234940554	high	Pontibacter arcticus	Bacteria
ea1709cf-045f-410a-852d-3b94a7c77d9b	2080288	0.9995638199567494	high	Pontibacter arcticus	Bacteria
c2c2da2c-47d8-4c0e-8821-6236a097c7e3	2080288	0.9995652988167943	high	Pontibacter arcticus	Bacteria
45fce803-fac4-4641-9c40-0697d933e6b9	2080288	0.9999999999982918	high	Pontibacter arcticus	Bacteria
f0b955af-693d-41c1-9f30-a7eda6897158	2080288	0.99860783010833	high	Pontibacter arcticus	Bacteria
41c6abce-25cc-4188-a111-1d6e70739355	1424080	0.9906243364813252	high	Pontibacter amylolyticus	Bacteria
2f76fa7b-5ec7-431a-bf2f-2a7371ff9028	1424080	0.9383876446909096	high	Pontibacter amylolyticus	Bacteria
083a3453-00f1-4de2-8818-f81915ffefcb	2080288	0.6147583865829599	medium	Pontibacter arcticus	Bacteria
9bb971cb-cf8d-4b15-81a1-a53506b08b2a	2080288	0.9991433572054244	high	Pontibacter arcticus	Bacteria
738f7a01-ba9f-45ab-b6f1-d30ce90b4ab9	1424080	0.9396544284146616	high	Pontibacter amylolyticus	Bacteria
50c27d22-5791-439a-8b35-1d3b01f1859a	2080288	0.9995491546751972	high	Pontibacter arcticus	Bacteria
337be415-3cfe-4090-ac14-c45945cffc9a	2080288	0.9995648485493032	high	Pontibacter arcticus	Bacteria
ccf929e3-c4ab-4a76-bb63-ea590873020d	2080288	0.9999992173595534	high	Pontibacter arcticus	Bacteria
cd2ff0af-30c8-4f54-b7e5-b6301205d298	2080288	0.999095481766528	high	Pontibacter arcticus	Bacteria
21c27cbb-e0a6-4cc3-ad98-a47af19d0d5a	2080288	0.999954878556885	high	Pontibacter arcticus	Bacteria
9de50ef9-0190-4de8-857b-06345c638852	2080288	0.9995599014011514	high	Pontibacter arcticus	Bacteria
a6f8c39f-9482-4164-966a-a71e73c2a026	1400979	0.8486492344243816	high	Pontibacter diazotrophicus	Bacteria
0cb2f01e-a461-433f-a205-4dfe5c0c7131	2080288	0.9999652870569836	high	Pontibacter arcticus	Bacteria
fe1dfeaa-cf49-468f-bb15-583e20b03ad0	1424080	0.9387446994343818	high	Pontibacter amylolyticus	Bacteria
4eb5b604-98b6-4413-90ee-c5d90b32e9b7	2080288	0.9995576489211996	high	Pontibacter arcticus	Bacteria
c8be72ea-6918-46b2-bf1d-803e9d93fda6	2080288	0.9991660556063104	high	Pontibacter arcticus	Bacteria
4b9612df-9235-4255-b826-a0e163413a66	2080288	0.9999729881191768	high	Pontibacter arcticus	Bacteria
7a7ff15d-3df1-47f3-8bf0-952814807f4e	1424080	0.9973064678106972	high	Pontibacter amylolyticus	Bacteria
68b9b194-8a60-47a2-b6c7-e9403ecce2d3	1424080	0.982489476525728	high	Pontibacter amylolyticus	Bacteria
0381b5a4-19be-4684-b529-fc5fba741430	1424080	0.4941493013655506	low	Pontibacter amylolyticus	Bacteria
5356cf0e-96fa-4013-8b57-534954a2ee18	2080288	0.999559752786062	high	Pontibacter arcticus	Bacteria
3dcd2a1f-ea8c-4e87-9b0e-8bfa711cf8e4	2080288	0.9995186523369892	high	Pontibacter arcticus	Bacteria
c0f43b17-3864-4133-b522-ee4ccf72317d	2080288	0.999565326648195	high	Pontibacter arcticus	Bacteria
ace88262-ab19-4993-80df-f951b4c3f888	2080288	0.9995891710178664	high	Pontibacter arcticus	Bacteria
300400ad-fb44-48fd-a899-0d8ae9440086	2766980	0.756612859240961	medium	Pontibacter aquaedesilientis	Bacteria
c56c48b2-3959-44a9-851a-4fec7bc8f684	2080288	0.9999992100464504	high	Pontibacter arcticus	Bacteria
45a8a9ec-fa1e-44c9-ac7f-02829c871410	2080288	0.9999738792578782	high	Pontibacter arcticus	Bacteria
f6b34291-7bc4-4417-8acb-1c0c75681859	2080288	0.9995647681598367	high	Pontibacter arcticus	Bacteria
fc273132-8b50-4abc-8254-2452f479494a	2080288	0.9788872024269144	high	Pontibacter arcticus	Bacteria
a7590b9a-8ba4-4038-82c3-5818c295d25f	2080288	0.9995610681913653	high	Pontibacter arcticus	Bacteria
d8206954-0bf9-4662-a937-10a5d7e01cc6	2080288	0.9293012928085262	high	Pontibacter arcticus	Bacteria
d0132cda-883c-460f-adf4-37b6c840bcac	2080288	0.9992124616770718	high	Pontibacter arcticus	Bacteria
80d132d8-111d-4ea0-b089-951c993781ce	2080288	0.999396796985851	high	Pontibacter arcticus	Bacteria
aed8f313-41c0-4c89-9b66-7c514c18b6d2	2791028	0.9826617033565388	high	Pontibacter rufus	Bacteria
b34eead3-60ba-486b-b71f-c58ae009ef1f	2080288	0.9995879249954588	high	Pontibacter arcticus	Bacteria
0db4be51-3bee-4f87-83ea-28175e4f42a2	2080288	0.9995669709598718	high	Pontibacter arcticus	Bacteria
edc189ce-c168-40dd-bc88-01bb9fcc34a2	2080288	0.9991904190019012	high	Pontibacter arcticus	Bacteria
243bebb5-48ea-4053-b784-899b8554a6df	2080288	0.9999725921257628	high	Pontibacter arcticus	Bacteria
df948565-7b2e-4c82-b913-3cdaf054fccf	1400979	0.9542626000348976	high	Pontibacter diazotrophicus	Bacteria
5306f0a6-17c3-4d0f-ab5c-884894a95d6a	2080288	0.9995671945236876	high	Pontibacter arcticus	Bacteria
ffb336f5-d7a0-464c-a182-da521c45b424	2080288	0.99919995156976	high	Pontibacter arcticus	Bacteria
34582fdc-e7df-4e86-a9ed-11893b03fcb8	1424080	0.7958422202987033	medium	Pontibacter amylolyticus	Bacteria
8f15cc11-51dc-44e8-b2c9-ab4d9e606a67	2080288	0.997230511703709	high	Pontibacter arcticus	Bacteria
4b9831f9-0732-4900-9396-d36bb38a5889	1424080	0.9396858170643024	high	Pontibacter amylolyticus	Bacteria
7f853866-aa4b-4e87-bff1-03d18f9f269c	2080288	0.9999996310070014	high	Pontibacter arcticus	Bacteria
d64e72bc-9aac-4b47-ac9f-111e2d4cf586	2080288	0.9995653676693612	high	Pontibacter arcticus	Bacteria
dfae5b75-1dea-4060-add5-a2f7fca57b1d	1424080	0.8661104810664614	high	Pontibacter amylolyticus	Bacteria
6b99515b-ae71-4a3d-95e4-7829e0a0ad6d	2080288	0.9999999999939084	high	Pontibacter arcticus	Bacteria
fd495d4b-5319-430e-9b95-380d27756238	2080288	0.999213667468456	high	Pontibacter arcticus	Bacteria
dfb2b5a4-3c14-422a-bc2e-b1126b1e1b04	2080288	0.999566554906334	high	Pontibacter arcticus	Bacteria
6d00be75-6783-47a4-86ea-974e6eb1d0e8	1424080	0.8778584122271724	high	Pontibacter amylolyticus	Bacteria
24e0ee58-51d6-4651-8f35-663ad3d9c140	2766980	0.9570004174287644	high	Pontibacter aquaedesilientis	Bacteria
f6c79678-c366-4ea4-a5b1-090fe5e15fc9	2080288	0.9995656255381078	high	Pontibacter arcticus	Bacteria
74edabe7-cda1-47d6-a158-e300ab6e9baf	2080288	0.9992121019285805	high	Pontibacter arcticus	Bacteria
d8a56886-87cc-43e6-9c7c-e7649375c771	2080288	0.9967614577764734	high	Pontibacter arcticus	Bacteria
911a6f2c-dfa5-4af8-8517-ae6dae22f0d7	2080288	0.9995659320778496	high	Pontibacter arcticus	Bacteria
837745c4-c4e7-4d11-88bb-b4ce66e550c4	2080288	0.9998798458170274	high	Pontibacter arcticus	Bacteria
d86ce9fc-dc75-4c80-84d8-812d285aff9a	2080288	0.9968185761242462	high	Pontibacter arcticus	Bacteria
b83e515e-91eb-457e-9c83-9f84977fb435	2080288	0.9995667795655072	high	Pontibacter arcticus	Bacteria
05ce519b-2525-485d-9370-bdcb7993bee7	2080288	0.999541699295931	high	Pontibacter arcticus	Bacteria
47c974bd-fbda-406d-b416-6ce5029ebdef	2080288	0.993483143048303	high	Pontibacter arcticus	Bacteria
9709b626-11ca-4534-ba84-ce10f5923bff	2080288	0.9999999994625142	high	Pontibacter arcticus	Bacteria
a450ff1d-b335-421a-a264-ba1e73eeab74	2080288	0.9995615875719168	high	Pontibacter arcticus	Bacteria
206ee58b-e1e9-4080-84bd-a36f441d6e54	2080288	0.9995617008942712	high	Pontibacter arcticus	Bacteria
68bc4cf4-88de-45ae-9688-29ad914ebe0b	2080288	0.9995670846539456	high	Pontibacter arcticus	Bacteria
4dc749cb-129c-4a1f-b421-67c1b1057549	2080288	0.9995631657802192	high	Pontibacter arcticus	Bacteria
b2aa44fb-8643-48aa-8c72-cab5d7e0e220	2080288	0.9999907550211012	high	Pontibacter arcticus	Bacteria
580efcbe-ef84-410d-9b12-cb550c5c0e33	2080288	0.999566987097492	high	Pontibacter arcticus	Bacteria
d90efd9d-7271-412c-b791-5737a71adf44	2080288	0.9999999997269252	high	Pontibacter arcticus	Bacteria
6ca9a30c-da22-4ff0-844b-0e4261eb78b3	2080288	0.9991883067033976	high	Pontibacter arcticus	Bacteria
a2765ff7-bd95-40cd-9de7-3ed6f845f0c3	2080288	0.9992219179992602	high	Pontibacter arcticus	Bacteria
4d785fac-e77d-4b76-82c0-6e6d912e7eb5	2080288	0.998080258435758	high	Pontibacter arcticus	Bacteria
7fb2e522-77b5-4519-8994-d3e63552862d	1400979	0.7399860730162988	medium	Pontibacter diazotrophicus	Bacteria
36e568eb-ef4b-4654-8ad3-554b9a12bf7e	1424080	0.9693259812612568	high	Pontibacter amylolyticus	Bacteria
30e08b68-d282-4dfc-a1fb-7d4687a60aff	2791028	0.9999245471242412	high	Pontibacter rufus	Bacteria
14ea966d-6291-4bd5-9f31-573e5cd15542	2080288	0.4953812477940048	low	Pontibacter arcticus	Bacteria
42abc31f-25a6-413e-9897-b1c1971cb010	2791028	0.7700988197775426	medium	Pontibacter rufus	Bacteria
8c87122f-cafe-42a3-9ab3-7961ded0f4a3	2080288	0.9995656064989918	high	Pontibacter arcticus	Bacteria
7d804989-c25c-4db0-9b66-6e8d550e6097	1424080	0.5132084620408677	medium	Pontibacter amylolyticus	Bacteria
02957d39-634f-43b8-95b8-9c238a8f1ea9	2080288	0.9999575342252176	high	Pontibacter arcticus	Bacteria
ed54cf5a-55fd-4962-8e6e-c821eaa6e8a8	2080288	0.9992145829763212	high	Pontibacter arcticus	Bacteria
8ec2fa9c-9925-4c25-b7ed-5de972ac7215	1424080	0.8148619777243777	high	Pontibacter amylolyticus	Bacteria
916d3551-935f-4e5a-81b3-9e296f373abf	2080288	0.9999913443867784	high	Pontibacter arcticus	Bacteria
2cfdbc9b-4735-45bb-94e0-1b591f3d7e1d	2080288	0.999557804822277	high	Pontibacter arcticus	Bacteria
9b080786-2a5a-464b-b05f-252020d7d301	2080288	0.999967097707178	high	Pontibacter arcticus	Bacteria
5817b28e-92ef-4932-80d5-009906b12dff	1424080	0.800902277258338	high	Pontibacter amylolyticus	Bacteria
d2371ba4-a83d-4394-8be5-72e1b7c81d04	2080288	0.9995642298423392	high	Pontibacter arcticus	Bacteria
83d117ea-ad8d-4423-8a0b-ae877f22676c	2791028	0.9911620637381532	high	Pontibacter rufus	Bacteria
05e91141-bfbc-4170-9ee2-ef736a11088a	2080288	0.999563794457886	high	Pontibacter arcticus	Bacteria
e03fbede-e7f5-46ad-9628-98063ba511ce	2080288	0.9995570982546343	high	Pontibacter arcticus	Bacteria
55c0a396-36f1-4c22-a61d-4dc050ec50d3	2080288	0.9995659269790008	high	Pontibacter arcticus	Bacteria
0b4afbd6-65ed-4011-b1bb-9a7dca1cd250	2080288	0.9999999999991313	high	Pontibacter arcticus	Bacteria
660e42e7-d61e-4442-b9d5-ff41b6abadea	2080288	0.9881749715546873	high	Pontibacter arcticus	Bacteria
3809faa0-d283-4d41-ba76-83966aa7d16d	1424080	0.933522290883112	high	Pontibacter amylolyticus	Bacteria
4d6ebf59-479d-4d95-af3a-36f86ff30cbc	2080288	0.9999416056485	high	Pontibacter arcticus	Bacteria
a3455710-f508-4e2f-949d-0378e5e2ae57	2080288	0.9995667795655072	high	Pontibacter arcticus	Bacteria
5aec9ec8-d7a1-4a7e-b021-0a8e2cd87ea5	2080288	0.9999725005097724	high	Pontibacter arcticus	Bacteria
fe9cac96-9f89-4e1f-870c-4a74c53605d1	2080288	0.9984921696820226	high	Pontibacter arcticus	Bacteria
28891cf7-7802-4201-abe0-b7d9561ad7c7	2080288	0.9999736627733986	high	Pontibacter arcticus	Bacteria
25adfc38-3daf-43ef-8f39-e8f39112c9ec	2080288	0.9996797267359784	high	Pontibacter arcticus	Bacteria
0b15bdf5-74cb-4f39-9055-9ff7be44c6fc	2080288	0.9995647426646912	high	Pontibacter arcticus	Bacteria
7fa382cb-eaf6-46a4-ba46-b3d34e0d4eef	2080288	0.9999180082519932	high	Pontibacter arcticus	Bacteria
2c40513f-28bd-49bd-8c6d-1224dc2f037d	2080288	0.9995646769487876	high	Pontibacter arcticus	Bacteria
9e6f78b1-43a6-454a-a964-5c93b56f8ed7	2080288	0.9991734693531872	high	Pontibacter arcticus	Bacteria
b036f4a6-92ee-4094-be46-b0e57a3dc063	2080288	0.9944465176111148	high	Pontibacter arcticus	Bacteria
9deb98a4-1476-4618-ad7f-fe6b11888712	1424080	0.968435712691185	high	Pontibacter amylolyticus	Bacteria
b3b5df0c-ba26-4de9-96b5-a390fd651337	2080288	0.9984705420655972	high	Pontibacter arcticus	Bacteria
6531e1a3-1eae-46c7-bfb1-97d0f09a78d1	2080288	0.9995609505389972	high	Pontibacter arcticus	Bacteria
3c70f43c-015f-42dd-a339-f8af10491a16	2766980	0.988338228920018	high	Pontibacter aquaedesilientis	Bacteria
5e07be12-1f05-4c71-93a5-02954919b256	2080288	0.9999586838848332	high	Pontibacter arcticus	Bacteria
199220fd-d3ea-4627-814d-0e33ac6ad789	1424080	0.9824915309760316	high	Pontibacter amylolyticus	Bacteria
19da2b28-0df0-41d4-aa37-776562cd559e	2080288	0.9970771951077452	high	Pontibacter arcticus	Bacteria
d5f9348e-57d5-4acb-98fd-d38a4d6a56aa	2080288	0.9999719424106622	high	Pontibacter arcticus	Bacteria
c373434b-c752-474b-b223-5ccb4383ee31	2080288	0.9999854407398356	high	Pontibacter arcticus	Bacteria
f35fa501-f1fa-4847-b723-ee1add417be3	2080288	0.9999725779835932	high	Pontibacter arcticus	Bacteria
ab818f7b-b148-477a-8dd6-b93133975275	2080288	0.9992146324965916	high	Pontibacter arcticus	Bacteria
78f2427f-8c72-4582-b077-b82617f3d5ea	2080288	0.9995667795655072	high	Pontibacter arcticus	Bacteria
583abb55-c50b-4977-b9ad-7ce8cc1fc8ef	2080288	0.9995639190928406	high	Pontibacter arcticus	Bacteria
9f2d8b87-f97a-4930-b42a-bbb5e26b7295	2080288	0.99956453124375	high	Pontibacter arcticus	Bacteria
4f2e4536-5e78-4a12-ab2b-5b2e09dd4a04	2080288	0.9992237421495715	high	Pontibacter arcticus	Bacteria
635e4720-040b-4ef6-a0b3-e0052dcc6d0b	2080288	0.999864216914355	high	Pontibacter arcticus	Bacteria
c0fe64b9-d220-4832-8cdd-b7fd30c09341	2080288	0.9999999990303284	high	Pontibacter arcticus	Bacteria
3cc6679e-f56d-40aa-8598-37ea9176f412	2080288	0.9995633692767748	high	Pontibacter arcticus	Bacteria
50789103-efb7-469b-8164-1f3e017dcb5f	2080288	0.9995652988167943	high	Pontibacter arcticus	Bacteria
cbaafabb-3523-4e30-8fbb-48f2a8d411f9	2080288	0.9999984702797112	high	Pontibacter arcticus	Bacteria
adf69218-0529-4036-bd87-a441a5d5221b	2080288	0.9999378333846498	high	Pontibacter arcticus	Bacteria
f1fd8ea7-b64a-4859-8297-a26418831667	2080288	0.999566245307396	high	Pontibacter arcticus	Bacteria
aab3f489-25df-4717-8d00-d876a1afc175	2080288	0.99956264852176	high	Pontibacter arcticus	Bacteria
afed7d57-a232-4f33-929a-8b73ec1dd8c2	2080288	0.9999524177335714	high	Pontibacter arcticus	Bacteria
c77000fe-ff96-4b60-be7b-34e44764b769	2080288	0.9999921852235866	high	Pontibacter arcticus	Bacteria
1070acb0-bcc9-47bb-97d5-34b5b70e370e	2080288	0.999998863513869	high	Pontibacter arcticus	Bacteria
31b551ef-af57-458c-bac1-ea055c5e1629	1424080	0.9386162118927066	high	Pontibacter amylolyticus	Bacteria
f3914f8a-1a02-49c4-bce7-bbc0f668b96a	2080288	0.9995663383143146	high	Pontibacter arcticus	Bacteria
43b16db3-613f-42b2-a49b-d25b63265d9f	2080288	0.9999716053567534	high	Pontibacter arcticus	Bacteria
882ab85d-cbfa-4edf-a0b1-2443ab54945c	2080288	0.9995599955511606	high	Pontibacter arcticus	Bacteria
81b3891c-99a0-49d3-99e4-e15790195265	1424080	0.9117686307030848	high	Pontibacter amylolyticus	Bacteria
a01747a3-8a4c-4ba7-92e8-855a4d81b6f1	2080288	0.9995763973078624	high	Pontibacter arcticus	Bacteria
523165f8-7272-4c25-931e-e99d8c69a240	2080288	0.9999989425310674	high	Pontibacter arcticus	Bacteria
7ed5aab8-2ce8-4998-b727-3cdc1b70b82f	2080288	0.9984288545048302	high	Pontibacter arcticus	Bacteria
2a5fe268-18e7-49aa-a6b9-e0f9e0da0a0e	2766980	0.6622321661309599	medium	Pontibacter aquaedesilientis	Bacteria
9df3275e-574c-476a-a351-6fff3a47585e	2080288	0.999768004287519	high	Pontibacter arcticus	Bacteria
ced2b133-bad7-4358-b2b8-a6e848633099	2080288	0.9995631900162112	high	Pontibacter arcticus	Bacteria
f8fd0875-2c79-4f09-bd1c-4a56602764e9	2080288	0.9995663845747776	high	Pontibacter arcticus	Bacteria
e85bf7f2-fd5f-48bb-a44b-dc2ca634022d	1424080	0.7029801680776471	medium	Pontibacter amylolyticus	Bacteria
6937b7a1-d87f-4dea-80d4-c048582b79e1	2080288	0.9999999999999982	high	Pontibacter arcticus	Bacteria
39edcee4-cb31-4694-81f4-8f4f7651103d	1424080	0.8644406071339766	high	Pontibacter amylolyticus	Bacteria
53cd448b-0bfe-41ed-a59d-e5c58b8af884	2080288	0.9992115513240816	high	Pontibacter arcticus	Bacteria
202fc909-d986-4444-98c4-4a7f378a2fe2	2080288	0.9984737770640192	high	Pontibacter arcticus	Bacteria
bf9306d7-8529-4ac8-a531-68542a537628	2080288	0.9998494286898856	high	Pontibacter arcticus	Bacteria
1c400993-2b13-48a9-8fdd-c2bc154e5f67	1424080	0.9999951603229118	high	Pontibacter amylolyticus	Bacteria
fbbe374d-81d4-4e64-8867-e7a2a7408c6d	2080288	0.998468514168202	high	Pontibacter arcticus	Bacteria
81a90786-70dc-4e27-b9fc-2a2d72fc72e3	2080288	0.9999571228521812	high	Pontibacter arcticus	Bacteria
83f9cf2f-2b28-413a-b112-c2cfce594669	2080288	0.9980511170977088	high	Pontibacter arcticus	Bacteria
fb1eb2f8-3156-4c5d-b8d2-53ac176693f3	2791028	0.8745115956952852	high	Pontibacter rufus	Bacteria
47924791-7517-4167-bd5f-695675e3d41d	2080288	0.9984708119425596	high	Pontibacter arcticus	Bacteria
01bdeff7-b730-4083-a946-19e7c487d45a	2080288	0.98755616305288	high	Pontibacter arcticus	Bacteria
0f510a40-bdb8-4809-b81a-11d3b633598c	2080288	0.9999989195455204	high	Pontibacter arcticus	Bacteria
51824942-1e60-4c9a-85d6-1538ee747023	1424080	0.9985872698528768	high	Pontibacter amylolyticus	Bacteria
e0b661f2-46cd-458e-82e4-fe0540612438	1424080	0.938761046657534	high	Pontibacter amylolyticus	Bacteria
b645b96e-6036-48d5-b171-83d2d163b4c8	2080288	0.9995642263836484	high	Pontibacter arcticus	Bacteria
c75abaa7-af02-4b1d-b746-1e2d50e84222	2080288	0.7640514241132458	medium	Pontibacter arcticus	Bacteria
46adf688-43b4-4eb9-b0f0-cc4fcb2aea88	2766980	0.9999980010316358	high	Pontibacter aquaedesilientis	Bacteria
17b4414b-b39d-45a0-a8d0-c119045f5e20	2080288	0.9995648582730106	high	Pontibacter arcticus	Bacteria
cc279fcf-e1d5-4fa6-b56b-f535d9ebe26e	2080288	0.9999984584345464	high	Pontibacter arcticus	Bacteria
c64c284b-6c40-4273-a54c-9966fa5035db	2080288	0.9999999999992292	high	Pontibacter arcticus	Bacteria
a59da1a8-5dd7-436c-8d42-9eacdbd59d14	2080288	0.9999832038817243	high	Pontibacter arcticus	Bacteria
1927db13-dd7f-404f-a53a-85761df6838e	2080288	0.9984108212950438	high	Pontibacter arcticus	Bacteria
4acce311-d882-4ef8-b44d-b7d5bb005a3d	2080288	0.999212962514004	high	Pontibacter arcticus	Bacteria
053692da-2dc6-48f4-8a63-3ff5b810b97a	2791028	0.6232401489107642	medium	Pontibacter rufus	Bacteria
0344941c-e8d5-4808-8a21-0326c5210ce0	1424080	0.938621531844796	high	Pontibacter amylolyticus	Bacteria
664bbe9b-b2ef-4d75-91fb-ccad6a17edfd	2080288	0.999900848406789	high	Pontibacter arcticus	Bacteria
6eab74ae-0eaf-4b16-82c8-ee944eb5a61c	2080288	0.9995666639195404	high	Pontibacter arcticus	Bacteria
3b9ce9d4-ed6d-4361-8882-adc2618dcf81	2080288	0.9999984466231462	high	Pontibacter arcticus	Bacteria
87640c75-57d8-4c6a-a674-6a0a77c7181c	2080288	0.9992145574893568	high	Pontibacter arcticus	Bacteria
0bc925d9-8008-4a47-8d46-0b4f0f3450ab	1424080	0.9814713883814252	high	Pontibacter amylolyticus	Bacteria
f7b6bb63-c415-46a2-bc16-052431137458	2080288	0.9285517688844872	high	Pontibacter arcticus	Bacteria
47c57f0a-bc2f-4ffd-8422-19312ce95d94	2080288	0.9997812937687164	high	Pontibacter arcticus	Bacteria
5760872c-0f1b-4e3f-9bee-d1c966ec102b	2080288	0.9999730638525068	high	Pontibacter arcticus	Bacteria
470b70aa-5931-468f-878f-a2b82409faec	2080288	0.9998043023721966	high	Pontibacter arcticus	Bacteria
72459110-c252-4a30-ba2f-c6ca3292b62a	2766980	0.3953645056301766	low	Pontibacter aquaedesilientis	Bacteria
511f3d75-dcc6-4f4b-ac49-b5c4abf82daf	2080288	0.9995936028953414	high	Pontibacter arcticus	Bacteria
f36a05b8-578d-4284-be79-50f5f80d4270	2080288	0.99915803163408	high	Pontibacter arcticus	Bacteria
81590d7b-1a53-4bb7-a33f-ee3e126b4998	2080288	0.999577187369423	high	Pontibacter arcticus	Bacteria
979493f3-6845-442c-a9e7-c6018a3fc2d3	1424080	0.9976005528675292	high	Pontibacter amylolyticus	Bacteria
6b4f95cb-5546-46b2-bfae-6ecfc655c1df	2080288	0.9999730777082618	high	Pontibacter arcticus	Bacteria
b7f09ec4-4ba3-4e78-b5ba-83af31fbeacf	2080288	0.9995662318728232	high	Pontibacter arcticus	Bacteria
754b29aa-241d-4bef-bd57-495b77f55228	2080288	0.9991214530074636	high	Pontibacter arcticus	Bacteria
cf31f33d-31f6-47c1-94a6-f23c7a348c45	2080288	0.9999728329932872	high	Pontibacter arcticus	Bacteria
1b0182fc-e12e-463b-a7b3-7cf4dd0bf8bd	2080288	0.9999777315692616	high	Pontibacter arcticus	Bacteria
15134c45-c891-4d5f-b465-bc1d5fdb0dc6	2080288	0.9999851861643564	high	Pontibacter arcticus	Bacteria
568c846b-764c-40ea-bdd1-689d5d6f3704	2080288	0.9997729164089788	high	Pontibacter arcticus	Bacteria
b6b24f34-0844-4355-b245-eb77f9cd44f3	2080288	0.9995859930130356	high	Pontibacter arcticus	Bacteria
7f6d2d19-86fd-46c6-b98a-1ffb427efadb	1424080	0.9830892975225842	high	Pontibacter amylolyticus	Bacteria
e9aee267-e168-4903-9a1b-3ca82f68917a	2080288	0.9999984402068158	high	Pontibacter arcticus	Bacteria
667c3830-b5ef-4407-ab98-191d9ce6ccc6	2080288	0.9995811154093254	high	Pontibacter arcticus	Bacteria
6268f9fa-fcef-42d6-b6fb-187a3b282392	1424080	0.9912136571249208	high	Pontibacter amylolyticus	Bacteria
ddcf44b6-57ef-4265-bc12-fadcf950cafa	1400979	0.8647670740211806	high	Pontibacter diazotrophicus	Bacteria
94bb6881-0a6b-4637-9d6e-d40a04ad50c3	2080288	0.9995652827131298	high	Pontibacter arcticus	Bacteria
8c36338d-9855-43b0-b614-110d477ef32a	2080288	0.9959228921685244	high	Pontibacter arcticus	Bacteria
7d5356d4-51de-4682-ad47-3f31b88a42f7	2080288	0.998468105504146	high	Pontibacter arcticus	Bacteria
ced1c1d4-dc79-4322-906f-9fe143ce4688	2080288	0.9999731029285932	high	Pontibacter arcticus	Bacteria
0dd8227a-63ac-4515-9030-5b563d0eb6b1	1424080	0.8441207703708905	high	Pontibacter amylolyticus	Bacteria
384994d4-09fc-4536-a7b9-341f22b878a7	2080288	0.9991846402211996	high	Pontibacter arcticus	Bacteria
2fbb5ebd-ca97-4eac-91f8-abd15c77a7ef	2080288	0.9995724141743512	high	Pontibacter arcticus	Bacteria
2232fe67-6560-433a-a056-bec58eaa1191	2080288	0.9999999999999938	high	Pontibacter arcticus	Bacteria
de231843-8aec-4ab0-b260-a9a7336055b9	2080288	0.9995652054173986	high	Pontibacter arcticus	Bacteria
a611ebb6-a6d2-4b97-b156-0d97fc2cbb9f	2080288	0.9997726825609008	high	Pontibacter arcticus	Bacteria
9ef32073-c2bc-4fb2-999d-61f2f2b0a0bd	1400979	0.9651645802368564	high	Pontibacter diazotrophicus	Bacteria
7396b4ea-899e-4312-aa2d-9b47fe450159	2080288	0.9992088424233296	high	Pontibacter arcticus	Bacteria
abbc0a4a-6868-4107-825c-40275d25c1f9	2080288	0.9997794052360736	high	Pontibacter arcticus	Bacteria
37893f2b-0463-4462-9555-df3a9a80a801	2080288	0.9938058141827018	high	Pontibacter arcticus	Bacteria
14901129-0145-4f65-bf74-a8cdc5275c57	2080288	0.9995652010865412	high	Pontibacter arcticus	Bacteria
c9771c4f-a579-43ac-b41d-bb52f8c0a6b3	2080288	0.6430818765875538	medium	Pontibacter arcticus	Bacteria
0725e078-827b-4704-a820-8dbfade02ddd	2080288	0.999565417311544	high	Pontibacter arcticus	Bacteria
a59b1d78-8ebe-4ab8-8365-1d043352dd1d	2080288	0.99977179837955	high	Pontibacter arcticus	Bacteria
93d54d98-81c9-4b7e-b504-f462eb0c2ad5	2080288	0.9984749195630916	high	Pontibacter arcticus	Bacteria
d7716076-7824-427d-bef5-f29e45d9dd15	2080288	0.9984641329949804	high	Pontibacter arcticus	Bacteria
7861042a-e0cb-4684-8b28-bc6566b4da94	2080288	0.9999992206295104	high	Pontibacter arcticus	Bacteria
1917d9cf-b494-47f1-8434-78b58813b08a	2080288	0.9995622086409658	high	Pontibacter arcticus	Bacteria
3cf4fa83-4d08-49d5-8efd-06f874173bdc	2080288	0.9999586458297725	high	Pontibacter arcticus	Bacteria
15347112-8c68-4178-bfde-2c2e48c9c90a	2080288	0.9995549006880092	high	Pontibacter arcticus	Bacteria
be973b86-df1b-4bca-b0c4-7fed69363cbe	1400979	0.9802164874100238	high	Pontibacter diazotrophicus	Bacteria
c456f84e-fb18-4630-9431-4948ffa9f61c	2080288	0.9995675931615218	high	Pontibacter arcticus	Bacteria
154b5473-ff50-40e6-b694-9a72cc034d67	2080288	0.9888947385816284	high	Pontibacter arcticus	Bacteria
4a734a75-d269-4f96-b9f9-89350de39955	2080288	0.9999722419867624	high	Pontibacter arcticus	Bacteria
1fed7a75-c0eb-46c4-bc53-2a4a919ef4aa	2080288	0.9995650704006253	high	Pontibacter arcticus	Bacteria
ff8555cd-5f23-43a3-b7a4-83513e7eba2a	2080288	0.999589433100072	high	Pontibacter arcticus	Bacteria
05b34d15-b165-464d-bf25-aad1f9555b13	2080288	0.9992077462135892	high	Pontibacter arcticus	Bacteria
b002fc9e-f73a-4718-a93f-0cefde5d5607	2080288	0.999756768985739	high	Pontibacter arcticus	Bacteria
7b63855d-7515-4f53-8407-d655080ef659	2080288	0.999559512886433	high	Pontibacter arcticus	Bacteria
1549d0d9-c27b-4ef5-9568-1b8a2e63f0e0	2766980	0.9891349911868664	high	Pontibacter aquaedesilientis	Bacteria
46bc1ecb-3ea1-491c-bbc7-ffc9d31f0a52	2080288	0.999565329427904	high	Pontibacter arcticus	Bacteria
5010d7da-75e2-435b-b294-bfaedab3a286	2766980	0.9281275916296844	high	Pontibacter aquaedesilientis	Bacteria
e7a965d8-7627-4b72-971f-9641e5f96ffb	2080288	0.9999734361886748	high	Pontibacter arcticus	Bacteria
c1476960-430c-4b7f-8c26-d4af26379868	2080288	0.993536972425238	high	Pontibacter arcticus	Bacteria
609b093b-2b78-4782-9cba-06d03694bad4	2080288	0.9995603859512971	high	Pontibacter arcticus	Bacteria
7aad584a-d10b-4300-9d60-b88653ea6f10	2080288	0.9995639125887712	high	Pontibacter arcticus	Bacteria
38f9310f-ca35-4b12-b6a1-05ba93422a89	2080288	0.9991580697881404	high	Pontibacter arcticus	Bacteria
7e891660-cc47-4afe-904e-7bac018114f0	2080288	0.9999998983426134	high	Pontibacter arcticus	Bacteria
3cd6ed33-ec83-4b11-87aa-9a7df8b2095b	1424080	0.9388571029072031	high	Pontibacter amylolyticus	Bacteria
c1bfec53-43be-4b37-a95f-77e2a95f8b7b	2080288	0.9999508082050812	high	Pontibacter arcticus	Bacteria
2d0d7ac0-21d3-4cd7-a9bc-3de152cc2f63	2080288	0.9992160350490444	high	Pontibacter arcticus	Bacteria
6f75a55e-85ea-4890-914b-5064363c5142	2080288	0.999997947858072	high	Pontibacter arcticus	Bacteria
e10f89fa-f227-42f8-bd0f-7fceaa341722	2080288	0.9992063088353772	high	Pontibacter arcticus	Bacteria
e1b608bb-7711-454d-8d05-b3d5da42bdca	2080288	0.9999999995965084	high	Pontibacter arcticus	Bacteria
5bc04ace-6b15-4ebe-9380-2bb7bb469984	2080288	0.999983743136412	high	Pontibacter arcticus	Bacteria
94fdf6ee-8bdc-4b7c-95ec-d588e26ab0c5	2080288	0.9995637236106306	high	Pontibacter arcticus	Bacteria
16bfc0fc-9101-4a61-af73-e1a51bf96859	2080288	0.9984799290974896	high	Pontibacter arcticus	Bacteria
3aa033c6-a765-4ffa-87e2-e4e1ea6fa57f	2080288	0.9991613223015036	high	Pontibacter arcticus	Bacteria
628ca010-88c8-4193-b5a0-2ed739c4ed82	2080288	0.9995658296694016	high	Pontibacter arcticus	Bacteria
56cfc3d4-91c2-4d26-a7e3-074dff398a4f	2080288	0.9881761572670998	high	Pontibacter arcticus	Bacteria
5b992dbd-caaa-4a25-837b-c9a82db37ce3	2080288	0.9883286580788896	high	Pontibacter arcticus	Bacteria
fe01364d-580f-4d8a-bf95-8b4534befa23	2080288	0.999216942640484	high	Pontibacter arcticus	Bacteria
16add658-f737-47f7-90d1-0ca54418051b	1400979	0.9965278654821996	high	Pontibacter diazotrophicus	Bacteria
3cf6e62c-02f1-4fee-b8ef-f997b0edbe1c	2080288	0.9995622981718716	high	Pontibacter arcticus	Bacteria
f37bdb34-4fa1-4ffc-82d9-c442f84aba91	2791028	0.6594668180820795	medium	Pontibacter rufus	Bacteria
0ac462da-2efb-4236-947c-09991d9d4191	2080288	0.9997734090715042	high	Pontibacter arcticus	Bacteria
caa7082a-7ef2-43d4-a8b6-222ff9c0b5dd	2080288	0.9999730757286536	high	Pontibacter arcticus	Bacteria
b3c8ea76-4798-4b12-b8a9-92107e40058a	2080288	0.9998813531308663	high	Pontibacter arcticus	Bacteria
3fec6ff0-1f08-463b-af2d-36b5c2e8b19c	2080288	0.9992720568103928	high	Pontibacter arcticus	Bacteria
1ec4244b-7bc7-4b9e-9eb0-663cafc0cf9d	2080288	0.9995610919354372	high	Pontibacter arcticus	Bacteria
8d6ce8bd-db23-4dc8-882f-947072936d2c	2080288	0.9995669709598718	high	Pontibacter arcticus	Bacteria
7392406d-4659-4657-95da-fcc616a295f9	2080288	0.9995514106133846	high	Pontibacter arcticus	Bacteria
ccfd84ca-88ec-4617-94e5-686472ff920c	2080288	0.9995663467200572	high	Pontibacter arcticus	Bacteria
0ea9f108-aa0f-483f-aed3-a7e35d508352	2080288	0.9995898651149449	high	Pontibacter arcticus	Bacteria
fe72a578-3a44-468a-ab32-2c535530f5a2	2080288	0.9992059271569346	high	Pontibacter arcticus	Bacteria
0feeafb5-dd8c-4374-b029-afd2309da0f7	1424080	0.9906760337620576	high	Pontibacter amylolyticus	Bacteria
46429957-deff-4a34-b1f1-3c50264f8f73	2080288	0.9992154862896124	high	Pontibacter arcticus	Bacteria
802ebc29-7b7f-4d92-8527-7032cde6bc23	2080288	0.9984757994666796	high	Pontibacter arcticus	Bacteria
b5d4312e-73c1-4943-a3d9-d387fca087cc	1424080	0.8916740950813884	high	Pontibacter amylolyticus	Bacteria
bce9d07f-f633-4f34-8e60-066a8798e00f	1424080	0.939598657748489	high	Pontibacter amylolyticus	Bacteria
3e6208a7-68e5-4ddd-a75d-7410d6bf8ff0	2080288	0.9995660416727304	high	Pontibacter arcticus	Bacteria
801d9348-c6f4-4894-a410-9f03d913a98e	2080288	0.9889140754357816	high	Pontibacter arcticus	Bacteria
f568f574-143e-45d2-b7ad-c8fe3c9910a1	2080288	0.9787710141891364	high	Pontibacter arcticus	Bacteria
c36d6763-13c8-4478-aaf4-4398dc089275	2080288	0.9995647919941124	high	Pontibacter arcticus	Bacteria
8506d4de-5cb8-4344-9e85-45cda16d4264	1424080	0.9385048087999136	high	Pontibacter amylolyticus	Bacteria
9aef55d7-20c2-4fa2-a542-e36ba3ea2e1a	2080288	0.9985032302922688	high	Pontibacter arcticus	Bacteria
6a426ff3-86dc-4d91-8a74-3d8f595d77b8	1400979	0.8796367133452948	high	Pontibacter diazotrophicus	Bacteria
55d641ab-3cac-4df8-8bac-c129aae68eed	2080288	0.9992168565671226	high	Pontibacter arcticus	Bacteria
8d93a1b3-dc78-4cd9-9262-0db10e89d989	2080288	0.9995642345604112	high	Pontibacter arcticus	Bacteria
2053a9cb-37a7-44a4-8156-bd2d1233568b	2080288	0.998474081461458	high	Pontibacter arcticus	Bacteria
d17ee356-2089-45d1-8128-e82e57d1f679	2080288	0.9984666984567988	high	Pontibacter arcticus	Bacteria
94a930c7-1ddb-447e-8e99-cecab6f93ef7	2791028	0.999991466725308	high	Pontibacter rufus	Bacteria
048f9648-42ed-4e59-b174-0fd06a21ea81	2080288	0.99991875943746	high	Pontibacter arcticus	Bacteria
dc4bb5a1-203c-4fec-899d-b5526c841ae0	2080288	0.998461057875843	high	Pontibacter arcticus	Bacteria
bf865749-ba6e-4397-bfd5-1ba3df7c1f16	2080288	0.9995848951401436	high	Pontibacter arcticus	Bacteria
13be7a29-6a65-4066-b9e9-b6fe161343d4	2080288	0.999973038536884	high	Pontibacter arcticus	Bacteria
d3020cd9-d61e-4db3-80d5-500328cde8ce	2080288	0.999567248068726	high	Pontibacter arcticus	Bacteria
27caf6af-7dcd-49a9-b91d-48ce67671702	1424080	0.995339881013738	high	Pontibacter amylolyticus	Bacteria
ed0efd4b-0c98-4663-9d36-ec17fb03c2ab	2080288	0.999970763737812	high	Pontibacter arcticus	Bacteria
22316721-9e2c-47a1-8f3c-614d6d5f5a2d	2080288	0.9999733236174658	high	Pontibacter arcticus	Bacteria
cd35821e-7a8e-488d-bfc1-8c512a3c858a	2766980	0.8745143086228194	high	Pontibacter aquaedesilientis	Bacteria
60adf9f9-bea0-4bde-945e-99eede633827	2766980	0.9999003000471348	high	Pontibacter aquaedesilientis	Bacteria
327da8af-0ba2-4f3a-a4ba-46de9d905638	2080288	0.9984711574086697	high	Pontibacter arcticus	Bacteria
38fcd860-a465-4e43-a58e-fbfd86d43c75	2080288	0.9995666675763534	high	Pontibacter arcticus	Bacteria
29790332-608a-4d76-ada7-d7864f4ca4e0	2080288	0.9999838706519032	high	Pontibacter arcticus	Bacteria
5e79390b-302b-4f31-83ee-a45006d5e0b8	1424080	0.7752139840924654	medium	Pontibacter amylolyticus	Bacteria
c4dfbdd0-a744-4fee-aa8d-60914eb6553b	2080288	0.9999992296208344	high	Pontibacter arcticus	Bacteria
fca7475e-ada1-400b-b889-f12d795fb7f5	1424080	0.9991954754803	high	Pontibacter amylolyticus	Bacteria
e17c2155-937b-4e11-aa43-711e3308b5e5	2080288	0.9995650905681756	high	Pontibacter arcticus	Bacteria
8cf5c3da-5f3c-4fad-abf2-986df01e54fc	2080288	0.9995647431663864	high	Pontibacter arcticus	Bacteria
f7f5db55-473f-4d93-a951-d2e9c2943f2f	2080288	0.9999979756423044	high	Pontibacter arcticus	Bacteria
dee19d01-d978-4dcf-8561-2f2e1a947487	1400979	0.8392681903461205	high	Pontibacter diazotrophicus	Bacteria
9e42d14b-580b-4c61-9f50-8c1219c4e330	2080288	0.999999999591445	high	Pontibacter arcticus	Bacteria
4edcb8e5-c2ee-40eb-9160-6a24e59f1542	1424080	0.938247568112805	high	Pontibacter amylolyticus	Bacteria
95f7e467-79b6-442f-8b90-00cd7d2a7805	2080288	0.999770515716798	high	Pontibacter arcticus	Bacteria
af38fe06-c93d-4138-a6cb-990eb4366574	2080288	0.9995630438827444	high	Pontibacter arcticus	Bacteria
f04c2ebb-fddf-4bac-adf6-893e690627df	2080288	0.9995643528704375	high	Pontibacter arcticus	Bacteria
f75dcdf6-fb4e-4954-b351-55d880f2e42a	2080288	0.9995822141061954	high	Pontibacter arcticus	Bacteria
36049e24-e827-4644-a2f6-8804490b32ef	2080288	0.9995651875404732	high	Pontibacter arcticus	Bacteria
df396732-ecb7-4553-a2b5-6a32985a8780	2080288	0.9999984978288384	high	Pontibacter arcticus	Bacteria
48bad021-9485-4b0f-9c19-df81d3201851	2080288	0.9999713081319228	high	Pontibacter arcticus	Bacteria
72e98d08-c1d9-45f0-9b3d-95136e4c2c23	1424080	0.6763236436450625	medium	Pontibacter amylolyticus	Bacteria
191ab56d-4bca-4c0c-8142-e3ba8d9f7878	1424080	0.795537231189975	medium	Pontibacter amylolyticus	Bacteria
3e6e50cb-2aa1-4d74-94c5-317e9c311ebf	2080288	0.9999168710023476	high	Pontibacter arcticus	Bacteria
a26d36ca-dca5-4d2a-80a9-9c28659aaf79	2080288	0.9984764984359236	high	Pontibacter arcticus	Bacteria
02bc111b-a3d9-44db-adbc-051f58fb75ad	2080288	0.9992142772065458	high	Pontibacter arcticus	Bacteria
3bec2d88-47f0-4499-8f66-3afbc9164f3f	2080288	0.9992064306320092	high	Pontibacter arcticus	Bacteria
bae2fb39-aeb0-4b40-a37b-5d815b505922	2080288	0.998491256215854	high	Pontibacter arcticus	Bacteria
820cfbf7-83e5-446b-8240-ffc53de9ceaa	2080288	0.9984684200339726	high	Pontibacter arcticus	Bacteria
ea71a995-28df-43d4-b3e7-6c513cfc3429	2080288	0.9999904274052812	high	Pontibacter arcticus	Bacteria
83c89ed9-da87-40df-928f-c680e671d942	2791028	0.9904280441263512	high	Pontibacter rufus	Bacteria
e6b95c88-2125-4886-8b70-1bc46b7b3647	1424080	0.9974890836733462	high	Pontibacter amylolyticus	Bacteria
6a40243b-10a2-4800-873b-e673c286d6df	2080288	0.999871000604156	high	Pontibacter arcticus	Bacteria
e4d510f1-2adf-4e5b-88c9-6a13cde47aec	1424080	0.9822809707751194	high	Pontibacter amylolyticus	Bacteria
bbe1f090-3aaf-4f00-a842-d319cab1e2f6	2080288	0.9885233674783828	high	Pontibacter arcticus	Bacteria
c0e4f84e-fc6e-4561-9401-4c8d7a0675b2	2080288	0.9789155397369772	high	Pontibacter arcticus	Bacteria
00713dd1-026a-4ec7-8d61-98166e3836ba	2080288	0.9875605530087854	high	Pontibacter arcticus	Bacteria
5bc71bb2-11ba-4721-a82a-d69be14d24f2	2080288	0.9992153377137144	high	Pontibacter arcticus	Bacteria
7c7bea5e-8b3e-4049-a6fb-52af197759db	1424080	0.9953541036109912	high	Pontibacter amylolyticus	Bacteria
3a43596d-89ce-4ae3-890e-a6c4d340be9e	1424080	0.9988157383419404	high	Pontibacter amylolyticus	Bacteria
4e802119-b6f2-463e-954c-f581e9c8da86	1424080	0.9953192956621454	high	Pontibacter amylolyticus	Bacteria
949726c5-4871-4ef1-8b54-430d78b2819c	2791028	1.0	confident	Pontibacter rufus	Bacteria
18df4d5e-e555-4149-a1ae-e40927d9e9ca	2791028	0.9595502970954876	high	Pontibacter rufus	Bacteria
8c9faf9d-0d96-4543-8a6d-7f4ddb5611c3	2791028	0.9787165067817896	high	Pontibacter rufus	Bacteria
e10b7b67-8bb4-4530-80b5-1f162e5493cd	2080288	0.629397629331997	medium	Pontibacter arcticus	Bacteria
db419134-58f0-4789-9ca5-6bd0ec9bfdff	2080288	0.9276900857745491	high	Pontibacter arcticus	Bacteria
b9a18d8c-9bc9-4809-b6f5-115fea9d5fa6	2791028	1.0	confident	Pontibacter rufus	Bacteria
fdf521ad-3516-4862-8eda-e23498df7448	1424080	0.997164976068514	high	Pontibacter amylolyticus	Bacteria
9a3b678c-890c-452d-84cc-2be8bc6b65cf	2791028	0.8934956202905223	high	Pontibacter rufus	Bacteria
37014d5f-049f-4cc1-9412-5efaabf6b0bc	2791028	1.0	confident	Pontibacter rufus	Bacteria
91e23714-284e-44a0-a6c0-9eeafe662a67	2791028	1.0	confident	Pontibacter rufus	Bacteria
0826857d-376f-4c5f-8377-8dbad4d2dedd	2791028	1.0	confident	Pontibacter rufus	Bacteria
891e0644-c3b8-4786-85cf-0e0af3e755b3	2791028	0.7698532476951444	medium	Pontibacter rufus	Bacteria
5cb1509d-d3f2-4613-a242-3f8ec2eafe1d	1424080	0.5218462323640178	medium	Pontibacter amylolyticus	Bacteria
9083ff42-4352-46ef-aa3c-4fdd6e92c043	2791028	0.9595502970954876	high	Pontibacter rufus	Bacteria
c89007d3-dc53-44f1-8b38-0cecf7e8b03b	2791028	0.6360865205684717	medium	Pontibacter rufus	Bacteria
4ea3d8fb-40d4-4cde-9ea2-f7386f7095f9	2791028	1.0	confident	Pontibacter rufus	Bacteria
8d1d1e35-f685-4702-a126-3cb2a1526a59	2791028	0.9595502970954872	high	Pontibacter rufus	Bacteria
15af5a59-d771-4eb9-92fe-8ace3e805370	304	1.0	confident	Roseateles saccharophilus	Bacteria
8632653e-9b62-41f2-924e-bfa69b6602b4	304	1.0	confident	Roseateles saccharophilus	Bacteria
661d26b3-e79c-423e-ac20-e7ba537a4bc5	304	1.0	confident	Roseateles saccharophilus	Bacteria
e8730ab8-b992-4e21-b627-6ecbb1590d56	304	1.0	confident	Roseateles saccharophilus	Bacteria
bff4d15b-68e2-4de3-9865-d01e1fd59f2a	304	1.0	confident	Roseateles saccharophilus	Bacteria
95cb6eeb-b016-42c3-bd9c-d7dddc750123	304	1.0	confident	Roseateles saccharophilus	Bacteria
c848f5c5-633b-47cc-8ab9-c3e36cfd722e	304	1.0	confident	Roseateles saccharophilus	Bacteria
09e5aa5d-b57b-4f0a-864a-30efe1fd49fe	304	1.0	confident	Roseateles saccharophilus	Bacteria
98e65334-2fa6-4798-895b-baaa11e2b624	304	1.0	confident	Roseateles saccharophilus	Bacteria
b18fc1c4-d000-42b3-a235-9ee2d0228cff	304	1.0	confident	Roseateles saccharophilus	Bacteria
c7e616c6-4fad-4291-8aa5-008aabb0f799	304	1.0	confident	Roseateles saccharophilus	Bacteria
223419f7-6815-4344-a53c-0111a9f4b166	304	1.0	confident	Roseateles saccharophilus	Bacteria
21faeec4-6881-41aa-b232-669bc00174cd	304	1.0	confident	Roseateles saccharophilus	Bacteria
27aa8aa0-d207-4a00-bbba-a4418d27614e	304	1.0	confident	Roseateles saccharophilus	Bacteria
a0279799-79fa-483e-97b8-7aaec68e1d4a	304	1.0	confident	Roseateles saccharophilus	Bacteria
c432ea46-6491-42fd-8a6e-fd694e9a6a5c	304	1.0	confident	Roseateles saccharophilus	Bacteria
9c159408-11f3-4a91-abf1-6dbcbea816a4	304	1.0	confident	Roseateles saccharophilus	Bacteria
ea32d871-7aaa-4ed0-84c5-a03c2ac4aa64	304	1.0	confident	Roseateles saccharophilus	Bacteria
afe3b9ba-b3b0-4535-844f-7dcbf6964acf	304	1.0	confident	Roseateles saccharophilus	Bacteria
660998de-8879-4461-9901-b33e8d916635	304	1.0	confident	Roseateles saccharophilus	Bacteria
0bffb458-5ec9-4a34-bec6-ef3abb8bdece	304	1.0	confident	Roseateles saccharophilus	Bacteria
12a38299-d00a-4e99-8ebf-8c65a310a1bf	304	1.0	confident	Roseateles saccharophilus	Bacteria
b75948d1-8b2c-4890-83c7-7f2f4aa17321	304	1.0	confident	Roseateles saccharophilus	Bacteria
f06cdd5c-e02d-4a9e-ba02-39982391aa08	304	1.0	confident	Roseateles saccharophilus	Bacteria
d2adc581-29ea-4549-92f5-7d6957e11dda	304	1.0	confident	Roseateles saccharophilus	Bacteria
5e317a3b-cf09-4bc4-8121-d7b2991e13d4	304	1.0	confident	Roseateles saccharophilus	Bacteria
31a4d0e0-0198-466c-aae5-ea96fd524326	304	1.0	confident	Roseateles saccharophilus	Bacteria
68f75b73-7521-4862-8eb1-6640439a7794	304	1.0	confident	Roseateles saccharophilus	Bacteria
c6b5c965-f47a-4a0b-b03e-4c1c2c3664c0	304	1.0	confident	Roseateles saccharophilus	Bacteria
0b1cd943-b035-407f-9aa0-3da1b4ce1fb0	304	1.0	confident	Roseateles saccharophilus	Bacteria
dd03c547-0933-4628-8e37-3c4f6a4e4182	304	1.0	confident	Roseateles saccharophilus	Bacteria
d76d89a9-6a58-4843-b9b1-0527f9504f34	304	1.0	confident	Roseateles saccharophilus	Bacteria
77d205a0-f250-47d6-b88d-367a2571c374	304	1.0	confident	Roseateles saccharophilus	Bacteria
2b98ef13-b2f1-42d1-b6d7-fb3ba6c7f3bd	304	1.0	confident	Roseateles saccharophilus	Bacteria
e4f4539d-edc6-404e-a560-e0b9806e28ee	304	1.0	confident	Roseateles saccharophilus	Bacteria
2b290137-5138-43b5-857d-b420cb77885c	304	1.0	confident	Roseateles saccharophilus	Bacteria
c1a46003-80e4-4b02-9eff-c170b40ec453	304	1.0	confident	Roseateles saccharophilus	Bacteria
6a4f4b80-628f-4382-be2e-f6d42f415522	304	1.0	confident	Roseateles saccharophilus	Bacteria
0c00498a-ab10-4826-86ef-d8605af3d66f	304	1.0	confident	Roseateles saccharophilus	Bacteria
a8c00a73-a65f-4502-95f4-067542402654	304	1.0	confident	Roseateles saccharophilus	Bacteria
3152a89b-3894-4789-b782-1277ee91e678	304	1.0	confident	Roseateles saccharophilus	Bacteria
786ede90-62c5-4ff3-ab28-3882c6cd67b8	304	1.0	confident	Roseateles saccharophilus	Bacteria
8579c593-4d1b-4161-b8ed-5d1ac1349ecb	304	1.0	confident	Roseateles saccharophilus	Bacteria
d56451e8-39d9-406f-a696-ae4d4a091422	304	1.0	confident	Roseateles saccharophilus	Bacteria
ae716f9b-23b4-43ad-9250-214bfc2e5f45	304	1.0	confident	Roseateles saccharophilus	Bacteria
0895e948-e152-48cb-bbb9-c4196228e05b	304	1.0	confident	Roseateles saccharophilus	Bacteria
85ad41c7-a9cf-4d00-9f0a-8923aaaa1ed7	304	1.0	confident	Roseateles saccharophilus	Bacteria
24f05c37-0acc-4e69-8c7f-845a1b3dc28c	304	1.0	confident	Roseateles saccharophilus	Bacteria
71e72785-05df-4380-9797-692d29d82d97	304	1.0	confident	Roseateles saccharophilus	Bacteria
c5e546a0-6e95-44ed-a255-c13a1b9bf45f	304	1.0	confident	Roseateles saccharophilus	Bacteria
1c83e9e0-22ac-4f9d-92b9-966715f0fdb6	304	1.0	confident	Roseateles saccharophilus	Bacteria
b4d71e46-a8cc-4095-886d-55d67d62be1a	304	1.0	confident	Roseateles saccharophilus	Bacteria
e808d997-f820-49c1-a082-3ac8a1008a65	304	1.0	confident	Roseateles saccharophilus	Bacteria
5d391fe3-ee08-4c8b-840e-02d6ead7f362	304	1.0	confident	Roseateles saccharophilus	Bacteria
238b1854-8e21-4cd8-b2a5-eea101816230	304	1.0	confident	Roseateles saccharophilus	Bacteria
b7698e82-d069-4fae-80ed-81820c63fd6f	304	1.0	confident	Roseateles saccharophilus	Bacteria
923ff3a3-77c0-4d45-b459-9f0b3149b65d	304	1.0	confident	Roseateles saccharophilus	Bacteria
8582019c-7b5b-4819-8c0a-9b10029e5752	304	1.0	confident	Roseateles saccharophilus	Bacteria
e0ffc9d3-c00a-4ccc-aade-fc2813b85ab1	304	1.0	confident	Roseateles saccharophilus	Bacteria
55136ca3-e7c1-4709-b8bf-c164e15e9a0d	304	1.0	confident	Roseateles saccharophilus	Bacteria
e8d6bfb1-2296-4639-b1e9-d1b69d2d01c5	304	1.0	confident	Roseateles saccharophilus	Bacteria
1d1340cc-7819-457d-a1c4-b2a8a346b557	304	1.0	confident	Roseateles saccharophilus	Bacteria
9a6b54c3-af20-4673-8871-6ba8eeae3595	304	1.0	confident	Roseateles saccharophilus	Bacteria
ef6973aa-53ff-40e5-8377-75c3a747133d	304	1.0	confident	Roseateles saccharophilus	Bacteria
698d67b8-dd20-4664-90a8-a57d660c86c3	304	1.0	confident	Roseateles saccharophilus	Bacteria
1402f69f-1a04-4e09-88ce-ab25463b3b13	304	1.0	confident	Roseateles saccharophilus	Bacteria
90819e5f-a604-4823-881d-ec9706ea1e0b	304	1.0	confident	Roseateles saccharophilus	Bacteria
cc0bd4c6-484f-4a48-8d88-8b183fc66e2b	304	1.0	confident	Roseateles saccharophilus	Bacteria
9669fc72-f2c0-46d4-9c16-646c9c8fae62	304	1.0	confident	Roseateles saccharophilus	Bacteria
f379f91a-70a0-4a89-8831-99e104d47035	304	1.0	confident	Roseateles saccharophilus	Bacteria
4d0e731c-72a4-40d5-8d65-4396c648019c	304	1.0	confident	Roseateles saccharophilus	Bacteria
eb149d8d-5a33-47c3-baee-dca76ca586d3	304	1.0	confident	Roseateles saccharophilus	Bacteria
11fe1658-edf3-43eb-9eca-26018b042a7c	304	1.0	confident	Roseateles saccharophilus	Bacteria
7555fa1d-cfe8-4a94-a417-47e734260cfc	304	1.0	confident	Roseateles saccharophilus	Bacteria
835632d0-e3c0-47e1-87d5-7ee615885718	304	1.0	confident	Roseateles saccharophilus	Bacteria
aa7519a1-98f7-49f8-bf8c-0b2b3cbb0f4b	304	1.0	confident	Roseateles saccharophilus	Bacteria
538a3d30-ebf4-4d78-9486-2a41d16045a3	304	1.0	confident	Roseateles saccharophilus	Bacteria
065c310e-3985-44ba-b15c-64675a1847d5	304	1.0	confident	Roseateles saccharophilus	Bacteria
42fbee6d-6f8a-438b-b0ad-4cfd79409a6b	304	1.0	confident	Roseateles saccharophilus	Bacteria
dfc08ed8-5e0d-4677-97ce-42df2cd366d7	304	1.0	confident	Roseateles saccharophilus	Bacteria
1217758e-cb72-4b99-be67-e56636bd37af	304	1.0	confident	Roseateles saccharophilus	Bacteria
3e83dfa9-7df5-4922-8018-cd2c28a0acf9	304	1.0	confident	Roseateles saccharophilus	Bacteria
da3b68e1-833e-4dfe-a25d-6d81df3f5beb	304	1.0	confident	Roseateles saccharophilus	Bacteria
46a95039-6649-490f-8de1-b1b9cce177e2	304	1.0	confident	Roseateles saccharophilus	Bacteria
97a9e1a4-67c2-43d5-928c-e9639adbab42	304	1.0	confident	Roseateles saccharophilus	Bacteria
1ae15a8c-7a95-4328-bb1c-d5982366487b	304	1.0	confident	Roseateles saccharophilus	Bacteria
0ff91495-5db4-4203-a963-f625d9ec2ff0	304	1.0	confident	Roseateles saccharophilus	Bacteria
0a05d3be-e051-41fa-9dcc-33262279ec2a	304	1.0	confident	Roseateles saccharophilus	Bacteria
209b59bf-9587-4453-b629-f30de20089ff	304	1.0	confident	Roseateles saccharophilus	Bacteria
f9fbf109-607d-48fd-af74-70be564ca6e2	304	1.0	confident	Roseateles saccharophilus	Bacteria
5d04b0e9-d874-4ab1-af2f-5e415e138bc9	304	1.0	confident	Roseateles saccharophilus	Bacteria
3808424b-952d-421f-a89c-4885d09fb85a	304	1.0	confident	Roseateles saccharophilus	Bacteria
84319668-d585-4bef-beac-e4707765e0f4	304	1.0	confident	Roseateles saccharophilus	Bacteria
3d6ee5f4-f659-42db-8aa7-5fa97ddc70fa	304	1.0	confident	Roseateles saccharophilus	Bacteria
bb1f3d9b-9b00-40d4-996c-e6a10bc23ed1	304	1.0	confident	Roseateles saccharophilus	Bacteria
9027721d-a74a-4cf2-9b1e-0f69fe3c601b	304	1.0	confident	Roseateles saccharophilus	Bacteria
a0d82d0c-4a52-4b2e-bbeb-0bf06799911b	304	1.0	confident	Roseateles saccharophilus	Bacteria
d6fbe441-cadd-4d33-9711-9b3a50a2eaa1	304	1.0	confident	Roseateles saccharophilus	Bacteria
938a3e21-f34d-4eb4-a5d4-581266ba0924	304	1.0	confident	Roseateles saccharophilus	Bacteria
bd168919-cd6b-4fb5-9da5-5defed626030	304	1.0	confident	Roseateles saccharophilus	Bacteria
9904e122-8b2f-4fc0-b955-4c491bae3862	304	1.0	confident	Roseateles saccharophilus	Bacteria
c85b212b-ea7d-40ab-a766-a298af69cff2	304	1.0	confident	Roseateles saccharophilus	Bacteria
ba5c1d43-4944-4e57-b7d0-83e6690f99c2	304	1.0	confident	Roseateles saccharophilus	Bacteria
4219c640-7850-413a-8e79-842cf5dd426d	304	1.0	confident	Roseateles saccharophilus	Bacteria
b1d32b1d-78ce-4864-a5a2-49f7b7931d03	304	1.0	confident	Roseateles saccharophilus	Bacteria
4dcc6c54-9f79-4484-94c6-cdb8e82de381	304	1.0	confident	Roseateles saccharophilus	Bacteria
e7cf8bcc-1cdf-42b3-92f6-20b72b83163b	304	1.0	confident	Roseateles saccharophilus	Bacteria
1075aef9-fc51-4387-a780-e37089b72f28	304	1.0	confident	Roseateles saccharophilus	Bacteria
351e10fd-c6fb-4a6d-b5a3-3ca6bf1d5a6d	304	1.0	confident	Roseateles saccharophilus	Bacteria
9252c7c1-e815-4fc8-8a45-e4cc7bd63901	304	1.0	confident	Roseateles saccharophilus	Bacteria
a2773c39-503b-4e48-bd0b-e21134ff5867	304	1.0	confident	Roseateles saccharophilus	Bacteria
f3e4dab3-7a63-45f1-b42f-795f40918faf	304	1.0	confident	Roseateles saccharophilus	Bacteria
395f4201-fca6-4dae-ba9c-6f11d16538b1	304	1.0	confident	Roseateles saccharophilus	Bacteria
4eed4cca-79ae-4d7b-94bc-904786994d7b	304	1.0	confident	Roseateles saccharophilus	Bacteria
78d7c7ad-f1e0-446f-a946-afd68a72adaa	304	1.0	confident	Roseateles saccharophilus	Bacteria
2cce30ab-5c95-4af2-846f-5dd190fb38eb	304	1.0	confident	Roseateles saccharophilus	Bacteria
c17f8f80-45bb-41ab-a45a-09cf2bb6abdd	304	1.0	confident	Roseateles saccharophilus	Bacteria
ebf3de6e-817f-4f0a-9633-47bd501d20d4	304	1.0	confident	Roseateles saccharophilus	Bacteria
15d21ba7-1195-4972-b5ee-fddd08c0df8c	304	1.0	confident	Roseateles saccharophilus	Bacteria
de4b376a-5003-4ff0-80e2-4bbdadb09fa5	304	1.0	confident	Roseateles saccharophilus	Bacteria
99f7cd45-bdf2-4ff2-ab74-7c2435451394	304	1.0	confident	Roseateles saccharophilus	Bacteria
d8c5846d-fd11-4d1c-a053-59d8f3ac8950	304	1.0	confident	Roseateles saccharophilus	Bacteria
707e695b-7910-4c23-a86a-af36c51fcac7	304	1.0	confident	Roseateles saccharophilus	Bacteria
82a66ab1-d3e5-4499-92b0-b62390746c1b	304	1.0	confident	Roseateles saccharophilus	Bacteria
f07efc4b-c076-48f4-a359-c8c5897254ff	304	1.0	confident	Roseateles saccharophilus	Bacteria
2548ec13-d5ce-4890-b549-73904be8390e	304	1.0	confident	Roseateles saccharophilus	Bacteria
1f516247-f827-4e45-946c-fd15152f2f15	304	1.0	confident	Roseateles saccharophilus	Bacteria
4a2e22b4-0b34-4d20-98d3-b699f7fa4c02	304	1.0	confident	Roseateles saccharophilus	Bacteria
741a6418-ba44-4da6-9a32-8eca5dcdbf71	304	1.0	confident	Roseateles saccharophilus	Bacteria
8695b985-c0c4-4134-b9c1-9ddc7bee7664	304	1.0	confident	Roseateles saccharophilus	Bacteria
2ea83520-0edd-4009-8728-87c211082534	304	1.0	confident	Roseateles saccharophilus	Bacteria
7a0e61c4-7d81-4bca-8356-018a5fa1fee6	304	1.0	confident	Roseateles saccharophilus	Bacteria
20481a5a-08b2-4daf-9e91-2ee98f798d25	304	1.0	confident	Roseateles saccharophilus	Bacteria
51cd646a-8f1f-4fe1-9010-0e6d9bb496bc	304	1.0	confident	Roseateles saccharophilus	Bacteria
57d5d688-dfcd-4ccc-9b91-ad20edf4c7ef	304	1.0	confident	Roseateles saccharophilus	Bacteria
409a9310-6809-4b42-9418-8cecde67c40f	304	1.0	confident	Roseateles saccharophilus	Bacteria
ed17e4ad-da57-4d8e-b8e6-c48e79780fe5	304	1.0	confident	Roseateles saccharophilus	Bacteria
d33b3cea-ae48-48d9-a332-4e7abe893570	304	1.0	confident	Roseateles saccharophilus	Bacteria
2c36e466-1ede-4378-bfc3-3c1832ad41d7	304	1.0	confident	Roseateles saccharophilus	Bacteria
043bd3fb-401c-499e-a659-1b6e25784a37	304	1.0	confident	Roseateles saccharophilus	Bacteria
45d3894b-2616-4bc9-b686-b21889bd0e51	304	1.0	confident	Roseateles saccharophilus	Bacteria
33a52354-0e24-43d9-8593-73dfad034689	304	1.0	confident	Roseateles saccharophilus	Bacteria
c08f095f-83d3-45dd-9e57-19d184b7cf17	304	1.0	confident	Roseateles saccharophilus	Bacteria
cd2ca9e9-511d-42d0-a93c-182c1d8e5460	304	1.0	confident	Roseateles saccharophilus	Bacteria
d070f1b7-2d11-4245-a6eb-6c433ff157b8	304	1.0	confident	Roseateles saccharophilus	Bacteria
0307bee5-7399-43be-b926-2aaefc214ae7	304	1.0	confident	Roseateles saccharophilus	Bacteria
df534099-6825-4dcb-9ac8-d898e988105c	304	1.0	confident	Roseateles saccharophilus	Bacteria
8a669fea-3677-43f2-be8f-71ad996ce525	304	1.0	confident	Roseateles saccharophilus	Bacteria
5f838e88-81aa-4180-8af8-7a7d4175f67e	304	1.0	confident	Roseateles saccharophilus	Bacteria
85312080-8ae6-4fa9-b9f4-756fe640671d	304	1.0	confident	Roseateles saccharophilus	Bacteria
36f868eb-eb64-460e-9fbe-5c19319ac826	304	1.0	confident	Roseateles saccharophilus	Bacteria
16c2fcd0-e915-452b-af31-771de4f1f728	304	1.0	confident	Roseateles saccharophilus	Bacteria
4bc5bbd0-41e5-478f-abf5-5ad1930dec1a	304	1.0	confident	Roseateles saccharophilus	Bacteria
9a2855a8-777d-4bcf-aec6-5a65717362cb	304	1.0	confident	Roseateles saccharophilus	Bacteria
224d6f68-b9f0-4589-89e1-5d61b865a058	304	1.0	confident	Roseateles saccharophilus	Bacteria
415b5a8a-0f4a-4a9f-965b-0a2ad50f5a79	304	1.0	confident	Roseateles saccharophilus	Bacteria
96a9bc40-ff1b-46b0-8be6-98ae6b71dc6e	304	1.0	confident	Roseateles saccharophilus	Bacteria
badd379a-44c5-4918-8cbb-e3b6a6aba060	304	1.0	confident	Roseateles saccharophilus	Bacteria
1dd6771a-f481-465e-8735-66f5ce5680f3	304	1.0	confident	Roseateles saccharophilus	Bacteria
325fd4c9-8ccc-44c9-ab10-c40c7438a404	304	1.0	confident	Roseateles saccharophilus	Bacteria
557ca9e8-035a-4322-b21d-7fa5612e9768	304	1.0	confident	Roseateles saccharophilus	Bacteria
9cff701f-2c84-4edb-9e90-12e2824d7fd3	304	1.0	confident	Roseateles saccharophilus	Bacteria
2834f097-be5b-46d4-83e1-421e932f5572	304	1.0	confident	Roseateles saccharophilus	Bacteria
568f6103-4e47-4301-9477-2443b9272fba	304	1.0	confident	Roseateles saccharophilus	Bacteria
b2fe5d19-dc02-4987-8e8f-1a9e63e450ee	304	1.0	confident	Roseateles saccharophilus	Bacteria
862bdc3a-a923-41f5-9679-273ea3ec8bc2	304	1.0	confident	Roseateles saccharophilus	Bacteria
9f8a0bc3-6952-497e-9df7-3f502adcaf35	304	1.0	confident	Roseateles saccharophilus	Bacteria
2df6f377-a57d-46d1-a273-6c33019bcf70	304	1.0	confident	Roseateles saccharophilus	Bacteria
ee42aae6-f0b0-41bd-9aa2-6950498dbeac	304	1.0	confident	Roseateles saccharophilus	Bacteria
3a9845c6-9b9a-438a-976d-6165ecf40924	304	1.0	confident	Roseateles saccharophilus	Bacteria
e9df8c44-67ea-4520-b72c-3cd5f7e7301b	304	1.0	confident	Roseateles saccharophilus	Bacteria
e603a5c6-3a93-4a89-971b-0180a341f275	304	1.0	confident	Roseateles saccharophilus	Bacteria
e650f7c6-8812-44b6-9df1-b014023eb3ca	304	1.0	confident	Roseateles saccharophilus	Bacteria
3a89e3b8-68df-418a-95d5-c02ff154dc45	304	1.0	confident	Roseateles saccharophilus	Bacteria
130fe9e3-942a-4741-b2f2-2cdfeb4c1430	304	1.0	confident	Roseateles saccharophilus	Bacteria
58f7de12-2dd3-4a8d-a3c6-6bad7cf80c0e	304	1.0	confident	Roseateles saccharophilus	Bacteria
225726fa-8850-4182-a83c-51d2d91502b7	304	1.0	confident	Roseateles saccharophilus	Bacteria
6fa4ae70-32da-4511-a8bf-eaff886de63b	304	1.0	confident	Roseateles saccharophilus	Bacteria
d2cc0ae4-51e7-40b0-8048-5039e1e863a8	304	1.0	confident	Roseateles saccharophilus	Bacteria
8f1587e8-8744-4a16-8ef0-0ae5d5f75fe4	304	1.0	confident	Roseateles saccharophilus	Bacteria
dec244e4-fa14-466b-8876-f5b30b2b678e	304	1.0	confident	Roseateles saccharophilus	Bacteria
4e528e28-4e4f-4cb7-9515-0a752840889e	304	1.0	confident	Roseateles saccharophilus	Bacteria
5ed72ba5-fde2-43ca-9b24-9ff25ef34398	304	1.0	confident	Roseateles saccharophilus	Bacteria
38d03327-8029-4d57-8c2c-fbb0970d3ade	304	1.0	confident	Roseateles saccharophilus	Bacteria
82c700dd-f36d-4064-9899-da4e30561712	304	1.0	confident	Roseateles saccharophilus	Bacteria
67699d92-9cb8-4cf4-b564-559b0125c48f	304	1.0	confident	Roseateles saccharophilus	Bacteria
557e549c-4733-479e-aae8-8f6921c47906	304	1.0	confident	Roseateles saccharophilus	Bacteria
f1cd83f8-0aa4-4444-a52a-c07ea6cda983	304	1.0	confident	Roseateles saccharophilus	Bacteria
7f208820-656c-43ef-b909-a786d31fd668	304	1.0	confident	Roseateles saccharophilus	Bacteria
65d0bf9a-e2d6-421c-925e-a7ca268fd076	304	1.0	confident	Roseateles saccharophilus	Bacteria
a49106c8-3438-4642-a353-437f9ac2292d	304	1.0	confident	Roseateles saccharophilus	Bacteria
f6f83985-84bc-4108-8d72-53ae01140297	304	1.0	confident	Roseateles saccharophilus	Bacteria
14facbf5-237e-48df-b82b-612eaddd7431	304	1.0	confident	Roseateles saccharophilus	Bacteria
84dc4963-e644-4180-8e26-75d5c4e119c9	304	1.0	confident	Roseateles saccharophilus	Bacteria
e428a665-8efd-476a-946e-7d88b918c93e	304	1.0	confident	Roseateles saccharophilus	Bacteria
b9f375f8-128c-4746-9266-0e1647d644b0	304	1.0	confident	Roseateles saccharophilus	Bacteria
cac8b4f6-aecf-4c7a-ae9c-d5211d5fb6e0	304	1.0	confident	Roseateles saccharophilus	Bacteria
0a59ca16-2218-48a8-ab3f-5064576b9e07	304	1.0	confident	Roseateles saccharophilus	Bacteria
e70bb0e8-6207-4601-b818-5935342283a5	304	1.0	confident	Roseateles saccharophilus	Bacteria
94d93841-dd52-4919-8d1f-dffe5c02ea6b	304	1.0	confident	Roseateles saccharophilus	Bacteria
36fac87c-2a2f-4346-84a9-6b22968cd882	304	1.0	confident	Roseateles saccharophilus	Bacteria
5cfda133-345b-4ca6-9b22-ec6e04f317dc	304	1.0	confident	Roseateles saccharophilus	Bacteria
a3c2adc5-6107-4775-b0af-e3f038d86089	304	1.0	confident	Roseateles saccharophilus	Bacteria
77ab14e1-2dac-42d9-babb-48abe4e51b07	304	1.0	confident	Roseateles saccharophilus	Bacteria
71f07b4c-3288-4f0e-a45a-8fbc5dbb3596	304	1.0	confident	Roseateles saccharophilus	Bacteria
075f109d-f172-492d-bea6-c1dba9ccfd34	304	1.0	confident	Roseateles saccharophilus	Bacteria
89af3eef-0a4d-420a-a7aa-b9a53ea591ff	304	1.0	confident	Roseateles saccharophilus	Bacteria
a75dbdcc-c7f6-48b6-b18b-b6420b48964e	304	1.0	confident	Roseateles saccharophilus	Bacteria
81c79f69-b806-49e9-b6db-d180b76da938	304	1.0	confident	Roseateles saccharophilus	Bacteria
a2291bda-6030-4e2b-a5f0-28a12d2283f5	304	1.0	confident	Roseateles saccharophilus	Bacteria
ba0db5be-a815-490f-a156-f0271861b7d6	304	1.0	confident	Roseateles saccharophilus	Bacteria
2bf3d5a1-7185-4f17-8e8d-d0cb3bf77011	304	1.0	confident	Roseateles saccharophilus	Bacteria
4cb0c746-3e2d-4d82-94dd-03a08c71b968	304	1.0	confident	Roseateles saccharophilus	Bacteria
6e00b528-81a4-430e-ac7d-f7222720e781	304	1.0	confident	Roseateles saccharophilus	Bacteria
d4309cff-99ef-4478-aa32-a4becfc4e030	304	1.0	confident	Roseateles saccharophilus	Bacteria
458265a8-0fe2-4862-816f-30f985090369	304	1.0	confident	Roseateles saccharophilus	Bacteria
5b81680b-5335-4d95-83ec-aa6b1352f5a7	304	1.0	confident	Roseateles saccharophilus	Bacteria
d6395577-ee10-428e-9a35-e7451bae8b00	304	1.0	confident	Roseateles saccharophilus	Bacteria
5b522ae7-2516-47a9-aafe-99a5bc461242	304	1.0	confident	Roseateles saccharophilus	Bacteria
799d1037-6a61-4d94-a221-8c2780112970	304	1.0	confident	Roseateles saccharophilus	Bacteria
52ee18d8-11a5-4e74-88cb-0c8eaff9b0f3	304	1.0	confident	Roseateles saccharophilus	Bacteria
9210236d-1f63-4c92-bb53-b825ec7b77af	304	1.0	confident	Roseateles saccharophilus	Bacteria
6728d769-0251-4ed8-8aa0-f50f3ac3a67b	304	1.0	confident	Roseateles saccharophilus	Bacteria
7a21880b-5f9f-41f3-87b6-d3fea371b510	304	1.0	confident	Roseateles saccharophilus	Bacteria
0ccc34c6-d949-40d5-85ad-186481969aca	304	1.0	confident	Roseateles saccharophilus	Bacteria
8ebde486-5f37-4730-976e-8257a7262edc	304	1.0	confident	Roseateles saccharophilus	Bacteria
dbd73f65-ff46-4d67-895f-c6dfcf482ef5	304	1.0	confident	Roseateles saccharophilus	Bacteria
b4dcc7f0-bbf2-4474-98ef-c633a9a60170	304	1.0	confident	Roseateles saccharophilus	Bacteria
a07d915d-1b42-4de7-802d-d6a2e620e4da	304	1.0	confident	Roseateles saccharophilus	Bacteria
fa210c2e-8f6d-4ad9-9e49-111bab2ae512	304	1.0	confident	Roseateles saccharophilus	Bacteria
1fc8a279-08a7-4876-a3bd-ef95adf7f803	304	1.0	confident	Roseateles saccharophilus	Bacteria
2a23c176-f3cd-45ec-8ff8-a3516e9966fa	304	1.0	confident	Roseateles saccharophilus	Bacteria
e70af707-2092-407f-9632-309f06131fe1	304	1.0	confident	Roseateles saccharophilus	Bacteria
e1490f16-d3e6-4218-99fd-600a5d38a67a	304	1.0	confident	Roseateles saccharophilus	Bacteria
57fc620b-3218-4f29-861a-4e048174acb4	304	1.0	confident	Roseateles saccharophilus	Bacteria
e2b0ecc0-6459-47da-89f2-ee55f5513652	304	1.0	confident	Roseateles saccharophilus	Bacteria
d0de1f48-58f1-4d94-b426-7d0b312b5881	304	1.0	confident	Roseateles saccharophilus	Bacteria
dce3d3fa-c85c-4abd-a2c9-e2726e3e43d6	304	1.0	confident	Roseateles saccharophilus	Bacteria
f28b64c5-61c5-49c5-a8a0-969466560516	304	1.0	confident	Roseateles saccharophilus	Bacteria
ffd68a0b-4454-4056-8df7-9204c9ad6c3e	304	1.0	confident	Roseateles saccharophilus	Bacteria
819acfcd-dedf-4b73-9f2b-91f32cd03ad9	304	1.0	confident	Roseateles saccharophilus	Bacteria
7d31e903-759a-4819-9113-74a6dd56e96a	304	1.0	confident	Roseateles saccharophilus	Bacteria
5eb47735-80f6-469b-8f0d-7236e6a48d19	304	1.0	confident	Roseateles saccharophilus	Bacteria
97f5af34-503b-4f08-9ff6-c5ed3b1ad6f5	304	1.0	confident	Roseateles saccharophilus	Bacteria
bc70d3b3-bb90-49f6-be45-25f9acf7ca5a	304	1.0	confident	Roseateles saccharophilus	Bacteria
3da9f0a9-e2fb-4899-afd3-a08ae653d45b	304	1.0	confident	Roseateles saccharophilus	Bacteria
4337d689-63ef-462e-8f6b-3ee58d2a07c7	304	1.0	confident	Roseateles saccharophilus	Bacteria
fa65dc0b-35dc-47f6-937c-af1843afdb08	304	1.0	confident	Roseateles saccharophilus	Bacteria
1583d743-762a-46dc-961e-67d50ad5a234	304	1.0	confident	Roseateles saccharophilus	Bacteria
bf62ab92-5728-48b4-98e8-51e734bc8fcb	304	1.0	confident	Roseateles saccharophilus	Bacteria
d4311efe-20eb-4bc9-91d7-e07d6d2ffff5	304	1.0	confident	Roseateles saccharophilus	Bacteria
4c429c77-2b0b-4f80-9ea8-6d3c94062747	304	1.0	confident	Roseateles saccharophilus	Bacteria
2ff95292-f1cd-42a1-8ea2-eea59600bc2a	304	1.0	confident	Roseateles saccharophilus	Bacteria
07790b84-fcfd-4f49-9819-18098f1d0162	304	1.0	confident	Roseateles saccharophilus	Bacteria
da2226c5-adb7-44f4-9c60-e712a77cfcd1	304	1.0	confident	Roseateles saccharophilus	Bacteria
da6f7849-aa07-4d54-b4d3-4bcd1a14b0d7	304	1.0	confident	Roseateles saccharophilus	Bacteria
a87e634e-e96f-4101-a3e5-9790fcd13df1	304	1.0	confident	Roseateles saccharophilus	Bacteria
29585e01-654a-4726-b23b-b9bcf6fe5f91	304	1.0	confident	Roseateles saccharophilus	Bacteria
9a3186fe-05d3-4fcf-ba94-18d0deb9c1fb	304	1.0	confident	Roseateles saccharophilus	Bacteria
f6db5a00-aa6a-4ce4-b3b4-0fa148c3c6cf	304	1.0	confident	Roseateles saccharophilus	Bacteria
cd3cfd36-e205-4ac5-968a-81e9513f6d82	304	1.0	confident	Roseateles saccharophilus	Bacteria
51fcb5f7-87c0-443e-9cac-c62e86763a9f	304	1.0	confident	Roseateles saccharophilus	Bacteria
653c1943-3593-4203-8ae9-eefbb2211e12	304	1.0	confident	Roseateles saccharophilus	Bacteria
7d146aeb-008b-4af8-b82a-4b779eae6ec6	304	1.0	confident	Roseateles saccharophilus	Bacteria
a85f668a-124f-4a84-90f9-b5b04d71c75e	304	1.0	confident	Roseateles saccharophilus	Bacteria
65bfba2e-4f34-439c-8d41-bb89eef8d26f	304	1.0	confident	Roseateles saccharophilus	Bacteria
8dd279f7-a278-4d4a-967f-c37f5dc2a8b8	304	1.0	confident	Roseateles saccharophilus	Bacteria
f65ba376-ac98-4ea1-ada6-875f0ede54bd	304	1.0	confident	Roseateles saccharophilus	Bacteria
1d5a9ac6-2c97-4ef4-a235-b634029ac6e1	304	1.0	confident	Roseateles saccharophilus	Bacteria
0cfe6390-9a1f-4856-957a-34a24cbc85e3	304	1.0	confident	Roseateles saccharophilus	Bacteria
3f4073de-5402-45fe-8ad1-b90235baf382	304	1.0	confident	Roseateles saccharophilus	Bacteria
fadd8999-dc4d-46fd-bb03-5f4ef741c5c9	304	1.0	confident	Roseateles saccharophilus	Bacteria
695a2760-5e54-4e25-aee1-48272293085a	304	1.0	confident	Roseateles saccharophilus	Bacteria
eb36198a-1d81-4b0e-a181-a164b8f0d871	304	1.0	confident	Roseateles saccharophilus	Bacteria
3396e65b-05ed-4f18-8638-afb5ac085a0e	304	1.0	confident	Roseateles saccharophilus	Bacteria
25c1fe01-f0b5-48dd-b24a-b981dea5ebe3	304	1.0	confident	Roseateles saccharophilus	Bacteria
a6d725bc-71eb-4c83-aca7-88f50d8eacfd	304	1.0	confident	Roseateles saccharophilus	Bacteria
63bde74c-8dbc-4faa-8bcc-bc6e7d2d1743	304	1.0	confident	Roseateles saccharophilus	Bacteria
6ac36436-0449-41f5-8ce4-48ecfa1f2eb5	304	1.0	confident	Roseateles saccharophilus	Bacteria
83dc0c27-6fbe-4646-a5a1-812a4ac8cae5	304	1.0	confident	Roseateles saccharophilus	Bacteria
339ce254-7090-4f3d-a1a5-8fdac6887906	304	1.0	confident	Roseateles saccharophilus	Bacteria
898b17c4-7989-4bce-9de6-f78aaa60e487	304	1.0	confident	Roseateles saccharophilus	Bacteria
2b2cdb0d-f3b5-4455-bb7d-9690d246a7f8	304	1.0	confident	Roseateles saccharophilus	Bacteria
214ae25b-ea21-4113-8a5e-0cdd97cadd92	304	1.0	confident	Roseateles saccharophilus	Bacteria
d72739b5-73f3-4659-986c-9596bcc8f015	304	1.0	confident	Roseateles saccharophilus	Bacteria
284d2e22-4685-4088-b9f2-0394a54c0594	304	1.0	confident	Roseateles saccharophilus	Bacteria
50e09c1c-d6d7-447d-90c4-699780e49cfb	304	1.0	confident	Roseateles saccharophilus	Bacteria
1363c0b5-cb32-46be-b65f-ce3671493d62	304	1.0	confident	Roseateles saccharophilus	Bacteria
8dab30b8-81d1-4568-be43-ec140deffdea	304	1.0	confident	Roseateles saccharophilus	Bacteria
8ea8edc9-da08-4c68-b504-ce7e27cb3374	304	1.0	confident	Roseateles saccharophilus	Bacteria
54320f30-21c4-43d1-9907-b6e16526ca5d	304	1.0	confident	Roseateles saccharophilus	Bacteria
9e8e885c-016c-42b5-8771-00ba1d687fd3	304	1.0	confident	Roseateles saccharophilus	Bacteria
775d5423-58be-4033-bdc5-d3ef3c741749	304	1.0	confident	Roseateles saccharophilus	Bacteria
9eb3e194-5983-4463-aba4-4b0cf47cc570	304	1.0	confident	Roseateles saccharophilus	Bacteria
5701ce2a-aaca-45cc-bb15-caac58950a75	304	1.0	confident	Roseateles saccharophilus	Bacteria
387f3d2b-d036-4311-aa85-cd03f12ed9e5	304	1.0	confident	Roseateles saccharophilus	Bacteria
dc569537-fd6c-4e46-8123-5ac9958f38a4	304	1.0	confident	Roseateles saccharophilus	Bacteria
e7c54bcb-df42-4951-9f61-a0558c2dae6e	304	1.0	confident	Roseateles saccharophilus	Bacteria
9a9510cf-46ac-47fb-805a-33d369d81dc3	304	1.0	confident	Roseateles saccharophilus	Bacteria
f1cf53fd-c02b-4ae1-8d00-42c2c5f164e5	304	1.0	confident	Roseateles saccharophilus	Bacteria
592be5bd-7b62-41b7-a42f-d2fc1c4cfabb	304	1.0	confident	Roseateles saccharophilus	Bacteria
4a981778-d9d2-4645-9593-5929c68da509	304	1.0	confident	Roseateles saccharophilus	Bacteria
85f3818e-e633-4b67-8a4f-9b4754ed1d92	304	1.0	confident	Roseateles saccharophilus	Bacteria
8ecdd68e-2e41-41ea-8139-31614b4f2dcc	304	1.0	confident	Roseateles saccharophilus	Bacteria
42fc66a7-946f-49a8-b9d8-e3bd3372bc87	304	1.0	confident	Roseateles saccharophilus	Bacteria
b7098844-656f-4077-acbd-8920cd96ac96	304	1.0	confident	Roseateles saccharophilus	Bacteria
84d82e42-de2a-45e6-82df-53244bd7a177	304	1.0	confident	Roseateles saccharophilus	Bacteria
5ae38c49-d737-4b2f-a58c-a51d27c60495	304	1.0	confident	Roseateles saccharophilus	Bacteria
d0b9a320-9f17-4a26-9199-92e04d074096	304	1.0	confident	Roseateles saccharophilus	Bacteria
b1c2531c-a4cd-4809-8bcd-949312e12af9	304	1.0	confident	Roseateles saccharophilus	Bacteria
a039ad4e-701e-4ddc-bde1-09ea4ef79d10	304	1.0	confident	Roseateles saccharophilus	Bacteria
271edd77-09b9-4cd7-a2cc-311e0ea6c1d6	304	1.0	confident	Roseateles saccharophilus	Bacteria
81f9f0b3-9007-4290-874d-ea39f9b9b718	304	1.0	confident	Roseateles saccharophilus	Bacteria
f247af1c-5f88-4865-9537-b2dbd72cc1db	304	1.0	confident	Roseateles saccharophilus	Bacteria
7052af46-a1f6-4b60-892b-aa48213fe600	304	1.0	confident	Roseateles saccharophilus	Bacteria
4e972cd5-3992-4af3-9504-0bee00ebba87	304	1.0	confident	Roseateles saccharophilus	Bacteria
bdeb5bf1-f6ad-4be8-ad8d-ac7a59eba220	304	1.0	confident	Roseateles saccharophilus	Bacteria
2cbed9ef-a67f-4c20-8823-8c903ed04293	304	1.0	confident	Roseateles saccharophilus	Bacteria
2f25feb4-0c05-48d6-b290-0fae76982229	304	1.0	confident	Roseateles saccharophilus	Bacteria
eb449b64-299d-4f4f-8a4a-81af16c16cf0	304	1.0	confident	Roseateles saccharophilus	Bacteria
746952ac-3680-4c95-a332-6d226703f023	304	1.0	confident	Roseateles saccharophilus	Bacteria
5adee48d-24f6-4d47-8cf4-469575dce50d	304	1.0	confident	Roseateles saccharophilus	Bacteria
53e40332-f0a3-4c87-843c-8c9e25450f6f	304	1.0	confident	Roseateles saccharophilus	Bacteria
04a7d12f-2dcc-43ed-8c2f-1bdfae6f8fff	304	1.0	confident	Roseateles saccharophilus	Bacteria
6d431deb-2c55-4747-82b8-8e8216990b3d	304	1.0	confident	Roseateles saccharophilus	Bacteria
236df7fe-4e3c-4bfa-9f7f-b2abe67938b7	304	1.0	confident	Roseateles saccharophilus	Bacteria
a01630dc-253d-4981-bcfc-8e3c11302844	304	1.0	confident	Roseateles saccharophilus	Bacteria
749bf720-4929-4cd1-b88f-1ebd7f419b62	304	1.0	confident	Roseateles saccharophilus	Bacteria
1dfbef26-f74f-4bcf-a2dc-e0acf562fac8	304	1.0	confident	Roseateles saccharophilus	Bacteria
c80442b3-7d26-45b9-9fe0-a36a6e2c803f	304	1.0	confident	Roseateles saccharophilus	Bacteria
5d6bbfad-2cc9-41bb-9e10-e4364c3c4d27	304	1.0	confident	Roseateles saccharophilus	Bacteria
3dac8a75-68ad-4155-9ea8-9cf6a263600f	304	1.0	confident	Roseateles saccharophilus	Bacteria
b605a9f1-4dc0-46cc-a475-3ce1ad245cdc	304	1.0	confident	Roseateles saccharophilus	Bacteria
834327c0-d31e-4def-8a7e-dda31e4e8b61	304	1.0	confident	Roseateles saccharophilus	Bacteria
d3d59842-5f84-4f64-ae81-4fa543a046ad	304	1.0	confident	Roseateles saccharophilus	Bacteria
b8a3e8bf-ddcd-4ed4-bf14-6eb675da8881	304	1.0	confident	Roseateles saccharophilus	Bacteria
ae11e496-b5dc-44b7-b335-6350d861b4f7	304	1.0	confident	Roseateles saccharophilus	Bacteria
86ccb4a2-9c59-4a9d-ad85-7d2dc8e0c5e0	304	1.0	confident	Roseateles saccharophilus	Bacteria
ea03d49c-1fca-4064-b9cd-f411219a0525	304	1.0	confident	Roseateles saccharophilus	Bacteria
5f915841-1624-4e5a-978e-863aeb89ecfe	304	1.0	confident	Roseateles saccharophilus	Bacteria
6ebf0c09-2fa1-4901-81d3-477c95cad4c8	304	1.0	confident	Roseateles saccharophilus	Bacteria
9e79b2b9-7719-4b08-89d1-802fc0d7e63a	304	1.0	confident	Roseateles saccharophilus	Bacteria
91c28145-8ddf-40d9-8105-48cad483a32c	304	1.0	confident	Roseateles saccharophilus	Bacteria
a61cb9d5-bf87-4c11-b2f6-79bf1d30edb2	304	1.0	confident	Roseateles saccharophilus	Bacteria
ecfc49bc-c172-43ca-af0e-12f280f57e7b	304	1.0	confident	Roseateles saccharophilus	Bacteria
bfd006de-5a7a-4d23-b94b-940243388953	304	1.0	confident	Roseateles saccharophilus	Bacteria
adff8812-7510-444e-9271-1be1102f58f4	304	1.0	confident	Roseateles saccharophilus	Bacteria
1d1cc82d-a286-492e-8257-28cfb9ad7f0f	304	1.0	confident	Roseateles saccharophilus	Bacteria
99233be8-bbb1-40e9-8851-02d27deb222b	304	1.0	confident	Roseateles saccharophilus	Bacteria
1aac7a2b-3564-41b4-885a-fd480910ab59	304	1.0	confident	Roseateles saccharophilus	Bacteria
baa7f0bb-175f-4416-8678-5f5f0f686f56	304	1.0	confident	Roseateles saccharophilus	Bacteria
035444af-f3b1-4225-aaaf-84f34a4b1623	304	1.0	confident	Roseateles saccharophilus	Bacteria
48fece95-3a69-4ed6-8397-b730f8be2b50	304	1.0	confident	Roseateles saccharophilus	Bacteria
068457b5-56aa-4141-816d-f1399c8ee6e0	304	1.0	confident	Roseateles saccharophilus	Bacteria
c0b1b260-09cc-4e63-ad75-7d3abdc97b50	304	1.0	confident	Roseateles saccharophilus	Bacteria
9f917a19-d8b8-46c6-bc83-6092626caccc	304	1.0	confident	Roseateles saccharophilus	Bacteria
4cf29d95-e678-4c8d-a418-eecae7cd6c77	304	1.0	confident	Roseateles saccharophilus	Bacteria
110619ed-14dd-42ae-84d8-04021319ab2c	304	1.0	confident	Roseateles saccharophilus	Bacteria
f18a4e37-82f0-4f6b-9252-ed6cbb1d1e2c	304	1.0	confident	Roseateles saccharophilus	Bacteria
21a01fec-bc94-4caa-9782-2d3119a59b03	304	1.0	confident	Roseateles saccharophilus	Bacteria
17958f92-4302-4397-942b-9108ac10a97e	304	1.0	confident	Roseateles saccharophilus	Bacteria
cf26724a-b30c-4c37-89de-0ab2f1a45d5e	304	1.0	confident	Roseateles saccharophilus	Bacteria
e3b752d1-545b-4563-bece-294f13ebeaed	304	1.0	confident	Roseateles saccharophilus	Bacteria
c2772d2b-04d6-4439-bf98-301d3f053c03	304	1.0	confident	Roseateles saccharophilus	Bacteria
bafcbfd2-df17-46ef-944d-96335c84b4e6	304	1.0	confident	Roseateles saccharophilus	Bacteria
ae794ed9-261c-4354-83d2-77b6d454bc52	304	1.0	confident	Roseateles saccharophilus	Bacteria
a1bd9f2a-f8d1-4b6a-b267-f86f7ac39e92	304	1.0	confident	Roseateles saccharophilus	Bacteria
80302f32-014e-445c-8570-31c0559e75e4	304	1.0	confident	Roseateles saccharophilus	Bacteria
975bab88-f9be-4a9e-8646-779193b6b752	304	1.0	confident	Roseateles saccharophilus	Bacteria
42f410f8-5691-4076-9ef2-26aad17dd4c5	304	1.0	confident	Roseateles saccharophilus	Bacteria
773fa29a-b6e4-4f09-af0c-663f6c91c013	304	1.0	confident	Roseateles saccharophilus	Bacteria
6a7ca4d8-c98a-4dca-acfd-88b8d3b7c07c	304	1.0	confident	Roseateles saccharophilus	Bacteria
89b3f80d-faaf-4a1b-9f57-d2beae4965c1	304	1.0	confident	Roseateles saccharophilus	Bacteria
0c6a078f-703c-4096-b1da-79bb2762a063	304	1.0	confident	Roseateles saccharophilus	Bacteria
2c639bf1-77a7-429b-86f9-6478e7ad1bc5	304	1.0	confident	Roseateles saccharophilus	Bacteria
8ff4157b-193c-4aae-85aa-3480d748c7df	304	1.0	confident	Roseateles saccharophilus	Bacteria
75e26f45-cccc-4be1-ba3b-93e80793ae19	304	1.0	confident	Roseateles saccharophilus	Bacteria
b69a129a-005c-4ccf-a879-e6b8b0ec573e	304	1.0	confident	Roseateles saccharophilus	Bacteria
a85b56a5-0704-4ff4-9d19-d03257d9513a	304	1.0	confident	Roseateles saccharophilus	Bacteria
4b0c9d4e-5a67-4f6e-8c32-021ca6e83a9a	304	1.0	confident	Roseateles saccharophilus	Bacteria
7b2db899-18b4-403c-ba4b-6019f3ca6e7a	304	1.0	confident	Roseateles saccharophilus	Bacteria
d75dfc24-b5ba-4865-a411-65092f0703f7	304	1.0	confident	Roseateles saccharophilus	Bacteria
d5c67673-67a7-4f09-bfd9-2e481fa2041e	304	1.0	confident	Roseateles saccharophilus	Bacteria
1eeb8f43-6026-4fb9-9e91-ed1da325d543	304	1.0	confident	Roseateles saccharophilus	Bacteria
0ee93220-a969-4eba-955c-7637d2174204	304	1.0	confident	Roseateles saccharophilus	Bacteria
5a28e1ec-c75e-489d-b9a4-6d6eff198a84	304	1.0	confident	Roseateles saccharophilus	Bacteria
e4f6afcf-e1c9-4214-aaa9-2d3122cfdaa8	304	1.0	confident	Roseateles saccharophilus	Bacteria
5455e0f4-86a7-4aec-a8de-4e4754a8ac88	304	1.0	confident	Roseateles saccharophilus	Bacteria
7fe26de0-78e2-4118-a18b-d8415fec700e	304	1.0	confident	Roseateles saccharophilus	Bacteria
047a02cc-2b08-40ef-83ea-e039824a7ac7	304	1.0	confident	Roseateles saccharophilus	Bacteria
eb2956e2-1498-413a-b6da-5e2376f302a8	304	1.0	confident	Roseateles saccharophilus	Bacteria
8b85b15f-8797-46b0-9184-d035f7561bf0	304	1.0	confident	Roseateles saccharophilus	Bacteria
96267ca6-f475-42ec-b021-e1307593214f	304	1.0	confident	Roseateles saccharophilus	Bacteria
704e24b0-5ba8-47a8-a019-173846daef05	304	1.0	confident	Roseateles saccharophilus	Bacteria
dc420c37-a6d1-4eef-876a-f5e8149d8daf	304	1.0	confident	Roseateles saccharophilus	Bacteria
24fb2ce8-aa2e-4f7f-ad57-3be325a4a180	304	1.0	confident	Roseateles saccharophilus	Bacteria
d7f5a5d2-8792-43cc-8f7b-b38ab2120d47	304	1.0	confident	Roseateles saccharophilus	Bacteria
6111bd5d-ccfb-4c30-9327-8cc29d3e381d	304	1.0	confident	Roseateles saccharophilus	Bacteria
59f76157-1f43-44cb-bfb9-25997993c23f	304	1.0	confident	Roseateles saccharophilus	Bacteria
95f19958-5971-4b64-b7e1-8bfa0eb42d14	304	1.0	confident	Roseateles saccharophilus	Bacteria
3ddbd093-c4d7-4052-a681-dc4414992d01	304	1.0	confident	Roseateles saccharophilus	Bacteria
ff58e293-241f-42df-a86d-33afa748ad9e	304	1.0	confident	Roseateles saccharophilus	Bacteria
c56d8cbb-c21b-454f-adc1-13db71bd4b78	304	1.0	confident	Roseateles saccharophilus	Bacteria
39cd1cb7-8855-433a-b35d-f055aaa72097	304	1.0	confident	Roseateles saccharophilus	Bacteria
c8c638eb-37d6-4d8e-bb5e-91cbe8042f2a	304	1.0	confident	Roseateles saccharophilus	Bacteria
e7e9015b-7db0-492b-9e0c-9834d2525f4d	304	1.0	confident	Roseateles saccharophilus	Bacteria
6f6f418a-a0c5-49fa-8125-eb2389fb891a	304	1.0	confident	Roseateles saccharophilus	Bacteria
c477bf08-df95-40f7-ae7e-289eccbd42b0	304	1.0	confident	Roseateles saccharophilus	Bacteria
3d439ad3-17e2-4587-bf71-b199adb52133	304	1.0	confident	Roseateles saccharophilus	Bacteria
bdfc7d71-c831-43b6-8371-6e0f63cd5fec	304	1.0	confident	Roseateles saccharophilus	Bacteria
20e26dea-ef0f-42a0-9103-3f17d481391a	304	1.0	confident	Roseateles saccharophilus	Bacteria
be751737-0742-4b0c-ba98-0af4005cb64c	304	1.0	confident	Roseateles saccharophilus	Bacteria
0eff33b4-569b-4376-a0bb-246a1ac1c3e7	304	1.0	confident	Roseateles saccharophilus	Bacteria
b35ca835-c160-4083-99eb-656ec02713ac	304	1.0	confident	Roseateles saccharophilus	Bacteria
07fef4ad-bcb2-47ae-8cd2-7d964758b659	304	1.0	confident	Roseateles saccharophilus	Bacteria
fc7238e8-3505-4465-8920-8e8e113f26e0	304	1.0	confident	Roseateles saccharophilus	Bacteria
d54a76d6-82be-472a-a4c9-bb1c248abc1e	304	1.0	confident	Roseateles saccharophilus	Bacteria
bacc5094-a573-43e3-a9e7-8769dbf2c721	304	1.0	confident	Roseateles saccharophilus	Bacteria
681e0fcf-96be-4165-aa71-ebcbd42d638b	304	1.0	confident	Roseateles saccharophilus	Bacteria
321d14f4-9901-4535-94de-78fe767e0a7a	304	1.0	confident	Roseateles saccharophilus	Bacteria
e25e5bcd-e541-4094-89e7-53dd48539bf8	304	1.0	confident	Roseateles saccharophilus	Bacteria
a7453318-326d-460a-b9b5-4e9d30e20093	304	1.0	confident	Roseateles saccharophilus	Bacteria
dc686046-3d4a-44b9-947a-85d9e477f191	304	1.0	confident	Roseateles saccharophilus	Bacteria
e82a0394-69f9-42c8-b807-302cd64ecdb2	304	1.0	confident	Roseateles saccharophilus	Bacteria
4b487b5a-a307-45a8-9fb9-4e7c29cb2ae2	304	1.0	confident	Roseateles saccharophilus	Bacteria
cb870749-4080-46ed-a6f5-ef5f2d32cee2	304	1.0	confident	Roseateles saccharophilus	Bacteria
27729d96-e202-4fb3-9743-05a4761b7c03	304	1.0	confident	Roseateles saccharophilus	Bacteria
f918a837-9649-4e7c-b391-ad81202799f5	304	1.0	confident	Roseateles saccharophilus	Bacteria
e692fb95-c0fe-4194-959e-39693ad3aba3	304	1.0	confident	Roseateles saccharophilus	Bacteria
8a7594a9-a86a-4953-b2bb-b46d52589f7f	304	1.0	confident	Roseateles saccharophilus	Bacteria
3d2bc31d-2526-48ad-9eb2-35d0457564fd	304	1.0	confident	Roseateles saccharophilus	Bacteria
3fe73207-2ae9-43ec-89f4-2034bc668701	304	1.0	confident	Roseateles saccharophilus	Bacteria
c6bbcef7-06c2-4787-a450-e49b01c09bb4	304	1.0	confident	Roseateles saccharophilus	Bacteria
dcd96e3a-ab38-4894-8153-29ded4830f2d	304	1.0	confident	Roseateles saccharophilus	Bacteria
2e69a2ce-e5f8-4f44-a7aa-f03ed8fcdaa2	304	1.0	confident	Roseateles saccharophilus	Bacteria
f0233b5f-ab40-4546-bd94-9a854a21128d	304	1.0	confident	Roseateles saccharophilus	Bacteria
d9f4390f-84a2-4c82-82be-e179e14d8169	304	1.0	confident	Roseateles saccharophilus	Bacteria
2bcf8d2f-b0d2-48fb-8590-5e3ba2aadbf4	304	1.0	confident	Roseateles saccharophilus	Bacteria
db58649b-e32f-44c0-943d-362b8d113a75	304	1.0	confident	Roseateles saccharophilus	Bacteria
a1f58ee1-c89c-43b1-8be5-040e44288c28	304	1.0	confident	Roseateles saccharophilus	Bacteria
b2182efd-171c-4879-9953-1cc20f2b5dc6	304	1.0	confident	Roseateles saccharophilus	Bacteria
af36236a-3a0d-4676-ac35-84b1c6703e00	304	1.0	confident	Roseateles saccharophilus	Bacteria
57e35034-03fd-48cc-93c4-a4189cd9f64a	304	1.0	confident	Roseateles saccharophilus	Bacteria
26aa4d55-9365-42d5-9e56-f8cbee24fe89	304	1.0	confident	Roseateles saccharophilus	Bacteria
203e1db5-7040-4a15-b8ac-90e763382d59	304	1.0	confident	Roseateles saccharophilus	Bacteria
7cc01688-a0fd-45f3-990e-cbdc7ed4bb8d	304	1.0	confident	Roseateles saccharophilus	Bacteria
2381c15f-6006-4316-be98-916fc8ab7803	304	1.0	confident	Roseateles saccharophilus	Bacteria
5354560d-03ab-4b0f-8336-55b1c58cb040	304	1.0	confident	Roseateles saccharophilus	Bacteria
922be114-6869-4c23-8dca-3d9db4d72fa8	304	1.0	confident	Roseateles saccharophilus	Bacteria
abfa11e8-79a3-47e0-be6d-6220184c548b	304	1.0	confident	Roseateles saccharophilus	Bacteria
554e8c32-0c3e-45f4-8dfe-b5ff51315f47	304	1.0	confident	Roseateles saccharophilus	Bacteria
2a4ad7ec-aaa3-452f-b65c-2196cbb91a0b	304	1.0	confident	Roseateles saccharophilus	Bacteria
5a254cd4-edb8-4c6f-a7d7-d3e49e274428	304	1.0	confident	Roseateles saccharophilus	Bacteria
6c7be9fb-186e-48ae-98b9-99f7b97d5aa9	304	1.0	confident	Roseateles saccharophilus	Bacteria
a23c717a-605c-4915-be14-8033ff0f4de9	304	1.0	confident	Roseateles saccharophilus	Bacteria
73db2ee6-5dfe-42f8-a3ec-7ac821c0bf03	304	1.0	confident	Roseateles saccharophilus	Bacteria
700dc039-8202-420b-b0f9-8389a355b046	304	1.0	confident	Roseateles saccharophilus	Bacteria
8a0f3b02-5893-4356-a97c-7bdcf2aace35	304	1.0	confident	Roseateles saccharophilus	Bacteria
6a016b53-36b1-42bb-9382-7927891ef16b	304	1.0	confident	Roseateles saccharophilus	Bacteria
c4af667b-307c-4ac7-a459-56350a22b96b	304	1.0	confident	Roseateles saccharophilus	Bacteria
7e6a8dfe-6f75-4213-963a-10742ecb4de5	304	1.0	confident	Roseateles saccharophilus	Bacteria
bdac0d08-d2bf-47ab-8f41-474239d8c998	304	1.0	confident	Roseateles saccharophilus	Bacteria
8d54f54e-9091-4301-a13e-03d5b29a22a5	304	1.0	confident	Roseateles saccharophilus	Bacteria
34e1fa99-33b3-40dc-8843-42ea085a0fc8	304	1.0	confident	Roseateles saccharophilus	Bacteria
e96d7eb8-5799-4f55-8bad-17d2b3e6ba7a	304	1.0	confident	Roseateles saccharophilus	Bacteria
6ec885bd-199f-49df-8d5f-53ac70bc7bfc	304	1.0	confident	Roseateles saccharophilus	Bacteria
1cfbab94-b7e5-4e35-bcf3-88f0bbaa3038	304	1.0	confident	Roseateles saccharophilus	Bacteria
143207ba-0837-489f-bc32-a160c325358c	304	1.0	confident	Roseateles saccharophilus	Bacteria
7145252a-64fb-445c-b86a-daffa5e99445	304	1.0	confident	Roseateles saccharophilus	Bacteria
0e1ff342-0189-4c6d-940f-f29b26643252	304	1.0	confident	Roseateles saccharophilus	Bacteria
7e634ff9-e782-4159-9fcf-b2e1ac86f55f	304	1.0	confident	Roseateles saccharophilus	Bacteria
181b49ba-03f6-4285-a57a-22e32e742a09	304	1.0	confident	Roseateles saccharophilus	Bacteria
08878cad-3160-4ba0-abe6-af50e8d4a86e	304	1.0	confident	Roseateles saccharophilus	Bacteria
9930ce23-5522-4a13-b561-94bc7c4e7a64	304	1.0	confident	Roseateles saccharophilus	Bacteria
e7f98cf6-4e5b-4002-a0c2-a603de040ec4	304	1.0	confident	Roseateles saccharophilus	Bacteria
83f7ffc5-8afa-483d-ab1b-55e025ddad7a	304	1.0	confident	Roseateles saccharophilus	Bacteria
053c9d8a-9dab-42be-8e79-86c9d85dfe0d	304	1.0	confident	Roseateles saccharophilus	Bacteria
3f29e3d9-14d3-4746-859d-255806c9ba90	304	1.0	confident	Roseateles saccharophilus	Bacteria
01c96191-3166-4a39-b581-c817dc76d081	304	1.0	confident	Roseateles saccharophilus	Bacteria
686f001d-901a-46c0-8d78-d521bec091e6	304	1.0	confident	Roseateles saccharophilus	Bacteria
8634b0d7-86cc-4eda-9055-669ae8f80ddc	304	1.0	confident	Roseateles saccharophilus	Bacteria
3c10eb52-a022-4a39-8771-89ef554d0e4a	304	1.0	confident	Roseateles saccharophilus	Bacteria
53711897-bc5c-4da2-bd96-e177d588531e	304	1.0	confident	Roseateles saccharophilus	Bacteria
80326c7e-10f1-4334-b224-aa5487dd9a66	304	1.0	confident	Roseateles saccharophilus	Bacteria
9e6772bb-b74e-4f98-b469-60c94f79af76	304	1.0	confident	Roseateles saccharophilus	Bacteria
96e33498-126e-43e0-bc56-59cf79d355ae	304	1.0	confident	Roseateles saccharophilus	Bacteria
b2d565b8-1dbc-4fc5-b4db-1731143f3d7d	304	1.0	confident	Roseateles saccharophilus	Bacteria
3b7da7d2-affb-4859-8fb8-e3e489253a36	304	1.0	confident	Roseateles saccharophilus	Bacteria
9833c6dc-4ec6-486a-90d3-378753b6f734	304	1.0	confident	Roseateles saccharophilus	Bacteria
c9ecd6f1-e228-4cd1-a4e7-6455c873c79e	304	1.0	confident	Roseateles saccharophilus	Bacteria
8f5741df-ac1d-46c9-8038-adf74ac66d4e	304	1.0	confident	Roseateles saccharophilus	Bacteria
3c8c12be-acf0-4ec1-bf56-e54826eb3b96	304	1.0	confident	Roseateles saccharophilus	Bacteria
37f19f26-52aa-4d35-bc6b-c592d217b376	304	1.0	confident	Roseateles saccharophilus	Bacteria
4e46ded8-88de-4645-87e7-a8da040e3445	304	1.0	confident	Roseateles saccharophilus	Bacteria
895ef6f7-1b61-460e-9204-2fc9f830711e	304	1.0	confident	Roseateles saccharophilus	Bacteria
366f52a8-c55c-445f-b183-26f7197cda0a	304	1.0	confident	Roseateles saccharophilus	Bacteria
99c411ac-87ae-4678-abf7-ac53ae8d89ea	304	1.0	confident	Roseateles saccharophilus	Bacteria
99b11dbe-1ce6-42f3-aeab-882b940457b6	304	1.0	confident	Roseateles saccharophilus	Bacteria
e0c2ada0-da74-475a-8ee7-6d8c6ea47689	304	1.0	confident	Roseateles saccharophilus	Bacteria
a5ba05cc-a068-4328-bd89-7a07c0816ecf	304	1.0	confident	Roseateles saccharophilus	Bacteria
f1017c5d-31b4-43f6-b74e-600ec48fe8da	304	1.0	confident	Roseateles saccharophilus	Bacteria
2f9f3bef-8974-449e-a62b-e2636c2c4fe8	304	1.0	confident	Roseateles saccharophilus	Bacteria
015050d4-12d8-4d28-b9af-0d43d20f7929	304	1.0	confident	Roseateles saccharophilus	Bacteria
6e3d0466-9213-43fa-a5cb-811da36476d1	304	1.0	confident	Roseateles saccharophilus	Bacteria
0e59b6f0-c641-4d97-8d4d-534bada95c29	304	1.0	confident	Roseateles saccharophilus	Bacteria
26cde80d-1bbf-44c1-97ec-ed4a5298790a	304	1.0	confident	Roseateles saccharophilus	Bacteria
a034c59e-1c1b-49b4-b8c4-5644d623b8f4	304	1.0	confident	Roseateles saccharophilus	Bacteria
bfe62ec4-6536-4767-bc7b-cafa8ec90029	304	1.0	confident	Roseateles saccharophilus	Bacteria
e15edcf1-080e-43ff-8926-715ba77d4baa	304	1.0	confident	Roseateles saccharophilus	Bacteria
5e10640a-74ab-4309-9e4f-e88a5d4db62c	304	1.0	confident	Roseateles saccharophilus	Bacteria
91835619-bde2-4db7-bad2-1068b37cda83	304	1.0	confident	Roseateles saccharophilus	Bacteria
eec58a64-88b0-40d5-a6b3-ba86151099ed	304	1.0	confident	Roseateles saccharophilus	Bacteria
ca054474-46f9-405b-bccc-8525a7265c7c	304	1.0	confident	Roseateles saccharophilus	Bacteria
a7c65eaf-44ae-47c7-9593-2aac17a18384	304	1.0	confident	Roseateles saccharophilus	Bacteria
eefbbc01-2e4c-4c03-832b-a59043c36258	304	1.0	confident	Roseateles saccharophilus	Bacteria
998562f3-b81d-4750-8bdc-32f00ac50771	304	1.0	confident	Roseateles saccharophilus	Bacteria
ebfd82ef-3671-4211-8e50-0bb127351ebc	304	1.0	confident	Roseateles saccharophilus	Bacteria
d88c0475-a9fa-46a9-aab5-dc7c89797f24	304	1.0	confident	Roseateles saccharophilus	Bacteria
852a06ea-9275-4652-85e7-be58199c2ad5	304	1.0	confident	Roseateles saccharophilus	Bacteria
b440cc3f-1f37-432c-8495-cc59dda8ed49	304	1.0	confident	Roseateles saccharophilus	Bacteria
fb413533-42ca-42c6-9564-4cc5ae53ff35	304	1.0	confident	Roseateles saccharophilus	Bacteria
3c05dc3e-66b7-4ebe-a8cf-ac85465a6e62	304	1.0	confident	Roseateles saccharophilus	Bacteria
cf435158-e2c4-481b-889b-8ab010b953d8	304	1.0	confident	Roseateles saccharophilus	Bacteria
4f51bfe1-63c6-452e-a5ef-c508229a7095	304	1.0	confident	Roseateles saccharophilus	Bacteria
2bb0b619-3898-42c0-9ab9-f8c27be30f0b	304	1.0	confident	Roseateles saccharophilus	Bacteria
89a4dbf8-4ac5-4f0b-b2ac-db5c0bfadace	304	1.0	confident	Roseateles saccharophilus	Bacteria
a96608b9-7c1a-4447-a5ef-36a1804792f5	304	1.0	confident	Roseateles saccharophilus	Bacteria
a4044690-2a8a-42b0-9074-b38ca50d49b0	304	1.0	confident	Roseateles saccharophilus	Bacteria
eace9182-66d8-46ed-87e8-021e95c6d317	304	1.0	confident	Roseateles saccharophilus	Bacteria
36330e21-f7ee-4bdc-a1b6-66d6c1ee473d	304	1.0	confident	Roseateles saccharophilus	Bacteria
e99eee02-d9c6-47fa-8d0d-d0831e3ff28c	304	1.0	confident	Roseateles saccharophilus	Bacteria
f09d4a78-b338-4b8b-96d9-9fff02eefe85	304	1.0	confident	Roseateles saccharophilus	Bacteria
73f6bde0-e9fd-4b8e-a9f4-0f62675ba329	304	1.0	confident	Roseateles saccharophilus	Bacteria
c3e18487-ec7d-4ecd-b961-9859064d049f	304	1.0	confident	Roseateles saccharophilus	Bacteria
399d72b1-9602-41fc-86d6-680959028b04	304	1.0	confident	Roseateles saccharophilus	Bacteria
654da9c6-2fb4-4c09-ade0-74264d5308a1	304	1.0	confident	Roseateles saccharophilus	Bacteria
e3d8b914-fa5c-4975-8da2-dfd2ad58b5dd	304	1.0	confident	Roseateles saccharophilus	Bacteria
63727fda-61aa-44b5-a477-a7edcdbcdc3c	304	1.0	confident	Roseateles saccharophilus	Bacteria
4a956702-b1e1-4c41-bbd5-23c43ceaf726	304	1.0	confident	Roseateles saccharophilus	Bacteria
e2f239ea-5ab5-4292-8f11-0149fe6e3f9a	304	1.0	confident	Roseateles saccharophilus	Bacteria
29e4c9cc-376f-48b3-b5e3-a10b7425d9ec	304	1.0	confident	Roseateles saccharophilus	Bacteria
aeca0fcf-3a69-49e3-a35d-5ddcbe78ed4f	304	1.0	confident	Roseateles saccharophilus	Bacteria
7f6ac374-5b69-45a3-a5a2-23a3f8f6068e	304	1.0	confident	Roseateles saccharophilus	Bacteria
c706fe61-5693-4c8f-b423-7d345e4b523a	304	1.0	confident	Roseateles saccharophilus	Bacteria
8c32f395-d396-45c0-b26f-5bfeb491afca	304	1.0	confident	Roseateles saccharophilus	Bacteria
f7566b2d-3897-40c6-b4be-0c27fe7c4a77	304	1.0	confident	Roseateles saccharophilus	Bacteria
a0293146-dffd-4fc6-9e5e-7e824a383151	304	1.0	confident	Roseateles saccharophilus	Bacteria
895d5b21-d810-42f9-b477-6c078d8cff19	304	1.0	confident	Roseateles saccharophilus	Bacteria
f97a375b-65b7-4dc4-9641-8745af0f2921	304	1.0	confident	Roseateles saccharophilus	Bacteria
c6429a19-1e70-4a68-8fff-712b6a6362da	304	1.0	confident	Roseateles saccharophilus	Bacteria
d87579a4-0123-4175-991f-b865d52c6edb	304	1.0	confident	Roseateles saccharophilus	Bacteria
e1c45582-618a-4df4-8b56-26c302c74319	304	1.0	confident	Roseateles saccharophilus	Bacteria
dcc5f286-ae51-4d1b-9ff9-b194b79df9d5	304	1.0	confident	Roseateles saccharophilus	Bacteria
ea87c1f9-ea65-474e-8874-ce6dd8f27ca6	304	1.0	confident	Roseateles saccharophilus	Bacteria
eb7f896a-66af-4f7b-9435-f79b944c608f	304	1.0	confident	Roseateles saccharophilus	Bacteria
5c5b5f5e-ac5e-49af-b74c-0708ae47cfc9	304	1.0	confident	Roseateles saccharophilus	Bacteria
81419800-21c9-4d71-b7c3-25e39d76a08c	304	1.0	confident	Roseateles saccharophilus	Bacteria
c8a25a77-9f10-4910-bdb1-d37e4e053fe3	304	1.0	confident	Roseateles saccharophilus	Bacteria
3de5ffac-da8f-48bc-b8ba-4b0f9444a2c0	304	1.0	confident	Roseateles saccharophilus	Bacteria
15808de4-6e22-47eb-8fe2-d4a144b5ebd6	304	1.0	confident	Roseateles saccharophilus	Bacteria
42b06ac4-657f-4998-814f-354c555cd933	304	1.0	confident	Roseateles saccharophilus	Bacteria
103d4870-9458-42f4-84f3-a0383b72207e	304	1.0	confident	Roseateles saccharophilus	Bacteria
7068df43-9c69-447c-9cdd-bf49179ce7fb	304	1.0	confident	Roseateles saccharophilus	Bacteria
734d8d59-23e4-419f-bd57-a4af84967f95	304	1.0	confident	Roseateles saccharophilus	Bacteria
24cabe29-5e00-4e10-9249-80f1985c62e3	304	1.0	confident	Roseateles saccharophilus	Bacteria
d2315fd1-6001-42b3-a54d-4f0b3bc42bd2	304	1.0	confident	Roseateles saccharophilus	Bacteria
69211a82-5c2f-40bc-9f98-23d92595c042	304	1.0	confident	Roseateles saccharophilus	Bacteria
61ad5c67-9adb-46f4-81c4-22a30858118a	304	1.0	confident	Roseateles saccharophilus	Bacteria
fba48b46-24e9-49d1-aba4-e48e66a3de69	304	1.0	confident	Roseateles saccharophilus	Bacteria
e4a4fc29-2381-4fe5-ab33-e43dab4d740d	304	1.0	confident	Roseateles saccharophilus	Bacteria
54119213-4914-4f9e-ae56-7cb99a0f0d69	304	1.0	confident	Roseateles saccharophilus	Bacteria
6ccf5cdb-f37b-4376-8b15-0db02cd2135d	304	1.0	confident	Roseateles saccharophilus	Bacteria
f477a358-67e9-4659-bce2-239048957b98	304	1.0	confident	Roseateles saccharophilus	Bacteria
9e767efa-2eef-4f94-86fc-eafd9d8ae7d7	304	1.0	confident	Roseateles saccharophilus	Bacteria
3bfb6ee6-8ad4-4dab-a6d5-27bb27fe6d04	304	1.0	confident	Roseateles saccharophilus	Bacteria
0aa87aca-5171-4def-b597-af77e75c5e8d	304	1.0	confident	Roseateles saccharophilus	Bacteria
7bde8863-5f1b-44ad-b34a-0f2f0efd9365	304	1.0	confident	Roseateles saccharophilus	Bacteria
e2484290-c4af-42b9-b8f5-eb681fe0bc5f	304	1.0	confident	Roseateles saccharophilus	Bacteria
1f196fe2-1ecb-4c1e-a365-d9e7d6d510db	304	1.0	confident	Roseateles saccharophilus	Bacteria
887fd09f-7570-46cb-84ce-c576138fda9b	304	1.0	confident	Roseateles saccharophilus	Bacteria
b27552b2-61f3-48a0-9eec-3b93583c4c9f	304	1.0	confident	Roseateles saccharophilus	Bacteria
e0f046f8-9445-43e4-b722-b31b85ed0a66	304	1.0	confident	Roseateles saccharophilus	Bacteria
c21191bd-5376-4b1c-9bce-3a82132546da	304	1.0	confident	Roseateles saccharophilus	Bacteria
8107110c-97da-412c-a2d2-7472d2194725	304	1.0	confident	Roseateles saccharophilus	Bacteria
208acc4c-6698-4e16-9234-4a7550c7bb55	304	1.0	confident	Roseateles saccharophilus	Bacteria
f5802389-6568-4c35-b42c-f171824571b3	304	1.0	confident	Roseateles saccharophilus	Bacteria
c467d6f4-2af6-4dac-8ef4-a32b6a3ffd6d	304	1.0	confident	Roseateles saccharophilus	Bacteria
1f9db6ae-4a3d-472d-8384-00d98f52f6c7	304	1.0	confident	Roseateles saccharophilus	Bacteria
bb9b6198-8357-44a6-b519-94a7c839c469	304	1.0	confident	Roseateles saccharophilus	Bacteria
37efc34d-2229-4ac1-a7e4-5ee3da25b7e1	304	1.0	confident	Roseateles saccharophilus	Bacteria
fae049dd-65fb-4618-b811-62204073e1a6	304	1.0	confident	Roseateles saccharophilus	Bacteria
82415590-711e-4e80-9663-7b37f5dd4f1b	304	1.0	confident	Roseateles saccharophilus	Bacteria
02f5f6e4-346a-4a51-8f20-d435f40e6cd4	304	1.0	confident	Roseateles saccharophilus	Bacteria
d43fd20a-928f-4a39-a78e-9c3ea248adc8	304	1.0	confident	Roseateles saccharophilus	Bacteria
71f7be74-9b1a-4d85-b95c-95a3dafad44c	304	1.0	confident	Roseateles saccharophilus	Bacteria
17685cdc-79d3-4854-9206-cc8c5d3a8edd	304	1.0	confident	Roseateles saccharophilus	Bacteria
3a6d00aa-4024-441b-852d-f8270545e6d3	304	1.0	confident	Roseateles saccharophilus	Bacteria
5da2a42f-641a-4ded-81ca-53b19f734f3e	304	1.0	confident	Roseateles saccharophilus	Bacteria
da47c5d7-44ca-48d2-8e3f-3f214ee920bb	304	1.0	confident	Roseateles saccharophilus	Bacteria
eb47486d-14b8-4aac-92dd-f81f43adeb4d	304	1.0	confident	Roseateles saccharophilus	Bacteria
72f85664-ea89-4385-8c6e-cf2f3ccbbf9c	1612172	1.0	confident	Vicinamibacter silvestris	Bacteria
3ef85870-252c-4a5f-950a-b68ef74a552e	1612172	1.0	confident	Vicinamibacter silvestris	Bacteria
c6b21e48-c293-4dc2-961a-ab472b6bc1e2	1612172	1.0	confident	Vicinamibacter silvestris	Bacteria
f996241d-089e-4f6f-afaa-86a3af349319	1612172	1.0	confident	Vicinamibacter silvestris	Bacteria
176c4fbc-d15e-4560-aba5-e8608b080fa9	1612172	1.0	confident	Vicinamibacter silvestris	Bacteria
96db5bc5-b9d4-43ce-a8fc-3899a20d0737	1612172	1.0	confident	Vicinamibacter silvestris	Bacteria
8982d6bc-d1b6-4647-8915-ad88f333d994	1612172	1.0	confident	Vicinamibacter silvestris	Bacteria
62e88653-5150-4349-83db-706d50c10e74	1612172	1.0	confident	Vicinamibacter silvestris	Bacteria
63d5c7fe-1819-4c74-b246-2aadd7d7ceeb	1612172	1.0	confident	Vicinamibacter silvestris	Bacteria
386375cf-c487-46c4-8650-b89b1c53a500	1612172	1.0	confident	Vicinamibacter silvestris	Bacteria
258efc85-8c89-48c1-a503-ca898bc6b60a	1612172	1.0	confident	Vicinamibacter silvestris	Bacteria
d93e61c7-8bd7-4e42-8a5e-2c979368758e	1612172	1.0	confident	Vicinamibacter silvestris	Bacteria
a421522c-b31b-4825-a6de-fabd762af116	1612172	1.0	confident	Vicinamibacter silvestris	Bacteria
67439288-f629-4291-9657-2e933d717319	1612172	1.0	confident	Vicinamibacter silvestris	Bacteria
a8943c86-bffc-4c99-aa4f-ce21880b3411	1612172	1.0	confident	Vicinamibacter silvestris	Bacteria
4b210ea3-837d-46ac-9db0-c5e1f17e1844	1612172	1.0	confident	Vicinamibacter silvestris	Bacteria
d925c266-b698-4d38-96d0-04ec5045cb0f	1612172	1.0	confident	Vicinamibacter silvestris	Bacteria
e8810425-43bf-4ae1-b16b-84bf7a89320a	1612172	1.0	confident	Vicinamibacter silvestris	Bacteria
7a22dd66-d751-4ab2-85a5-7bfd71fe4330	1612172	1.0	confident	Vicinamibacter silvestris	Bacteria
3aa3a6ca-ce58-42dd-b5c6-bb9e6affd52f	1612172	1.0	confident	Vicinamibacter silvestris	Bacteria
232b8bee-7d56-4539-a54c-db9098fc4000	1612172	1.0	confident	Vicinamibacter silvestris	Bacteria
23c027e1-2451-4d42-b243-7beaa2249bcf	1612172	1.0	confident	Vicinamibacter silvestris	Bacteria
cdaf27e8-4b4f-4f19-9b8e-002a3360ba99	1612172	1.0	confident	Vicinamibacter silvestris	Bacteria
5e57357d-c4d7-45fa-8af5-5e41d7f200e2	1612172	1.0	confident	Vicinamibacter silvestris	Bacteria
fe79e47b-f323-45fb-a0d4-5f2ddc861eae	1612172	1.0	confident	Vicinamibacter silvestris	Bacteria
48bcf3d1-229e-4629-bb5a-2e491546356f	1612172	1.0	confident	Vicinamibacter silvestris	Bacteria
668cedcf-5347-466d-8227-8f73ad901a79	1612172	1.0	confident	Vicinamibacter silvestris	Bacteria
62c87770-a029-4931-a54f-7f0af72a3b60	1612172	1.0	confident	Vicinamibacter silvestris	Bacteria
769ce0d4-90b1-44ed-9cea-72e23d88864b	1612172	1.0	confident	Vicinamibacter silvestris	Bacteria
fbad883d-24b8-4da0-86d7-2d0e5b8f65e8	1612172	1.0	confident	Vicinamibacter silvestris	Bacteria
060775a9-5b6e-44f9-87e9-b62232439961	1612172	1.0	confident	Vicinamibacter silvestris	Bacteria
878e4ca5-8d15-4799-8856-cf72f273cf1c	1612172	1.0	confident	Vicinamibacter silvestris	Bacteria
38726e42-155b-4afe-924c-04a6fc6ac292	1612172	1.0	confident	Vicinamibacter silvestris	Bacteria
1a302b16-7d25-4d42-bed2-eb85d1cc05dd	1612172	1.0	confident	Vicinamibacter silvestris	Bacteria
ced33be7-8039-455a-9511-3953f62f2d24	1612172	1.0	confident	Vicinamibacter silvestris	Bacteria
5dde0ff6-90b9-4723-bc1d-f77f239404fa	1612172	1.0	confident	Vicinamibacter silvestris	Bacteria
4ff4bcc4-75c9-4138-89b6-c0820a12b9b5	1612172	1.0	confident	Vicinamibacter silvestris	Bacteria
2ce69468-bf2d-4af9-8a36-25c7ae103e08	1612172	1.0	confident	Vicinamibacter silvestris	Bacteria
017a7b58-aad2-4d80-aa81-322caa479f5d	1612172	1.0	confident	Vicinamibacter silvestris	Bacteria
29dcfcae-3d45-488c-b62a-4900cc86d38f	1612172	1.0	confident	Vicinamibacter silvestris	Bacteria
0c276c71-419d-418e-975a-27cf29d9b813	1612172	1.0	confident	Vicinamibacter silvestris	Bacteria
976e91d0-5827-4167-815e-fed4bf63e414	1612172	1.0	confident	Vicinamibacter silvestris	Bacteria
cfd29c52-e9f2-400c-83b8-9a6a8c1146ba	1612172	1.0	confident	Vicinamibacter silvestris	Bacteria
e82785de-df0d-45a3-85f1-f2915361cab2	1612172	1.0	confident	Vicinamibacter silvestris	Bacteria
f2934239-7177-41c3-8577-dc17aeac0fdc	1612172	1.0	confident	Vicinamibacter silvestris	Bacteria
81de1bf5-f7a5-4587-bd6b-dfe129f194e3	1612172	1.0	confident	Vicinamibacter silvestris	Bacteria
93d25002-902a-4cc5-9889-1a12a06e7193	1612172	1.0	confident	Vicinamibacter silvestris	Bacteria
6292a8ab-3055-430e-9642-8465cee4f104	1612172	1.0	confident	Vicinamibacter silvestris	Bacteria
b081b652-d72d-463b-bb0b-5655d87a641a	1612172	1.0	confident	Vicinamibacter silvestris	Bacteria
53b85ecf-8075-415f-ae1c-08b61ba21a18	1612172	1.0	confident	Vicinamibacter silvestris	Bacteria
13b71889-5932-4892-b506-b2c659ee02d9	1612172	1.0	confident	Vicinamibacter silvestris	Bacteria
50fa9435-2520-43b8-b240-0219e914d92d	1612172	1.0	confident	Vicinamibacter silvestris	Bacteria
b172a58f-bc2a-44b8-97ff-9efebe075e59	1612172	1.0	confident	Vicinamibacter silvestris	Bacteria
7024df18-b06e-4076-919e-f9a86513007c	1612172	1.0	confident	Vicinamibacter silvestris	Bacteria
ddbdb15b-a2dd-446f-80d8-1d6e38df6714	1612172	1.0	confident	Vicinamibacter silvestris	Bacteria
600205c7-1c09-46e6-8c3b-3699f719fad8	1612172	1.0	confident	Vicinamibacter silvestris	Bacteria
a1201a48-df39-4496-81ef-3eddb3403528	1612172	1.0	confident	Vicinamibacter silvestris	Bacteria
bc28635b-93c2-420b-a188-a839a877f3fa	1612172	1.0	confident	Vicinamibacter silvestris	Bacteria
c248ad0d-c493-47c7-b72a-66f98372d636	1612172	1.0	confident	Vicinamibacter silvestris	Bacteria
3eb433b3-05b7-4dd9-a956-91cf2ccb2d65	1612172	1.0	confident	Vicinamibacter silvestris	Bacteria
5963609b-ef82-4477-8eb7-343bba6e8a7f	1612172	1.0	confident	Vicinamibacter silvestris	Bacteria
0eea4834-da57-4134-a5f3-034dac92e64e	1612172	1.0	confident	Vicinamibacter silvestris	Bacteria
25d4c909-cd2d-444d-be8e-b7742c23b42b	1612172	1.0	confident	Vicinamibacter silvestris	Bacteria
02414a00-a1bf-427c-b7d0-79c887e5b834	1612172	1.0	confident	Vicinamibacter silvestris	Bacteria
3fb3636e-3d4f-43de-8853-42c3375f970b	1612172	1.0	confident	Vicinamibacter silvestris	Bacteria
fa4a6df2-4153-4e74-87fb-fc6775ac824b	1612172	1.0	confident	Vicinamibacter silvestris	Bacteria
e88520b6-73f0-47db-bf2e-7cdec7b68b0a	1612172	1.0	confident	Vicinamibacter silvestris	Bacteria
20dfd040-eb06-44a3-8f72-f63b60c155ab	1612172	1.0	confident	Vicinamibacter silvestris	Bacteria
6b70a1b8-9d26-4627-944a-fdbcf4e3c05d	1612172	1.0	confident	Vicinamibacter silvestris	Bacteria
32aeec16-0721-4077-a0d0-487ac788e8ef	1612172	1.0	confident	Vicinamibacter silvestris	Bacteria
8cf70a4a-a1b4-4ee3-90dd-962d83e92bc1	1612172	1.0	confident	Vicinamibacter silvestris	Bacteria
141f34f6-fd0b-4637-9494-c54246cec353	1612172	1.0	confident	Vicinamibacter silvestris	Bacteria
79286e76-a43e-4428-a531-98e4f972f9a1	1612172	1.0	confident	Vicinamibacter silvestris	Bacteria
f6fca059-8294-4e61-9551-27fb07e51632	1612172	1.0	confident	Vicinamibacter silvestris	Bacteria
a289a49f-af23-445a-8371-e383d0afff4e	1612172	1.0	confident	Vicinamibacter silvestris	Bacteria
361cb56e-0432-417d-8dff-0c7e83f8d769	1612172	1.0	confident	Vicinamibacter silvestris	Bacteria
8eaa228c-dea0-47ce-abd3-8de03ddba4a0	1612172	1.0	confident	Vicinamibacter silvestris	Bacteria
8e6a2fe7-acc7-4787-aca0-a3446cd2b7a9	1612172	1.0	confident	Vicinamibacter silvestris	Bacteria
4f060703-3033-49b1-96fd-80fdf25c271c	1612172	1.0	confident	Vicinamibacter silvestris	Bacteria
06e47729-2675-4fae-8f7b-131f1c91d75e	1612172	1.0	confident	Vicinamibacter silvestris	Bacteria
e79317eb-a773-44e5-b51f-d13ce8c595fe	1612172	1.0	confident	Vicinamibacter silvestris	Bacteria
7db695c0-42b1-40af-8eac-6ccd097e8786	1612172	1.0	confident	Vicinamibacter silvestris	Bacteria
7c7b1f75-bf85-43e9-8044-42a5ffa0645b	1612172	1.0	confident	Vicinamibacter silvestris	Bacteria
19d8eddf-5324-4a12-b5aa-5e32ad794123	1612172	1.0	confident	Vicinamibacter silvestris	Bacteria
f0fee870-6f24-4643-ab9e-b46ac37a0ff9	1612172	1.0	confident	Vicinamibacter silvestris	Bacteria
997a1022-18db-43b7-b2ad-75e38f2d0986	1612172	1.0	confident	Vicinamibacter silvestris	Bacteria
8930b634-4a9e-42c9-932c-c8af55049b53	1612172	1.0	confident	Vicinamibacter silvestris	Bacteria
e632b4d5-c613-47dd-91da-697c76ae85dc	1612172	1.0	confident	Vicinamibacter silvestris	Bacteria
db76f599-e4f5-425d-b547-84aa873932ce	1612172	1.0	confident	Vicinamibacter silvestris	Bacteria
cdbeebe5-8ee3-4457-a8e5-7e9a302eb1b6	1612172	1.0	confident	Vicinamibacter silvestris	Bacteria
fb1ce2e9-9865-4761-870f-1dc946581b04	1612172	1.0	confident	Vicinamibacter silvestris	Bacteria
d8960353-9854-48bc-af11-0b6769010aac	1612172	1.0	confident	Vicinamibacter silvestris	Bacteria
ee8a4025-4281-4701-9e99-3663fa674c81	1612172	1.0	confident	Vicinamibacter silvestris	Bacteria
953084e2-7f89-4737-babf-5185bd1967d5	1612172	1.0	confident	Vicinamibacter silvestris	Bacteria
04efee44-633a-4216-9232-2e84e5e46503	1612172	1.0	confident	Vicinamibacter silvestris	Bacteria
beabc94b-c159-4a8b-86ba-e46be12e9670	1612172	1.0	confident	Vicinamibacter silvestris	Bacteria
3e825447-761d-4f8a-9799-7335c65bdb2a	1612172	1.0	confident	Vicinamibacter silvestris	Bacteria
901c5513-671f-4dc7-8a1c-f7adcbe994c7	1612172	1.0	confident	Vicinamibacter silvestris	Bacteria
181efbbf-056d-4571-89c7-1ddbaa20d47a	1612172	1.0	confident	Vicinamibacter silvestris	Bacteria
8f8d7430-29fc-4495-b386-29a57e65cc55	1612172	1.0	confident	Vicinamibacter silvestris	Bacteria
cfaccd23-51dd-4c87-9d59-ab5de045bf9b	1612172	1.0	confident	Vicinamibacter silvestris	Bacteria
db6ceda2-dc18-4340-879f-b822a6770415	1612172	1.0	confident	Vicinamibacter silvestris	Bacteria
163ca2a8-a965-4a44-9931-6c8818b1180d	1612172	1.0	confident	Vicinamibacter silvestris	Bacteria
70a5d9e1-b91d-4618-a56b-6522ac07c936	1612172	1.0	confident	Vicinamibacter silvestris	Bacteria
6590e45a-bf4b-48c9-a515-48a54a3391d7	1612172	1.0	confident	Vicinamibacter silvestris	Bacteria
56fd1f9c-7b8d-4729-af63-06e6fb07d5bc	1612172	1.0	confident	Vicinamibacter silvestris	Bacteria
88e04b6b-8ced-48a9-aec9-14381e3560c4	1612172	1.0	confident	Vicinamibacter silvestris	Bacteria
3a60ba9e-7cc5-4363-a211-38d55b9d507b	1612172	1.0	confident	Vicinamibacter silvestris	Bacteria
4024a2ad-cd9e-472a-8dec-2255381924d4	1612172	1.0	confident	Vicinamibacter silvestris	Bacteria
6584a46a-1f11-4620-8246-e79a42b1ec8a	1612172	1.0	confident	Vicinamibacter silvestris	Bacteria
f2527fca-0d40-4892-9cda-b4abd62ea629	1612172	1.0	confident	Vicinamibacter silvestris	Bacteria
4647e32d-8c63-4ab0-857c-eaf7f66bc7df	1612172	1.0	confident	Vicinamibacter silvestris	Bacteria
0907c7d1-c54e-49d4-a7ba-f40e828a9357	1612172	1.0	confident	Vicinamibacter silvestris	Bacteria
8b0f1f25-f87b-48df-b9e2-853a31a94259	1612172	1.0	confident	Vicinamibacter silvestris	Bacteria
a8a205f5-e536-49d6-b099-41834b2e9a4c	1612172	1.0	confident	Vicinamibacter silvestris	Bacteria
828c05f5-2193-47a4-bd4a-55f50a40dd0b	1612172	1.0	confident	Vicinamibacter silvestris	Bacteria
a3fe91ce-cf8e-4493-9bfd-825055135b0a	1612172	1.0	confident	Vicinamibacter silvestris	Bacteria
1c760837-9cf2-40dc-8717-5dca3a56e4d1	1612172	1.0	confident	Vicinamibacter silvestris	Bacteria
b1fd687c-245c-41df-9ec3-c545884fc51f	1612172	1.0	confident	Vicinamibacter silvestris	Bacteria
eb8560ec-ee2d-4488-8f5e-240ae8d173fa	1612172	1.0	confident	Vicinamibacter silvestris	Bacteria
4ed92aaf-22f8-455f-a0a2-95c6817146d5	1612172	1.0	confident	Vicinamibacter silvestris	Bacteria
6f6d7c33-f271-43f1-b43d-230c578a0dcd	1612172	1.0	confident	Vicinamibacter silvestris	Bacteria
87cb12da-1342-4640-9c9f-a778814b5718	1612172	1.0	confident	Vicinamibacter silvestris	Bacteria
9ecd4e0a-a589-4747-a800-928451226beb	1612172	1.0	confident	Vicinamibacter silvestris	Bacteria
19f22ff2-894a-40d7-8405-cc5818c37d7e	1612172	1.0	confident	Vicinamibacter silvestris	Bacteria
e49b545c-8044-44cb-9e97-d28db9ca3274	1612172	1.0	confident	Vicinamibacter silvestris	Bacteria
a5696cc8-b52b-4695-8936-702bb17d1fa4	1612172	1.0	confident	Vicinamibacter silvestris	Bacteria
b56c24cf-97c9-44ae-ad83-07d86ea10d78	1612172	1.0	confident	Vicinamibacter silvestris	Bacteria
a9749d27-4fb2-4fcb-9941-15bf62810228	1612172	1.0	confident	Vicinamibacter silvestris	Bacteria
12d4623d-9205-4ab6-8895-e4df6b700d3a	1612172	1.0	confident	Vicinamibacter silvestris	Bacteria
c52a3f2a-6eee-448b-b707-e013bb32823c	1612172	1.0	confident	Vicinamibacter silvestris	Bacteria
bf99f7e2-2a59-4160-ac96-b9b8009fe1ff	1612172	1.0	confident	Vicinamibacter silvestris	Bacteria
53d499b4-f5cb-4a4a-93f0-e3312a17a2b8	1612172	1.0	confident	Vicinamibacter silvestris	Bacteria
00a0cad3-2fc7-4278-b856-66cbd3be5f6b	1612172	1.0	confident	Vicinamibacter silvestris	Bacteria
80744f3d-9c63-4788-a87a-838eb23609f0	1612172	1.0	confident	Vicinamibacter silvestris	Bacteria
11b94872-cf81-4fd3-a93a-bc3fe3190347	1612172	1.0	confident	Vicinamibacter silvestris	Bacteria
0bf481aa-3649-4b23-b0c6-cda60e3c8aad	1612172	1.0	confident	Vicinamibacter silvestris	Bacteria
ef9c3392-e2f5-4559-871c-53bddfe96598	1612172	1.0	confident	Vicinamibacter silvestris	Bacteria
cac186f6-66a5-4e75-bda4-f44ad12366f3	1612172	1.0	confident	Vicinamibacter silvestris	Bacteria
cd5500d3-51dd-4098-8cd3-e8249a007d5f	1612172	1.0	confident	Vicinamibacter silvestris	Bacteria
c9340d78-a7ab-4bd2-8aea-99e1b9fea05b	1612172	1.0	confident	Vicinamibacter silvestris	Bacteria
f6659ba5-6f9d-40f0-87e1-8d4d1ebac140	1612172	1.0	confident	Vicinamibacter silvestris	Bacteria
6c1e1f7f-d94d-4dee-8ab3-44ab7fcef119	1612172	1.0	confident	Vicinamibacter silvestris	Bacteria
e9f85542-1e80-4557-9afb-6ee09281cba6	1612172	1.0	confident	Vicinamibacter silvestris	Bacteria
d58ade76-9fdc-4c4e-966e-13deaf58e635	1612172	1.0	confident	Vicinamibacter silvestris	Bacteria
6a22db88-3e87-454e-9e09-b5178489c505	1612172	1.0	confident	Vicinamibacter silvestris	Bacteria
1a93aa20-3eba-4d22-b8cd-bb1b007320ac	1612172	1.0	confident	Vicinamibacter silvestris	Bacteria
f3ea44a1-4382-4cdd-b3d0-0ee3234cb5da	1612172	1.0	confident	Vicinamibacter silvestris	Bacteria
ba8e1440-685a-47dc-a9e1-fe7f5590ef75	1612172	1.0	confident	Vicinamibacter silvestris	Bacteria
93082bef-7f76-4c8f-b7d8-edc1c3bca755	1612172	1.0	confident	Vicinamibacter silvestris	Bacteria
3d25c468-d520-4096-9bb0-0207fa6034c4	1612172	1.0	confident	Vicinamibacter silvestris	Bacteria
ba6919b8-ad1e-4a7f-b8cc-0145ebd1487e	1612172	1.0	confident	Vicinamibacter silvestris	Bacteria
b433f894-2c93-4627-ab7c-84a3288e57a4	1612172	1.0	confident	Vicinamibacter silvestris	Bacteria
e4c346cc-7e7b-46f4-a56f-a2c1740ba498	1612172	1.0	confident	Vicinamibacter silvestris	Bacteria
8e9e6ab0-dc7a-430a-8898-6bc81aef8449	1612172	1.0	confident	Vicinamibacter silvestris	Bacteria
23a78990-811a-4070-9b96-fa89fd37eda8	1612172	1.0	confident	Vicinamibacter silvestris	Bacteria
e776abe1-d38e-47ef-afcf-b85634979291	1612172	1.0	confident	Vicinamibacter silvestris	Bacteria
d74fc1d7-a03f-4904-935a-ed26b95a619f	1612172	1.0	confident	Vicinamibacter silvestris	Bacteria
aa536caf-377b-44c1-ae0b-902e580fe85b	1612172	1.0	confident	Vicinamibacter silvestris	Bacteria
a6e5c4c9-3060-40a8-a9ad-4173f17d3beb	1612172	1.0	confident	Vicinamibacter silvestris	Bacteria
f06a21e2-4112-44f9-8a17-7705186020b0	1612172	1.0	confident	Vicinamibacter silvestris	Bacteria
311bbbcd-d481-40fa-93f0-465c2efc0c68	1612172	1.0	confident	Vicinamibacter silvestris	Bacteria
c8f9551e-5c74-4ea8-bfc0-6654ef7d9f44	1612172	1.0	confident	Vicinamibacter silvestris	Bacteria
72edceed-a096-4672-bcb3-de911db02377	1612172	1.0	confident	Vicinamibacter silvestris	Bacteria
7346f852-a45c-4f04-96a6-a17cf979f7bf	1612172	1.0	confident	Vicinamibacter silvestris	Bacteria
74fafa23-7365-4080-9389-d13cfc3f8b24	1612172	1.0	confident	Vicinamibacter silvestris	Bacteria
00babcf8-99b0-4755-8078-07fe753f0d2f	1612172	1.0	confident	Vicinamibacter silvestris	Bacteria
2d5f8d2d-45d1-4f73-8955-a25abfb23bec	1612172	1.0	confident	Vicinamibacter silvestris	Bacteria
9851322c-ede9-4b17-bc3f-5e325d2603eb	1612172	1.0	confident	Vicinamibacter silvestris	Bacteria
3eebbe69-aaef-42d4-9fb4-3ea9b27e5ceb	1612172	1.0	confident	Vicinamibacter silvestris	Bacteria
8de83578-4080-45fe-be37-51b7afbcc0e9	1612172	1.0	confident	Vicinamibacter silvestris	Bacteria
c3b3f128-b260-4425-94eb-91f82e49a19e	1612172	1.0	confident	Vicinamibacter silvestris	Bacteria
553b4d40-2b13-4256-b1c8-3834c32ba132	1612172	1.0	confident	Vicinamibacter silvestris	Bacteria
b7e7faa1-7e32-43bb-80bc-f21debc00c25	1612172	1.0	confident	Vicinamibacter silvestris	Bacteria
efa22540-b0c3-41d9-b1f3-2cb970d50fb7	1612172	1.0	confident	Vicinamibacter silvestris	Bacteria
c2b4a97c-a56a-4a8b-9336-5e9e20313f8a	1612172	1.0	confident	Vicinamibacter silvestris	Bacteria
ca3cf465-76c1-4db3-be8a-67eb8c77fcbf	1612172	1.0	confident	Vicinamibacter silvestris	Bacteria
963f5985-9077-4369-bcfa-6f80d5e2e260	1612172	1.0	confident	Vicinamibacter silvestris	Bacteria
970fc4ab-5a07-4ac4-878f-73c3d4b00680	1612172	1.0	confident	Vicinamibacter silvestris	Bacteria
f9e4d69b-d6e8-415f-a57d-c4628c01d54d	1612172	1.0	confident	Vicinamibacter silvestris	Bacteria
e05cce9c-17c3-494a-9e65-c705fe0b930f	1612172	1.0	confident	Vicinamibacter silvestris	Bacteria
1c24668d-bf7b-49a2-96e5-c681ad1f6015	1612172	1.0	confident	Vicinamibacter silvestris	Bacteria
5ec90b29-f558-47cd-b9ea-9a3774c3d0a9	1612172	1.0	confident	Vicinamibacter silvestris	Bacteria
022cafd4-3649-464d-985d-63e38d281957	1612172	1.0	confident	Vicinamibacter silvestris	Bacteria
1af9a3b7-cb24-4133-98a8-8602b6d2a65d	1612172	1.0	confident	Vicinamibacter silvestris	Bacteria
dc074c17-962c-47ef-8432-73b79139809c	1612172	1.0	confident	Vicinamibacter silvestris	Bacteria
99d6aa57-0c5b-43bb-bd50-b4370d3ca8d2	1612172	1.0	confident	Vicinamibacter silvestris	Bacteria
4f0c90c1-0cd3-41cd-9e3c-2cbca2aef6a3	1612172	1.0	confident	Vicinamibacter silvestris	Bacteria
6f8c527b-9028-41f5-9de3-634eebbe43c0	1612172	1.0	confident	Vicinamibacter silvestris	Bacteria
2f306743-5f12-4f79-91c0-6175e4a61b49	3037797	1.0	confident	Piscinibacter sp. XHJ-5	Bacteria
af5dbfac-70af-4bc4-b5d8-70aa86b462bd	3037797	1.0	confident	Piscinibacter sp. XHJ-5	Bacteria
9e240702-45b7-466c-b752-d2591e14a3d8	3037797	1.0	confident	Piscinibacter sp. XHJ-5	Bacteria
fb89ba4c-8208-481c-a186-df79c834b270	3037797	1.0	confident	Piscinibacter sp. XHJ-5	Bacteria
82aa04e3-b69c-4a56-93ca-c3774895f93d	3037797	1.0	confident	Piscinibacter sp. XHJ-5	Bacteria
89562108-5968-4aa8-9ef5-44d032c4e1b7	3037797	1.0	confident	Piscinibacter sp. XHJ-5	Bacteria
fb0f0a9f-a0ca-4feb-8430-5bfe90b84b23	3037797	1.0	confident	Piscinibacter sp. XHJ-5	Bacteria
2157334e-47d7-4d92-bb41-68857e18c6b3	3037797	1.0	confident	Piscinibacter sp. XHJ-5	Bacteria
406ee819-915d-4d42-822a-fc675db7af20	3037797	1.0	confident	Piscinibacter sp. XHJ-5	Bacteria
37f8e356-32cd-4b5d-831f-1437c3949549	3037797	1.0	confident	Piscinibacter sp. XHJ-5	Bacteria
5d2df2c0-3324-40cd-8339-b203678ba421	3037797	1.0	confident	Piscinibacter sp. XHJ-5	Bacteria
cbef0b84-f2d8-4554-b90b-95c432edcd74	3037797	1.0	confident	Piscinibacter sp. XHJ-5	Bacteria
9938a685-6459-44b4-a3b8-9964b076fc96	3037797	1.0	confident	Piscinibacter sp. XHJ-5	Bacteria
6bc27f8a-9835-4f79-8314-7994a380b21e	3037797	1.0	confident	Piscinibacter sp. XHJ-5	Bacteria
9aee2ddb-8ece-431c-83f0-1a149862b0c5	3037797	1.0	confident	Piscinibacter sp. XHJ-5	Bacteria
00a28e31-0a35-4c53-95fa-98c82a1687fb	3037797	1.0	confident	Piscinibacter sp. XHJ-5	Bacteria
37e8c079-d751-4c43-974b-fd71db050c2f	3037797	1.0	confident	Piscinibacter sp. XHJ-5	Bacteria
c72dbf32-9dff-4b04-913e-38b6b5aa8a01	3037797	1.0	confident	Piscinibacter sp. XHJ-5	Bacteria
0630032c-a48a-4c86-ab74-44fca21991d5	3037797	1.0	confident	Piscinibacter sp. XHJ-5	Bacteria
85f33268-4099-4478-b5a8-d3d509eb4da6	3037797	1.0	confident	Piscinibacter sp. XHJ-5	Bacteria
f620441d-c6f9-468a-925e-18207ae197c1	3037797	1.0	confident	Piscinibacter sp. XHJ-5	Bacteria
ee0f7fe3-8d2a-4bb4-b10d-bb07d4fbb2f8	3037797	1.0	confident	Piscinibacter sp. XHJ-5	Bacteria
d5e0d9c7-a0e4-4b31-9bbb-642f58e87f63	3037797	1.0	confident	Piscinibacter sp. XHJ-5	Bacteria
ae61f004-992a-464a-aeb7-bd36e1bffc30	3037797	1.0	confident	Piscinibacter sp. XHJ-5	Bacteria
2fe29603-1f25-4548-bb6e-93953f43276d	3037797	1.0	confident	Piscinibacter sp. XHJ-5	Bacteria
624af545-261d-4c6e-ac1e-8ab9e620d5b3	3037797	1.0	confident	Piscinibacter sp. XHJ-5	Bacteria
bab10e03-6d02-438d-a5fa-ca5fe0c0db27	3037797	1.0	confident	Piscinibacter sp. XHJ-5	Bacteria
3ebccfb3-be11-4a68-885f-e1cd22d3f9b6	3037797	1.0	confident	Piscinibacter sp. XHJ-5	Bacteria
0aec80e3-8eba-4850-82e5-3a9b2a01166e	3037797	1.0	confident	Piscinibacter sp. XHJ-5	Bacteria
ebcc82e8-e5bf-4c07-b6ca-268f72fc3d6c	3037797	1.0	confident	Piscinibacter sp. XHJ-5	Bacteria
fe0c7fe2-726d-4588-9664-07b91b3c5991	3037797	1.0	confident	Piscinibacter sp. XHJ-5	Bacteria
285690f1-ffd4-4674-8f3c-d7a5a480a048	3037797	1.0	confident	Piscinibacter sp. XHJ-5	Bacteria
11f47f0e-80f5-49d5-b06d-df6c376f6694	3037797	1.0	confident	Piscinibacter sp. XHJ-5	Bacteria
26fc7fe9-7f11-4713-8246-6a73368fcd4a	3037797	1.0	confident	Piscinibacter sp. XHJ-5	Bacteria
5bb03090-7974-449c-814d-4125e06e126f	3037797	1.0	confident	Piscinibacter sp. XHJ-5	Bacteria
099f097f-436b-4bd3-9420-d67acada6643	3037797	1.0	confident	Piscinibacter sp. XHJ-5	Bacteria
e6f8eb72-f141-4f62-8a27-05bdc554a55c	3037797	1.0	confident	Piscinibacter sp. XHJ-5	Bacteria
f520c27c-10fa-4d7c-a513-e20cd22ea3bf	3037797	1.0	confident	Piscinibacter sp. XHJ-5	Bacteria
8fce9ed0-7a96-4273-9ca5-0ad5b67e7631	3037797	1.0	confident	Piscinibacter sp. XHJ-5	Bacteria
a3551a0a-a017-48f4-8a6f-9fe70a84a66e	3037797	1.0	confident	Piscinibacter sp. XHJ-5	Bacteria
507c5c56-07f6-45a8-9985-51fbae0876a2	3037797	1.0	confident	Piscinibacter sp. XHJ-5	Bacteria
625b0b20-af24-4bea-b939-c329773c814b	3037797	1.0	confident	Piscinibacter sp. XHJ-5	Bacteria
363e2627-be15-42ce-a967-dc291391e80b	3037797	1.0	confident	Piscinibacter sp. XHJ-5	Bacteria
bd72ccdd-3976-4018-8fca-38525a41260f	3037797	1.0	confident	Piscinibacter sp. XHJ-5	Bacteria
5d4873b2-a451-4236-9210-6a044e2ef9b5	3037797	1.0	confident	Piscinibacter sp. XHJ-5	Bacteria
d7219e5c-8ade-4099-9102-03176400a398	3037797	1.0	confident	Piscinibacter sp. XHJ-5	Bacteria
0df32141-a3d7-4076-802c-8c8a07dbd05b	3037797	1.0	confident	Piscinibacter sp. XHJ-5	Bacteria
8b630756-d794-4ed6-97fa-e68975502cc1	3037797	1.0	confident	Piscinibacter sp. XHJ-5	Bacteria
3fd3994c-0b47-4fd2-87d7-043b0369edd1	3037797	1.0	confident	Piscinibacter sp. XHJ-5	Bacteria
ab06114d-604a-467b-a749-9ebdd182b55e	3037797	1.0	confident	Piscinibacter sp. XHJ-5	Bacteria
4800bf0a-479f-4ff6-9159-170fbbf7687b	3037797	1.0	confident	Piscinibacter sp. XHJ-5	Bacteria
c7bdd3b2-6f5d-4ec8-b669-a53758507554	3037797	1.0	confident	Piscinibacter sp. XHJ-5	Bacteria
98a3cc1d-64dc-4123-b3a5-b097403df1eb	3037797	1.0	confident	Piscinibacter sp. XHJ-5	Bacteria
a897b320-0966-470d-8dfd-7a6970074c18	3037797	1.0	confident	Piscinibacter sp. XHJ-5	Bacteria
9fb2b28b-09b8-441b-8733-897c9decf322	3037797	1.0	confident	Piscinibacter sp. XHJ-5	Bacteria
64e5315d-4fda-4920-8955-853fb47507f4	3037797	1.0	confident	Piscinibacter sp. XHJ-5	Bacteria
2acef1f4-25e2-4648-bd24-47bc8d2550ec	3037797	1.0	confident	Piscinibacter sp. XHJ-5	Bacteria
1f82999e-c629-414e-857b-1d2ca70d2aa3	3037797	1.0	confident	Piscinibacter sp. XHJ-5	Bacteria
19133692-4cd5-4c0d-bd4f-e65f99c079e5	3037797	1.0	confident	Piscinibacter sp. XHJ-5	Bacteria
05895e5b-75f7-49c1-aa5e-fb8f6d881217	3037797	1.0	confident	Piscinibacter sp. XHJ-5	Bacteria
e8373f7d-8eca-4493-bc08-0e7ea24fdb94	3037797	1.0	confident	Piscinibacter sp. XHJ-5	Bacteria
11b991e4-7b26-46e1-8dcf-a88b23c15088	3037797	1.0	confident	Piscinibacter sp. XHJ-5	Bacteria
48e11941-4999-49cf-ae70-8e48c6ce473b	3037797	1.0	confident	Piscinibacter sp. XHJ-5	Bacteria
c3b2f919-82cd-46c4-8b02-cc34c7ad12ae	3037797	1.0	confident	Piscinibacter sp. XHJ-5	Bacteria
a8c24fd1-cdf9-4cee-9149-30664b6f77e0	3037797	1.0	confident	Piscinibacter sp. XHJ-5	Bacteria
6c0d0e45-016d-45ea-8698-efb5c0c13b50	3037797	1.0	confident	Piscinibacter sp. XHJ-5	Bacteria
dd9ebd70-5fdf-464b-a791-31c4525f07c6	3037797	1.0	confident	Piscinibacter sp. XHJ-5	Bacteria
923882bf-3415-46a7-a8e0-305bc122157e	3037797	1.0	confident	Piscinibacter sp. XHJ-5	Bacteria
bd35bd02-5dff-4a31-9663-523f2047d22f	3037797	1.0	confident	Piscinibacter sp. XHJ-5	Bacteria
12c3c28e-e9cd-41d7-b598-03a2425358f7	3037797	1.0	confident	Piscinibacter sp. XHJ-5	Bacteria
bfc19089-50e3-41fd-82ae-178b2ec8cfaa	3037797	1.0	confident	Piscinibacter sp. XHJ-5	Bacteria
8c124244-1eca-4e3c-a0a3-67ec99dafaec	3037797	1.0	confident	Piscinibacter sp. XHJ-5	Bacteria
0a01f0c2-b726-4882-ae1f-3fcdfc470357	3037797	1.0	confident	Piscinibacter sp. XHJ-5	Bacteria
e8a33f75-83c5-4f72-a664-55efad484bc0	3037797	1.0	confident	Piscinibacter sp. XHJ-5	Bacteria
af2c0612-91f0-4181-81b5-c841aa46aefa	3037797	1.0	confident	Piscinibacter sp. XHJ-5	Bacteria
70ea797d-b266-476d-9e4c-dee9f17fc5ee	3037797	1.0	confident	Piscinibacter sp. XHJ-5	Bacteria
cb6aef0b-f2b7-4bf6-b64a-61ae07820073	3037797	1.0	confident	Piscinibacter sp. XHJ-5	Bacteria
6014d628-c45e-425c-bb6b-a23d7a342116	3037797	1.0	confident	Piscinibacter sp. XHJ-5	Bacteria
0d8f87e8-94c6-47aa-8a4a-f83e435d66da	3037797	1.0	confident	Piscinibacter sp. XHJ-5	Bacteria
1aefb0be-7de8-4daa-ad70-3a95490e22ef	3037797	1.0	confident	Piscinibacter sp. XHJ-5	Bacteria
e0d8399e-bc0a-4d74-8406-144093480d08	3037797	1.0	confident	Piscinibacter sp. XHJ-5	Bacteria
831d334b-b5e8-4a23-8083-efc56695a87b	3037797	1.0	confident	Piscinibacter sp. XHJ-5	Bacteria
ac492123-9f64-4f68-8323-08ad1ebb35fc	3037797	1.0	confident	Piscinibacter sp. XHJ-5	Bacteria
bceec03d-f412-4d44-9eac-f3514d46d3d4	3037797	1.0	confident	Piscinibacter sp. XHJ-5	Bacteria
01cb7b12-0b44-4864-8a0e-936677c1cbfa	3037797	1.0	confident	Piscinibacter sp. XHJ-5	Bacteria
a233443d-4d92-4cf5-a296-88ac262be65a	3037797	1.0	confident	Piscinibacter sp. XHJ-5	Bacteria
54f93492-04c4-437f-aadb-07327e5639c4	3037797	1.0	confident	Piscinibacter sp. XHJ-5	Bacteria
0c78dab6-6300-4959-90a3-c57544f9456a	3037797	1.0	confident	Piscinibacter sp. XHJ-5	Bacteria
dced370d-e698-4eca-b2bf-4e78ddab2dd9	3037797	1.0	confident	Piscinibacter sp. XHJ-5	Bacteria
707170bd-5e7a-4f3a-8541-0e147d828285	3037797	1.0	confident	Piscinibacter sp. XHJ-5	Bacteria
b5252535-4e85-4303-ab9d-43399745eba6	3037797	1.0	confident	Piscinibacter sp. XHJ-5	Bacteria
6793d053-a977-4745-a6f6-df9d04f6986d	3037797	1.0	confident	Piscinibacter sp. XHJ-5	Bacteria
137e1b20-852c-42e2-874c-c7e57f5dcf4e	3037797	1.0	confident	Piscinibacter sp. XHJ-5	Bacteria
6f4b436a-7f11-412b-818a-dfb7f8eb851f	3037797	1.0	confident	Piscinibacter sp. XHJ-5	Bacteria
8cc2848b-e3f8-4bec-96d4-ffd318a857b6	3037797	1.0	confident	Piscinibacter sp. XHJ-5	Bacteria
c8bcc642-cab4-476f-87de-aff154ff75ae	3037797	1.0	confident	Piscinibacter sp. XHJ-5	Bacteria
073fa8ff-9bf1-427e-bf0a-7262a417c0a7	3037797	1.0	confident	Piscinibacter sp. XHJ-5	Bacteria
c6b38682-def0-4198-ab25-5fbd8404a16a	3037797	1.0	confident	Piscinibacter sp. XHJ-5	Bacteria
c6bd8993-a48b-4d91-922f-f1d7934db582	3037797	1.0	confident	Piscinibacter sp. XHJ-5	Bacteria
c0d71861-4f68-4623-9245-a4b37b10eaaa	3037797	1.0	confident	Piscinibacter sp. XHJ-5	Bacteria
ce12b657-522a-48ac-bc63-878158ac33dc	3037797	1.0	confident	Piscinibacter sp. XHJ-5	Bacteria
aa32197b-0786-4100-a989-f49b6089ae10	3037797	1.0	confident	Piscinibacter sp. XHJ-5	Bacteria
7cc5dbe0-4a2c-4b3a-8492-b93e079c53e0	3037797	1.0	confident	Piscinibacter sp. XHJ-5	Bacteria
5cfdd159-e5e9-42bb-99d9-57fd164eb422	3037797	1.0	confident	Piscinibacter sp. XHJ-5	Bacteria
553c3972-f92f-4fd1-b1f9-bc33f39b9524	3037797	1.0	confident	Piscinibacter sp. XHJ-5	Bacteria
dd46e46e-26df-4955-8a3b-429a52742fb2	3037797	1.0	confident	Piscinibacter sp. XHJ-5	Bacteria
663da6ae-179f-44ce-abf7-fb599b388c33	3037797	1.0	confident	Piscinibacter sp. XHJ-5	Bacteria
a3abe510-b21d-402c-bbd4-49a94a0f8065	3037797	1.0	confident	Piscinibacter sp. XHJ-5	Bacteria
be665ae0-b15e-441d-a526-e818a5257483	3037797	1.0	confident	Piscinibacter sp. XHJ-5	Bacteria
f8c0360c-7a64-46bc-a1d7-8ff08dada989	3037797	1.0	confident	Piscinibacter sp. XHJ-5	Bacteria
57e01c1f-cb62-46cb-9e27-95ad59360b8d	3037797	1.0	confident	Piscinibacter sp. XHJ-5	Bacteria
a1ca3b8f-e4a5-436b-a670-8cd2fe4c4cee	3037797	1.0	confident	Piscinibacter sp. XHJ-5	Bacteria
7057f3af-f909-48fe-b250-14a509feba32	3037797	1.0	confident	Piscinibacter sp. XHJ-5	Bacteria
ae76af6a-d156-4515-bd47-a69c31c4c24b	3037797	1.0	confident	Piscinibacter sp. XHJ-5	Bacteria
2fb1b109-17f6-487f-9bcc-e5cce3743f3b	3037797	1.0	confident	Piscinibacter sp. XHJ-5	Bacteria
6b757e7c-356e-4d10-b3f7-a274cebcfaa8	3037797	1.0	confident	Piscinibacter sp. XHJ-5	Bacteria
5f1ef00d-2323-4468-ba59-e7af23f21deb	3037797	1.0	confident	Piscinibacter sp. XHJ-5	Bacteria
149c6092-29ec-4d70-a7b8-e30042e8c398	3037797	1.0	confident	Piscinibacter sp. XHJ-5	Bacteria
98f26161-b981-4c56-8ee9-ef5e1c05a003	3037797	1.0	confident	Piscinibacter sp. XHJ-5	Bacteria
2eb334cf-3a2d-494a-bb0d-f32317848c29	3037797	1.0	confident	Piscinibacter sp. XHJ-5	Bacteria
383be3f7-f529-416c-977d-0f71cab580f3	3037797	1.0	confident	Piscinibacter sp. XHJ-5	Bacteria
82536ad9-673d-4eed-8633-9b5123fe88f0	3037797	1.0	confident	Piscinibacter sp. XHJ-5	Bacteria
6e4cafc4-bd8a-49a6-a529-7f228c8b4e5d	3037797	1.0	confident	Piscinibacter sp. XHJ-5	Bacteria
343000ca-9a95-4c85-8b97-b00e418d5b61	3037797	1.0	confident	Piscinibacter sp. XHJ-5	Bacteria
65a4788a-3b1a-4a5a-9068-2f670b0c8532	3037797	1.0	confident	Piscinibacter sp. XHJ-5	Bacteria
58f39b4b-cac1-43f6-82b0-7b596d278f76	3037797	1.0	confident	Piscinibacter sp. XHJ-5	Bacteria
aa9d5d97-95d3-44b1-bc2d-75ed39014463	3037797	1.0	confident	Piscinibacter sp. XHJ-5	Bacteria
f8d3f827-2a25-4d22-bbcb-32536b8fd3e3	3037797	1.0	confident	Piscinibacter sp. XHJ-5	Bacteria
8a47199b-d816-4b88-8140-1ed4c52b1b01	3037797	1.0	confident	Piscinibacter sp. XHJ-5	Bacteria
975b4a7d-ec64-4a20-8e07-012ebe664f69	3037797	1.0	confident	Piscinibacter sp. XHJ-5	Bacteria
1c0e8620-4d5b-4008-8a6a-96b1532f34be	3037797	1.0	confident	Piscinibacter sp. XHJ-5	Bacteria
97d345c6-2825-49b0-a84e-ff3bb511053a	3037797	1.0	confident	Piscinibacter sp. XHJ-5	Bacteria
809fd38b-2b03-4e57-a94a-4577c9e429e4	3037797	1.0	confident	Piscinibacter sp. XHJ-5	Bacteria
f4d1e6a8-e56d-4168-b0f4-c5b8fb35a716	3037797	1.0	confident	Piscinibacter sp. XHJ-5	Bacteria
b64fa217-1007-4380-a220-ff93cc397bac	3037797	1.0	confident	Piscinibacter sp. XHJ-5	Bacteria
5eb083b0-77b4-4a0a-91d2-2315166109e6	3037797	1.0	confident	Piscinibacter sp. XHJ-5	Bacteria
c1a3e8e4-c5a1-464a-9a46-a27ac956b2c0	3037797	1.0	confident	Piscinibacter sp. XHJ-5	Bacteria
9f84a4da-2e8e-464e-aff1-cab64480aeaf	3037797	1.0	confident	Piscinibacter sp. XHJ-5	Bacteria
73a9149c-eeee-4970-93d5-2e91de4bc645	3037797	1.0	confident	Piscinibacter sp. XHJ-5	Bacteria
33504d3b-f511-4b35-97f2-f60ae43f2750	3037797	1.0	confident	Piscinibacter sp. XHJ-5	Bacteria
ae5c2ae5-ec2d-45d9-876e-b3a3f693e3b0	3037797	1.0	confident	Piscinibacter sp. XHJ-5	Bacteria
d9bf5d81-6675-4869-8c31-dd32b7203981	3037797	1.0	confident	Piscinibacter sp. XHJ-5	Bacteria
132a1e5b-b79c-488e-bf04-02ec0959807b	3037797	1.0	confident	Piscinibacter sp. XHJ-5	Bacteria
c05e7fb2-8c72-4b1f-802b-c379afd659a8	3037797	1.0	confident	Piscinibacter sp. XHJ-5	Bacteria
f4e9b60f-4b86-44d3-97c0-d8bf68f17afd	3037797	1.0	confident	Piscinibacter sp. XHJ-5	Bacteria
0eb8fb0d-daeb-44b3-ad87-868250fa02f0	3037797	1.0	confident	Piscinibacter sp. XHJ-5	Bacteria
6018ca24-f070-40a9-9610-4b3393841707	3037797	1.0	confident	Piscinibacter sp. XHJ-5	Bacteria
8a120b32-2deb-4707-9b98-1094638c3017	3037797	1.0	confident	Piscinibacter sp. XHJ-5	Bacteria
78ebc267-0d2d-446e-928e-db7f6d3c96db	3037797	1.0	confident	Piscinibacter sp. XHJ-5	Bacteria
519b4c41-a1e0-4fc4-addd-a18fe6521019	3037797	1.0	confident	Piscinibacter sp. XHJ-5	Bacteria
730946f4-2ec7-459a-a490-f4e1fee7a43c	3037797	1.0	confident	Piscinibacter sp. XHJ-5	Bacteria
04a74e7e-2efb-4285-9525-13170aa6bef1	3037797	1.0	confident	Piscinibacter sp. XHJ-5	Bacteria
225cc4fb-a972-4b06-a5bc-de225c2baaeb	3037797	1.0	confident	Piscinibacter sp. XHJ-5	Bacteria
c31dce78-01a7-454d-8142-855049b914b4	3037797	1.0	confident	Piscinibacter sp. XHJ-5	Bacteria
c227c4be-1c97-4d7a-b2b3-035d353f60e2	3037797	1.0	confident	Piscinibacter sp. XHJ-5	Bacteria
b3755a96-68fd-480d-9bbd-b7b1211e0822	3037797	1.0	confident	Piscinibacter sp. XHJ-5	Bacteria
fe3de0ab-9b91-47ba-936c-bea5258b7430	3037797	1.0	confident	Piscinibacter sp. XHJ-5	Bacteria
d599b819-f6a4-419c-8d77-dfc6ee764ef4	3037797	1.0	confident	Piscinibacter sp. XHJ-5	Bacteria
4e3b13f1-ea46-467a-acec-baaa4faf7b80	3037797	1.0	confident	Piscinibacter sp. XHJ-5	Bacteria
8e06f958-dbbf-4826-9a01-a466a845965a	3037797	1.0	confident	Piscinibacter sp. XHJ-5	Bacteria
e48b8951-707b-447c-ac9d-d9665487fd39	3037797	1.0	confident	Piscinibacter sp. XHJ-5	Bacteria
a2d55ccc-a11e-4c9d-af87-a0e2f6e0697e	3037797	1.0	confident	Piscinibacter sp. XHJ-5	Bacteria
2470b173-5ed1-4082-83fd-27d9d6d4b96b	3037797	1.0	confident	Piscinibacter sp. XHJ-5	Bacteria
6cf125d5-fefb-4aa0-9d59-c5d6ab69d376	3037797	1.0	confident	Piscinibacter sp. XHJ-5	Bacteria
c0c78f67-d790-4581-b7a5-1b8b6c211777	3037797	1.0	confident	Piscinibacter sp. XHJ-5	Bacteria
5b3396f2-ca87-44e5-bd17-b57e57603ae0	3037797	1.0	confident	Piscinibacter sp. XHJ-5	Bacteria
f6483010-f91d-437b-b0d4-02f2e9c4f37d	3037797	1.0	confident	Piscinibacter sp. XHJ-5	Bacteria
557bfd3a-16cd-4551-a611-11e8bde89b47	3037797	1.0	confident	Piscinibacter sp. XHJ-5	Bacteria
a8f09498-5693-4552-a912-be53d6486b21	3037797	1.0	confident	Piscinibacter sp. XHJ-5	Bacteria
0c662da0-3627-47fd-9303-26a11f112a96	3037797	1.0	confident	Piscinibacter sp. XHJ-5	Bacteria
6925fdc2-097d-44aa-b5be-2e3801ce88d6	3037797	1.0	confident	Piscinibacter sp. XHJ-5	Bacteria
83a17ac8-998d-4951-9a2d-2937e5cc6121	3037797	1.0	confident	Piscinibacter sp. XHJ-5	Bacteria
0e116377-5403-4701-9ded-0c49e58a94b4	3037797	1.0	confident	Piscinibacter sp. XHJ-5	Bacteria
5f2763a5-dc55-436b-81bc-19fe893ed35f	3037797	1.0	confident	Piscinibacter sp. XHJ-5	Bacteria
a8e0bfa8-a0e4-42e1-b6fc-7e7ffcfd2d87	3037797	1.0	confident	Piscinibacter sp. XHJ-5	Bacteria
96a8b441-834b-4389-8b98-60d9be4ed467	3037797	1.0	confident	Piscinibacter sp. XHJ-5	Bacteria
6773cfc6-681a-43f4-9e65-c2c7ae3be643	3037797	1.0	confident	Piscinibacter sp. XHJ-5	Bacteria
5ffed2db-6c58-49c0-a7ac-098063401ccf	3037797	1.0	confident	Piscinibacter sp. XHJ-5	Bacteria
05d7f6b5-6940-4cbf-a3e9-7fa53d5721d7	3037797	1.0	confident	Piscinibacter sp. XHJ-5	Bacteria
fccb14ab-aff9-41aa-9077-1fcc498068b3	3037797	1.0	confident	Piscinibacter sp. XHJ-5	Bacteria
4073a334-ff42-48f7-b84c-5fe6ed4f960f	3037797	1.0	confident	Piscinibacter sp. XHJ-5	Bacteria
029933d3-02ad-4ac7-b3f7-c6c5838dfe05	3037797	1.0	confident	Piscinibacter sp. XHJ-5	Bacteria
208c1478-23c0-43e9-a911-45d45efc093c	3037797	1.0	confident	Piscinibacter sp. XHJ-5	Bacteria
8a7cf8e9-d456-4eb7-9a46-7a3074bf2ed2	3037797	1.0	confident	Piscinibacter sp. XHJ-5	Bacteria
ba28cd21-c907-442b-9b50-949462820c15	3037797	1.0	confident	Piscinibacter sp. XHJ-5	Bacteria
3813009a-d846-4d41-8537-236252ff07d1	3037797	1.0	confident	Piscinibacter sp. XHJ-5	Bacteria
6cf1b60c-6ff0-4d16-861d-2e7c48caa9bf	3037797	1.0	confident	Piscinibacter sp. XHJ-5	Bacteria
e81c6f4e-b379-44d6-a871-334e6b01276d	3037797	1.0	confident	Piscinibacter sp. XHJ-5	Bacteria
aab8e736-615e-409e-a923-686517b80c35	3037797	1.0	confident	Piscinibacter sp. XHJ-5	Bacteria
402c7f00-4318-4831-abf4-a16dbc21fd5c	3037797	1.0	confident	Piscinibacter sp. XHJ-5	Bacteria
63121680-cd9b-4c0c-887f-c728daafc20d	3037797	1.0	confident	Piscinibacter sp. XHJ-5	Bacteria
b3795100-a483-4618-81b5-12b5a73f40f7	3037797	1.0	confident	Piscinibacter sp. XHJ-5	Bacteria
fd627c57-2b61-4e3a-9e8f-9c0e410de4ef	3037797	1.0	confident	Piscinibacter sp. XHJ-5	Bacteria
fabaaf85-781b-4e74-bd38-2f603aed0982	3037797	1.0	confident	Piscinibacter sp. XHJ-5	Bacteria
a338c380-8706-4ae1-b030-c785d5810f5b	3037797	1.0	confident	Piscinibacter sp. XHJ-5	Bacteria
151fc4d5-f91f-4e27-a3e4-f1c3aa010cf8	3037797	1.0	confident	Piscinibacter sp. XHJ-5	Bacteria
6401e8e6-4d18-4ce6-af4c-658c067eda8f	3037797	1.0	confident	Piscinibacter sp. XHJ-5	Bacteria
5ce68736-e632-42b0-9a6f-966003b7c480	3037797	1.0	confident	Piscinibacter sp. XHJ-5	Bacteria
52e2e9bb-e288-4349-8f20-110dc6eaa2cb	3037797	1.0	confident	Piscinibacter sp. XHJ-5	Bacteria
8b62de0b-f757-4fb4-8a53-0ed25d7d6c3c	3037797	1.0	confident	Piscinibacter sp. XHJ-5	Bacteria
1f0dd9ad-57dd-4c3e-8f1b-3025cde02068	3037797	1.0	confident	Piscinibacter sp. XHJ-5	Bacteria
2ef0b854-dfe9-42b2-9e32-1c60650db549	3037797	1.0	confident	Piscinibacter sp. XHJ-5	Bacteria
e8ba72f3-73f9-491a-9768-626e2415784c	3037797	1.0	confident	Piscinibacter sp. XHJ-5	Bacteria
c7ebda93-7b43-4853-9929-a1f19c0e8bdc	3037797	1.0	confident	Piscinibacter sp. XHJ-5	Bacteria
48d5b78c-8dfb-4b8a-8700-45d51b9088ac	3037797	1.0	confident	Piscinibacter sp. XHJ-5	Bacteria
e3e042e4-24a7-48ab-88d4-794adb675105	3037797	1.0	confident	Piscinibacter sp. XHJ-5	Bacteria
bad0c3b9-5bf1-4027-82ba-21f99b6d041e	3037797	1.0	confident	Piscinibacter sp. XHJ-5	Bacteria
2de79664-6db3-4959-926c-09ed5560a69b	3037797	1.0	confident	Piscinibacter sp. XHJ-5	Bacteria
0d76baa5-60bc-4ca4-a114-d70b37545622	3037797	1.0	confident	Piscinibacter sp. XHJ-5	Bacteria
30207242-a13e-48c9-a527-a1eb1e5df145	3037797	1.0	confident	Piscinibacter sp. XHJ-5	Bacteria
14551163-6122-4bdf-95ff-71f73a693a2c	3037797	1.0	confident	Piscinibacter sp. XHJ-5	Bacteria
fef8a495-033c-41d4-a1b4-fb5f6a9755ae	3037797	1.0	confident	Piscinibacter sp. XHJ-5	Bacteria
e8ebbcfc-c3b2-48b4-80e5-ccb3ad808613	3037797	1.0	confident	Piscinibacter sp. XHJ-5	Bacteria
f0be9b5c-d20e-43f8-b7a2-79abfaec7c68	3037797	1.0	confident	Piscinibacter sp. XHJ-5	Bacteria
005eb916-d234-4385-9a0e-5fc76aac242d	3037797	1.0	confident	Piscinibacter sp. XHJ-5	Bacteria
6ac43f5b-73d6-4785-8b01-09b9853732d6	3037797	1.0	confident	Piscinibacter sp. XHJ-5	Bacteria
1e5fd9ca-9567-4550-9609-f7af3efbf731	3037797	1.0	confident	Piscinibacter sp. XHJ-5	Bacteria
2cd41958-f771-4517-89f2-989d8ca54e6b	3037797	1.0	confident	Piscinibacter sp. XHJ-5	Bacteria
d341867a-c703-4d66-b8c8-cdf1b0b4cd58	3037797	1.0	confident	Piscinibacter sp. XHJ-5	Bacteria
7b6f25a4-44f8-43d7-af0f-84a67c93da5e	3037797	1.0	confident	Piscinibacter sp. XHJ-5	Bacteria
d616d5f5-9166-424e-af03-e9fd3720915a	3037797	1.0	confident	Piscinibacter sp. XHJ-5	Bacteria
c0713755-8778-449c-a2d4-cb4a0f72c161	3037797	1.0	confident	Piscinibacter sp. XHJ-5	Bacteria
f92571e1-bacb-41d5-89d6-09682304b4ad	3037797	1.0	confident	Piscinibacter sp. XHJ-5	Bacteria
b7014669-cd2d-4c7a-a8a5-59c468617811	3037797	1.0	confident	Piscinibacter sp. XHJ-5	Bacteria
915c42ce-2f17-40d7-a62f-342a0bf23cb2	3037797	1.0	confident	Piscinibacter sp. XHJ-5	Bacteria
f1f03abf-e730-4a8b-a454-3bae980fd073	3037797	1.0	confident	Piscinibacter sp. XHJ-5	Bacteria
4474c396-4cd2-4bd1-a150-bc81811a2eb2	3037797	1.0	confident	Piscinibacter sp. XHJ-5	Bacteria
4bad9321-0500-4be8-b1ca-47c607d1a570	3037797	1.0	confident	Piscinibacter sp. XHJ-5	Bacteria
aaaf0a8e-ea3c-438f-8028-2f0ebd390c3e	3037797	1.0	confident	Piscinibacter sp. XHJ-5	Bacteria
4c41be93-1664-47bb-b694-e546dbdffffb	3037797	1.0	confident	Piscinibacter sp. XHJ-5	Bacteria
15ab02bf-7e58-4bf5-957c-004bcad1f696	3037797	1.0	confident	Piscinibacter sp. XHJ-5	Bacteria
a7d7ca50-0ff1-42eb-b352-19a8317b1bb6	3037797	1.0	confident	Piscinibacter sp. XHJ-5	Bacteria
031ba8b9-dc64-4484-acd5-8742a5b4acf0	3037797	1.0	confident	Piscinibacter sp. XHJ-5	Bacteria
ec9a9d8d-b168-433e-9ede-d852e3f68848	3037797	1.0	confident	Piscinibacter sp. XHJ-5	Bacteria
16cca64c-39de-46fa-ac49-90e1a09ebdac	3037797	1.0	confident	Piscinibacter sp. XHJ-5	Bacteria
67bb7037-02a8-4cd5-be42-f2b519772e87	3037797	1.0	confident	Piscinibacter sp. XHJ-5	Bacteria
8658349c-7c7c-4063-b553-3a047a7c9e7d	3037797	1.0	confident	Piscinibacter sp. XHJ-5	Bacteria
0f420911-a7cf-4022-990b-fdaaaada94ac	3037797	1.0	confident	Piscinibacter sp. XHJ-5	Bacteria
57a38f94-589b-4b04-9f31-f7c4b042a447	3037797	1.0	confident	Piscinibacter sp. XHJ-5	Bacteria
541b9ed5-03a6-46d0-a090-e32a8350de2a	3037797	1.0	confident	Piscinibacter sp. XHJ-5	Bacteria
3294ac45-fd4c-4705-8921-9fe0a0a014c0	3037797	1.0	confident	Piscinibacter sp. XHJ-5	Bacteria
2cc869ad-48c4-4a33-8d51-5c7270066c33	3037797	1.0	confident	Piscinibacter sp. XHJ-5	Bacteria
00352e6f-b9d5-4859-94de-9f5605a1cc0f	3037797	1.0	confident	Piscinibacter sp. XHJ-5	Bacteria
744c0749-3e13-4122-b87d-ffbea2293991	3037797	1.0	confident	Piscinibacter sp. XHJ-5	Bacteria
c6a5926b-e63d-4b0f-8632-a60a070c33ee	3037797	1.0	confident	Piscinibacter sp. XHJ-5	Bacteria
485eb38a-17fe-4136-b8f9-6782c1ef459a	3037797	1.0	confident	Piscinibacter sp. XHJ-5	Bacteria
24322798-b054-421f-95f7-dfdb56237ee8	3037797	1.0	confident	Piscinibacter sp. XHJ-5	Bacteria
3bb722e5-7490-4703-9d08-79840bd11102	3037797	1.0	confident	Piscinibacter sp. XHJ-5	Bacteria
7ef7f7a0-44fc-4803-a492-c7cd193ad2ed	3037797	1.0	confident	Piscinibacter sp. XHJ-5	Bacteria
0349d7a4-85e4-4eac-9b79-85fc9c2963d7	3037797	1.0	confident	Piscinibacter sp. XHJ-5	Bacteria
fec99833-aa36-4018-ae48-bc4aa12a4604	3037797	1.0	confident	Piscinibacter sp. XHJ-5	Bacteria
ce9e54bd-2156-401e-9dfe-623c8611a3fb	3037797	1.0	confident	Piscinibacter sp. XHJ-5	Bacteria
05885a7a-f5f8-4208-9f52-f951e5d85f58	3037797	1.0	confident	Piscinibacter sp. XHJ-5	Bacteria
3bbe02b7-04ad-4d28-83ee-3877572cf99e	3037797	1.0	confident	Piscinibacter sp. XHJ-5	Bacteria
dfb87633-998c-4d31-a30e-57fe095afe63	3037797	1.0	confident	Piscinibacter sp. XHJ-5	Bacteria
4f6436d7-c63d-4060-94b8-04057679a475	3037797	1.0	confident	Piscinibacter sp. XHJ-5	Bacteria
3acd373a-f903-436d-8f27-23516e422295	3037797	1.0	confident	Piscinibacter sp. XHJ-5	Bacteria
d07f146b-89cf-45b3-af89-a1d6b2dbd762	3037797	1.0	confident	Piscinibacter sp. XHJ-5	Bacteria
92b9db5e-2b94-4a76-947b-06203f3997e6	3037797	1.0	confident	Piscinibacter sp. XHJ-5	Bacteria
a5521c24-78ea-4ebb-af16-2a1a746fcdbf	3037797	1.0	confident	Piscinibacter sp. XHJ-5	Bacteria
2757c26f-77c9-44cf-84f2-b4824cc4b734	3037797	1.0	confident	Piscinibacter sp. XHJ-5	Bacteria
718163c1-731d-4d31-a6be-999b665a72b7	3037797	1.0	confident	Piscinibacter sp. XHJ-5	Bacteria
f767458e-f27c-4b50-b8b0-c9a8321a66b9	3037797	1.0	confident	Piscinibacter sp. XHJ-5	Bacteria
63c306b8-09e8-40fc-820d-e3492a6e4b63	3037797	1.0	confident	Piscinibacter sp. XHJ-5	Bacteria
268830d2-b0cb-4b48-aea1-dd7d4d5a0471	3037797	1.0	confident	Piscinibacter sp. XHJ-5	Bacteria
fb08a0e0-485b-43f7-8ce3-ae34fb7af44e	3037797	1.0	confident	Piscinibacter sp. XHJ-5	Bacteria
f2f3d1f6-43bc-47fb-b879-40ab310247f5	3037797	1.0	confident	Piscinibacter sp. XHJ-5	Bacteria
9f589e26-aaff-4891-b088-a6c9d457e4cf	3037797	1.0	confident	Piscinibacter sp. XHJ-5	Bacteria
3fe1b645-b754-4bd9-ac16-5a4e1ecab9e0	3037797	1.0	confident	Piscinibacter sp. XHJ-5	Bacteria
e9310ab8-fa62-4c14-894c-c13499833eb2	3037797	1.0	confident	Piscinibacter sp. XHJ-5	Bacteria
b51678f0-c354-447c-a69b-9d28d595b6c3	3037797	1.0	confident	Piscinibacter sp. XHJ-5	Bacteria
0a0333b1-e97b-425c-8c47-8e35dc5df58f	3037797	1.0	confident	Piscinibacter sp. XHJ-5	Bacteria
2a1945ed-0bcf-436b-b348-20a24912e7c3	3037797	1.0	confident	Piscinibacter sp. XHJ-5	Bacteria
850ddfe6-5dc7-48b2-aaa4-50179f66eda3	3037797	1.0	confident	Piscinibacter sp. XHJ-5	Bacteria
20e02b16-e4e8-4d1e-b0d7-1a896ab31273	3037797	1.0	confident	Piscinibacter sp. XHJ-5	Bacteria
69259d09-0207-493b-a58a-7608fb7d2008	3037797	1.0	confident	Piscinibacter sp. XHJ-5	Bacteria
b7b68310-77b7-4858-921e-40f53bdac29e	3037797	1.0	confident	Piscinibacter sp. XHJ-5	Bacteria
9661928f-5505-40d6-8560-7ff37613bc28	3037797	1.0	confident	Piscinibacter sp. XHJ-5	Bacteria
7b3a9ac5-7b61-42da-9625-fb2895400f41	3037797	1.0	confident	Piscinibacter sp. XHJ-5	Bacteria
693ae075-e587-4889-9985-40935d0b2ed0	3037797	1.0	confident	Piscinibacter sp. XHJ-5	Bacteria
6d022a52-c8a7-410c-809c-4adecb0db377	3037797	1.0	confident	Piscinibacter sp. XHJ-5	Bacteria
c877c34a-4b64-4e66-9d89-004170442f39	3037797	1.0	confident	Piscinibacter sp. XHJ-5	Bacteria
c0a67407-4d53-41da-99f9-4685bcf24acc	3037797	1.0	confident	Piscinibacter sp. XHJ-5	Bacteria
21be8fac-a382-486e-a84c-42b817ceb816	3037797	1.0	confident	Piscinibacter sp. XHJ-5	Bacteria
5407657f-c76a-4edf-be08-bbe2ac9e3c13	3037797	1.0	confident	Piscinibacter sp. XHJ-5	Bacteria
9f68ef87-5bcd-4cc4-81b7-2a5f1d48b46d	3037797	1.0	confident	Piscinibacter sp. XHJ-5	Bacteria
4fcd9c03-00d0-424f-b544-499aa2921968	3037797	1.0	confident	Piscinibacter sp. XHJ-5	Bacteria
4b6337eb-37e4-4ef8-8422-f44595c00126	3037797	1.0	confident	Piscinibacter sp. XHJ-5	Bacteria
b296f2b0-7550-409b-ae8c-11e633e1e6a7	3037797	1.0	confident	Piscinibacter sp. XHJ-5	Bacteria
71b9cb02-0d2a-4740-8aa7-e5e877d88b23	3037797	1.0	confident	Piscinibacter sp. XHJ-5	Bacteria
a7b88c36-e2cf-4ab2-b734-8e0a2e702f54	3037797	1.0	confident	Piscinibacter sp. XHJ-5	Bacteria
e4e7ca35-693a-4d95-9db2-a5941048918e	3037797	1.0	confident	Piscinibacter sp. XHJ-5	Bacteria
638dd76b-a4d8-4a8c-b6f7-84739155f929	3037797	1.0	confident	Piscinibacter sp. XHJ-5	Bacteria
88ffc0e1-1ebd-43a7-a8ea-3246393f4c0a	3037797	1.0	confident	Piscinibacter sp. XHJ-5	Bacteria
53c0e23d-0616-4606-b415-e3d0577d2f9c	3037797	1.0	confident	Piscinibacter sp. XHJ-5	Bacteria
1efaead1-55f0-49ba-8be6-f09846cd2c4a	3037797	1.0	confident	Piscinibacter sp. XHJ-5	Bacteria
1ea1c4a0-6d77-4613-8c46-2ad1ab95e729	3037797	1.0	confident	Piscinibacter sp. XHJ-5	Bacteria
c7accbc7-14cf-4513-86a2-5b96759e94f7	3037797	1.0	confident	Piscinibacter sp. XHJ-5	Bacteria
ee4021ff-3375-4449-9cdf-46df91f29e44	3037797	1.0	confident	Piscinibacter sp. XHJ-5	Bacteria
b1161be2-95be-4018-a701-4d183253ff62	3037797	1.0	confident	Piscinibacter sp. XHJ-5	Bacteria
d4167f71-b224-4779-988b-6f2dd7324f40	3037797	1.0	confident	Piscinibacter sp. XHJ-5	Bacteria
28686246-baed-421e-8010-25729cf8ffb3	3037797	1.0	confident	Piscinibacter sp. XHJ-5	Bacteria
ff3b2a67-eb58-4d07-9ea7-44ad8157320a	3037797	1.0	confident	Piscinibacter sp. XHJ-5	Bacteria
ccd033ad-d2fe-49ce-b9df-8f5d9fbb2aec	3037797	1.0	confident	Piscinibacter sp. XHJ-5	Bacteria
a7620246-52b1-469b-8143-00edc9b4621a	3037797	1.0	confident	Piscinibacter sp. XHJ-5	Bacteria
0ccf0742-d628-40b9-a3ad-aae3035cb1f7	3037797	1.0	confident	Piscinibacter sp. XHJ-5	Bacteria
b943dd1b-eb8b-429b-9776-3482ef39dfc1	3037797	1.0	confident	Piscinibacter sp. XHJ-5	Bacteria
3fec033d-b0a2-4492-9007-a4c0e0efedd4	3037797	1.0	confident	Piscinibacter sp. XHJ-5	Bacteria
743399e3-9864-4a52-88be-ad2578e10d57	3037797	1.0	confident	Piscinibacter sp. XHJ-5	Bacteria
faa25e75-0941-4549-b3e4-6dceda8b1e76	3037797	1.0	confident	Piscinibacter sp. XHJ-5	Bacteria
e81b683e-409c-4614-ac3e-3067a0a693dd	3037797	1.0	confident	Piscinibacter sp. XHJ-5	Bacteria
61724947-8e9e-402d-ae65-64667b969cd4	3037797	1.0	confident	Piscinibacter sp. XHJ-5	Bacteria
2d510ebf-4d59-4846-ac03-b74bf4e48b49	3037797	1.0	confident	Piscinibacter sp. XHJ-5	Bacteria
b2342243-f32d-4660-86dc-51356b93c1f2	3037797	1.0	confident	Piscinibacter sp. XHJ-5	Bacteria
2284ef9d-a304-4931-8bae-20763746c116	3037797	1.0	confident	Piscinibacter sp. XHJ-5	Bacteria
93058ba6-8b4f-4ce2-badd-9a68e9cabd87	3037797	1.0	confident	Piscinibacter sp. XHJ-5	Bacteria
b729ddc5-c5a1-497b-a473-7bc4970493f5	3037797	1.0	confident	Piscinibacter sp. XHJ-5	Bacteria
96a3c7e9-77f4-4e47-ae59-7e3fb15df26a	3037797	1.0	confident	Piscinibacter sp. XHJ-5	Bacteria
940e46d5-79af-4d58-9db1-0e1cbfe5ace7	3037797	1.0	confident	Piscinibacter sp. XHJ-5	Bacteria
064c9b05-0be5-48e1-a04f-43c100f2da5f	3037797	1.0	confident	Piscinibacter sp. XHJ-5	Bacteria
8b88ee0f-18fc-464c-ad1d-b0b214e9d05d	3037797	1.0	confident	Piscinibacter sp. XHJ-5	Bacteria
3d3314b0-00c5-4785-89db-03e38167403e	3037797	1.0	confident	Piscinibacter sp. XHJ-5	Bacteria
ce3f4424-6577-4e26-8039-3672a3c00bbb	3037797	1.0	confident	Piscinibacter sp. XHJ-5	Bacteria
33f86118-907f-4a2c-a56f-e668bbb20f73	3037797	1.0	confident	Piscinibacter sp. XHJ-5	Bacteria
96bc6a34-2b22-41c6-be9f-09551dd7a4a1	3037797	1.0	confident	Piscinibacter sp. XHJ-5	Bacteria
8efca96c-6e6e-4e25-b6aa-d1044a7620c0	3037797	1.0	confident	Piscinibacter sp. XHJ-5	Bacteria
bd819ae5-dd1f-4934-b513-31bf95595d41	3037797	1.0	confident	Piscinibacter sp. XHJ-5	Bacteria
db1bae2f-7e78-4974-8de8-37ad3c89cbe8	3037797	1.0	confident	Piscinibacter sp. XHJ-5	Bacteria
4b37612b-67ed-4858-bee6-b02e54f56af7	3037797	1.0	confident	Piscinibacter sp. XHJ-5	Bacteria
38aecae9-1ad8-405e-9b43-aceff70769aa	3037797	1.0	confident	Piscinibacter sp. XHJ-5	Bacteria
53075d0c-7ad5-4535-9cb3-068e5efab7ee	3037797	1.0	confident	Piscinibacter sp. XHJ-5	Bacteria
e51fbcef-2a47-4e86-bca9-9f0fc2fc0871	3037797	1.0	confident	Piscinibacter sp. XHJ-5	Bacteria
544c34fb-9f03-4ece-a283-37be3a1d2c03	3037797	1.0	confident	Piscinibacter sp. XHJ-5	Bacteria
83c848e8-95d3-48ae-b908-3a359ba6e837	3037797	1.0	confident	Piscinibacter sp. XHJ-5	Bacteria
82ef010e-24b1-4e64-88c7-822f98b3b231	3037797	1.0	confident	Piscinibacter sp. XHJ-5	Bacteria
878b9aab-21ec-4893-8a26-723e8ac05767	3037797	1.0	confident	Piscinibacter sp. XHJ-5	Bacteria
0ce0c531-f262-40ee-9fab-e7730d12bd5b	3037797	1.0	confident	Piscinibacter sp. XHJ-5	Bacteria
d59923f4-ac29-46db-8496-37b6e734674b	3037797	1.0	confident	Piscinibacter sp. XHJ-5	Bacteria
433c3ef6-c191-4bb4-bdce-5450cda1336f	3037797	1.0	confident	Piscinibacter sp. XHJ-5	Bacteria
29dabc02-2e04-468c-ab76-0902cbe0ac74	3037797	1.0	confident	Piscinibacter sp. XHJ-5	Bacteria
f06e4f09-b276-4add-982f-56ea35ea3869	3037797	1.0	confident	Piscinibacter sp. XHJ-5	Bacteria
b65c97be-efbd-4086-b4d3-0dd4f6d95134	3037797	1.0	confident	Piscinibacter sp. XHJ-5	Bacteria
acb34806-10e2-4a46-859c-09cb16f8082a	3037797	1.0	confident	Piscinibacter sp. XHJ-5	Bacteria
cefc5422-86fb-4c53-9786-7814e0b7c081	3037797	1.0	confident	Piscinibacter sp. XHJ-5	Bacteria
13d62100-14b5-4760-a946-f0738e59a289	3037797	1.0	confident	Piscinibacter sp. XHJ-5	Bacteria
cb8f5c24-2fa9-4a44-9707-82e988b5cbca	3037797	1.0	confident	Piscinibacter sp. XHJ-5	Bacteria
5323327f-27ba-44fe-899c-f0fcf2c4c644	3037797	1.0	confident	Piscinibacter sp. XHJ-5	Bacteria
346a3f1e-a2a1-466b-bfa4-90e27a062954	3037797	1.0	confident	Piscinibacter sp. XHJ-5	Bacteria
3a9014ae-d383-46a2-821f-230e378ecac8	3037797	1.0	confident	Piscinibacter sp. XHJ-5	Bacteria
7d01a924-63a8-4968-9551-334c91ed351a	3037797	1.0	confident	Piscinibacter sp. XHJ-5	Bacteria
99e0be95-3e53-4c02-a1a6-5eb966747e68	3037797	1.0	confident	Piscinibacter sp. XHJ-5	Bacteria
d93e92f5-d5d5-4850-9698-a11f90b51d21	3037797	1.0	confident	Piscinibacter sp. XHJ-5	Bacteria
9f9b3679-bfa5-4312-a23d-2c694b3fe1fc	3037797	1.0	confident	Piscinibacter sp. XHJ-5	Bacteria
24495f74-efa1-435e-9961-f7d44e93f96e	3037797	1.0	confident	Piscinibacter sp. XHJ-5	Bacteria
3bcb06e1-c726-4926-bc78-1331374674b1	3037797	1.0	confident	Piscinibacter sp. XHJ-5	Bacteria
611fd864-a773-42a2-8b26-901d64910bcc	3037797	1.0	confident	Piscinibacter sp. XHJ-5	Bacteria
209233f4-9148-4a54-85d9-dfd8ea3dec6d	3037797	1.0	confident	Piscinibacter sp. XHJ-5	Bacteria
c6db9ac9-639c-4efa-824e-1f85cd69df37	3037797	1.0	confident	Piscinibacter sp. XHJ-5	Bacteria
02a681dd-25c8-4fea-8c11-0b799480b199	3037797	1.0	confident	Piscinibacter sp. XHJ-5	Bacteria
dab44c19-bb6b-490d-9c2f-506222f448c5	3037797	1.0	confident	Piscinibacter sp. XHJ-5	Bacteria
a79efec4-18b5-46af-a2fd-e8b04b7eb0e2	3037797	1.0	confident	Piscinibacter sp. XHJ-5	Bacteria
5c12a7df-cd4e-41b9-87f7-ebad20628b29	3037797	1.0	confident	Piscinibacter sp. XHJ-5	Bacteria
d26954d8-9812-4d61-b856-3eef3fafa559	3037797	1.0	confident	Piscinibacter sp. XHJ-5	Bacteria
aafdf991-9636-4287-9c70-927197a4ed4a	3037797	1.0	confident	Piscinibacter sp. XHJ-5	Bacteria
ba63da26-d214-4ef2-bcdd-04ef639bddd0	3037797	1.0	confident	Piscinibacter sp. XHJ-5	Bacteria
1f5217fd-6a7c-444a-bb9f-dee8f34462e2	3037797	1.0	confident	Piscinibacter sp. XHJ-5	Bacteria
b5f1130a-421e-4817-ba47-0da6e3169b6b	3037797	1.0	confident	Piscinibacter sp. XHJ-5	Bacteria
2d3fc609-c332-4842-b3b7-8dc5f4218d50	3037797	1.0	confident	Piscinibacter sp. XHJ-5	Bacteria
aaa5bf89-7ddd-402d-80e2-0c522620f8af	3037797	1.0	confident	Piscinibacter sp. XHJ-5	Bacteria
55546258-0e70-4150-ac2f-23bb974e45fc	3037797	1.0	confident	Piscinibacter sp. XHJ-5	Bacteria
c8de361f-aa15-4e05-b4b1-b43bde5550d4	3037797	1.0	confident	Piscinibacter sp. XHJ-5	Bacteria
fc2f2752-b889-4693-ab89-cddef593aab5	3037797	1.0	confident	Piscinibacter sp. XHJ-5	Bacteria
8ae45bc7-7716-4d60-94d0-206d494af783	3037797	1.0	confident	Piscinibacter sp. XHJ-5	Bacteria
9a0110f4-6d66-45af-8595-2bdf032c7134	3037797	1.0	confident	Piscinibacter sp. XHJ-5	Bacteria
27245320-1265-40a0-912b-17f098c012b9	3037797	1.0	confident	Piscinibacter sp. XHJ-5	Bacteria
561af9cc-6bc4-4032-be3f-80e0f7e70bed	3037797	1.0	confident	Piscinibacter sp. XHJ-5	Bacteria
9d9ca4f2-6c28-452f-9c7a-5f0933a45f39	3037797	1.0	confident	Piscinibacter sp. XHJ-5	Bacteria
0dcbc6be-24a5-4858-99b2-fd90b635aa7d	3037797	1.0	confident	Piscinibacter sp. XHJ-5	Bacteria
af562b43-4ca8-47c5-bc86-1b6066a3914b	3037797	1.0	confident	Piscinibacter sp. XHJ-5	Bacteria
dcd45496-4bfe-44b9-98da-3815da119fda	3037797	1.0	confident	Piscinibacter sp. XHJ-5	Bacteria
e9f53f27-242e-44ec-91c3-2bc55fbc7a08	2082188	0.8472599342670827	high	Sphingobium sp. YG1	Bacteria
15270490-2366-43f6-bd78-3e5ee6d4fbf5	2082188	0.8472599342670833	high	Sphingobium sp. YG1	Bacteria
dbbbe1b6-5d0d-476e-83ad-7ab900eb9189	2082188	0.8472599342670827	high	Sphingobium sp. YG1	Bacteria
df6066d9-392b-4c52-8426-483fbc3aae03	2082188	0.8472599342670828	high	Sphingobium sp. YG1	Bacteria
958057f0-e97b-4a9e-939d-71b313f05f89	2082188	0.8472599342670828	high	Sphingobium sp. YG1	Bacteria
9a760628-d1c9-4761-a2ce-1bdf1b68e431	2082188	0.8472599342670828	high	Sphingobium sp. YG1	Bacteria
ba0681ea-74d6-483a-8267-0517ba0ee719	2082188	0.8472599342670828	high	Sphingobium sp. YG1	Bacteria
60048ba5-f551-4d8a-aa50-36798003610f	2082188	0.8472599342670831	high	Sphingobium sp. YG1	Bacteria
f1baebee-da84-43c8-9303-71d9c7254713	2082188	0.8472599342670828	high	Sphingobium sp. YG1	Bacteria
a8205808-8a5d-4029-8214-e502acb63a3d	2082188	0.8472599342670823	high	Sphingobium sp. YG1	Bacteria
fff47a5a-afcc-4ab8-bf49-128c0c9a15dc	2082188	0.8472599342670833	high	Sphingobium sp. YG1	Bacteria
3ef638e0-f0c6-4438-afff-af20b0a82afc	2082188	0.8472599342670828	high	Sphingobium sp. YG1	Bacteria
7d78dd5e-0b58-4025-8fb8-21f6346d3b88	2082188	0.8472599342670828	high	Sphingobium sp. YG1	Bacteria
64e0267c-857b-4651-be9e-8b746432cbe0	2082188	0.8472599342670828	high	Sphingobium sp. YG1	Bacteria
fb6d66b4-2920-4b29-b47c-c8c3388a8406	2082188	0.8472599342670828	high	Sphingobium sp. YG1	Bacteria
df0b745c-dc31-4bd6-b137-244b044f09e8	2082188	0.9926771532433788	high	Sphingobium sp. YG1	Bacteria
20c1fb26-88c8-4f31-966e-59fe31203aff	2082188	0.8472599342670833	high	Sphingobium sp. YG1	Bacteria
ec40f4aa-6f05-43a9-8779-b5dbe935211c	2082188	0.8472599342670828	high	Sphingobium sp. YG1	Bacteria
48be6fff-21d5-4b5c-9649-26e2722b392d	2082188	0.8472599342670823	high	Sphingobium sp. YG1	Bacteria
e72dd683-dc94-4635-9216-93060a5485f7	2082188	0.8472599342670828	high	Sphingobium sp. YG1	Bacteria
07245d15-7b5c-4cca-8c6c-79f472cf48be	2082188	0.8472599342670828	high	Sphingobium sp. YG1	Bacteria
9b401f08-d097-4579-8b7b-a5c102e853b3	2082188	0.8472599342670828	high	Sphingobium sp. YG1	Bacteria
eb0d5f4c-70bc-4063-9f6c-2bf24111362e	2082188	0.8472599342670828	high	Sphingobium sp. YG1	Bacteria
f0cf66b6-6191-4a01-9f45-d28bcfb52daa	2082188	0.8472599342670828	high	Sphingobium sp. YG1	Bacteria
ecfb2e8f-817d-4d2b-8dd1-39ce01eba2aa	2082188	0.8472599342670828	high	Sphingobium sp. YG1	Bacteria
80f2623e-36b0-4286-8c81-3fce4e3828b6	2082188	0.8472599342670828	high	Sphingobium sp. YG1	Bacteria
f2cd5f4a-262f-4faf-94f4-8e4a55d29f07	2082188	0.8472599342670823	high	Sphingobium sp. YG1	Bacteria
c01d9857-168f-4165-9df0-46294e4611ec	2082188	0.8472599342670833	high	Sphingobium sp. YG1	Bacteria
aaa14a51-da55-4ce3-a683-5bfaff0784d5	2082188	0.8472599342670828	high	Sphingobium sp. YG1	Bacteria
b7f2c0b6-616a-4ff6-bcbc-23558e931f77	2082188	0.8472599342670842	high	Sphingobium sp. YG1	Bacteria
0df09b76-9f3f-42ff-9fcb-ec104ef89307	2082188	0.8472599342670828	high	Sphingobium sp. YG1	Bacteria
5a0cab91-f265-4aa4-82a3-5ed9c91ca1bc	2082188	0.8472599342670828	high	Sphingobium sp. YG1	Bacteria
4a541236-29c1-4881-9ec8-a783884c72ad	2082188	0.8472599342670823	high	Sphingobium sp. YG1	Bacteria
0bdf8b24-1f35-4a00-8c5f-3a435eba4228	2082188	0.8472599342670828	high	Sphingobium sp. YG1	Bacteria
ee5691e6-2284-4c3b-92d8-aadddf864693	2082188	0.8472599342670828	high	Sphingobium sp. YG1	Bacteria
f3c57f7d-ee0a-40c0-9221-384705b4740c	2082188	0.8472599342670828	high	Sphingobium sp. YG1	Bacteria
55ffb90f-18a6-42d9-b7dc-c18892cb1615	2082188	0.9926767501530112	high	Sphingobium sp. YG1	Bacteria
53080499-61bd-41e9-a341-9a693c7a5cb6	2082188	0.8472599342670823	high	Sphingobium sp. YG1	Bacteria
a1f2a5e6-0a01-4feb-9e29-8b69f4ea0003	2082188	0.9140533849231446	high	Sphingobium sp. YG1	Bacteria
135fb078-ff82-410e-9fa5-a0a49eb7e9a1	2082188	0.8472599342670831	high	Sphingobium sp. YG1	Bacteria
1416d322-27d4-482b-b2e6-a003d0ac719b	2082188	0.8472599342670828	high	Sphingobium sp. YG1	Bacteria
3844d5ed-4bb7-4e8d-81a2-affc7a28e5c1	2082188	0.8472599342670833	high	Sphingobium sp. YG1	Bacteria
d1a5afab-cd73-45b1-bc67-17ca6f1c5ad8	2082188	0.8472599342670828	high	Sphingobium sp. YG1	Bacteria
25855fc4-d6f2-4d92-84f5-fab8f6a96031	2082188	0.8472599342670828	high	Sphingobium sp. YG1	Bacteria
8a2711f4-dda6-46f3-94c6-13aa2a2429f8	2082188	0.8472599342670828	high	Sphingobium sp. YG1	Bacteria
f107ae54-98c1-4d4c-9d93-dae364aefa5e	2082188	0.8472599342670828	high	Sphingobium sp. YG1	Bacteria
eca8e07b-bacd-4f47-ad5d-a437ed8559b6	2082188	0.8472599342670828	high	Sphingobium sp. YG1	Bacteria
cb8bcba9-c13d-4a06-80cc-a40f975d8794	2082188	0.8472599342670828	high	Sphingobium sp. YG1	Bacteria
deb11fd5-5ac6-4a31-98c3-f253f5058d80	2082188	0.8472599342670828	high	Sphingobium sp. YG1	Bacteria
6b849b89-7863-4862-9c8f-b4d4d3f2c317	2082188	0.8472599342670828	high	Sphingobium sp. YG1	Bacteria
ffa879c1-7421-47e2-9c31-f616d1d6ce5b	2082188	0.8472599342670828	high	Sphingobium sp. YG1	Bacteria
2120e854-5ded-42b7-8ec2-ef6c7a5de936	2082188	0.8472599342670828	high	Sphingobium sp. YG1	Bacteria
9be8fa08-e6f9-440f-a9cd-951532617244	2082188	0.8472599342670833	high	Sphingobium sp. YG1	Bacteria
e0724568-20da-490a-8eeb-e3925fdc513d	2082188	0.914341433493994	high	Sphingobium sp. YG1	Bacteria
23707c3d-a1e2-4b75-b971-8afa51b8af0f	2082188	0.8472599342670823	high	Sphingobium sp. YG1	Bacteria
fbdb07d1-3d1a-49bf-8a86-505d5f71c5fb	2082188	0.8472599342670828	high	Sphingobium sp. YG1	Bacteria
4c532fe6-f72b-4a89-902e-988d113cb27a	2082188	0.8472599342670828	high	Sphingobium sp. YG1	Bacteria
2f62aaa7-921a-4399-9399-89b1a5833ea8	2082188	0.8472599342670828	high	Sphingobium sp. YG1	Bacteria
44251f5c-d4d9-44d0-ba1c-b05848a05170	2082188	0.8472599342670828	high	Sphingobium sp. YG1	Bacteria
622d7f54-b22b-464c-8c25-ec71e82d048c	2082188	0.8472599342670828	high	Sphingobium sp. YG1	Bacteria
61cc802c-859d-4015-ba96-9a06f59477a0	2082188	0.8472599342670842	high	Sphingobium sp. YG1	Bacteria
56bb779c-2ffa-4f90-a88b-1b3d423dc7f0	2082188	0.8472599342670828	high	Sphingobium sp. YG1	Bacteria
62df38a4-6c17-4d24-8a4a-ad5dbd1fca14	2082188	0.8472599342670828	high	Sphingobium sp. YG1	Bacteria
54acca9f-2af1-4ed8-a6e4-132277c80c18	2082188	0.8472599342670828	high	Sphingobium sp. YG1	Bacteria
29e3a484-32a1-4f98-85cd-0f0e89fb85c1	2082188	0.8472599342670828	high	Sphingobium sp. YG1	Bacteria
b9c2e97c-35d7-42b8-8324-9bede5e07965	2082188	0.8472599342670833	high	Sphingobium sp. YG1	Bacteria
4791d59a-ee6d-475f-9623-7b7d678fe7ac	2082188	0.8472599342670823	high	Sphingobium sp. YG1	Bacteria
69b169f6-0478-40b3-acf8-6765dd15e1ce	2082188	0.8472599342670842	high	Sphingobium sp. YG1	Bacteria
e4b312cb-f107-4354-be28-872214f0d8a4	2082188	0.9140541987146228	high	Sphingobium sp. YG1	Bacteria
4254ed36-7bf3-4e50-9cbb-a24f769e1016	2082188	0.8472599342670828	high	Sphingobium sp. YG1	Bacteria
8d2da68c-260f-4e1c-b2b8-0ea37254acc3	2082188	0.8472599342670833	high	Sphingobium sp. YG1	Bacteria
92616669-3734-4402-a863-656e56c8088a	2082188	0.8472599342670823	high	Sphingobium sp. YG1	Bacteria
784b98d4-3d58-4649-920a-3c83192df3b9	2082188	0.8472599342670828	high	Sphingobium sp. YG1	Bacteria
574df233-1959-4eb5-87f9-632ff8977fde	2082188	0.9143375142252148	high	Sphingobium sp. YG1	Bacteria
5b41fbae-f10a-4181-9641-c3274ce95e40	2082188	0.8472599342670828	high	Sphingobium sp. YG1	Bacteria
c9f0923b-0ebe-487e-97fd-f912b317f1d5	2082188	0.8472599342670828	high	Sphingobium sp. YG1	Bacteria
d5ccbea9-8ecd-424c-aecd-09c4c1d295f9	2082188	0.8472599342670828	high	Sphingobium sp. YG1	Bacteria
0f367b2f-ea9b-42d0-b78c-14dd19fc49f2	2082188	0.8472599342670823	high	Sphingobium sp. YG1	Bacteria
c60bb3e2-a59e-408d-9ff9-fc005a66842a	2082188	0.8472599342670828	high	Sphingobium sp. YG1	Bacteria
ad5e32c3-2059-44f5-8230-319b8fc1abab	2082188	0.8472599342670828	high	Sphingobium sp. YG1	Bacteria
8cdcf2a8-798b-4a47-86c0-fdaeb45ce9cd	2082188	0.8472599342670828	high	Sphingobium sp. YG1	Bacteria
5e427ca4-1db4-4b5c-827e-7e14acd64076	2082188	0.8472599342670828	high	Sphingobium sp. YG1	Bacteria
d1cc1f3e-80ae-473e-b548-c198c4e005a1	2082188	0.8472599342670828	high	Sphingobium sp. YG1	Bacteria
667b2bbc-36a0-4cd8-a999-fc2d1c47f6ec	2082188	0.8472599342670828	high	Sphingobium sp. YG1	Bacteria
70918175-9f95-456d-86e6-ef5ae89e6a2a	2082188	0.8472599342670828	high	Sphingobium sp. YG1	Bacteria
9c9c226d-001c-4c3c-b765-104207c62685	2082188	0.8472599342670828	high	Sphingobium sp. YG1	Bacteria
04d7693c-dfce-48c0-bb5f-803b9e5304c9	2082188	0.8472599342670827	high	Sphingobium sp. YG1	Bacteria
3e6f6aa0-a62f-4162-b559-6557de786800	2082188	0.8472599342670828	high	Sphingobium sp. YG1	Bacteria
eaf1a694-852e-4d43-b588-583db4466b52	2082188	0.8472599342670828	high	Sphingobium sp. YG1	Bacteria
b3c2320c-7965-4fe0-a33d-fbe1c08393be	2082188	0.8472599342670823	high	Sphingobium sp. YG1	Bacteria
098a352c-1a08-4b1e-af23-3f7f67842372	2082188	0.8472599342670828	high	Sphingobium sp. YG1	Bacteria
ff55f235-7beb-4dab-a4f7-e9986d62b28b	2082188	0.8472599342670828	high	Sphingobium sp. YG1	Bacteria
5b821450-5e8f-4f9a-95e0-181a64d285e8	2082188	0.8472599342670828	high	Sphingobium sp. YG1	Bacteria
3b06d745-921b-4612-a4a7-8d2a4a7d9f0a	2082188	0.8472599342670828	high	Sphingobium sp. YG1	Bacteria
2312eb29-7a37-41a9-8bb5-297348b49eb7	2082188	0.8472599342670828	high	Sphingobium sp. YG1	Bacteria
faee21cb-c8a3-436d-9fbc-8d3ca3a0c294	2082188	0.8472599342670833	high	Sphingobium sp. YG1	Bacteria
d3ce41cc-5cda-4336-a7cd-db0dc9cbd58e	2082188	0.8472599342670827	high	Sphingobium sp. YG1	Bacteria
420d5bdc-7ae1-4350-b0a5-38e6f91a0277	2082188	0.8472599342670828	high	Sphingobium sp. YG1	Bacteria
ffc7cb63-97e5-4236-97e5-d782785b8bbf	2082188	0.8472599342670828	high	Sphingobium sp. YG1	Bacteria
a49d2de0-2ff5-4329-a21a-7c9a7efdd67a	2082188	0.8472599342670828	high	Sphingobium sp. YG1	Bacteria
56c54449-a955-4556-b646-19a797775181	2082188	0.8472599342670833	high	Sphingobium sp. YG1	Bacteria
2f7c243a-1ea1-4f61-b9a8-7d1059a2321b	2082188	0.8472599342670828	high	Sphingobium sp. YG1	Bacteria
10c28f53-e29b-41ff-9b06-828db2eb3e5f	2082188	0.8472599342670823	high	Sphingobium sp. YG1	Bacteria
0bca48b5-15cf-49d9-9b6e-a5e364a69d6d	2082188	0.8472599342670828	high	Sphingobium sp. YG1	Bacteria
b0e601a7-106f-48f9-b70b-d6811be6eb07	2082188	0.8472599342670828	high	Sphingobium sp. YG1	Bacteria
66854f84-a044-48fd-b931-8d05515f335d	2082188	0.8472599342670828	high	Sphingobium sp. YG1	Bacteria
9267f119-6547-4da9-9fa3-fdd0a0da4868	2082188	0.8472599342670831	high	Sphingobium sp. YG1	Bacteria
4623f7a3-b109-4094-9223-1eaec4524854	2082188	0.8472599342670828	high	Sphingobium sp. YG1	Bacteria
a509b7c5-83f1-424b-b365-ee71b28f6415	2082188	0.8472599342670828	high	Sphingobium sp. YG1	Bacteria
c491ebdb-5604-423b-a825-9f59efab8193	2082188	0.8472599342670828	high	Sphingobium sp. YG1	Bacteria
085ab83e-c6e3-468c-bc39-5dbfab3ee285	2082188	0.8472599342670828	high	Sphingobium sp. YG1	Bacteria
bc86158c-8d50-4008-ae02-819b3fbb7f2c	2082188	0.847259934267083	high	Sphingobium sp. YG1	Bacteria
3bc79de0-db79-472b-8df6-0d797b660337	2082188	0.847259934267083	high	Sphingobium sp. YG1	Bacteria
9c6dc9d3-f36d-413f-8509-14879e1aaa59	2082188	0.8472599342670828	high	Sphingobium sp. YG1	Bacteria
05de86c7-d6f7-4326-a67a-772b69d1bda9	2082188	0.8472599342670828	high	Sphingobium sp. YG1	Bacteria
99285fbb-05f7-4ad3-b8f8-692242685a5b	2082188	0.8472599342670828	high	Sphingobium sp. YG1	Bacteria
62118021-b3a1-4331-9971-e5a69454e9f9	2082188	0.8472599342670828	high	Sphingobium sp. YG1	Bacteria
195e8232-5be7-4ec0-8131-6677fb3cb75f	2082188	0.8472599342670828	high	Sphingobium sp. YG1	Bacteria
e1b8e529-b56a-425f-bd36-596b70cfb425	2082188	0.8472599342670828	high	Sphingobium sp. YG1	Bacteria
3121ffb0-2eda-4954-978f-ab5549f6c5c2	2082188	0.8472599342670828	high	Sphingobium sp. YG1	Bacteria
414cd460-46d0-4192-94a1-21cdd7bf691d	2082188	0.8472599342670828	high	Sphingobium sp. YG1	Bacteria
a6fae61e-2b7b-411c-8252-e50b435424b3	2082188	0.8472599342670828	high	Sphingobium sp. YG1	Bacteria
60a6663f-ef0e-427e-9939-3f40a403e212	2082188	0.8472599342670842	high	Sphingobium sp. YG1	Bacteria
fd89e2d3-5f53-4fb7-88ec-e6695774b26d	2082188	0.8472599342670828	high	Sphingobium sp. YG1	Bacteria
c395c3c4-7221-4d17-9c43-74dd4a1d9cc9	2082188	0.8472599342670828	high	Sphingobium sp. YG1	Bacteria
8c3657b7-d3cb-4711-901d-8eb517b322f8	2082188	0.8472599342670828	high	Sphingobium sp. YG1	Bacteria
92b230e7-b6b5-439e-bb64-96f88d9468f9	2082188	0.8472599342670828	high	Sphingobium sp. YG1	Bacteria
21c18dcd-569e-44f2-913a-8f5f18d76608	2082188	0.8472599342670828	high	Sphingobium sp. YG1	Bacteria
4d838ac9-08ce-4f4d-964c-69e211e28c32	2082188	0.8472599342670828	high	Sphingobium sp. YG1	Bacteria
81425335-6798-4df1-a11c-18eba4fa2421	2082188	0.8472599342670828	high	Sphingobium sp. YG1	Bacteria
747224eb-86fa-495a-b05e-90ff91b24691	2082188	0.8472599342670828	high	Sphingobium sp. YG1	Bacteria
e30e1f87-a29c-4f5c-a47f-b0a28a7275e8	2082188	0.8472599342670828	high	Sphingobium sp. YG1	Bacteria
c7f8ecab-83ee-4cf1-87a4-f564f6be9ddc	2082188	0.8472599342670828	high	Sphingobium sp. YG1	Bacteria
d840852d-8a70-4275-af3e-a75f2dd7f4da	2082188	0.8472599342670828	high	Sphingobium sp. YG1	Bacteria
a317c578-2014-4e15-aa97-e107691ee84a	2082188	0.8472599342670828	high	Sphingobium sp. YG1	Bacteria
0d52d933-1f24-4697-8b37-86e633f847ec	2082188	0.8472599342670828	high	Sphingobium sp. YG1	Bacteria
a14fd4fd-2d25-43b4-9341-4907e5171448	2082188	0.8472599342670828	high	Sphingobium sp. YG1	Bacteria
0c38db07-240d-4ecb-930f-df8b726067b1	2082188	0.8472599342670828	high	Sphingobium sp. YG1	Bacteria
e843dcd2-1255-4c92-8055-16b6beda424d	2082188	0.9926767501530108	high	Sphingobium sp. YG1	Bacteria
79730e55-629b-46d6-8f6d-98c2abb43a1f	2082188	0.8472599342670828	high	Sphingobium sp. YG1	Bacteria
2dbe29f1-761a-44e9-8d7e-f95c2593fdda	2082188	0.847259934267083	high	Sphingobium sp. YG1	Bacteria
fc39c157-f102-4362-9f36-7d1e4b547324	2082188	0.847259934267083	high	Sphingobium sp. YG1	Bacteria
547134b9-2f7f-4692-ab68-043afa731d44	2082188	0.8472599342670828	high	Sphingobium sp. YG1	Bacteria
03aa3f69-23e0-4e75-8eec-197806c1eef1	2082188	0.8472599342670828	high	Sphingobium sp. YG1	Bacteria
f0be80d3-c94c-4312-8ef3-073aeb494b6c	2082188	0.8472599342670833	high	Sphingobium sp. YG1	Bacteria
c9b415c9-08d9-4472-a85d-8fe889696c75	2082188	0.8472599342670828	high	Sphingobium sp. YG1	Bacteria
a4487fe5-c201-4f8c-83be-72a7ce4d1b14	2082188	0.9140534861456506	high	Sphingobium sp. YG1	Bacteria
f215c416-2927-4e47-a486-2b3cbdb99ce7	2082188	0.8472599342670828	high	Sphingobium sp. YG1	Bacteria
683d1ee7-1011-4614-80dc-4f080638cdc6	2082188	0.8472599342670833	high	Sphingobium sp. YG1	Bacteria
12ee8283-2bd5-42d1-ac92-6e7f11b880f2	2082188	0.8472599342670828	high	Sphingobium sp. YG1	Bacteria
557a3c24-983d-4728-8cca-079b9fa31b73	2082188	0.8472599342670828	high	Sphingobium sp. YG1	Bacteria
3526f46f-36f1-4886-9a31-e41f40c5e485	2082188	0.8472599342670828	high	Sphingobium sp. YG1	Bacteria
63f1f743-ff28-44d3-8a81-27fd9e9c7edc	2082188	0.8472599342670828	high	Sphingobium sp. YG1	Bacteria
bdb96708-9814-4a48-8f5d-559aaac34700	2082188	0.8472599342670823	high	Sphingobium sp. YG1	Bacteria
3ddc6875-b9e8-4941-b218-cc614c5a0afc	2082188	0.8472599342670828	high	Sphingobium sp. YG1	Bacteria
86986a3a-f630-4dfb-82bd-1c9826d857d3	2082188	0.8472599342670828	high	Sphingobium sp. YG1	Bacteria
365905fa-cc35-444b-81a8-9e1e19c24b01	2082188	0.8472599342670828	high	Sphingobium sp. YG1	Bacteria
5f86113f-7dbb-4339-9419-1f99d19cf148	2082188	0.8472599342670828	high	Sphingobium sp. YG1	Bacteria
4f8eb357-8b63-4cae-917a-3a4e65da7f31	2082188	0.8472599342670828	high	Sphingobium sp. YG1	Bacteria
988ba25d-6269-40d9-a9a1-b8ad7fa6a7ff	2082188	0.8472599342670828	high	Sphingobium sp. YG1	Bacteria
bdaac164-2ce0-45cd-b512-c4d3656db2b5	2082188	0.8472599342670828	high	Sphingobium sp. YG1	Bacteria
8281aa56-a010-4548-9c03-d6fe1d4f9f52	2082188	0.8472599342670823	high	Sphingobium sp. YG1	Bacteria
b28f2364-6d62-48d3-84d0-fe45447b7aec	2082188	0.8472599342670827	high	Sphingobium sp. YG1	Bacteria
8f04ef98-7b38-4847-b3b2-1d53b525973c	2082188	0.8472599342670828	high	Sphingobium sp. YG1	Bacteria
9f52f7b7-3699-4b35-89f0-18e7bd131904	2082188	0.8472599342670828	high	Sphingobium sp. YG1	Bacteria
23176bc1-1f88-410e-a944-f90c03d392f0	2082188	0.8472599342670828	high	Sphingobium sp. YG1	Bacteria
2ebb432b-2c99-4ae5-bcac-e60f38c0ea74	2082188	0.8472599342670833	high	Sphingobium sp. YG1	Bacteria
1e2fb647-7cfd-4a0f-9628-d870d741179a	2082188	0.8472599342670828	high	Sphingobium sp. YG1	Bacteria
6a03a72d-d0e6-4a59-9736-98f66e4e781a	2082188	0.9999998498962348	high	Sphingobium sp. YG1	Bacteria
2b0c57ad-bb21-4d91-abcc-d2486d681403	2082188	0.8472599342670828	high	Sphingobium sp. YG1	Bacteria
08231237-579b-4401-8027-03a4e526b27a	2082188	0.8472599342670828	high	Sphingobium sp. YG1	Bacteria
b591b0b6-7cd2-4d53-b62a-a1b84acb13fe	2082188	0.8472599342670828	high	Sphingobium sp. YG1	Bacteria
15ca96af-673a-428a-b702-699a7a2ee5e0	2082188	0.8472599342670823	high	Sphingobium sp. YG1	Bacteria
060506e7-38c1-4bf8-b360-2bc76870d1d5	2082188	0.8472599342670827	high	Sphingobium sp. YG1	Bacteria
47fe068d-2db5-4453-97cf-de194ddd7a49	2082188	0.8472599342670828	high	Sphingobium sp. YG1	Bacteria
e8961132-684a-4177-a379-523a2d6be59b	2082188	0.8472599342670823	high	Sphingobium sp. YG1	Bacteria
f7430002-8809-48e1-865e-5fc6281c7ff0	2082188	0.8472599342670833	high	Sphingobium sp. YG1	Bacteria
d35f0f12-299f-48b6-8c72-a64ae04762f7	2082188	0.8472599342670828	high	Sphingobium sp. YG1	Bacteria
1ebb85e7-f807-48c4-aed4-ff809432d500	2082188	0.8472599342670828	high	Sphingobium sp. YG1	Bacteria
71796b43-44cb-47dc-a0e2-0c15d50d0df0	2082188	0.8472599342670842	high	Sphingobium sp. YG1	Bacteria
577960d9-d2d2-4267-bec0-4987d124b250	2082188	0.8472599342670842	high	Sphingobium sp. YG1	Bacteria
bf9ba8f9-5e26-4ea3-8090-e09fffae9812	2082188	0.8472599342670828	high	Sphingobium sp. YG1	Bacteria
90be11b4-1a2b-4649-a9d5-d03f86948e00	2082188	0.8472599342670831	high	Sphingobium sp. YG1	Bacteria
cdcfe610-8ee0-4f7e-b20a-12b3bd4c8f85	2082188	0.8472599342670828	high	Sphingobium sp. YG1	Bacteria
264c9c00-f0bc-4a27-a16b-94ce3d1d8b5f	2082188	0.8472599342670828	high	Sphingobium sp. YG1	Bacteria
37d9124f-944a-4373-a36f-89f43e9d82c6	2082188	0.9140540964871312	high	Sphingobium sp. YG1	Bacteria
7176aadc-7df8-4a8e-bdc0-82d4a793479f	2082188	0.8472599342670828	high	Sphingobium sp. YG1	Bacteria
c53a9871-9597-42c3-9ce5-d36b4165bf8b	2082188	0.8472599342670828	high	Sphingobium sp. YG1	Bacteria
f03a3dc4-fd45-4948-975e-84900f078068	2082188	0.8472599342670828	high	Sphingobium sp. YG1	Bacteria
f54f1139-cb71-43d3-8fb9-8e1b4fa01dfe	2082188	0.8472599342670828	high	Sphingobium sp. YG1	Bacteria
725facc4-57b7-4320-af43-e37c43451680	2082188	0.8472599342670828	high	Sphingobium sp. YG1	Bacteria
da47ee81-316d-4f74-9192-6f1c6f5615a1	2082188	0.8472599342670828	high	Sphingobium sp. YG1	Bacteria
00234e1b-fa7a-4d22-9016-14faebb1a275	2082188	0.8472599342670823	high	Sphingobium sp. YG1	Bacteria
3e161468-69d1-4b34-ba9a-6466a2c25a61	2082188	0.8472599342670827	high	Sphingobium sp. YG1	Bacteria
99555870-9253-4cac-9817-e0cb55140190	2082188	0.8472599342670828	high	Sphingobium sp. YG1	Bacteria
55b33748-d114-49a9-9d8d-0d0e713c64b7	2082188	0.914339917615718	high	Sphingobium sp. YG1	Bacteria
bc7e01f2-fd15-42b3-96ac-b40d04549a37	2082188	0.8472599342670828	high	Sphingobium sp. YG1	Bacteria
64a310b3-c191-4776-9f59-1feee2d658f9	2082188	0.8472599342670828	high	Sphingobium sp. YG1	Bacteria
f727d1fb-4b6b-452a-a1df-3fea004a66a2	2082188	0.8472599342670828	high	Sphingobium sp. YG1	Bacteria
0bf919d9-f730-4741-a493-483b7a60980c	2082188	0.914054198714623	high	Sphingobium sp. YG1	Bacteria
90b85cc6-b2d5-4309-9dd7-3c52217ad41f	2082188	0.8472599342670828	high	Sphingobium sp. YG1	Bacteria
7565826b-f727-442f-aba7-67982ae510ba	2082188	0.847259934267083	high	Sphingobium sp. YG1	Bacteria
7ab2e6c3-29dd-428a-bedf-0446c09d457e	2082188	0.8472599342670842	high	Sphingobium sp. YG1	Bacteria
35e5e3cb-7141-4ac7-aa69-f5b85486622d	2082188	0.8472599342670828	high	Sphingobium sp. YG1	Bacteria
906debbd-7ea2-4717-8917-6efb5f0de025	2082188	0.8472599342670828	high	Sphingobium sp. YG1	Bacteria
006d9baa-f431-4c45-adbf-5cc34febbd57	2082188	0.8472599342670833	high	Sphingobium sp. YG1	Bacteria
a983b242-15a1-463c-bf95-9647bb70e4b7	2082188	0.8472599342670828	high	Sphingobium sp. YG1	Bacteria
1d6712df-528f-4a0f-971e-256f714bc3c1	2082188	0.8472599342670828	high	Sphingobium sp. YG1	Bacteria
71104f6f-7172-4fb7-9818-514ded2ebf88	2082188	0.8472599342670827	high	Sphingobium sp. YG1	Bacteria
1c2c9f8a-9693-42ad-a17d-5a0fd25cfe05	2082188	0.8472599342670828	high	Sphingobium sp. YG1	Bacteria
fae2199e-3fc4-49c4-b4fb-50424d4926cd	2082188	0.8472599342670833	high	Sphingobium sp. YG1	Bacteria
6617173f-fd71-4a91-a320-3c8abe476d7c	2082188	0.8472599342670823	high	Sphingobium sp. YG1	Bacteria
d3d085c0-6796-4ad5-ba92-eae572f03061	2082188	0.8472599342670828	high	Sphingobium sp. YG1	Bacteria
d5b139ac-b53e-46df-a2ef-ec533a030603	2082188	1.0	confident	Sphingobium sp. YG1	Bacteria
4aac7f24-335f-4348-9097-0bc8c0500afe	2082188	0.8472599342670828	high	Sphingobium sp. YG1	Bacteria
79a0ecf3-e7b6-40e4-9beb-8d3437d82cf1	2082188	0.8472599342670828	high	Sphingobium sp. YG1	Bacteria
e1952a72-39bc-4dbd-97a5-b24f5834bc2a	2082188	0.8472599342670828	high	Sphingobium sp. YG1	Bacteria
290b9195-9f51-4de2-954c-70a47eb7afc1	2082188	0.847259934267083	high	Sphingobium sp. YG1	Bacteria
e5fea985-0e19-4f98-b6ba-f13b265adf46	2082188	0.8472599342670828	high	Sphingobium sp. YG1	Bacteria
7d980f3e-ff09-44c1-8dfd-3f0726c95348	2082188	0.8472599342670828	high	Sphingobium sp. YG1	Bacteria
3a994eff-5d22-4eb7-9176-44ff52098bc0	2082188	0.8472599342670828	high	Sphingobium sp. YG1	Bacteria
0ce47e00-e14d-4c7e-84b1-35ee0e17e17c	2082188	0.8472599342670828	high	Sphingobium sp. YG1	Bacteria
b1d10fb0-b252-44a4-8961-34c208ae784e	2082188	0.8472599342670833	high	Sphingobium sp. YG1	Bacteria
0fd8de7c-2735-4dd9-9fe3-114641697f61	2082188	0.8472599342670828	high	Sphingobium sp. YG1	Bacteria
79a5cc09-ecdd-4d70-a6eb-80fd55c14550	2082188	0.8472599342670828	high	Sphingobium sp. YG1	Bacteria
aa624d21-890b-4012-961a-b2884cc4d16a	2082188	0.8472599342670828	high	Sphingobium sp. YG1	Bacteria
5cb6443a-a49a-414c-b657-527342079a9b	2082188	0.8472599342670828	high	Sphingobium sp. YG1	Bacteria
a2bfdf43-6253-413a-9e17-cecbdc8815e2	2082188	0.8472599342670828	high	Sphingobium sp. YG1	Bacteria
fe5ed535-ccc9-47f6-aae3-e9e38472b353	2082188	0.8472599342670828	high	Sphingobium sp. YG1	Bacteria
5f1224bf-45ee-48f5-b429-d9a9f2a05100	2082188	0.8472599342670828	high	Sphingobium sp. YG1	Bacteria
0e972403-316c-479c-bcc3-e896994ae8a8	2082188	0.9743376046180094	high	Sphingobium sp. YG1	Bacteria
8aab90cf-ba93-4210-b290-94785821adff	2082188	0.8472599342670828	high	Sphingobium sp. YG1	Bacteria
45c4ba6a-2434-4097-8007-6bd451eebfd1	2082188	0.8472599342670828	high	Sphingobium sp. YG1	Bacteria
69ca2d5e-1860-4df6-aba3-42d6d8a6e558	2082188	0.9140180032989992	high	Sphingobium sp. YG1	Bacteria
01f1c5d8-d07e-42ad-9f1d-9eda1b6f867f	2082188	0.8472599342670828	high	Sphingobium sp. YG1	Bacteria
cdbb6077-e2fd-4cf3-8348-961e2eb0a2f7	2082188	0.743058100539672	medium	Sphingobium sp. YG1	Bacteria
39310fe4-f9ce-4772-aa23-cef625093f63	2082188	0.8472599342670823	high	Sphingobium sp. YG1	Bacteria
08233494-4d85-4758-b1a5-8bf58d61470c	2082188	0.8472599342670828	high	Sphingobium sp. YG1	Bacteria
4d473b80-cfdf-4877-866d-8ffcedda72b9	2082188	0.8472599342670823	high	Sphingobium sp. YG1	Bacteria
cca0ed94-57a8-4d70-ba48-da6a9353666d	2082188	0.8472599342670828	high	Sphingobium sp. YG1	Bacteria
91ab975d-c73b-4588-9bc9-90f60ae64a93	2082188	0.8472599342670828	high	Sphingobium sp. YG1	Bacteria
872a4c41-0d72-4a75-a136-e309b091cf17	2082188	0.8472599342670828	high	Sphingobium sp. YG1	Bacteria
e7a7cad9-b0a0-4996-ab27-e09aa4bb8225	2082188	0.8472599342670833	high	Sphingobium sp. YG1	Bacteria
9c0ac54a-6200-446d-a636-d21e90f9ac11	2082188	0.8472599342670828	high	Sphingobium sp. YG1	Bacteria
83c6824e-d89c-4505-be88-73e7b681a1cf	2082188	0.9140540964871312	high	Sphingobium sp. YG1	Bacteria
8e8cf739-42b1-4343-a9db-e3cbe3378d10	2082188	0.9140532838429984	high	Sphingobium sp. YG1	Bacteria
f3a60e38-ef8f-4b50-b2e1-4e9222e84c31	2082188	0.8472599342670827	high	Sphingobium sp. YG1	Bacteria
eebe0298-23ea-46ff-9738-41977ae56b43	2082188	0.8472599342670828	high	Sphingobium sp. YG1	Bacteria
59bc1a4c-6600-4928-99e4-fab15e572074	2082188	0.8472599342670831	high	Sphingobium sp. YG1	Bacteria
ebf64244-3506-4fac-b700-f93139b4e25e	2082188	0.8472599342670828	high	Sphingobium sp. YG1	Bacteria
76e0a537-2ae9-443c-a17a-2298e7185406	2082188	0.8472599342670833	high	Sphingobium sp. YG1	Bacteria
254346a4-6710-4fbe-9dcf-fe08254cc318	2082188	0.8472599342670823	high	Sphingobium sp. YG1	Bacteria
a9f55790-698f-44b6-9431-ee41d2aedc4d	2082188	0.8472599342670828	high	Sphingobium sp. YG1	Bacteria
ac62926c-7ad3-42de-a663-b30942f9e2e7	2082188	0.8472599342670823	high	Sphingobium sp. YG1	Bacteria
7ae7e263-d539-4620-a453-b62443557ae9	2082188	0.8472599342670828	high	Sphingobium sp. YG1	Bacteria
d7a26dfc-de76-4bb7-800b-702bdb2d5927	2082188	0.8472599342670828	high	Sphingobium sp. YG1	Bacteria
fccfe67c-c296-48db-8c85-45cfc3bd234d	2082188	0.847259934267083	high	Sphingobium sp. YG1	Bacteria
075529c5-6aa4-430d-892d-0b5b70ef6bd5	2082188	0.8472599342670828	high	Sphingobium sp. YG1	Bacteria
98f69eb0-e1c7-481d-8cb9-bc4cca250f8f	2082188	0.8472599342670842	high	Sphingobium sp. YG1	Bacteria
5d6ce4b9-54f9-4ff5-ab99-ef1a6a9bbf90	2082188	0.7431418679581651	medium	Sphingobium sp. YG1	Bacteria
ba70c6c6-6eef-4efb-9c49-3aeebc97f2e8	2082188	0.8472599342670831	high	Sphingobium sp. YG1	Bacteria
55cf787a-aba4-478f-9d32-f24e3556fe73	2082188	0.9743385285074828	high	Sphingobium sp. YG1	Bacteria
79be55d2-4b3a-4a96-be2e-e5e8150f0d88	2082188	0.9142609379828218	high	Sphingobium sp. YG1	Bacteria
df73b465-4550-424f-94b2-4ceb0160bf81	2082188	0.9926769286845174	high	Sphingobium sp. YG1	Bacteria
198e3ac0-e17c-4398-b041-50e736862f7d	2082188	0.8472599342670828	high	Sphingobium sp. YG1	Bacteria
d62dee02-8da8-4362-8474-b8e06d426316	2082188	0.8472599342670823	high	Sphingobium sp. YG1	Bacteria
65215466-99dc-4650-8d3c-49115f85bfcc	2082188	0.8472599342670823	high	Sphingobium sp. YG1	Bacteria
66c3e752-a8eb-4f01-ab93-50d572018adb	2082188	0.8472599342670828	high	Sphingobium sp. YG1	Bacteria
77be07d8-cb3a-4a37-af01-6720ed619769	2082188	0.8472599342670823	high	Sphingobium sp. YG1	Bacteria
d8e959c9-8a4f-4302-bd9a-0ddff7bcd590	2082188	0.9139474616617812	high	Sphingobium sp. YG1	Bacteria
e25e951e-b0ae-4b51-944c-791cf76b7932	2082188	0.8472599342670828	high	Sphingobium sp. YG1	Bacteria
9f9cff7a-fba9-446a-9a16-51759326d6f1	2082188	0.8472599342670831	high	Sphingobium sp. YG1	Bacteria
a7a02def-4933-470f-b707-7df176dcc493	2082188	0.8472599342670828	high	Sphingobium sp. YG1	Bacteria
b2442b74-18c4-4d4e-9173-778e5c41db93	2082188	0.8472599342670828	high	Sphingobium sp. YG1	Bacteria
bbfff32d-1e14-4c92-a812-58edf62b9ed3	2082188	0.9140534861456516	high	Sphingobium sp. YG1	Bacteria
2043a68d-4b84-4f71-9d74-a9535bbce83e	2082188	0.8472599342670828	high	Sphingobium sp. YG1	Bacteria
65511f52-84ff-447c-acde-bd4ce7ab7996	2082188	0.8472599342670833	high	Sphingobium sp. YG1	Bacteria
8436b208-6427-405d-92b1-b77145c8bfdb	2082188	0.8472599342670828	high	Sphingobium sp. YG1	Bacteria
e7b1eba0-4496-49fd-a3f5-01ee0926ece5	2082188	0.8472599342670831	high	Sphingobium sp. YG1	Bacteria
b090d298-fb5b-462a-9d0c-dfa86dc98c32	2082188	0.8472599342670828	high	Sphingobium sp. YG1	Bacteria
72df5e63-8043-48ef-a33d-c00c93a4f3e1	2082188	0.8472599342670828	high	Sphingobium sp. YG1	Bacteria
998e9881-3a65-466e-bc0a-6610b259a146	2082188	0.9140537906703338	high	Sphingobium sp. YG1	Bacteria
56cb961e-6521-418c-8d01-101a7223965d	2082188	0.9140536890189428	high	Sphingobium sp. YG1	Bacteria
c687b242-acd3-4373-b7f5-28500e26cbe5	2082188	0.8472599342670828	high	Sphingobium sp. YG1	Bacteria
e2c951b0-a9fc-4cb9-9302-676d85c89f90	2082188	0.8472599342670828	high	Sphingobium sp. YG1	Bacteria
d558627e-5254-4d2e-a566-91f8d7144428	2082188	0.8472599342670828	high	Sphingobium sp. YG1	Bacteria
f6a5d22e-6dd6-489b-a263-fb6170c3d3e4	2082188	0.8472599342670828	high	Sphingobium sp. YG1	Bacteria
9e7a272e-2a89-482f-9d4f-dc47d55af44c	2082188	0.8472599342670828	high	Sphingobium sp. YG1	Bacteria
53ccb1c9-9912-49c5-ae7f-8edf1ca8cd0f	2082188	0.8472599342670828	high	Sphingobium sp. YG1	Bacteria
abc1fb0f-2158-4a13-8729-395609066d5d	2082188	0.8472599342670823	high	Sphingobium sp. YG1	Bacteria
f3b709d7-ba5d-412d-801b-ae27800f269b	2082188	0.8472599342670828	high	Sphingobium sp. YG1	Bacteria
0be214c1-41e5-487a-87e2-1de65805ad08	2082188	0.8472599342670828	high	Sphingobium sp. YG1	Bacteria
b7602c4c-fbec-4675-908b-a35e9ce3e478	2082188	0.8472599342670828	high	Sphingobium sp. YG1	Bacteria
cdbcd4e1-695e-4acd-96ed-9a4af3ff174f	2082188	0.8472599342670828	high	Sphingobium sp. YG1	Bacteria
8f0f0d19-dba1-4862-b89b-10f57d54d509	2082188	0.8472599342670827	high	Sphingobium sp. YG1	Bacteria
c7f78f69-8404-47c8-8297-544a2746f01f	2082188	0.8472599342670828	high	Sphingobium sp. YG1	Bacteria
8201fc44-19d6-4f3b-87a0-8c65b5390be2	2082188	0.8472599342670828	high	Sphingobium sp. YG1	Bacteria
c757bfa6-4924-446b-bf05-5c77527f2283	2082188	0.8472599342670828	high	Sphingobium sp. YG1	Bacteria
e077452d-f21a-416b-a60d-7962620f4d6e	2082188	0.8472599342670828	high	Sphingobium sp. YG1	Bacteria
b452395c-14b4-41d8-a191-af2c0ea87e90	2082188	0.8472599342670828	high	Sphingobium sp. YG1	Bacteria
a43a4868-47d2-4033-b7df-d996cd0c3981	2082188	0.8472599342670828	high	Sphingobium sp. YG1	Bacteria
16828b8a-b7e6-4553-b3a9-b049c862aa65	2082188	0.8472599342670827	high	Sphingobium sp. YG1	Bacteria
fbf66207-3416-4d10-94ea-4bf4aeb375db	2082188	0.8472599342670833	high	Sphingobium sp. YG1	Bacteria
395c76bb-3122-4b1e-a3ec-703427816631	2082188	0.8472599342670828	high	Sphingobium sp. YG1	Bacteria
7c7799da-cd04-426c-b210-93927c8f0fab	2082188	0.8472599342670828	high	Sphingobium sp. YG1	Bacteria
86bd7a83-50da-46f2-85d7-372b266b7cb6	2082188	0.8472599342670828	high	Sphingobium sp. YG1	Bacteria
26a95b2c-47af-42e1-bdf4-94df3f3eae6a	2082188	0.8472599342670828	high	Sphingobium sp. YG1	Bacteria
85ad9ddb-aa39-4c1b-ab2e-e11eb1ddc803	2082188	0.8472599342670828	high	Sphingobium sp. YG1	Bacteria
fcea9a2e-bf2e-4e9a-812a-479c90010938	2082188	0.8472599342670833	high	Sphingobium sp. YG1	Bacteria
83732fde-ba96-4ff7-9e89-5eff26e8c1a3	2082188	0.8472599342670828	high	Sphingobium sp. YG1	Bacteria
4864ed35-98ef-4917-866b-6b939d2ee300	2082188	0.8472599342670828	high	Sphingobium sp. YG1	Bacteria
13f355a2-2999-4420-b367-c9f50011bba2	2082188	0.8472599342670828	high	Sphingobium sp. YG1	Bacteria
d0b03c0b-2e3f-4e26-bcbf-cfb1912999f4	2082188	0.8472599342670828	high	Sphingobium sp. YG1	Bacteria
dab5e22e-5879-4441-8b3b-7ad504da63f1	2082188	0.8472599342670828	high	Sphingobium sp. YG1	Bacteria
f31d54eb-b154-4112-9c35-edbd65c33f9d	2082188	0.8472599342670827	high	Sphingobium sp. YG1	Bacteria
4a2aeafb-c4e5-467c-ba8d-89a5c98e57ff	2082188	0.8472599342670828	high	Sphingobium sp. YG1	Bacteria
e5ecea2a-dd39-4d93-be8d-e78f8b085147	2082188	0.8472599342670828	high	Sphingobium sp. YG1	Bacteria
8cad6261-7494-4637-b6b3-f1b34c051929	2082188	0.8472599342670823	high	Sphingobium sp. YG1	Bacteria
d4f7042c-1faa-4920-8a29-ae11d9a891c0	2082188	0.8472599342670828	high	Sphingobium sp. YG1	Bacteria
0eb9cc0e-aff4-4b27-a947-836486a0314e	2082188	0.847259934267083	high	Sphingobium sp. YG1	Bacteria
14dba4a8-d868-43d2-a42b-f91a62afa24b	2082188	0.8472599342670833	high	Sphingobium sp. YG1	Bacteria
dd6a1de1-0b81-4597-b748-1ead0de86f91	2082188	0.8472599342670828	high	Sphingobium sp. YG1	Bacteria
704f809d-6a85-4703-a0bd-09f7635bcd32	2082188	0.8472599342670828	high	Sphingobium sp. YG1	Bacteria
ca653e2f-6682-44a3-9ead-ec89eaa1600b	2082188	0.8472599342670828	high	Sphingobium sp. YG1	Bacteria
89f1c9d1-2159-484e-bf3c-907019a5723b	2082188	0.8472599342670828	high	Sphingobium sp. YG1	Bacteria
6d050bdd-b06d-4a3b-99ba-fa54d6ab0bca	2082188	0.8472599342670828	high	Sphingobium sp. YG1	Bacteria
d635c875-422e-459c-877b-feb079bbb10c	2082188	0.8472599342670828	high	Sphingobium sp. YG1	Bacteria
4f3ed3f9-56fa-40a5-ba24-845b74adb927	2082188	0.8472599342670828	high	Sphingobium sp. YG1	Bacteria
6f98a3d9-9ed5-4136-aece-09978f247d1f	2082188	0.8472599342670823	high	Sphingobium sp. YG1	Bacteria
6775a61b-265f-4525-8a21-5f8befc97bbc	2082188	0.8472599342670828	high	Sphingobium sp. YG1	Bacteria
1c53bd82-af8b-43b1-99d4-01ecbed20580	2082188	0.8472599342670842	high	Sphingobium sp. YG1	Bacteria
9d22fad3-4bfa-40c5-85eb-66425c348c5e	2082188	0.8472599342670823	high	Sphingobium sp. YG1	Bacteria
e9284674-637b-4153-a86a-4de0afaf28a6	2082188	0.8472599342670828	high	Sphingobium sp. YG1	Bacteria
ad302230-cfd4-4f1a-8479-5ef1034b2d1f	2082188	0.8472599342670828	high	Sphingobium sp. YG1	Bacteria
5c510212-66b3-47df-8f57-27d9133d914b	2082188	0.8472599342670828	high	Sphingobium sp. YG1	Bacteria
bb60c416-088e-4b55-9cc2-e4b5d5601e86	2082188	0.8472599342670842	high	Sphingobium sp. YG1	Bacteria
c80fb8e0-0108-41b6-a6fc-2c0e68ade41d	2082188	0.8472599342670828	high	Sphingobium sp. YG1	Bacteria
9c6555d2-4012-4329-8054-bac0ef8289f0	2082188	0.8472599342670828	high	Sphingobium sp. YG1	Bacteria
55564b34-9ed2-4927-9300-803cf07ca6ba	2082188	0.8472599342670828	high	Sphingobium sp. YG1	Bacteria
731bfb65-3f71-4d96-b7cc-883fd22d5ad6	2082188	0.8472599342670828	high	Sphingobium sp. YG1	Bacteria
cf454846-694f-456a-8df9-c36c9f455640	2082188	0.8472599342670828	high	Sphingobium sp. YG1	Bacteria
9c80b106-e6ff-483c-8fc2-51898282307b	2082188	0.8472599342670833	high	Sphingobium sp. YG1	Bacteria
ca7b1ed5-631e-4cf8-b0d6-c0f05e8d57bb	2082188	0.847259934267083	high	Sphingobium sp. YG1	Bacteria
6c5abe0c-2d08-4aa9-81b7-477b6ea1523b	2082188	0.8472599342670828	high	Sphingobium sp. YG1	Bacteria
53be8c2e-cf62-4061-a287-d10c4348e92e	2082188	0.8472599342670828	high	Sphingobium sp. YG1	Bacteria
ce838e4e-abda-45f5-99bb-0101ed4e6714	2082188	0.8472599342670828	high	Sphingobium sp. YG1	Bacteria
bb5ff5b3-1251-484b-bc8d-57895cd8cc87	2082188	0.8472599342670828	high	Sphingobium sp. YG1	Bacteria
11542eb1-8fa5-40bc-915a-c1b0261d4b8b	2082188	0.8472599342670828	high	Sphingobium sp. YG1	Bacteria
d1cb95dc-1e69-4716-bc30-eac424458e75	2082188	0.8472599342670827	high	Sphingobium sp. YG1	Bacteria
25c09a89-9585-4b9e-b044-a9b08f235eea	2082188	0.8472599342670828	high	Sphingobium sp. YG1	Bacteria
37c171d5-7ade-435b-bcec-d170f65bc1a6	2082188	0.8472599342670828	high	Sphingobium sp. YG1	Bacteria
8f635aae-9b4b-46de-b0ad-f0b3eafadad2	2082188	0.8472599342670828	high	Sphingobium sp. YG1	Bacteria
8ab773d1-e4a8-4318-a81d-1a97be03df62	2082188	0.8472599342670828	high	Sphingobium sp. YG1	Bacteria
cacc34be-d714-4663-908c-8bbb7167d792	2082188	0.8472599342670828	high	Sphingobium sp. YG1	Bacteria
374d41ee-90f5-41a1-a52d-d39615c448ce	2082188	0.8472599342670842	high	Sphingobium sp. YG1	Bacteria
eaa64acd-6235-4fa7-ab76-cd05cc92b697	2082188	0.8472599342670828	high	Sphingobium sp. YG1	Bacteria
eef9ae3c-a812-4638-8a2c-69366213fc21	2082188	0.8472599342670842	high	Sphingobium sp. YG1	Bacteria
e45bf69f-a3f3-4764-9bab-f4fe84060e35	2082188	0.8472599342670828	high	Sphingobium sp. YG1	Bacteria
944128ea-cbfe-46ec-aa74-77424a60d67d	2082188	0.953250350090239	high	Sphingobium sp. YG1	Bacteria
b91bcf72-1de1-4b81-978f-dd66d33c897c	2082188	0.8472599342670828	high	Sphingobium sp. YG1	Bacteria
ba22aa7e-981b-40cf-a12f-d1bf9fc48fd8	2082188	0.8472599342670828	high	Sphingobium sp. YG1	Bacteria
f6f560da-80be-48f5-8128-6409887f5028	2082188	0.8472599342670828	high	Sphingobium sp. YG1	Bacteria
a00b76eb-eb57-4405-a896-e4ae9f47e21d	2082188	0.8472599342670828	high	Sphingobium sp. YG1	Bacteria
7ea228e1-a225-4a32-b90b-bf9c7c71ed0e	2082188	0.8472599342670828	high	Sphingobium sp. YG1	Bacteria
92e5e1e8-ef3a-473f-8cec-47c1d2d18585	2082188	0.8472599342670823	high	Sphingobium sp. YG1	Bacteria
2439bca0-f6a7-482f-9c18-fdf52c785d65	2082188	0.8472599342670828	high	Sphingobium sp. YG1	Bacteria
8db8a0c9-e1af-4a2f-a548-cbd74251683c	2082188	0.8472599342670828	high	Sphingobium sp. YG1	Bacteria
96e0b599-dec2-4966-b59f-783f5c25e3a1	2082188	0.8472599342670828	high	Sphingobium sp. YG1	Bacteria
3f80ebca-5aa4-4463-95e9-00cd7cb7138f	2082188	0.8472599342670828	high	Sphingobium sp. YG1	Bacteria
78abc82f-7cde-40b0-9e1a-f9245d43ceaf	2082188	0.8472599342670823	high	Sphingobium sp. YG1	Bacteria
799de70d-7666-41d1-9403-93bde51f3c20	2082188	0.8472599342670828	high	Sphingobium sp. YG1	Bacteria
b5f68fbc-6902-4a1a-922c-c2f290e761ea	2082188	0.8472599342670827	high	Sphingobium sp. YG1	Bacteria
4dd9c7a8-9184-42ee-8263-d3740b437986	2082188	0.8472599342670828	high	Sphingobium sp. YG1	Bacteria
7a8a9426-5af3-49e8-80c9-e1794babb7e2	2082188	0.8472599342670828	high	Sphingobium sp. YG1	Bacteria
31623d95-f2eb-4fa7-bb8a-6a6b06ac8e91	2082188	0.8472599342670828	high	Sphingobium sp. YG1	Bacteria
97f9b9b4-be95-4a54-8709-a42c146b5f6a	2082188	0.8472599342670828	high	Sphingobium sp. YG1	Bacteria
1bee3d0c-31a2-4799-80d4-acf07a5ba30a	2082188	0.8472599342670828	high	Sphingobium sp. YG1	Bacteria
cc895d02-dc6f-48f3-bb14-66ab391addd8	2082188	0.8472599342670827	high	Sphingobium sp. YG1	Bacteria
44af57ed-a36a-4d8c-a556-adc9bff733c1	2082188	0.8472599342670828	high	Sphingobium sp. YG1	Bacteria
07f5afb5-1344-4028-a570-3a3679a657ab	2082188	0.8472599342670828	high	Sphingobium sp. YG1	Bacteria
4a958f87-f2e2-473b-9557-03ccd9b0f110	2082188	0.8472599342670828	high	Sphingobium sp. YG1	Bacteria
c386a0c0-20dc-4253-a87c-d6ab013bcbab	2082188	0.8472599342670828	high	Sphingobium sp. YG1	Bacteria
f223c6cd-ea0b-4b5c-b02d-6b46f7330fbd	2082188	0.8472599342670828	high	Sphingobium sp. YG1	Bacteria
0b7c2a71-79c9-4e79-96c6-1bb7632483ae	2082188	0.8472599342670828	high	Sphingobium sp. YG1	Bacteria
8b16eb54-943f-4220-9863-8a57cc222963	2082188	0.8472599342670828	high	Sphingobium sp. YG1	Bacteria
683daae1-e029-4f57-bca5-2cf4f6f13600	2082188	0.8472599342670823	high	Sphingobium sp. YG1	Bacteria
c1be58ab-4243-42b5-b99c-58f165858435	2082188	0.8472599342670828	high	Sphingobium sp. YG1	Bacteria
22845432-1514-4a7b-8566-51fecac59d4b	2082188	0.8472599342670828	high	Sphingobium sp. YG1	Bacteria
26d1304a-e70e-443c-87b3-2702637e8980	2082188	0.8472599342670828	high	Sphingobium sp. YG1	Bacteria
68ca56c3-214c-410a-91f5-22da1f8bc2f5	2082188	0.8472599342670828	high	Sphingobium sp. YG1	Bacteria
7ba25757-be87-4c8c-8987-dffeeb3d45cb	2082188	0.8472599342670828	high	Sphingobium sp. YG1	Bacteria
f1cd3958-0f0d-499b-8503-f98014041483	2082188	0.8472599342670827	high	Sphingobium sp. YG1	Bacteria
94a7c09d-7cc9-4f1a-8dd8-f1782f5fbdc0	2082188	0.8472599342670827	high	Sphingobium sp. YG1	Bacteria
a4b56239-3c7b-427e-b75f-641fb900327e	2082188	0.8472599342670828	high	Sphingobium sp. YG1	Bacteria
7145442f-86a7-41e3-8ebb-69d347d6800f	2082188	0.8472599342670828	high	Sphingobium sp. YG1	Bacteria
4199d7fd-3e6d-469c-bf54-25a83a2959b7	2082188	0.8472599342670828	high	Sphingobium sp. YG1	Bacteria
0b8c8db1-b053-4eb2-bcb0-5baeec5cb868	2082188	0.8472599342670828	high	Sphingobium sp. YG1	Bacteria
59d143ec-112b-441c-b763-d9871db7f462	2082188	0.8472599342670828	high	Sphingobium sp. YG1	Bacteria
7ad16dd3-bca2-4eab-bc1f-1a5eaa41636f	2082188	0.9926770183213586	high	Sphingobium sp. YG1	Bacteria
aae01151-cd6f-47d5-96ee-f65d2439afa9	2082188	0.8472599342670828	high	Sphingobium sp. YG1	Bacteria
8bd1ca7c-6d26-4fc0-8ba0-5ddce1bd6f0b	2082188	0.8472599342670828	high	Sphingobium sp. YG1	Bacteria
3f21afee-2546-4bc3-b3a1-c80cba704a7a	2082188	0.8472599342670828	high	Sphingobium sp. YG1	Bacteria
ec3ecf2e-3673-4d94-8300-07daedbf2875	2082188	0.9143737311129804	high	Sphingobium sp. YG1	Bacteria
67313e5a-9de4-4fd5-b89f-80a16665241c	2082188	0.8472599342670827	high	Sphingobium sp. YG1	Bacteria
82be3767-c595-432d-ada7-23aabd3e06b7	2082188	0.8472599342670828	high	Sphingobium sp. YG1	Bacteria
9c4918b4-69b8-4046-80a5-0bc0f5d37467	2082188	0.8472599342670828	high	Sphingobium sp. YG1	Bacteria
f70e3ddd-742b-4e5f-95ba-4d566fd99c3a	2082188	0.8472599342670828	high	Sphingobium sp. YG1	Bacteria
328d46c7-8cec-41a3-92bd-771dff99d4bc	2082188	0.8472599342670828	high	Sphingobium sp. YG1	Bacteria
22f5a2f9-ff4e-4f61-be9e-7e5f9e4d79a6	2082188	0.8472599342670828	high	Sphingobium sp. YG1	Bacteria
be59d9a2-c33e-4c56-80b1-78d3bb559fde	2082188	0.8472599342670827	high	Sphingobium sp. YG1	Bacteria
a2f463d3-f3fb-4f82-ab25-37d8a1889992	2082188	0.8472599342670828	high	Sphingobium sp. YG1	Bacteria
67f4f6a5-ec73-4d87-a80b-b8884eecae16	2082188	0.8472599342670833	high	Sphingobium sp. YG1	Bacteria
5fe41f3b-3b54-4c46-8c1d-8339f5b776ed	2082188	0.8472599342670828	high	Sphingobium sp. YG1	Bacteria
502af2d2-5e34-4046-9527-f803943025e4	2082188	0.8472599342670828	high	Sphingobium sp. YG1	Bacteria
59311e81-d824-4255-957f-0a0f7fdebd98	2082188	0.8472599342670828	high	Sphingobium sp. YG1	Bacteria
b6dc8518-2ea9-465e-b55d-12645c77869a	2082188	0.8472599342670823	high	Sphingobium sp. YG1	Bacteria
dc2ef670-c4e9-4ffe-85df-0be275e40000	2082188	0.8472599342670828	high	Sphingobium sp. YG1	Bacteria
18ff0d44-e55b-4561-a86e-7c70724bc1c2	2082188	0.8472599342670828	high	Sphingobium sp. YG1	Bacteria
b9c2cddc-6e8d-4879-b7a8-0253299dba33	2082188	0.8472599342670828	high	Sphingobium sp. YG1	Bacteria
0d059fc1-539b-496f-9f11-b0b0e63e9a86	2082188	0.8472599342670823	high	Sphingobium sp. YG1	Bacteria
29042c4e-0480-4e6c-b8ec-c779ca73099f	2082188	0.8472599342670828	high	Sphingobium sp. YG1	Bacteria
f8e0a351-0898-40ba-a4cd-2d51524fab85	2082188	0.8472599342670828	high	Sphingobium sp. YG1	Bacteria
835b08eb-7e37-41f2-8b92-3cfd07255795	2082188	0.8472599342670828	high	Sphingobium sp. YG1	Bacteria
65a78140-caff-4eee-b70a-326399109e7d	2082188	0.8472599342670828	high	Sphingobium sp. YG1	Bacteria
afc14afb-794d-43c6-ae7b-cd5a471230cc	2082188	0.8472599342670828	high	Sphingobium sp. YG1	Bacteria
9b93ed4b-b95a-4ce5-96ca-d717b990ffce	2082188	0.8472599342670828	high	Sphingobium sp. YG1	Bacteria
ad1ee3f9-ac78-4ef8-9b52-4cd8235ae5c8	2082188	0.8472599342670823	high	Sphingobium sp. YG1	Bacteria
2e12cb85-5130-4d42-af6c-4252c412d5c5	2082188	0.8472599342670828	high	Sphingobium sp. YG1	Bacteria
2ea079a1-609b-4d70-9066-0ccd0b1567ee	2082188	0.8472599342670833	high	Sphingobium sp. YG1	Bacteria
fbf08ed3-3751-4593-b003-b1e9ff9230fa	2082188	0.8472599342670828	high	Sphingobium sp. YG1	Bacteria
97c82fe1-d4bb-4d36-b68f-b438b4091c0f	2082188	0.8472599342670828	high	Sphingobium sp. YG1	Bacteria
a84dc3bb-6a0d-4a9e-9a52-3599bea3c382	2082188	0.8472599342670828	high	Sphingobium sp. YG1	Bacteria
9fe170ea-a629-4c38-8581-09c6e0483358	2082188	0.8472599342670828	high	Sphingobium sp. YG1	Bacteria
94ee83ea-2132-4e88-b598-60c47a7b9a65	2082188	0.8472599342670828	high	Sphingobium sp. YG1	Bacteria
72844959-34c4-4945-999b-f8e7e4e21160	2082188	0.8472599342670828	high	Sphingobium sp. YG1	Bacteria
fc59c6a3-c24a-488f-a4e8-bda8deb419ab	2082188	0.8472599342670833	high	Sphingobium sp. YG1	Bacteria
f51e5757-bb62-417e-8bf3-1129a6b1ca34	2082188	0.8472599342670828	high	Sphingobium sp. YG1	Bacteria
13bdc9df-3cfc-4fb8-8bbf-150ccca41273	2082188	0.8472599342670828	high	Sphingobium sp. YG1	Bacteria
e98ea933-8768-442b-855e-b21e83c04031	2082188	0.847259934267083	high	Sphingobium sp. YG1	Bacteria
129bc53d-0532-4f9d-97a6-8d5839b87a09	2082188	0.8472599342670828	high	Sphingobium sp. YG1	Bacteria
38976457-b1eb-4b65-93e1-16046e125a03	2082188	0.8472599342670828	high	Sphingobium sp. YG1	Bacteria
4d51e9ff-f324-4233-bbd3-f4ea22dbd898	2082188	0.8472599342670828	high	Sphingobium sp. YG1	Bacteria
4cfeec92-29f6-4f6d-ab62-fe8b5b9754ca	2082188	0.8472599342670833	high	Sphingobium sp. YG1	Bacteria
e2d099f9-b090-47e5-9c23-10c22ee4801b	2082188	0.8472599342670828	high	Sphingobium sp. YG1	Bacteria
fd08e154-ec34-4740-ba4b-b3d0e4ff48ef	2082188	0.8472599342670823	high	Sphingobium sp. YG1	Bacteria
66f6f0eb-f1e3-490e-a028-a19f4117f828	2082188	0.8472599342670828	high	Sphingobium sp. YG1	Bacteria
98b609a6-0b33-4ea5-bdb1-00062c55cbcb	2082188	0.8472599342670828	high	Sphingobium sp. YG1	Bacteria
5c246691-86d5-4952-84f9-76b0d6933bab	2082188	0.8472599342670823	high	Sphingobium sp. YG1	Bacteria
356a1a04-aca7-4a95-98a8-f9ab65af4ef0	2082188	0.8472599342670828	high	Sphingobium sp. YG1	Bacteria
d651ee7f-997a-4d46-b01a-0f0261468e59	2082188	0.8472599342670828	high	Sphingobium sp. YG1	Bacteria
5f436841-6dc8-44eb-94c1-b8df80290089	2082188	0.8472599342670833	high	Sphingobium sp. YG1	Bacteria
c7775ea5-ccdc-480a-ad06-eaa264691622	2082188	0.8472599342670828	high	Sphingobium sp. YG1	Bacteria
9210defc-16a0-4e13-bb0b-bf021158b34e	2082188	0.8472599342670833	high	Sphingobium sp. YG1	Bacteria
88bc78c2-05fa-4569-a7a5-2a26c3658785	2082188	0.8472599342670827	high	Sphingobium sp. YG1	Bacteria
499ce777-7354-4774-92d5-3b81ddbae7fc	2082188	0.9140541987146228	high	Sphingobium sp. YG1	Bacteria
f5d1c5d3-437e-4fd3-84ef-4c06df007be8	1007511	0.8273838875538083	high	Sphingobium limneticum	Bacteria
38f0d23e-25b2-4f75-a1d3-9899d7f156ae	2082188	0.8472599342670828	high	Sphingobium sp. YG1	Bacteria
6dd5a4ce-be0f-4ca1-8caf-144f5af36664	2082188	0.8472599342670828	high	Sphingobium sp. YG1	Bacteria
9f4d9721-9a0b-40a2-bad9-8e258ddb809a	2082188	0.8472599342670828	high	Sphingobium sp. YG1	Bacteria
53d3a23e-3db2-4360-9419-60a273632efb	2082188	0.8472599342670828	high	Sphingobium sp. YG1	Bacteria
dcec5721-97b8-4729-b646-d6c29740514c	2082188	0.8472599342670828	high	Sphingobium sp. YG1	Bacteria
4535e7bf-ed53-465a-8ba9-7305d04641ca	2082188	0.8472599342670828	high	Sphingobium sp. YG1	Bacteria
cc3ad841-513b-4285-ae9f-0b2319dd6085	2082188	0.8472599342670828	high	Sphingobium sp. YG1	Bacteria
c7e0f6f9-d31d-4408-95d3-97ac9bb0b0b5	2082188	0.8472599342670828	high	Sphingobium sp. YG1	Bacteria
7311c9ef-ee45-4f19-bb69-aff45bc7497c	2082188	0.8472599342670828	high	Sphingobium sp. YG1	Bacteria
c5f41161-431b-4cde-9935-803c905b9bf7	2082188	0.8472599342670828	high	Sphingobium sp. YG1	Bacteria
bee7c9df-09cd-49df-9797-f14e96f05256	2082188	0.8472599342670828	high	Sphingobium sp. YG1	Bacteria
2480dcd1-b753-44f3-9a9c-d52f3689a216	2082188	0.8472599342670828	high	Sphingobium sp. YG1	Bacteria
074e6a55-c816-48c1-9ff5-13c5882d7d14	1007511	0.90103152871753	high	Sphingobium limneticum	Bacteria
1edd9465-37dc-4336-ba00-7fae5f5292d1	2082188	0.8472599342670828	high	Sphingobium sp. YG1	Bacteria
3afc310d-b6c2-4140-bdfd-e4c0fe48b496	2082188	0.8472599342670831	high	Sphingobium sp. YG1	Bacteria
6952cb80-af47-408b-a99d-c2fb40cdd4b8	2082188	0.8472599342670828	high	Sphingobium sp. YG1	Bacteria
ac8d6f42-29fe-4d54-aabb-00213703fb54	2082188	0.8472599342670828	high	Sphingobium sp. YG1	Bacteria
7da07db1-6d6e-4e8b-aec5-b500e3534805	2082188	0.847259934267083	high	Sphingobium sp. YG1	Bacteria
6576747e-bee6-4f00-9da6-184ab55cdcac	2082188	0.8472599342670828	high	Sphingobium sp. YG1	Bacteria
c162d195-8140-4849-877f-e9c60820d635	2082188	0.8472599342670828	high	Sphingobium sp. YG1	Bacteria
e9d5b370-dbc4-49ab-8075-16934ea6ac3c	2082188	0.8472599342670828	high	Sphingobium sp. YG1	Bacteria
a72bb459-4f5b-43a6-b8c4-7e46852a1abd	2082188	0.8472599342670828	high	Sphingobium sp. YG1	Bacteria
69869466-5adc-4558-9052-70d6392f9f5d	2082188	0.8472599342670828	high	Sphingobium sp. YG1	Bacteria
fb47631a-acfb-47b9-91c0-d4150893aba7	2082188	0.8472599342670828	high	Sphingobium sp. YG1	Bacteria
7d099312-786f-4305-95ab-e82732ac5d02	2082188	0.8472599342670828	high	Sphingobium sp. YG1	Bacteria
dd9a6ccf-3bff-4772-9433-a4b15ea81945	2082188	0.8472599342670823	high	Sphingobium sp. YG1	Bacteria
089c845d-9a11-4f00-a449-73e30b5cb089	2082188	0.8472599342670828	high	Sphingobium sp. YG1	Bacteria
4292f441-b8a5-4808-b18a-72bb7f7a72d9	2082188	0.8472599342670828	high	Sphingobium sp. YG1	Bacteria
750c89a9-2b50-47ed-a642-cf7da035b856	1007511	0.9999826535937172	high	Sphingobium limneticum	Bacteria
e4372b4d-aca0-4111-a327-c7c9c2742456	2082188	0.8472599342670828	high	Sphingobium sp. YG1	Bacteria
7cfc070d-af87-4ebc-bf59-7e67e75512fa	2082188	0.8472599342670828	high	Sphingobium sp. YG1	Bacteria
6444b0f0-07ad-4b75-823c-befd74b72dd8	2082188	0.8472599342670828	high	Sphingobium sp. YG1	Bacteria
50934740-5a68-4fd8-adf8-3a6c74652aa8	2082188	0.8472599342670833	high	Sphingobium sp. YG1	Bacteria
7c93842b-0e91-4b62-972e-16c18f589669	2082188	0.9140145168599864	high	Sphingobium sp. YG1	Bacteria
d7f5b3dd-67b8-4817-9ed1-96cd176524fe	2082188	0.8472599342670828	high	Sphingobium sp. YG1	Bacteria
a8e6743d-60ce-4183-a6b9-45df919bc3b7	2082188	0.8472599342670828	high	Sphingobium sp. YG1	Bacteria
c8eab471-e54f-4f5f-a22f-c1ece3155de0	2082188	0.9143411294644642	high	Sphingobium sp. YG1	Bacteria
afa7633a-b290-4a25-a469-4be9ea907753	2082188	0.8472599342670828	high	Sphingobium sp. YG1	Bacteria
7d1ed7a6-e645-4b0c-bb2e-4ede2ed65f3c	2082188	0.8472599342670828	high	Sphingobium sp. YG1	Bacteria
371a1393-0408-48a4-9d88-71e8d6b1d47a	2082188	0.8472599342670823	high	Sphingobium sp. YG1	Bacteria
61a07a8c-4168-414b-b8f0-e5c93f9c1bb1	2082188	0.8472599342670833	high	Sphingobium sp. YG1	Bacteria
a33613f3-c6b6-4a25-a3b0-5180dfae146a	2082188	0.8472599342670828	high	Sphingobium sp. YG1	Bacteria
5813194b-a23d-445f-91d5-c9b05a206182	2082188	0.8472599342670828	high	Sphingobium sp. YG1	Bacteria
b88f84af-7d0b-4cac-bed2-2f6ba9bcae83	2082188	0.8472599342670828	high	Sphingobium sp. YG1	Bacteria
b7b90f40-60fc-4a7c-b0f1-48c5a2d82dd7	2082188	0.9743371474367398	high	Sphingobium sp. YG1	Bacteria
e442f29b-6ec6-49a8-8572-d2eaaee436c1	2082188	0.8472599342670828	high	Sphingobium sp. YG1	Bacteria
28bd5b9d-344a-4dd5-932a-c9ffb1251d40	2082188	0.8472599342670828	high	Sphingobium sp. YG1	Bacteria
5d5219a9-00d3-49f7-81ba-ead410cbdffe	2082188	0.8472599342670828	high	Sphingobium sp. YG1	Bacteria
3e25936e-0674-4263-bee4-392c7ce35cbd	2082188	0.847259934267083	high	Sphingobium sp. YG1	Bacteria
baa5bc2d-122b-44fb-bd7c-a6e4e9e64db1	2082188	0.8472599342670823	high	Sphingobium sp. YG1	Bacteria
5ab06190-e30e-441d-bfb4-53189e1f72cc	2082188	0.8472599342670828	high	Sphingobium sp. YG1	Bacteria
617047d0-e133-4859-b442-b088d88bb0bf	2082188	0.8472599342670823	high	Sphingobium sp. YG1	Bacteria
eb834107-51a4-468e-82bd-2eedc4db96f1	2082188	0.8472599342670828	high	Sphingobium sp. YG1	Bacteria
62faa0ff-5087-4b11-9b56-03febdf9cb68	2082188	0.8472599342670828	high	Sphingobium sp. YG1	Bacteria
b1d706af-ae4e-472e-8adf-615359b2cf8b	2082188	0.8472599342670828	high	Sphingobium sp. YG1	Bacteria
54fe7039-da4b-4107-b6c8-e1b6fcf26790	2082188	0.8472599342670828	high	Sphingobium sp. YG1	Bacteria
2bdd5014-8945-4ac9-b5b6-0dc9f9355dde	2082188	0.8472599342670828	high	Sphingobium sp. YG1	Bacteria
7731a000-f979-419f-878a-4437b5d6c8e1	2082188	0.8472599342670828	high	Sphingobium sp. YG1	Bacteria
48975367-695b-475a-ae58-25e909d2d6fe	2082188	0.8472599342670828	high	Sphingobium sp. YG1	Bacteria
434fb9a9-718f-4a5e-849d-dd562df746be	2082188	0.8472599342670828	high	Sphingobium sp. YG1	Bacteria
f706e90f-5188-48cb-8a64-b2675da1da5a	2082188	0.8472599342670828	high	Sphingobium sp. YG1	Bacteria
0d5f143a-e8b4-496a-b45a-e3f8fe71a53d	2082188	0.8472599342670823	high	Sphingobium sp. YG1	Bacteria
6de72efb-b952-48c6-bece-aea9eda15449	2082188	0.8472599342670828	high	Sphingobium sp. YG1	Bacteria
3d134167-3145-4aa0-8104-9fe24d164bfc	3231720	0.6009240590345771	medium	Acinetobacter sp. FL	Bacteria
ab4238eb-c0e9-400f-a47c-8681b25c1f07	3231720	0.6009240590345767	medium	Acinetobacter sp. FL	Bacteria
829bfc35-3369-4c76-8c7d-2729652fde5e	3231720	0.6009240590345771	medium	Acinetobacter sp. FL	Bacteria
a6740f07-7465-4541-bbbb-6c3315dec7d2	3231720	0.6009240590345784	medium	Acinetobacter sp. FL	Bacteria
69e9a343-3ef6-4a2f-9dec-a35d317e7030	3231720	0.8467354103303008	high	Acinetobacter sp. FL	Bacteria
7e98c9e2-8db4-4f32-bc44-d777e16d6688	3231720	0.8467357264571524	high	Acinetobacter sp. FL	Bacteria
ea1a50f7-8e21-4abd-aea6-5ffc8e305d5f	3231720	0.6009240590345767	medium	Acinetobacter sp. FL	Bacteria
5e7cb022-9cb2-4b70-9c6b-8d6f3a9a2588	3231720	0.6009240590345771	medium	Acinetobacter sp. FL	Bacteria
b56efd09-98ab-4442-b968-dd3bdd7e56cb	3231720	0.8467357264571524	high	Acinetobacter sp. FL	Bacteria
de33638b-c3ff-4dfb-8844-102810a0bf2b	3231720	0.6009240590345767	medium	Acinetobacter sp. FL	Bacteria
40d0ee2e-87ef-4335-9cb0-1f59310b632f	3231720	0.8467329121174665	high	Acinetobacter sp. FL	Bacteria
61e56b62-b8d2-494f-8a42-02ae238dcef0	3231720	0.6009240590345771	medium	Acinetobacter sp. FL	Bacteria
b11a569b-d1ae-4522-b2a9-1386a2712a91	3231720	0.6009240590345767	medium	Acinetobacter sp. FL	Bacteria
70ab3d9e-f74f-4557-9478-fd373c2ed0c8	3231720	0.6009240590345767	medium	Acinetobacter sp. FL	Bacteria
bb7b0757-35b9-4dc5-b6bb-948aba47ad89	3231720	0.6009240590345767	medium	Acinetobacter sp. FL	Bacteria
bfc5c18b-9694-4c6e-a75b-86fafcb143b7	3231720	0.6009240590345767	medium	Acinetobacter sp. FL	Bacteria
9d90ed73-cf61-4296-808e-84dfdbe535ff	3231720	0.6009240590345771	medium	Acinetobacter sp. FL	Bacteria
61f01ece-25f4-491b-b378-d8b7661e3c55	40216	0.5598697732406764	medium	Acinetobacter radioresistens	Bacteria
87eb4f73-dcb6-49a8-b2de-b8b577b45903	3231720	0.6009240590345771	medium	Acinetobacter sp. FL	Bacteria
9ba823e4-a0b7-467b-b1fa-a8716457c9c5	3231720	0.6009240590345767	medium	Acinetobacter sp. FL	Bacteria
e8d5613a-4c85-4914-b725-a8a212648dd7	3231720	0.6009240590345771	medium	Acinetobacter sp. FL	Bacteria
d4be2b1c-8b8c-495a-a682-950253becb46	3231720	0.6009240590345771	medium	Acinetobacter sp. FL	Bacteria
ae8cf876-26a9-43e6-a0ff-70e3af5cf85d	3231720	0.6009240590345771	medium	Acinetobacter sp. FL	Bacteria
20aa74fc-fc7b-4753-98ff-12ed9924fc5e	3231720	0.6009240590345771	medium	Acinetobacter sp. FL	Bacteria
0e2eeeac-af37-4bcf-9759-e271353d3c75	3231720	0.6009240590345771	medium	Acinetobacter sp. FL	Bacteria
794334de-7652-4c9f-b8ee-10a953ecc1a8	3231720	0.846735568285531	high	Acinetobacter sp. FL	Bacteria
05d1eee1-c677-488f-b226-44a9bcf9c881	3231720	0.6009240590345771	medium	Acinetobacter sp. FL	Bacteria
2d215d6a-d1be-418d-9e51-07db601bad87	40216	0.5597607458286323	medium	Acinetobacter radioresistens	Bacteria
91d79d0d-1033-4b4c-8bdd-6b53051110ec	3231720	0.6009240590345767	medium	Acinetobacter sp. FL	Bacteria
bafd85c0-c344-43f5-843f-929657bb0825	3231720	0.8467350950672415	high	Acinetobacter sp. FL	Bacteria
b485161f-d23c-4671-b400-5a0aa87eee18	3231720	0.6009240590345767	medium	Acinetobacter sp. FL	Bacteria
c518f656-cde3-47ec-b5a7-333a9c997bb4	3231720	0.6009240590345771	medium	Acinetobacter sp. FL	Bacteria
8ccfe711-be17-45c4-afe4-bcfa93a58eae	3231720	0.6009240590345767	medium	Acinetobacter sp. FL	Bacteria
4a9c37d6-5d67-4f7a-ab85-bc66cece5b81	3231720	0.6009240590345767	medium	Acinetobacter sp. FL	Bacteria
6a8681d2-041f-4b59-a56c-859ec78af91c	3231720	0.8467357264571524	high	Acinetobacter sp. FL	Bacteria
e9643aa4-cf72-4e44-b580-489a2ef49816	3231720	0.6009240590345771	medium	Acinetobacter sp. FL	Bacteria
60a86440-7bda-48f6-bad1-a6004ab628ea	3231720	0.6009240590345776	medium	Acinetobacter sp. FL	Bacteria
d03e6f0c-f8d7-42e5-9a4b-0ae9f527ae72	3231720	0.8467344671183828	high	Acinetobacter sp. FL	Bacteria
b3afea9c-6d0a-4f3a-8028-84dac605f57e	3231720	0.6009240590345767	medium	Acinetobacter sp. FL	Bacteria
1426f14a-f4f1-4115-99db-e150fd3deefd	3231720	0.6009240590345771	medium	Acinetobacter sp. FL	Bacteria
e07b95f4-f20e-4137-8ebc-98dda7afacea	3231720	0.8467354103303011	high	Acinetobacter sp. FL	Bacteria
28ca79ba-d3bd-4324-9a51-f01b765c9744	3231720	0.6009240590345767	medium	Acinetobacter sp. FL	Bacteria
3d18154f-b17d-4c0e-a455-f46cef2acfb7	3231720	0.8467354103303008	high	Acinetobacter sp. FL	Bacteria
eed224b1-3bbb-43b7-8842-46e4cc60804c	40216	0.5597606711504847	medium	Acinetobacter radioresistens	Bacteria
6e274ac9-e7fa-4405-aee6-cddecc0acf4e	3231720	0.6009240590345771	medium	Acinetobacter sp. FL	Bacteria
c182b210-c3ed-4794-8074-04142ae099a8	3231720	0.6009240590345771	medium	Acinetobacter sp. FL	Bacteria
a6e4102f-6f30-4cd3-b90b-f951844b5f1a	3231720	0.6009240590345771	medium	Acinetobacter sp. FL	Bacteria
2e9abd87-b216-4b33-b329-b99be50d00df	3231720	0.6009240590345767	medium	Acinetobacter sp. FL	Bacteria
bdcb49a2-d9f8-4db8-abe1-9143f5765bed	3231720	0.6009240590345767	medium	Acinetobacter sp. FL	Bacteria
3726bbd3-bf1c-4e3a-935f-d4131659aa37	3231720	0.6009240590345767	medium	Acinetobacter sp. FL	Bacteria
2d667e9d-696d-435c-8222-405449406bee	3231720	0.6009240590345767	medium	Acinetobacter sp. FL	Bacteria
b87d9ef0-dc3f-4e03-bbf3-f4bcfcf1e71b	3231720	0.6009240590345771	medium	Acinetobacter sp. FL	Bacteria
4b194692-2b06-42f1-899a-f271ebcd2754	3231720	0.6009240590345784	medium	Acinetobacter sp. FL	Bacteria
b63e7e45-ebd4-4660-af02-15d1d7a6b37e	40216	0.8573592858115375	high	Acinetobacter radioresistens	Bacteria
25defdcc-9c59-4831-b63e-6a8082d4b875	3231720	0.6009240590345776	medium	Acinetobacter sp. FL	Bacteria
98a6acbb-7dd0-4b07-86ed-ac9e9b636c14	40216	0.9964535264143248	high	Acinetobacter radioresistens	Bacteria
b0939364-97e5-419e-9f98-139c4ae5280b	3231720	0.6009240590345776	medium	Acinetobacter sp. FL	Bacteria
e597b8a3-fdec-4c8c-9a08-99b4de86fc72	3231720	0.6009240590345771	medium	Acinetobacter sp. FL	Bacteria
7b38c38d-cdbc-43ed-bf15-e815b7f1f346	3231720	0.6009240590345776	medium	Acinetobacter sp. FL	Bacteria
4cea7c91-f2b6-4a4b-91df-e28d0702008e	3231720	0.6009240590345767	medium	Acinetobacter sp. FL	Bacteria
294a5445-1a89-4f7e-be4a-5dccc88bbd7a	3231720	0.6009240590345771	medium	Acinetobacter sp. FL	Bacteria
696cbdeb-3542-4afe-b593-35961ab3b497	3231720	0.6009240590345767	medium	Acinetobacter sp. FL	Bacteria
03a589be-e7b6-44d2-b1ad-0f33dcd2f69c	3231720	0.6009240590345771	medium	Acinetobacter sp. FL	Bacteria
bd04e3f3-9dce-4400-8992-d5fd5eaeef3b	3231720	0.6009240590345771	medium	Acinetobacter sp. FL	Bacteria
ef0c62cf-6f7b-4983-9ba9-d0d4554dff3c	3231720	0.846735568285531	high	Acinetobacter sp. FL	Bacteria
baf31204-73a8-4a2a-9c3d-75ad2674c5d8	3231720	0.6009240590345767	medium	Acinetobacter sp. FL	Bacteria
f6ff578b-060f-4be4-9137-55b8d8e1213c	3231720	0.6009240590345767	medium	Acinetobacter sp. FL	Bacteria
434c758f-5d18-43c8-9d08-4942fc65003b	3231720	0.671911685765926	medium	Acinetobacter sp. FL	Bacteria
81c717c6-7c92-40a1-9092-e5905523c0e6	3231720	0.6726747157741478	medium	Acinetobacter sp. FL	Bacteria
0eb03e03-7dfa-41b8-930f-3400211dc6ad	3231720	0.6009240590345767	medium	Acinetobacter sp. FL	Bacteria
4a11f322-0dd1-4261-b3c9-f784babbdf17	40216	0.6437436812884099	medium	Acinetobacter radioresistens	Bacteria
8d32d214-a5b2-4a66-8340-5be969748681	40216	0.5598702212862038	medium	Acinetobacter radioresistens	Bacteria
0258efe4-4aa2-4052-8d50-c7113c702059	3231720	0.6009240590345771	medium	Acinetobacter sp. FL	Bacteria
9f8fefc5-7323-4ef0-85f7-5b852e8a0d6e	3231720	0.6009240590345767	medium	Acinetobacter sp. FL	Bacteria
278590c2-fe92-45b6-a99a-20d25d434b22	3231720	0.6009240590345776	medium	Acinetobacter sp. FL	Bacteria
f7fbf6bd-a901-498e-a111-52d6139ae385	3231720	0.8467326036390747	high	Acinetobacter sp. FL	Bacteria
dda978fb-7b3b-483f-9a41-621803d4ce2b	3231720	0.6009240590345771	medium	Acinetobacter sp. FL	Bacteria
a9b9854e-e62e-4749-94d2-5f9ea09d003a	40216	0.8686966438371773	high	Acinetobacter radioresistens	Bacteria
47838944-9a90-4bf7-aa4e-297d5a119d3b	40216	0.6373492924186915	medium	Acinetobacter radioresistens	Bacteria
d95efeb4-4b38-4e2e-bc40-1cf6e800ad3a	3231720	0.8467357264571524	high	Acinetobacter sp. FL	Bacteria
047814ef-4748-4c6a-b861-b3384dff403c	40216	0.926294487937954	high	Acinetobacter radioresistens	Bacteria
aca81591-8ab6-4ba3-ba58-e1d10fc026d1	3231720	0.6009240590345767	medium	Acinetobacter sp. FL	Bacteria
39cce169-a678-4065-a3a6-f081c4ac9a24	3231720	0.6009240590345767	medium	Acinetobacter sp. FL	Bacteria
9361a52c-3527-44d7-a0b5-732b0bea901a	3231720	0.6009240590345771	medium	Acinetobacter sp. FL	Bacteria
3c833520-8a9e-4e15-a3ed-575adc9f0c17	3231720	0.6009240590345767	medium	Acinetobacter sp. FL	Bacteria
d1e856fe-e51d-4e98-b747-2c6f8082b812	3231720	0.6009240590345776	medium	Acinetobacter sp. FL	Bacteria
d27e0280-2052-442c-9203-10acb67ce5f9	3231720	0.6009240590345771	medium	Acinetobacter sp. FL	Bacteria
4c2919e9-14c1-456e-9d55-beb628b66ab5	3231720	0.6009240590345767	medium	Acinetobacter sp. FL	Bacteria
0eaf6ef8-f11c-4d52-8a2b-a52a78045105	3231720	0.6009240590345784	medium	Acinetobacter sp. FL	Bacteria
c83001d9-ee3a-4dd4-80cf-3756fb28e792	3231720	0.6009240590345767	medium	Acinetobacter sp. FL	Bacteria
6f8af137-ef9e-4bcb-9c66-60b9cee98ebd	3231720	0.6009240590345771	medium	Acinetobacter sp. FL	Bacteria
4ce8f444-4db4-4a32-b8e9-4e7ab700ad5d	3231720	0.6009240590345767	medium	Acinetobacter sp. FL	Bacteria
66d4282a-740f-4d11-8a10-71b0de77a5ec	3231720	0.6009240590345771	medium	Acinetobacter sp. FL	Bacteria
c2f16b16-0596-4472-a4cf-026d40d1bc37	3231720	0.6009240590345767	medium	Acinetobacter sp. FL	Bacteria
029419b4-0541-4b36-96e5-e94ff4b1597f	3231720	0.6009240590345784	medium	Acinetobacter sp. FL	Bacteria
d0ebfce2-6853-47bf-88a5-d77c3db322ac	3231720	0.8467321424816652	high	Acinetobacter sp. FL	Bacteria
c7c12092-fcce-412b-aba4-69837e48f4b4	3231720	0.6009240590345767	medium	Acinetobacter sp. FL	Bacteria
8f67c900-354e-4756-8ded-ed0ec058b83b	3231720	0.6009240590345771	medium	Acinetobacter sp. FL	Bacteria
07e45628-fc8d-4dc9-a4f8-670c3a747a00	3231720	0.6009240590345771	medium	Acinetobacter sp. FL	Bacteria
3d09ec94-e22f-40b9-8e8a-ea5b368036d3	3231720	0.8467352525910186	high	Acinetobacter sp. FL	Bacteria
9e0e92db-5d9a-4bfa-99c8-e2cd554bb60e	3231720	0.6009240590345771	medium	Acinetobacter sp. FL	Bacteria
d74b7d60-f4a9-4f83-8e62-d69961e93ac5	3231720	0.6009240590345784	medium	Acinetobacter sp. FL	Bacteria
c667afd4-41ed-4607-b67e-83c830122e4f	3231720	0.6009240590345776	medium	Acinetobacter sp. FL	Bacteria
cb19ad86-e98d-4a4b-8ae6-ee8c2c0130ae	3231720	0.6009240590345784	medium	Acinetobacter sp. FL	Bacteria
005e906f-4c70-4900-8bc3-b8fb3acafe96	3231720	0.6009240590345771	medium	Acinetobacter sp. FL	Bacteria
d2875b37-5a1a-46ec-a60b-21f755bce054	3231720	0.8467329121174665	high	Acinetobacter sp. FL	Bacteria
6df2813e-7bff-4475-b90c-5639e28a3c16	3231720	0.6009240590345767	medium	Acinetobacter sp. FL	Bacteria
4b040690-fcae-4c4a-a29d-eb30515efd84	3231720	0.6009240590345767	medium	Acinetobacter sp. FL	Bacteria
2bb2d208-ed06-43dc-9d82-53dd0ede889e	40216	0.6422285582667872	medium	Acinetobacter radioresistens	Bacteria
24c9c019-da95-4f4f-9e8e-c08997638337	3231720	0.6009240590345771	medium	Acinetobacter sp. FL	Bacteria
f0c754dd-d62b-420a-91bc-5ef9a631a784	3231720	0.846735568285531	high	Acinetobacter sp. FL	Bacteria
59beabd8-ee58-4a04-896e-0fd5c98ade0a	3231720	0.6009240590345776	medium	Acinetobacter sp. FL	Bacteria
2862f2e2-9e32-4471-bdfc-b82a113c8a92	40216	0.9888416039657272	high	Acinetobacter radioresistens	Bacteria
e15a72c8-2a4b-4af7-8f5c-294065c576c7	3231720	0.6009240590345771	medium	Acinetobacter sp. FL	Bacteria
abcfe384-644d-4a6e-895d-db3f5ec21166	3231720	0.6009240590345801	medium	Acinetobacter sp. FL	Bacteria
82bd1ebc-16f5-4cad-95ce-7360a0852cdb	3231720	0.6009240590345767	medium	Acinetobacter sp. FL	Bacteria
9113d9a3-cd88-48ff-9132-abbe6392d8bf	3231720	0.6009240590345767	medium	Acinetobacter sp. FL	Bacteria
79533fdd-94f9-4531-8c0a-27a3cf51c3b8	3231720	0.6009240590345771	medium	Acinetobacter sp. FL	Bacteria
32a8b453-64b2-433a-b7a0-0f34c3e5f075	3231720	0.6960684642398816	medium	Acinetobacter sp. FL	Bacteria
6541d191-0209-4455-b549-4d66ba38cab6	3231720	0.7425469787488853	medium	Acinetobacter sp. FL	Bacteria
771fb6ae-9f0f-40e2-a384-3447f7698309	40216	0.8688262345397397	high	Acinetobacter radioresistens	Bacteria
ba701acd-a833-4f0a-b5d0-2221d48fbd3d	3231720	0.8467357264571521	high	Acinetobacter sp. FL	Bacteria
63a91186-a69f-494a-90a7-c850d5a85d80	3231720	0.6009240590345767	medium	Acinetobacter sp. FL	Bacteria
e747ee8a-f41d-4dfb-98ac-6f505012e55e	3231720	0.6009240590345771	medium	Acinetobacter sp. FL	Bacteria
c3447b44-d54e-4ede-93da-4aff57d2cb14	3231720	0.8467352525910189	high	Acinetobacter sp. FL	Bacteria
efe5b4d4-a9b3-4bf9-8353-915d89ac95ca	3231720	0.8467347806644425	high	Acinetobacter sp. FL	Bacteria
2a9b5317-70e3-4f3c-a448-d76d8d74d9ed	3231720	0.6009240590345767	medium	Acinetobacter sp. FL	Bacteria
4385c835-eedd-4708-8693-84cba3e28325	3231720	0.6009240590345771	medium	Acinetobacter sp. FL	Bacteria
f062ddc2-de6d-4374-a679-9b24f0e0952a	40216	0.7322397832913158	medium	Acinetobacter radioresistens	Bacteria
a883e89c-ee28-4b87-a48d-0c62b6f0b272	3231720	0.6009240590345776	medium	Acinetobacter sp. FL	Bacteria
4e0780bf-72ec-442a-99be-f92a662020b4	3231720	0.6009240590345771	medium	Acinetobacter sp. FL	Bacteria
472c39a7-ff94-4776-8908-c1ce169c04c0	3231720	0.8467354103303008	high	Acinetobacter sp. FL	Bacteria
77e6ecab-b586-43ac-9ef6-2bc8baaed82e	3231720	0.6009240590345784	medium	Acinetobacter sp. FL	Bacteria
f78cb318-5528-4415-95b7-2049bad87ebe	3231720	0.6009240590345767	medium	Acinetobacter sp. FL	Bacteria
6aff9424-4a0c-41a0-a7ba-97437e8826dc	3231720	0.6009240590345767	medium	Acinetobacter sp. FL	Bacteria
0a496f09-6dfd-48f6-9b5b-f7affa667a9c	3231720	0.6009240590345771	medium	Acinetobacter sp. FL	Bacteria
c827a6b0-2571-4670-8861-de9ecea08481	3231720	0.6009240590345771	medium	Acinetobacter sp. FL	Bacteria
6efb887f-17bd-4c64-bda6-d2aecb713332	3231720	0.6009240590345784	medium	Acinetobacter sp. FL	Bacteria
61ead350-87c2-44e3-9cc0-f67b1808a528	40216	0.8692597810450279	high	Acinetobacter radioresistens	Bacteria
04fbcaf9-be42-4c16-b074-6098b28250e3	3231720	0.6009240590345767	medium	Acinetobacter sp. FL	Bacteria
c3ec9ad8-c2c0-4566-9b48-9f3d52aaea7b	3231720	0.6009240590345771	medium	Acinetobacter sp. FL	Bacteria
7f27643a-736f-4587-b77a-133ad1cf7aae	3231720	0.6009240590345767	medium	Acinetobacter sp. FL	Bacteria
c66497e5-ef92-4047-92c1-8ed5b4f4ba77	3231720	0.6009240590345767	medium	Acinetobacter sp. FL	Bacteria
d6c81da6-f9cb-482f-a966-36c2d46f17ba	3231720	0.6009240590345771	medium	Acinetobacter sp. FL	Bacteria
a48e8916-05fa-4b1b-b0ba-f5b9ebe5239c	3231720	0.6009240590345771	medium	Acinetobacter sp. FL	Bacteria
a7656b4d-93e1-486e-ba2b-c59eef036393	3231720	0.6009240590345767	medium	Acinetobacter sp. FL	Bacteria
95133cc1-9b31-4e33-8d24-62f3e1355049	40216	0.8688955112933285	high	Acinetobacter radioresistens	Bacteria
a0247978-17f0-4624-8bdc-12bf8e585005	3231720	0.6009240590345767	medium	Acinetobacter sp. FL	Bacteria
4dc7ab40-5f96-400b-bd6f-de11b95ff89f	3231720	0.6009240590345784	medium	Acinetobacter sp. FL	Bacteria
087bbbda-3630-41fa-a79c-228c778a4c2d	3231720	0.6009240590345767	medium	Acinetobacter sp. FL	Bacteria
6a070ee5-8066-4d4f-b643-7470780936d7	3231720	0.6009240590345784	medium	Acinetobacter sp. FL	Bacteria
fd4d4b97-4704-4d60-aa3c-3592dbafaf01	3231720	0.6009240590345771	medium	Acinetobacter sp. FL	Bacteria
a768819b-32a3-495e-8c0b-08ef4ea092f5	3231720	0.6009240590345771	medium	Acinetobacter sp. FL	Bacteria
eac3fc1d-cadb-404b-a994-d5f5cca5924b	3231720	0.6009240590345771	medium	Acinetobacter sp. FL	Bacteria
1470716c-cfd8-4541-b75c-2759fe8a6b6f	3231720	0.6009240590345767	medium	Acinetobacter sp. FL	Bacteria
b9fb9451-d135-4d62-a121-b2eedbef9e1d	3231720	0.846735568285531	high	Acinetobacter sp. FL	Bacteria
f2cabf32-829d-4eff-b8e7-5664272e68f8	3231720	0.6009240590345771	medium	Acinetobacter sp. FL	Bacteria
1bb809b6-90fd-482d-a94a-8761ef9470ba	3231720	0.6009240590345767	medium	Acinetobacter sp. FL	Bacteria
471bd1dc-61d7-4b5c-828f-74bf57fcbc95	3231720	0.6009240590345771	medium	Acinetobacter sp. FL	Bacteria
c88952b6-63a4-4067-a631-2cbeb3f11406	3231720	0.6009240590345771	medium	Acinetobacter sp. FL	Bacteria
61f03513-8907-4e0c-987d-459383a7a444	3231720	0.8467357264571524	high	Acinetobacter sp. FL	Bacteria
860ef3be-7c24-488e-a3d7-505fdd42bd6e	3231720	0.6009240590345767	medium	Acinetobacter sp. FL	Bacteria
6e3e8b64-fb89-405e-bd75-a1921d0131e7	3231720	0.6009240590345771	medium	Acinetobacter sp. FL	Bacteria
411cb96c-955e-44b4-87a6-023f3927a274	3231720	0.6009240590345771	medium	Acinetobacter sp. FL	Bacteria
f5923d58-d27c-4ead-bae8-2bfd910bb0c1	3231720	0.6009240590345771	medium	Acinetobacter sp. FL	Bacteria
7edac6f5-1352-4f54-b443-01015ad3ca1e	3231720	0.6009240590345767	medium	Acinetobacter sp. FL	Bacteria
c119b06e-fcfd-434a-a80c-2e318cda6b2a	3231720	0.6009240590345771	medium	Acinetobacter sp. FL	Bacteria
13e7034b-650a-4e68-b55a-21edf832b2da	3231720	0.6009240590345771	medium	Acinetobacter sp. FL	Bacteria
a7406091-94f5-4d08-9e73-a365355e8204	3231720	0.8100258328283682	high	Acinetobacter sp. FL	Bacteria
b31b8c77-0a9c-4903-9399-f7cef8296e1f	3231720	0.6009240590345771	medium	Acinetobacter sp. FL	Bacteria
1a6b7649-0f67-4de3-bae1-b71670501323	3231720	0.6009240590345771	medium	Acinetobacter sp. FL	Bacteria
d1802563-50fe-49a7-94cc-408ef8e84015	3231720	0.6009240590345771	medium	Acinetobacter sp. FL	Bacteria
153ef7bf-9e40-4a1e-a5b6-54edddcb5f3c	3231720	0.6009240590345767	medium	Acinetobacter sp. FL	Bacteria
e414b7ab-01ea-4963-929f-86365e56b174	3231720	0.6009240590345776	medium	Acinetobacter sp. FL	Bacteria
c8d255e6-c7b4-4076-bc98-55f4a37681c1	3231720	0.6009240590345771	medium	Acinetobacter sp. FL	Bacteria
c459a180-e25c-4458-932e-eee300d572e6	3231720	0.6009240590345784	medium	Acinetobacter sp. FL	Bacteria
b4c19dac-c005-4df8-abfd-6db9e33d3126	3231720	0.6009240590345767	medium	Acinetobacter sp. FL	Bacteria
8a83afcb-50c6-4566-9778-a9c69f1cb3bd	3231720	0.6009240590345784	medium	Acinetobacter sp. FL	Bacteria
7009c808-1486-4cab-99e8-4843550ed360	3231720	0.6009240590345771	medium	Acinetobacter sp. FL	Bacteria
8cb1a3d0-0dc6-46fd-be03-3750be684342	3231720	0.6009240590345784	medium	Acinetobacter sp. FL	Bacteria
33011c52-0d6b-4160-b539-7819c46fef92	3231720	0.6009240590345771	medium	Acinetobacter sp. FL	Bacteria
b02639c0-c792-4a87-ac10-7b7988a05e4b	3231720	0.6009240590345771	medium	Acinetobacter sp. FL	Bacteria
1e84e29d-cb77-499b-9a15-e667a8acc5fe	3231720	0.8467354103303011	high	Acinetobacter sp. FL	Bacteria
925b6063-5666-43fa-b0b3-e551c84aa37a	3231720	0.6009240590345771	medium	Acinetobacter sp. FL	Bacteria
23aadc79-420d-48ce-a4a1-84c7e971f86c	3231720	0.6009240590345767	medium	Acinetobacter sp. FL	Bacteria
15f51a75-70b0-46d9-88bf-a44c3f2154d5	3231720	0.6009240590345771	medium	Acinetobacter sp. FL	Bacteria
2908dc57-7eaa-4b86-9b4d-c53ad5088f26	3231720	0.6009240590345771	medium	Acinetobacter sp. FL	Bacteria
8e96ed3f-5202-40b6-9488-c249248f46ad	3231720	0.6009240590345767	medium	Acinetobacter sp. FL	Bacteria
9f425eba-6de0-49e4-9943-1550df13a5dd	3231720	0.6009240590345767	medium	Acinetobacter sp. FL	Bacteria
ef82d663-d8d1-4469-837f-76d64c1824b2	3231720	0.6009240590345771	medium	Acinetobacter sp. FL	Bacteria
d50ee57b-843e-4832-b567-d5f61516cee1	3231720	0.6009240590345767	medium	Acinetobacter sp. FL	Bacteria
57a456fe-df9b-418a-b921-436e24565bef	3231720	0.6009240590345771	medium	Acinetobacter sp. FL	Bacteria
c1c2d309-83b7-4ec7-99e7-1fa3472cd8e0	3231720	0.6009240590345771	medium	Acinetobacter sp. FL	Bacteria
78010d41-7af7-4958-9b98-fe0db02aadfc	3231720	0.6009240590345771	medium	Acinetobacter sp. FL	Bacteria
2af49f44-c2ba-4c00-8c1e-e637352dabbf	3231720	0.6009240590345771	medium	Acinetobacter sp. FL	Bacteria
eb205c92-7574-4963-b008-75a3e7476115	3231720	0.6009240590345767	medium	Acinetobacter sp. FL	Bacteria
4f8f79b0-99b5-4daf-98f3-555f4ddb4747	3231720	0.6009240590345771	medium	Acinetobacter sp. FL	Bacteria
640b82b6-cfed-4533-b315-9adbb32f1fa1	3231720	0.6009240590345771	medium	Acinetobacter sp. FL	Bacteria
d5a81705-b000-4fad-aa8a-1e57b3af85fd	3231720	0.6009240590345767	medium	Acinetobacter sp. FL	Bacteria
7a2a9267-2f88-4c59-ba1b-48e8cdfe7c7f	3231720	0.6009240590345771	medium	Acinetobacter sp. FL	Bacteria
aa228de7-b214-4c95-bfee-97cd30fcea83	40216	0.8687443548521683	high	Acinetobacter radioresistens	Bacteria
955406ee-d67f-49a4-ae87-68f932b28487	3231720	0.6009240590345767	medium	Acinetobacter sp. FL	Bacteria
534e0b56-88bc-421e-81d1-30a0499aad29	3231720	0.846735568285531	high	Acinetobacter sp. FL	Bacteria
2abaf0ea-282d-456b-a54e-a9a89995d28f	3231720	0.6009240590345771	medium	Acinetobacter sp. FL	Bacteria
1c2b95fa-2c15-4449-bbb3-01e88bf915f6	3231720	0.6009240590345767	medium	Acinetobacter sp. FL	Bacteria
5646a3df-6f62-4a35-ac9d-59f462f0a6a2	3231720	0.6009240590345771	medium	Acinetobacter sp. FL	Bacteria
8e911d07-57fc-446b-9b19-5bb476fb5350	3231720	0.6009240590345784	medium	Acinetobacter sp. FL	Bacteria
5546911b-8c65-4aad-b9d7-71c4e9d9eb5d	3231720	0.6009240590345771	medium	Acinetobacter sp. FL	Bacteria
dcd86a0a-7931-434a-9081-530d4cda46b1	3231720	0.6009240590345767	medium	Acinetobacter sp. FL	Bacteria
c454fd58-4977-4bc1-9c40-73a6c63200d3	3231720	0.6009240590345776	medium	Acinetobacter sp. FL	Bacteria
1c60f6ca-049f-4518-95e5-0bdb928bdeef	3231720	0.6009240590345771	medium	Acinetobacter sp. FL	Bacteria
390eadd7-691f-41e7-bda2-62e5f136f938	3231720	0.6009240590345767	medium	Acinetobacter sp. FL	Bacteria
bb435b89-e8ea-419c-94b1-774ed3321148	3231720	0.6009240590345771	medium	Acinetobacter sp. FL	Bacteria
2e36ff6b-b98b-4b4d-8145-b1c2c8da84b2	3231720	0.6009240590345767	medium	Acinetobacter sp. FL	Bacteria
00d23068-8392-47ef-8f99-e72db6c03a0c	3231720	0.6009240590345771	medium	Acinetobacter sp. FL	Bacteria
192e3ed4-55c8-49ab-b8a8-f9f3bcfa1376	3231720	0.6009240590345771	medium	Acinetobacter sp. FL	Bacteria
4229fc19-74b2-4570-a014-2b225a2d916b	3231720	0.6009240590345767	medium	Acinetobacter sp. FL	Bacteria
8c3509b4-c7f0-4d82-9bf9-be8f8bd02afc	40216	0.7696221031518693	medium	Acinetobacter radioresistens	Bacteria
e6f480b3-7584-4dc3-abe0-56a81ef63ac1	3231720	0.8467357264571524	high	Acinetobacter sp. FL	Bacteria
bd4499fc-72f7-470f-bb29-aa17f1a03c0a	40216	0.8665765563826044	high	Acinetobacter radioresistens	Bacteria
148c20e5-7d0d-4af8-8176-2d8e859e5dd0	3231720	0.6009240590345776	medium	Acinetobacter sp. FL	Bacteria
0758f822-050c-4f7e-b288-ae7280ba9397	3231720	0.6009240590345767	medium	Acinetobacter sp. FL	Bacteria
9362d49f-6fbf-4e77-9682-e42f1c865395	3231720	0.6009240590345767	medium	Acinetobacter sp. FL	Bacteria
02a6fc38-a121-4f82-838d-95d80192f40a	3231720	0.6009240590345771	medium	Acinetobacter sp. FL	Bacteria
c654a6d5-82e2-4a47-bf68-9b09b5047b5a	3231720	0.6009240590345767	medium	Acinetobacter sp. FL	Bacteria
0a8fc689-b61d-4c01-9c72-ee73bff563da	3231720	0.6009240590345771	medium	Acinetobacter sp. FL	Bacteria
75cc5950-3f74-48f8-bf8d-4dcfea930fb8	3231720	0.6009240590345771	medium	Acinetobacter sp. FL	Bacteria
215dd2a4-dde1-4c49-865a-0bb69895bed8	3231720	0.6009240590345771	medium	Acinetobacter sp. FL	Bacteria
14677c2e-9a6c-4063-87e1-6f36b2ce24b8	40216	0.5598705210061035	medium	Acinetobacter radioresistens	Bacteria
8a4b97c3-134f-4ced-ac3d-ba737cc60bbf	3231720	0.6009240590345771	medium	Acinetobacter sp. FL	Bacteria
768547ef-7bac-4cf5-bf6f-342b735329ca	3231720	0.846735568285531	high	Acinetobacter sp. FL	Bacteria
49ab6213-ccb4-48fc-81d3-3df71407f52a	3231720	0.6009240590345771	medium	Acinetobacter sp. FL	Bacteria
cb05584a-1b6a-4ff3-95c2-ff7a2d03d5be	3231720	0.6009240590345771	medium	Acinetobacter sp. FL	Bacteria
cc0bbd20-f4a3-41ce-b7da-88340259660f	3231720	0.6009240590345767	medium	Acinetobacter sp. FL	Bacteria
a77b4653-263c-492e-a87a-f6f51cd0bac6	3231720	0.6009240590345784	medium	Acinetobacter sp. FL	Bacteria
ad0b6da5-8420-4ba1-bd5f-17c7b8d6b796	3231720	0.6009240590345784	medium	Acinetobacter sp. FL	Bacteria
6d838c63-5ea3-4f70-a462-c8402b7be748	3231720	0.6009240590345771	medium	Acinetobacter sp. FL	Bacteria
2df6bf2f-4c9d-42cb-a4a9-497f50db45ad	3231720	0.6009240590345771	medium	Acinetobacter sp. FL	Bacteria
3905b985-1fcf-4832-b577-2662774d7205	3231720	0.6009240590345771	medium	Acinetobacter sp. FL	Bacteria
488e6311-69b1-447f-bffc-a0905fcf060d	3231720	0.6009240590345784	medium	Acinetobacter sp. FL	Bacteria
d38c0334-3dca-4144-aa54-c3c9bc3c2994	457921	1.0	confident	Massilia varians	Bacteria
5401126a-fafa-44d1-a152-69a7ef84ac7c	457921	1.0	confident	Massilia varians	Bacteria
ffacc225-f38d-4695-8d04-e3b4f591190d	457921	1.0	confident	Massilia varians	Bacteria
eabfdbaf-5f28-4535-93d2-335422f29409	457921	1.0	confident	Massilia varians	Bacteria
58d7fcd0-b2e2-4dbd-a35f-16d8389f1054	457921	1.0	confident	Massilia varians	Bacteria
9fc86ead-244a-428e-b32a-1a5a84db4800	457921	1.0	confident	Massilia varians	Bacteria
5734d6ef-e498-4032-8623-f7ca9e5fe14c	457921	1.0	confident	Massilia varians	Bacteria
a9e60c7f-7cdd-450b-91bf-32545ee83ba9	457921	1.0	confident	Massilia varians	Bacteria
b2b7c313-d1b9-4b4e-ab34-6d591fea2e67	457921	1.0	confident	Massilia varians	Bacteria
1cfe049a-e7d5-4e2a-b2b3-c3124c8b2956	457921	1.0	confident	Massilia varians	Bacteria
b8540de6-a63f-49f3-bbe4-26b8dff16a87	457921	1.0	confident	Massilia varians	Bacteria
6e2d2f55-230c-4587-afa3-2c1b392a8114	457921	1.0	confident	Massilia varians	Bacteria
b47e08b4-51e4-4748-90b3-a7be56dba65c	457921	1.0	confident	Massilia varians	Bacteria
ffce1d57-dab9-4d20-b951-cae6b23b23ab	457921	1.0	confident	Massilia varians	Bacteria
cfa9a788-cc4c-425e-9fad-a42ffd3d47b8	457921	1.0	confident	Massilia varians	Bacteria
eb36a94b-79f1-4be2-8329-966e4e813bf2	457921	1.0	confident	Massilia varians	Bacteria
b912091b-56ab-4518-8a75-f2b7bdeb4654	457921	1.0	confident	Massilia varians	Bacteria
903f48e2-c3d1-4cdb-898d-07bf35f30018	457921	1.0	confident	Massilia varians	Bacteria
cbc409dc-383d-4d5e-9c7f-71f9407e1ee4	457921	1.0	confident	Massilia varians	Bacteria
0b7442cb-6e73-4635-9391-d31632d23ec4	457921	1.0	confident	Massilia varians	Bacteria
df34b971-f849-40c5-a230-b4b0bb1c751f	457921	1.0	confident	Massilia varians	Bacteria
650813e2-b4a4-451c-b9ef-17b3a481ebf4	457921	1.0	confident	Massilia varians	Bacteria
3d5ac2e4-5c84-4b38-999f-902db1bcc62a	457921	1.0	confident	Massilia varians	Bacteria
55899a4a-8c18-4655-9a06-f1f3c2bce2f3	457921	1.0	confident	Massilia varians	Bacteria
4b30bc91-c900-4956-bf72-d68f3a3158d8	457921	1.0	confident	Massilia varians	Bacteria
767dfc99-4e3d-4ff7-8b76-4f41981d5094	457921	1.0	confident	Massilia varians	Bacteria
14a9b0cd-5719-4dd7-b6cb-58fd1ce605e6	457921	1.0	confident	Massilia varians	Bacteria
7eacee9e-3169-4bc8-959b-e7b6ab4d2712	457921	1.0	confident	Massilia varians	Bacteria
9b4dbacc-401c-401d-970f-18e2c70779a7	457921	1.0	confident	Massilia varians	Bacteria
11abc6f8-d553-4a25-a663-f2b5ee8bbf46	457921	1.0	confident	Massilia varians	Bacteria
55ae0d92-c4b8-44cd-ad65-ead5c8ff5e0f	457921	1.0	confident	Massilia varians	Bacteria
85b90487-04fb-4266-b95e-71968c816d21	457921	1.0	confident	Massilia varians	Bacteria
516e6d30-d0f7-4437-9ebb-38a81256a4dd	457921	1.0	confident	Massilia varians	Bacteria
a144035a-9fba-4ff1-a4f9-70e92c09bf19	457921	1.0	confident	Massilia varians	Bacteria
5c0ede17-810b-4247-a297-7ff5853cd5a7	457921	1.0	confident	Massilia varians	Bacteria
5effcafa-cd78-41b2-bc2a-187111395aa9	457921	1.0	confident	Massilia varians	Bacteria
02289f07-32b2-4cdb-9527-8cff66078fb4	457921	1.0	confident	Massilia varians	Bacteria
8e063f93-0e01-4165-b783-c2e3f4e07f21	457921	1.0	confident	Massilia varians	Bacteria
c402703b-f7c5-455d-a131-d03ae908b48f	457921	1.0	confident	Massilia varians	Bacteria
76bbcd1b-4e2a-4c85-9783-445372c597bd	457921	1.0	confident	Massilia varians	Bacteria
2e1732ef-e0dc-4628-9036-065c36c16245	457921	1.0	confident	Massilia varians	Bacteria
7069fa7b-6362-4962-811c-66d2032f5c65	457921	1.0	confident	Massilia varians	Bacteria
fa9d0f84-0f2b-4f83-a112-061493d575bc	457921	1.0	confident	Massilia varians	Bacteria
e88dffb6-19a6-438e-88b0-841f89302210	457921	1.0	confident	Massilia varians	Bacteria
24076b31-ed10-4df0-a387-60ed050092be	457921	1.0	confident	Massilia varians	Bacteria
8b628ddd-fe26-4445-9175-b0add072e858	457921	1.0	confident	Massilia varians	Bacteria
6d2168a8-2652-4705-8313-b580f329b191	457921	1.0	confident	Massilia varians	Bacteria
f878d0ec-73f1-4234-b435-8f2ba0991547	457921	1.0	confident	Massilia varians	Bacteria
7c751e8d-cd1a-43dd-9425-7d79e182c6e4	457921	1.0	confident	Massilia varians	Bacteria
42a8b8e7-76d5-4531-8a53-e7399640c842	457921	1.0	confident	Massilia varians	Bacteria
d86e1a6c-7a8b-4e7b-9ef3-bbfdacdc533b	457921	1.0	confident	Massilia varians	Bacteria
f4dcfb61-c32e-4d05-8502-b400d498d833	457921	1.0	confident	Massilia varians	Bacteria
15f22cd1-6645-4012-9c2e-8adeff367e96	457921	1.0	confident	Massilia varians	Bacteria
20707d32-edd3-4c70-9f3b-69e742874e2d	457921	1.0	confident	Massilia varians	Bacteria
3b7dd7bd-ff43-43c3-8257-17bd061e437f	457921	1.0	confident	Massilia varians	Bacteria
cbbfe3db-1af9-4d02-9b4b-1a36f9692718	457921	1.0	confident	Massilia varians	Bacteria
4b145d50-a6a2-4fd1-b888-d8a77ed3e227	457921	1.0	confident	Massilia varians	Bacteria
4184bd5b-2266-4412-bd6f-59809a986d41	457921	1.0	confident	Massilia varians	Bacteria
e9ff10ff-a2ab-4e93-82e1-10990d3ff619	457921	1.0	confident	Massilia varians	Bacteria
6f998341-cf5d-4603-8565-2b8c92d4afe7	457921	1.0	confident	Massilia varians	Bacteria
2f8b01ab-fa0f-4b81-82af-874314814883	457921	1.0	confident	Massilia varians	Bacteria
db4c2747-5090-46e2-b2da-96c5ac1d3576	457921	1.0	confident	Massilia varians	Bacteria
e85043c9-cba0-4b1f-8d82-3fc0a341ab82	457921	1.0	confident	Massilia varians	Bacteria
78ed58e5-97af-494e-8f34-c7ba4005cc52	457921	1.0	confident	Massilia varians	Bacteria
1002a720-1ba0-4264-95ac-f7c74c6d0316	457921	1.0	confident	Massilia varians	Bacteria
b654c459-bc93-4614-9cc9-31f86f126f6d	457921	1.0	confident	Massilia varians	Bacteria
829abd49-b156-4521-aad8-8eda5b66c898	457921	1.0	confident	Massilia varians	Bacteria
df00474d-fa25-4bea-b7d8-95a8768a3960	457921	1.0	confident	Massilia varians	Bacteria
e72b4fda-6424-43d5-972c-35bff7d52e89	457921	1.0	confident	Massilia varians	Bacteria
758a802d-f7ac-4ada-9cf1-edf6a7cc7050	457921	1.0	confident	Massilia varians	Bacteria
6bae7661-1c82-47a8-a5bd-69a8ca77b6b6	457921	1.0	confident	Massilia varians	Bacteria
b412c414-cde1-4758-aa8d-b2868f26bebf	457921	1.0	confident	Massilia varians	Bacteria
c48adf12-8045-43e7-ac5e-328b2f4a36a7	457921	1.0	confident	Massilia varians	Bacteria
f9840971-5d04-40c3-88f7-dfdc40ff92e4	457921	1.0	confident	Massilia varians	Bacteria
632205f5-02af-47d9-8c98-5c6005599206	457921	1.0	confident	Massilia varians	Bacteria
6d0ef4dd-c1e9-4850-a6f5-570f478eb376	457921	1.0	confident	Massilia varians	Bacteria
58709ebb-3db0-44fa-8a5e-b7607cb05506	457921	1.0	confident	Massilia varians	Bacteria
8e6b335c-c6ab-4ced-84aa-d41965b20ae7	457921	1.0	confident	Massilia varians	Bacteria
71cc0aa5-a2e4-4893-a9a4-4ab274a3c7c6	457921	1.0	confident	Massilia varians	Bacteria
1c2b0184-2da7-40e3-b434-a96a51048f37	457921	1.0	confident	Massilia varians	Bacteria
83ae4a09-7ecd-43f4-a9ed-99e93a6c5e8f	457921	1.0	confident	Massilia varians	Bacteria
66b14e43-95f1-4d0d-98e2-be42dae76ffd	457921	1.0	confident	Massilia varians	Bacteria
d32f6ce9-77f5-4f8b-be30-f9c433deca9f	457921	1.0	confident	Massilia varians	Bacteria
071b81b1-1026-451e-aa01-a43368d00a3e	457921	1.0	confident	Massilia varians	Bacteria
afc62c53-28cc-4755-a66f-f3f1eb2b5018	457921	1.0	confident	Massilia varians	Bacteria
47cf42e5-91bf-4d31-986d-f8d2b4a5326c	457921	1.0	confident	Massilia varians	Bacteria
6ad59014-0667-4f06-b735-50e03ada1df3	457921	1.0	confident	Massilia varians	Bacteria
f12d76cb-ff94-4176-8414-0b4f005e0d60	457921	1.0	confident	Massilia varians	Bacteria
ee5b9225-3c34-470c-919b-e4c38ad10784	457921	1.0	confident	Massilia varians	Bacteria
7d090f6a-3f2d-45b8-84fe-2dd2ce897e90	457921	1.0	confident	Massilia varians	Bacteria
174c49a1-9191-4019-8a8a-b0a10e3fb59d	457921	1.0	confident	Massilia varians	Bacteria
1eb93b04-5428-4f2a-95f7-d6bd1f8c275c	457921	1.0	confident	Massilia varians	Bacteria
8eaf4991-6787-433b-8540-34942c7e1e52	457921	1.0	confident	Massilia varians	Bacteria
4441b291-060e-4e11-a8db-77cc8455c832	457921	1.0	confident	Massilia varians	Bacteria
56d9e092-87b8-4902-ac14-7e4a635776d9	457921	1.0	confident	Massilia varians	Bacteria
7e5071fb-10fb-4706-8caa-f5dafa141e90	457921	1.0	confident	Massilia varians	Bacteria
30313373-d7b7-4282-96a6-25728c5f518f	457921	1.0	confident	Massilia varians	Bacteria
7f689cb2-a84b-49c8-942d-d3276bd9bdae	457921	1.0	confident	Massilia varians	Bacteria
404a7aed-9d9b-4412-b387-408b22c7f79d	457921	1.0	confident	Massilia varians	Bacteria
1a51b847-0be6-497e-85b0-446d96e6386b	457921	1.0	confident	Massilia varians	Bacteria
3cbc04ab-9d57-4b91-8b38-188211d394eb	457921	1.0	confident	Massilia varians	Bacteria
ab9d7514-46c0-47e0-a13c-de86b4519544	457921	1.0	confident	Massilia varians	Bacteria
686551f8-51d5-4219-9a2f-5aa98eca541a	457921	1.0	confident	Massilia varians	Bacteria
8a42e74b-514f-4d22-82d9-bfda5befeef7	457921	1.0	confident	Massilia varians	Bacteria
f3d43bfc-f94c-444f-ac18-d6b022d3537e	457921	1.0	confident	Massilia varians	Bacteria
d10a8522-8bd3-4bf3-a633-10276cd8bbab	457921	1.0	confident	Massilia varians	Bacteria
9a3924e7-9941-4831-819c-e9ef5986f256	457921	1.0	confident	Massilia varians	Bacteria
14d343e3-5056-464b-bb9d-d22aae73741c	457921	1.0	confident	Massilia varians	Bacteria
60aea736-aca2-4f23-9672-d90a384f5766	457921	1.0	confident	Massilia varians	Bacteria
455d9051-a80e-43d8-bea1-b2e5d86ba418	457921	1.0	confident	Massilia varians	Bacteria
788ee822-7ad2-48b6-9ef8-4603d1f3ce95	457921	1.0	confident	Massilia varians	Bacteria
6c627268-5b52-4e66-80a2-9fcc1e5886fd	457921	1.0	confident	Massilia varians	Bacteria
4f3aeb24-4734-4e96-a360-128816934409	457921	1.0	confident	Massilia varians	Bacteria
1ace34ad-c4f0-4db7-b1b1-a2d9e33abe63	457921	1.0	confident	Massilia varians	Bacteria
b0b4a9a5-1eb8-4d2c-bcb1-bcdf13765681	457921	1.0	confident	Massilia varians	Bacteria
ef7aa91b-ec54-4110-a428-9266c61c82e6	457921	1.0	confident	Massilia varians	Bacteria
01961a12-9b47-46f2-af2d-1116f951678d	457921	1.0	confident	Massilia varians	Bacteria
dc8426f8-ac54-4146-b88b-b2edc3a5e9b4	457921	1.0	confident	Massilia varians	Bacteria
d2b37522-688a-4a9d-9932-eb5172c5b289	457921	1.0	confident	Massilia varians	Bacteria
80568761-7773-42a5-941c-1c56ff146c9b	457921	1.0	confident	Massilia varians	Bacteria
2d129d56-3641-4338-9357-9531069edd0e	457921	1.0	confident	Massilia varians	Bacteria
afe774bd-8fbc-49de-8fd7-9c8f60531818	457921	1.0	confident	Massilia varians	Bacteria
bd21e0a6-b180-499e-86d4-b3aac507a8a2	457921	1.0	confident	Massilia varians	Bacteria
ef538e4f-d0cc-4bb6-8cb4-b3b504fd3cc7	457921	1.0	confident	Massilia varians	Bacteria
81298331-a54f-47ec-95fa-dad8be7640c6	457921	1.0	confident	Massilia varians	Bacteria
f29274d3-fc48-4a40-b94b-6e05acf4218d	457921	1.0	confident	Massilia varians	Bacteria
a3836fc3-cc0c-4650-a73c-0eb45e44f034	457921	1.0	confident	Massilia varians	Bacteria
cbdeddf5-f445-48e4-b4c0-6c99b023e74c	457921	1.0	confident	Massilia varians	Bacteria
2be4c60f-7b17-47e4-b7bf-f5543a06e800	457921	1.0	confident	Massilia varians	Bacteria
95d323ad-d9b0-494e-8190-4063ba27f632	28101	1.0	confident	Phyllobacterium myrsinacearum	Bacteria
e9b1ab5d-883c-4e26-a57c-2649424c9c8e	28101	1.0	confident	Phyllobacterium myrsinacearum	Bacteria
63b9a901-5023-432c-8cde-4b7db1526cfa	28101	1.0	confident	Phyllobacterium myrsinacearum	Bacteria
076a395a-ca74-42b8-8fe7-b5d25c730c64	28101	1.0	confident	Phyllobacterium myrsinacearum	Bacteria
855c9bd8-d941-4dd9-b2bb-0502c20fbbd6	28101	1.0	confident	Phyllobacterium myrsinacearum	Bacteria
98288175-7a58-4af2-b12c-8a4fc02b9651	28101	1.0	confident	Phyllobacterium myrsinacearum	Bacteria
bf8ffbd6-2680-4b1d-b997-dac327d84250	28101	1.0	confident	Phyllobacterium myrsinacearum	Bacteria
b18e2929-e21b-440a-a93e-2a876b64c9dc	28101	1.0	confident	Phyllobacterium myrsinacearum	Bacteria
87634e5d-5fe2-4906-9a8c-a42e317fafba	28101	1.0	confident	Phyllobacterium myrsinacearum	Bacteria
79939cab-df10-4f15-b63b-28e66e3e742b	28101	1.0	confident	Phyllobacterium myrsinacearum	Bacteria
e4cd1e52-5419-47c1-99d9-61a97a03f2ab	28101	1.0	confident	Phyllobacterium myrsinacearum	Bacteria
7bd8caa2-2135-4eda-9a13-dacf60433ae6	28101	1.0	confident	Phyllobacterium myrsinacearum	Bacteria
985a0214-312a-4fe0-89f4-b6d6fb93c8fb	28101	1.0	confident	Phyllobacterium myrsinacearum	Bacteria
3f1ada98-7d49-4db1-9b21-cedd3bca8085	28101	1.0	confident	Phyllobacterium myrsinacearum	Bacteria
2fb2dc23-d004-4836-ac82-9668717bf348	28101	1.0	confident	Phyllobacterium myrsinacearum	Bacteria
373073cc-fb49-4cf8-afcc-02472f65af09	28101	1.0	confident	Phyllobacterium myrsinacearum	Bacteria
7b3f4ec3-bb2a-4966-8f24-0c08b23a5654	28101	1.0	confident	Phyllobacterium myrsinacearum	Bacteria
f6aa2cbe-3bc3-4224-9147-1906934f2c66	28101	1.0	confident	Phyllobacterium myrsinacearum	Bacteria
0c6dece2-0145-471c-bf77-483169798dbd	28101	1.0	confident	Phyllobacterium myrsinacearum	Bacteria
bcd87ad0-b5c9-415a-8180-f6fae3118bf7	28101	1.0	confident	Phyllobacterium myrsinacearum	Bacteria
0bd6e241-6cd4-493c-b401-6cb1fd39909b	28101	1.0	confident	Phyllobacterium myrsinacearum	Bacteria
fccc9d82-46af-42b3-b617-7cd66b62b536	28101	1.0	confident	Phyllobacterium myrsinacearum	Bacteria
f63dcce4-02aa-40e6-ba32-a009ef6c0a88	28101	1.0	confident	Phyllobacterium myrsinacearum	Bacteria
f815d91a-4280-485b-88c4-671b4fe120c3	28101	1.0	confident	Phyllobacterium myrsinacearum	Bacteria
27c0d63f-8751-4d04-aca2-f7cb1713b372	28101	1.0	confident	Phyllobacterium myrsinacearum	Bacteria
c895067b-8335-489a-abf5-5942d2b898cd	28101	1.0	confident	Phyllobacterium myrsinacearum	Bacteria
59781388-ddd0-4ae4-8331-ca1f7ab048a0	28101	1.0	confident	Phyllobacterium myrsinacearum	Bacteria
d1ae0a2d-0ced-4c8d-8506-957c610a382b	28101	1.0	confident	Phyllobacterium myrsinacearum	Bacteria
29364c04-b15f-4e25-b180-b6fbd38d4229	28101	1.0	confident	Phyllobacterium myrsinacearum	Bacteria
f64e096b-c741-495c-ad59-43f03413dfc7	28101	1.0	confident	Phyllobacterium myrsinacearum	Bacteria
30df49f8-5341-477c-b8a5-d752ae5db199	28101	1.0	confident	Phyllobacterium myrsinacearum	Bacteria
0b19007e-b53b-4e75-8315-839e3e333c7f	28101	1.0	confident	Phyllobacterium myrsinacearum	Bacteria
dd18c4dc-5cb8-47f4-88f3-8e4a07877094	28101	1.0	confident	Phyllobacterium myrsinacearum	Bacteria
4c770328-f739-4c68-9a1f-082c6f6df781	28101	1.0	confident	Phyllobacterium myrsinacearum	Bacteria
f7c56804-8ab1-4e1e-90a4-914b3975f314	28101	1.0	confident	Phyllobacterium myrsinacearum	Bacteria
1e064f0d-8972-443d-a612-22a9fd438adb	28101	1.0	confident	Phyllobacterium myrsinacearum	Bacteria
fc9d15a9-5cfc-4cd5-9cc4-8e76bf1089d8	28101	1.0	confident	Phyllobacterium myrsinacearum	Bacteria
d819c562-81b9-4027-8c9b-d435b97dcbca	28101	1.0	confident	Phyllobacterium myrsinacearum	Bacteria
d4b0fa6c-7771-4551-9e0f-46b814019e0a	28101	1.0	confident	Phyllobacterium myrsinacearum	Bacteria
334fde00-9c53-400f-929b-fcb2f79dbb1d	28101	1.0	confident	Phyllobacterium myrsinacearum	Bacteria
0344bfec-76f9-48a4-a95f-b03f1c0bd11f	28101	1.0	confident	Phyllobacterium myrsinacearum	Bacteria
c699742b-cec0-4267-835d-1cd146a16443	28101	1.0	confident	Phyllobacterium myrsinacearum	Bacteria
c607aac2-e595-48b2-99b6-57b53eea4c8e	28101	1.0	confident	Phyllobacterium myrsinacearum	Bacteria
e2fe2b20-748d-4555-8ebd-183889617bcf	28101	1.0	confident	Phyllobacterium myrsinacearum	Bacteria
9c5a0522-6a19-4566-a9d5-c461fca94ad5	28101	1.0	confident	Phyllobacterium myrsinacearum	Bacteria
eaeb382e-51ca-4d21-9494-7f257b4579c7	28101	1.0	confident	Phyllobacterium myrsinacearum	Bacteria
3facf288-10cf-48ec-a174-0d2f97acdcdf	28101	1.0	confident	Phyllobacterium myrsinacearum	Bacteria
2611f8ca-edfa-4ca6-a4bb-f6ec6c06aaa1	28101	1.0	confident	Phyllobacterium myrsinacearum	Bacteria
4c88f549-5386-41df-9b49-6a362d173ebc	28101	1.0	confident	Phyllobacterium myrsinacearum	Bacteria
85842f0d-0b6a-4670-b80b-697034e8965c	28101	1.0	confident	Phyllobacterium myrsinacearum	Bacteria
d878e7bb-7848-4b6e-a349-81f65c9959f0	28101	1.0	confident	Phyllobacterium myrsinacearum	Bacteria
878db0b2-3607-4c35-9fe2-19bb81ff4505	28101	1.0	confident	Phyllobacterium myrsinacearum	Bacteria
ceff1088-0ef0-451e-bb82-6652c8b27ccc	28101	1.0	confident	Phyllobacterium myrsinacearum	Bacteria
3916b782-c97d-41ad-a1e2-3b0bbc02581d	28101	1.0	confident	Phyllobacterium myrsinacearum	Bacteria
5c4da42e-5e34-4a00-be48-2a2e463c7c26	28101	1.0	confident	Phyllobacterium myrsinacearum	Bacteria
47266d84-bc11-4032-b2d5-3d29586a9188	28101	1.0	confident	Phyllobacterium myrsinacearum	Bacteria
79518875-5a51-447f-98ea-7391631261e6	28101	1.0	confident	Phyllobacterium myrsinacearum	Bacteria
1c9b4c95-1219-4843-9fca-20b07da42f5a	28101	1.0	confident	Phyllobacterium myrsinacearum	Bacteria
7b892409-e321-4201-b38e-93da1db3e447	28101	1.0	confident	Phyllobacterium myrsinacearum	Bacteria
52d882d4-012d-4b79-b484-fb8103845671	28101	1.0	confident	Phyllobacterium myrsinacearum	Bacteria
3a46758c-ac41-44d6-b19b-05e291776b96	28101	1.0	confident	Phyllobacterium myrsinacearum	Bacteria
c42b5943-ed96-459e-9c09-8a7feaa6b017	28101	1.0	confident	Phyllobacterium myrsinacearum	Bacteria
912da2a2-2fef-4d3a-ba23-ed68f44d2931	28101	1.0	confident	Phyllobacterium myrsinacearum	Bacteria
9cdada5b-3f8d-4c7f-a264-d0034bacee04	28101	1.0	confident	Phyllobacterium myrsinacearum	Bacteria
f56806c6-f412-4792-bef7-d0cbb8cb1ffc	28101	1.0	confident	Phyllobacterium myrsinacearum	Bacteria
34907cf0-cf68-4b2b-8ec2-1bb32bd9f2a4	28101	1.0	confident	Phyllobacterium myrsinacearum	Bacteria
b222571f-4aef-4a17-8860-cd107b682220	28101	1.0	confident	Phyllobacterium myrsinacearum	Bacteria
b326243e-02d4-4380-9cd0-5347baa9b975	28101	1.0	confident	Phyllobacterium myrsinacearum	Bacteria
4ad20182-6444-4745-bbdb-105183e897a6	28101	1.0	confident	Phyllobacterium myrsinacearum	Bacteria
d9f9b9a2-5e92-4bbc-ab31-9cf2923295d6	28101	1.0	confident	Phyllobacterium myrsinacearum	Bacteria
f869f6c7-99d2-4fd6-9fb7-5ecff8d3c83b	28101	1.0	confident	Phyllobacterium myrsinacearum	Bacteria
4f156d8c-d006-45ea-b4fb-f009a6bab832	28101	1.0	confident	Phyllobacterium myrsinacearum	Bacteria
97ae9969-1bf1-417c-8ca1-0be55a3dbe59	28101	1.0	confident	Phyllobacterium myrsinacearum	Bacteria
67929459-6fab-429d-95b0-d37f7164b8b0	28101	1.0	confident	Phyllobacterium myrsinacearum	Bacteria
be5935c0-279d-4d60-ab45-f8fcee80bbd3	28101	1.0	confident	Phyllobacterium myrsinacearum	Bacteria
0159f0d5-896a-4073-823e-4f018f9d8e77	28101	1.0	confident	Phyllobacterium myrsinacearum	Bacteria
2af34fd4-a0ec-4ef6-9f9d-c69ba1ace80b	28101	1.0	confident	Phyllobacterium myrsinacearum	Bacteria
b62924ef-1092-464b-b1c9-0528b4ef7304	28101	1.0	confident	Phyllobacterium myrsinacearum	Bacteria
36e88d01-2f83-4118-b4e8-2b5cddbe476a	28101	1.0	confident	Phyllobacterium myrsinacearum	Bacteria
fc7ab376-27af-4be2-a45e-66e049cc111f	28101	1.0	confident	Phyllobacterium myrsinacearum	Bacteria
109fe58e-b461-4872-a5f7-8d0f9b90a1d9	28101	1.0	confident	Phyllobacterium myrsinacearum	Bacteria
37451585-2542-4667-ac19-ee0ea069a2d5	28101	1.0	confident	Phyllobacterium myrsinacearum	Bacteria
84548fff-432f-4ca1-b8d5-2600238773cf	28101	1.0	confident	Phyllobacterium myrsinacearum	Bacteria
4a3cb3f3-b7bc-497f-acf0-54e4ae6915f2	28101	1.0	confident	Phyllobacterium myrsinacearum	Bacteria
a2c9a953-6739-4d9e-b92b-e107e91866e3	28101	1.0	confident	Phyllobacterium myrsinacearum	Bacteria
212e680b-d559-4abe-a0f8-00361987dcf5	28101	1.0	confident	Phyllobacterium myrsinacearum	Bacteria
097c7cf8-c3b2-43c4-99bc-31e9bbe50d46	28101	1.0	confident	Phyllobacterium myrsinacearum	Bacteria
ea80883b-c5ab-4b31-8771-3d6cc2a55cea	28101	1.0	confident	Phyllobacterium myrsinacearum	Bacteria
d8530731-abeb-42fa-b596-f72251abe962	28101	1.0	confident	Phyllobacterium myrsinacearum	Bacteria
72a105eb-00a9-4eb7-96fb-4ee442f9218e	28101	1.0	confident	Phyllobacterium myrsinacearum	Bacteria
392f2426-384c-4de6-a275-3d58cd266887	28101	1.0	confident	Phyllobacterium myrsinacearum	Bacteria
99a860f6-4c25-4ecc-a9e8-e6389d1d5497	28101	1.0	confident	Phyllobacterium myrsinacearum	Bacteria
63a5431d-2137-411b-8117-02741df2a897	28101	1.0	confident	Phyllobacterium myrsinacearum	Bacteria
a99897e9-4d48-480c-b2f4-ac2fecb99029	28101	1.0	confident	Phyllobacterium myrsinacearum	Bacteria
3bae7b79-4a8f-4fe6-a771-78d2b5889bc3	28101	1.0	confident	Phyllobacterium myrsinacearum	Bacteria
b3a82805-9d70-4a92-a7fd-d547d4612df9	28101	1.0	confident	Phyllobacterium myrsinacearum	Bacteria
30ccb753-18fb-423d-8d3e-a4ea204cdd45	28101	1.0	confident	Phyllobacterium myrsinacearum	Bacteria
c6fd1b22-1e9d-4a5d-94aa-9f1d5d024502	28101	1.0	confident	Phyllobacterium myrsinacearum	Bacteria
e2983e42-8580-413d-a9a9-f7c1b1f608da	28101	1.0	confident	Phyllobacterium myrsinacearum	Bacteria
bd3c60fe-5475-4870-9828-0d3e632da156	28101	1.0	confident	Phyllobacterium myrsinacearum	Bacteria
65254311-ccb4-4c08-ac29-f9975952d324	28101	1.0	confident	Phyllobacterium myrsinacearum	Bacteria
d2ed9429-8703-47e2-a50a-b10b73d031a4	28101	1.0	confident	Phyllobacterium myrsinacearum	Bacteria
a486d201-04b6-4946-b103-e5bff9c34de0	28101	1.0	confident	Phyllobacterium myrsinacearum	Bacteria
769bc34d-6a9e-42ea-a543-47f6b2c2e9d3	28101	1.0	confident	Phyllobacterium myrsinacearum	Bacteria
9584b052-227a-44f5-9241-d33203d2c3eb	28101	1.0	confident	Phyllobacterium myrsinacearum	Bacteria
1b8e5318-4508-4d34-b14f-3de052ee71ab	28101	1.0	confident	Phyllobacterium myrsinacearum	Bacteria
c0b4a5b5-09e2-4097-818a-5f00331b44d3	28101	1.0	confident	Phyllobacterium myrsinacearum	Bacteria
3bf2ece8-ac36-497c-a4e1-5ed4f84a7a03	28101	1.0	confident	Phyllobacterium myrsinacearum	Bacteria
ecb6cb33-36f3-4121-aab6-051e74dbf738	28101	1.0	confident	Phyllobacterium myrsinacearum	Bacteria
78af32c2-d444-4959-891e-0ff06c90a310	28101	1.0	confident	Phyllobacterium myrsinacearum	Bacteria
cd317c54-bc30-4b0a-92c3-8a78e98e5f29	28101	1.0	confident	Phyllobacterium myrsinacearum	Bacteria
51c3b488-b7d2-4cb9-92e2-74d3835efb52	28101	1.0	confident	Phyllobacterium myrsinacearum	Bacteria
f45a3b87-6988-499f-a97a-a517d104049c	28101	1.0	confident	Phyllobacterium myrsinacearum	Bacteria
f85fade7-ad26-4a67-9228-6832d337a2b5	28101	1.0	confident	Phyllobacterium myrsinacearum	Bacteria
e2525dca-3968-4afa-b638-14ae0e73f64e	28101	1.0	confident	Phyllobacterium myrsinacearum	Bacteria
cfc2e519-3734-4a80-a5d0-7de0d4c0f1f1	28101	1.0	confident	Phyllobacterium myrsinacearum	Bacteria
bc4be800-9cf2-4a03-a930-d8c411d69078	28101	1.0	confident	Phyllobacterium myrsinacearum	Bacteria
33492256-4225-4acb-9483-d11ef93be744	28101	1.0	confident	Phyllobacterium myrsinacearum	Bacteria
3bfc5d21-a8ca-4743-814b-e884cf1240ef	28101	1.0	confident	Phyllobacterium myrsinacearum	Bacteria
d8b6fd8d-d12e-4850-aed3-2995637d401b	28101	1.0	confident	Phyllobacterium myrsinacearum	Bacteria
b90224e7-ed26-4b43-a6e2-94e7bcd6e553	28101	1.0	confident	Phyllobacterium myrsinacearum	Bacteria
76f04173-dfb2-4c37-aabb-5c94485d91ae	28101	1.0	confident	Phyllobacterium myrsinacearum	Bacteria
8960e227-4360-448b-be47-5e05af4042d8	28101	1.0	confident	Phyllobacterium myrsinacearum	Bacteria
73591a68-2837-49fd-8074-f45cf63dd925	28101	1.0	confident	Phyllobacterium myrsinacearum	Bacteria
97b8d9ef-6c4a-4824-be2d-16fb4a5b0d30	28101	1.0	confident	Phyllobacterium myrsinacearum	Bacteria
c2fcd708-1f26-4757-8d48-346995a5606a	28101	1.0	confident	Phyllobacterium myrsinacearum	Bacteria
a1c9dca9-bbd9-4492-8f34-dfdd346f5079	28101	1.0	confident	Phyllobacterium myrsinacearum	Bacteria
ac4236ce-3534-4b66-9fd9-4b019b874a63	28101	1.0	confident	Phyllobacterium myrsinacearum	Bacteria
de37a83f-ce53-4eb6-aa85-f542120d4ff6	28101	1.0	confident	Phyllobacterium myrsinacearum	Bacteria
b8d10b79-01a5-4cce-886e-f189584022ba	28101	1.0	confident	Phyllobacterium myrsinacearum	Bacteria
c1cdbe7e-8b9a-45e9-9f5e-114ed4483e3a	28101	1.0	confident	Phyllobacterium myrsinacearum	Bacteria
230bc9db-dbed-46e4-9c91-ac069d357681	28101	1.0	confident	Phyllobacterium myrsinacearum	Bacteria
662ab128-16d4-43f1-a6a3-0fb7fc47555d	28101	1.0	confident	Phyllobacterium myrsinacearum	Bacteria
ca3ad820-961b-4f5d-a7aa-cd4d0c48ed6b	28101	1.0	confident	Phyllobacterium myrsinacearum	Bacteria
d0a2375d-54ba-4c56-91ae-d0ec1b5b36b2	28101	1.0	confident	Phyllobacterium myrsinacearum	Bacteria
fa9a3d60-13d6-422c-ad9e-b290113809e2	28101	1.0	confident	Phyllobacterium myrsinacearum	Bacteria
1e1a62ca-62ea-46f9-80e6-7bdc4c4630fc	28101	1.0	confident	Phyllobacterium myrsinacearum	Bacteria
03720aa0-5ae9-46d8-8ef5-51e7367face5	28101	1.0	confident	Phyllobacterium myrsinacearum	Bacteria
d3e3b4be-768b-4cdf-9483-83716739c34b	28101	1.0	confident	Phyllobacterium myrsinacearum	Bacteria
988ca953-4ef0-47f4-af62-129941932aec	28101	1.0	confident	Phyllobacterium myrsinacearum	Bacteria
5a56fbb7-3a5a-44e5-a1e7-b7c30edb2d39	28101	1.0	confident	Phyllobacterium myrsinacearum	Bacteria
e8a8f1bd-23ae-4f72-a717-33e8974e8aa1	28101	1.0	confident	Phyllobacterium myrsinacearum	Bacteria
330575d2-b0fb-41ff-a338-f0e12d8dc4f7	28101	1.0	confident	Phyllobacterium myrsinacearum	Bacteria
db65240b-4675-4707-9e26-c5758c299dbf	28101	1.0	confident	Phyllobacterium myrsinacearum	Bacteria
5496b681-68b0-4e0f-a6ee-2bb5f54bd97e	28101	1.0	confident	Phyllobacterium myrsinacearum	Bacteria
81ea8866-57eb-442a-979d-fec47ae102e4	28101	1.0	confident	Phyllobacterium myrsinacearum	Bacteria
404e0ed2-1788-4c95-b186-c85dd8fee495	28101	1.0	confident	Phyllobacterium myrsinacearum	Bacteria
33c63025-dcce-4a5d-8c59-ad034dd8bc42	28101	1.0	confident	Phyllobacterium myrsinacearum	Bacteria
3e2bf09a-0f2d-4519-b8a7-e0c707ab60e2	28101	1.0	confident	Phyllobacterium myrsinacearum	Bacteria
1976001a-1df5-43dc-8a96-859fc18ad894	28101	1.0	confident	Phyllobacterium myrsinacearum	Bacteria
1cfb8b87-2bc7-44fe-9c5a-29edd88244d1	28101	1.0	confident	Phyllobacterium myrsinacearum	Bacteria
c0dc4529-d099-40ac-b242-1330622ab5ba	28101	1.0	confident	Phyllobacterium myrsinacearum	Bacteria
ae2bf0c2-5a33-432c-9022-9d34eeee710d	28101	1.0	confident	Phyllobacterium myrsinacearum	Bacteria
8ca60709-d93e-4d6c-bb33-5add5526dbe9	28101	1.0	confident	Phyllobacterium myrsinacearum	Bacteria
8f44e4de-39ca-4ab7-ab52-662b1322d116	28101	1.0	confident	Phyllobacterium myrsinacearum	Bacteria
b6d85de0-60a5-4d36-bc65-d8ec1243c4a1	28101	1.0	confident	Phyllobacterium myrsinacearum	Bacteria
ea7db131-0474-4755-9238-8b2e43adfde7	28101	1.0	confident	Phyllobacterium myrsinacearum	Bacteria
befb624c-cf60-4d57-aa30-87c16058c7a1	28101	1.0	confident	Phyllobacterium myrsinacearum	Bacteria
f271d682-e8b6-476f-81f1-3a4863d036c4	28101	1.0	confident	Phyllobacterium myrsinacearum	Bacteria
15eb74a2-afb4-410c-8099-f080bbbdaacf	28101	1.0	confident	Phyllobacterium myrsinacearum	Bacteria
a8d10038-cfe4-4cd3-87ed-1d08ff9bfa21	28101	1.0	confident	Phyllobacterium myrsinacearum	Bacteria
330c9d12-9a71-4511-8e6f-a3273ba624a0	28101	1.0	confident	Phyllobacterium myrsinacearum	Bacteria
9f127cda-aa99-4d73-9f1a-5aa29fdb96c0	28101	1.0	confident	Phyllobacterium myrsinacearum	Bacteria
b1491542-e53b-4d3d-bea9-bb26306a04be	28101	1.0	confident	Phyllobacterium myrsinacearum	Bacteria
10b53397-c526-4f49-b980-f54c5ea72cb0	28101	1.0	confident	Phyllobacterium myrsinacearum	Bacteria
6d01a742-1d97-460b-b144-c5be0afcfeb7	28101	1.0	confident	Phyllobacterium myrsinacearum	Bacteria
82035f2c-2997-4d7c-a3ae-5fc8ef076fcf	28101	1.0	confident	Phyllobacterium myrsinacearum	Bacteria
ba5a19f0-bdd3-4abc-b2a6-1abb17dfa1af	28101	1.0	confident	Phyllobacterium myrsinacearum	Bacteria
24bb6e4e-2489-43f9-bd7e-80291a1e909a	28101	1.0	confident	Phyllobacterium myrsinacearum	Bacteria
74593c61-130b-4b69-b267-b1cecb0da50f	28101	1.0	confident	Phyllobacterium myrsinacearum	Bacteria
27ae930d-de44-4044-a2f9-5f456ee6ed24	28101	1.0	confident	Phyllobacterium myrsinacearum	Bacteria
2bac577d-479f-4e21-9c34-7433abf7fef3	28101	1.0	confident	Phyllobacterium myrsinacearum	Bacteria
ee7bb9e2-397b-4646-872a-a57479d72e25	28101	1.0	confident	Phyllobacterium myrsinacearum	Bacteria
ebb110d8-fe97-4b7a-8700-6874a171e730	28101	1.0	confident	Phyllobacterium myrsinacearum	Bacteria
c6dbd8a4-22b4-4dd7-81cf-a94dfc3aa432	28101	1.0	confident	Phyllobacterium myrsinacearum	Bacteria
f00fcb14-74ff-4ced-9906-8fe039b1f34f	28101	1.0	confident	Phyllobacterium myrsinacearum	Bacteria
32fea819-235c-42ca-ac86-d5a3f71744ec	28101	1.0	confident	Phyllobacterium myrsinacearum	Bacteria
fce53e6e-132f-4fb6-a3ad-a7c6e64c449d	28101	1.0	confident	Phyllobacterium myrsinacearum	Bacteria
3a27b7e7-d252-4e88-bf69-99bf17fbd2a8	28101	1.0	confident	Phyllobacterium myrsinacearum	Bacteria
55c1b010-35fd-430a-8e27-ef3c4b6d5895	28101	1.0	confident	Phyllobacterium myrsinacearum	Bacteria
49820a02-2764-482a-8ee4-481d020a261b	28101	1.0	confident	Phyllobacterium myrsinacearum	Bacteria
2c0ba40e-c3dd-4249-b9ff-067daa7f3d0c	28101	1.0	confident	Phyllobacterium myrsinacearum	Bacteria
3780a265-d6b9-4a5d-a5d8-91a7f4eb6311	28101	1.0	confident	Phyllobacterium myrsinacearum	Bacteria
bd453388-a502-4236-b34e-933697ca8bc2	28101	1.0	confident	Phyllobacterium myrsinacearum	Bacteria
df849575-e9cd-4103-896b-0ea6f6fc3abd	28101	1.0	confident	Phyllobacterium myrsinacearum	Bacteria
a06c5858-a112-477e-af35-c885b0767298	28101	1.0	confident	Phyllobacterium myrsinacearum	Bacteria
82a77d0d-9091-40b0-a8a3-0f4c626cd1ca	28101	1.0	confident	Phyllobacterium myrsinacearum	Bacteria
4b80e489-d597-4c45-bb45-5be94827c6f7	28101	1.0	confident	Phyllobacterium myrsinacearum	Bacteria
40235a2f-0f26-4ac9-9a9c-a56af10286c5	28101	1.0	confident	Phyllobacterium myrsinacearum	Bacteria
f879ad8d-2a07-4573-81f0-663982774f41	28101	1.0	confident	Phyllobacterium myrsinacearum	Bacteria
fecfe056-7ecc-43f1-a9ed-af2f4781c10e	28101	1.0	confident	Phyllobacterium myrsinacearum	Bacteria
6c56477d-bc05-4839-93a6-f4d074ad8cf9	28101	1.0	confident	Phyllobacterium myrsinacearum	Bacteria
b5fcc5a8-fac8-4805-a2fc-2660d8bcbed5	28101	1.0	confident	Phyllobacterium myrsinacearum	Bacteria
da9eb47c-00d4-4fa4-9194-eb98c067e303	28101	1.0	confident	Phyllobacterium myrsinacearum	Bacteria
3bda7f99-0fa9-4965-b737-1d812f622d80	28101	1.0	confident	Phyllobacterium myrsinacearum	Bacteria
42866408-cb5b-49eb-b432-41e8d92d74d3	28101	1.0	confident	Phyllobacterium myrsinacearum	Bacteria
6af360ca-54d0-42c0-a545-2d3bbe4f01d6	28101	1.0	confident	Phyllobacterium myrsinacearum	Bacteria
5394085b-1d6b-41ae-9950-60344f641f32	28101	1.0	confident	Phyllobacterium myrsinacearum	Bacteria
f6657bab-8e0f-4a00-ba37-130b1cffd4c9	28101	1.0	confident	Phyllobacterium myrsinacearum	Bacteria
544991cc-608d-45bc-bdf5-25c4ba9e7ad3	28101	1.0	confident	Phyllobacterium myrsinacearum	Bacteria
c73f72a7-f09f-4fbb-ab26-c5b04ef4046a	28101	1.0	confident	Phyllobacterium myrsinacearum	Bacteria
10f8e7bc-c690-4a28-8857-50cb34072403	28101	1.0	confident	Phyllobacterium myrsinacearum	Bacteria
126cb50e-dd15-4cbf-ba3d-a1797b8dc7e6	28101	1.0	confident	Phyllobacterium myrsinacearum	Bacteria
aabf0a36-fae0-4855-832a-7ef69bd7a8ee	28101	1.0	confident	Phyllobacterium myrsinacearum	Bacteria
4e3af622-c93c-43e3-9421-59063e7b37ba	28101	1.0	confident	Phyllobacterium myrsinacearum	Bacteria
45d39038-6292-4685-ac67-15c1aef4d53d	28101	1.0	confident	Phyllobacterium myrsinacearum	Bacteria
7e8b0974-745f-4c67-941b-c5fd68254ee4	28101	1.0	confident	Phyllobacterium myrsinacearum	Bacteria
c7dbfeb4-56be-4bb9-b2ed-9dfe786b9e52	28101	1.0	confident	Phyllobacterium myrsinacearum	Bacteria
f3659b11-0d82-4424-a2cb-9cf14a88f7ad	28101	1.0	confident	Phyllobacterium myrsinacearum	Bacteria
f530e474-c754-49ce-b190-5cd12675e1f2	28101	1.0	confident	Phyllobacterium myrsinacearum	Bacteria
97cd40c1-70e7-4872-acbe-5b23f3f3cccf	28101	1.0	confident	Phyllobacterium myrsinacearum	Bacteria
3ad4ecf5-1c72-400c-bf33-235064629a4f	28101	1.0	confident	Phyllobacterium myrsinacearum	Bacteria
1a4dacc5-d535-406e-9f8b-ccbde22f35ab	28101	1.0	confident	Phyllobacterium myrsinacearum	Bacteria
72dd114a-9a91-4157-93bc-7e386de334d6	28101	1.0	confident	Phyllobacterium myrsinacearum	Bacteria
174fb73b-9131-4664-9cba-56998527f80c	28101	1.0	confident	Phyllobacterium myrsinacearum	Bacteria
8f00bd31-765d-4db3-97b2-4303c1f8f549	28101	1.0	confident	Phyllobacterium myrsinacearum	Bacteria
035d5fa6-f7b9-4380-9380-2708866f5d33	28101	1.0	confident	Phyllobacterium myrsinacearum	Bacteria
e1799832-fe03-48bd-81c4-e6a72c668884	28101	1.0	confident	Phyllobacterium myrsinacearum	Bacteria
441c3459-0e90-4f7e-b735-dc0db8255f60	28101	1.0	confident	Phyllobacterium myrsinacearum	Bacteria
4ea368c4-247a-42e7-949b-994272b5ba62	28101	1.0	confident	Phyllobacterium myrsinacearum	Bacteria
7f2dd147-9f71-4b23-a37e-f352453e3f0c	28101	1.0	confident	Phyllobacterium myrsinacearum	Bacteria
86038ad5-7549-4210-afcf-76f076335bb4	28101	1.0	confident	Phyllobacterium myrsinacearum	Bacteria
a2f2478a-01d7-419e-8a5b-fdc8b0149565	28101	1.0	confident	Phyllobacterium myrsinacearum	Bacteria
f6c5d2a8-be0e-42be-bd95-9d0130ea993e	28101	1.0	confident	Phyllobacterium myrsinacearum	Bacteria
e6814c17-6b20-4126-81b7-da8fcba3ea38	28101	1.0	confident	Phyllobacterium myrsinacearum	Bacteria
1c971620-2f69-406b-83d3-9587a624ba53	28101	1.0	confident	Phyllobacterium myrsinacearum	Bacteria
fea4ae8b-0458-4441-bb81-e13290cb50a8	28101	1.0	confident	Phyllobacterium myrsinacearum	Bacteria
1610a111-991b-4cf1-9f5d-963327ed6dfe	28101	1.0	confident	Phyllobacterium myrsinacearum	Bacteria
17838f56-fe96-43bf-8c55-68b154942e90	28101	1.0	confident	Phyllobacterium myrsinacearum	Bacteria
f387871c-c043-4f1b-b6e4-f2da1b26707f	28101	1.0	confident	Phyllobacterium myrsinacearum	Bacteria
c42f94bd-69e2-4120-92ee-c2988c651241	28101	1.0	confident	Phyllobacterium myrsinacearum	Bacteria
118ff33d-f30d-44f2-9bf7-674cbd44883c	28101	1.0	confident	Phyllobacterium myrsinacearum	Bacteria
ef7aec49-6b95-4109-b7f0-a71492a9a4b4	28101	1.0	confident	Phyllobacterium myrsinacearum	Bacteria
6059632a-ca2d-400f-af89-7137ca948e4c	28101	1.0	confident	Phyllobacterium myrsinacearum	Bacteria
09529c89-499e-4669-958e-ec1b6195c67c	28101	1.0	confident	Phyllobacterium myrsinacearum	Bacteria
b4768911-4c35-4a60-bcda-87ea02968026	28101	1.0	confident	Phyllobacterium myrsinacearum	Bacteria
514998cb-1475-4703-8805-925e515f9174	28101	1.0	confident	Phyllobacterium myrsinacearum	Bacteria
402fb9be-cfe2-4ba0-bdac-02ee2cd4f6ee	28101	1.0	confident	Phyllobacterium myrsinacearum	Bacteria
38eb7435-2c04-4124-9687-c803aff3e554	28101	1.0	confident	Phyllobacterium myrsinacearum	Bacteria
5301fbbb-628f-4be5-9080-c78452b59203	28101	1.0	confident	Phyllobacterium myrsinacearum	Bacteria
0ff4aafb-ce90-4ca6-b517-33b371e06be4	28101	1.0	confident	Phyllobacterium myrsinacearum	Bacteria
b08d5bc1-bfd5-4a90-bc4f-ef8a200019be	28101	1.0	confident	Phyllobacterium myrsinacearum	Bacteria
4295a712-f750-4d71-aa36-681bfa84137f	28101	1.0	confident	Phyllobacterium myrsinacearum	Bacteria
02b08124-f84c-4e1c-bd1a-cf9d0fba5477	28101	1.0	confident	Phyllobacterium myrsinacearum	Bacteria
8c978b6a-d362-4f33-9b5e-c8f21e2ec8ca	28101	1.0	confident	Phyllobacterium myrsinacearum	Bacteria
242fe5a5-2541-4664-b4c3-e8d7cee640c4	28101	1.0	confident	Phyllobacterium myrsinacearum	Bacteria
947726a1-e993-4db9-947d-5828929e2aa8	28101	1.0	confident	Phyllobacterium myrsinacearum	Bacteria
fdac4610-7f22-4099-b485-d1d7528a6c86	28101	1.0	confident	Phyllobacterium myrsinacearum	Bacteria
40186969-8f2f-40ad-8961-caa51f7a7404	28101	1.0	confident	Phyllobacterium myrsinacearum	Bacteria
2d7c67e8-1619-47bb-9f99-db383e018928	28101	1.0	confident	Phyllobacterium myrsinacearum	Bacteria
5b48cc02-438b-4396-bcc4-c159ffd1d9a0	28101	1.0	confident	Phyllobacterium myrsinacearum	Bacteria
2808162b-c80a-469f-b58e-6b08f6662768	28101	1.0	confident	Phyllobacterium myrsinacearum	Bacteria
b01c52af-7c58-4e24-8062-ef1fb6c21d1a	28101	1.0	confident	Phyllobacterium myrsinacearum	Bacteria
d197201d-829a-4876-b283-d97641d035c1	28101	1.0	confident	Phyllobacterium myrsinacearum	Bacteria
7062139d-8505-4ed7-8a08-6070491bc122	28101	1.0	confident	Phyllobacterium myrsinacearum	Bacteria
108b7b1b-65d9-4a88-9e98-6c8df4da8433	28101	1.0	confident	Phyllobacterium myrsinacearum	Bacteria
a82a597c-3e6c-43d1-95b6-5b2808589745	28101	1.0	confident	Phyllobacterium myrsinacearum	Bacteria
235f4530-d9b4-445e-97d8-e51badd2eaec	40214	1.0	confident	Acinetobacter johnsonii	Bacteria
2786a95a-0ac4-4e83-8df9-bd2ad7cb1485	40214	1.0	confident	Acinetobacter johnsonii	Bacteria
aa15082e-5802-422f-be87-2668409887ae	40214	1.0	confident	Acinetobacter johnsonii	Bacteria
10f1b6d4-4b7d-4c71-b573-0385d5aeae7d	40214	1.0	confident	Acinetobacter johnsonii	Bacteria
a4fadb18-8614-4cf0-a4ff-27813b845ca3	40214	1.0	confident	Acinetobacter johnsonii	Bacteria
54f91127-c326-423d-a035-4accdacef6fc	40214	1.0	confident	Acinetobacter johnsonii	Bacteria
8282a3b9-09bc-46b0-b654-e41b367e4351	40214	1.0	confident	Acinetobacter johnsonii	Bacteria
a4e80127-c1af-4e69-9403-4c9e3817ee11	40214	1.0	confident	Acinetobacter johnsonii	Bacteria
01602273-da20-4bef-89ff-739ceef1b7b8	40214	1.0	confident	Acinetobacter johnsonii	Bacteria
fa912c7b-3e09-4fba-b64f-870f003debc8	40214	1.0	confident	Acinetobacter johnsonii	Bacteria
e7d0123b-1344-4ce8-84fc-550ed4ad981e	40214	1.0	confident	Acinetobacter johnsonii	Bacteria
3268a727-214f-4c9e-999b-83dd5a1b9824	40214	1.0	confident	Acinetobacter johnsonii	Bacteria
8dfbf4c9-f1ef-4de9-b148-fb0269896d2d	40214	1.0	confident	Acinetobacter johnsonii	Bacteria
62890f6c-3223-4132-993c-5fa093079594	40214	1.0	confident	Acinetobacter johnsonii	Bacteria
aa431ef8-32b6-45d5-bb74-3ba271235afa	40214	1.0	confident	Acinetobacter johnsonii	Bacteria
06510a48-62e0-4471-b6a0-0d72d914e68b	40214	1.0	confident	Acinetobacter johnsonii	Bacteria
e93a3aa2-b5ca-4b69-8f90-ba1ebefc0e35	40214	1.0	confident	Acinetobacter johnsonii	Bacteria
88645653-a38d-4c9d-b8d3-6cfb92c01c94	40214	1.0	confident	Acinetobacter johnsonii	Bacteria
6c0546e7-2b8e-4c34-aa6e-6b3fd50ca366	40214	1.0	confident	Acinetobacter johnsonii	Bacteria
0e37179d-d16e-4de6-a002-261c30df6a7a	40214	1.0	confident	Acinetobacter johnsonii	Bacteria
6b792c33-7f8c-4865-a80d-3ac236e77afa	40214	1.0	confident	Acinetobacter johnsonii	Bacteria
31112896-f8c5-4349-a624-3daf1c14605c	40214	1.0	confident	Acinetobacter johnsonii	Bacteria
df03a386-4cf6-4818-9304-b980abcf2b18	40214	1.0	confident	Acinetobacter johnsonii	Bacteria
edefa5a2-b994-471b-ae83-4571fe6b4114	40214	1.0	confident	Acinetobacter johnsonii	Bacteria
bc8753fb-f556-48ee-bb81-af2982151722	40214	1.0	confident	Acinetobacter johnsonii	Bacteria
05d63564-07db-45db-af2d-d3606670a222	40214	1.0	confident	Acinetobacter johnsonii	Bacteria
382a0601-b3f7-49ea-a943-ddac76476f21	40214	1.0	confident	Acinetobacter johnsonii	Bacteria
0c2960a9-940a-4ad4-8995-4e8493a4314a	40214	1.0	confident	Acinetobacter johnsonii	Bacteria
2f7b3d96-c74b-4d3a-83cf-966e7cdf4a91	40214	1.0	confident	Acinetobacter johnsonii	Bacteria
2ff2053d-a842-4d16-b75f-3165281dd141	40214	1.0	confident	Acinetobacter johnsonii	Bacteria
0083bb9a-3d9b-4703-8ebc-1e59be8eb1de	40214	1.0	confident	Acinetobacter johnsonii	Bacteria
af6d864e-0308-498b-b01c-d3230b8e4d12	40214	1.0	confident	Acinetobacter johnsonii	Bacteria
049bb0b8-0701-46b5-aebb-261b925775fd	40214	1.0	confident	Acinetobacter johnsonii	Bacteria
8a97b397-260a-400e-817f-3bcbfd00d319	40214	1.0	confident	Acinetobacter johnsonii	Bacteria
7eaf40e6-c451-44cb-84b4-d091fa760f71	40214	1.0	confident	Acinetobacter johnsonii	Bacteria
522afb68-99e7-44df-b348-6847044078ad	40214	1.0	confident	Acinetobacter johnsonii	Bacteria
860bb654-0b9e-44d2-85ec-4d6824af99a5	40214	1.0	confident	Acinetobacter johnsonii	Bacteria
734d85af-a9a8-469e-97f7-a2a6e4333bb1	40214	1.0	confident	Acinetobacter johnsonii	Bacteria
aa0fac31-2813-4f8e-9c2f-fab410719ed8	40214	1.0	confident	Acinetobacter johnsonii	Bacteria
2d068471-4734-4abd-bc25-b8899456b845	40214	1.0	confident	Acinetobacter johnsonii	Bacteria
b4b2cdf2-530e-4002-8425-a97c45c7ac32	40214	1.0	confident	Acinetobacter johnsonii	Bacteria
310ccdba-ac77-41af-ab86-870ff849d87b	40214	1.0	confident	Acinetobacter johnsonii	Bacteria
c60a9029-f84f-4583-b884-221a1c5fa516	40214	1.0	confident	Acinetobacter johnsonii	Bacteria
c8590f00-0dc2-4d29-9960-540488caa0c4	40214	1.0	confident	Acinetobacter johnsonii	Bacteria
f668af9b-0c99-49c2-ad42-2b921366516a	40214	1.0	confident	Acinetobacter johnsonii	Bacteria
12a01bab-e27f-4c4d-a676-f87fa35fc57c	40214	1.0	confident	Acinetobacter johnsonii	Bacteria
403f0408-e5c3-4cbd-a86f-62e029b23947	40214	1.0	confident	Acinetobacter johnsonii	Bacteria
1e7db179-30d7-48f1-9e99-d0e662b589ba	40214	1.0	confident	Acinetobacter johnsonii	Bacteria
e75a9d95-865c-4f40-8f30-34e791587652	40214	1.0	confident	Acinetobacter johnsonii	Bacteria
7dc60611-45a2-4688-b3e5-2fe84e572156	40214	1.0	confident	Acinetobacter johnsonii	Bacteria
5809a6e8-3ffb-4603-ab83-0da9e7cc8ce8	40214	1.0	confident	Acinetobacter johnsonii	Bacteria
9b149537-128b-4fb4-b515-c3988346428e	40214	1.0	confident	Acinetobacter johnsonii	Bacteria
6f8ac3cb-ac4a-452a-9911-c1ed553bf3e0	40214	1.0	confident	Acinetobacter johnsonii	Bacteria
1d3c992a-1c7a-466a-bfdf-58dfe194e872	40214	1.0	confident	Acinetobacter johnsonii	Bacteria
00276e5c-1eca-42b9-bc21-006d8f2d8f58	40214	1.0	confident	Acinetobacter johnsonii	Bacteria
598c81c8-8f64-4ee3-b79e-80cf8904c7da	40214	1.0	confident	Acinetobacter johnsonii	Bacteria
557dda7b-f345-46d8-ac4e-bf2a7eacf44b	40214	1.0	confident	Acinetobacter johnsonii	Bacteria
ffe9ecb9-2f38-4948-a41c-b72af3bf3774	40214	1.0	confident	Acinetobacter johnsonii	Bacteria
d16189bb-1e55-4053-a08c-152878c3deaf	40214	1.0	confident	Acinetobacter johnsonii	Bacteria
4ae1d01d-7815-4b42-be0b-41e610cad05d	40214	1.0	confident	Acinetobacter johnsonii	Bacteria
707e5bd1-43ea-4c4c-819e-fc0ab29d2cce	40214	1.0	confident	Acinetobacter johnsonii	Bacteria
18e41c07-888a-4dee-b0ec-4cb3a1b8b82d	40214	1.0	confident	Acinetobacter johnsonii	Bacteria
55e2e83e-f2a6-42c2-8b65-50dad60f8061	40214	1.0	confident	Acinetobacter johnsonii	Bacteria
ac665a2b-1d01-4209-b532-8b9ab970089a	40214	1.0	confident	Acinetobacter johnsonii	Bacteria
49d5540c-69e3-4b9d-a3f1-70bada2f1ddd	40214	1.0	confident	Acinetobacter johnsonii	Bacteria
c6d435cc-209b-45ab-abed-04d47fc2939e	40214	1.0	confident	Acinetobacter johnsonii	Bacteria
f896ffd2-1c93-4f56-a6d2-3a9f5a20e6f9	40214	1.0	confident	Acinetobacter johnsonii	Bacteria
e4d02d40-a7d2-434b-a75b-0b2cdd678e65	40214	1.0	confident	Acinetobacter johnsonii	Bacteria
fbae31c7-6729-4d6c-b3da-cb49bb3d49a6	40214	1.0	confident	Acinetobacter johnsonii	Bacteria
04c94f1d-17a0-41ad-af2d-c17d8976e86b	40214	1.0	confident	Acinetobacter johnsonii	Bacteria
65158c61-528b-46e7-83b2-b6cf0b811d9b	40214	1.0	confident	Acinetobacter johnsonii	Bacteria
edfd35ff-7c00-4785-a38d-642ba5eb5e6d	40214	1.0	confident	Acinetobacter johnsonii	Bacteria
8d065531-0e8f-436a-8a0a-6e2d908e1c35	40214	1.0	confident	Acinetobacter johnsonii	Bacteria
91a6a4a1-061c-44ce-9eea-3dc314d33668	40214	1.0	confident	Acinetobacter johnsonii	Bacteria
3fb8dab5-5656-47d6-9580-4d4d049134af	40214	1.0	confident	Acinetobacter johnsonii	Bacteria
6bf987b9-5820-4e90-97f1-306df435e1b6	40214	1.0	confident	Acinetobacter johnsonii	Bacteria
8bf2bdba-e4f0-439a-a8c2-3116495f5dcf	40214	1.0	confident	Acinetobacter johnsonii	Bacteria
91cce7da-9f33-49b1-800e-8f3e58647ff1	40214	1.0	confident	Acinetobacter johnsonii	Bacteria
81cab1d4-3289-4b2e-95fc-5c970e253dbb	40214	1.0	confident	Acinetobacter johnsonii	Bacteria
3bb4b808-1874-40e9-aed7-cc8ad5adeda4	40214	1.0	confident	Acinetobacter johnsonii	Bacteria
f7096593-aad0-4feb-8c00-f81aad2fd764	40214	1.0	confident	Acinetobacter johnsonii	Bacteria
892545b4-9033-4478-a376-5d0b7ce063cf	40214	1.0	confident	Acinetobacter johnsonii	Bacteria
a04e247e-f743-450c-8b71-722217a5cc50	40214	1.0	confident	Acinetobacter johnsonii	Bacteria
fb5e062a-d7a4-4548-8e15-de5924af613b	40214	1.0	confident	Acinetobacter johnsonii	Bacteria
19a792bf-5bf1-481f-8eb6-0079b6cf6915	40214	1.0	confident	Acinetobacter johnsonii	Bacteria
6cb0c72e-3491-4c97-8940-da4d2ed33759	40214	1.0	confident	Acinetobacter johnsonii	Bacteria
66efd2df-2ca1-4045-a1da-b2456d2fcb0e	40214	1.0	confident	Acinetobacter johnsonii	Bacteria
3b1e6e03-5a78-4e81-bd3d-83f6036ae59a	40214	1.0	confident	Acinetobacter johnsonii	Bacteria
d7fb7b9f-c8a7-452a-837f-039351e56b21	40214	1.0	confident	Acinetobacter johnsonii	Bacteria
cc3400e6-410f-4276-a0ef-154b3afac86a	40214	1.0	confident	Acinetobacter johnsonii	Bacteria
04f3f463-b199-447e-8c4f-57db5877de50	40214	1.0	confident	Acinetobacter johnsonii	Bacteria
c8c91b69-96a4-4f5e-8109-8bda9e334faf	40214	1.0	confident	Acinetobacter johnsonii	Bacteria
33a3c669-b396-4ff0-a971-45c3f9656cc6	40214	1.0	confident	Acinetobacter johnsonii	Bacteria
441f86d3-8c32-47f3-a343-8c9fc9bf872f	40214	1.0	confident	Acinetobacter johnsonii	Bacteria
343e515c-67c7-423c-b560-8e8cfca4f85a	40214	1.0	confident	Acinetobacter johnsonii	Bacteria
2ebde176-4043-4b6f-b933-107c88f8d05b	40214	1.0	confident	Acinetobacter johnsonii	Bacteria
514bb7b4-26a5-4ce3-86c4-3ee6b1ea5170	40214	1.0	confident	Acinetobacter johnsonii	Bacteria
b43b27bf-d916-466c-8c41-24beb2ec8cbd	40214	1.0	confident	Acinetobacter johnsonii	Bacteria
afd8a26b-1d22-4cd7-b085-35e48ec2dfe8	40214	1.0	confident	Acinetobacter johnsonii	Bacteria
408ad3c8-ded0-4a17-9807-1ce831ec9975	40214	1.0	confident	Acinetobacter johnsonii	Bacteria
8aedd148-4908-46cd-af93-bf1ed46ce7a5	40214	1.0	confident	Acinetobacter johnsonii	Bacteria
c1e6a338-d670-4abe-8a73-f6a3b0b3a2e4	40214	1.0	confident	Acinetobacter johnsonii	Bacteria
5251bc4d-7823-4769-8e30-5be5039bc631	40214	1.0	confident	Acinetobacter johnsonii	Bacteria
d39e4ac6-0a6f-414f-861d-9ac66f801b8f	40214	1.0	confident	Acinetobacter johnsonii	Bacteria
fc917bd5-2abc-4d60-a8c6-f5bed129b57c	40214	1.0	confident	Acinetobacter johnsonii	Bacteria
946194e1-20b7-4e1b-973f-2b5c47390fdc	40214	1.0	confident	Acinetobacter johnsonii	Bacteria
d93ef5cd-73a9-47b3-b441-c07e513e7078	40214	1.0	confident	Acinetobacter johnsonii	Bacteria
97c0c020-1a4f-492e-82a7-675f31dc94d6	40214	1.0	confident	Acinetobacter johnsonii	Bacteria
bfc0dae9-df4f-4f9c-8610-46fe28b99512	40214	1.0	confident	Acinetobacter johnsonii	Bacteria
f560ba7c-77b7-49b9-b79b-5a1f1d488c0e	40214	1.0	confident	Acinetobacter johnsonii	Bacteria
3384c4a9-0c3d-466c-88c8-24190b3a2b3d	40214	1.0	confident	Acinetobacter johnsonii	Bacteria
97953a50-39f7-46bc-92e0-fb94c28e11fa	40214	1.0	confident	Acinetobacter johnsonii	Bacteria
a3c9a6a0-5271-45d5-9107-35d5c155a9f6	40214	1.0	confident	Acinetobacter johnsonii	Bacteria
311248b2-e9fd-49cd-b06d-113c299a57e6	40214	1.0	confident	Acinetobacter johnsonii	Bacteria
aeaf894e-67ae-4dbc-9eab-ca85075ab801	40214	1.0	confident	Acinetobacter johnsonii	Bacteria
c31cb45e-570e-4117-86f3-2d74f8b75fe2	40214	1.0	confident	Acinetobacter johnsonii	Bacteria
403933ca-99a3-44c8-b5d1-7e55acd63002	40214	0.999999999997119	high	Acinetobacter johnsonii	Bacteria
2dc2fab3-c884-46ab-97bd-34b3225ade16	40214	1.0	confident	Acinetobacter johnsonii	Bacteria
12a395bf-927b-424a-a4b4-f1bc8520c3b3	40214	1.0	confident	Acinetobacter johnsonii	Bacteria
54042bbf-74c7-4313-ad19-664d4c1bbadc	40214	1.0	confident	Acinetobacter johnsonii	Bacteria
d57d85e6-ac68-4667-8f85-832ed1ea3aed	40214	1.0	confident	Acinetobacter johnsonii	Bacteria
8341cb2c-40d4-4056-a73c-ef94b8d6e0d5	40214	1.0	confident	Acinetobacter johnsonii	Bacteria
c96257db-0cd4-497d-add4-9e3ffaa3e4ae	40214	1.0	confident	Acinetobacter johnsonii	Bacteria
18b6b837-a9ad-42f2-b80e-f0c06c9635f0	40214	1.0	confident	Acinetobacter johnsonii	Bacteria
3b71c6e7-9e6a-463b-acc2-d566aad7ff69	40214	1.0	confident	Acinetobacter johnsonii	Bacteria
01249889-94a4-4353-96c1-7595091056e8	40214	1.0	confident	Acinetobacter johnsonii	Bacteria
d7a3f87f-452b-49da-8006-a5e40342b3b9	40214	1.0	confident	Acinetobacter johnsonii	Bacteria
6e5e1e29-8f4c-414a-b6d3-a20d2d68cab4	40214	1.0	confident	Acinetobacter johnsonii	Bacteria
87cf4c86-59c2-43f7-8009-a44d79117b25	40214	1.0	confident	Acinetobacter johnsonii	Bacteria
59c49a19-9e46-4276-a844-3c26aaa3a317	40214	1.0	confident	Acinetobacter johnsonii	Bacteria
55658e75-465c-49c0-b32a-6499d0f4e91c	40214	1.0	confident	Acinetobacter johnsonii	Bacteria
db7ed638-e1c6-44d8-a4ac-e10d57ee02e2	40214	1.0	confident	Acinetobacter johnsonii	Bacteria
965bbbcc-c483-434c-bc77-680ef5e21b18	40214	1.0	confident	Acinetobacter johnsonii	Bacteria
6322fe73-5177-41ac-b256-a221622821ad	40214	1.0	confident	Acinetobacter johnsonii	Bacteria
9be6bd19-9bed-483c-a46b-80988039be18	40214	1.0	confident	Acinetobacter johnsonii	Bacteria
826ebce1-a5d9-4949-8103-a1d43c8f9169	40214	1.0	confident	Acinetobacter johnsonii	Bacteria
29d7d1da-696a-4f83-b604-b4bcf9338355	40214	1.0	confident	Acinetobacter johnsonii	Bacteria
aab88b93-f440-4fac-b5f3-7a52d616049f	40214	1.0	confident	Acinetobacter johnsonii	Bacteria
0f66f481-f379-4926-91ab-981e258519e1	40214	1.0	confident	Acinetobacter johnsonii	Bacteria
e9eed8bc-8a12-4a20-af70-078ffd493a36	40214	1.0	confident	Acinetobacter johnsonii	Bacteria
a4c51d35-9230-4885-a448-a2806d2397f7	40214	1.0	confident	Acinetobacter johnsonii	Bacteria
aef4f456-6c3d-435e-8e19-a3d22cc594d6	40214	1.0	confident	Acinetobacter johnsonii	Bacteria
e6f1aba0-a863-4887-b0db-32f2d385e950	40214	1.0	confident	Acinetobacter johnsonii	Bacteria
afc94dea-1e60-4147-8cbd-6f80a9fbf5c5	40214	1.0	confident	Acinetobacter johnsonii	Bacteria
80af2ea5-1ec3-4d1a-bc6c-a76830036928	40214	1.0	confident	Acinetobacter johnsonii	Bacteria
e32fb735-9f84-4871-a156-0d354c998a03	40214	1.0	confident	Acinetobacter johnsonii	Bacteria
71ba451c-8289-4ff2-9fea-2b3eadf8ea1e	40214	1.0	confident	Acinetobacter johnsonii	Bacteria
05ef4fe6-817f-488f-89ac-62d5d7b8069a	40214	1.0	confident	Acinetobacter johnsonii	Bacteria
abc4d47a-15cd-4bbf-a9f3-e565bf836a07	40214	1.0	confident	Acinetobacter johnsonii	Bacteria
bcb55aec-3336-4b8a-b9ec-c8e607346519	40214	1.0	confident	Acinetobacter johnsonii	Bacteria
b9e711dc-218d-4609-8c1c-c02f44a99c64	40214	1.0	confident	Acinetobacter johnsonii	Bacteria
73d96fd2-e483-4cba-a092-14ed278f5b4e	40214	1.0	confident	Acinetobacter johnsonii	Bacteria
6ea1a0a4-bdcc-413c-b685-6725eff16ff9	40214	1.0	confident	Acinetobacter johnsonii	Bacteria
1b964739-332c-49cd-8077-9aa125dd3f51	40214	1.0	confident	Acinetobacter johnsonii	Bacteria
530fad96-e193-45dc-8dfb-e3d1dfb1f866	40214	1.0	confident	Acinetobacter johnsonii	Bacteria
633ce8f4-5828-421a-a237-f97a8028735f	40214	1.0	confident	Acinetobacter johnsonii	Bacteria
d3c9dfa3-351a-46eb-9bcc-eabd7b4bd9e3	40214	1.0	confident	Acinetobacter johnsonii	Bacteria
9c02a0c0-b441-40a7-a4a7-e2def60fffaf	40214	1.0	confident	Acinetobacter johnsonii	Bacteria
8787bd5b-6884-4eb7-87c3-86552dda08bc	40214	1.0	confident	Acinetobacter johnsonii	Bacteria
2c23c0ac-7a31-467c-9a3e-2a30356c3880	40214	1.0	confident	Acinetobacter johnsonii	Bacteria
1d89bbfb-e5d1-4af1-9e8a-a0df24772ef9	40214	1.0	confident	Acinetobacter johnsonii	Bacteria
15550519-b302-4159-bafb-f17fc7e741cd	40214	1.0	confident	Acinetobacter johnsonii	Bacteria
683a851d-95c4-4f13-a1e1-b57ebcdf01ea	40214	1.0	confident	Acinetobacter johnsonii	Bacteria
ff49e73e-899c-42e6-9df7-09c81be062dd	40214	1.0	confident	Acinetobacter johnsonii	Bacteria
4bf21c29-3d24-4269-8981-9856f049f417	40214	1.0	confident	Acinetobacter johnsonii	Bacteria
81d84eb9-3749-4df5-9096-b1ea016305cf	40214	1.0	confident	Acinetobacter johnsonii	Bacteria
12696a9c-fb4b-4626-9ac5-10ecb62d08c6	40214	1.0	confident	Acinetobacter johnsonii	Bacteria
c2e97a9e-1d68-448a-bb95-5a47d7009d95	40214	1.0	confident	Acinetobacter johnsonii	Bacteria
1e585940-54fd-4b66-ba1a-3ca5a3c42520	40214	1.0	confident	Acinetobacter johnsonii	Bacteria
f0d681c7-ebc1-40da-94da-5fac19c5d4a4	40214	1.0	confident	Acinetobacter johnsonii	Bacteria
5c23101f-2d2d-450e-8201-93239c6cc32c	40214	1.0	confident	Acinetobacter johnsonii	Bacteria
7c24c222-21d9-4b8a-9379-1514a766a2b8	40214	1.0	confident	Acinetobacter johnsonii	Bacteria
bcb16b72-83ee-4791-8d67-4c19ef0a739e	40214	1.0	confident	Acinetobacter johnsonii	Bacteria
cb4d72fe-d496-45a1-80bf-ca9bd806839c	40214	1.0	confident	Acinetobacter johnsonii	Bacteria
0bc63ae5-2120-43cf-95b1-ace811d3da58	40214	1.0	confident	Acinetobacter johnsonii	Bacteria
f00cf144-bf83-4288-a2dd-fcec3bb894a1	40214	1.0	confident	Acinetobacter johnsonii	Bacteria
3823b99c-9699-4606-8a01-b2d5954cdeef	40214	1.0	confident	Acinetobacter johnsonii	Bacteria
ce3955a2-a68f-45d0-a630-cd2330504ad5	40214	1.0	confident	Acinetobacter johnsonii	Bacteria
34136743-3934-4c1e-ba2d-fe9aec34df62	40214	1.0	confident	Acinetobacter johnsonii	Bacteria
58d6beaf-9ea7-4454-8b41-bd89b957b6af	40214	1.0	confident	Acinetobacter johnsonii	Bacteria
b72d97e2-c04a-428c-b338-485eb85120b5	40214	1.0	confident	Acinetobacter johnsonii	Bacteria
02d5c2e5-d2af-48df-862e-49db6b4b1d98	40214	1.0	confident	Acinetobacter johnsonii	Bacteria
f410b007-c19d-49ca-9555-530072a34201	40214	1.0	confident	Acinetobacter johnsonii	Bacteria
893d41d3-b55c-4aaf-ac6a-4660e73c2618	40214	1.0	confident	Acinetobacter johnsonii	Bacteria
2bd9e150-a07b-48bb-b677-df6ec0d8f8f7	40214	1.0	confident	Acinetobacter johnsonii	Bacteria
9feb7c0a-3535-409a-8cc9-3b875a089c91	40214	1.0	confident	Acinetobacter johnsonii	Bacteria
3686b967-9e4d-43fe-9723-176250369398	40214	1.0	confident	Acinetobacter johnsonii	Bacteria
4786946a-f5a4-46c7-bec7-9774f6857098	40214	1.0	confident	Acinetobacter johnsonii	Bacteria
4289df6c-1b49-495a-ac49-48988741308c	40214	1.0	confident	Acinetobacter johnsonii	Bacteria
98a3f691-2062-4ba5-a2b0-ba80986d160f	40214	1.0	confident	Acinetobacter johnsonii	Bacteria
ac826b1e-6205-4d95-9ec8-36a85a7be2b4	40214	1.0	confident	Acinetobacter johnsonii	Bacteria
f99192db-42e5-487d-a80c-2d376060254f	40214	1.0	confident	Acinetobacter johnsonii	Bacteria
adbf22ad-3ca8-40cb-b948-48a18f27c903	40214	1.0	confident	Acinetobacter johnsonii	Bacteria
29d27b1c-d361-4ef5-b037-cb8f5b25109c	40214	1.0	confident	Acinetobacter johnsonii	Bacteria
9e56514d-8fb2-4c58-8fda-18122252668b	40214	1.0	confident	Acinetobacter johnsonii	Bacteria
ef23db2c-d1e6-412c-adf5-7812ee759391	40214	1.0	confident	Acinetobacter johnsonii	Bacteria
43ee865f-ad36-40e6-ae77-b8545c460049	40214	1.0	confident	Acinetobacter johnsonii	Bacteria
4410c7d2-f355-43d5-8912-30e0c5524929	40214	1.0	confident	Acinetobacter johnsonii	Bacteria
7da3539d-7596-418f-bb9b-af1f7418e49a	40214	1.0	confident	Acinetobacter johnsonii	Bacteria
7694b666-a534-4c5c-9fc5-984d4fa42451	40214	1.0	confident	Acinetobacter johnsonii	Bacteria
8c0e9c27-69f1-4295-a6ef-06407614c586	40214	1.0	confident	Acinetobacter johnsonii	Bacteria
83d36bbd-a445-449b-b3a7-66c363cc825b	40214	1.0	confident	Acinetobacter johnsonii	Bacteria
a47c9e5c-f4e2-4574-ba1f-5a807568bb04	40214	1.0	confident	Acinetobacter johnsonii	Bacteria
9a8d42d9-ef54-451f-b841-38813f040146	40214	1.0	confident	Acinetobacter johnsonii	Bacteria
e94759ea-cf7b-401e-9a21-e6a57cab767a	40214	1.0	confident	Acinetobacter johnsonii	Bacteria
19190cf5-f61e-4229-b0db-fbe14cb73222	40214	1.0	confident	Acinetobacter johnsonii	Bacteria
92957c3e-579a-452e-a474-28538fc361e5	40214	1.0	confident	Acinetobacter johnsonii	Bacteria
c5da7249-02b2-40e0-9acc-5db30fb5d6ee	40214	1.0	confident	Acinetobacter johnsonii	Bacteria
fd8c9a19-dd94-4182-a8a8-c079d4910e86	40214	1.0	confident	Acinetobacter johnsonii	Bacteria
ac0b2bcf-d555-4f90-ab95-459c9d00ebd9	40214	1.0	confident	Acinetobacter johnsonii	Bacteria
85276f09-b36f-47b4-831a-7a92351bdfa6	40214	1.0	confident	Acinetobacter johnsonii	Bacteria
6fcb44b8-8bb0-46b7-9e22-5f88dae0341a	40214	1.0	confident	Acinetobacter johnsonii	Bacteria
5cea806f-24ae-4a4b-b8bb-54c0b24560d6	40214	1.0	confident	Acinetobacter johnsonii	Bacteria
c66e62af-6e7d-4142-82bc-ddb943cc3330	40214	1.0	confident	Acinetobacter johnsonii	Bacteria
d12ca918-d5d9-4568-bd01-d4b9f69a9abc	40214	1.0	confident	Acinetobacter johnsonii	Bacteria
1fdc35a5-071b-4923-871e-e0dd1f0dde67	40214	1.0	confident	Acinetobacter johnsonii	Bacteria
38c2f8df-7bfd-470a-b941-bcf749bb5191	40214	1.0	confident	Acinetobacter johnsonii	Bacteria
47eee799-63a2-4877-af5c-a17156d139c5	40214	1.0	confident	Acinetobacter johnsonii	Bacteria
5a14be0f-29d9-4298-93fd-9c4452c5a979	40214	1.0	confident	Acinetobacter johnsonii	Bacteria
992f44ef-6ade-45c8-bab7-6b2aef4dc7e0	40214	1.0	confident	Acinetobacter johnsonii	Bacteria
ee8cd482-c2d9-4139-8467-cf27f5dff5f8	40214	1.0	confident	Acinetobacter johnsonii	Bacteria
0ef2e061-06f1-4604-a0ee-913a35bde3c2	40214	1.0	confident	Acinetobacter johnsonii	Bacteria
902d9472-626d-417f-b131-ed1b09b9bc07	40214	1.0	confident	Acinetobacter johnsonii	Bacteria
753b220a-23f3-4c13-8c56-150a10d5b87d	40214	1.0	confident	Acinetobacter johnsonii	Bacteria
8ef58c7b-0312-40e2-8484-ccd6d6e79c3b	40214	1.0	confident	Acinetobacter johnsonii	Bacteria
dbedeb8a-6005-4703-bc21-05fb65f6142f	40214	1.0	confident	Acinetobacter johnsonii	Bacteria
9f8470f4-0401-4175-8474-70bc11ac3474	40214	1.0	confident	Acinetobacter johnsonii	Bacteria
a22dfd45-2de9-4185-9b77-47694bd6cd00	40214	1.0	confident	Acinetobacter johnsonii	Bacteria
e1b54268-1fe9-4b80-8a61-0a3f7948b14b	40214	1.0	confident	Acinetobacter johnsonii	Bacteria
3907ebd8-e2ea-4104-b9d2-83d5fd2a2ac8	40214	1.0	confident	Acinetobacter johnsonii	Bacteria
0a4dc96f-b66c-4667-81a4-ae1b921216b5	40214	1.0	confident	Acinetobacter johnsonii	Bacteria
73735670-fed1-4cb7-9ab3-c1432f87aef8	40214	1.0	confident	Acinetobacter johnsonii	Bacteria
2153c260-b0fb-4f4d-8c14-d2c6ce395431	40214	1.0	confident	Acinetobacter johnsonii	Bacteria
a6e30412-5f88-435d-9e1f-095c78c0a34f	40214	1.0	confident	Acinetobacter johnsonii	Bacteria
561a727d-3221-45ee-aca4-72de89419557	40214	1.0	confident	Acinetobacter johnsonii	Bacteria
eb4a9f84-b83c-42db-a9b1-95a53cad92d6	40214	1.0	confident	Acinetobacter johnsonii	Bacteria
58c81355-e766-4910-aafd-932218d0de41	40214	1.0	confident	Acinetobacter johnsonii	Bacteria
cb795daa-e1c6-476b-85c9-387b05f1f138	40214	1.0	confident	Acinetobacter johnsonii	Bacteria
6e19f978-c282-4712-a7a3-b14894f35eef	40214	1.0	confident	Acinetobacter johnsonii	Bacteria
ff4a4104-b604-408b-90f2-aa473fea7912	40214	1.0	confident	Acinetobacter johnsonii	Bacteria
7a41fd80-9b28-411f-8133-4fdf0e2c2bdb	40214	1.0	confident	Acinetobacter johnsonii	Bacteria
e82ca90e-42f9-4b92-91c8-2e99c7f40a7c	40214	1.0	confident	Acinetobacter johnsonii	Bacteria
9cf18a90-9bd1-466c-bcca-8c7281c6d8cf	40214	1.0	confident	Acinetobacter johnsonii	Bacteria
060f5703-3ed6-49fe-bb9a-9d47dfcfbffb	40214	1.0	confident	Acinetobacter johnsonii	Bacteria
c9f4d50d-6856-4e39-bca8-f101f5973ed5	40214	1.0	confident	Acinetobacter johnsonii	Bacteria
4081d7c2-651c-4ff9-ab38-1cccd898f0e8	40214	1.0	confident	Acinetobacter johnsonii	Bacteria
0f897923-d4d3-4da6-828a-a5d08ecee299	40214	1.0	confident	Acinetobacter johnsonii	Bacteria
bb700604-9898-4a56-9cd9-479b74b26afa	40214	1.0	confident	Acinetobacter johnsonii	Bacteria
d86054f9-0299-4fdf-8c85-aa02468a31d0	40214	1.0	confident	Acinetobacter johnsonii	Bacteria
0552d708-4cfb-4d28-a1c1-ec3829406883	40214	1.0	confident	Acinetobacter johnsonii	Bacteria
54475c14-0214-47ec-b190-6c975f4203c4	40214	1.0	confident	Acinetobacter johnsonii	Bacteria
6d5f406e-4cdb-44b5-bb43-d62154df4902	40214	1.0	confident	Acinetobacter johnsonii	Bacteria
d9e1f39e-554e-4765-86a8-76c6851ae6b3	40214	1.0	confident	Acinetobacter johnsonii	Bacteria
79c44663-06c2-49ac-b8cd-b2088f596740	40214	1.0	confident	Acinetobacter johnsonii	Bacteria
d8cc8807-95bf-403f-b556-57f67d1ba964	40214	1.0	confident	Acinetobacter johnsonii	Bacteria
10b8a163-ccc4-4d9b-bb08-53e8ea4420c8	40214	1.0	confident	Acinetobacter johnsonii	Bacteria
bb35f098-0d6d-482f-bba4-e5fb59d48476	40214	1.0	confident	Acinetobacter johnsonii	Bacteria
cee7f9bb-d0dc-4e60-930d-b1da2ddb1bd6	40214	1.0	confident	Acinetobacter johnsonii	Bacteria
97d625a4-7b43-4866-b700-5b6eb244b482	40214	1.0	confident	Acinetobacter johnsonii	Bacteria
f5409c48-465e-4da9-acda-caf805d93e5f	40214	1.0	confident	Acinetobacter johnsonii	Bacteria
c7f216d5-d97f-47e7-9462-adc4c7c42f21	40214	1.0	confident	Acinetobacter johnsonii	Bacteria
4c62f795-0e7a-41cd-96c6-115f9bbeeca5	40214	1.0	confident	Acinetobacter johnsonii	Bacteria
56bc1f40-4b98-4815-9943-13691de7cdb8	40214	1.0	confident	Acinetobacter johnsonii	Bacteria
5cd3e187-8ded-4800-b4fd-06e7b8a10af0	40214	1.0	confident	Acinetobacter johnsonii	Bacteria
96ff05a1-b189-49ac-ab5e-7c42097ef9d9	40214	1.0	confident	Acinetobacter johnsonii	Bacteria
674d50d3-9947-40cb-b7d1-3eeb85c4f1ea	40214	1.0	confident	Acinetobacter johnsonii	Bacteria
0dc4a231-2786-4e1c-8972-68fd775c6712	40214	1.0	confident	Acinetobacter johnsonii	Bacteria
d00ff165-498f-498b-ae5a-6c9f44bf51cd	40214	1.0	confident	Acinetobacter johnsonii	Bacteria
843804f7-ad0a-4b1f-95de-e0a3ea19b4e5	40214	1.0	confident	Acinetobacter johnsonii	Bacteria
7bae33dc-8f81-4a59-825e-5935802809f5	40214	1.0	confident	Acinetobacter johnsonii	Bacteria
9a1fdc9c-d3d5-428c-b42b-27b344948d43	40214	1.0	confident	Acinetobacter johnsonii	Bacteria
5f1b9ca6-9d71-4174-b118-4913280b2bbc	40214	1.0	confident	Acinetobacter johnsonii	Bacteria
a317b729-c10c-4ea9-8d6c-2deb3d58b0c7	40214	1.0	confident	Acinetobacter johnsonii	Bacteria
8ad4287a-a653-47dd-9b90-64cb8012cc1d	40214	1.0	confident	Acinetobacter johnsonii	Bacteria
bcd520d9-0acd-4bbb-b260-d0d2e5045404	40214	1.0	confident	Acinetobacter johnsonii	Bacteria
68b8e726-df00-42ac-a6a2-bc09be97c985	40214	1.0	confident	Acinetobacter johnsonii	Bacteria
a853157f-3d96-44c4-bb1c-b5a3a3f89bae	40214	1.0	confident	Acinetobacter johnsonii	Bacteria
7638301c-0f2f-46f8-9bf3-1da228b67a2c	40214	1.0	confident	Acinetobacter johnsonii	Bacteria
52048c66-df51-4963-bd3f-7ece3b2c53ad	40214	1.0	confident	Acinetobacter johnsonii	Bacteria
b070a5f5-242b-485f-9128-814218a77488	40214	1.0	confident	Acinetobacter johnsonii	Bacteria
822db3fe-ef93-46b6-9ede-85ae2adc992d	40214	1.0	confident	Acinetobacter johnsonii	Bacteria
a2a71ce6-0b6c-47eb-beee-1e640b90c5d1	40214	1.0	confident	Acinetobacter johnsonii	Bacteria
af6149ed-486e-458b-94d4-80ed628115c7	40214	1.0	confident	Acinetobacter johnsonii	Bacteria
0936685d-740c-4c48-9ee8-4fec81ffebbe	40214	1.0	confident	Acinetobacter johnsonii	Bacteria
aab1e4ab-3471-4371-b238-7436efefdca0	40214	1.0	confident	Acinetobacter johnsonii	Bacteria
aa10a5ae-1c87-4c3f-b524-a5f3a66d4a4c	40214	1.0	confident	Acinetobacter johnsonii	Bacteria
f377f846-1014-4e44-81c1-635c2c0ac94e	40214	1.0	confident	Acinetobacter johnsonii	Bacteria
cf144c51-df1a-4557-9ab2-42aab7009c71	40214	1.0	confident	Acinetobacter johnsonii	Bacteria
b8be445e-40f4-434e-a3ed-68ab0cf766e9	40214	1.0	confident	Acinetobacter johnsonii	Bacteria
24ad05f3-13c9-42ae-b5b0-c0104667397b	40214	1.0	confident	Acinetobacter johnsonii	Bacteria
8fcd9a82-9cd8-470e-bdf2-1cf594b9db0f	40214	1.0	confident	Acinetobacter johnsonii	Bacteria
9d980b67-36bf-4b19-84df-85b906eb0e30	40214	1.0	confident	Acinetobacter johnsonii	Bacteria
a8b30851-d052-4ae8-b793-f4daa8f82427	40214	1.0	confident	Acinetobacter johnsonii	Bacteria
73f13c83-294d-420c-a4f9-8b7e82a12f26	40214	1.0	confident	Acinetobacter johnsonii	Bacteria
f98c6b00-f348-4052-914c-dd3408862474	40214	1.0	confident	Acinetobacter johnsonii	Bacteria
f1f1c35a-b5c2-4387-ac23-1212d68cff81	40214	1.0	confident	Acinetobacter johnsonii	Bacteria
e692b213-bef4-48f2-8e39-7988e5b18c6d	40214	1.0	confident	Acinetobacter johnsonii	Bacteria
a310c470-6cee-42aa-84dc-bebc97ba686b	40214	1.0	confident	Acinetobacter johnsonii	Bacteria
5678138a-f182-435e-a3bb-b3163b198424	40214	1.0	confident	Acinetobacter johnsonii	Bacteria
0a8d9010-2a5e-473f-939f-5997771cda74	40214	1.0	confident	Acinetobacter johnsonii	Bacteria
1f7bde38-1199-4eb5-90b3-4ea04842fba5	40214	1.0	confident	Acinetobacter johnsonii	Bacteria
8d00e43f-d82c-406e-898d-cdd4cecf853b	40214	1.0	confident	Acinetobacter johnsonii	Bacteria
9fe3cd9e-3f48-4329-ab9f-1e4a22271da6	40214	1.0	confident	Acinetobacter johnsonii	Bacteria
5dc93b09-2ed1-4038-8012-29be3f5c2a23	40214	1.0	confident	Acinetobacter johnsonii	Bacteria
ae5a62b9-b4f3-4fbd-81ed-fcc25c5c938c	40214	1.0	confident	Acinetobacter johnsonii	Bacteria
ee090b02-10e6-4bf5-b3a1-9cd80bdafe17	40214	1.0	confident	Acinetobacter johnsonii	Bacteria
92ed32d6-6c0e-4947-a718-f8106838d49a	40214	1.0	confident	Acinetobacter johnsonii	Bacteria
fb39f2c8-cbd5-4185-8284-ca0ea4c46aa7	40214	1.0	confident	Acinetobacter johnsonii	Bacteria
d7a22371-04ee-4e1f-a56d-d6d2610d8f54	40214	1.0	confident	Acinetobacter johnsonii	Bacteria
f471f2a4-188d-4867-b2ea-f1edd7c8c55f	40214	1.0	confident	Acinetobacter johnsonii	Bacteria
9e94ff3d-feee-40b6-a9d1-17458ed5a17e	40214	1.0	confident	Acinetobacter johnsonii	Bacteria
a2385b1a-ff4e-4049-a274-1413a3d3f9f8	40214	1.0	confident	Acinetobacter johnsonii	Bacteria
c0dd74ea-911f-4a6d-8f32-501cf32794fb	40214	1.0	confident	Acinetobacter johnsonii	Bacteria
8572d929-4925-44f1-9977-da709e074437	40214	1.0	confident	Acinetobacter johnsonii	Bacteria
db1f00bd-a650-4619-be2f-61546d08799b	40214	1.0	confident	Acinetobacter johnsonii	Bacteria
963404cb-d352-43e1-a765-44ea9982e6a8	40214	1.0	confident	Acinetobacter johnsonii	Bacteria
9ab5edd9-7a5f-4c55-9314-4a3d35e1d5d0	40214	1.0	confident	Acinetobacter johnsonii	Bacteria
064d97de-afee-48c1-a562-5794dc1c1b2f	40214	1.0	confident	Acinetobacter johnsonii	Bacteria
24f1c33a-ac17-4cb7-8934-0ab68cf86756	40214	1.0	confident	Acinetobacter johnsonii	Bacteria
31be6b25-71cf-4eda-a501-0bcc0157afd8	40214	1.0	confident	Acinetobacter johnsonii	Bacteria
85c96d0e-cadb-4e62-b506-c8959736249e	40214	1.0	confident	Acinetobacter johnsonii	Bacteria
6ea25447-4d6f-488f-bc66-5986291bf655	40214	1.0	confident	Acinetobacter johnsonii	Bacteria
6ce507cc-1077-42ee-be1f-d8ca321d5926	40214	1.0	confident	Acinetobacter johnsonii	Bacteria
76ba4d39-5ca2-4c85-bf6b-fda20b451629	40214	1.0	confident	Acinetobacter johnsonii	Bacteria
bd5531a1-be6a-4964-a4cd-0964a6d0fcab	40214	1.0	confident	Acinetobacter johnsonii	Bacteria
444fbc26-397e-4c0f-a260-de582ca6f1af	40214	1.0	confident	Acinetobacter johnsonii	Bacteria
24d9d2aa-6a63-49f7-9642-814c18c3c3bd	40214	1.0	confident	Acinetobacter johnsonii	Bacteria
1a3ae1ac-8e43-40c0-bad1-bd762c01f3be	40214	1.0	confident	Acinetobacter johnsonii	Bacteria
2ace902f-bb78-49cd-9005-9314604c90be	40214	1.0	confident	Acinetobacter johnsonii	Bacteria
b5170cd7-0e46-4a57-85ad-0b7336167e9b	40214	1.0	confident	Acinetobacter johnsonii	Bacteria
7ac92978-228f-4107-b851-5f21f425a4ac	40214	1.0	confident	Acinetobacter johnsonii	Bacteria
da2caa21-1d96-4993-a0cb-8df188df725e	40214	1.0	confident	Acinetobacter johnsonii	Bacteria
d1a5265d-23a1-47cc-b0fb-a3be7abff2b8	40214	1.0	confident	Acinetobacter johnsonii	Bacteria
78e8270a-fbfa-458f-99a6-3e85ff7860f6	40214	1.0	confident	Acinetobacter johnsonii	Bacteria
451ecc0a-410b-4c51-9f91-d90561ddd470	40214	1.0	confident	Acinetobacter johnsonii	Bacteria
3362aabc-4980-49fb-913c-0a9cc4e91395	40214	1.0	confident	Acinetobacter johnsonii	Bacteria
474bbab3-2200-4730-a3a9-93e48d2a314a	40214	1.0	confident	Acinetobacter johnsonii	Bacteria
21a79f15-a928-403d-90d7-153fe5bdf5f0	40214	1.0	confident	Acinetobacter johnsonii	Bacteria
d25970d9-f402-462b-ac4a-56194120e13c	40214	1.0	confident	Acinetobacter johnsonii	Bacteria
cfd96b88-09de-4775-a87d-e80a88f53774	40214	1.0	confident	Acinetobacter johnsonii	Bacteria
69cecbbf-d795-44ea-8c59-18b0c82b98d1	40214	1.0	confident	Acinetobacter johnsonii	Bacteria
bd351811-82b9-480f-a681-a8b9ee1dd2e5	40214	1.0	confident	Acinetobacter johnsonii	Bacteria
2214f930-a72c-4d16-8d48-c336196a6b3e	40214	1.0	confident	Acinetobacter johnsonii	Bacteria
e25a2aa8-e69b-4312-a847-e03a472fff90	40214	1.0	confident	Acinetobacter johnsonii	Bacteria
afc712bc-f402-43b9-ace4-23c85387d779	40214	1.0	confident	Acinetobacter johnsonii	Bacteria
05a62e5d-b451-4388-8a2b-3fa051958fa7	40214	1.0	confident	Acinetobacter johnsonii	Bacteria
2698c231-24eb-4964-9e53-442e8f16845e	40214	1.0	confident	Acinetobacter johnsonii	Bacteria
75cc3fb1-2f8b-40c8-abed-d1356b9816ad	40214	1.0	confident	Acinetobacter johnsonii	Bacteria
0387f60b-f392-43d8-b280-1a4201347de8	40214	1.0	confident	Acinetobacter johnsonii	Bacteria
b1d269fd-297c-4c6f-bf10-4bddf6530602	40214	1.0	confident	Acinetobacter johnsonii	Bacteria
ab25f176-a1f8-48a8-8c08-cdd862a46b2d	40214	1.0	confident	Acinetobacter johnsonii	Bacteria
3cd31453-512b-45a0-8ca8-66e1f3900d53	40214	1.0	confident	Acinetobacter johnsonii	Bacteria
b77cb2b4-1061-43cc-9fa4-368adf12c4cd	40214	1.0	confident	Acinetobacter johnsonii	Bacteria
b37f61f8-0a8f-4808-b55c-27e660e9e59e	40214	1.0	confident	Acinetobacter johnsonii	Bacteria
b463d1a6-6ea1-404b-bf8d-98ba4c77c2eb	40214	1.0	confident	Acinetobacter johnsonii	Bacteria
e2ceddf5-5aa6-4468-bb1f-6fe454116b2a	40214	1.0	confident	Acinetobacter johnsonii	Bacteria
dbb12244-d50a-4096-b8d5-f4a0319eed98	40214	1.0	confident	Acinetobacter johnsonii	Bacteria
61eea249-6115-49dc-a749-7ba0400b620e	40214	1.0	confident	Acinetobacter johnsonii	Bacteria
23768c2d-6eea-43db-a93e-cc6d71e6acf8	40214	1.0	confident	Acinetobacter johnsonii	Bacteria
7f19b34d-1c56-4988-904d-d56224338e01	40214	1.0	confident	Acinetobacter johnsonii	Bacteria
da12f7fa-03f1-4563-8337-664e63c66720	40214	1.0	confident	Acinetobacter johnsonii	Bacteria
a78a179b-496f-49ca-9e68-569b93515850	40214	1.0	confident	Acinetobacter johnsonii	Bacteria
e799bcd2-3e56-4fd4-9a6b-098f72192c0a	40214	1.0	confident	Acinetobacter johnsonii	Bacteria
b1d27d32-26aa-4037-9fc1-f7817e093034	40214	1.0	confident	Acinetobacter johnsonii	Bacteria
5f1b6420-1991-4f48-9929-08b08da76f55	40214	1.0	confident	Acinetobacter johnsonii	Bacteria
6b6a850c-31b2-4861-b28c-dc46b7b8cf25	40214	1.0	confident	Acinetobacter johnsonii	Bacteria
4800177e-202d-42cd-a92c-5ae8b3736b07	40214	1.0	confident	Acinetobacter johnsonii	Bacteria
927e1a1a-cc4d-4f0f-9261-407430a10323	40214	1.0	confident	Acinetobacter johnsonii	Bacteria
c1a48464-707b-4257-a0c8-8c85e2f51812	40214	1.0	confident	Acinetobacter johnsonii	Bacteria
20f0f193-ebf9-4d7e-8823-9dd93827d744	40214	1.0	confident	Acinetobacter johnsonii	Bacteria
cb061fca-839c-4650-ae31-584fa1034198	40214	1.0	confident	Acinetobacter johnsonii	Bacteria
27455c32-85ec-435d-95d2-9454217f95af	40214	1.0	confident	Acinetobacter johnsonii	Bacteria
55c1a7a1-34ab-47b0-92c8-9f0a5da377c7	40214	1.0	confident	Acinetobacter johnsonii	Bacteria
4caeaa16-4b25-46c9-a37c-1f08a31b0e2c	40214	1.0	confident	Acinetobacter johnsonii	Bacteria
acbff308-e059-436a-8231-ccdb9243e4c4	40214	1.0	confident	Acinetobacter johnsonii	Bacteria
4ac68408-3de9-4a6a-b16e-e4b9579e32bb	40214	1.0	confident	Acinetobacter johnsonii	Bacteria
a10b9e51-2a06-488f-ad35-edf1b88c0e99	40214	1.0	confident	Acinetobacter johnsonii	Bacteria
1a6edf9d-1980-4b37-882f-fdbbad8135af	40214	1.0	confident	Acinetobacter johnsonii	Bacteria
21afd994-2fc0-4b1e-bc29-1b6a52d16d41	40214	1.0	confident	Acinetobacter johnsonii	Bacteria
9e77a3fe-cfc9-499a-b2ac-2bd58b1f592f	40214	1.0	confident	Acinetobacter johnsonii	Bacteria
c4dceb28-052c-4eb6-85a1-5633c39825c5	40214	1.0	confident	Acinetobacter johnsonii	Bacteria
b291a9a3-fad9-4602-a170-a34de90b4460	40214	1.0	confident	Acinetobacter johnsonii	Bacteria
6ecc8cb4-c836-4c06-891a-c3805bfaf92c	40214	1.0	confident	Acinetobacter johnsonii	Bacteria
fa8d218e-49d6-4c97-a91d-949e4eab1fcb	40214	1.0	confident	Acinetobacter johnsonii	Bacteria
610bc5ae-cd20-48e7-aedf-4087c28c895b	40214	1.0	confident	Acinetobacter johnsonii	Bacteria
205956f8-7759-4659-a566-688fbe20f117	40214	1.0	confident	Acinetobacter johnsonii	Bacteria
c6fc1583-5e84-4844-86da-aa043657f759	40214	1.0	confident	Acinetobacter johnsonii	Bacteria
3bcb936b-5a72-4d7d-9717-05aa24afac5e	40214	1.0	confident	Acinetobacter johnsonii	Bacteria
6087ab1c-5ef3-43d3-995c-28ae5765ca25	40214	1.0	confident	Acinetobacter johnsonii	Bacteria
7c896a3b-ee92-4db3-a008-5b6047e80412	40214	1.0	confident	Acinetobacter johnsonii	Bacteria
2869d605-ca8e-436d-a580-0c20e3c8eb99	40214	1.0	confident	Acinetobacter johnsonii	Bacteria
83995394-a777-4418-8ef2-be38c6cb2372	40214	1.0	confident	Acinetobacter johnsonii	Bacteria
9146d97f-f2df-49cf-afc2-5b47a8de959c	40214	1.0	confident	Acinetobacter johnsonii	Bacteria
bb2304da-eca3-426b-875b-6c29af3ddb62	40214	1.0	confident	Acinetobacter johnsonii	Bacteria
b0ec44dd-b64a-4daf-89c5-30fede41ac4e	40214	1.0	confident	Acinetobacter johnsonii	Bacteria
e162d699-ae69-4c2f-bb24-ec13763a0e58	40214	1.0	confident	Acinetobacter johnsonii	Bacteria
74db509c-7f83-4e38-8da9-310639f2969d	40214	1.0	confident	Acinetobacter johnsonii	Bacteria
67e9a550-dac3-477d-9dd6-4f99e2d5ad10	40214	1.0	confident	Acinetobacter johnsonii	Bacteria
84c200a9-76de-4c5c-a0b4-005426ecd608	40214	1.0	confident	Acinetobacter johnsonii	Bacteria
89c0e7be-354d-459f-bdf9-c47a67718316	40214	1.0	confident	Acinetobacter johnsonii	Bacteria
b4134cb7-b8bd-444f-97d2-d59265d90137	40214	1.0	confident	Acinetobacter johnsonii	Bacteria
1c11d5ed-b25d-4668-86f5-4967aca6b6b9	40214	1.0	confident	Acinetobacter johnsonii	Bacteria
54cb5b33-37f7-4584-b8e4-1bbde7b13f43	40214	1.0	confident	Acinetobacter johnsonii	Bacteria
7e4cd0a2-6ab9-4d3f-8847-b3e7ef7a31f9	40214	1.0	confident	Acinetobacter johnsonii	Bacteria
df23934c-cbaa-44f5-8b88-d19e29ce2ab6	40214	1.0	confident	Acinetobacter johnsonii	Bacteria
57a8868c-56c5-48c1-8faa-92f0b12bf826	40214	1.0	confident	Acinetobacter johnsonii	Bacteria
b00ef789-d959-4c8b-a959-39f37f050d56	40214	1.0	confident	Acinetobacter johnsonii	Bacteria
c9c42748-f348-4376-804b-a48fe9056bb0	40214	1.0	confident	Acinetobacter johnsonii	Bacteria
7fb922e7-d018-406c-9fbd-2ef5d6ccbd94	40214	1.0	confident	Acinetobacter johnsonii	Bacteria
deedac63-dad0-4c83-9560-053543f94fdc	40214	1.0	confident	Acinetobacter johnsonii	Bacteria
9d2059be-1b7e-484f-964b-f8f6dbc90b94	40214	1.0	confident	Acinetobacter johnsonii	Bacteria
30a35257-38bc-473c-aede-3ec80d485f6c	40214	1.0	confident	Acinetobacter johnsonii	Bacteria
53d74dc9-cfd5-4cb7-9953-2fc7487bb4fc	40214	1.0	confident	Acinetobacter johnsonii	Bacteria
99f57e08-a295-47e2-b5b0-c930ab9feca5	40214	1.0	confident	Acinetobacter johnsonii	Bacteria
99a5b2ea-aebe-4ae5-9dd6-9202806adfd0	40214	1.0	confident	Acinetobacter johnsonii	Bacteria
3cec1313-298a-42f8-92b5-a52dec9734a3	40214	1.0	confident	Acinetobacter johnsonii	Bacteria
210ab803-a2b9-4c87-855e-1fba5bf3fbaa	40214	1.0	confident	Acinetobacter johnsonii	Bacteria
174c5e15-ae0d-4e0c-ab65-1247a8df1213	40214	1.0	confident	Acinetobacter johnsonii	Bacteria
fd8e8100-cf2a-4b9b-a108-1cf4d03fb6ea	40214	1.0	confident	Acinetobacter johnsonii	Bacteria
34b0cbcd-5314-4a32-92ab-13eed087c736	40214	1.0	confident	Acinetobacter johnsonii	Bacteria
9afdf2cf-724e-478c-9575-0ade7eb04573	40214	1.0	confident	Acinetobacter johnsonii	Bacteria
67f83eb2-a61f-4549-9f6a-2694ade84041	40214	1.0	confident	Acinetobacter johnsonii	Bacteria
8c7a451b-d214-49e2-b44a-c1a64b2ac192	40214	1.0	confident	Acinetobacter johnsonii	Bacteria
421482b1-b531-4cdb-a1f2-b6b0e727acff	40214	1.0	confident	Acinetobacter johnsonii	Bacteria
f9864d5a-d8ad-412e-a674-99edb316865d	40214	1.0	confident	Acinetobacter johnsonii	Bacteria
21a2d505-4523-4607-997e-e3d2601c233e	40214	1.0	confident	Acinetobacter johnsonii	Bacteria
356f24dd-6839-4131-9f0e-73d313c600bf	40214	1.0	confident	Acinetobacter johnsonii	Bacteria
5ab8f6bf-f66b-490d-ae40-137f3466e2bd	40214	1.0	confident	Acinetobacter johnsonii	Bacteria
acc503f4-fddd-4866-b0ad-628bfa934378	40214	1.0	confident	Acinetobacter johnsonii	Bacteria
a601263e-2a5f-4191-83f4-ece4385dd2e1	40214	1.0	confident	Acinetobacter johnsonii	Bacteria
4fcd83c7-84b3-47be-87aa-7a59a278143d	40214	1.0	confident	Acinetobacter johnsonii	Bacteria
7a82d31c-8757-4bc7-967a-7d14a1af792c	40214	1.0	confident	Acinetobacter johnsonii	Bacteria
ba0892fe-bff2-48fe-b054-cc60ffeae2f6	40214	1.0	confident	Acinetobacter johnsonii	Bacteria
35e9b47e-da62-499b-8edb-a65ceb0ec3ce	40214	1.0	confident	Acinetobacter johnsonii	Bacteria
075e20bb-8645-4cad-bb3d-0cd3b1c737b5	40214	1.0	confident	Acinetobacter johnsonii	Bacteria
309738c6-6724-4253-aa69-035f7150cbe6	40214	1.0	confident	Acinetobacter johnsonii	Bacteria
f4926fc7-fb9e-446b-bcaa-3840c41a2e52	40214	1.0	confident	Acinetobacter johnsonii	Bacteria
49130da6-9906-4e68-a357-6c1db770bc92	40214	1.0	confident	Acinetobacter johnsonii	Bacteria
210f5237-38b1-472e-be4b-e78352b5007b	40214	1.0	confident	Acinetobacter johnsonii	Bacteria
f2a09d2d-0747-45fc-8ee0-8b7503d01113	40214	1.0	confident	Acinetobacter johnsonii	Bacteria
c8e03beb-6166-4aec-8292-67bbf0985549	40214	1.0	confident	Acinetobacter johnsonii	Bacteria
585d6cf9-9e16-4502-8136-19a24687cd49	40214	1.0	confident	Acinetobacter johnsonii	Bacteria
97e9f922-eecb-47e5-b670-951aa703c7d5	1404	1.0	confident	Priestia megaterium	Bacteria
595884fd-f71e-4f37-a663-89cf9f8466a4	1404	1.0	confident	Priestia megaterium	Bacteria
8e1a1022-89f1-4e0a-830e-54307e6c74f6	1404	1.0	confident	Priestia megaterium	Bacteria
029eb47b-e763-4ed6-ac74-16554584befc	1404	1.0	confident	Priestia megaterium	Bacteria
3923a7e3-a8bf-427a-81ae-5f5b1de0903d	1404	1.0	confident	Priestia megaterium	Bacteria
e33f9902-9eeb-48d5-b8e9-889aac8bcfae	1404	1.0	confident	Priestia megaterium	Bacteria
0a63c76e-6640-41b4-b961-5604a0f8ac49	1404	1.0	confident	Priestia megaterium	Bacteria
39e20c28-baa5-4c89-a63e-f6b1fe92998a	1404	1.0	confident	Priestia megaterium	Bacteria
6ea42197-7664-4681-bed5-65b7d7db71a6	1404	1.0	confident	Priestia megaterium	Bacteria
1a34f347-b44d-4814-96c1-7e8aadb90e42	1404	1.0	confident	Priestia megaterium	Bacteria
135d31f6-e470-45cc-a4e1-dccb64b14f1e	1404	1.0	confident	Priestia megaterium	Bacteria
d478ea0d-660f-40e3-9caf-314aaa70a3a1	1404	1.0	confident	Priestia megaterium	Bacteria
e4667df2-97fb-459e-bb1d-e34dfdde1511	1404	1.0	confident	Priestia megaterium	Bacteria
c3353e67-bd44-4dd5-b115-17b1f0deb818	1404	1.0	confident	Priestia megaterium	Bacteria
6a31ab34-a441-4f96-8935-9c44d60ea49b	1404	1.0	confident	Priestia megaterium	Bacteria
b8f9ce86-b6f0-4dc5-b2fa-f83464dbcc00	1404	1.0	confident	Priestia megaterium	Bacteria
146ada3f-fde0-48c0-b05f-df686611155f	1404	1.0	confident	Priestia megaterium	Bacteria
50feff4c-e287-4638-9d18-0edee643e528	1404	1.0	confident	Priestia megaterium	Bacteria
8e90e9a3-c969-4af7-bbb8-31fd9e614d64	1404	1.0	confident	Priestia megaterium	Bacteria
a4ee2454-9e94-487b-95e4-2c4c61d4bef2	1404	1.0	confident	Priestia megaterium	Bacteria
d44b6f6d-5501-4075-ae10-4b5fd018c2e2	1404	1.0	confident	Priestia megaterium	Bacteria
ccfd85db-267a-43d4-bd35-850a2a1d2f04	1404	1.0	confident	Priestia megaterium	Bacteria
f74964c4-f2ac-4fd5-85a0-3ae25b095893	1404	1.0	confident	Priestia megaterium	Bacteria
81434ee7-7706-41de-9bef-04967015a7b6	1404	1.0	confident	Priestia megaterium	Bacteria
4c55221c-fd47-4cee-8214-32b930a8b2be	1404	1.0	confident	Priestia megaterium	Bacteria
d63f82b6-e2df-449d-a146-6feb6602d0e5	1404	1.0	confident	Priestia megaterium	Bacteria
447a1436-b1f0-4e3e-b299-540aa6fc7d13	1404	1.0	confident	Priestia megaterium	Bacteria
626f0863-9e28-44d1-983f-11efddd46902	1404	1.0	confident	Priestia megaterium	Bacteria
9b67f4d9-8ece-4cb6-9448-de6f60f696ed	1404	1.0	confident	Priestia megaterium	Bacteria
178c9d8d-1c8f-4af2-a7c1-048ab0c8462f	1404	1.0	confident	Priestia megaterium	Bacteria
4a97cca9-f153-4708-9e60-c6cfad79c3e7	1404	1.0	confident	Priestia megaterium	Bacteria
dba07bc0-f799-4f5b-8b9d-797e0ad570c7	3120278	0.912304812032993	high	Singulisphaera photorubra	Bacteria
3e4292ae-bbdf-4d28-9c35-352eeb022692	466153	0.9918581617200796	high	Singulisphaera acidiphila	Bacteria
11400909-5b56-433a-9e3a-9521a3ed98eb	2712865	0.9973033854283578	high	Paludisphaera soli	Bacteria
3ffd7e0c-184f-4709-8fed-d3eacc591eaf	466153	0.9999876252525124	high	Singulisphaera acidiphila	Bacteria
eda8f1a0-7867-4728-b147-3809ce855537	466153	0.9744747853708202	high	Singulisphaera acidiphila	Bacteria
451da030-544f-4612-a750-8cfad70fbec0	466153	0.9851060929709164	high	Singulisphaera acidiphila	Bacteria
d8a5bf4e-e374-42c1-a263-a7154a68ffa8	2712865	0.9999920627240096	high	Paludisphaera soli	Bacteria
f34fdf55-7ea9-4a98-bb35-f184e95cf78a	466153	0.984869729439298	high	Singulisphaera acidiphila	Bacteria
ca67233c-2556-43f6-adf3-748a4d50ab6b	466153	0.9847894971045654	high	Singulisphaera acidiphila	Bacteria
4d3ebf32-865e-4c46-ad4b-5ce9a1e15257	466153	0.9720004392918066	high	Singulisphaera acidiphila	Bacteria
a124e34c-0cb3-435e-a805-de3e1d1bf685	466153	0.983324728703802	high	Singulisphaera acidiphila	Bacteria
be57f4a9-6c7d-4dce-87e7-932e9fdfcedc	466153	0.9847293734413904	high	Singulisphaera acidiphila	Bacteria
4dbf126d-5fe7-407b-9248-63964fc04790	3120278	0.995940831506165	high	Singulisphaera photorubra	Bacteria
c0d0804f-6725-435f-a149-f7f151b7792c	466153	0.9847693333113152	high	Singulisphaera acidiphila	Bacteria
79d5ce6f-bfce-43ca-83e9-658aa53cb717	466153	0.9716421826246316	high	Singulisphaera acidiphila	Bacteria
0a016b59-30d3-4c42-9f2a-19f82df1227e	466153	0.9972374072080028	high	Singulisphaera acidiphila	Bacteria
36249dac-f5ee-4009-8927-33364fe083d0	466153	0.98491952410088	high	Singulisphaera acidiphila	Bacteria
e805839c-f637-42bd-8342-bc32fafa28c1	2712865	0.8064063576605303	high	Paludisphaera soli	Bacteria
bb83fa9c-dff7-428f-a44b-852c31b1334c	466153	0.9850461442749738	high	Singulisphaera acidiphila	Bacteria
da72f7cc-16f4-4d68-b580-1128d8003bec	466153	0.9734168953228454	high	Singulisphaera acidiphila	Bacteria
f2821b1a-d664-4c43-8fa0-284442c0836d	466153	0.9849045187738646	high	Singulisphaera acidiphila	Bacteria
c3228ea0-272b-4751-9f8d-e3dcbd8cf229	466153	0.9996935520052844	high	Singulisphaera acidiphila	Bacteria
58910c57-0da8-45ed-997f-d1e99df7a7b6	466153	0.999375564871576	high	Singulisphaera acidiphila	Bacteria
f8b33e4a-617e-4940-ae4d-f4da949e7578	3120278	0.99892714739216	high	Singulisphaera photorubra	Bacteria
2dd5c608-3d2c-48ca-b100-96300bf29c7d	466153	0.9850001383004964	high	Singulisphaera acidiphila	Bacteria
00bbbea5-3d9c-43ad-9a16-65b045fc4dbe	466153	0.9851003708307384	high	Singulisphaera acidiphila	Bacteria
ac6a554b-7ba8-4bc7-9b5d-f9b7b47c2935	466153	0.984928288082149	high	Singulisphaera acidiphila	Bacteria
672f6857-a1bf-4a46-a33f-e9ed6b72a755	466153	0.9848200382350056	high	Singulisphaera acidiphila	Bacteria
59a36d0d-b21b-4737-844f-f4f9723ae1dc	466153	0.9998352952691107	high	Singulisphaera acidiphila	Bacteria
816d4efa-5611-4cf2-b84b-bf2af9b4a8b0	466153	0.9848398918454286	high	Singulisphaera acidiphila	Bacteria
f7c261b2-3d03-4b63-8f42-ce8ada8616f5	2712865	0.9998936940266164	high	Paludisphaera soli	Bacteria
9d6d080e-a2bf-414a-8f52-0925bcc85f59	466153	0.8771757804738995	high	Singulisphaera acidiphila	Bacteria
5dc89495-b692-4d3a-813e-1812b4f1d117	466153	0.9848127379732252	high	Singulisphaera acidiphila	Bacteria
6de5b6e1-2149-4e3a-bfe5-54198ce47e90	2712865	0.9495093764107412	high	Paludisphaera soli	Bacteria
80afcb68-f18a-421f-a85f-e91d5f043483	466153	0.9849950748300476	high	Singulisphaera acidiphila	Bacteria
14d5b02b-e7b7-4e09-afab-b031553b906c	466153	0.9847693333113152	high	Singulisphaera acidiphila	Bacteria
dcf2d643-ead3-4e87-9dbc-fa655f0a9cab	466153	0.9342866423358976	high	Singulisphaera acidiphila	Bacteria
bf622ab4-a165-448d-8134-eb20e8b82ea3	466153	0.9848793853874116	high	Singulisphaera acidiphila	Bacteria
d99ea361-84ed-4a45-8f84-ecbceac3fde1	466153	0.7186190242019048	medium	Singulisphaera acidiphila	Bacteria
dcc55968-08b8-428d-a643-ab6bd4dca67d	466153	0.9996926029140172	high	Singulisphaera acidiphila	Bacteria
862957f1-882b-4c86-a571-9bee9472b99e	466153	0.9848772248770292	high	Singulisphaera acidiphila	Bacteria
ef2688a8-3e15-417a-b29e-c5e59ae61e2e	466153	0.9788700013632246	high	Singulisphaera acidiphila	Bacteria
91f18f13-16dc-4526-8958-1cf19d21e8db	466153	0.9847098585489968	high	Singulisphaera acidiphila	Bacteria
39c03232-43f4-4b0e-b096-fc97fadb4416	466153	0.9847866123509496	high	Singulisphaera acidiphila	Bacteria
5ff3954a-038f-42b5-be5a-3affaf4ba478	466153	0.984826031892023	high	Singulisphaera acidiphila	Bacteria
eeae707b-0f13-4fbf-a98e-7795a93fa3e2	466153	0.9713121916346916	high	Singulisphaera acidiphila	Bacteria
fa8ee944-1947-48a9-a6a3-3ebed16840c8	466153	0.9712349631766892	high	Singulisphaera acidiphila	Bacteria
94b9fded-9d3b-493a-96d0-1b0b4bd94bd9	466153	0.9848051668657508	high	Singulisphaera acidiphila	Bacteria
32e7d614-dce2-41bf-84d7-026b70ec6df8	466153	0.6200045099551189	medium	Singulisphaera acidiphila	Bacteria
34da4b75-d687-47ac-b8c7-930540af7c85	466153	0.5904515831162844	medium	Singulisphaera acidiphila	Bacteria
b8751ccb-323e-4502-9b27-49c38ed16ab7	466153	0.984836822605586	high	Singulisphaera acidiphila	Bacteria
7235a000-d517-47f2-b41a-1c0423558d94	466153	0.9847218663358326	high	Singulisphaera acidiphila	Bacteria
9a1d8e68-7027-41f2-88d8-c7b3260a8e4d	466153	0.99941181061316	high	Singulisphaera acidiphila	Bacteria
fdc21728-4cd4-4541-bd11-0df30b94dd55	2712865	0.9999988961190812	high	Paludisphaera soli	Bacteria
386fd215-b339-4500-bc61-2ff9a853047b	466153	0.9847656240859186	high	Singulisphaera acidiphila	Bacteria
38368a84-d415-4531-842b-022397fe757c	2029860	1.0	confident	Tundrisphaera lichenicola	Bacteria
fa9671d5-2ba4-4204-9d50-449fbdde39db	466153	0.9920398165584482	high	Singulisphaera acidiphila	Bacteria
0a2983e1-0d20-4916-88c2-67467f1017d9	466153	0.9847127699215996	high	Singulisphaera acidiphila	Bacteria
45819a29-9563-496f-8ab2-6f4246a81cec	466153	0.992840411881109	high	Singulisphaera acidiphila	Bacteria
cb4fc19c-8825-4193-b594-9fc07ad343fe	466153	0.9847214878134916	high	Singulisphaera acidiphila	Bacteria
08b0641d-2b90-4910-b7d3-d4908c7ed5b1	466153	0.984741714099977	high	Singulisphaera acidiphila	Bacteria
81e25324-bcc7-4853-9296-2a964115fa8b	466153	0.9850335921232518	high	Singulisphaera acidiphila	Bacteria
63e9abe5-9a89-44a0-9f0a-ed9b56c9ef68	466153	0.9993418088036966	high	Singulisphaera acidiphila	Bacteria
73a1ac12-b183-4f8c-a798-090833e2e9e6	466153	0.9851352809224152	high	Singulisphaera acidiphila	Bacteria
7c17c17d-9c53-4924-893a-eab985943221	466153	0.9847417141001896	high	Singulisphaera acidiphila	Bacteria
21f779f4-5995-469e-b85c-d94eac9b746e	3120278	0.7083750787063228	medium	Singulisphaera photorubra	Bacteria
9f40e890-9470-4858-b33e-e47dda323c06	466153	0.8316240034960447	high	Singulisphaera acidiphila	Bacteria
80e60321-6ff9-4594-8566-3dbe4d8b7f1f	466153	0.8318393206246684	high	Singulisphaera acidiphila	Bacteria
52ea4190-9cf8-4f5d-8728-f0af8dc1ef75	466153	0.9951219092323932	high	Singulisphaera acidiphila	Bacteria
50334ade-7201-4cf2-b1cd-68fbfc9b60c3	466153	0.9849013714850724	high	Singulisphaera acidiphila	Bacteria
f7b596db-d16b-45dd-a578-b6bbef727467	466153	0.984842573994152	high	Singulisphaera acidiphila	Bacteria
845373c7-5489-4518-9e78-3bdf366a7af0	466153	0.9848594248029436	high	Singulisphaera acidiphila	Bacteria
dcae03bb-463b-4046-b57f-0d143a9c5658	466153	0.9847696389062088	high	Singulisphaera acidiphila	Bacteria
270fabc0-3deb-4011-937f-e6dfd2d9540b	466153	0.9847946206292882	high	Singulisphaera acidiphila	Bacteria
22d787b4-ed9a-49c1-a698-9c96f3b8e962	466153	0.9848946764880544	high	Singulisphaera acidiphila	Bacteria
73561275-3e45-43b6-8d13-579fa30ad516	466153	1.0	confident	Singulisphaera acidiphila	Bacteria
9dc04075-e85d-41c0-9064-fbaf37b4d808	466153	0.984761913969267	high	Singulisphaera acidiphila	Bacteria
c008572b-ecf4-4854-a898-8cd97feb1bfa	466153	0.9849693640288908	high	Singulisphaera acidiphila	Bacteria
c333fa0d-5b86-4675-a062-fcbefb739d50	466153	0.995894258188644	high	Singulisphaera acidiphila	Bacteria
d2ea1e79-8141-4303-b9ca-fbecf0c1c4cb	466153	0.984952275855946	high	Singulisphaera acidiphila	Bacteria
c9f60acb-cf79-438d-ad0a-050ea98d251f	466153	0.984748450323546	high	Singulisphaera acidiphila	Bacteria
4ecb0d8f-28c6-459e-80e4-39f5e2007cd6	466153	0.9847739494635704	high	Singulisphaera acidiphila	Bacteria
1350563d-66d8-4cef-9d6e-eed2882636e0	466153	0.9849322868157192	high	Singulisphaera acidiphila	Bacteria
99fb6273-d662-408f-9e10-44c357245f0a	466153	0.9848285472312376	high	Singulisphaera acidiphila	Bacteria
05dbd3f0-f8ae-423e-9f57-3bfbdd1fd85d	466153	0.9850516003566496	high	Singulisphaera acidiphila	Bacteria
b53a3fff-a19f-4b53-8772-5003b807dea0	466153	0.9847898134107262	high	Singulisphaera acidiphila	Bacteria
91fdd0dc-2597-4c8c-bba2-acf5b3cebdd4	466153	0.9996913995637052	high	Singulisphaera acidiphila	Bacteria
92b8f97a-1deb-4330-8e85-fbf720dea7e8	466153	0.8274693983139318	high	Singulisphaera acidiphila	Bacteria
621c125d-9c66-4a60-8889-f6b2e0c92114	466153	0.9847690321239528	high	Singulisphaera acidiphila	Bacteria
6452afae-82c3-4b26-bf2f-309b424f6c48	466153	0.9996911482392418	high	Singulisphaera acidiphila	Bacteria
11414dcd-63b0-4863-a5a1-00618c691c77	466153	0.9849199777601728	high	Singulisphaera acidiphila	Bacteria
a5ac3d37-beca-43ef-b14b-f37f516e9f9e	466153	1.0	confident	Singulisphaera acidiphila	Bacteria
6563e73a-dc49-4bdb-afc1-a16b41beb66b	466153	0.8283092088298486	high	Singulisphaera acidiphila	Bacteria
dc2bc77b-7cf6-45a6-8d26-f0117bb385a2	466153	0.9847448498028378	high	Singulisphaera acidiphila	Bacteria
7ab79cdb-744a-4ec1-8de8-2d3a8fac2831	466153	0.9848346917043352	high	Singulisphaera acidiphila	Bacteria
d74fc7ed-85bf-4edc-a77c-edbd41515140	466153	0.9817824069079544	high	Singulisphaera acidiphila	Bacteria
a513b8d8-c697-42df-8952-e3acd974501c	466153	0.9847827787682524	high	Singulisphaera acidiphila	Bacteria
0662574a-a4b8-4a52-b8cf-707ea04af832	466153	0.9993643907194748	high	Singulisphaera acidiphila	Bacteria
eab28890-3274-49a6-955e-98fa263b122b	466153	0.9994118403973784	high	Singulisphaera acidiphila	Bacteria
71b05872-f9f7-4b94-9718-e5bedcc19470	466153	0.9847495059435198	high	Singulisphaera acidiphila	Bacteria
ba7346b9-7ccc-481b-ba22-7ecca7b7e1cc	466153	0.9848593668658744	high	Singulisphaera acidiphila	Bacteria
ccfd012a-f283-44bb-b213-5e375a17f42d	466153	0.9923909164294146	high	Singulisphaera acidiphila	Bacteria
152fd5bb-3c70-4735-b1b0-5577a521f0fd	2029860	0.9999993657482794	high	Tundrisphaera lichenicola	Bacteria
823a65f7-dc1d-4526-ba7b-d1650fcafe9d	466153	0.9743599734881342	high	Singulisphaera acidiphila	Bacteria
3551949c-355f-4697-bb03-607759eb57f7	2029860	0.9999840989644436	high	Tundrisphaera lichenicola	Bacteria
49673d93-5e62-4941-9dcf-c6fafdd6488d	466153	0.9849241472915884	high	Singulisphaera acidiphila	Bacteria
28954300-496b-4397-93ee-511a6426ab6a	466153	0.9847588953462432	high	Singulisphaera acidiphila	Bacteria
da9644d3-5798-4bd5-ba09-b65a1f8719ef	466153	0.9849325728286916	high	Singulisphaera acidiphila	Bacteria
52db31d0-d56c-4691-a73e-fc8ff9f0dac2	466153	0.9999993241515888	high	Singulisphaera acidiphila	Bacteria
4f3bb7ea-8ce0-40c9-b3eb-7dc398dff1f2	466153	0.9994106994273428	high	Singulisphaera acidiphila	Bacteria
84e827a6-2ba8-4bab-9e1b-e944314a32fd	466153	0.9848905105762428	high	Singulisphaera acidiphila	Bacteria
68319675-e7fd-4ab0-b40a-c6960094ccd2	466153	0.620948609450179	medium	Singulisphaera acidiphila	Bacteria
937ab622-2149-4c04-81fd-6c47c85abba0	2029860	0.9999740862421976	high	Tundrisphaera lichenicola	Bacteria
b01d6be2-d898-4ea5-b780-7373916ee4a0	466153	0.9851772903557626	high	Singulisphaera acidiphila	Bacteria
a9318393-0630-4d2f-a917-cb9e540025bb	466153	0.9848303456295376	high	Singulisphaera acidiphila	Bacteria
96d5a4bb-72d8-4f13-83eb-66f35b0a05c4	466153	0.999695881814678	high	Singulisphaera acidiphila	Bacteria
dcde7b7c-d29e-4097-b4c2-7329e716e4ee	466153	0.9847448498028378	high	Singulisphaera acidiphila	Bacteria
a8cb86f3-cb96-485b-acb7-541bfe6e6720	466153	0.9848310349119688	high	Singulisphaera acidiphila	Bacteria
99ee2e2c-b767-4072-8367-731ff82ad72a	466153	0.9850143304766384	high	Singulisphaera acidiphila	Bacteria
039c780f-4359-42f4-815e-07cad81ce25a	466153	0.984827395280115	high	Singulisphaera acidiphila	Bacteria
b952f0c0-df8b-4166-b116-a599268b7ccd	466153	0.9849346742239952	high	Singulisphaera acidiphila	Bacteria
592a5d3f-429e-4ea1-9ade-4a67170f7c6c	466153	0.995876557464454	high	Singulisphaera acidiphila	Bacteria
4f539eb8-bc4a-41d3-a500-b728be6d8fe2	466153	0.984748450323546	high	Singulisphaera acidiphila	Bacteria
fe02c752-677f-4023-964c-56f0f38559a9	466153	0.9469348744859584	high	Singulisphaera acidiphila	Bacteria
8fcb6c42-6cba-435d-8eb0-b1a374d19b99	466153	0.9988558785136032	high	Singulisphaera acidiphila	Bacteria
8907ca17-2e00-45f0-b246-64fc76509804	2712865	0.9998936899794652	high	Paludisphaera soli	Bacteria
2925a72c-8c5a-4d83-a77c-9eaf92b29d61	466153	0.9848117928990108	high	Singulisphaera acidiphila	Bacteria
04aa1620-3e7e-4344-b421-f0834f4cb36c	466153	0.836033574514186	high	Singulisphaera acidiphila	Bacteria
b5eaf13e-fb2e-4f66-b077-e06d99e5946f	466153	0.9711798053985146	high	Singulisphaera acidiphila	Bacteria
d4fa6140-fc88-446f-a5c4-0ea514153d8f	466153	0.5723751470240852	medium	Singulisphaera acidiphila	Bacteria
949d1171-291c-4aa2-a9a3-36f90365e0f4	466153	0.9996911491738916	high	Singulisphaera acidiphila	Bacteria
d2b0e7de-e2a1-4997-938e-d2e0c63ef620	466153	0.9920205486057612	high	Singulisphaera acidiphila	Bacteria
9439f3fc-8ea6-42e7-b446-403010ee36b4	466153	0.9850327007690444	high	Singulisphaera acidiphila	Bacteria
3e15e417-8dc5-4d76-9dc4-8e1f9f46abcf	466153	0.984855457624838	high	Singulisphaera acidiphila	Bacteria
8750c470-84d4-480d-940c-e681dcf4962a	466153	0.984783246558772	high	Singulisphaera acidiphila	Bacteria
58f3216a-e709-41b2-9351-a545fbe34bfc	466153	0.984791908851582	high	Singulisphaera acidiphila	Bacteria
3eeb8f3b-f4c0-48f3-8fad-829798134972	466153	0.824992859194576	high	Singulisphaera acidiphila	Bacteria
85d698cc-5d2e-4809-88b4-fbffff0fd8f6	466153	0.4915104457619402	low	Singulisphaera acidiphila	Bacteria
032e0353-3748-4f25-9ae5-c2d88a58dcf4	466153	0.9847531171681688	high	Singulisphaera acidiphila	Bacteria
87b2b6d4-651b-4b5a-bafe-16776923d550	466153	0.6802211042211984	medium	Singulisphaera acidiphila	Bacteria
133442e2-d321-47be-bcd9-f1c3cadb7444	466153	0.9847511181644834	high	Singulisphaera acidiphila	Bacteria
fddae5d7-47b3-46b3-8da5-abf80da05870	466153	0.5670219791000192	medium	Singulisphaera acidiphila	Bacteria
8efd7954-6477-4702-a1a3-1cf9c0dee6ba	466153	0.9849617748623184	high	Singulisphaera acidiphila	Bacteria
3746b48a-e5c1-49cc-b870-4910baf29a8f	2712865	0.9949579610658256	high	Paludisphaera soli	Bacteria
ca8a83ce-5697-4696-80aa-654acb0c8cde	2712865	0.7965261434968562	medium	Paludisphaera soli	Bacteria
377b879a-0244-4df4-a22a-c7cd6b476572	466153	0.9999999999987444	high	Singulisphaera acidiphila	Bacteria
bd31cafe-9f54-4517-a254-60330d4f3efc	466153	0.9848698058587252	high	Singulisphaera acidiphila	Bacteria
457596b5-884d-4cb1-81e2-4ff48d3700f1	466153	0.9848807323542405	high	Singulisphaera acidiphila	Bacteria
84ad9e65-c6ab-4096-9bfa-5a72f2c39498	466153	0.9848265334345896	high	Singulisphaera acidiphila	Bacteria
c8525212-7a07-44de-9bd8-9dd645ae5a8f	466153	0.9996925662525178	high	Singulisphaera acidiphila	Bacteria
87c78305-a83d-4b32-a911-026ad201b1c4	466153	0.9849339557702402	high	Singulisphaera acidiphila	Bacteria
6ee29138-b724-4ffe-b65d-29ba3b3fdb64	466153	0.9848756204780028	high	Singulisphaera acidiphila	Bacteria
1b8c299d-0ad3-495d-bb70-fc99dcad18f2	466153	0.9849591680138592	high	Singulisphaera acidiphila	Bacteria
91a034a6-34d3-4a28-8fd1-f1e17636a829	466153	0.9849140505126772	high	Singulisphaera acidiphila	Bacteria
1e95194a-45e4-4c15-a4ea-0da8e09de1dc	466153	0.98495100778869	high	Singulisphaera acidiphila	Bacteria
ad0b34cf-3ed6-43a0-bc1a-8fd4156837f7	466153	0.9979383321064282	high	Singulisphaera acidiphila	Bacteria
02108b50-55eb-4973-b3bc-fdfe9e8f4e1f	466153	0.98473235618908	high	Singulisphaera acidiphila	Bacteria
33ff1570-2495-4c76-9bbf-4505aacdca58	466153	0.9848631305640748	high	Singulisphaera acidiphila	Bacteria
a1e97444-8d79-4e4e-984f-a544072d6095	466153	0.5642841917779454	medium	Singulisphaera acidiphila	Bacteria
83ded5ee-8386-4d25-b147-4da82d1d834c	466153	0.8791731726362705	high	Singulisphaera acidiphila	Bacteria
ce952464-eba8-4fc4-80b7-3fe4dab6aaf1	466153	0.9847963046451866	high	Singulisphaera acidiphila	Bacteria
7d0d6c4b-b744-487f-bc03-37f2d76f944a	466153	0.999987094088584	high	Singulisphaera acidiphila	Bacteria
8689fb0d-e909-47f7-a7f2-0cc19cf45dda	466153	0.9927817574886107	high	Singulisphaera acidiphila	Bacteria
ec90d4ac-68b2-4655-b4db-938e5f01e9f2	466153	0.9466256660197327	high	Singulisphaera acidiphila	Bacteria
c39cea53-4a3d-4090-9b83-84ab79b879b1	466153	0.9849385764207068	high	Singulisphaera acidiphila	Bacteria
271d067a-9d62-4f22-96a7-16992f17d9fc	466153	0.8753702692302179	high	Singulisphaera acidiphila	Bacteria
66f91285-af6a-463e-b01d-8e1cba50c217	466153	0.9848975822037176	high	Singulisphaera acidiphila	Bacteria
5f7fda2a-f47e-4c68-befd-887216f605eb	466153	0.999693698105522	high	Singulisphaera acidiphila	Bacteria
930c7ffe-dd3e-4f30-988c-5cb15d3cbe21	466153	0.9839593427847249	high	Singulisphaera acidiphila	Bacteria
2e931e42-7eed-4aa6-ad9d-3edc4ab4f9f9	2712865	0.6785469002196844	medium	Paludisphaera soli	Bacteria
891c2b5d-fbe8-4e80-834a-ff0b2bb139cb	466153	0.9996936398429984	high	Singulisphaera acidiphila	Bacteria
ae9635d9-94d7-43c4-8ad9-29b0bb3b68bc	466153	0.999283937861924	high	Singulisphaera acidiphila	Bacteria
fefbb5b9-c5b4-430e-8ef1-622d76725008	466153	0.9849220098973508	high	Singulisphaera acidiphila	Bacteria
bd4c706e-b96d-4b74-a52f-699f7ddc1afb	466153	0.7222029765087836	medium	Singulisphaera acidiphila	Bacteria
6acfa33c-55c0-4909-975c-51867a45943a	466153	0.9996720945227312	high	Singulisphaera acidiphila	Bacteria
6bd6d062-c3c1-4710-b131-df189893f1f1	466153	0.9848156052627528	high	Singulisphaera acidiphila	Bacteria
efecf18c-13d9-42ab-8cb6-b1c41335d643	466153	0.9999999998338364	high	Singulisphaera acidiphila	Bacteria
38f7dfb9-5c92-4ad9-a117-98459590a0ab	466153	0.8290175436409593	high	Singulisphaera acidiphila	Bacteria
1675a2ec-4033-4506-8620-829859796464	2029860	0.9954808910168348	high	Tundrisphaera lichenicola	Bacteria
705ff865-d9a4-4c92-b858-6d073bf28921	466153	0.999692289651108	high	Singulisphaera acidiphila	Bacteria
d6515469-6035-4d4c-a52e-c4451d550b8b	466153	0.9849073590695392	high	Singulisphaera acidiphila	Bacteria
aa4c0f4b-3dd5-4078-a22f-f74c27d0a5a9	466153	0.5519544628311338	medium	Singulisphaera acidiphila	Bacteria
b01f9231-f768-4061-bb15-f03a7e17a082	466153	0.8348895258018993	high	Singulisphaera acidiphila	Bacteria
d5e7840b-e105-426b-9237-8f72feb98342	466153	0.984860005357717	high	Singulisphaera acidiphila	Bacteria
89ed417f-192e-475f-8b9a-2df2c28c0c4d	2029860	0.9999646772686333	high	Tundrisphaera lichenicola	Bacteria
de8fffc9-44f9-43a2-8dcb-6dc7b3491f88	466153	0.9920718584137488	high	Singulisphaera acidiphila	Bacteria
ecc281eb-0acb-4f00-9a6e-550b6f3dfe2b	466153	0.984920907314538	high	Singulisphaera acidiphila	Bacteria
b83548ac-bfa7-4757-9dca-7ec860dea7e4	466153	0.9996881465132526	high	Singulisphaera acidiphila	Bacteria
8a051557-bf7d-4e69-9629-e00c569a7f56	466153	0.9849817822672202	high	Singulisphaera acidiphila	Bacteria
9bf338b7-7c32-4030-91ca-a49459980737	466153	0.9849628405952487	high	Singulisphaera acidiphila	Bacteria
e54bc4a5-8d65-4b92-8850-3d87bb5502e5	466153	0.984795672150476	high	Singulisphaera acidiphila	Bacteria
d3db3b2c-8c4b-40f5-9208-0d3e763464ba	466153	0.9847686413940736	high	Singulisphaera acidiphila	Bacteria
a9731096-fa30-40f0-9012-29e33a303970	466153	0.9850073224374406	high	Singulisphaera acidiphila	Bacteria
f65273fe-4006-4787-982a-ebfef755a7b0	466153	0.9850722513628386	high	Singulisphaera acidiphila	Bacteria
a8bae009-a887-419f-a5d4-a96a8f49c603	466153	0.9798747312269174	high	Singulisphaera acidiphila	Bacteria
70505cfa-b8fe-4283-9e24-91ad0cd7793c	466153	0.9999992985128704	high	Singulisphaera acidiphila	Bacteria
227911dc-1634-4319-b5bc-223bfb1ce895	466153	0.9716264096801668	high	Singulisphaera acidiphila	Bacteria
c6bdda61-a00c-4b70-b618-424d25517a32	2712865	0.9992553715340344	high	Paludisphaera soli	Bacteria
e3c76a65-0725-45f1-b3a8-cfab56caf8f6	466153	0.9848016050956472	high	Singulisphaera acidiphila	Bacteria
689affb6-2f1d-4c6f-8f8b-16edabb6a9ca	466153	0.9848101733665446	high	Singulisphaera acidiphila	Bacteria
24f42753-b902-4170-931d-4ff273209bd7	466153	0.9847103509393944	high	Singulisphaera acidiphila	Bacteria
9cd3963f-ae05-462c-8be8-873fe1f1a749	466153	0.9848770499196192	high	Singulisphaera acidiphila	Bacteria
2f7145cc-8367-4211-b8ef-6e39039cbcb6	466153	0.9849840374281024	high	Singulisphaera acidiphila	Bacteria
84143e9b-ae74-4cde-a999-4e23281ea75d	466153	0.9848060316253868	high	Singulisphaera acidiphila	Bacteria
d1d8720a-db32-4769-9fad-a1703af5c842	466153	0.9848118661916172	high	Singulisphaera acidiphila	Bacteria
09a81c1e-da97-4ee4-88c4-82ffe088bd56	466153	0.9457880345522228	high	Singulisphaera acidiphila	Bacteria
d2cadbca-68ca-4cb7-ad7d-8db69e3b9b32	466153	0.9848823425223856	high	Singulisphaera acidiphila	Bacteria
13de7cda-0ef5-4ae5-85e9-bab9fd30d778	466153	0.9849466872832964	high	Singulisphaera acidiphila	Bacteria
98bbc8eb-a1bc-4b5c-8f44-6072b423eb67	2712865	0.9998936944197176	high	Paludisphaera soli	Bacteria
94604cd5-b778-44fe-a62c-1af4c64f2999	466153	0.9847517725145772	high	Singulisphaera acidiphila	Bacteria
617c53ff-70b5-401b-93aa-bda1fd6cc8ef	466153	0.9848568188355982	high	Singulisphaera acidiphila	Bacteria
a95e7cb5-b312-4322-aaaa-f8d89f9a719c	466153	0.9852966125373424	high	Singulisphaera acidiphila	Bacteria
31f9cbcc-3569-48c0-a8bc-be701f261c9a	466153	0.984899387071722	high	Singulisphaera acidiphila	Bacteria
812a8872-65d3-4030-b58e-a2223a318430	466153	0.9848654345923128	high	Singulisphaera acidiphila	Bacteria
24ab7ba3-24c6-44c5-9fab-f756431726f9	466153	0.9849305515320984	high	Singulisphaera acidiphila	Bacteria
66c4555f-e819-41b0-bef8-75a7a09a2074	466153	0.9848253692841497	high	Singulisphaera acidiphila	Bacteria
b9c2fbc6-cb90-46b5-9365-cf3a7e6a5942	466153	0.9847514690881384	high	Singulisphaera acidiphila	Bacteria
9e766a49-103c-4660-8f05-9fc7f375bda9	466153	0.9848747286760638	high	Singulisphaera acidiphila	Bacteria
41f776d1-e662-4460-8f48-f35952263322	466153	0.8750017098443598	high	Singulisphaera acidiphila	Bacteria
fce98cd5-ceba-4f5a-b5a2-f009256a3476	466153	0.9849309686521136	high	Singulisphaera acidiphila	Bacteria
8498fe41-9784-4584-9a3d-e3d65c548a1e	466153	0.9849089083561032	high	Singulisphaera acidiphila	Bacteria
9b08086f-3a69-4722-ade0-6149311407c3	466153	0.9958388398886324	high	Singulisphaera acidiphila	Bacteria
dc20c644-0ea0-45f0-aa1f-1d2e6ba07373	466153	0.9958348898243592	high	Singulisphaera acidiphila	Bacteria
7205b958-c081-4bee-9621-b360a24d19d2	466153	0.9849542884368588	high	Singulisphaera acidiphila	Bacteria
c0d86acb-b45d-427d-8471-ebff633e4555	466153	0.9850688852402611	high	Singulisphaera acidiphila	Bacteria
fe7c9d79-52a9-4825-ae58-a80c7c91a190	466153	0.9847157901620524	high	Singulisphaera acidiphila	Bacteria
8c9b7969-361b-4ba6-a139-25ffe0402c8f	466153	0.9849435873253992	high	Singulisphaera acidiphila	Bacteria
f0aecfe6-70f5-49d9-94e8-c73d4afee019	466153	0.9851405970147908	high	Singulisphaera acidiphila	Bacteria
aaca8be9-0302-4875-971b-f24e4180bca7	466153	0.9848205637447812	high	Singulisphaera acidiphila	Bacteria
f5501c5e-5aa7-4bf6-a078-80dee44bdfa2	466153	0.9988620212251828	high	Singulisphaera acidiphila	Bacteria
69b31320-117f-466c-b77d-f59920cda775	466153	0.984708028667024	high	Singulisphaera acidiphila	Bacteria
f0260565-04f6-4dc7-aa58-32efffd83342	466153	0.883566257785118	high	Singulisphaera acidiphila	Bacteria
f7e3d2da-f0a0-4e10-b5bc-e577d584c3bc	466153	0.984804439123982	high	Singulisphaera acidiphila	Bacteria
26330d3f-b32e-4034-af04-63afed6c1232	466153	0.9849242677619352	high	Singulisphaera acidiphila	Bacteria
58a31de7-d50c-47a2-af16-e94f1a86569f	466153	0.984905461655316	high	Singulisphaera acidiphila	Bacteria
65708956-3049-48a2-a8dc-6545b1fa6613	466153	0.9848620113231312	high	Singulisphaera acidiphila	Bacteria
62e44b27-fd46-4263-9e09-049412ae56a3	466153	0.999420832997294	high	Singulisphaera acidiphila	Bacteria
de513a83-18f4-42d3-a3fe-b278e4e929de	466153	0.5765209006032356	medium	Singulisphaera acidiphila	Bacteria
f044bd9d-9cd5-4d56-b0de-b74fd7405af2	466153	0.971521182149522	high	Singulisphaera acidiphila	Bacteria
b9d270a8-56aa-425e-bb73-87eeaf4c6208	466153	0.9848066252621802	high	Singulisphaera acidiphila	Bacteria
12597c87-7ab8-4ea6-87ac-b677b9d44444	3120278	0.9487203154415086	high	Singulisphaera photorubra	Bacteria
da7b26e1-9bb7-40a5-8cd3-efc7c999f0a8	466153	0.9998385415781056	high	Singulisphaera acidiphila	Bacteria
4b00ab82-6dfc-44fc-8033-64432156db5c	466153	0.9847954895297212	high	Singulisphaera acidiphila	Bacteria
46e451ea-8c8d-4603-bd5e-446d08405b7f	466153	0.9469174967759888	high	Singulisphaera acidiphila	Bacteria
afe8eaf3-ef6e-4b66-8790-5b342b2d29fd	466153	0.9848363831706792	high	Singulisphaera acidiphila	Bacteria
9285438c-abf3-44ac-9da0-0a6662ced77d	2712865	0.9999712408044352	high	Paludisphaera soli	Bacteria
9577bc2b-6dfe-43fc-8e6c-c43c62468577	466153	0.9848170102409746	high	Singulisphaera acidiphila	Bacteria
565e0ffa-5519-4e87-920d-cd5f22dd94f5	466153	0.9993989822422517	high	Singulisphaera acidiphila	Bacteria
23bdb7d3-6bba-401d-86c6-06f58dceca37	466153	0.9848115988405828	high	Singulisphaera acidiphila	Bacteria
1df0934b-2704-45f0-9c09-3eaec71fdbad	2712865	0.999615053902328	high	Paludisphaera soli	Bacteria
02b39383-3e51-4cf5-8739-f3ec8a177af8	466153	0.9846620127144742	high	Singulisphaera acidiphila	Bacteria
0bd826c2-2b3e-494d-8d55-cafcc0712248	466153	0.9848429806825284	high	Singulisphaera acidiphila	Bacteria
caeb0242-e3fb-4563-9638-54511e40a17b	466153	0.9473095569600016	high	Singulisphaera acidiphila	Bacteria
9e83dcb5-0f01-4aaa-8be2-e3640e66e3e0	466153	0.9999999999391864	high	Singulisphaera acidiphila	Bacteria
882e2681-acca-48ec-89a5-d2106f453efe	466153	0.9999999509315496	high	Singulisphaera acidiphila	Bacteria
8549eb4e-396e-4bed-abb1-589784972bd1	466153	0.913101495692318	high	Singulisphaera acidiphila	Bacteria
cae605a9-458f-44cd-a1d9-b5b2532093b2	2712865	0.999999993376914	high	Paludisphaera soli	Bacteria
21f6e70b-2937-429e-8fda-3ae9715cba3e	466153	0.9848026323149336	high	Singulisphaera acidiphila	Bacteria
6b81b3ec-7e78-494a-89b7-fc0de5ee4132	466153	0.9991130794030996	high	Singulisphaera acidiphila	Bacteria
e0bbf77f-0c67-42ba-ad44-8ced9648f353	466153	0.9847984734196304	high	Singulisphaera acidiphila	Bacteria
33d3f846-d69a-40d3-9122-670c86726326	466153	0.8779266158168216	high	Singulisphaera acidiphila	Bacteria
ce99dc0e-77d6-4f4b-8010-7f96e48730b1	466153	0.9999996894278336	high	Singulisphaera acidiphila	Bacteria
89ced1ef-771b-4fc0-82ea-245350c2435a	466153	0.9849441058901132	high	Singulisphaera acidiphila	Bacteria
ab9d6652-e8b7-4fe3-9d2c-c0055cfb69da	2029860	0.9999995836002532	high	Tundrisphaera lichenicola	Bacteria
d8b95481-b1f7-4219-85c2-e35632cd7091	466153	0.9849407009763744	high	Singulisphaera acidiphila	Bacteria
25acd6b8-1579-49b1-8f69-b7d418fcdbd4	466153	0.9849297191205856	high	Singulisphaera acidiphila	Bacteria
e4c6975d-643f-4081-aa5f-5fbec3a2eea3	2029860	0.9999665175848886	high	Tundrisphaera lichenicola	Bacteria
3b56e17b-c3b5-4a8c-a71c-a93fbf64f47a	466153	0.9633198931624926	high	Singulisphaera acidiphila	Bacteria
2cfcf2a9-ef3b-4986-8ddd-97a458d24e15	466153	0.9847896148860342	high	Singulisphaera acidiphila	Bacteria
3d6d9e15-c4b2-4daf-b538-6ee95bed30de	3120278	0.9959407177660804	high	Singulisphaera photorubra	Bacteria
5c6c7e24-818d-4133-856f-0cff6c44dcc9	466153	0.9847857927234722	high	Singulisphaera acidiphila	Bacteria
a15e6493-9497-4b57-a946-7278fcab00d8	466153	0.9713208622873728	high	Singulisphaera acidiphila	Bacteria
5a0e4e9e-549c-4c81-b692-2f9d6757078f	466153	0.9848588451305724	high	Singulisphaera acidiphila	Bacteria
d755a7f4-8271-450e-b67b-855345910f17	466153	0.9847433879933064	high	Singulisphaera acidiphila	Bacteria
7d9f696f-8a7b-4457-af45-7ddbb824b6a3	466153	0.9849564708633936	high	Singulisphaera acidiphila	Bacteria
fdac9ca7-91f1-4e6b-a0dd-7790703dd04f	466153	0.97134178471529	high	Singulisphaera acidiphila	Bacteria
3b51a11b-a2f2-4081-b24b-f31c226fb976	466153	0.9847454290691432	high	Singulisphaera acidiphila	Bacteria
0ca08633-dc66-4b86-b54c-d4c44e85cbfd	466153	0.9848797251604048	high	Singulisphaera acidiphila	Bacteria
ca4526f3-dcfc-43f6-bc05-ed5528ac64ed	466153	0.937786778038636	high	Singulisphaera acidiphila	Bacteria
d187357f-9c12-4c9b-8296-dba2ca6e8e72	466153	0.9847406171265658	high	Singulisphaera acidiphila	Bacteria
91c1592a-7a71-4ede-8d54-70af4d707bda	466153	0.984960972610554	high	Singulisphaera acidiphila	Bacteria
0c733e72-6333-4595-a8fe-e27541b49c95	466153	0.9849392166005764	high	Singulisphaera acidiphila	Bacteria
935a33ed-1ded-4aa7-9717-7b7bdec20005	466153	0.9847991890241152	high	Singulisphaera acidiphila	Bacteria
4083e2e9-d87f-45e5-993b-375b632c4703	466153	0.9988467284004212	high	Singulisphaera acidiphila	Bacteria
515ff75c-d34a-475b-b292-a2f028d62c6d	466153	0.9996925845150452	high	Singulisphaera acidiphila	Bacteria
ada02c4f-a765-42ca-b698-2934e24974c8	466153	0.9847843299192188	high	Singulisphaera acidiphila	Bacteria
cac01950-f009-4496-aae9-57b5385a6163	466153	0.9847644307784092	high	Singulisphaera acidiphila	Bacteria
5fc23894-94e5-44b6-a184-1bfff463941a	466153	0.9848288535124012	high	Singulisphaera acidiphila	Bacteria
dfce2a4c-5821-44dd-9b88-78e832594143	466153	0.999993603206295	high	Singulisphaera acidiphila	Bacteria
9af02597-746e-4819-9a08-fb2c1422f3ff	466153	0.984888850014596	high	Singulisphaera acidiphila	Bacteria
2690291f-3087-415d-b9f3-302db11a3360	466153	0.984908267738816	high	Singulisphaera acidiphila	Bacteria
0780832f-4481-46da-91a1-3fade455aff8	466153	0.9848222716000428	high	Singulisphaera acidiphila	Bacteria
5b41fc9f-535d-4dbc-a86f-d09d06fbfb09	466153	0.984819822616292	high	Singulisphaera acidiphila	Bacteria
34d4a2d5-44de-4a2f-b98a-959ae82e11d7	466153	0.9994026548463698	high	Singulisphaera acidiphila	Bacteria
7769c9d6-2b89-42d3-b0ac-54bdae43b6c1	466153	0.999397043805054	high	Singulisphaera acidiphila	Bacteria
0e9eb6e5-9feb-4167-9605-41f506d9481f	466153	0.9849545903843429	high	Singulisphaera acidiphila	Bacteria
2e99a295-d9bb-4f37-a85f-228b91b87176	466153	0.934983233510303	high	Singulisphaera acidiphila	Bacteria
db1d2e67-ab38-4176-bd67-8f1b29506532	466153	0.7780896966981298	medium	Singulisphaera acidiphila	Bacteria
229004da-2d2d-4d10-85cf-ec6b39a35772	466153	0.9848235340972236	high	Singulisphaera acidiphila	Bacteria
384ef86e-5fdc-4e04-9020-f33f3795a2f3	466153	0.8290506187620009	high	Singulisphaera acidiphila	Bacteria
998c6ec6-5c0b-4cc2-8919-cb828695acdd	466153	0.9849282191262604	high	Singulisphaera acidiphila	Bacteria
323d8e74-0118-4207-8b84-981477549169	466153	0.9848312957347244	high	Singulisphaera acidiphila	Bacteria
261f3f5f-5b75-427d-8436-cb63d3418957	466153	0.9847417141001896	high	Singulisphaera acidiphila	Bacteria
8123fd74-6a3f-46b4-9d9a-2504900b91fa	466153	0.9847478703574276	high	Singulisphaera acidiphila	Bacteria
72ac4560-db1a-449a-b683-172c68d330fd	466153	0.9849038412591722	high	Singulisphaera acidiphila	Bacteria
54f4ba86-3c88-4b97-8389-e1154f2a7829	466153	0.998542277114118	high	Singulisphaera acidiphila	Bacteria
d08ba544-5975-4859-9129-04e9118f9667	466153	0.9848702172299052	high	Singulisphaera acidiphila	Bacteria
0263f6a2-2200-4035-a3e5-6219572ea571	3120278	0.9858911490564513	high	Singulisphaera photorubra	Bacteria
a47f228b-752c-43d6-90d3-ec90d7e599f2	466153	0.9847754669853848	high	Singulisphaera acidiphila	Bacteria
797d3d38-cea9-4730-bb8e-c3d87387f997	466153	0.9999999998051576	high	Singulisphaera acidiphila	Bacteria
5325ad78-2b3e-488f-bde0-e6c71485c03c	466153	0.9847514690881384	high	Singulisphaera acidiphila	Bacteria
1a1fe289-d7c0-4c4e-b8b3-942d72cfc831	466153	0.9848968864250066	high	Singulisphaera acidiphila	Bacteria
694020d6-e7a3-47ad-bb5e-ab68813a9c91	466153	0.9849137561674248	high	Singulisphaera acidiphila	Bacteria
6d2bcf8d-b2ea-42da-8214-3272fb51fc22	466153	0.9996881966600604	high	Singulisphaera acidiphila	Bacteria
961c17fa-f9e4-4f20-840a-d969f80ef32d	466153	0.9716284680206017	high	Singulisphaera acidiphila	Bacteria
760c4dca-e49a-45cc-804a-31f29c4c7287	466153	0.985061637977316	high	Singulisphaera acidiphila	Bacteria
c6f2e3c7-7b2e-44e7-9b9d-28654a5d389c	466153	0.9999999996119056	high	Singulisphaera acidiphila	Bacteria
fdc32465-5751-4d7f-894b-333817f2dd35	466153	0.984808303095918	high	Singulisphaera acidiphila	Bacteria
2c607843-9dc6-49e4-8f72-96e34b9c84a3	466153	0.9847447388322847	high	Singulisphaera acidiphila	Bacteria
6d96aee8-617b-4b55-9a6a-3dddfea9eb60	466153	0.9847214878134916	high	Singulisphaera acidiphila	Bacteria
f7ee9576-e058-4910-99d3-3d6d9a11c30d	466153	0.9849596272976018	high	Singulisphaera acidiphila	Bacteria
235d1381-af8f-43e1-9dd7-f932260e1ebe	466153	0.9846820914054328	high	Singulisphaera acidiphila	Bacteria
2c964fac-fd55-490b-84ac-24b0bca69152	466153	0.999999904059459	high	Singulisphaera acidiphila	Bacteria
e4ad27d0-1461-4184-9817-f9ab9554e3a7	466153	0.9849651996467872	high	Singulisphaera acidiphila	Bacteria
bc70a741-24e0-4afe-940c-f584ab9d07f2	466153	0.9713232716293942	high	Singulisphaera acidiphila	Bacteria
433aea1e-c199-4aa1-813d-c20f68f6c535	466153	0.9847984989220504	high	Singulisphaera acidiphila	Bacteria
62bf32fc-275d-40b0-8c2b-fd1c52a3038b	466153	0.984794767509306	high	Singulisphaera acidiphila	Bacteria
94b365ea-c447-4073-addc-75793276be5d	466153	0.984998940129738	high	Singulisphaera acidiphila	Bacteria
775437de-816f-4a24-814a-eb39e7528a22	466153	0.9849609355387468	high	Singulisphaera acidiphila	Bacteria
2979b255-c0df-4d8b-b6f5-57bacb299554	466153	0.9848541216911224	high	Singulisphaera acidiphila	Bacteria
c16fa936-17d3-4e5e-943c-4e1b45f51261	466153	0.9974811950966124	high	Singulisphaera acidiphila	Bacteria
b4e59d74-c406-4f44-a7a2-de327f7185fb	466153	0.9848718731585376	high	Singulisphaera acidiphila	Bacteria
0a7d042b-5013-47a9-8695-801e20692765	466153	0.9721425796274288	high	Singulisphaera acidiphila	Bacteria
5912a9cf-4552-4aa0-8ef2-852591112d26	466153	0.8267214391307575	high	Singulisphaera acidiphila	Bacteria
164da2a5-7d21-414c-8ae8-8af373c9d6e9	466153	0.985021341048677	high	Singulisphaera acidiphila	Bacteria
17e948df-abff-4188-b9c8-109bb5814a9e	466153	0.985132488162072	high	Singulisphaera acidiphila	Bacteria
f2add7aa-93ce-4d2b-bc0a-800553fe3d3f	466153	0.5628492264651304	medium	Singulisphaera acidiphila	Bacteria
c97f340d-7b00-42b6-a596-58ba5fbf6bea	466153	0.9847699366145992	high	Singulisphaera acidiphila	Bacteria
2a5a02d0-c882-4f3c-83e2-bef1174f83b8	466153	0.9999999998016588	high	Singulisphaera acidiphila	Bacteria
5cd7bdff-94af-4e5b-be61-a451b040a6c6	466153	0.9848118661916172	high	Singulisphaera acidiphila	Bacteria
a6109412-44b1-4bbd-95e2-aee0557573c3	466153	0.8454750517868102	high	Singulisphaera acidiphila	Bacteria
a82ddea4-990e-4dc0-960b-2d99246ddd90	466153	0.9994069686400026	high	Singulisphaera acidiphila	Bacteria
ca997efa-7017-4dcc-bf60-5130403c4263	3120278	0.6486839660897189	medium	Singulisphaera photorubra	Bacteria
9a2f3660-7c62-48cd-980b-cdbb3edd000e	466153	0.984878063111705	high	Singulisphaera acidiphila	Bacteria
e90329e9-8286-4f76-999c-18fc7ae456dd	466153	0.9847723498946366	high	Singulisphaera acidiphila	Bacteria
da43db41-a82f-415a-9cf0-4e55a6b3c5e9	466153	0.9999999894106948	high	Singulisphaera acidiphila	Bacteria
5baa3e69-d44d-4624-9697-8a42358bd924	466153	0.984777659714398	high	Singulisphaera acidiphila	Bacteria
bb8a0e07-090c-422d-8aca-152d89904c34	466153	0.9999995289473884	high	Singulisphaera acidiphila	Bacteria
9dac90b7-b3c7-4f65-ad7e-b419e16b74e4	466153	0.8765643735679761	high	Singulisphaera acidiphila	Bacteria
7b42e6ba-9040-44be-9d73-585442998d14	466153	0.9958356868045382	high	Singulisphaera acidiphila	Bacteria
358af960-1f5b-46ae-8d88-9ae55fea5665	466153	0.984804439123982	high	Singulisphaera acidiphila	Bacteria
f355e57b-26cf-426c-8913-59d163833a72	466153	0.9850039581752944	high	Singulisphaera acidiphila	Bacteria
927637ca-11b6-4dbc-887c-8825bb6d52e6	466153	0.971755017529416	high	Singulisphaera acidiphila	Bacteria
25be371b-47a2-456d-9109-a6ccfb3b5f35	466153	0.9852592235151644	high	Singulisphaera acidiphila	Bacteria
72ad1009-9d4e-4417-83bd-0468aadc300a	466153	0.9848832261286408	high	Singulisphaera acidiphila	Bacteria
625e25eb-aa50-409d-8ad5-aafbdf7ed588	466153	0.984993014308429	high	Singulisphaera acidiphila	Bacteria
8a611c06-9e71-42a0-b773-fa0a6a3688ef	466153	0.9458255422409676	high	Singulisphaera acidiphila	Bacteria
67f3d36e-8444-40c5-9cc0-eb7058081990	466153	0.8287351674090266	high	Singulisphaera acidiphila	Bacteria
c23e5605-26a9-4774-ae7f-02ac2d8c754c	466153	0.9849505977326592	high	Singulisphaera acidiphila	Bacteria
d0737706-4312-452d-b4af-0c320d449d04	466153	0.9847551836128304	high	Singulisphaera acidiphila	Bacteria
894bd3da-7cc1-411b-aa47-e637a6fd98da	466153	0.5691852614052598	medium	Singulisphaera acidiphila	Bacteria
3e4c4bd8-cc41-43c3-8da4-40ee74b6964e	466153	0.984748450323546	high	Singulisphaera acidiphila	Bacteria
ea29af44-ae42-4463-ad22-1d1aebcb0916	466153	0.9921303952416646	high	Singulisphaera acidiphila	Bacteria
b3679c0a-6a23-4148-bb12-30a0710d08be	466153	0.984745041443426	high	Singulisphaera acidiphila	Bacteria
d7a28a5c-3ed7-49f2-a927-3d3b00750beb	466153	0.8262415027046841	high	Singulisphaera acidiphila	Bacteria
3d8969fd-0845-441e-8f60-416a5af65c16	3120278	0.997993169956617	high	Singulisphaera photorubra	Bacteria
0fe8df07-d6fb-44d6-b2ef-0cb484e711de	466153	0.9847760575043162	high	Singulisphaera acidiphila	Bacteria
26893a13-0a57-4533-876b-e737b0615114	466153	0.9848028462300862	high	Singulisphaera acidiphila	Bacteria
c287d820-5e03-49b2-9ec6-9b53e83cb26e	466153	0.9848892556463084	high	Singulisphaera acidiphila	Bacteria
d21d0596-1c5a-4454-bfe2-1afce9edd114	466153	0.984742700985246	high	Singulisphaera acidiphila	Bacteria
5ea97427-60e4-41ac-a52a-8b9bef5a629c	466153	0.9849870061059594	high	Singulisphaera acidiphila	Bacteria
832386cf-b7b6-4ca7-8ed8-7d2abcd387ba	466153	0.9996848438668996	high	Singulisphaera acidiphila	Bacteria
cac6a832-a4f5-451b-8c82-5cce1e620012	466153	0.9999997394255458	high	Singulisphaera acidiphila	Bacteria
1e6b72f6-7a10-4728-a2f9-ecffc03e824f	466153	0.5449809829423712	medium	Singulisphaera acidiphila	Bacteria
aa337221-d5f2-4947-ab70-0164c2429d62	466153	0.6145794991360045	medium	Singulisphaera acidiphila	Bacteria
c256354f-5f74-4a70-9f15-4cac8dca2503	466153	0.9853385508185644	high	Singulisphaera acidiphila	Bacteria
68fa50b9-ff47-4c7a-a3c1-cd4e6a3e9b51	466153	0.9026643161178266	high	Singulisphaera acidiphila	Bacteria
397f1946-45c6-4efc-acd4-d20ef82fa73f	466153	0.9846925555274624	high	Singulisphaera acidiphila	Bacteria
be28de1e-be14-47c4-b482-d87af0b1209b	466153	0.9850903982660986	high	Singulisphaera acidiphila	Bacteria
4fdd1dec-3012-4f0a-8265-0b82c8fb7c13	466153	0.9996859608498831	high	Singulisphaera acidiphila	Bacteria
bb3f51e0-78f2-4318-b26f-9cb0817d6cbd	466153	0.9848681918275566	high	Singulisphaera acidiphila	Bacteria
807ec33f-6ced-45f6-9540-2beb1d44a855	466153	0.9848175613540704	high	Singulisphaera acidiphila	Bacteria
c561f584-54fc-4a2c-9c05-571b9e1f1a5f	466153	0.9999999997905572	high	Singulisphaera acidiphila	Bacteria
8a952321-9cb1-4b0c-a84d-68fd5524eb93	466153	0.9848014713592516	high	Singulisphaera acidiphila	Bacteria
c8931a19-b692-4884-83d4-6b11ed7bc5a0	466153	0.98475819641452	high	Singulisphaera acidiphila	Bacteria
8a86c7b8-f01a-47bb-b471-ca61d18917b8	2712865	0.9972962489176472	high	Paludisphaera soli	Bacteria
bb45cfa2-5279-4466-be8c-9c1ff33c2703	466153	0.9848232140068812	high	Singulisphaera acidiphila	Bacteria
491947fa-56da-463d-92bb-e583870ec6df	466153	0.9849185614037892	high	Singulisphaera acidiphila	Bacteria
c828da99-45a5-4a7c-81aa-d1ce8f1df9c6	466153	0.9848556843670762	high	Singulisphaera acidiphila	Bacteria
7c6f4cbf-6678-4f15-acf8-113b2e61ae04	466153	0.9848973942127534	high	Singulisphaera acidiphila	Bacteria
2e10f905-2bfd-4cd3-8999-d7cc3adbb79c	466153	0.9849342285917952	high	Singulisphaera acidiphila	Bacteria
36b2ae87-1ca3-4454-9820-bf8694a18290	466153	0.9848530973051768	high	Singulisphaera acidiphila	Bacteria
4f5d3b3e-1ce6-42e1-a99e-e2c5192f79ee	466153	0.9849328326489152	high	Singulisphaera acidiphila	Bacteria
4a9cd15b-48b9-478e-b6a1-68f747fd933d	466153	0.9496660249525218	high	Singulisphaera acidiphila	Bacteria
6a9ae7a5-df0b-402e-8397-d94cb72d1b43	466153	0.9849253930369144	high	Singulisphaera acidiphila	Bacteria
b800c7ec-bf5c-4907-8e60-7c46ab439d13	2029860	0.9999957733874324	high	Tundrisphaera lichenicola	Bacteria
1b58afb2-c6f8-42e8-8674-235f84535636	466153	0.9996937165919604	high	Singulisphaera acidiphila	Bacteria
238ded53-ad19-4199-855a-106fb7e8ad9b	466153	0.9849804405679876	high	Singulisphaera acidiphila	Bacteria
c175d2f7-fd3d-46ee-b164-f0ff9fc7e96f	466153	0.999692586741284	high	Singulisphaera acidiphila	Bacteria
cc7be096-7aea-4014-a546-795acf347587	466153	0.9849969492495164	high	Singulisphaera acidiphila	Bacteria
5966e01a-e2f2-4f0c-9e5f-7ad538a5565a	466153	0.9850841902175068	high	Singulisphaera acidiphila	Bacteria
f6d82bca-39bc-411f-a137-3f3482cc6148	466153	0.9847417141001896	high	Singulisphaera acidiphila	Bacteria
6a99c543-4c80-4acf-ade4-12cfc5256424	466153	0.984949569245799	high	Singulisphaera acidiphila	Bacteria
b6119371-cc26-4925-99c5-e8427408eb5e	466153	0.9850078967496936	high	Singulisphaera acidiphila	Bacteria
32423a62-f26c-49c4-b32b-494e2de7d85c	466153	0.7180434262196033	medium	Singulisphaera acidiphila	Bacteria
4794292d-6268-4e99-a960-46420b1d3eb7	466153	0.984870399441383	high	Singulisphaera acidiphila	Bacteria
6dedc82a-29bf-47eb-a4bd-8da2f40aad4a	466153	0.9847417141001896	high	Singulisphaera acidiphila	Bacteria
89f3d17d-83c3-42c8-b37a-5b693c79ae64	466153	0.984978577772045	high	Singulisphaera acidiphila	Bacteria
b3bf9e79-d8ab-401b-9ccb-18ba84676577	466153	0.9994210002768316	high	Singulisphaera acidiphila	Bacteria
eb048f2c-4adc-4165-99b7-c6155b296f9c	3120278	0.9122120127779244	high	Singulisphaera photorubra	Bacteria
07cb5054-1883-425f-b791-7da8463dabb8	466153	0.984782064435542	high	Singulisphaera acidiphila	Bacteria
2921596e-ee34-40ff-88b3-3d30a635cd4e	466153	0.9848120041349924	high	Singulisphaera acidiphila	Bacteria
46bbd828-cb98-4d8f-9505-0ef122f386c1	466153	0.9848026804897816	high	Singulisphaera acidiphila	Bacteria
9d5224b7-9062-4ba4-b1d9-1a3a97961a28	466153	0.9922525494822206	high	Singulisphaera acidiphila	Bacteria
42f9887d-a450-44db-a7d6-e167f9b75107	466153	0.984744075895676	high	Singulisphaera acidiphila	Bacteria
4932c685-8890-4f02-b432-2671acfa0232	466153	0.98498108931281	high	Singulisphaera acidiphila	Bacteria
20eb3c82-3f21-4fd6-a89d-c1b1c344ec1d	466153	0.984824515462871	high	Singulisphaera acidiphila	Bacteria
ca498143-1778-4424-b38d-9570bc8d337e	466153	0.9848518733830042	high	Singulisphaera acidiphila	Bacteria
11525088-949e-4dd0-9bf9-f1b2797497b6	466153	0.9848767455142202	high	Singulisphaera acidiphila	Bacteria
ca521f52-9a63-4f14-850f-c4987a48b66b	466153	0.9848807365000272	high	Singulisphaera acidiphila	Bacteria
81bd2934-7028-41af-90fe-7b83ecc89ba7	466153	0.9848180112627496	high	Singulisphaera acidiphila	Bacteria
6dd06bee-2824-4a5c-91d1-dbd63dac7271	466153	0.8762194591434477	high	Singulisphaera acidiphila	Bacteria
755cd1dc-1b4a-4223-9d41-fbd1906b46d6	466153	0.9851045489792746	high	Singulisphaera acidiphila	Bacteria
4cbeec34-99e3-4508-817d-00b13a9a08d9	466153	0.999411615918104	high	Singulisphaera acidiphila	Bacteria
de98800c-6d80-474b-80fb-3cad9ba43d1a	466153	0.977801767684706	high	Singulisphaera acidiphila	Bacteria
6efcd48a-93f6-4016-bef2-e9280201e086	466153	0.9848302843304956	high	Singulisphaera acidiphila	Bacteria
4e41f0c0-3981-446a-baee-52a04444090d	466153	0.9849619292343312	high	Singulisphaera acidiphila	Bacteria
7a441198-a2c9-4d9f-aaa8-c25532878705	466153	0.9996859654468986	high	Singulisphaera acidiphila	Bacteria
3026b3cf-0649-4fa8-810a-716d6b517ae5	466153	0.9848125836217668	high	Singulisphaera acidiphila	Bacteria
ea8a1257-d016-4e32-acaf-8a6a29d2a412	466153	0.9849089864119228	high	Singulisphaera acidiphila	Bacteria
8967ec1b-d029-4e61-8f38-746168d8661b	466153	0.9847417141001896	high	Singulisphaera acidiphila	Bacteria
58da2d68-effb-4aaa-a83e-7dc7de9f9c76	466153	0.9996902237905916	high	Singulisphaera acidiphila	Bacteria
18af8292-ce42-44ee-8157-6fa8f78f579a	466153	0.984795457302158	high	Singulisphaera acidiphila	Bacteria
a4348f34-1c6c-44e3-9684-ee45b669d351	466153	0.9847783608290054	high	Singulisphaera acidiphila	Bacteria
785cd664-f43c-447b-ade0-145c05863b61	2712865	0.999894625172352	high	Paludisphaera soli	Bacteria
2a9195eb-49e6-485c-8fca-b20d6bbf87ae	466153	0.9847282328463848	high	Singulisphaera acidiphila	Bacteria
437c6e16-43c1-4fca-bae5-23739a1d16ad	2712865	0.9998936875235238	high	Paludisphaera soli	Bacteria
87599487-360f-4273-a5de-b3c948d454e4	466153	0.9999880159069204	high	Singulisphaera acidiphila	Bacteria
a79b6a6d-305d-49df-bb0d-1946147e5f14	466153	0.9994155827700626	high	Singulisphaera acidiphila	Bacteria
685b378e-1f11-4b07-9cd0-678a93cb92d4	466153	0.9711448196950372	high	Singulisphaera acidiphila	Bacteria
a1de875e-9d2f-4888-bc24-eb4bd267ed98	466153	0.9711265446794592	high	Singulisphaera acidiphila	Bacteria
8bc20223-7086-427f-b8e2-e63351ca948f	466153	0.984827226981134	high	Singulisphaera acidiphila	Bacteria
3a03e4a2-f99c-480d-a183-861bca7b8355	466153	0.9689970515863584	high	Singulisphaera acidiphila	Bacteria
64687d0a-8730-4a62-8736-7699677346db	466153	0.984879984593747	high	Singulisphaera acidiphila	Bacteria
9b14cc3f-b698-440d-9593-d7830c3e7bf5	466153	0.998948834486021	high	Singulisphaera acidiphila	Bacteria
eed1be4c-24a4-4d47-a1d9-355ba8cb70c7	466153	0.984933077251372	high	Singulisphaera acidiphila	Bacteria
e6257e97-86f5-4c65-92ab-fdd40332812a	466153	0.9657497977349156	high	Singulisphaera acidiphila	Bacteria
a0ba2201-b2e6-4bf7-97c4-f0343753eabb	466153	0.9850272799339074	high	Singulisphaera acidiphila	Bacteria
aed0ca84-5932-4210-a8f7-90b05d28896d	466153	0.9848317879214792	high	Singulisphaera acidiphila	Bacteria
4fab928f-80e9-4958-a6eb-b0a9735254d9	466153	1.0	confident	Singulisphaera acidiphila	Bacteria
cec04e7c-81e3-4930-bcca-2487a916fef4	466153	0.9847896148859212	high	Singulisphaera acidiphila	Bacteria
d16d4d30-a581-4870-8da7-77bd1c4f7a22	466153	0.9852101503405616	high	Singulisphaera acidiphila	Bacteria
f985be90-c833-4134-a7fd-013fd6c6b8ad	466153	0.9847740523447652	high	Singulisphaera acidiphila	Bacteria
f2d9de6b-7380-43c5-9ff5-9dd980e13785	466153	0.9852860286993316	high	Singulisphaera acidiphila	Bacteria
14a1839e-113f-442f-a169-04160b8fe96a	466153	0.558350827179039	medium	Singulisphaera acidiphila	Bacteria
3c0334f8-2102-4676-94b8-a6bd69753edc	466153	0.9851281134978692	high	Singulisphaera acidiphila	Bacteria
d9dd460d-5c0d-42be-959b-a4320f2e894b	466153	0.9848586043714196	high	Singulisphaera acidiphila	Bacteria
eddcf57b-65d9-4405-b51f-c6f72de0795d	2029860	0.999999430366492	high	Tundrisphaera lichenicola	Bacteria
2b5a0ace-c94d-4907-acfc-47f6f0e8f189	466153	0.9847420796345336	high	Singulisphaera acidiphila	Bacteria
6f584d24-7798-4976-9a5e-c89480897831	466153	0.7128876514607045	medium	Singulisphaera acidiphila	Bacteria
fa33c1ea-db1d-4003-aa80-b8e82c470529	466153	0.8764579414928891	high	Singulisphaera acidiphila	Bacteria
aecd7881-a8e3-44cf-aeab-77baf567d03c	466153	0.9847619139690564	high	Singulisphaera acidiphila	Bacteria
3dc32718-38a8-4928-af12-dd2d077d6b44	466153	0.9849266776637792	high	Singulisphaera acidiphila	Bacteria
3f2ab26c-4ccc-480b-96ef-ed981ccb3d85	466153	0.9848867771956736	high	Singulisphaera acidiphila	Bacteria
31a32ddb-2536-45a1-9ebd-9a412a404e7f	466153	0.8401321728770034	high	Singulisphaera acidiphila	Bacteria
e08ca62d-397c-4a22-b3c5-07238dcab427	466153	0.984805445161312	high	Singulisphaera acidiphila	Bacteria
8ef3a110-1123-4905-b3b4-8a01c0c8e420	466153	0.9850389164853852	high	Singulisphaera acidiphila	Bacteria
93e386b5-db3d-4952-aa9d-7162e7acf4da	466153	0.9847985971405068	high	Singulisphaera acidiphila	Bacteria
d6a97b0a-e7f2-4997-ab6a-5553e81d0837	466153	0.9927877419931952	high	Singulisphaera acidiphila	Bacteria
aa847e69-0d02-427a-8a1c-01fba98d5422	466153	0.9857753219023088	high	Singulisphaera acidiphila	Bacteria
0da26611-a3a7-4810-9319-652c1d7e354a	466153	0.984884620595484	high	Singulisphaera acidiphila	Bacteria
e54bfa89-478a-4b13-aa63-af82f6b7895a	466153	0.9849076911540464	high	Singulisphaera acidiphila	Bacteria
131b3b49-04ed-4381-9e49-cd82a46df0d7	466153	0.9849617643477512	high	Singulisphaera acidiphila	Bacteria
77236e3d-5ea7-45ab-b515-70980956fcf9	466153	0.9851145849928524	high	Singulisphaera acidiphila	Bacteria
54077549-79c0-407d-9e6a-2da407bd3435	466153	0.984740431811149	high	Singulisphaera acidiphila	Bacteria
c1706aaa-54b8-43e3-9376-11322b7b499d	466153	0.9920960959247186	high	Singulisphaera acidiphila	Bacteria
0c075a3d-7161-4bad-bbe5-6740ae2e06d1	466153	0.9849204874766416	high	Singulisphaera acidiphila	Bacteria
1d950e79-36cc-461e-8ec4-3209a94480b1	466153	0.9848164348526256	high	Singulisphaera acidiphila	Bacteria
b742f0cb-b3ce-4ea9-9c3f-359cf8033302	466153	0.9848909494314488	high	Singulisphaera acidiphila	Bacteria
f590ba70-e2ca-4e71-805e-4185cbaee794	466153	0.984789709216986	high	Singulisphaera acidiphila	Bacteria
6f50f89b-d00c-4fea-afb4-2c273fd99a7a	466153	0.9850650305098516	high	Singulisphaera acidiphila	Bacteria
21356f3a-f13a-480f-af32-d6279235e48a	466153	0.9559119250695222	high	Singulisphaera acidiphila	Bacteria
eee68976-4b09-4942-8bcf-65486188ab5d	466153	0.9710313196217284	high	Singulisphaera acidiphila	Bacteria
62a29593-5234-40a9-85ac-3aeb589d90ef	466153	0.998852869705814	high	Singulisphaera acidiphila	Bacteria
f8bbcc65-b57c-4492-be6c-9ec42a791e8e	466153	0.9998384461097174	high	Singulisphaera acidiphila	Bacteria
adfd8e17-dcd0-4cce-bd4a-a73ba9984b4d	466153	0.9848525116834992	high	Singulisphaera acidiphila	Bacteria
d5cb7a0c-309d-446d-8762-85614c4e663d	466153	0.5622142010487399	medium	Singulisphaera acidiphila	Bacteria
26be8c65-f7f1-4ee4-a9e0-4ff0e45fea0b	466153	0.9847366660562412	high	Singulisphaera acidiphila	Bacteria
d97e5408-f758-4a6d-8d76-be3f383f06fb	466153	0.984850929472108	high	Singulisphaera acidiphila	Bacteria
bc026cf7-d46c-4672-b3bc-e227d7b99688	2712865	0.995392044568258	high	Paludisphaera soli	Bacteria
f85da653-94de-42b4-8f85-9eb7597f7f04	466153	0.828703945058632	high	Singulisphaera acidiphila	Bacteria
6b7e2b46-efec-4f24-a6b6-52536c88ef20	466153	0.971284622387397	high	Singulisphaera acidiphila	Bacteria
937d8d60-e063-47f8-937a-3ef45b5437de	466153	0.9848591259703166	high	Singulisphaera acidiphila	Bacteria
c6abe13a-57fa-42da-b9e0-60ff12d8cb43	466153	0.9847555269970536	high	Singulisphaera acidiphila	Bacteria
4aa78c18-d1de-4cc0-be7d-4d46cba714a2	466153	0.971323330450232	high	Singulisphaera acidiphila	Bacteria
32d1b006-6e12-46af-b093-a8d8b670910b	466153	0.946967651265419	high	Singulisphaera acidiphila	Bacteria
9013ca86-3381-4849-8352-8da0ad0569ec	2029860	0.9899890866679246	high	Tundrisphaera lichenicola	Bacteria
ac04ebcb-4875-4ff8-8335-f1427b8f6bd0	466153	0.9848262928283696	high	Singulisphaera acidiphila	Bacteria
e6a14acc-a615-4c0d-b3ef-8a14d9c14795	3120278	0.8323199834922813	high	Singulisphaera photorubra	Bacteria
0e5950e6-8d54-400a-8364-212ada55e6b0	466153	0.9847090562544178	high	Singulisphaera acidiphila	Bacteria
1e92eb50-1dd0-4a51-b713-8a4f57abb11d	466153	0.9849003923843616	high	Singulisphaera acidiphila	Bacteria
c188c54f-500f-4064-8548-ff57f6dc2423	3120278	0.7368267000298628	medium	Singulisphaera photorubra	Bacteria
68a3f99f-fe61-49a4-8b18-aa00e51199fc	466153	0.9713842603981424	high	Singulisphaera acidiphila	Bacteria
79d5564d-9a7b-49a8-aada-f108515fcc55	466153	0.984835201348806	high	Singulisphaera acidiphila	Bacteria
b824e5b2-e47e-4cd2-b760-13e25d5a4fa4	466153	0.9848438271145248	high	Singulisphaera acidiphila	Bacteria
e311ef4c-7368-4f51-8500-1c98524b7dea	466153	0.9848877667136706	high	Singulisphaera acidiphila	Bacteria
d559f918-6a3b-4315-920e-3cf2e054a6ef	466153	0.9847783608290054	high	Singulisphaera acidiphila	Bacteria
f32e0d0e-08a8-439b-bffc-10ca5098d496	466153	0.9849322882136808	high	Singulisphaera acidiphila	Bacteria
82e3795e-682f-489d-8fe4-ea3391dfbc46	466153	0.8742415739371844	high	Singulisphaera acidiphila	Bacteria
c03be5e0-6926-4892-84f2-4a22ad574e45	466153	0.9848837168535574	high	Singulisphaera acidiphila	Bacteria
86cbe837-d8e3-4b8a-aee7-552862ac3b7c	466153	0.99999431628789	high	Singulisphaera acidiphila	Bacteria
3427420d-6c22-4847-8de0-93b0ef5808d1	466153	0.9847830715887907	high	Singulisphaera acidiphila	Bacteria
8ee0955e-0bdb-412b-ba53-33e2fd79493c	466153	0.9849709687674896	high	Singulisphaera acidiphila	Bacteria
2d3e59b4-5c77-4b27-845a-2bd93446d597	466153	0.9847917594656366	high	Singulisphaera acidiphila	Bacteria
10f6dc04-5197-4ff5-a875-431783b53e5a	466153	0.9850009567524348	high	Singulisphaera acidiphila	Bacteria
9c04bba0-e004-4578-ae3d-3c3e8f005511	466153	0.984852523327633	high	Singulisphaera acidiphila	Bacteria
dea86d4a-aa8b-418b-a715-ef254b1dfd4e	466153	0.9848066252621802	high	Singulisphaera acidiphila	Bacteria
954df21f-22c8-4b07-87a7-4dc56e859702	466153	0.9849385274994584	high	Singulisphaera acidiphila	Bacteria
a53da775-5e9b-4e88-a2fa-22e537e1cfcb	466153	0.9847896148857048	high	Singulisphaera acidiphila	Bacteria
c9a042ce-ec5d-4620-8acd-e494b29683dc	2029860	0.9999993884357024	high	Tundrisphaera lichenicola	Bacteria
92c1cfd0-14bc-48a6-8ea6-29143dcf53ee	466153	0.9920042914741072	high	Singulisphaera acidiphila	Bacteria
858b99f0-31df-4ebe-b69a-f02f67a3dc8c	466153	0.9850394835252472	high	Singulisphaera acidiphila	Bacteria
7f3bd9d2-75f9-4862-bbbb-f3a12bddb3b3	466153	0.9996870693357804	high	Singulisphaera acidiphila	Bacteria
3a6c2d0d-4a2f-48a3-a055-37deb7034105	466153	0.9852399858911712	high	Singulisphaera acidiphila	Bacteria
c1024e11-1d6e-447a-9490-691754661a2a	466153	0.9849329379110584	high	Singulisphaera acidiphila	Bacteria
fbf8acd8-e346-457a-99af-39bef2d61f2d	466153	0.9850066040741652	high	Singulisphaera acidiphila	Bacteria
4b3cfa4b-8663-4ce5-b20a-8b19258d887c	466153	0.99585642404446	high	Singulisphaera acidiphila	Bacteria
0e496e11-76e2-49db-83ee-3b37a0ab99be	466153	0.984788778443991	high	Singulisphaera acidiphila	Bacteria
a3586351-ac21-4472-8875-9fff18b03901	466153	0.8285662212561483	high	Singulisphaera acidiphila	Bacteria
db5be8a5-d1e9-4b2b-9f25-7bf6cefa6a19	466153	0.984848021362788	high	Singulisphaera acidiphila	Bacteria
aeaf4e3f-23af-479b-9acf-e723aec40f5f	466153	0.9848433883111364	high	Singulisphaera acidiphila	Bacteria
e98332ce-c9cc-4365-8b23-d8d41028a220	466153	0.9849205226940386	high	Singulisphaera acidiphila	Bacteria
b5ecd925-c70a-4e78-948a-7e41a83eb1f3	466153	0.9847698520623894	high	Singulisphaera acidiphila	Bacteria
39bb7b5e-da3c-439c-9ea2-49395c5b85d6	2029860	1.0	confident	Tundrisphaera lichenicola	Bacteria
60ecc501-298a-4ec8-bc60-83889deb8dca	2712865	0.9999454374855404	high	Paludisphaera soli	Bacteria
39e93056-174c-4fb8-b433-23c588570692	466153	0.9848238434879176	high	Singulisphaera acidiphila	Bacteria
8b01860b-7b89-4be4-b0c3-308fed0c9047	466153	0.9849417255405902	high	Singulisphaera acidiphila	Bacteria
496ad724-5a34-4fc4-8820-f3b2e885f29f	466153	0.9847315747591764	high	Singulisphaera acidiphila	Bacteria
c3c6ecfa-027c-4ed0-8608-cd862d777409	466153	0.9999997488878412	high	Singulisphaera acidiphila	Bacteria
04ad1fbd-f4ae-41e7-b180-34e04d8d3a67	466153	0.9996937165163968	high	Singulisphaera acidiphila	Bacteria
bd2fd4bc-b7ff-4176-a70e-87669e33d89d	466153	0.992066051058678	high	Singulisphaera acidiphila	Bacteria
39e389b6-40e8-47b6-88c0-6f56e76248ed	466153	0.9921975926911326	high	Singulisphaera acidiphila	Bacteria
b5eb177e-9095-4612-bee5-cbc96cd60408	466153	0.984794268396658	high	Singulisphaera acidiphila	Bacteria
6a8a032b-6129-4de5-9295-8343ded9fc6c	466153	0.9712207790940256	high	Singulisphaera acidiphila	Bacteria
ff73c758-7582-4de5-b98b-be12df20d37c	466153	0.984782064435542	high	Singulisphaera acidiphila	Bacteria
21ac399b-570a-4e5a-b4d8-311d8d5c5f34	2029860	0.9999953126456894	high	Tundrisphaera lichenicola	Bacteria
ef3dfa46-3d46-4ae2-b7a5-28279b8a0e50	466153	0.6650476462261435	medium	Singulisphaera acidiphila	Bacteria
fe75dc4c-ff15-4009-adca-e50fa1c535e7	861299	1.0	confident	Gemmatirosa kalamazoonensis	Bacteria
f7f303d0-0956-4847-9feb-ac463836ca8e	861299	1.0	confident	Gemmatirosa kalamazoonensis	Bacteria
89198c90-7553-4d18-9fce-8367492a4365	861299	1.0	confident	Gemmatirosa kalamazoonensis	Bacteria
5334ed99-7322-46a0-81bf-60635ddef29e	861299	1.0	confident	Gemmatirosa kalamazoonensis	Bacteria
75de60aa-50ec-4120-9af7-42dda8028610	861299	1.0	confident	Gemmatirosa kalamazoonensis	Bacteria
6b00b27a-c116-458c-99b5-0430a4285835	861299	1.0	confident	Gemmatirosa kalamazoonensis	Bacteria
16ad4b08-05e2-4501-bc58-d7205e6bcce9	861299	1.0	confident	Gemmatirosa kalamazoonensis	Bacteria
4ffe9aac-b2e4-42b5-a18e-d858cbf8f20e	861299	1.0	confident	Gemmatirosa kalamazoonensis	Bacteria
a41cdbb2-528a-428d-84ee-f41d42d9ad7c	861299	1.0	confident	Gemmatirosa kalamazoonensis	Bacteria
34367c73-3646-47aa-90b8-5ce8c573b818	861299	1.0	confident	Gemmatirosa kalamazoonensis	Bacteria
fc300ee0-0d78-4b02-9192-6bd94fbcfe8e	861299	1.0	confident	Gemmatirosa kalamazoonensis	Bacteria
b2e6abc4-4441-41f0-ad83-2affed301277	861299	1.0	confident	Gemmatirosa kalamazoonensis	Bacteria
35f126fe-3f71-4d91-9faa-593c38601e89	861299	1.0	confident	Gemmatirosa kalamazoonensis	Bacteria
2e373861-eab4-4a0b-a725-d3157d54125a	861299	1.0	confident	Gemmatirosa kalamazoonensis	Bacteria
870b0080-6a3d-4d6d-bbf9-16ce93c4055c	861299	1.0	confident	Gemmatirosa kalamazoonensis	Bacteria
d5a7eab5-63fd-4dc3-a598-05bad65c97a4	861299	1.0	confident	Gemmatirosa kalamazoonensis	Bacteria
7b9132c6-64b7-4aa1-b45f-297bd1453045	861299	1.0	confident	Gemmatirosa kalamazoonensis	Bacteria
ae45aa25-379b-4de5-b415-58edf7aab31f	861299	1.0	confident	Gemmatirosa kalamazoonensis	Bacteria
03b01581-cc0b-469f-a80f-0dfbcbd17ba3	151414	1.0	confident	Afipia birgiae	Bacteria
c231f958-f74f-4cf3-a078-11bcb9184207	151414	1.0	confident	Afipia birgiae	Bacteria
efef72b0-f2a5-4020-b45a-4993dab27184	151414	1.0	confident	Afipia birgiae	Bacteria
6fe62364-04a4-401f-9170-4e641b9c9a10	151414	1.0	confident	Afipia birgiae	Bacteria
bc163e51-0736-4b77-ab16-c921952c205d	151414	1.0	confident	Afipia birgiae	Bacteria
10874664-660c-498f-9f03-186a593739c9	151414	1.0	confident	Afipia birgiae	Bacteria
0cd9e44c-0b79-485a-a135-ec04cfb5abbd	151414	1.0	confident	Afipia birgiae	Bacteria
df6f0c66-3efe-4abc-9aae-c51e48d15910	151414	1.0	confident	Afipia birgiae	Bacteria
88a1732a-6f36-4c58-ab08-3da6b706781d	151414	1.0	confident	Afipia birgiae	Bacteria
e255833c-75ea-4fe8-80ee-3663c7c634a0	151414	1.0	confident	Afipia birgiae	Bacteria
d77cc708-fcc3-4e7c-9303-ad4d0d8efa3f	151414	1.0	confident	Afipia birgiae	Bacteria
b68dfe9f-59d9-430a-b10b-fcc4de8a996b	151414	1.0	confident	Afipia birgiae	Bacteria
18c490cf-78fc-4379-a2d2-b2ce015f0584	151414	1.0	confident	Afipia birgiae	Bacteria
d812f5cd-a870-4784-b0af-a065ba837774	151414	1.0	confident	Afipia birgiae	Bacteria
0968b968-5710-4f35-86de-b2514563d48e	151414	1.0	confident	Afipia birgiae	Bacteria
e9e531d5-3ec0-422f-bd23-2b1517834d86	151414	1.0	confident	Afipia birgiae	Bacteria
c4770bf1-b55f-4e51-bc03-d11db06c5239	151414	1.0	confident	Afipia birgiae	Bacteria
6baa69db-572f-4dba-b606-df2cf7ac80e9	151414	1.0	confident	Afipia birgiae	Bacteria
b5dce3d0-a2f4-408e-b996-9f7020503a2a	151414	1.0	confident	Afipia birgiae	Bacteria
d4b6b82a-5f5e-433c-88bc-5557ce87076c	151414	1.0	confident	Afipia birgiae	Bacteria
77e01079-f958-486a-920b-14ecc4926263	151414	1.0	confident	Afipia birgiae	Bacteria
c266f8e0-7ed8-4082-a048-b27893e4218d	151414	1.0	confident	Afipia birgiae	Bacteria
a1263555-d6fd-4be4-a90c-d4c904a8fefe	151414	1.0	confident	Afipia birgiae	Bacteria
71ed10d1-9011-453b-a1e0-7db9bf382778	151414	1.0	confident	Afipia birgiae	Bacteria
0873e000-d098-4b6c-80c2-7b28f6d640d7	151414	1.0	confident	Afipia birgiae	Bacteria
2c771188-c34c-4064-8c2a-f0ac7f39d36d	151414	1.0	confident	Afipia birgiae	Bacteria
ae3dd3dc-d162-4233-8bce-6551c34221a2	151414	1.0	confident	Afipia birgiae	Bacteria
d82f6f2e-f70f-474b-829f-18f6dde4ef6b	151414	1.0	confident	Afipia birgiae	Bacteria
0b080c64-d6be-4ebe-9a0e-3ff1908329f9	151414	1.0	confident	Afipia birgiae	Bacteria
1fe2fbf5-a6e6-4869-a8df-c5992a24d506	151414	1.0	confident	Afipia birgiae	Bacteria
0695d6ea-1004-4ba6-8b93-d2924aeaf21e	151414	1.0	confident	Afipia birgiae	Bacteria
6b6e5e03-8dba-42dc-9d62-df0b9c0aabcc	151414	1.0	confident	Afipia birgiae	Bacteria
3f8d9cfd-9ba4-4fe7-af01-78d4fce50e03	151414	1.0	confident	Afipia birgiae	Bacteria
be108c6f-29de-4b46-be44-094f9fb0fcb6	151414	1.0	confident	Afipia birgiae	Bacteria
0077fdca-3e66-4fc1-9878-9dea82a35ddd	151414	1.0	confident	Afipia birgiae	Bacteria
b394e2ce-03cd-4c42-b0ac-c240a0edaed3	151414	1.0	confident	Afipia birgiae	Bacteria
f488ed82-7ad9-4885-8ba2-9e0c4ae37725	151414	1.0	confident	Afipia birgiae	Bacteria
c34e00c7-26ff-4664-ac64-381075209698	151414	1.0	confident	Afipia birgiae	Bacteria
30fdca99-a4b4-4026-b2f3-1bba7fa88cd2	151414	1.0	confident	Afipia birgiae	Bacteria
5947da32-c279-4152-b7eb-d406d41a2c5a	151414	1.0	confident	Afipia birgiae	Bacteria
cacd6b52-6d3a-4461-9f4c-05d71e530b42	151414	1.0	confident	Afipia birgiae	Bacteria
0c53c57e-1ced-4b5e-a76f-4196b5b7d83e	151414	1.0	confident	Afipia birgiae	Bacteria
bab0d792-fade-4937-9e96-4aea05d1f12c	151414	1.0	confident	Afipia birgiae	Bacteria
01669e94-b812-4324-abed-5cc570271419	151414	1.0	confident	Afipia birgiae	Bacteria
27fecd30-e00c-4df4-88e1-3afcc10b125a	151414	1.0	confident	Afipia birgiae	Bacteria
a8c054c1-57b9-4920-b9a6-e9268a206079	151414	1.0	confident	Afipia birgiae	Bacteria
644d48fe-de8e-438b-9068-e048967f545d	151414	1.0	confident	Afipia birgiae	Bacteria
910f2517-850e-476c-91de-c5ae6324846c	151414	1.0	confident	Afipia birgiae	Bacteria
3f58b0f6-e887-4981-9f98-b33d1ce2ccf9	151414	1.0	confident	Afipia birgiae	Bacteria
b67a2e93-2743-4e51-b444-8b644838894c	151414	1.0	confident	Afipia birgiae	Bacteria
8b2b9be0-31f1-4cca-99cf-4ed85e7b18c9	151414	1.0	confident	Afipia birgiae	Bacteria
3169813d-1398-47c8-94c3-a397d26dc71b	151414	1.0	confident	Afipia birgiae	Bacteria
fdd09dd6-1438-4bc0-9daf-1ec2e6bb275f	151414	1.0	confident	Afipia birgiae	Bacteria
c90ae798-9ea7-48ad-9806-fb587f879fa8	151414	1.0	confident	Afipia birgiae	Bacteria
81193934-a1d1-4762-a4a1-749dede7f924	151414	1.0	confident	Afipia birgiae	Bacteria
487fba17-13ab-41b3-ae4a-797243fd632d	151414	1.0	confident	Afipia birgiae	Bacteria
f2e48f2f-1f84-455d-a46e-54d8e2d3b95d	151414	1.0	confident	Afipia birgiae	Bacteria
bf6d9321-c3de-431c-bc70-3ed341ca2769	151414	1.0	confident	Afipia birgiae	Bacteria
ddee2180-98b0-434c-b2e0-576b6add4294	151414	1.0	confident	Afipia birgiae	Bacteria
4565fc2b-044d-4e72-8ebb-c8cfa1c530ce	151414	1.0	confident	Afipia birgiae	Bacteria
a690e8f4-49df-4770-b378-ef25257c0bdb	151414	1.0	confident	Afipia birgiae	Bacteria
c081a9cc-0a15-4fcd-a8b6-f05162b28bf6	151414	1.0	confident	Afipia birgiae	Bacteria
bfa03e93-d89b-4b03-a850-fec2bf524791	151414	1.0	confident	Afipia birgiae	Bacteria
1b513e99-f7fd-4edd-b47e-f989f8d8160a	151414	1.0	confident	Afipia birgiae	Bacteria
2b51e08d-9a79-4176-9a72-5af6c286f47c	151414	1.0	confident	Afipia birgiae	Bacteria
a9d457e2-5c1b-41e7-bdab-c04c7161c4d2	151414	1.0	confident	Afipia birgiae	Bacteria
29a32d80-da90-43f0-86ba-c61088d8456b	151414	1.0	confident	Afipia birgiae	Bacteria
ba9b751d-d44e-4952-9a19-e0ac689392b7	151414	1.0	confident	Afipia birgiae	Bacteria
3f73a344-e2f0-4cd5-9e8a-fc7c8632d28d	151414	1.0	confident	Afipia birgiae	Bacteria
09162ee3-bbeb-469c-b20f-9317d950a2df	151414	1.0	confident	Afipia birgiae	Bacteria
cb5fcc24-332b-4e99-aad6-73b352a4f715	151414	1.0	confident	Afipia birgiae	Bacteria
cfa6d77a-4c85-45d6-89c8-2713a6333766	151414	1.0	confident	Afipia birgiae	Bacteria
d364bee0-c650-4b27-9c30-47313eb46f41	151414	1.0	confident	Afipia birgiae	Bacteria
4749b122-c903-441a-bde3-6f241b6b10b5	151414	1.0	confident	Afipia birgiae	Bacteria
d4c90af5-42f6-4c2f-abd6-47b233c49af5	151414	1.0	confident	Afipia birgiae	Bacteria
01a8c7e6-b0cd-4f2e-8601-758878231710	151414	1.0	confident	Afipia birgiae	Bacteria
abb1e2f6-bc85-45fb-a18b-052537958c27	151414	1.0	confident	Afipia birgiae	Bacteria
7a8ebc3a-96c7-4385-ad6e-004343609640	151414	1.0	confident	Afipia birgiae	Bacteria
475ff5bc-78e8-47eb-8d51-9f3d0f706d04	151414	1.0	confident	Afipia birgiae	Bacteria
f58522b1-ce6b-45dc-8794-b4191317dfee	151414	1.0	confident	Afipia birgiae	Bacteria
11c66fae-fbe7-4fba-8e53-4176624b7543	68569	1.0	confident	Sphingomonas leidyi	Bacteria
cd9784e5-30a9-47e9-b1f4-bcba7515b111	68569	1.0	confident	Sphingomonas leidyi	Bacteria
170d7abc-1aae-4714-b077-935659b15e19	68569	1.0	confident	Sphingomonas leidyi	Bacteria
96db9795-5d78-4d6d-9f7d-40486c3bc905	68569	1.0	confident	Sphingomonas leidyi	Bacteria
3280cce3-3c54-4a91-97da-f96374686b29	68569	1.0	confident	Sphingomonas leidyi	Bacteria
8c37dc45-4615-4ef7-b26e-56340641c7f9	68569	1.0	confident	Sphingomonas leidyi	Bacteria
5cf5c1cf-c7e1-4aac-a9af-6c9582defedb	68569	1.0	confident	Sphingomonas leidyi	Bacteria
cbf0e760-1fd1-4e61-a2db-2495da36d61d	68569	1.0	confident	Sphingomonas leidyi	Bacteria
94952b7e-52f5-4654-8261-fd6221c3b17b	68569	1.0	confident	Sphingomonas leidyi	Bacteria
5df66b1a-ba0b-4c5e-9cab-6e88d495c52b	68569	1.0	confident	Sphingomonas leidyi	Bacteria
6e292a71-ae03-4273-aabb-50bbdf02b44b	68569	1.0	confident	Sphingomonas leidyi	Bacteria
1548c200-d61a-4c08-b24b-bd53f4702f47	68569	1.0	confident	Sphingomonas leidyi	Bacteria
bba0c6e8-9c8f-422c-bcf6-e91f159457ad	68569	1.0	confident	Sphingomonas leidyi	Bacteria
8d2518e1-623f-4de6-b217-e768cf33f426	68569	1.0	confident	Sphingomonas leidyi	Bacteria
20dcc2a1-14d7-4b21-92ea-e7c0d9d5faf9	68569	1.0	confident	Sphingomonas leidyi	Bacteria
599dc25b-0021-453a-9edb-b02ea42e5c58	1235480	1.0	confident	Blastocatella fastidiosa	Bacteria
e99b0004-a632-484c-b3f3-e03cfc909281	1235480	1.0	confident	Blastocatella fastidiosa	Bacteria
133b6806-cad0-460c-b9cb-d60877f65d55	1235480	1.0	confident	Blastocatella fastidiosa	Bacteria
392caa76-ff76-4590-98f8-e63abf08e3d4	1235480	1.0	confident	Blastocatella fastidiosa	Bacteria
627e21d0-1197-4b52-b695-9a9feb96a6c6	1235480	1.0	confident	Blastocatella fastidiosa	Bacteria
7454ca74-5824-44ab-a8f4-e11221264b47	1235480	1.0	confident	Blastocatella fastidiosa	Bacteria
771c387d-00c0-4805-9803-fcf168a09582	1235480	1.0	confident	Blastocatella fastidiosa	Bacteria
20e8bb38-f362-4ff1-bc16-800f8002f9bd	1235480	1.0	confident	Blastocatella fastidiosa	Bacteria
abd69817-c16f-442d-98a7-4f1e8c4fdfdb	1235480	1.0	confident	Blastocatella fastidiosa	Bacteria
2a657589-aeb8-4e78-9536-8b9a1f0bd948	1235480	1.0	confident	Blastocatella fastidiosa	Bacteria
43e41f6f-e62b-4302-86c6-9e5ac14cd290	1235480	1.0	confident	Blastocatella fastidiosa	Bacteria
bfe4cdbd-83e7-4404-bdee-2ad1917be8dc	1235480	1.0	confident	Blastocatella fastidiosa	Bacteria
1c42031b-624f-4fac-9243-7181d5f0b59a	1235480	1.0	confident	Blastocatella fastidiosa	Bacteria
2bc8ff2c-af8c-4863-ab1f-94480f49a940	1235480	1.0	confident	Blastocatella fastidiosa	Bacteria
ddc49521-2451-4f89-8144-5778fb13e7f8	1235480	1.0	confident	Blastocatella fastidiosa	Bacteria
2af3e960-4f43-429a-b8cd-b53f57ec6a43	1235480	1.0	confident	Blastocatella fastidiosa	Bacteria
b1ea5850-9037-41c2-b599-c891e583c7b1	1235480	1.0	confident	Blastocatella fastidiosa	Bacteria
91c1f72f-f530-452f-a920-13bef2f33d73	1235480	1.0	confident	Blastocatella fastidiosa	Bacteria
a709fc25-8487-4260-b8a3-9d6b3d6f4006	1235480	1.0	confident	Blastocatella fastidiosa	Bacteria
f018b79d-1f30-4382-a10d-4f6edeefd899	1235480	1.0	confident	Blastocatella fastidiosa	Bacteria
d2f36c9f-f57a-4f9a-81ed-6f78f49dd393	1235480	1.0	confident	Blastocatella fastidiosa	Bacteria
a0a7093b-ba86-49e9-a5cc-93cf36da907e	1235480	1.0	confident	Blastocatella fastidiosa	Bacteria
ef3b257c-9068-4455-9202-69a8577ceb16	1235480	1.0	confident	Blastocatella fastidiosa	Bacteria
4431305f-eb6e-46bd-9584-c86680dcef53	1235480	1.0	confident	Blastocatella fastidiosa	Bacteria
9febf0a6-5691-48f7-b4a6-8e0930a4d847	1235480	1.0	confident	Blastocatella fastidiosa	Bacteria
0f832fa2-0817-4d2c-8a19-c7a141b1c2a4	1235480	1.0	confident	Blastocatella fastidiosa	Bacteria
206669c8-72c5-4cad-821a-a20f57ef98a3	1235480	1.0	confident	Blastocatella fastidiosa	Bacteria
d0c60402-a1e1-42f6-a6b4-c5f5f8cee1aa	1235480	1.0	confident	Blastocatella fastidiosa	Bacteria
0041ec09-43b5-46d8-b927-fa5ac6f35fb2	1235480	1.0	confident	Blastocatella fastidiosa	Bacteria
ebe3ce94-6d72-4378-b86e-fc1582bfd502	1235480	1.0	confident	Blastocatella fastidiosa	Bacteria
0ae03d59-790e-4a4b-8053-defb6c622eae	1235480	1.0	confident	Blastocatella fastidiosa	Bacteria
8c6ef548-c765-478f-8ec1-d810a89b210d	1235480	1.0	confident	Blastocatella fastidiosa	Bacteria
07d74ac6-424b-4b10-ba5d-921c43414d15	1235480	1.0	confident	Blastocatella fastidiosa	Bacteria
12d2d6d1-3f54-4f75-b306-716669c6d89d	1235480	1.0	confident	Blastocatella fastidiosa	Bacteria
2c2c83a6-c2c8-4f73-b63b-e86af915fd89	1235480	1.0	confident	Blastocatella fastidiosa	Bacteria
ee34d348-8e37-44f2-873d-3ce4548d358a	1235480	1.0	confident	Blastocatella fastidiosa	Bacteria
47766fcd-edf5-4a06-8116-4ec70c3b5cfd	1235480	1.0	confident	Blastocatella fastidiosa	Bacteria
4754e4aa-d2a2-49d2-b2ee-b0124930b0d8	1235480	1.0	confident	Blastocatella fastidiosa	Bacteria
f174db51-159a-4aaf-963c-cf7b88666317	1235480	1.0	confident	Blastocatella fastidiosa	Bacteria
902410ec-95d8-4858-94b4-e886502e74fa	1235480	1.0	confident	Blastocatella fastidiosa	Bacteria
5b52ffa5-fdd1-4155-a51a-fe7ebd4255c8	1235480	1.0	confident	Blastocatella fastidiosa	Bacteria
10497634-e5dc-4b85-bde4-244880a06965	1235480	1.0	confident	Blastocatella fastidiosa	Bacteria
95e58b70-f0c2-456d-a084-60d833cacd53	1235480	1.0	confident	Blastocatella fastidiosa	Bacteria
8bddb326-8bb9-43de-b049-2104129d95cf	1235480	1.0	confident	Blastocatella fastidiosa	Bacteria
fbe23985-f23e-44b0-ba53-019d828274bd	1235480	1.0	confident	Blastocatella fastidiosa	Bacteria
75f176ac-27a7-408f-bb27-159e91b56e95	1235480	1.0	confident	Blastocatella fastidiosa	Bacteria
17dd1545-ef8a-46e7-885c-6013540cebab	1235480	1.0	confident	Blastocatella fastidiosa	Bacteria
df842cc1-4b37-4615-839f-5a08af74ad40	1235480	1.0	confident	Blastocatella fastidiosa	Bacteria
033ab0db-5955-4aad-a0ef-0a2465451e69	1235480	1.0	confident	Blastocatella fastidiosa	Bacteria
86f0ddb4-6fb7-4c24-b803-e36e409bafc1	1235480	1.0	confident	Blastocatella fastidiosa	Bacteria
79a7b72d-56b6-4681-a2bf-25133099eba5	1235480	1.0	confident	Blastocatella fastidiosa	Bacteria
138bb1fd-95ee-4909-bda9-0594e8105709	1235480	1.0	confident	Blastocatella fastidiosa	Bacteria
1df66733-d577-4027-b868-a4959c7d4174	1235480	1.0	confident	Blastocatella fastidiosa	Bacteria
04cab614-736f-4c8f-be38-a1529fae69e4	1235480	1.0	confident	Blastocatella fastidiosa	Bacteria
1d65ffc2-20d6-4d95-a56e-410e9e82ef02	1235480	1.0	confident	Blastocatella fastidiosa	Bacteria
af893327-b018-4e9d-926e-e3160701000d	1235480	1.0	confident	Blastocatella fastidiosa	Bacteria
edabdd93-d824-467e-bbd4-78e35e05075d	1235480	1.0	confident	Blastocatella fastidiosa	Bacteria
51114100-908b-473a-9e42-ca12c4ab1d1f	1235480	1.0	confident	Blastocatella fastidiosa	Bacteria
0af933e1-01cb-4cd1-ad1c-0216978ca1a4	1235480	1.0	confident	Blastocatella fastidiosa	Bacteria
a3953303-f5f7-4aac-ba46-80e0e4255e9f	1235480	1.0	confident	Blastocatella fastidiosa	Bacteria
2ce43d98-6533-4045-b373-ef01db167161	1235480	1.0	confident	Blastocatella fastidiosa	Bacteria
dad72248-41c4-4965-94b3-ed68450ea98e	1235480	1.0	confident	Blastocatella fastidiosa	Bacteria
ede27f16-9ab4-424c-af77-4516794543e4	1235480	1.0	confident	Blastocatella fastidiosa	Bacteria
6e3d9aa6-3d27-4b96-b31b-9d699e782cfc	1235480	1.0	confident	Blastocatella fastidiosa	Bacteria
4d08d4d3-3f1c-476f-ae91-942c2306e518	1235480	1.0	confident	Blastocatella fastidiosa	Bacteria
44468cb4-58e9-4279-b275-08b79fe7ab25	1235480	1.0	confident	Blastocatella fastidiosa	Bacteria
06abb5ff-25e3-4c80-b4e3-e1dc3ef114d3	1235480	1.0	confident	Blastocatella fastidiosa	Bacteria
67b6a17d-936b-4766-a845-ff3cd36ced4c	1235480	1.0	confident	Blastocatella fastidiosa	Bacteria
5dadc452-f206-4083-a45a-dd92e3e5bca3	2057	1.0	confident	Sphaerobacter thermophilus	Bacteria
0b8db83f-602b-4e5d-8efd-34e175262cd2	2057	1.0	confident	Sphaerobacter thermophilus	Bacteria
fb71a860-23fe-4b9a-b00d-60c851cde5cb	2057	1.0	confident	Sphaerobacter thermophilus	Bacteria
bef4e6f0-0b08-4632-936d-9ee5fbe62d59	2057	1.0	confident	Sphaerobacter thermophilus	Bacteria
3a95ac6a-f97e-4638-8291-d2f01f55a24b	2057	1.0	confident	Sphaerobacter thermophilus	Bacteria
f67446c6-be6c-4ee0-9c1a-bac2a2ed307c	2057	1.0	confident	Sphaerobacter thermophilus	Bacteria
74ac279f-cd58-4539-88d2-7d99e6ad64fa	2057	1.0	confident	Sphaerobacter thermophilus	Bacteria
7a09563b-6e9d-462a-b567-ba2d798bd2be	2057	1.0	confident	Sphaerobacter thermophilus	Bacteria
2c3139d4-9ff2-41a8-93a2-ae07e9cf860a	2057	1.0	confident	Sphaerobacter thermophilus	Bacteria
b1d9d96d-3f24-4788-8166-beca8b12f3ce	2057	1.0	confident	Sphaerobacter thermophilus	Bacteria
2104acd2-9c5c-4b52-b39f-82b701289999	2057	1.0	confident	Sphaerobacter thermophilus	Bacteria
c278d124-ad06-406a-a552-0e44ec140fc1	2057	1.0	confident	Sphaerobacter thermophilus	Bacteria
7cb9c44a-4385-4ecd-843c-4ad6e536c643	2057	1.0	confident	Sphaerobacter thermophilus	Bacteria
4817ddb0-1b46-45da-a5ce-ad6666344839	2267833	1.0	confident	Rhizobium oryzihabitans	Bacteria
69eaa5b4-2f76-4dee-8b21-72ae57d462d9	2267833	1.0	confident	Rhizobium oryzihabitans	Bacteria
24f182c1-a26b-49d1-88ee-0d5495eb6a6d	2267833	1.0	confident	Rhizobium oryzihabitans	Bacteria
db1073f3-71c4-47fd-9ae0-6eeb3b2c3b63	2267833	1.0	confident	Rhizobium oryzihabitans	Bacteria
16b83a9a-30bd-40d8-97f7-8719a893da4f	2267833	1.0	confident	Rhizobium oryzihabitans	Bacteria
b1039171-18a3-4611-ba19-c88a463df0dd	2267833	1.0	confident	Rhizobium oryzihabitans	Bacteria
c8b95c38-945b-4fc3-a5a8-559a407a6082	2267833	1.0	confident	Rhizobium oryzihabitans	Bacteria
cb343e40-d76b-43ba-8967-739191305351	2267833	1.0	confident	Rhizobium oryzihabitans	Bacteria
6ddf5470-3ac4-4ae6-9d46-b18aa77d5aab	2267833	1.0	confident	Rhizobium oryzihabitans	Bacteria
c96075e8-9520-441f-9367-b7e80f35f099	2267833	1.0	confident	Rhizobium oryzihabitans	Bacteria
7f702928-507c-49d8-9982-ba88eb56b081	2267833	1.0	confident	Rhizobium oryzihabitans	Bacteria
5d229bbd-8a27-4e80-8752-15155754bd31	2267833	1.0	confident	Rhizobium oryzihabitans	Bacteria
c990ffb5-6fcb-4257-80d9-8994d4a4f90c	2267833	1.0	confident	Rhizobium oryzihabitans	Bacteria
2aa578a3-e383-4b25-8193-94b53e809ed3	2267833	1.0	confident	Rhizobium oryzihabitans	Bacteria
e08b0559-d7db-48f4-b7f2-a0d02e8b1674	2267833	1.0	confident	Rhizobium oryzihabitans	Bacteria
40ec1754-e929-42ee-8152-8325f4bbe6ba	2267833	1.0	confident	Rhizobium oryzihabitans	Bacteria
bb0a55f2-ff99-472b-9180-3af487d4d475	2267833	1.0	confident	Rhizobium oryzihabitans	Bacteria
9b8f3347-8286-446b-9a63-dc6463b17ba9	2267833	1.0	confident	Rhizobium oryzihabitans	Bacteria
80c9d8e5-187c-4013-b8d4-69bebd4cf070	2267833	1.0	confident	Rhizobium oryzihabitans	Bacteria
eda711fd-6b89-4ab6-b137-77c50b6ab074	2267833	1.0	confident	Rhizobium oryzihabitans	Bacteria
98ec3852-81a9-4b9d-85ab-a19ddf2eac33	2267833	1.0	confident	Rhizobium oryzihabitans	Bacteria
4001e657-3c6a-499b-9b98-13957bbfd0aa	2267833	1.0	confident	Rhizobium oryzihabitans	Bacteria
a69e7849-473d-4a5e-b593-20463db49e0c	2267833	1.0	confident	Rhizobium oryzihabitans	Bacteria
143d1295-d82c-479d-9635-6d9a37ef3e07	2267833	1.0	confident	Rhizobium oryzihabitans	Bacteria
e95e446e-312e-4abe-97d8-0eb376299ed1	2267833	1.0	confident	Rhizobium oryzihabitans	Bacteria
c45bbe98-0a15-4984-84b6-266247a81f38	2267833	1.0	confident	Rhizobium oryzihabitans	Bacteria
73b14ef9-08a1-4d2b-9055-2ed44d6fa1bb	2267833	1.0	confident	Rhizobium oryzihabitans	Bacteria
bace7f6a-c29a-4ffe-9855-ffe80624f13a	2267833	1.0	confident	Rhizobium oryzihabitans	Bacteria
a2647266-8edf-4643-b464-dd5598c06a82	2267833	1.0	confident	Rhizobium oryzihabitans	Bacteria
80f5250d-0f2d-416d-addb-95947f5d4bb2	2267833	1.0	confident	Rhizobium oryzihabitans	Bacteria
d3094ae3-744c-48a5-a59d-f851c701067d	2267833	1.0	confident	Rhizobium oryzihabitans	Bacteria
8b7ab607-1382-411c-b0f6-1ff22916a395	2267833	1.0	confident	Rhizobium oryzihabitans	Bacteria
20c1a809-d598-4be6-8e46-8f18e88aaede	2267833	1.0	confident	Rhizobium oryzihabitans	Bacteria
40d04640-bd7b-4c17-80e0-b531631bcc8b	2267833	1.0	confident	Rhizobium oryzihabitans	Bacteria
3ef30fa9-2615-436d-b229-3dc9836ded4c	2267833	1.0	confident	Rhizobium oryzihabitans	Bacteria
446ef362-cd0d-46b0-9205-13f245cc469f	2267833	1.0	confident	Rhizobium oryzihabitans	Bacteria
9d55aa70-4658-4a20-84d6-db5095eef6c3	2267833	1.0	confident	Rhizobium oryzihabitans	Bacteria
2eda493f-4741-43a7-94d1-6a60ec8abb7f	2267833	1.0	confident	Rhizobium oryzihabitans	Bacteria
561f73db-ef69-4dda-a9ab-5ada9d6529dd	2267833	1.0	confident	Rhizobium oryzihabitans	Bacteria
cc06af2b-520c-40c4-a497-1905b46b89fc	2267833	1.0	confident	Rhizobium oryzihabitans	Bacteria
2593d56a-ebe1-4d46-8503-bfaf24214d00	2267833	1.0	confident	Rhizobium oryzihabitans	Bacteria
d6894404-d8c1-4881-a9c3-fceb63229a4c	2267833	1.0	confident	Rhizobium oryzihabitans	Bacteria
459d590d-7c89-458d-8836-b70198c9405d	2267833	1.0	confident	Rhizobium oryzihabitans	Bacteria
dbeae7ad-4ef8-40b4-abb5-47df70944b21	2267833	1.0	confident	Rhizobium oryzihabitans	Bacteria
2dc03a9b-1da8-460e-bad2-17d404203b28	2267833	1.0	confident	Rhizobium oryzihabitans	Bacteria
d13082b6-e563-4980-a379-d05437aa9ab8	2267833	1.0	confident	Rhizobium oryzihabitans	Bacteria
cd8f20be-e44e-4efd-a6b0-48929018d1d3	2267833	1.0	confident	Rhizobium oryzihabitans	Bacteria
70ffb898-31ff-4419-9545-72f2c8a54afe	2267833	1.0	confident	Rhizobium oryzihabitans	Bacteria
1ceb1aef-d4d6-4680-ad72-ce6c89d72c36	2267833	1.0	confident	Rhizobium oryzihabitans	Bacteria
afd4051b-5eb8-41fb-b1e5-c868c1c4b131	2267833	1.0	confident	Rhizobium oryzihabitans	Bacteria
553c1cef-f5b7-46a3-a8bb-1da320e942a3	2267833	1.0	confident	Rhizobium oryzihabitans	Bacteria
f592137e-19d1-4ea2-be15-5f1d440ff276	2267833	1.0	confident	Rhizobium oryzihabitans	Bacteria
72282475-a462-4780-9d9f-2e19d3c82e0c	2267833	1.0	confident	Rhizobium oryzihabitans	Bacteria
24de3bad-43ab-49f2-ba61-2370f8195dff	2267833	1.0	confident	Rhizobium oryzihabitans	Bacteria
0e5fecb1-8412-4ddd-803d-e9d54876ee2e	2267833	1.0	confident	Rhizobium oryzihabitans	Bacteria
afeb5664-7a1e-43ea-944f-d0747354f075	2267833	1.0	confident	Rhizobium oryzihabitans	Bacteria
a0a6a10d-2dbb-45a9-b6f4-4917e6e8a7a3	2267833	1.0	confident	Rhizobium oryzihabitans	Bacteria
f4097031-bc16-41c2-8405-2680b1f26347	2267833	1.0	confident	Rhizobium oryzihabitans	Bacteria
10f8597d-921f-45fb-ac23-b8ab5a66f1bb	2267833	1.0	confident	Rhizobium oryzihabitans	Bacteria
bae05610-668e-4635-a42b-5d3f212894e2	2267833	1.0	confident	Rhizobium oryzihabitans	Bacteria
9d11a534-19de-4a64-bca8-f084de76588c	2267833	1.0	confident	Rhizobium oryzihabitans	Bacteria
f01192f5-d75b-418f-a670-dc6de4f14ba6	2267833	1.0	confident	Rhizobium oryzihabitans	Bacteria
123380bc-3c23-4596-a906-407bae8830a6	2267833	1.0	confident	Rhizobium oryzihabitans	Bacteria
15173c09-70ca-4ba4-9a8c-c89470048e57	2267833	1.0	confident	Rhizobium oryzihabitans	Bacteria
0379ffa3-40f8-41f3-b5c9-01ec307261ad	2267833	1.0	confident	Rhizobium oryzihabitans	Bacteria
eb344339-94f5-43d6-a769-c2810bfaf292	2267833	1.0	confident	Rhizobium oryzihabitans	Bacteria
f359d42c-d8d0-4cf4-9ad6-8e89ea77593a	2267833	1.0	confident	Rhizobium oryzihabitans	Bacteria
ac97f8fb-5fd2-4d2d-ae94-8d18a728c39a	2267833	1.0	confident	Rhizobium oryzihabitans	Bacteria
eb198a70-2ccf-42c9-9ace-c61c1a51d1fa	2267833	1.0	confident	Rhizobium oryzihabitans	Bacteria
c8d2ec4c-469e-445b-a2fe-fb9fc8cf8703	2267833	1.0	confident	Rhizobium oryzihabitans	Bacteria
93e784b7-9d23-49bb-bf32-787a506ffe95	2267833	1.0	confident	Rhizobium oryzihabitans	Bacteria
e6572974-479b-4761-8b21-1844beb895f1	3070683	1.0	confident	Neobacillus sp. OS1-33	Bacteria
55adc57e-0f4d-4c94-9562-86ffa1d227b7	3070683	1.0	confident	Neobacillus sp. OS1-33	Bacteria
91d7e16f-b102-40d6-a2aa-f09582a7544f	3070683	1.0	confident	Neobacillus sp. OS1-33	Bacteria
d01862a3-2b81-476f-8aa0-586ee3285e58	3070683	1.0	confident	Neobacillus sp. OS1-33	Bacteria
db076aac-ceda-4f58-baac-268d3681bcfb	3070683	1.0	confident	Neobacillus sp. OS1-33	Bacteria
e0c1530b-0396-4cbd-a4e3-6e1f0cf3c12e	3070683	1.0	confident	Neobacillus sp. OS1-33	Bacteria
9f129a6a-4346-4729-934b-c67403e551d0	3070683	1.0	confident	Neobacillus sp. OS1-33	Bacteria
e76d36bd-f94a-4051-a038-b8b2827309c2	3070683	1.0	confident	Neobacillus sp. OS1-33	Bacteria
8bb01bbb-2cbb-4230-b18a-769864b9e54c	3070683	1.0	confident	Neobacillus sp. OS1-33	Bacteria
5b058936-45b2-4bff-921c-397e5c963fc6	3070683	1.0	confident	Neobacillus sp. OS1-33	Bacteria
02c4fc97-4283-428b-8e3f-ab913572d825	3070683	1.0	confident	Neobacillus sp. OS1-33	Bacteria
52cdd2d5-23e5-43f3-8d1a-556e0fba204e	3070683	1.0	confident	Neobacillus sp. OS1-33	Bacteria
72532342-3129-4bf8-8d7b-925501046fd0	3070683	1.0	confident	Neobacillus sp. OS1-33	Bacteria
d9aec568-652a-4de2-9f0f-53ea1a0cb425	3070683	1.0	confident	Neobacillus sp. OS1-33	Bacteria
12eac269-b6dd-45af-b21d-0142dd874e62	3070683	1.0	confident	Neobacillus sp. OS1-33	Bacteria
0f72918b-8bb6-44e2-93f8-2ef54981c066	3070683	1.0	confident	Neobacillus sp. OS1-33	Bacteria
0724e79b-513d-41b2-9d77-5d75358cc5b2	3070683	1.0	confident	Neobacillus sp. OS1-33	Bacteria
4eb4a771-340f-4bd7-a951-fd1137915118	3070683	1.0	confident	Neobacillus sp. OS1-33	Bacteria
ae9956a5-d3d9-4af2-81a4-0711cfa21abb	3070683	1.0	confident	Neobacillus sp. OS1-33	Bacteria
abb073e9-21b0-4e12-8db5-c745408c7618	3070683	1.0	confident	Neobacillus sp. OS1-33	Bacteria
49f1f2cf-7582-4682-a108-caf27a40cd80	3070683	1.0	confident	Neobacillus sp. OS1-33	Bacteria
799b7cf0-0acb-4f36-98d9-78f5db6a8448	3070683	1.0	confident	Neobacillus sp. OS1-33	Bacteria
8469acca-567e-4347-9e4c-305f77e8dff6	3070683	1.0	confident	Neobacillus sp. OS1-33	Bacteria
5d1e8ee9-1146-4517-8c13-428663fafe2b	3070683	1.0	confident	Neobacillus sp. OS1-33	Bacteria
7cef1286-b0a7-4b00-95e0-258e36f44d75	3070683	1.0	confident	Neobacillus sp. OS1-33	Bacteria
29aeed6e-9e00-4214-a51e-db06df3561f2	3070683	1.0	confident	Neobacillus sp. OS1-33	Bacteria
aa758861-3506-4d22-8c52-a79e31078262	3070683	1.0	confident	Neobacillus sp. OS1-33	Bacteria
0313ff95-4360-4202-b32a-5bfdc057c0b7	3070683	1.0	confident	Neobacillus sp. OS1-33	Bacteria
9ab8684a-1fff-4ef9-8948-302024f11e32	3070683	1.0	confident	Neobacillus sp. OS1-33	Bacteria
0dc65b41-6bcd-4d2d-b888-7f8d0ec2ec53	3070683	1.0	confident	Neobacillus sp. OS1-33	Bacteria
cd9e179a-9a8f-456c-b9c4-173a932f1d23	3070683	1.0	confident	Neobacillus sp. OS1-33	Bacteria
b3978932-a38f-4d40-9039-0f555c39e8e2	3070683	1.0	confident	Neobacillus sp. OS1-33	Bacteria
7c8edc45-c336-4453-b1c3-5d76ccfaaa8a	3070683	1.0	confident	Neobacillus sp. OS1-33	Bacteria
aaaef8d5-c4f7-494e-ad35-7623ba5ca6da	3070683	1.0	confident	Neobacillus sp. OS1-33	Bacteria
54009ca1-e6b5-4436-b576-39ae0b6dac8c	3070683	1.0	confident	Neobacillus sp. OS1-33	Bacteria
37aa4d1d-0d27-47cf-8b59-d0d0a594b306	3070683	1.0	confident	Neobacillus sp. OS1-33	Bacteria
e3693166-364d-4fe9-b1bd-2f9e8513b435	3070683	1.0	confident	Neobacillus sp. OS1-33	Bacteria
039ec082-d2e3-4a14-8abd-d103621fc8aa	3070683	1.0	confident	Neobacillus sp. OS1-33	Bacteria
5dad5838-ba37-4429-be83-8a50ecda3fe8	3070683	1.0	confident	Neobacillus sp. OS1-33	Bacteria
1582327e-03ad-4bcf-8a9c-2e2089492d37	3070683	1.0	confident	Neobacillus sp. OS1-33	Bacteria
a19a1d4e-76fe-440d-ab12-a92335397c82	3070683	1.0	confident	Neobacillus sp. OS1-33	Bacteria
7ea61ba7-2b8e-482b-8f0d-4ebce9d14b19	3070683	1.0	confident	Neobacillus sp. OS1-33	Bacteria
eda3b63e-c2d0-41b6-85e7-473abb629c21	3070683	1.0	confident	Neobacillus sp. OS1-33	Bacteria
10456d0c-6398-426c-98a4-d7a9c2ea92b2	3070683	1.0	confident	Neobacillus sp. OS1-33	Bacteria
65cfb381-31b0-411b-af1b-447273fe98f3	3070683	1.0	confident	Neobacillus sp. OS1-33	Bacteria
77080247-87a4-400d-a026-bcb4ab056a1e	3070683	1.0	confident	Neobacillus sp. OS1-33	Bacteria
534ea4e4-d686-48f3-8229-8528f25ca9aa	3070683	1.0	confident	Neobacillus sp. OS1-33	Bacteria
107141e1-ac06-4e4a-90e1-df79b7e00ee1	108981	1.0	confident	Acinetobacter schindleri	Bacteria
b4b86ed0-7515-44a6-86e0-83d8fe8778ba	108981	1.0	confident	Acinetobacter schindleri	Bacteria
1eba3eeb-397c-4066-a06f-17fecd0f9a29	108981	1.0	confident	Acinetobacter schindleri	Bacteria
b5c02630-6850-4f79-bee5-03dd1e64e947	108981	1.0	confident	Acinetobacter schindleri	Bacteria
0abb0e03-4cdc-4c58-8a88-31d27604692d	108981	1.0	confident	Acinetobacter schindleri	Bacteria
a8a53a94-1f97-467f-8d33-c8e2fafbf5b6	108981	1.0	confident	Acinetobacter schindleri	Bacteria
6bcab8db-5055-4d35-a1ee-ecb217ab337a	108981	1.0	confident	Acinetobacter schindleri	Bacteria
0a896cd6-9a97-4abd-b878-1b41863d3bdf	108981	1.0	confident	Acinetobacter schindleri	Bacteria
2bb52f95-ba5d-4565-a6c1-ae30264a330e	108981	1.0	confident	Acinetobacter schindleri	Bacteria
b90ab959-02fb-4334-81cc-4422fe5c8f25	108981	1.0	confident	Acinetobacter schindleri	Bacteria
9f25ac00-c0bb-4171-9f5d-2926e11e88df	108981	1.0	confident	Acinetobacter schindleri	Bacteria
c42cc94f-a936-4dd4-9c45-4c21e17fe8a8	108981	1.0	confident	Acinetobacter schindleri	Bacteria
cd62d41d-9f22-4b42-832e-38fdb0f7bf65	108981	1.0	confident	Acinetobacter schindleri	Bacteria
492d4dfd-c33e-42aa-a486-33e1e3564788	108981	1.0	confident	Acinetobacter schindleri	Bacteria
09b3da03-5150-4b1a-86bb-6de88aa6be99	108981	1.0	confident	Acinetobacter schindleri	Bacteria
42aa6b15-4260-4eff-853c-2c620e57d0f1	108981	1.0	confident	Acinetobacter schindleri	Bacteria
1beb8ccc-35b7-46dc-88d0-9e3cce91d319	108981	1.0	confident	Acinetobacter schindleri	Bacteria
b9e539ce-783c-4fc0-97ee-aa322d1c2cf4	108981	1.0	confident	Acinetobacter schindleri	Bacteria
e8d74d64-5612-4d90-9e58-623d9d76193f	108981	1.0	confident	Acinetobacter schindleri	Bacteria
f726015c-9132-43e2-8bf5-67539829fdc0	108981	1.0	confident	Acinetobacter schindleri	Bacteria
62e346c7-ee61-495a-9046-831af9e84051	108981	1.0	confident	Acinetobacter schindleri	Bacteria
8f7c022a-4bbf-4f0c-9312-ee312c49441d	108981	1.0	confident	Acinetobacter schindleri	Bacteria
ad2f3e8e-0688-464d-b663-637de663fa5b	108981	1.0	confident	Acinetobacter schindleri	Bacteria
46833fd2-e4be-49c7-829e-e58bf36d971f	316	1.0	confident	Stutzerimonas stutzeri	Bacteria
df1f7038-b652-4435-a37e-2f6ceb8f2085	316	1.0	confident	Stutzerimonas stutzeri	Bacteria
0c9598d5-4a63-4bd1-93e6-0f88d3367288	316	1.0	confident	Stutzerimonas stutzeri	Bacteria
736f95f7-bc19-4d8f-b76b-b047feb96aee	316	1.0	confident	Stutzerimonas stutzeri	Bacteria
c21b1759-8700-45d9-b924-1bdca6fff150	316	1.0	confident	Stutzerimonas stutzeri	Bacteria
b286e04b-8f7b-4aaf-8868-51753c9f477c	316	1.0	confident	Stutzerimonas stutzeri	Bacteria
ed13a4d9-1c55-4c60-8afb-33515382c64a	316	1.0	confident	Stutzerimonas stutzeri	Bacteria
c8f2b916-0298-461c-9e4e-bc1a77bc719f	316	1.0	confident	Stutzerimonas stutzeri	Bacteria
0cc2270d-b5de-4092-af5c-ebb9220f64cf	316	1.0	confident	Stutzerimonas stutzeri	Bacteria
b9d5f752-856b-4c77-9115-a03f7f092eef	316	1.0	confident	Stutzerimonas stutzeri	Bacteria
baec2d66-2285-44fb-b297-e29f2434939e	316	1.0	confident	Stutzerimonas stutzeri	Bacteria
057ecf76-7d8c-4fab-8d96-1c5486a71962	316	1.0	confident	Stutzerimonas stutzeri	Bacteria
0b78b22e-8ca2-483a-98d7-f3cc01308241	316	1.0	confident	Stutzerimonas stutzeri	Bacteria
9f0fb9cd-282d-41a2-bc23-def39e51db9d	316	1.0	confident	Stutzerimonas stutzeri	Bacteria
e8b63e5d-3b68-4d43-a66c-12827ed5fde6	316	1.0	confident	Stutzerimonas stutzeri	Bacteria
6872fb37-8292-4a1b-aad9-7b2297ab6f9a	316	1.0	confident	Stutzerimonas stutzeri	Bacteria
e11a3749-0ea0-4dd1-92c7-522f7d0e2d70	316	1.0	confident	Stutzerimonas stutzeri	Bacteria
c556ac26-d568-4bc7-97f8-c86c749c4f07	316	1.0	confident	Stutzerimonas stutzeri	Bacteria
224a2b63-5c20-494d-9c87-3ee074e8350d	186651	1.0	confident	Microvirga subterranea	Bacteria
ca89b766-ee0c-4172-b1ff-cf4b654218f9	186651	1.0	confident	Microvirga subterranea	Bacteria
a903a5e1-6afc-42b4-a1ac-4c68eead1633	186651	1.0	confident	Microvirga subterranea	Bacteria
64e3644e-61f9-480f-8b51-0cb1fabc3b1f	186651	1.0	confident	Microvirga subterranea	Bacteria
68fa89ad-8654-495b-9735-89feb479fbda	186651	1.0	confident	Microvirga subterranea	Bacteria
c79e4b1d-ee75-47c8-be52-c30563465880	186651	1.0	confident	Microvirga subterranea	Bacteria
7ef485b9-37a3-4ff5-b37e-1c0e80beb308	186651	1.0	confident	Microvirga subterranea	Bacteria
e7be80eb-a7eb-4671-8ff1-916e4b0c7bbb	186651	1.0	confident	Microvirga subterranea	Bacteria
e0d10d6b-3df4-4cde-8e86-f095a4495703	186651	1.0	confident	Microvirga subterranea	Bacteria
00174f1b-48d9-47b4-b040-f020619bc292	186651	1.0	confident	Microvirga subterranea	Bacteria
fc328990-98f9-49ca-a139-58248d85ba48	186651	1.0	confident	Microvirga subterranea	Bacteria
afe4231b-ae7f-423a-ac78-6779eb343e3e	186651	1.0	confident	Microvirga subterranea	Bacteria
4e9d21fe-e113-4bbb-a26c-8be6eba4369b	186651	1.0	confident	Microvirga subterranea	Bacteria
c2a2f6de-3f11-4d25-94da-d3d7d5616aef	186651	1.0	confident	Microvirga subterranea	Bacteria
d7c35673-cb28-4954-9cec-7863d3b29481	186651	1.0	confident	Microvirga subterranea	Bacteria
aada776d-6c7c-40bb-8b34-fac109e4138e	186651	1.0	confident	Microvirga subterranea	Bacteria
d9da12e3-c3a1-41de-802e-ed97ca8391f7	186651	1.0	confident	Microvirga subterranea	Bacteria
b13ad4ea-46ce-4809-943a-d8e739152344	186651	1.0	confident	Microvirga subterranea	Bacteria
1324f262-a72a-4675-a8ad-c23aa17013ee	186651	1.0	confident	Microvirga subterranea	Bacteria
80b94580-6b40-46a3-b3d7-3f04ee98a96e	186651	1.0	confident	Microvirga subterranea	Bacteria
a5508708-0642-4c63-8db2-fc111093a456	186651	1.0	confident	Microvirga subterranea	Bacteria
8770e005-9f1f-4324-8785-44670ff5ef83	186651	1.0	confident	Microvirga subterranea	Bacteria
1b9b5d73-9767-4457-b4bb-20e963f77d20	186651	1.0	confident	Microvirga subterranea	Bacteria
4256057e-5b7a-4f0e-8ce7-55447d17bca1	186651	1.0	confident	Microvirga subterranea	Bacteria
e9a517f9-f429-46bb-b911-377e73ea13b1	186651	1.0	confident	Microvirga subterranea	Bacteria
3953e7d7-066a-44f3-b03c-a592b6c827ea	186651	1.0	confident	Microvirga subterranea	Bacteria
9db48a73-0180-4133-b97d-20806403b795	186651	1.0	confident	Microvirga subterranea	Bacteria
567a5fcc-57d1-49f6-8998-8fa19f6fd556	186651	1.0	confident	Microvirga subterranea	Bacteria
130856b6-1063-483f-9845-9dc4317ef0f7	186651	1.0	confident	Microvirga subterranea	Bacteria
f6088164-6f37-4729-b46b-c5bd769de835	186651	1.0	confident	Microvirga subterranea	Bacteria
79b1207a-df2f-4dc7-89c2-8ae9c7584e6c	1045317	1.0	confident	Sphingomonas lutea	Bacteria
6ef51d82-4286-43b4-8878-c917bec8952a	1045317	1.0	confident	Sphingomonas lutea	Bacteria
f057fbe5-a3a7-41f0-b5ac-957f86ac9c1e	1045317	1.0	confident	Sphingomonas lutea	Bacteria
6df025f2-08d4-4ad8-8f3a-bbc93db49b61	1045317	1.0	confident	Sphingomonas lutea	Bacteria
f6777e8a-3825-407c-b4f8-d1bd971d581d	1045317	1.0	confident	Sphingomonas lutea	Bacteria
99297fd9-187a-4ce6-a9c8-a77b8d0e11a2	1045317	1.0	confident	Sphingomonas lutea	Bacteria
6113a95d-2834-411a-84dd-a2008bc47318	1045317	1.0	confident	Sphingomonas lutea	Bacteria
bb61a62d-2a18-48ce-9623-d1802da4745a	1045317	1.0	confident	Sphingomonas lutea	Bacteria
73c13b57-5861-449a-87f9-afc00091e279	1045317	1.0	confident	Sphingomonas lutea	Bacteria
3d9fbc33-52ba-4a15-b438-3c818cb407f2	1045317	1.0	confident	Sphingomonas lutea	Bacteria
c69f6b6a-9964-4218-bca8-ccba3b7e5408	1045317	1.0	confident	Sphingomonas lutea	Bacteria
27297e93-0dc1-4f4c-8996-32636bf5fad3	1045317	1.0	confident	Sphingomonas lutea	Bacteria
a61bf1e1-e832-4afa-9b24-c57d3841ea96	1045317	1.0	confident	Sphingomonas lutea	Bacteria
d72b5b9f-4bad-49dd-b149-84b21b988fcb	1045317	1.0	confident	Sphingomonas lutea	Bacteria
a54c2846-86ab-408c-88e1-df33ae875ac6	1045317	1.0	confident	Sphingomonas lutea	Bacteria
8551f1c6-5fbc-4539-8575-0ea654b2efc5	1045317	1.0	confident	Sphingomonas lutea	Bacteria
c04d729d-711f-4a03-8e20-3f685f0fe931	1045317	1.0	confident	Sphingomonas lutea	Bacteria
58d8862f-6590-4c91-8e1c-9c1b0a06d829	1045317	1.0	confident	Sphingomonas lutea	Bacteria
