read_id	most_likely_taxon	confidence	assignment_certainty	taxon_name	kingdom
4db7c2f3-7438-4b54-9e64-e22b3fb04072	863372	1.0	confident	Herbaspirillum huttiense	Bacteria
0dd73aff-005f-46c3-847d-0245c493c1c4	863372	1.0	confident	Herbaspirillum huttiense	Bacteria
ec2f2363-ede7-46e6-9f3c-f222552b7a94	863372	1.0	confident	Herbaspirillum huttiense	Bacteria
be6c5062-541d-4e45-ae4d-388258c7f907	863372	1.0	confident	Herbaspirillum huttiense	Bacteria
f1bfc64f-99d0-4ff2-9088-1b28a3ba41d9	863372	1.0	confident	Herbaspirillum huttiense	Bacteria
e0f3e921-1aa7-41d5-b530-11944e62f46e	863372	1.0	confident	Herbaspirillum huttiense	Bacteria
2f4cbef7-28c2-40bf-a1a9-73a34043682a	863372	1.0	confident	Herbaspirillum huttiense	Bacteria
a9b22c99-da5f-4323-9f61-6b503b1ecceb	863372	1.0	confident	Herbaspirillum huttiense	Bacteria
09ca8bc0-6e8b-457c-995c-3664b7bb6bc7	863372	1.0	confident	Herbaspirillum huttiense	Bacteria
d63f698b-a356-41cb-b890-92c1c39361c1	863372	1.0	confident	Herbaspirillum huttiense	Bacteria
09e8c4dc-ee16-4949-aa99-36313f0ede56	863372	1.0	confident	Herbaspirillum huttiense	Bacteria
200753a6-2906-4b32-92b8-18b6b098651d	863372	1.0	confident	Herbaspirillum huttiense	Bacteria
35577576-f2d2-41c2-a416-4f5e57ee6cc0	863372	1.0	confident	Herbaspirillum huttiense	Bacteria
fb16588b-8749-4883-be57-8d8c0024ecd9	863372	1.0	confident	Herbaspirillum huttiense	Bacteria
11acccf4-20a7-4f50-a069-638cf08c8307	863372	1.0	confident	Herbaspirillum huttiense	Bacteria
65517f8e-1b80-4ae4-86be-34d3bc66883b	863372	1.0	confident	Herbaspirillum huttiense	Bacteria
935abc94-4296-4afc-9be4-c87083313a0f	863372	1.0	confident	Herbaspirillum huttiense	Bacteria
ddeef298-b414-49f9-84c6-cea30ebac799	863372	1.0	confident	Herbaspirillum huttiense	Bacteria
3a689c55-fa5e-4d22-81e6-c714bbde920d	863372	1.0	confident	Herbaspirillum huttiense	Bacteria
95a37cdd-13bf-4245-8f77-5cd9f8c609e2	863372	1.0	confident	Herbaspirillum huttiense	Bacteria
02ca0cb9-cc18-4324-b7b0-843039c5e0d4	863372	1.0	confident	Herbaspirillum huttiense	Bacteria
43eff5ef-a12f-4ac4-b20c-9bad96328a9c	863372	1.0	confident	Herbaspirillum huttiense	Bacteria
e295418e-fef7-4160-8a55-b446e149d189	863372	1.0	confident	Herbaspirillum huttiense	Bacteria
c81b6a60-1f45-4412-9cf3-d52d7d9e145b	863372	1.0	confident	Herbaspirillum huttiense	Bacteria
a739fe7d-0ffe-40d9-8b2a-de60c43b0746	863372	1.0	confident	Herbaspirillum huttiense	Bacteria
e4537686-1b2e-48c0-be99-241a16cd169a	863372	1.0	confident	Herbaspirillum huttiense	Bacteria
6ae68cb6-1e1f-4c1f-88da-81b12e5d5cd3	863372	1.0	confident	Herbaspirillum huttiense	Bacteria
75e31685-8d53-4b0b-8fd4-07e5e5ae9a13	863372	1.0	confident	Herbaspirillum huttiense	Bacteria
b643598c-b64c-4eef-b47f-a0eaf7d4bd6e	863372	1.0	confident	Herbaspirillum huttiense	Bacteria
7a0e1658-689b-43e6-8055-ba8ff046c936	863372	1.0	confident	Herbaspirillum huttiense	Bacteria
0b4a0e22-a1cb-4243-8b9b-473e660d7a45	863372	1.0	confident	Herbaspirillum huttiense	Bacteria
ca18dd63-13fd-4f63-bca3-96bcba0e0624	863372	1.0	confident	Herbaspirillum huttiense	Bacteria
02f78d82-4a54-4a5b-997f-000d60292647	863372	1.0	confident	Herbaspirillum huttiense	Bacteria
0b19661a-dd52-40ce-b822-62fad9a2b6bb	863372	1.0	confident	Herbaspirillum huttiense	Bacteria
0c19b8c0-312c-41f2-9f5e-e85be736385d	863372	1.0	confident	Herbaspirillum huttiense	Bacteria
e9a20326-54b4-445a-89e3-1da66f7cf9f0	863372	1.0	confident	Herbaspirillum huttiense	Bacteria
24fa8c54-ae5c-423e-b22e-be8b922a6f82	863372	1.0	confident	Herbaspirillum huttiense	Bacteria
51dbc96b-ac9c-4fcb-8acc-20fe0abcf8e4	863372	1.0	confident	Herbaspirillum huttiense	Bacteria
d7179353-3628-41fa-b171-36810fe0f79b	863372	1.0	confident	Herbaspirillum huttiense	Bacteria
45fc651e-4f3b-402f-8d41-ba46059c9412	863372	1.0	confident	Herbaspirillum huttiense	Bacteria
4de37973-8084-4677-ab5b-4aa02825e109	863372	1.0	confident	Herbaspirillum huttiense	Bacteria
de89a7de-ab7e-4184-8f51-af3e8312e29c	863372	1.0	confident	Herbaspirillum huttiense	Bacteria
db368366-d460-45d5-a0d1-1df578933b4b	863372	1.0	confident	Herbaspirillum huttiense	Bacteria
816fd0ac-1e28-4787-b34f-a098f9ce9978	863372	1.0	confident	Herbaspirillum huttiense	Bacteria
f8faaa63-f40f-4448-a6dc-c09ba82e5bbe	863372	1.0	confident	Herbaspirillum huttiense	Bacteria
0ce6e03b-875f-45da-a481-da19d5461123	863372	1.0	confident	Herbaspirillum huttiense	Bacteria
91e32222-50cf-4839-bbd9-0db65081d08b	863372	1.0	confident	Herbaspirillum huttiense	Bacteria
e5f15f1d-6ac8-44f2-93ba-54c55a405e3d	863372	1.0	confident	Herbaspirillum huttiense	Bacteria
85c108fd-1042-4d7a-a1e1-2d7ae7b5c15a	863372	1.0	confident	Herbaspirillum huttiense	Bacteria
a5e70e66-5dbb-4aaa-8603-cb2f4df2d708	863372	1.0	confident	Herbaspirillum huttiense	Bacteria
817bbdd8-91a4-44aa-9818-8c56be9d97d1	863372	1.0	confident	Herbaspirillum huttiense	Bacteria
12bd7402-fa18-4a64-b639-02398888836a	863372	1.0	confident	Herbaspirillum huttiense	Bacteria
d542e76e-540f-418e-9072-81005dab86bd	863372	1.0	confident	Herbaspirillum huttiense	Bacteria
2fc6598c-3b16-408f-a296-5083d86fbe2d	863372	1.0	confident	Herbaspirillum huttiense	Bacteria
5edf8ee7-303f-4214-a1a1-7a7a38bcb0ac	863372	1.0	confident	Herbaspirillum huttiense	Bacteria
f9b43306-1f83-4feb-ad8d-a11639a0a03d	863372	1.0	confident	Herbaspirillum huttiense	Bacteria
56a1e1f3-ff68-4db4-8a0b-6c327ab234a6	863372	1.0	confident	Herbaspirillum huttiense	Bacteria
7a127672-0f27-43d9-b392-d06fbd5d6974	863372	1.0	confident	Herbaspirillum huttiense	Bacteria
ff0e2cfb-0dc9-4e46-aa98-b71e50470df4	863372	1.0	confident	Herbaspirillum huttiense	Bacteria
6730a8d8-bbb7-49c3-ace8-d68b00a47f63	863372	1.0	confident	Herbaspirillum huttiense	Bacteria
e180d998-e925-48b8-bc71-88d03d70e1a0	863372	1.0	confident	Herbaspirillum huttiense	Bacteria
17687745-09ba-4583-8032-ce8ec88c815c	863372	1.0	confident	Herbaspirillum huttiense	Bacteria
4ecafd5e-bd4a-48dc-a9c8-978d94e896c5	863372	1.0	confident	Herbaspirillum huttiense	Bacteria
ec0ce29f-8f0c-4b4f-932c-39e02005fcef	863372	1.0	confident	Herbaspirillum huttiense	Bacteria
d608960f-3bc7-4e81-a19c-bd29992e02c5	863372	1.0	confident	Herbaspirillum huttiense	Bacteria
76f2418a-c7f5-4383-a72c-e1025266a744	863372	1.0	confident	Herbaspirillum huttiense	Bacteria
af9e8412-0055-4b5f-90a9-936915b18ee0	863372	1.0	confident	Herbaspirillum huttiense	Bacteria
0bd0d391-a818-467d-a403-5279f81723fa	863372	1.0	confident	Herbaspirillum huttiense	Bacteria
305226fb-5e54-4bc3-af79-675c599cb2a2	863372	1.0	confident	Herbaspirillum huttiense	Bacteria
0e7cac83-26f9-40af-b079-9d691bcfa0f8	863372	1.0	confident	Herbaspirillum huttiense	Bacteria
66a68389-8cf1-4769-8e13-fb162cb7158f	863372	1.0	confident	Herbaspirillum huttiense	Bacteria
7980e3e2-f34d-477e-a3d9-c784d33affaa	863372	1.0	confident	Herbaspirillum huttiense	Bacteria
05a1ce1b-39ca-4a09-bda3-3afed096d297	863372	1.0	confident	Herbaspirillum huttiense	Bacteria
7b7790dc-c088-4b53-892d-730e2b662cb1	863372	1.0	confident	Herbaspirillum huttiense	Bacteria
bbe3a55e-d60f-4d64-a389-dde8081bc474	863372	1.0	confident	Herbaspirillum huttiense	Bacteria
a7e5b756-0c7e-41f5-ab7b-77337d923be8	863372	1.0	confident	Herbaspirillum huttiense	Bacteria
590d7484-3358-4905-9874-943c440de920	863372	1.0	confident	Herbaspirillum huttiense	Bacteria
b29c2c00-6925-4d70-86a5-900b1f3a2977	863372	1.0	confident	Herbaspirillum huttiense	Bacteria
3d76c0a4-63f6-44b5-94cc-fd7ec5433f0e	863372	1.0	confident	Herbaspirillum huttiense	Bacteria
b9f24d59-ae22-4c08-b56d-836faced24f2	863372	1.0	confident	Herbaspirillum huttiense	Bacteria
1f7daaa3-ed49-4ac6-b46e-df49e2819dd6	863372	1.0	confident	Herbaspirillum huttiense	Bacteria
6d054745-b55c-4d3d-8ee7-784527e6a2fd	863372	1.0	confident	Herbaspirillum huttiense	Bacteria
2bd8ab94-046e-4bb7-bc45-5872810f8cf1	863372	1.0	confident	Herbaspirillum huttiense	Bacteria
d6854aac-48c2-4423-8342-35eed73e7a6b	863372	1.0	confident	Herbaspirillum huttiense	Bacteria
ff77dcc4-8b72-4181-bad7-c0183a4bfb6f	863372	1.0	confident	Herbaspirillum huttiense	Bacteria
2280e54c-1090-4095-90e4-032fcd24dfde	863372	1.0	confident	Herbaspirillum huttiense	Bacteria
77a0ecd4-77d2-4ce6-905a-bec160de81a0	863372	1.0	confident	Herbaspirillum huttiense	Bacteria
36ffc59e-eb98-44c2-86a3-a85325d60391	863372	1.0	confident	Herbaspirillum huttiense	Bacteria
827940f7-79c3-498d-9ede-d1220113290f	1064518	0.9999999735994248	high	Noviherbaspirillum soli	Bacteria
5d4612cc-024c-4bc0-a3d4-e15747f8446b	863372	1.0	confident	Herbaspirillum huttiense	Bacteria
f34859aa-84eb-4973-af4c-8e5da2961ffe	863372	1.0	confident	Herbaspirillum huttiense	Bacteria
c8021a48-98d3-4c09-95cf-b6a8bcc257e5	863372	1.0	confident	Herbaspirillum huttiense	Bacteria
60f071d5-388d-41bc-8e7a-7c58fb7c54cf	863372	1.0	confident	Herbaspirillum huttiense	Bacteria
9b7f1e39-7798-4018-918e-97df38fc81bb	863372	1.0	confident	Herbaspirillum huttiense	Bacteria
c611d032-aa40-42c9-b52d-8792e63ec6dc	863372	1.0	confident	Herbaspirillum huttiense	Bacteria
ef8927ed-b59d-4698-ac4b-047fc42c8b10	863372	1.0	confident	Herbaspirillum huttiense	Bacteria
d23d4476-f2b4-4587-b70a-2b53763d4d5a	863372	1.0	confident	Herbaspirillum huttiense	Bacteria
775a0c69-45f7-4656-81ef-6c38f785c7b3	863372	1.0	confident	Herbaspirillum huttiense	Bacteria
7ea6b5cd-7a1b-4f4c-b403-63d07bd2fe62	863372	1.0	confident	Herbaspirillum huttiense	Bacteria
4edcc0ec-983b-412b-91b5-2f613e9eb5b6	863372	1.0	confident	Herbaspirillum huttiense	Bacteria
21980014-a226-44c4-9e35-83abec2f4e56	863372	1.0	confident	Herbaspirillum huttiense	Bacteria
79a4ee93-2484-4dcf-b894-0d19393b3587	863372	1.0	confident	Herbaspirillum huttiense	Bacteria
20400406-f3e9-4b78-8a55-f7ec81a7fa2f	863372	1.0	confident	Herbaspirillum huttiense	Bacteria
29dca2e7-fae6-4af1-a256-353895338263	863372	1.0	confident	Herbaspirillum huttiense	Bacteria
86372945-56c8-49b5-b9fa-25e03a329532	863372	1.0	confident	Herbaspirillum huttiense	Bacteria
5a3aed47-6c09-446e-a067-b2ede4843431	863372	1.0	confident	Herbaspirillum huttiense	Bacteria
5868f35a-b8e0-4894-ac39-9c5c1a79684e	863372	1.0	confident	Herbaspirillum huttiense	Bacteria
e202362b-e074-4b9c-9d7a-9cec77ffec06	863372	1.0	confident	Herbaspirillum huttiense	Bacteria
ad686645-3b77-4597-9b44-b71d9f51de56	863372	1.0	confident	Herbaspirillum huttiense	Bacteria
fab8e7af-b76e-499f-a2d2-455d146c2e04	863372	1.0	confident	Herbaspirillum huttiense	Bacteria
546c701b-f55d-40ef-83e0-90fcf4c6fb70	863372	1.0	confident	Herbaspirillum huttiense	Bacteria
cce5e20e-faa0-4383-a645-d7b80fac7e15	863372	1.0	confident	Herbaspirillum huttiense	Bacteria
2a407e6d-e3e6-40ff-b4aa-36761f11b5ec	863372	1.0	confident	Herbaspirillum huttiense	Bacteria
79840632-803a-4076-846c-e27ca09ddcf0	863372	1.0	confident	Herbaspirillum huttiense	Bacteria
2b212f69-e2b9-4248-a734-1bba1d4e89b9	863372	1.0	confident	Herbaspirillum huttiense	Bacteria
bf5acbab-ec74-4a45-81b5-1ebcc02470b2	863372	1.0	confident	Herbaspirillum huttiense	Bacteria
eae8a6a8-9fe1-4750-bda9-5aa77d784580	863372	1.0	confident	Herbaspirillum huttiense	Bacteria
5bb6fb34-a126-4d59-922d-07cffe537612	863372	1.0	confident	Herbaspirillum huttiense	Bacteria
2fadeb82-1e10-4f35-bdca-0bcc7e172ef7	863372	1.0	confident	Herbaspirillum huttiense	Bacteria
f2261a98-ec32-41f3-911b-d27a0b1865c7	863372	1.0	confident	Herbaspirillum huttiense	Bacteria
d76544f4-f4e4-492c-85d7-aff6c1820791	863372	1.0	confident	Herbaspirillum huttiense	Bacteria
7a5f7874-dd77-445b-aad3-d746a258e832	863372	1.0	confident	Herbaspirillum huttiense	Bacteria
a91d2d17-7dfc-4804-b099-0545118c136e	863372	1.0	confident	Herbaspirillum huttiense	Bacteria
01a94be5-5d3c-47de-939f-33b49d92720f	1064518	0.999999951977728	high	Noviherbaspirillum soli	Bacteria
465e2fe5-8395-474a-b9af-30fda08806d6	863372	1.0	confident	Herbaspirillum huttiense	Bacteria
0931bfe1-8bb3-47fa-b9f9-91908d1891cb	10002616	1.0	confident	Laceyella sacchari	Bacteria
463c22eb-19a1-42b4-a2d0-7e1b2b049821	863372	1.0	confident	Herbaspirillum huttiense	Bacteria
5ef1f850-26b1-4ef8-8acc-a2684d538efd	863372	1.0	confident	Herbaspirillum huttiense	Bacteria
4209cc62-03e5-41a1-a55a-a1110b770dbd	863372	1.0	confident	Herbaspirillum huttiense	Bacteria
598196cf-4b41-4e56-b108-9f413df41f7d	863372	1.0	confident	Herbaspirillum huttiense	Bacteria
832d478e-7369-4fea-b1de-bacb0c53812c	863372	1.0	confident	Herbaspirillum huttiense	Bacteria
beae9d06-167a-45c5-a70a-590924770c0b	863372	1.0	confident	Herbaspirillum huttiense	Bacteria
13706109-dc68-4ba5-9f86-a694e30b5697	863372	1.0	confident	Herbaspirillum huttiense	Bacteria
2751906f-8163-445d-8786-9b82a974114b	863372	1.0	confident	Herbaspirillum huttiense	Bacteria
54031f90-cc1f-41e5-869e-a17c18a95c6e	863372	1.0	confident	Herbaspirillum huttiense	Bacteria
59e8bc5f-6653-43d1-bdab-666be1d0433b	863372	1.0	confident	Herbaspirillum huttiense	Bacteria
f56c9715-4457-4b0e-acdd-10b5db99d1b7	863372	1.0	confident	Herbaspirillum huttiense	Bacteria
967ef929-34ed-49d6-8a74-280f5e5d788b	863372	1.0	confident	Herbaspirillum huttiense	Bacteria
830f6462-74de-4f3a-a800-52812ecd76a3	863372	1.0	confident	Herbaspirillum huttiense	Bacteria
44664aba-370b-40fb-8c59-2646f2bb5a5b	863372	1.0	confident	Herbaspirillum huttiense	Bacteria
bdc31f72-aecd-47f6-b83f-d0468a68ab74	863372	1.0	confident	Herbaspirillum huttiense	Bacteria
4465c1b6-ca4d-4844-a662-24dfaa84ed82	863372	1.0	confident	Herbaspirillum huttiense	Bacteria
26fd7ba3-6438-4b17-a56a-ddac667e4a47	863372	1.0	confident	Herbaspirillum huttiense	Bacteria
77879d87-4c2b-4454-b347-f4f988851ab6	863372	1.0	confident	Herbaspirillum huttiense	Bacteria
a5d1efae-695d-4a9e-8cd9-7d6d58e131a8	863372	1.0	confident	Herbaspirillum huttiense	Bacteria
2be711d6-21c7-451d-9e58-abf18774aaa4	863372	1.0	confident	Herbaspirillum huttiense	Bacteria
705211cc-32d2-4b12-a93b-baa51f9da07b	863372	1.0	confident	Herbaspirillum huttiense	Bacteria
59fd55cc-b63d-491d-bc79-253aa4fd9abf	863372	1.0	confident	Herbaspirillum huttiense	Bacteria
acda5082-8261-4652-a4e4-933c71e3a52f	863372	1.0	confident	Herbaspirillum huttiense	Bacteria
674c3e3d-73fa-45f8-ba7e-7ee034981745	863372	1.0	confident	Herbaspirillum huttiense	Bacteria
88176365-6cc8-49d9-a4b5-0a27d4f8aa0c	863372	1.0	confident	Herbaspirillum huttiense	Bacteria
2ace4d38-1bae-4f73-b3ef-046bb79fab0d	863372	1.0	confident	Herbaspirillum huttiense	Bacteria
5ede5416-44b8-4867-b6fb-ababcf2fb4de	863372	1.0	confident	Herbaspirillum huttiense	Bacteria
a8d24f2d-d945-47fd-b4ef-761610ed85e6	863372	1.0	confident	Herbaspirillum huttiense	Bacteria
dad85e2a-5298-4fb6-9bfc-aa559c7313d8	863372	1.0	confident	Herbaspirillum huttiense	Bacteria
0aad8d6a-31a2-4d76-88e5-ddea98e9339b	863372	1.0	confident	Herbaspirillum huttiense	Bacteria
d8feb42d-c7c1-46ae-ad16-6b9254f59592	863372	1.0	confident	Herbaspirillum huttiense	Bacteria
ba489dac-007a-498e-b30e-b58899cf2952	863372	1.0	confident	Herbaspirillum huttiense	Bacteria
8557792b-7ea1-4033-a473-6b92648ccc91	863372	1.0	confident	Herbaspirillum huttiense	Bacteria
c32be228-ba51-45d3-a0c2-ca412e9e6227	863372	1.0	confident	Herbaspirillum huttiense	Bacteria
561b9aab-471a-4a26-8be0-5e1e0daf5184	863372	1.0	confident	Herbaspirillum huttiense	Bacteria
5d72f35a-5fde-4ded-bdd0-627c0fa211db	863372	1.0	confident	Herbaspirillum huttiense	Bacteria
77931687-5d41-4d8b-bb34-16e901a18566	863372	1.0	confident	Herbaspirillum huttiense	Bacteria
6bb138aa-e27d-45a7-9bf0-c5d8c7c7e54b	863372	1.0	confident	Herbaspirillum huttiense	Bacteria
3267e1d7-d898-4aaf-aa76-7289489c3800	863372	1.0	confident	Herbaspirillum huttiense	Bacteria
c4cdaa44-dfd2-4dc6-810d-37d15d0aa9de	863372	1.0	confident	Herbaspirillum huttiense	Bacteria
cd85f08b-cf89-43fb-a931-75b68ec8f1b3	863372	1.0	confident	Herbaspirillum huttiense	Bacteria
a037dc99-a8b0-4f25-a079-d6788e0e08a9	863372	1.0	confident	Herbaspirillum huttiense	Bacteria
6120273c-4c6f-47b3-8d70-2782e529941f	863372	1.0	confident	Herbaspirillum huttiense	Bacteria
bb7bceac-401d-409b-9aa9-20bc3b362110	863372	1.0	confident	Herbaspirillum huttiense	Bacteria
d28a92f4-10a4-4f71-adad-0b17d9ffed13	863372	1.0	confident	Herbaspirillum huttiense	Bacteria
bc62c193-5cba-43af-8401-128b155ac96f	863372	1.0	confident	Herbaspirillum huttiense	Bacteria
99c97c73-62c9-4f9d-b43e-afafa09b81a3	863372	1.0	confident	Herbaspirillum huttiense	Bacteria
e87e2a79-df43-4940-8ff4-ac52c887b096	863372	1.0	confident	Herbaspirillum huttiense	Bacteria
2834e301-fe9d-4d95-8a8a-a379168b9f2a	863372	1.0	confident	Herbaspirillum huttiense	Bacteria
800926bc-119c-43a3-b44c-145e842a44f8	863372	1.0	confident	Herbaspirillum huttiense	Bacteria
9cc79eac-bbe5-4a70-92df-bc1e29dec3fd	863372	1.0	confident	Herbaspirillum huttiense	Bacteria
f1f04cff-0c4e-4571-9708-932dcb276368	863372	1.0	confident	Herbaspirillum huttiense	Bacteria
8e9bf102-33a5-4556-a5be-7db870add2ff	863372	1.0	confident	Herbaspirillum huttiense	Bacteria
86113910-c097-4ddb-ae72-a99209165505	863372	1.0	confident	Herbaspirillum huttiense	Bacteria
247c2364-15a8-4417-92e5-59dcc21a6204	863372	1.0	confident	Herbaspirillum huttiense	Bacteria
93849fcc-1090-4c58-ae1a-5e1acfc7aef7	863372	1.0	confident	Herbaspirillum huttiense	Bacteria
85b9d462-7347-4960-bf03-17f10df710c0	863372	1.0	confident	Herbaspirillum huttiense	Bacteria
26dd31d5-e773-4a14-8712-4f167062f755	863372	1.0	confident	Herbaspirillum huttiense	Bacteria
22bffa7f-7680-40e2-8ee8-ac3a09e3f6ae	863372	1.0	confident	Herbaspirillum huttiense	Bacteria
e40df6cb-86ea-4ae2-a0d2-9e6909ec5296	863372	1.0	confident	Herbaspirillum huttiense	Bacteria
d4ed4984-dcdd-4bee-9161-b617bbec3fe3	863372	1.0	confident	Herbaspirillum huttiense	Bacteria
0e24d7b4-0d2b-4c99-bec5-385d0f83314e	863372	0.9655228362014106	high	Herbaspirillum huttiense	Bacteria
e12e9275-4fcb-461a-98f0-6f416f4095af	863372	1.0	confident	Herbaspirillum huttiense	Bacteria
08c48678-c120-48fc-a361-af3964fc76d1	863372	1.0	confident	Herbaspirillum huttiense	Bacteria
650de803-19c8-4898-b75f-69f8d6119889	863372	1.0	confident	Herbaspirillum huttiense	Bacteria
38dba14b-282a-40fd-b429-a921acd93f86	863372	1.0	confident	Herbaspirillum huttiense	Bacteria
37be56e3-6b48-4669-b438-af55c23171b0	863372	1.0	confident	Herbaspirillum huttiense	Bacteria
17006b58-93f2-44da-b009-8577f7c207a2	863372	1.0	confident	Herbaspirillum huttiense	Bacteria
eafb0c58-403c-4707-9f3e-949671dff17c	863372	1.0	confident	Herbaspirillum huttiense	Bacteria
0f2888b9-6571-4378-8ff2-ee2e2725c3fb	863372	1.0	confident	Herbaspirillum huttiense	Bacteria
3a1f848f-2624-4dd2-889b-b8f0f6116278	863372	1.0	confident	Herbaspirillum huttiense	Bacteria
7c1b16ed-e49f-455b-b8ca-4457aba15590	863372	1.0	confident	Herbaspirillum huttiense	Bacteria
3ef4d943-afda-47cb-b13c-62163d7e6dfe	863372	1.0	confident	Herbaspirillum huttiense	Bacteria
09e5e33b-612b-409c-91f5-b1c1020c535c	863372	1.0	confident	Herbaspirillum huttiense	Bacteria
0195dfc4-224e-487f-b0f7-8deded1dfea1	863372	1.0	confident	Herbaspirillum huttiense	Bacteria
8b675b09-0240-46d7-9fd8-4391cf08da78	863372	1.0	confident	Herbaspirillum huttiense	Bacteria
c4445795-a630-44ae-984e-07bfaa6de5d8	863372	1.0	confident	Herbaspirillum huttiense	Bacteria
1f4f3193-c521-45a9-9213-ff25a30ec0ef	863372	1.0	confident	Herbaspirillum huttiense	Bacteria
a25a24d7-24bb-4de2-afc9-cc91bcc49c1c	863372	1.0	confident	Herbaspirillum huttiense	Bacteria
9ecc2419-c836-4b21-8bb9-5817814b91db	863372	1.0	confident	Herbaspirillum huttiense	Bacteria
e24ba0f0-3fd6-4c05-8300-e57120e2ce89	863372	1.0	confident	Herbaspirillum huttiense	Bacteria
c31eceeb-a86d-40b1-bb06-ead897bb4a40	863372	1.0	confident	Herbaspirillum huttiense	Bacteria
490f8d2f-5e15-4635-9507-7944ef7ef814	863372	1.0	confident	Herbaspirillum huttiense	Bacteria
d7f50786-72a7-4fe6-960d-4fc82fcce09b	863372	1.0	confident	Herbaspirillum huttiense	Bacteria
a24c0dd9-6eee-4b30-83a9-e30bffda7fcf	863372	1.0	confident	Herbaspirillum huttiense	Bacteria
6be93e25-de84-4697-a0f9-f2c738d257b0	863372	1.0	confident	Herbaspirillum huttiense	Bacteria
435d69a9-7924-4fb2-9232-342ee04e6837	863372	1.0	confident	Herbaspirillum huttiense	Bacteria
a1da254c-5b0d-4848-8784-1b1b6dde1a37	863372	1.0	confident	Herbaspirillum huttiense	Bacteria
c71198de-5386-432f-80c4-308c925b7b0d	863372	1.0	confident	Herbaspirillum huttiense	Bacteria
72d8f8ac-6e2f-4921-bdb1-f71b1088d6ed	863372	1.0	confident	Herbaspirillum huttiense	Bacteria
2e75abd0-1eb1-49b8-baab-93b461c194f3	863372	1.0	confident	Herbaspirillum huttiense	Bacteria
efc7d95d-168f-41e0-8f2a-4f45de365d32	863372	1.0	confident	Herbaspirillum huttiense	Bacteria
27457f63-18df-444e-acc1-5d256ef1475c	863372	1.0	confident	Herbaspirillum huttiense	Bacteria
c8a3a4bc-f6df-4cbf-99ad-c7eefbf348e0	863372	1.0	confident	Herbaspirillum huttiense	Bacteria
43e9787c-16a4-4ab4-afbf-0d7f567f1d5b	863372	1.0	confident	Herbaspirillum huttiense	Bacteria
fe4223b6-3f84-4f74-b4ea-f9c865bc9159	863372	1.0	confident	Herbaspirillum huttiense	Bacteria
1ae94f8a-510e-4d4a-8ad5-d4eea0374c30	863372	1.0	confident	Herbaspirillum huttiense	Bacteria
95be4e60-43b0-4126-83bc-0665fdf63e6d	863372	1.0	confident	Herbaspirillum huttiense	Bacteria
2781b4a0-704d-4f3b-9d06-e73c0b42ad4f	863372	1.0	confident	Herbaspirillum huttiense	Bacteria
923d0945-4244-4873-8942-6ff3f85f9af1	1064518	0.9999999079405396	high	Noviherbaspirillum soli	Bacteria
58b46a11-9b25-4371-ad88-cf2d9553b455	863372	1.0	confident	Herbaspirillum huttiense	Bacteria
8a661a9a-91a2-43fe-89be-23d71380910d	863372	1.0	confident	Herbaspirillum huttiense	Bacteria
2757e024-d703-4bd5-b43c-12b47201bfd4	863372	1.0	confident	Herbaspirillum huttiense	Bacteria
7b350c98-2ffb-4d77-84ab-18fae96f27e6	863372	1.0	confident	Herbaspirillum huttiense	Bacteria
60e8ea82-8e09-4f13-92cf-6314825c0aeb	863372	1.0	confident	Herbaspirillum huttiense	Bacteria
85c49d4d-789b-400a-9caf-b5456f7983dc	863372	1.0	confident	Herbaspirillum huttiense	Bacteria
3cd3e8c4-1200-4f53-a91b-ebd807dd6dc2	863372	1.0	confident	Herbaspirillum huttiense	Bacteria
23959079-ef50-40c0-a6ee-2502ca126c1a	863372	1.0	confident	Herbaspirillum huttiense	Bacteria
cd215848-a121-44c9-a496-70e7fa0b09cb	863372	1.0	confident	Herbaspirillum huttiense	Bacteria
abacc509-0063-44e3-84e7-707d9a0f8869	863372	1.0	confident	Herbaspirillum huttiense	Bacteria
a2dc9ad5-8a58-4680-8404-93bf03c84631	863372	1.0	confident	Herbaspirillum huttiense	Bacteria
9dec86b5-7d61-4c9e-be2c-4a28f3148382	863372	1.0	confident	Herbaspirillum huttiense	Bacteria
9f89944b-bdee-4068-b32b-82dc2673f212	863372	1.0	confident	Herbaspirillum huttiense	Bacteria
0f44e4c7-fb89-4be4-8b2e-11dd4f09d833	863372	1.0	confident	Herbaspirillum huttiense	Bacteria
10f780c7-4673-42b7-b44a-4981be4876db	863372	1.0	confident	Herbaspirillum huttiense	Bacteria
e445f0dc-cd5a-4d36-893e-4459e272986f	863372	1.0	confident	Herbaspirillum huttiense	Bacteria
0c3b5c63-eb9f-4fde-85f9-c374cbbef63f	863372	1.0	confident	Herbaspirillum huttiense	Bacteria
8ca95f88-f06d-4550-96fc-58c15ce15669	863372	1.0	confident	Herbaspirillum huttiense	Bacteria
a3489744-b316-40c2-8db1-7644a5c32f1a	863372	1.0	confident	Herbaspirillum huttiense	Bacteria
58b6dbe7-8d37-4c76-a529-fe8bcca8919b	863372	1.0	confident	Herbaspirillum huttiense	Bacteria
a0bae508-4782-49bd-981b-937e9e1d7f07	863372	1.0	confident	Herbaspirillum huttiense	Bacteria
07527aff-7a67-4264-988e-ac70dfa7fe0b	863372	1.0	confident	Herbaspirillum huttiense	Bacteria
bd35e6f3-dfc2-4d2a-aeb6-3169467744c4	863372	1.0	confident	Herbaspirillum huttiense	Bacteria
97b27fdc-e6e3-49c0-875e-a515566c1ffe	863372	1.0	confident	Herbaspirillum huttiense	Bacteria
aa34b6d1-f739-4b95-965b-474043e999fa	1064518	0.9999999529096164	high	Noviherbaspirillum soli	Bacteria
90627549-224e-4b99-9210-6f40f0f3d743	863372	1.0	confident	Herbaspirillum huttiense	Bacteria
19dfe787-d7f6-4a57-b5b5-cee8277efd36	863372	1.0	confident	Herbaspirillum huttiense	Bacteria
463f5876-e55b-4907-8412-73be8452071f	863372	1.0	confident	Herbaspirillum huttiense	Bacteria
25574234-990b-44cc-96b2-e624606d2a3f	863372	1.0	confident	Herbaspirillum huttiense	Bacteria
c31d5243-43ab-465b-a8f0-97b50ced1733	863372	1.0	confident	Herbaspirillum huttiense	Bacteria
ead51bf4-631a-4f6a-b292-e647431f4a19	863372	1.0	confident	Herbaspirillum huttiense	Bacteria
36d310b5-c2d0-40e6-9302-8eb2d7e0ae72	863372	1.0	confident	Herbaspirillum huttiense	Bacteria
e377ae19-cc93-4c0d-afd1-97c4a6dc55b5	863372	1.0	confident	Herbaspirillum huttiense	Bacteria
fe16c771-a021-4b8b-aa72-00c103384b4a	863372	0.9655228362014106	high	Herbaspirillum huttiense	Bacteria
493614ab-b2ce-45ce-aef2-b2ea39b0e77a	863372	1.0	confident	Herbaspirillum huttiense	Bacteria
0882d962-fa0a-43a4-bbd4-657bba8263c9	863372	1.0	confident	Herbaspirillum huttiense	Bacteria
f13e0e99-9ba6-4b6b-a861-466270fd7ac8	863372	1.0	confident	Herbaspirillum huttiense	Bacteria
85bb6f99-e28d-4b43-9e28-008979066feb	863372	1.0	confident	Herbaspirillum huttiense	Bacteria
f2a15832-9ef7-4518-a98a-fcb879bb3cea	863372	1.0	confident	Herbaspirillum huttiense	Bacteria
71c03d96-bacc-4c3b-8bf7-9d722704fad6	863372	1.0	confident	Herbaspirillum huttiense	Bacteria
8594c1df-26f2-4b8a-b9e3-45d346be8c8a	863372	1.0	confident	Herbaspirillum huttiense	Bacteria
4bdb8d65-d5b7-44c1-b20d-cdba2ea088c4	863372	1.0	confident	Herbaspirillum huttiense	Bacteria
7eb6414d-d8dd-41b2-b58d-a77bb11d10fc	863372	1.0	confident	Herbaspirillum huttiense	Bacteria
9775f2a4-8bcd-4090-b34f-1a3a8d74919f	863372	1.0	confident	Herbaspirillum huttiense	Bacteria
6f3b9cbb-9358-405c-b478-5662006053f6	863372	1.0	confident	Herbaspirillum huttiense	Bacteria
571e1698-cfc0-45bb-9082-7ebeaeae9f7d	863372	1.0	confident	Herbaspirillum huttiense	Bacteria
6c5420f0-082e-4460-bd60-535d6f1b13a4	863372	1.0	confident	Herbaspirillum huttiense	Bacteria
8e5643cd-b6bb-4613-bf34-bef9f66864e4	863372	1.0	confident	Herbaspirillum huttiense	Bacteria
7f6bac2a-b96b-487e-8f7e-5e6ef17fb798	863372	1.0	confident	Herbaspirillum huttiense	Bacteria
55e8eac8-5f69-4705-a244-c41a30119042	863372	1.0	confident	Herbaspirillum huttiense	Bacteria
7ee2dd0c-1f83-48db-880a-4056381cbc41	863372	1.0	confident	Herbaspirillum huttiense	Bacteria
8b28d470-5d89-4509-ab22-46c2cf756a98	863372	1.0	confident	Herbaspirillum huttiense	Bacteria
4f3a9e1e-dfbd-47f6-bf06-97def1681c65	863372	1.0	confident	Herbaspirillum huttiense	Bacteria
7736f291-ceee-4e27-970d-147b2f3df63a	863372	1.0	confident	Herbaspirillum huttiense	Bacteria
2de86184-f8c0-4d90-841f-e545bff406ca	863372	1.0	confident	Herbaspirillum huttiense	Bacteria
287d568e-ced2-4b64-a750-fbb9e02f0e65	863372	1.0	confident	Herbaspirillum huttiense	Bacteria
08347fa2-cadc-4e64-b591-a0c9788361c6	863372	1.0	confident	Herbaspirillum huttiense	Bacteria
de6119e4-dabf-42a9-8b70-476e6411f3c7	863372	1.0	confident	Herbaspirillum huttiense	Bacteria
0b5dd545-eaee-4c0b-a07f-a63928d03d57	863372	1.0	confident	Herbaspirillum huttiense	Bacteria
3769e165-dc00-4723-ab79-371f75cd4376	863372	1.0	confident	Herbaspirillum huttiense	Bacteria
8ba66d8f-98d8-4460-b96c-6ad46f36cfb6	863372	1.0	confident	Herbaspirillum huttiense	Bacteria
6167ab8a-0648-435c-9ad9-1028d88b21ab	863372	1.0	confident	Herbaspirillum huttiense	Bacteria
9dd9e1d7-ebbb-4f9e-aee5-445aefe1802f	863372	1.0	confident	Herbaspirillum huttiense	Bacteria
b23e8730-cfaa-4e3c-a4b3-303acc744234	863372	1.0	confident	Herbaspirillum huttiense	Bacteria
b3bb06bb-9a20-4fea-a582-2eb05d6169d6	863372	1.0	confident	Herbaspirillum huttiense	Bacteria
413d6da3-4fe9-47a0-9df6-908efd3cf725	863372	1.0	confident	Herbaspirillum huttiense	Bacteria
fc0bdb5c-1240-44b5-8acb-3a39717aa444	863372	1.0	confident	Herbaspirillum huttiense	Bacteria
03872bd3-5468-4b8c-9900-9804c2b57bf6	863372	1.0	confident	Herbaspirillum huttiense	Bacteria
17c8e850-452c-4a3c-948e-353b4e5f7792	863372	1.0	confident	Herbaspirillum huttiense	Bacteria
bd643329-1c5d-4b49-9b46-5aa8ffe799f1	863372	1.0	confident	Herbaspirillum huttiense	Bacteria
b5fdf854-c984-4cd9-b16a-07600a31bea5	863372	1.0	confident	Herbaspirillum huttiense	Bacteria
917a1eb8-7309-44ff-80fd-64f5a8bff0f4	863372	1.0	confident	Herbaspirillum huttiense	Bacteria
a1a62aab-54e9-4f03-bae8-01257c63aec8	863372	1.0	confident	Herbaspirillum huttiense	Bacteria
c7f63fbf-f733-495b-b035-4f0e5b4929a0	863372	1.0	confident	Herbaspirillum huttiense	Bacteria
934d455c-4cb6-493d-94ee-a667c6eca8c9	863372	1.0	confident	Herbaspirillum huttiense	Bacteria
4d0fa143-a27d-4fa5-9e0f-a4b928c1329b	863372	1.0	confident	Herbaspirillum huttiense	Bacteria
5c5f15e2-e8d5-47fb-8e73-fbc2d5e95deb	863372	1.0	confident	Herbaspirillum huttiense	Bacteria
daeefab8-4546-4e04-be3c-4af72a0b4b3d	863372	1.0	confident	Herbaspirillum huttiense	Bacteria
f159b4aa-b881-41ee-9647-704536486c9a	863372	1.0	confident	Herbaspirillum huttiense	Bacteria
86d17e81-7455-4657-92ee-e9b0db38734a	863372	1.0	confident	Herbaspirillum huttiense	Bacteria
d0343c34-d00e-4f2f-b3d9-3e3621925f51	863372	1.0	confident	Herbaspirillum huttiense	Bacteria
76043463-1058-418b-b2bc-5a7d48eb0038	863372	1.0	confident	Herbaspirillum huttiense	Bacteria
946d2bec-a87d-40f0-bc67-0130bdc649f3	863372	1.0	confident	Herbaspirillum huttiense	Bacteria
55ef2ef7-3051-401a-a95f-c374f9ae3f26	863372	1.0	confident	Herbaspirillum huttiense	Bacteria
42d99979-e98a-4bd6-9477-05cdc54255bf	863372	1.0	confident	Herbaspirillum huttiense	Bacteria
9ddae86c-0b78-4d79-97ff-1d50838be2a9	863372	1.0	confident	Herbaspirillum huttiense	Bacteria
ab5365f5-78af-4a98-98fa-8c63b5d71776	863372	1.0	confident	Herbaspirillum huttiense	Bacteria
7266057e-b68b-4952-b029-e2a0fd2e600b	863372	1.0	confident	Herbaspirillum huttiense	Bacteria
d5a7b7fd-642a-4644-bfbf-7609de8c24c8	863372	1.0	confident	Herbaspirillum huttiense	Bacteria
a2b3a128-9cb1-4fa8-bc1f-f5686c44ad79	863372	1.0	confident	Herbaspirillum huttiense	Bacteria
bc38d8ec-3289-4ac9-b12b-e2981e1266b3	863372	1.0	confident	Herbaspirillum huttiense	Bacteria
9a480743-a90b-4f50-aa5e-10f8a800dd8e	863372	1.0	confident	Herbaspirillum huttiense	Bacteria
3b470c8f-2ca0-4e74-8950-5ff7505d1982	863372	1.0	confident	Herbaspirillum huttiense	Bacteria
9efc67ad-1ba5-4db8-b6e4-926fe2b86b59	863372	1.0	confident	Herbaspirillum huttiense	Bacteria
da86b65c-3f92-4afb-820a-98de7be222e3	863372	1.0	confident	Herbaspirillum huttiense	Bacteria
884183ba-768c-44fc-b92e-875ee9e69ce1	863372	1.0	confident	Herbaspirillum huttiense	Bacteria
4a6757e9-2274-4b6a-9837-dfd49298402f	863372	1.0	confident	Herbaspirillum huttiense	Bacteria
ff02850a-581b-492f-98fb-3ba59ae41c76	863372	1.0	confident	Herbaspirillum huttiense	Bacteria
2869e2d0-21cf-4ee6-96fa-85269dfb2cc7	863372	1.0	confident	Herbaspirillum huttiense	Bacteria
22a4f713-cebe-494f-bc44-a7d5e86a4aaf	863372	1.0	confident	Herbaspirillum huttiense	Bacteria
80b60f63-f77c-47ce-b525-ff1633796bda	863372	1.0	confident	Herbaspirillum huttiense	Bacteria
e472cc65-85c5-47a7-9db0-23691992b02f	863372	1.0	confident	Herbaspirillum huttiense	Bacteria
780399a7-e450-4cff-8529-b08207816427	863372	1.0	confident	Herbaspirillum huttiense	Bacteria
fc6f35a9-c677-4675-aab8-0567f2958b8f	863372	1.0	confident	Herbaspirillum huttiense	Bacteria
0b17f046-b573-493e-bce5-b7bb2ebb2e21	863372	1.0	confident	Herbaspirillum huttiense	Bacteria
9440c4c5-8da5-4cdf-8063-2ada16d6968b	863372	1.0	confident	Herbaspirillum huttiense	Bacteria
9889c8bf-4529-42b3-aeee-ee47a9db97f0	863372	1.0	confident	Herbaspirillum huttiense	Bacteria
d20e4394-6b38-46f4-96eb-b48c6990db29	863372	1.0	confident	Herbaspirillum huttiense	Bacteria
eab830fc-d2f5-4b1f-91e9-e2e130cac80e	863372	1.0	confident	Herbaspirillum huttiense	Bacteria
516dc36a-4710-4f6b-8300-f5e9f36b44e3	863372	1.0	confident	Herbaspirillum huttiense	Bacteria
49b48e75-88b5-496f-a503-d7c7e5e22199	863372	1.0	confident	Herbaspirillum huttiense	Bacteria
76c3e3af-ac0d-4709-bb3c-033b0c10b0dd	863372	1.0	confident	Herbaspirillum huttiense	Bacteria
cf8f967d-2d27-44a2-bfb2-adc013edab15	10003216	0.6732056906459952	medium	Sphingobium yanoikuyae	Bacteria
e03f9163-9a30-49c2-a9de-06f0ff4519ab	10003216	0.6732056906459949	medium	Sphingobium yanoikuyae	Bacteria
12764aee-20c4-4112-9f0c-7e1da30a5a8a	10003216	0.990887034076715	high	Sphingobium yanoikuyae	Bacteria
8743f49e-a2a0-484e-a154-d484b0d87d08	10003216	0.6732056906459952	medium	Sphingobium yanoikuyae	Bacteria
a4214814-f395-4683-aaf6-814dce83eb7b	10003216	0.6732056906459949	medium	Sphingobium yanoikuyae	Bacteria
ec90cabf-4047-4c39-b40d-960b4daff72f	10003216	0.6732056906459952	medium	Sphingobium yanoikuyae	Bacteria
a93d8805-fb17-4b99-8f3d-8118fa47dcd8	10003216	0.6732056906459952	medium	Sphingobium yanoikuyae	Bacteria
0d8c27d2-6001-408b-b290-7b3e5625c51c	10003216	0.6732056906459944	medium	Sphingobium yanoikuyae	Bacteria
62f56029-5354-4ef4-af29-d59bc6d77c33	10003216	0.6732056906459952	medium	Sphingobium yanoikuyae	Bacteria
065da112-48cc-4fcf-b9d5-7683e5caad46	10003216	0.6732056906459949	medium	Sphingobium yanoikuyae	Bacteria
12366741-cbe3-4aee-8e06-efd62748ff65	10003216	0.6732056906459944	medium	Sphingobium yanoikuyae	Bacteria
32dabf01-2ba0-4196-adbf-38db48b96f12	10003216	0.6732056906459952	medium	Sphingobium yanoikuyae	Bacteria
04592df7-c6e5-4417-8531-f84457a1ad0f	10003216	0.673205690645996	medium	Sphingobium yanoikuyae	Bacteria
a846eff5-8630-4450-ab7f-7488402f5824	10003216	0.6732056906459952	medium	Sphingobium yanoikuyae	Bacteria
82b7453e-3208-4543-89d3-7251f1fce005	10003216	0.6732056906459952	medium	Sphingobium yanoikuyae	Bacteria
cf91e8a4-2348-424f-a6e8-dd57718851f1	10003216	0.6732056906459952	medium	Sphingobium yanoikuyae	Bacteria
04277011-4b34-4a67-b642-97bfdc8ca5b1	10003216	0.6732056906459952	medium	Sphingobium yanoikuyae	Bacteria
4bb4c460-07c9-4891-adbf-c872e29adb91	10003216	0.6732056906459952	medium	Sphingobium yanoikuyae	Bacteria
f8c9e77e-73f5-451c-9b17-dfef1ff7788c	10003216	0.6732056906459952	medium	Sphingobium yanoikuyae	Bacteria
ca54733e-75bc-4dba-8f55-9212d80ca190	10003216	0.6732056906459952	medium	Sphingobium yanoikuyae	Bacteria
9594e6ca-ae46-48bc-bb3a-2d0627bcfc8d	10003216	0.6732056906459952	medium	Sphingobium yanoikuyae	Bacteria
c25996c6-b83b-45ee-a96a-5847d99dcc12	10003216	0.6732056906459952	medium	Sphingobium yanoikuyae	Bacteria
0d0cad53-dead-475a-89ad-98a37d0bc798	10003216	0.6732056906459949	medium	Sphingobium yanoikuyae	Bacteria
0a2a941e-090f-42e1-92ae-fa5703cfe5c0	10003216	0.6732056906459952	medium	Sphingobium yanoikuyae	Bacteria
8cf74bcd-77e8-49f6-b12b-1bf038447e8a	10003216	0.6732056906459952	medium	Sphingobium yanoikuyae	Bacteria
a6c4a341-db25-4747-8a62-6a75a15933b9	10003216	0.6732056906459944	medium	Sphingobium yanoikuyae	Bacteria
0b351fdd-a12d-40df-ac0c-24d4885b43e6	10003216	0.6732056906459952	medium	Sphingobium yanoikuyae	Bacteria
b3b1973b-062e-4a14-82ae-cd54f4227074	10003216	0.6732056906459952	medium	Sphingobium yanoikuyae	Bacteria
12ca08f8-0347-4c07-94ec-5d1043eab8a9	10003216	0.6732056906459949	medium	Sphingobium yanoikuyae	Bacteria
81917889-f6ba-4e1b-b45b-26dbe47b49cb	10003216	0.6732056906459952	medium	Sphingobium yanoikuyae	Bacteria
01028be7-cfa2-4ffe-b8c7-c8120df297a6	10003216	0.6732056906459952	medium	Sphingobium yanoikuyae	Bacteria
4c8a8302-267a-40de-9832-7a94ed47b2fc	10002616	1.0	confident	Laceyella sacchari	Bacteria
a2c17f0d-3b01-4e89-b1a0-9288485af245	10003216	0.6732056906459949	medium	Sphingobium yanoikuyae	Bacteria
c1b4d32a-e052-487f-ab92-9dc1dc10807b	10003216	0.6732056906459949	medium	Sphingobium yanoikuyae	Bacteria
37b499f7-f082-42b7-8664-792448951359	10003216	0.6732056906459952	medium	Sphingobium yanoikuyae	Bacteria
7cdc2ee6-73c8-4e2b-8461-553992d9592b	10003216	0.6732056906459952	medium	Sphingobium yanoikuyae	Bacteria
23ea1255-8690-454f-8517-fc975eac87bd	10003216	0.6732056906459949	medium	Sphingobium yanoikuyae	Bacteria
e34bc22d-3c22-4629-b477-ae290074a21c	10003216	0.6732056906459944	medium	Sphingobium yanoikuyae	Bacteria
9d8aad93-9070-42ac-aa7c-59c605eae677	10003216	0.673205690645996	medium	Sphingobium yanoikuyae	Bacteria
dda2d551-3fd4-48e4-9041-61e6222de671	10003216	0.6732056906459944	medium	Sphingobium yanoikuyae	Bacteria
a67ac2df-148b-47f8-a2ff-a36028507a01	10003216	0.6732056906459952	medium	Sphingobium yanoikuyae	Bacteria
1a7cbd41-86f9-48ed-8b8b-9e12db4e514b	10003216	0.6732056906459952	medium	Sphingobium yanoikuyae	Bacteria
8d3e4ef3-6b75-4884-b297-62125fa6e1d2	10003216	0.6732056906459952	medium	Sphingobium yanoikuyae	Bacteria
f4e74c23-634f-40b1-a45a-9fa02038a1e7	10003216	0.6732056906459952	medium	Sphingobium yanoikuyae	Bacteria
2cf04c4b-da38-4a6e-a76c-3ef9b05107c6	10003216	0.6732056906459952	medium	Sphingobium yanoikuyae	Bacteria
99ec7235-c36a-42c8-8483-263c03a6a0bb	10003216	0.6732056906459952	medium	Sphingobium yanoikuyae	Bacteria
6d0b72fc-399e-494b-8950-b9a481965e25	10003216	0.87851993212666	high	Sphingobium yanoikuyae	Bacteria
0cef8e86-43d7-42c8-92e6-dfd93f4016df	10003216	0.6732056906459952	medium	Sphingobium yanoikuyae	Bacteria
b2b3700c-7cf3-408e-adfb-de324a87d1b3	10003216	0.6732056906459952	medium	Sphingobium yanoikuyae	Bacteria
575700bd-780f-4811-acbb-fac3bd2c1c00	10003216	0.6732056906459952	medium	Sphingobium yanoikuyae	Bacteria
3b9101ea-4619-4090-bcea-293192876300	10003216	0.6732056906459944	medium	Sphingobium yanoikuyae	Bacteria
48cd458b-a5ec-4d35-93ee-b32096c7cd08	10003216	0.6732056906459952	medium	Sphingobium yanoikuyae	Bacteria
a77e6556-002d-4d32-87c1-a62b30ed511f	10003216	0.6732056906459952	medium	Sphingobium yanoikuyae	Bacteria
a0ae361c-5e51-408b-bde3-10d8c7ab23a3	10003216	0.6732056906459952	medium	Sphingobium yanoikuyae	Bacteria
240134a4-5a62-439c-87b1-0fdceacdb5ac	10003216	0.6732056906459944	medium	Sphingobium yanoikuyae	Bacteria
52e1bdfe-3615-4e2a-8273-59b450b7ab76	10003216	0.6732056906459949	medium	Sphingobium yanoikuyae	Bacteria
b89153c5-a99b-4732-92d5-fdf24b2342b9	10003216	0.6732056906459952	medium	Sphingobium yanoikuyae	Bacteria
ce0d34aa-f0d8-4bd9-9d87-678b36d24ad1	10003216	0.6732056906459952	medium	Sphingobium yanoikuyae	Bacteria
03b53dbc-5b05-4726-a9d6-5e0704f9d73a	10003216	0.6732056906459952	medium	Sphingobium yanoikuyae	Bacteria
2a398e75-253b-4909-8eb3-6f65d11635eb	10003216	0.6732056906459952	medium	Sphingobium yanoikuyae	Bacteria
0e3e5540-9eee-41ce-87e8-5576ea9b543d	10003216	0.6732056906459952	medium	Sphingobium yanoikuyae	Bacteria
048e24fe-e376-40f5-9fce-4517ba48c0ac	10003216	0.6732056906459952	medium	Sphingobium yanoikuyae	Bacteria
7733b264-d2a5-48a7-8d96-c4dd95171fb7	10003216	0.6732056906459952	medium	Sphingobium yanoikuyae	Bacteria
d22a473d-274a-41f2-a238-9d08e43f67ca	10003216	0.6732056906459944	medium	Sphingobium yanoikuyae	Bacteria
81ceb46f-4fb7-49fc-86a4-60dbaafd828e	10003216	0.6732056906459952	medium	Sphingobium yanoikuyae	Bacteria
ec356226-1fff-4738-8a67-f346ae845671	10003216	0.6732056906459952	medium	Sphingobium yanoikuyae	Bacteria
42f76cee-dd15-4ff0-a7e6-c3d04657820a	10003216	0.6732056906459952	medium	Sphingobium yanoikuyae	Bacteria
b9633faf-bbb0-433b-8631-ccc4948313f6	10003216	0.6732056906459952	medium	Sphingobium yanoikuyae	Bacteria
22a6618c-3582-42eb-b769-6c9100ccf6f9	10003216	0.6732056906459952	medium	Sphingobium yanoikuyae	Bacteria
601b1ed1-e7d6-49dc-9dd5-f7e1b34ea4fc	10003216	0.6732056906459952	medium	Sphingobium yanoikuyae	Bacteria
fa7c10f1-3759-4cb3-9e85-14daefdc89bb	10003216	0.6732056906459952	medium	Sphingobium yanoikuyae	Bacteria
0f165d41-5b62-41e6-af83-8b3b27f9c8c3	10003216	0.6732056906459944	medium	Sphingobium yanoikuyae	Bacteria
8c4c335e-07c8-46da-918b-6c7d48e3a892	10003216	0.6732056906459952	medium	Sphingobium yanoikuyae	Bacteria
f9c11190-61ff-497f-aed9-772503be084a	10003216	0.6732056906459944	medium	Sphingobium yanoikuyae	Bacteria
c0cb3af1-3639-4d3b-8010-31d02a5579d8	10003216	0.6732056906459952	medium	Sphingobium yanoikuyae	Bacteria
3fc17664-86af-4e87-99a7-bb70c97ea410	10003216	0.6732056906459949	medium	Sphingobium yanoikuyae	Bacteria
e07c2191-3a6f-488c-bc2f-a546a869e773	2565554	0.5287188892484955	medium	Sphingobium sp. PAMC28499	Bacteria
78f6b1f6-f700-403c-a83f-b97c82d8cb02	10003216	0.6732056906459949	medium	Sphingobium yanoikuyae	Bacteria
1a573b63-2070-4eb9-ab2e-25f109546915	10003216	0.6732056906459952	medium	Sphingobium yanoikuyae	Bacteria
e04816f3-c180-45f7-86e4-f462b4e2292c	10003216	0.6732056906459952	medium	Sphingobium yanoikuyae	Bacteria
821abc9c-7d05-41ed-a381-b9a3401d7337	10003216	0.6732056906459952	medium	Sphingobium yanoikuyae	Bacteria
a9c46674-ae23-487d-9fd1-3e821329d665	10003216	0.6732056906459949	medium	Sphingobium yanoikuyae	Bacteria
e2e3c320-ed61-4f93-a6e8-32c7f04b32e1	10003216	0.6732056906459952	medium	Sphingobium yanoikuyae	Bacteria
b9148805-036b-465d-a2d3-ce0bc699172f	10003216	0.6732056906459952	medium	Sphingobium yanoikuyae	Bacteria
daf7f90e-4b87-4ebd-a208-6303838536a3	10003216	0.6732056906459952	medium	Sphingobium yanoikuyae	Bacteria
3548b07c-8bef-4022-ab7d-bc5200f065b7	10003216	0.6732056906459944	medium	Sphingobium yanoikuyae	Bacteria
beb56504-05e8-46a6-8653-d14b9df1c6dc	10003216	0.6732056906459949	medium	Sphingobium yanoikuyae	Bacteria
49fa1ac9-48f9-4319-8931-de9119f297e3	10003216	0.6732056906459949	medium	Sphingobium yanoikuyae	Bacteria
c197158a-45aa-4e6a-835e-eba976254f5f	10003216	0.6732056906459949	medium	Sphingobium yanoikuyae	Bacteria
c6f55b38-96db-4e84-af2d-19b295e883e2	10003216	0.6732056906459952	medium	Sphingobium yanoikuyae	Bacteria
b5519c60-2df8-4144-bea2-9c238ce8a73e	10003216	0.6732056906459949	medium	Sphingobium yanoikuyae	Bacteria
eaa8fe6a-d381-4fda-9930-2fdfb9505e75	10003216	0.6732056906459944	medium	Sphingobium yanoikuyae	Bacteria
0ffc1bf2-750a-4207-ad3e-73ef00f4c366	10003216	0.6732056906459952	medium	Sphingobium yanoikuyae	Bacteria
38abb55c-e429-4037-913d-56379df024c8	10003216	0.7942280796497988	medium	Sphingobium yanoikuyae	Bacteria
d42510bc-4c72-4d07-a4aa-0defd8cb8dcf	10003216	0.6732056906459952	medium	Sphingobium yanoikuyae	Bacteria
d0b74ead-5173-4d01-b2ff-9776c875b090	10003216	0.6732056906459949	medium	Sphingobium yanoikuyae	Bacteria
7fa063bf-478f-46b9-aefe-b87152c9a431	10003216	0.6732056906459949	medium	Sphingobium yanoikuyae	Bacteria
674aa441-7899-46c9-aef9-5e2b0199486f	10003216	0.6732056906459952	medium	Sphingobium yanoikuyae	Bacteria
8750288d-e8c1-491e-905a-caeda57e9eef	10003216	0.6732056906459952	medium	Sphingobium yanoikuyae	Bacteria
12619c5a-9f5b-4cae-9573-ffd90c2de811	10003216	0.6732056906459952	medium	Sphingobium yanoikuyae	Bacteria
bd1d52f2-3426-4ee6-adb7-5f5547f6ccdc	10003216	0.6732056906459952	medium	Sphingobium yanoikuyae	Bacteria
ef9fc377-4654-41db-b756-8443eaf969b6	10003216	0.6732056906459952	medium	Sphingobium yanoikuyae	Bacteria
a531342f-3134-45d8-8091-a0688367400a	10003216	0.6732056906459952	medium	Sphingobium yanoikuyae	Bacteria
f9c36c8e-af73-47b0-b76c-8266e8286b42	10003216	0.6732056906459944	medium	Sphingobium yanoikuyae	Bacteria
18d7b084-afab-4217-96dd-8e6373317304	10003216	0.6732056906459952	medium	Sphingobium yanoikuyae	Bacteria
1ca1c14d-7a2c-43aa-824f-3073781ae0b6	10003216	0.6732056906459952	medium	Sphingobium yanoikuyae	Bacteria
b9d49e8b-8e69-492a-931c-9ebce4343e62	10003216	0.6732056906459952	medium	Sphingobium yanoikuyae	Bacteria
e0ad4a82-0d46-4d0e-afc9-3da58fa367fd	10003216	0.6732056906459952	medium	Sphingobium yanoikuyae	Bacteria
a86fa7e8-dc66-4121-8c25-0d01eff67096	10003216	0.6732056906459952	medium	Sphingobium yanoikuyae	Bacteria
1ecc4f23-8ef7-4033-9190-907086a5aae7	10003216	0.673205690645996	medium	Sphingobium yanoikuyae	Bacteria
0b0247ab-9eaa-48a7-9be9-6abceefd4825	10003216	0.6732056906459952	medium	Sphingobium yanoikuyae	Bacteria
8d3dea0c-9598-48cd-9f10-bcd257b68058	10003216	0.6732056906459952	medium	Sphingobium yanoikuyae	Bacteria
f1462fc9-15ca-46f2-b691-5d268e282b16	10003216	0.6732056906459952	medium	Sphingobium yanoikuyae	Bacteria
438ad89d-105d-4ba8-af57-c1bd0a3ad529	10003216	0.6732056906459952	medium	Sphingobium yanoikuyae	Bacteria
2db1a679-d875-435c-827c-f7623bb218ad	10003216	0.6732056906459952	medium	Sphingobium yanoikuyae	Bacteria
95141646-8b23-4096-bc14-e717bc4567f9	10003216	0.9432335243072428	high	Sphingobium yanoikuyae	Bacteria
da12e1b9-fb02-4bb1-b21c-40e0c5db439e	10003216	0.6732056906459944	medium	Sphingobium yanoikuyae	Bacteria
eb0eb37f-fb86-4b50-b892-318959bdb562	10003216	0.6732056906459949	medium	Sphingobium yanoikuyae	Bacteria
7b2774ab-3352-4613-abaa-58b0d17c1754	10003216	0.6732056906459952	medium	Sphingobium yanoikuyae	Bacteria
bd7ec9be-68f2-4b37-8629-b3740c02386b	10003216	0.6732056906459952	medium	Sphingobium yanoikuyae	Bacteria
a32b0599-cc4d-4349-b4dc-c055c0417a38	10003216	0.6732056906459944	medium	Sphingobium yanoikuyae	Bacteria
5198e424-a6ed-42e4-a405-14105cfb91eb	10003216	0.6732056906459944	medium	Sphingobium yanoikuyae	Bacteria
a2beaa6b-1247-4e4b-8075-7185d85fa358	10003216	0.6702200658931773	medium	Sphingobium yanoikuyae	Bacteria
1b4423f3-42b0-44e2-bd6c-af73ad3fea73	10003216	0.6732056906459952	medium	Sphingobium yanoikuyae	Bacteria
a2562540-cb41-467b-aa58-c1593bbd6a7e	10003216	0.6732056906459944	medium	Sphingobium yanoikuyae	Bacteria
21354ed1-685e-4dd2-8a67-1d165dbd709c	10003216	0.6732056906459952	medium	Sphingobium yanoikuyae	Bacteria
ed4fcd78-ed31-4eb5-8db3-7916e35856bc	10003216	0.6732056906459952	medium	Sphingobium yanoikuyae	Bacteria
cad337f8-75a1-435a-a848-7291edf7bcae	10003216	0.6732056906459952	medium	Sphingobium yanoikuyae	Bacteria
e33d102f-1b79-46bf-a16e-e70d84fa12d4	10003216	0.6732056906459952	medium	Sphingobium yanoikuyae	Bacteria
4920c045-3c7e-4a44-92de-554e40703f32	10003216	0.6732056906459952	medium	Sphingobium yanoikuyae	Bacteria
cebaaf92-a67a-452c-b86d-1fe658e67dc2	10003216	0.6732056906459951	medium	Sphingobium yanoikuyae	Bacteria
e22c7ff1-aca7-497a-9a50-47efac771f83	10003216	0.6732056906459952	medium	Sphingobium yanoikuyae	Bacteria
ee3c1a30-0ded-4da6-96fc-92adea6bc229	10003216	0.6732056906459952	medium	Sphingobium yanoikuyae	Bacteria
20404e62-5dfd-4ad1-8f2c-4a7dac90aeb5	10003216	0.6732056906459951	medium	Sphingobium yanoikuyae	Bacteria
7591916e-cf96-4e6f-9652-94d2b4534267	10003216	0.6732056906459944	medium	Sphingobium yanoikuyae	Bacteria
09e1abf6-a53e-4167-85f3-0923bafed75d	10003216	0.6732056906459949	medium	Sphingobium yanoikuyae	Bacteria
64cc0349-26ed-4bcb-b6f9-8d1342eb53b1	10003216	0.6732056906459949	medium	Sphingobium yanoikuyae	Bacteria
14efdd3a-9530-4907-9947-c6b1b4f6430c	2082188	0.6314882170092563	medium	Sphingobium sp. YG1	Bacteria
fd20d910-c070-4b09-910a-472ec79322f3	10003216	0.6732056906459944	medium	Sphingobium yanoikuyae	Bacteria
974a8a3a-ce56-4e43-bb4e-d31a1532b988	10003216	0.7942263626610441	medium	Sphingobium yanoikuyae	Bacteria
7f7a0a47-8253-474b-853b-a1169786b2c9	10003216	0.6732056906459952	medium	Sphingobium yanoikuyae	Bacteria
bc85fbf5-a0fc-41eb-9d73-10db060a779f	10003216	0.6732056906459952	medium	Sphingobium yanoikuyae	Bacteria
93b92259-c385-418d-8e68-ef8a48b860b1	10003216	0.6732056906459952	medium	Sphingobium yanoikuyae	Bacteria
4a6bd017-05f4-4c97-8b67-0727eaa8c167	10003216	0.5021233719400122	medium	Sphingobium yanoikuyae	Bacteria
dd9f9a10-a96c-476e-b2a3-3ac749c30c7b	10003216	0.6732056906459952	medium	Sphingobium yanoikuyae	Bacteria
18103a75-1ae1-490d-99a6-c118ef0c9755	10003216	0.6732056906459944	medium	Sphingobium yanoikuyae	Bacteria
427ae6a6-f873-4da8-932d-fcb3558f20c2	10003216	0.6732056906459952	medium	Sphingobium yanoikuyae	Bacteria
f3147289-290d-4786-bfc5-32c391d494f2	10003216	0.6732056906459952	medium	Sphingobium yanoikuyae	Bacteria
ad153592-5cfd-4488-90cd-8f79e257269e	10003216	0.6732056906459952	medium	Sphingobium yanoikuyae	Bacteria
4c6ae9c0-b04a-42f1-ade0-66cd6b0b309e	10003216	0.6732056906459949	medium	Sphingobium yanoikuyae	Bacteria
f17e9238-c249-40c8-9d40-9ac9945091ae	10003216	0.6732056906459952	medium	Sphingobium yanoikuyae	Bacteria
5a578096-c015-43fc-b552-0ded5b3e09a8	10003216	0.6732056906459952	medium	Sphingobium yanoikuyae	Bacteria
d2d4a254-c7e8-47aa-8cb4-1787c52d741a	10003216	0.6732056906459952	medium	Sphingobium yanoikuyae	Bacteria
5961d159-a63e-47b5-bc7b-a0e04a4177b1	2565554	0.6615690036215333	medium	Sphingobium sp. PAMC28499	Bacteria
6832a518-53c3-46a0-97a9-2ebcad1382b8	10003216	0.6732056906459944	medium	Sphingobium yanoikuyae	Bacteria
97011139-7930-4a71-b2c0-7600fd167dc9	10003216	0.6732056906459949	medium	Sphingobium yanoikuyae	Bacteria
bbfb8ecf-b281-4889-a767-fcac61d97973	10003216	0.6732056906459952	medium	Sphingobium yanoikuyae	Bacteria
34d7feae-8727-429b-9765-1d5f05e97691	10003216	0.6732056906459952	medium	Sphingobium yanoikuyae	Bacteria
1eed9e33-5e32-4fe3-bb06-356f3fdcfa56	10003216	0.6732056906459944	medium	Sphingobium yanoikuyae	Bacteria
d865d583-3339-41fc-adfb-edc9a50dc11b	10003216	0.6732056906459952	medium	Sphingobium yanoikuyae	Bacteria
22820459-df4a-4db9-8042-ceca0b41a7be	10003216	0.6732056906459952	medium	Sphingobium yanoikuyae	Bacteria
50c80a8c-9585-4498-9a74-517ebf0601f4	10003216	0.6732056906459952	medium	Sphingobium yanoikuyae	Bacteria
f6a341f4-ef9d-4364-8095-0d5c6de55057	10003216	0.6732056906459952	medium	Sphingobium yanoikuyae	Bacteria
2545fdb2-0aee-4d51-b394-1c6584998ac9	10003216	0.6732056906459944	medium	Sphingobium yanoikuyae	Bacteria
50b58488-512d-4540-8cb5-b47568235069	10003216	0.6732056906459952	medium	Sphingobium yanoikuyae	Bacteria
e26dd324-3f82-4dde-ace0-1d5d6f9f837a	10003216	0.6732056906459952	medium	Sphingobium yanoikuyae	Bacteria
f3d88aa1-daee-4557-9caf-baef52ca1460	10003216	0.6732056906459952	medium	Sphingobium yanoikuyae	Bacteria
8bb23eab-514a-4170-aa62-3c0976659890	10003216	0.6732056906459952	medium	Sphingobium yanoikuyae	Bacteria
83f4d955-26e5-4a24-84a8-f77ec4e006e9	10003216	0.6732056906459944	medium	Sphingobium yanoikuyae	Bacteria
677462cf-595b-45d7-b623-55dc6a97e42e	10003216	0.6732056906459976	medium	Sphingobium yanoikuyae	Bacteria
cc9b4678-b68f-47b5-bedb-cd91f04878a7	10003216	0.6732056906459944	medium	Sphingobium yanoikuyae	Bacteria
1ed56551-19e8-4c7c-ac63-511307f4365e	10003216	0.6732056906459949	medium	Sphingobium yanoikuyae	Bacteria
cce8e010-a8ff-4fa7-8e0e-6ff9da9dd0fd	10003216	0.6732056906459949	medium	Sphingobium yanoikuyae	Bacteria
15d797ef-3e24-4cbd-b328-1dc3824da368	433286	1.0	confident	Anaerocolumna cellulosilytica	Bacteria
a1f08f81-7a78-4a6a-bd29-4c65e048f0dd	433286	1.0	confident	Anaerocolumna cellulosilytica	Bacteria
fb312c79-fe1b-427c-9060-ea03d941c7b3	433286	1.0	confident	Anaerocolumna cellulosilytica	Bacteria
9f6468ca-be8d-480b-842c-52265a9d003f	433286	1.0	confident	Anaerocolumna cellulosilytica	Bacteria
ab07c465-981a-4053-a5bc-b5a7698dd5b9	433286	1.0	confident	Anaerocolumna cellulosilytica	Bacteria
6baab204-6757-496b-8d10-d766ed4a3239	433286	1.0	confident	Anaerocolumna cellulosilytica	Bacteria
94bbeb91-a51e-41e7-9d55-33b55b2d34e4	433286	1.0	confident	Anaerocolumna cellulosilytica	Bacteria
69da8168-f405-4d14-a1de-a5a9d92e54ca	433286	1.0	confident	Anaerocolumna cellulosilytica	Bacteria
cec8b002-487c-425e-92a6-5b751d4d9231	433286	1.0	confident	Anaerocolumna cellulosilytica	Bacteria
0a35d526-5952-4dee-91fd-dbbc756eb631	433286	1.0	confident	Anaerocolumna cellulosilytica	Bacteria
feeb3d1e-6564-4187-8289-c5f908fb4632	433286	1.0	confident	Anaerocolumna cellulosilytica	Bacteria
9e4e1161-e3f1-478a-9e6b-b99963f2fab6	433286	1.0	confident	Anaerocolumna cellulosilytica	Bacteria
268dbc47-5277-4816-83ae-38c2810d8ae6	433286	1.0	confident	Anaerocolumna cellulosilytica	Bacteria
f77fcb78-602e-4d59-ba83-96b8e8a664ae	433286	1.0	confident	Anaerocolumna cellulosilytica	Bacteria
d48bdc12-8bce-4f73-9aa6-e6294b8d8061	433286	1.0	confident	Anaerocolumna cellulosilytica	Bacteria
520e5d29-9554-4c32-abc4-7d5220346efb	433286	1.0	confident	Anaerocolumna cellulosilytica	Bacteria
0b11c604-7025-4be6-8fb9-e6e6961bf16e	433286	1.0	confident	Anaerocolumna cellulosilytica	Bacteria
164224d5-bb7d-4e9b-a730-37f89a1ee6b1	433286	1.0	confident	Anaerocolumna cellulosilytica	Bacteria
fe2c27cf-4edb-4558-ba25-1fd58f693b3b	433286	1.0	confident	Anaerocolumna cellulosilytica	Bacteria
60d48a76-bf1c-49b4-b519-fb75e33a2a64	433286	1.0	confident	Anaerocolumna cellulosilytica	Bacteria
3666b5a2-61ee-45db-a14a-3fe8f4e8a386	433286	1.0	confident	Anaerocolumna cellulosilytica	Bacteria
f6ce414a-7be0-45e1-99ef-7180155be8ca	433286	1.0	confident	Anaerocolumna cellulosilytica	Bacteria
6c55443a-f305-4853-8596-ff73d67f3052	433286	1.0	confident	Anaerocolumna cellulosilytica	Bacteria
453428e5-6522-4276-b25f-01a7f0297a13	433286	1.0	confident	Anaerocolumna cellulosilytica	Bacteria
8d95194b-1adc-48c9-97ef-865381915b67	433286	1.0	confident	Anaerocolumna cellulosilytica	Bacteria
10a01250-f63a-4e9c-aeb5-af3fb169dd63	433286	1.0	confident	Anaerocolumna cellulosilytica	Bacteria
cdf9ef29-b3f9-4c3c-a4e2-42ea59686a41	433286	1.0	confident	Anaerocolumna cellulosilytica	Bacteria
eb7fb998-2f9a-47e0-b63a-088d75635f41	433286	1.0	confident	Anaerocolumna cellulosilytica	Bacteria
48cbd5bf-ef6d-490d-929a-51ce4798d20a	433286	1.0	confident	Anaerocolumna cellulosilytica	Bacteria
93058ae5-ce46-40e6-9842-e6172ffd0ed5	433286	1.0	confident	Anaerocolumna cellulosilytica	Bacteria
173df853-0716-4d6d-a68b-64cd453ed070	433286	1.0	confident	Anaerocolumna cellulosilytica	Bacteria
9359255c-8ab4-4b31-a449-8771baed3f06	433286	1.0	confident	Anaerocolumna cellulosilytica	Bacteria
430194ba-e60b-47de-be1d-aeeea258ae27	433286	1.0	confident	Anaerocolumna cellulosilytica	Bacteria
17cf8f3d-4994-4eae-b608-345408e04ab1	433286	1.0	confident	Anaerocolumna cellulosilytica	Bacteria
b5ea7044-275f-4d15-92eb-e036c7b1aea5	433286	1.0	confident	Anaerocolumna cellulosilytica	Bacteria
edcc31b3-46b4-4277-ae37-cdeecfe403a2	433286	1.0	confident	Anaerocolumna cellulosilytica	Bacteria
e8e816ad-3c4b-4dc5-a03a-963427c6509d	433286	1.0	confident	Anaerocolumna cellulosilytica	Bacteria
6cee88e7-fd96-483a-9c1d-ac4c2d8e410d	433286	1.0	confident	Anaerocolumna cellulosilytica	Bacteria
658e3ed8-1a4b-40aa-b121-75513a43acdd	433286	1.0	confident	Anaerocolumna cellulosilytica	Bacteria
f0acf2d8-7bd0-4e19-b566-73c2aff72791	433286	1.0	confident	Anaerocolumna cellulosilytica	Bacteria
6e5b24ed-d3b7-4707-a049-e497da91df7f	433286	1.0	confident	Anaerocolumna cellulosilytica	Bacteria
e91c21da-9ce3-4ebf-bf69-ce04515739e8	433286	1.0	confident	Anaerocolumna cellulosilytica	Bacteria
f418055b-ab8c-4075-9761-8dfa14813b44	433286	1.0	confident	Anaerocolumna cellulosilytica	Bacteria
97aa728c-f2c0-4331-b515-f3317636395d	433286	1.0	confident	Anaerocolumna cellulosilytica	Bacteria
1f029fad-59f5-4b18-8dd8-5d6b5f84107b	433286	1.0	confident	Anaerocolumna cellulosilytica	Bacteria
3ea18a75-9e7e-44eb-9e82-da28292a24ce	433286	1.0	confident	Anaerocolumna cellulosilytica	Bacteria
f45cf85b-93a5-41fd-a243-c702137318fc	433286	1.0	confident	Anaerocolumna cellulosilytica	Bacteria
2b5e5605-0354-4114-9fce-64008fc58e72	433286	1.0	confident	Anaerocolumna cellulosilytica	Bacteria
ed7377ee-c048-42aa-8e66-9ba0f45c0e30	433286	1.0	confident	Anaerocolumna cellulosilytica	Bacteria
a807c1e5-5617-4dc7-ac0b-113d24cc22b5	433286	1.0	confident	Anaerocolumna cellulosilytica	Bacteria
886e9334-885e-40de-9d38-2e4d90c23429	433286	1.0	confident	Anaerocolumna cellulosilytica	Bacteria
077a1310-50ce-45be-b083-1bf815b32c9c	433286	1.0	confident	Anaerocolumna cellulosilytica	Bacteria
d8927c96-294f-4b27-a288-c3e1ca6d02d8	433286	1.0	confident	Anaerocolumna cellulosilytica	Bacteria
6534daa3-60ac-4823-ab6c-388d96f8598e	433286	1.0	confident	Anaerocolumna cellulosilytica	Bacteria
cf1c4a3b-077b-4a4e-915d-df9c46f3f7d4	433286	1.0	confident	Anaerocolumna cellulosilytica	Bacteria
526ab6dd-9f37-4cb0-9755-cc44bf54098c	433286	1.0	confident	Anaerocolumna cellulosilytica	Bacteria
0d8e6a9a-61d4-40f5-8588-05382fe5ba5f	433286	1.0	confident	Anaerocolumna cellulosilytica	Bacteria
3366f534-a297-4a92-83c8-a95c7a3f2930	433286	1.0	confident	Anaerocolumna cellulosilytica	Bacteria
c743284c-2966-4457-81ff-afc55ce5042d	433286	1.0	confident	Anaerocolumna cellulosilytica	Bacteria
6b26f6e2-347e-4322-9fa5-cf14731acfe0	433286	1.0	confident	Anaerocolumna cellulosilytica	Bacteria
b1978a8c-c66b-4abe-b484-21e5ad6c0ad6	433286	1.0	confident	Anaerocolumna cellulosilytica	Bacteria
33560d2e-f89f-477c-9609-38196569526e	433286	1.0	confident	Anaerocolumna cellulosilytica	Bacteria
89819dc7-5f3e-4337-a12c-0ad4851c3be7	433286	1.0	confident	Anaerocolumna cellulosilytica	Bacteria
15352c17-586a-472b-b2d2-7e90b3ce4e9e	433286	1.0	confident	Anaerocolumna cellulosilytica	Bacteria
3313aa6e-5334-40f4-ae66-8dd6f3a3e1cc	433286	1.0	confident	Anaerocolumna cellulosilytica	Bacteria
c3979214-e327-4f70-97a5-49b2bcb5dc9a	433286	1.0	confident	Anaerocolumna cellulosilytica	Bacteria
e6543aea-7aa6-4e8b-bfc4-73a5b25e952b	433286	1.0	confident	Anaerocolumna cellulosilytica	Bacteria
7d17c326-d70f-46cc-bce7-3c3ccce98428	433286	1.0	confident	Anaerocolumna cellulosilytica	Bacteria
8b79cb29-524f-4a26-83cf-d327d133a488	433286	1.0	confident	Anaerocolumna cellulosilytica	Bacteria
58e41c87-b175-4c6e-b040-fc671ce3f8de	433286	1.0	confident	Anaerocolumna cellulosilytica	Bacteria
abfceaa5-c424-4334-a1f3-7b00376869ad	433286	1.0	confident	Anaerocolumna cellulosilytica	Bacteria
ccf1d5cc-e32e-4123-990f-5a004b4d4524	433286	1.0	confident	Anaerocolumna cellulosilytica	Bacteria
1527a765-171d-4343-a9c6-f2d956cfe23f	433286	1.0	confident	Anaerocolumna cellulosilytica	Bacteria
52b23732-5c4e-4dcf-ac9c-fdb10326f982	433286	1.0	confident	Anaerocolumna cellulosilytica	Bacteria
2e9696e8-48ac-4f5f-b37e-5e8690cd66cf	433286	1.0	confident	Anaerocolumna cellulosilytica	Bacteria
419ae46a-c801-42a5-aa29-45c0328a7934	433286	1.0	confident	Anaerocolumna cellulosilytica	Bacteria
1ad7429d-4581-4ab8-ba30-200ee72dd927	433286	1.0	confident	Anaerocolumna cellulosilytica	Bacteria
03a35682-426d-475f-a226-0018e75b5659	433286	1.0	confident	Anaerocolumna cellulosilytica	Bacteria
b224a3ad-4abb-4742-8ed8-1efb8cde349e	433286	1.0	confident	Anaerocolumna cellulosilytica	Bacteria
b5a4f5d5-9e91-4bb5-9aa4-4a9f445bfd12	433286	1.0	confident	Anaerocolumna cellulosilytica	Bacteria
854d020a-4ecb-43d5-9410-2dc880319431	433286	1.0	confident	Anaerocolumna cellulosilytica	Bacteria
09d8a734-75c5-4d84-88f6-7c387cb1d79e	433286	1.0	confident	Anaerocolumna cellulosilytica	Bacteria
4ab680af-2e9d-4b2c-8999-837174df78d9	433286	1.0	confident	Anaerocolumna cellulosilytica	Bacteria
920ab846-26c1-481e-b100-e653a01d8a20	433286	1.0	confident	Anaerocolumna cellulosilytica	Bacteria
21f4b9bd-72e2-4536-8dc0-6dd6d78f2a56	433286	1.0	confident	Anaerocolumna cellulosilytica	Bacteria
d0dfdfc2-514c-4825-b99e-cf143d61267a	433286	1.0	confident	Anaerocolumna cellulosilytica	Bacteria
e7b2b70d-7f14-451f-b475-0098b2426788	433286	1.0	confident	Anaerocolumna cellulosilytica	Bacteria
f2d814f1-73b1-44cb-bcf8-43191f37e9e3	433286	1.0	confident	Anaerocolumna cellulosilytica	Bacteria
9278d32f-a2df-4415-94b8-84cb2e41c4ff	433286	1.0	confident	Anaerocolumna cellulosilytica	Bacteria
c3fcf27a-fd95-4423-b2bc-1d4cbaf06c08	433286	1.0	confident	Anaerocolumna cellulosilytica	Bacteria
a3645d89-6f10-4a19-b77b-165a278d1b09	433286	1.0	confident	Anaerocolumna cellulosilytica	Bacteria
a9a35532-bc69-4f57-9401-89f1474f872f	433286	1.0	confident	Anaerocolumna cellulosilytica	Bacteria
9aca3b9b-ea99-4059-9931-2c592265fc4f	433286	1.0	confident	Anaerocolumna cellulosilytica	Bacteria
bbdef807-35d5-41c8-98fe-d23380be3a12	433286	1.0	confident	Anaerocolumna cellulosilytica	Bacteria
2b4e5310-c645-464b-9569-b86aef6669e6	433286	1.0	confident	Anaerocolumna cellulosilytica	Bacteria
bb7573f7-ab09-471e-9de9-dd15270a65ce	433286	1.0	confident	Anaerocolumna cellulosilytica	Bacteria
cb813fa2-fac2-4885-aec8-daf18eae28d8	433286	1.0	confident	Anaerocolumna cellulosilytica	Bacteria
683144fe-88dd-4b98-9c6b-c72b3655e627	433286	1.0	confident	Anaerocolumna cellulosilytica	Bacteria
29973c79-730c-44ad-8528-eb970e340f4d	433286	1.0	confident	Anaerocolumna cellulosilytica	Bacteria
bc8a9da8-e1be-4846-af07-5b7c9445b6cd	433286	1.0	confident	Anaerocolumna cellulosilytica	Bacteria
7a07e727-c0ff-4ea9-a110-d1fbbb752f55	433286	1.0	confident	Anaerocolumna cellulosilytica	Bacteria
10314c67-cf23-4f60-96d6-58c61cf0976b	433286	1.0	confident	Anaerocolumna cellulosilytica	Bacteria
5aed0c0d-13cd-4ac6-9413-d6a39c4edc0e	433286	1.0	confident	Anaerocolumna cellulosilytica	Bacteria
861f84fa-8e42-4810-9b9d-ba6c74397e87	433286	1.0	confident	Anaerocolumna cellulosilytica	Bacteria
a9278bad-dc3a-4969-8985-81c0a3160ae1	433286	1.0	confident	Anaerocolumna cellulosilytica	Bacteria
8d313787-1417-44e0-8e24-aa320672528d	433286	1.0	confident	Anaerocolumna cellulosilytica	Bacteria
6a2214d3-814c-402e-9b65-cf55a52905d0	433286	1.0	confident	Anaerocolumna cellulosilytica	Bacteria
f2f5d37a-5f0d-4fe6-8608-e5cfbd5d9522	433286	1.0	confident	Anaerocolumna cellulosilytica	Bacteria
7b159438-7d98-48ea-84ad-59d1f98f932a	433286	1.0	confident	Anaerocolumna cellulosilytica	Bacteria
c7a73096-cd04-49ec-beeb-30adaa1a0021	433286	1.0	confident	Anaerocolumna cellulosilytica	Bacteria
e35046a4-15c9-4d51-a549-4ef1a975b582	433286	1.0	confident	Anaerocolumna cellulosilytica	Bacteria
fdc82dbf-cee7-4736-96e7-af3e6f9df7de	433286	1.0	confident	Anaerocolumna cellulosilytica	Bacteria
9289861d-8930-49b7-92bf-55bdabbdd4a2	433286	1.0	confident	Anaerocolumna cellulosilytica	Bacteria
dbdeddc3-f83d-4118-bd1e-5475c9f8213a	433286	1.0	confident	Anaerocolumna cellulosilytica	Bacteria
1ec52479-d486-4d8e-b68c-76e703563593	433286	1.0	confident	Anaerocolumna cellulosilytica	Bacteria
7bf9f8cf-5636-4afa-be7a-c11c863fe11a	433286	1.0	confident	Anaerocolumna cellulosilytica	Bacteria
15b3d85b-1c2f-429f-922d-99a69b68b79f	433286	1.0	confident	Anaerocolumna cellulosilytica	Bacteria
9e97021c-e968-468a-ac87-78ecc3d26c15	433286	1.0	confident	Anaerocolumna cellulosilytica	Bacteria
bed2d6d8-fbb9-4c61-a480-d1ccd76ee94f	433286	1.0	confident	Anaerocolumna cellulosilytica	Bacteria
8eca820b-6242-4ba0-bc69-32d87394f313	433286	1.0	confident	Anaerocolumna cellulosilytica	Bacteria
9e944ad0-53d4-4dfd-89c6-7f54cb159841	433286	1.0	confident	Anaerocolumna cellulosilytica	Bacteria
9211592d-78ef-498f-ae45-3bcca9824be3	433286	1.0	confident	Anaerocolumna cellulosilytica	Bacteria
c675d931-676a-4a65-82b6-1afdf040f60e	433286	1.0	confident	Anaerocolumna cellulosilytica	Bacteria
009d4ff7-dc3d-4c1f-acae-4f1264f15abe	433286	1.0	confident	Anaerocolumna cellulosilytica	Bacteria
316b1394-d613-42e3-9c1e-e6dd5cebae4a	433286	1.0	confident	Anaerocolumna cellulosilytica	Bacteria
4f0b3bad-1bb9-40f7-9554-9d86113e7a96	433286	1.0	confident	Anaerocolumna cellulosilytica	Bacteria
8bddad9f-d72b-4f80-84dd-0fdc873fb347	433286	1.0	confident	Anaerocolumna cellulosilytica	Bacteria
1087f4c3-4810-4bbd-93ef-4efb3c6e7191	433286	1.0	confident	Anaerocolumna cellulosilytica	Bacteria
39db5d36-b270-4926-8db4-ab75e74dbf2d	433286	1.0	confident	Anaerocolumna cellulosilytica	Bacteria
2112f557-8f85-4c3c-bc5c-c3c2af667fce	433286	1.0	confident	Anaerocolumna cellulosilytica	Bacteria
7156829d-7506-42d3-b378-76784169e266	433286	1.0	confident	Anaerocolumna cellulosilytica	Bacteria
32117e57-1bc0-4b22-93db-125a29a0628d	433286	1.0	confident	Anaerocolumna cellulosilytica	Bacteria
3a43f1db-619b-4e5a-9d80-11199338d52c	433286	1.0	confident	Anaerocolumna cellulosilytica	Bacteria
454e2fad-4d45-47cc-9592-f80ec4525fb7	433286	1.0	confident	Anaerocolumna cellulosilytica	Bacteria
e0107357-4d66-4fcb-9582-c56f43f69e69	433286	1.0	confident	Anaerocolumna cellulosilytica	Bacteria
ea07959a-679f-4e7b-a2dc-af67fc6016a4	433286	1.0	confident	Anaerocolumna cellulosilytica	Bacteria
aae5198f-6da3-42a1-9b4c-4fcb7f0f9663	433286	1.0	confident	Anaerocolumna cellulosilytica	Bacteria
984c4b75-f49b-4710-af45-8e1040e227ee	433286	1.0	confident	Anaerocolumna cellulosilytica	Bacteria
c166646c-e09a-47ce-a676-7fc6e02995b0	433286	1.0	confident	Anaerocolumna cellulosilytica	Bacteria
06f164df-ff46-4808-b926-35f6936db117	433286	1.0	confident	Anaerocolumna cellulosilytica	Bacteria
b45c72e2-cc3f-45b0-9206-0af00c6204b7	433286	1.0	confident	Anaerocolumna cellulosilytica	Bacteria
1cb2e3ee-2230-4a1b-9c44-fa489b1ca85a	433286	1.0	confident	Anaerocolumna cellulosilytica	Bacteria
fa6b9f56-28ad-4280-8ac7-e699a71ab5c4	433286	1.0	confident	Anaerocolumna cellulosilytica	Bacteria
94738487-781f-4dda-a77a-dbf954d1924f	433286	1.0	confident	Anaerocolumna cellulosilytica	Bacteria
aeba0aae-4eaa-4c02-bd90-31210798d57e	433286	1.0	confident	Anaerocolumna cellulosilytica	Bacteria
5f7b3c56-0065-4dee-816c-4aa05bc65b31	433286	1.0	confident	Anaerocolumna cellulosilytica	Bacteria
f9b27d84-41d7-439d-98e8-0742835234fd	945844	1.0	confident	Massilia oculi	Bacteria
20d4456f-fb55-47a8-b848-c0f699e5fb28	945844	1.0	confident	Massilia oculi	Bacteria
c8634c64-441f-476f-bc4c-3c29172db35e	945844	1.0	confident	Massilia oculi	Bacteria
9c7c1e0a-961a-4494-9460-78beadef13e8	945844	1.0	confident	Massilia oculi	Bacteria
70327935-3059-4bb5-bfec-ceb730be35dd	945844	1.0	confident	Massilia oculi	Bacteria
7264e7e4-4311-4e2c-9478-af7a9c48f339	945844	1.0	confident	Massilia oculi	Bacteria
e31fd8b0-27b8-437c-9f0a-835f4d262db9	945844	1.0	confident	Massilia oculi	Bacteria
c6299a08-85c2-4430-82b1-73fcccbb6630	945844	1.0	confident	Massilia oculi	Bacteria
fc973958-471c-4f6d-9a6e-4eb20ec1b8c7	945844	1.0	confident	Massilia oculi	Bacteria
a96c73b8-70cb-4111-9b99-dcf1d0c26b49	945844	1.0	confident	Massilia oculi	Bacteria
51f00e7e-02b0-4445-868d-e7ef1a3c71ba	945844	1.0	confident	Massilia oculi	Bacteria
f485844f-34a0-4609-b497-ffe64d56a9ea	945844	1.0	confident	Massilia oculi	Bacteria
70127b52-d8fe-4a06-81dd-8335de606a50	945844	1.0	confident	Massilia oculi	Bacteria
515d8d75-9f13-4b6a-a6af-87bb7c08b931	945844	1.0	confident	Massilia oculi	Bacteria
5305742b-cdf4-4d30-974a-94caf7ad3872	945844	1.0	confident	Massilia oculi	Bacteria
bfbd4421-ad48-49db-be8d-32663e9e5a48	945844	1.0	confident	Massilia oculi	Bacteria
aea0dd31-c60d-4f02-b8f2-d12389479921	945844	1.0	confident	Massilia oculi	Bacteria
9bfdd829-60be-465c-9b92-15cd6bf2fb72	945844	1.0	confident	Massilia oculi	Bacteria
ada18295-bf9c-4ddf-9e07-c0ec882f784b	945844	1.0	confident	Massilia oculi	Bacteria
08cf1c0f-2a50-448f-b8c8-955feb1ad0f3	945844	1.0	confident	Massilia oculi	Bacteria
466203ba-cb21-4b31-b8f1-51171631e865	945844	1.0	confident	Massilia oculi	Bacteria
e5ffe94e-523a-4aa1-b9b7-33d651298d90	945844	1.0	confident	Massilia oculi	Bacteria
43aa480b-444a-4966-b1cf-f97b42d2f15d	945844	1.0	confident	Massilia oculi	Bacteria
a719360b-7a0e-459a-b322-cb9d2d08a20e	945844	1.0	confident	Massilia oculi	Bacteria
bbff7765-9b01-4c51-9cf0-aa28c6855e81	945844	1.0	confident	Massilia oculi	Bacteria
0579cc93-2971-438c-ba8f-89681f7e2618	945844	1.0	confident	Massilia oculi	Bacteria
7a64f7c5-a85c-4945-bd1d-77f6be42eaa2	945844	1.0	confident	Massilia oculi	Bacteria
178e729f-389d-4819-a059-f32cc09d2ebd	945844	1.0	confident	Massilia oculi	Bacteria
bf591289-006f-4485-8292-7e41846c4ab0	945844	1.0	confident	Massilia oculi	Bacteria
c0e027a6-b0de-4b81-b465-9bbc3f80345b	945844	1.0	confident	Massilia oculi	Bacteria
8b196238-b285-40a0-88cc-c5a9c000a0a6	945844	1.0	confident	Massilia oculi	Bacteria
92908f85-1ed8-4cb6-a1ee-7c4469fbd487	945844	1.0	confident	Massilia oculi	Bacteria
f6c0fdec-c323-4815-b3c5-ce3f1e41ab28	945844	1.0	confident	Massilia oculi	Bacteria
2e140c52-6e8a-4318-ac2e-14727931fe5a	945844	1.0	confident	Massilia oculi	Bacteria
1498365e-9324-4ded-929d-e6596ada2253	945844	1.0	confident	Massilia oculi	Bacteria
c39f0586-f86a-4474-998f-b5e96e233563	945844	1.0	confident	Massilia oculi	Bacteria
c8702f87-69e8-43d3-8b04-03743370bb46	945844	1.0	confident	Massilia oculi	Bacteria
affc9a7f-3434-41ce-94d3-fdfcb61acdc4	945844	1.0	confident	Massilia oculi	Bacteria
2d17b2e9-6067-484e-98ce-9520143714a9	945844	1.0	confident	Massilia oculi	Bacteria
5175d662-d487-4057-93e1-cb16413cb868	945844	1.0	confident	Massilia oculi	Bacteria
df5e30da-721e-4c84-aac6-c098c68943e3	945844	1.0	confident	Massilia oculi	Bacteria
38b02f5b-031a-432a-98d3-9469b7c7f92b	945844	1.0	confident	Massilia oculi	Bacteria
140a26e3-6472-4298-a57c-2dc91a8d6665	945844	1.0	confident	Massilia oculi	Bacteria
0f8823e8-e429-429e-a6ec-119b04a1767a	945844	1.0	confident	Massilia oculi	Bacteria
b9dc7459-eb59-4946-9888-0441d22dcc13	945844	1.0	confident	Massilia oculi	Bacteria
0c44c9b2-7f57-4984-bede-4e13168b6a61	945844	1.0	confident	Massilia oculi	Bacteria
6c37afe5-da0a-4a15-861c-68ba4a5e30c1	945844	1.0	confident	Massilia oculi	Bacteria
0751532f-911c-4964-8bf0-b6ea8ee42cc7	945844	1.0	confident	Massilia oculi	Bacteria
ed593401-8847-4608-80a8-db48d3c7f43b	945844	1.0	confident	Massilia oculi	Bacteria
f2d78a88-6891-4e05-8875-43a276054e6d	945844	1.0	confident	Massilia oculi	Bacteria
4c23dcfb-f448-455f-bde7-393c19bb4dac	945844	1.0	confident	Massilia oculi	Bacteria
3b9e1bb0-2546-48c9-800a-15487a788830	945844	1.0	confident	Massilia oculi	Bacteria
1637ee5e-d867-45b3-adc2-35bc0f3cbecc	945844	1.0	confident	Massilia oculi	Bacteria
192559ac-6d54-4cef-b997-c00d8a1db136	945844	1.0	confident	Massilia oculi	Bacteria
d401c247-a67e-4ac9-914b-25346bcaf11f	945844	1.0	confident	Massilia oculi	Bacteria
717d9206-b39e-490a-85c0-c9e45a3b9c4f	945844	1.0	confident	Massilia oculi	Bacteria
35ec0dde-92b1-4ccb-9870-8cd926d31fbc	945844	1.0	confident	Massilia oculi	Bacteria
4958eccb-2d58-46b6-bde4-d2da1c1397a2	945844	1.0	confident	Massilia oculi	Bacteria
5599e0dd-521a-4f65-b2df-bb3a67eceebf	945844	1.0	confident	Massilia oculi	Bacteria
89fe8e7e-cd19-4e47-99a5-5f6a04c41cef	945844	1.0	confident	Massilia oculi	Bacteria
7aea8419-56ac-4955-b61e-70f0c52ecd40	945844	1.0	confident	Massilia oculi	Bacteria
df97f690-84ff-4928-bc2d-cf15d6acf8b4	945844	1.0	confident	Massilia oculi	Bacteria
4f3274f0-1fcd-4c34-b55d-0c083f7170c3	945844	1.0	confident	Massilia oculi	Bacteria
d94ee3a1-3f25-40d3-bbc1-83e62cefcf6a	945844	1.0	confident	Massilia oculi	Bacteria
c7e19367-2b31-455c-9e86-3b24114c55ef	945844	1.0	confident	Massilia oculi	Bacteria
246e9dcf-9520-41f5-a606-e81a009b6ca2	945844	1.0	confident	Massilia oculi	Bacteria
755e82fb-18a0-4455-a70c-57984b8a2d9b	945844	1.0	confident	Massilia oculi	Bacteria
e5c92f8c-1b73-4626-9ef1-953e053fa7a5	945844	1.0	confident	Massilia oculi	Bacteria
71f35056-7271-4f18-8dfc-2d513b3013e9	945844	1.0	confident	Massilia oculi	Bacteria
30d53a8b-4a44-49e8-8a23-fb359713b319	945844	1.0	confident	Massilia oculi	Bacteria
22753029-5c2b-4b90-ad89-9ed6632e7c16	945844	1.0	confident	Massilia oculi	Bacteria
f42bf8c7-545a-4127-9c52-af270a8e7531	945844	1.0	confident	Massilia oculi	Bacteria
0c349ae6-a30b-4f7b-b512-ea6e62525d5d	945844	1.0	confident	Massilia oculi	Bacteria
9ace4f25-17a1-4603-8ac7-b04037691cfa	945844	1.0	confident	Massilia oculi	Bacteria
07663117-1861-4b3b-96e7-bef50ee72689	945844	1.0	confident	Massilia oculi	Bacteria
e2a78e65-7e40-437e-a99e-a1994639c246	945844	1.0	confident	Massilia oculi	Bacteria
d43df8e6-b2ee-4116-8c35-12e2c54cd30b	945844	1.0	confident	Massilia oculi	Bacteria
74a3a5d7-e968-4852-92ef-63a4c5b6657a	945844	1.0	confident	Massilia oculi	Bacteria
0d5182fa-2258-40c8-83dc-224c4f3deb5b	945844	1.0	confident	Massilia oculi	Bacteria
de003840-f01a-4820-bb73-4b92732de6ee	945844	1.0	confident	Massilia oculi	Bacteria
0e1dcf2c-4358-495c-8ece-433405882810	945844	1.0	confident	Massilia oculi	Bacteria
5bf02c5d-a7da-422e-9552-f7879da943e7	945844	1.0	confident	Massilia oculi	Bacteria
369c9808-9b31-4379-b179-6a43fb61041a	945844	1.0	confident	Massilia oculi	Bacteria
f8a17d4f-701a-4d46-b955-b43ce938b97e	945844	1.0	confident	Massilia oculi	Bacteria
292712e3-c865-4359-8acb-f1ef45712636	945844	1.0	confident	Massilia oculi	Bacteria
3800ab42-b3bf-4ac7-9f49-5b9a27147cba	945844	1.0	confident	Massilia oculi	Bacteria
8c693fb6-e6b4-439a-82ef-a0721b9a4a3a	945844	1.0	confident	Massilia oculi	Bacteria
6bab1a35-b68a-473f-8b18-fbff4857dfff	945844	1.0	confident	Massilia oculi	Bacteria
d13c1075-86eb-4f34-92b8-1f7389395176	945844	1.0	confident	Massilia oculi	Bacteria
d471e9bf-b9da-4c6e-89da-65b8caaa384d	945844	1.0	confident	Massilia oculi	Bacteria
bd8ecfc6-7af1-4fed-bd78-0fabd237289d	945844	1.0	confident	Massilia oculi	Bacteria
20b3559a-1dbb-460b-8aff-14617b4cc83e	945844	1.0	confident	Massilia oculi	Bacteria
0247e1da-20b8-4fb6-851b-f3aebd430656	945844	1.0	confident	Massilia oculi	Bacteria
b69c0de8-ad61-4e4b-a737-7fcfb149ff45	945844	1.0	confident	Massilia oculi	Bacteria
ab8491b6-d15d-4bc2-8265-182513f7fb0d	945844	1.0	confident	Massilia oculi	Bacteria
f6497986-b7e2-49d4-ab25-638f528ea149	945844	1.0	confident	Massilia oculi	Bacteria
cffd7343-6c9b-489c-bc86-c1d3c875685b	945844	1.0	confident	Massilia oculi	Bacteria
7c8e3a61-ad6c-4ab8-8dd8-de0f8ae69b7c	945844	1.0	confident	Massilia oculi	Bacteria
abb77cbe-055b-42b5-bb08-8d35249645b2	945844	1.0	confident	Massilia oculi	Bacteria
e750f959-ee72-49ff-8487-c4477a40722d	945844	1.0	confident	Massilia oculi	Bacteria
a59c5e69-da27-4ae2-b4b7-22695b731119	945844	1.0	confident	Massilia oculi	Bacteria
435385f3-de3f-4dd4-85c0-f6a7690ce8aa	945844	1.0	confident	Massilia oculi	Bacteria
c0ad3e02-63db-4283-8ae5-03ddd06288de	945844	1.0	confident	Massilia oculi	Bacteria
7e24101e-615e-46ad-8ec7-6c5a9ec3993b	945844	1.0	confident	Massilia oculi	Bacteria
9717d398-c155-4574-938c-c39d5cf58a70	945844	1.0	confident	Massilia oculi	Bacteria
4d04f699-ff79-4d9f-8459-9d2b8243aff1	945844	1.0	confident	Massilia oculi	Bacteria
f2e6ffae-0046-4b71-aa7e-8c4b6bf39eb0	945844	1.0	confident	Massilia oculi	Bacteria
2a0fd128-0851-44af-8168-3cdaecd0c8b7	945844	1.0	confident	Massilia oculi	Bacteria
5e53adfc-a928-48fd-b828-a260a0fb4c35	945844	1.0	confident	Massilia oculi	Bacteria
82eb06d7-75b5-4495-a1f4-e773381e09b9	945844	1.0	confident	Massilia oculi	Bacteria
2bcb1577-ec06-46e0-8d8b-4b6e41e1c99d	945844	1.0	confident	Massilia oculi	Bacteria
e7b2e1da-c34a-41fa-a6e7-dd056c030727	945844	1.0	confident	Massilia oculi	Bacteria
495314af-c13f-4c38-9740-541673779730	945844	1.0	confident	Massilia oculi	Bacteria
5f192e3a-40c9-478b-867d-77f9b2226645	945844	1.0	confident	Massilia oculi	Bacteria
0c85ead6-be43-467a-9163-de74ab94b7a5	945844	1.0	confident	Massilia oculi	Bacteria
7b4b0b11-9636-4c09-b4fe-5ab4dd863b13	945844	1.0	confident	Massilia oculi	Bacteria
14aea2fe-1e0c-4699-b8ef-918f2b4724e2	945844	1.0	confident	Massilia oculi	Bacteria
7df658a2-4df9-4013-a415-4cea3a11726e	945844	1.0	confident	Massilia oculi	Bacteria
05383cd7-994e-43e4-8ac4-ea0fd3d6cec8	945844	1.0	confident	Massilia oculi	Bacteria
12254c1c-439b-4c3c-a3ba-c1fd2eef12b2	945844	1.0	confident	Massilia oculi	Bacteria
fbfba648-c116-4478-8664-f5e1572088b9	945844	1.0	confident	Massilia oculi	Bacteria
1f510111-89a9-446a-867d-0398c3f8c967	945844	1.0	confident	Massilia oculi	Bacteria
d3fcf2b7-6b7f-4e61-a529-261637b3260f	945844	1.0	confident	Massilia oculi	Bacteria
5aa0b60d-7fcf-4544-a83c-2777b7fa744c	945844	1.0	confident	Massilia oculi	Bacteria
e12540ca-2e1f-46a4-bf18-171dc9bafa8a	945844	1.0	confident	Massilia oculi	Bacteria
a8706e2f-c146-470e-95e6-b9f1b7fddeb2	945844	1.0	confident	Massilia oculi	Bacteria
c45d68f5-830d-4761-9673-a39ced004f18	945844	1.0	confident	Massilia oculi	Bacteria
b746d88b-ee1a-4aa9-b8fb-fdb01a07078a	945844	1.0	confident	Massilia oculi	Bacteria
4542a170-eaca-404c-84a1-46f7e28d68ac	945844	1.0	confident	Massilia oculi	Bacteria
3ffd2db7-b2cc-444d-8711-95f7dddd834b	945844	1.0	confident	Massilia oculi	Bacteria
d7584848-6785-4cff-8995-83636326ee22	945844	1.0	confident	Massilia oculi	Bacteria
1afb40e4-685c-4eaf-aa42-0f2a4179dddf	945844	1.0	confident	Massilia oculi	Bacteria
409b0089-c793-467c-8aab-119234bf7df0	945844	1.0	confident	Massilia oculi	Bacteria
a1d6c648-3139-476e-a05c-ec5c4ea23dc8	945844	1.0	confident	Massilia oculi	Bacteria
6d2fc03a-a64b-4ac2-bc81-39eccfe5ce73	945844	1.0	confident	Massilia oculi	Bacteria
9de9a160-e3e9-42fa-8460-9195353fea37	945844	1.0	confident	Massilia oculi	Bacteria
291233f5-af78-4101-9c74-58d143bea066	945844	1.0	confident	Massilia oculi	Bacteria
5468b4ba-a74f-4795-b280-35652777c959	945844	1.0	confident	Massilia oculi	Bacteria
de44bd58-3f9e-458a-ad92-3f83d87cce7c	945844	1.0	confident	Massilia oculi	Bacteria
ff79e700-ef6c-4582-8c62-20ed1bcc642c	945844	1.0	confident	Massilia oculi	Bacteria
bc8642f0-285f-405c-96c6-6080326f5945	945844	1.0	confident	Massilia oculi	Bacteria
4cf04ed3-9880-4ab9-919b-55f01cb9bdc6	945844	1.0	confident	Massilia oculi	Bacteria
5050e4d0-241c-46a7-804c-d0cf7e053226	945844	1.0	confident	Massilia oculi	Bacteria
236543c2-fdd8-4afa-a104-a3201a67c55a	945844	1.0	confident	Massilia oculi	Bacteria
f12fa656-a725-4e3e-bd77-875aedba891f	945844	1.0	confident	Massilia oculi	Bacteria
d462140d-c501-48f3-81b5-1e0523aee552	945844	1.0	confident	Massilia oculi	Bacteria
7248b6b3-9a86-4315-b37e-c9fd6afc3252	945844	1.0	confident	Massilia oculi	Bacteria
7b3450ac-115d-4c69-9358-19070e30f482	945844	1.0	confident	Massilia oculi	Bacteria
b04a087c-aca6-434c-b47a-65954bca0702	945844	1.0	confident	Massilia oculi	Bacteria
d696fcb1-778c-462c-a4e7-4aa5143786d3	945844	1.0	confident	Massilia oculi	Bacteria
d02af49c-0dcd-4096-a654-dc2d49fe4b71	945844	1.0	confident	Massilia oculi	Bacteria
26219c84-e5f7-4192-a15e-f3a4d7f5aebd	945844	1.0	confident	Massilia oculi	Bacteria
fba7e5c6-5ccb-48dd-9409-1dd681add4d8	945844	1.0	confident	Massilia oculi	Bacteria
2fd5ef9a-12ca-4e5e-8bac-adc114398580	945844	1.0	confident	Massilia oculi	Bacteria
546aa203-8d37-468a-88fc-b871deb7a446	945844	1.0	confident	Massilia oculi	Bacteria
a3d4bef0-de65-4b51-98ee-3bdcb73a7854	945844	1.0	confident	Massilia oculi	Bacteria
f942a21e-dc1c-407a-b199-b542d93af74e	945844	1.0	confident	Massilia oculi	Bacteria
297ee0ca-2300-4540-a39c-7de117f5df18	945844	1.0	confident	Massilia oculi	Bacteria
54736aba-68c6-4aa1-821c-46c135a16c15	945844	1.0	confident	Massilia oculi	Bacteria
3d629225-3503-4738-995d-df18740d975c	945844	1.0	confident	Massilia oculi	Bacteria
a754fea9-b548-4520-94ff-612ada24c037	945844	1.0	confident	Massilia oculi	Bacteria
0d417a0d-faf9-4dd3-9df8-c9326191ef6e	945844	1.0	confident	Massilia oculi	Bacteria
5a243995-9422-490a-8604-937c8c86f2de	945844	1.0	confident	Massilia oculi	Bacteria
04fd3bcf-002d-4c71-8ec7-d47e14f5818f	945844	1.0	confident	Massilia oculi	Bacteria
b1373638-9338-4480-bbb1-dee6a2fbd50e	945844	1.0	confident	Massilia oculi	Bacteria
00b58901-5872-4a86-980b-22687a3f7cd0	945844	1.0	confident	Massilia oculi	Bacteria
20394b11-22b0-4796-afae-370be365b7e6	945844	1.0	confident	Massilia oculi	Bacteria
5b789006-9fc8-4c06-aa75-ffb4f6f6deef	945844	1.0	confident	Massilia oculi	Bacteria
825d383a-f367-476f-b160-497f1470ae52	945844	1.0	confident	Massilia oculi	Bacteria
c0c98802-9f02-4e8e-bdf4-7538645c6b8d	945844	1.0	confident	Massilia oculi	Bacteria
6fac7852-2382-45dc-8416-6636362ef96a	945844	1.0	confident	Massilia oculi	Bacteria
8fd551d8-9050-47a9-87f8-947e9864204d	945844	1.0	confident	Massilia oculi	Bacteria
66d9dbda-26d6-4d6f-b6e5-1204da1adea9	945844	1.0	confident	Massilia oculi	Bacteria
0d5ea738-2c2f-4321-b0c7-5334e9bb97fe	945844	1.0	confident	Massilia oculi	Bacteria
1b8f8df9-941b-4cfc-bfea-7b59597d1418	945844	1.0	confident	Massilia oculi	Bacteria
1d449fed-56da-4454-8e3a-5400aaa9525e	945844	1.0	confident	Massilia oculi	Bacteria
23eb0190-946e-4315-a076-37ecaedb5670	945844	1.0	confident	Massilia oculi	Bacteria
701299d7-644e-44ad-93f7-d15dc08ae187	945844	1.0	confident	Massilia oculi	Bacteria
7f12e498-ce5a-403d-87b9-abde5c65d526	945844	1.0	confident	Massilia oculi	Bacteria
f8e0f188-45fd-4790-9706-e374d2263344	945844	1.0	confident	Massilia oculi	Bacteria
558ded6b-9565-4c44-ba4d-9adb399b0c60	945844	1.0	confident	Massilia oculi	Bacteria
dbc75f1b-30ca-4450-a427-30b32a915126	945844	1.0	confident	Massilia oculi	Bacteria
b964b992-e699-4089-adae-22cc8f14fc17	945844	1.0	confident	Massilia oculi	Bacteria
9b4e1018-1222-4dfd-a85b-93b76c1eeda2	945844	1.0	confident	Massilia oculi	Bacteria
a501c010-c139-4137-8bf6-44246d290ffc	945844	1.0	confident	Massilia oculi	Bacteria
15a486a4-a11d-4a4f-8f57-ede2da48eb4d	945844	1.0	confident	Massilia oculi	Bacteria
24a9adba-f287-4223-8921-e1f68ef75a0f	945844	1.0	confident	Massilia oculi	Bacteria
98a5fa44-ad93-4254-9e94-8fc6b461363b	945844	1.0	confident	Massilia oculi	Bacteria
9fb2ca0a-e209-4ba1-8a6d-ce1f4409890f	945844	1.0	confident	Massilia oculi	Bacteria
7086751e-0e1f-49ef-99b7-fad5762921c9	945844	1.0	confident	Massilia oculi	Bacteria
f08f955b-8ae0-43d2-b7a2-12d051612d4b	945844	1.0	confident	Massilia oculi	Bacteria
e2701daa-ccf1-4246-8901-3162eada8a1e	945844	1.0	confident	Massilia oculi	Bacteria
54016950-409c-4467-a853-11b351476f2f	945844	1.0	confident	Massilia oculi	Bacteria
eb90efb5-781c-422b-b77c-284c70a7f8ac	945844	1.0	confident	Massilia oculi	Bacteria
fa3e10c4-6c66-40ce-818f-4f57123a2a7b	945844	1.0	confident	Massilia oculi	Bacteria
2db1a10a-5673-4905-b361-8f09c4733a01	945844	1.0	confident	Massilia oculi	Bacteria
07db6f10-05f6-42bc-8694-03abe8664e94	945844	1.0	confident	Massilia oculi	Bacteria
70bf5417-7cbe-4db9-a6fa-11678bdd4cc4	945844	1.0	confident	Massilia oculi	Bacteria
9827aade-8c5c-45db-be9b-daa2c2f3ae96	945844	1.0	confident	Massilia oculi	Bacteria
684803c0-eb86-47f9-bf4e-d9ae757c9ec2	945844	1.0	confident	Massilia oculi	Bacteria
b701a6c5-5652-4db4-bc59-ebf412f5aa3c	945844	1.0	confident	Massilia oculi	Bacteria
e7aec323-90d2-4041-8482-4ca80c7ec3dd	945844	1.0	confident	Massilia oculi	Bacteria
96ae0111-0a74-4e8f-95a3-bf0e9c9ed5cd	945844	1.0	confident	Massilia oculi	Bacteria
3f38f918-5186-493a-8ca6-0d91c5324534	945844	1.0	confident	Massilia oculi	Bacteria
a412c51f-6767-4a27-ba91-e81ef39ed069	945844	1.0	confident	Massilia oculi	Bacteria
7d23e14a-3e45-411f-8f05-f9ea7ced829c	945844	1.0	confident	Massilia oculi	Bacteria
af9b9fc5-ce39-42ec-9abe-5ed59cd275eb	945844	1.0	confident	Massilia oculi	Bacteria
617a3c3f-9068-43cf-a8ab-66ee08a297af	945844	1.0	confident	Massilia oculi	Bacteria
72f872f7-273c-4a4e-80fa-d98c038f7aef	945844	1.0	confident	Massilia oculi	Bacteria
7b8e6b29-e6dd-4060-b9e0-16cf17ff423c	945844	1.0	confident	Massilia oculi	Bacteria
fbd2b9e2-2105-4f2b-9caf-7e34401a79cc	945844	1.0	confident	Massilia oculi	Bacteria
aa461234-dd85-4a9c-8e47-c2e78a9f06d8	945844	1.0	confident	Massilia oculi	Bacteria
802c3865-b6de-41ef-9985-b49837ab728b	945844	1.0	confident	Massilia oculi	Bacteria
ac90b00c-2968-46ba-b025-2edbdbaecc32	945844	1.0	confident	Massilia oculi	Bacteria
ae8daede-d218-4c85-a3ab-7ea99d1204a4	945844	1.0	confident	Massilia oculi	Bacteria
b480c3bc-f4e2-4a09-b481-b526ece2ef44	945844	1.0	confident	Massilia oculi	Bacteria
cb085921-c88f-4f7e-9b59-05a7172adc7f	945844	1.0	confident	Massilia oculi	Bacteria
a3a75d17-ca9a-4d82-9407-11c91d7eba5c	945844	1.0	confident	Massilia oculi	Bacteria
509f7f3b-0e92-4357-a7bd-b09ead55a7fb	945844	1.0	confident	Massilia oculi	Bacteria
a73d4871-fdeb-49ad-9563-ae2a814d6b9b	945844	1.0	confident	Massilia oculi	Bacteria
e82a28c3-a6bd-4f96-a24b-f778e6f832cc	945844	1.0	confident	Massilia oculi	Bacteria
7f80d07f-f097-46b8-bf8f-eb96241b2dae	945844	1.0	confident	Massilia oculi	Bacteria
d564cfa3-1e5c-468b-9e1b-b6cce24df822	945844	1.0	confident	Massilia oculi	Bacteria
1467fe9b-2eed-47cc-a9de-a5745acc64bf	945844	1.0	confident	Massilia oculi	Bacteria
5ef82f47-5394-4a22-b715-af5b3ffcf197	945844	1.0	confident	Massilia oculi	Bacteria
e4ed614a-f6e8-4313-aa0e-6362a47766e4	945844	1.0	confident	Massilia oculi	Bacteria
db45f7ca-a0f0-44f9-92c6-6c2d243bacd0	945844	1.0	confident	Massilia oculi	Bacteria
75931ebf-365d-4dab-a847-1c7fd9baafc5	945844	1.0	confident	Massilia oculi	Bacteria
d4c29f2c-ec93-4b4a-a955-469ecdbbbfd6	945844	1.0	confident	Massilia oculi	Bacteria
7f0b7668-d7e0-488a-af66-01d9b3dc1e05	945844	1.0	confident	Massilia oculi	Bacteria
bbd2cf15-3a62-4f70-b95a-bbdafcc699a7	945844	1.0	confident	Massilia oculi	Bacteria
bfad46a7-70df-4d37-8878-0ebb62a1eca9	945844	1.0	confident	Massilia oculi	Bacteria
edb1b249-1483-41bb-a6e0-38a56e06f5b0	945844	1.0	confident	Massilia oculi	Bacteria
68f5daa2-dc44-4db4-8e4d-24936f460dbe	945844	1.0	confident	Massilia oculi	Bacteria
fcb67a3e-2766-4184-ae11-0a6e99e899cf	945844	1.0	confident	Massilia oculi	Bacteria
5ec7cd0b-6ba7-4b0d-8bf4-664e4e451c38	945844	1.0	confident	Massilia oculi	Bacteria
61cb8c30-32ac-4efd-a412-edbb6982877e	945844	1.0	confident	Massilia oculi	Bacteria
02bdf3b2-e25b-4911-b7d5-5d5e68c34d76	945844	1.0	confident	Massilia oculi	Bacteria
9823c240-16f6-4558-a800-e67840876341	945844	1.0	confident	Massilia oculi	Bacteria
172297f1-a5f1-4341-8468-11a581b9346d	945844	1.0	confident	Massilia oculi	Bacteria
59c9a472-c6ce-4b24-8882-70c8870be0b9	945844	1.0	confident	Massilia oculi	Bacteria
b35bd540-2e12-45ea-9a30-f9322d1cfcdc	945844	1.0	confident	Massilia oculi	Bacteria
6126cb52-1ab3-431f-b55a-4c8e94624c98	945844	1.0	confident	Massilia oculi	Bacteria
1972c6c9-73c7-470b-acb0-81837bce4394	945844	1.0	confident	Massilia oculi	Bacteria
63ee8a34-5251-447a-8a81-8247d1b4f282	945844	1.0	confident	Massilia oculi	Bacteria
c62603cb-ac02-4ac4-abae-2f4194d58357	945844	1.0	confident	Massilia oculi	Bacteria
6251b483-e04a-49e3-bf94-65da0efcae91	945844	1.0	confident	Massilia oculi	Bacteria
d2a3f297-0d35-48c3-907d-36522ec895e4	945844	1.0	confident	Massilia oculi	Bacteria
fec2b394-30af-40fc-b662-a502958176e0	945844	1.0	confident	Massilia oculi	Bacteria
b896063c-f8c1-46d2-907c-944d5e46b2cb	945844	1.0	confident	Massilia oculi	Bacteria
beb00152-13cb-4bd1-8777-77e31f86132e	945844	1.0	confident	Massilia oculi	Bacteria
38992c8f-4506-44ba-87b2-270c0e5802f3	945844	1.0	confident	Massilia oculi	Bacteria
a68cb83d-2b7d-48e7-8acf-34e268ae523b	945844	1.0	confident	Massilia oculi	Bacteria
64b1a7a4-3286-4c74-960b-16455337cd01	945844	1.0	confident	Massilia oculi	Bacteria
8f97e6dc-624f-41d8-9d9e-5e60fded4660	945844	1.0	confident	Massilia oculi	Bacteria
7dc89bbd-71cd-4fd8-852e-9c2c670f5eb7	945844	1.0	confident	Massilia oculi	Bacteria
c2a945c7-e38e-491e-a40f-d31ab6ae082d	945844	1.0	confident	Massilia oculi	Bacteria
3d8f7995-09ca-4402-9c0e-3f0d9ee7d2d2	945844	1.0	confident	Massilia oculi	Bacteria
a866bd43-4e34-47d6-8088-d6e1451b73fd	945844	1.0	confident	Massilia oculi	Bacteria
3ec94d22-efd6-461c-b693-1dd158db0784	945844	1.0	confident	Massilia oculi	Bacteria
a849722c-f3d5-4d38-b5bf-f11f8577b94c	945844	1.0	confident	Massilia oculi	Bacteria
9cfb2f20-42cb-46ca-ac55-b5cddbd49494	945844	1.0	confident	Massilia oculi	Bacteria
2a9ef6f4-6162-4480-a2a4-2adf1c1145ba	945844	1.0	confident	Massilia oculi	Bacteria
0d3d65cf-bcfc-459c-b2c2-75f1a0915919	945844	1.0	confident	Massilia oculi	Bacteria
fb064dc8-4147-443f-9c27-315ba6e9f4e0	945844	1.0	confident	Massilia oculi	Bacteria
ab60ef0b-3058-4192-a8c1-2ab152272ef9	945844	1.0	confident	Massilia oculi	Bacteria
b35b6d22-e9a5-4fe3-9758-795a87d2a07c	945844	1.0	confident	Massilia oculi	Bacteria
bf11c400-43a1-48a0-8c07-f7073f74c226	945844	1.0	confident	Massilia oculi	Bacteria
4e467219-e63b-4afb-90f7-3eb41ddac2fd	945844	1.0	confident	Massilia oculi	Bacteria
d14d3036-c777-49c3-ac22-392edde5b315	945844	1.0	confident	Massilia oculi	Bacteria
38e2c9a9-ea5b-48ed-bd6c-41cabcf444e4	945844	1.0	confident	Massilia oculi	Bacteria
b20f896e-5066-44db-a35f-9166a2d301e5	945844	1.0	confident	Massilia oculi	Bacteria
575000ab-436a-4d46-98d9-65ef269424f1	945844	1.0	confident	Massilia oculi	Bacteria
07dd53e8-3bbd-427d-8c88-f15e00783490	945844	1.0	confident	Massilia oculi	Bacteria
e3bdbe20-0a12-48b8-a340-e8bd8487fff5	945844	1.0	confident	Massilia oculi	Bacteria
bf787fcc-8593-4e37-9e48-8efac7d629c6	945844	1.0	confident	Massilia oculi	Bacteria
de6cba5e-fbd5-4466-bf31-ba563a7ea3cf	945844	1.0	confident	Massilia oculi	Bacteria
e61e8c9d-f006-46b9-b2ad-c5c643c97b09	945844	1.0	confident	Massilia oculi	Bacteria
0b1991a9-aa95-4975-970d-58b8c2d7aff3	945844	1.0	confident	Massilia oculi	Bacteria
ff37e6f6-cfe2-4f7d-b627-87c73910df67	945844	1.0	confident	Massilia oculi	Bacteria
7471ae52-b24a-4cb7-aa05-3405e6252f59	945844	1.0	confident	Massilia oculi	Bacteria
54cdad8e-44ad-4145-b7d8-9022d3c21988	945844	1.0	confident	Massilia oculi	Bacteria
c7c3761b-21a6-4c70-87f9-14089dfbda5a	945844	1.0	confident	Massilia oculi	Bacteria
5703fb19-0e55-405b-984c-93038bfdf268	945844	1.0	confident	Massilia oculi	Bacteria
d4205a2a-e806-4319-9bba-621b07743cab	945844	1.0	confident	Massilia oculi	Bacteria
a6b503c7-eaa5-41f0-9f00-9ac781e3409e	945844	1.0	confident	Massilia oculi	Bacteria
ccd341e1-5e78-4311-a7b0-382c451137c7	945844	1.0	confident	Massilia oculi	Bacteria
ccf93b6a-079c-4e7a-866b-dc46bf1f77cd	945844	1.0	confident	Massilia oculi	Bacteria
3568a016-4fc3-417a-b2e5-6bd6ab22a9c9	945844	1.0	confident	Massilia oculi	Bacteria
31357ca0-a2d0-4d80-a199-7437081c7e33	945844	1.0	confident	Massilia oculi	Bacteria
61fb8ab0-718b-4ebe-93c4-95efea76c87d	945844	1.0	confident	Massilia oculi	Bacteria
4fac73e3-7857-47a0-b3dd-985d8caca395	945844	1.0	confident	Massilia oculi	Bacteria
4c9168a3-97e6-420a-ab81-7202614f3bd4	945844	1.0	confident	Massilia oculi	Bacteria
682a05bb-c670-427d-8a4c-57d1983c891c	945844	1.0	confident	Massilia oculi	Bacteria
d2072445-cdd0-448d-9208-03442cfb1ff8	945844	1.0	confident	Massilia oculi	Bacteria
aee039e1-09fc-450b-8c00-84d20df08334	945844	1.0	confident	Massilia oculi	Bacteria
dab7c4fa-96c8-4472-a455-9c85bbe6b2b0	945844	1.0	confident	Massilia oculi	Bacteria
40406814-989e-4bc5-ae6d-e84ceb48968d	945844	1.0	confident	Massilia oculi	Bacteria
725743aa-fa11-4b13-8f35-2b78afcbfea9	945844	1.0	confident	Massilia oculi	Bacteria
5b6f3dc7-8ca5-4554-ae25-3e80be012671	945844	1.0	confident	Massilia oculi	Bacteria
7742ed6c-3ede-465c-a161-641032d1685c	945844	1.0	confident	Massilia oculi	Bacteria
677b73c4-2389-4563-880e-62b5b6f9d5e6	945844	1.0	confident	Massilia oculi	Bacteria
d056d4d0-3847-4947-ad5d-9eea5dc59edf	945844	1.0	confident	Massilia oculi	Bacteria
4510bfb3-a66b-4dba-9436-6e51a21f61ad	945844	1.0	confident	Massilia oculi	Bacteria
6a4dfdfb-da2f-4133-882b-f2ae5cecbaa6	945844	1.0	confident	Massilia oculi	Bacteria
6a6cf2b1-6633-4cf0-ad89-d802438bb5fe	945844	1.0	confident	Massilia oculi	Bacteria
4afb1b7b-109c-476b-9e43-4979ce5cd307	945844	1.0	confident	Massilia oculi	Bacteria
ef21cdb0-f39d-4efc-8040-7f9f8dbf3984	945844	1.0	confident	Massilia oculi	Bacteria
db16b925-d9f9-49d1-a1a3-95939a82767f	945844	1.0	confident	Massilia oculi	Bacteria
0d4a791d-139c-486b-a469-9a90b09326bd	945844	1.0	confident	Massilia oculi	Bacteria
ba7a9286-0ced-482b-9561-4f3faf908466	945844	1.0	confident	Massilia oculi	Bacteria
f7883791-1661-405c-8376-4a329e45fbfc	945844	1.0	confident	Massilia oculi	Bacteria
29917980-74c1-46e9-a058-26e25d8f7b4c	945844	1.0	confident	Massilia oculi	Bacteria
9588fa38-b4aa-4aa2-b33a-ebf3538407db	945844	1.0	confident	Massilia oculi	Bacteria
6f25bf48-9c24-46d6-bbff-d3ab49fc3da5	72006	1.0	confident	Candidatus_Solibacter_sp.	Bacteria
513d05ec-67b9-4309-9bc8-bb4ad9c00277	72006	1.0	confident	Candidatus_Solibacter_sp.	Bacteria
801966dd-f4e1-4c5b-bc6a-d7f939691079	72006	1.0	confident	Candidatus_Solibacter_sp.	Bacteria
3920130d-5939-40a0-8253-34a13a999546	72006	1.0	confident	Candidatus_Solibacter_sp.	Bacteria
ac38e51d-baa0-442d-934d-20ceb2666197	72006	1.0	confident	Candidatus_Solibacter_sp.	Bacteria
1571fb47-b490-4316-a289-7fdca008c273	72006	1.0	confident	Candidatus_Solibacter_sp.	Bacteria
b430780e-186d-4fcd-bf0e-e297cb93f39f	72006	1.0	confident	Candidatus_Solibacter_sp.	Bacteria
d1fdbc38-5260-4e0d-807a-40dee2847eca	72006	1.0	confident	Candidatus_Solibacter_sp.	Bacteria
58e8898f-0a90-464b-b4c1-42f3df7dc966	72006	1.0	confident	Candidatus_Solibacter_sp.	Bacteria
f6559f41-5edf-4bdc-aeda-86b63c0b3b7a	72006	1.0	confident	Candidatus_Solibacter_sp.	Bacteria
ef34faa9-4e58-4bb9-a01f-b2ef1dee88c6	72006	1.0	confident	Candidatus_Solibacter_sp.	Bacteria
23bacb37-87e6-4d96-9797-93e6629a681d	72006	1.0	confident	Candidatus_Solibacter_sp.	Bacteria
ce56bc7f-71ff-48c1-9405-4c4151222578	72006	1.0	confident	Candidatus_Solibacter_sp.	Bacteria
d2e894b9-7cd9-424c-8ba0-3c3617936b81	72006	1.0	confident	Candidatus_Solibacter_sp.	Bacteria
c691cffc-aa1b-49eb-8366-95619f3a291b	72006	1.0	confident	Candidatus_Solibacter_sp.	Bacteria
ff74b7d6-49ed-47f6-ad5d-38acd3a32da1	72006	1.0	confident	Candidatus_Solibacter_sp.	Bacteria
9a23607f-d331-42ef-9e91-3e0e5f4ed96a	72006	1.0	confident	Candidatus_Solibacter_sp.	Bacteria
7f843cd5-31b3-496b-9f80-895099bc1c6c	72006	1.0	confident	Candidatus_Solibacter_sp.	Bacteria
fb749309-4ceb-44ec-88dd-4046e1db8268	72006	1.0	confident	Candidatus_Solibacter_sp.	Bacteria
d1253280-0fbb-4230-8665-550f84a462ac	72006	1.0	confident	Candidatus_Solibacter_sp.	Bacteria
fd334db2-be20-493c-9c4f-48485cabb132	72006	1.0	confident	Candidatus_Solibacter_sp.	Bacteria
5650c9b1-2191-4741-9981-367f1d337445	72006	1.0	confident	Candidatus_Solibacter_sp.	Bacteria
d31fd939-76e5-474b-96d7-8c20647b4c21	72006	1.0	confident	Candidatus_Solibacter_sp.	Bacteria
3ee4fa58-87d8-46aa-ae6b-9abe8d3d745b	72006	1.0	confident	Candidatus_Solibacter_sp.	Bacteria
55836d23-dccb-4ca4-b13c-5afd4b85122e	72006	1.0	confident	Candidatus_Solibacter_sp.	Bacteria
bc1bf87f-e6a0-4dbc-80df-51b4a0c4b2ba	72006	1.0	confident	Candidatus_Solibacter_sp.	Bacteria
52561e83-f24d-46ee-a75e-64d5c034d36f	72006	1.0	confident	Candidatus_Solibacter_sp.	Bacteria
4e7ad2f4-f1a6-4e90-8b3f-720646fbe020	72006	1.0	confident	Candidatus_Solibacter_sp.	Bacteria
d552eea1-be38-4546-8be5-adfd86941911	72006	1.0	confident	Candidatus_Solibacter_sp.	Bacteria
38dbc2da-a73d-42fb-bc9e-916e9efb21c5	72006	1.0	confident	Candidatus_Solibacter_sp.	Bacteria
418197f9-d6b0-42ad-a186-c07e584f19b8	72006	1.0	confident	Candidatus_Solibacter_sp.	Bacteria
9dda5af1-97b8-44ce-9020-922c53a84fb1	72006	1.0	confident	Candidatus_Solibacter_sp.	Bacteria
6309e78c-67a0-4644-a8b3-3539e7c92a2e	72006	1.0	confident	Candidatus_Solibacter_sp.	Bacteria
5b644fbb-89ed-4b99-a3bd-f136d8079eea	72006	1.0	confident	Candidatus_Solibacter_sp.	Bacteria
063e14f1-fdf4-4d84-aa4c-c1125fdcee38	72006	1.0	confident	Candidatus_Solibacter_sp.	Bacteria
78d42423-04c6-40b1-ace5-49cbb51ba3ff	72006	1.0	confident	Candidatus_Solibacter_sp.	Bacteria
2662c8ce-1a0a-4fd0-b1a2-5c4b503c3d9a	72006	1.0	confident	Candidatus_Solibacter_sp.	Bacteria
8e3fa733-73ee-4ac3-8a25-dcff236cb9bc	72006	1.0	confident	Candidatus_Solibacter_sp.	Bacteria
dca0d7b8-a27c-4e20-8634-9b957e954f11	72006	1.0	confident	Candidatus_Solibacter_sp.	Bacteria
dad4b347-f9cb-4eb5-82fc-12c4deb4f909	72006	1.0	confident	Candidatus_Solibacter_sp.	Bacteria
28922d9a-48c6-4308-ae0f-26f5d81c536b	72006	1.0	confident	Candidatus_Solibacter_sp.	Bacteria
a5c5c13f-9f43-4300-966c-dc8d8545e97c	72006	1.0	confident	Candidatus_Solibacter_sp.	Bacteria
10d25923-eb42-4427-9286-ff551ab83de2	72006	1.0	confident	Candidatus_Solibacter_sp.	Bacteria
5e4d0869-1b31-4d58-965c-29a4f368519a	72006	1.0	confident	Candidatus_Solibacter_sp.	Bacteria
fab8c034-fb76-47a6-969b-17b512f873b2	72006	1.0	confident	Candidatus_Solibacter_sp.	Bacteria
0244bf9f-32df-4f94-a7e9-5359005a2146	72006	1.0	confident	Candidatus_Solibacter_sp.	Bacteria
60b95725-03a6-4192-bc14-a905a70a6a5b	72006	1.0	confident	Candidatus_Solibacter_sp.	Bacteria
63ba520a-f829-484e-8862-36f6b635b4a5	72006	1.0	confident	Candidatus_Solibacter_sp.	Bacteria
554e0a9b-49b0-4a56-8a4a-f3bf5f251548	72006	1.0	confident	Candidatus_Solibacter_sp.	Bacteria
56c38863-7fd4-4a0a-b363-fbc59eb81e5c	72006	1.0	confident	Candidatus_Solibacter_sp.	Bacteria
4b409775-b300-43ac-8fbf-851611e3ac5a	72006	1.0	confident	Candidatus_Solibacter_sp.	Bacteria
5ec950f1-72e3-4df0-a8f8-746bcdd112b2	72006	1.0	confident	Candidatus_Solibacter_sp.	Bacteria
5191bc59-d305-472c-86b1-4d3c72a74d39	72006	1.0	confident	Candidatus_Solibacter_sp.	Bacteria
caa18830-e5cd-45f4-95be-5eac93ce6492	72006	1.0	confident	Candidatus_Solibacter_sp.	Bacteria
66bcd790-5ba9-4845-b61d-04d079ead586	72006	1.0	confident	Candidatus_Solibacter_sp.	Bacteria
fa3f6c69-9b36-4ff1-8316-5d5506bba4eb	72006	1.0	confident	Candidatus_Solibacter_sp.	Bacteria
286dd891-310c-452e-803e-9d13a7d047a3	72006	1.0	confident	Candidatus_Solibacter_sp.	Bacteria
290b6aa8-1d4b-4293-ba7f-a121a45c4e41	72006	1.0	confident	Candidatus_Solibacter_sp.	Bacteria
34b12767-b56b-40ac-9c93-69a626ae4e6b	72006	1.0	confident	Candidatus_Solibacter_sp.	Bacteria
1aa2b8ac-554c-45a8-960e-5ab9b7db7f75	72006	1.0	confident	Candidatus_Solibacter_sp.	Bacteria
3b4ab3d3-9963-4eb8-b67b-a2ba992b6119	72006	1.0	confident	Candidatus_Solibacter_sp.	Bacteria
a0b5b60b-c863-4d79-85cf-a804d96ff171	72006	1.0	confident	Candidatus_Solibacter_sp.	Bacteria
522db286-48ec-4aaa-998a-6e5695998add	72006	1.0	confident	Candidatus_Solibacter_sp.	Bacteria
5619d3a8-9cce-4eab-9e02-809b9d4acbee	72006	1.0	confident	Candidatus_Solibacter_sp.	Bacteria
191e7c2c-c442-4771-88d1-337f30fc46dc	72006	1.0	confident	Candidatus_Solibacter_sp.	Bacteria
b0edec3c-0c93-424d-8a96-a86603357db1	72006	1.0	confident	Candidatus_Solibacter_sp.	Bacteria
51dd3ed5-0cbb-493f-8e66-89bc5fb6b30f	72006	1.0	confident	Candidatus_Solibacter_sp.	Bacteria
065c81a7-1d97-4224-94fb-0df3853032c3	72006	1.0	confident	Candidatus_Solibacter_sp.	Bacteria
17a6ef58-2999-4967-b56c-b057ae089456	72006	1.0	confident	Candidatus_Solibacter_sp.	Bacteria
eda71012-d709-4289-8d47-dcc4431fe104	72006	1.0	confident	Candidatus_Solibacter_sp.	Bacteria
a84025a8-be80-47ec-a0c1-8305b2406dc9	72006	1.0	confident	Candidatus_Solibacter_sp.	Bacteria
65863a2a-b91e-4da4-91f2-cc4412439192	72006	1.0	confident	Candidatus_Solibacter_sp.	Bacteria
95f02b75-2d97-484f-bdbb-81e7ee696e0a	72006	1.0	confident	Candidatus_Solibacter_sp.	Bacteria
a9632780-4584-476a-ab29-aec3b8aa3454	72006	1.0	confident	Candidatus_Solibacter_sp.	Bacteria
52ae12cd-6c75-4fc0-a799-74ae2e2b4e6c	72006	1.0	confident	Candidatus_Solibacter_sp.	Bacteria
ea442eb3-6dcc-48d3-a862-1c34c7dccd0d	72006	1.0	confident	Candidatus_Solibacter_sp.	Bacteria
b33bcd06-09ec-4c6c-895c-bc6b8f975654	72006	1.0	confident	Candidatus_Solibacter_sp.	Bacteria
6200f0a8-2a11-4b77-a79e-84ad7a0d6820	72006	1.0	confident	Candidatus_Solibacter_sp.	Bacteria
f1cf6800-01fe-40ed-93d4-107859f26f59	72006	1.0	confident	Candidatus_Solibacter_sp.	Bacteria
d78c44a6-de89-4aad-b050-c22f021b6d50	72006	1.0	confident	Candidatus_Solibacter_sp.	Bacteria
e1297368-9eaa-4940-8375-45f86f03c9d8	72006	1.0	confident	Candidatus_Solibacter_sp.	Bacteria
13d96acd-2acd-4b98-aea3-60e5f2d607a4	72006	1.0	confident	Candidatus_Solibacter_sp.	Bacteria
afe3fa7b-0cc5-4ede-b333-b60012cf83dc	72006	1.0	confident	Candidatus_Solibacter_sp.	Bacteria
102d9c8a-e6f9-4121-923b-175c012d5b6f	72006	1.0	confident	Candidatus_Solibacter_sp.	Bacteria
5d4e343c-cc3a-46ac-9568-efc92cecfbb3	72006	1.0	confident	Candidatus_Solibacter_sp.	Bacteria
7580640f-b381-40aa-a4c5-0389ececfed5	72006	1.0	confident	Candidatus_Solibacter_sp.	Bacteria
0909dfd5-f55b-4ec1-bc42-93e69a271af2	72006	1.0	confident	Candidatus_Solibacter_sp.	Bacteria
506a3bad-4bf1-4809-99a7-26f5befb7e47	72006	1.0	confident	Candidatus_Solibacter_sp.	Bacteria
96641e44-445f-4e15-96a7-27450f1dbe49	72006	1.0	confident	Candidatus_Solibacter_sp.	Bacteria
f24e5d41-bcd5-46e6-98e1-afbdc7b085ca	72006	1.0	confident	Candidatus_Solibacter_sp.	Bacteria
9a04d82b-5ab6-4138-8ffa-402770ae0f20	72006	1.0	confident	Candidatus_Solibacter_sp.	Bacteria
8593e6ad-2ed6-440b-98cd-48a39f5a4572	72006	1.0	confident	Candidatus_Solibacter_sp.	Bacteria
25f3fcdb-27c5-41e3-852c-534d4a73eafb	72006	1.0	confident	Candidatus_Solibacter_sp.	Bacteria
0043fcd3-d3c1-4ef9-9f19-7edfd21652b7	72006	1.0	confident	Candidatus_Solibacter_sp.	Bacteria
06d82cf9-48f7-4236-b81d-620ca6d70069	72006	1.0	confident	Candidatus_Solibacter_sp.	Bacteria
5785d25c-c28a-4b9a-ba3d-c79639604ae4	72006	1.0	confident	Candidatus_Solibacter_sp.	Bacteria
08da569d-5cbc-436b-95e3-85cd829b95cb	72006	1.0	confident	Candidatus_Solibacter_sp.	Bacteria
7026e50f-74b0-4ff1-972f-d19ca6c7192a	72006	1.0	confident	Candidatus_Solibacter_sp.	Bacteria
be71e6ef-dd80-4ac8-b8ba-6be5981e4788	72006	1.0	confident	Candidatus_Solibacter_sp.	Bacteria
807e02a7-e2bd-40da-bc3a-4927bfbf48fb	72006	1.0	confident	Candidatus_Solibacter_sp.	Bacteria
40d735b3-273e-4742-83e1-8e0082b49510	72006	1.0	confident	Candidatus_Solibacter_sp.	Bacteria
29d182bf-884a-4833-b571-eb3414c0e263	72006	1.0	confident	Candidatus_Solibacter_sp.	Bacteria
eb99706b-e956-4b57-b3a8-e5d212e7c118	72006	1.0	confident	Candidatus_Solibacter_sp.	Bacteria
55e3bc87-053a-4360-b86f-0c60282cae29	72006	1.0	confident	Candidatus_Solibacter_sp.	Bacteria
66c21517-18e6-4db7-bcf3-3f8bf736c064	72006	1.0	confident	Candidatus_Solibacter_sp.	Bacteria
ebb3e72a-3256-4fd7-a0f8-24c2dcb0657d	72006	1.0	confident	Candidatus_Solibacter_sp.	Bacteria
954939cf-973d-41cf-861d-a3f0638ed969	72006	1.0	confident	Candidatus_Solibacter_sp.	Bacteria
41369564-be06-4ce7-8105-75af3d2c6bad	72006	1.0	confident	Candidatus_Solibacter_sp.	Bacteria
c4b8811b-12ba-435b-9650-c99cebffb830	72006	1.0	confident	Candidatus_Solibacter_sp.	Bacteria
ad27ad02-a90c-4557-95e1-b319a37471be	72006	1.0	confident	Candidatus_Solibacter_sp.	Bacteria
a62b7382-31c7-4605-90a3-eea28b0ebde2	72006	1.0	confident	Candidatus_Solibacter_sp.	Bacteria
bebd80f3-3b84-4cc2-8a02-5256affbb516	72006	1.0	confident	Candidatus_Solibacter_sp.	Bacteria
8acccaad-cb9a-4d30-8f26-fccc28b5de0b	72006	1.0	confident	Candidatus_Solibacter_sp.	Bacteria
2a3fecd7-4956-4ad9-84b1-d43fe66bf358	72006	1.0	confident	Candidatus_Solibacter_sp.	Bacteria
61959675-09c4-44e5-9969-b77a925b2ebe	72006	1.0	confident	Candidatus_Solibacter_sp.	Bacteria
7071bc31-55b7-4991-aff4-c4c4a499a7ad	72006	1.0	confident	Candidatus_Solibacter_sp.	Bacteria
116c0e34-2420-411d-93fa-a9c887ce6e4b	72006	1.0	confident	Candidatus_Solibacter_sp.	Bacteria
c9bcda72-4fe8-499f-8c6d-a4b83acd2d0a	72006	1.0	confident	Candidatus_Solibacter_sp.	Bacteria
36ee4bd6-2dd2-4453-9dc1-e8376a1b3019	72006	1.0	confident	Candidatus_Solibacter_sp.	Bacteria
f5e01c22-0a2f-4c3f-9a3a-69f3a5d6351f	72006	1.0	confident	Candidatus_Solibacter_sp.	Bacteria
204d4d2b-bc59-4941-b06a-a0a06a00e058	72006	1.0	confident	Candidatus_Solibacter_sp.	Bacteria
9d4fc263-81c1-452b-946d-fd1291072467	72006	1.0	confident	Candidatus_Solibacter_sp.	Bacteria
24526a6b-defe-4175-a680-4396aeee756c	72006	1.0	confident	Candidatus_Solibacter_sp.	Bacteria
4a03221f-d38b-4475-835e-39561d236e78	72006	1.0	confident	Candidatus_Solibacter_sp.	Bacteria
56a35c75-e2f1-405a-966c-ddde8ba4f090	72006	1.0	confident	Candidatus_Solibacter_sp.	Bacteria
c00ee727-d228-4d58-bbb7-0ea7b085dee1	72006	1.0	confident	Candidatus_Solibacter_sp.	Bacteria
a8ca5069-322c-4dbe-8d59-23c950f9149d	72006	1.0	confident	Candidatus_Solibacter_sp.	Bacteria
dae0e1f9-2a19-4491-94d8-b8b7688e5514	72006	1.0	confident	Candidatus_Solibacter_sp.	Bacteria
95ddf9bf-8a15-45cb-bff0-de60f6fc4af7	72006	1.0	confident	Candidatus_Solibacter_sp.	Bacteria
a8db79ee-23dc-4132-8c63-e131b298fb09	72006	1.0	confident	Candidatus_Solibacter_sp.	Bacteria
11254960-ab9a-4317-963b-d79ae8885ecf	72006	1.0	confident	Candidatus_Solibacter_sp.	Bacteria
b5aaa877-cab7-46e2-abcb-b93acf0d204f	72006	1.0	confident	Candidatus_Solibacter_sp.	Bacteria
3548dd3e-4c45-4333-b600-709eb302af5e	72006	1.0	confident	Candidatus_Solibacter_sp.	Bacteria
a435421b-642e-41d3-87b5-b330d7a0d0db	72006	1.0	confident	Candidatus_Solibacter_sp.	Bacteria
6b2a191f-2ac2-40da-a122-8fdb3fac566b	72006	1.0	confident	Candidatus_Solibacter_sp.	Bacteria
340e3751-36fe-469a-b445-5086b714b4b7	72006	1.0	confident	Candidatus_Solibacter_sp.	Bacteria
516fff7a-1e9c-44d8-9b38-f5a87ea2e9fa	72006	1.0	confident	Candidatus_Solibacter_sp.	Bacteria
917c2061-789d-4039-a31e-7451cbb44a91	72006	1.0	confident	Candidatus_Solibacter_sp.	Bacteria
d60ea58c-ad50-44c6-8efc-3b7dfb3041f2	72006	1.0	confident	Candidatus_Solibacter_sp.	Bacteria
d2e0ddfe-d107-49b8-a29c-b48e8ff08441	72006	1.0	confident	Candidatus_Solibacter_sp.	Bacteria
2a943041-1aa4-4e4a-b9ee-5e2813011a4a	72006	1.0	confident	Candidatus_Solibacter_sp.	Bacteria
ea186780-705a-46e7-9fda-bbd77adb1434	72006	1.0	confident	Candidatus_Solibacter_sp.	Bacteria
8154f4b7-7a95-4f53-9c5f-e57cb158ccb4	72006	1.0	confident	Candidatus_Solibacter_sp.	Bacteria
2595968a-51e6-4b60-8d27-4c9f61848409	72006	1.0	confident	Candidatus_Solibacter_sp.	Bacteria
4329ca69-c0d4-42d5-829a-b30e9589dd2a	72006	1.0	confident	Candidatus_Solibacter_sp.	Bacteria
8adbbba7-7ea7-4c91-a5f8-723299bc0c7c	72006	1.0	confident	Candidatus_Solibacter_sp.	Bacteria
09caa951-8c84-481c-82ef-e4c19537503e	72006	1.0	confident	Candidatus_Solibacter_sp.	Bacteria
9085af1e-c6e5-45ba-8c00-c41c53d753a4	72006	1.0	confident	Candidatus_Solibacter_sp.	Bacteria
c3f8598e-13b3-4723-86c4-db67d1ba30a0	72006	1.0	confident	Candidatus_Solibacter_sp.	Bacteria
6d36d924-0466-4857-8923-a7c896185908	72006	1.0	confident	Candidatus_Solibacter_sp.	Bacteria
d4d385c4-6c68-4ac5-bcb6-f86790938846	72006	1.0	confident	Candidatus_Solibacter_sp.	Bacteria
cef0fb8f-8de1-46bd-a8b1-d12586c60987	72006	1.0	confident	Candidatus_Solibacter_sp.	Bacteria
78996aef-7f04-447b-a176-e40a6cc1c794	72006	1.0	confident	Candidatus_Solibacter_sp.	Bacteria
cd53a959-0d81-41db-8bc6-dd63de386cca	72006	1.0	confident	Candidatus_Solibacter_sp.	Bacteria
6d3118f3-ef9d-4b87-beb5-8f44c4a181a0	72006	1.0	confident	Candidatus_Solibacter_sp.	Bacteria
fe024558-fc01-4a58-abc2-4e97d490817e	72006	1.0	confident	Candidatus_Solibacter_sp.	Bacteria
f08f4b08-2cfe-4880-a116-91be60a72975	72006	1.0	confident	Candidatus_Solibacter_sp.	Bacteria
78e06226-d600-4af3-bc12-a5d354dbc35a	72006	1.0	confident	Candidatus_Solibacter_sp.	Bacteria
f16b025c-cb34-45cd-ac1c-1bf7f23344dd	72006	1.0	confident	Candidatus_Solibacter_sp.	Bacteria
739f91fc-00d7-4928-b676-522adfa8a81a	72006	1.0	confident	Candidatus_Solibacter_sp.	Bacteria
00af570e-cdbc-433f-afd6-ef5225341474	72006	1.0	confident	Candidatus_Solibacter_sp.	Bacteria
3d23e88c-9e87-4fb8-b36f-fff27bea2f41	72006	1.0	confident	Candidatus_Solibacter_sp.	Bacteria
c80a599a-824e-4cf9-90bf-c8e342b3b2d1	72006	1.0	confident	Candidatus_Solibacter_sp.	Bacteria
efa25470-5337-412a-b91b-0f7c8d32245c	72006	1.0	confident	Candidatus_Solibacter_sp.	Bacteria
5f4d23f3-6291-4986-81bf-2315dd38197e	72006	1.0	confident	Candidatus_Solibacter_sp.	Bacteria
ca9dbd51-e118-4f6b-a335-3a99e2cd343b	72006	1.0	confident	Candidatus_Solibacter_sp.	Bacteria
5a069c56-dd1f-4675-9c2c-23ba3942e7e0	72006	1.0	confident	Candidatus_Solibacter_sp.	Bacteria
a7ee0676-6841-4c8b-bd95-a14acf1ee46d	72006	1.0	confident	Candidatus_Solibacter_sp.	Bacteria
e7018fe3-06e2-4ea9-ba99-39fed67e31b1	72006	1.0	confident	Candidatus_Solibacter_sp.	Bacteria
acac5e13-d6e2-49dd-944d-b2b93da7aebd	72006	1.0	confident	Candidatus_Solibacter_sp.	Bacteria
c1d2778f-7b7c-4616-8e97-67fe7031d1e9	72006	1.0	confident	Candidatus_Solibacter_sp.	Bacteria
748aa6ad-ec9c-45cf-83d9-75be65c9a5c9	72006	1.0	confident	Candidatus_Solibacter_sp.	Bacteria
df003436-99a2-4df4-be5a-3ec3262a671e	72006	1.0	confident	Candidatus_Solibacter_sp.	Bacteria
cc80f37b-4984-4c38-9a86-b6e4967c2f11	72006	1.0	confident	Candidatus_Solibacter_sp.	Bacteria
fda5bfac-7bf4-487d-b656-d907cc1a76cc	72006	1.0	confident	Candidatus_Solibacter_sp.	Bacteria
391cfe21-f2a3-4b3f-936c-4090091a9382	72006	1.0	confident	Candidatus_Solibacter_sp.	Bacteria
deb7c95b-8b45-4170-8227-c933857f4ea4	72006	1.0	confident	Candidatus_Solibacter_sp.	Bacteria
0f340340-cdde-44da-8c2e-20f88ed26bfd	72006	1.0	confident	Candidatus_Solibacter_sp.	Bacteria
b2e301bf-8ffc-40d1-8bb0-58074a941897	72006	1.0	confident	Candidatus_Solibacter_sp.	Bacteria
38b6af92-cdce-4219-a317-3731f24bbeb4	72006	1.0	confident	Candidatus_Solibacter_sp.	Bacteria
9f394471-af0d-47db-bd59-3aad284963a9	72006	1.0	confident	Candidatus_Solibacter_sp.	Bacteria
89b602c1-8d05-4239-afd3-38370465f0ee	72006	1.0	confident	Candidatus_Solibacter_sp.	Bacteria
c48e36c5-0ee4-4048-a9ba-432e44659713	72006	1.0	confident	Candidatus_Solibacter_sp.	Bacteria
b56c8292-45df-4511-b94e-ce58e792f228	72006	1.0	confident	Candidatus_Solibacter_sp.	Bacteria
dc1af45a-a3f6-4c9c-8c9f-c952752da8b6	72006	1.0	confident	Candidatus_Solibacter_sp.	Bacteria
f3a61ad6-e359-4ff0-bd74-50d31cdff644	72006	1.0	confident	Candidatus_Solibacter_sp.	Bacteria
00516a74-220f-4c6f-a615-c1fb9130f06a	72006	1.0	confident	Candidatus_Solibacter_sp.	Bacteria
ebf3e730-3abe-4907-be65-9d94238d473c	72006	1.0	confident	Candidatus_Solibacter_sp.	Bacteria
9c7e5775-8383-4088-b4f8-478369bbf734	72006	1.0	confident	Candidatus_Solibacter_sp.	Bacteria
c2149a4f-568e-42ee-8fe4-1dc3404f08f7	72006	1.0	confident	Candidatus_Solibacter_sp.	Bacteria
59acba2e-dba7-46ac-872a-d22d1cb77d0e	72006	1.0	confident	Candidatus_Solibacter_sp.	Bacteria
bdf20497-a249-4198-9ad6-21bd4faba496	72006	1.0	confident	Candidatus_Solibacter_sp.	Bacteria
d43f0d1a-54c6-4eec-a104-291a6d586c5c	72006	1.0	confident	Candidatus_Solibacter_sp.	Bacteria
8f943015-bb08-4b1c-9b04-ab30071a6451	72006	1.0	confident	Candidatus_Solibacter_sp.	Bacteria
78df526d-3155-4518-bc0a-baec655506b7	72006	1.0	confident	Candidatus_Solibacter_sp.	Bacteria
24fb071e-734f-4580-abc9-fa06068b87d3	72006	1.0	confident	Candidatus_Solibacter_sp.	Bacteria
7c2f6f2c-ceef-4f9a-b585-9f1206f89a5f	72006	1.0	confident	Candidatus_Solibacter_sp.	Bacteria
896b98c2-bbca-4f8a-8d84-5847362c9132	72006	1.0	confident	Candidatus_Solibacter_sp.	Bacteria
baa73e08-2e3b-4b57-be86-5c39faaca8ae	72006	1.0	confident	Candidatus_Solibacter_sp.	Bacteria
d136f0ce-2d77-459c-8909-c8bcfeb3c9b4	72006	1.0	confident	Candidatus_Solibacter_sp.	Bacteria
9dec5b6d-f23b-4a79-8780-68dc1a52f736	72006	1.0	confident	Candidatus_Solibacter_sp.	Bacteria
6f6aa61b-a0cd-41b0-b092-235e48f9b935	72006	1.0	confident	Candidatus_Solibacter_sp.	Bacteria
776e81d1-7645-4bc2-b606-843465f577fc	72006	1.0	confident	Candidatus_Solibacter_sp.	Bacteria
6ac04252-4319-4629-83e1-a69517469d00	72006	1.0	confident	Candidatus_Solibacter_sp.	Bacteria
7b7e7e34-02ce-4819-9ad1-3135a984350e	72006	1.0	confident	Candidatus_Solibacter_sp.	Bacteria
91c7d19b-c009-4d1b-93ce-53613555a062	72006	1.0	confident	Candidatus_Solibacter_sp.	Bacteria
4edc6b9d-7d36-4520-b39e-70808689d5c1	72006	1.0	confident	Candidatus_Solibacter_sp.	Bacteria
bcdfe329-7856-404e-ab9e-6da517b61ad5	72006	1.0	confident	Candidatus_Solibacter_sp.	Bacteria
baa38462-40a0-43b6-b6ed-8207893040db	72006	1.0	confident	Candidatus_Solibacter_sp.	Bacteria
c529d634-2f8e-4e8b-8989-f2fe8129ef22	72006	1.0	confident	Candidatus_Solibacter_sp.	Bacteria
20dc2e6c-e737-4c7e-ae2e-7670cea5dfee	72006	1.0	confident	Candidatus_Solibacter_sp.	Bacteria
a7dddf62-03f7-44e6-a551-62e732a0d053	72006	1.0	confident	Candidatus_Solibacter_sp.	Bacteria
251c8736-92fb-451a-a372-5cc8d23b98c9	72006	1.0	confident	Candidatus_Solibacter_sp.	Bacteria
049413b1-bb14-4f3d-826f-063467975f46	72006	1.0	confident	Candidatus_Solibacter_sp.	Bacteria
4bb582b9-85d5-4795-84d5-8fcf43cf91b7	72006	1.0	confident	Candidatus_Solibacter_sp.	Bacteria
a8a7d06e-b521-4bff-942f-9dedbe31f4d1	72006	1.0	confident	Candidatus_Solibacter_sp.	Bacteria
94bfe942-1b1f-41a9-864d-709c57afc20f	72006	1.0	confident	Candidatus_Solibacter_sp.	Bacteria
7da738d6-6aac-4725-a576-2270a2b66b61	72006	1.0	confident	Candidatus_Solibacter_sp.	Bacteria
47f9b89a-942f-488a-9a7b-25ff5a7b0ff1	72006	1.0	confident	Candidatus_Solibacter_sp.	Bacteria
f4b9aad8-b1d5-4708-a839-776e4caa0970	72006	1.0	confident	Candidatus_Solibacter_sp.	Bacteria
ef4b1cb3-9809-4475-abc7-23c8613bd27f	72006	1.0	confident	Candidatus_Solibacter_sp.	Bacteria
1c17ef9f-b79b-46ae-a4fd-60fb59942170	72006	1.0	confident	Candidatus_Solibacter_sp.	Bacteria
6fe28611-2be8-4a51-9624-7af0c3ca8de9	72006	1.0	confident	Candidatus_Solibacter_sp.	Bacteria
af8a24ed-93da-4eea-b2b2-2feff6c14788	72006	1.0	confident	Candidatus_Solibacter_sp.	Bacteria
b49e8321-31a6-4a3b-84df-c891083a6af9	72006	1.0	confident	Candidatus_Solibacter_sp.	Bacteria
ba4bd9f3-24d2-4a3e-8872-25a9ca4471c5	72006	1.0	confident	Candidatus_Solibacter_sp.	Bacteria
0f3d8c9e-bba6-497b-bc77-e99c07a43670	72006	1.0	confident	Candidatus_Solibacter_sp.	Bacteria
80d5e5dc-b9e2-45bc-a772-b775064f0484	72006	1.0	confident	Candidatus_Solibacter_sp.	Bacteria
c82dba03-a4c0-413d-8a9b-cbf9a38d1392	72006	1.0	confident	Candidatus_Solibacter_sp.	Bacteria
e77b1a93-9de1-49dc-a767-9be8f172ec89	72006	1.0	confident	Candidatus_Solibacter_sp.	Bacteria
3dfd36ed-42a0-4ca2-8ce4-26dc78b4376e	72006	1.0	confident	Candidatus_Solibacter_sp.	Bacteria
23e9831c-ede6-4eec-8705-024d07d2cf03	72006	1.0	confident	Candidatus_Solibacter_sp.	Bacteria
2ccc2f82-90a8-4b23-b66b-3f1b359e4558	72006	1.0	confident	Candidatus_Solibacter_sp.	Bacteria
171bb102-be3a-487c-bc36-589ddf31d720	72006	1.0	confident	Candidatus_Solibacter_sp.	Bacteria
2f3b287f-4672-42a1-af48-3ddc128110bf	72006	1.0	confident	Candidatus_Solibacter_sp.	Bacteria
980e512a-547a-4b52-8b36-38fed5d6f37d	72006	1.0	confident	Candidatus_Solibacter_sp.	Bacteria
65da710f-1fcb-47f3-9b3b-333c3c388b85	72006	1.0	confident	Candidatus_Solibacter_sp.	Bacteria
4f9870fd-ac8c-479f-90f1-339ddb7fa416	72006	1.0	confident	Candidatus_Solibacter_sp.	Bacteria
e675dada-eb8c-4354-800a-b8a9fc85d30d	72006	1.0	confident	Candidatus_Solibacter_sp.	Bacteria
281ed81b-7442-452a-a9cf-f99f8d6921b2	72006	1.0	confident	Candidatus_Solibacter_sp.	Bacteria
f8fd4a3b-8486-41c6-ad73-d7e8801f7d39	72006	1.0	confident	Candidatus_Solibacter_sp.	Bacteria
c9106f0a-21fb-4161-92bc-8961ee45888f	72006	1.0	confident	Candidatus_Solibacter_sp.	Bacteria
f7d47496-f44a-4106-9ff8-cb1608c53112	72006	1.0	confident	Candidatus_Solibacter_sp.	Bacteria
190d1f99-8876-4ab9-8b85-6dea28de93e2	72006	1.0	confident	Candidatus_Solibacter_sp.	Bacteria
195280c8-ada7-4959-a6f8-5179cd5b5d18	72006	1.0	confident	Candidatus_Solibacter_sp.	Bacteria
5fe52fad-d939-4917-b099-20aabc887bef	72006	1.0	confident	Candidatus_Solibacter_sp.	Bacteria
d4e14f71-62e8-4f5f-a8df-5eee0c4ec043	72006	1.0	confident	Candidatus_Solibacter_sp.	Bacteria
344612b1-99b7-42e7-a048-cf8f2b6547f3	72006	1.0	confident	Candidatus_Solibacter_sp.	Bacteria
dc34cb64-f0db-4977-9cc0-d210bb5bc43f	72006	1.0	confident	Candidatus_Solibacter_sp.	Bacteria
5fb38b6f-880d-4185-b8c0-b940b3883ef7	72006	1.0	confident	Candidatus_Solibacter_sp.	Bacteria
fdb109c5-9adc-49a8-8b14-9ec962179907	72006	1.0	confident	Candidatus_Solibacter_sp.	Bacteria
15f4bad7-d2f0-4c07-b946-566ea6bc43a3	10002616	1.0	confident	Laceyella sacchari	Bacteria
68538cbd-14d6-44cd-8fb5-8c7677bf6eb9	72006	1.0	confident	Candidatus_Solibacter_sp.	Bacteria
a316b0f4-24a6-4211-8b25-86ed85a2e5c8	72006	1.0	confident	Candidatus_Solibacter_sp.	Bacteria
23b911af-9a39-4760-8153-9636a1df1110	72006	1.0	confident	Candidatus_Solibacter_sp.	Bacteria
007ccc78-f9dc-4030-be5e-d8effd5d3750	72006	1.0	confident	Candidatus_Solibacter_sp.	Bacteria
5d4b0fc3-a265-435f-88ea-13c16a86465d	72006	1.0	confident	Candidatus_Solibacter_sp.	Bacteria
5b133175-c90f-4a4d-935e-efbba308611c	72006	1.0	confident	Candidatus_Solibacter_sp.	Bacteria
87477d5d-b4ff-431e-bafd-9cd92b0e8ea0	72006	1.0	confident	Candidatus_Solibacter_sp.	Bacteria
5d8cfa0b-efae-4a31-9e28-ae4586e23306	72006	1.0	confident	Candidatus_Solibacter_sp.	Bacteria
667a6b4a-9e12-409a-9ee6-425af3762d38	72006	1.0	confident	Candidatus_Solibacter_sp.	Bacteria
bae7d1b3-0533-4a34-a531-7a116a35c813	72006	1.0	confident	Candidatus_Solibacter_sp.	Bacteria
085f02a1-0c65-422e-912c-cc47d23b559f	72006	1.0	confident	Candidatus_Solibacter_sp.	Bacteria
5487242f-b2d2-4c60-b077-160ecfbe1501	72006	1.0	confident	Candidatus_Solibacter_sp.	Bacteria
1bad7532-e35c-4228-93f3-c829dec4b437	72006	1.0	confident	Candidatus_Solibacter_sp.	Bacteria
af2d5288-f052-4b3e-9d86-27cc0d1f0da2	72006	1.0	confident	Candidatus_Solibacter_sp.	Bacteria
486fff1b-1b84-45d3-aea1-d3b408cd5989	72006	1.0	confident	Candidatus_Solibacter_sp.	Bacteria
83792241-dd72-4b01-a377-c17c3d89333c	72006	1.0	confident	Candidatus_Solibacter_sp.	Bacteria
eff27b6e-baca-4c0f-b812-37819ef379f3	72006	1.0	confident	Candidatus_Solibacter_sp.	Bacteria
4f9fee15-007d-4e09-9e30-44db65db77ad	72006	1.0	confident	Candidatus_Solibacter_sp.	Bacteria
c87bce64-3db4-4588-b211-68d84ce71a3b	72006	1.0	confident	Candidatus_Solibacter_sp.	Bacteria
6651c68e-bce9-48ef-9eab-925cc949413f	72006	1.0	confident	Candidatus_Solibacter_sp.	Bacteria
a6836dee-7989-4011-b0db-7f9b6ea6ed2a	72006	1.0	confident	Candidatus_Solibacter_sp.	Bacteria
feaaaedb-95b6-47ab-a4f5-ec2b9ff3e716	72006	1.0	confident	Candidatus_Solibacter_sp.	Bacteria
f328d564-a394-429b-bf3b-f25616b5a871	72006	1.0	confident	Candidatus_Solibacter_sp.	Bacteria
41f6e514-ff22-47fe-8e14-1058b2457872	72006	1.0	confident	Candidatus_Solibacter_sp.	Bacteria
61f976a6-36d3-4a7c-96dc-6b03ada2b83e	72006	1.0	confident	Candidatus_Solibacter_sp.	Bacteria
09271365-1d40-476d-bb9c-46d69fb1b2e2	72006	1.0	confident	Candidatus_Solibacter_sp.	Bacteria
78f1b6e9-bad0-46f8-a2f5-a57d35a51724	72006	1.0	confident	Candidatus_Solibacter_sp.	Bacteria
1b543631-36b5-4be6-9753-0ea2da4b9df7	72006	1.0	confident	Candidatus_Solibacter_sp.	Bacteria
01f4fd66-6d67-43e4-8811-c3e694ed6e9e	72006	1.0	confident	Candidatus_Solibacter_sp.	Bacteria
ad81f860-c2cc-4f6f-8a36-87ad125e2c47	72006	1.0	confident	Candidatus_Solibacter_sp.	Bacteria
b52b89b3-c248-436d-8b3a-c532a7fadd70	72006	1.0	confident	Candidatus_Solibacter_sp.	Bacteria
7b6a9cf9-8c5d-4750-9024-9589b0f1606f	72006	1.0	confident	Candidatus_Solibacter_sp.	Bacteria
1bb9be0e-374b-4e72-bd77-01effae1eb5f	72006	1.0	confident	Candidatus_Solibacter_sp.	Bacteria
690c3849-3e42-442b-a087-24e27da69d3d	72006	1.0	confident	Candidatus_Solibacter_sp.	Bacteria
a59cc37a-3e8c-4133-b85b-a88a1b2e919f	72006	1.0	confident	Candidatus_Solibacter_sp.	Bacteria
333525e4-de7d-4f64-a5d0-6f64dd39e56e	72006	1.0	confident	Candidatus_Solibacter_sp.	Bacteria
8c8cb487-cdb5-4029-a69c-a5bf9aabeecd	72006	1.0	confident	Candidatus_Solibacter_sp.	Bacteria
c652232a-a842-4c28-923f-dccb06eab27d	72006	1.0	confident	Candidatus_Solibacter_sp.	Bacteria
11e8c2ea-dfcb-4add-80f7-f47ffeb19429	72006	1.0	confident	Candidatus_Solibacter_sp.	Bacteria
d8605af7-9b51-4e1b-a446-f022cdf66a79	72006	1.0	confident	Candidatus_Solibacter_sp.	Bacteria
fb31d6e5-77ce-4cd5-b339-bfdeb72c595d	72006	1.0	confident	Candidatus_Solibacter_sp.	Bacteria
f1e47ce7-9933-4afd-a133-7c3b2e9c4213	72006	1.0	confident	Candidatus_Solibacter_sp.	Bacteria
e8519638-1006-43e6-915e-8a0cadbad406	72006	1.0	confident	Candidatus_Solibacter_sp.	Bacteria
700039dd-f6e0-4844-a205-de0c03895bd3	72006	1.0	confident	Candidatus_Solibacter_sp.	Bacteria
5c01ad67-2794-4e99-ad08-ccca84dca5fa	72006	1.0	confident	Candidatus_Solibacter_sp.	Bacteria
4f7150ee-7013-4573-bd68-4e79a8a6ea01	72006	1.0	confident	Candidatus_Solibacter_sp.	Bacteria
d34f3fda-676c-4699-8ad4-7ed1612e6c99	72006	1.0	confident	Candidatus_Solibacter_sp.	Bacteria
f10788aa-78eb-4fe5-b2f4-f665d5339544	72006	1.0	confident	Candidatus_Solibacter_sp.	Bacteria
9ba33e62-d6af-45e4-a447-0a7062172d72	72006	1.0	confident	Candidatus_Solibacter_sp.	Bacteria
4a7b10ff-b49e-4297-bdd9-cece3113861c	72006	1.0	confident	Candidatus_Solibacter_sp.	Bacteria
573712fe-0bf9-4410-983f-79c40602b321	72006	1.0	confident	Candidatus_Solibacter_sp.	Bacteria
5bff66e4-e808-4732-8407-48efd56450ed	72006	1.0	confident	Candidatus_Solibacter_sp.	Bacteria
63af993e-9930-4d48-b9a0-c0fbb31d518d	72006	1.0	confident	Candidatus_Solibacter_sp.	Bacteria
49259975-3b96-421e-8cd0-4e1a8e4c7a84	72006	1.0	confident	Candidatus_Solibacter_sp.	Bacteria
339cd9c1-1c71-4a77-8d92-565471d276bb	72006	1.0	confident	Candidatus_Solibacter_sp.	Bacteria
4733115d-5165-4378-9dff-ed0acd7113f8	72006	1.0	confident	Candidatus_Solibacter_sp.	Bacteria
44aa61ab-da6f-452a-b92e-759b5b91fbf0	72006	1.0	confident	Candidatus_Solibacter_sp.	Bacteria
a308dbdd-aabd-466b-b212-a3427becf851	72006	1.0	confident	Candidatus_Solibacter_sp.	Bacteria
e7592821-5ddb-4405-8f88-31ba98fb1a55	72006	1.0	confident	Candidatus_Solibacter_sp.	Bacteria
d8608bd0-402e-4673-ba1c-bb60e0bcfa16	72006	1.0	confident	Candidatus_Solibacter_sp.	Bacteria
fd4523ce-69d1-40ac-b990-ba89edc64787	72006	1.0	confident	Candidatus_Solibacter_sp.	Bacteria
bf3681aa-8e35-40ad-bcce-9e56db1f4a1c	72006	1.0	confident	Candidatus_Solibacter_sp.	Bacteria
da2836de-4df4-461d-a04b-40ad87136d5d	72006	1.0	confident	Candidatus_Solibacter_sp.	Bacteria
87a2af1b-13ac-4a30-84a0-a41e2e961088	72006	1.0	confident	Candidatus_Solibacter_sp.	Bacteria
28cf8a03-c02c-4257-83aa-968eeffee23b	72006	1.0	confident	Candidatus_Solibacter_sp.	Bacteria
6921a4b4-8d4e-483c-b231-ab8212a83014	72006	1.0	confident	Candidatus_Solibacter_sp.	Bacteria
9428849d-c6c5-45e6-91e3-406463c9f885	72006	1.0	confident	Candidatus_Solibacter_sp.	Bacteria
2cdcfc30-7851-43f6-9e1e-28dfbd6b23b2	72006	1.0	confident	Candidatus_Solibacter_sp.	Bacteria
c012b057-84fe-4b91-9cbd-93200ea87dc8	72006	1.0	confident	Candidatus_Solibacter_sp.	Bacteria
05dd3a3f-3844-43ea-abea-10e992347283	72006	1.0	confident	Candidatus_Solibacter_sp.	Bacteria
e150b129-94b6-4226-a1da-528b25249030	72006	1.0	confident	Candidatus_Solibacter_sp.	Bacteria
1fa491ec-c667-4219-a7f2-57e543aac8dd	72006	1.0	confident	Candidatus_Solibacter_sp.	Bacteria
6022ad22-e51d-40bb-a4d7-3f3b8ef89281	72006	1.0	confident	Candidatus_Solibacter_sp.	Bacteria
5e285621-a4da-49df-9fc5-4d81a373c328	72006	1.0	confident	Candidatus_Solibacter_sp.	Bacteria
1f2e98bc-e5d8-4c13-8ca5-351deb5dfa36	72006	1.0	confident	Candidatus_Solibacter_sp.	Bacteria
14c74eb3-7d60-4ef2-8cd4-89806aed896b	72006	1.0	confident	Candidatus_Solibacter_sp.	Bacteria
ab3f5b9b-f627-4602-8e8a-432bab48e5f9	72006	1.0	confident	Candidatus_Solibacter_sp.	Bacteria
1b2fc637-b2c4-4fe4-bbce-789541d9d984	72006	1.0	confident	Candidatus_Solibacter_sp.	Bacteria
295461e9-bc86-4e02-8062-9691f77388c1	72006	1.0	confident	Candidatus_Solibacter_sp.	Bacteria
deccb7b7-7a03-487c-aaf6-029a71fa3860	72006	1.0	confident	Candidatus_Solibacter_sp.	Bacteria
75bdffb1-1810-434d-9fa3-10f252a8045a	72006	1.0	confident	Candidatus_Solibacter_sp.	Bacteria
08ec90b9-120b-477a-a8c1-e12e5d1e0823	72006	1.0	confident	Candidatus_Solibacter_sp.	Bacteria
ad84abdd-bde3-4d7c-a6e7-3d4cd0b04db6	72006	1.0	confident	Candidatus_Solibacter_sp.	Bacteria
1b60b7bc-f976-4720-b041-651baeaa35ea	72006	1.0	confident	Candidatus_Solibacter_sp.	Bacteria
52530dce-d2a0-4e10-9697-faff19af9de8	72006	1.0	confident	Candidatus_Solibacter_sp.	Bacteria
21c4b382-a4ac-404f-bf6a-f2a9b42fc2eb	72006	1.0	confident	Candidatus_Solibacter_sp.	Bacteria
f9560db0-c88c-4f8c-8c81-91050d4efcb7	72006	1.0	confident	Candidatus_Solibacter_sp.	Bacteria
970a2dae-8ab5-4bd1-b4e7-e5f9aa39239f	72006	1.0	confident	Candidatus_Solibacter_sp.	Bacteria
af84b94b-6760-4837-91d4-b021009fbf9e	72006	1.0	confident	Candidatus_Solibacter_sp.	Bacteria
a0a05b38-80c2-4aa5-808e-5ef4e88385d9	72006	1.0	confident	Candidatus_Solibacter_sp.	Bacteria
a1666a3f-6779-4fda-98b4-bd8fd55e7e89	72006	1.0	confident	Candidatus_Solibacter_sp.	Bacteria
54487e46-3525-4107-bc73-35d24dc4591a	72006	1.0	confident	Candidatus_Solibacter_sp.	Bacteria
eea47692-4372-43f9-b260-1be9ce4a1cdd	72006	1.0	confident	Candidatus_Solibacter_sp.	Bacteria
4d772753-c609-443b-81f0-44edac4c09cb	72006	1.0	confident	Candidatus_Solibacter_sp.	Bacteria
28139fb6-02f1-47e1-9dff-66f230081344	72006	1.0	confident	Candidatus_Solibacter_sp.	Bacteria
a5becfa7-05c5-4eca-a6e6-2c4136a69a77	10002616	1.0	confident	Laceyella sacchari	Bacteria
825238ad-c704-4bad-89df-45f76c848332	72006	1.0	confident	Candidatus_Solibacter_sp.	Bacteria
7cfb4073-15f9-4ed7-a5df-36686a13a60b	72006	1.0	confident	Candidatus_Solibacter_sp.	Bacteria
d948d883-20c5-4f94-869a-208f0fa193c7	72006	1.0	confident	Candidatus_Solibacter_sp.	Bacteria
06d7c7f0-50f7-4b12-ba07-b41c6c01fee5	72006	1.0	confident	Candidatus_Solibacter_sp.	Bacteria
6e32e029-0494-4c74-823f-d26819b7cb70	72006	1.0	confident	Candidatus_Solibacter_sp.	Bacteria
70a2d0ca-cc02-4091-80d2-aad694c79288	72006	1.0	confident	Candidatus_Solibacter_sp.	Bacteria
c10ebbe9-c1f8-42e1-b25e-2dba3b113413	72006	1.0	confident	Candidatus_Solibacter_sp.	Bacteria
031d0a0f-ea69-47bb-b59c-5f8567afe489	72006	1.0	confident	Candidatus_Solibacter_sp.	Bacteria
5446b616-b56d-402d-9b15-0eb5f2477202	72006	1.0	confident	Candidatus_Solibacter_sp.	Bacteria
d65a5c3c-4942-4921-acfd-557443cbb894	72006	1.0	confident	Candidatus_Solibacter_sp.	Bacteria
4e7bcc5e-6dec-4e23-84fe-dbdd245bc2f1	72006	1.0	confident	Candidatus_Solibacter_sp.	Bacteria
d6087689-4e9b-4d8b-8b14-4e0825748ea7	72006	1.0	confident	Candidatus_Solibacter_sp.	Bacteria
56d2d9ed-8f82-49cb-956c-b377d43edd2f	72006	1.0	confident	Candidatus_Solibacter_sp.	Bacteria
8ee67641-3df6-4998-acfe-21ab53e22316	72006	1.0	confident	Candidatus_Solibacter_sp.	Bacteria
f4c173b9-46d1-451f-8240-2dd3d0c73e5b	72006	1.0	confident	Candidatus_Solibacter_sp.	Bacteria
7bcb6b10-4634-4374-a8ea-3b6ff46cfa81	72006	1.0	confident	Candidatus_Solibacter_sp.	Bacteria
c9901a58-b944-4f44-b2a3-e95cd926cd0a	72006	1.0	confident	Candidatus_Solibacter_sp.	Bacteria
1400fac0-ec09-4905-8c56-d35062142701	72006	1.0	confident	Candidatus_Solibacter_sp.	Bacteria
9905cf0c-ba7e-4e2e-a3ff-0ea0de496e9a	72006	1.0	confident	Candidatus_Solibacter_sp.	Bacteria
bdf96926-5312-4eae-9374-575e1e8b1fc8	72006	1.0	confident	Candidatus_Solibacter_sp.	Bacteria
03305d0e-cbf9-4889-81f8-4208847c2f82	72006	1.0	confident	Candidatus_Solibacter_sp.	Bacteria
6f38ced2-ff7a-4270-8e12-91fc42350351	72006	1.0	confident	Candidatus_Solibacter_sp.	Bacteria
be0ffde9-2a57-41a4-bc8c-390793b5301b	72006	1.0	confident	Candidatus_Solibacter_sp.	Bacteria
c1ca6f6c-00af-41b3-9ad1-7552a40b96e0	72006	1.0	confident	Candidatus_Solibacter_sp.	Bacteria
4bfc340e-117e-4a90-964f-848e40fbe365	72006	1.0	confident	Candidatus_Solibacter_sp.	Bacteria
737213b6-5c02-4469-a923-495ae8e14846	72006	1.0	confident	Candidatus_Solibacter_sp.	Bacteria
003df465-654d-4e93-a822-499f3a30a37e	72006	1.0	confident	Candidatus_Solibacter_sp.	Bacteria
20b2b172-8002-4399-9f80-8866ed430485	72006	1.0	confident	Candidatus_Solibacter_sp.	Bacteria
dd1d710a-52a7-4470-bbf4-63becac7e135	72006	1.0	confident	Candidatus_Solibacter_sp.	Bacteria
4a7996a9-14c8-4ed4-b81e-86e7281565af	72006	1.0	confident	Candidatus_Solibacter_sp.	Bacteria
84285cc5-014c-4c04-90ae-68a1b29c5b52	72006	1.0	confident	Candidatus_Solibacter_sp.	Bacteria
cfc69ffb-495d-4ece-9f99-ff814eb934c5	72006	1.0	confident	Candidatus_Solibacter_sp.	Bacteria
5cc59075-675a-42bf-b56a-3308e23a2493	72006	1.0	confident	Candidatus_Solibacter_sp.	Bacteria
ea8f7ab7-fc1b-481f-841c-1b5112372421	72006	1.0	confident	Candidatus_Solibacter_sp.	Bacteria
a4ddad41-1851-44f6-9754-e41e42bb1359	72006	1.0	confident	Candidatus_Solibacter_sp.	Bacteria
fef74ddb-d55e-4ee3-a10f-5eba0796d2c7	72006	1.0	confident	Candidatus_Solibacter_sp.	Bacteria
e809415a-28cb-40c6-a394-5eeef3f0af3f	72006	1.0	confident	Candidatus_Solibacter_sp.	Bacteria
159f5428-bde3-457e-b467-78ed5f427222	72006	1.0	confident	Candidatus_Solibacter_sp.	Bacteria
c4579fa9-399d-40d7-b116-e712334a5587	72006	1.0	confident	Candidatus_Solibacter_sp.	Bacteria
3c782eef-f8a0-4fd2-ad03-e68cc5b7b135	72006	1.0	confident	Candidatus_Solibacter_sp.	Bacteria
db067e42-b80a-44f3-8f1b-ed17b4a7fde4	72006	1.0	confident	Candidatus_Solibacter_sp.	Bacteria
fbc32040-7a6f-4392-afca-7df2844c97ad	72006	1.0	confident	Candidatus_Solibacter_sp.	Bacteria
24f7fe07-f660-4b0e-a443-2ed0bfcc3bb8	72006	1.0	confident	Candidatus_Solibacter_sp.	Bacteria
705dff33-8521-4c1b-84a9-566617cc54a7	72006	1.0	confident	Candidatus_Solibacter_sp.	Bacteria
11c11cb3-cf35-40d2-8882-abb5bdbbbb8f	72006	1.0	confident	Candidatus_Solibacter_sp.	Bacteria
ccbf246e-d3d7-4ac9-af69-8438c390b348	72006	1.0	confident	Candidatus_Solibacter_sp.	Bacteria
9a114955-bba5-4708-9305-db49b3d24d7f	72006	1.0	confident	Candidatus_Solibacter_sp.	Bacteria
2c4b0fe7-215e-4537-8eaa-ef1cfa8ff8ba	72006	1.0	confident	Candidatus_Solibacter_sp.	Bacteria
b141a4e5-092a-4910-9e3b-9d43e2697595	72006	1.0	confident	Candidatus_Solibacter_sp.	Bacteria
87fa76f5-b86a-40c5-b9b1-1dbd2eb4315d	72006	1.0	confident	Candidatus_Solibacter_sp.	Bacteria
f9f86fd3-de21-4da3-b921-e2cbaa997752	72006	1.0	confident	Candidatus_Solibacter_sp.	Bacteria
07bcd9c9-0c4c-45ba-ab77-177736c56655	72006	1.0	confident	Candidatus_Solibacter_sp.	Bacteria
43419ec7-2ff2-49a5-9309-a7975fc30fe0	72006	1.0	confident	Candidatus_Solibacter_sp.	Bacteria
aca22835-9503-49ef-bacc-9c4fbaf9b217	72006	1.0	confident	Candidatus_Solibacter_sp.	Bacteria
b06d9f10-0f4b-41a1-bd2f-ba9ee28d058b	72006	1.0	confident	Candidatus_Solibacter_sp.	Bacteria
b80680f7-748e-4c0e-8857-f88914f08a75	72006	1.0	confident	Candidatus_Solibacter_sp.	Bacteria
4785ae31-a13b-45c9-8fed-26fe682f9bf0	72006	1.0	confident	Candidatus_Solibacter_sp.	Bacteria
9dd35544-4e91-4f40-8657-1244f2978e5a	72006	1.0	confident	Candidatus_Solibacter_sp.	Bacteria
fcd349d3-1fb7-4a62-88ff-a068081ed376	72006	1.0	confident	Candidatus_Solibacter_sp.	Bacteria
3109f3e7-6150-4404-8abd-3190e918364b	72006	1.0	confident	Candidatus_Solibacter_sp.	Bacteria
c9963bee-0e36-4d55-abbc-8837108827e4	72006	1.0	confident	Candidatus_Solibacter_sp.	Bacteria
7455be59-8ce3-4e76-870c-c12828491ff1	72006	1.0	confident	Candidatus_Solibacter_sp.	Bacteria
09df8f1b-d282-4fdf-9b80-d7183428bce5	72006	1.0	confident	Candidatus_Solibacter_sp.	Bacteria
0af67fff-679d-43ee-bdea-e15707696284	72006	1.0	confident	Candidatus_Solibacter_sp.	Bacteria
2f2fdcea-b3fc-4c12-905a-1f783c062a44	72006	1.0	confident	Candidatus_Solibacter_sp.	Bacteria
95256a74-ace7-45bd-b844-bbca524fef15	72006	1.0	confident	Candidatus_Solibacter_sp.	Bacteria
4057bfe7-696e-4700-847b-3444717f0061	72006	1.0	confident	Candidatus_Solibacter_sp.	Bacteria
8bb3e278-c739-4325-a25f-ce7cf09e9925	72006	1.0	confident	Candidatus_Solibacter_sp.	Bacteria
6df5b2d9-f0b9-4396-a308-d6364aee0608	72006	1.0	confident	Candidatus_Solibacter_sp.	Bacteria
d1deedc1-aef8-4641-8c08-6ef7df3fc85c	72006	1.0	confident	Candidatus_Solibacter_sp.	Bacteria
38845d2e-1406-47b5-baf1-8314c081df8e	72006	1.0	confident	Candidatus_Solibacter_sp.	Bacteria
97e9c074-9108-4aa0-ae59-9ec354949451	72006	1.0	confident	Candidatus_Solibacter_sp.	Bacteria
184d4697-9ed3-4ef4-83b2-ff890ae3a004	72006	1.0	confident	Candidatus_Solibacter_sp.	Bacteria
99064459-d321-4616-b4fc-cd964c2d9e10	72006	1.0	confident	Candidatus_Solibacter_sp.	Bacteria
e83b16e9-5222-4289-b12d-9cf36c011270	72006	1.0	confident	Candidatus_Solibacter_sp.	Bacteria
234e3f32-9158-4d6e-8905-38c756eff54b	72006	1.0	confident	Candidatus_Solibacter_sp.	Bacteria
9bd98371-4d71-4ecf-91df-03a7f90b5505	72006	1.0	confident	Candidatus_Solibacter_sp.	Bacteria
d8c3a9db-114d-491c-84e8-44c71ba2b722	72006	1.0	confident	Candidatus_Solibacter_sp.	Bacteria
5421485d-0923-4ec3-b569-b3fa1a303898	72006	1.0	confident	Candidatus_Solibacter_sp.	Bacteria
91311a9b-b480-4ce6-916b-cfa7fbf4a275	72006	1.0	confident	Candidatus_Solibacter_sp.	Bacteria
11c81c01-0763-40b4-8f2d-7a780261c099	72006	1.0	confident	Candidatus_Solibacter_sp.	Bacteria
a618e398-9f1b-4643-a666-a570f0391641	72006	1.0	confident	Candidatus_Solibacter_sp.	Bacteria
bd6b9bd2-19cb-4c92-ad62-f89206fdbb5c	72006	1.0	confident	Candidatus_Solibacter_sp.	Bacteria
3b1b478e-57fe-4d82-802b-c703a8c31059	72006	1.0	confident	Candidatus_Solibacter_sp.	Bacteria
7042f8d3-e6ce-4003-b683-90f381be0181	72006	1.0	confident	Candidatus_Solibacter_sp.	Bacteria
e9d83219-1766-4061-8e3f-f25d0856d5c0	72006	1.0	confident	Candidatus_Solibacter_sp.	Bacteria
bab622bc-2bea-4e5c-8d67-c75017b76956	72006	1.0	confident	Candidatus_Solibacter_sp.	Bacteria
666fe7b2-26f9-4bee-a0b3-db9a4bcabbcf	72006	1.0	confident	Candidatus_Solibacter_sp.	Bacteria
f9f2e0df-b223-4e76-ba5c-beddb718a673	72006	1.0	confident	Candidatus_Solibacter_sp.	Bacteria
f2ebbc5b-d931-4118-9f50-c6630487f5eb	72006	1.0	confident	Candidatus_Solibacter_sp.	Bacteria
9511fb9c-5c0d-43cf-9eec-52381bf98cd3	72006	1.0	confident	Candidatus_Solibacter_sp.	Bacteria
3c870e52-bbb4-408e-b0d9-365b5441efad	72006	1.0	confident	Candidatus_Solibacter_sp.	Bacteria
bbccb1ae-065d-4058-9a99-56879d7e130e	72006	1.0	confident	Candidatus_Solibacter_sp.	Bacteria
e5b17207-50da-4854-8797-f7309c47b27b	72006	1.0	confident	Candidatus_Solibacter_sp.	Bacteria
8b2d2734-ae17-4bbf-a5eb-cc08ceff4db2	72006	1.0	confident	Candidatus_Solibacter_sp.	Bacteria
9c4b4299-0406-4942-8705-b160564204d7	72006	1.0	confident	Candidatus_Solibacter_sp.	Bacteria
5c1ca12c-cb77-4a7d-932a-a19ca14b8372	72006	1.0	confident	Candidatus_Solibacter_sp.	Bacteria
0efb32bd-b137-4db1-8e9c-d7ccfef00bfe	72006	1.0	confident	Candidatus_Solibacter_sp.	Bacteria
2bda735a-5df3-427f-8e2e-87953ac6b10e	72006	1.0	confident	Candidatus_Solibacter_sp.	Bacteria
64c6fbf3-d934-497a-91f5-afdd4aee6843	72006	1.0	confident	Candidatus_Solibacter_sp.	Bacteria
16dac965-a2c1-4952-a560-25644f5ed132	72006	1.0	confident	Candidatus_Solibacter_sp.	Bacteria
eea54b25-e0b0-4b04-861d-a1eea5131ed4	72006	1.0	confident	Candidatus_Solibacter_sp.	Bacteria
bd82d147-2840-41e1-9cc1-81abe75e8529	72006	1.0	confident	Candidatus_Solibacter_sp.	Bacteria
fd8b77f2-6f16-488a-afe7-9a9df28122fb	72006	1.0	confident	Candidatus_Solibacter_sp.	Bacteria
8fbec80c-1da4-4d89-bafb-452aaae9b0b0	72006	1.0	confident	Candidatus_Solibacter_sp.	Bacteria
1841fb68-99c2-4a9d-a703-7c4db61c8ea5	72006	1.0	confident	Candidatus_Solibacter_sp.	Bacteria
baaefb5d-92c5-43a4-95c9-29e51045d747	72006	1.0	confident	Candidatus_Solibacter_sp.	Bacteria
7dcc64e7-8065-45e7-ae42-a9392eb44224	72006	1.0	confident	Candidatus_Solibacter_sp.	Bacteria
03bad8f3-7b5e-41c4-841b-218756ae70aa	72006	1.0	confident	Candidatus_Solibacter_sp.	Bacteria
8f53b8a2-2f19-49fa-a94a-19a3895f524c	72006	1.0	confident	Candidatus_Solibacter_sp.	Bacteria
2b9f2e7f-1ce8-4404-a2b9-e6920980fc46	72006	1.0	confident	Candidatus_Solibacter_sp.	Bacteria
5a4814ed-bd41-4559-aad0-46580f72724e	72006	1.0	confident	Candidatus_Solibacter_sp.	Bacteria
41e89558-ecf9-4ca2-9138-8724c6609001	72006	1.0	confident	Candidatus_Solibacter_sp.	Bacteria
fb136ef8-db33-4ddf-b3d0-3d50eddc52d3	72006	1.0	confident	Candidatus_Solibacter_sp.	Bacteria
2c2872de-f53d-445c-b96c-be6f0c3cd382	72006	1.0	confident	Candidatus_Solibacter_sp.	Bacteria
5dcf01c6-6c5c-4fb2-ae1e-3599e794d993	72006	1.0	confident	Candidatus_Solibacter_sp.	Bacteria
6fc81c9d-27ea-4485-82f9-107e1287169f	72006	1.0	confident	Candidatus_Solibacter_sp.	Bacteria
6795df51-9334-4066-a692-2cacb2d9ccc1	72006	1.0	confident	Candidatus_Solibacter_sp.	Bacteria
0c42ad86-a43d-4fea-be99-b8bbf26f8b8f	72006	1.0	confident	Candidatus_Solibacter_sp.	Bacteria
4fd75279-dec4-43f2-a468-518021463ce3	72006	1.0	confident	Candidatus_Solibacter_sp.	Bacteria
a6094fec-224f-4fc7-8cbe-eeaad05fdaa0	72006	1.0	confident	Candidatus_Solibacter_sp.	Bacteria
c5756155-cd55-4273-9a2d-e05287a452bb	72006	1.0	confident	Candidatus_Solibacter_sp.	Bacteria
00e1b13b-d5d4-46d7-8e4c-fa28ee063bf6	72006	1.0	confident	Candidatus_Solibacter_sp.	Bacteria
22e8565c-259c-4121-ab5e-fd8a49eb9b41	72006	1.0	confident	Candidatus_Solibacter_sp.	Bacteria
6f92afbf-e809-428b-90a8-6b9bc858b3d7	72006	1.0	confident	Candidatus_Solibacter_sp.	Bacteria
f47aa992-0d12-4de9-8ad3-8d94dfc4a63b	72006	1.0	confident	Candidatus_Solibacter_sp.	Bacteria
f070a2f9-4f53-46bf-8c85-aef49e649a3e	72006	1.0	confident	Candidatus_Solibacter_sp.	Bacteria
93120ecc-8678-4875-a7bd-c2611178fac7	72006	1.0	confident	Candidatus_Solibacter_sp.	Bacteria
a93544a6-cc42-4284-a364-8e6d436715df	72006	1.0	confident	Candidatus_Solibacter_sp.	Bacteria
a861f605-f47d-496b-b942-dea52be2118d	72006	1.0	confident	Candidatus_Solibacter_sp.	Bacteria
3d042550-11e8-456d-8e95-9cb26abb7338	72006	1.0	confident	Candidatus_Solibacter_sp.	Bacteria
dbe2724d-af75-4ecc-9c8f-2cfa4e53c1d6	72006	1.0	confident	Candidatus_Solibacter_sp.	Bacteria
c961545d-1687-4ad7-8d3c-0b43a0b95fe5	72006	1.0	confident	Candidatus_Solibacter_sp.	Bacteria
acf5c418-56ce-4c1e-801c-442a12819df7	72006	1.0	confident	Candidatus_Solibacter_sp.	Bacteria
afcdf72a-97f5-4ee7-bd85-ca5dfb38bb2c	72006	1.0	confident	Candidatus_Solibacter_sp.	Bacteria
4ef58588-ec50-4113-b341-7ba22610b64d	72006	1.0	confident	Candidatus_Solibacter_sp.	Bacteria
c2a726b4-0d5e-46c8-b7c0-38e686c497fb	72006	1.0	confident	Candidatus_Solibacter_sp.	Bacteria
44137901-3519-4c93-afe7-cc9332f14540	72006	1.0	confident	Candidatus_Solibacter_sp.	Bacteria
6911decd-f3a0-4878-afac-0d861d3b2930	72006	1.0	confident	Candidatus_Solibacter_sp.	Bacteria
b0322809-df73-43b2-a60c-b6065460f7f0	72006	1.0	confident	Candidatus_Solibacter_sp.	Bacteria
082d889d-c576-4f77-9eb9-34c6e55eff41	72006	1.0	confident	Candidatus_Solibacter_sp.	Bacteria
68ddcfbc-0bea-4dbc-b88b-1dd6924e3c5b	72006	1.0	confident	Candidatus_Solibacter_sp.	Bacteria
30efbe32-66ca-43cc-91d0-d2ca42895b34	72006	1.0	confident	Candidatus_Solibacter_sp.	Bacteria
c73d1af8-e55a-4f93-bd1a-bb13c74a283b	72006	1.0	confident	Candidatus_Solibacter_sp.	Bacteria
93499e37-3ac9-4218-88ca-f9d2734015fe	72006	1.0	confident	Candidatus_Solibacter_sp.	Bacteria
e2a9dc2d-895f-4c53-8872-1ad0e2466f4b	72006	1.0	confident	Candidatus_Solibacter_sp.	Bacteria
cef54f70-8871-48a1-8e9d-a7334e2545d8	72006	1.0	confident	Candidatus_Solibacter_sp.	Bacteria
b794fa2e-bc37-4fc9-9882-fd085c6a9a1b	72006	1.0	confident	Candidatus_Solibacter_sp.	Bacteria
b971d834-d70f-4a8a-b438-24808d680ce5	72006	1.0	confident	Candidatus_Solibacter_sp.	Bacteria
d75a8aa1-acf6-47a3-96ff-90d44ba80939	72006	1.0	confident	Candidatus_Solibacter_sp.	Bacteria
1ade3619-8719-48c1-be25-6687a6558606	72006	1.0	confident	Candidatus_Solibacter_sp.	Bacteria
e0d54e0a-a571-498b-b533-30b92b3185fa	72006	1.0	confident	Candidatus_Solibacter_sp.	Bacteria
7cb344d1-8a4f-454c-a997-eca4c9a21c4a	72006	1.0	confident	Candidatus_Solibacter_sp.	Bacteria
65189b65-d6cb-4033-b732-2e539d8d69e0	72006	1.0	confident	Candidatus_Solibacter_sp.	Bacteria
7ff10930-487c-4783-9714-b999661c4d7c	72006	1.0	confident	Candidatus_Solibacter_sp.	Bacteria
150da6b5-2f07-4387-b340-1d2bf55521fb	72006	1.0	confident	Candidatus_Solibacter_sp.	Bacteria
a47880cf-47a6-4cea-8d5c-8185d05edc8b	72006	1.0	confident	Candidatus_Solibacter_sp.	Bacteria
3edae81a-8139-448b-a1ce-7a05b851e7a7	72006	1.0	confident	Candidatus_Solibacter_sp.	Bacteria
aedaef35-a465-40d1-aab9-4192724e8cf9	72006	1.0	confident	Candidatus_Solibacter_sp.	Bacteria
988730cd-8d62-49ac-b8df-3421fac46a31	72006	1.0	confident	Candidatus_Solibacter_sp.	Bacteria
c5f6ca06-7d74-43e8-bce7-6a0bc0599ce0	72006	1.0	confident	Candidatus_Solibacter_sp.	Bacteria
977dd059-e541-4343-9bc2-3c541fd87ea7	72006	1.0	confident	Candidatus_Solibacter_sp.	Bacteria
23ae1da7-254f-4621-abc3-31a49dbb3b19	72006	1.0	confident	Candidatus_Solibacter_sp.	Bacteria
1308b9e3-4666-4f2b-9dcf-42e95a803dd8	72006	1.0	confident	Candidatus_Solibacter_sp.	Bacteria
4203423c-0881-45d7-9cc5-0f2bd08bf979	72006	1.0	confident	Candidatus_Solibacter_sp.	Bacteria
75d7b6dc-f66c-4469-866f-d00982faf97b	72006	1.0	confident	Candidatus_Solibacter_sp.	Bacteria
68e3fab5-fa7f-419e-951a-b3f03d08aa3c	72006	1.0	confident	Candidatus_Solibacter_sp.	Bacteria
9d76c5be-18cb-40c8-8ad9-21045d365524	72006	1.0	confident	Candidatus_Solibacter_sp.	Bacteria
b3443595-b5ab-49d3-a0d5-395ce530c3c1	72006	1.0	confident	Candidatus_Solibacter_sp.	Bacteria
64e3cc86-412a-41d8-a2d2-749116f590bf	72006	1.0	confident	Candidatus_Solibacter_sp.	Bacteria
6793af27-7a6e-42e4-bd0c-a6cb42881b1e	72006	1.0	confident	Candidatus_Solibacter_sp.	Bacteria
29b1355b-5f33-48d3-b287-f3a7e0ad5c0e	72006	1.0	confident	Candidatus_Solibacter_sp.	Bacteria
8a0e5105-13de-4c00-b4bc-bb8c4d897e28	72006	1.0	confident	Candidatus_Solibacter_sp.	Bacteria
7cd869cc-71df-45ea-8aba-a0a41bd2d5b5	72006	1.0	confident	Candidatus_Solibacter_sp.	Bacteria
2cd16347-e50b-412d-9b56-fbd39c4cf0a3	72006	1.0	confident	Candidatus_Solibacter_sp.	Bacteria
450c40e0-a603-4247-b6f1-b87289a4d593	72006	1.0	confident	Candidatus_Solibacter_sp.	Bacteria
ff0d2527-4386-4dd8-8058-05364f1c1459	72006	1.0	confident	Candidatus_Solibacter_sp.	Bacteria
d68aecb0-696e-4f74-964d-44f83ddab7c4	72006	1.0	confident	Candidatus_Solibacter_sp.	Bacteria
2bdd686e-6ceb-4d8a-9b98-84ffe6096ef1	72006	1.0	confident	Candidatus_Solibacter_sp.	Bacteria
a00826cd-01b0-4599-84f4-11277b25144e	72006	1.0	confident	Candidatus_Solibacter_sp.	Bacteria
4afbb167-d95c-4cd4-ab20-c78f0d7f8bdb	72006	1.0	confident	Candidatus_Solibacter_sp.	Bacteria
1149ad34-6663-4a52-a2e9-63f077b5fc34	72006	1.0	confident	Candidatus_Solibacter_sp.	Bacteria
c4b51e26-e22c-4df9-8942-022ece3ec193	72006	1.0	confident	Candidatus_Solibacter_sp.	Bacteria
04a67fe3-6197-41f3-a585-e526a69f555e	72006	1.0	confident	Candidatus_Solibacter_sp.	Bacteria
08ad6156-eb7d-48b3-85da-e252021a48a5	72006	1.0	confident	Candidatus_Solibacter_sp.	Bacteria
f1dd9cd1-3e2d-41e4-9a8c-2f92cf2a13c4	72006	1.0	confident	Candidatus_Solibacter_sp.	Bacteria
547fb285-6bf8-4bf9-bc55-2bc79f83a422	72006	1.0	confident	Candidatus_Solibacter_sp.	Bacteria
a7c586a6-9eec-4f6d-a320-acd1491e3b2b	72006	1.0	confident	Candidatus_Solibacter_sp.	Bacteria
efcb0bf3-d476-43e8-af95-639a89855961	72006	1.0	confident	Candidatus_Solibacter_sp.	Bacteria
6de23158-ab66-4ec9-b5c0-237e2a2425fd	72006	1.0	confident	Candidatus_Solibacter_sp.	Bacteria
7a87b99b-21d5-46b6-a309-06af657f35a3	72006	1.0	confident	Candidatus_Solibacter_sp.	Bacteria
5bdd4538-17eb-4868-bafe-a10d11664084	72006	1.0	confident	Candidatus_Solibacter_sp.	Bacteria
4e228085-1ffa-467d-80ee-c9a4325e09c2	72006	1.0	confident	Candidatus_Solibacter_sp.	Bacteria
b3af9d76-4dc3-462a-a193-2dff8fb3e532	72006	1.0	confident	Candidatus_Solibacter_sp.	Bacteria
0fd5bf7f-637a-4e45-8a36-a9af4eb0a306	72006	1.0	confident	Candidatus_Solibacter_sp.	Bacteria
bdf1ac86-2fe5-4493-8123-df47be04b2be	72006	1.0	confident	Candidatus_Solibacter_sp.	Bacteria
0a001772-28d6-404e-8dc4-62821af5c15c	72006	1.0	confident	Candidatus_Solibacter_sp.	Bacteria
b8851280-65b7-41e6-9338-27f6f52d217c	72006	1.0	confident	Candidatus_Solibacter_sp.	Bacteria
8a8b7707-45ee-406a-a41f-3f2d0c3edad9	72006	1.0	confident	Candidatus_Solibacter_sp.	Bacteria
b7b82353-efd8-4a9d-aac9-c257881ef281	72006	1.0	confident	Candidatus_Solibacter_sp.	Bacteria
e4eac2eb-128b-4286-859a-5ebb84a62e0d	72006	1.0	confident	Candidatus_Solibacter_sp.	Bacteria
646ee7bf-098b-45aa-a300-caa92357b260	72006	1.0	confident	Candidatus_Solibacter_sp.	Bacteria
5f43b459-77b6-45db-b3d8-b1b7b46241f0	72006	1.0	confident	Candidatus_Solibacter_sp.	Bacteria
51f375c9-cd17-4e65-8d70-d7880c336fc3	72006	1.0	confident	Candidatus_Solibacter_sp.	Bacteria
5fad0d2b-6f34-4545-bce2-dc245c391edb	72006	1.0	confident	Candidatus_Solibacter_sp.	Bacteria
481f84ae-ba4f-4a67-b009-cd1f33f85e28	72006	1.0	confident	Candidatus_Solibacter_sp.	Bacteria
7802add9-d253-4d4e-adbe-fbedd75ff9e6	72006	1.0	confident	Candidatus_Solibacter_sp.	Bacteria
65ac3412-705c-4874-92e5-8fe6a35a3c0e	72006	1.0	confident	Candidatus_Solibacter_sp.	Bacteria
8314e226-b10c-4d0f-9d6b-9cd6a22861af	72006	1.0	confident	Candidatus_Solibacter_sp.	Bacteria
92278e6b-8f84-440e-a055-4e8f4ac6abbd	72006	1.0	confident	Candidatus_Solibacter_sp.	Bacteria
dca8c5ce-f524-4f85-9505-c1216b5b5d60	72006	1.0	confident	Candidatus_Solibacter_sp.	Bacteria
da29b481-cb12-4135-8dda-8e77caac326b	72006	1.0	confident	Candidatus_Solibacter_sp.	Bacteria
8fc307ef-8a8d-47d6-9eda-92f72c47ccb6	72006	1.0	confident	Candidatus_Solibacter_sp.	Bacteria
cd789900-3ea1-43a7-8a8d-d2b086ecf577	72006	1.0	confident	Candidatus_Solibacter_sp.	Bacteria
d89a896d-425e-4d21-a937-7824d2580198	72006	1.0	confident	Candidatus_Solibacter_sp.	Bacteria
169d56df-84e8-4583-a998-9e9f73cc8eeb	72006	1.0	confident	Candidatus_Solibacter_sp.	Bacteria
25774cdb-fbb3-4e55-ad29-bff187bd7f00	72006	1.0	confident	Candidatus_Solibacter_sp.	Bacteria
a56d397b-4662-4d0d-95bb-fc82c04c8214	72006	1.0	confident	Candidatus_Solibacter_sp.	Bacteria
8cff8969-5c58-48e5-80c2-a14d40719e00	72006	1.0	confident	Candidatus_Solibacter_sp.	Bacteria
67f21734-e40d-4912-b30c-c58b972491f9	72006	1.0	confident	Candidatus_Solibacter_sp.	Bacteria
72285d2a-a855-4aa2-b8b0-51737ccffdb0	72006	1.0	confident	Candidatus_Solibacter_sp.	Bacteria
48ef40c7-598f-42d3-aa8a-49a9d79a97a9	72006	1.0	confident	Candidatus_Solibacter_sp.	Bacteria
b6c57b36-de53-4fa6-aacc-1d057bb44da7	72006	1.0	confident	Candidatus_Solibacter_sp.	Bacteria
3f037702-1724-4ca7-8999-ecf484047972	72006	1.0	confident	Candidatus_Solibacter_sp.	Bacteria
e237088c-3396-4044-98a1-e777c3f643fa	72006	1.0	confident	Candidatus_Solibacter_sp.	Bacteria
9adc13b6-d0ba-423e-95f5-2d4dcad75179	72006	1.0	confident	Candidatus_Solibacter_sp.	Bacteria
c24b3c42-9015-486d-a5bc-80411a72284e	72006	1.0	confident	Candidatus_Solibacter_sp.	Bacteria
0fef5b9e-979e-496e-bcd8-2038654c42ab	72006	1.0	confident	Candidatus_Solibacter_sp.	Bacteria
7e2de282-b1cb-44de-8379-8803beec3c02	72006	1.0	confident	Candidatus_Solibacter_sp.	Bacteria
572fe405-4fff-41ab-aaa6-0db4ff200792	72006	1.0	confident	Candidatus_Solibacter_sp.	Bacteria
cbc14c16-42cd-4b07-a17f-236338c129f6	72006	1.0	confident	Candidatus_Solibacter_sp.	Bacteria
c2d524b5-a3ad-4a80-a976-e06bc73ae380	72006	1.0	confident	Candidatus_Solibacter_sp.	Bacteria
8b14672c-a1ba-4c13-b64e-c4dcf8f8544c	72006	1.0	confident	Candidatus_Solibacter_sp.	Bacteria
ad61c738-8461-4459-9428-72418f040f4f	72006	1.0	confident	Candidatus_Solibacter_sp.	Bacteria
ed97ef3b-3b9a-4d87-9532-d0c171ea8590	72006	1.0	confident	Candidatus_Solibacter_sp.	Bacteria
3dbb0402-6b60-40ec-9aab-457f62e3e91c	72006	1.0	confident	Candidatus_Solibacter_sp.	Bacteria
d269e82a-c4d4-4fec-b099-68cb97630cf6	72006	1.0	confident	Candidatus_Solibacter_sp.	Bacteria
37ff81c4-b748-46af-9f56-1dc02911d87d	72006	1.0	confident	Candidatus_Solibacter_sp.	Bacteria
672981de-6cd2-425c-a556-6a14c09587c4	72006	1.0	confident	Candidatus_Solibacter_sp.	Bacteria
d0460249-435b-4eff-907a-71a604be24ac	72006	1.0	confident	Candidatus_Solibacter_sp.	Bacteria
e72ac11a-83ed-461f-bc7e-30fca415d48e	72006	1.0	confident	Candidatus_Solibacter_sp.	Bacteria
61e39650-3a8d-4f82-9758-45940939995b	72006	1.0	confident	Candidatus_Solibacter_sp.	Bacteria
22e56432-d8f5-41b8-adcf-800292a1a0c4	72006	1.0	confident	Candidatus_Solibacter_sp.	Bacteria
1993dd78-9f06-41d4-ac71-c6b670dafd4e	72006	1.0	confident	Candidatus_Solibacter_sp.	Bacteria
7f8a3cf4-9518-4bcc-a52d-f69825707bdf	72006	1.0	confident	Candidatus_Solibacter_sp.	Bacteria
0c890ce6-d90a-4b9e-9ad4-dc5ea10e458b	72006	1.0	confident	Candidatus_Solibacter_sp.	Bacteria
911f6b8e-f8d8-4e11-8f9f-84d0b5eb86c5	72006	1.0	confident	Candidatus_Solibacter_sp.	Bacteria
a23deeb1-d9c4-48f8-a9b4-d6d87885fb9f	72006	1.0	confident	Candidatus_Solibacter_sp.	Bacteria
97bcb6b1-bda2-414a-b33f-ac064c40265d	72006	1.0	confident	Candidatus_Solibacter_sp.	Bacteria
2e9eead8-1205-4435-956f-75c28c4330b3	72006	1.0	confident	Candidatus_Solibacter_sp.	Bacteria
ab67234f-f475-499f-a48c-24f9e74dbb24	72006	1.0	confident	Candidatus_Solibacter_sp.	Bacteria
a36f80a7-ab83-4fb3-92a8-404dd757caac	72006	1.0	confident	Candidatus_Solibacter_sp.	Bacteria
2dc8ea50-3234-4318-a043-0d6431b1f1eb	72006	1.0	confident	Candidatus_Solibacter_sp.	Bacteria
68633d11-4638-47ae-b9c3-bc3ce236dcfe	72006	1.0	confident	Candidatus_Solibacter_sp.	Bacteria
f6b2bca6-3435-4046-b176-a2cf59080986	72006	1.0	confident	Candidatus_Solibacter_sp.	Bacteria
f905eb27-9115-4177-b569-b2263b849b09	72006	1.0	confident	Candidatus_Solibacter_sp.	Bacteria
1fb298bc-955a-4e50-98ef-f9bbce3a4ce7	72006	1.0	confident	Candidatus_Solibacter_sp.	Bacteria
4af7400d-182b-425b-8627-6c89758b3c7d	72006	1.0	confident	Candidatus_Solibacter_sp.	Bacteria
c1a4099c-60fb-4d0c-be73-ceadba952309	72006	1.0	confident	Candidatus_Solibacter_sp.	Bacteria
a04085f6-49ff-41c9-868b-b12c23984452	72006	1.0	confident	Candidatus_Solibacter_sp.	Bacteria
f35f3bb3-9693-4e8f-a8c2-cecea743fbb1	72006	1.0	confident	Candidatus_Solibacter_sp.	Bacteria
f3ed541c-f48c-4fc3-aa71-4c83001e8bd0	72006	1.0	confident	Candidatus_Solibacter_sp.	Bacteria
d41b3928-48a6-4361-8499-fee11cfb1212	72006	1.0	confident	Candidatus_Solibacter_sp.	Bacteria
62bb94f2-06a4-4547-a085-d50faba10ad1	72006	1.0	confident	Candidatus_Solibacter_sp.	Bacteria
25f91636-bd85-4cad-ae41-be11f386dae2	72006	1.0	confident	Candidatus_Solibacter_sp.	Bacteria
97b9a941-76c9-41c4-b8c5-a5422f8be990	72006	1.0	confident	Candidatus_Solibacter_sp.	Bacteria
de4103bb-d9fe-4ecb-9686-c86ed687b966	72006	1.0	confident	Candidatus_Solibacter_sp.	Bacteria
c7302d0f-c18b-428e-a68e-4a06c2482e64	72006	1.0	confident	Candidatus_Solibacter_sp.	Bacteria
a6243a6f-b5f1-44de-9063-2f3cfac03e7a	72006	1.0	confident	Candidatus_Solibacter_sp.	Bacteria
e47341d3-7145-49f6-ac31-b899e0eb08b9	72006	1.0	confident	Candidatus_Solibacter_sp.	Bacteria
65df0b7f-10cb-43a5-ae23-db24148a56c1	72006	1.0	confident	Candidatus_Solibacter_sp.	Bacteria
3ba6ff03-ec19-4ee0-80b5-cfcc04f7d5e7	72006	1.0	confident	Candidatus_Solibacter_sp.	Bacteria
4a03471b-6f5e-4ab0-91d1-835adf8c51f4	72006	1.0	confident	Candidatus_Solibacter_sp.	Bacteria
4b56d6be-b01c-4468-a5fc-71d17b14dcbf	72006	1.0	confident	Candidatus_Solibacter_sp.	Bacteria
84dc250c-a9f4-4196-a3ea-4602db7e4882	72006	1.0	confident	Candidatus_Solibacter_sp.	Bacteria
d153e77d-9d9c-4a9e-8cf7-de53bd1aac3e	72006	1.0	confident	Candidatus_Solibacter_sp.	Bacteria
813358c0-f685-4225-a205-e61290fc995e	72006	1.0	confident	Candidatus_Solibacter_sp.	Bacteria
5163d384-4b23-4a9c-bf59-b1d696d823cc	72006	1.0	confident	Candidatus_Solibacter_sp.	Bacteria
9ed800c4-e2b2-469f-8dd6-432c82212a79	72006	1.0	confident	Candidatus_Solibacter_sp.	Bacteria
9d51616f-511a-49c6-8bda-6d2abaae96b8	72006	1.0	confident	Candidatus_Solibacter_sp.	Bacteria
0ac4a4de-9002-48d7-9518-d925584345cf	72006	1.0	confident	Candidatus_Solibacter_sp.	Bacteria
d62462bc-4f4e-43b1-a173-d502e6a50cc5	72006	1.0	confident	Candidatus_Solibacter_sp.	Bacteria
f7d60dd2-ac9b-45e3-a574-d03363f82f79	72006	1.0	confident	Candidatus_Solibacter_sp.	Bacteria
103204eb-ccef-4fdc-9d5e-6650a35f61ff	72006	1.0	confident	Candidatus_Solibacter_sp.	Bacteria
6e9a41b8-4a2b-4284-b591-493f1426e355	72006	1.0	confident	Candidatus_Solibacter_sp.	Bacteria
89fa9e2a-ef8c-49a2-88b5-b102a0d5e6a3	72006	1.0	confident	Candidatus_Solibacter_sp.	Bacteria
94c0339b-b6cf-409f-b263-ec08705db9a5	72006	1.0	confident	Candidatus_Solibacter_sp.	Bacteria
690e1e5a-8520-49bd-8f0d-4a265a6ec257	72006	1.0	confident	Candidatus_Solibacter_sp.	Bacteria
e9106d59-1f65-4d32-a5cb-05d7df724b79	72006	1.0	confident	Candidatus_Solibacter_sp.	Bacteria
c5ff9020-0c34-4cb0-9e1e-4a56aab1212b	72006	1.0	confident	Candidatus_Solibacter_sp.	Bacteria
9fc9aa1f-cfa1-4562-b7f1-980c65edc7c4	72006	1.0	confident	Candidatus_Solibacter_sp.	Bacteria
c8ac070b-2c50-4f35-aa9c-ea9687a3b81d	72006	1.0	confident	Candidatus_Solibacter_sp.	Bacteria
fd937901-1bdb-4240-91cc-6624571408f0	72006	1.0	confident	Candidatus_Solibacter_sp.	Bacteria
1138fe4e-543e-4bbb-a11d-ea61c410380a	72006	1.0	confident	Candidatus_Solibacter_sp.	Bacteria
241c47eb-56ea-45f9-a0fb-0998d3cb86e8	72006	1.0	confident	Candidatus_Solibacter_sp.	Bacteria
2f36be00-f555-4d05-a96e-47739cd1f71c	72006	1.0	confident	Candidatus_Solibacter_sp.	Bacteria
d5fadb7d-337c-49f1-95c2-7161c63d9454	72006	1.0	confident	Candidatus_Solibacter_sp.	Bacteria
b91da7f3-14bf-440b-8227-15d4f3a290c2	72006	1.0	confident	Candidatus_Solibacter_sp.	Bacteria
121dd82c-bb18-4755-b9d2-918e0ac3ca05	72006	1.0	confident	Candidatus_Solibacter_sp.	Bacteria
987f4522-f97e-44aa-a7db-de0bcb627f40	72006	1.0	confident	Candidatus_Solibacter_sp.	Bacteria
a38895ad-ed28-4184-92d7-775f7555a628	72006	1.0	confident	Candidatus_Solibacter_sp.	Bacteria
09acc0d9-475d-48d2-b3ca-dfc288226320	72006	1.0	confident	Candidatus_Solibacter_sp.	Bacteria
ce422a3b-6c14-41e2-b92f-f8bcfd2b88f0	72006	1.0	confident	Candidatus_Solibacter_sp.	Bacteria
e83d77ec-fb67-4774-bf91-b5c3d6335055	72006	1.0	confident	Candidatus_Solibacter_sp.	Bacteria
81da4125-876e-4f67-a25b-341ba4173bd4	72006	1.0	confident	Candidatus_Solibacter_sp.	Bacteria
d0ce2143-8692-4893-a0f2-aed65f5791e9	72006	1.0	confident	Candidatus_Solibacter_sp.	Bacteria
18a7b33f-9c0e-4ccd-8600-0b06928a672d	72006	1.0	confident	Candidatus_Solibacter_sp.	Bacteria
d46269f7-568f-4e25-a28f-d439484de665	72006	1.0	confident	Candidatus_Solibacter_sp.	Bacteria
c3cc4522-782b-4499-8553-3f726a7e891f	72006	1.0	confident	Candidatus_Solibacter_sp.	Bacteria
1a7255d0-31e7-4fb1-b409-1b977b2e2bc5	72006	1.0	confident	Candidatus_Solibacter_sp.	Bacteria
29598ad0-98bc-4e5b-94e3-820adcb539ca	72006	1.0	confident	Candidatus_Solibacter_sp.	Bacteria
123b617b-f02a-4276-a85f-fef5997f5bdb	72006	1.0	confident	Candidatus_Solibacter_sp.	Bacteria
b7070775-1c41-4da3-85c1-bab5a0591074	72006	1.0	confident	Candidatus_Solibacter_sp.	Bacteria
dbbc2aa9-5134-4a2e-aad9-ef7192a5ff06	72006	1.0	confident	Candidatus_Solibacter_sp.	Bacteria
863ed725-3986-47f5-b43f-e75f130203b5	72006	1.0	confident	Candidatus_Solibacter_sp.	Bacteria
2b65ff36-a515-4d5d-9187-744bc478f178	72006	1.0	confident	Candidatus_Solibacter_sp.	Bacteria
f2a3bc33-cfb3-4f87-954d-e2ec3d6855f7	72006	1.0	confident	Candidatus_Solibacter_sp.	Bacteria
6bc40cdc-3e17-4629-9d8d-dacd8afe8129	72006	1.0	confident	Candidatus_Solibacter_sp.	Bacteria
e46afe9b-8b15-4253-8aeb-a22c948fd5f6	72006	1.0	confident	Candidatus_Solibacter_sp.	Bacteria
96d73c7e-b4f2-47d0-9378-0f64ad35136f	72006	1.0	confident	Candidatus_Solibacter_sp.	Bacteria
cc7c0d34-2c23-4826-ad96-6d43679fbf7f	72006	1.0	confident	Candidatus_Solibacter_sp.	Bacteria
60ef01c0-42ed-45a3-8a73-3e7b73e32c97	72006	1.0	confident	Candidatus_Solibacter_sp.	Bacteria
41d59e88-54b2-43e4-a074-c43388a337bc	72006	1.0	confident	Candidatus_Solibacter_sp.	Bacteria
9ac79e2c-db40-4420-8d03-ec5a96861af9	72006	1.0	confident	Candidatus_Solibacter_sp.	Bacteria
8e451612-6236-495c-ae57-9c9b3851ffdb	72006	1.0	confident	Candidatus_Solibacter_sp.	Bacteria
59fe05fd-51a8-45c7-8236-b7bf17fa854e	72006	1.0	confident	Candidatus_Solibacter_sp.	Bacteria
25fcb8cc-206f-4fec-ada1-bffc7e6a314a	72006	1.0	confident	Candidatus_Solibacter_sp.	Bacteria
6ed7bacc-0bf4-41ab-820b-389458a907cc	72006	1.0	confident	Candidatus_Solibacter_sp.	Bacteria
b36fc5a0-d8ed-448e-844a-8b595feea0e4	72006	1.0	confident	Candidatus_Solibacter_sp.	Bacteria
cddeb1be-a493-4fa7-8498-20c4e9f0afb3	72006	1.0	confident	Candidatus_Solibacter_sp.	Bacteria
37563e16-391a-4b13-84bb-c8b7099fbc43	72006	1.0	confident	Candidatus_Solibacter_sp.	Bacteria
de36d35c-c0fb-4eb0-9c32-c650a9e46a7f	72006	1.0	confident	Candidatus_Solibacter_sp.	Bacteria
a6592d89-e935-4727-80ca-5c787c9fdd5c	72006	1.0	confident	Candidatus_Solibacter_sp.	Bacteria
271da328-4d74-4761-9d10-57a9830acbb1	72006	1.0	confident	Candidatus_Solibacter_sp.	Bacteria
203fc6b6-c82b-4963-996e-5a10fe5c8059	72006	1.0	confident	Candidatus_Solibacter_sp.	Bacteria
fe0cd1a4-91d0-4041-bee8-b86258a0a057	72006	1.0	confident	Candidatus_Solibacter_sp.	Bacteria
4a930558-bda0-43b2-8664-03f641428444	72006	1.0	confident	Candidatus_Solibacter_sp.	Bacteria
379e34fb-aced-4f86-bf1f-471f9e18af81	72006	1.0	confident	Candidatus_Solibacter_sp.	Bacteria
14ba6452-d079-4c03-8326-f88d93a296f5	72006	1.0	confident	Candidatus_Solibacter_sp.	Bacteria
383bc1fa-97db-4db7-aa3b-d87441c95e10	72006	1.0	confident	Candidatus_Solibacter_sp.	Bacteria
6bb791a5-1d41-47fc-89f7-90318cbc68e5	72006	1.0	confident	Candidatus_Solibacter_sp.	Bacteria
fadbb40f-3720-4416-b747-73b9cba23e2a	72006	1.0	confident	Candidatus_Solibacter_sp.	Bacteria
a1ad0ffe-dd8e-427a-bdf1-884d7c32af84	72006	1.0	confident	Candidatus_Solibacter_sp.	Bacteria
bd7d66d4-6233-4853-8013-177bd1ab7ec3	72006	1.0	confident	Candidatus_Solibacter_sp.	Bacteria
0cab3818-6011-43ef-8186-3b9cc3d4decd	72006	1.0	confident	Candidatus_Solibacter_sp.	Bacteria
a43457aa-6f18-4f8a-ad59-42d829521bc1	72006	1.0	confident	Candidatus_Solibacter_sp.	Bacteria
7f848f36-26f3-4834-8c78-d90dc0160e91	72006	1.0	confident	Candidatus_Solibacter_sp.	Bacteria
7bf226bb-f2c1-4308-9472-236bf74bbec7	72006	1.0	confident	Candidatus_Solibacter_sp.	Bacteria
5143c92d-91d8-4833-8f69-742acf2b4181	72006	1.0	confident	Candidatus_Solibacter_sp.	Bacteria
5d8150ee-c217-40ef-94f8-60948ea3d283	72006	1.0	confident	Candidatus_Solibacter_sp.	Bacteria
298eb1ec-facf-4cfe-af67-cc3faa5bd868	72006	1.0	confident	Candidatus_Solibacter_sp.	Bacteria
c9542d0e-85d7-4a72-92b3-582a752620c5	72006	1.0	confident	Candidatus_Solibacter_sp.	Bacteria
7a2a848d-ffb9-4752-923f-b1d9e496c2d5	72006	1.0	confident	Candidatus_Solibacter_sp.	Bacteria
c1b89c1f-3ee6-4a96-94d1-0c7d26a8cbc5	72006	1.0	confident	Candidatus_Solibacter_sp.	Bacteria
30cdb6cf-a20f-4d70-952c-2eae5461d4e0	72006	1.0	confident	Candidatus_Solibacter_sp.	Bacteria
60d57deb-8d2a-4c22-8937-4ae28ff9ba66	72006	1.0	confident	Candidatus_Solibacter_sp.	Bacteria
815e716e-ebd9-43cc-9367-27f6cc31c288	72006	1.0	confident	Candidatus_Solibacter_sp.	Bacteria
6fffd4ad-f0e5-489c-b6fd-b296975f3c4e	72006	1.0	confident	Candidatus_Solibacter_sp.	Bacteria
207f3ac8-2f08-4730-a64e-ad2cca0aeb59	72006	1.0	confident	Candidatus_Solibacter_sp.	Bacteria
4057beea-180b-4607-8f45-dd1f5dfddbb5	72006	1.0	confident	Candidatus_Solibacter_sp.	Bacteria
114288f4-7af2-47a5-90d3-72c4df267917	72006	1.0	confident	Candidatus_Solibacter_sp.	Bacteria
cc21543d-8dfa-4c2e-9b1b-8e40c53d8bd3	72006	1.0	confident	Candidatus_Solibacter_sp.	Bacteria
cf9e2c63-2404-456a-9692-590936d46189	72006	1.0	confident	Candidatus_Solibacter_sp.	Bacteria
2f853751-ad6b-4fcf-86a7-00f7bf24fd09	72006	1.0	confident	Candidatus_Solibacter_sp.	Bacteria
38bd08c1-08ba-475d-8a23-9d06a7853a28	72006	1.0	confident	Candidatus_Solibacter_sp.	Bacteria
9a74363a-8f48-416d-b34c-1426d1fda2d7	72006	1.0	confident	Candidatus_Solibacter_sp.	Bacteria
3b468ab2-f520-425d-afc8-e2e831738b05	72006	1.0	confident	Candidatus_Solibacter_sp.	Bacteria
45b306ac-20f0-4b66-85bf-4e459149b8da	72006	1.0	confident	Candidatus_Solibacter_sp.	Bacteria
466500d9-12b8-498b-93ca-3f4b7ece1904	72006	1.0	confident	Candidatus_Solibacter_sp.	Bacteria
2bef8838-02ac-4b33-b4e2-898af3496479	72006	1.0	confident	Candidatus_Solibacter_sp.	Bacteria
e59dbba4-284d-413c-aadf-87cf9ec61b53	72006	1.0	confident	Candidatus_Solibacter_sp.	Bacteria
09b883c4-e316-4a44-807b-8708b9a1a8d6	72006	1.0	confident	Candidatus_Solibacter_sp.	Bacteria
95f50dfa-22fd-4ffc-9bf5-baf3032c6206	72006	1.0	confident	Candidatus_Solibacter_sp.	Bacteria
6a0d610f-b459-45cf-bb4a-b08b8d5c9106	72006	1.0	confident	Candidatus_Solibacter_sp.	Bacteria
c911abb4-6946-4838-a3c2-e9d0b2bfaaee	72006	1.0	confident	Candidatus_Solibacter_sp.	Bacteria
dbe448dc-3b64-4e63-b031-176bd9f2c74b	72006	1.0	confident	Candidatus_Solibacter_sp.	Bacteria
66c20758-5e75-4f9c-8411-bf497a424c9e	72006	1.0	confident	Candidatus_Solibacter_sp.	Bacteria
451888e8-4660-40ed-9af5-eafa4cf04309	72006	1.0	confident	Candidatus_Solibacter_sp.	Bacteria
4545b3e0-9ffa-4f62-9bb6-2fa15c3220b5	72006	1.0	confident	Candidatus_Solibacter_sp.	Bacteria
9a7759a9-5c32-4a5e-9650-bd9314a7db36	72006	1.0	confident	Candidatus_Solibacter_sp.	Bacteria
927282b7-e476-43d7-9ab2-347950bba59c	72006	1.0	confident	Candidatus_Solibacter_sp.	Bacteria
d46843d5-d490-4b7a-98bd-5c0a7374cc2a	72006	1.0	confident	Candidatus_Solibacter_sp.	Bacteria
d6f5b772-78ec-46b3-91a3-e3e5ae546269	72006	1.0	confident	Candidatus_Solibacter_sp.	Bacteria
f5eb1ef5-13c2-4dad-83d7-6d6fb87eeb2c	72006	1.0	confident	Candidatus_Solibacter_sp.	Bacteria
e63fa636-982a-4929-9356-d96910565ea7	72006	1.0	confident	Candidatus_Solibacter_sp.	Bacteria
f85c3c77-f07a-4ba1-9219-3b16d60ce717	72006	1.0	confident	Candidatus_Solibacter_sp.	Bacteria
eb448aed-d5de-456b-876a-c28f803dfb1d	72006	1.0	confident	Candidatus_Solibacter_sp.	Bacteria
2e1f1cd9-5f1d-4a97-96c5-dd2413ca7d59	72006	1.0	confident	Candidatus_Solibacter_sp.	Bacteria
7ceb764d-4094-4926-842e-646ef5a11083	72006	1.0	confident	Candidatus_Solibacter_sp.	Bacteria
9821c6af-9041-475e-9833-be84b156765b	72006	1.0	confident	Candidatus_Solibacter_sp.	Bacteria
d643a42d-43b8-4be4-aeb1-8678bb9d6a42	72006	1.0	confident	Candidatus_Solibacter_sp.	Bacteria
a4416295-98cc-4ae7-ae52-53cea919b8cd	72006	1.0	confident	Candidatus_Solibacter_sp.	Bacteria
e3a65e3c-065e-4161-bc1d-862bddccbd0d	72006	1.0	confident	Candidatus_Solibacter_sp.	Bacteria
952450fe-36ef-4c90-a268-4bb0dd9a3838	72006	1.0	confident	Candidatus_Solibacter_sp.	Bacteria
67926d12-a350-4e1e-bf2d-ea7c00abb875	72006	1.0	confident	Candidatus_Solibacter_sp.	Bacteria
ce1e2cb2-404e-4f3d-aab5-09870804e3ac	72006	1.0	confident	Candidatus_Solibacter_sp.	Bacteria
68ad0629-bed8-4c99-8870-80dec71ccf03	72006	1.0	confident	Candidatus_Solibacter_sp.	Bacteria
51468299-b566-4a58-a31c-22c2641fcd6f	72006	1.0	confident	Candidatus_Solibacter_sp.	Bacteria
06570a99-93bc-4595-bc9e-e182e08bf747	72006	1.0	confident	Candidatus_Solibacter_sp.	Bacteria
0a7ab840-1a15-42e6-a224-b11915d55d0b	72006	1.0	confident	Candidatus_Solibacter_sp.	Bacteria
468afb5c-a73e-4d08-b7a3-730c1cb015eb	72006	1.0	confident	Candidatus_Solibacter_sp.	Bacteria
f8c3a7b8-0fd7-4ad5-b1ef-90609ebf3c09	72006	1.0	confident	Candidatus_Solibacter_sp.	Bacteria
8b80d25f-7b98-4647-b746-890cb621c655	72006	1.0	confident	Candidatus_Solibacter_sp.	Bacteria
f16678da-4162-4952-ad60-918ace4dedfa	72006	1.0	confident	Candidatus_Solibacter_sp.	Bacteria
da1d408e-7c4d-4c75-af86-796437ce33b6	72006	1.0	confident	Candidatus_Solibacter_sp.	Bacteria
6680ed53-daa6-42f9-acac-3a3fab5310cc	72006	1.0	confident	Candidatus_Solibacter_sp.	Bacteria
5bab9e82-6f53-4bb2-9b68-506b8a072f78	72006	1.0	confident	Candidatus_Solibacter_sp.	Bacteria
5f42d583-13dd-43be-b659-a203bf7ef41e	72006	1.0	confident	Candidatus_Solibacter_sp.	Bacteria
3aa1b7fa-a742-4d6a-9286-bb0fbb30dcb9	72006	1.0	confident	Candidatus_Solibacter_sp.	Bacteria
20502997-54a2-43bd-bdc6-6ad8ff2461d5	72006	1.0	confident	Candidatus_Solibacter_sp.	Bacteria
81ef6969-918f-4c70-96f8-ff5818a30644	72006	1.0	confident	Candidatus_Solibacter_sp.	Bacteria
891cea03-b2b5-44d2-b59e-7b9a0b97610b	72006	1.0	confident	Candidatus_Solibacter_sp.	Bacteria
fc5cc44f-cd6b-4e1a-a180-3392b1988ca9	72006	1.0	confident	Candidatus_Solibacter_sp.	Bacteria
113371f7-bf22-4324-9a4f-8451e3d565f7	72006	1.0	confident	Candidatus_Solibacter_sp.	Bacteria
55062488-4e7a-48d7-bb72-6223ff2cc9a6	72006	1.0	confident	Candidatus_Solibacter_sp.	Bacteria
8c9a912c-0b04-4bfd-a57f-ff6eb105dfe8	72006	1.0	confident	Candidatus_Solibacter_sp.	Bacteria
c009b8b9-c7d2-45a3-922f-a28bba590f2a	72006	1.0	confident	Candidatus_Solibacter_sp.	Bacteria
72b4306f-c0b2-45c2-b8e4-96d7ffcb5176	72006	1.0	confident	Candidatus_Solibacter_sp.	Bacteria
a8fd619b-5ec8-4f23-90cc-c81c57e9f35f	72006	1.0	confident	Candidatus_Solibacter_sp.	Bacteria
09d5f5e6-2b31-4b2c-afcb-a0f793ce197e	72006	1.0	confident	Candidatus_Solibacter_sp.	Bacteria
8dc08f8e-a71d-488c-bd36-f882882cb2ee	72006	1.0	confident	Candidatus_Solibacter_sp.	Bacteria
289de727-befc-4e68-a08d-363a4a7d5145	72006	1.0	confident	Candidatus_Solibacter_sp.	Bacteria
590ca2ac-8831-4f7d-a402-3ea470572a35	72006	1.0	confident	Candidatus_Solibacter_sp.	Bacteria
e15a3060-187d-4110-8b76-6bb80cfa4ff7	72006	1.0	confident	Candidatus_Solibacter_sp.	Bacteria
0d79b512-95f1-4b33-b73a-9778639835a5	72006	1.0	confident	Candidatus_Solibacter_sp.	Bacteria
feb0b167-e247-4630-9ed2-05a9dadc10b7	72006	1.0	confident	Candidatus_Solibacter_sp.	Bacteria
c141ce16-4501-4e4b-8cde-814c55257a2e	72006	1.0	confident	Candidatus_Solibacter_sp.	Bacteria
f6e14269-9661-4413-b54f-6499d8c13ef5	72006	1.0	confident	Candidatus_Solibacter_sp.	Bacteria
e2d8e911-b797-4a60-942d-113dbf4c6c46	72006	1.0	confident	Candidatus_Solibacter_sp.	Bacteria
962df441-9b20-4d6f-b913-3cf6938327da	72006	1.0	confident	Candidatus_Solibacter_sp.	Bacteria
97443436-09bc-4aa3-959b-ab47f887a6b1	72006	1.0	confident	Candidatus_Solibacter_sp.	Bacteria
5cfda755-90fb-4971-ab3d-6f8e4e5f3267	72006	1.0	confident	Candidatus_Solibacter_sp.	Bacteria
699be4c8-9756-47dd-bc26-5f656dd04b05	72006	1.0	confident	Candidatus_Solibacter_sp.	Bacteria
5241de38-7811-4edd-bba4-ed7992597eda	72006	1.0	confident	Candidatus_Solibacter_sp.	Bacteria
80d4bf96-2f73-4219-acb3-0cc37b42fc3a	72006	1.0	confident	Candidatus_Solibacter_sp.	Bacteria
b82f0fcb-e21f-4c81-bcb1-95eccec8dd2b	72006	1.0	confident	Candidatus_Solibacter_sp.	Bacteria
792abdd2-3083-4cc3-ae95-305a8379e41b	72006	1.0	confident	Candidatus_Solibacter_sp.	Bacteria
9475289a-13a8-4934-898d-5692ce6b9de9	72006	1.0	confident	Candidatus_Solibacter_sp.	Bacteria
3bdeaca8-5eb1-4e3d-be04-d9ed874b9b24	72006	1.0	confident	Candidatus_Solibacter_sp.	Bacteria
fe688f8d-71af-4c35-a558-1400dbb87654	72006	1.0	confident	Candidatus_Solibacter_sp.	Bacteria
5a40646a-238a-4be7-8ee5-c05485391cf2	72006	1.0	confident	Candidatus_Solibacter_sp.	Bacteria
2d680270-9b92-4d6b-9ea8-3bcd8bfb6fcc	72006	1.0	confident	Candidatus_Solibacter_sp.	Bacteria
f1e4a1b1-0424-4742-b571-855fc828ca07	72006	1.0	confident	Candidatus_Solibacter_sp.	Bacteria
35e6418c-0132-4759-9db7-5a9ea52d9e37	72006	1.0	confident	Candidatus_Solibacter_sp.	Bacteria
d0f34b9f-6230-4a5c-b921-c9e6c9de4b02	72006	1.0	confident	Candidatus_Solibacter_sp.	Bacteria
02b03ef6-eaba-4ece-bf8c-9a5d05629302	72006	1.0	confident	Candidatus_Solibacter_sp.	Bacteria
c536141e-d2f2-447e-aeb5-011a71221fd5	72006	1.0	confident	Candidatus_Solibacter_sp.	Bacteria
6453fb9d-3f92-48ba-b5cf-fd4746ad94f8	72006	1.0	confident	Candidatus_Solibacter_sp.	Bacteria
57dc7a83-0903-4353-b013-cce6fa5ecdae	72006	1.0	confident	Candidatus_Solibacter_sp.	Bacteria
74e92418-dd18-4912-ae6a-f942ecb0af34	72006	1.0	confident	Candidatus_Solibacter_sp.	Bacteria
09004cbe-0786-4f24-920d-aebf0918d674	72006	1.0	confident	Candidatus_Solibacter_sp.	Bacteria
42e4fb89-62db-43fe-8a2a-641de347eb6d	72006	1.0	confident	Candidatus_Solibacter_sp.	Bacteria
6a68268d-f6e9-4e5c-8f6c-0d859de80c8c	72006	1.0	confident	Candidatus_Solibacter_sp.	Bacteria
2c2d9178-1e16-4919-b260-32fda0e9addb	72006	1.0	confident	Candidatus_Solibacter_sp.	Bacteria
aacc4352-1f4a-4546-ae58-5ca48086d3de	72006	1.0	confident	Candidatus_Solibacter_sp.	Bacteria
4323cafe-e9ec-496e-b2b3-89f2c1da2737	72006	1.0	confident	Candidatus_Solibacter_sp.	Bacteria
c7dad698-8083-47ab-b80e-f56fc04440b6	72006	1.0	confident	Candidatus_Solibacter_sp.	Bacteria
8a004eb1-9f9f-4ac5-b19a-b2117c4aa9d8	72006	1.0	confident	Candidatus_Solibacter_sp.	Bacteria
90360612-8d2f-4d21-a563-273819a704ea	72006	1.0	confident	Candidatus_Solibacter_sp.	Bacteria
34d08493-5422-452d-9da1-1775e3aaefc1	72006	1.0	confident	Candidatus_Solibacter_sp.	Bacteria
69585b3f-583c-45a5-b362-d93a12ee78d0	72006	1.0	confident	Candidatus_Solibacter_sp.	Bacteria
2e5a3242-4ac8-42be-89d6-b3cdda05bf36	72006	1.0	confident	Candidatus_Solibacter_sp.	Bacteria
59aa1746-0635-4df3-b9a7-b1b8fc72769d	72006	1.0	confident	Candidatus_Solibacter_sp.	Bacteria
a6a107e1-2669-491f-a34f-726a2a5b6679	72006	1.0	confident	Candidatus_Solibacter_sp.	Bacteria
43887d54-0f4b-47e6-b7c7-c8fc87a07d90	72006	1.0	confident	Candidatus_Solibacter_sp.	Bacteria
3cfc0848-c1d1-405e-ba10-83abac7af4ce	72006	1.0	confident	Candidatus_Solibacter_sp.	Bacteria
a6334fdd-9bb3-47d3-8c7b-1258cfa6a247	72006	1.0	confident	Candidatus_Solibacter_sp.	Bacteria
4ada1f54-7442-4b2f-94aa-2af7d49dca5f	72006	1.0	confident	Candidatus_Solibacter_sp.	Bacteria
74f023d3-50c5-44f3-b702-e3325cbc6bd7	72006	1.0	confident	Candidatus_Solibacter_sp.	Bacteria
1b35172a-4637-4e68-ba1e-54113c04a5e7	72006	1.0	confident	Candidatus_Solibacter_sp.	Bacteria
4bebd149-aab0-4e88-9270-81a7047483c9	72006	1.0	confident	Candidatus_Solibacter_sp.	Bacteria
dd2e44d8-fcce-4bb8-8c02-56b9ec58d635	72006	1.0	confident	Candidatus_Solibacter_sp.	Bacteria
4cb25efa-378b-4a65-9b2d-bf0662b852e8	72006	1.0	confident	Candidatus_Solibacter_sp.	Bacteria
bc06f60d-a3cc-4457-b4ba-893987ed67fa	72006	1.0	confident	Candidatus_Solibacter_sp.	Bacteria
2d66e1c2-4fd5-440a-95ac-7d40842b1f02	72006	1.0	confident	Candidatus_Solibacter_sp.	Bacteria
78a45cff-771e-4a2d-94fb-eb8c2469beca	72006	1.0	confident	Candidatus_Solibacter_sp.	Bacteria
c90bf2f8-1228-43a1-92f1-180c2b364046	72006	1.0	confident	Candidatus_Solibacter_sp.	Bacteria
0123018c-f816-4ba3-be1e-f5b23f3f25b3	72006	1.0	confident	Candidatus_Solibacter_sp.	Bacteria
c316f0f5-3ed5-4a69-a058-4fe328d876f6	72006	1.0	confident	Candidatus_Solibacter_sp.	Bacteria
afc1915e-5004-49ad-915d-acaa0d79960d	72006	1.0	confident	Candidatus_Solibacter_sp.	Bacteria
48e77330-cbd0-4089-ac64-b65580c43de0	72006	1.0	confident	Candidatus_Solibacter_sp.	Bacteria
79f398a6-51bc-4cbe-bb51-e54d0c9abce2	72006	1.0	confident	Candidatus_Solibacter_sp.	Bacteria
0cf80e4e-f2a3-4cf2-bd70-53b191063bea	72006	1.0	confident	Candidatus_Solibacter_sp.	Bacteria
5c641472-d279-4cec-8b5d-f05fc5e86039	72006	1.0	confident	Candidatus_Solibacter_sp.	Bacteria
a05d5dfd-2b45-41a4-b302-4c250ba46e51	72006	1.0	confident	Candidatus_Solibacter_sp.	Bacteria
bc863901-b4b5-4c80-a407-eb2aa71d2c78	72006	1.0	confident	Candidatus_Solibacter_sp.	Bacteria
fc59b137-e528-458a-bb3e-b6a27dccbb32	72006	1.0	confident	Candidatus_Solibacter_sp.	Bacteria
01c0630e-f118-42bc-93c8-853e1ad0d841	72006	1.0	confident	Candidatus_Solibacter_sp.	Bacteria
c059a414-45f4-46c7-abd5-8621f1f80296	2018067	0.3697437952015554	low	Pseudomonas sp. FDAARGOS_380	Bacteria
c23dfeff-34f3-40e5-981c-9d9cce4bb5ad	1827300	0.6680637739600322	medium	Pseudomonas sp. MYb193	Bacteria
630b192a-d0be-4a09-8354-eb3c408e75bb	1827300	0.6680653394240181	medium	Pseudomonas sp. MYb193	Bacteria
06ec117b-b63d-4ecb-b56c-a599aec56b67	2018067	0.3697436435117309	low	Pseudomonas sp. FDAARGOS_380	Bacteria
1b59271a-4d35-4e84-bfe3-98e928640ca3	2018067	0.3697437952015555	low	Pseudomonas sp. FDAARGOS_380	Bacteria
499031b3-c1f0-4fa8-add9-ec13a628f06e	1827300	0.6680629928328049	medium	Pseudomonas sp. MYb193	Bacteria
8f278626-b6fa-42bf-ae5e-a3a69fc95414	2018067	0.3697434920295041	low	Pseudomonas sp. FDAARGOS_380	Bacteria
0bb66a54-6862-46b3-8ebf-e5430354b2c2	2018067	0.4886961466636395	low	Pseudomonas sp. FDAARGOS_380	Bacteria
9727a6f5-568d-4a73-807b-dac222a5ac8f	2018067	0.3697428881680767	low	Pseudomonas sp. FDAARGOS_380	Bacteria
3b5ba249-78b6-45e8-a05b-238fe1b3f193	1827300	0.6680598789712774	medium	Pseudomonas sp. MYb193	Bacteria
9d776d4a-2fea-46e9-8916-ce40a506425e	2018067	0.3697436435117307	low	Pseudomonas sp. FDAARGOS_380	Bacteria
d0f3722d-2beb-4694-81cb-3d29fa1ffb41	2018067	0.3697437952015557	low	Pseudomonas sp. FDAARGOS_380	Bacteria
ffce7121-ec0d-4701-8320-5f8ca8d80614	2018067	0.3697416902815665	low	Pseudomonas sp. FDAARGOS_380	Bacteria
0869bf04-1315-41b4-8b22-6f6f9c21c14b	2018067	0.3697437952015554	low	Pseudomonas sp. FDAARGOS_380	Bacteria
24e8d5a8-a6e7-4a88-b280-ba1feeb01744	2018067	0.3697434920295039	low	Pseudomonas sp. FDAARGOS_380	Bacteria
54acdf04-905f-4d7b-aa7b-95d6663de9a6	2018067	0.3697436435117311	low	Pseudomonas sp. FDAARGOS_380	Bacteria
0f16026e-93a3-437b-b30e-224bf0313c11	1827300	0.668063773960033	medium	Pseudomonas sp. MYb193	Bacteria
936fc31a-6f41-41c7-8563-e10df6405da5	2018067	0.369742437431034	low	Pseudomonas sp. FDAARGOS_380	Bacteria
b37d36cd-6806-4093-b958-6a3782d691a0	2018067	0.3180496628376106	low	Pseudomonas sp. FDAARGOS_380	Bacteria
67a14b50-4313-45ac-be73-0f43de4df7db	2018067	0.3697437952015558	low	Pseudomonas sp. FDAARGOS_380	Bacteria
1d6401db-0de0-41f3-9f4e-ce4d845f078f	2018067	0.3697427377174758	low	Pseudomonas sp. FDAARGOS_380	Bacteria
07da392d-802c-41df-9a8f-31ea22a193e8	2018067	0.3697434920295034	low	Pseudomonas sp. FDAARGOS_380	Bacteria
f24f53c1-6d44-4250-9559-4ce0c9ea9226	1827300	0.6680629928328051	medium	Pseudomonas sp. MYb193	Bacteria
51ae1bbb-0337-4b5a-92d7-21e8f579ac3f	2018067	0.3697430388241592	low	Pseudomonas sp. FDAARGOS_380	Bacteria
9e01d459-ae99-4e0d-910f-45b83a2abb46	2018067	0.3697427377174761	low	Pseudomonas sp. FDAARGOS_380	Bacteria
2ab5d852-4d0d-458f-b35b-10b2a743ebf5	2018067	0.3696864003092741	low	Pseudomonas sp. FDAARGOS_380	Bacteria
c057ae68-1229-40a4-8544-d5bebf2035fa	2018067	0.3697427377174761	low	Pseudomonas sp. FDAARGOS_380	Bacteria
477128d0-3ceb-472b-9b2b-8bf4792da71d	2018067	0.3697430388241592	low	Pseudomonas sp. FDAARGOS_380	Bacteria
75ed9a8a-a2c6-4c94-91ad-5640b068b399	1827300	0.6680606558439097	medium	Pseudomonas sp. MYb193	Bacteria
fc4122d6-20c7-4881-b965-8cb99b532263	2018067	0.3697437952015555	low	Pseudomonas sp. FDAARGOS_380	Bacteria
6113bef5-da86-4799-b41c-775dd5a705e6	1827300	0.6680645561563723	medium	Pseudomonas sp. MYb193	Bacteria
b77fd9be-c381-445e-bfc0-e1fb27c442a5	2018067	0.3697437952015562	low	Pseudomonas sp. FDAARGOS_380	Bacteria
5dee51d6-fe69-43d5-b049-536c15e5369d	2018067	0.3697437952015556	low	Pseudomonas sp. FDAARGOS_380	Bacteria
c6aa170e-94d7-4efc-be97-e4e8cf988073	2018067	0.3697431896861419	low	Pseudomonas sp. FDAARGOS_380	Bacteria
2facc469-20ea-4158-9b4d-e98fe5c1856c	2018067	0.3697991583711848	low	Pseudomonas sp. FDAARGOS_380	Bacteria
e96fb6e6-cd92-4c3e-996e-0b24aed0dd95	2018067	0.369739478952466	low	Pseudomonas sp. FDAARGOS_380	Bacteria
92e488f2-0f49-4ec9-9710-85c06ec69abe	1827300	0.668064556156372	medium	Pseudomonas sp. MYb193	Bacteria
95e96058-7ac6-4260-b9fc-65c2664176b7	2018067	0.3698506891459142	low	Pseudomonas sp. FDAARGOS_380	Bacteria
81d319a2-7ea5-4f2d-b99f-9e4896e3b3ba	2018067	0.3696875189051734	low	Pseudomonas sp. FDAARGOS_380	Bacteria
a92468ac-1d2a-463d-8c3c-6269320e5e9b	1827300	0.6680645561563724	medium	Pseudomonas sp. MYb193	Bacteria
d63f6c2a-40ab-4bc1-ad35-69f9808a835a	2018067	0.3697436435117308	low	Pseudomonas sp. FDAARGOS_380	Bacteria
0236aa7b-edbd-4f00-85d8-7571ee6326aa	2018067	0.3697542881294059	low	Pseudomonas sp. FDAARGOS_380	Bacteria
ea24a338-abac-4081-a177-507977c03112	1827300	0.6680653394240182	medium	Pseudomonas sp. MYb193	Bacteria
0102e874-8dab-4dd3-b8e4-24149b79f183	2018067	0.3697436435117308	low	Pseudomonas sp. FDAARGOS_380	Bacteria
b92da52f-d695-47c0-89b2-71e7918367dc	2018067	0.369742888168078	low	Pseudomonas sp. FDAARGOS_380	Bacteria
b58e1843-e1b9-4c5d-bff6-7b1b46710324	1827300	0.6680645561563724	medium	Pseudomonas sp. MYb193	Bacteria
dc440a75-c400-4d01-90e4-74a62d7d3e21	2018067	0.3697424374310331	low	Pseudomonas sp. FDAARGOS_380	Bacteria
5e52d904-332e-4c6c-ade5-372f4a446850	2018067	0.3697437952015557	low	Pseudomonas sp. FDAARGOS_380	Bacteria
19ee4dd8-6c4a-4309-b696-780d3cb97274	2018067	0.3697437952015554	low	Pseudomonas sp. FDAARGOS_380	Bacteria
746d6ddd-35d0-4700-8e7f-2904fd6d923f	1827300	0.6680606558439097	medium	Pseudomonas sp. MYb193	Bacteria
18c94fa0-e994-46a4-948d-537cc64711aa	2018067	0.3697437952015556	low	Pseudomonas sp. FDAARGOS_380	Bacteria
ba678f25-2fcc-49b3-997a-d680108a4a09	2018067	0.3697434920295041	low	Pseudomonas sp. FDAARGOS_380	Bacteria
8a396d85-12c3-49f9-8655-1b0019b8e2da	2018067	0.369743643511731	low	Pseudomonas sp. FDAARGOS_380	Bacteria
9f0c3d74-32c5-4f10-bed1-c265467a0247	2018067	0.3697710727994343	low	Pseudomonas sp. FDAARGOS_380	Bacteria
2a66c9d9-6836-4cc8-8ab5-c28477ab3dd9	2018067	0.3697431896861417	low	Pseudomonas sp. FDAARGOS_380	Bacteria
2e07eca1-32dd-4e46-877f-d598af9d7101	2018067	0.3697437952015557	low	Pseudomonas sp. FDAARGOS_380	Bacteria
9320498c-e9b7-4323-9e21-43048ad34efe	2018067	0.3697987794554617	low	Pseudomonas sp. FDAARGOS_380	Bacteria
47097d75-0140-4349-9fa8-24a47f1f06be	2018067	0.3697431896861419	low	Pseudomonas sp. FDAARGOS_380	Bacteria
c11d6023-5ccc-479a-b80a-058a0bc4b2a3	2018067	0.3697428881680776	low	Pseudomonas sp. FDAARGOS_380	Bacteria
a2367eda-fd95-4ba6-b43a-8f2f1b3005c2	2018067	0.3697431896861423	low	Pseudomonas sp. FDAARGOS_380	Bacteria
9ac46518-929f-416a-834d-b5aaa2b1e38f	2018067	0.3697436435117306	low	Pseudomonas sp. FDAARGOS_380	Bacteria
bd08dd59-7b88-412d-8589-89bc6aa64f1f	2018067	0.3697430388241582	low	Pseudomonas sp. FDAARGOS_380	Bacteria
c05e4b50-13e0-44d4-9367-87aab54c5b4f	2018067	0.3180305136791467	low	Pseudomonas sp. FDAARGOS_380	Bacteria
df4597ff-f891-47f7-928e-6c3de31d3ae7	2018067	0.3697436435117313	low	Pseudomonas sp. FDAARGOS_380	Bacteria
e52c86ea-bac4-43ed-8705-01f05d933b50	2018067	0.3697431896861423	low	Pseudomonas sp. FDAARGOS_380	Bacteria
5b25ae46-6dd9-458e-b9b3-0957a5402217	2018067	0.3697424374310344	low	Pseudomonas sp. FDAARGOS_380	Bacteria
a4d8b263-f166-4c42-b5f2-1ce20a868133	2018067	0.3697428881680769	low	Pseudomonas sp. FDAARGOS_380	Bacteria
96e83c55-6662-4d82-a9a8-d2a0433f6126	2018067	0.3697437952015557	low	Pseudomonas sp. FDAARGOS_380	Bacteria
76641a49-4429-475b-84fe-e44c7b3eb4be	2018067	0.3696880839403524	low	Pseudomonas sp. FDAARGOS_380	Bacteria
9c789b61-66ed-42a3-9735-5cd38588628e	2018067	0.3697430388241582	low	Pseudomonas sp. FDAARGOS_380	Bacteria
901dd9e8-158b-499b-bb74-196c06daa952	1827300	0.6680637739600335	medium	Pseudomonas sp. MYb193	Bacteria
fab92efd-f631-4217-b5b1-10fdf1054a7d	2018067	0.3697436435117315	low	Pseudomonas sp. FDAARGOS_380	Bacteria
272f18f1-f672-4eec-a658-5f6917d76853	2018067	0.3697433407544492	low	Pseudomonas sp. FDAARGOS_380	Bacteria
92c00356-a2f3-4c22-bb38-37d1124218b1	2018067	0.3697434920295034	low	Pseudomonas sp. FDAARGOS_380	Bacteria
84c808bb-217d-4c57-8e39-6626a747d511	2018067	0.5238295623636304	medium	Pseudomonas sp. FDAARGOS_380	Bacteria
93ee56ec-28f2-4c2c-b1c3-9d6315a42470	1827300	0.668067695676852	medium	Pseudomonas sp. MYb193	Bacteria
0d3072b2-9a31-4521-aeb5-5074efc49c48	2018067	0.369740064270343	low	Pseudomonas sp. FDAARGOS_380	Bacteria
85d4f32f-8367-4256-b594-86e3553b0089	2018067	0.4888032625502736	low	Pseudomonas sp. FDAARGOS_380	Bacteria
73e46909-fdd8-4564-b4f0-fd59b7f968f2	2018067	0.3697436435117305	low	Pseudomonas sp. FDAARGOS_380	Bacteria
e517e65a-b8c6-44b0-8039-54ad3ee86867	2018067	0.3697360320641657	low	Pseudomonas sp. FDAARGOS_380	Bacteria
2aba287c-bc2b-4d34-a8c4-0764208d8806	2018067	0.3697437952015558	low	Pseudomonas sp. FDAARGOS_380	Bacteria
9d663784-6511-42f6-955a-4e415a68daa7	1827300	0.6680653394240182	medium	Pseudomonas sp. MYb193	Bacteria
997ba066-ff2d-4a9e-97bf-557af1d72a42	2018067	0.369797836687897	low	Pseudomonas sp. FDAARGOS_380	Bacteria
160a5efb-13cb-4619-86c6-b6031e649a4a	1827300	0.5176698164193095	medium	Pseudomonas sp. MYb193	Bacteria
f93983c2-5c9b-41f5-b328-abbe313d8a71	1827300	0.6680637739600331	medium	Pseudomonas sp. MYb193	Bacteria
a68744f5-9d61-4525-b2ed-8bc15d9094a5	2018067	0.3697442515208967	low	Pseudomonas sp. FDAARGOS_380	Bacteria
cefcebee-f029-429e-9b39-d37684cd376c	2018067	0.3697437952015557	low	Pseudomonas sp. FDAARGOS_380	Bacteria
b99fb6b1-8bf3-44a9-9f85-e9cd3424c27f	1827300	0.6680653394240182	medium	Pseudomonas sp. MYb193	Bacteria
d0614b88-d6de-4670-b1c8-6095d1b50aa1	2018067	0.3236756189238953	low	Pseudomonas sp. FDAARGOS_380	Bacteria
437ac5b1-696b-4850-8d7c-ee5b06b8044c	2018067	0.3697437952015557	low	Pseudomonas sp. FDAARGOS_380	Bacteria
e5b1fa0d-6d3d-4f59-8923-b51432a621be	1827300	0.668049875144278	medium	Pseudomonas sp. MYb193	Bacteria
87470831-3b6d-48e6-bfe1-c614ef0d261e	2018067	0.3697436435117313	low	Pseudomonas sp. FDAARGOS_380	Bacteria
7d1bd86c-7bdb-4efc-b5e8-c39141272e4e	1827300	0.6680614337769246	medium	Pseudomonas sp. MYb193	Bacteria
4736d2b1-1ec3-4171-bda2-28dfaa18d4d2	1827300	0.5176744848443573	medium	Pseudomonas sp. MYb193	Bacteria
d990f306-68a7-4db8-ab83-5030d2d733f7	1827300	0.6680637739600335	medium	Pseudomonas sp. MYb193	Bacteria
de7f8a70-df28-4145-9551-141bd1eea881	1827300	0.6677718070614508	medium	Pseudomonas sp. MYb193	Bacteria
a3c60a6a-9a38-4fd8-b152-5edf610fd2d9	2018067	0.3697433407544493	low	Pseudomonas sp. FDAARGOS_380	Bacteria
258f7248-d979-4d04-9c8d-9e077e17d8bc	2018067	0.3697433407544498	low	Pseudomonas sp. FDAARGOS_380	Bacteria
192b57a1-96ec-4be2-8fbf-0ab6e3da1b75	2018067	0.3697428881680777	low	Pseudomonas sp. FDAARGOS_380	Bacteria
62d150e6-0ea9-4a97-b02f-521ffac3df84	2018067	0.3697430388241589	low	Pseudomonas sp. FDAARGOS_380	Bacteria
38f2af60-1f9c-4e1f-9846-078c95cf50ac	2018067	0.3697419885320074	low	Pseudomonas sp. FDAARGOS_380	Bacteria
7e559def-eda4-4cf4-a6ef-24ac418cba14	2018067	0.3697434920295034	low	Pseudomonas sp. FDAARGOS_380	Bacteria
7feb85e8-508b-48a2-9a35-905b33fd7b76	2018067	0.3697437952015557	low	Pseudomonas sp. FDAARGOS_380	Bacteria
f2d4de55-8d64-48c0-b583-f42f9a85c3be	1827300	0.6680645561563724	medium	Pseudomonas sp. MYb193	Bacteria
58f37d22-9676-440f-8044-a982bcc5550b	2018067	0.3697418393055053	low	Pseudomonas sp. FDAARGOS_380	Bacteria
5a8507ab-f2a2-4cf7-a362-ac66b44afff2	1827300	0.6680653394240185	medium	Pseudomonas sp. MYb193	Bacteria
21c0870e-b888-40d8-a2ec-970b84d85638	2018067	0.3697434920295034	low	Pseudomonas sp. FDAARGOS_380	Bacteria
339448c2-10fa-43b3-95ca-bf564489054c	2018067	0.3697433407544493	low	Pseudomonas sp. FDAARGOS_380	Bacteria
66342243-01c9-4973-85de-60d9f221e839	2018067	0.369743492029504	low	Pseudomonas sp. FDAARGOS_380	Bacteria
f539b6b7-84cb-41d4-9f88-c3d0dc1e6811	1827300	0.6680653394240185	medium	Pseudomonas sp. MYb193	Bacteria
7d2b55b6-13b4-41e5-a75a-5e93cb1ec9bd	2018067	0.3697437952015558	low	Pseudomonas sp. FDAARGOS_380	Bacteria
59b4e88f-8765-4e91-b0f2-9f9698c92e2a	2018067	0.3697437952015558	low	Pseudomonas sp. FDAARGOS_380	Bacteria
966e1ca4-7e8e-486b-9e4e-e46cec252f2a	1827300	0.6680622127724959	medium	Pseudomonas sp. MYb193	Bacteria
52409f7e-c8f9-4efc-a8b6-253a95ea0c19	2018067	0.3697437952015558	low	Pseudomonas sp. FDAARGOS_380	Bacteria
d1fe0859-3376-4649-9457-22ce27c2529e	2018067	0.3236806213233417	low	Pseudomonas sp. FDAARGOS_380	Bacteria
17c40956-e2ac-458a-b06a-d53f76904e6d	2018067	0.3697436435117306	low	Pseudomonas sp. FDAARGOS_380	Bacteria
37b76d5e-8fec-4a7b-9c4c-52a6a596d135	2018067	0.3697434920295042	low	Pseudomonas sp. FDAARGOS_380	Bacteria
03f3833f-7688-4f46-bad5-056ef6f01a0d	2018067	0.3697434920295039	low	Pseudomonas sp. FDAARGOS_380	Bacteria
2ca8cfdf-9377-4ec9-bd5a-b5f19c4a9019	2018067	0.3697436435117309	low	Pseudomonas sp. FDAARGOS_380	Bacteria
2242661b-b8a4-4040-9cb7-839821f706e6	2018067	0.3697431896861419	low	Pseudomonas sp. FDAARGOS_380	Bacteria
2b68fd62-462f-4f42-8b7b-6b5bf24ab9d3	2018067	0.3697436435117308	low	Pseudomonas sp. FDAARGOS_380	Bacteria
6608b5e8-9b1c-44f2-9be9-e506fca2fe31	2018067	0.3697433407544501	low	Pseudomonas sp. FDAARGOS_380	Bacteria
c32ee5ec-7eb8-4853-ad02-537064f1bcc8	2018067	0.3697433407544498	low	Pseudomonas sp. FDAARGOS_380	Bacteria
1c183d2c-960b-408e-9098-5f13872df0a5	2018067	0.3697984015753984	low	Pseudomonas sp. FDAARGOS_380	Bacteria
9547ff98-a2f5-49dc-b1fa-c4a1b3b027a7	2018067	0.3697434920295034	low	Pseudomonas sp. FDAARGOS_380	Bacteria
c1c19d77-6170-4a1c-8db6-f3e89d318409	2018067	0.3697437952015556	low	Pseudomonas sp. FDAARGOS_380	Bacteria
1cf9868b-8a27-4bb5-a4b4-ef820748da23	2018067	0.3697434920295041	low	Pseudomonas sp. FDAARGOS_380	Bacteria
fb51fd5c-1ba3-4a6f-b3b8-00aceed2fcc4	2018067	0.3697434920295039	low	Pseudomonas sp. FDAARGOS_380	Bacteria
bb3081a4-c079-4980-87a8-7151fbbe3b1e	2018067	0.3697437952015557	low	Pseudomonas sp. FDAARGOS_380	Bacteria
7398a6c7-6745-41d0-9d1f-b5e12abf704a	2018067	0.369742737717477	low	Pseudomonas sp. FDAARGOS_380	Bacteria
cf0a5aca-189c-40f3-b5c6-ca40d1c0d09d	2018067	0.3697433407544496	low	Pseudomonas sp. FDAARGOS_380	Bacteria
6178d3f4-f42f-4626-87ad-3417b72994ec	2018067	0.3697437952015558	low	Pseudomonas sp. FDAARGOS_380	Bacteria
15e682c4-7ada-40e8-99b6-4d1a51a03b74	2018067	0.3697437952015557	low	Pseudomonas sp. FDAARGOS_380	Bacteria
81392a7b-51dc-40ab-90d2-a5375d29d194	2018067	0.3697708814689198	low	Pseudomonas sp. FDAARGOS_380	Bacteria
e980a5b7-fa2f-4691-a91d-3c548283d921	2018067	0.3697422875943579	low	Pseudomonas sp. FDAARGOS_380	Bacteria
6d73baf1-663c-44f9-843e-844693dd39e7	2018067	0.3697437952015557	low	Pseudomonas sp. FDAARGOS_380	Bacteria
b6351146-dee2-4d8e-800f-3ab42f9ead21	2018067	0.3697434920295039	low	Pseudomonas sp. FDAARGOS_380	Bacteria
2474c6a6-73fd-4448-ba51-0bf332c0f49b	2018067	0.283336782837599	low	Pseudomonas sp. FDAARGOS_380	Bacteria
682bc4a1-f642-4c95-ac87-ca648b755369	2018067	0.3697436435117305	low	Pseudomonas sp. FDAARGOS_380	Bacteria
2769271b-caed-4fce-9791-85d1057dc3fc	2018067	0.2833367828375993	low	Pseudomonas sp. FDAARGOS_380	Bacteria
768da52a-524f-4213-b5fd-3648edc0a3bd	2018067	0.3697434920295041	low	Pseudomonas sp. FDAARGOS_380	Bacteria
b6cdcbd5-6f26-4a09-ac4d-9cfb8ce0cdc8	2018067	0.3697427377174752	low	Pseudomonas sp. FDAARGOS_380	Bacteria
abc89e68-75af-4ce9-bb5d-665b121ed492	2018067	0.3697437952015557	low	Pseudomonas sp. FDAARGOS_380	Bacteria
bfa69df8-6d64-41b8-8194-cfbb70b8aac9	2018067	0.3697430388241582	low	Pseudomonas sp. FDAARGOS_380	Bacteria
83bf593e-f5fc-4f86-a368-b9d9e83fdf73	2018067	0.3697437952015554	low	Pseudomonas sp. FDAARGOS_380	Bacteria
f17462a2-4565-4f73-bcba-fdac1315a605	2018067	0.3697437952015555	low	Pseudomonas sp. FDAARGOS_380	Bacteria
551c2824-b78a-4637-b692-888c3ed31677	2018067	0.3697430388241591	low	Pseudomonas sp. FDAARGOS_380	Bacteria
b3f4614a-12aa-498d-b7ef-85c4e395852a	1827300	0.6680614337769233	medium	Pseudomonas sp. MYb193	Bacteria
a435ce29-a5b7-4381-b9cc-8ec9d365a8fb	2018067	0.3697434920295043	low	Pseudomonas sp. FDAARGOS_380	Bacteria
b9e67831-8575-4946-9c91-eab2805dc91b	1827300	0.668060655843909	medium	Pseudomonas sp. MYb193	Bacteria
b73960b0-820c-4291-853f-5ceb5def1f5e	1827300	0.6680653394240179	medium	Pseudomonas sp. MYb193	Bacteria
a8fe49ff-695d-4256-99f7-2b004c32f37f	2018067	0.3697434920295041	low	Pseudomonas sp. FDAARGOS_380	Bacteria
91cdad07-c711-4802-87b0-d5dc7b5dc550	1827300	0.6680700616511	medium	Pseudomonas sp. MYb193	Bacteria
022b4bfd-b8f3-477c-880f-14380c1dc439	2018067	0.369850244907706	low	Pseudomonas sp. FDAARGOS_380	Bacteria
d825da40-4161-4b11-8a60-26abb44e95d2	2018067	0.3697433407544492	low	Pseudomonas sp. FDAARGOS_380	Bacteria
e8849abc-f9fb-468c-9453-ecf23eb3de5a	2018067	0.3179731876464785	low	Pseudomonas sp. FDAARGOS_380	Bacteria
cc31c5bb-e444-42e5-a855-3c457ccad444	2018067	0.369743643511731	low	Pseudomonas sp. FDAARGOS_380	Bacteria
e8485581-450d-412d-857b-98784d165323	2018067	0.2833367828375993	low	Pseudomonas sp. FDAARGOS_380	Bacteria
59e94522-bfa7-4c0f-803c-c199247a4a86	2018067	0.3697434920295034	low	Pseudomonas sp. FDAARGOS_380	Bacteria
c95d0e80-05e0-4f8b-85ca-3d5320525045	2018067	0.3697427377174752	low	Pseudomonas sp. FDAARGOS_380	Bacteria
bf572ee2-7e7b-48b9-a327-9a535522a559	2018067	0.3697434920295046	low	Pseudomonas sp. FDAARGOS_380	Bacteria
c009f72c-a639-4a87-b82d-592bd262ffcf	2018067	0.3180496628376115	low	Pseudomonas sp. FDAARGOS_380	Bacteria
14ef051a-a97f-44d3-ac3a-b3c45b9208c0	1827300	0.6680629928328048	medium	Pseudomonas sp. MYb193	Bacteria
3875fe65-cae7-4177-a56a-e854624ea157	294	0.6838644723336106	medium	Pseudomonas fluorescens	Bacteria
d8ded6d7-363d-43f0-a7b4-a999c12bde1a	294	0.6838644723336101	medium	Pseudomonas fluorescens	Bacteria
8be41cb4-06a8-49bd-9b41-ed758dd8efb1	294	0.6838644723336106	medium	Pseudomonas fluorescens	Bacteria
4d04709b-dda3-4599-b4ba-d5723cd88fc7	287	0.7754637015813621	medium	Pseudomonas aeruginosa	Bacteria
60488e89-9b2e-47fc-89a9-edf701bfbb80	287	0.6497637840350432	medium	Pseudomonas aeruginosa	Bacteria
ef471c3b-aab2-4ceb-8e86-2cb4961b5e92	287	0.6473317355021669	medium	Pseudomonas aeruginosa	Bacteria
32348076-68ba-4a93-888d-c2644a945619	287	0.6289561607672495	medium	Pseudomonas aeruginosa	Bacteria
69267b0e-29b8-4cbe-ba08-731d361042d6	287	0.9880426759991464	high	Pseudomonas aeruginosa	Bacteria
b2bbdd84-17cb-4596-b508-c2347ad40b12	287	0.6452010256303375	medium	Pseudomonas aeruginosa	Bacteria
2d336106-b4ef-4c37-ae70-6417883bd7a6	294	0.6838644723336097	medium	Pseudomonas fluorescens	Bacteria
0689a749-023d-4769-8b6c-a4b53c3ebbeb	294	0.6838644723336101	medium	Pseudomonas fluorescens	Bacteria
0950b34a-fbd2-4bec-9945-dea0ef927e45	287	0.7708836603617036	medium	Pseudomonas aeruginosa	Bacteria
16c2a12b-a8fe-493e-a96b-ea69a198174e	294	0.6838644723336097	medium	Pseudomonas fluorescens	Bacteria
32e742b7-32d8-4641-b0f3-f997621cefbe	294	0.6838644723336106	medium	Pseudomonas fluorescens	Bacteria
bb34f570-8f8b-4d2d-b972-94ccc8289a90	294	0.6838644723336097	medium	Pseudomonas fluorescens	Bacteria
d1bf4d09-a20d-45ab-b755-93cdabb01f22	287	0.778052026263394	medium	Pseudomonas aeruginosa	Bacteria
9ac7f176-88b5-435c-91b3-94022183f0ab	287	0.9299286215789688	high	Pseudomonas aeruginosa	Bacteria
0c7b463a-64cf-4ee3-9a64-59c899d13eef	287	0.9571904789944476	high	Pseudomonas aeruginosa	Bacteria
e26fdf2b-8ea6-4e43-bac8-281e0e59d197	287	0.767374264935235	medium	Pseudomonas aeruginosa	Bacteria
8d3b28e3-cd8c-4804-9b0b-f49da4822a2e	294	0.6838644723336104	medium	Pseudomonas fluorescens	Bacteria
1e07f81b-b66e-4559-8852-b9a6f26388e0	294	0.6838644723336101	medium	Pseudomonas fluorescens	Bacteria
dc0f3084-dc2b-4d32-a2bf-b732d3ac7248	287	0.9908178062783912	high	Pseudomonas aeruginosa	Bacteria
c19f2f12-5765-49ed-9b95-8451ada5f5d4	294	0.6838644723336106	medium	Pseudomonas fluorescens	Bacteria
2f7f37f0-35ac-4c3d-a95f-eaca08c84858	294	0.6838644723336101	medium	Pseudomonas fluorescens	Bacteria
5e7ba8be-7cda-4917-a315-a73698832e1f	294	0.6838644723336106	medium	Pseudomonas fluorescens	Bacteria
eadde182-3dd8-4e2c-bda9-c8d56a3d7784	294	0.6838644723336113	medium	Pseudomonas fluorescens	Bacteria
d8e2e107-cb37-4332-a2e3-e6814432f14d	294	0.6838644723336106	medium	Pseudomonas fluorescens	Bacteria
c2c02f61-3f00-44f2-8c2a-b141cbb0e18c	294	0.6838644723336113	medium	Pseudomonas fluorescens	Bacteria
9291cfa0-ac8d-4636-9ab0-4da1f6e33d7f	294	0.6838644723336106	medium	Pseudomonas fluorescens	Bacteria
92625fb3-b5a5-416f-be6d-190224dc995c	287	0.7769452433264011	medium	Pseudomonas aeruginosa	Bacteria
9cc17401-ef27-47c8-96d8-c30d1595d587	294	0.6838644723336106	medium	Pseudomonas fluorescens	Bacteria
ca39a5bd-584c-4085-a47c-a285d54dba3a	294	0.5011068379155504	medium	Pseudomonas fluorescens	Bacteria
495d4243-b205-436b-b3be-101d40401c5e	287	0.7764227728981585	medium	Pseudomonas aeruginosa	Bacteria
9a174a4e-ae8f-4e0d-a63e-d3ba4f1d9cc1	294	0.6838644723336101	medium	Pseudomonas fluorescens	Bacteria
8c2d5c79-d435-4fea-8daf-1c1f130c8e91	287	0.9288048685574288	high	Pseudomonas aeruginosa	Bacteria
799d4da9-10b8-4714-b486-e1ae56f5cce0	294	0.6838644723336101	medium	Pseudomonas fluorescens	Bacteria
f13e1e01-ab50-4fb3-b25b-4d2b32bbf46f	294	0.6838644723336106	medium	Pseudomonas fluorescens	Bacteria
ff32397b-c84d-4336-93ee-8101242534d8	287	0.7770952704336229	medium	Pseudomonas aeruginosa	Bacteria
8c9dcaa8-ff0f-4ead-a9e2-576c52a8505f	294	0.6838644723336097	medium	Pseudomonas fluorescens	Bacteria
bf172664-100e-47bf-8d0d-5fcd72948626	294	0.6838644723336101	medium	Pseudomonas fluorescens	Bacteria
1da9bb73-856f-4523-8e6c-48f1b7129203	287	0.6500801613537343	medium	Pseudomonas aeruginosa	Bacteria
af6eefb1-bcd5-4e16-adf6-53cebd900394	287	0.6374539456768706	medium	Pseudomonas aeruginosa	Bacteria
aa20a12f-a333-4cb4-9444-eb7d9ccc6bed	287	0.7761077831749784	medium	Pseudomonas aeruginosa	Bacteria
687da591-3358-419d-89c0-5160c0eb1957	186651	0.9925183364882548	high	Microvirga subterranea	Bacteria
f846ec00-6bca-4f65-83be-88efb991a60d	670292	0.9962575948647204	high	Microvirga aerilata	Bacteria
f828c971-7f6b-4290-a97a-afc0c078b494	670292	0.9999999975620792	high	Microvirga aerilata	Bacteria
dcbcda13-c923-4ac0-86f2-90ed6080e719	186651	0.992518671095694	high	Microvirga subterranea	Bacteria
4d977669-3be5-49bf-8940-02d4efc0b190	670292	0.9999999999999862	high	Microvirga aerilata	Bacteria
fccc1141-d81d-46cd-9306-be5ef934f3b1	186651	0.9999999973788076	high	Microvirga subterranea	Bacteria
1ba9e35b-d0bb-4b86-8374-351372544fd9	670292	0.9999999975529452	high	Microvirga aerilata	Bacteria
34af1f40-54c0-481b-8b00-6423827ec8ac	670292	0.9999999999557904	high	Microvirga aerilata	Bacteria
098b5438-7505-4495-b5dc-1ace9cc2a0a3	670292	0.9999999974478512	high	Microvirga aerilata	Bacteria
62806a80-e0a7-4a50-ad91-5720216d8089	186651	0.9959969500616552	high	Microvirga subterranea	Bacteria
1a31ea3a-0b8f-4ab6-8456-f242def2ab76	186651	0.9959969500616552	high	Microvirga subterranea	Bacteria
9861030b-6b54-4551-8a40-f60f8f96c480	186651	0.9959969500616552	high	Microvirga subterranea	Bacteria
0148b730-68d3-40a1-abd9-b123ce3dd8cf	670292	0.9999999975517806	high	Microvirga aerilata	Bacteria
19d4c4b6-a6c5-461d-8549-4e5903ce7120	670292	0.9999999804055768	high	Microvirga aerilata	Bacteria
5a9bb0bb-9836-49a2-bb65-b66532701465	186651	0.995996819289072	high	Microvirga subterranea	Bacteria
caabbd1d-c523-4274-af6f-35bdcf89bdd5	670292	0.9888531459308584	high	Microvirga aerilata	Bacteria
6ca64a35-2cfe-40c0-8012-67c27f1e73f0	670292	0.9999999954347034	high	Microvirga aerilata	Bacteria
cb3ca0d2-295d-4884-9831-31c460aa055d	670292	0.9887347216828396	high	Microvirga aerilata	Bacteria
a97e3a4f-63a1-4ae5-a646-80ed1e675a40	186651	0.9959502588868944	high	Microvirga subterranea	Bacteria
d61a0bfc-bd35-4220-829b-5319300c1dc3	186651	0.9978346477478884	high	Microvirga subterranea	Bacteria
20ac438c-c296-4f4a-843f-cf08161be5d3	670292	0.9999999975596574	high	Microvirga aerilata	Bacteria
c2792d9f-9a6a-46a5-a661-5c01fa1bbb52	670292	0.9999999955732524	high	Microvirga aerilata	Bacteria
f5a3be09-8146-438b-a468-75a6c6a7cae9	670292	0.9999999975560384	high	Microvirga aerilata	Bacteria
7e15405e-8016-41a2-8d73-fff70fc4e23c	670292	0.9983730018196164	high	Microvirga aerilata	Bacteria
0afd9c68-3d1e-46cf-b4fa-35b3a7626bb7	670292	0.9999999975596574	high	Microvirga aerilata	Bacteria
a41e2a07-5871-40ab-b794-a34f7b6ba8d8	670292	0.999999991368847	high	Microvirga aerilata	Bacteria
b824bc4b-815a-4cde-8d68-1d434e54fe49	670292	0.9999999974375168	high	Microvirga aerilata	Bacteria
29b53a4c-60a6-4086-a8d6-84473683c57d	186651	0.9924394606451368	high	Microvirga subterranea	Bacteria
ffea185d-1a0c-4db5-b247-a3a5e200858c	10002616	1.0	confident	Laceyella sacchari	Bacteria
103b699a-d53a-45ff-9afb-47f7059f551c	670292	0.9999999975575498	high	Microvirga aerilata	Bacteria
1745150f-0305-4f79-86dc-216726674154	186651	0.9999599501101492	high	Microvirga subterranea	Bacteria
670cbda2-0db2-41b8-b63b-72cddd2b95de	186651	0.9737261947248016	high	Microvirga subterranea	Bacteria
d67f5a8d-413c-49f7-981b-b8e017f6732c	670292	0.9999999986962478	high	Microvirga aerilata	Bacteria
ff2e09f8-a795-46cb-87c8-4dd1eaa7e581	670292	0.9999999975513604	high	Microvirga aerilata	Bacteria
e96ae94d-4dde-41aa-9c00-339f95d0fee8	186651	0.9994876476946976	high	Microvirga subterranea	Bacteria
10eecbfd-7566-415a-b188-d9b057d22b8f	670292	0.9997325256432174	high	Microvirga aerilata	Bacteria
e51b0fbd-ce12-4a7a-bf9b-d41497ded3c2	186651	0.9959505219646568	high	Microvirga subterranea	Bacteria
f83326f3-f7cd-4447-a3b6-528f762ca4eb	670292	0.9965121179436812	high	Microvirga aerilata	Bacteria
815d0069-a4e4-4543-8c8e-9790cd6650fb	670292	0.999999997549101	high	Microvirga aerilata	Bacteria
8a77b12a-7da4-4d1a-935d-402d4d0131d6	670292	0.9999999996801008	high	Microvirga aerilata	Bacteria
06552521-8bd8-4f02-a72f-7030f052c22e	670292	0.9999999975468994	high	Microvirga aerilata	Bacteria
5915903a-de3d-4ff7-85c2-94832b682d5a	670292	0.999999997569923	high	Microvirga aerilata	Bacteria
819ac64f-a9cd-4fd8-b194-7079224d7a4a	670292	0.9999999974449404	high	Microvirga aerilata	Bacteria
c3024467-3d0f-4a32-9f8e-e500d59cc029	670292	0.999999997561833	high	Microvirga aerilata	Bacteria
979a1166-3383-41f1-8236-edd934e18635	186651	0.9859267025600096	high	Microvirga subterranea	Bacteria
1bd96b10-9d95-4ef8-8019-065529033827	186651	0.5246569447543684	medium	Microvirga subterranea	Bacteria
4af06124-05a7-4427-b7ce-9771f0b187c5	670292	0.999999997561833	high	Microvirga aerilata	Bacteria
38e826d5-84a1-4256-bc61-022a05b97467	186651	0.9959505219646568	high	Microvirga subterranea	Bacteria
008342cc-4b95-4be4-a3e4-e7f0a77fd66a	186651	0.9959504559173428	high	Microvirga subterranea	Bacteria
52cc1e58-f7b1-4c50-8f05-667aaa3b3d90	670292	0.9999999954154182	high	Microvirga aerilata	Bacteria
e9415cfa-bed7-495b-89b8-15bb141d0952	670292	0.9999999912957016	high	Microvirga aerilata	Bacteria
f3332155-1595-45d5-bff0-c57f0655cdf5	670292	0.9999999975412692	high	Microvirga aerilata	Bacteria
3b0b0792-3b61-4455-80c9-5015f908a50c	670292	0.9999999975670733	high	Microvirga aerilata	Bacteria
ebd216c3-e68a-4753-b0a1-0bc91a76e7a0	670292	0.9999999975586936	high	Microvirga aerilata	Bacteria
5b5cd065-148b-4845-89ce-ef87c72bded7	670292	0.9999999975521016	high	Microvirga aerilata	Bacteria
949a61d3-d238-4521-aa1b-8973f3bd5de9	670292	0.9999999974146236	high	Microvirga aerilata	Bacteria
4dbbf8eb-4e55-4199-b160-430a3cf49699	670292	0.996192094858392	high	Microvirga aerilata	Bacteria
ac33889c-cab3-4c28-9c69-671ea329caaf	670292	0.9999999987363616	high	Microvirga aerilata	Bacteria
a4eb9a3b-f937-4b86-8206-64e57e3f32ab	186651	0.9860620842541794	high	Microvirga subterranea	Bacteria
5d47349e-5c1c-4dfb-9bef-fbfc3b3c2ea5	670292	0.9999999999985012	high	Microvirga aerilata	Bacteria
7a7f11da-50ed-47e7-a1e9-94904fbd5ae2	186651	0.9959969500616552	high	Microvirga subterranea	Bacteria
37020674-f9da-49e8-8c91-9fa232dd0a32	670292	0.9999999975477604	high	Microvirga aerilata	Bacteria
23724965-b48e-4132-ae88-9bb292c307d4	186651	0.9959968192890724	high	Microvirga subterranea	Bacteria
3c8a599c-996d-4782-b8e2-a9b2142a43f7	670292	0.9999999975601505	high	Microvirga aerilata	Bacteria
bd77469e-68d3-4065-8346-e3588e874dcf	186651	0.9959968846295224	high	Microvirga subterranea	Bacteria
11972249-7e98-4b5b-8e7b-cb5c19236ca7	670292	0.9999999953894224	high	Microvirga aerilata	Bacteria
97a46f76-4970-47dc-b3fb-130cfc584278	670292	0.9999999975643172	high	Microvirga aerilata	Bacteria
d3186578-8ab0-47a1-9744-ac7d111e562c	186651	0.995996623815896	high	Microvirga subterranea	Bacteria
bbd640e4-f52a-4ff5-9036-d0757d4ab17b	670292	0.999999997464526	high	Microvirga aerilata	Bacteria
eb0a680f-5908-4a64-8b10-39f25f85d09a	670292	0.9999999999999744	high	Microvirga aerilata	Bacteria
5cedf95d-41b8-4e74-8d27-dd39f256203a	186651	0.999725479737221	high	Microvirga subterranea	Bacteria
39ea2177-b815-40cc-a2c5-460415e6ea84	670292	0.9999999975597936	high	Microvirga aerilata	Bacteria
ba1be439-bac9-4ef5-8fc5-7e646ff6619d	670292	0.9999999998367	high	Microvirga aerilata	Bacteria
462a83c8-f90f-41fe-9138-aafe2bb1d24a	670292	0.999999997568839	high	Microvirga aerilata	Bacteria
8e2acf0e-cf0f-4abb-9039-53f645cec421	670292	0.999996916239606	high	Microvirga aerilata	Bacteria
d9a717e5-1795-46ef-acc0-ca1aad0b763e	186651	0.9959504229633984	high	Microvirga subterranea	Bacteria
d89fcdef-f610-4c36-8f2f-dbaaeb55aa81	670292	0.847521105367864	high	Microvirga aerilata	Bacteria
f724f314-7a23-450e-b5b8-01f12c828833	670292	0.9999999975618994	high	Microvirga aerilata	Bacteria
d74f8e10-ac3e-483e-9327-d24529c819a0	670292	0.9999999989079456	high	Microvirga aerilata	Bacteria
b375fc12-082d-4bc8-ab83-abb3da0eb024	670292	0.9991302086152472	high	Microvirga aerilata	Bacteria
1465ae89-382f-4881-a91d-1179aca74118	186651	0.9959505219646568	high	Microvirga subterranea	Bacteria
86c484e1-d48d-4c88-9c50-fdb1e38c7199	186651	0.9959729893925544	high	Microvirga subterranea	Bacteria
989779ae-4fcb-4b25-bf1b-ffd8f3f60eda	670292	0.9999999952900168	high	Microvirga aerilata	Bacteria
284f4d97-15cf-491a-8719-9a4b8e547631	186651	0.9925188949489416	high	Microvirga subterranea	Bacteria
104083ab-5e02-4259-b143-24bb81cfa469	186651	0.9978346095880732	high	Microvirga subterranea	Bacteria
6445415a-65ea-4bf7-8558-2a020634e4dc	670292	0.9999999975537162	high	Microvirga aerilata	Bacteria
af981d69-7b8d-46c1-8ab2-95d2b40ea686	186651	0.986060757668732	high	Microvirga subterranea	Bacteria
90812ea6-dc3e-4324-8b32-5ffb9c5bcd8e	186651	0.9959968192890724	high	Microvirga subterranea	Bacteria
b2312dee-1aee-4dab-8b78-c037b84c7472	670292	0.999999997569923	high	Microvirga aerilata	Bacteria
6be29bf0-44b2-484b-9db6-88927d7dabd8	186651	0.9998523633951928	high	Microvirga subterranea	Bacteria
fc7a8cf6-19bd-4130-bec2-99f1aed9b2c2	670292	0.999999931092289	high	Microvirga aerilata	Bacteria
db8a6ad6-5cba-4e30-9817-ab7923272f61	670292	0.9999999996940764	high	Microvirga aerilata	Bacteria
ee9a52b1-93db-4c4c-9f9e-132987f4d66c	186651	0.9999999973376849	high	Microvirga subterranea	Bacteria
b92e2d8e-4165-45fa-9e2e-861d07dbba8b	186651	0.9959969500616552	high	Microvirga subterranea	Bacteria
240b87df-ae88-4b57-aa3d-54e96a8c095f	670292	0.9999999975587068	high	Microvirga aerilata	Bacteria
11efa053-ff6c-41fe-bb16-22bf5e57bab7	186651	0.9959969500616552	high	Microvirga subterranea	Bacteria
130de6e6-14a9-4a79-a27d-b664bae0caa0	186651	0.9999779490870372	high	Microvirga subterranea	Bacteria
c3268c28-d2ed-444e-a7be-061bc204f6eb	670292	0.9999999895481114	high	Microvirga aerilata	Bacteria
47e274d6-b487-4e02-b449-f88deb896a5f	186651	0.9924391213232392	high	Microvirga subterranea	Bacteria
dd84c2c5-d625-462e-bd16-a0083798e4a7	670292	0.9999999975596574	high	Microvirga aerilata	Bacteria
0f49a597-28bb-4d20-8128-879b47cf21ad	670292	0.999999997544547	high	Microvirga aerilata	Bacteria
f3f9e57c-b130-482f-bd57-1bf8d01040ea	670292	0.9999999825314122	high	Microvirga aerilata	Bacteria
6c3f1cef-f6e3-4ff3-864e-c25944c12d9d	186651	0.9990481811313168	high	Microvirga subterranea	Bacteria
e8fae94f-df5b-40c9-87bc-7249f1dd8e3a	186651	0.9144400488835132	high	Microvirga subterranea	Bacteria
b9af5b41-b122-4d28-991b-f6df53159b9e	670292	0.9999999975677548	high	Microvirga aerilata	Bacteria
63a90fd6-7a88-47ac-b574-a80b5e3da49f	186651	0.9959968846295224	high	Microvirga subterranea	Bacteria
08d5fa27-8697-42b4-bc2e-3ef711b2302f	670292	0.9999999975286464	high	Microvirga aerilata	Bacteria
2e7a7fdf-18f8-40cd-9c6b-9e005b48eed4	670292	1.0	confident	Microvirga aerilata	Bacteria
9ef0e77e-6b2b-417c-bb7e-1bbbc525aa5e	670292	1.0	confident	Microvirga aerilata	Bacteria
41c0ae4c-2c27-45c1-a4e8-e1a2ab10d422	670292	1.0	confident	Microvirga aerilata	Bacteria
8e7e2733-d62e-44ed-b7c6-f5fddb7ccb7f	670292	1.0	confident	Microvirga aerilata	Bacteria
44dfdf03-b593-46e0-ac8c-06648c4f97b9	670292	1.0	confident	Microvirga aerilata	Bacteria
e4e56f06-c3ff-4507-9ece-997e2ba6d74f	670292	1.0	confident	Microvirga aerilata	Bacteria
692d81e6-356a-44f3-aac7-51c21d6e8d31	670292	1.0	confident	Microvirga aerilata	Bacteria
7e4dd7c4-7b81-430a-91d8-b0cf5b5cfb3e	670292	1.0	confident	Microvirga aerilata	Bacteria
fcaa057b-b6a9-42cf-acdc-fd69216ebe78	670292	1.0	confident	Microvirga aerilata	Bacteria
f05bbf1b-49fd-45bd-ba21-40165e22d2fc	670292	1.0	confident	Microvirga aerilata	Bacteria
99d14766-2367-4a12-831b-244b245fdf02	670292	1.0	confident	Microvirga aerilata	Bacteria
124c664c-07db-48f1-a8de-014b995b2c1c	670292	1.0	confident	Microvirga aerilata	Bacteria
58c37eed-3af4-431c-8b83-8ee321215a51	670292	1.0	confident	Microvirga aerilata	Bacteria
17aab15a-c0f7-4356-b2cc-036729eabbaa	670292	1.0	confident	Microvirga aerilata	Bacteria
47a01bb0-870b-4b8d-a8d7-27991e057cb8	670292	1.0	confident	Microvirga aerilata	Bacteria
a222e2b2-0c65-4cf6-a420-f210cba5c002	670292	1.0	confident	Microvirga aerilata	Bacteria
f681f30a-393e-49a7-937c-2b6f04badfac	670292	1.0	confident	Microvirga aerilata	Bacteria
571a6fd1-938b-4e92-99e4-5f204a58595c	670292	1.0	confident	Microvirga aerilata	Bacteria
a8252a2e-ceb0-4e56-93db-c1c03ee23a6f	670292	1.0	confident	Microvirga aerilata	Bacteria
815c3d40-2593-4b74-989e-065d8ed222f3	670292	1.0	confident	Microvirga aerilata	Bacteria
25105d07-834d-4784-a17a-445c59c0eae3	670292	1.0	confident	Microvirga aerilata	Bacteria
c5244f4f-8dcd-40fa-a630-3b6eea6f6421	670292	1.0	confident	Microvirga aerilata	Bacteria
b6dce52e-02c2-44fb-a878-e8f6dc0d9867	670292	1.0	confident	Microvirga aerilata	Bacteria
236bc132-63fd-46a7-b8a1-3fcf7a94046d	670292	1.0	confident	Microvirga aerilata	Bacteria
e344d62e-c9ce-43e7-8f57-676237835694	670292	1.0	confident	Microvirga aerilata	Bacteria
ae84503b-a780-4183-8fe3-0f05c978c1fa	670292	1.0	confident	Microvirga aerilata	Bacteria
2f165e13-8645-463a-a859-c5362de32ff9	670292	1.0	confident	Microvirga aerilata	Bacteria
5da213c9-8856-4c68-b5d3-8d5546d5fb45	670292	1.0	confident	Microvirga aerilata	Bacteria
d73c0de2-b10e-4622-97f0-11b52f73cd2d	670292	1.0	confident	Microvirga aerilata	Bacteria
6fcf9058-5c94-40e8-b8b8-e8fbd64c02e1	670292	1.0	confident	Microvirga aerilata	Bacteria
30010d07-9d88-4636-b9c0-c0a08ebc9bea	670292	1.0	confident	Microvirga aerilata	Bacteria
65f1323b-c6a9-4689-9a3b-7b1d396909f6	670292	1.0	confident	Microvirga aerilata	Bacteria
9bf754c1-1ac3-45b6-bcb4-39568cb45b19	670292	1.0	confident	Microvirga aerilata	Bacteria
f9ee74f8-f3f3-4c8a-bf43-2b3853b4f050	670292	1.0	confident	Microvirga aerilata	Bacteria
427ebeb9-bc3f-427e-bc64-af0f2bd31178	670292	1.0	confident	Microvirga aerilata	Bacteria
eeafe6df-eca2-4383-95c3-57ea82241542	670292	1.0	confident	Microvirga aerilata	Bacteria
54808e50-6814-43a0-95d1-081853e32056	670292	1.0	confident	Microvirga aerilata	Bacteria
ec23f653-e9f2-42e9-b20a-857d9ed26f35	670292	1.0	confident	Microvirga aerilata	Bacteria
ccc575ec-855e-4417-9bfb-9d61625ee0e9	670292	1.0	confident	Microvirga aerilata	Bacteria
dd416778-402d-4e92-91f6-794acb4378ff	670292	1.0	confident	Microvirga aerilata	Bacteria
9d8312df-7fbd-4365-8727-375e50c36598	670292	1.0	confident	Microvirga aerilata	Bacteria
53d9a777-87e8-40fb-828c-b1c796fea9c8	670292	1.0	confident	Microvirga aerilata	Bacteria
e3e93a85-5bf4-4bd6-8814-fe90226fc888	670292	1.0	confident	Microvirga aerilata	Bacteria
dcad02a8-6548-4ec8-90b5-d345551062d7	670292	1.0	confident	Microvirga aerilata	Bacteria
8a7f53a9-6ba7-4283-b2e4-b0f59810f7ca	670292	1.0	confident	Microvirga aerilata	Bacteria
fc0199cc-f572-45fb-93d3-717d3b7025f4	670292	1.0	confident	Microvirga aerilata	Bacteria
a77d2129-ea28-4572-8872-8863ad1ab37f	670292	1.0	confident	Microvirga aerilata	Bacteria
8b73bdd7-7433-4dc5-a7f8-0c62a593687d	670292	1.0	confident	Microvirga aerilata	Bacteria
e199ad95-0b3a-4b9e-8c82-513e0fef3c2a	670292	1.0	confident	Microvirga aerilata	Bacteria
81053910-38a1-4fed-8ec7-868b3394f775	670292	1.0	confident	Microvirga aerilata	Bacteria
bc6a1c69-6d77-4b72-90aa-9b437b9ab84d	670292	1.0	confident	Microvirga aerilata	Bacteria
0df32335-f84d-47e4-b6ca-8694a28519a8	670292	1.0	confident	Microvirga aerilata	Bacteria
ade93703-fb6c-4ad2-9f63-b42aa913a198	670292	1.0	confident	Microvirga aerilata	Bacteria
f2cffc3f-2918-44cb-9930-3ff9fefc467d	670292	1.0	confident	Microvirga aerilata	Bacteria
f05fe889-bf7f-416f-9a9a-7d2cb872296e	670292	1.0	confident	Microvirga aerilata	Bacteria
08003082-39a5-496c-a2cd-d0ad67d0c9e6	670292	1.0	confident	Microvirga aerilata	Bacteria
bacc2dfc-38a6-4566-9e0d-8276e943b85e	670292	1.0	confident	Microvirga aerilata	Bacteria
bafcea4b-d960-4192-8d24-5584fd293f42	670292	1.0	confident	Microvirga aerilata	Bacteria
2b420c24-b769-43ce-a9d3-db0d191ac51e	670292	1.0	confident	Microvirga aerilata	Bacteria
99d52606-3795-4c67-9f2a-0431cc5f0c12	670292	1.0	confident	Microvirga aerilata	Bacteria
36b2170d-795f-456e-9df0-c89722d54fbb	670292	1.0	confident	Microvirga aerilata	Bacteria
1d6f5037-2eda-4eaf-bd76-836e67ad3b51	670292	1.0	confident	Microvirga aerilata	Bacteria
7c94777d-cd41-4a4f-9d90-d70b70b15f86	670292	1.0	confident	Microvirga aerilata	Bacteria
a9462f6f-0f7f-4ca8-9766-3427639d3a59	670292	1.0	confident	Microvirga aerilata	Bacteria
684436cd-4631-46d5-bbaf-f83bbcd2de95	670292	1.0	confident	Microvirga aerilata	Bacteria
b0731124-75d4-46b8-9c42-e375a4d53666	670292	1.0	confident	Microvirga aerilata	Bacteria
772c2451-dc37-47ba-b1d1-2bce56c0ed9d	670292	1.0	confident	Microvirga aerilata	Bacteria
3f58cfa3-3976-4573-b3fa-802b85d71b9c	670292	1.0	confident	Microvirga aerilata	Bacteria
90dbde09-2318-4ebe-8b07-48f447b136df	670292	1.0	confident	Microvirga aerilata	Bacteria
3f9d2675-dd32-4735-8548-c4e8c2cc13cb	670292	1.0	confident	Microvirga aerilata	Bacteria
86feb871-f388-4ade-b605-0795508efa0e	670292	1.0	confident	Microvirga aerilata	Bacteria
a93a15a8-412b-4cf0-8f07-7d110dcfd838	670292	1.0	confident	Microvirga aerilata	Bacteria
04e9ae9a-772b-43ff-ad6e-d055e44f4d0b	670292	1.0	confident	Microvirga aerilata	Bacteria
1a19d45f-bc79-41bc-807c-981ae3b01b59	670292	1.0	confident	Microvirga aerilata	Bacteria
e4bd39eb-2993-4094-ad5d-94b7b3059f0c	670292	1.0	confident	Microvirga aerilata	Bacteria
cf23724b-2297-4d73-ba60-4340ddeb3b33	670292	1.0	confident	Microvirga aerilata	Bacteria
4028ef28-cff2-4c19-b3ec-f74494e73329	670292	1.0	confident	Microvirga aerilata	Bacteria
33d934b4-1c16-454a-99dc-bc040596b8d1	670292	1.0	confident	Microvirga aerilata	Bacteria
003dfcdc-9b4b-499d-8b1a-b5d3401c607c	670292	1.0	confident	Microvirga aerilata	Bacteria
633d517b-b55a-4cd9-9e11-460b37246251	670292	1.0	confident	Microvirga aerilata	Bacteria
fec5782e-a1f3-4124-8918-a372a03eeaab	670292	1.0	confident	Microvirga aerilata	Bacteria
bfaf69d5-47e7-4562-9a77-0546b30237dd	670292	1.0	confident	Microvirga aerilata	Bacteria
f4200e8b-a8b5-410f-aadb-f9098383f602	670292	1.0	confident	Microvirga aerilata	Bacteria
2d814f52-bea8-415c-b7df-89c4842a48e6	670292	1.0	confident	Microvirga aerilata	Bacteria
7ec39fc5-840d-4784-8d7c-85ceb831f751	670292	1.0	confident	Microvirga aerilata	Bacteria
cf4c27b4-c3c6-449d-b089-53ce506884cf	670292	1.0	confident	Microvirga aerilata	Bacteria
0664f174-a399-4c3e-989a-595df17ab448	670292	1.0	confident	Microvirga aerilata	Bacteria
d0e99cb8-a3ea-4ce3-83a0-72f4691a0287	670292	1.0	confident	Microvirga aerilata	Bacteria
b924c160-8b2c-448e-b307-74c4744f965d	670292	1.0	confident	Microvirga aerilata	Bacteria
83c2507c-5ddc-43e5-9782-f8f00d569555	670292	1.0	confident	Microvirga aerilata	Bacteria
6ee6eae3-e363-4d3f-b452-f33e6a30ae11	670292	1.0	confident	Microvirga aerilata	Bacteria
2a247343-e8fc-46a1-89bb-6f4541f46f60	670292	1.0	confident	Microvirga aerilata	Bacteria
98f17aed-6684-4bef-8fb4-f62cb31925dd	670292	1.0	confident	Microvirga aerilata	Bacteria
9a076bd8-c827-4b3a-a912-3187a9400fd9	670292	1.0	confident	Microvirga aerilata	Bacteria
3862b597-69ef-459a-894c-6494eef66aee	670292	1.0	confident	Microvirga aerilata	Bacteria
6d778b1f-ab26-4a13-9aa3-986ea1428a21	670292	1.0	confident	Microvirga aerilata	Bacteria
0d251d96-b898-490b-981f-4c58a978ee25	670292	1.0	confident	Microvirga aerilata	Bacteria
c29eb49d-09c2-41b3-ad05-330a835e017a	670292	1.0	confident	Microvirga aerilata	Bacteria
312fd66e-4c77-419e-b6cf-21ce4cc34643	670292	1.0	confident	Microvirga aerilata	Bacteria
d9a21494-8f28-4668-ae45-e4493ab56916	670292	1.0	confident	Microvirga aerilata	Bacteria
84c8ac9d-9c38-4f4c-817f-e704b61d991f	670292	1.0	confident	Microvirga aerilata	Bacteria
11c24e1e-d402-4bb1-b691-b69eb112526a	670292	1.0	confident	Microvirga aerilata	Bacteria
f06d4ffa-f53a-4208-bed3-b9b41842c053	670292	1.0	confident	Microvirga aerilata	Bacteria
8519af43-7b10-411c-9b1f-08ac8400c73b	670292	1.0	confident	Microvirga aerilata	Bacteria
81d99aa5-b80e-43be-8020-8ddc89763d06	670292	1.0	confident	Microvirga aerilata	Bacteria
816c5a9f-2df4-490e-a87e-b4eb4a3402fc	670292	1.0	confident	Microvirga aerilata	Bacteria
6ff0040b-f866-45e7-b441-80f928f162b1	670292	1.0	confident	Microvirga aerilata	Bacteria
5f067196-da44-42fd-8fe7-98335b1ac195	670292	1.0	confident	Microvirga aerilata	Bacteria
80d25917-0bb5-48d0-b04e-1ee500eeb867	670292	1.0	confident	Microvirga aerilata	Bacteria
b065c50c-f1cd-4221-9696-a4a4706b4411	670292	1.0	confident	Microvirga aerilata	Bacteria
6efc2a91-12fe-44f1-ae6e-e7abc945d10e	670292	1.0	confident	Microvirga aerilata	Bacteria
a75552ca-f30b-4cbb-8590-b9746cefc3f5	670292	1.0	confident	Microvirga aerilata	Bacteria
ddc62a85-aafe-4df8-8734-d72b8fb295d2	670292	1.0	confident	Microvirga aerilata	Bacteria
7abf57f6-95eb-4a41-991b-dd9974603a4e	670292	1.0	confident	Microvirga aerilata	Bacteria
da1f194e-7630-40e5-be02-52443545575c	670292	1.0	confident	Microvirga aerilata	Bacteria
b6674c75-9751-4ca8-8f29-5342b1e886f7	670292	1.0	confident	Microvirga aerilata	Bacteria
8af5b5e0-3e8c-4360-962c-51fd38c58603	670292	1.0	confident	Microvirga aerilata	Bacteria
6203848b-d469-4fec-bb51-dbf463296765	670292	1.0	confident	Microvirga aerilata	Bacteria
96ae4d84-0a69-4e95-9727-d5aa5cb33b23	670292	1.0	confident	Microvirga aerilata	Bacteria
2d3a1175-47e1-4eff-bc5b-9cde66495242	670292	1.0	confident	Microvirga aerilata	Bacteria
6b2795b1-1423-4798-8ed3-47da8cc7bfab	670292	1.0	confident	Microvirga aerilata	Bacteria
76354ebb-d6dc-4b03-b0c5-9f3e4cbfcd7c	670292	1.0	confident	Microvirga aerilata	Bacteria
340fe1bd-e79d-479b-8ab5-13bfdb9e2d09	670292	1.0	confident	Microvirga aerilata	Bacteria
bdb20d04-f530-4214-827f-918315d97d3f	670292	1.0	confident	Microvirga aerilata	Bacteria
2cf9a626-a6ad-444b-800e-5b563a627699	670292	1.0	confident	Microvirga aerilata	Bacteria
493e01b4-1b86-40c1-91ab-6f63395636fb	670292	1.0	confident	Microvirga aerilata	Bacteria
27a2942e-feb4-4351-a922-726154470728	670292	1.0	confident	Microvirga aerilata	Bacteria
2dafe899-aed0-448c-b9cc-fa74c572c681	670292	1.0	confident	Microvirga aerilata	Bacteria
a3fd6296-91a4-4189-bff3-568cac722e77	670292	1.0	confident	Microvirga aerilata	Bacteria
ab032d78-b6b7-402c-acbc-8f27f1eb9692	670292	1.0	confident	Microvirga aerilata	Bacteria
71fa0ee4-2d74-430c-995f-d182b9620d0e	670292	1.0	confident	Microvirga aerilata	Bacteria
17f67354-d2f7-4f17-a6e4-3a3075c11ed4	670292	1.0	confident	Microvirga aerilata	Bacteria
147a42eb-97fb-4ed9-bdcd-283c89caab91	670292	1.0	confident	Microvirga aerilata	Bacteria
30c7c4f9-eaf8-4d7c-9e0b-5ee0f28d9290	670292	1.0	confident	Microvirga aerilata	Bacteria
35b6fc21-8cdf-49e4-a638-9598bf2036c2	670292	1.0	confident	Microvirga aerilata	Bacteria
37012d05-d0d2-4717-b978-2995d3f54d2d	670292	1.0	confident	Microvirga aerilata	Bacteria
b08754b6-767c-457d-a30f-40fd113f3305	670292	1.0	confident	Microvirga aerilata	Bacteria
e62c6158-9db2-4541-9ed8-d4b5a09c5e70	670292	1.0	confident	Microvirga aerilata	Bacteria
2f11c8ae-8d21-4727-8452-bab802bdc1db	670292	1.0	confident	Microvirga aerilata	Bacteria
7bbd9a24-c000-4c5a-811a-afe4bb9eafa2	670292	1.0	confident	Microvirga aerilata	Bacteria
713edf3c-d907-4fbd-a2bc-dbb98e4dbd22	670292	1.0	confident	Microvirga aerilata	Bacteria
40a9e38c-79dc-44e8-b59d-0f6705168fcd	670292	1.0	confident	Microvirga aerilata	Bacteria
65b9794f-da6a-4afe-99ed-de37670347b8	670292	1.0	confident	Microvirga aerilata	Bacteria
247550df-2d6c-470a-b641-5d6689054809	670292	1.0	confident	Microvirga aerilata	Bacteria
675490ac-826f-462e-aabd-5135e3e306c3	670292	1.0	confident	Microvirga aerilata	Bacteria
c21fd135-2426-48ef-b4ca-d780e2e9acc5	670292	1.0	confident	Microvirga aerilata	Bacteria
e00b8926-4b1c-410c-8c38-d260ea0b1a33	670292	1.0	confident	Microvirga aerilata	Bacteria
74108793-8cbd-408b-9163-837d55e2495d	670292	1.0	confident	Microvirga aerilata	Bacteria
c81ee6e4-7988-4119-9405-370190b7933e	670292	1.0	confident	Microvirga aerilata	Bacteria
3f167656-7cff-439f-b0df-bc37adc6a993	670292	1.0	confident	Microvirga aerilata	Bacteria
ab990d15-bc9e-4b9e-8b9b-f71f90e18614	670292	1.0	confident	Microvirga aerilata	Bacteria
32a54f42-a05b-4881-a00b-731dcd4b418a	670292	1.0	confident	Microvirga aerilata	Bacteria
79d3d330-e4a7-4d5e-bea1-6f0c74fa4138	670292	1.0	confident	Microvirga aerilata	Bacteria
50cef3cb-4afc-436b-bfe7-b759e4083250	670292	1.0	confident	Microvirga aerilata	Bacteria
0dac5b54-becb-4a98-b5a8-18fb1fb484a5	670292	1.0	confident	Microvirga aerilata	Bacteria
4ab9e0f3-b0bc-4da8-90c5-936af0653d99	670292	1.0	confident	Microvirga aerilata	Bacteria
bb5e656b-c3c2-4379-a865-7d6be56330c2	670292	1.0	confident	Microvirga aerilata	Bacteria
0e1b5af2-de04-4c7b-a39c-3de17ca0440e	670292	1.0	confident	Microvirga aerilata	Bacteria
6e55daef-2e3b-4a79-9f77-40713477c6ca	670292	1.0	confident	Microvirga aerilata	Bacteria
3d28c8ec-c3cd-49cb-a174-d4aa925cbfff	670292	1.0	confident	Microvirga aerilata	Bacteria
b779795d-dca2-4086-b24a-a0dda80d6a5b	670292	1.0	confident	Microvirga aerilata	Bacteria
62e67688-cb25-45e6-b067-642af8f2bfdf	670292	1.0	confident	Microvirga aerilata	Bacteria
31a3762f-04e9-49b6-8077-8500858e8f86	670292	1.0	confident	Microvirga aerilata	Bacteria
2167b1cd-2c93-4f2a-acd1-d00f462ed689	670292	1.0	confident	Microvirga aerilata	Bacteria
24b1fc70-74f0-4764-a0a9-fb355175e2df	670292	1.0	confident	Microvirga aerilata	Bacteria
43d0ebec-23a4-4795-9f88-d6a33416e724	670292	1.0	confident	Microvirga aerilata	Bacteria
83ae673e-94ee-4ebc-930c-8ec3c09ced61	670292	1.0	confident	Microvirga aerilata	Bacteria
f8732d05-1399-479e-b269-ef838827727c	670292	1.0	confident	Microvirga aerilata	Bacteria
87f52bec-9558-4472-8fa7-038bab5b9b96	670292	1.0	confident	Microvirga aerilata	Bacteria
b1589d25-66db-412e-8607-0db32e46e319	670292	1.0	confident	Microvirga aerilata	Bacteria
f8a8fd84-b4c6-464c-b377-eb0313d37abd	670292	1.0	confident	Microvirga aerilata	Bacteria
34f423be-684f-4d58-9e25-acff11464176	670292	1.0	confident	Microvirga aerilata	Bacteria
de2c4003-4853-4263-ad2e-d159d403c3c2	670292	1.0	confident	Microvirga aerilata	Bacteria
6010951d-3b57-40bc-98f0-5159c2634d7a	670292	1.0	confident	Microvirga aerilata	Bacteria
102a679c-03bc-43f2-8032-91eee7d94c22	670292	1.0	confident	Microvirga aerilata	Bacteria
2d141b1c-5b84-4f76-b17e-8dcdac3f02e3	670292	1.0	confident	Microvirga aerilata	Bacteria
5d6fa303-8034-4a19-a662-a83241557e11	670292	1.0	confident	Microvirga aerilata	Bacteria
e76ed92a-4a61-4a4f-b3a5-a621601a6ea3	670292	1.0	confident	Microvirga aerilata	Bacteria
0d0a9b65-1eba-4ecf-a453-072767457e7c	670292	1.0	confident	Microvirga aerilata	Bacteria
9f5f62b2-e526-422e-b1cf-289ec9151cae	670292	1.0	confident	Microvirga aerilata	Bacteria
0f552d80-ed63-4276-829a-602306d39e6c	670292	1.0	confident	Microvirga aerilata	Bacteria
8d8f4551-3031-4c59-a8a9-afe49c8f61e5	670292	1.0	confident	Microvirga aerilata	Bacteria
c33f730f-cb07-4ac9-8894-05598875dc86	670292	1.0	confident	Microvirga aerilata	Bacteria
66e4185e-4aa9-4faa-8801-2a552d9a7a7b	670292	1.0	confident	Microvirga aerilata	Bacteria
8745f557-4dba-4816-84cc-0d6f93e2e3bf	670292	1.0	confident	Microvirga aerilata	Bacteria
ce41b3c2-dea6-4314-9423-974cd87c2787	670292	1.0	confident	Microvirga aerilata	Bacteria
0d73b640-2189-4153-801d-8f125a242c1d	670292	1.0	confident	Microvirga aerilata	Bacteria
8793d7ae-de13-4984-82f9-154fdf29334f	670292	1.0	confident	Microvirga aerilata	Bacteria
bfefe850-2b68-4083-811f-62fcad3ff03e	670292	1.0	confident	Microvirga aerilata	Bacteria
b0cf46d7-08d2-4022-922b-cd91b04f5fa0	670292	1.0	confident	Microvirga aerilata	Bacteria
8d312e08-20ae-4939-961a-cc14326fdbdb	670292	1.0	confident	Microvirga aerilata	Bacteria
34b78588-2f4b-4348-8e8b-ee74ecf0674a	670292	1.0	confident	Microvirga aerilata	Bacteria
ef539c85-6aec-4d3f-8064-70f16c6d76a9	670292	1.0	confident	Microvirga aerilata	Bacteria
b2ffca33-9226-4bdc-8c03-ffdb20894b91	670292	1.0	confident	Microvirga aerilata	Bacteria
631f48b8-a4ea-4034-95e0-ae7c44337fbb	670292	1.0	confident	Microvirga aerilata	Bacteria
c7baa596-3861-44c9-94e3-8e9c2b040d04	670292	1.0	confident	Microvirga aerilata	Bacteria
bd186b8e-4ee7-4ebf-88b0-8605357f16e6	670292	1.0	confident	Microvirga aerilata	Bacteria
c59e19e8-581e-4a4f-a905-42337b22c9ff	670292	1.0	confident	Microvirga aerilata	Bacteria
c435690c-eb3a-4bef-9836-20a962744f83	670292	1.0	confident	Microvirga aerilata	Bacteria
b9beb531-fac6-4ad9-8c7a-35036d402f4a	670292	1.0	confident	Microvirga aerilata	Bacteria
d03ae0dc-70aa-4d76-bc3c-9f826b83469b	670292	1.0	confident	Microvirga aerilata	Bacteria
4248d8a9-4ccf-45ea-90b1-8c7f128aa978	670292	1.0	confident	Microvirga aerilata	Bacteria
2604f5f6-7183-4443-97af-80749b2948db	670292	1.0	confident	Microvirga aerilata	Bacteria
a606ef72-6679-43ab-a363-503c12681d3a	670292	1.0	confident	Microvirga aerilata	Bacteria
7e5b3a34-7aaf-4501-84e7-ceba900b292b	670292	1.0	confident	Microvirga aerilata	Bacteria
13b05f7a-6ede-40e4-882b-cb915e979df4	670292	1.0	confident	Microvirga aerilata	Bacteria
4db0ffab-9920-40f8-af55-83ba24e37d8c	670292	1.0	confident	Microvirga aerilata	Bacteria
1a069bd5-65fc-4031-8a7f-6f5490ffc2f7	670292	1.0	confident	Microvirga aerilata	Bacteria
7cc5d48d-c120-47cc-949f-82af2ba8b857	670292	1.0	confident	Microvirga aerilata	Bacteria
a21fd497-9e4d-4719-acd7-12a41cfbe0b0	670292	1.0	confident	Microvirga aerilata	Bacteria
1570923f-00e5-422b-9353-1ba5472d6bd7	670292	1.0	confident	Microvirga aerilata	Bacteria
b7c9dc4e-6f1b-4c98-a282-71fd35fd3b1a	670292	1.0	confident	Microvirga aerilata	Bacteria
0718343b-b6ae-4802-8cda-cdf8aa16daf2	670292	1.0	confident	Microvirga aerilata	Bacteria
1697da23-6a45-41dd-908e-b63defa39c19	670292	1.0	confident	Microvirga aerilata	Bacteria
6996de43-7719-4fa0-bacc-13df9442f461	670292	1.0	confident	Microvirga aerilata	Bacteria
6a761319-ed83-4d67-981b-1a470118da4c	670292	1.0	confident	Microvirga aerilata	Bacteria
2cb8f4fe-cf36-44f6-a35c-7389cd528f5d	670292	1.0	confident	Microvirga aerilata	Bacteria
975a2e87-0848-437b-9067-cabfda039dfb	670292	1.0	confident	Microvirga aerilata	Bacteria
f84e96dc-ee14-4e60-995f-8ddcdd39fa63	670292	1.0	confident	Microvirga aerilata	Bacteria
b73b4404-a936-448a-9c79-41a0b20443c1	670292	1.0	confident	Microvirga aerilata	Bacteria
6b14ea4f-e39c-4471-9d0e-a39013119acd	670292	1.0	confident	Microvirga aerilata	Bacteria
f4fc8947-3f74-4ffe-aaf7-dfb300c9bc9f	670292	1.0	confident	Microvirga aerilata	Bacteria
8b83a470-65a5-4efb-bcb1-cd12e310c2d1	670292	1.0	confident	Microvirga aerilata	Bacteria
79f9b0ff-2eea-4ce6-adbc-531ef58bbdca	670292	1.0	confident	Microvirga aerilata	Bacteria
c8f58639-dc3a-4a38-b422-c720c7f6da4d	670292	1.0	confident	Microvirga aerilata	Bacteria
94decc31-d87f-42ab-a05e-8c976939a2f2	670292	1.0	confident	Microvirga aerilata	Bacteria
0a9d4be9-1b07-488d-8f64-6abdb75f9dd8	670292	1.0	confident	Microvirga aerilata	Bacteria
97cea07e-f71a-4113-b152-fc6b13aca0e1	670292	1.0	confident	Microvirga aerilata	Bacteria
b5cb38c2-a494-482e-b59c-860075636e3c	670292	1.0	confident	Microvirga aerilata	Bacteria
c1c2b08e-bd0a-43c2-937e-712512f71567	670292	1.0	confident	Microvirga aerilata	Bacteria
ff416271-7d06-4fb6-a032-2e71d3cf41bf	670292	1.0	confident	Microvirga aerilata	Bacteria
c8a93387-a15f-4e9b-8c0f-cdbd58dcf24a	670292	1.0	confident	Microvirga aerilata	Bacteria
5d22601e-fad5-4bda-93e1-a886fac56921	670292	1.0	confident	Microvirga aerilata	Bacteria
b6a4720e-a893-4f01-9e22-6d602264f86f	670292	1.0	confident	Microvirga aerilata	Bacteria
8e557a29-9397-47fb-a02b-ba5b0840d7c0	670292	1.0	confident	Microvirga aerilata	Bacteria
9eef2528-c2b5-4c09-9a77-d875ec6fd1be	670292	1.0	confident	Microvirga aerilata	Bacteria
01ed4252-425d-44fb-b764-9f6ea79ffb80	670292	1.0	confident	Microvirga aerilata	Bacteria
bf7d430d-e0fe-4f96-bc18-5b46011f696d	670292	1.0	confident	Microvirga aerilata	Bacteria
5bdaa47b-9461-4c42-93a4-ae6153bb91f9	670292	1.0	confident	Microvirga aerilata	Bacteria
4ead51cc-4fea-4d19-bf13-6df2b7120dcb	670292	1.0	confident	Microvirga aerilata	Bacteria
68021811-575b-4cf2-979f-eb4d8fc97411	670292	1.0	confident	Microvirga aerilata	Bacteria
c262b575-a076-4b81-905f-06aa2fc6dbe1	670292	1.0	confident	Microvirga aerilata	Bacteria
7f5a5813-2547-452b-8f67-86eda41f98a5	670292	1.0	confident	Microvirga aerilata	Bacteria
503dd4c9-838c-4587-b427-1b6bd94efc33	670292	1.0	confident	Microvirga aerilata	Bacteria
0c99f144-2892-4bbb-99e8-da3fd72673bc	670292	1.0	confident	Microvirga aerilata	Bacteria
a00cfa8f-f919-4373-bb95-e37e08390e24	670292	1.0	confident	Microvirga aerilata	Bacteria
409cc98c-3c7e-4184-88c5-f19a2fec13cf	670292	1.0	confident	Microvirga aerilata	Bacteria
b663c958-875f-42b2-aaab-6ae6d9b0bc09	670292	1.0	confident	Microvirga aerilata	Bacteria
80190cfc-1348-4d2d-a496-5c5e50506276	670292	1.0	confident	Microvirga aerilata	Bacteria
b0a036c5-e8f8-4139-9cd6-1a843bf29f37	670292	1.0	confident	Microvirga aerilata	Bacteria
5612007a-a3f7-41e1-9428-7590f76befed	670292	1.0	confident	Microvirga aerilata	Bacteria
60d68523-4f13-433d-9fc6-70b24afcd24c	670292	1.0	confident	Microvirga aerilata	Bacteria
beb79852-6644-4fdb-9b6c-d0765d3368dd	670292	1.0	confident	Microvirga aerilata	Bacteria
a7b8378d-e1d3-4b1b-8dc3-0a853ce963cb	670292	1.0	confident	Microvirga aerilata	Bacteria
365d0d2e-86ae-4887-bd0c-aad648d0b692	670292	1.0	confident	Microvirga aerilata	Bacteria
fe71ddd3-aaf6-4ca6-92eb-5647caaae030	670292	1.0	confident	Microvirga aerilata	Bacteria
baf781d5-ed70-4bb4-8070-015d48186e88	670292	1.0	confident	Microvirga aerilata	Bacteria
3ffa38f1-e712-47f2-b6f3-4192c1214626	670292	1.0	confident	Microvirga aerilata	Bacteria
d2b13671-59a1-4f94-98fc-16437abcbfa0	670292	1.0	confident	Microvirga aerilata	Bacteria
550809f5-f7c3-4441-b529-0066310cc14d	670292	1.0	confident	Microvirga aerilata	Bacteria
96d329b2-2702-4343-9251-02c139466ccf	670292	1.0	confident	Microvirga aerilata	Bacteria
68b64250-19c6-4860-9d0b-7e3c14e57dbe	670292	1.0	confident	Microvirga aerilata	Bacteria
9f789454-45f8-4228-86d6-f127a89bd8a7	670292	1.0	confident	Microvirga aerilata	Bacteria
2d46e777-fc54-413e-9fd6-5c86c2af89ff	670292	1.0	confident	Microvirga aerilata	Bacteria
36055fd4-1edd-467c-80d3-bc24e01cc2f3	670292	1.0	confident	Microvirga aerilata	Bacteria
5bf66455-1ee7-411f-b1f8-b91c1544d160	670292	1.0	confident	Microvirga aerilata	Bacteria
e4d790cb-622c-4306-aa64-746ec2091d9e	670292	1.0	confident	Microvirga aerilata	Bacteria
d21a008a-aa6e-4752-9c79-629f39e48f63	670292	1.0	confident	Microvirga aerilata	Bacteria
8fd9ff85-310b-455a-9495-fcc598b70b5c	670292	1.0	confident	Microvirga aerilata	Bacteria
eefa1aca-1287-4dfa-8ea0-ed6740267466	670292	1.0	confident	Microvirga aerilata	Bacteria
c8cb7608-268d-4ffd-9b9d-e07f4ab08528	670292	1.0	confident	Microvirga aerilata	Bacteria
47f4d7fd-23f5-439f-8e8c-ac9ac626cfe3	670292	1.0	confident	Microvirga aerilata	Bacteria
f15ce027-74b5-4088-a8ab-ff628fc5f904	670292	1.0	confident	Microvirga aerilata	Bacteria
15dd1798-eee6-4fd2-9992-28c008ed8c13	670292	1.0	confident	Microvirga aerilata	Bacteria
597b7877-800a-4021-be6c-cfc2b40f589a	670292	1.0	confident	Microvirga aerilata	Bacteria
599224d4-2d8a-4e3b-9098-fc4f056f81c2	670292	1.0	confident	Microvirga aerilata	Bacteria
d316eefc-9385-4858-aea5-12d42b37e479	670292	1.0	confident	Microvirga aerilata	Bacteria
f13bb2c8-309f-4943-a491-5fc0bd9df983	670292	1.0	confident	Microvirga aerilata	Bacteria
3a354058-2d31-40f3-b772-0bfe322b520f	670292	1.0	confident	Microvirga aerilata	Bacteria
655cc7ca-731c-43b9-b808-76d3f292be84	670292	1.0	confident	Microvirga aerilata	Bacteria
d38b5f95-6362-4cce-a0e5-24029f433c17	670292	1.0	confident	Microvirga aerilata	Bacteria
dec7d97f-a413-4034-b145-220bd0c993c1	670292	1.0	confident	Microvirga aerilata	Bacteria
73ca8b22-bfd8-43d4-a31d-8db2b9c5e458	670292	1.0	confident	Microvirga aerilata	Bacteria
55ead0da-a2fd-4229-8732-e30a150652bc	670292	1.0	confident	Microvirga aerilata	Bacteria
3e80c3c7-e797-4b0e-b370-4207297cabeb	670292	1.0	confident	Microvirga aerilata	Bacteria
ef41052a-8492-4e95-b9ba-50a31c4f9370	670292	1.0	confident	Microvirga aerilata	Bacteria
fb9ecf86-6c69-4604-abce-516dc8507aaa	670292	1.0	confident	Microvirga aerilata	Bacteria
51c8eb30-9f13-4e89-baeb-c68807ede906	670292	1.0	confident	Microvirga aerilata	Bacteria
08092e18-544d-4bf9-a59d-24fa790b8174	670292	1.0	confident	Microvirga aerilata	Bacteria
0806c324-33b1-4557-8e9a-c0743ec5a8bb	670292	1.0	confident	Microvirga aerilata	Bacteria
7c5626b3-da0a-4fb8-ab7c-6dff93d8aa3b	670292	1.0	confident	Microvirga aerilata	Bacteria
17f48aa6-d58b-4cf0-8d49-9f4901841561	670292	1.0	confident	Microvirga aerilata	Bacteria
0b26219d-22a3-415c-bf90-b98d89aff6fa	670292	1.0	confident	Microvirga aerilata	Bacteria
440e35b8-a0e4-45d2-b55d-4880461c3a0e	670292	1.0	confident	Microvirga aerilata	Bacteria
8c182b35-05f2-4fba-9ffa-bf7eea0872a7	670292	1.0	confident	Microvirga aerilata	Bacteria
2d97eff8-e312-4fea-ac37-e15d2018b175	670292	1.0	confident	Microvirga aerilata	Bacteria
2cba56eb-20aa-4d77-972a-942cb072d83e	670292	1.0	confident	Microvirga aerilata	Bacteria
ed815fbb-a64e-43ab-a9d7-9ec4905a156c	670292	1.0	confident	Microvirga aerilata	Bacteria
1837b842-c87b-465a-8375-740809832f45	670292	1.0	confident	Microvirga aerilata	Bacteria
c15b821c-ce34-4ee9-82f5-21877b8aa2c4	670292	1.0	confident	Microvirga aerilata	Bacteria
19e4caad-b927-4e2b-940e-5c68de5959b9	670292	1.0	confident	Microvirga aerilata	Bacteria
da6c8828-f1f0-44e5-add0-0a0a4e6e4bee	670292	1.0	confident	Microvirga aerilata	Bacteria
82d85019-257d-4a22-9677-df231fb3294a	670292	1.0	confident	Microvirga aerilata	Bacteria
7b10cf6e-3fc0-41e6-9527-d4959a0822b6	670292	1.0	confident	Microvirga aerilata	Bacteria
98c1d8b4-7aec-4ee3-b3b2-8f7ed822ccce	10002616	1.0	confident	Laceyella sacchari	Bacteria
e81a822d-d255-43c0-9749-65e6e906d1df	670292	1.0	confident	Microvirga aerilata	Bacteria
e1ba49b6-c9a8-4f97-aa6a-82d81874a53f	670292	1.0	confident	Microvirga aerilata	Bacteria
8e8b0639-335e-4694-80c4-403ebca62aa1	670292	1.0	confident	Microvirga aerilata	Bacteria
268d4202-d437-4ecf-8e0d-62501adc4f33	670292	1.0	confident	Microvirga aerilata	Bacteria
9562a367-84f1-4165-8bb6-fa76f38a713c	670292	1.0	confident	Microvirga aerilata	Bacteria
8dd47521-0b70-4c63-811c-2bb911919669	670292	1.0	confident	Microvirga aerilata	Bacteria
5a2474d0-6ba8-42a3-bce6-ca5132a76bbb	670292	1.0	confident	Microvirga aerilata	Bacteria
5dadcf59-da4e-4fc0-b13d-20fe75aa50f3	670292	1.0	confident	Microvirga aerilata	Bacteria
f126687b-da74-406a-9c36-d8a34faf2fdb	670292	1.0	confident	Microvirga aerilata	Bacteria
92a7d0e2-815b-487a-8860-9a63d800d4cf	670292	1.0	confident	Microvirga aerilata	Bacteria
1e438a44-37d0-4e89-bdeb-9f1f0b64f797	670292	1.0	confident	Microvirga aerilata	Bacteria
81afc362-a3ac-4787-a9c1-34013310dd7c	670292	1.0	confident	Microvirga aerilata	Bacteria
fd463a79-aa2c-41d3-aceb-a49095960635	670292	1.0	confident	Microvirga aerilata	Bacteria
46adeac9-3b87-4c92-a79f-43a3ac7bb6a5	670292	1.0	confident	Microvirga aerilata	Bacteria
d0b64a23-75ac-48c9-805b-7e94294176e0	670292	1.0	confident	Microvirga aerilata	Bacteria
ee76b5c0-a639-47a7-a643-760b0c681691	670292	1.0	confident	Microvirga aerilata	Bacteria
ed774bc7-2f2a-4388-b903-688162620347	670292	1.0	confident	Microvirga aerilata	Bacteria
c0c77541-9741-4654-a9eb-15a1c2041398	670292	1.0	confident	Microvirga aerilata	Bacteria
cc17fae6-b77b-4bf4-869b-8c1c9150cf9d	670292	1.0	confident	Microvirga aerilata	Bacteria
91375cbe-6bc2-4644-9121-61ae7a1402e5	670292	1.0	confident	Microvirga aerilata	Bacteria
19b52434-4619-48b1-9330-7767b18bb889	670292	1.0	confident	Microvirga aerilata	Bacteria
a726e9fd-a738-46dc-b06c-a593010a2a3f	670292	1.0	confident	Microvirga aerilata	Bacteria
4107ced3-1cc0-455a-a67c-8c3619a340b2	670292	1.0	confident	Microvirga aerilata	Bacteria
9f2702f9-711f-44a3-a5e5-59b0f2759b0c	670292	1.0	confident	Microvirga aerilata	Bacteria
f17d4958-4fa2-4aba-9b66-00f0d78610ce	670292	1.0	confident	Microvirga aerilata	Bacteria
eb3f0979-ee7e-4cb2-89b4-7c9c3921eed4	670292	1.0	confident	Microvirga aerilata	Bacteria
65f1a6bb-876a-4119-96a4-8119e26ffb5c	670292	1.0	confident	Microvirga aerilata	Bacteria
820388d1-a792-4e03-8281-d1b2404a5be1	670292	1.0	confident	Microvirga aerilata	Bacteria
41c26e7b-b30e-4616-b526-55fa3a6ca676	670292	1.0	confident	Microvirga aerilata	Bacteria
ccd99533-e6c3-42de-b762-f73c21134b12	670292	1.0	confident	Microvirga aerilata	Bacteria
53782a02-c55e-4968-9a54-7f717d7e53f6	670292	1.0	confident	Microvirga aerilata	Bacteria
edcdc49a-cfff-40fe-b6ae-8a45c9ff23e3	670292	1.0	confident	Microvirga aerilata	Bacteria
a2671a1d-f567-41f6-8233-08b3272cd877	670292	1.0	confident	Microvirga aerilata	Bacteria
e28858c0-c877-4d4a-89e1-bee8d2049db0	670292	1.0	confident	Microvirga aerilata	Bacteria
2fcd0e9f-3384-4d94-aa7c-9967c73039c0	670292	1.0	confident	Microvirga aerilata	Bacteria
47c2c5f1-dae8-4706-9cc8-104945386b1e	670292	1.0	confident	Microvirga aerilata	Bacteria
87f09842-59af-4240-ac32-2ab1be9985c0	670292	1.0	confident	Microvirga aerilata	Bacteria
76c7b026-f886-4e18-84f3-8544baf3c933	670292	1.0	confident	Microvirga aerilata	Bacteria
112ebb49-0ba6-4559-982f-986946d2f54f	670292	1.0	confident	Microvirga aerilata	Bacteria
7b2ee557-863c-4618-85aa-e5413e3a386b	670292	1.0	confident	Microvirga aerilata	Bacteria
a027751a-6c69-46a5-898c-faeec1f096cd	670292	1.0	confident	Microvirga aerilata	Bacteria
941630f9-17bf-42e8-aacf-434782734346	670292	1.0	confident	Microvirga aerilata	Bacteria
ffce9bdd-5a6a-465a-a9b3-4aadaa2a434f	670292	1.0	confident	Microvirga aerilata	Bacteria
15a6dfbf-dd93-4bf7-9983-0391f154152a	670292	1.0	confident	Microvirga aerilata	Bacteria
6428938f-a14c-401f-906a-27176828d7c3	670292	1.0	confident	Microvirga aerilata	Bacteria
26bc2d6b-7598-4561-814f-6c16453f052a	670292	1.0	confident	Microvirga aerilata	Bacteria
7760900b-0c10-4080-9243-c458b853ad99	670292	1.0	confident	Microvirga aerilata	Bacteria
2c3c057a-5887-45a9-9b9e-d904bb44ea53	670292	1.0	confident	Microvirga aerilata	Bacteria
3cc61e1a-4720-438d-86a7-0320a9c4a1b1	670292	1.0	confident	Microvirga aerilata	Bacteria
001e9c32-31f0-44fc-9dd6-9add3fdb4066	670292	1.0	confident	Microvirga aerilata	Bacteria
1247cfdf-50e5-462b-be3f-e67c11786fe6	670292	1.0	confident	Microvirga aerilata	Bacteria
262b01fa-2b68-4389-8063-a67693a9843d	670292	1.0	confident	Microvirga aerilata	Bacteria
c3943289-904c-4fdb-b153-697c66fd8ef3	670292	1.0	confident	Microvirga aerilata	Bacteria
9b70627c-086c-449e-bcbe-b5de4c9f2c14	670292	1.0	confident	Microvirga aerilata	Bacteria
3952d439-e791-4d06-8dff-ede1994cc18a	670292	1.0	confident	Microvirga aerilata	Bacteria
2934f356-69e5-47c9-9bbf-6893c58b7bfa	670292	1.0	confident	Microvirga aerilata	Bacteria
d727100e-9ac5-421f-a46f-bba1621bfd11	670292	1.0	confident	Microvirga aerilata	Bacteria
0f8161df-1115-4a1e-a828-cef2467ff983	670292	1.0	confident	Microvirga aerilata	Bacteria
de699eb4-bbfd-4c87-8d96-db487165caff	670292	1.0	confident	Microvirga aerilata	Bacteria
4e2afe69-f5c7-4c50-adce-d7d2fe9b1d1d	670292	1.0	confident	Microvirga aerilata	Bacteria
80fcbcbf-b0b6-41fe-8932-ef1cb44b1485	670292	1.0	confident	Microvirga aerilata	Bacteria
3c4723b8-d672-415a-bf7a-27375c001da7	670292	1.0	confident	Microvirga aerilata	Bacteria
45a9e437-9491-4095-95fc-018ea1f42e26	670292	1.0	confident	Microvirga aerilata	Bacteria
c95049d6-ea2a-42c6-a641-01976e50f236	670292	1.0	confident	Microvirga aerilata	Bacteria
9d085d3b-61a8-44df-8860-898b71c81796	670292	1.0	confident	Microvirga aerilata	Bacteria
c4559bb1-be37-4ddf-a393-08ddd86d7a13	670292	1.0	confident	Microvirga aerilata	Bacteria
7c18c69e-09e5-4c09-9c28-68a51f433ff9	670292	1.0	confident	Microvirga aerilata	Bacteria
3a607f83-b0a5-4443-bdf1-bb08466fb2eb	670292	1.0	confident	Microvirga aerilata	Bacteria
5f151f33-94af-4da0-b07b-3072f4c82ab5	670292	1.0	confident	Microvirga aerilata	Bacteria
b7e05f69-d2ed-4af0-aab2-baa89e9c0d9c	670292	1.0	confident	Microvirga aerilata	Bacteria
21785255-51b2-43f2-b611-c78e858ebaa1	670292	1.0	confident	Microvirga aerilata	Bacteria
ef4ccb30-d950-43e1-87ba-00331f8f2cbb	670292	1.0	confident	Microvirga aerilata	Bacteria
9687118e-2613-4053-baf5-6dd0d2cf3c25	670292	1.0	confident	Microvirga aerilata	Bacteria
3b311670-13ad-4ca5-aa0d-733da7cb9df3	670292	1.0	confident	Microvirga aerilata	Bacteria
1d440639-a388-427b-a194-35e6982b801c	670292	1.0	confident	Microvirga aerilata	Bacteria
9814f677-d3de-4b6b-8769-6a2303ed3962	670292	1.0	confident	Microvirga aerilata	Bacteria
159cb75d-f560-4acc-848b-4dc0a2b988d2	670292	1.0	confident	Microvirga aerilata	Bacteria
155e81af-b7da-4e95-811a-172369035660	670292	1.0	confident	Microvirga aerilata	Bacteria
f4520439-337d-4075-899a-4e029cbaff02	670292	1.0	confident	Microvirga aerilata	Bacteria
4e729cfc-e31f-471f-8d12-7aac37b57171	670292	1.0	confident	Microvirga aerilata	Bacteria
264b46e8-6af1-4dd7-8be3-326fa9a62e86	670292	1.0	confident	Microvirga aerilata	Bacteria
a13692ce-124c-4fdd-a142-2b65fd3dbc5c	670292	1.0	confident	Microvirga aerilata	Bacteria
1d87a09f-8999-4fe8-a363-4e611992e034	670292	1.0	confident	Microvirga aerilata	Bacteria
6b83b426-29fc-4b76-8737-21298364dd0a	670292	1.0	confident	Microvirga aerilata	Bacteria
f875b40f-e35a-47b6-845d-82482019245a	670292	1.0	confident	Microvirga aerilata	Bacteria
5db62c44-d093-4345-a4bd-41a72e9c2112	670292	1.0	confident	Microvirga aerilata	Bacteria
f750fa6f-f576-4aaf-8cac-a93010b82b28	670292	1.0	confident	Microvirga aerilata	Bacteria
63544d3f-387e-4020-b40b-f5f6923cbb2d	670292	1.0	confident	Microvirga aerilata	Bacteria
4488abe0-5bba-4aba-9772-c24f212794ec	670292	1.0	confident	Microvirga aerilata	Bacteria
4fce6fbc-7a8c-4565-b993-770de16645e5	670292	1.0	confident	Microvirga aerilata	Bacteria
770f169c-43d8-4d89-8827-3dd96ec3fff8	670292	1.0	confident	Microvirga aerilata	Bacteria
01d70cf6-6f5d-421f-a1d9-ff3e0fc7e343	670292	1.0	confident	Microvirga aerilata	Bacteria
5d23f565-31cb-4548-9663-f86cf3f39d65	670292	1.0	confident	Microvirga aerilata	Bacteria
66215e87-9064-45fb-aa3c-2103027c4042	670292	1.0	confident	Microvirga aerilata	Bacteria
021d64e3-64fa-40d7-af22-643e93c7fd6d	670292	1.0	confident	Microvirga aerilata	Bacteria
8b4f18cf-d704-4124-a94e-4792486a91d1	670292	1.0	confident	Microvirga aerilata	Bacteria
583fc9ef-3f33-48e0-9893-2d08ef8508f4	670292	1.0	confident	Microvirga aerilata	Bacteria
5d530a44-aa4c-48af-95a2-5aa0eb74eb0d	670292	1.0	confident	Microvirga aerilata	Bacteria
f74f4c0d-89ea-4c1f-9f5e-4688a346ea78	670292	1.0	confident	Microvirga aerilata	Bacteria
a48c0124-7713-4736-8400-23094721fe22	670292	1.0	confident	Microvirga aerilata	Bacteria
2ddaa75a-0f93-4c98-bf85-c7ab69a2f2e2	670292	1.0	confident	Microvirga aerilata	Bacteria
a7a947c3-eb6c-4caa-8f8e-88802310e71e	670292	1.0	confident	Microvirga aerilata	Bacteria
982a2276-9f69-4f81-b11c-bc0b2ceb17a4	670292	1.0	confident	Microvirga aerilata	Bacteria
cf083d0b-525f-45b6-850a-5b0f18c29cf5	670292	1.0	confident	Microvirga aerilata	Bacteria
0dfda32f-a6ae-44f5-9e81-cbe824ba8668	670292	1.0	confident	Microvirga aerilata	Bacteria
8f4eedc4-7e8b-4768-ae34-77189b9b596f	670292	1.0	confident	Microvirga aerilata	Bacteria
7c899237-e60d-476f-819f-ff4ebecc8a82	670292	1.0	confident	Microvirga aerilata	Bacteria
1bacb961-97a6-4a84-89e2-fecf696c4d8a	670292	1.0	confident	Microvirga aerilata	Bacteria
e23093ed-b327-4248-9776-50252899c8f8	670292	1.0	confident	Microvirga aerilata	Bacteria
49d2c91c-04db-4337-9285-a40d48bcd3c3	670292	1.0	confident	Microvirga aerilata	Bacteria
8dd5b08c-fe5d-44a0-bdb3-594bfa0384cf	670292	1.0	confident	Microvirga aerilata	Bacteria
5be4a06a-f88b-4018-b2b6-9197aa8501dd	670292	1.0	confident	Microvirga aerilata	Bacteria
796f8722-f8f1-4bb2-8f51-403e7cad4d40	670292	1.0	confident	Microvirga aerilata	Bacteria
ed081e39-6876-4348-9255-eca278b27887	670292	1.0	confident	Microvirga aerilata	Bacteria
891998b5-666d-4992-afa2-03a975ccd202	670292	1.0	confident	Microvirga aerilata	Bacteria
9dbc096b-e0f4-46c2-bd0e-ef2eae1d92a8	670292	1.0	confident	Microvirga aerilata	Bacteria
ec79f87e-e8e7-43fd-b27a-6c00c05e4091	670292	1.0	confident	Microvirga aerilata	Bacteria
a2eff5aa-7845-4d83-820d-cc8b55aae2ff	670292	1.0	confident	Microvirga aerilata	Bacteria
d9b7e42f-aa48-4492-ac67-8f553086920b	670292	1.0	confident	Microvirga aerilata	Bacteria
099aa204-c5a5-4246-b196-d2dde2465df3	670292	1.0	confident	Microvirga aerilata	Bacteria
8136acd2-e6fe-434b-9304-fa79c6f6ba6d	670292	1.0	confident	Microvirga aerilata	Bacteria
b6a3335d-196e-442b-bb64-01d9343ea115	670292	1.0	confident	Microvirga aerilata	Bacteria
2d17dc0c-3c59-46f9-bcf9-7533adbfd5c5	670292	1.0	confident	Microvirga aerilata	Bacteria
4920b1ba-710b-47c7-a506-c12b60653011	670292	1.0	confident	Microvirga aerilata	Bacteria
e796cd40-c529-4f6c-be1a-e76721e662ae	670292	1.0	confident	Microvirga aerilata	Bacteria
e6f40430-1bc9-48a8-8eec-00e353d1e559	670292	1.0	confident	Microvirga aerilata	Bacteria
d985b299-90c4-4470-abc6-fb92432fdacf	670292	1.0	confident	Microvirga aerilata	Bacteria
d30ac180-6cf4-4ed3-9ab7-4990105ab1fb	670292	1.0	confident	Microvirga aerilata	Bacteria
a8a85b03-860e-4ad1-b099-91cd90acba59	670292	1.0	confident	Microvirga aerilata	Bacteria
185ffddc-66fb-4def-8d26-7abed0c5e1d2	670292	1.0	confident	Microvirga aerilata	Bacteria
c4ad1b2d-6b28-473e-a6ec-b5d1a5bd28b4	670292	1.0	confident	Microvirga aerilata	Bacteria
3294b532-da65-40b3-8e52-6d36ae5b67a7	670292	1.0	confident	Microvirga aerilata	Bacteria
a6d7e7b7-0462-49bf-a61c-c7d9637099e0	670292	1.0	confident	Microvirga aerilata	Bacteria
73ed73b1-cf4a-48f6-a6ac-255c269f492e	670292	1.0	confident	Microvirga aerilata	Bacteria
d8ac6a10-60ee-44d1-a09d-9abeeb06a2c3	670292	1.0	confident	Microvirga aerilata	Bacteria
2fcccaec-a07b-4d26-bd7a-01e223bd5439	670292	1.0	confident	Microvirga aerilata	Bacteria
ef3d01af-5546-4457-88b6-89363b4d3e32	670292	1.0	confident	Microvirga aerilata	Bacteria
ea5e031b-7ed8-4f70-bfe0-1cf8d475306a	670292	1.0	confident	Microvirga aerilata	Bacteria
c84bdd25-df4e-4971-976f-20a54a4895c4	670292	1.0	confident	Microvirga aerilata	Bacteria
33e83ecb-9ece-4257-99c4-3d533a0412cc	670292	1.0	confident	Microvirga aerilata	Bacteria
d7a133ac-005c-4c08-90fc-4bf6738707d2	670292	1.0	confident	Microvirga aerilata	Bacteria
1961a1b6-1c48-4342-b9e2-eb9413ce33a5	670292	1.0	confident	Microvirga aerilata	Bacteria
68a1fcae-a4cd-4151-b311-222b13c45386	670292	1.0	confident	Microvirga aerilata	Bacteria
d5df688b-3cf2-4c1d-b6bb-26c31b90c476	670292	1.0	confident	Microvirga aerilata	Bacteria
f4e510db-d61d-4dad-8ef8-4f042beeef59	670292	1.0	confident	Microvirga aerilata	Bacteria
1f5183a9-5fd4-4864-98c6-82493229b66b	670292	1.0	confident	Microvirga aerilata	Bacteria
85ecc9e7-049b-47e5-9172-9eceb3ce6454	670292	1.0	confident	Microvirga aerilata	Bacteria
6f47fb14-8a60-471b-a6b6-72cbb62f2828	670292	1.0	confident	Microvirga aerilata	Bacteria
8e6835cf-1f39-4517-a39b-f887e3469b4b	670292	1.0	confident	Microvirga aerilata	Bacteria
cc411ed1-8579-41c1-98b4-24eb56778100	670292	1.0	confident	Microvirga aerilata	Bacteria
bace9d55-5a92-450a-847b-135f29a6c8de	670292	1.0	confident	Microvirga aerilata	Bacteria
001aea7b-0c69-438d-8ac5-6e368c06723c	670292	1.0	confident	Microvirga aerilata	Bacteria
01556f8e-dd14-429c-b6f8-0d4f411f4598	670292	1.0	confident	Microvirga aerilata	Bacteria
a95260a7-8de6-4e0d-a72c-a8465db5a186	670292	1.0	confident	Microvirga aerilata	Bacteria
9bd6843d-5b2c-42ac-8ed3-a3c2a0b3e656	670292	1.0	confident	Microvirga aerilata	Bacteria
67f702c2-8871-4ee6-a1da-e9fc75a20784	670292	1.0	confident	Microvirga aerilata	Bacteria
ada26a7f-84c6-456c-8987-7bb4d6244ab3	670292	1.0	confident	Microvirga aerilata	Bacteria
8df42f99-0d08-4eb3-a3a2-f193c5862f95	670292	1.0	confident	Microvirga aerilata	Bacteria
17501bd2-a706-405e-904d-e97cf693bc74	670292	1.0	confident	Microvirga aerilata	Bacteria
015aecdf-f789-4892-a548-1bfbf10f2e26	670292	1.0	confident	Microvirga aerilata	Bacteria
776c4add-08b5-4146-93f2-47d5cb154b70	670292	1.0	confident	Microvirga aerilata	Bacteria
0fd78a95-fab3-41cc-9ad8-8dbe9678413d	670292	1.0	confident	Microvirga aerilata	Bacteria
56c26b70-3464-4224-83b6-2d1df4df6816	670292	1.0	confident	Microvirga aerilata	Bacteria
6a1041e1-310b-42d5-9f84-204439b824ec	670292	1.0	confident	Microvirga aerilata	Bacteria
eb5c5d90-91c8-47ba-9175-7637e5c62a40	670292	1.0	confident	Microvirga aerilata	Bacteria
06702371-9c64-47de-9117-d50007c433db	670292	1.0	confident	Microvirga aerilata	Bacteria
e3ac61b4-95c3-4a9a-bdc6-5f990a53847f	670292	1.0	confident	Microvirga aerilata	Bacteria
a4210ec1-1df3-4ce9-8d05-752d1e1d01d2	670292	1.0	confident	Microvirga aerilata	Bacteria
16029e45-e0f2-47c3-851a-fa01f5658e00	670292	1.0	confident	Microvirga aerilata	Bacteria
9aec3ce8-85e0-4cb7-80a0-cd954cb01eee	670292	1.0	confident	Microvirga aerilata	Bacteria
fd9bcae3-dc2b-44ca-8343-407ba06995dc	670292	1.0	confident	Microvirga aerilata	Bacteria
220fc4c0-39dc-4e3d-9882-535a6d93f87c	670292	1.0	confident	Microvirga aerilata	Bacteria
1ce9cc7a-6a1b-466b-86a9-f4270ac8ae40	670292	1.0	confident	Microvirga aerilata	Bacteria
86d245c0-5c8c-4bc6-bb39-185884ea0859	670292	1.0	confident	Microvirga aerilata	Bacteria
2fda8a6b-f63f-4745-9831-ad76146f16b3	670292	1.0	confident	Microvirga aerilata	Bacteria
63b33d81-f6ee-4985-9695-50491f93a3a1	670292	1.0	confident	Microvirga aerilata	Bacteria
f93a4772-6fb2-46e3-bce8-bcab550f0953	670292	1.0	confident	Microvirga aerilata	Bacteria
2767df51-8b64-4b38-88a3-426add6de330	670292	1.0	confident	Microvirga aerilata	Bacteria
82a51242-9e5c-4eda-b149-842c089e1531	670292	1.0	confident	Microvirga aerilata	Bacteria
f020f1ce-e9ee-47f5-bbc1-f1600bbc7dd9	670292	1.0	confident	Microvirga aerilata	Bacteria
42760258-ab5a-44e6-8f50-2714869811ec	670292	1.0	confident	Microvirga aerilata	Bacteria
2f111791-1657-4cd6-967b-8e1fd3fbc5f1	670292	1.0	confident	Microvirga aerilata	Bacteria
9efc3516-50b9-45a8-8be3-115fdd7d3d18	670292	1.0	confident	Microvirga aerilata	Bacteria
a51334f5-cf48-4b15-ab32-c5a4862e4cf6	80878	1.0	confident	Acidovorax temperans	Bacteria
23f89d83-c1c6-49e2-af0c-89a89ab8ef8f	80878	1.0	confident	Acidovorax temperans	Bacteria
6c966660-f8ed-4b23-b2c7-8fdf2ebfd254	80878	1.0	confident	Acidovorax temperans	Bacteria
89a41a3e-8fad-43e6-a607-8dfa244fb0f8	80878	1.0	confident	Acidovorax temperans	Bacteria
369cb405-96e2-4c5a-b0cf-0e5effd7c09f	80878	1.0	confident	Acidovorax temperans	Bacteria
6c98a0ef-b08c-45c6-a6d9-8abd6cf34a25	80878	1.0	confident	Acidovorax temperans	Bacteria
c73aaabb-03ae-45fc-9813-59852a17b00b	80878	1.0	confident	Acidovorax temperans	Bacteria
59ee8aab-13ee-45b9-a6e2-1a2a0121a749	80878	1.0	confident	Acidovorax temperans	Bacteria
7ff344d1-2e45-473e-8f5e-91c56a9c8e6e	80878	1.0	confident	Acidovorax temperans	Bacteria
6d8dd70b-c1b7-4bc2-817e-94d9bc10f4e6	80878	1.0	confident	Acidovorax temperans	Bacteria
cef87bdb-4062-4f42-b0af-1499d665c808	80878	1.0	confident	Acidovorax temperans	Bacteria
01151cf0-2e14-44ec-8538-1f99e423016e	80878	1.0	confident	Acidovorax temperans	Bacteria
f5d02d54-df1b-47cf-a19b-9cc9ad31e503	80878	1.0	confident	Acidovorax temperans	Bacteria
af354c34-fd8d-445c-b393-65d63856e6cd	80878	1.0	confident	Acidovorax temperans	Bacteria
1801b451-1291-4429-a8fb-5a1769ee4b1e	80878	1.0	confident	Acidovorax temperans	Bacteria
f62c175a-158a-426d-bcbf-ee95a3a92b6c	80878	1.0	confident	Acidovorax temperans	Bacteria
7fcb1c52-0ca2-47ea-ad4b-b48177dc9467	80878	1.0	confident	Acidovorax temperans	Bacteria
c25cc2bd-cb87-4692-880b-937beb31bebf	80878	1.0	confident	Acidovorax temperans	Bacteria
ed021a75-1ea4-445e-a3e7-2308b1711868	80878	1.0	confident	Acidovorax temperans	Bacteria
0324baf1-d313-4a6d-8b91-c1be532e26ea	80878	1.0	confident	Acidovorax temperans	Bacteria
cd9942e2-18ca-4739-9955-cd947bf0f63d	80878	1.0	confident	Acidovorax temperans	Bacteria
5419722e-b409-4505-a194-44335cbbca4a	80878	1.0	confident	Acidovorax temperans	Bacteria
15274b3a-fe73-4d90-9541-c8327b31c7d3	80878	1.0	confident	Acidovorax temperans	Bacteria
73a4cdcb-7bdc-4db4-8f1e-1c99eb9eae34	80878	1.0	confident	Acidovorax temperans	Bacteria
e8bb6422-6d4b-4edc-9817-02db29cb85e9	80878	1.0	confident	Acidovorax temperans	Bacteria
d207506a-59c2-4c7f-a97b-d18784c560c2	80878	1.0	confident	Acidovorax temperans	Bacteria
7ab4c9a8-a630-4124-ac69-d9e770c23dc8	80878	1.0	confident	Acidovorax temperans	Bacteria
530691ee-9215-4ffc-9f21-3aa7a90b604e	80878	1.0	confident	Acidovorax temperans	Bacteria
f4289b3a-03f1-45fa-9ed7-87fdca3a4786	80878	1.0	confident	Acidovorax temperans	Bacteria
075bedc9-4411-48fe-bf68-d4322cd4bee1	80878	1.0	confident	Acidovorax temperans	Bacteria
0eb5c339-852a-4d24-8bcb-31ef5b93facf	80878	1.0	confident	Acidovorax temperans	Bacteria
c88f01e6-7a63-4e88-9b77-d1626ccf92ee	80878	1.0	confident	Acidovorax temperans	Bacteria
55c6973a-a35f-4977-8137-70922899b9c4	80878	1.0	confident	Acidovorax temperans	Bacteria
751f52ce-26b2-4e99-8abf-459cabc88e61	80878	1.0	confident	Acidovorax temperans	Bacteria
eb5d5169-90ba-4132-94e8-4c1a037eedff	80878	1.0	confident	Acidovorax temperans	Bacteria
871afcab-f4bc-4f94-8023-255aa6971bbd	80878	1.0	confident	Acidovorax temperans	Bacteria
aa40c634-8b9b-429d-b6b0-c2f536a40ecd	80878	1.0	confident	Acidovorax temperans	Bacteria
13f1df2b-e2df-440a-a13d-407254b17e12	80878	1.0	confident	Acidovorax temperans	Bacteria
4cca7573-b811-4432-b640-fa9540678c0a	80878	1.0	confident	Acidovorax temperans	Bacteria
41721b36-57c6-4194-807d-e83e24caeb93	80878	1.0	confident	Acidovorax temperans	Bacteria
3d173788-ec2d-4e83-a4a9-7e193c9a0894	80878	1.0	confident	Acidovorax temperans	Bacteria
eff6fb3c-4d54-46bc-acf8-2e670cd3b9fe	80878	1.0	confident	Acidovorax temperans	Bacteria
bf58180e-def0-4889-acc9-6e850f0ecce2	80878	1.0	confident	Acidovorax temperans	Bacteria
2f33e181-e5cb-4235-808d-0774474483fa	80878	1.0	confident	Acidovorax temperans	Bacteria
5b300626-800a-42cc-882b-a31690095a35	80878	1.0	confident	Acidovorax temperans	Bacteria
d28cb7ee-6dc0-49b3-8e5a-9d60fa0be1e5	80878	1.0	confident	Acidovorax temperans	Bacteria
08f8c389-f09c-4b32-831e-5db0a7b60265	80878	1.0	confident	Acidovorax temperans	Bacteria
a6a3c848-a7cd-4a3b-b169-4162c60e4290	80878	1.0	confident	Acidovorax temperans	Bacteria
a7e6b132-c23a-40d5-8e25-9311a3daac02	80878	1.0	confident	Acidovorax temperans	Bacteria
f78d6ba6-c459-42d5-8539-9f705bffa391	80878	1.0	confident	Acidovorax temperans	Bacteria
de69a9b2-ad87-4c00-bb5d-c08cb575ce6c	80878	1.0	confident	Acidovorax temperans	Bacteria
c306b011-60f0-4368-bdb7-ac85cdda878d	80878	1.0	confident	Acidovorax temperans	Bacteria
45de6fc0-6f2d-456d-817b-0b7fb0c85c73	80878	1.0	confident	Acidovorax temperans	Bacteria
81399c61-6d91-4a34-8450-91f2a328ba74	80878	1.0	confident	Acidovorax temperans	Bacteria
aa37487b-1696-4c22-af31-54b8dff2fdbf	80878	1.0	confident	Acidovorax temperans	Bacteria
6cfd169b-9c7a-47ad-9c29-f4efe4449ba6	80878	1.0	confident	Acidovorax temperans	Bacteria
19d337b8-9cb4-479e-b2a5-c0b20fbaa8af	80878	1.0	confident	Acidovorax temperans	Bacteria
5de4957f-0999-4d8b-b000-cbd9d8c4e6e5	80878	1.0	confident	Acidovorax temperans	Bacteria
62315c4a-c126-454a-9657-1abf084ff62d	80878	1.0	confident	Acidovorax temperans	Bacteria
e4b71c70-ac40-4fd2-9a14-fee51770b849	80878	1.0	confident	Acidovorax temperans	Bacteria
b9627ed3-f635-437b-8060-9ac8ac156093	80878	1.0	confident	Acidovorax temperans	Bacteria
5fdbba44-6951-4b63-a0b6-c022068e36bd	80878	1.0	confident	Acidovorax temperans	Bacteria
1aaffa9f-ce86-4a38-9f0c-ca9a1b326998	80878	1.0	confident	Acidovorax temperans	Bacteria
2f566ddb-5c24-48fb-8267-1b4585d15be0	80878	1.0	confident	Acidovorax temperans	Bacteria
c2e3d299-1fa3-4957-8972-60ca8f3cae63	80878	1.0	confident	Acidovorax temperans	Bacteria
fd32f5fb-45f2-4643-bede-68e0283a110e	80878	1.0	confident	Acidovorax temperans	Bacteria
a0504a0c-24ce-4f3d-a59b-66e3c62ca1c4	80878	1.0	confident	Acidovorax temperans	Bacteria
94035e39-3c61-4fd4-9ff7-f73b07fb7a9b	80878	1.0	confident	Acidovorax temperans	Bacteria
f3937fac-7719-4008-b133-dcd105310c44	80878	1.0	confident	Acidovorax temperans	Bacteria
f6d331c2-1661-4131-9e74-b45e6199066d	2060307	0.7754277013986822	medium	Enterococcus sp. FDAARGOS_375	Bacteria
264f4dc6-04a9-4e5b-80fc-7e4a22e4e3e3	2060307	0.7754277013986824	medium	Enterococcus sp. FDAARGOS_375	Bacteria
77d96d46-079c-474c-9455-39c7349241c1	2060307	0.7754277013986822	medium	Enterococcus sp. FDAARGOS_375	Bacteria
27f57c82-e0e1-4a28-9e70-fba74cb99859	2060307	0.7754277013986822	medium	Enterococcus sp. FDAARGOS_375	Bacteria
28a9e08a-9ccd-4c69-a73b-95c276f556b6	2060307	0.7754277013986822	medium	Enterococcus sp. FDAARGOS_375	Bacteria
fbade40a-04c8-4184-847e-9ab8421e27f4	2060307	0.7754277013986823	medium	Enterococcus sp. FDAARGOS_375	Bacteria
4feda168-68ca-4fe7-b50b-79396c9820a3	2060307	0.7754277013986828	medium	Enterococcus sp. FDAARGOS_375	Bacteria
b202064c-51b1-4811-ad65-1a9b4697e013	2060307	0.7754277013986828	medium	Enterococcus sp. FDAARGOS_375	Bacteria
ae6afe48-cd11-4e6d-9f1d-70568da111b6	2060307	0.7754277013986828	medium	Enterococcus sp. FDAARGOS_375	Bacteria
9f1250bf-b2d4-4329-81b1-f643b8300a62	2060307	0.7754277013986823	medium	Enterococcus sp. FDAARGOS_375	Bacteria
f1f7b6c3-d18f-4228-8657-1041986fd724	2060307	0.7754277013986828	medium	Enterococcus sp. FDAARGOS_375	Bacteria
fb1aa394-0e3d-4308-8290-1fa4b38287ff	2060307	0.7754277013986828	medium	Enterococcus sp. FDAARGOS_375	Bacteria
951d3745-ba9b-43fe-ba78-683859b05e3e	2060307	0.7754277013986824	medium	Enterococcus sp. FDAARGOS_375	Bacteria
8092fd99-541c-472a-bfda-44b621a37d34	2060307	0.7754277013986816	medium	Enterococcus sp. FDAARGOS_375	Bacteria
b1e5cdd0-fef5-480f-a3b5-8f8ec9a9bd33	2060307	0.7754277013986822	medium	Enterococcus sp. FDAARGOS_375	Bacteria
5346630f-7a0a-447b-b9a4-aac464cb5d22	2060307	0.7754277013986822	medium	Enterococcus sp. FDAARGOS_375	Bacteria
f5c1f67a-95f4-4eaa-b5b1-8c1f33531b12	2060307	0.9824225237805192	high	Enterococcus sp. FDAARGOS_375	Bacteria
a8656145-c29a-4016-9e90-567ac4e18510	2060307	0.7754277013986822	medium	Enterococcus sp. FDAARGOS_375	Bacteria
843ce45f-8241-4bab-80df-202a2d25796b	2060307	0.7754277013986822	medium	Enterococcus sp. FDAARGOS_375	Bacteria
1ee61ebc-c3ad-48ea-a34e-5fa1ae15af4e	2060307	0.9632936478044716	high	Enterococcus sp. FDAARGOS_375	Bacteria
a9ce25c8-5af3-4438-b77a-c319aab72c6a	2060307	0.7754277013986828	medium	Enterococcus sp. FDAARGOS_375	Bacteria
e5f27f6f-5b4c-4199-a435-e696538a535e	2060307	0.7754277013986822	medium	Enterococcus sp. FDAARGOS_375	Bacteria
4523184a-9c32-4c3d-b789-06b69aa0e005	2060307	0.7754277013986824	medium	Enterococcus sp. FDAARGOS_375	Bacteria
0aff8d2b-c47c-4a32-a215-536807071e99	2060307	0.7754277013986822	medium	Enterococcus sp. FDAARGOS_375	Bacteria
2178393e-cec9-447f-b241-4545ee72ff7b	2060307	0.7754277013986822	medium	Enterococcus sp. FDAARGOS_375	Bacteria
75165792-cff0-4ca5-b626-5bcfe3b4e464	2060307	0.7754277013986828	medium	Enterococcus sp. FDAARGOS_375	Bacteria
772765d7-c998-442e-8e9d-5f870c103ef0	2060307	0.7754277013986824	medium	Enterococcus sp. FDAARGOS_375	Bacteria
e758f650-afac-4f51-9325-f2431e46cceb	2060307	0.7754277013986828	medium	Enterococcus sp. FDAARGOS_375	Bacteria
1aec20f6-c243-4b40-ab4c-3d3da68b124d	2060307	0.7754277013986828	medium	Enterococcus sp. FDAARGOS_375	Bacteria
a2d4cfbc-b967-4c04-9d0c-b7a9d5e4c053	2060307	0.7754277013986828	medium	Enterococcus sp. FDAARGOS_375	Bacteria
2be3be80-026d-47e6-80b3-18070b837234	2060307	0.7754277013986822	medium	Enterococcus sp. FDAARGOS_375	Bacteria
da257220-8870-4353-9458-6868034e8fd3	2060307	0.7754277013986828	medium	Enterococcus sp. FDAARGOS_375	Bacteria
2f91844d-4e4d-4040-83d2-67fdd84fdace	2060307	0.7754277013986822	medium	Enterococcus sp. FDAARGOS_375	Bacteria
c3d19ad4-4932-4fac-8c70-5241fd1e32c8	2060307	0.7754277013986828	medium	Enterococcus sp. FDAARGOS_375	Bacteria
fa049a30-6d52-485e-ac6e-f02276714fe8	2060307	0.7754277013986828	medium	Enterococcus sp. FDAARGOS_375	Bacteria
061eb37c-6004-4963-8023-47bf9535323f	2060307	0.7754277013986822	medium	Enterococcus sp. FDAARGOS_375	Bacteria
a5dc2f2f-62bd-41d0-8a1b-9559b27dde77	2060307	0.7754277013986828	medium	Enterococcus sp. FDAARGOS_375	Bacteria
78291572-8d5f-44ba-9e81-d35721e7c2d3	2060307	0.7754277013986828	medium	Enterococcus sp. FDAARGOS_375	Bacteria
dc4ef24e-4218-4d0f-8198-cdd25b8fa9e7	2060307	0.7754277013986822	medium	Enterococcus sp. FDAARGOS_375	Bacteria
624254cd-8c53-456a-a1b5-1d65e454a8bc	2060307	0.7754277013986822	medium	Enterococcus sp. FDAARGOS_375	Bacteria
ea07b305-5bba-48a5-b614-c4e34f121297	2060307	0.7754277013986822	medium	Enterococcus sp. FDAARGOS_375	Bacteria
13bcd38c-3e01-48a2-99c6-7477f49c80d6	2060307	0.7754277013986822	medium	Enterococcus sp. FDAARGOS_375	Bacteria
780bcc9d-a5d3-403e-b3d2-bfc320ef6870	2060307	0.7754277013986824	medium	Enterococcus sp. FDAARGOS_375	Bacteria
41e60278-a95a-4e6a-b58c-3cd143cd4c5a	2060307	0.7754277013986828	medium	Enterococcus sp. FDAARGOS_375	Bacteria
181e1f36-f595-42ab-8da1-a61efb07003d	2060307	0.7754277013986824	medium	Enterococcus sp. FDAARGOS_375	Bacteria
e712f8a3-ef87-4679-8214-491da7581039	2060307	0.7754277013986828	medium	Enterococcus sp. FDAARGOS_375	Bacteria
0926cf19-3b14-4a02-995e-25723e798157	2060307	0.7754277013986803	medium	Enterococcus sp. FDAARGOS_375	Bacteria
961ef5af-f9d9-4d46-91b0-85889f8d7a54	2060307	0.7754277013986822	medium	Enterococcus sp. FDAARGOS_375	Bacteria
bea90549-5bcc-4bfa-b4aa-5bfcfeeb32d3	2060307	0.7754277013986828	medium	Enterococcus sp. FDAARGOS_375	Bacteria
d1149be1-1093-4249-9a01-00a218a967fa	2057791	0.69883931248876	medium	Enterococcus sp. CR-Ec1	Bacteria
55137a7a-6121-4942-98fa-1a8182802682	2060307	0.7754277013986828	medium	Enterococcus sp. FDAARGOS_375	Bacteria
1211db13-57ac-4532-844e-2634a0c477a7	2060307	0.7754277013986823	medium	Enterococcus sp. FDAARGOS_375	Bacteria
f31935ae-bd4f-4c46-b386-2f87d2242c77	2060307	0.7754277013986822	medium	Enterococcus sp. FDAARGOS_375	Bacteria
283ad839-f083-4229-967a-4534dfb1185b	2060307	0.7754277013986822	medium	Enterococcus sp. FDAARGOS_375	Bacteria
acb722b1-b3c1-44b9-b94f-c745ffa30c6c	2060307	0.7754277013986824	medium	Enterococcus sp. FDAARGOS_375	Bacteria
f7aae940-b132-4ea8-9e2e-b3bf351fd151	2060307	0.7754277013986822	medium	Enterococcus sp. FDAARGOS_375	Bacteria
92737c81-d4f3-4714-a009-137a41685abb	2060307	0.7754277013986822	medium	Enterococcus sp. FDAARGOS_375	Bacteria
8d947bca-a760-4bab-b136-c4a505676f8a	2060307	0.7754277013986828	medium	Enterococcus sp. FDAARGOS_375	Bacteria
9f3fb319-94c1-44f5-aaba-dc3b4dc2744c	2060307	0.7754277013986828	medium	Enterococcus sp. FDAARGOS_375	Bacteria
5bbd4076-e333-4ca4-96ed-aa46ddb1d632	2060307	0.7754277013986824	medium	Enterococcus sp. FDAARGOS_375	Bacteria
3dd1aeb4-3733-4540-9bd1-ad5a5ee115f0	2060307	0.7754277013986822	medium	Enterococcus sp. FDAARGOS_375	Bacteria
82ed6afd-c233-4015-9b8a-60bfa20435e0	2060307	0.7754277013986828	medium	Enterococcus sp. FDAARGOS_375	Bacteria
dc352474-dad1-477e-a02e-df515b3a7105	2060307	0.7754277013986822	medium	Enterococcus sp. FDAARGOS_375	Bacteria
afe93d8e-1c6a-4302-825c-e5405b849c34	2060307	0.7754277013986822	medium	Enterococcus sp. FDAARGOS_375	Bacteria
9a457825-e3cf-4808-81f6-063ff7848dd7	2060307	0.7754277013986822	medium	Enterococcus sp. FDAARGOS_375	Bacteria
ddaca181-fccc-49ed-a282-204f85dda73a	2060307	0.7754277013986822	medium	Enterococcus sp. FDAARGOS_375	Bacteria
816c86a5-35a9-4259-b449-1fbd337f9f4d	2060307	0.7754277013986824	medium	Enterococcus sp. FDAARGOS_375	Bacteria
ac262ee7-a264-4650-b55b-18d3e4404837	2060307	0.7754277013986822	medium	Enterococcus sp. FDAARGOS_375	Bacteria
99445626-d1e7-4e52-a701-e797b57614ef	2060307	0.7754277013986828	medium	Enterococcus sp. FDAARGOS_375	Bacteria
1b7e9f60-f9db-4ea4-98fe-a11d3f09f6cd	2060307	0.7754277013986824	medium	Enterococcus sp. FDAARGOS_375	Bacteria
ce01e158-73b5-440b-895a-2dbafbed7f55	2060307	0.7754277013986828	medium	Enterococcus sp. FDAARGOS_375	Bacteria
eef05fc2-d3ed-4f8e-936a-5302e75429c4	2060307	0.7754277013986822	medium	Enterococcus sp. FDAARGOS_375	Bacteria
530939e5-7647-468e-8bf3-43792fa40b20	2060307	0.7754277013986828	medium	Enterococcus sp. FDAARGOS_375	Bacteria
81ea4d44-dc20-4330-9e40-7c0768c7d8e0	2060307	0.7754277013986816	medium	Enterococcus sp. FDAARGOS_375	Bacteria
e370c301-1a31-4511-a2f4-3bc41e60ec57	2060307	0.7754277013986828	medium	Enterococcus sp. FDAARGOS_375	Bacteria
37bafc08-c8ca-40f4-b85b-9ab002abb78b	2060307	0.7754277013986828	medium	Enterococcus sp. FDAARGOS_375	Bacteria
df77eff2-86d4-4066-83a0-02479156f5db	2060307	0.7754277013986822	medium	Enterococcus sp. FDAARGOS_375	Bacteria
ace1baa5-f3d1-4d77-a1d5-93b1b5ddb148	2060307	0.7754277013986822	medium	Enterococcus sp. FDAARGOS_375	Bacteria
fee639c4-130b-4b61-a060-0d4bcf4b2bf3	2060307	0.7754277013986828	medium	Enterococcus sp. FDAARGOS_375	Bacteria
c5b70e5e-0cf3-4aa6-bd38-45aae6f511d1	2060307	0.7754277013986822	medium	Enterococcus sp. FDAARGOS_375	Bacteria
863e75d6-594c-49d2-9959-442a9914a631	2060307	0.7754277013986824	medium	Enterococcus sp. FDAARGOS_375	Bacteria
c67f93af-6c7b-478f-a52a-e2fdf587c6a3	2060307	0.9330101939095924	high	Enterococcus sp. FDAARGOS_375	Bacteria
b3575801-cf13-4e7e-b5f9-cc0a0fc854e4	2060307	0.7754277013986824	medium	Enterococcus sp. FDAARGOS_375	Bacteria
92d5780c-d995-4ae0-9975-742c43dd981e	2060307	0.7754277013986828	medium	Enterococcus sp. FDAARGOS_375	Bacteria
049e434c-416e-41a6-b02d-7194fad5e1e9	2060307	0.7754277013986828	medium	Enterococcus sp. FDAARGOS_375	Bacteria
f7f86c68-ea7f-44c4-9e7e-e0ac95e577e7	2060307	0.7754277013986816	medium	Enterococcus sp. FDAARGOS_375	Bacteria
ac8b38db-db53-4084-bccc-5fd90ab0c56f	2060307	0.7754277013986828	medium	Enterococcus sp. FDAARGOS_375	Bacteria
0c9c9adb-2458-43b6-a6f6-f783ee22cc2f	2060307	0.7754277013986822	medium	Enterococcus sp. FDAARGOS_375	Bacteria
13893bf9-2f4c-45fc-a188-4da499ed6c86	2060307	0.7754277013986828	medium	Enterococcus sp. FDAARGOS_375	Bacteria
c53e75ee-2a7b-4dab-bb08-4df9be7d691e	2060307	0.7754277013986822	medium	Enterococcus sp. FDAARGOS_375	Bacteria
b7091265-8a9e-4779-b48c-342e7b1132e5	2060307	0.7754277013986828	medium	Enterococcus sp. FDAARGOS_375	Bacteria
286a3303-1122-4165-8931-23d29f71fa18	2060307	0.7754277013986828	medium	Enterococcus sp. FDAARGOS_375	Bacteria
b03429dd-8473-43cb-840c-3ec343f9a452	2060307	0.7754277013986828	medium	Enterococcus sp. FDAARGOS_375	Bacteria
ee22c59e-137e-4656-8263-ef60dd2cded3	2060307	0.7754277013986822	medium	Enterococcus sp. FDAARGOS_375	Bacteria
93eeba91-d538-4de4-bd1e-9c727481a2c5	2060307	0.7754277013986828	medium	Enterococcus sp. FDAARGOS_375	Bacteria
2d35d608-1688-4816-8412-45f768ff0b1a	2060307	0.7754277013986824	medium	Enterococcus sp. FDAARGOS_375	Bacteria
f085b849-bb2c-4f0a-b54d-7d72669fa83a	2060307	0.7754277013986828	medium	Enterococcus sp. FDAARGOS_375	Bacteria
5dad16f4-cf51-441f-9954-b874716c50af	2060307	0.7754277013986824	medium	Enterococcus sp. FDAARGOS_375	Bacteria
178bf568-e0a5-4702-aae8-c555a44698d3	2060307	0.7754277013986822	medium	Enterococcus sp. FDAARGOS_375	Bacteria
4b0c4be6-efac-4ee2-9568-e1345763ac1b	2060307	0.7754277013986828	medium	Enterococcus sp. FDAARGOS_375	Bacteria
78356a69-6739-4ed4-bd97-25d97e0f4419	2060307	0.7754277013986828	medium	Enterococcus sp. FDAARGOS_375	Bacteria
a560c97e-1b82-4225-8565-5ec03f30f3e1	2060307	0.7754277013986828	medium	Enterococcus sp. FDAARGOS_375	Bacteria
f7bee66a-d6fe-4f15-a1b5-b9d5ef959c96	2060307	0.7754277013986822	medium	Enterococcus sp. FDAARGOS_375	Bacteria
57fe09c5-1002-4eb0-84b4-1e5a02a485c8	2060307	0.7754277013986828	medium	Enterococcus sp. FDAARGOS_375	Bacteria
3108859e-d7f2-42d2-a258-7fc27710ac52	2060307	0.7754277013986822	medium	Enterococcus sp. FDAARGOS_375	Bacteria
84b76324-551b-4b0f-9dc8-72a6d573109d	2060307	0.7754277013986822	medium	Enterococcus sp. FDAARGOS_375	Bacteria
70078a37-c371-4615-9351-97d2098efc48	2060307	0.7754277013986828	medium	Enterococcus sp. FDAARGOS_375	Bacteria
81856904-555d-424e-96df-961637d0d47f	2060307	0.9331995253157752	high	Enterococcus sp. FDAARGOS_375	Bacteria
b4a13154-c22e-4428-91be-55aa0caf360d	2060307	0.7754277013986824	medium	Enterococcus sp. FDAARGOS_375	Bacteria
baabe88a-a85e-4994-8aaf-630afd8cac7b	2060307	0.7754277013986822	medium	Enterococcus sp. FDAARGOS_375	Bacteria
e6f05b8f-0140-42ae-967f-dcb2c54d0ffd	2060307	0.7754277013986828	medium	Enterococcus sp. FDAARGOS_375	Bacteria
dfde1faa-0d4e-42c5-a5b8-eb84f4dcce8f	2060307	0.7754277013986824	medium	Enterococcus sp. FDAARGOS_375	Bacteria
977b79ea-aba5-4f9e-be1f-1439b8cd91e6	2060307	0.7754277013986822	medium	Enterococcus sp. FDAARGOS_375	Bacteria
7285b58b-969c-4788-b328-7a82730351ca	2060307	0.7754277013986822	medium	Enterococcus sp. FDAARGOS_375	Bacteria
78929d3a-1669-417a-99f8-7b998aa10f86	80866	1.0	confident	Delftia acidovorans	Bacteria
b2f62d41-7d0c-4e69-9302-6231fbb1e147	80866	1.0	confident	Delftia acidovorans	Bacteria
cf9269de-4529-4de9-bf26-5cbf0beecca7	80866	1.0	confident	Delftia acidovorans	Bacteria
c5c6db80-b50c-4f7b-b92c-fbb8b7f226e7	80866	1.0	confident	Delftia acidovorans	Bacteria
23b6d4b8-0ded-405a-8b61-3ea298682d85	80866	1.0	confident	Delftia acidovorans	Bacteria
477a6307-a969-428f-a705-3ee669b16303	80866	1.0	confident	Delftia acidovorans	Bacteria
d20a86aa-4d36-4c17-be39-04c0b71bf2f3	80866	1.0	confident	Delftia acidovorans	Bacteria
edae0f49-b33c-4c47-9054-cd8e0f10a8c9	80866	1.0	confident	Delftia acidovorans	Bacteria
47025920-3a04-483a-938d-c8fc970659a2	80866	1.0	confident	Delftia acidovorans	Bacteria
eeb8e0fe-837f-4f71-ad43-9b27c379891e	80866	1.0	confident	Delftia acidovorans	Bacteria
2e510357-dde4-461c-a3b3-4f48de1df993	80866	1.0	confident	Delftia acidovorans	Bacteria
146649c4-7690-4a1b-a872-798c6eda17b9	80866	1.0	confident	Delftia acidovorans	Bacteria
e8c05936-6876-4f05-8af8-6d8554078a1b	80866	1.0	confident	Delftia acidovorans	Bacteria
9b15980c-d03a-4060-9a71-cb60c791bb07	80866	1.0	confident	Delftia acidovorans	Bacteria
e46a6dfe-6fa1-4e06-88f7-1498270ca2d4	80866	1.0	confident	Delftia acidovorans	Bacteria
f272da0f-389e-445a-9f6a-6936af985696	80866	1.0	confident	Delftia acidovorans	Bacteria
65f543e5-8149-44b2-ac52-f7474ddfb91e	80866	1.0	confident	Delftia acidovorans	Bacteria
11b03df1-ad85-46cd-8273-2c6bf4316626	80866	1.0	confident	Delftia acidovorans	Bacteria
792e09f8-ef3c-476c-b1cb-85cd49270db2	80866	1.0	confident	Delftia acidovorans	Bacteria
920b685a-256b-4881-a9d2-75f450a6b0b4	80866	1.0	confident	Delftia acidovorans	Bacteria
1efddb19-05d4-4ef9-ab01-4d2aa60059fa	80866	1.0	confident	Delftia acidovorans	Bacteria
e905c4f9-87c8-4a5d-ae66-a252faa985c5	80866	1.0	confident	Delftia acidovorans	Bacteria
f2e6f9a5-d7be-4b00-a665-6b1af59597f1	80866	1.0	confident	Delftia acidovorans	Bacteria
323d7691-5ae6-418a-b404-af682630a211	80866	1.0	confident	Delftia acidovorans	Bacteria
67407a0e-5d31-4827-aa23-ebadf8a7788c	80866	1.0	confident	Delftia acidovorans	Bacteria
362fd1a8-da37-482e-8d17-6df876cd3e34	80866	1.0	confident	Delftia acidovorans	Bacteria
03633317-9d06-4c25-80a1-35a10bd8e396	80866	1.0	confident	Delftia acidovorans	Bacteria
31f419ab-af19-4e91-99c0-7d0fca184f7e	80866	1.0	confident	Delftia acidovorans	Bacteria
23233283-8135-4473-8ba4-ad8ed0c6bb8e	80866	1.0	confident	Delftia acidovorans	Bacteria
73ea26bd-c0f4-41b1-8959-6e420ccc7cf7	80866	1.0	confident	Delftia acidovorans	Bacteria
ec13007e-afc8-498a-a738-fe42bc121446	80866	1.0	confident	Delftia acidovorans	Bacteria
1c39433d-83f2-4d83-bee4-58ee5a47dd40	80866	1.0	confident	Delftia acidovorans	Bacteria
76ced42b-ab5c-4c7c-8e02-1a0c8a2c3e82	80866	1.0	confident	Delftia acidovorans	Bacteria
7ecfe4e6-2ea1-4968-986a-14b9a6a9e78d	80866	1.0	confident	Delftia acidovorans	Bacteria
f8f5c792-3772-4a7c-bbc0-541564d185bd	80866	1.0	confident	Delftia acidovorans	Bacteria
250c2395-b985-49ae-86cb-3790776b10b4	80866	1.0	confident	Delftia acidovorans	Bacteria
f1d661f1-693b-4987-b1c3-faa3d885b9d1	80866	1.0	confident	Delftia acidovorans	Bacteria
17023cdf-c5d8-47da-8102-ec326a908eba	80866	1.0	confident	Delftia acidovorans	Bacteria
49807a67-f6c0-48d0-9e2a-63d1d338f61e	80866	1.0	confident	Delftia acidovorans	Bacteria
0fafad88-a986-4340-9a9e-94d969b6c618	80866	1.0	confident	Delftia acidovorans	Bacteria
4b801db3-96eb-4f96-a499-d9b4bfd15adb	80866	1.0	confident	Delftia acidovorans	Bacteria
11300f4c-9fc4-4d1f-b11c-1beee700d105	80866	1.0	confident	Delftia acidovorans	Bacteria
2e005f07-285a-4ac3-9773-1b8e73588f56	80866	1.0	confident	Delftia acidovorans	Bacteria
c1b8bd1f-3750-4d04-a56e-15946d08f20e	80866	1.0	confident	Delftia acidovorans	Bacteria
9902ee9d-c312-4a4d-8d15-96244321ae12	80866	1.0	confident	Delftia acidovorans	Bacteria
20ba4ff7-0408-4650-b72d-d570a2b61fa2	80866	1.0	confident	Delftia acidovorans	Bacteria
61746288-d936-425f-ae38-724e3ed9fc30	80866	1.0	confident	Delftia acidovorans	Bacteria
4c858169-edf3-466c-9993-f7335290d429	80866	1.0	confident	Delftia acidovorans	Bacteria
56dc5134-7e2b-44d5-b85a-e12bba3886ae	80866	1.0	confident	Delftia acidovorans	Bacteria
ea4a2efe-fbea-4089-901b-a71a5758341f	80866	1.0	confident	Delftia acidovorans	Bacteria
cca20206-ab9a-4163-9455-3b54a8f3998f	80866	1.0	confident	Delftia acidovorans	Bacteria
7b225021-c9c3-4e2a-8dc2-dd860f3c901a	80866	1.0	confident	Delftia acidovorans	Bacteria
535b098d-7b3a-4d80-99db-32afddf99ab6	80866	1.0	confident	Delftia acidovorans	Bacteria
6a41effd-afa9-4d16-acff-53e7f8089b81	80866	1.0	confident	Delftia acidovorans	Bacteria
cc954e24-0355-4ec7-a3bc-873c48a1d3e9	80866	1.0	confident	Delftia acidovorans	Bacteria
6cb75bfa-c548-49eb-acfe-72fe8b751447	80866	1.0	confident	Delftia acidovorans	Bacteria
7564c0a1-1cce-49d6-86af-e5da1f6fc426	80866	1.0	confident	Delftia acidovorans	Bacteria
3922d667-e96a-4325-98ed-fc989d1c65c5	80866	1.0	confident	Delftia acidovorans	Bacteria
67b7ef40-cde1-48a4-ab48-20bd1654fc5b	80866	1.0	confident	Delftia acidovorans	Bacteria
1fc7fdfe-c987-45d6-bcd2-603096046c19	80866	1.0	confident	Delftia acidovorans	Bacteria
348195fe-4f6e-4220-82fc-2aff5c2592be	80866	1.0	confident	Delftia acidovorans	Bacteria
a0452660-b7b3-4d6e-98c1-84ab2a3ef4b9	80866	1.0	confident	Delftia acidovorans	Bacteria
f7432ca3-82c8-4381-8452-bd5d7fc28c32	80866	1.0	confident	Delftia acidovorans	Bacteria
5c0d7f7c-dc69-40f3-a772-045a31701276	80866	1.0	confident	Delftia acidovorans	Bacteria
297ff1ce-5984-48ec-ba1c-d420e0b690bf	80866	1.0	confident	Delftia acidovorans	Bacteria
9e2b8495-fa38-4797-8c58-e2bfa69d3038	80866	1.0	confident	Delftia acidovorans	Bacteria
dde10e96-ad27-4158-be67-ff76e677eecb	80866	1.0	confident	Delftia acidovorans	Bacteria
1cc3cccf-5421-4564-a913-ab10c0fbe4eb	80866	1.0	confident	Delftia acidovorans	Bacteria
0cecd815-1d8f-4b31-afe5-13aaf615d05f	80866	1.0	confident	Delftia acidovorans	Bacteria
49368316-962e-43ce-a723-1672ba257756	80866	1.0	confident	Delftia acidovorans	Bacteria
4f01f9b0-f26b-4f47-97bd-18faed6b1867	80866	1.0	confident	Delftia acidovorans	Bacteria
a585e643-2d15-497c-a909-f8b908a4bf8f	80866	1.0	confident	Delftia acidovorans	Bacteria
e8d9c2c7-e307-48c1-901f-1c22b98e505a	80866	1.0	confident	Delftia acidovorans	Bacteria
80c776bc-8553-4a7f-a5ad-88af6227f6d6	80866	1.0	confident	Delftia acidovorans	Bacteria
f2387c2f-a29c-45b2-b4f1-91ca6b85a997	80866	1.0	confident	Delftia acidovorans	Bacteria
20852ed5-3aba-49e9-91c2-2169063cfee2	80866	1.0	confident	Delftia acidovorans	Bacteria
a478e2d8-a702-4289-a58d-af73bd11c830	80866	1.0	confident	Delftia acidovorans	Bacteria
fc9d2583-cd26-46fa-864d-73fb1e5d5790	80866	1.0	confident	Delftia acidovorans	Bacteria
b151ba49-0fdf-4ed3-a31f-377ffde85bbc	80866	1.0	confident	Delftia acidovorans	Bacteria
43763f46-c9c8-4611-84c5-25a4adc9e902	80866	1.0	confident	Delftia acidovorans	Bacteria
3708562e-f90e-4ff5-9992-140e1b902c10	80866	1.0	confident	Delftia acidovorans	Bacteria
bd85f9e9-00b3-4d0c-9c10-fb8c34a5a948	80866	1.0	confident	Delftia acidovorans	Bacteria
2b7152e0-6563-421e-8860-d151eb12bd17	80866	1.0	confident	Delftia acidovorans	Bacteria
89c5e9cc-96a2-400d-b271-8b7f2e4393c0	80866	1.0	confident	Delftia acidovorans	Bacteria
effb41a6-5b24-4aa3-a129-99289e86befe	80866	1.0	confident	Delftia acidovorans	Bacteria
bd505e99-0076-4874-9d77-a03f46446861	80866	1.0	confident	Delftia acidovorans	Bacteria
1727264e-cf65-4c5d-90a8-ad4b8a2ec48b	80866	1.0	confident	Delftia acidovorans	Bacteria
428af636-20fd-4806-a7e8-5509c1ed33fc	80866	1.0	confident	Delftia acidovorans	Bacteria
75bc5451-df17-44a3-bb22-e285378f4d06	80866	1.0	confident	Delftia acidovorans	Bacteria
927e662e-00d5-44ae-b861-8ecf8cf9ea95	80866	1.0	confident	Delftia acidovorans	Bacteria
8a540e53-650a-4a8e-b361-2153d2ad5379	80866	1.0	confident	Delftia acidovorans	Bacteria
b4c9c156-0ff3-4dd3-b383-7494c223fcb2	80866	1.0	confident	Delftia acidovorans	Bacteria
c9bb45af-92b2-4c73-8e07-6c7c99328c27	80866	1.0	confident	Delftia acidovorans	Bacteria
d3803eaf-42ce-44f2-bf93-cb2014c2ec15	80866	1.0	confident	Delftia acidovorans	Bacteria
e3ac049c-c657-40e7-af7b-199af74a3819	80866	1.0	confident	Delftia acidovorans	Bacteria
767bcc69-dc7e-4939-b093-ed2f95a54712	80866	1.0	confident	Delftia acidovorans	Bacteria
e34ae0bc-6e24-4ead-89fb-a6e6826d7921	80866	1.0	confident	Delftia acidovorans	Bacteria
51e880f0-9841-4a47-bea7-0ade75510e5a	80866	1.0	confident	Delftia acidovorans	Bacteria
fb7155ea-5eec-46b7-a147-9c0e5ee2f625	80866	1.0	confident	Delftia acidovorans	Bacteria
a71fa951-6b00-48b5-aae8-55b405b88f66	80866	1.0	confident	Delftia acidovorans	Bacteria
327aba01-0ebb-44ee-b952-1b334609cde0	80866	1.0	confident	Delftia acidovorans	Bacteria
7b09eac8-5d85-4f1c-ac4e-cdf3cac264a5	80866	1.0	confident	Delftia acidovorans	Bacteria
df2b4cd9-e1ae-4fd5-b7e1-2d627731a00a	80866	1.0	confident	Delftia acidovorans	Bacteria
01ea5c82-7d0f-46b2-914e-aa338dfa0a2b	80866	1.0	confident	Delftia acidovorans	Bacteria
67c8bc6a-2be1-43e5-a338-d6fb36d2195a	80866	1.0	confident	Delftia acidovorans	Bacteria
6e28b7a9-443c-4bb9-a300-0e648f280bed	80866	1.0	confident	Delftia acidovorans	Bacteria
713c8e72-a03a-4ce4-97cf-cd3b2a87e59b	80866	1.0	confident	Delftia acidovorans	Bacteria
f5a651ec-8272-49ad-9532-154d3b4f1c15	80866	1.0	confident	Delftia acidovorans	Bacteria
7f626c2d-0982-4eaf-b3b0-038d9efc05a7	80866	1.0	confident	Delftia acidovorans	Bacteria
8759da7a-ac95-42b8-9371-d99ddd5492c4	80866	1.0	confident	Delftia acidovorans	Bacteria
708866c1-24ba-4062-bc09-3f66fff0dfb3	80866	1.0	confident	Delftia acidovorans	Bacteria
d28cca00-4a1f-40e2-95d3-7575da5dfd89	80866	1.0	confident	Delftia acidovorans	Bacteria
70378a76-12b5-4ca0-b161-b9219739ce00	80866	1.0	confident	Delftia acidovorans	Bacteria
3892fe04-1788-4ebe-be86-da61de5402cf	80866	1.0	confident	Delftia acidovorans	Bacteria
fbeab8ec-2b26-4c1a-829a-28af7088fc9f	80866	1.0	confident	Delftia acidovorans	Bacteria
fcb8458a-16d0-4303-80a1-1742251e7a42	80866	1.0	confident	Delftia acidovorans	Bacteria
38b10fe3-c1ad-44b7-b0ea-39b21b1cb41c	80866	1.0	confident	Delftia acidovorans	Bacteria
c96ebb47-f63c-4532-853a-51fd81a821b7	80866	1.0	confident	Delftia acidovorans	Bacteria
96d82f11-a047-443d-b832-7dc1bb6771ef	80866	1.0	confident	Delftia acidovorans	Bacteria
1493d97e-6cd2-49ec-b4f1-2c11c9d52c57	80866	1.0	confident	Delftia acidovorans	Bacteria
857c4a3f-6645-4330-9fdc-79463a475f18	80866	1.0	confident	Delftia acidovorans	Bacteria
1499abd7-092f-4606-900b-7f4b008ae40f	80866	1.0	confident	Delftia acidovorans	Bacteria
7bcb8881-3b17-44f8-a0f6-11b39c69fd6e	80866	1.0	confident	Delftia acidovorans	Bacteria
eb61e2d0-a27e-438c-94e4-2939fbbcc0af	80866	1.0	confident	Delftia acidovorans	Bacteria
c40cafc4-41fe-42d7-a3d7-533ea477823c	80866	1.0	confident	Delftia acidovorans	Bacteria
878887e4-d458-46fb-90ba-044ca417473f	80866	1.0	confident	Delftia acidovorans	Bacteria
c6bc9afe-6ba6-465a-8cce-2ff88b8756c6	80866	1.0	confident	Delftia acidovorans	Bacteria
807c6537-cbcf-4d65-b264-8a9c8f99e5da	80866	1.0	confident	Delftia acidovorans	Bacteria
c255dc4b-9c5c-4747-b90a-93f6b255ce1d	80866	1.0	confident	Delftia acidovorans	Bacteria
0c00cb53-e427-4884-b188-1cd42b9237e9	80866	1.0	confident	Delftia acidovorans	Bacteria
a3115efe-fc6a-45b5-afd3-7e21dbdac913	80866	1.0	confident	Delftia acidovorans	Bacteria
bd0630a1-6503-4967-92e2-f2a710d27514	80866	1.0	confident	Delftia acidovorans	Bacteria
81163c2e-8c04-4cd3-83ff-8171568dd44b	80866	1.0	confident	Delftia acidovorans	Bacteria
c4f84276-ad03-42ee-8552-b9b3b5ef00df	80866	1.0	confident	Delftia acidovorans	Bacteria
9a2c8da8-2cbc-407b-b257-06e3b8e71400	80866	1.0	confident	Delftia acidovorans	Bacteria
a0841ec9-4dae-4ace-8062-daca7c6d7786	80866	1.0	confident	Delftia acidovorans	Bacteria
682d53d2-f918-4cd3-ad43-cf9b57f6e3e7	80866	1.0	confident	Delftia acidovorans	Bacteria
5efc1ce2-e039-4bae-906c-db1167016697	80866	1.0	confident	Delftia acidovorans	Bacteria
301e972a-a664-484f-b587-67ce9c48c93e	80866	1.0	confident	Delftia acidovorans	Bacteria
d1a84db5-509a-4c61-ad8a-6b75e8121794	80866	1.0	confident	Delftia acidovorans	Bacteria
f4fdbd4b-bf88-4e11-9de8-5c93cc498ddf	80866	1.0	confident	Delftia acidovorans	Bacteria
07f0c364-5468-4351-a01b-6d7eabd7af9b	80866	1.0	confident	Delftia acidovorans	Bacteria
51254e0c-2b54-498b-b928-873a4cbd7d47	80866	1.0	confident	Delftia acidovorans	Bacteria
aca4b5f9-c9c7-4366-846e-ff269128f84b	80866	1.0	confident	Delftia acidovorans	Bacteria
8d2d956f-15ea-45b0-b774-ce54334f362c	80866	1.0	confident	Delftia acidovorans	Bacteria
2005dc82-ef9b-44d4-b694-a2a3785e29bf	80866	1.0	confident	Delftia acidovorans	Bacteria
0b3ba165-c2cd-40c7-b38d-24aa70162a26	80866	1.0	confident	Delftia acidovorans	Bacteria
aa263317-27a9-446b-af69-b464c8b0ff21	80866	1.0	confident	Delftia acidovorans	Bacteria
27e13c88-a0a2-4134-93ea-5e77d1847b36	80866	1.0	confident	Delftia acidovorans	Bacteria
b7d8ac48-f99d-4e5a-9207-6926b7a1a081	80866	1.0	confident	Delftia acidovorans	Bacteria
91d8bbc2-b4e5-4017-9abc-65f1c1207eb3	80866	1.0	confident	Delftia acidovorans	Bacteria
ef938403-1bbc-47b1-be36-ce49ee90e4f2	80866	1.0	confident	Delftia acidovorans	Bacteria
e8df7ac9-7fce-4a9b-819e-97eedb3f558d	80866	1.0	confident	Delftia acidovorans	Bacteria
82f8eb5d-8702-4865-a9bd-e5cf5d967744	80866	1.0	confident	Delftia acidovorans	Bacteria
c8039bd4-447c-463e-9692-57e41afeb26a	80866	1.0	confident	Delftia acidovorans	Bacteria
58607c99-e417-4255-b073-aa6580565043	80866	1.0	confident	Delftia acidovorans	Bacteria
35b7ecf6-197a-44b1-97a2-31683a2b9e7a	80866	1.0	confident	Delftia acidovorans	Bacteria
175c3b71-652d-4376-8fc8-090271666f5a	80866	1.0	confident	Delftia acidovorans	Bacteria
0eb6fc24-2934-430f-ab45-a0214cefa087	80866	1.0	confident	Delftia acidovorans	Bacteria
9494b8a1-15f5-4f65-9ca0-f04d0db018ca	80866	1.0	confident	Delftia acidovorans	Bacteria
48e788d9-89d8-453c-ad8a-187a0ccceb01	80866	1.0	confident	Delftia acidovorans	Bacteria
e92597c3-49b7-44e7-a28b-01a70af5f666	80866	1.0	confident	Delftia acidovorans	Bacteria
2a71ed84-b3ef-47ca-9faa-fa289d318bee	80866	1.0	confident	Delftia acidovorans	Bacteria
fe96f237-0dac-447a-a4eb-daa265e8a2f8	80866	1.0	confident	Delftia acidovorans	Bacteria
3bb98164-a320-459c-b262-bd6e77b672bc	80866	1.0	confident	Delftia acidovorans	Bacteria
8cac934e-a411-4987-ae14-90df9e458f6f	80866	1.0	confident	Delftia acidovorans	Bacteria
19e5e3cd-1033-49a3-8ab1-aa17fd455f2d	80866	1.0	confident	Delftia acidovorans	Bacteria
a55d35d4-2ab1-48d8-92f4-498297d3e20e	80866	1.0	confident	Delftia acidovorans	Bacteria
b580c966-8cf2-4d5a-8d00-c13b9d47bfda	80866	1.0	confident	Delftia acidovorans	Bacteria
a7bf3b7d-f354-45fc-9767-4f8331116c12	80866	1.0	confident	Delftia acidovorans	Bacteria
db4836d0-550b-4739-9f88-03d57699887d	80866	1.0	confident	Delftia acidovorans	Bacteria
14ec8cfb-f438-4d7e-b35b-d01e6abfb779	80866	1.0	confident	Delftia acidovorans	Bacteria
e630e380-cf0f-47df-92dc-9854eac2fe16	80866	1.0	confident	Delftia acidovorans	Bacteria
1398d335-63d7-4aa1-8fbd-2607705ad58e	80866	1.0	confident	Delftia acidovorans	Bacteria
0abe1816-d2a7-43f8-a92e-900f9524f003	80866	1.0	confident	Delftia acidovorans	Bacteria
a11e7881-ce71-4713-adfa-e2de84be6d2a	80866	1.0	confident	Delftia acidovorans	Bacteria
4f5f83ef-a3bc-4366-8a11-d26ac201efe0	80866	1.0	confident	Delftia acidovorans	Bacteria
270e3ea2-cda5-4dfe-bc8f-cd404077e650	80866	1.0	confident	Delftia acidovorans	Bacteria
82b24a66-9626-44e0-a246-6e95f5312099	80866	1.0	confident	Delftia acidovorans	Bacteria
1d491034-e216-417d-9558-df21b27734f9	80866	1.0	confident	Delftia acidovorans	Bacteria
6ea21da3-0f0f-4070-ac6a-b073ae6ce6ef	80866	1.0	confident	Delftia acidovorans	Bacteria
cf464dce-e4ef-42bd-a0da-9ea38a113ee8	80866	1.0	confident	Delftia acidovorans	Bacteria
0a238794-4e8b-4b96-8830-305063abd68f	80866	1.0	confident	Delftia acidovorans	Bacteria
a9f2b7bf-8b69-4022-a32a-1b79bc1d8e44	80866	1.0	confident	Delftia acidovorans	Bacteria
3fd7782b-e1b3-45f5-a046-2653e2569249	80866	1.0	confident	Delftia acidovorans	Bacteria
b280c7eb-6d8e-4159-aca9-24db0dc13177	80866	1.0	confident	Delftia acidovorans	Bacteria
5f8e764c-34ca-4373-bca6-c68981c4f4e8	80866	1.0	confident	Delftia acidovorans	Bacteria
7bca9ea3-8b32-40f2-a5cc-a0400ef8f41f	80866	1.0	confident	Delftia acidovorans	Bacteria
d0598207-a4e9-432f-8d59-3bd2948becfe	80866	1.0	confident	Delftia acidovorans	Bacteria
de48d839-da03-43e7-97b4-24f0852c0b6a	80866	1.0	confident	Delftia acidovorans	Bacteria
12b6733d-f3f6-4c0c-8a8f-928b19b0400f	80866	1.0	confident	Delftia acidovorans	Bacteria
ca492b00-a460-46e9-bd58-3f53f7f2db98	80866	1.0	confident	Delftia acidovorans	Bacteria
3f209001-3bbf-4c61-a247-b1a19c37c17d	80866	1.0	confident	Delftia acidovorans	Bacteria
5f49ac9c-6a5a-4393-858b-78abba104dc5	80866	1.0	confident	Delftia acidovorans	Bacteria
2ab5592a-ad8f-4f76-ba00-1646b1ad4d30	80866	1.0	confident	Delftia acidovorans	Bacteria
5c83c087-a967-409a-bb8a-b416b1ae4bc7	80866	1.0	confident	Delftia acidovorans	Bacteria
997c8458-a039-4450-b2cd-1f3bc74598cd	80866	1.0	confident	Delftia acidovorans	Bacteria
227f06dd-75d0-4b6e-8956-686b2c458add	80866	1.0	confident	Delftia acidovorans	Bacteria
5e2230b8-f718-444f-a954-8846d346c4d5	80866	1.0	confident	Delftia acidovorans	Bacteria
c08892cd-b75b-410a-8ba0-45a621a7ab67	80866	1.0	confident	Delftia acidovorans	Bacteria
5d9d3816-f829-418a-9bfe-96d1f11bae28	80866	1.0	confident	Delftia acidovorans	Bacteria
209b7b4a-1e22-467b-837c-37fa711439b2	80866	1.0	confident	Delftia acidovorans	Bacteria
f915e913-5d1f-42ce-9dc6-8093eaa48e65	80866	1.0	confident	Delftia acidovorans	Bacteria
a9b5be88-aa03-4598-bc5f-e650b7b504b1	80866	1.0	confident	Delftia acidovorans	Bacteria
e3e72a64-d9e4-4182-a535-3f39b45cd14b	80866	1.0	confident	Delftia acidovorans	Bacteria
c380f482-c590-4f08-93e8-4f8488118688	80866	1.0	confident	Delftia acidovorans	Bacteria
29386ada-289e-476f-a9c0-4a78cb08541b	80866	1.0	confident	Delftia acidovorans	Bacteria
8b61cac7-0e69-4ce2-9aba-1f431d8e0b04	80866	1.0	confident	Delftia acidovorans	Bacteria
a4283f6b-4536-424b-9147-29a034751cf1	80866	1.0	confident	Delftia acidovorans	Bacteria
7336b844-3496-46df-8446-983f30433128	80866	1.0	confident	Delftia acidovorans	Bacteria
4e7d3ac1-cf3a-4db3-9ec8-47596761986d	80866	1.0	confident	Delftia acidovorans	Bacteria
0ee97715-9fb5-4ca2-b3e8-8ec2a810f6f0	80866	1.0	confident	Delftia acidovorans	Bacteria
7f5fb1f9-7d1c-45a6-b6a7-144b8ed30311	80866	1.0	confident	Delftia acidovorans	Bacteria
b71e9653-73ab-4622-bc6e-dc1e76536019	80866	1.0	confident	Delftia acidovorans	Bacteria
83df0c8e-056c-40e4-9fe5-6b599984eb3d	80866	1.0	confident	Delftia acidovorans	Bacteria
d6f0745f-2e40-4fc5-88dd-fec1952098a8	80866	1.0	confident	Delftia acidovorans	Bacteria
75d9d0ef-66a2-4fbb-a85a-63c196d2d420	80866	1.0	confident	Delftia acidovorans	Bacteria
727e8902-c467-4a67-a894-50a912830bf1	80866	1.0	confident	Delftia acidovorans	Bacteria
9190f498-118a-4b60-83d0-dc233447c2f1	80866	1.0	confident	Delftia acidovorans	Bacteria
3db8692c-400d-4d4d-bf3f-07266ff71fd1	80866	1.0	confident	Delftia acidovorans	Bacteria
fa7512bf-2605-4e09-991d-48e861ed59ac	80866	1.0	confident	Delftia acidovorans	Bacteria
5aeabea1-28e5-456f-8c7f-0eea1f8c7727	80866	1.0	confident	Delftia acidovorans	Bacteria
41db166c-df36-4ff3-8ef0-d8224cb8db24	80866	1.0	confident	Delftia acidovorans	Bacteria
be6f45b4-bdd5-47af-8364-8c828280f8d1	80866	1.0	confident	Delftia acidovorans	Bacteria
283a18d7-99fb-4597-85c6-3805eeae4de6	80866	1.0	confident	Delftia acidovorans	Bacteria
35150d54-4be1-40ee-aa57-62360d30e55b	80866	1.0	confident	Delftia acidovorans	Bacteria
baa174bd-6c73-4b9e-ae39-91f46d3f5038	80866	1.0	confident	Delftia acidovorans	Bacteria
a7254544-ab22-49c8-a857-b628eae2037e	80866	1.0	confident	Delftia acidovorans	Bacteria
a42461a8-64b6-421f-b1e5-6087988c2bee	80866	1.0	confident	Delftia acidovorans	Bacteria
05867406-4ce6-4410-a950-87ba02d02982	80866	1.0	confident	Delftia acidovorans	Bacteria
9e436f69-6e21-4f13-ae4e-0b39b4587b3b	80866	1.0	confident	Delftia acidovorans	Bacteria
4952b1c3-26e9-41b5-b585-788b78e19f11	80866	1.0	confident	Delftia acidovorans	Bacteria
691c39c9-eadc-4d94-a7d1-2d18596f1efd	80866	1.0	confident	Delftia acidovorans	Bacteria
a9708749-6ca0-483a-be2f-1976387a37e0	80866	1.0	confident	Delftia acidovorans	Bacteria
175db1ca-3df7-4839-95ab-b1d11329a35c	80866	1.0	confident	Delftia acidovorans	Bacteria
6571dfd7-ba5a-4bf9-b2d9-0c45d29a765c	80866	1.0	confident	Delftia acidovorans	Bacteria
06c7485a-b5dc-4a88-beb5-0e18acba3205	80866	1.0	confident	Delftia acidovorans	Bacteria
95b5afae-dfdb-40da-aa49-5df40f3454e6	80866	1.0	confident	Delftia acidovorans	Bacteria
13a6be70-f7b5-4d32-abf4-1d6873542032	80866	1.0	confident	Delftia acidovorans	Bacteria
7174edd8-9ebd-458e-9a3d-51177726762d	80866	1.0	confident	Delftia acidovorans	Bacteria
084dda13-60c1-4135-9416-dc283771bcdf	80866	1.0	confident	Delftia acidovorans	Bacteria
b30cc7f4-dd31-48fd-9d65-a7fe6421c679	80866	1.0	confident	Delftia acidovorans	Bacteria
82e1f9af-60cd-4bfd-a015-216ef3de8f65	80866	1.0	confident	Delftia acidovorans	Bacteria
f1b86367-5e2f-4933-a25b-7441be7813b0	80866	1.0	confident	Delftia acidovorans	Bacteria
d23bacda-8ccb-4cf6-b2cf-059581a99029	80866	1.0	confident	Delftia acidovorans	Bacteria
28c7010a-e572-4fdf-bb26-ee10cfe8dde8	80866	1.0	confident	Delftia acidovorans	Bacteria
c41fe23e-085a-42f1-993b-c7bac9ea64c4	80866	1.0	confident	Delftia acidovorans	Bacteria
355c0833-c9c3-497c-8c92-3938d2385b0d	80866	1.0	confident	Delftia acidovorans	Bacteria
9055ef36-a9da-418c-8263-7c26de8d2408	80866	1.0	confident	Delftia acidovorans	Bacteria
5b79db11-a326-4b53-ba19-3e29d9dd3272	80866	1.0	confident	Delftia acidovorans	Bacteria
7b71df7e-4667-4efc-8e57-b7dfd9e2e191	80866	1.0	confident	Delftia acidovorans	Bacteria
d495a747-6158-4e8e-b443-be032204b35f	80866	1.0	confident	Delftia acidovorans	Bacteria
a0a5f0c3-080a-4439-a55d-546a3722aec4	80866	1.0	confident	Delftia acidovorans	Bacteria
9e9fcd8d-407b-4c88-9452-81c29c99d60e	80866	1.0	confident	Delftia acidovorans	Bacteria
389d74be-3644-4cd2-b63c-f110f5dcaf79	80866	1.0	confident	Delftia acidovorans	Bacteria
c477bd36-eb2d-4cdf-a371-60e188e08c42	80866	1.0	confident	Delftia acidovorans	Bacteria
b55e7b53-726e-4363-8c1a-f21a978e0ce1	80866	1.0	confident	Delftia acidovorans	Bacteria
439f24c1-dc13-4d23-a00c-0cbe0a171908	80866	1.0	confident	Delftia acidovorans	Bacteria
a3fff3bd-3bf5-4f1c-8978-a58037fbfedf	80866	1.0	confident	Delftia acidovorans	Bacteria
336cf2ce-172f-4a18-ac95-51b76c015bae	80866	1.0	confident	Delftia acidovorans	Bacteria
beee4eab-178e-495b-8307-b5e2bcd528cb	80866	1.0	confident	Delftia acidovorans	Bacteria
8f7cd4f7-6c42-4afe-b4c6-ba402325518c	80866	1.0	confident	Delftia acidovorans	Bacteria
70009710-9e40-499e-9d58-3116728d4344	80866	1.0	confident	Delftia acidovorans	Bacteria
0990a8e5-b3b3-47b8-a9a5-eea65968152b	80866	1.0	confident	Delftia acidovorans	Bacteria
bad54192-423f-433c-ab17-d97399a23a12	80866	1.0	confident	Delftia acidovorans	Bacteria
1a1a58f2-242b-4597-bdbd-8b66fbcddcf2	80866	1.0	confident	Delftia acidovorans	Bacteria
0fc2a82c-0353-49df-9433-66b71dcc6b01	80866	1.0	confident	Delftia acidovorans	Bacteria
7feade22-9ece-4495-80bc-90238eefdf9d	80866	1.0	confident	Delftia acidovorans	Bacteria
9e618667-e6be-47c7-899c-6bf1a5f9afdb	80866	1.0	confident	Delftia acidovorans	Bacteria
f1a215dc-0718-4f49-8d34-1cae872a77a0	80866	1.0	confident	Delftia acidovorans	Bacteria
b9ac6280-3eeb-4c4c-aeba-bbd8fb74ab4e	80866	1.0	confident	Delftia acidovorans	Bacteria
a522956e-48fa-46fb-9243-315461aded08	80866	1.0	confident	Delftia acidovorans	Bacteria
191b7cc2-d1d1-4c64-96cf-5eec208f7b5b	80866	1.0	confident	Delftia acidovorans	Bacteria
91176913-ef0f-4cb1-b7c0-dd12f69ef213	80866	1.0	confident	Delftia acidovorans	Bacteria
52e67377-cbbe-44fa-a525-02f87568ad26	80866	1.0	confident	Delftia acidovorans	Bacteria
e6520a06-33e8-4f59-b523-17e88ba8694d	80866	1.0	confident	Delftia acidovorans	Bacteria
647bd9ee-b957-4735-b575-dc78d867fe99	80866	1.0	confident	Delftia acidovorans	Bacteria
172bed89-4830-49cf-a2e7-1468a64e59a0	80866	1.0	confident	Delftia acidovorans	Bacteria
246c9338-397f-4e07-9b52-c6b75ff04059	80866	1.0	confident	Delftia acidovorans	Bacteria
4b34fddb-87b8-4ce1-a285-166ad4738958	80866	1.0	confident	Delftia acidovorans	Bacteria
ef3d0a59-233a-4f92-bb50-c90d9069925b	80866	1.0	confident	Delftia acidovorans	Bacteria
8ebe9449-59cf-4648-b984-8216a24dfaea	80866	1.0	confident	Delftia acidovorans	Bacteria
19deefc0-137a-45f6-90bc-75e86ed90c2e	80866	1.0	confident	Delftia acidovorans	Bacteria
ce20724d-8124-4157-808a-3d836f150f35	80866	1.0	confident	Delftia acidovorans	Bacteria
c997a3c5-fdc9-436d-b769-07c5883d0239	80866	1.0	confident	Delftia acidovorans	Bacteria
dae12d8f-6544-43a8-a84f-2e8ffe7b956a	80866	1.0	confident	Delftia acidovorans	Bacteria
94705c89-4b7d-480f-a7f4-65607a6f486c	80866	1.0	confident	Delftia acidovorans	Bacteria
59c0d136-e5fb-4d2d-9c15-5b6395cca559	1343896	1.0	confident	Pontibacter deserti	Bacteria
54fd0e10-1e02-4a03-96c2-b5c26cb20053	1343896	1.0	confident	Pontibacter deserti	Bacteria
7ff20fe4-bf8d-4095-a7a2-5b6899c52a0f	1343896	1.0	confident	Pontibacter deserti	Bacteria
3032b7c9-0dfe-4f76-b341-36ad72595631	1343896	1.0	confident	Pontibacter deserti	Bacteria
bdb76828-a464-4506-8df7-c7902aabcd80	1343896	1.0	confident	Pontibacter deserti	Bacteria
b6c78a20-3c71-45d0-a6d9-3b064cb01ee7	1343896	1.0	confident	Pontibacter deserti	Bacteria
1551e696-57c3-4ed1-ada7-d211b55c71e1	1343896	1.0	confident	Pontibacter deserti	Bacteria
caec97dc-112d-4c99-b748-a1eaa990d45d	1343896	1.0	confident	Pontibacter deserti	Bacteria
9a76071a-34f7-4e3c-bf2b-d546444375ca	1343896	1.0	confident	Pontibacter deserti	Bacteria
7451cd68-4928-4b1b-8bc6-a42d1f90e307	1343896	1.0	confident	Pontibacter deserti	Bacteria
e77dc35e-d131-4864-bcd1-1d129ca06faf	1343896	1.0	confident	Pontibacter deserti	Bacteria
84550af9-a1c7-41d8-ac91-cfbce84a8247	1343896	1.0	confident	Pontibacter deserti	Bacteria
e53a9bf0-593c-4a2f-b1c4-1523df9c7429	1343896	1.0	confident	Pontibacter deserti	Bacteria
4481560b-75ce-40fc-a2a2-d1369222fa16	1343896	1.0	confident	Pontibacter deserti	Bacteria
8e4b95bd-36a8-4bc5-bdd2-441da5fe1e1f	1343896	1.0	confident	Pontibacter deserti	Bacteria
ef6097be-822c-451c-af87-2070b8c252c5	1343896	1.0	confident	Pontibacter deserti	Bacteria
52e89b61-83de-4c34-ae37-e1f603e833a3	1343896	1.0	confident	Pontibacter deserti	Bacteria
3530f91c-797f-40c0-9e94-8659d363a16e	1343896	1.0	confident	Pontibacter deserti	Bacteria
0165e2a2-06e7-4037-9913-a250c807766b	1343896	1.0	confident	Pontibacter deserti	Bacteria
c3a336fd-d1b0-4022-ab28-452bd54f12c1	1343896	1.0	confident	Pontibacter deserti	Bacteria
1bcd5b02-7c4d-45c9-9223-d42f39505f11	1343896	1.0	confident	Pontibacter deserti	Bacteria
9c11ce13-78b7-4c15-96f0-18efd8565a9b	1343896	1.0	confident	Pontibacter deserti	Bacteria
743d617c-66a3-4aae-bf90-a8fd89c9196a	1343896	1.0	confident	Pontibacter deserti	Bacteria
ff45e711-5082-4546-a3ca-9371ab811671	1343896	1.0	confident	Pontibacter deserti	Bacteria
e3770b7a-3f0d-49ce-945b-2569029590ac	1343896	1.0	confident	Pontibacter deserti	Bacteria
04a39336-5a1a-4f60-9376-4e5345c638ae	1343896	1.0	confident	Pontibacter deserti	Bacteria
aabeb8a4-35ee-4024-a559-6ed560a88d34	1343896	1.0	confident	Pontibacter deserti	Bacteria
8f0098ba-ba5e-4e46-8523-4ba294e9aa5e	1343896	1.0	confident	Pontibacter deserti	Bacteria
f2d58a49-5c0b-411f-98c2-accfab056299	1343896	1.0	confident	Pontibacter deserti	Bacteria
ede0b7ce-0a44-4962-83cd-163ce2f6951d	1343896	1.0	confident	Pontibacter deserti	Bacteria
56ccf47a-712f-4dbf-830e-38cdde56740d	1343896	1.0	confident	Pontibacter deserti	Bacteria
a5eb1500-b87f-4d76-850e-fe05e61fbb13	10002248	1.0	confident	Arthrobacter agilis	Bacteria
c9d4a4f6-0b2f-42d0-ac3f-8cce9ff7b56e	10002248	1.0	confident	Arthrobacter agilis	Bacteria
00a6fe31-d228-4639-a929-2a8e308a4160	10002248	1.0	confident	Arthrobacter agilis	Bacteria
14ddb0fd-789c-43eb-8893-7e80688931ed	10002248	1.0	confident	Arthrobacter agilis	Bacteria
1201781b-1ca7-42ae-bc58-895471888bf2	10002248	1.0	confident	Arthrobacter agilis	Bacteria
e3d86f5a-a818-4598-85ee-40a640427f4a	10002248	1.0	confident	Arthrobacter agilis	Bacteria
6c1e874b-e956-4dd3-890d-1322e22bab57	10002248	1.0	confident	Arthrobacter agilis	Bacteria
77790aa2-79fb-4d3e-aa92-3fda10171a8b	10002248	1.0	confident	Arthrobacter agilis	Bacteria
52a2fe72-ecc2-477a-a158-3d42aaa0e297	10002248	1.0	confident	Arthrobacter agilis	Bacteria
98156adf-2e0b-4b46-b280-0619dc07a095	10002248	1.0	confident	Arthrobacter agilis	Bacteria
cc320904-ba2a-426c-9496-29cbd70016db	10002248	1.0	confident	Arthrobacter agilis	Bacteria
daef4a03-de0b-481b-96d5-179fb1e33bb0	10002248	1.0	confident	Arthrobacter agilis	Bacteria
6b97dd75-2d1c-473f-bda1-1ec9e16c5ef8	10002248	1.0	confident	Arthrobacter agilis	Bacteria
f11ba043-43f2-43b7-bc6d-3b7d6430157a	10002248	1.0	confident	Arthrobacter agilis	Bacteria
53ec5e79-b9ac-4093-8839-87a857cee5cf	10002248	1.0	confident	Arthrobacter agilis	Bacteria
2cc50759-81b7-4305-9b91-b6cb7b1f6ada	10002248	1.0	confident	Arthrobacter agilis	Bacteria
143e14c7-7f92-487d-aceb-ec219569c69a	10002248	1.0	confident	Arthrobacter agilis	Bacteria
9a4879f6-8c6a-4817-a7e2-707e20555f1d	10002248	1.0	confident	Arthrobacter agilis	Bacteria
3fe1f45c-8768-4505-b573-cac567a1ed90	10002248	1.0	confident	Arthrobacter agilis	Bacteria
04763390-d783-43d0-9920-63ae43ee8602	10002248	1.0	confident	Arthrobacter agilis	Bacteria
a68410e2-ab9c-48b1-9a07-b881ad60416c	10002248	1.0	confident	Arthrobacter agilis	Bacteria
792f815c-877a-45f5-bf86-c5528b6e21b6	10002248	1.0	confident	Arthrobacter agilis	Bacteria
33b41bf3-51b9-43e3-957a-1c10ea71ef72	10002248	1.0	confident	Arthrobacter agilis	Bacteria
ee044ad9-825c-4b1d-b1b1-5806aba8d3ab	10002248	1.0	confident	Arthrobacter agilis	Bacteria
7a8bb2c2-c68e-4b4f-a6ba-8dd7976896f1	10002248	1.0	confident	Arthrobacter agilis	Bacteria
67755044-1961-4386-8643-fab551bfa2cc	10002248	1.0	confident	Arthrobacter agilis	Bacteria
b2c1e02f-6f68-42de-8764-607be34f89f6	10002248	1.0	confident	Arthrobacter agilis	Bacteria
84156be1-2cf1-4012-b7a7-6acdfc291731	10002248	1.0	confident	Arthrobacter agilis	Bacteria
59ab6eb4-a471-4355-9231-7658c4fc58c3	10002248	1.0	confident	Arthrobacter agilis	Bacteria
06cdc5cf-0df8-4010-a322-9c0d9892f116	10002248	1.0	confident	Arthrobacter agilis	Bacteria
791d4a88-99ca-4b94-95a7-fddeef6566d1	10002248	1.0	confident	Arthrobacter agilis	Bacteria
dbf0ab7b-0839-4550-adf1-2c72b2f203b8	10002248	1.0	confident	Arthrobacter agilis	Bacteria
2b412ddc-f961-41d6-9292-6a480e988eee	10002248	1.0	confident	Arthrobacter agilis	Bacteria
48cf4750-9d4e-45ca-b6a2-f4e78ae3c5d2	10002248	1.0	confident	Arthrobacter agilis	Bacteria
af22c81f-1da1-4770-8434-69d2be5a2633	10002248	1.0	confident	Arthrobacter agilis	Bacteria
c7afdf4e-fcce-41ab-bb93-c1fcaf9adbe6	10002248	1.0	confident	Arthrobacter agilis	Bacteria
a31e525c-23a1-427d-99a4-8e76e34c4f45	10002248	1.0	confident	Arthrobacter agilis	Bacteria
c27101fd-1242-4528-9845-ff883f98c715	10002248	1.0	confident	Arthrobacter agilis	Bacteria
85346594-3664-425a-b813-10ef44409e5e	10002248	1.0	confident	Arthrobacter agilis	Bacteria
9fe61f08-1ec6-4aed-9afd-abc69f666237	10002248	1.0	confident	Arthrobacter agilis	Bacteria
78533eba-6ab8-49b2-8d44-8cc59b709348	10002248	1.0	confident	Arthrobacter agilis	Bacteria
5d32f8af-cb6d-4a7f-837f-c9139928a28a	10002248	1.0	confident	Arthrobacter agilis	Bacteria
86b2b76f-dd3a-4bf4-abb1-9772e87f879f	10002248	1.0	confident	Arthrobacter agilis	Bacteria
b7aac5fa-5677-495b-b59b-7b6982f6b239	10002248	1.0	confident	Arthrobacter agilis	Bacteria
b31adae3-dec4-44bb-a6cd-91384d686cb9	10002248	1.0	confident	Arthrobacter agilis	Bacteria
151c5ec7-a692-4ee0-8abf-05135233998a	10002248	1.0	confident	Arthrobacter agilis	Bacteria
d385a23e-74fc-44c5-8da9-dd37b71f6b6a	10002248	1.0	confident	Arthrobacter agilis	Bacteria
5ffd21e3-a79a-43eb-944d-a2f3539ca9b8	10002248	1.0	confident	Arthrobacter agilis	Bacteria
b4db1ef7-2155-45ab-a7d9-cbabdcfed16e	10002248	1.0	confident	Arthrobacter agilis	Bacteria
d6c86efd-4692-48a0-8fff-84627dcfa522	10002248	1.0	confident	Arthrobacter agilis	Bacteria
8b2c7284-7a1c-4262-bc56-4d996d63f3b5	10002248	1.0	confident	Arthrobacter agilis	Bacteria
52d894f0-1e7b-447c-a831-02a4aefada0a	10002248	1.0	confident	Arthrobacter agilis	Bacteria
4c400f45-397b-4033-85fc-cac56b3ab08f	10002248	1.0	confident	Arthrobacter agilis	Bacteria
352a9b90-c00c-487a-a532-b7876a67d32f	10003105	1.0	confident	Phyllobacterium myrsinacearum	Bacteria
3413458b-c08d-4788-a1c7-ecf180f7e899	10003105	1.0	confident	Phyllobacterium myrsinacearum	Bacteria
46d68559-f6b9-4651-ab81-313312a56f4f	10003105	1.0	confident	Phyllobacterium myrsinacearum	Bacteria
084ab48d-8cb1-4874-9e5a-ef58037fba7e	10003105	1.0	confident	Phyllobacterium myrsinacearum	Bacteria
b90e6851-0698-4903-bfd2-80dfd2ec734c	10003105	1.0	confident	Phyllobacterium myrsinacearum	Bacteria
293cb9d9-4291-440b-8617-f976ff682826	10003105	1.0	confident	Phyllobacterium myrsinacearum	Bacteria
162fe001-20fe-45eb-b787-4e85da422608	10003105	1.0	confident	Phyllobacterium myrsinacearum	Bacteria
627e4883-50f8-4eb7-aa49-017cd7bc47e6	10003105	1.0	confident	Phyllobacterium myrsinacearum	Bacteria
e16c44e0-c0a3-4314-adc9-baf119c6a701	10003105	1.0	confident	Phyllobacterium myrsinacearum	Bacteria
4318bbc7-5e0b-4c2a-a7e0-7038a32e7a8c	10003105	1.0	confident	Phyllobacterium myrsinacearum	Bacteria
721db8e3-1819-4b14-8aca-bf5e33efbc96	10002616	1.0	confident	Laceyella sacchari	Bacteria
c2d0ca44-7376-4c70-806f-7bc13bd1b7d1	10003105	1.0	confident	Phyllobacterium myrsinacearum	Bacteria
e2ca5efe-4bf2-4a6d-a8de-76e8b539ee1c	10003105	1.0	confident	Phyllobacterium myrsinacearum	Bacteria
968048ca-fb90-45af-9858-417e5eed153b	10003105	1.0	confident	Phyllobacterium myrsinacearum	Bacteria
27a1d11a-308e-4fb2-9f9a-9357a19cceaf	10003105	1.0	confident	Phyllobacterium myrsinacearum	Bacteria
5d56729d-5c58-401c-8bb6-2725fec9cc68	10003105	1.0	confident	Phyllobacterium myrsinacearum	Bacteria
503fcd50-db8b-4221-bd0e-657010c8d240	10003105	1.0	confident	Phyllobacterium myrsinacearum	Bacteria
baf98248-f4a0-4d22-9e2e-31665cb2d7be	10003105	1.0	confident	Phyllobacterium myrsinacearum	Bacteria
139e9a4e-a167-4d0e-8312-1df2c104e85d	10003105	1.0	confident	Phyllobacterium myrsinacearum	Bacteria
b3fc1ec8-20f1-43cc-ad8f-8d42c3d7acac	10003105	1.0	confident	Phyllobacterium myrsinacearum	Bacteria
07e2056c-b398-488f-ad57-515c9edfa25e	10003105	1.0	confident	Phyllobacterium myrsinacearum	Bacteria
12064631-d076-4a8c-b573-0b913c0714c8	10003105	1.0	confident	Phyllobacterium myrsinacearum	Bacteria
73deca21-a852-4bf2-88e1-c295f29218a9	10003105	1.0	confident	Phyllobacterium myrsinacearum	Bacteria
a31d7e59-8b64-4723-8757-df72869524e3	10003105	1.0	confident	Phyllobacterium myrsinacearum	Bacteria
6a98b0e0-2df8-4e05-af6b-cad632dac39c	10003105	1.0	confident	Phyllobacterium myrsinacearum	Bacteria
9ef1865c-9704-4e6c-a7bf-d150931f0edd	10003105	1.0	confident	Phyllobacterium myrsinacearum	Bacteria
4be5f436-86ec-4311-86c6-874b5707219a	10003105	1.0	confident	Phyllobacterium myrsinacearum	Bacteria
def6dea5-3bca-4fda-93df-39b9c206b92b	10003105	1.0	confident	Phyllobacterium myrsinacearum	Bacteria
f11b3af2-e675-450b-8423-201a3c686f19	10003105	1.0	confident	Phyllobacterium myrsinacearum	Bacteria
ed626a5e-7336-41c4-a2a0-f3526e1f369d	10003105	1.0	confident	Phyllobacterium myrsinacearum	Bacteria
39daed99-c399-4d62-8242-6d537cd99df3	10003105	1.0	confident	Phyllobacterium myrsinacearum	Bacteria
4a48ec93-bdf1-455d-8511-59c6465d6724	10003105	1.0	confident	Phyllobacterium myrsinacearum	Bacteria
dccb1fa9-30a5-4824-9f10-b17290efa8e3	10003105	1.0	confident	Phyllobacterium myrsinacearum	Bacteria
34c2aa92-d60c-4aae-ae4a-4d6957c17e18	10003105	1.0	confident	Phyllobacterium myrsinacearum	Bacteria
30f7d740-6ef5-40c4-b5fc-b1716a8139ce	10003105	1.0	confident	Phyllobacterium myrsinacearum	Bacteria
4db9be17-d413-48e1-9467-22c9613fa638	10003105	1.0	confident	Phyllobacterium myrsinacearum	Bacteria
97b7ef58-b3ac-444e-a015-21e5a46f2f14	10003105	1.0	confident	Phyllobacterium myrsinacearum	Bacteria
7a001f97-2b06-4f4d-bb17-4a89744657ab	10003105	1.0	confident	Phyllobacterium myrsinacearum	Bacteria
d12ab8b3-6b50-4d4c-9fab-656b60081035	10003105	1.0	confident	Phyllobacterium myrsinacearum	Bacteria
ad9f7403-ea8f-49b4-8938-91db0f4d32c4	10003105	1.0	confident	Phyllobacterium myrsinacearum	Bacteria
bbb00d6e-09fb-4967-b44b-d5d8dd3b1e5e	10003105	1.0	confident	Phyllobacterium myrsinacearum	Bacteria
7b436883-68aa-48a3-83e2-2d3132eccc14	10003105	1.0	confident	Phyllobacterium myrsinacearum	Bacteria
e9d1cb02-035f-4ce7-8ac1-9749a8b36464	10003105	1.0	confident	Phyllobacterium myrsinacearum	Bacteria
f43f1031-56ea-4f87-a9b7-1e32d1105559	10003105	1.0	confident	Phyllobacterium myrsinacearum	Bacteria
fd58cba8-171e-4459-b1fe-df81af797cd1	10003105	1.0	confident	Phyllobacterium myrsinacearum	Bacteria
842f5a85-d7d0-42eb-8551-5199726dd644	10003105	1.0	confident	Phyllobacterium myrsinacearum	Bacteria
de8ce244-e7da-40c6-8c08-b36fa3df6fe0	10003105	1.0	confident	Phyllobacterium myrsinacearum	Bacteria
7b87d608-58eb-46e3-abdf-dbe62a47902a	10003105	1.0	confident	Phyllobacterium myrsinacearum	Bacteria
bb9e4bf2-23bb-4aff-94c8-79be2eeb7a09	10003105	1.0	confident	Phyllobacterium myrsinacearum	Bacteria
56aef3db-b0c7-4c4b-af3b-a12a7263cb85	10003105	1.0	confident	Phyllobacterium myrsinacearum	Bacteria
ad0de88b-adbc-42a2-874d-bd99fad6c95f	10003105	1.0	confident	Phyllobacterium myrsinacearum	Bacteria
549fef6b-5670-403a-9e5d-a726a8b5657c	10003105	1.0	confident	Phyllobacterium myrsinacearum	Bacteria
e1951a9e-e29d-4e4d-956a-fc0ec1d04f3c	10003105	1.0	confident	Phyllobacterium myrsinacearum	Bacteria
934ee8bc-8d8e-4a8b-b741-9b945757d4a5	10003105	1.0	confident	Phyllobacterium myrsinacearum	Bacteria
09a12acf-0627-4b1d-9232-cdd8a522a85a	10003105	1.0	confident	Phyllobacterium myrsinacearum	Bacteria
45f1a738-1a29-40cb-bfe7-6aea238bcacf	10003105	1.0	confident	Phyllobacterium myrsinacearum	Bacteria
7bdaa9a9-ef3e-408d-bb33-84e6772a4ec7	10003105	1.0	confident	Phyllobacterium myrsinacearum	Bacteria
2b691a67-0a7e-468b-b027-1e921ae799d3	10003105	1.0	confident	Phyllobacterium myrsinacearum	Bacteria
3963b25e-01a4-40f9-a212-92bafe59f13a	10003105	1.0	confident	Phyllobacterium myrsinacearum	Bacteria
b520c34e-bd81-4eb0-9e61-280e7d31c2ad	10003105	1.0	confident	Phyllobacterium myrsinacearum	Bacteria
6702544c-26c5-4498-a2a9-81607f80f461	10003105	1.0	confident	Phyllobacterium myrsinacearum	Bacteria
1a8fa597-bf19-4451-b5ff-16cb776ddeb4	10003105	1.0	confident	Phyllobacterium myrsinacearum	Bacteria
68367e71-f08a-4b99-9de3-c6da5083e023	10003105	1.0	confident	Phyllobacterium myrsinacearum	Bacteria
83ffb2a2-bdea-46ee-bf98-8641f2d6a850	10003105	1.0	confident	Phyllobacterium myrsinacearum	Bacteria
ccc69846-adbb-4083-b23d-3be805197093	10003105	1.0	confident	Phyllobacterium myrsinacearum	Bacteria
2f812dca-ccc4-4c4b-96e8-e59e0a34b3fb	10003105	1.0	confident	Phyllobacterium myrsinacearum	Bacteria
7db3a124-3af9-45bd-9d5c-ce4debfba1d1	10003105	1.0	confident	Phyllobacterium myrsinacearum	Bacteria
8d9c2ba7-80c5-40c6-a14c-135c8c62dce5	10003105	1.0	confident	Phyllobacterium myrsinacearum	Bacteria
895bf675-d7f7-42fd-a588-f8bfd94b67c2	10003105	1.0	confident	Phyllobacterium myrsinacearum	Bacteria
8178fa78-f319-489b-8bdb-7e8f1f039585	10003105	1.0	confident	Phyllobacterium myrsinacearum	Bacteria
dc91c8d3-a397-40a0-9510-01c3587d49a0	10003105	1.0	confident	Phyllobacterium myrsinacearum	Bacteria
c607bd96-ec61-4e5e-bb1b-46a4c9bd1ce0	10003105	1.0	confident	Phyllobacterium myrsinacearum	Bacteria
3c8c622d-c8f2-4a8c-a7d9-d4b9434a2108	10003105	1.0	confident	Phyllobacterium myrsinacearum	Bacteria
a69aea92-6cd1-4366-9d44-9f0dd16951c8	10003105	1.0	confident	Phyllobacterium myrsinacearum	Bacteria
389da8ef-b74e-490e-a631-33ce5485c2ed	10003105	1.0	confident	Phyllobacterium myrsinacearum	Bacteria
9dd9d493-f346-46d4-9036-eb6d965584d4	10003105	1.0	confident	Phyllobacterium myrsinacearum	Bacteria
50fedf44-5de1-4919-903b-32d0591bba2b	10003105	1.0	confident	Phyllobacterium myrsinacearum	Bacteria
8b996c76-7174-44cc-8b3b-dde63a575601	10003105	1.0	confident	Phyllobacterium myrsinacearum	Bacteria
48030a90-26c3-4a06-ade1-1014cf2e8a87	10003105	1.0	confident	Phyllobacterium myrsinacearum	Bacteria
ec98e92b-e414-4af9-a4ae-8e4d1e7d370d	10003105	1.0	confident	Phyllobacterium myrsinacearum	Bacteria
dc34498a-97ba-449f-9b95-0f9cef45a425	10003105	1.0	confident	Phyllobacterium myrsinacearum	Bacteria
6c9df6f6-d70a-4dd1-a1b5-cff9725cc865	10003105	1.0	confident	Phyllobacterium myrsinacearum	Bacteria
4d476b12-a2e2-41e9-a5a7-9b745d07a4b1	10003105	1.0	confident	Phyllobacterium myrsinacearum	Bacteria
b60d7f8b-131a-43e0-8f4e-3daf06b4c334	10003105	1.0	confident	Phyllobacterium myrsinacearum	Bacteria
d24ce2f9-44e0-44e7-ad47-3ba89412cc5d	10003105	1.0	confident	Phyllobacterium myrsinacearum	Bacteria
932c74a0-281a-4830-8784-d4070bf8b7b3	10003105	1.0	confident	Phyllobacterium myrsinacearum	Bacteria
b121a666-de6b-4fa1-904b-fc813ccb8beb	10003105	1.0	confident	Phyllobacterium myrsinacearum	Bacteria
eb185231-21e2-4ed4-b8ed-777fe9ac9d10	10003105	1.0	confident	Phyllobacterium myrsinacearum	Bacteria
42dbedee-11a6-4b05-9ef7-a0214d315462	10003105	1.0	confident	Phyllobacterium myrsinacearum	Bacteria
5f487874-9a54-4ec8-81d6-18d01318d82f	10003105	1.0	confident	Phyllobacterium myrsinacearum	Bacteria
e8ad9250-464d-4d70-bdad-83fa7ce47912	10003105	1.0	confident	Phyllobacterium myrsinacearum	Bacteria
d88d3403-f98d-4c4c-8de5-3b56445d1d04	10003105	1.0	confident	Phyllobacterium myrsinacearum	Bacteria
1d018354-756c-47c2-bfd6-329cb0944f36	10003105	1.0	confident	Phyllobacterium myrsinacearum	Bacteria
33ed0261-e96b-4ec7-b352-e5d9d0fa04ea	10003105	1.0	confident	Phyllobacterium myrsinacearum	Bacteria
2447e0ea-db87-4cc8-a56f-6a2d0db612e2	10003105	1.0	confident	Phyllobacterium myrsinacearum	Bacteria
142be48c-3f00-4e6f-8b5c-7cb4ebc3878d	10003105	1.0	confident	Phyllobacterium myrsinacearum	Bacteria
0bab2d06-5e41-4afd-9729-bfebea0288d9	10003105	1.0	confident	Phyllobacterium myrsinacearum	Bacteria
4ebef002-2ac8-4db7-8a1f-bb487c8725f3	10003105	1.0	confident	Phyllobacterium myrsinacearum	Bacteria
76ecabab-c82b-469b-ab69-cb2468c9cf8a	10003105	1.0	confident	Phyllobacterium myrsinacearum	Bacteria
6c409ecb-8390-405e-b45f-9665fe1b9130	10003105	1.0	confident	Phyllobacterium myrsinacearum	Bacteria
f253a45b-6150-4c61-bb4b-1ca4f0177bea	10003105	1.0	confident	Phyllobacterium myrsinacearum	Bacteria
66b2a4c2-bc7e-4826-b9c3-2e46ad8ddae8	10003105	1.0	confident	Phyllobacterium myrsinacearum	Bacteria
5854f68a-1dc7-4e68-910a-b91d86553786	10003105	1.0	confident	Phyllobacterium myrsinacearum	Bacteria
b0a63877-1a35-4c35-897d-fd15543d784c	10003105	1.0	confident	Phyllobacterium myrsinacearum	Bacteria
910dd991-b55c-42aa-ae11-4c561270a0b9	10003105	1.0	confident	Phyllobacterium myrsinacearum	Bacteria
91aaf773-118e-40ba-b84b-e81fc110660a	10003105	1.0	confident	Phyllobacterium myrsinacearum	Bacteria
a144f5f8-2317-49da-abd0-3750f98ef957	10003105	1.0	confident	Phyllobacterium myrsinacearum	Bacteria
c1e70b59-248b-4bbf-b727-3d03e1dfbca0	10003105	1.0	confident	Phyllobacterium myrsinacearum	Bacteria
e85214ec-79c9-46f7-af0a-41fa7161083b	10003105	1.0	confident	Phyllobacterium myrsinacearum	Bacteria
80c5fa7a-7aab-4a22-a64f-e464f3d6ccea	10003105	1.0	confident	Phyllobacterium myrsinacearum	Bacteria
c1217b57-ca43-413a-998e-8aac48bb562b	10003105	1.0	confident	Phyllobacterium myrsinacearum	Bacteria
2db6045d-bbb8-4c13-bc6d-8cfa76b54ea7	10003105	1.0	confident	Phyllobacterium myrsinacearum	Bacteria
2c9af387-7dd5-4449-8fc9-92af5da3c007	10003105	1.0	confident	Phyllobacterium myrsinacearum	Bacteria
441550d0-dfb2-4242-95e8-0e217d2780d8	10003105	1.0	confident	Phyllobacterium myrsinacearum	Bacteria
a819dde2-5822-4fb7-a389-945e11901ec5	10003105	1.0	confident	Phyllobacterium myrsinacearum	Bacteria
b461e20a-6e90-40a6-805b-7550a72cdd47	10003105	1.0	confident	Phyllobacterium myrsinacearum	Bacteria
f8ebc453-ee34-4371-8a0f-ea3ad08a0d8a	10003105	1.0	confident	Phyllobacterium myrsinacearum	Bacteria
d056261d-82f1-43a7-8ac8-8198fcefaf5c	10003105	1.0	confident	Phyllobacterium myrsinacearum	Bacteria
2382ee10-3119-4a68-b34c-ac36599df182	10003105	1.0	confident	Phyllobacterium myrsinacearum	Bacteria
f2d9077e-8500-490e-a0d1-e80228b71dde	10002616	1.0	confident	Laceyella sacchari	Bacteria
2938fac6-ff47-4a16-9eaa-b89a7918aeed	10003105	1.0	confident	Phyllobacterium myrsinacearum	Bacteria
878e9788-89cc-4175-aa7c-28c16f189860	10003105	1.0	confident	Phyllobacterium myrsinacearum	Bacteria
78df36d5-0f2d-402b-9e77-24c8c00430f4	10003105	1.0	confident	Phyllobacterium myrsinacearum	Bacteria
0fc60d6c-c0ec-4c86-b4c9-71a92485a103	10003105	1.0	confident	Phyllobacterium myrsinacearum	Bacteria
a441dcb9-7a68-444f-af38-592da2a8acaa	10002616	1.0	confident	Laceyella sacchari	Bacteria
51025dab-9f6e-4d2c-a9cd-6b8e3f2b19e8	10003105	1.0	confident	Phyllobacterium myrsinacearum	Bacteria
27f8ebef-068b-40a4-8c73-2404b46f563d	10003105	1.0	confident	Phyllobacterium myrsinacearum	Bacteria
b29f1caf-dd38-43c8-962c-3a718a217cd2	10003105	1.0	confident	Phyllobacterium myrsinacearum	Bacteria
9205c64e-1581-4702-892e-f5e8dc22f20a	10003105	1.0	confident	Phyllobacterium myrsinacearum	Bacteria
c14c1818-3fc8-44ec-91fe-4cbae51dc350	10003105	1.0	confident	Phyllobacterium myrsinacearum	Bacteria
d1ff26d2-6ed9-42d1-8302-7b2086fd9c59	10003105	1.0	confident	Phyllobacterium myrsinacearum	Bacteria
05ed56d2-b553-49f3-babc-b47284e910e3	10003105	1.0	confident	Phyllobacterium myrsinacearum	Bacteria
cb3fbec7-acdd-4be5-9ec5-6ad162b78d27	10003105	1.0	confident	Phyllobacterium myrsinacearum	Bacteria
0d82914a-0393-4dcc-bc23-99b3c99b5137	10003105	1.0	confident	Phyllobacterium myrsinacearum	Bacteria
6625df4b-dae9-4289-a1ad-19c4147584b0	10003105	1.0	confident	Phyllobacterium myrsinacearum	Bacteria
7ca1a50a-0904-4b07-b34b-7a19beeaf60b	10003105	1.0	confident	Phyllobacterium myrsinacearum	Bacteria
1f62a2cf-fc77-4d03-ba1e-95c0c6a04bc6	10003105	1.0	confident	Phyllobacterium myrsinacearum	Bacteria
aa070add-082b-4459-af3a-20589971a0e9	10003105	1.0	confident	Phyllobacterium myrsinacearum	Bacteria
e302793a-b087-427f-a24f-99927ee9844e	10003105	1.0	confident	Phyllobacterium myrsinacearum	Bacteria
e51d4183-f5ef-4a47-9f60-eab4dbc29cb1	10003105	1.0	confident	Phyllobacterium myrsinacearum	Bacteria
cda867b7-5f5a-457a-8c04-1176a7dfe461	10003105	1.0	confident	Phyllobacterium myrsinacearum	Bacteria
c35c164d-0b41-462d-8492-82b33ddb8808	10003105	1.0	confident	Phyllobacterium myrsinacearum	Bacteria
e08e5963-f599-4b5d-a0ff-f8d7ab78e1a7	10003105	1.0	confident	Phyllobacterium myrsinacearum	Bacteria
1faae6b1-d9ad-4532-b62b-569b7d4c6fd0	10003105	1.0	confident	Phyllobacterium myrsinacearum	Bacteria
df33bd73-a8a5-4c2b-a2ae-647253a09341	10003105	1.0	confident	Phyllobacterium myrsinacearum	Bacteria
6047af60-6323-4b15-ac75-0c6355dd1f23	10003105	1.0	confident	Phyllobacterium myrsinacearum	Bacteria
a629fae7-c351-4b76-809b-4b7cd7060d3d	10003574	1.0	confident	Acinetobacter johnsonii	Bacteria
2a7d599c-4e64-4b63-948e-ae8ee6e43940	10003574	1.0	confident	Acinetobacter johnsonii	Bacteria
734dde92-eeb7-40cf-a415-73a87f8f9603	10003574	1.0	confident	Acinetobacter johnsonii	Bacteria
86bbc21c-e13a-4c97-9b7c-505ac8fb0769	10003574	1.0	confident	Acinetobacter johnsonii	Bacteria
697d9b6a-3859-46ab-b8fe-464e0a5f030a	10003574	1.0	confident	Acinetobacter johnsonii	Bacteria
b48840c1-c468-486a-8a0f-9f3f7fc57a3d	10003574	1.0	confident	Acinetobacter johnsonii	Bacteria
e3c9f971-c32e-4cc8-80b2-fabd8f25a9e4	10003574	1.0	confident	Acinetobacter johnsonii	Bacteria
018206bd-80c7-4ed8-b534-a89ffbab7368	10003574	1.0	confident	Acinetobacter johnsonii	Bacteria
42555b2c-925e-4f29-bb84-298c462e1e93	10003574	1.0	confident	Acinetobacter johnsonii	Bacteria
8c0cfdbb-51c5-4ed3-b3a8-72c768d59c43	10003574	1.0	confident	Acinetobacter johnsonii	Bacteria
a0e55abf-27ba-4b90-b660-33c8696f5766	10003574	1.0	confident	Acinetobacter johnsonii	Bacteria
57e69547-68e0-4efe-8a85-f924e4896949	10003574	1.0	confident	Acinetobacter johnsonii	Bacteria
f503c9e5-b04f-40a5-9869-01c3db0212ca	10003574	1.0	confident	Acinetobacter johnsonii	Bacteria
0551318b-c704-4b4d-8e54-ffe17262799f	10003574	1.0	confident	Acinetobacter johnsonii	Bacteria
8731ef5e-cd33-4b21-8f84-e4b8aff9ba40	10003574	1.0	confident	Acinetobacter johnsonii	Bacteria
a7009c2f-10d1-4873-95be-38db4bf9aef6	10003574	1.0	confident	Acinetobacter johnsonii	Bacteria
540994db-c27c-4850-863f-0c563c98068b	10003574	1.0	confident	Acinetobacter johnsonii	Bacteria
defb1670-e1fb-4015-8554-f39ec25b034c	10003574	1.0	confident	Acinetobacter johnsonii	Bacteria
772932c2-fc48-4d0a-b214-0da837ff842e	10003574	1.0	confident	Acinetobacter johnsonii	Bacteria
ff3f32bb-5af8-481b-8cdc-2d2cfed0c623	10003574	1.0	confident	Acinetobacter johnsonii	Bacteria
4e6ef246-8f5d-4cc6-8711-1d9f13c657d7	10003574	1.0	confident	Acinetobacter johnsonii	Bacteria
740cb5e5-d6d5-45a3-80ed-d41b96e08678	10003574	1.0	confident	Acinetobacter johnsonii	Bacteria
719b4b6c-1616-418c-8e55-524fad0a197e	10003574	1.0	confident	Acinetobacter johnsonii	Bacteria
32953259-8c65-49af-93e5-3b1915c4ba3f	10003574	1.0	confident	Acinetobacter johnsonii	Bacteria
044486e5-6763-420c-a6a0-d5cadca8b7f2	10003574	1.0	confident	Acinetobacter johnsonii	Bacteria
8edda08b-49ec-496b-8725-89ddba9b2d77	10003574	1.0	confident	Acinetobacter johnsonii	Bacteria
0448a8d9-443b-4d9e-903b-764d6fb30206	10003574	1.0	confident	Acinetobacter johnsonii	Bacteria
7233bf60-1d20-4938-be6e-a64a68433006	10003574	1.0	confident	Acinetobacter johnsonii	Bacteria
fd80c131-8f5c-4297-b2d2-cb8fbc46bc45	10003574	1.0	confident	Acinetobacter johnsonii	Bacteria
eeac288a-b2af-4b31-af2a-a28b49c98242	10003574	1.0	confident	Acinetobacter johnsonii	Bacteria
55688b40-3558-419d-b1e8-8878fe92b6d8	10003574	1.0	confident	Acinetobacter johnsonii	Bacteria
6f1b525a-02e1-436b-ba0d-ee14a7a63523	10003574	1.0	confident	Acinetobacter johnsonii	Bacteria
15389c97-334b-444e-b9d9-0ea42edf7f76	10003574	1.0	confident	Acinetobacter johnsonii	Bacteria
cd0d29b0-be9f-4382-823a-91d30c7b974b	10003574	1.0	confident	Acinetobacter johnsonii	Bacteria
73257ea3-f338-4b3f-896b-a56458719be4	10003574	1.0	confident	Acinetobacter johnsonii	Bacteria
a75ebcd9-0891-4653-b0d8-e01fae64c97c	10003574	1.0	confident	Acinetobacter johnsonii	Bacteria
5f3d81e8-6e6e-4288-a343-d5dfa80618dc	10003574	1.0	confident	Acinetobacter johnsonii	Bacteria
d4d75a4d-e043-4c8e-82a1-9c50c927063f	10003574	1.0	confident	Acinetobacter johnsonii	Bacteria
4f1ee4b7-7b8d-4dee-a776-6250f788361b	10003574	1.0	confident	Acinetobacter johnsonii	Bacteria
2570e32c-4818-42bf-ba5b-1ec9beee69d2	10003574	1.0	confident	Acinetobacter johnsonii	Bacteria
22869dc4-b517-4ca8-b478-bbefbaa946ed	10003574	1.0	confident	Acinetobacter johnsonii	Bacteria
4767fe02-87d4-4430-837e-325b61477bbd	10003574	1.0	confident	Acinetobacter johnsonii	Bacteria
9a7c28fd-506d-424a-879d-680651ad2609	10003574	1.0	confident	Acinetobacter johnsonii	Bacteria
88d5df48-166c-44be-8c82-b1b993569a3b	10003574	1.0	confident	Acinetobacter johnsonii	Bacteria
2fb4b365-74df-4e70-81e8-02e278408cbd	10003574	1.0	confident	Acinetobacter johnsonii	Bacteria
1b1b090b-7918-4ba4-937e-bc304d5c5765	10003574	1.0	confident	Acinetobacter johnsonii	Bacteria
92b44320-d4b2-40ce-b61d-935312480787	10003574	1.0	confident	Acinetobacter johnsonii	Bacteria
ad0c3a41-0748-4745-b063-f7fe5039fa44	10003574	1.0	confident	Acinetobacter johnsonii	Bacteria
60780022-2286-45b5-80f2-f03ea85773a1	10003574	1.0	confident	Acinetobacter johnsonii	Bacteria
a35a1ae6-bc79-4a1e-81dc-17724cdb551e	10003574	1.0	confident	Acinetobacter johnsonii	Bacteria
95848cd2-05ac-41d5-8830-2dd5e7bc4651	10003574	1.0	confident	Acinetobacter johnsonii	Bacteria
967a81d7-053f-44be-8f42-4883a331e33f	10003574	1.0	confident	Acinetobacter johnsonii	Bacteria
0a7f16ef-a830-4b49-a3f3-a6dd69533285	10003574	1.0	confident	Acinetobacter johnsonii	Bacteria
88a77952-d0e3-45c8-a7be-fb9fb34b11f1	10003574	1.0	confident	Acinetobacter johnsonii	Bacteria
31b727bc-4e22-49d3-a267-369fc3b5c563	10003574	1.0	confident	Acinetobacter johnsonii	Bacteria
8bb1993a-d1d5-43d1-9c6d-2aed92ecadf3	10003574	1.0	confident	Acinetobacter johnsonii	Bacteria
c0aa7fd2-800e-48ac-9faa-9fda729c82c7	10003574	1.0	confident	Acinetobacter johnsonii	Bacteria
f310a596-5ad7-4488-9c4e-a3a879f3d036	10003574	1.0	confident	Acinetobacter johnsonii	Bacteria
22038df9-89ec-4bfc-8e5f-3389256a270c	10003574	1.0	confident	Acinetobacter johnsonii	Bacteria
8684de6c-5d60-4620-910b-3d06bae3399a	10003574	1.0	confident	Acinetobacter johnsonii	Bacteria
75f3bcf7-24ef-40fb-ad14-40d643e19192	10003574	1.0	confident	Acinetobacter johnsonii	Bacteria
27cd98c3-aa22-405c-b4e8-55dfc043e201	10003574	1.0	confident	Acinetobacter johnsonii	Bacteria
061e0db6-195f-483d-8699-869856cfd76c	10003574	1.0	confident	Acinetobacter johnsonii	Bacteria
6e8703aa-29d1-4b02-a38d-2ecafe782da0	10003574	1.0	confident	Acinetobacter johnsonii	Bacteria
9c82019b-67d4-41a3-a180-4a84dfef35f5	10003574	1.0	confident	Acinetobacter johnsonii	Bacteria
9c806e03-347f-4389-ae69-4a38dd44907d	10003574	1.0	confident	Acinetobacter johnsonii	Bacteria
d5fcc378-0d4a-47a9-82df-699e6011cad2	10003574	1.0	confident	Acinetobacter johnsonii	Bacteria
40e8326c-bab3-479f-bff7-1313b025fb8e	10003574	1.0	confident	Acinetobacter johnsonii	Bacteria
610cfc9f-6206-405f-a7a4-f9dcd7885918	10003574	1.0	confident	Acinetobacter johnsonii	Bacteria
131b4e59-78a7-4188-9990-9c8fe49185e6	10003574	1.0	confident	Acinetobacter johnsonii	Bacteria
d38577b1-dbc6-4e53-a82e-e6613a114408	10003574	1.0	confident	Acinetobacter johnsonii	Bacteria
2f113879-2b8d-4e16-9689-74c86f470e46	10003574	1.0	confident	Acinetobacter johnsonii	Bacteria
ae2dee46-aa33-45a6-9b90-556be2e93123	10003574	1.0	confident	Acinetobacter johnsonii	Bacteria
dda249b8-08be-4f5e-b96a-15761a434d53	10003574	1.0	confident	Acinetobacter johnsonii	Bacteria
a2e82c34-8b74-4c44-ae82-e621e9471743	10003574	1.0	confident	Acinetobacter johnsonii	Bacteria
bf5fb39f-df09-4ff3-a66b-aaadb8aff5f5	10003574	1.0	confident	Acinetobacter johnsonii	Bacteria
cf715bbc-5e54-4979-8867-402eb2b2f6c0	10003574	1.0	confident	Acinetobacter johnsonii	Bacteria
4e4345d3-0a5b-4e4e-a67b-1db11cf364cc	10003574	1.0	confident	Acinetobacter johnsonii	Bacteria
dabf93f6-6300-43c0-8feb-577733775148	10003574	1.0	confident	Acinetobacter johnsonii	Bacteria
976dd767-c29c-4f3d-af5b-d41606b3fedf	10003574	1.0	confident	Acinetobacter johnsonii	Bacteria
cbb1112d-a09c-4702-97da-402499ef36d8	10003574	1.0	confident	Acinetobacter johnsonii	Bacteria
f1055ba9-d13c-4d56-84cb-7567a5afa2d8	10003574	1.0	confident	Acinetobacter johnsonii	Bacteria
68cdbf8b-cf88-4a15-9d7e-1a4d21bbe264	10003574	1.0	confident	Acinetobacter johnsonii	Bacteria
e4809c69-0ae7-458d-ba82-e1bf6e54fc2c	10003574	1.0	confident	Acinetobacter johnsonii	Bacteria
11fdd216-480e-430e-b761-dbb2a999323c	10003574	1.0	confident	Acinetobacter johnsonii	Bacteria
a6662d27-81e5-4692-9e04-8e0aa60c9972	10003574	1.0	confident	Acinetobacter johnsonii	Bacteria
c5c138df-cba8-40ea-b70e-8503587b4066	10003574	1.0	confident	Acinetobacter johnsonii	Bacteria
0648cdd8-57c4-4b27-8894-67627644a6c6	10003574	1.0	confident	Acinetobacter johnsonii	Bacteria
2e1dbe43-432e-4653-a357-894a18ee3bd8	10003574	1.0	confident	Acinetobacter johnsonii	Bacteria
b95e34cd-6c23-4809-862c-1d669fc14425	10003574	1.0	confident	Acinetobacter johnsonii	Bacteria
2e5a0558-c32a-4f6a-8e5e-86f832bbcf11	10003574	1.0	confident	Acinetobacter johnsonii	Bacteria
89eb5fa4-f756-4551-862b-4e292dadd16a	10003574	1.0	confident	Acinetobacter johnsonii	Bacteria
38f028b9-47c8-44b9-93b3-1da4987f30e2	10003574	1.0	confident	Acinetobacter johnsonii	Bacteria
e1f636c3-b744-4e22-bc5e-bf45ed065ac8	10003574	1.0	confident	Acinetobacter johnsonii	Bacteria
8c530dfa-862a-4941-822a-95b9e2aa20ac	10003574	1.0	confident	Acinetobacter johnsonii	Bacteria
e17b7f86-a3a1-41c6-bced-d74cca6f3729	10003574	1.0	confident	Acinetobacter johnsonii	Bacteria
6bae863e-d10c-4dc4-8fa1-f563e4b177a7	10003574	1.0	confident	Acinetobacter johnsonii	Bacteria
093089d5-3fe8-4911-9f55-e11450eac80b	10003574	1.0	confident	Acinetobacter johnsonii	Bacteria
1dfb992a-c77f-4b6c-b741-08eb8116c7fa	10003574	1.0	confident	Acinetobacter johnsonii	Bacteria
629a4524-7a78-4c9f-894f-db0068950cda	10003574	1.0	confident	Acinetobacter johnsonii	Bacteria
4ac8dc29-7318-4fae-ac49-dd8762b6e46c	10003574	1.0	confident	Acinetobacter johnsonii	Bacteria
67863568-1e8d-4da4-a989-2d24facb526a	280333	0.5	medium	Bradyrhizobium pachyrhizi	Bacteria
3d95d899-85ee-4637-8ecd-6a3ef8e075a0	280333	0.5	medium	Bradyrhizobium pachyrhizi	Bacteria
36249e84-a108-4883-b24f-1c667a19c60e	280333	0.5	medium	Bradyrhizobium pachyrhizi	Bacteria
56ef20fd-ef8f-4435-a956-a3eb8ae459c8	280333	0.5	medium	Bradyrhizobium pachyrhizi	Bacteria
8258eb60-71f9-450b-8dd1-5c8b36cc85f2	280333	0.5	medium	Bradyrhizobium pachyrhizi	Bacteria
2d0816de-9b31-4ea4-b682-ef84c8f9bd03	280333	0.5	medium	Bradyrhizobium pachyrhizi	Bacteria
eac063f0-37c9-4f34-9a54-25db40ed8e1a	280333	0.5	medium	Bradyrhizobium pachyrhizi	Bacteria
35b6b1d7-e4a3-486a-aaa6-58b296017632	280333	0.5	medium	Bradyrhizobium pachyrhizi	Bacteria
0a2ef8d6-f411-4879-9d8e-882ddfffacd8	280333	0.5	medium	Bradyrhizobium pachyrhizi	Bacteria
fde18b27-1f3a-493a-8e8c-5d998b876080	280333	0.5	medium	Bradyrhizobium pachyrhizi	Bacteria
b809bead-501e-41af-a5da-f98bd7888246	280333	0.5	medium	Bradyrhizobium pachyrhizi	Bacteria
1648b583-5159-49e8-beb4-e6cab0db2686	280333	0.5	medium	Bradyrhizobium pachyrhizi	Bacteria
0701567f-8373-4d03-b0e3-af53089ba1d5	280333	0.5	medium	Bradyrhizobium pachyrhizi	Bacteria
ca010e5f-ad77-43e4-8b3e-75481a50fb0e	280333	0.5	medium	Bradyrhizobium pachyrhizi	Bacteria
85c3bf1e-b71a-49b3-9a5e-30242cf29bff	280333	0.5	medium	Bradyrhizobium pachyrhizi	Bacteria
b2324a29-2bf9-49b2-b941-51bb1b5d3e73	280333	0.5	medium	Bradyrhizobium pachyrhizi	Bacteria
b95a7027-001d-4a19-a2cb-cf18e134f94a	280333	0.5	medium	Bradyrhizobium pachyrhizi	Bacteria
6f428c0d-74d3-4280-9175-684318558303	280333	0.5	medium	Bradyrhizobium pachyrhizi	Bacteria
9adcaff1-e1eb-4ebc-9ba9-581688c3ad80	280333	0.5	medium	Bradyrhizobium pachyrhizi	Bacteria
42d9995d-302b-43e1-b6a9-c859919aec31	280333	0.5	medium	Bradyrhizobium pachyrhizi	Bacteria
0aabdece-7e12-48b1-abe3-5248386a6713	280333	0.5	medium	Bradyrhizobium pachyrhizi	Bacteria
620dffd8-d54c-4a9a-a297-88631010983c	280333	0.5	medium	Bradyrhizobium pachyrhizi	Bacteria
675c7ebd-6c8c-4c10-89a0-366b681793a0	280333	0.5	medium	Bradyrhizobium pachyrhizi	Bacteria
21b387f8-49a5-400a-8580-c3ecc5b090f3	280333	0.5	medium	Bradyrhizobium pachyrhizi	Bacteria
df7ef12a-f1a0-4d4f-8d7d-2d102a8491b9	280333	0.5	medium	Bradyrhizobium pachyrhizi	Bacteria
91ace0d1-d9f0-4dfe-ab52-fb1daaaacea8	280333	0.5	medium	Bradyrhizobium pachyrhizi	Bacteria
e3d6d1b6-a20f-44d8-8450-12889fb453c1	280333	0.5	medium	Bradyrhizobium pachyrhizi	Bacteria
df69d097-6b71-4006-be86-9dc2bbcb1c54	280333	0.5	medium	Bradyrhizobium pachyrhizi	Bacteria
1e6be03a-9585-425e-a497-adfc0ddb039d	280333	0.5	medium	Bradyrhizobium pachyrhizi	Bacteria
90167762-a783-48e9-bb28-c193e3667c65	280333	0.5	medium	Bradyrhizobium pachyrhizi	Bacteria
5565bf2b-94c5-4ec9-bc7b-98f39bf798f6	280333	0.5	medium	Bradyrhizobium pachyrhizi	Bacteria
fbb83254-c22a-4e92-9d44-fa63e9edc2e4	280333	0.5	medium	Bradyrhizobium pachyrhizi	Bacteria
ba56b9e7-7ac2-4898-be6c-3ae5a28323ff	280333	0.5	medium	Bradyrhizobium pachyrhizi	Bacteria
d111582f-66af-4b11-9934-fcdfabf7746c	280333	0.5	medium	Bradyrhizobium pachyrhizi	Bacteria
d752180a-b3b3-45ba-bbc9-66dde3b43b2d	280333	0.5	medium	Bradyrhizobium pachyrhizi	Bacteria
0d0a8619-dcb7-41ff-8fc2-8af105adb6c2	280333	0.5	medium	Bradyrhizobium pachyrhizi	Bacteria
19561950-3d54-436b-a45f-578b28729b3d	280333	0.5	medium	Bradyrhizobium pachyrhizi	Bacteria
ad266128-6b07-46ef-a0c1-10afaaa7fa81	280333	0.5	medium	Bradyrhizobium pachyrhizi	Bacteria
ca197c61-20cf-4e92-9e7e-99dcd066e357	280333	0.5	medium	Bradyrhizobium pachyrhizi	Bacteria
97457aa4-91b8-4e2d-adaa-1357a32e867f	280333	0.5	medium	Bradyrhizobium pachyrhizi	Bacteria
8ddac859-95d6-4467-b4bf-7ad3c45e47e9	280333	0.5	medium	Bradyrhizobium pachyrhizi	Bacteria
ccd8b7a0-85b3-47e0-b8a4-54dcc22ef276	280333	0.5	medium	Bradyrhizobium pachyrhizi	Bacteria
5098d58f-d358-4736-a92f-bb7aa9743fbc	280333	0.5	medium	Bradyrhizobium pachyrhizi	Bacteria
39d9aa78-3a2f-4d3b-8e2d-eb35ac29e25c	280333	0.5	medium	Bradyrhizobium pachyrhizi	Bacteria
87572fb5-e4d0-40da-98d2-165112abb7d8	280333	0.5	medium	Bradyrhizobium pachyrhizi	Bacteria
c0011856-dd39-4734-b945-ee30c18a25e8	280333	0.5	medium	Bradyrhizobium pachyrhizi	Bacteria
9d4a3563-9333-4c82-b45d-eed6ea0d0fc0	528191	0.9999568149283956	high	Paenibacillus xylanexedens	Bacteria
0891b79b-72cd-43b6-a1a7-b0a2bbe1bc2d	528191	0.9999568163814848	high	Paenibacillus xylanexedens	Bacteria
2dd90455-5116-4a12-aa92-ab16ce188ae6	528191	0.65175842298901	medium	Paenibacillus xylanexedens	Bacteria
911c847f-4a3c-4d6c-8db2-a78f0a5b1159	528191	0.9999568163814848	high	Paenibacillus xylanexedens	Bacteria
39bdf5af-a63c-4139-b14e-da0fea495ce8	528191	0.9998476455491686	high	Paenibacillus xylanexedens	Bacteria
4ee26b57-064f-4755-aec5-e340b305d198	528191	0.651567910099226	medium	Paenibacillus xylanexedens	Bacteria
6dddfd2b-9b7d-457e-811b-180031fd6011	528191	0.9999568149283956	high	Paenibacillus xylanexedens	Bacteria
bebc7ed7-082f-4873-b08f-ef9f85179a78	528191	0.9999568149283956	high	Paenibacillus xylanexedens	Bacteria
05c97e56-64f5-47b4-a787-fab1bc72e69a	528191	0.651184261790785	medium	Paenibacillus xylanexedens	Bacteria
36018e41-02b8-4495-a011-34afc01f2c05	528191	0.6513752675869049	medium	Paenibacillus xylanexedens	Bacteria
9787fc66-89fd-415f-9af9-080b3d6e0833	528191	0.9999568130000192	high	Paenibacillus xylanexedens	Bacteria
341bc5c6-844f-4487-8f8b-0576acd36188	528191	0.9999568163814848	high	Paenibacillus xylanexedens	Bacteria
cb827a1e-3534-4e49-9316-d45b429b2941	528191	0.9999568154121082	high	Paenibacillus xylanexedens	Bacteria
1d6caca5-fe30-47f1-a659-87c81eb83ff5	528191	0.6513444808647034	medium	Paenibacillus xylanexedens	Bacteria
bc551864-ed17-4287-b37a-6154b1754d41	528191	0.9999568158964708	high	Paenibacillus xylanexedens	Bacteria
d30fa420-0ce4-40f0-8fe9-4a2bb0c6dfdf	528191	0.9999568149283956	high	Paenibacillus xylanexedens	Bacteria
52882bfe-c243-4579-b37e-3b4820c4c750	528191	0.9999568435772356	high	Paenibacillus xylanexedens	Bacteria
ec4de93c-9f7c-4196-b7e3-2461db180463	528191	0.9999568149283956	high	Paenibacillus xylanexedens	Bacteria
4488cefa-8793-4b51-872f-37f208a5c3fc	528191	0.9999568158964708	high	Paenibacillus xylanexedens	Bacteria
44726b58-fb1b-4480-803b-6107ce5e12ac	528191	0.7779595147747693	medium	Paenibacillus xylanexedens	Bacteria
a0d37f5d-b054-48d4-a2ea-10e427bc4165	528191	0.6517594653164424	medium	Paenibacillus xylanexedens	Bacteria
8b1caaa0-10a2-4229-811f-431a7cf976af	528191	0.9999568163814848	high	Paenibacillus xylanexedens	Bacteria
c14b8e33-d95b-4c14-a932-c5f935d6ac22	528191	0.9999565767703372	high	Paenibacillus xylanexedens	Bacteria
0de3faa4-b99d-43f5-9560-6bbfab65a506	528191	0.9999568154121082	high	Paenibacillus xylanexedens	Bacteria
dd0f9518-4030-41ac-8eb6-e2f13aa72ad9	528191	0.6511790531599686	medium	Paenibacillus xylanexedens	Bacteria
6f1cb092-252f-4c26-8ebe-d1cc48fab6dc	528191	0.9993442728963988	high	Paenibacillus xylanexedens	Bacteria
89fbc972-6972-4114-a382-44ea43b215f7	528191	0.9999568154121082	high	Paenibacillus xylanexedens	Bacteria
86d1db20-4f32-413f-9d36-934921e6dd46	528191	0.8678946037456832	high	Paenibacillus xylanexedens	Bacteria
6e00d5e4-79bf-48f5-a1f5-0b356469981f	528191	0.9999568144453316	high	Paenibacillus xylanexedens	Bacteria
5f2ef4b5-b46b-456c-95af-975baaf8806b	528191	0.9999568163814848	high	Paenibacillus xylanexedens	Bacteria
e755b385-9883-47c6-8c86-a0f16924dc16	528191	0.9999568144453316	high	Paenibacillus xylanexedens	Bacteria
f3eaf5d6-653d-404b-8d1f-8a79360084d5	528191	0.9999568158964708	high	Paenibacillus xylanexedens	Bacteria
97054e35-7c82-4e1f-9aca-b9834ff0ceaa	528191	0.6513721389885658	medium	Paenibacillus xylanexedens	Bacteria
fce74006-5048-4e0b-9c43-d0bcc8eaa1f6	528191	0.9999568163814848	high	Paenibacillus xylanexedens	Bacteria
3b81964b-32f3-4d08-8750-7cb0395db11a	528191	0.9999568139629152	high	Paenibacillus xylanexedens	Bacteria
81832991-83f8-4a25-b130-b5c1cfdb70ca	528191	0.6513778554429851	medium	Paenibacillus xylanexedens	Bacteria
79bf5f97-a8fc-4292-bc21-1b49399cddb4	528191	0.9998476403569718	high	Paenibacillus xylanexedens	Bacteria
d5e55aa5-ee4e-4325-83c0-d4cdaa1e27ce	528191	0.6511803606108069	medium	Paenibacillus xylanexedens	Bacteria
41a0e666-9b9c-44cf-ad44-b23f1e092a2d	528191	0.651179707328576	medium	Paenibacillus xylanexedens	Bacteria
2b5d9434-fa28-4c1c-ab80-f3d36ecfda05	528191	0.999956571945382	high	Paenibacillus xylanexedens	Bacteria
ab8e71e1-a9aa-4a5e-886e-e2acf2caf5b8	528191	0.9999568154121082	high	Paenibacillus xylanexedens	Bacteria
771aee36-6c8c-4440-b11f-e2a6fdc144c2	528191	0.6511790531599682	medium	Paenibacillus xylanexedens	Bacteria
e32dec55-70de-4f5d-8a90-9632650a8be0	528191	0.9999565761213824	high	Paenibacillus xylanexedens	Bacteria
fbc56d8c-ad83-4356-bda9-287ba859e67c	528191	0.6517586841002835	medium	Paenibacillus xylanexedens	Bacteria
992b8719-f932-4154-a75c-75614fad799d	528191	0.6511803606108078	medium	Paenibacillus xylanexedens	Bacteria
a713668e-cb54-4766-90fa-edef03cf33d7	528191	0.6517592052632825	medium	Paenibacillus xylanexedens	Bacteria
83211455-e375-4539-87f2-c932d120652e	528191	0.9999568163814848	high	Paenibacillus xylanexedens	Bacteria
aba9604c-c37b-4f5b-bcd6-1856e5d26a15	528191	0.9999568163814848	high	Paenibacillus xylanexedens	Bacteria
50b4d120-ee18-4299-99d8-cc1e4e9aa6b3	528191	0.9999568158964708	high	Paenibacillus xylanexedens	Bacteria
bc8ddfb9-078f-4baa-bae2-c11ebc4cd41f	528191	0.6517589448581357	medium	Paenibacillus xylanexedens	Bacteria
ebca6b2b-4e11-4759-b48f-f91a604c18ae	528191	0.6517581615235952	medium	Paenibacillus xylanexedens	Bacteria
ccc6b3ad-8c6d-4820-868a-44da0fb207df	528191	0.9862611570604316	high	Paenibacillus xylanexedens	Bacteria
1e87dc9d-d7c3-4e0e-8a78-e1a57adf883b	528191	0.9999568139629152	high	Paenibacillus xylanexedens	Bacteria
94424fde-58ba-47e6-a0b0-02aac7c1a04f	528191	0.9999568154121082	high	Paenibacillus xylanexedens	Bacteria
a3292b98-8d04-4552-bfe3-20a86cf37a35	528191	0.9999971265262696	high	Paenibacillus xylanexedens	Bacteria
406b2076-a4c6-4738-975f-9238932bc3bc	528191	0.9999568163814848	high	Paenibacillus xylanexedens	Bacteria
e2f1bd6c-b9bd-44c1-b562-103166e3d9ed	528191	0.651761275892515	medium	Paenibacillus xylanexedens	Bacteria
e7a9d63d-d0aa-4fd8-af8c-d695bc32e10f	528191	0.9999568144453316	high	Paenibacillus xylanexedens	Bacteria
53f6216b-9788-47d9-a4f7-d8896ef03711	528191	0.9999568149283956	high	Paenibacillus xylanexedens	Bacteria
27023414-9b64-4cb7-847e-2336ae8231a7	528191	0.9999569021795888	high	Paenibacillus xylanexedens	Bacteria
32fcedb4-bb47-43dc-9e38-4acba2948707	528191	0.9999568154121082	high	Paenibacillus xylanexedens	Bacteria
823a0758-3556-4d47-9c5a-88ab0e44fc43	528191	0.9999565770954706	high	Paenibacillus xylanexedens	Bacteria
a7362654-390a-4174-a19b-d61aec9a9b18	528191	0.9999569027876144	high	Paenibacillus xylanexedens	Bacteria
849b0903-448e-47a8-9d0b-8bb7ce4d8be5	528191	0.6517592052632841	medium	Paenibacillus xylanexedens	Bacteria
c4bc4a3c-9ebd-43b5-9c51-05a54d51895c	528191	0.999919469476018	high	Paenibacillus xylanexedens	Bacteria
a077bb6e-6e21-44f2-be93-53fbdaaa2fd3	528191	0.6511790531599678	medium	Paenibacillus xylanexedens	Bacteria
81e8ebda-265c-4fe2-b30a-78982cf4b040	528191	0.6511810130084634	medium	Paenibacillus xylanexedens	Bacteria
6bf691c0-3f0e-4e25-9e4a-34a246f9529b	528191	0.9999568144453316	high	Paenibacillus xylanexedens	Bacteria
adf1afac-1093-480d-961e-0cd133d1cfde	528191	0.6517128434324464	medium	Paenibacillus xylanexedens	Bacteria
cbf3fabb-d2d9-43d7-a6cb-e4ad5cb2b1f4	528191	0.6517584229890092	medium	Paenibacillus xylanexedens	Bacteria
7e43a689-fa65-477d-a9ed-5ccd4836d998	528191	0.6513742275427038	medium	Paenibacillus xylanexedens	Bacteria
0e4317a7-91b2-4d8c-9bf8-b392ceec1cf4	528191	0.9999568158964708	high	Paenibacillus xylanexedens	Bacteria
5ef66b07-4b56-4dd5-84be-9082054c2d8d	528191	0.9999568149283956	high	Paenibacillus xylanexedens	Bacteria
5275b3a9-b0c2-4596-abd1-04e1d50e388b	528191	0.9999999762531958	high	Paenibacillus xylanexedens	Bacteria
1bb7522b-4532-4c84-91a5-fa8b0aea4f19	528191	0.9999570530635626	high	Paenibacillus xylanexedens	Bacteria
59c50778-f695-4da6-afb6-5441fbfc370f	528191	0.6511803606108069	medium	Paenibacillus xylanexedens	Bacteria
820652fa-c712-4fe2-b287-b964648c3b71	528191	0.6517115325927948	medium	Paenibacillus xylanexedens	Bacteria
6e6442d4-a571-4a09-b048-f38e66c6c0d5	528191	0.9999568163814848	high	Paenibacillus xylanexedens	Bacteria
72ac44fa-3e5f-4657-b6e7-8d29dac6ec0f	528191	0.6511803606108073	medium	Paenibacillus xylanexedens	Bacteria
13e80fa1-d4e3-4c7a-bdb2-4a5be4793f1d	528191	0.9999568149283956	high	Paenibacillus xylanexedens	Bacteria
fb22bc78-9b3e-4bd7-9d88-682829ce4b66	528191	0.9999971454112544	high	Paenibacillus xylanexedens	Bacteria
bc9d8f4e-d102-4aac-8b1d-6cd2023ccbfb	528191	0.9999568163814848	high	Paenibacillus xylanexedens	Bacteria
cf9befe7-0712-42dd-bbc4-d143a739d275	528191	0.9999568158964708	high	Paenibacillus xylanexedens	Bacteria
593cec53-1874-4a7c-8f30-1264edff6e26	528191	0.9999568134811446	high	Paenibacillus xylanexedens	Bacteria
f985653d-bd5b-4354-ac1e-b608e1e65fa1	528191	0.9999568158964708	high	Paenibacillus xylanexedens	Bacteria
e3e54364-ad49-4cc2-98da-39f2da50de0e	528191	0.9999568158964708	high	Paenibacillus xylanexedens	Bacteria
675c9ecb-b6e0-4ac7-8ad8-4fab13393b0e	528191	0.6511842617907858	medium	Paenibacillus xylanexedens	Bacteria
9cc4fe02-2bae-4844-af47-fbf072a10186	528191	0.6517581615235952	medium	Paenibacillus xylanexedens	Bacteria
a4091727-0eec-46ff-8bfd-d4f8d3ce2384	528191	0.6517592052632825	medium	Paenibacillus xylanexedens	Bacteria
102d7c16-4ea3-4150-9840-e097105c297c	528191	0.999917812996407	high	Paenibacillus xylanexedens	Bacteria
11128ec6-a508-4b0d-ba87-4722535ea7f6	528191	0.9999568144453316	high	Paenibacillus xylanexedens	Bacteria
8b032e2b-1ecc-4d41-a4dd-aa94884e27f0	528191	0.9999568154121082	high	Paenibacillus xylanexedens	Bacteria
6eeada68-8a9a-454f-9587-7314a064a229	528191	0.9999568154121082	high	Paenibacillus xylanexedens	Bacteria
ed06fc50-9e1f-42a7-9606-85479a85ed3e	528191	0.9998482940558212	high	Paenibacillus xylanexedens	Bacteria
5b08078e-4ead-4b17-ba11-ca8e79862bf1	528191	0.9999568144453316	high	Paenibacillus xylanexedens	Bacteria
45779aa7-bee6-4c4d-b7ca-2a181dbc2173	2607911	0.5005793600344292	medium	Paenibacillus sp. 37	Bacteria
33cfb98a-180b-4570-92d3-472235638978	528191	0.6511810130084634	medium	Paenibacillus xylanexedens	Bacteria
24daec7b-ebfb-4dcf-82ec-7c30883e67d7	528191	0.9999568154121082	high	Paenibacillus xylanexedens	Bacteria
b489132b-3c32-4373-916a-80f5b5a87251	528191	0.9999568158964708	high	Paenibacillus xylanexedens	Bacteria
3605d360-db47-4f80-9cc9-0b1e77a8c418	528191	0.6511829649119109	medium	Paenibacillus xylanexedens	Bacteria
439c42c3-cfcb-47cf-a995-1d2761e2b445	528191	0.8678946037456828	high	Paenibacillus xylanexedens	Bacteria
abd8446c-7244-490c-b410-8c116c8f0b60	528191	0.6517661054479335	medium	Paenibacillus xylanexedens	Bacteria
29b6b06a-530c-43dc-93c2-6984a81f02cf	528191	0.9999568149283956	high	Paenibacillus xylanexedens	Bacteria
11cc9e4a-1685-45a2-bbe1-85aaf8465c31	528191	0.9999568163814848	high	Paenibacillus xylanexedens	Bacteria
08005cfb-346e-4a54-861b-c1c3f8edacf9	528191	0.6511797073285751	medium	Paenibacillus xylanexedens	Bacteria
91eba694-087f-4f9f-98f8-5e14617450b6	528191	0.6511797073285756	medium	Paenibacillus xylanexedens	Bacteria
e4777dfe-e8aa-4ed5-b5ef-4e25dbc77a25	528191	0.9999568163814848	high	Paenibacillus xylanexedens	Bacteria
236e0e7c-f17b-45e2-85fd-ce7f6cddc902	528191	0.9999568163814848	high	Paenibacillus xylanexedens	Bacteria
52db1aa4-d16a-4fa6-9a66-cb0f90d87fdd	528191	0.9999568154121082	high	Paenibacillus xylanexedens	Bacteria
11cefe66-5010-47e9-b55d-9a11bed242a8	528191	0.9999568144453316	high	Paenibacillus xylanexedens	Bacteria
af2ce5e7-42bb-4ef6-bfae-042e537bdfab	528191	0.6517581615235948	medium	Paenibacillus xylanexedens	Bacteria
41964f90-e867-44ec-b344-e693afcb1978	528191	0.6511823151572265	medium	Paenibacillus xylanexedens	Bacteria
09587ed4-331e-4a28-90ec-263395700f9d	528191	0.9999568154121082	high	Paenibacillus xylanexedens	Bacteria
9ae334bb-d274-4532-8bc2-a2f4db408048	528191	0.6517597250183229	medium	Paenibacillus xylanexedens	Bacteria
9f8f852a-e165-4fae-970f-c66305346071	528191	0.9999568163814848	high	Paenibacillus xylanexedens	Bacteria
a8f689b0-0b3d-4af0-b29c-fa4c7b1b369f	528191	0.9999568139629152	high	Paenibacillus xylanexedens	Bacteria
13d06e8f-f9c2-4b37-ba15-8200b3fe8fd1	528191	0.6517115325927948	medium	Paenibacillus xylanexedens	Bacteria
5f9f74f7-37ea-4759-9181-7ffb0da20298	528191	0.9999190601872396	high	Paenibacillus xylanexedens	Bacteria
1011a768-1f63-48b0-ba44-e862073f1579	528191	0.6511790531599682	medium	Paenibacillus xylanexedens	Bacteria
9fc0fb60-194d-4a38-83ff-52ee3777b14c	528191	0.9999568163814848	high	Paenibacillus xylanexedens	Bacteria
7b7678d1-d220-4e5b-a9ac-d84b5dc98f53	528191	0.6511797073285756	medium	Paenibacillus xylanexedens	Bacteria
e04f1fea-c123-4b2c-9e7a-7da5cd5404b2	528191	0.9999568149283956	high	Paenibacillus xylanexedens	Bacteria
a161f848-7eca-46e5-a18b-032ba7454db0	528191	0.6517581615235952	medium	Paenibacillus xylanexedens	Bacteria
153a6568-931d-41f1-ab46-46ab47f94cd2	528191	0.6511790531599682	medium	Paenibacillus xylanexedens	Bacteria
275151bb-e345-4969-8008-918da6718942	528191	0.9999568163814848	high	Paenibacillus xylanexedens	Bacteria
c7a0f0bc-516d-4789-ad5e-b9087d61685a	2607911	0.8903578043816248	high	Paenibacillus sp. 37	Bacteria
e1b967cd-9304-4e00-bf53-921fe4efa70f	528191	0.9999568158964708	high	Paenibacillus xylanexedens	Bacteria
99506137-87cd-42e6-b40b-af30f819a3b4	528191	0.9999568158964708	high	Paenibacillus xylanexedens	Bacteria
93692102-c7fd-4f80-9049-bdda9cf0e3fd	528191	0.9999568149283956	high	Paenibacillus xylanexedens	Bacteria
a73f8e7f-7024-41f2-8e7c-0e1b69d3f736	528191	0.6517112036364755	medium	Paenibacillus xylanexedens	Bacteria
0821dc2e-f35b-492b-b5f1-249c12bf7933	528191	0.9999568158964708	high	Paenibacillus xylanexedens	Bacteria
db2ea8a3-706b-4c2f-a2cc-fd57736fc522	528191	0.6511790531599678	medium	Paenibacillus xylanexedens	Bacteria
116d1066-f331-4727-a066-328b243d5a13	528191	0.6511816645233409	medium	Paenibacillus xylanexedens	Bacteria
433041db-403c-4a78-93c7-5e1ff075572f	528191	0.9999568163814848	high	Paenibacillus xylanexedens	Bacteria
6610395f-f718-404d-8bc0-2a0e2799ec53	528191	0.9999568168671514	high	Paenibacillus xylanexedens	Bacteria
48325a8c-f8e0-4c3d-b9d0-6de47b8cf339	528191	0.6511803606108069	medium	Paenibacillus xylanexedens	Bacteria
62ec6546-b10f-44e5-9981-8a23bafd1e03	528191	0.9997156642049816	high	Paenibacillus xylanexedens	Bacteria
e2c1bdbe-e15c-4eb2-9f6a-4c03016860c6	528191	0.6513721389885667	medium	Paenibacillus xylanexedens	Bacteria
0bbb0262-961b-4bc6-93b7-cb8ec482af31	528191	0.9999568158964708	high	Paenibacillus xylanexedens	Bacteria
187b58ab-0c27-4cff-8433-dcf74f72a4bf	528191	0.9999568139629152	high	Paenibacillus xylanexedens	Bacteria
4f15ad66-a993-40b8-a97c-4ee164963b64	528191	0.9999568154121082	high	Paenibacillus xylanexedens	Bacteria
32af0fa4-8fb7-4342-a0b0-55ae0e1d06d2	1064518	1.0	confident	Noviherbaspirillum soli	Bacteria
cd25b755-fdf8-4778-898a-78d9c250ac11	1064518	1.0	confident	Noviherbaspirillum soli	Bacteria
99d37848-2aa7-487f-8911-dc46ae7dc648	1064518	1.0	confident	Noviherbaspirillum soli	Bacteria
084b7c49-1933-4398-9cfe-b74da2ab248e	1064518	1.0	confident	Noviherbaspirillum soli	Bacteria
722908b2-ef54-46be-85ac-11ec14d140a8	1064518	1.0	confident	Noviherbaspirillum soli	Bacteria
2931a35b-c334-4704-b984-e9652f880992	1064518	1.0	confident	Noviherbaspirillum soli	Bacteria
0050356b-1061-4bf3-a134-480adc2f0d10	1064518	1.0	confident	Noviherbaspirillum soli	Bacteria
b4ee9b23-f03d-4f8b-8217-7535fd2e0f35	1064518	1.0	confident	Noviherbaspirillum soli	Bacteria
2f951e00-46ef-45b5-89ad-65ba68a57f10	1064518	1.0	confident	Noviherbaspirillum soli	Bacteria
92c4f63d-1f09-45de-916b-0e4e5abb7922	1064518	1.0	confident	Noviherbaspirillum soli	Bacteria
01785edc-311b-48c2-9fff-5161be4523de	1064518	1.0	confident	Noviherbaspirillum soli	Bacteria
d6f25274-4079-437f-b735-09bf0b244f45	1064518	1.0	confident	Noviherbaspirillum soli	Bacteria
af9e6bf3-c488-4a4a-922d-5df6aad8f613	1064518	1.0	confident	Noviherbaspirillum soli	Bacteria
65e0e498-a920-40f8-ba9e-6b41028527bb	1064518	1.0	confident	Noviherbaspirillum soli	Bacteria
185a617e-2fe6-4cd1-b31f-2a07ffff3673	1064518	1.0	confident	Noviherbaspirillum soli	Bacteria
8052b718-8817-4517-90a3-a7bd34303866	1064518	1.0	confident	Noviherbaspirillum soli	Bacteria
70ec96dd-a4e2-4644-b553-310dacfa7c25	1064518	1.0	confident	Noviherbaspirillum soli	Bacteria
e11dcf9c-cad0-48d1-baaa-70d38928f14b	1064518	1.0	confident	Noviherbaspirillum soli	Bacteria
0a5bcfcc-6cdf-45d1-b5e9-f9fe55e5306d	1064518	1.0	confident	Noviherbaspirillum soli	Bacteria
d1535d24-90b1-411c-9e9b-b45b629b5abf	1064518	1.0	confident	Noviherbaspirillum soli	Bacteria
3cfab95f-bbd2-4cbf-aaee-24272a6b1324	1064518	1.0	confident	Noviherbaspirillum soli	Bacteria
bd55a45b-f5f6-4d3e-b561-45f3f36606e9	1064518	1.0	confident	Noviherbaspirillum soli	Bacteria
e0abdc61-99d2-4918-bf58-b57b3f019dbf	1064518	1.0	confident	Noviherbaspirillum soli	Bacteria
17efa4d1-dc58-46c6-a230-b3e41790b43d	1064518	1.0	confident	Noviherbaspirillum soli	Bacteria
1ecee964-a03a-4877-bae3-f429583bfb42	1064518	1.0	confident	Noviherbaspirillum soli	Bacteria
98b558d5-2414-478d-a69c-b79b0511a070	1064518	1.0	confident	Noviherbaspirillum soli	Bacteria
380bc105-5567-4a21-87f4-9934d60ba6c8	1064518	1.0	confident	Noviherbaspirillum soli	Bacteria
a81210ec-e6a8-4651-9034-f6cf63a1a58c	1064518	1.0	confident	Noviherbaspirillum soli	Bacteria
f13b21bd-0fe5-4fc1-a4fc-818a0538d264	1064518	1.0	confident	Noviherbaspirillum soli	Bacteria
fb56434c-e3c6-4e2d-af5c-7ad29b237d28	1064518	1.0	confident	Noviherbaspirillum soli	Bacteria
781f9616-d11c-42d7-a07e-2626d73de3b5	1064518	1.0	confident	Noviherbaspirillum soli	Bacteria
508f4693-d35c-493f-b2a2-12afc80dadfa	1064518	1.0	confident	Noviherbaspirillum soli	Bacteria
72d6ff53-a8ba-4174-ace5-2445540014ae	1064518	1.0	confident	Noviherbaspirillum soli	Bacteria
5f9e6b01-557e-4e94-960f-65942c9f4aa8	1064518	1.0	confident	Noviherbaspirillum soli	Bacteria
8d69156d-fc37-4356-8ab0-878ca340b07c	1064518	1.0	confident	Noviherbaspirillum soli	Bacteria
3c8b9a65-e0da-42da-976c-5f9e67135af7	1064518	1.0	confident	Noviherbaspirillum soli	Bacteria
27a34653-93ea-4e76-95b7-2bb37fc41a62	1064518	1.0	confident	Noviherbaspirillum soli	Bacteria
607aec88-f382-4d1e-aaf6-59b4d8e19640	1064518	1.0	confident	Noviherbaspirillum soli	Bacteria
a06bf259-f4db-49c3-bbb2-b37c9d889739	1064518	1.0	confident	Noviherbaspirillum soli	Bacteria
7cfeafd3-7ac3-4369-9289-ff9634a639c2	1064518	1.0	confident	Noviherbaspirillum soli	Bacteria
98838d16-b0a9-498f-a30d-42303813f734	1064518	1.0	confident	Noviherbaspirillum soli	Bacteria
be8fefd6-70e9-40c0-aeb7-57484379bc15	1064518	1.0	confident	Noviherbaspirillum soli	Bacteria
e938c5ef-9c32-47e1-8541-8da95610c1ad	1064518	1.0	confident	Noviherbaspirillum soli	Bacteria
a01aff10-c008-4b2a-9b41-f9933d6978fb	1064518	1.0	confident	Noviherbaspirillum soli	Bacteria
0063aa77-5112-42dd-9155-e39bee098cce	1064518	1.0	confident	Noviherbaspirillum soli	Bacteria
42f044a0-8b6e-42c9-a4d4-a6322644b443	1064518	1.0	confident	Noviherbaspirillum soli	Bacteria
ed2e2caf-2d26-4dd6-91df-6b9ceb21ce59	1064518	1.0	confident	Noviherbaspirillum soli	Bacteria
694da391-26c7-4924-a75a-f9e221c8efa5	1064518	1.0	confident	Noviherbaspirillum soli	Bacteria
454cc1f6-0187-4b8d-a1bd-37d9d4031970	1064518	1.0	confident	Noviherbaspirillum soli	Bacteria
c63ae3e5-f47b-46fd-8f72-9336f70c2e21	1064518	1.0	confident	Noviherbaspirillum soli	Bacteria
2270917b-d3ee-4806-bd14-5bafb02c0db3	1064518	1.0	confident	Noviherbaspirillum soli	Bacteria
11ce9178-fc96-42c1-862c-69b2f9d9ccb0	1064518	1.0	confident	Noviherbaspirillum soli	Bacteria
d8071a5b-92a9-47c8-8301-8b6b9cb6898d	1064518	1.0	confident	Noviherbaspirillum soli	Bacteria
695bd4e4-3160-4031-b3b1-26563b1eecca	1064518	1.0	confident	Noviherbaspirillum soli	Bacteria
5eb2c28a-721b-4f7c-b89f-3896931f53da	1064518	1.0	confident	Noviherbaspirillum soli	Bacteria
52007da3-2408-4679-b488-177ebe56460c	1064518	1.0	confident	Noviherbaspirillum soli	Bacteria
da1b3b8c-095f-43fa-8ca6-2e3d19ef52a5	1064518	1.0	confident	Noviherbaspirillum soli	Bacteria
4858d7a0-7abd-4381-85b8-5c5a7346f3f1	1064518	1.0	confident	Noviherbaspirillum soli	Bacteria
344298b9-8b44-4e9b-8d2f-b9491cb52876	1064518	1.0	confident	Noviherbaspirillum soli	Bacteria
817b82e5-d3f4-403d-9c09-f0d739f6da7c	1064518	1.0	confident	Noviherbaspirillum soli	Bacteria
8d9fb096-a8b1-4c16-bb53-6a1648b49ad1	1064518	1.0	confident	Noviherbaspirillum soli	Bacteria
5103b645-f801-4845-a6d6-32087e594974	1064518	1.0	confident	Noviherbaspirillum soli	Bacteria
b0862a0d-e766-4b48-a9fe-8cc790cdc55a	1064518	1.0	confident	Noviherbaspirillum soli	Bacteria
b4dd6b60-8c05-427d-a372-c16b81169245	1064518	1.0	confident	Noviherbaspirillum soli	Bacteria
aefd3ade-983d-4bf7-88df-a10042985e7e	1064518	1.0	confident	Noviherbaspirillum soli	Bacteria
51fdc765-9868-4147-a61f-4302159a238f	1064518	1.0	confident	Noviherbaspirillum soli	Bacteria
4376a303-5f94-4a25-a1d7-588f53e825ed	1064518	1.0	confident	Noviherbaspirillum soli	Bacteria
a75e5283-ee83-4414-b446-222f8058bf18	1064518	1.0	confident	Noviherbaspirillum soli	Bacteria
12f9dbf6-a7f2-4bc6-b109-402b0b49d52f	1064518	1.0	confident	Noviherbaspirillum soli	Bacteria
87dd01fb-20b5-4f72-b5e9-cb65b47eaa13	1064518	1.0	confident	Noviherbaspirillum soli	Bacteria
ea641990-468c-47a4-ae48-75e824cc5dbc	1064518	1.0	confident	Noviherbaspirillum soli	Bacteria
3cbe3a97-67ca-4e0a-8ac3-b403b39c861c	1064518	1.0	confident	Noviherbaspirillum soli	Bacteria
f57a4457-c555-498c-b120-e4dbdefbeb58	1064518	1.0	confident	Noviherbaspirillum soli	Bacteria
8ebf096a-be25-4da1-8467-7fb336cceda8	1064518	1.0	confident	Noviherbaspirillum soli	Bacteria
42e24ed7-42f8-48c8-9b55-7a4b4f62f021	1064518	1.0	confident	Noviherbaspirillum soli	Bacteria
38b30f3a-5737-4765-8865-2297f7fa84f6	1064518	1.0	confident	Noviherbaspirillum soli	Bacteria
d9fcdaba-3ef5-4d69-b2e6-394b86cc7f83	1064518	1.0	confident	Noviherbaspirillum soli	Bacteria
7b30cf98-a3c6-47d1-848d-4340e33b4ca6	1064518	1.0	confident	Noviherbaspirillum soli	Bacteria
785394fb-d3d9-4bcf-8981-026acad3706f	1064518	1.0	confident	Noviherbaspirillum soli	Bacteria
79f97314-9553-45a7-8292-4b890677f801	1064518	1.0	confident	Noviherbaspirillum soli	Bacteria
94e25b2b-f183-4270-a3da-62a2346262c8	1064518	1.0	confident	Noviherbaspirillum soli	Bacteria
f0f4d67e-dff9-4c0a-8d94-0e93cad608d4	1064518	1.0	confident	Noviherbaspirillum soli	Bacteria
4e09f24c-3dda-408e-a8a9-626d73b9297b	1064518	1.0	confident	Noviherbaspirillum soli	Bacteria
a30c78c6-96b3-4d2c-bed7-87d02ba66806	1064518	1.0	confident	Noviherbaspirillum soli	Bacteria
746d9e6d-1aa1-402d-a710-85a016e3c97b	1064518	1.0	confident	Noviherbaspirillum soli	Bacteria
0cba0817-1516-40e1-9df4-e021da5c6e32	1064518	1.0	confident	Noviherbaspirillum soli	Bacteria
01993cf1-9803-49ac-9a35-79fd764131ff	1064518	1.0	confident	Noviherbaspirillum soli	Bacteria
2a31e086-bfce-4e94-986a-1b2d75a56e0b	1064518	1.0	confident	Noviherbaspirillum soli	Bacteria
fdd7a63a-0ab6-46c9-bfe6-8072fa1c3f53	1064518	1.0	confident	Noviherbaspirillum soli	Bacteria
249c0ca4-1026-41a5-83c0-7dae78b52947	1064518	1.0	confident	Noviherbaspirillum soli	Bacteria
a71e7525-b792-4939-84bf-28dc2c50c557	1064518	1.0	confident	Noviherbaspirillum soli	Bacteria
5692b993-5fc0-4a69-b006-51272731af75	1064518	1.0	confident	Noviherbaspirillum soli	Bacteria
4197dae4-f700-480f-a5a3-6957016a95a1	1064518	1.0	confident	Noviherbaspirillum soli	Bacteria
565cad86-9bc0-4e2b-a01c-5fe01ed07e00	1064518	1.0	confident	Noviherbaspirillum soli	Bacteria
8e3d5b13-fbcf-4fdd-839b-592ec1d40792	1064518	1.0	confident	Noviherbaspirillum soli	Bacteria
40fda77f-b6a4-4ad3-9663-8ba1e9c982b5	1064518	1.0	confident	Noviherbaspirillum soli	Bacteria
d82d72cf-641a-4b54-b3f4-bac73bbfcbda	1064518	1.0	confident	Noviherbaspirillum soli	Bacteria
93efb8c2-025e-480c-a7de-4bd196c4b3e1	1064518	1.0	confident	Noviherbaspirillum soli	Bacteria
94930fd9-28f3-4535-8196-5f15d973d816	1064518	1.0	confident	Noviherbaspirillum soli	Bacteria
3e550a8e-6853-4d1b-aed8-ed01af59dc92	1064518	1.0	confident	Noviherbaspirillum soli	Bacteria
dc39e490-b7ce-41e5-a590-8f5070fd0588	1064518	1.0	confident	Noviherbaspirillum soli	Bacteria
bee162da-2bd7-43ec-9735-b9cb7693175c	1064518	1.0	confident	Noviherbaspirillum soli	Bacteria
72670967-ba53-4fc5-8916-84a0e417f831	1064518	1.0	confident	Noviherbaspirillum soli	Bacteria
e1a8a3d8-d7d6-415c-a37c-f28475e4b8f2	1064518	1.0	confident	Noviherbaspirillum soli	Bacteria
5a5410ed-035c-42a3-8195-f4982c6f61b1	1064518	1.0	confident	Noviherbaspirillum soli	Bacteria
ae37c22b-f106-4299-ab84-06767e7e177a	1064518	1.0	confident	Noviherbaspirillum soli	Bacteria
24f50d0a-2791-4d8d-bd9d-5110082d0271	1064518	1.0	confident	Noviherbaspirillum soli	Bacteria
de2b79b0-1e43-4163-97c3-3676ae4015a7	1064518	1.0	confident	Noviherbaspirillum soli	Bacteria
a7283f28-a197-4e11-b5a8-41a5a0fd67f8	1064518	1.0	confident	Noviherbaspirillum soli	Bacteria
32c94f64-3d3a-44b5-ac00-c8a11eea7a77	1064518	1.0	confident	Noviherbaspirillum soli	Bacteria
836eb359-ad36-47cc-b384-1162265d07f5	1064518	1.0	confident	Noviherbaspirillum soli	Bacteria
b9cbbb8a-ed71-4878-aea3-0695ea1bb98d	1064518	1.0	confident	Noviherbaspirillum soli	Bacteria
c86a6eba-b38d-4926-bca3-beba124cf52c	1064518	1.0	confident	Noviherbaspirillum soli	Bacteria
e8230535-9c75-4d44-b1f1-6fafb2f8a3b2	1064518	1.0	confident	Noviherbaspirillum soli	Bacteria
92d35472-e17b-4b8f-a11f-d2bbda821e71	1064518	1.0	confident	Noviherbaspirillum soli	Bacteria
478ec42b-1653-4d54-a507-8c3a45e5e74d	1064518	1.0	confident	Noviherbaspirillum soli	Bacteria
5ef1877b-ffbe-4aa5-9458-35a4dd6eaac2	1064518	1.0	confident	Noviherbaspirillum soli	Bacteria
e00733de-94ca-45fe-8bba-20bbfe12a8cd	1064518	1.0	confident	Noviherbaspirillum soli	Bacteria
1011a7c3-e769-42a1-8686-0cbf58e549a2	1064518	1.0	confident	Noviherbaspirillum soli	Bacteria
313e2e83-30d1-4016-86c6-45e2c9e009de	1064518	1.0	confident	Noviherbaspirillum soli	Bacteria
1c8a9421-418c-4fcd-8604-7c9af63b2587	1064518	1.0	confident	Noviherbaspirillum soli	Bacteria
b5ad29e5-de1f-4f07-acba-17f9c9d9b65c	1064518	1.0	confident	Noviherbaspirillum soli	Bacteria
eebd39d8-29eb-43e1-98e8-103f80d3a344	1064518	1.0	confident	Noviherbaspirillum soli	Bacteria
3316f9ca-fc5b-41fc-8875-82bee81d3efc	1064518	1.0	confident	Noviherbaspirillum soli	Bacteria
831b7f9b-833c-4a31-8261-6bcce3a8657c	1064518	1.0	confident	Noviherbaspirillum soli	Bacteria
01513092-1469-4f2f-b1c2-224fc5f35b87	1064518	1.0	confident	Noviherbaspirillum soli	Bacteria
e9acc629-e232-4376-b76a-e8b6e407dcf9	1064518	1.0	confident	Noviherbaspirillum soli	Bacteria
3e4bbd52-0fbd-4248-9ef2-6af89aedb316	1064518	1.0	confident	Noviherbaspirillum soli	Bacteria
5adbcda7-a7c5-478f-be99-9fab164828c0	1064518	1.0	confident	Noviherbaspirillum soli	Bacteria
dc688d7e-12a2-4f63-98d8-9d1d6070ecef	1064518	1.0	confident	Noviherbaspirillum soli	Bacteria
15594d3c-824a-45ec-a9d6-f625f7506874	1064518	1.0	confident	Noviherbaspirillum soli	Bacteria
84023e01-37e3-4775-b3a1-579a99c12806	1064518	1.0	confident	Noviherbaspirillum soli	Bacteria
b9bcf769-613e-4b83-a10d-68a2c95aa07f	1064518	1.0	confident	Noviherbaspirillum soli	Bacteria
191a339f-a676-4c20-9cd1-85d47289729d	1064518	1.0	confident	Noviherbaspirillum soli	Bacteria
255e762c-f531-4ae6-98dd-9e7a935e9b3b	1064518	1.0	confident	Noviherbaspirillum soli	Bacteria
f8901806-e7ae-449c-ad2d-fe86e9d4d665	1064518	1.0	confident	Noviherbaspirillum soli	Bacteria
1a46e8af-9fc1-4948-a0e4-764704ba8ecc	1064518	1.0	confident	Noviherbaspirillum soli	Bacteria
b605cb5a-623b-4e11-9a94-672f98a13866	1064518	1.0	confident	Noviherbaspirillum soli	Bacteria
0c6b33f8-2942-4fde-bbd4-916bbfbc706c	1064518	1.0	confident	Noviherbaspirillum soli	Bacteria
949e37a8-ab47-4b5e-955d-e632b66b1ad1	1064518	1.0	confident	Noviherbaspirillum soli	Bacteria
c53656fa-4b33-408f-b804-98e3e4125d2e	1064518	1.0	confident	Noviherbaspirillum soli	Bacteria
de91d9c1-5547-4353-a644-73fbbe64076b	1064518	1.0	confident	Noviherbaspirillum soli	Bacteria
f839c3f5-37b2-431a-bae0-1c3f8e228e0e	1064518	1.0	confident	Noviherbaspirillum soli	Bacteria
f7fa7ac3-8cf0-4000-8a38-15ae894436c9	1064518	1.0	confident	Noviherbaspirillum soli	Bacteria
63654584-c44e-44e7-b3fd-be875a6d069b	1064518	1.0	confident	Noviherbaspirillum soli	Bacteria
8d21d079-8240-4e0c-861a-42323d2965ba	1064518	1.0	confident	Noviherbaspirillum soli	Bacteria
706da26f-c332-4ce3-b4a2-4e2a34498da1	1064518	1.0	confident	Noviherbaspirillum soli	Bacteria
64eea6dc-7c4f-4bee-81e2-455f75bdfca7	1064518	1.0	confident	Noviherbaspirillum soli	Bacteria
0d417be0-7bc7-42b5-891d-fd625690d47c	1064518	1.0	confident	Noviherbaspirillum soli	Bacteria
b357e8f5-e10d-4e65-b7d6-dcb28289103c	1064518	1.0	confident	Noviherbaspirillum soli	Bacteria
328ccf68-9c95-4781-b4e2-eb0b1e9cbcf2	1064518	1.0	confident	Noviherbaspirillum soli	Bacteria
0beb8db8-4fa6-46f2-8f55-abd4eb3defe2	1064518	1.0	confident	Noviherbaspirillum soli	Bacteria
3407a08c-8cff-4f28-82b4-88a867b764b7	1064518	1.0	confident	Noviherbaspirillum soli	Bacteria
23c973bc-b04f-4c3a-aacf-41b4c4f56895	1064518	1.0	confident	Noviherbaspirillum soli	Bacteria
9bc8f803-765f-4210-8c0d-2ad9da53bf2f	1064518	1.0	confident	Noviherbaspirillum soli	Bacteria
1ba43799-7c69-4b85-aeb4-3157e4e94e80	1064518	1.0	confident	Noviherbaspirillum soli	Bacteria
a62314a2-8820-4681-ba3c-169f96f06774	1064518	1.0	confident	Noviherbaspirillum soli	Bacteria
8e832e9f-087d-40f6-a6e5-5002a0f4c9ed	1064518	1.0	confident	Noviherbaspirillum soli	Bacteria
23d5bb0a-d8db-4774-88b6-92c4bd2066bb	1064518	1.0	confident	Noviherbaspirillum soli	Bacteria
39d27bf0-6e54-43bb-9b2e-72a3c4a2998f	1064518	1.0	confident	Noviherbaspirillum soli	Bacteria
c7aea0ae-2d00-4a41-9d4e-0806f5df8f09	1064518	1.0	confident	Noviherbaspirillum soli	Bacteria
fc161bf7-21f9-477b-b7f4-08cd4dd573a9	1064518	1.0	confident	Noviherbaspirillum soli	Bacteria
45d8efa8-666b-4c4b-997c-1d74a98b90d3	1064518	1.0	confident	Noviherbaspirillum soli	Bacteria
18fb047f-32fe-4f5c-8326-8ccd2ecb96a7	1064518	1.0	confident	Noviherbaspirillum soli	Bacteria
dcda3a30-51f2-42cf-8bb8-e47805a8c9bd	1064518	1.0	confident	Noviherbaspirillum soli	Bacteria
d239d5ba-4eeb-43c5-852f-d73ce988c938	1064518	1.0	confident	Noviherbaspirillum soli	Bacteria
10a1042c-e577-4bfd-8ee4-c3bc9b600488	1064518	1.0	confident	Noviherbaspirillum soli	Bacteria
c3e73819-c041-424d-adab-3926b9bc4757	1064518	1.0	confident	Noviherbaspirillum soli	Bacteria
a80809ee-d544-4e47-8c46-0d9e1c95296c	1064518	1.0	confident	Noviherbaspirillum soli	Bacteria
ad043f0a-50e2-4f42-8b74-07c640f4f718	1064518	1.0	confident	Noviherbaspirillum soli	Bacteria
cb4e62c6-d73a-475d-b008-3ae7743be297	1064518	1.0	confident	Noviherbaspirillum soli	Bacteria
ceb77bfb-a4c4-4728-860a-9151536f835b	1064518	1.0	confident	Noviherbaspirillum soli	Bacteria
2b9c09a4-9106-4373-82c9-d3f67ebebcc8	1064518	1.0	confident	Noviherbaspirillum soli	Bacteria
ec50f0aa-3a1e-4904-8696-68bed962ae7a	1064518	1.0	confident	Noviherbaspirillum soli	Bacteria
389ed243-bad0-4fcb-9ec1-c09fd285304c	1064518	1.0	confident	Noviherbaspirillum soli	Bacteria
016d883a-1263-4804-a77e-35eab6a75278	1064518	1.0	confident	Noviherbaspirillum soli	Bacteria
7a577b1f-2997-4220-a501-ba0f83ead0c6	1064518	1.0	confident	Noviherbaspirillum soli	Bacteria
0aaf6877-d932-4f51-ae2d-6132425a78fd	1064518	1.0	confident	Noviherbaspirillum soli	Bacteria
f02a8a4d-af68-4d2c-bcf6-a29ca8284bcf	1064518	1.0	confident	Noviherbaspirillum soli	Bacteria
eec493b1-a6ea-44aa-b429-319d76825313	1064518	1.0	confident	Noviherbaspirillum soli	Bacteria
538a336b-f1a8-4cbe-84d1-3cf4b6b0905b	1064518	1.0	confident	Noviherbaspirillum soli	Bacteria
216ac00f-4012-4ef5-ad2c-a1878689761d	1064518	1.0	confident	Noviherbaspirillum soli	Bacteria
426e2cb2-13b3-48bd-8583-e2cb00d4e637	1064518	1.0	confident	Noviherbaspirillum soli	Bacteria
c42eeb8a-5b4a-4c20-982b-cc5bd6c2d910	1064518	1.0	confident	Noviherbaspirillum soli	Bacteria
9e2c360f-6e78-42f0-a5a6-98621c94aa3e	1064518	1.0	confident	Noviherbaspirillum soli	Bacteria
bec36cd2-2d89-4771-afa3-3496e9ba4411	1064518	1.0	confident	Noviherbaspirillum soli	Bacteria
05f6bcbf-f788-407f-813f-de9eddb17167	1064518	1.0	confident	Noviherbaspirillum soli	Bacteria
b2b949e5-3050-4b41-ae54-c0d915de9102	1064518	1.0	confident	Noviherbaspirillum soli	Bacteria
0831719c-067a-43c0-af4d-327a3e9a23e2	1064518	1.0	confident	Noviherbaspirillum soli	Bacteria
a13601ef-97af-4196-95d0-c6b3dea5d26e	1064518	1.0	confident	Noviherbaspirillum soli	Bacteria
4aac6406-0467-454a-9adc-637c6fc749ba	1064518	1.0	confident	Noviherbaspirillum soli	Bacteria
f652cd7f-689e-40c0-881c-c2e33ba198ec	1064518	1.0	confident	Noviherbaspirillum soli	Bacteria
9e0206e2-ffcc-47fb-998e-0cd40a07d737	1064518	1.0	confident	Noviherbaspirillum soli	Bacteria
4fe8aa4a-bd6c-4eaa-94ff-1ab8b71f9afd	1064518	1.0	confident	Noviherbaspirillum soli	Bacteria
2386ef7a-a8e3-425c-ba1b-1825f387835a	1064518	1.0	confident	Noviherbaspirillum soli	Bacteria
bc412608-4ed2-4f73-839f-bd3dfbcdf56c	1064518	1.0	confident	Noviherbaspirillum soli	Bacteria
674fe35c-0e49-4365-8052-fefaaf94b696	1064518	1.0	confident	Noviherbaspirillum soli	Bacteria
93448cb8-93b3-4271-90d3-5136c9eb216c	1064518	1.0	confident	Noviherbaspirillum soli	Bacteria
3b61ae8b-2cfc-434a-8907-61c794d01d74	1064518	1.0	confident	Noviherbaspirillum soli	Bacteria
c4a4a50f-7d3b-4e69-b7d0-e7a2286bac50	1064518	1.0	confident	Noviherbaspirillum soli	Bacteria
d386ca29-761c-428e-8073-c67895be000d	1064518	1.0	confident	Noviherbaspirillum soli	Bacteria
550f290f-5e45-4f39-9b37-8feaeeb03d7e	1064518	1.0	confident	Noviherbaspirillum soli	Bacteria
7f4a52af-5409-4056-9073-e971ba92a84c	1064518	1.0	confident	Noviherbaspirillum soli	Bacteria
f46835ff-3a51-4d53-8dd6-ec7634a4f751	1064518	1.0	confident	Noviherbaspirillum soli	Bacteria
8dae1449-d8f1-441b-aa3a-dc10e0eb3e9f	1064518	1.0	confident	Noviherbaspirillum soli	Bacteria
a3a659ec-afe1-4544-a141-67f4f9327a8d	1064518	1.0	confident	Noviherbaspirillum soli	Bacteria
5aa7c073-c617-4365-87a5-77a4ec233a97	1064518	1.0	confident	Noviherbaspirillum soli	Bacteria
48183e34-9854-419b-af3a-8acfbfdc61ca	1064518	1.0	confident	Noviherbaspirillum soli	Bacteria
bdcd494d-bb41-4205-baa7-249594debbc3	1064518	1.0	confident	Noviherbaspirillum soli	Bacteria
c71ab31a-ff05-45ce-9925-6aa3c504afb2	1064518	1.0	confident	Noviherbaspirillum soli	Bacteria
7ada9c1e-35ca-423e-934c-47617a600dc1	1064518	1.0	confident	Noviherbaspirillum soli	Bacteria
a9583f3d-cec8-4dc2-b72f-39d4afc2552d	1064518	1.0	confident	Noviherbaspirillum soli	Bacteria
a0ab23d9-7114-4b2d-9bba-993e616aefb2	1064518	1.0	confident	Noviherbaspirillum soli	Bacteria
bede7a9a-4432-4f42-956a-f024dc991df1	1064518	1.0	confident	Noviherbaspirillum soli	Bacteria
85956beb-b9ba-474c-b4f9-24913c00a9f8	1064518	1.0	confident	Noviherbaspirillum soli	Bacteria
7b144484-91dd-4aa4-9fdc-03f4eb4b2eac	1064518	1.0	confident	Noviherbaspirillum soli	Bacteria
99b9b9c2-08ab-4934-9cd7-c4b6738cb3cd	1064518	1.0	confident	Noviherbaspirillum soli	Bacteria
346cdb60-5c3e-4638-a7f5-a3055267a28d	1064518	1.0	confident	Noviherbaspirillum soli	Bacteria
9037127b-d57c-41e4-bcf5-d71f7e38a218	1064518	1.0	confident	Noviherbaspirillum soli	Bacteria
08c30116-1efa-494a-8374-f41ee20cda50	1064518	1.0	confident	Noviherbaspirillum soli	Bacteria
423c0c5d-98dc-4444-acf0-cdf1341fc5da	1064518	1.0	confident	Noviherbaspirillum soli	Bacteria
41156d34-286d-4fb4-a89b-80a53d71e464	1064518	1.0	confident	Noviherbaspirillum soli	Bacteria
50f10738-7d61-4b75-a148-d8c9d8ff58a2	1064518	1.0	confident	Noviherbaspirillum soli	Bacteria
bb9895bd-a827-445b-a99d-0171984d6f82	1064518	1.0	confident	Noviherbaspirillum soli	Bacteria
95d46804-0f0a-4a69-937c-de9b7798ee5c	1064518	1.0	confident	Noviherbaspirillum soli	Bacteria
63dbc3bb-2fc2-4a68-8eda-63d73d334536	1064518	1.0	confident	Noviherbaspirillum soli	Bacteria
d3c902f0-1acf-49a2-a86b-4aaa10eea206	1064518	1.0	confident	Noviherbaspirillum soli	Bacteria
2fe4ec43-539b-41fb-a69d-09d1e100fb27	1064518	1.0	confident	Noviherbaspirillum soli	Bacteria
04843e59-b532-42ad-b3d1-ad7470f1a4b8	1064518	1.0	confident	Noviherbaspirillum soli	Bacteria
77643f15-781f-4187-a9b7-e0aa1cbddf10	1064518	1.0	confident	Noviherbaspirillum soli	Bacteria
d37a473b-0af0-4f4a-af77-d0186bee55eb	1064518	1.0	confident	Noviherbaspirillum soli	Bacteria
c35ba710-32b6-44d7-b18d-6c5976845fcc	1064518	1.0	confident	Noviherbaspirillum soli	Bacteria
92808530-2545-4c0d-888d-38ce2afe6de9	1064518	1.0	confident	Noviherbaspirillum soli	Bacteria
36770f32-cd31-4c6f-81ab-9b17ba78308e	1064518	1.0	confident	Noviherbaspirillum soli	Bacteria
e8245865-b72e-413b-96bf-b05290d7b0ba	1064518	1.0	confident	Noviherbaspirillum soli	Bacteria
a3d5fcf2-0014-4c52-8eb5-358f144dacd0	1064518	1.0	confident	Noviherbaspirillum soli	Bacteria
96bb170b-e04e-485e-a506-97dfd5499ed0	1064518	1.0	confident	Noviherbaspirillum soli	Bacteria
493f6e0b-621b-4c3e-9d64-458740be343a	1064518	1.0	confident	Noviherbaspirillum soli	Bacteria
e78e483e-2183-43f4-a727-385f01858ca3	1064518	1.0	confident	Noviherbaspirillum soli	Bacteria
1acea1fe-046a-4843-97bc-0310f1c274b3	1064518	1.0	confident	Noviherbaspirillum soli	Bacteria
c3070d46-e304-44b1-9c45-5c1c740fae88	1064518	1.0	confident	Noviherbaspirillum soli	Bacteria
c34e1171-9027-43d0-bf90-8203fd55efe1	1064518	1.0	confident	Noviherbaspirillum soli	Bacteria
aae04d3b-1ad8-4a21-a19d-541e6ab61204	1064518	1.0	confident	Noviherbaspirillum soli	Bacteria
12d5c539-1545-46b7-a63f-f4dc55f294d7	1064518	1.0	confident	Noviherbaspirillum soli	Bacteria
6e52fa53-f8b6-49b1-b69c-7e6c3f6622a1	1064518	1.0	confident	Noviherbaspirillum soli	Bacteria
21590bbe-1d24-4e94-a49e-936af22f442b	1064518	1.0	confident	Noviherbaspirillum soli	Bacteria
552e650e-cf56-40a1-9e45-5a6e08868a12	1064518	1.0	confident	Noviherbaspirillum soli	Bacteria
fb673617-a2b5-4e1c-9e54-e693e06bd6b9	1064518	1.0	confident	Noviherbaspirillum soli	Bacteria
a5c59d06-8f74-4047-9cf8-2aaa1f2ef3d4	1064518	1.0	confident	Noviherbaspirillum soli	Bacteria
3750aaf5-ebaf-41ee-bad0-ecf1fc9298d2	1064518	1.0	confident	Noviherbaspirillum soli	Bacteria
60c0c8ed-bcbc-476e-a5f4-9292a72f8a9f	10002616	1.0	confident	Laceyella sacchari	Bacteria
df68c99c-14a6-44a0-b015-ab0fcce9516f	1064518	1.0	confident	Noviherbaspirillum soli	Bacteria
4c49187a-f4fc-4d14-9e82-4344330d0ed2	1064518	1.0	confident	Noviherbaspirillum soli	Bacteria
ad687453-a2db-4655-b8af-d458ddceac08	1064518	1.0	confident	Noviherbaspirillum soli	Bacteria
74617841-0c4f-4765-afe7-addcc91374f4	1064518	1.0	confident	Noviherbaspirillum soli	Bacteria
f5219673-8e27-4e7a-af06-33fda2c34d95	1064518	1.0	confident	Noviherbaspirillum soli	Bacteria
bbd9e678-7083-4a36-8042-1e3e623137c0	1064518	1.0	confident	Noviherbaspirillum soli	Bacteria
08976311-c794-45a0-8f95-8a2f4d95fa74	1064518	1.0	confident	Noviherbaspirillum soli	Bacteria
bfd093a2-77cb-468e-9c25-f9f150a7f541	1064518	1.0	confident	Noviherbaspirillum soli	Bacteria
5fd26c29-c302-42c9-97db-ae57789f5ab6	1064518	1.0	confident	Noviherbaspirillum soli	Bacteria
08b89808-2d60-4452-8028-3d327a0ddf70	1064518	1.0	confident	Noviherbaspirillum soli	Bacteria
8958520b-7868-46ff-9329-e3a2c5944446	1064518	1.0	confident	Noviherbaspirillum soli	Bacteria
c92063a2-5950-492f-8177-716baafdf9cf	1064518	1.0	confident	Noviherbaspirillum soli	Bacteria
5cf56567-69aa-4975-81db-2ce80c29551e	1064518	1.0	confident	Noviherbaspirillum soli	Bacteria
d6f04307-9238-46ab-99dd-7d4bef85d449	1064518	1.0	confident	Noviherbaspirillum soli	Bacteria
122b47ff-0e74-4765-b76a-d2bede3b6939	1064518	1.0	confident	Noviherbaspirillum soli	Bacteria
8c527570-4d4d-48a4-99c5-455b0e44bcbd	1064518	1.0	confident	Noviherbaspirillum soli	Bacteria
4f6f4570-032a-4ade-915e-212d2429223a	1064518	1.0	confident	Noviherbaspirillum soli	Bacteria
28ed2562-1a41-4012-99be-519949d2a8c1	1064518	1.0	confident	Noviherbaspirillum soli	Bacteria
5e7e4f0d-38c7-45ea-b42d-03774f6f91fa	1064518	1.0	confident	Noviherbaspirillum soli	Bacteria
cd24305a-9b02-4086-bd9d-f5aea6c610f4	1064518	1.0	confident	Noviherbaspirillum soli	Bacteria
e37dd24d-70fe-4a2a-8bb1-d43c10613829	1064518	1.0	confident	Noviherbaspirillum soli	Bacteria
68206d76-a10f-43b1-9048-5545c94df9b8	1064518	1.0	confident	Noviherbaspirillum soli	Bacteria
bc7f6348-c2d9-406e-b1da-1634879d2e5d	1064518	1.0	confident	Noviherbaspirillum soli	Bacteria
5f063496-f6bb-4f79-aca4-69c73cc30f94	1304	1.0	confident	Streptococcus salivarius	Bacteria
0754346f-99da-4fd2-8e8a-3c4dfa951d61	1304	1.0	confident	Streptococcus salivarius	Bacteria
2f270d68-60d9-43c6-8f77-a24cf6486cea	1304	1.0	confident	Streptococcus salivarius	Bacteria
6c440693-d752-4a30-9295-7d313ca4383a	1304	1.0	confident	Streptococcus salivarius	Bacteria
c1a1a5cb-56e1-4201-856d-fb9eadfe7bd3	1304	1.0	confident	Streptococcus salivarius	Bacteria
053bd521-c399-44b2-b245-24b88b124ab0	1304	1.0	confident	Streptococcus salivarius	Bacteria
f204340a-6079-42ea-ab60-ecfe170efd5e	1304	1.0	confident	Streptococcus salivarius	Bacteria
17f45338-3a8f-49fc-a1f2-2e4a21bea687	1304	1.0	confident	Streptococcus salivarius	Bacteria
5984f41b-ebfe-40b1-a885-a57127192f5a	1304	1.0	confident	Streptococcus salivarius	Bacteria
3a45441e-5943-4048-b15f-63beea590dc3	1304	1.0	confident	Streptococcus salivarius	Bacteria
fbadc875-b344-4ab6-b04c-48fbbfb13dd9	1304	1.0	confident	Streptococcus salivarius	Bacteria
dad101bc-fa8c-45fe-9a0c-f6ed61ba9598	1304	1.0	confident	Streptococcus salivarius	Bacteria
18da8630-2ff4-4f87-a5e2-2b4e183cf01f	1304	1.0	confident	Streptococcus salivarius	Bacteria
7135b428-0727-41f1-882c-82ef32132352	1304	1.0	confident	Streptococcus salivarius	Bacteria
9708963a-311a-4908-840e-beb81b0ce9c7	1304	1.0	confident	Streptococcus salivarius	Bacteria
ae583988-1e73-49b8-b1dc-fdbfb570a59b	1304	1.0	confident	Streptococcus salivarius	Bacteria
087ac836-9e16-430f-9f2a-f62e841b2c99	1304	1.0	confident	Streptococcus salivarius	Bacteria
7bdc2287-6bd8-41f3-a662-7fa0361cf561	1304	1.0	confident	Streptococcus salivarius	Bacteria
030a6fc4-f25e-4228-9629-fa9edc2f848e	1304	1.0	confident	Streptococcus salivarius	Bacteria
5ce7a144-87f7-4ae7-80f0-0648163e8bd7	1304	1.0	confident	Streptococcus salivarius	Bacteria
8d518f71-dcf6-4217-b9cc-03a2bad73798	1304	1.0	confident	Streptococcus salivarius	Bacteria
bf40fe5c-6954-4d7a-af2c-6fad4a4fcb9f	1304	1.0	confident	Streptococcus salivarius	Bacteria
b67b1841-c04b-4bf2-b6f5-7479b0ecd183	1304	1.0	confident	Streptococcus salivarius	Bacteria
846bac89-25ca-46e6-aedb-69ac1ef346a9	1304	1.0	confident	Streptococcus salivarius	Bacteria
8c7b4daf-9925-4ef1-b88b-3f74e10df0e1	1304	1.0	confident	Streptococcus salivarius	Bacteria
40915638-a19c-449d-8bb3-444a7ba7186a	1304	1.0	confident	Streptococcus salivarius	Bacteria
77c9e130-44f4-41d6-8e31-e7f812800a0a	1304	1.0	confident	Streptococcus salivarius	Bacteria
3642e110-c7bc-4e1c-b3d9-564ff5e608f4	1304	1.0	confident	Streptococcus salivarius	Bacteria
3c7dc7a7-a01f-426e-9793-939f1a332aa0	1304	1.0	confident	Streptococcus salivarius	Bacteria
fb8d6bb4-02eb-4ad8-8c14-337545661898	1304	1.0	confident	Streptococcus salivarius	Bacteria
27756ffa-2b25-44bf-9720-883d1ada19ad	1304	1.0	confident	Streptococcus salivarius	Bacteria
33c23692-575c-4352-8833-9e2879b7c83c	1304	1.0	confident	Streptococcus salivarius	Bacteria
efbbf858-9820-4722-8818-a7646dd4964e	1304	1.0	confident	Streptococcus salivarius	Bacteria
9da98216-2fb6-4b1a-8f29-b715200caeb7	1304	1.0	confident	Streptococcus salivarius	Bacteria
507ef1be-d27c-4f1e-bdc3-a0dd9b3cc3f9	1304	1.0	confident	Streptococcus salivarius	Bacteria
5b17ec30-701e-44fe-b0ca-d3c6ce7e35ba	1304	1.0	confident	Streptococcus salivarius	Bacteria
67251201-73c0-4779-a25c-1126fd3a978b	1304	1.0	confident	Streptococcus salivarius	Bacteria
e219e6fc-bbd1-42dd-8720-40530fe62da9	1304	1.0	confident	Streptococcus salivarius	Bacteria
e25937c3-e0ca-4454-b216-826769b0f5f6	1304	1.0	confident	Streptococcus salivarius	Bacteria
f696ac88-efb0-477b-87fe-6a6112cce778	1304	1.0	confident	Streptococcus salivarius	Bacteria
899dab84-65fe-41eb-8d56-183a0b8c2f74	1304	1.0	confident	Streptococcus salivarius	Bacteria
67574bf7-d8c7-4040-8efc-a974819f76ac	1304	1.0	confident	Streptococcus salivarius	Bacteria
83ecae04-6834-499b-8e1c-5b5c7a96d041	1304	1.0	confident	Streptococcus salivarius	Bacteria
0acf1d6d-c9f8-4ffb-b2a7-96154bec09a3	1304	1.0	confident	Streptococcus salivarius	Bacteria
a327234e-03cc-415b-8e41-bd7068ab19dd	1304	1.0	confident	Streptococcus salivarius	Bacteria
b8d885a2-9627-418a-8ac1-9f46dbcbdf6a	1304	1.0	confident	Streptococcus salivarius	Bacteria
4487d4dc-5761-4fcc-8848-6f41c30c0b63	1304	1.0	confident	Streptococcus salivarius	Bacteria
66cab446-e74e-4053-854b-5c782ce33e60	1304	1.0	confident	Streptococcus salivarius	Bacteria
fa042980-60ca-47d1-97d3-2b4f1ffbec4e	1304	1.0	confident	Streptococcus salivarius	Bacteria
4b080271-a84c-42df-8e8f-52301e10e8db	1304	1.0	confident	Streptococcus salivarius	Bacteria
2cce2ea2-d5e5-4ef0-bacb-3ad5be680919	1304	1.0	confident	Streptococcus salivarius	Bacteria
e9152fa7-a9b6-43a3-9280-ac5da0eb9e12	1304	1.0	confident	Streptococcus salivarius	Bacteria
5c9a22ca-264e-4ddd-bd4d-f62862e26cfe	1304	1.0	confident	Streptococcus salivarius	Bacteria
5548ec32-233d-4b06-ad4a-528ef79d8287	1304	1.0	confident	Streptococcus salivarius	Bacteria
26534ba8-ae9e-40cb-a296-4eeccf1e84e0	1304	1.0	confident	Streptococcus salivarius	Bacteria
f4300995-7099-4943-9bd7-364ba019e3bd	1304	1.0	confident	Streptococcus salivarius	Bacteria
578c34f0-c10b-471e-8540-17978460b7f5	1304	1.0	confident	Streptococcus salivarius	Bacteria
79118b17-f1c4-4f4d-bde2-2d849db4831c	1304	1.0	confident	Streptococcus salivarius	Bacteria
6f1e2c68-4046-48e0-a16f-b8396f5835f0	1304	1.0	confident	Streptococcus salivarius	Bacteria
e34de51f-c0bc-46e4-a7db-9f369945a41a	1304	1.0	confident	Streptococcus salivarius	Bacteria
06db3dbe-7d4a-4bf6-b081-25a26d644e64	1304	1.0	confident	Streptococcus salivarius	Bacteria
ead651e6-cde3-459b-9ef7-e139c0affdfb	1304	1.0	confident	Streptococcus salivarius	Bacteria
8d18ed36-401b-4416-bd3e-2bec57eefbc8	1304	1.0	confident	Streptococcus salivarius	Bacteria
5d7efebb-0fc9-4118-a12c-1bd585918e02	1304	1.0	confident	Streptococcus salivarius	Bacteria
7fca5e65-c755-4b2d-8d5d-68111ce05fb8	1304	1.0	confident	Streptococcus salivarius	Bacteria
e344724c-1c9d-4963-908b-9b783c41a630	1304	1.0	confident	Streptococcus salivarius	Bacteria
ecb572df-3c90-40cb-a330-41f572ae1364	1304	1.0	confident	Streptococcus salivarius	Bacteria
d33f86f2-fdc7-40eb-b034-88bf4a2dae92	1304	1.0	confident	Streptococcus salivarius	Bacteria
068eee91-73cb-49a0-8a59-83d3f8f02360	1304	1.0	confident	Streptococcus salivarius	Bacteria
18ba36ff-c530-4556-9d43-f308f911c01a	1304	1.0	confident	Streptococcus salivarius	Bacteria
7a63bb6f-8164-4857-a52c-2c9c559c9d13	1304	1.0	confident	Streptococcus salivarius	Bacteria
747dc11d-9365-478e-93d8-94acaf0663e9	1304	1.0	confident	Streptococcus salivarius	Bacteria
fe798e09-fd02-4bbc-a3b2-e2b5a1791f7e	1304	1.0	confident	Streptococcus salivarius	Bacteria
1d6e5158-375e-415f-bbd4-6f5c7b7c0af0	1304	1.0	confident	Streptococcus salivarius	Bacteria
9e71c6d5-f566-4dcd-b213-68e401cb1a17	1304	1.0	confident	Streptococcus salivarius	Bacteria
424aa796-d27b-492b-81c6-4f9ea5ac458b	1304	1.0	confident	Streptococcus salivarius	Bacteria
0c44aea4-4c47-4ce9-a001-316da6684a19	1304	1.0	confident	Streptococcus salivarius	Bacteria
e10dd748-fdcd-4c7c-ba7d-d72d65999ef4	1304	1.0	confident	Streptococcus salivarius	Bacteria
2032df40-7bb8-48e1-986f-c8461ea90344	1304	1.0	confident	Streptococcus salivarius	Bacteria
68cc9bed-ffd4-438d-a8d4-f507d193749a	1304	1.0	confident	Streptococcus salivarius	Bacteria
9ed70578-1f53-43e5-813d-c9a6006585e2	1304	1.0	confident	Streptococcus salivarius	Bacteria
68044e2a-617c-4290-84b4-b1992fcb9f06	1304	1.0	confident	Streptococcus salivarius	Bacteria
fdaa24c0-5a4f-4975-b10b-dd03113bdc84	1304	1.0	confident	Streptococcus salivarius	Bacteria
695ae809-cddd-4f72-8d6d-c63ff30cc4c9	1304	1.0	confident	Streptococcus salivarius	Bacteria
7c0a23fd-9ced-4e97-9c2b-d242ddf30eab	1304	1.0	confident	Streptococcus salivarius	Bacteria
b8dc9ddc-0d68-484f-9058-6c704f5830c4	1304	1.0	confident	Streptococcus salivarius	Bacteria
ad603b9a-e877-43c4-ba77-3944601eb3bb	1304	1.0	confident	Streptococcus salivarius	Bacteria
24f42a80-fdbf-4022-b844-d9a390fd4cf1	1304	1.0	confident	Streptococcus salivarius	Bacteria
1da8da09-5563-41cb-abbe-0f9c087aa3c8	1304	1.0	confident	Streptococcus salivarius	Bacteria
c01d0328-5a90-4b88-9d33-a5ac26189b47	1304	1.0	confident	Streptococcus salivarius	Bacteria
46f85d19-0152-4f74-8101-c7dac5a44877	1304	1.0	confident	Streptococcus salivarius	Bacteria
7641b61c-aa86-477d-ade9-96c910c38a54	1304	1.0	confident	Streptococcus salivarius	Bacteria
b9dea37a-9e99-4b4f-b0c1-eb223bc64469	1304	1.0	confident	Streptococcus salivarius	Bacteria
96d3db0d-dd23-4e81-873a-27e7f299bd9a	1304	1.0	confident	Streptococcus salivarius	Bacteria
60a8887d-a0f4-44d8-9601-1a375a503ca0	1304	1.0	confident	Streptococcus salivarius	Bacteria
939512ce-49a8-4922-80f4-0dd384911c3d	1304	1.0	confident	Streptococcus salivarius	Bacteria
3afcdede-d8f9-49d0-bac3-43b69c96782f	1304	1.0	confident	Streptococcus salivarius	Bacteria
e86210b3-bc62-4789-8984-fbe54e2cae41	1304	1.0	confident	Streptococcus salivarius	Bacteria
813690bf-010a-43f7-a063-1a14cd04fc60	1304	1.0	confident	Streptococcus salivarius	Bacteria
d995d34c-5143-4d5d-afb3-640e6ecf3366	1304	1.0	confident	Streptococcus salivarius	Bacteria
1ecc8203-5dbe-4a96-aadc-38732155c89c	1304	1.0	confident	Streptococcus salivarius	Bacteria
7461fcf3-3b2f-40b7-a8b2-152077b0f3b7	1304	1.0	confident	Streptococcus salivarius	Bacteria
e294ec8a-3441-4bae-bf9e-dbfe4ab1f714	1304	1.0	confident	Streptococcus salivarius	Bacteria
52b48dd0-2a3d-4509-94fe-062ce458bb87	1304	1.0	confident	Streptococcus salivarius	Bacteria
b0ebc342-950f-44d5-a2f7-04973f1f6823	1304	1.0	confident	Streptococcus salivarius	Bacteria
1c32e0d8-dc7f-4117-9500-b58016eb1f20	1304	1.0	confident	Streptococcus salivarius	Bacteria
fe88b688-4bae-422c-804e-0755beb266d5	1304	1.0	confident	Streptococcus salivarius	Bacteria
2b96ddbb-923b-419b-879e-af08eed2a8fe	1304	1.0	confident	Streptococcus salivarius	Bacteria
af461f54-cae0-4845-9464-5dabd89484ea	1304	1.0	confident	Streptococcus salivarius	Bacteria
955ae7b0-9630-439a-ae23-f3354174e694	1304	1.0	confident	Streptococcus salivarius	Bacteria
3e3fec38-ff6e-418e-b494-04b5fcff9537	1304	1.0	confident	Streptococcus salivarius	Bacteria
8cbc49a7-cf40-46c2-9f69-2b7cf68d69ba	1304	1.0	confident	Streptococcus salivarius	Bacteria
e3553fae-879c-4487-836d-8036a98fed81	1304	1.0	confident	Streptococcus salivarius	Bacteria
980a1412-1309-414d-a54a-da12d3c99a2e	1304	1.0	confident	Streptococcus salivarius	Bacteria
5b2f95a1-75ac-4032-aee3-3175946e30dc	1304	1.0	confident	Streptococcus salivarius	Bacteria
28347e8c-adf2-47f0-8c3c-66af4aee630f	1304	1.0	confident	Streptococcus salivarius	Bacteria
776c3d0e-1971-4e2c-91b9-ec222e7bb676	1304	1.0	confident	Streptococcus salivarius	Bacteria
5798ecad-a2f5-426b-9b30-100f61606aab	1304	1.0	confident	Streptococcus salivarius	Bacteria
a36d2a27-4e70-4ced-99aa-16c9126fe65f	1304	1.0	confident	Streptococcus salivarius	Bacteria
30d682c0-17f4-42c6-9ec7-196a6be85431	1304	1.0	confident	Streptococcus salivarius	Bacteria
bd8a59da-6a1f-4872-8895-d5325976b14b	1304	1.0	confident	Streptococcus salivarius	Bacteria
2374f7c1-1ade-481b-a9fb-24d575c85e11	1304	1.0	confident	Streptococcus salivarius	Bacteria
6f5feb82-65f0-4498-82bf-e85c4b92fa1c	1304	1.0	confident	Streptococcus salivarius	Bacteria
24f473ac-dc3b-4ff7-a3ba-e5fe05072d3f	1304	1.0	confident	Streptococcus salivarius	Bacteria
2fe2dc65-f029-4b97-a152-6f9bc5124b4b	1304	1.0	confident	Streptococcus salivarius	Bacteria
54fa166b-6109-4a27-8971-a5247a34839e	1304	1.0	confident	Streptococcus salivarius	Bacteria
d102139b-983d-4eb3-8b28-e6ff3c7ac429	1304	1.0	confident	Streptococcus salivarius	Bacteria
8bfb8655-24e3-4ea6-93b0-f90ee877f47c	1304	1.0	confident	Streptococcus salivarius	Bacteria
828492a1-e22a-4e71-a949-298049988059	1304	1.0	confident	Streptococcus salivarius	Bacteria
b225ca14-8e65-49cb-88fa-e0c63a2f5aa6	1304	1.0	confident	Streptococcus salivarius	Bacteria
cdbde6b5-21c0-4bef-b65e-30b5cabe962f	1304	1.0	confident	Streptococcus salivarius	Bacteria
09d66397-74e9-45dd-9531-678db07ff983	1304	1.0	confident	Streptococcus salivarius	Bacteria
ba25130a-d970-486d-9185-4e27948c9723	1304	1.0	confident	Streptococcus salivarius	Bacteria
4dde77e0-3874-4871-975a-e490466a171e	1304	1.0	confident	Streptococcus salivarius	Bacteria
e057c599-46ec-4dd0-ac1a-805e4abc695d	1304	1.0	confident	Streptococcus salivarius	Bacteria
0fdb5ba0-9530-4506-97c2-1e9fa1a78d4a	1304	1.0	confident	Streptococcus salivarius	Bacteria
2ae5ca5d-8437-4287-9b83-9b2d124eb3dd	1304	1.0	confident	Streptococcus salivarius	Bacteria
468f1cdb-f802-41a1-9715-f81ee6ce1de4	1304	1.0	confident	Streptococcus salivarius	Bacteria
089e6cbb-66d7-4f60-9aec-371e2e0c61ac	1304	1.0	confident	Streptococcus salivarius	Bacteria
b701867a-1749-4f8b-8bf3-943938af8032	1304	1.0	confident	Streptococcus salivarius	Bacteria
9da0c7ee-7e68-44cc-b0ac-db570345b40b	1304	1.0	confident	Streptococcus salivarius	Bacteria
c21d1837-b305-444b-b746-bd0437db0867	1304	1.0	confident	Streptococcus salivarius	Bacteria
234060df-3eb6-4f39-9e7c-1a5ce4a0758e	1304	1.0	confident	Streptococcus salivarius	Bacteria
c96e80da-e7c5-44e2-a0a3-8962f9e6bc0d	1304	1.0	confident	Streptococcus salivarius	Bacteria
4faad94d-e695-47b7-a912-65facba83665	1304	1.0	confident	Streptococcus salivarius	Bacteria
3c635f35-ab63-44cc-a52c-2a18a6b806d9	1304	1.0	confident	Streptococcus salivarius	Bacteria
c278a029-9228-4246-9422-04adc93f0057	1304	1.0	confident	Streptococcus salivarius	Bacteria
662b2515-8499-4eb2-82f9-905013569610	1304	1.0	confident	Streptococcus salivarius	Bacteria
b8b39a73-b9b9-424e-a537-0dd4ec184d16	1304	1.0	confident	Streptococcus salivarius	Bacteria
1094f42a-2c45-4992-9da7-244d91ee360d	1304	1.0	confident	Streptococcus salivarius	Bacteria
ab0c2f0a-a9ad-4f47-afac-3752c1f851b2	1304	1.0	confident	Streptococcus salivarius	Bacteria
8ec92131-6c6b-4d93-995d-88e6160e8663	1304	1.0	confident	Streptococcus salivarius	Bacteria
cdaad347-909a-4ccc-900f-32a045ab30f8	1304	1.0	confident	Streptococcus salivarius	Bacteria
e2d7b525-850b-42e9-a7b1-7a112c573d7d	1304	1.0	confident	Streptococcus salivarius	Bacteria
e4f44388-ea5a-4ee1-890e-f69f5dbdecb5	1304	1.0	confident	Streptococcus salivarius	Bacteria
e25c94f3-31a7-4b3a-a45f-7d901477bab4	1304	1.0	confident	Streptococcus salivarius	Bacteria
d4cc84f1-26c0-4ac2-9bad-d10a115b6ddc	1304	1.0	confident	Streptococcus salivarius	Bacteria
a7e22939-84a7-43cf-8104-5d6f47672626	1304	1.0	confident	Streptococcus salivarius	Bacteria
742683fa-4d0f-4e13-b41b-8b85e86685b3	1304	1.0	confident	Streptococcus salivarius	Bacteria
b40431a5-cb29-43b2-a4de-63c2b9b8c3eb	1304	1.0	confident	Streptococcus salivarius	Bacteria
0f870bb6-a43d-48a8-9dbd-bc027f5e40f7	1304	1.0	confident	Streptococcus salivarius	Bacteria
1f0224ce-d67e-42f7-b63d-791155e73b58	1304	1.0	confident	Streptococcus salivarius	Bacteria
1dcc63e3-df49-442e-b5cb-59fbbfaa0705	1304	1.0	confident	Streptococcus salivarius	Bacteria
3658621d-27bd-4210-9d2b-581e8b86c766	1304	1.0	confident	Streptococcus salivarius	Bacteria
bcbd3107-cf3f-4bcf-88b3-d3580aa19e96	1304	1.0	confident	Streptococcus salivarius	Bacteria
0bc65cee-40a6-4eb3-9461-d76bf7eae17d	1304	1.0	confident	Streptococcus salivarius	Bacteria
0891c485-870a-4452-adca-1704c2fb1b6a	1304	1.0	confident	Streptococcus salivarius	Bacteria
0fe72716-c59b-4025-bd8c-6a8b62264085	1304	1.0	confident	Streptococcus salivarius	Bacteria
168ce12c-2720-4e24-93af-309be43cd37b	1304	1.0	confident	Streptococcus salivarius	Bacteria
947bac91-e130-4fb9-93cb-c116657cdcb9	1304	1.0	confident	Streptococcus salivarius	Bacteria
7d197740-7d61-4ec0-b77c-57e99f770d99	1304	1.0	confident	Streptococcus salivarius	Bacteria
85e11328-42e5-4358-92b0-44b7da388c38	1304	1.0	confident	Streptococcus salivarius	Bacteria
4dca6178-d128-4ecc-9543-dc0630db765f	1304	1.0	confident	Streptococcus salivarius	Bacteria
09be6898-e19f-4f1e-a902-7dfe04ba27dc	1304	1.0	confident	Streptococcus salivarius	Bacteria
83d42c72-f7fb-439c-b24d-c4b60883e64b	1304	1.0	confident	Streptococcus salivarius	Bacteria
66b15595-691a-4eec-b4f8-89b6eaa7bfc8	1304	1.0	confident	Streptococcus salivarius	Bacteria
7a3d3a42-589d-4123-a66d-36399faafa50	1304	1.0	confident	Streptococcus salivarius	Bacteria
bb227677-1d10-4731-b2dc-5e4dd70dde36	1304	1.0	confident	Streptococcus salivarius	Bacteria
40696a0b-a2ad-4d56-9f2d-f61e8ee99b14	1304	1.0	confident	Streptococcus salivarius	Bacteria
342ebd05-920a-4ae4-af81-b6485b9031e3	1304	1.0	confident	Streptococcus salivarius	Bacteria
47dd7759-33f7-472f-ab04-54c593c21ed2	1304	1.0	confident	Streptococcus salivarius	Bacteria
be6be9da-144a-4b01-9d4a-91571d4d816a	1304	1.0	confident	Streptococcus salivarius	Bacteria
bd8eda0d-5b8b-4747-a30a-f722cf9382a3	1304	1.0	confident	Streptococcus salivarius	Bacteria
8cbb61a8-fa6f-4dee-b757-184c978f2516	1304	1.0	confident	Streptococcus salivarius	Bacteria
e542d7a7-9452-461a-97a3-84b6d9f9f19c	1304	1.0	confident	Streptococcus salivarius	Bacteria
f7eeed38-2758-4bd4-a210-b48f83883589	1304	1.0	confident	Streptococcus salivarius	Bacteria
67b695fa-c7f3-4302-8603-317f64c30e65	1304	1.0	confident	Streptococcus salivarius	Bacteria
d34cac9f-4527-4b1e-bee6-e6a2f6455010	1304	1.0	confident	Streptococcus salivarius	Bacteria
7947f56d-3d3e-4e40-bbbb-c1f9d429abc6	1304	1.0	confident	Streptococcus salivarius	Bacteria
eb603e0d-7d74-4173-8f40-8fe88b088857	1304	1.0	confident	Streptococcus salivarius	Bacteria
a1398567-6907-43c7-8306-1a5fcd258186	1304	1.0	confident	Streptococcus salivarius	Bacteria
7af913e2-8dc6-4387-915b-48c7dcf536f9	1304	1.0	confident	Streptococcus salivarius	Bacteria
4fb65895-67e2-42bc-a1b6-f7daab37d542	1304	1.0	confident	Streptococcus salivarius	Bacteria
795a0fbe-3469-4b21-ab15-26df604efbcc	1304	1.0	confident	Streptococcus salivarius	Bacteria
576c8fc6-4b3d-4ed2-ad88-0c9fd5116231	1304	1.0	confident	Streptococcus salivarius	Bacteria
fd4079c5-cb8a-4517-b896-15a2c32a4e68	426702	1.0	confident	Alkalibacterium pelagium	Bacteria
b2252d9b-5695-4e19-a60e-0c6409d83e79	426702	1.0	confident	Alkalibacterium pelagium	Bacteria
82604383-f488-45d1-8d23-1220e69e22fc	426702	1.0	confident	Alkalibacterium pelagium	Bacteria
3a861c09-d395-4880-b047-0f77856ab683	426702	1.0	confident	Alkalibacterium pelagium	Bacteria
7677b5dd-5a35-4165-b841-2f8f94153555	426702	1.0	confident	Alkalibacterium pelagium	Bacteria
f02af8a1-95cd-47e9-994e-90652dc4f8f6	426702	1.0	confident	Alkalibacterium pelagium	Bacteria
4abd2e9f-7da4-492b-b7b0-77a13f41fa16	426702	1.0	confident	Alkalibacterium pelagium	Bacteria
135a7a3d-e7cc-4b1f-8631-a70900444a2f	426702	1.0	confident	Alkalibacterium pelagium	Bacteria
39cbd3d9-81c2-4df9-b995-89c44cf6c37b	426702	1.0	confident	Alkalibacterium pelagium	Bacteria
569a2304-267d-4644-a356-d708c89b3095	426702	1.0	confident	Alkalibacterium pelagium	Bacteria
d45b5c78-10b5-4090-a605-74cc88bbec24	426702	1.0	confident	Alkalibacterium pelagium	Bacteria
9df979e5-1a33-4faa-9ba2-57913765921a	426702	1.0	confident	Alkalibacterium pelagium	Bacteria
dabf2f5e-a8a7-4a75-9287-0a24d7712a76	426702	1.0	confident	Alkalibacterium pelagium	Bacteria
bf811c7b-f7ba-4acf-8b8f-9a12e6e77d79	426702	1.0	confident	Alkalibacterium pelagium	Bacteria
5e879996-1649-4eb7-92c4-1ed4fd859aed	426702	1.0	confident	Alkalibacterium pelagium	Bacteria
d6ed91e4-ddeb-490a-a416-eddaac9b36bf	426702	1.0	confident	Alkalibacterium pelagium	Bacteria
2389e242-77a6-43d3-b304-7b04e75f49fc	426702	1.0	confident	Alkalibacterium pelagium	Bacteria
18d14afe-69cb-4920-8bcd-2a7a33a745f3	426702	1.0	confident	Alkalibacterium pelagium	Bacteria
b8b3ee7d-e957-4db4-9b21-7701c30edccc	426702	1.0	confident	Alkalibacterium pelagium	Bacteria
81585300-8c3b-4a7c-a4d1-d5787c6acc65	426702	1.0	confident	Alkalibacterium pelagium	Bacteria
869585a5-555f-4075-be49-f4551b07ff09	426702	1.0	confident	Alkalibacterium pelagium	Bacteria
eba01e09-95e5-4372-9d3a-10afe162c60f	426702	1.0	confident	Alkalibacterium pelagium	Bacteria
76dd9865-c021-47bf-9dd7-fa23ab67c004	426702	1.0	confident	Alkalibacterium pelagium	Bacteria
2894e2ac-e99b-4649-a69d-613ef7a5fa10	426702	1.0	confident	Alkalibacterium pelagium	Bacteria
a12a7b62-9b9d-4bb9-b6f8-4cb73893cfa7	426702	1.0	confident	Alkalibacterium pelagium	Bacteria
f787e689-f3f1-41f4-80e9-8278a8ad250c	426702	1.0	confident	Alkalibacterium pelagium	Bacteria
0e63d8af-d22b-4b32-a112-ced79de60a86	426702	1.0	confident	Alkalibacterium pelagium	Bacteria
4f2ee9c8-494c-4a2f-891d-911ec3174594	426702	1.0	confident	Alkalibacterium pelagium	Bacteria
5c06195d-fb16-47eb-b96d-b77ccac0b4b5	426702	1.0	confident	Alkalibacterium pelagium	Bacteria
57fc95f9-fac3-4b10-968c-ee357fb2b94e	426702	1.0	confident	Alkalibacterium pelagium	Bacteria
c7af3341-f56d-43c7-b284-b332f3967461	426702	1.0	confident	Alkalibacterium pelagium	Bacteria
3aa8fdc6-7a2f-4efd-953a-21cf08c2ff26	426702	1.0	confident	Alkalibacterium pelagium	Bacteria
59eb4d3a-d69b-4a5d-a3dd-96f97729ab74	426702	1.0	confident	Alkalibacterium pelagium	Bacteria
eba18c73-880c-4cf4-841b-b75795f37428	426702	1.0	confident	Alkalibacterium pelagium	Bacteria
a9168827-ff9f-4470-97e3-966486cd1b75	426702	1.0	confident	Alkalibacterium pelagium	Bacteria
f6802f90-38fa-4423-a1fd-79dfb78814cd	426702	1.0	confident	Alkalibacterium pelagium	Bacteria
d035fb11-feb3-437d-b2b2-7bb9a6421bc8	426702	1.0	confident	Alkalibacterium pelagium	Bacteria
bab2c0b2-d08b-4869-ba9d-1b8c3cf1b55a	426702	1.0	confident	Alkalibacterium pelagium	Bacteria
b6c130e9-e445-4730-85ff-a08670d1d6cd	426702	1.0	confident	Alkalibacterium pelagium	Bacteria
4f56022d-741a-46b0-81fb-60759a64eb70	426702	1.0	confident	Alkalibacterium pelagium	Bacteria
3df6a86b-2141-4917-aadb-a91985d45fc3	426702	1.0	confident	Alkalibacterium pelagium	Bacteria
78243629-5d24-490e-9dbb-6c6ad97da88e	426702	1.0	confident	Alkalibacterium pelagium	Bacteria
9d745f6c-1191-483d-934d-a7c0742d5eb1	426702	1.0	confident	Alkalibacterium pelagium	Bacteria
36ea5451-f250-46ef-b3ec-85be8e44993d	426702	1.0	confident	Alkalibacterium pelagium	Bacteria
214b4d68-3771-4a3b-bb7c-7c1252b410a0	426702	1.0	confident	Alkalibacterium pelagium	Bacteria
40282a49-8f54-493b-966d-4d55644912ec	426702	1.0	confident	Alkalibacterium pelagium	Bacteria
072aadbd-55fc-4f6f-bac5-34e1e4babe9b	426702	1.0	confident	Alkalibacterium pelagium	Bacteria
748f3dc5-7755-4400-8aa2-219eebcec373	426702	1.0	confident	Alkalibacterium pelagium	Bacteria
48c44f3f-7cfc-4597-b148-9becc00555e2	426702	1.0	confident	Alkalibacterium pelagium	Bacteria
bc6764fd-d70f-435b-a828-7d57ce5a95fd	426702	1.0	confident	Alkalibacterium pelagium	Bacteria
d2110ecd-6fe8-4006-b705-e10e18c52468	426702	1.0	confident	Alkalibacterium pelagium	Bacteria
a9e396f0-577a-4a12-90d4-c7229b461249	426702	1.0	confident	Alkalibacterium pelagium	Bacteria
1da22388-555c-472d-a2fa-c7b001877784	426702	1.0	confident	Alkalibacterium pelagium	Bacteria
76f5ef30-9915-45ee-b563-687a3c667ba1	426702	1.0	confident	Alkalibacterium pelagium	Bacteria
c4fffad5-135d-430f-80ee-48184ac1e949	426702	1.0	confident	Alkalibacterium pelagium	Bacteria
717de8c2-5df3-42d1-8cf7-0ca4a7c7fee5	426702	1.0	confident	Alkalibacterium pelagium	Bacteria
78ecfd57-d8ed-49df-8085-27b665bc48a9	426702	1.0	confident	Alkalibacterium pelagium	Bacteria
f7f33047-eafe-491e-8441-1068ee8ff49f	426702	1.0	confident	Alkalibacterium pelagium	Bacteria
92682f69-5f2c-4455-bc25-8bab41e06f45	426702	1.0	confident	Alkalibacterium pelagium	Bacteria
cc53ed15-8606-4b6e-aeb4-7d2b689c45e0	426702	1.0	confident	Alkalibacterium pelagium	Bacteria
b19907e8-375e-4594-b58e-436e96479ac5	426702	1.0	confident	Alkalibacterium pelagium	Bacteria
7ba0a132-e02e-4919-a07f-77336e43fa89	426702	1.0	confident	Alkalibacterium pelagium	Bacteria
94034370-6ff1-4a18-a911-25717fc2a716	426702	1.0	confident	Alkalibacterium pelagium	Bacteria
26cf35b3-5198-4291-8db8-c24d1a923570	426702	1.0	confident	Alkalibacterium pelagium	Bacteria
34a1b4fb-aa7c-4167-a977-0ede955cef1c	426702	1.0	confident	Alkalibacterium pelagium	Bacteria
bdbbdb3e-3d15-43df-8470-14dd261c110f	426702	1.0	confident	Alkalibacterium pelagium	Bacteria
4872fa9e-b344-4c6a-b510-80c6e6f22467	426702	1.0	confident	Alkalibacterium pelagium	Bacteria
70bccd0f-7bcd-4338-8248-67169516bfc5	426702	1.0	confident	Alkalibacterium pelagium	Bacteria
38c12201-b878-4d7a-bf42-31db70553672	426702	1.0	confident	Alkalibacterium pelagium	Bacteria
2fc0660e-6572-45c4-9807-edda85d78b3a	426702	1.0	confident	Alkalibacterium pelagium	Bacteria
fb65f496-1343-4710-9cd1-c34399c71aa4	426702	1.0	confident	Alkalibacterium pelagium	Bacteria
a3f73a5c-a887-43ae-aba0-1199ee818559	426702	1.0	confident	Alkalibacterium pelagium	Bacteria
f4ac288b-5d2a-4042-805b-b3b230fc0315	426702	1.0	confident	Alkalibacterium pelagium	Bacteria
c0e89c97-f5c7-431b-acf7-64aba9dcb4ed	426702	1.0	confident	Alkalibacterium pelagium	Bacteria
2926af1f-d115-4fc3-a4ea-51d3e4ef2b54	426702	1.0	confident	Alkalibacterium pelagium	Bacteria
ea86c100-e4c3-468c-ad9c-6d1c60de33ad	426702	1.0	confident	Alkalibacterium pelagium	Bacteria
a65ea9ed-4e64-48cb-8dee-cb35a2202605	426702	1.0	confident	Alkalibacterium pelagium	Bacteria
92062ddd-3550-4882-b768-0ce62e8341eb	426702	1.0	confident	Alkalibacterium pelagium	Bacteria
506944b9-5fdd-4ce2-902d-7d19107c91be	426702	1.0	confident	Alkalibacterium pelagium	Bacteria
a6910b7b-c4c2-4f08-92da-7e62a2ac0a83	426702	1.0	confident	Alkalibacterium pelagium	Bacteria
52c72759-0122-4f82-87e6-c9939a5454a3	426702	1.0	confident	Alkalibacterium pelagium	Bacteria
f74e6428-7fe8-455d-a952-b493d40aa328	426702	1.0	confident	Alkalibacterium pelagium	Bacteria
9640c169-78f8-4399-b6b2-34a7952eb93e	426702	1.0	confident	Alkalibacterium pelagium	Bacteria
f7e17d4f-f513-45d3-aff5-3b1cdbda3b96	426702	1.0	confident	Alkalibacterium pelagium	Bacteria
5a2bad2f-a993-4340-b56c-b74bf2f079cc	426702	1.0	confident	Alkalibacterium pelagium	Bacteria
e4032bc0-0528-45f2-8fe4-121a03b30485	426702	1.0	confident	Alkalibacterium pelagium	Bacteria
73fa8498-2e53-4b50-b922-1b8effb33239	426702	1.0	confident	Alkalibacterium pelagium	Bacteria
8fc73a12-0cf6-43e6-97fe-96270b4a6eba	426702	1.0	confident	Alkalibacterium pelagium	Bacteria
33bcd57f-7867-4c0c-83d0-717db1b4ea10	426702	1.0	confident	Alkalibacterium pelagium	Bacteria
811d005a-ffb5-4501-b6d5-a72d2ad02957	426702	1.0	confident	Alkalibacterium pelagium	Bacteria
1a95a1a9-6987-470c-90ac-12d1f5ff2df5	426702	1.0	confident	Alkalibacterium pelagium	Bacteria
b2fc880f-6e3d-49fe-9368-d6a2aecea8b1	426702	1.0	confident	Alkalibacterium pelagium	Bacteria
6a92ab3c-c28d-42c7-a15b-6d4b7af1d3fe	426702	1.0	confident	Alkalibacterium pelagium	Bacteria
d1aaf941-9449-49c3-a03e-225b5c39cc79	426702	1.0	confident	Alkalibacterium pelagium	Bacteria
589ce056-86ae-4e64-9ae5-e5b2306bddfd	426702	1.0	confident	Alkalibacterium pelagium	Bacteria
34f0af46-ef56-47a4-962c-f8e8c8bf309f	426702	1.0	confident	Alkalibacterium pelagium	Bacteria
dd0d84b1-7744-4d9f-ac10-d5d6bc6393bf	426702	1.0	confident	Alkalibacterium pelagium	Bacteria
40d0bb9c-8dff-45ac-ae04-9494ba469d9a	426702	1.0	confident	Alkalibacterium pelagium	Bacteria
865b66bb-2228-4ef3-8a7d-8faea67cab63	426702	1.0	confident	Alkalibacterium pelagium	Bacteria
2564b81a-6e12-4010-8885-c39938442cdf	426702	1.0	confident	Alkalibacterium pelagium	Bacteria
6c2dc720-27de-424a-963f-120b788ed648	426702	1.0	confident	Alkalibacterium pelagium	Bacteria
ee36f6ae-2ba8-481f-8ff2-7b6f878a4cfc	426702	1.0	confident	Alkalibacterium pelagium	Bacteria
bf555c16-d8eb-4823-83c5-37b198bc42d3	426702	1.0	confident	Alkalibacterium pelagium	Bacteria
8c01eaae-599d-44c0-b3f7-45c218bc0564	426702	1.0	confident	Alkalibacterium pelagium	Bacteria
41885f0f-a06b-43bd-872b-1902c109141d	426702	1.0	confident	Alkalibacterium pelagium	Bacteria
794164bb-93ea-42cc-88d2-61066c54fd0c	426702	1.0	confident	Alkalibacterium pelagium	Bacteria
159bde41-f3a5-412e-b86c-9527b77e5fcc	426702	1.0	confident	Alkalibacterium pelagium	Bacteria
79b10bfa-64ce-4c57-a342-d1c93941b023	426702	1.0	confident	Alkalibacterium pelagium	Bacteria
a703c9c6-0bbd-47d1-aaef-b2130c96762b	426702	1.0	confident	Alkalibacterium pelagium	Bacteria
d50227d3-42a5-4878-8aef-3a8a8f7c3607	426702	1.0	confident	Alkalibacterium pelagium	Bacteria
a4ab20f5-7f44-421b-8af4-6f9776120766	426702	1.0	confident	Alkalibacterium pelagium	Bacteria
98999172-dbc0-4929-a3b4-6bf67e1b2d68	426702	1.0	confident	Alkalibacterium pelagium	Bacteria
54cd3a54-84d7-4883-a15a-ed8cb163aa98	426702	1.0	confident	Alkalibacterium pelagium	Bacteria
f31605d6-1dac-4774-b0fd-3d784f914266	426702	1.0	confident	Alkalibacterium pelagium	Bacteria
b9ca3fea-30a6-4a71-99d6-41ff3288b1e8	426702	1.0	confident	Alkalibacterium pelagium	Bacteria
cae5a265-0a30-427b-a7f3-d0e4abd0c47b	426702	1.0	confident	Alkalibacterium pelagium	Bacteria
7e5f8da0-765d-48e9-a14d-f4fb7aa4a1ff	426702	1.0	confident	Alkalibacterium pelagium	Bacteria
f9fb1acb-a7e1-466d-951a-c275a6e6c669	426702	1.0	confident	Alkalibacterium pelagium	Bacteria
e69e9a5a-67e9-45f3-a9f7-48790efbd70f	426702	1.0	confident	Alkalibacterium pelagium	Bacteria
7aa1741c-1411-4b39-ba6c-aa125247c84a	426702	1.0	confident	Alkalibacterium pelagium	Bacteria
a805ae8a-5182-4a42-a859-2ae28a450b91	426702	1.0	confident	Alkalibacterium pelagium	Bacteria
c3bde55d-981f-4817-af14-50a0e756f34b	426702	1.0	confident	Alkalibacterium pelagium	Bacteria
4bb0da14-2f1f-4eb4-8852-cba963d341e8	426702	1.0	confident	Alkalibacterium pelagium	Bacteria
015172be-7c9e-4a0d-9865-88b71cb70f6e	426702	1.0	confident	Alkalibacterium pelagium	Bacteria
7968915b-cd33-49f2-a6fc-b8b33d1c8953	426702	1.0	confident	Alkalibacterium pelagium	Bacteria
ef2788e8-b622-43d5-b13a-64231bb94379	426702	1.0	confident	Alkalibacterium pelagium	Bacteria
9fc8ea90-5678-4e59-b42e-cc60f2dd0875	426702	1.0	confident	Alkalibacterium pelagium	Bacteria
7fc0d159-81d0-42ec-ba22-f76233d286e0	426702	1.0	confident	Alkalibacterium pelagium	Bacteria
04f58f71-3b0c-42be-a9fc-05f56c494dd6	426702	1.0	confident	Alkalibacterium pelagium	Bacteria
d0093114-bcd7-4fc1-abf1-aef7948b8fd5	426702	1.0	confident	Alkalibacterium pelagium	Bacteria
e0e1ea19-8565-4301-b1a1-fef36bf177d4	426702	1.0	confident	Alkalibacterium pelagium	Bacteria
8ea91b66-a707-4681-af33-5e834d95e58d	426702	1.0	confident	Alkalibacterium pelagium	Bacteria
d2ecf451-02c5-4687-80ef-97f31617284f	426702	1.0	confident	Alkalibacterium pelagium	Bacteria
717211b2-6f8b-4587-937a-d17beb03551a	426702	1.0	confident	Alkalibacterium pelagium	Bacteria
879c28b0-0b44-423f-8945-c57b433f9fa1	426702	1.0	confident	Alkalibacterium pelagium	Bacteria
f70954ea-09e8-4863-88ae-3011a960db6d	426702	1.0	confident	Alkalibacterium pelagium	Bacteria
423fb800-9793-48e5-9395-4e085208f346	426702	1.0	confident	Alkalibacterium pelagium	Bacteria
06d6c4bc-47ac-46d0-85f2-69463680f013	426702	1.0	confident	Alkalibacterium pelagium	Bacteria
384ef592-6951-49f7-be93-6665fc1c4cd0	426702	1.0	confident	Alkalibacterium pelagium	Bacteria
00945230-4351-42a5-9c5c-89c1ea90e99c	426702	1.0	confident	Alkalibacterium pelagium	Bacteria
97cb551e-c827-41d5-aa0e-acc527a7203f	426702	1.0	confident	Alkalibacterium pelagium	Bacteria
54913596-bf34-4964-9136-af9ea1773531	426702	1.0	confident	Alkalibacterium pelagium	Bacteria
59ca01ee-1e75-46f5-ad5c-17cdf17b235a	426702	1.0	confident	Alkalibacterium pelagium	Bacteria
444eed5e-69ae-450b-be44-ac181fd3b0e0	426702	1.0	confident	Alkalibacterium pelagium	Bacteria
8d948c5d-a84f-4092-96da-800d3f1e8c83	426702	1.0	confident	Alkalibacterium pelagium	Bacteria
05cb2c66-9120-4187-9ebd-bd508aa45e2a	426702	1.0	confident	Alkalibacterium pelagium	Bacteria
5102bb33-a4ef-4cd7-b957-2a8660b6b96b	426702	1.0	confident	Alkalibacterium pelagium	Bacteria
689f110f-7f54-4621-805c-5cdec6bb4567	426702	1.0	confident	Alkalibacterium pelagium	Bacteria
e8670ffd-fe30-4f58-a7fa-aff1f9254a28	426702	1.0	confident	Alkalibacterium pelagium	Bacteria
e0af0506-85ce-4685-b10b-3aaabe627d7d	426702	1.0	confident	Alkalibacterium pelagium	Bacteria
7e928520-55ce-453d-b5b8-d513d6e07215	426702	1.0	confident	Alkalibacterium pelagium	Bacteria
520e990a-1e22-4cb0-bc1f-29a6bbc78e3e	426702	1.0	confident	Alkalibacterium pelagium	Bacteria
f889a828-3f45-4be5-9f2c-c3c9dd79731b	426702	1.0	confident	Alkalibacterium pelagium	Bacteria
5ae5ad8c-9c6f-4cd3-ab28-5b1c07ac43a0	426702	1.0	confident	Alkalibacterium pelagium	Bacteria
e9ce69a0-9e26-4dae-9535-02a843d38abc	426702	1.0	confident	Alkalibacterium pelagium	Bacteria
b8d9638b-e0a8-497a-8045-43ae554a3ee1	426702	1.0	confident	Alkalibacterium pelagium	Bacteria
dbf37883-3161-49ab-8c2a-a1a3a0f6a075	426702	1.0	confident	Alkalibacterium pelagium	Bacteria
c3c015ca-4017-4ab0-b302-1b9cbef497bf	426702	1.0	confident	Alkalibacterium pelagium	Bacteria
a3f40b5b-1b48-497d-bb96-4d7a3643c524	426702	1.0	confident	Alkalibacterium pelagium	Bacteria
602ec996-07cf-41ed-b23d-25e96e9fb46e	426702	1.0	confident	Alkalibacterium pelagium	Bacteria
82901459-94f0-4ba1-aea5-b3970f1876bc	426702	1.0	confident	Alkalibacterium pelagium	Bacteria
00d52353-79f3-4315-a296-a1f773a68c1c	10003474	1.0	confident	Serratia marcescens	Bacteria
b94b2f66-df9b-4c9c-bec6-614c94e121e7	10003474	1.0	confident	Serratia marcescens	Bacteria
f10c7ac3-304c-45e2-ae35-b3439a9508a6	10003474	1.0	confident	Serratia marcescens	Bacteria
93ed1621-8a6c-49e0-88c6-699ab0b59a1a	10003474	1.0	confident	Serratia marcescens	Bacteria
d195232c-133c-4368-a08c-a02e67c880a1	10003474	1.0	confident	Serratia marcescens	Bacteria
de44cdf8-8948-4829-bc9a-80e0fd473f7c	10003474	1.0	confident	Serratia marcescens	Bacteria
b0b456e7-d133-4f40-bc71-1a95a433734b	10003474	1.0	confident	Serratia marcescens	Bacteria
9ba7fe78-c582-47c0-9641-1813622c1159	10003474	1.0	confident	Serratia marcescens	Bacteria
0a80941b-42b4-4f3f-b6fd-2ba4046c9626	10003474	1.0	confident	Serratia marcescens	Bacteria
479dd0a2-2d0a-40b7-9a11-f8a47c2e8bbf	10003474	1.0	confident	Serratia marcescens	Bacteria
bcaf71dd-0253-4867-bb42-8c7b6423d64f	10003474	1.0	confident	Serratia marcescens	Bacteria
7437269a-5b3a-466d-8572-b06392f80c60	10003474	1.0	confident	Serratia marcescens	Bacteria
343ecba4-4e3e-4e79-9f68-aa3415425023	10003474	1.0	confident	Serratia marcescens	Bacteria
db475aa1-34de-42dd-b3d0-db621449a7ac	10003474	1.0	confident	Serratia marcescens	Bacteria
e6f317a7-6a86-41a4-bfc7-fa22449e46d6	10003474	1.0	confident	Serratia marcescens	Bacteria
2307c7f7-da1d-460c-8245-cfd836b2bdf1	10003474	1.0	confident	Serratia marcescens	Bacteria
a371e0d8-eb19-44d8-925d-48d985e3a326	10003474	1.0	confident	Serratia marcescens	Bacteria
9cc26de3-b51e-448b-83ae-635faca33ef1	10003474	1.0	confident	Serratia marcescens	Bacteria
1cc1bf6e-55fc-45a8-b989-f8f23266ae4d	10003474	1.0	confident	Serratia marcescens	Bacteria
11b71421-2068-4494-98a4-8278a9cfc819	10003474	1.0	confident	Serratia marcescens	Bacteria
2555dab1-3f43-4db6-9c4a-1b3abd90a4e8	10003474	1.0	confident	Serratia marcescens	Bacteria
694b733b-cb07-4c14-b4f8-2d3a4a572e51	10003474	1.0	confident	Serratia marcescens	Bacteria
1c76f51b-88b5-4c59-b367-10e6c9ebd12c	10003474	1.0	confident	Serratia marcescens	Bacteria
bd29e4d0-8e02-4f6b-9bda-84e65a188547	10003474	1.0	confident	Serratia marcescens	Bacteria
25e8d755-2808-4032-8364-3868c368b605	10003474	1.0	confident	Serratia marcescens	Bacteria
4b0f9687-59c1-448f-bf11-21b21d8ecb6e	10003474	1.0	confident	Serratia marcescens	Bacteria
07fbe115-a811-4281-82ac-73ce4bbfd2a0	10003474	1.0	confident	Serratia marcescens	Bacteria
88a2f3cf-a962-4611-bc76-d479d7dbf523	10003474	1.0	confident	Serratia marcescens	Bacteria
b00850ba-1964-4478-a9d5-4238a0ecf11c	10003474	1.0	confident	Serratia marcescens	Bacteria
6f005c54-c12b-4d5b-917c-7f172304fb4e	10003474	1.0	confident	Serratia marcescens	Bacteria
b355b27d-7f4b-4daf-b19c-d338afa90a51	10003474	1.0	confident	Serratia marcescens	Bacteria
bf76e2ef-cd96-4086-a66c-33e2db0208b7	10003474	1.0	confident	Serratia marcescens	Bacteria
c4d7fc08-27f7-4dd6-a9e1-36345760aa2c	10003474	1.0	confident	Serratia marcescens	Bacteria
5b87388f-e10d-4b83-8618-c664f81e3f0d	10003474	1.0	confident	Serratia marcescens	Bacteria
a9c5f389-4159-48a0-bafa-1f2790724903	10003474	1.0	confident	Serratia marcescens	Bacteria
f5d5e101-cfab-4dfd-82c7-2df2cbacf1ec	10003474	1.0	confident	Serratia marcescens	Bacteria
6d536dfb-f9e4-49c8-9d23-3cc756d83091	10003474	1.0	confident	Serratia marcescens	Bacteria
171b04b0-2e50-46ee-8490-b9ad6871433a	10003474	1.0	confident	Serratia marcescens	Bacteria
add80753-8756-49db-8585-bbd53b390e55	10003474	1.0	confident	Serratia marcescens	Bacteria
5eeefd24-4200-4d70-ab23-9d39102c761a	10003474	1.0	confident	Serratia marcescens	Bacteria
189e5ab3-0fa3-420f-8fcc-37532d9c66d2	10003474	1.0	confident	Serratia marcescens	Bacteria
bc1112d6-78d1-4b28-b604-7d28ae92cc9f	10003474	1.0	confident	Serratia marcescens	Bacteria
1c843541-fc93-46c8-9024-3cb9589a4b22	10003474	1.0	confident	Serratia marcescens	Bacteria
b828b3ae-b860-46f3-a1c9-7b7dacd989f1	10003474	1.0	confident	Serratia marcescens	Bacteria
1bb556eb-90c8-4753-97d9-f11050bfc2ff	10003474	1.0	confident	Serratia marcescens	Bacteria
11d20051-5552-4402-8246-10abbef09684	10003474	1.0	confident	Serratia marcescens	Bacteria
9fc56c47-f60f-4f51-9b86-273821021ad7	10003474	1.0	confident	Serratia marcescens	Bacteria
a4beb9b1-8aa7-4c36-99db-349c878dc030	10003474	1.0	confident	Serratia marcescens	Bacteria
bc2312b5-02f2-41db-820e-3b9bd73ce8bb	10003474	1.0	confident	Serratia marcescens	Bacteria
c19b1171-06aa-4c16-b4af-7b28fdeac348	10003474	1.0	confident	Serratia marcescens	Bacteria
949ee3b5-1191-4b34-b0cd-9998207dba4b	10003474	1.0	confident	Serratia marcescens	Bacteria
54676c02-7c29-4d00-9bb3-3fdb52d9ac5b	10003474	1.0	confident	Serratia marcescens	Bacteria
4d5ad60e-08b8-46d7-a2cf-77df1f4bb8d4	10003474	1.0	confident	Serratia marcescens	Bacteria
ae0289d9-7c11-4318-a96d-144b62aba5a0	10003474	1.0	confident	Serratia marcescens	Bacteria
792dbb53-10c1-44c7-b6fc-57c25f8ef7a5	10003474	1.0	confident	Serratia marcescens	Bacteria
91ab4132-4c31-4fd4-ab5d-7292fe0a50e8	10003474	1.0	confident	Serratia marcescens	Bacteria
1822dacb-a17a-4790-be29-b82bdf1459b6	10003474	1.0	confident	Serratia marcescens	Bacteria
72576dc7-1a23-4a49-83ca-dd4d80c6a582	10003474	1.0	confident	Serratia marcescens	Bacteria
ff66cd5c-d147-45f7-a949-2f674015105e	10003474	1.0	confident	Serratia marcescens	Bacteria
fa8d76d3-4285-4f70-aa41-b051631414a6	10003474	1.0	confident	Serratia marcescens	Bacteria
55f7546e-f13e-493d-b91f-fe2b0b412f22	10003474	1.0	confident	Serratia marcescens	Bacteria
d7c02d44-5c11-490f-a89b-691c346d4dc6	10003474	1.0	confident	Serratia marcescens	Bacteria
95d32f01-0395-4cb3-a48d-96c5d94dc414	10003474	1.0	confident	Serratia marcescens	Bacteria
a8ceb525-4c08-4100-9e5d-08c291744247	10003474	1.0	confident	Serratia marcescens	Bacteria
30042248-94e3-4879-8bf3-6b3dbf49897f	10003474	1.0	confident	Serratia marcescens	Bacteria
a289c613-541f-4a89-bf1e-36e0b7f94098	10003474	1.0	confident	Serratia marcescens	Bacteria
6a2e3cd1-08ed-485a-8c1f-4d8014eae7b3	10003474	1.0	confident	Serratia marcescens	Bacteria
5ec0c886-a3ff-46c9-9aa5-014dc65c9189	10003474	1.0	confident	Serratia marcescens	Bacteria
796a63ac-10b3-4318-97ca-7e52fea16b11	10003474	1.0	confident	Serratia marcescens	Bacteria
cdaf35b2-c27d-4047-bccf-a205ea2fe3a6	10003474	1.0	confident	Serratia marcescens	Bacteria
c4ef1889-aeb7-4b54-beda-0d39c5950dd1	10003474	1.0	confident	Serratia marcescens	Bacteria
34541d40-7738-4937-ab0c-19d62751f822	10003474	1.0	confident	Serratia marcescens	Bacteria
1691e842-5ba8-4fce-8712-902c12f3be49	10003474	1.0	confident	Serratia marcescens	Bacteria
07625b12-3eee-4128-baa2-623659b6b484	10003474	1.0	confident	Serratia marcescens	Bacteria
086381a6-f082-4275-88f3-2d658046e3f4	10003474	1.0	confident	Serratia marcescens	Bacteria
e5b57e13-f7b8-404d-a336-56e8507a964c	10003474	1.0	confident	Serratia marcescens	Bacteria
b9ebf85f-2a23-4925-9ed5-edf54931cebc	10003474	1.0	confident	Serratia marcescens	Bacteria
6a015ffe-0190-4602-b812-109fd1b680bb	10003474	1.0	confident	Serratia marcescens	Bacteria
6d5d5996-e9ab-4216-8dcb-e07baa3fb729	10003474	1.0	confident	Serratia marcescens	Bacteria
1cfe7e42-865e-4693-82e8-3d3107befce2	10003474	1.0	confident	Serratia marcescens	Bacteria
97b07bd3-f130-46d0-9e16-52ed6140baa9	10003474	1.0	confident	Serratia marcescens	Bacteria
963d06a7-460a-4dd3-9b0f-4d6809d94b66	10003474	1.0	confident	Serratia marcescens	Bacteria
6645389f-dd49-4bfb-83c8-78d35e1dde76	10003474	1.0	confident	Serratia marcescens	Bacteria
b6170e37-0592-478c-a364-b59a4bdb6f51	10003474	1.0	confident	Serratia marcescens	Bacteria
b955d87a-28de-436a-9a5d-40375418eb1d	10003474	1.0	confident	Serratia marcescens	Bacteria
12501241-5601-4573-889b-d2a464e371b0	10003474	1.0	confident	Serratia marcescens	Bacteria
2101ab8b-2667-4f51-a133-0f1535d3a3f3	10003474	1.0	confident	Serratia marcescens	Bacteria
78ab5626-1785-4cae-b835-294dd696f0c0	10003474	1.0	confident	Serratia marcescens	Bacteria
a84345db-4fd8-44dd-92e1-7b62bde1a559	10003474	1.0	confident	Serratia marcescens	Bacteria
af097406-2c08-4f14-8947-3366b5f086a7	10003474	1.0	confident	Serratia marcescens	Bacteria
5dd257f1-54c1-4dfa-84fb-436fd2b44d3d	10003474	1.0	confident	Serratia marcescens	Bacteria
10e888ce-822c-477a-ab17-e5ff88c25748	10003474	1.0	confident	Serratia marcescens	Bacteria
9e2ed385-9f06-4805-bb7d-9cc539204b4b	10003474	1.0	confident	Serratia marcescens	Bacteria
9c5131b2-2fda-482a-93a0-4988e2c4d1b6	10003474	1.0	confident	Serratia marcescens	Bacteria
9887a04f-d819-4ce6-8d84-46550516b099	10003474	1.0	confident	Serratia marcescens	Bacteria
4d68c4d4-b154-42b1-8d26-a5811b41c101	10003474	1.0	confident	Serratia marcescens	Bacteria
2372d96a-b233-4980-9de3-b9050cf7b503	10003474	1.0	confident	Serratia marcescens	Bacteria
42c09900-7c6b-4f70-b131-9edeccd8158b	10003474	1.0	confident	Serratia marcescens	Bacteria
ed0c8253-4391-4b98-b8d4-e7e6b95e0222	10003474	1.0	confident	Serratia marcescens	Bacteria
00c6ee79-2d63-4319-97cb-b582b0e52209	10003474	1.0	confident	Serratia marcescens	Bacteria
3f96cb15-0837-4d53-97d4-c2a84b022579	10003474	1.0	confident	Serratia marcescens	Bacteria
8c4eaf7b-820a-456e-b527-45cc4b7693ae	10003474	1.0	confident	Serratia marcescens	Bacteria
ecd8a817-dded-4b10-ac95-ad00efef428b	10003474	1.0	confident	Serratia marcescens	Bacteria
9efd1e0f-9e69-4035-82b5-398a0342cddd	10003474	1.0	confident	Serratia marcescens	Bacteria
58f604cd-c7e1-4dd7-a651-4b8e7ad4e551	10003474	1.0	confident	Serratia marcescens	Bacteria
a64c1a2a-c537-47fa-810b-3c94e011da8c	10003474	1.0	confident	Serratia marcescens	Bacteria
23441434-754a-4839-9a17-6f13e9294f48	10003474	1.0	confident	Serratia marcescens	Bacteria
9b09fb19-d2cb-49e5-843a-ab83047adf79	10003474	1.0	confident	Serratia marcescens	Bacteria
9c16c0a2-bd24-4013-9d64-84c4e7d2477b	10003474	1.0	confident	Serratia marcescens	Bacteria
d99fee71-c033-40b9-bd85-dcd9ee98b138	10003474	1.0	confident	Serratia marcescens	Bacteria
ce92f036-5ac2-4697-b360-62a415c79cdc	10003474	1.0	confident	Serratia marcescens	Bacteria
a43a1254-8c2a-4ee6-96fc-6702b6f9aed5	10003474	1.0	confident	Serratia marcescens	Bacteria
edc17907-59e9-4c03-ab24-c933618cb9a5	10003474	1.0	confident	Serratia marcescens	Bacteria
4b27c70d-1c3f-420e-a7c2-fc64046b1634	10003474	1.0	confident	Serratia marcescens	Bacteria
f5c89dcb-3156-4b38-be5c-0f94c7c23a31	10003474	1.0	confident	Serratia marcescens	Bacteria
9e2ace3e-5019-4052-867e-0d7f61cf25b9	10003474	1.0	confident	Serratia marcescens	Bacteria
8a8d701b-8ba0-4629-b9d0-b4b1424d98c0	10003474	1.0	confident	Serratia marcescens	Bacteria
e6a3c845-817a-4a1d-b7be-b5fdf12c2448	10003474	1.0	confident	Serratia marcescens	Bacteria
53330ee7-341a-45bd-a9aa-99930f050f89	10003474	1.0	confident	Serratia marcescens	Bacteria
ddca5989-8174-4995-aa65-8a80072f5066	10003474	1.0	confident	Serratia marcescens	Bacteria
14f81ee0-20e0-486f-968b-8d618dce6800	10003474	1.0	confident	Serratia marcescens	Bacteria
10bc0ab9-2e52-4794-aaec-ee2ae85d16e8	10003474	1.0	confident	Serratia marcescens	Bacteria
da4f88cc-3504-44e6-baf3-71f33f596733	10003474	1.0	confident	Serratia marcescens	Bacteria
bc6bc1e0-0338-48d0-91b4-8d10668bbf41	10003474	1.0	confident	Serratia marcescens	Bacteria
7e47ace1-50a4-4989-98e3-86d54a9e6268	10003474	1.0	confident	Serratia marcescens	Bacteria
4e646638-f5ae-40bc-8b72-0d012e545d27	10003474	1.0	confident	Serratia marcescens	Bacteria
6c83142f-90c7-4e8f-b563-cc2d1e11883d	10003474	1.0	confident	Serratia marcescens	Bacteria
bcdf3b92-51e7-4a59-8f0d-c9ee60154e22	10003474	1.0	confident	Serratia marcescens	Bacteria
2dc94764-76a0-4ee7-95e6-f3b04fb60fd9	10003474	1.0	confident	Serratia marcescens	Bacteria
5127e861-e5aa-480e-bee9-d2c2aa958d6c	10003474	1.0	confident	Serratia marcescens	Bacteria
9e748aa8-7958-4ac4-a35a-b879d6369541	10003474	1.0	confident	Serratia marcescens	Bacteria
dd333381-fd83-4bf5-a413-83c637bcdcd4	10003474	1.0	confident	Serratia marcescens	Bacteria
246a299e-c136-48c3-a43b-85b50f9f6d47	10003474	1.0	confident	Serratia marcescens	Bacteria
a3097efa-638e-402f-847e-1c126085f209	10003474	1.0	confident	Serratia marcescens	Bacteria
c3760106-b1cf-4974-8df1-edda8be693a0	10003474	1.0	confident	Serratia marcescens	Bacteria
5e24b0ea-447e-4138-8aa1-1d3b9780c651	10003474	1.0	confident	Serratia marcescens	Bacteria
af722005-2e08-48bd-bbd0-ea10f60f180c	10003474	1.0	confident	Serratia marcescens	Bacteria
b770c0a1-c89b-4d6c-89f2-c7401f47b6ba	10003474	1.0	confident	Serratia marcescens	Bacteria
3cd82a97-0995-41ac-8340-62f65211d803	10003474	1.0	confident	Serratia marcescens	Bacteria
a898b532-e50e-4aee-91c4-a3de2b85fb6d	10003474	1.0	confident	Serratia marcescens	Bacteria
cea265ae-41b8-4213-b136-5969df48fa49	10003474	1.0	confident	Serratia marcescens	Bacteria
0c6472be-3d70-4649-8964-63a07eb99f32	10003474	1.0	confident	Serratia marcescens	Bacteria
d9f8afa3-bea8-4794-be61-551f0749e336	10003474	1.0	confident	Serratia marcescens	Bacteria
2e76ccf8-7f4d-4acf-be79-93e84413ad4e	10003474	1.0	confident	Serratia marcescens	Bacteria
c2658c02-8f4c-4ed0-a113-b5112e7d2e0e	10003474	1.0	confident	Serratia marcescens	Bacteria
1c1c3f4d-da27-43a7-b1cd-378e9b811b27	10003474	1.0	confident	Serratia marcescens	Bacteria
f8c8c686-617b-4e8e-958f-fa943a7bffd7	10003474	1.0	confident	Serratia marcescens	Bacteria
64621a28-575f-49cc-aad8-2165423caf96	10003474	1.0	confident	Serratia marcescens	Bacteria
d4011a56-c37a-4d54-87fe-71b35b725caa	10003474	1.0	confident	Serratia marcescens	Bacteria
3a583f33-d485-4d29-90ac-8c4450fe7bd4	10003474	1.0	confident	Serratia marcescens	Bacteria
b2b5438c-617c-46ce-b1ee-dd98a844871e	10003474	1.0	confident	Serratia marcescens	Bacteria
c96428c8-e5e4-4713-a710-6f7ea60ce2db	10003474	1.0	confident	Serratia marcescens	Bacteria
a5679827-c132-4177-880a-e13e538bb50c	10003474	1.0	confident	Serratia marcescens	Bacteria
596b0436-d67a-4d0d-afc2-e11130daf88a	10003474	1.0	confident	Serratia marcescens	Bacteria
561a9dad-0276-4ceb-b1d5-a4958bebd5ad	10003474	1.0	confident	Serratia marcescens	Bacteria
b014f04d-24c7-46ae-8448-ba18f0399d1f	10003474	1.0	confident	Serratia marcescens	Bacteria
f11c1e3f-8063-4548-b5a3-1d7dda704f53	10003474	1.0	confident	Serratia marcescens	Bacteria
0d2f0a44-f9b0-4e5d-bcff-b0322a16ff6a	10003474	1.0	confident	Serratia marcescens	Bacteria
c306185d-acf2-42ec-adad-43b4550ff5ef	10003474	1.0	confident	Serratia marcescens	Bacteria
59fddacd-6d19-4341-931c-d83483ecfca6	10003474	1.0	confident	Serratia marcescens	Bacteria
92bc7ff2-6c97-4316-b5f3-587aa46cae9b	10003474	1.0	confident	Serratia marcescens	Bacteria
286e783e-095a-4d1f-b6ad-d41414a0955f	10003474	1.0	confident	Serratia marcescens	Bacteria
24b7d74e-6b25-4f66-a1f7-276566e2f6a1	10003474	1.0	confident	Serratia marcescens	Bacteria
38ddb62e-0c29-43a5-a6ce-0566760f4103	10003474	1.0	confident	Serratia marcescens	Bacteria
3ae44d31-238a-4ddf-9411-c888ef822955	10003474	1.0	confident	Serratia marcescens	Bacteria
2eb3e74b-603e-43fd-8508-b143fc53760b	10003474	1.0	confident	Serratia marcescens	Bacteria
96219d08-c5be-4f9f-a1b2-f16ab40741be	10003474	1.0	confident	Serratia marcescens	Bacteria
852d8c2f-6389-4985-828f-f88a0a8dc5e4	10003474	1.0	confident	Serratia marcescens	Bacteria
aac11cab-163c-404a-82ec-8c8d4ac7ce2e	10003474	1.0	confident	Serratia marcescens	Bacteria
8518f93f-f80a-4630-9938-2ec4099fd820	10003474	1.0	confident	Serratia marcescens	Bacteria
c65b33b7-6c2a-4868-9acb-dc552c8a693b	10003474	1.0	confident	Serratia marcescens	Bacteria
3b5711aa-4672-45fb-9b10-fafadcc35996	10003474	1.0	confident	Serratia marcescens	Bacteria
75f08f70-757c-4065-a2b8-cc8fd4f44284	10003474	1.0	confident	Serratia marcescens	Bacteria
2e35432d-a4e1-4c19-9e15-54ff54dad508	10003474	1.0	confident	Serratia marcescens	Bacteria
387865ce-24d4-453a-a05c-9c003972f8d1	10003474	1.0	confident	Serratia marcescens	Bacteria
3293f8d1-aa8a-49ce-b5c6-bada0afcb23d	10003474	1.0	confident	Serratia marcescens	Bacteria
08a078c4-5426-44a0-ab58-f7e0bfe37677	10003474	1.0	confident	Serratia marcescens	Bacteria
b288637a-fde2-4a62-9833-6131e3b53e10	10003474	1.0	confident	Serratia marcescens	Bacteria
ce134d39-9bd0-4e83-a3fd-a164ae80dbd1	10003474	1.0	confident	Serratia marcescens	Bacteria
1ac2d7f1-58cc-4990-9d30-29e42a5d453d	10003474	1.0	confident	Serratia marcescens	Bacteria
d9adfa5b-4f3c-44ba-b3b8-837917eb50cc	10003474	1.0	confident	Serratia marcescens	Bacteria
d5f3ebbb-93c4-42fd-8584-2bf7271461ab	10003474	1.0	confident	Serratia marcescens	Bacteria
5147e2b2-6551-4acd-96b0-9e2f0a0b8f50	10003474	1.0	confident	Serratia marcescens	Bacteria
08e18c23-ef3c-4ab1-a8b3-a5860bb49f57	670289	1.0	confident	Adhaeribacter aerolatus	Bacteria
fe49f65b-0f0d-4be8-acb8-4889305c7481	670289	1.0	confident	Adhaeribacter aerolatus	Bacteria
8658a6cb-5ea6-42a7-9c95-97240794a945	670289	1.0	confident	Adhaeribacter aerolatus	Bacteria
7ce82029-425e-418e-b63f-a866f2bdf7cb	670289	1.0	confident	Adhaeribacter aerolatus	Bacteria
80757521-3010-4518-8ddf-e5ea546120ca	670289	1.0	confident	Adhaeribacter aerolatus	Bacteria
63c75ca3-cf52-4102-ac19-c593829cb526	670289	1.0	confident	Adhaeribacter aerolatus	Bacteria
ed57706b-395d-4bf5-a5b8-bffce68f3778	670289	1.0	confident	Adhaeribacter aerolatus	Bacteria
409e8de3-efe5-4c7b-ab36-fa50bdc8f1d3	670289	1.0	confident	Adhaeribacter aerolatus	Bacteria
4925d21b-602d-4749-b6dd-9c10ce6fa02a	670289	1.0	confident	Adhaeribacter aerolatus	Bacteria
53f467ad-8bd6-45e6-a1ab-72b8adb1dc1e	670289	1.0	confident	Adhaeribacter aerolatus	Bacteria
cda519b3-8501-494e-9417-d3cabea7a190	670289	1.0	confident	Adhaeribacter aerolatus	Bacteria
6e894109-8268-436f-b84f-698b9e00b133	670289	1.0	confident	Adhaeribacter aerolatus	Bacteria
568acec8-49a5-47c5-ace1-d5344f020fec	670289	1.0	confident	Adhaeribacter aerolatus	Bacteria
a26a9ab3-f70e-4df7-bb42-349d68e6ee94	670289	1.0	confident	Adhaeribacter aerolatus	Bacteria
a6355984-5bc0-4a85-8aca-7d1f5aeea1e0	670289	1.0	confident	Adhaeribacter aerolatus	Bacteria
2ed15b68-c2a3-4141-abac-1ac4a2fa4f69	670289	1.0	confident	Adhaeribacter aerolatus	Bacteria
2b994a4a-a9ca-45c8-92a9-b0d70c694c3d	670289	1.0	confident	Adhaeribacter aerolatus	Bacteria
b0e23af6-b568-42db-9205-fbf965e8f05b	670289	1.0	confident	Adhaeribacter aerolatus	Bacteria
a30d5d0d-a142-484b-a47a-b7c32e0a4f7a	670289	1.0	confident	Adhaeribacter aerolatus	Bacteria
deb55e3b-4b76-40ed-a720-0be31bdf9846	670289	1.0	confident	Adhaeribacter aerolatus	Bacteria
9d03710e-f0f9-40a7-a2a4-5e9de24b09f1	670289	1.0	confident	Adhaeribacter aerolatus	Bacteria
7706b435-b97e-4753-a6c3-4ccf2e9da2d2	670289	1.0	confident	Adhaeribacter aerolatus	Bacteria
286fe874-2407-455e-b3fe-240b63a0e302	670289	1.0	confident	Adhaeribacter aerolatus	Bacteria
0ae5210b-a1c2-41c0-8cd6-0246dbebfdf9	670289	1.0	confident	Adhaeribacter aerolatus	Bacteria
9731af36-bfb8-4aa4-a32f-ffa2eb8d5d83	1442381	1.0	confident	Dankookia rubra	Bacteria
0e115e62-b440-4669-bf84-b19a4803a9d9	1442381	1.0	confident	Dankookia rubra	Bacteria
204b479d-b250-43fd-a94c-b834b889409a	1442381	1.0	confident	Dankookia rubra	Bacteria
6e771988-e06f-4a84-9214-06a4bd569032	1442381	1.0	confident	Dankookia rubra	Bacteria
1aa331cf-de4d-470d-b4a6-7dddfe9aa16a	1442381	1.0	confident	Dankookia rubra	Bacteria
9106d9e5-8c92-4424-afa4-61ec96e8f714	1442381	1.0	confident	Dankookia rubra	Bacteria
b1df38f0-75f7-4e36-a0f5-db62f1873983	1442381	1.0	confident	Dankookia rubra	Bacteria
1bea98e5-add0-443a-b069-d5f398e40642	1442381	1.0	confident	Dankookia rubra	Bacteria
c3d88524-0f65-4027-8b65-bf232602f90b	1442381	1.0	confident	Dankookia rubra	Bacteria
1abe10e3-c331-4129-b75c-6712c05233e4	1442381	1.0	confident	Dankookia rubra	Bacteria
af8511f1-cf12-45c3-a003-5a50547d3271	1442381	1.0	confident	Dankookia rubra	Bacteria
39cdfd77-1b27-4116-a5bc-43731c6c3ba2	1442381	1.0	confident	Dankookia rubra	Bacteria
ec38b248-5c98-4ad7-810c-1d34712acb86	1442381	1.0	confident	Dankookia rubra	Bacteria
91e68aad-2bea-46c2-993e-3ba5c66a57e9	1442381	1.0	confident	Dankookia rubra	Bacteria
4996c1c2-f5e2-4755-97dd-daa1c232d792	1442381	1.0	confident	Dankookia rubra	Bacteria
26aebb3a-bf67-4965-a33b-6f79d5d3197f	1442381	1.0	confident	Dankookia rubra	Bacteria
82fcf047-38f2-46e8-9d2b-04f1665f8908	1442381	1.0	confident	Dankookia rubra	Bacteria
994cc062-8bc3-42e9-84bc-09a7beb567d8	1442381	1.0	confident	Dankookia rubra	Bacteria
0353f788-05e4-43e3-9bd5-4579e881192f	1442381	1.0	confident	Dankookia rubra	Bacteria
02d99d6c-0571-4878-8624-4ff0eeb107d2	1442381	1.0	confident	Dankookia rubra	Bacteria
3685230e-3028-44ae-9c9c-f5e99624c8b6	1442381	1.0	confident	Dankookia rubra	Bacteria
a057aa25-79cf-4852-942e-b062d68a5f92	1442381	1.0	confident	Dankookia rubra	Bacteria
ca773745-dae5-4801-8ffc-91c2f5ae0345	1442381	1.0	confident	Dankookia rubra	Bacteria
b48abe52-f2dd-4095-b70a-6af8e80317c4	1442381	1.0	confident	Dankookia rubra	Bacteria
c2e9b7a0-dddc-4c09-81b2-71655914668b	1442381	1.0	confident	Dankookia rubra	Bacteria
6f5eb387-9821-4d8d-9c13-80bafedd6987	1442381	1.0	confident	Dankookia rubra	Bacteria
fd478c02-02a4-4653-9be6-33d95739522e	1442381	1.0	confident	Dankookia rubra	Bacteria
03e93fb1-a8e2-4447-bac1-e1cc78b52340	1442381	1.0	confident	Dankookia rubra	Bacteria
a96c1789-be03-4339-81f4-6bd4c2fa2384	1442381	1.0	confident	Dankookia rubra	Bacteria
5434cae5-eea6-45e7-aa4b-2cdc8e76618c	1442381	1.0	confident	Dankookia rubra	Bacteria
81a038df-1dd7-41cd-847b-f1eadf80d5e3	1442381	1.0	confident	Dankookia rubra	Bacteria
aa63a902-8632-4d5d-8197-fd55dd1dbd0b	1442381	1.0	confident	Dankookia rubra	Bacteria
2ac9aae1-d913-4731-aa4c-459936d289e7	1442381	1.0	confident	Dankookia rubra	Bacteria
7eacba29-8ae2-4896-8f38-35bae1d580bc	1442381	1.0	confident	Dankookia rubra	Bacteria
cc881d7a-713d-4b45-896d-ca6ce3857b06	1442381	1.0	confident	Dankookia rubra	Bacteria
04c27a85-52b9-4a3a-8f61-f2b06493159c	1442381	1.0	confident	Dankookia rubra	Bacteria
69aa21bd-5119-478c-a2d3-51af240cdfc5	1442381	1.0	confident	Dankookia rubra	Bacteria
ed576c23-05ee-4fee-81c8-85db7eb68d6b	1442381	1.0	confident	Dankookia rubra	Bacteria
bdba7430-812f-4f17-8135-03e627f73b91	1442381	1.0	confident	Dankookia rubra	Bacteria
bc485da7-c583-4a75-96de-e2cc336a4851	1442381	1.0	confident	Dankookia rubra	Bacteria
e17de6f7-a1af-4fa1-b903-3de093c10c81	1442381	1.0	confident	Dankookia rubra	Bacteria
9c23a488-4ddb-40ce-bb95-e056830bf5f8	1442381	1.0	confident	Dankookia rubra	Bacteria
e3129611-26a9-4ff3-a08b-b6f80a2f6803	1442381	1.0	confident	Dankookia rubra	Bacteria
e7419ee9-97c8-4841-9425-ae642c81b7ea	1442381	1.0	confident	Dankookia rubra	Bacteria
8d465c41-9dc5-4233-b40e-d56b3fb32166	1442381	1.0	confident	Dankookia rubra	Bacteria
fd264376-8948-4232-ba51-4c0c11232715	1442381	1.0	confident	Dankookia rubra	Bacteria
dce0c29e-4119-4ef4-988e-2439fe5a02e6	1442381	1.0	confident	Dankookia rubra	Bacteria
b90995df-1256-4dcf-8b64-4a5895cee9ba	1442381	1.0	confident	Dankookia rubra	Bacteria
9c5f6729-ef19-4c71-ba94-6588002fd3b3	1442381	1.0	confident	Dankookia rubra	Bacteria
953d218a-877b-4d29-b91a-67fd3d5cbd1b	1442381	1.0	confident	Dankookia rubra	Bacteria
1aa72349-a5b8-4122-8aa0-9dd2e34c6ef3	1442381	1.0	confident	Dankookia rubra	Bacteria
8e9e13cc-13b4-42d4-8a0e-fa308ab52b37	1442381	1.0	confident	Dankookia rubra	Bacteria
df6df8a9-0b74-432a-90d3-2c8be666d731	1442381	1.0	confident	Dankookia rubra	Bacteria
012ea634-cf23-4079-95a7-c231e2547ab1	1442381	1.0	confident	Dankookia rubra	Bacteria
3a763084-5f2b-472c-926b-311b1b22493a	1442381	1.0	confident	Dankookia rubra	Bacteria
3218aee4-0a7a-4b33-8c42-45aee48d2f14	1442381	1.0	confident	Dankookia rubra	Bacteria
d5f1510e-e4ce-4628-9ff1-c361bb78f1ed	1442381	1.0	confident	Dankookia rubra	Bacteria
e7537ccf-40ae-45ac-9e9b-f0d48b374487	1442381	1.0	confident	Dankookia rubra	Bacteria
497f43d3-6a73-488f-a65f-4d5d26f81662	1442381	1.0	confident	Dankookia rubra	Bacteria
b97e4bb8-fd07-48f9-b58a-5a17db9e92fb	1442381	1.0	confident	Dankookia rubra	Bacteria
2d4771a9-0b38-4f6c-925c-0e00a3fa0f3d	1442381	1.0	confident	Dankookia rubra	Bacteria
13a1b64d-0f3b-4431-b717-d42a009cac28	1442381	1.0	confident	Dankookia rubra	Bacteria
59ac8d6d-4bd2-4f7a-bc72-c6a8540c6719	1442381	1.0	confident	Dankookia rubra	Bacteria
c53205be-40bd-4564-ac55-33fead16838a	1442381	1.0	confident	Dankookia rubra	Bacteria
0fe4b726-80d1-40b0-8d20-02bb822732c0	1442381	1.0	confident	Dankookia rubra	Bacteria
bd683a83-4df2-4dd5-8370-397836f2592c	1442381	1.0	confident	Dankookia rubra	Bacteria
72fd3ba0-c44f-4322-9146-ebde9ae5b19c	1442381	1.0	confident	Dankookia rubra	Bacteria
237fbd29-85cd-4e85-ac9a-dbc0ed96c945	1442381	1.0	confident	Dankookia rubra	Bacteria
cb3b28d9-2242-4de0-9b57-216e3782e87c	1442381	1.0	confident	Dankookia rubra	Bacteria
efe4ded7-8eb9-4091-847f-4ff9b94a4d09	1442381	1.0	confident	Dankookia rubra	Bacteria
2bcdbe64-ecd5-40aa-9261-a26611ad3efb	2082188	0.6314895280983501	medium	Sphingobium sp. YG1	Bacteria
85c4dff0-116a-438c-8fbe-7dd61e6e473e	2082188	0.6314895280983501	medium	Sphingobium sp. YG1	Bacteria
d332f525-ae73-44c3-b5b4-6104611c9675	2082188	0.6314895280983501	medium	Sphingobium sp. YG1	Bacteria
dd2d2aa2-1906-48b1-8732-03b8f35be40d	2082188	0.6314895280983501	medium	Sphingobium sp. YG1	Bacteria
4c1009e5-37ed-40ba-b490-6df4bad8811f	2082188	0.6314895280983501	medium	Sphingobium sp. YG1	Bacteria
462eb0bb-8f08-4a7f-bf8f-381989d668e7	2082188	0.6314895280983501	medium	Sphingobium sp. YG1	Bacteria
76042701-2c96-49c7-a987-81b7e18eecf6	2082188	0.6314895280983501	medium	Sphingobium sp. YG1	Bacteria
257d9e19-3072-4c99-b34d-6427f5946545	2082188	0.6314895280983492	medium	Sphingobium sp. YG1	Bacteria
e615e057-609d-4a9e-9a32-3e210193be9c	2082188	0.6314895280983501	medium	Sphingobium sp. YG1	Bacteria
db108e28-72d6-4b40-b5f0-9976e5672b7f	2082188	0.6314895280983501	medium	Sphingobium sp. YG1	Bacteria
57e1626f-bcf0-404d-b801-c89c2309e6ad	2082188	0.6314895280983492	medium	Sphingobium sp. YG1	Bacteria
5606088d-cb73-4d63-999c-0aec31afd79e	2082188	0.6314895280983509	medium	Sphingobium sp. YG1	Bacteria
f0bc0ce2-b5f3-4647-b4e0-2996e257a8ca	2082188	0.6314895280983501	medium	Sphingobium sp. YG1	Bacteria
00aaf61a-91d1-4b51-8f76-ed31f71bc0dc	2082188	0.6314895280983501	medium	Sphingobium sp. YG1	Bacteria
90a3b8e8-6466-4d09-b8ab-d135279b3eb0	2082188	0.6314895280983501	medium	Sphingobium sp. YG1	Bacteria
6a5eeb08-4c09-401f-9f54-d8197bf2b759	2082188	0.6314895280983501	medium	Sphingobium sp. YG1	Bacteria
4c67af79-5f7a-4ce4-969a-1c36faaed1f0	2082188	0.6314895280983476	medium	Sphingobium sp. YG1	Bacteria
1e6d7ae0-f982-4274-aa83-f1a789a96cb0	2082188	0.6314895280983501	medium	Sphingobium sp. YG1	Bacteria
956501ab-e663-4a76-8a0d-046f44e218ce	2082188	0.6314895280983501	medium	Sphingobium sp. YG1	Bacteria
12bcff15-1282-41b3-984e-0304953794ea	2082188	0.6314895280983492	medium	Sphingobium sp. YG1	Bacteria
b5ae688b-dc2e-408b-bf6c-dbcbaa2883f9	2082188	0.6314895280983501	medium	Sphingobium sp. YG1	Bacteria
ef70c1c4-b9d4-4ae5-a567-e3eb29349479	2082188	0.6314895280983509	medium	Sphingobium sp. YG1	Bacteria
db1e8ed3-d08f-41f3-995e-e9af3253b3f8	2082188	0.6314895280983492	medium	Sphingobium sp. YG1	Bacteria
f530cf16-93de-4dab-9b57-a39264ec2ca6	2082188	0.6314895280983497	medium	Sphingobium sp. YG1	Bacteria
89afcfef-9558-4ea4-a315-1a5d0135fd80	2082188	0.6314895280983501	medium	Sphingobium sp. YG1	Bacteria
f516b3e9-8d4b-4df4-afa2-d1656195e401	2082188	0.6314895280983509	medium	Sphingobium sp. YG1	Bacteria
44dd84f5-b4ae-489a-8573-2a4cfff43292	2082188	0.6314895280983492	medium	Sphingobium sp. YG1	Bacteria
7689b961-d055-4edd-9cc8-1f37d05ddc6a	2082188	0.6314895280983492	medium	Sphingobium sp. YG1	Bacteria
d641db1f-f4be-4540-b909-dd99846f7f60	2082188	0.7626715933397749	medium	Sphingobium sp. YG1	Bacteria
73906ab8-be62-46a5-a66f-830d346fd01d	2082188	0.6314895280983501	medium	Sphingobium sp. YG1	Bacteria
ebe5f3cf-9d01-45ab-a501-f0dce54fe0e0	2082188	0.6314895280983501	medium	Sphingobium sp. YG1	Bacteria
502fbeda-64a4-4d6b-975f-dc502718d0dd	2082188	0.6314895280983501	medium	Sphingobium sp. YG1	Bacteria
7faecaaa-3fa0-400f-9b52-7eb8dad7e6a3	2082188	0.6314895280983501	medium	Sphingobium sp. YG1	Bacteria
ab6d706b-e96b-4b96-baba-8880de5340c9	2082188	0.6314895280983501	medium	Sphingobium sp. YG1	Bacteria
3b5a6382-a0ac-4580-8443-9f17738da734	2082188	0.6314895280983501	medium	Sphingobium sp. YG1	Bacteria
53a2cecd-545b-4195-963c-ee7510cd4e37	2082188	0.6314895280983501	medium	Sphingobium sp. YG1	Bacteria
0d30e332-6af1-4426-8661-3ab3416361e1	2082188	0.6314895280983501	medium	Sphingobium sp. YG1	Bacteria
2a4087bc-0652-4396-a4b1-9bd8dbbb74c5	2082188	0.6314895280983492	medium	Sphingobium sp. YG1	Bacteria
2cefa2dc-d332-48ac-8ed0-fb296a50721d	2082188	0.6314895280983501	medium	Sphingobium sp. YG1	Bacteria
3e56c7af-112a-40be-a6fc-55366022f02a	2082188	0.6314895280983501	medium	Sphingobium sp. YG1	Bacteria
0c24fbd3-a7c5-4e4d-aae6-4f9935b9f2e7	2082188	0.6314895280983501	medium	Sphingobium sp. YG1	Bacteria
b4dec6a4-04ae-45a1-a948-5a1cea70a17d	2082188	0.6314895280983505	medium	Sphingobium sp. YG1	Bacteria
6616cf7b-6106-4694-b5f1-f9e810476857	2082188	0.6314895280983501	medium	Sphingobium sp. YG1	Bacteria
8f061b83-9fb7-4874-af63-d463c35a00dc	10002616	1.0	confident	Laceyella sacchari	Bacteria
cd0d8adc-aee7-4c83-8bcc-de4948de24db	2082188	0.6314895280983509	medium	Sphingobium sp. YG1	Bacteria
100ceeb2-a384-49b1-aaaf-d9e154638fbb	2082188	0.6314895280983501	medium	Sphingobium sp. YG1	Bacteria
2beb91ea-9647-474f-ac4b-ef292f4713a4	2082188	0.6314895280983501	medium	Sphingobium sp. YG1	Bacteria
011120e2-0ba1-4f49-90fa-c926ce230857	2082188	0.6314895280983501	medium	Sphingobium sp. YG1	Bacteria
333114bc-cfc3-414f-915e-298a50f9fe59	2082188	0.6314895280983501	medium	Sphingobium sp. YG1	Bacteria
211197e2-bc67-4ac4-b73e-cf653411f0d0	2082188	0.6314895280983501	medium	Sphingobium sp. YG1	Bacteria
adbada08-4968-4691-ae1b-471402fb6926	2082188	0.6314895280983509	medium	Sphingobium sp. YG1	Bacteria
dd41d0b9-c383-46c5-ac58-78df10bd2f71	2082188	0.6314895280983501	medium	Sphingobium sp. YG1	Bacteria
2dc95fd9-5aa8-483a-992b-8a36764cb2ef	2082188	0.6314895280983501	medium	Sphingobium sp. YG1	Bacteria
efa22802-0377-40ae-9f6f-8569adf8502b	2082188	0.6314895280983509	medium	Sphingobium sp. YG1	Bacteria
a75be047-747a-4a84-bbd3-c41e0f28ee49	2082188	0.6314895280983501	medium	Sphingobium sp. YG1	Bacteria
28863724-87c0-49c4-a154-d2b804e44af1	2082188	0.6314895280983501	medium	Sphingobium sp. YG1	Bacteria
2ae07424-bc30-4d79-aa6c-db527dcd25dd	2082188	0.6314895280983501	medium	Sphingobium sp. YG1	Bacteria
24be1926-b05f-4731-9ccc-36e24e30daa6	2082188	0.6314895280983509	medium	Sphingobium sp. YG1	Bacteria
263999f0-7062-4014-9d27-bc6fa7af62e8	2082188	0.6314895280983501	medium	Sphingobium sp. YG1	Bacteria
b8e1fad4-9d2d-4304-b299-3640a05e9baf	2082188	0.6314895280983492	medium	Sphingobium sp. YG1	Bacteria
6ffab86f-6336-421b-abf9-c2c613d22cca	2082188	0.6314895280983501	medium	Sphingobium sp. YG1	Bacteria
25a1db9b-2f53-45a2-8460-f291e65c7c2d	2082188	0.6314895280983501	medium	Sphingobium sp. YG1	Bacteria
af80e044-4908-4d8a-91f2-7e9e7ec667fd	333142	0.9418269497873756	high	Klenkia brasiliensis	Bacteria
532795fe-ea0e-40f2-b147-ca52aa3442c1	333142	0.9904460842167307	high	Klenkia brasiliensis	Bacteria
510514b5-cd42-4dd4-89c1-4d112eb7f097	333142	0.9556886597830052	high	Klenkia brasiliensis	Bacteria
292ff56f-9908-48a8-b93f-6027bd3aa8c5	333142	0.99053780975419	high	Klenkia brasiliensis	Bacteria
27edbd25-61b4-4de4-ae53-db94668cc6df	333142	0.9904409236331486	high	Klenkia brasiliensis	Bacteria
0dc192bb-03d1-4ec5-be29-86ecca5e2a80	333142	0.9904744453648092	high	Klenkia brasiliensis	Bacteria
672b10ec-0de2-4f69-83de-9e68c12b7eaf	333142	0.9905345233912296	high	Klenkia brasiliensis	Bacteria
f720d49b-2528-447f-8715-cd7266a3b889	333142	0.9906204485784824	high	Klenkia brasiliensis	Bacteria
c3ead0df-2111-4dc4-adff-fff7aebc1dc5	1859	1.0	confident	Frankia alni	Bacteria
4bc87e4f-7797-4545-9c83-5d4dedf20ba2	333142	0.9406832704564454	high	Klenkia brasiliensis	Bacteria
34528c0d-1af4-4375-9548-325da808d63b	1859	1.0	confident	Frankia alni	Bacteria
3516bd6a-8748-4176-af26-e89b34569ffe	1859	0.9908831573431056	high	Frankia alni	Bacteria
3522a271-3e22-4ce7-9a6f-91056ade8719	333142	0.9973282276739422	high	Klenkia brasiliensis	Bacteria
246ef615-134f-4e07-85d5-198302e63de5	333142	0.990489106595972	high	Klenkia brasiliensis	Bacteria
b6f4fa53-bf6b-4a80-9185-7ba313048006	333142	0.999354092623711	high	Klenkia brasiliensis	Bacteria
54f05cc2-657a-4d51-97d8-27b6da55152a	1859	0.982872077028743	high	Frankia alni	Bacteria
4bb3da3c-2557-4760-81de-2bd05912a5a9	333142	0.999916646563493	high	Klenkia brasiliensis	Bacteria
7e08c824-0e1a-4756-9fc6-4ccd310a07a4	333142	0.9675839813550392	high	Klenkia brasiliensis	Bacteria
a0d96d31-18b2-42c1-8dd5-2cc17b7e843e	333142	0.7918230278355205	medium	Klenkia brasiliensis	Bacteria
6fcbc3df-9165-4986-b927-2476d1312884	1859	0.9972149497813813	high	Frankia alni	Bacteria
8c7cf642-6660-4672-a5a1-b883b0902194	333142	0.7322769106951802	medium	Klenkia brasiliensis	Bacteria
a0f89f49-2b43-44bc-8f10-ec7b19962ca0	1859	1.0	confident	Frankia alni	Bacteria
b79af7d9-e3d6-4346-b21d-24939b192476	333142	0.9904490776422582	high	Klenkia brasiliensis	Bacteria
b1103544-3528-4052-a0fc-97155330c6a7	333142	0.9986374044903704	high	Klenkia brasiliensis	Bacteria
90c29b43-34ea-4ce7-a486-e6b575c9f006	1859	1.0	confident	Frankia alni	Bacteria
901ca53d-7b39-4575-be2c-adb3882808d6	333142	0.9996521846302372	high	Klenkia brasiliensis	Bacteria
bf0e1974-7281-422a-917f-e85a6d05c418	1859	1.0	confident	Frankia alni	Bacteria
3f37e88b-eca7-4b43-8c77-d3603f5018c0	1859	1.0	confident	Frankia alni	Bacteria
9f8d02b0-6212-4cf3-81f1-cbf6c049473b	1859	1.0	confident	Frankia alni	Bacteria
8019e553-6087-4aef-8e50-51e789794054	333142	0.99999900192827	high	Klenkia brasiliensis	Bacteria
0aeb1ebb-81bc-4a4e-8a69-36183d8e29da	333142	0.99588002457362	high	Klenkia brasiliensis	Bacteria
7fb626af-727b-4c52-860d-fb6b76e45442	1859	0.994803102925286	high	Frankia alni	Bacteria
8e000f02-20c4-472c-8e17-e7ef1166b6b9	333142	0.999999132721049	high	Klenkia brasiliensis	Bacteria
9dbdee0f-f43a-4cd3-a854-b0199e9ed454	1859	0.997233443478396	high	Frankia alni	Bacteria
4d303b55-aa6c-47e8-831b-9706ac7c147a	333142	0.9669958382603012	high	Klenkia brasiliensis	Bacteria
81de052f-a82c-421e-a15d-8444d082ce51	333142	0.9823021410568712	high	Klenkia brasiliensis	Bacteria
c5572ed5-5905-4cd8-9434-125ed547c3aa	333142	0.9708420160594058	high	Klenkia brasiliensis	Bacteria
0afb7678-1b69-4726-81a2-eaa9c29da2e0	333142	0.9905633651953551	high	Klenkia brasiliensis	Bacteria
46c53f9d-eeda-47c1-9028-d6dc7422c01c	333142	0.999999999823757	high	Klenkia brasiliensis	Bacteria
af345b7d-be81-4922-a6a6-fd43af03b29b	1859	0.9909163453572136	high	Frankia alni	Bacteria
2bd62760-eed0-4682-8e3f-ecf0aca0e225	1859	0.9993759156127412	high	Frankia alni	Bacteria
3c6b1365-4ec6-4cc0-ba58-ed1f887eab4a	333142	0.9904624088788068	high	Klenkia brasiliensis	Bacteria
981da7d7-c285-461e-b8aa-6819197923c4	333142	0.9821395737314385	high	Klenkia brasiliensis	Bacteria
09dacfa4-c3fa-4b29-8597-f6cc40ba9f16	1859	0.9901816574873292	high	Frankia alni	Bacteria
6d612da1-d54c-47f8-8722-ad341c5c38d0	1859	0.6822056129691766	medium	Frankia alni	Bacteria
837501bf-2d5c-47e3-b732-58d2e3c7ffff	333142	0.9987735853289492	high	Klenkia brasiliensis	Bacteria
1f54b15d-0190-4d9e-a031-c9187ddcd2f1	1859	1.0	confident	Frankia alni	Bacteria
1f7f9f77-5e36-4661-959c-3dd216a66238	333142	0.999993313591447	high	Klenkia brasiliensis	Bacteria
4270831a-0fb5-429b-abb0-f183c61172f2	1859	0.9993843918697012	high	Frankia alni	Bacteria
389f52e5-907b-4f7d-ab57-ef203da96d3e	333142	0.9320804118783368	high	Klenkia brasiliensis	Bacteria
e8151c1d-7b49-47ec-a4d8-23980936ffbc	1859	1.0	confident	Frankia alni	Bacteria
9fc7f37a-aaad-4162-a47c-69473a13b17f	1859	0.99051024692468	high	Frankia alni	Bacteria
e6ebc8f7-2f8a-445b-8c9c-ebddc11c346b	333142	0.9904023719538974	high	Klenkia brasiliensis	Bacteria
e6a89737-db51-4107-b094-e5a2305de271	333142	0.99489003374052	high	Klenkia brasiliensis	Bacteria
80e64b80-cd94-4a29-8d9d-a75616adffeb	333142	0.9903418759910658	high	Klenkia brasiliensis	Bacteria
d5f282a9-d42f-4262-82b4-905eefd9973c	333142	0.9996099224661572	high	Klenkia brasiliensis	Bacteria
97c26196-2efb-4302-8f6d-db87e56f960c	1859	0.9999999961273018	high	Frankia alni	Bacteria
d8777d89-bba9-49bd-bfd9-6a5fb07213bd	333142	0.9905223459772914	high	Klenkia brasiliensis	Bacteria
cd8706ac-c8f0-4e58-b0bd-52d460f565eb	1859	1.0	confident	Frankia alni	Bacteria
5ce8b825-3eb6-4310-9eb2-60281477a838	333142	0.9987698929059065	high	Klenkia brasiliensis	Bacteria
58498951-65bc-4b4a-be6d-6c5fde0176bb	333142	0.9987658976132416	high	Klenkia brasiliensis	Bacteria
de9ec9c9-56d1-457a-9b0d-688a88a12ae5	73120	1.0	confident	Lautropia_sp.	Bacteria
949d62f4-3b88-44b8-b7b5-6dd3cdf429b1	73120	1.0	confident	Lautropia_sp.	Bacteria
76acf78e-6c2d-4d40-bda9-72053ce12f3c	73120	1.0	confident	Lautropia_sp.	Bacteria
0cd95758-7fb8-4cb4-bede-60b1d3dbbd58	73120	1.0	confident	Lautropia_sp.	Bacteria
88f7623b-5758-4da5-b3f8-d136d15c0971	73120	1.0	confident	Lautropia_sp.	Bacteria
476adc65-df8a-4d0d-a609-16db3449bee0	73120	1.0	confident	Lautropia_sp.	Bacteria
c832cb87-7507-4c71-bd32-6df65be04db4	73120	1.0	confident	Lautropia_sp.	Bacteria
559d7e2f-890f-46db-96f2-b0419afa9f6a	73120	1.0	confident	Lautropia_sp.	Bacteria
29876c0d-a7d4-415f-bed9-a71d573d7059	73120	1.0	confident	Lautropia_sp.	Bacteria
e424f3c6-c199-412d-91d5-cc33577e6eea	73120	1.0	confident	Lautropia_sp.	Bacteria
3711bd97-d6fe-45ab-8335-268954e0354d	73120	1.0	confident	Lautropia_sp.	Bacteria
9401c5e2-9b00-4942-9a82-9c22dc2b9cc6	73120	1.0	confident	Lautropia_sp.	Bacteria
ffca3783-e88f-479a-a5e1-46a88a0e594b	73120	1.0	confident	Lautropia_sp.	Bacteria
8a863e84-7132-42ad-ba8f-bc91cde58513	73120	1.0	confident	Lautropia_sp.	Bacteria
6bda8402-38ed-42e7-8150-daa44569c120	73120	1.0	confident	Lautropia_sp.	Bacteria
0ca2ce42-7880-4921-be28-2da04deeaef0	73120	1.0	confident	Lautropia_sp.	Bacteria
566101be-6810-4949-aac8-dc7666edc7d4	73120	1.0	confident	Lautropia_sp.	Bacteria
531e1c07-070b-4a1e-8383-b7207b3186d5	73120	1.0	confident	Lautropia_sp.	Bacteria
053837ac-65e5-4850-a607-4b4c456a6317	73120	1.0	confident	Lautropia_sp.	Bacteria
aea8b97c-cbf0-42c3-aa15-0b1c13655f89	73120	1.0	confident	Lautropia_sp.	Bacteria
3d245d2b-17dd-4fe9-8060-2114f65570f8	73120	1.0	confident	Lautropia_sp.	Bacteria
20e3e25e-c20a-4c70-81ac-a07f333ddecf	73120	1.0	confident	Lautropia_sp.	Bacteria
3bec8853-e41a-4f9a-add1-2676250044cd	73120	1.0	confident	Lautropia_sp.	Bacteria
2d2b3e99-fe5a-4167-8019-b662272f4175	73120	1.0	confident	Lautropia_sp.	Bacteria
2247b15e-30aa-4de5-9cdf-b63e19252e6c	73120	1.0	confident	Lautropia_sp.	Bacteria
b862cc49-067f-4d6d-ad34-4d7e3d94a741	73120	1.0	confident	Lautropia_sp.	Bacteria
4633834f-6961-4151-ac76-3e3631a57a5b	73120	1.0	confident	Lautropia_sp.	Bacteria
63298263-7052-48e9-913a-f8ebc0914638	73120	1.0	confident	Lautropia_sp.	Bacteria
9eae6d75-983c-4632-9dac-6b021d073562	73120	1.0	confident	Lautropia_sp.	Bacteria
1c30d6a4-ef0d-4f5e-bad2-250b1459d7c5	73120	1.0	confident	Lautropia_sp.	Bacteria
a5400f73-ade9-44cc-9113-ded07c4ea1de	73120	1.0	confident	Lautropia_sp.	Bacteria
b2660e57-5715-44ff-bb3a-c3918c6e2cd0	73120	1.0	confident	Lautropia_sp.	Bacteria
4ad27164-c26b-401a-b0f3-7be2dce899a3	73120	1.0	confident	Lautropia_sp.	Bacteria
82fc44bb-38dd-4c97-b702-996217b8193d	73120	1.0	confident	Lautropia_sp.	Bacteria
5d71761c-7a21-4213-b8b7-ebbfe992e7df	73120	1.0	confident	Lautropia_sp.	Bacteria
7af792d6-06f0-4294-86be-567b97c8d6c3	73120	1.0	confident	Lautropia_sp.	Bacteria
2983bbee-674f-418e-b24f-e091145b1090	73120	1.0	confident	Lautropia_sp.	Bacteria
63e81db5-906c-40f7-9c13-072f45c6ff7c	73120	1.0	confident	Lautropia_sp.	Bacteria
5975e56b-248d-46c9-a309-45e36cf62a3d	1302689	1.0	confident	Mucilaginibacter polytrichastri	Bacteria
53ab675d-2e62-4294-955a-b2e7bf7ba1af	1302689	1.0	confident	Mucilaginibacter polytrichastri	Bacteria
82bf7611-a744-4acd-9437-a4faa07b22c2	1302689	1.0	confident	Mucilaginibacter polytrichastri	Bacteria
046e0f76-7e75-4d48-af1f-ea5318f39438	1302689	1.0	confident	Mucilaginibacter polytrichastri	Bacteria
ecdca03f-b430-4f07-ad49-349103fbf935	1302689	1.0	confident	Mucilaginibacter polytrichastri	Bacteria
4889db4d-bfd6-4995-8d43-bc11185bbbfa	1302689	1.0	confident	Mucilaginibacter polytrichastri	Bacteria
faa9e794-de1f-4c0f-b6ca-feb0d23fac2c	1302689	1.0	confident	Mucilaginibacter polytrichastri	Bacteria
7326b40d-ae48-44f8-afa0-12bb4b9080fc	1302689	1.0	confident	Mucilaginibacter polytrichastri	Bacteria
28dd746f-41b0-4b40-96e1-4e007a890811	1302689	1.0	confident	Mucilaginibacter polytrichastri	Bacteria
62d174c0-8557-4213-afb5-a2bb29a824eb	1302689	1.0	confident	Mucilaginibacter polytrichastri	Bacteria
8d1f51e9-37c7-46ff-84f6-e2406643937e	1302689	1.0	confident	Mucilaginibacter polytrichastri	Bacteria
bb687838-eaa2-4069-b3bf-c987d837aeb0	1302689	1.0	confident	Mucilaginibacter polytrichastri	Bacteria
a1fa33e9-1c80-45df-a727-9b5502905b29	1302689	1.0	confident	Mucilaginibacter polytrichastri	Bacteria
45545d03-76a1-496d-bb83-5fd4d7346f95	1302689	1.0	confident	Mucilaginibacter polytrichastri	Bacteria
9e7ea91a-5750-4e42-bdf6-2c2fd3662fec	1302689	1.0	confident	Mucilaginibacter polytrichastri	Bacteria
9b452090-b784-4096-b6c3-b473f19a5389	1302689	1.0	confident	Mucilaginibacter polytrichastri	Bacteria
3ea1bbd5-654d-4b1f-9995-7b378eb6ae15	1302689	1.0	confident	Mucilaginibacter polytrichastri	Bacteria
2a5adab8-44f2-409f-9a30-9d62558e3019	1302689	1.0	confident	Mucilaginibacter polytrichastri	Bacteria
d9358441-2c16-4c8e-b20e-38312983a4c1	1302689	1.0	confident	Mucilaginibacter polytrichastri	Bacteria
e06b2fa9-9b2f-439c-8967-c407f7479605	1302689	1.0	confident	Mucilaginibacter polytrichastri	Bacteria
18c281b0-a62e-4117-a9bd-93f081ebceaf	1302689	1.0	confident	Mucilaginibacter polytrichastri	Bacteria
02983df6-53c3-44aa-9247-a75aed57a415	1302689	1.0	confident	Mucilaginibacter polytrichastri	Bacteria
b4054069-b84a-4a55-9870-50581614d762	1302689	1.0	confident	Mucilaginibacter polytrichastri	Bacteria
507bb859-a570-4ce0-ac3c-42dc65e23c83	1302689	1.0	confident	Mucilaginibacter polytrichastri	Bacteria
085ee39f-9982-4b34-b9d5-be58cd558cc8	1302689	1.0	confident	Mucilaginibacter polytrichastri	Bacteria
22be73b0-4cca-41ab-9091-2c6b7393f2c5	1302689	1.0	confident	Mucilaginibacter polytrichastri	Bacteria
ac754785-4af1-4708-98b3-f9e7ed79370a	1302689	1.0	confident	Mucilaginibacter polytrichastri	Bacteria
c46e3a92-48c2-40a7-bde5-3e01298b7d2d	1302689	1.0	confident	Mucilaginibacter polytrichastri	Bacteria
211ce52a-1eb4-4b49-a12d-afce19254515	1302689	1.0	confident	Mucilaginibacter polytrichastri	Bacteria
808aaaaa-583f-4ff5-82ea-2630d41835b3	1302689	1.0	confident	Mucilaginibacter polytrichastri	Bacteria
0bc34803-1b7d-4c3d-b2ed-e72b7d331e24	1302689	1.0	confident	Mucilaginibacter polytrichastri	Bacteria
5b88918a-4355-47ca-9d2c-a61fa98e1257	1302689	1.0	confident	Mucilaginibacter polytrichastri	Bacteria
1efcba2a-ff0c-4a1c-b182-6ffb6ae6cae0	1302689	1.0	confident	Mucilaginibacter polytrichastri	Bacteria
bf1a8cef-02cd-42b9-b482-c1473bf7fc97	1302689	1.0	confident	Mucilaginibacter polytrichastri	Bacteria
5e5268f5-f9ff-4c52-a697-583d76cded21	1302689	1.0	confident	Mucilaginibacter polytrichastri	Bacteria
dbeb3076-6027-4457-9ddc-a6f615e9e69b	1302689	1.0	confident	Mucilaginibacter polytrichastri	Bacteria
15d6a890-5930-46d8-916c-25b8aff96a7e	1302689	1.0	confident	Mucilaginibacter polytrichastri	Bacteria
f18c15b1-6b7e-43fc-bb37-ce94f93a547d	1302689	1.0	confident	Mucilaginibacter polytrichastri	Bacteria
fc034052-1b99-41b5-a732-fcf918fddf95	1302689	1.0	confident	Mucilaginibacter polytrichastri	Bacteria
95a73914-827d-4667-8bde-9001e1fb9497	1302689	1.0	confident	Mucilaginibacter polytrichastri	Bacteria
ded4ca4a-0040-4b58-8e48-1ab9ad03be84	1302689	1.0	confident	Mucilaginibacter polytrichastri	Bacteria
3446b8b1-eb63-43bf-8fce-c2f4a9ca908a	1302689	1.0	confident	Mucilaginibacter polytrichastri	Bacteria
48516d2a-bfac-494a-ab42-4c215eed617f	1302689	1.0	confident	Mucilaginibacter polytrichastri	Bacteria
40e3e410-4b6d-4186-ba4b-36737ac1a177	1302689	1.0	confident	Mucilaginibacter polytrichastri	Bacteria
c438e06c-e89f-47c5-8608-4b671be7688f	1302689	1.0	confident	Mucilaginibacter polytrichastri	Bacteria
e89b09ef-5f6a-4acb-b773-56635814bd52	1302689	1.0	confident	Mucilaginibacter polytrichastri	Bacteria
f27d067a-1665-4405-952c-7b73e37bd0a2	1302689	1.0	confident	Mucilaginibacter polytrichastri	Bacteria
86cb1fd0-da92-4da0-a02e-e6cec29d648c	1302689	1.0	confident	Mucilaginibacter polytrichastri	Bacteria
08861909-9b90-4ab1-a235-d2c30414bb97	1302689	1.0	confident	Mucilaginibacter polytrichastri	Bacteria
58b2e348-73e5-4cdf-9c1b-fbeb3253e65e	1302689	1.0	confident	Mucilaginibacter polytrichastri	Bacteria
0beba118-4b48-4c3d-8c73-d507311de7ae	1302689	1.0	confident	Mucilaginibacter polytrichastri	Bacteria
6081aa44-7b6a-48e6-9568-17f81c18f55a	1302689	1.0	confident	Mucilaginibacter polytrichastri	Bacteria
95e36139-1205-4aa6-83dd-5d54ee4feb7a	1302689	1.0	confident	Mucilaginibacter polytrichastri	Bacteria
a5c4718c-30fb-4693-a449-53bf3354274e	1302689	1.0	confident	Mucilaginibacter polytrichastri	Bacteria
35ac94ad-5b49-4d20-81b3-db69a539f6d5	1302689	1.0	confident	Mucilaginibacter polytrichastri	Bacteria
ec99c58e-56dd-41f7-af4a-fd0e48382095	1302689	1.0	confident	Mucilaginibacter polytrichastri	Bacteria
d02142da-4cd2-45b1-a2de-f81632523a1a	1302689	1.0	confident	Mucilaginibacter polytrichastri	Bacteria
182b46ad-56e7-43eb-9384-e0396082f3a4	1302689	1.0	confident	Mucilaginibacter polytrichastri	Bacteria
f4b51ff3-a5cf-44d3-bea1-57409141a222	1302689	1.0	confident	Mucilaginibacter polytrichastri	Bacteria
d8e8fb0e-5bed-43bf-b77d-d8653e92ef68	1302689	1.0	confident	Mucilaginibacter polytrichastri	Bacteria
f9f6df07-a786-4f32-b4c9-2143244b6d63	1302689	1.0	confident	Mucilaginibacter polytrichastri	Bacteria
f1548c89-c61f-409e-a59a-f98e6d00e36f	1302689	1.0	confident	Mucilaginibacter polytrichastri	Bacteria
1cd9bc29-e443-44a5-ae87-0b2850e08130	1302689	1.0	confident	Mucilaginibacter polytrichastri	Bacteria
5faa4335-b260-4c14-a847-5efadbe4fdbe	1302689	1.0	confident	Mucilaginibacter polytrichastri	Bacteria
c5c4c7f6-b5c6-4b62-95d6-6b77eb131ff1	1302689	1.0	confident	Mucilaginibacter polytrichastri	Bacteria
770b6438-20b4-41fe-82ff-88624983473b	1302689	1.0	confident	Mucilaginibacter polytrichastri	Bacteria
764873ad-7805-4f0a-a38e-7b58650724d9	1302689	1.0	confident	Mucilaginibacter polytrichastri	Bacteria
987a2a9e-8dda-41da-9433-b8280c5a60f5	1302689	1.0	confident	Mucilaginibacter polytrichastri	Bacteria
2198baed-4e78-463f-921c-901fdb8195f6	1302689	1.0	confident	Mucilaginibacter polytrichastri	Bacteria
6adffb1a-aa91-4533-b72c-9a5d25a8d8ef	1302689	1.0	confident	Mucilaginibacter polytrichastri	Bacteria
ec2230f7-3c44-4cc0-bbe6-320028c1a86b	1302689	1.0	confident	Mucilaginibacter polytrichastri	Bacteria
dcbb7268-f2db-4e29-b7dc-484878f30d77	1302689	1.0	confident	Mucilaginibacter polytrichastri	Bacteria
9f3fcfee-2e8a-434d-83e9-372308e8571c	1302689	1.0	confident	Mucilaginibacter polytrichastri	Bacteria
5e5eeed3-6cbe-41d7-b216-0840a468c020	1302689	1.0	confident	Mucilaginibacter polytrichastri	Bacteria
90063736-db1a-450e-b98f-ffcbb5ac153a	1302689	1.0	confident	Mucilaginibacter polytrichastri	Bacteria
0fd9bfed-13d3-4906-8004-d4efb206a23a	1302689	1.0	confident	Mucilaginibacter polytrichastri	Bacteria
795cc755-3c8b-4dbf-a976-6c437155b25b	1302689	1.0	confident	Mucilaginibacter polytrichastri	Bacteria
4707f9f2-bbed-4f63-b569-d1a87b17ec62	1302689	1.0	confident	Mucilaginibacter polytrichastri	Bacteria
3f942bbf-10b8-4a93-b44b-d70673f435a0	1302689	1.0	confident	Mucilaginibacter polytrichastri	Bacteria
ddc9a71a-d440-4b0c-8c10-cea281e7715c	1302689	1.0	confident	Mucilaginibacter polytrichastri	Bacteria
191d9a7b-d23e-43bb-82d5-72de8f0d18c1	1302689	1.0	confident	Mucilaginibacter polytrichastri	Bacteria
94f9d3b7-0dfc-44e7-aae7-cf98d3c6a75f	1302689	1.0	confident	Mucilaginibacter polytrichastri	Bacteria
c9213f68-2d0f-418c-be22-8bba6610faf5	1302689	1.0	confident	Mucilaginibacter polytrichastri	Bacteria
c5b72171-8fcf-4f31-ac72-3fc629142e37	1302689	1.0	confident	Mucilaginibacter polytrichastri	Bacteria
e720bf0b-839a-4bd5-b219-f590d14ac2d7	1302689	1.0	confident	Mucilaginibacter polytrichastri	Bacteria
456cdee9-76ef-463c-80f6-a140dc36505c	1302689	1.0	confident	Mucilaginibacter polytrichastri	Bacteria
5ceca809-2464-4add-9cb8-728f25df0bea	1302689	1.0	confident	Mucilaginibacter polytrichastri	Bacteria
2d7b7b8d-0db1-4a85-b75f-9dad19036861	1302689	1.0	confident	Mucilaginibacter polytrichastri	Bacteria
a782f563-cc60-4583-9470-b84db2eb3394	1302689	1.0	confident	Mucilaginibacter polytrichastri	Bacteria
9bf3ee76-6930-4555-84f8-0f1119e72058	1302689	1.0	confident	Mucilaginibacter polytrichastri	Bacteria
06265fe0-6179-497e-8b3b-e237cef3cedf	1302689	1.0	confident	Mucilaginibacter polytrichastri	Bacteria
a683d50a-bbdb-48a5-9032-67908b3b52e2	1302689	1.0	confident	Mucilaginibacter polytrichastri	Bacteria
a3c3e167-271e-459b-a167-e687d8deb6db	1302689	1.0	confident	Mucilaginibacter polytrichastri	Bacteria
7d224be5-2d8e-47d3-b0ca-4362eb94934c	1302689	1.0	confident	Mucilaginibacter polytrichastri	Bacteria
7163fc3b-85c0-4b94-86f2-1f6d3ec522b8	1302689	1.0	confident	Mucilaginibacter polytrichastri	Bacteria
24a17a80-2807-4078-9014-6962a9f5a800	303	1.0	confident	Pseudomonas putida	Bacteria
43232696-c475-4672-b3e2-c1150a6941a4	303	1.0	confident	Pseudomonas putida	Bacteria
3eff9037-4c70-4c29-882e-f93e95f69b8c	303	1.0	confident	Pseudomonas putida	Bacteria
1671e7d6-07d8-44bc-b7ae-3405f038d6dc	303	1.0	confident	Pseudomonas putida	Bacteria
0ae15761-bc75-488d-984c-b6a3b35c0e31	10003601	0.9999063491451896	high	Pseudomonas fulva	Bacteria
17575a0c-bf53-48a7-90ff-db85671f0c4b	303	1.0	confident	Pseudomonas putida	Bacteria
054b0faa-f5f9-4889-986c-0626e80603b7	10003601	0.9998245326611503	high	Pseudomonas fulva	Bacteria
9da67bfe-38c3-41bd-a34a-9809a452fb22	10003601	0.9997284458957144	high	Pseudomonas fulva	Bacteria
a6fbe698-4b44-4b7a-98b0-b08a7ae14548	10003601	0.6193323931652083	medium	Pseudomonas fulva	Bacteria
dfbbb8f5-cda5-4f4c-b49b-de6409be5ecb	303	1.0	confident	Pseudomonas putida	Bacteria
6b7caf70-0623-4751-8f88-5bd2d0f0d555	303	1.0	confident	Pseudomonas putida	Bacteria
277a03e6-5b71-4350-b338-aa6e7c38f4e8	10003601	0.999671326815335	high	Pseudomonas fulva	Bacteria
0525f45b-ff02-4bf7-b720-db5ae14e819e	303	1.0	confident	Pseudomonas putida	Bacteria
7ac7fcd9-44c6-4216-88e1-c1d7414e40cd	303	1.0	confident	Pseudomonas putida	Bacteria
58ad1640-11f0-4d9e-aa75-5f68a4b169fe	303	1.0	confident	Pseudomonas putida	Bacteria
117871f1-8b77-4b6a-beaa-4b9cb9e5efee	10003601	1.0	confident	Pseudomonas fulva	Bacteria
1a8d1215-4f4d-4a4d-b40b-19c4fb1dcd84	10003601	1.0	confident	Pseudomonas fulva	Bacteria
35024f40-cf0b-4b1b-98cd-b285166d07df	10003601	1.0	confident	Pseudomonas fulva	Bacteria
66a53f0a-2c9c-4390-9bff-8f08c819a3c6	10003601	1.0	confident	Pseudomonas fulva	Bacteria
1d9e0760-faea-45c0-94f4-308538395348	10003601	1.0	confident	Pseudomonas fulva	Bacteria
3ab91cae-b841-40bb-bb7d-3427d845dc67	10003601	1.0	confident	Pseudomonas fulva	Bacteria
0b2becf3-34cc-460c-8c87-14e9cf1c1278	10003601	1.0	confident	Pseudomonas fulva	Bacteria
a5a31cad-64e3-4a87-99d5-f946c7d46e19	10003601	1.0	confident	Pseudomonas fulva	Bacteria
1879f9d6-9b06-4066-a92d-7926e05f01fb	10003601	1.0	confident	Pseudomonas fulva	Bacteria
a553669b-e5ca-4670-aa84-f61179a6e197	10003601	1.0	confident	Pseudomonas fulva	Bacteria
d7c0bf5f-9004-4d2b-a886-5812ec6c65af	10003601	1.0	confident	Pseudomonas fulva	Bacteria
235463c5-e897-4fb8-b0c1-f29611581bc1	10003601	1.0	confident	Pseudomonas fulva	Bacteria
993e8681-79f0-447f-9f50-bac7307df59b	10003601	1.0	confident	Pseudomonas fulva	Bacteria
bc837ae8-30fb-4574-9673-6e49552e28e6	10003601	1.0	confident	Pseudomonas fulva	Bacteria
b5dea924-ee0d-4b9b-aeb9-ed8bda7419e2	10003601	1.0	confident	Pseudomonas fulva	Bacteria
67be3214-7954-4a47-bba7-db12c5731ee0	10003601	1.0	confident	Pseudomonas fulva	Bacteria
6b5927ea-a6ef-490f-8ac1-56961424a4dd	10003601	1.0	confident	Pseudomonas fulva	Bacteria
c7886805-a1d9-44e4-8ca0-5dc0aa48111f	10003601	1.0	confident	Pseudomonas fulva	Bacteria
3adf6a6e-20c2-4a37-a9d4-e4521ad4e021	10003601	1.0	confident	Pseudomonas fulva	Bacteria
045050d3-6d2f-4a4c-bd41-36b2e967a719	10003601	1.0	confident	Pseudomonas fulva	Bacteria
4bbe5084-5ef2-4363-8e6f-c507742afccb	10003601	1.0	confident	Pseudomonas fulva	Bacteria
3f9d1967-4c15-4e6c-a00b-c62f30992291	10003601	1.0	confident	Pseudomonas fulva	Bacteria
5839b608-c232-40f1-ab9e-e071eb23a2a5	10003601	1.0	confident	Pseudomonas fulva	Bacteria
0ee7812d-0d27-4940-b843-882c209c3940	10003601	1.0	confident	Pseudomonas fulva	Bacteria
cba134fb-c1ef-4a15-931b-b7bea8da6050	10003601	1.0	confident	Pseudomonas fulva	Bacteria
72a2f107-07ac-4b87-8459-fcb971aacad6	10003601	1.0	confident	Pseudomonas fulva	Bacteria
89a32901-55ce-47fb-ab52-37ba538a543c	10003601	1.0	confident	Pseudomonas fulva	Bacteria
8788f4c8-8cc7-4fc5-a6bb-984f4f7b1fb1	52021	1.0	confident	Halomonas desiderata	Bacteria
9dd4c4c3-8552-4e9c-8708-eaa3ebe649d6	52021	1.0	confident	Halomonas desiderata	Bacteria
a5cf327f-172d-436a-8ac9-705112eb9e13	52021	1.0	confident	Halomonas desiderata	Bacteria
92559900-8f29-4222-b932-4ee34f5a2c51	52021	1.0	confident	Halomonas desiderata	Bacteria
80cdb289-678e-4095-9b6c-1aeb1800251b	52021	1.0	confident	Halomonas desiderata	Bacteria
db4b11e1-b9a6-49e8-9e65-aa4da24a7847	52021	1.0	confident	Halomonas desiderata	Bacteria
cb593998-c0ae-42ca-b946-778c19cae084	52021	1.0	confident	Halomonas desiderata	Bacteria
741ea2f7-c973-455e-a55e-848e68c63570	52021	1.0	confident	Halomonas desiderata	Bacteria
9f79a208-0548-4fc0-ba20-ec1da282fd88	52021	1.0	confident	Halomonas desiderata	Bacteria
060949b1-671d-4b14-8a2b-d8a1dff067de	52021	1.0	confident	Halomonas desiderata	Bacteria
152d6457-a602-467c-9892-ed83ef300900	52021	1.0	confident	Halomonas desiderata	Bacteria
e483878c-8360-4989-bca0-8d875c39789c	52021	1.0	confident	Halomonas desiderata	Bacteria
df145993-8abb-44cc-970a-1f4bc71ebd41	52021	1.0	confident	Halomonas desiderata	Bacteria
5cb06da0-d5e3-465a-be0b-ed486e6fba7e	52021	1.0	confident	Halomonas desiderata	Bacteria
5612be8b-4d5e-4a81-a7fd-ade080437929	52021	1.0	confident	Halomonas desiderata	Bacteria
29d7383b-1f8a-498e-81ff-0d247352974a	52021	1.0	confident	Halomonas desiderata	Bacteria
45b2ceeb-ea35-41c7-843d-6cc2897eab0e	52021	1.0	confident	Halomonas desiderata	Bacteria
0ecab055-5cab-4a80-be97-13588d3c21f0	52021	1.0	confident	Halomonas desiderata	Bacteria
d800fdc2-d151-465d-bda5-7d6985ae6528	52021	1.0	confident	Halomonas desiderata	Bacteria
89aaf999-bc35-43ad-954c-8b29cd0aaffa	52021	1.0	confident	Halomonas desiderata	Bacteria
cb84c452-428f-44a2-95d5-de922878caae	52021	1.0	confident	Halomonas desiderata	Bacteria
ee07cb68-274d-40a6-90fa-2e5bd0c78afc	52021	1.0	confident	Halomonas desiderata	Bacteria
c60758ea-51f6-46ac-bdf8-4cf08c4ef1da	52021	1.0	confident	Halomonas desiderata	Bacteria
528626ff-69d8-4771-b2f5-54d8c7de2e36	52021	1.0	confident	Halomonas desiderata	Bacteria
46dd9eb8-1c00-43fb-91b1-c16a0c7aa4d4	52021	1.0	confident	Halomonas desiderata	Bacteria
ba307c6a-1163-4115-8f58-ff81f5f1f1c0	52021	1.0	confident	Halomonas desiderata	Bacteria
904adfa9-59ea-4f8d-9302-9692eb74d2a9	52021	1.0	confident	Halomonas desiderata	Bacteria
667d4d24-c992-4a85-87ef-0bc1a5660627	52021	1.0	confident	Halomonas desiderata	Bacteria
eaa8e8ad-70c1-47ef-ac7b-a5f93aeadc8f	52021	1.0	confident	Halomonas desiderata	Bacteria
96ef387b-2ea1-4fdf-ba8a-6d89cb44c920	52021	1.0	confident	Halomonas desiderata	Bacteria
2dc63df6-183b-4cbd-92bf-e1f5d7175a53	52021	1.0	confident	Halomonas desiderata	Bacteria
58a6eb3e-c9d1-4804-8b70-0549ea3ea75e	687525	1.0	confident	Rubellimicrobium roseum	Bacteria
a13038f8-9ba8-4ae1-a38b-0fb1fbdba870	687525	1.0	confident	Rubellimicrobium roseum	Bacteria
58d7dc4c-0d46-409a-bc9a-2bae143d2b16	687525	1.0	confident	Rubellimicrobium roseum	Bacteria
b25d7339-1a54-4e8f-b3d8-b987ced8f2fc	687525	1.0	confident	Rubellimicrobium roseum	Bacteria
a7b4e3d6-1531-47b6-8710-cb95c252e7a8	687525	1.0	confident	Rubellimicrobium roseum	Bacteria
6a280141-21f6-49b3-b2a1-c0b3d32d388e	687525	1.0	confident	Rubellimicrobium roseum	Bacteria
167e9b60-1c13-42c3-b6f0-79128ed8f121	687525	1.0	confident	Rubellimicrobium roseum	Bacteria
00a9d923-6225-4150-918c-c5c33f41fc5f	687525	1.0	confident	Rubellimicrobium roseum	Bacteria
b67acd02-f342-4c18-aa01-8bb0be74df2c	687525	1.0	confident	Rubellimicrobium roseum	Bacteria
eec984cc-3a04-43f7-8d3f-9880e8fe6448	687525	1.0	confident	Rubellimicrobium roseum	Bacteria
f3e13d47-984b-40fb-a541-0c57fb1f810a	687525	1.0	confident	Rubellimicrobium roseum	Bacteria
c52c8772-f57d-46b2-bfe9-4fd047ec0420	687525	1.0	confident	Rubellimicrobium roseum	Bacteria
28ec24eb-6fb8-4459-bde9-57499cd90996	687525	1.0	confident	Rubellimicrobium roseum	Bacteria
f2b0f958-ff07-4a87-bb44-253dc7f760e0	687525	1.0	confident	Rubellimicrobium roseum	Bacteria
c9597993-4de4-40ee-ba3a-da3fbf6d653d	687525	1.0	confident	Rubellimicrobium roseum	Bacteria
93b77f54-eeae-425e-8e27-7d33b70859ee	687525	1.0	confident	Rubellimicrobium roseum	Bacteria
fb3ba98e-6dd8-421e-9048-e6dc4f46b803	687525	1.0	confident	Rubellimicrobium roseum	Bacteria
b0a0695b-7ec2-4edb-8f91-d6f1fb3909f7	687525	1.0	confident	Rubellimicrobium roseum	Bacteria
f14d7722-897e-491d-bb7e-a686e3509a34	1639882	1.0	confident	Longimicrobium terrae	Bacteria
93453d8f-1436-4a06-b45a-9762503ca8d5	1639882	1.0	confident	Longimicrobium terrae	Bacteria
1740f4a1-7318-4621-9261-99dca21e750f	1639882	1.0	confident	Longimicrobium terrae	Bacteria
fcb945e7-5868-4cee-8d21-3ed55f771821	1639882	1.0	confident	Longimicrobium terrae	Bacteria
28ce0ed4-2d44-4f5f-bdcc-5b53dd9452aa	1639882	1.0	confident	Longimicrobium terrae	Bacteria
d4561fe8-4881-4b97-827b-9538bc19a184	1639882	1.0	confident	Longimicrobium terrae	Bacteria
9e323532-6543-45ae-809e-b1ca7f8f8ab9	1639882	1.0	confident	Longimicrobium terrae	Bacteria
075335dd-2a39-4d77-b0e5-173db0d8613e	1639882	1.0	confident	Longimicrobium terrae	Bacteria
72587d80-f8a8-4d4b-9813-0b10a756b71d	1639882	1.0	confident	Longimicrobium terrae	Bacteria
03415c25-620b-41df-ab41-d2b49cf9f577	1639882	1.0	confident	Longimicrobium terrae	Bacteria
fb71b0ea-e70a-4776-9672-b8bbe90df5d4	1639882	1.0	confident	Longimicrobium terrae	Bacteria
c2f8a143-2054-4a2f-b723-c3560d8d552c	1639882	1.0	confident	Longimicrobium terrae	Bacteria
1174df4c-44b0-4d29-95bf-59ac5f1756f1	1639882	1.0	confident	Longimicrobium terrae	Bacteria
19b10396-2999-4bea-a9f4-180855eeadb0	1639882	1.0	confident	Longimicrobium terrae	Bacteria
730c5f67-47b5-496f-a7f6-28d636e695b6	1639882	1.0	confident	Longimicrobium terrae	Bacteria
4eeeec2b-5b4b-440c-a085-5d3ba8b2fcd8	1639882	1.0	confident	Longimicrobium terrae	Bacteria
6fb04af8-dfec-4caa-a2d8-d36694d92bc8	1639882	1.0	confident	Longimicrobium terrae	Bacteria
05efe0df-8eed-42b3-99f3-927061fd475d	1639882	1.0	confident	Longimicrobium terrae	Bacteria
498a33ad-11e6-4d97-89df-02c22661128e	1639882	1.0	confident	Longimicrobium terrae	Bacteria
861f94cd-3359-4db6-81a3-4f1422c2d20e	1639882	1.0	confident	Longimicrobium terrae	Bacteria
7db97f26-e7d8-4930-8134-5776e9f7ab3f	1639882	1.0	confident	Longimicrobium terrae	Bacteria
3496ef5e-e3bd-4ec3-aed1-d1cdabf8bc91	1639882	1.0	confident	Longimicrobium terrae	Bacteria
440befae-0679-4ad3-97a6-9a85f75efab3	1639882	1.0	confident	Longimicrobium terrae	Bacteria
4dc09ad2-fba3-4a97-bf19-c37b0b2673e5	1639882	1.0	confident	Longimicrobium terrae	Bacteria
863d1876-4123-4704-9670-66040bca3ba0	1639882	1.0	confident	Longimicrobium terrae	Bacteria
14212d37-59f4-4357-8300-6616be85d84c	1639882	1.0	confident	Longimicrobium terrae	Bacteria
fc3894a4-a803-455a-87c5-e28ec6f8e3d3	1639882	1.0	confident	Longimicrobium terrae	Bacteria
b10d7880-f62f-490b-a027-ebdb130294ec	1639882	1.0	confident	Longimicrobium terrae	Bacteria
5aef734e-b95d-4ff6-a1c4-088dff1b2313	72856	1.0	confident	Xanthobacteraceae_X_sp.	Bacteria
a0ee559b-161f-4b60-9b88-bb03d3e02c35	72856	1.0	confident	Xanthobacteraceae_X_sp.	Bacteria
896226cb-851d-4333-a051-8843efb337d3	72856	1.0	confident	Xanthobacteraceae_X_sp.	Bacteria
116f265f-dd69-4400-9609-28b53de4e0e3	72856	1.0	confident	Xanthobacteraceae_X_sp.	Bacteria
154bdf00-716d-4374-8a90-3e4edbffdc99	72856	1.0	confident	Xanthobacteraceae_X_sp.	Bacteria
663d72ac-522a-41c8-9b54-c622beb3ed96	72856	1.0	confident	Xanthobacteraceae_X_sp.	Bacteria
74954a7c-02c0-4531-8f11-75bec55cba01	72856	1.0	confident	Xanthobacteraceae_X_sp.	Bacteria
de558e88-788a-4412-bfbc-7543781ae7c1	72856	1.0	confident	Xanthobacteraceae_X_sp.	Bacteria
4be96f3e-4a25-4a2e-a941-3249b08d4cbb	72856	1.0	confident	Xanthobacteraceae_X_sp.	Bacteria
1e5ca172-b745-4242-a947-bf1242cbcdb9	72856	1.0	confident	Xanthobacteraceae_X_sp.	Bacteria
a2a8e2b1-a2fd-44cb-a013-0bbcf58bea58	72856	1.0	confident	Xanthobacteraceae_X_sp.	Bacteria
8c5ef974-3605-47a5-96b1-ca32d2c86631	72856	1.0	confident	Xanthobacteraceae_X_sp.	Bacteria
5cc8476c-68f3-441a-9b23-f80066c0d236	72856	1.0	confident	Xanthobacteraceae_X_sp.	Bacteria
90dd4c1c-eb54-429e-a7dd-627814ba3f9d	72856	1.0	confident	Xanthobacteraceae_X_sp.	Bacteria
8b9addb3-3214-43a7-98fb-9f1c94f953aa	72856	1.0	confident	Xanthobacteraceae_X_sp.	Bacteria
ce2e14ca-170d-4718-8131-0a84a3941707	72856	1.0	confident	Xanthobacteraceae_X_sp.	Bacteria
6e65b2e7-a2da-4e0e-a93c-26ecdcad83f0	283877	1.0	confident	Leucobacter chromiireducens	Bacteria
83a687c2-7e3b-4e5b-b17f-bba5ba1d7b62	283877	1.0	confident	Leucobacter chromiireducens	Bacteria
fe1abe48-e3ce-4034-8f01-cdd6f897df26	283877	1.0	confident	Leucobacter chromiireducens	Bacteria
f1a419b4-b439-4cc8-a1d8-11eaba67b960	283877	1.0	confident	Leucobacter chromiireducens	Bacteria
224268b4-67b8-4f16-8778-b2d6f599c883	283877	1.0	confident	Leucobacter chromiireducens	Bacteria
229a9eb1-3134-4a24-a53b-c22e1e3dce78	283877	1.0	confident	Leucobacter chromiireducens	Bacteria
4ccfe29b-6448-4961-9c37-8ee557d55d29	283877	1.0	confident	Leucobacter chromiireducens	Bacteria
9bee39c0-f268-4e8b-9b51-f29463bfe4a2	283877	1.0	confident	Leucobacter chromiireducens	Bacteria
d8b8533a-7e7d-4aef-ad7a-cfce6741954b	283877	1.0	confident	Leucobacter chromiireducens	Bacteria
80a3eee0-9ccf-4de4-a0e4-cc12ecf9c301	283877	1.0	confident	Leucobacter chromiireducens	Bacteria
f44aca6d-1b88-4f09-af15-25ae09cf5660	283877	1.0	confident	Leucobacter chromiireducens	Bacteria
6b61a2c8-cbfc-4a4c-88ee-d17b10a7f8aa	496014	1.0	confident	Baekduia soli	Bacteria
ad2fd053-9203-4a7d-b248-c603067c63c0	496014	1.0	confident	Baekduia soli	Bacteria
adfdc2b5-2b62-4f8b-9429-b3775e1b3341	496014	1.0	confident	Baekduia soli	Bacteria
2702c2ea-a7dc-4f3e-b6d1-739c68f504b1	496014	1.0	confident	Baekduia soli	Bacteria
de2a1afe-de03-471e-a2f6-ab8b9232b191	496014	1.0	confident	Baekduia soli	Bacteria
a217b8a9-38bf-4e9b-b37a-d6410eb57ccb	496014	1.0	confident	Baekduia soli	Bacteria
5587711a-3536-4e94-b989-b4cf17cd2706	496014	1.0	confident	Baekduia soli	Bacteria
b12a5895-a42b-464d-9648-ab8a36f137a3	496014	1.0	confident	Baekduia soli	Bacteria
03cc46d0-b335-4401-9351-89faa7e82f72	496014	1.0	confident	Baekduia soli	Bacteria
04714472-9d86-4bab-9871-5dcfda86011f	496014	1.0	confident	Baekduia soli	Bacteria
137951ba-7426-47f0-8c3f-ec3da53d0fce	496014	1.0	confident	Baekduia soli	Bacteria
26ba4974-fa38-4fcf-8235-f4a9f964f63d	72724	1.0	confident	Singulisphaera_sp.	Bacteria
4477ef1e-7eca-45f1-a285-6cd435dbdb26	72724	1.0	confident	Singulisphaera_sp.	Bacteria
007fb6b3-2a29-473c-a160-a003ac9cf2a6	72724	1.0	confident	Singulisphaera_sp.	Bacteria
267ed92a-838b-410d-a2a4-f9342622c715	72724	1.0	confident	Singulisphaera_sp.	Bacteria
f4d8b2aa-27fe-4ada-b37a-4ff7e2aff004	72724	1.0	confident	Singulisphaera_sp.	Bacteria
79c18bdf-cf83-43fb-ab40-c919354e7bd4	72724	1.0	confident	Singulisphaera_sp.	Bacteria
8a724e2c-8cec-449f-a759-d5ce0462ab90	72724	1.0	confident	Singulisphaera_sp.	Bacteria
ac6be49e-2f77-4aa4-97ac-fbdc3653c135	72724	1.0	confident	Singulisphaera_sp.	Bacteria
3fb46e7b-bd6a-46bf-b1e9-ac1bfc3f8a61	72724	1.0	confident	Singulisphaera_sp.	Bacteria
96f7b049-6302-4d90-b112-abe584dd7f50	72724	1.0	confident	Singulisphaera_sp.	Bacteria
6508cb7e-6882-4aa7-a51e-504b9569862c	72724	1.0	confident	Singulisphaera_sp.	Bacteria
53eb7c91-9e8f-4a62-baf6-7ddad7f10fe3	72724	1.0	confident	Singulisphaera_sp.	Bacteria
c42faf94-ccbe-4b21-b0c0-9d169f38bb3e	72724	1.0	confident	Singulisphaera_sp.	Bacteria
ab0e70fc-0f55-40d4-9c93-fd50a654e351	72724	1.0	confident	Singulisphaera_sp.	Bacteria
2c3f4f04-08fc-4d4a-8a65-5ace47b270ba	72724	1.0	confident	Singulisphaera_sp.	Bacteria
9b738f7a-5dc3-4b14-b774-be94f0ff179a	72724	1.0	confident	Singulisphaera_sp.	Bacteria
9e86e019-748b-489d-a21b-cd172f924cd9	72724	1.0	confident	Singulisphaera_sp.	Bacteria
2a34cb93-7882-42f1-ae06-aef43c4c0ebc	72724	1.0	confident	Singulisphaera_sp.	Bacteria
44332cdf-f73b-4141-87cf-898e2c0d2f60	72724	1.0	confident	Singulisphaera_sp.	Bacteria
87575b77-8d6f-4d5c-83e6-76ba8c3d8b9c	72724	1.0	confident	Singulisphaera_sp.	Bacteria
1026e0c8-2993-4e7e-862a-f6b51236b825	72724	1.0	confident	Singulisphaera_sp.	Bacteria
55f2f521-b2d7-4456-8204-f405787d0c1b	2496028	1.0	confident	Hymenobacter sp. 17J36-26	Bacteria
45a3e12e-2913-4c48-aafb-fb08fe1dfe03	2496028	1.0	confident	Hymenobacter sp. 17J36-26	Bacteria
601c6f42-d2dc-4462-999f-79fcb8544758	2496028	1.0	confident	Hymenobacter sp. 17J36-26	Bacteria
9d87cd06-fd11-4321-8a7a-e3a2c45c2f7b	2496028	1.0	confident	Hymenobacter sp. 17J36-26	Bacteria
a56859cc-7970-48b2-a687-f771e10c3851	2496028	1.0	confident	Hymenobacter sp. 17J36-26	Bacteria
704aec80-3a62-44e1-bb96-d9a20d4a479a	2496028	1.0	confident	Hymenobacter sp. 17J36-26	Bacteria
51b758df-4102-471e-8983-b843a8b6314d	2496028	1.0	confident	Hymenobacter sp. 17J36-26	Bacteria
ebdc75fe-4fd0-4dd5-b8a4-a97251b9ddc7	2496028	1.0	confident	Hymenobacter sp. 17J36-26	Bacteria
34e091fc-524f-41ad-8368-05bfc15c2b1a	2496028	1.0	confident	Hymenobacter sp. 17J36-26	Bacteria
e5e1819b-d6d5-4ed0-843e-eaa7fbf960cd	2496028	1.0	confident	Hymenobacter sp. 17J36-26	Bacteria
