read_id	most_likely_taxon	confidence	assignment_certainty	taxon_name	kingdom
4c4a5478-d1e8-4480-a84c-8aad9e450f6a	29378	1.0	confident	Staphylococcus arlettae	Bacteria
2a2ce59a-c632-445f-9cdb-96908c6d4669	29378	1.0	confident	Staphylococcus arlettae	Bacteria
d3442c7e-1177-4894-832e-ef98a7d826bd	29378	1.0	confident	Staphylococcus arlettae	Bacteria
0f6cdf8f-8173-4873-abd2-0fe40c710e7f	29378	1.0	confident	Staphylococcus arlettae	Bacteria
2e86e692-8ee7-4cb0-8b17-f2ce085dfc2b	29378	1.0	confident	Staphylococcus arlettae	Bacteria
d0ea2bc2-cee0-4960-a33f-161b5a8eaf0d	29378	1.0	confident	Staphylococcus arlettae	Bacteria
f9dea654-175b-4bb4-8a92-89571de7db76	29378	1.0	confident	Staphylococcus arlettae	Bacteria
690fc381-df04-4d64-b674-a9eb344e606f	29378	1.0	confident	Staphylococcus arlettae	Bacteria
b2b4901e-de1b-4a0e-806e-9cba70e77836	29378	1.0	confident	Staphylococcus arlettae	Bacteria
10a1953e-9313-473b-adaa-6827719f38a4	29378	1.0	confident	Staphylococcus arlettae	Bacteria
4bc6c9aa-7464-40c9-80d7-8bdaa87140f6	29378	1.0	confident	Staphylococcus arlettae	Bacteria
3201e950-f8dd-4fba-9fa0-8b3eff2c4e1f	29378	1.0	confident	Staphylococcus arlettae	Bacteria
66be64e3-cfe3-451a-b460-f200ac87f595	29378	1.0	confident	Staphylococcus arlettae	Bacteria
075ded4d-9ed2-422c-905f-eee59142c34e	29378	1.0	confident	Staphylococcus arlettae	Bacteria
ad5a464a-8331-4ed1-9124-9fefcfdd5c93	29378	1.0	confident	Staphylococcus arlettae	Bacteria
9756cbd0-67f1-449a-9e17-fded32577853	29378	1.0	confident	Staphylococcus arlettae	Bacteria
1e6e44cb-93f4-487a-b79a-641dc469eee2	29378	1.0	confident	Staphylococcus arlettae	Bacteria
efd95a1d-5437-42d9-87a6-499ae4820cd5	29378	1.0	confident	Staphylococcus arlettae	Bacteria
18dfe086-1c30-407f-8437-b1395674e30a	29378	1.0	confident	Staphylococcus arlettae	Bacteria
8602c30f-4c8d-44b4-93f6-91f1df3f452d	29378	1.0	confident	Staphylococcus arlettae	Bacteria
665f29cf-97b6-4f63-aef1-3fd981b25f6d	29378	1.0	confident	Staphylococcus arlettae	Bacteria
c9ef38c0-7f71-4d48-831c-4ab46a2e59b7	29378	1.0	confident	Staphylococcus arlettae	Bacteria
7d936331-0c79-47ad-8b32-984c0ed2594b	29378	1.0	confident	Staphylococcus arlettae	Bacteria
0092ef35-3416-4fb0-9daf-d2baa3d73dac	29378	1.0	confident	Staphylococcus arlettae	Bacteria
196585c6-b2e3-4356-a583-7e607de8a684	29378	1.0	confident	Staphylococcus arlettae	Bacteria
54462a89-3caf-42ab-9dbf-10524770ef29	29378	1.0	confident	Staphylococcus arlettae	Bacteria
da14a17a-6c99-4889-8fe3-ab19b5c290a2	29378	1.0	confident	Staphylococcus arlettae	Bacteria
ee4d8834-66d6-4f17-85b4-b5c07e58f4d8	29378	1.0	confident	Staphylococcus arlettae	Bacteria
71e5695f-70cf-4e3f-9dbe-9d69bf6a9482	29378	1.0	confident	Staphylococcus arlettae	Bacteria
52254db4-8026-40ad-9a94-4fc0e4dc51bb	29378	1.0	confident	Staphylococcus arlettae	Bacteria
a8780ad1-2674-4103-8458-f288fe106fc9	29378	1.0	confident	Staphylococcus arlettae	Bacteria
ffc86c93-5341-438a-82fa-6eee2d18e0c4	29378	1.0	confident	Staphylococcus arlettae	Bacteria
d65b1920-b617-453d-8467-9ab60d1ce636	29378	1.0	confident	Staphylococcus arlettae	Bacteria
7a14fcba-50c6-44a0-83e2-81bc4274d519	29378	1.0	confident	Staphylococcus arlettae	Bacteria
fd26496a-d339-443f-b59c-1dd6772c210a	29378	1.0	confident	Staphylococcus arlettae	Bacteria
ac6beed3-1dcc-4a86-a535-3bec3c53367c	29378	1.0	confident	Staphylococcus arlettae	Bacteria
11c09353-21ec-45a2-8c8e-6c48a5248f5e	29378	1.0	confident	Staphylococcus arlettae	Bacteria
2f7039ff-fc78-40b8-a152-b3136aa4a0a0	29378	1.0	confident	Staphylococcus arlettae	Bacteria
014d9a8e-910d-4d0e-9539-6cbd8dee2787	29378	1.0	confident	Staphylococcus arlettae	Bacteria
616f2202-c2c8-49d9-a974-0d01ffbd4449	29378	1.0	confident	Staphylococcus arlettae	Bacteria
92caf611-ada2-498e-bba3-13155c8b2cfc	29378	1.0	confident	Staphylococcus arlettae	Bacteria
6015dfac-d358-49ec-9940-50c815dbba3a	29378	1.0	confident	Staphylococcus arlettae	Bacteria
a3cd0007-ecc8-4637-a8e4-8823577faae8	29378	1.0	confident	Staphylococcus arlettae	Bacteria
e2b50771-fe2d-4d69-8b18-21c02b002507	29378	1.0	confident	Staphylococcus arlettae	Bacteria
4acc8754-5002-47da-bd74-039de701e6ac	29378	1.0	confident	Staphylococcus arlettae	Bacteria
ffdd8f29-9014-463a-884c-552d9cf40267	29378	1.0	confident	Staphylococcus arlettae	Bacteria
45a01d5d-2cc7-41e9-bb1a-4195ad577ec8	29378	1.0	confident	Staphylococcus arlettae	Bacteria
dd65f94e-4197-4128-bad4-12f0ebd79325	29378	1.0	confident	Staphylococcus arlettae	Bacteria
c6e15bb0-fed6-46ba-933d-9bfcb25fd616	29378	1.0	confident	Staphylococcus arlettae	Bacteria
6a0084af-9f59-4eaf-80b7-3e15cabe6a81	29378	1.0	confident	Staphylococcus arlettae	Bacteria
a1fe413e-3c57-49c1-82cc-76e3130bfc7e	29378	1.0	confident	Staphylococcus arlettae	Bacteria
a46542b8-4f65-413d-bf19-a9b531f4a919	29378	1.0	confident	Staphylococcus arlettae	Bacteria
b9c7d628-d59d-4557-bda9-a2b689649cdc	29378	1.0	confident	Staphylococcus arlettae	Bacteria
d3a7a963-aac3-4125-b7ea-dc66bf85d037	29378	1.0	confident	Staphylococcus arlettae	Bacteria
ef455e92-5e54-42b3-8604-a83a3554b27a	29378	1.0	confident	Staphylococcus arlettae	Bacteria
b6bd4a10-f9c5-4a06-8b1b-fba3cfa221d2	29378	1.0	confident	Staphylococcus arlettae	Bacteria
fc10864a-003e-4c13-88a3-86fcc44810e1	29378	1.0	confident	Staphylococcus arlettae	Bacteria
6ff497b6-1f6f-4785-aa8f-3fb86be0361e	29378	1.0	confident	Staphylococcus arlettae	Bacteria
385705c0-3c78-4a3f-a5c6-c1dac65019c3	29378	1.0	confident	Staphylococcus arlettae	Bacteria
460edeac-0851-40dd-b728-eef7a428299d	29378	1.0	confident	Staphylococcus arlettae	Bacteria
97bfa96c-5e09-4998-93e0-ab1487c9e057	29378	1.0	confident	Staphylococcus arlettae	Bacteria
3e2ed6a5-e5b3-4eeb-aca0-2976767f76dc	29378	1.0	confident	Staphylococcus arlettae	Bacteria
5756898b-a4b3-4130-b6cb-132660c8dc09	29378	1.0	confident	Staphylococcus arlettae	Bacteria
498ef17a-c8ef-49ae-95b1-5ae2b01fd301	29378	1.0	confident	Staphylococcus arlettae	Bacteria
16a1dad1-3ee4-47c8-84d2-abe100cf84b9	29378	1.0	confident	Staphylococcus arlettae	Bacteria
ceb985ea-a39d-4597-9ec6-e104894182a8	29378	1.0	confident	Staphylococcus arlettae	Bacteria
8d463d7d-4333-4559-b00d-40ab479df1da	29378	1.0	confident	Staphylococcus arlettae	Bacteria
6e35b914-b526-4203-b6c6-6b520a941731	29378	1.0	confident	Staphylococcus arlettae	Bacteria
7cfcbe6b-e7a8-4896-8871-5eda106ffe8f	29378	1.0	confident	Staphylococcus arlettae	Bacteria
f3f82fbd-3813-4076-8392-c32d0b3884c2	29378	1.0	confident	Staphylococcus arlettae	Bacteria
73fb6bf1-dd97-4ebe-8f8e-ecb162bf6e6a	29378	1.0	confident	Staphylococcus arlettae	Bacteria
2e7c503c-53c8-43f3-bf12-a48ae4baeaa5	29378	1.0	confident	Staphylococcus arlettae	Bacteria
80a033e1-f5be-4fbd-ae52-2f42fa97a097	29378	1.0	confident	Staphylococcus arlettae	Bacteria
c8fd3267-1b92-4555-96e1-6b6236ca6d42	29378	1.0	confident	Staphylococcus arlettae	Bacteria
ed839761-9ccb-49bd-a990-07ba617ddb68	29378	1.0	confident	Staphylococcus arlettae	Bacteria
bf73baf9-7156-438f-a3c8-1abf6f34acd5	1296	1.0	confident	Mammaliicoccus sciuri	Bacteria
bc0eb5a9-5f78-4e55-83a8-ee6e7cd361b5	1296	1.0	confident	Mammaliicoccus sciuri	Bacteria
d081d0a5-e461-4bdd-8924-5102d92fbe3a	1296	1.0	confident	Mammaliicoccus sciuri	Bacteria
bd1e247f-03fc-4277-8341-71b1fd2a6fa9	1296	1.0	confident	Mammaliicoccus sciuri	Bacteria
fe318001-7608-445f-b98d-7b1b7ca0f1d8	1296	1.0	confident	Mammaliicoccus sciuri	Bacteria
2e81be37-ec86-4511-b42a-be4b75ca911f	1296	1.0	confident	Mammaliicoccus sciuri	Bacteria
937ad477-c27a-4236-9c75-df1048feb94d	1296	1.0	confident	Mammaliicoccus sciuri	Bacteria
e8cffec4-4c7b-4426-bad1-db214e382018	1296	1.0	confident	Mammaliicoccus sciuri	Bacteria
5cd8d8d1-c0f2-4c06-aefb-b63c94167694	1296	1.0	confident	Mammaliicoccus sciuri	Bacteria
c3d24a17-404d-4734-b3c4-e0d4067728a4	1296	1.0	confident	Mammaliicoccus sciuri	Bacteria
80f6643a-9e52-47a9-a488-9d3d80a39f7c	1296	1.0	confident	Mammaliicoccus sciuri	Bacteria
820bf803-a49c-4616-9daa-118d350bb88d	1296	1.0	confident	Mammaliicoccus sciuri	Bacteria
c872e941-be1c-4dca-9d76-18349d8b12ca	1296	1.0	confident	Mammaliicoccus sciuri	Bacteria
01b560c1-8f39-416d-a42a-63cd53d2f41e	1296	1.0	confident	Mammaliicoccus sciuri	Bacteria
2d14e785-1d46-4d92-9ff1-06cb90d88dd6	1296	1.0	confident	Mammaliicoccus sciuri	Bacteria
941d836f-8813-4efc-83a8-33cf9ab80a9f	1296	1.0	confident	Mammaliicoccus sciuri	Bacteria
82dd6ee9-e3f7-4014-bdaa-614bf551ced5	1296	1.0	confident	Mammaliicoccus sciuri	Bacteria
43b37aa5-d096-4e2f-a87c-e6f030aa1725	1296	1.0	confident	Mammaliicoccus sciuri	Bacteria
8248049a-e7b9-4092-bdb9-ae7403bf5619	1296	1.0	confident	Mammaliicoccus sciuri	Bacteria
5b65d7af-a761-4310-a1e7-62acba84148d	1296	1.0	confident	Mammaliicoccus sciuri	Bacteria
163dc00a-44b4-4be4-b9a7-f6222fe95994	1296	1.0	confident	Mammaliicoccus sciuri	Bacteria
d670ae07-d67c-43d5-900a-516b20289e2f	1296	1.0	confident	Mammaliicoccus sciuri	Bacteria
78c9402f-ae32-4b56-9a2c-620dbf1d93df	1296	1.0	confident	Mammaliicoccus sciuri	Bacteria
e944ed6b-77ce-4063-8bb4-fd66f9fffeb8	1296	1.0	confident	Mammaliicoccus sciuri	Bacteria
5272ab02-35e6-4c27-a35b-75bbc84c05a3	1296	1.0	confident	Mammaliicoccus sciuri	Bacteria
e22ac45a-20be-469c-9f95-b9fd82838225	1296	1.0	confident	Mammaliicoccus sciuri	Bacteria
14cb215d-4cb6-487c-b5ea-0848fcff4436	1296	1.0	confident	Mammaliicoccus sciuri	Bacteria
1f902b1b-99fe-451d-b40b-3bb6918a8190	1296	1.0	confident	Mammaliicoccus sciuri	Bacteria
da70946d-be1e-4e1c-9fe6-3e6cfe53891b	1296	1.0	confident	Mammaliicoccus sciuri	Bacteria
d2449f39-1eac-4506-ab12-95411ec22689	1296	1.0	confident	Mammaliicoccus sciuri	Bacteria
d05eba00-601e-4180-a543-3dd24eff1867	1296	1.0	confident	Mammaliicoccus sciuri	Bacteria
67b8b071-ca23-4327-97b7-0367de51b60f	1296	1.0	confident	Mammaliicoccus sciuri	Bacteria
3ed86db9-9e18-4c6f-8034-17cfc1dec5d4	1296	1.0	confident	Mammaliicoccus sciuri	Bacteria
830a8b82-f2ff-43b8-9c4b-80b81c09e8fc	1296	1.0	confident	Mammaliicoccus sciuri	Bacteria
2389b0bf-ea29-4c7f-9511-03bc831e31c2	1296	1.0	confident	Mammaliicoccus sciuri	Bacteria
a65fb237-c61a-4138-9297-5fd3aab44ade	1296	1.0	confident	Mammaliicoccus sciuri	Bacteria
e0341d10-a1dd-45f6-8369-b78272e34afb	1296	1.0	confident	Mammaliicoccus sciuri	Bacteria
47bddd54-fda4-4454-a6df-b24b56bb77fd	1296	1.0	confident	Mammaliicoccus sciuri	Bacteria
fe439873-01d4-49f5-a631-b95a603f48a1	1296	1.0	confident	Mammaliicoccus sciuri	Bacteria
5abb24b3-2f9e-4152-875d-9da6c4be85dc	1296	1.0	confident	Mammaliicoccus sciuri	Bacteria
8e4bbe10-6911-40e5-8516-e80fa070e8fb	1296	1.0	confident	Mammaliicoccus sciuri	Bacteria
f81508cf-8b93-43ac-9610-83a3ddd7a90f	1296	1.0	confident	Mammaliicoccus sciuri	Bacteria
ac2e7ca0-1957-4c8d-a593-015286e18f0e	1296	1.0	confident	Mammaliicoccus sciuri	Bacteria
f3e4148e-cd44-4792-b9e4-152a3c7acbde	1296	1.0	confident	Mammaliicoccus sciuri	Bacteria
f1bd4e12-9a3b-40f8-b231-1c6314b80d44	1296	1.0	confident	Mammaliicoccus sciuri	Bacteria
4a2d414b-c89b-4e58-a65e-43e4f74cb2ca	1296	1.0	confident	Mammaliicoccus sciuri	Bacteria
f0740464-60f3-4187-984c-3907b18f0399	1296	1.0	confident	Mammaliicoccus sciuri	Bacteria
fb950338-fea0-4ab8-9793-d60bc4c34ef9	1296	1.0	confident	Mammaliicoccus sciuri	Bacteria
e0181a9b-79c7-42eb-b393-a3e89015585c	1296	1.0	confident	Mammaliicoccus sciuri	Bacteria
cfb19e52-3abe-4879-9cd9-c7e0795fd640	1296	1.0	confident	Mammaliicoccus sciuri	Bacteria
39283cd6-dac5-411c-bbab-74341eda4d12	1296	1.0	confident	Mammaliicoccus sciuri	Bacteria
d3470abd-9941-4107-a22f-61babcba7404	1296	1.0	confident	Mammaliicoccus sciuri	Bacteria
b4add342-8dfb-48fb-9d3d-59b685657eb6	1296	1.0	confident	Mammaliicoccus sciuri	Bacteria
245c5f53-c10c-4420-bfd1-cdfd53fe2b9a	1296	1.0	confident	Mammaliicoccus sciuri	Bacteria
6930b3b8-7198-4c88-b8b7-a45267910b64	1296	1.0	confident	Mammaliicoccus sciuri	Bacteria
7e81ae03-54d7-4312-8162-c9b7bf4fd23b	1296	1.0	confident	Mammaliicoccus sciuri	Bacteria
60021194-ce92-4ce3-ad0c-91897cfd559e	1296	1.0	confident	Mammaliicoccus sciuri	Bacteria
40569d2a-6b93-4204-92f0-f264f629b58d	1296	1.0	confident	Mammaliicoccus sciuri	Bacteria
99187311-1e71-45b6-a41c-49d66acafc3e	1296	1.0	confident	Mammaliicoccus sciuri	Bacteria
039e911e-91d8-49a3-a8da-d93801094d6c	1296	1.0	confident	Mammaliicoccus sciuri	Bacteria
12cff262-fddf-48a3-a906-4c09386c1498	1296	1.0	confident	Mammaliicoccus sciuri	Bacteria
c787cac0-b426-45a0-bbe6-a452aba9d6c7	1296	1.0	confident	Mammaliicoccus sciuri	Bacteria
4f2ac6ca-8924-4cc7-bf29-8fe52f301489	1296	1.0	confident	Mammaliicoccus sciuri	Bacteria
5d1c4f57-a949-4776-8409-b81a854acd5d	1296	1.0	confident	Mammaliicoccus sciuri	Bacteria
5cfbaf5f-d15d-4f82-a718-d90d6a1832c2	1296	1.0	confident	Mammaliicoccus sciuri	Bacteria
c9299a79-b9ee-4bcb-8fbe-d132fc0a0e29	1296	1.0	confident	Mammaliicoccus sciuri	Bacteria
eb25094b-dbff-4d20-9b24-c46c8e0c1066	1296	1.0	confident	Mammaliicoccus sciuri	Bacteria
8866d77e-f535-468d-b59d-7765c951ba51	1296	1.0	confident	Mammaliicoccus sciuri	Bacteria
7386f96a-d0e1-46fb-821f-9ed053b8bc84	1296	1.0	confident	Mammaliicoccus sciuri	Bacteria
05b51ec7-8651-4dfd-abb6-e668ebcfbf53	1296	1.0	confident	Mammaliicoccus sciuri	Bacteria
75bcf74d-e6f8-4c35-a91d-98b86bd43c9d	1296	1.0	confident	Mammaliicoccus sciuri	Bacteria
c55cc27c-423f-405b-b4da-f5d2b2348aa9	1296	1.0	confident	Mammaliicoccus sciuri	Bacteria
7e0aa1a4-1fa4-425f-89f9-a06042d0d094	1296	1.0	confident	Mammaliicoccus sciuri	Bacteria
00ab7927-0129-472f-a7a4-2e73caf3f8f4	1296	1.0	confident	Mammaliicoccus sciuri	Bacteria
88cbc0a0-fec5-47b2-87b6-49b4d4f467b5	1296	1.0	confident	Mammaliicoccus sciuri	Bacteria
187bf2b4-4998-477b-8058-b8bdc0af4e6c	1296	1.0	confident	Mammaliicoccus sciuri	Bacteria
51bbcd2e-0377-4c66-8dd2-1287ee704e58	1296	1.0	confident	Mammaliicoccus sciuri	Bacteria
e71f0417-2016-4c23-915b-f5b7b2751ff4	1296	1.0	confident	Mammaliicoccus sciuri	Bacteria
ebb05d74-fe1f-4656-aa97-99cb12f335c5	1296	1.0	confident	Mammaliicoccus sciuri	Bacteria
f89cbf17-2e8a-4fc4-8e42-70c0118cc30f	1296	1.0	confident	Mammaliicoccus sciuri	Bacteria
8b924c2e-e181-4710-b583-2582da4d9db4	1296	1.0	confident	Mammaliicoccus sciuri	Bacteria
9f805231-8067-4576-9ed0-fbb73e1032d7	1296	1.0	confident	Mammaliicoccus sciuri	Bacteria
10b54a59-93cc-475a-9615-0e2a13d3a913	1296	1.0	confident	Mammaliicoccus sciuri	Bacteria
b86b0eab-67d8-4bac-816d-16f86c557f0f	1296	1.0	confident	Mammaliicoccus sciuri	Bacteria
c383e08d-0ebf-4de5-9fb1-79f689b93d6d	1296	1.0	confident	Mammaliicoccus sciuri	Bacteria
864d721b-7387-4a1f-b026-67855f06bdd5	1296	1.0	confident	Mammaliicoccus sciuri	Bacteria
a22d1150-cba4-439f-ac09-18b5af6dff4d	1296	1.0	confident	Mammaliicoccus sciuri	Bacteria
3c7184b0-3c73-49eb-828f-f835a804a752	1296	1.0	confident	Mammaliicoccus sciuri	Bacteria
3c4b1bf8-b9c4-4d94-a7a8-c85729f167f6	1296	1.0	confident	Mammaliicoccus sciuri	Bacteria
4facd85b-4123-4796-bb12-400620c5deb3	1296	1.0	confident	Mammaliicoccus sciuri	Bacteria
390e6da3-54ab-44fa-aa5b-a4ac58f18b26	1296	1.0	confident	Mammaliicoccus sciuri	Bacteria
fa129743-882f-4f83-9630-a831db15dbc8	1296	1.0	confident	Mammaliicoccus sciuri	Bacteria
d016e6f0-923f-466d-aaa1-eee36c833712	1296	1.0	confident	Mammaliicoccus sciuri	Bacteria
b39d1bd0-fe35-4e35-968f-44d0ef71648f	1296	1.0	confident	Mammaliicoccus sciuri	Bacteria
e8564943-1ee7-47ab-a362-592fd993f739	1296	1.0	confident	Mammaliicoccus sciuri	Bacteria
b1030c3e-4a6d-4cd6-b0f5-52d1bfb7ecce	1296	1.0	confident	Mammaliicoccus sciuri	Bacteria
8a9d422d-22e3-433b-9b8f-3617d1504db6	1296	1.0	confident	Mammaliicoccus sciuri	Bacteria
7046bd37-d1de-41a9-9975-e1324cde6d55	1296	1.0	confident	Mammaliicoccus sciuri	Bacteria
740ba117-9b75-4ff1-9c2e-93e818405c51	1296	1.0	confident	Mammaliicoccus sciuri	Bacteria
a214d27e-1726-484e-a99b-5edc546eef02	1296	1.0	confident	Mammaliicoccus sciuri	Bacteria
60e15cb8-9608-47a2-8ccb-35bb4ef94c8a	1296	1.0	confident	Mammaliicoccus sciuri	Bacteria
7a8e12e4-f5c2-4fbb-9986-982e414505ba	1296	1.0	confident	Mammaliicoccus sciuri	Bacteria
7593159a-54d0-4e92-a778-7166e60a2c6b	1296	1.0	confident	Mammaliicoccus sciuri	Bacteria
07221c03-2009-4ecd-ae29-8b625f51192a	1296	1.0	confident	Mammaliicoccus sciuri	Bacteria
45a6b9dc-deb2-459b-92da-f131b4343492	1296	1.0	confident	Mammaliicoccus sciuri	Bacteria
0f5d047a-381d-4875-b23f-5e1a139fb402	1296	1.0	confident	Mammaliicoccus sciuri	Bacteria
9c8aba9b-493a-4e11-82f6-cca862e38431	1296	1.0	confident	Mammaliicoccus sciuri	Bacteria
8b411f1f-b229-46cf-9f71-410c392cbd77	1296	1.0	confident	Mammaliicoccus sciuri	Bacteria
489b652b-207d-4262-8ae2-f975420ba55e	1296	1.0	confident	Mammaliicoccus sciuri	Bacteria
ac372f24-af4f-4efd-93a5-9b74349d03af	1296	1.0	confident	Mammaliicoccus sciuri	Bacteria
89390de0-a061-4ad1-8e64-1c38bb4ddc43	1296	1.0	confident	Mammaliicoccus sciuri	Bacteria
764264c3-b924-40cd-9494-d10f2eb890eb	1296	1.0	confident	Mammaliicoccus sciuri	Bacteria
5a278b7c-2ab0-4ca0-bb2e-a07179ea2058	1296	1.0	confident	Mammaliicoccus sciuri	Bacteria
4ba257d5-fad5-4024-9d11-186b4afdc128	1296	1.0	confident	Mammaliicoccus sciuri	Bacteria
c4b32a08-f2eb-44ad-bd87-15a1014d1a15	1296	1.0	confident	Mammaliicoccus sciuri	Bacteria
efe7fcbe-6c0a-43ec-88fb-f580cfc438f8	1296	1.0	confident	Mammaliicoccus sciuri	Bacteria
cbd99f5a-4c81-4ec2-b26c-523a61bc22aa	1296	1.0	confident	Mammaliicoccus sciuri	Bacteria
e0fdbd72-7783-46b4-ba51-8fa1b439102a	1296	1.0	confident	Mammaliicoccus sciuri	Bacteria
32c38a44-39fd-47a8-8e4f-67720568d445	1296	1.0	confident	Mammaliicoccus sciuri	Bacteria
50c18d35-6266-4be6-9126-6d4408f40408	1296	1.0	confident	Mammaliicoccus sciuri	Bacteria
1b7afb09-c1cf-4132-81a0-bb9fda2db441	1296	1.0	confident	Mammaliicoccus sciuri	Bacteria
64b7e325-8e32-4fca-a258-c5ad826b895e	1296	1.0	confident	Mammaliicoccus sciuri	Bacteria
b1d9f6e1-a195-49cb-be7e-a39cf0fb5ce1	1296	1.0	confident	Mammaliicoccus sciuri	Bacteria
7efd0f6c-0a8b-484f-b821-6d60c577a8fe	1296	1.0	confident	Mammaliicoccus sciuri	Bacteria
a52a0797-bc13-46c5-9564-fa1bf022610d	1296	1.0	confident	Mammaliicoccus sciuri	Bacteria
baa46f3d-34b6-4135-8f1f-2377f55242bc	1296	1.0	confident	Mammaliicoccus sciuri	Bacteria
86378e70-d54a-43fc-ad34-3107403c03ef	1296	1.0	confident	Mammaliicoccus sciuri	Bacteria
cf588c76-1596-4f46-9ad9-baa31e9996e1	1296	1.0	confident	Mammaliicoccus sciuri	Bacteria
975d693b-25b5-4793-8aab-feced5bab3e7	1296	1.0	confident	Mammaliicoccus sciuri	Bacteria
de7a6bf2-541c-4ec0-a65d-6f24ff7cb94e	1296	1.0	confident	Mammaliicoccus sciuri	Bacteria
baa6c1f0-d85a-4b34-a06b-859dd8cf9e8b	1296	1.0	confident	Mammaliicoccus sciuri	Bacteria
a23c8a9d-4bf9-4b67-bfcc-8298276031e2	1296	1.0	confident	Mammaliicoccus sciuri	Bacteria
d89a847d-6542-48dc-b223-feef1536a4bd	1296	1.0	confident	Mammaliicoccus sciuri	Bacteria
912770ee-de72-4eeb-8169-3739d130a7b0	1296	1.0	confident	Mammaliicoccus sciuri	Bacteria
c247c374-a957-4288-a1c8-8b4bf08d9870	1296	1.0	confident	Mammaliicoccus sciuri	Bacteria
bfe79dd3-a796-492f-930a-783a55e2376a	1296	1.0	confident	Mammaliicoccus sciuri	Bacteria
2b646bda-f75b-4941-bd0d-8a97f17377d8	1296	1.0	confident	Mammaliicoccus sciuri	Bacteria
4e1b16c5-18ed-46cc-9650-033e64a55710	1296	1.0	confident	Mammaliicoccus sciuri	Bacteria
bb4a4178-33fe-4fc7-841e-fa32505e28d0	1296	1.0	confident	Mammaliicoccus sciuri	Bacteria
e1b74a05-7959-44d7-9328-196043c844cd	1296	1.0	confident	Mammaliicoccus sciuri	Bacteria
2ad29ec0-12ad-46a6-9ffb-9d9bffa10aa3	1296	1.0	confident	Mammaliicoccus sciuri	Bacteria
603386c9-206e-4e1d-a204-0d5452f3216a	1296	1.0	confident	Mammaliicoccus sciuri	Bacteria
a2ef8adc-d3dd-4537-9de2-9b55d78add36	1296	1.0	confident	Mammaliicoccus sciuri	Bacteria
7c53bfd1-52f1-42c7-af41-f623efc00455	1296	1.0	confident	Mammaliicoccus sciuri	Bacteria
250f81f5-3b9d-49f2-b813-3c8e1581e7b4	1296	1.0	confident	Mammaliicoccus sciuri	Bacteria
696189e0-2cde-4691-81f5-618c53dfac04	1296	1.0	confident	Mammaliicoccus sciuri	Bacteria
fe8264f7-3135-49d1-a3b4-35b4855e9042	1296	1.0	confident	Mammaliicoccus sciuri	Bacteria
44529999-c8e0-4819-b209-7bac939bc3c2	1296	1.0	confident	Mammaliicoccus sciuri	Bacteria
9830fe1a-1798-44ce-930e-b4c5fa71af9a	1296	1.0	confident	Mammaliicoccus sciuri	Bacteria
eaa8ec44-6e41-4774-a0d8-4106ca628cb6	1296	1.0	confident	Mammaliicoccus sciuri	Bacteria
9069143d-4ddb-4ec1-8695-5a7b9f0f2e0b	1296	1.0	confident	Mammaliicoccus sciuri	Bacteria
4ce0bfdb-b657-4e2d-8a47-2763923a95d8	1296	1.0	confident	Mammaliicoccus sciuri	Bacteria
4bcc8a66-aa48-47c0-a115-925283f5eb64	1296	1.0	confident	Mammaliicoccus sciuri	Bacteria
0fbc4665-4c98-4c5f-a69f-32d18fad9fce	1296	1.0	confident	Mammaliicoccus sciuri	Bacteria
a00c735c-50d7-4a26-9b36-b6d2f09cf17d	1296	1.0	confident	Mammaliicoccus sciuri	Bacteria
c5feabf4-557c-4a35-b8e2-1cbc546e618c	1296	1.0	confident	Mammaliicoccus sciuri	Bacteria
fc440308-fe0a-4371-8188-c30b9099d2e9	1296	1.0	confident	Mammaliicoccus sciuri	Bacteria
70c93017-dfdb-4454-9e35-afd50a2fbafa	1296	1.0	confident	Mammaliicoccus sciuri	Bacteria
53a90759-80dd-40d1-a7f3-5fba64d8a161	1296	1.0	confident	Mammaliicoccus sciuri	Bacteria
b3eed8b3-2055-41ab-a034-afbc0864df4d	1296	1.0	confident	Mammaliicoccus sciuri	Bacteria
3450e15d-57d3-4d91-bb63-7944819c66b8	1296	1.0	confident	Mammaliicoccus sciuri	Bacteria
256e2c12-ca12-4277-8f7f-829e95649f79	1296	1.0	confident	Mammaliicoccus sciuri	Bacteria
809c5acf-e5bb-4350-96d9-2793c3467179	1296	1.0	confident	Mammaliicoccus sciuri	Bacteria
74303a14-096b-4044-8f2e-e134f639e4c1	1296	1.0	confident	Mammaliicoccus sciuri	Bacteria
c06acfa2-645b-4780-a4d4-f45542ed9423	1296	1.0	confident	Mammaliicoccus sciuri	Bacteria
c99c1358-2814-4424-9565-bba5bcad1cfd	1296	1.0	confident	Mammaliicoccus sciuri	Bacteria
1181e93d-2d6c-4917-99bc-0a1b866afee3	1296	1.0	confident	Mammaliicoccus sciuri	Bacteria
a1d77f35-61b0-4ca5-af3f-737d60de7577	1296	1.0	confident	Mammaliicoccus sciuri	Bacteria
931a41e8-1b7a-4604-b299-6d0bc141d626	1296	1.0	confident	Mammaliicoccus sciuri	Bacteria
f55dfc34-bb6a-4861-a169-8d4fe8069296	1296	1.0	confident	Mammaliicoccus sciuri	Bacteria
43dea213-7a34-4316-8116-3c5c7287f4b5	1296	1.0	confident	Mammaliicoccus sciuri	Bacteria
3b74869e-10bf-4750-86de-0bf33d6e5426	1296	1.0	confident	Mammaliicoccus sciuri	Bacteria
0c00229a-19f3-4493-84c3-9c61af6ffbdc	1296	1.0	confident	Mammaliicoccus sciuri	Bacteria
72047b2a-ceee-4c21-bb4a-56c5dc88c0da	1296	1.0	confident	Mammaliicoccus sciuri	Bacteria
00c50ee2-22f0-4124-804d-4e6cfdbe558f	1296	1.0	confident	Mammaliicoccus sciuri	Bacteria
208768df-be9e-4f51-9c6b-b576273022dd	1296	1.0	confident	Mammaliicoccus sciuri	Bacteria
df97ee4a-6398-470b-936d-21bee9158349	1296	1.0	confident	Mammaliicoccus sciuri	Bacteria
631c3689-4b7c-4f53-a2a0-a36739061095	1296	1.0	confident	Mammaliicoccus sciuri	Bacteria
a4d552f8-848b-4a41-9044-dc5c27d5aec1	1296	1.0	confident	Mammaliicoccus sciuri	Bacteria
757e4417-67c4-4b93-8e7d-a6e74b040820	1296	1.0	confident	Mammaliicoccus sciuri	Bacteria
273de49f-b2cf-4b94-a3b4-617cb80caee6	1296	1.0	confident	Mammaliicoccus sciuri	Bacteria
f0da402f-a37d-4b62-8ebc-8a1d9957ff2d	1296	1.0	confident	Mammaliicoccus sciuri	Bacteria
bbc99a3a-4efb-48b6-83f4-77d0c35a58ee	1296	1.0	confident	Mammaliicoccus sciuri	Bacteria
4622893f-06db-43fa-830d-b3084d4b80c6	1296	1.0	confident	Mammaliicoccus sciuri	Bacteria
ad95f5d5-d3ff-4028-a257-9d3f6acff26c	1296	1.0	confident	Mammaliicoccus sciuri	Bacteria
e1da6001-1691-42cf-bfca-a053d381ef60	1296	1.0	confident	Mammaliicoccus sciuri	Bacteria
e4511a7e-bd4b-4ceb-b5f8-231962ee8c7a	1296	1.0	confident	Mammaliicoccus sciuri	Bacteria
d30ecf11-9c73-4e2a-a491-007742b72a68	1296	1.0	confident	Mammaliicoccus sciuri	Bacteria
794c900c-840d-4ef4-8ef2-2987544cd99f	1296	1.0	confident	Mammaliicoccus sciuri	Bacteria
6355a47f-2f26-487e-bc0b-fe3a66d8fc96	1296	1.0	confident	Mammaliicoccus sciuri	Bacteria
45dc90e8-7cee-4f7f-98bb-4a48a4ca10af	1296	1.0	confident	Mammaliicoccus sciuri	Bacteria
0e76fe1f-4104-4b17-ba6e-2d4e3eb60503	1296	1.0	confident	Mammaliicoccus sciuri	Bacteria
13760a0c-4fb8-453d-ab43-b116508b0427	1296	1.0	confident	Mammaliicoccus sciuri	Bacteria
aee1a5d7-b2a2-49b9-95b5-89ef4f3a2b19	1296	1.0	confident	Mammaliicoccus sciuri	Bacteria
af787e5b-ff99-47c7-a130-6f7f9c1b6200	1296	1.0	confident	Mammaliicoccus sciuri	Bacteria
3e7350ef-ba23-4b40-a926-f2349b92f82c	1296	1.0	confident	Mammaliicoccus sciuri	Bacteria
5568dcf1-8e1c-4889-a15f-74dd10fcbe5e	1296	1.0	confident	Mammaliicoccus sciuri	Bacteria
14f391c0-f130-42b5-8705-751cda37e082	1296	1.0	confident	Mammaliicoccus sciuri	Bacteria
c234352d-3a6a-4e9c-a913-bb97976df583	1296	1.0	confident	Mammaliicoccus sciuri	Bacteria
df772b0a-73a5-44f5-a844-ffb879fd591c	1296	1.0	confident	Mammaliicoccus sciuri	Bacteria
34c03e4b-fee5-4680-bd2e-e1ac65ed5db2	1296	1.0	confident	Mammaliicoccus sciuri	Bacteria
d47abc7a-3447-42c3-bbe0-a9e87af361ca	1296	1.0	confident	Mammaliicoccus sciuri	Bacteria
edb63268-fd64-460a-8f61-c17094a05bf1	1296	1.0	confident	Mammaliicoccus sciuri	Bacteria
b0db5a3b-678d-46a6-ac43-91660489d283	1296	1.0	confident	Mammaliicoccus sciuri	Bacteria
418755aa-1246-4dd9-9409-40c15a1f06be	1296	1.0	confident	Mammaliicoccus sciuri	Bacteria
dec8cb97-e012-461d-826b-8d459390ceb6	1296	1.0	confident	Mammaliicoccus sciuri	Bacteria
bf1c5b4b-53a6-41aa-82c3-105847417930	1296	1.0	confident	Mammaliicoccus sciuri	Bacteria
1eef57ae-0111-4550-8617-b30574c6815e	1296	1.0	confident	Mammaliicoccus sciuri	Bacteria
528e1e2c-6d3b-4651-95f0-22547b3523d2	1296	1.0	confident	Mammaliicoccus sciuri	Bacteria
bc84093d-1177-4d30-bfd9-8f40a2f063e0	1296	1.0	confident	Mammaliicoccus sciuri	Bacteria
8f7710c9-7441-4ed3-9882-33503e142cbe	1296	1.0	confident	Mammaliicoccus sciuri	Bacteria
12ea4fd1-0086-46c7-a76d-17e2dfe42916	1296	1.0	confident	Mammaliicoccus sciuri	Bacteria
4d0caa71-4c79-41c5-9c72-68fb1ba2ed46	1296	1.0	confident	Mammaliicoccus sciuri	Bacteria
9343af32-3dd5-4240-80ca-7b4116bcc92a	1296	1.0	confident	Mammaliicoccus sciuri	Bacteria
6d7dbc78-3225-4685-a386-50d1800ef2ed	1296	1.0	confident	Mammaliicoccus sciuri	Bacteria
dbc10271-d4a6-411d-b398-0f6d2496e26f	1296	1.0	confident	Mammaliicoccus sciuri	Bacteria
880d2e08-1878-4c33-8dd6-e7c12b501546	1296	1.0	confident	Mammaliicoccus sciuri	Bacteria
9afbe6aa-7519-4098-8b05-12d8ab681ee8	1296	1.0	confident	Mammaliicoccus sciuri	Bacteria
41a8bba5-8d0e-465e-a101-3fc922a23e88	1296	1.0	confident	Mammaliicoccus sciuri	Bacteria
c9085441-1f17-446b-888e-dc7c1ee9509d	1296	1.0	confident	Mammaliicoccus sciuri	Bacteria
c89ab632-8491-4931-a9c0-8e706bd51b67	1296	1.0	confident	Mammaliicoccus sciuri	Bacteria
234d4e76-1220-4367-bcaa-db41b6611b82	1296	1.0	confident	Mammaliicoccus sciuri	Bacteria
0ffb0e27-d41b-4fb8-88b8-34b6d6e6d457	1296	1.0	confident	Mammaliicoccus sciuri	Bacteria
e981f798-5b94-4ad8-b657-39489418c252	1296	1.0	confident	Mammaliicoccus sciuri	Bacteria
ccb0cc84-216c-4307-9620-7b9486565602	1296	1.0	confident	Mammaliicoccus sciuri	Bacteria
acb6e795-7596-423b-896d-b8d70393520f	1296	1.0	confident	Mammaliicoccus sciuri	Bacteria
ac553c58-abcd-4119-a785-68ef52d8bd51	1296	1.0	confident	Mammaliicoccus sciuri	Bacteria
24005608-5e41-428e-9d9d-580b046eb360	1296	1.0	confident	Mammaliicoccus sciuri	Bacteria
3bef5980-432b-4e49-9112-4c73f059f68e	1296	1.0	confident	Mammaliicoccus sciuri	Bacteria
efef842d-4c42-4595-87ef-aebf2fcc423f	1296	1.0	confident	Mammaliicoccus sciuri	Bacteria
c86cdd92-8000-427f-ad47-5110142f8dc9	1296	1.0	confident	Mammaliicoccus sciuri	Bacteria
dd8429c1-88ee-42af-b73e-c86e08aa0ec9	1296	1.0	confident	Mammaliicoccus sciuri	Bacteria
b0cc2d2e-ad7c-4733-8ff1-b9d769e24fc0	1296	1.0	confident	Mammaliicoccus sciuri	Bacteria
b2c61767-3a4e-4484-a388-86df77183938	1296	1.0	confident	Mammaliicoccus sciuri	Bacteria
a5dd92c6-2f7d-4d1c-b029-4a10352bc9ff	1296	1.0	confident	Mammaliicoccus sciuri	Bacteria
bd698c7d-49c2-47f3-b1af-c4e03e2fec68	1296	1.0	confident	Mammaliicoccus sciuri	Bacteria
5c969708-ca3b-4ecf-a816-58ae2fb1fdc6	1296	1.0	confident	Mammaliicoccus sciuri	Bacteria
f2dbeaac-e976-47de-ada4-a42b08016314	1296	1.0	confident	Mammaliicoccus sciuri	Bacteria
e13cef25-44a5-4c68-b414-29dbc7463513	1296	1.0	confident	Mammaliicoccus sciuri	Bacteria
24a16508-f808-473e-b64e-0fdd0c589b03	1296	1.0	confident	Mammaliicoccus sciuri	Bacteria
1fc8b826-5503-4d88-bfd1-230e68a7d0f6	1296	1.0	confident	Mammaliicoccus sciuri	Bacteria
01c31e72-3680-407f-b8d5-d52d0a3c7884	1296	1.0	confident	Mammaliicoccus sciuri	Bacteria
8bead0a4-e4bd-49fb-8a50-06b9f304ff67	1296	1.0	confident	Mammaliicoccus sciuri	Bacteria
c402a901-609b-455b-b42f-7792c457e29f	1296	1.0	confident	Mammaliicoccus sciuri	Bacteria
01f15e79-3860-43a3-8cd2-4c9e24579bdd	1296	1.0	confident	Mammaliicoccus sciuri	Bacteria
83d1c2df-794a-40d3-94aa-e73d706abbac	1296	1.0	confident	Mammaliicoccus sciuri	Bacteria
cf802070-65f0-476f-a488-367b905443d7	1296	1.0	confident	Mammaliicoccus sciuri	Bacteria
cf753bb1-d868-458c-a549-4ce0727918ee	1296	1.0	confident	Mammaliicoccus sciuri	Bacteria
ebfef694-1eac-4420-a463-f6ea8c05f0ca	1296	1.0	confident	Mammaliicoccus sciuri	Bacteria
d82204fc-9035-444c-86aa-42da310bec83	1296	1.0	confident	Mammaliicoccus sciuri	Bacteria
9221f878-c93b-4db2-8a4c-e7e3a8b3c06f	1296	1.0	confident	Mammaliicoccus sciuri	Bacteria
24935a3f-6889-4ce8-aca1-2bef6429f42a	1296	1.0	confident	Mammaliicoccus sciuri	Bacteria
8021e1a0-ab65-4f85-8097-d89b586faefe	1296	1.0	confident	Mammaliicoccus sciuri	Bacteria
5f3faef4-9cf7-4860-a715-db8e66c627d2	1296	1.0	confident	Mammaliicoccus sciuri	Bacteria
35e574ec-0df0-451f-9998-2a3aad0f1417	1296	1.0	confident	Mammaliicoccus sciuri	Bacteria
95717522-af2e-4a58-aaa0-76fb624ac878	1296	1.0	confident	Mammaliicoccus sciuri	Bacteria
53bec322-e4cd-4ac4-96a8-51961de413c8	1296	1.0	confident	Mammaliicoccus sciuri	Bacteria
2d35d43e-8daf-4903-bfe8-5ac3eb60cac1	1296	1.0	confident	Mammaliicoccus sciuri	Bacteria
30fd7c00-2e9a-4145-8d64-104382436a92	1296	1.0	confident	Mammaliicoccus sciuri	Bacteria
6894db2c-8b81-468e-bb0c-a6fdc5d27328	1296	1.0	confident	Mammaliicoccus sciuri	Bacteria
a0b2fe1f-0786-496c-b879-d4401cb88671	1296	1.0	confident	Mammaliicoccus sciuri	Bacteria
aeaf96bf-4799-4f6b-b001-192785ddac66	1296	1.0	confident	Mammaliicoccus sciuri	Bacteria
80ab865f-fab0-4636-92b4-18ecf2aeec3e	1296	1.0	confident	Mammaliicoccus sciuri	Bacteria
01b2c36b-fea3-4c10-a5f7-ad606aa4d50c	1296	1.0	confident	Mammaliicoccus sciuri	Bacteria
653b5409-4225-4c37-a7df-600a6cf5d70b	1296	1.0	confident	Mammaliicoccus sciuri	Bacteria
c81fe21f-832d-496e-8d58-966cfc8a64dc	1296	1.0	confident	Mammaliicoccus sciuri	Bacteria
b3f044fc-dba6-4ce7-a361-37ed358b489c	1296	1.0	confident	Mammaliicoccus sciuri	Bacteria
dcb69bb3-2ccd-459a-adfe-0703da986527	1296	1.0	confident	Mammaliicoccus sciuri	Bacteria
590f343c-991d-4f7b-9b24-31a750d38105	1296	1.0	confident	Mammaliicoccus sciuri	Bacteria
1d3591f2-9c7e-4444-8659-61755ea443c3	1296	1.0	confident	Mammaliicoccus sciuri	Bacteria
aa1b0ae0-fd70-4bc3-8e27-93fa7c5c6036	1296	1.0	confident	Mammaliicoccus sciuri	Bacteria
04ed67a1-c281-4faf-a331-52bd962f08d4	1296	1.0	confident	Mammaliicoccus sciuri	Bacteria
25ae19ae-8b21-4b15-bf08-a7afe7cc411a	1296	1.0	confident	Mammaliicoccus sciuri	Bacteria
85bb4028-efae-4943-b4f4-390187ce037e	1296	1.0	confident	Mammaliicoccus sciuri	Bacteria
c02b4f01-2005-4ac6-9b6b-865b6af5c7ea	1296	1.0	confident	Mammaliicoccus sciuri	Bacteria
bd7ca30a-b188-43ba-9258-77b5ae46f151	1296	1.0	confident	Mammaliicoccus sciuri	Bacteria
d4bb02be-16ab-42ef-afe7-a117a588dbb6	1296	1.0	confident	Mammaliicoccus sciuri	Bacteria
c9f6840d-02cf-4ed0-8fb5-95d31e244484	1296	1.0	confident	Mammaliicoccus sciuri	Bacteria
049e9d56-8cbe-4732-a7cf-9ced29053091	1296	1.0	confident	Mammaliicoccus sciuri	Bacteria
f10e57f1-7730-4301-ae86-f81173bbf887	1296	1.0	confident	Mammaliicoccus sciuri	Bacteria
9cb797b8-37c4-455b-ab43-12c329954de4	1296	1.0	confident	Mammaliicoccus sciuri	Bacteria
605c9c23-d2f6-415f-8c57-887d5d491370	1296	1.0	confident	Mammaliicoccus sciuri	Bacteria
43c42153-1ffe-463d-87d8-457abc19c62d	1296	1.0	confident	Mammaliicoccus sciuri	Bacteria
13959c66-afdd-4ed3-b25f-594851a1aa96	1296	1.0	confident	Mammaliicoccus sciuri	Bacteria
9433ed59-b224-4013-8e21-5c88000e2a67	1296	1.0	confident	Mammaliicoccus sciuri	Bacteria
d2f6ea0a-2994-4b2d-aa7f-bd41e01b03d4	1296	1.0	confident	Mammaliicoccus sciuri	Bacteria
fa0964a8-8408-4206-afc0-31fe673777fb	1296	1.0	confident	Mammaliicoccus sciuri	Bacteria
87203b7d-c864-43e7-b39c-58cccd361c19	1296	1.0	confident	Mammaliicoccus sciuri	Bacteria
979cac43-ed63-4f62-91b7-84d1b91b6784	1296	1.0	confident	Mammaliicoccus sciuri	Bacteria
bdb1ea9a-52a5-412e-a745-3185ed825730	1296	1.0	confident	Mammaliicoccus sciuri	Bacteria
de12889a-a298-4c4c-b35d-f66c93132edc	1296	1.0	confident	Mammaliicoccus sciuri	Bacteria
74f202f6-ed21-44bd-8572-2988a401919d	1296	1.0	confident	Mammaliicoccus sciuri	Bacteria
eb7fa7a7-ae1d-4ddc-b68a-0617f1e92963	1296	1.0	confident	Mammaliicoccus sciuri	Bacteria
9cb8e634-6ae7-4e18-bd27-7e55c0c4ddba	1296	1.0	confident	Mammaliicoccus sciuri	Bacteria
bf2406bc-ca85-4b84-afc1-a2c5ec0aa4cc	1296	1.0	confident	Mammaliicoccus sciuri	Bacteria
9831a1ac-ef7e-4b6a-bf0a-b22d2e020f24	1296	1.0	confident	Mammaliicoccus sciuri	Bacteria
f44f9a06-4991-4bed-84a8-ce6b22e74256	1296	1.0	confident	Mammaliicoccus sciuri	Bacteria
79bca797-18cf-4a66-8269-ce668b247b4a	1296	1.0	confident	Mammaliicoccus sciuri	Bacteria
fc16fa19-4601-48d5-8720-0c471da4c94b	1296	1.0	confident	Mammaliicoccus sciuri	Bacteria
d920107c-0c51-41ab-b881-a447cd61d1ff	1296	1.0	confident	Mammaliicoccus sciuri	Bacteria
6ceb7fc8-42cf-453c-ab0f-78d64a891bc5	1296	1.0	confident	Mammaliicoccus sciuri	Bacteria
77185c46-25a4-44a2-9bdb-2be614cacb51	1296	1.0	confident	Mammaliicoccus sciuri	Bacteria
45df6f35-30ec-42c7-80a0-cd5050be1309	1296	1.0	confident	Mammaliicoccus sciuri	Bacteria
c0d69292-1732-433f-8186-0c42cabaf2d6	1296	1.0	confident	Mammaliicoccus sciuri	Bacteria
01e8a517-03b1-4142-ad8e-6d2aded0393d	1296	1.0	confident	Mammaliicoccus sciuri	Bacteria
6d201873-312a-4d1c-a58e-dc91b2cf2fe7	1296	1.0	confident	Mammaliicoccus sciuri	Bacteria
5dbbc94a-a0d2-4718-8d2c-43c633a45863	1296	1.0	confident	Mammaliicoccus sciuri	Bacteria
f2510f9f-7c90-40ba-a876-37282eab7426	1296	1.0	confident	Mammaliicoccus sciuri	Bacteria
0831e964-677b-4143-89d5-3df77f10dc66	1296	1.0	confident	Mammaliicoccus sciuri	Bacteria
ec13c79c-eb86-457f-893a-d3a0c508f682	1296	1.0	confident	Mammaliicoccus sciuri	Bacteria
c72a9226-856d-4738-adf6-0fd7b1e526f6	1296	1.0	confident	Mammaliicoccus sciuri	Bacteria
27611192-64c2-4a29-a5f7-35e25175a208	1296	1.0	confident	Mammaliicoccus sciuri	Bacteria
8949cb9a-f7ae-4483-bfbb-d0df7c5cab60	1296	1.0	confident	Mammaliicoccus sciuri	Bacteria
e4a146d1-709f-44a2-a07b-9f8eb884af33	1296	1.0	confident	Mammaliicoccus sciuri	Bacteria
e4533c4e-d81d-4047-a5ea-933fe7677c33	1296	1.0	confident	Mammaliicoccus sciuri	Bacteria
8d3311e1-e46e-43fd-9870-7bb4b62d883f	1296	1.0	confident	Mammaliicoccus sciuri	Bacteria
0cb0de85-7df5-455e-bd2c-1ef067211346	1296	1.0	confident	Mammaliicoccus sciuri	Bacteria
78a16613-7b25-4975-a5d9-1e2518bbcb46	1296	1.0	confident	Mammaliicoccus sciuri	Bacteria
d2189a93-331f-4e7f-afe5-94f9ea56506b	1296	1.0	confident	Mammaliicoccus sciuri	Bacteria
e5091466-3459-4d55-a052-194e4c39c2cc	1296	1.0	confident	Mammaliicoccus sciuri	Bacteria
09529397-fff0-48ce-996f-e510b82f49c1	1296	1.0	confident	Mammaliicoccus sciuri	Bacteria
88d903f0-4520-41e6-b60f-abd82b197aa8	1296	1.0	confident	Mammaliicoccus sciuri	Bacteria
378b2cd8-4b03-4f63-86b0-b5bbe59ad9d2	1296	1.0	confident	Mammaliicoccus sciuri	Bacteria
ac643e17-362e-4baf-b1f5-ea5a715925fe	1296	1.0	confident	Mammaliicoccus sciuri	Bacteria
ba3e9678-1805-4a84-811f-aca706ab99f6	1296	1.0	confident	Mammaliicoccus sciuri	Bacteria
06510d87-4d1e-4187-8605-d656c7499275	1296	1.0	confident	Mammaliicoccus sciuri	Bacteria
d6952e7b-c5ee-4239-9537-ac3854c5c09e	1296	1.0	confident	Mammaliicoccus sciuri	Bacteria
85ac8a90-e43a-4b81-bf40-2ed5038c7351	1296	1.0	confident	Mammaliicoccus sciuri	Bacteria
a49c5a37-fff4-4c84-a743-07ca25e63f90	1296	1.0	confident	Mammaliicoccus sciuri	Bacteria
78947337-0711-4b25-9661-937b2b4c866a	1296	1.0	confident	Mammaliicoccus sciuri	Bacteria
4e868b89-c1e7-4b5f-8ca0-d657371ca407	1296	1.0	confident	Mammaliicoccus sciuri	Bacteria
dcb9a766-8b6a-4978-953a-2638b00335b4	1296	1.0	confident	Mammaliicoccus sciuri	Bacteria
bb1a623e-cfac-43ed-89e7-992361b7ca03	1296	1.0	confident	Mammaliicoccus sciuri	Bacteria
3ea43327-c4bf-4ae3-910f-986db69e7199	1296	1.0	confident	Mammaliicoccus sciuri	Bacteria
6ece5a87-e598-4798-a14f-2e51115a694c	1296	1.0	confident	Mammaliicoccus sciuri	Bacteria
5acccdd7-6395-4c60-9657-5797625c403d	1296	1.0	confident	Mammaliicoccus sciuri	Bacteria
982d40ed-add7-42ee-bb26-88d65a9b46b9	1296	1.0	confident	Mammaliicoccus sciuri	Bacteria
c7aa236a-96c1-46b7-9fab-0201745c8033	1296	1.0	confident	Mammaliicoccus sciuri	Bacteria
89015a1d-431a-4512-b81c-60868d942a71	1296	1.0	confident	Mammaliicoccus sciuri	Bacteria
e9ea412b-f439-4db1-8b5e-06b9b54d74bb	1296	1.0	confident	Mammaliicoccus sciuri	Bacteria
346da675-03ca-4f23-84b7-059a8b76edcb	1296	1.0	confident	Mammaliicoccus sciuri	Bacteria
464029d0-f65f-47d4-8700-19d3703c81cb	1296	1.0	confident	Mammaliicoccus sciuri	Bacteria
5c0d1e0d-364a-4c96-8849-96bd2f590208	1296	1.0	confident	Mammaliicoccus sciuri	Bacteria
312b7c51-b8a8-45e8-a107-1bebd0ae4326	1296	1.0	confident	Mammaliicoccus sciuri	Bacteria
bba02d3b-65c8-4e7b-a630-a8941b6acf55	1296	1.0	confident	Mammaliicoccus sciuri	Bacteria
b978ff8b-6d37-4bee-b447-9a7db3168bcb	1296	1.0	confident	Mammaliicoccus sciuri	Bacteria
dfe7df87-e8ee-45a5-8f71-c5aaad2af7c0	1296	1.0	confident	Mammaliicoccus sciuri	Bacteria
7fda9c5b-d574-4258-9d3d-e7d850db971b	1296	1.0	confident	Mammaliicoccus sciuri	Bacteria
3965614d-e924-4db7-9359-95f1f9c3bc69	1296	1.0	confident	Mammaliicoccus sciuri	Bacteria
38fecd63-c87f-4e4e-ae22-8210c915cc4b	1296	1.0	confident	Mammaliicoccus sciuri	Bacteria
e031921b-529b-4f33-b366-cced309b4bf3	1296	1.0	confident	Mammaliicoccus sciuri	Bacteria
8a2a3fb1-561d-4a5f-9a75-88dc231dd0a7	1296	1.0	confident	Mammaliicoccus sciuri	Bacteria
4da26379-a98f-4708-9921-ef0243e2e752	1296	1.0	confident	Mammaliicoccus sciuri	Bacteria
885e7320-5cd3-46a3-9f01-fac96573ff8b	1296	1.0	confident	Mammaliicoccus sciuri	Bacteria
6e43d97b-d67e-439b-83cd-5d77002f62b7	1296	1.0	confident	Mammaliicoccus sciuri	Bacteria
feb709cb-5219-4c99-a85e-7969e03a167f	1296	1.0	confident	Mammaliicoccus sciuri	Bacteria
c7d4ae97-0b44-4e78-b37f-89f7028331b4	1296	1.0	confident	Mammaliicoccus sciuri	Bacteria
e1d5002d-f2dc-4e66-a63d-083e77a4db79	1296	1.0	confident	Mammaliicoccus sciuri	Bacteria
ee49c573-7bfe-4b10-9014-45247eb0d9a4	1296	1.0	confident	Mammaliicoccus sciuri	Bacteria
128ad6f1-c5b1-4054-9d57-9055fe2c50d4	1296	1.0	confident	Mammaliicoccus sciuri	Bacteria
3b38790d-0366-4fcd-bc46-c9e3ff22599b	1296	1.0	confident	Mammaliicoccus sciuri	Bacteria
8846ae02-e4de-4512-a9a4-f772c308a07f	1296	1.0	confident	Mammaliicoccus sciuri	Bacteria
68455459-ec2d-452f-9f04-9308650a76a5	1296	1.0	confident	Mammaliicoccus sciuri	Bacteria
6a6dd725-8d71-41dd-ad30-c4a6784b1e57	1296	1.0	confident	Mammaliicoccus sciuri	Bacteria
7ae46bd7-015f-457a-bd16-76bed4759d07	1296	1.0	confident	Mammaliicoccus sciuri	Bacteria
fc17fbde-e5be-449d-8ea5-c1617a6eb505	1296	1.0	confident	Mammaliicoccus sciuri	Bacteria
75979ea8-8104-4c1c-a779-221fefb283e6	1296	1.0	confident	Mammaliicoccus sciuri	Bacteria
f83530e2-1877-4744-857c-6dd59eb797c2	1296	1.0	confident	Mammaliicoccus sciuri	Bacteria
a407d490-4bf3-45ce-96d8-51685db54af3	1296	1.0	confident	Mammaliicoccus sciuri	Bacteria
2f1603da-ab42-4670-9d55-4c1b6910bfea	1296	1.0	confident	Mammaliicoccus sciuri	Bacteria
4d4a1ae4-45e8-4f3f-a3fe-da9b739d5455	1296	1.0	confident	Mammaliicoccus sciuri	Bacteria
a2031c4c-42e4-4071-ae16-8245dd097e6c	1296	1.0	confident	Mammaliicoccus sciuri	Bacteria
eca9fbc1-63e0-482d-b2b9-9d1f4c6dbbbf	1296	1.0	confident	Mammaliicoccus sciuri	Bacteria
f0a4d7ee-5b79-48d1-b2bd-b42ea144e57d	1296	1.0	confident	Mammaliicoccus sciuri	Bacteria
1b05b923-9a31-49d2-8e12-a30be477c83b	1296	1.0	confident	Mammaliicoccus sciuri	Bacteria
4041dd5d-2a82-4b98-ae0e-6bb9672c0039	1296	1.0	confident	Mammaliicoccus sciuri	Bacteria
ff318eb1-37ce-42ef-b868-8d2170366461	1296	1.0	confident	Mammaliicoccus sciuri	Bacteria
9a075065-4728-4a04-abe2-7a243f6ad777	1296	1.0	confident	Mammaliicoccus sciuri	Bacteria
6624503f-735b-40b2-a3d5-13af8328f42d	1296	1.0	confident	Mammaliicoccus sciuri	Bacteria
b00888dc-22fd-4897-b50b-3c82a0b26c40	1296	1.0	confident	Mammaliicoccus sciuri	Bacteria
19a4d4e9-a388-4b73-9667-bfb599f452d1	1296	1.0	confident	Mammaliicoccus sciuri	Bacteria
cd8e3236-96bf-43d4-af87-bb3be225187d	1296	1.0	confident	Mammaliicoccus sciuri	Bacteria
0f1254f9-2e6e-423f-a37d-10544f10a390	1296	1.0	confident	Mammaliicoccus sciuri	Bacteria
c472d296-1a45-4c73-9f25-d1450a2738ab	1296	1.0	confident	Mammaliicoccus sciuri	Bacteria
0caf843b-28fc-4715-91df-ab4ba2d2b24a	1296	1.0	confident	Mammaliicoccus sciuri	Bacteria
edd8bc80-9076-4215-bba0-29c3b3f26d80	1296	1.0	confident	Mammaliicoccus sciuri	Bacteria
82af425a-b486-4210-b16b-df0e28aedd69	1296	1.0	confident	Mammaliicoccus sciuri	Bacteria
d976da46-747f-44bc-ab03-5ed9a847d315	1296	1.0	confident	Mammaliicoccus sciuri	Bacteria
2e42d394-262b-4aef-8abf-1746d2c19b4a	1296	1.0	confident	Mammaliicoccus sciuri	Bacteria
f417be8f-dba3-4936-b911-2c58a83e21f4	1296	1.0	confident	Mammaliicoccus sciuri	Bacteria
af35f0eb-1d59-4258-8ab7-06cf20fbc266	1296	1.0	confident	Mammaliicoccus sciuri	Bacteria
785c24cb-63ac-48b9-82f6-515f8658255c	1296	1.0	confident	Mammaliicoccus sciuri	Bacteria
14a0a48e-fb78-47aa-b76b-4b91a9627d56	1296	1.0	confident	Mammaliicoccus sciuri	Bacteria
df7df35f-5d62-422e-886e-086c6bc26d46	1296	1.0	confident	Mammaliicoccus sciuri	Bacteria
a4977d2a-5eef-47d8-98b1-b9cfe1bcf45a	1296	1.0	confident	Mammaliicoccus sciuri	Bacteria
4327ff4c-ab0a-4bcc-984c-4c1581812abc	1296	1.0	confident	Mammaliicoccus sciuri	Bacteria
ad206ead-040b-4de0-8197-565e17935d69	1296	1.0	confident	Mammaliicoccus sciuri	Bacteria
e77bbadd-f6f9-40a2-853a-0fbe6d4ec629	1296	1.0	confident	Mammaliicoccus sciuri	Bacteria
a3408528-5e8b-474f-9fb3-b1de0a679347	1296	1.0	confident	Mammaliicoccus sciuri	Bacteria
4a9e2f65-28b0-4e9f-b662-efa48d083435	1296	1.0	confident	Mammaliicoccus sciuri	Bacteria
15ae3658-429d-4283-936e-1212f2bd827f	1296	1.0	confident	Mammaliicoccus sciuri	Bacteria
9e90418d-e6d3-4d9f-9fdd-2703c56949f7	1296	1.0	confident	Mammaliicoccus sciuri	Bacteria
a9598535-3221-4c3a-b5a9-11ff9c47d06b	1296	1.0	confident	Mammaliicoccus sciuri	Bacteria
fd1d8db5-2594-4118-a59b-b55a5f795f0d	1296	1.0	confident	Mammaliicoccus sciuri	Bacteria
813cac07-7b65-46ea-b0a1-e12d76f9680e	1296	1.0	confident	Mammaliicoccus sciuri	Bacteria
7eeee974-0842-4f3b-86e7-3557d5bc795a	1296	1.0	confident	Mammaliicoccus sciuri	Bacteria
52e9f428-9503-4685-80da-66126f36b4c3	1296	1.0	confident	Mammaliicoccus sciuri	Bacteria
216f137a-6e5f-4a89-99ff-687c8ea135c6	1296	1.0	confident	Mammaliicoccus sciuri	Bacteria
eb36c4cb-7201-48ba-adc4-d2672d030c5f	1296	1.0	confident	Mammaliicoccus sciuri	Bacteria
4d3873a7-53f9-41d4-b7dc-1e819e1bbddd	1296	1.0	confident	Mammaliicoccus sciuri	Bacteria
c30bdd7c-d8e8-4876-b940-4142650ce8b6	1296	1.0	confident	Mammaliicoccus sciuri	Bacteria
e6a7c1b6-5a6e-415a-af90-251e070fac35	1296	1.0	confident	Mammaliicoccus sciuri	Bacteria
f639afc7-4d17-452c-82e1-d86572c57316	1296	1.0	confident	Mammaliicoccus sciuri	Bacteria
0c56e559-fdba-42d8-b36d-d0a9012fb670	1296	1.0	confident	Mammaliicoccus sciuri	Bacteria
8270be3d-0129-4410-a9fd-976ad5d83d93	1296	1.0	confident	Mammaliicoccus sciuri	Bacteria
7f17ea10-8260-4d95-8e32-ee38e748dbe8	1296	1.0	confident	Mammaliicoccus sciuri	Bacteria
cf18bd74-9029-456c-846d-9fc772783236	1296	1.0	confident	Mammaliicoccus sciuri	Bacteria
4d2fdcec-c21f-4131-8488-d62667eecb71	1296	1.0	confident	Mammaliicoccus sciuri	Bacteria
3aad7553-3476-4c45-a535-a3e47c30dc6b	1296	1.0	confident	Mammaliicoccus sciuri	Bacteria
81d5bafc-b693-45bd-aa89-67579e8c8b53	1296	1.0	confident	Mammaliicoccus sciuri	Bacteria
f4e11d67-af9e-4184-9252-0d774b22420f	1296	1.0	confident	Mammaliicoccus sciuri	Bacteria
0453dc0e-309f-44e0-9b6e-785551d505a9	1296	1.0	confident	Mammaliicoccus sciuri	Bacteria
3affe3e5-9ef1-4cdd-b6dc-4a02ebe0ec73	1296	1.0	confident	Mammaliicoccus sciuri	Bacteria
d804c5bb-8917-4e21-b93c-652006f12875	1296	1.0	confident	Mammaliicoccus sciuri	Bacteria
26ee93e7-380c-4611-b4ab-6017ed5fb97f	1296	1.0	confident	Mammaliicoccus sciuri	Bacteria
2c62e7c2-0109-4073-b2ba-a9ca8aa54ac1	1296	1.0	confident	Mammaliicoccus sciuri	Bacteria
51fa709d-ff10-4bda-824f-d00bf1c32f03	1296	1.0	confident	Mammaliicoccus sciuri	Bacteria
9a607fc6-4707-4d12-be4a-aecf6edb05e8	1296	1.0	confident	Mammaliicoccus sciuri	Bacteria
2b7a2772-350f-4dd7-b154-f12b69cfdea3	1296	1.0	confident	Mammaliicoccus sciuri	Bacteria
18d8efd1-683a-4045-b7df-ac7001235b43	1296	1.0	confident	Mammaliicoccus sciuri	Bacteria
40ded638-eb4e-46e9-8a70-11624ca80df9	1296	1.0	confident	Mammaliicoccus sciuri	Bacteria
1f77456a-7dc5-4e70-973d-2700059ec77d	1296	1.0	confident	Mammaliicoccus sciuri	Bacteria
5cff5b9e-514b-4308-9d7d-4a095096744e	1296	1.0	confident	Mammaliicoccus sciuri	Bacteria
3243741c-7d33-40ff-9c31-d06ec09ba2ec	1296	1.0	confident	Mammaliicoccus sciuri	Bacteria
1585c73e-e47c-4089-ab85-43d9a26fd161	1296	1.0	confident	Mammaliicoccus sciuri	Bacteria
e7764f3a-117e-4378-832b-017fda5b030e	1296	1.0	confident	Mammaliicoccus sciuri	Bacteria
77968b8c-85a6-4fee-a172-f11193382704	1296	1.0	confident	Mammaliicoccus sciuri	Bacteria
a421b0fb-b653-4351-aa3c-f8f2dd5b7bde	1296	1.0	confident	Mammaliicoccus sciuri	Bacteria
884571f6-95e8-402d-8a16-25a0eb93fad4	1296	1.0	confident	Mammaliicoccus sciuri	Bacteria
7da73212-1c58-477a-a1d0-1e27469c5f12	1296	1.0	confident	Mammaliicoccus sciuri	Bacteria
9e095a5c-23bb-4f5c-b68c-7b27828e617f	1296	1.0	confident	Mammaliicoccus sciuri	Bacteria
de829976-4dec-42fd-9a52-258b692b04dc	1296	1.0	confident	Mammaliicoccus sciuri	Bacteria
2ba15fe9-3aa6-42b8-8501-48d3ce805de1	1296	1.0	confident	Mammaliicoccus sciuri	Bacteria
a81acd77-7e4b-4181-8c87-f55573b5d337	1296	1.0	confident	Mammaliicoccus sciuri	Bacteria
394fa96d-d202-4716-8f64-76c68e56570b	1296	1.0	confident	Mammaliicoccus sciuri	Bacteria
cc7083e9-7150-400a-8794-28711492e993	1296	1.0	confident	Mammaliicoccus sciuri	Bacteria
5a0245bc-0ff4-4bde-9fe9-7f3f0a9cb578	1296	1.0	confident	Mammaliicoccus sciuri	Bacteria
6f1ce072-0c03-4eb8-9af5-606fbf343e67	1296	1.0	confident	Mammaliicoccus sciuri	Bacteria
90fe1817-93ea-434d-876e-27c95fff553f	1296	1.0	confident	Mammaliicoccus sciuri	Bacteria
a57aa56b-d066-46b5-9744-c1e02bd04b28	1296	1.0	confident	Mammaliicoccus sciuri	Bacteria
656a5e36-3226-4fd6-8cfe-70dfeab39c35	1296	1.0	confident	Mammaliicoccus sciuri	Bacteria
0e236bd6-03d4-457a-9835-a46e49a68730	1296	1.0	confident	Mammaliicoccus sciuri	Bacteria
de242173-d654-4c14-9d85-b14d5bef1ae3	1296	1.0	confident	Mammaliicoccus sciuri	Bacteria
a3018890-58dd-4337-8783-0e775665c24f	1296	1.0	confident	Mammaliicoccus sciuri	Bacteria
ff310bd4-e78a-43f3-b3bc-305a84f96092	1296	1.0	confident	Mammaliicoccus sciuri	Bacteria
264d3d73-7a90-409e-af2c-8e3aae0fa131	1296	1.0	confident	Mammaliicoccus sciuri	Bacteria
4c614dd5-601e-4b51-8944-cffbe55cfbf8	1296	1.0	confident	Mammaliicoccus sciuri	Bacteria
f6e52c7d-5cbb-45bc-a7e7-5cc442bfbf2a	1296	1.0	confident	Mammaliicoccus sciuri	Bacteria
fe1c50a9-707b-4988-8c63-03160036f02e	1296	1.0	confident	Mammaliicoccus sciuri	Bacteria
2e29888a-bec0-4e8e-a154-02893794069f	1296	1.0	confident	Mammaliicoccus sciuri	Bacteria
0ae2f345-8b66-4c0b-a225-c38104f04f14	1296	1.0	confident	Mammaliicoccus sciuri	Bacteria
f3220d76-200c-4e2a-9b61-2bf3bf7ed264	1296	1.0	confident	Mammaliicoccus sciuri	Bacteria
897aab85-b8e9-4939-a2ac-1fa7c24b0a5d	1296	1.0	confident	Mammaliicoccus sciuri	Bacteria
7da217e1-74f9-4e50-aa79-5dfe88aa1793	1296	1.0	confident	Mammaliicoccus sciuri	Bacteria
b92db188-59f1-4cf5-a0c3-ec8ed2398068	1296	1.0	confident	Mammaliicoccus sciuri	Bacteria
95d0bc61-76ae-4e81-ac7a-b15b64b2b6d2	1296	1.0	confident	Mammaliicoccus sciuri	Bacteria
acc1fbf5-a3cc-4641-8d53-4760b484ce26	1296	1.0	confident	Mammaliicoccus sciuri	Bacteria
aa4220e0-d718-4e7c-911c-b7a8a281b7d9	1296	1.0	confident	Mammaliicoccus sciuri	Bacteria
b8a7cc5e-1dce-4c3a-8ebc-cb377441e4d7	1296	1.0	confident	Mammaliicoccus sciuri	Bacteria
b630f362-8d74-4d2e-8a6c-dc70e534b1c5	1296	1.0	confident	Mammaliicoccus sciuri	Bacteria
8a619ae9-4772-4f6b-9b3d-a86312d0b213	1296	1.0	confident	Mammaliicoccus sciuri	Bacteria
aa57a266-95c4-48d1-8fd8-10b91ecb61d0	1296	1.0	confident	Mammaliicoccus sciuri	Bacteria
e98e46e2-f1b1-4211-8c10-eaaadfca447b	1296	1.0	confident	Mammaliicoccus sciuri	Bacteria
e85d3c9f-1deb-44e5-a094-be73d0fa57cf	1296	1.0	confident	Mammaliicoccus sciuri	Bacteria
ec32425e-ed22-42fd-bc37-b3c9d42983dd	1296	1.0	confident	Mammaliicoccus sciuri	Bacteria
af0c80e1-acb3-457d-ab5d-28392419a5ad	1296	1.0	confident	Mammaliicoccus sciuri	Bacteria
a951f2e5-9cab-489a-9457-82b81eb00362	1296	1.0	confident	Mammaliicoccus sciuri	Bacteria
d950f95a-d0b7-4024-a85c-f95759e48527	1296	1.0	confident	Mammaliicoccus sciuri	Bacteria
3ae24e9e-f56d-4843-a7f8-415197d0a6d0	1296	1.0	confident	Mammaliicoccus sciuri	Bacteria
1ebcdd60-f5b9-4d8a-b73b-2d5e7055b4d0	1296	1.0	confident	Mammaliicoccus sciuri	Bacteria
afc585f0-1dd1-4312-86df-01c2bc960a4c	1296	1.0	confident	Mammaliicoccus sciuri	Bacteria
e0d0c7c9-8180-40d2-8001-c834c0575e1a	1296	1.0	confident	Mammaliicoccus sciuri	Bacteria
d1c46193-de13-45d9-8304-cd1b841ee72b	1296	1.0	confident	Mammaliicoccus sciuri	Bacteria
7bf2ce2c-7c5c-408f-913d-971fe02f6f15	1296	1.0	confident	Mammaliicoccus sciuri	Bacteria
009fec28-e437-4dc5-b03b-df79c06d6b47	1296	1.0	confident	Mammaliicoccus sciuri	Bacteria
76a56bba-3579-4954-9cba-e9c167712e3f	1296	1.0	confident	Mammaliicoccus sciuri	Bacteria
f6b5c7d1-b56e-4591-b525-624f2b41db75	1296	1.0	confident	Mammaliicoccus sciuri	Bacteria
314b7c53-77bd-49fb-97a2-552c5fc47f21	1296	1.0	confident	Mammaliicoccus sciuri	Bacteria
52372e12-127d-424d-87c7-86f4f685924e	1296	1.0	confident	Mammaliicoccus sciuri	Bacteria
15f86ead-fbdb-4d3b-978e-fbeeea956941	1296	1.0	confident	Mammaliicoccus sciuri	Bacteria
62a0c76a-f5c6-4d39-bd76-2b09fcd501f2	1296	1.0	confident	Mammaliicoccus sciuri	Bacteria
ce5574cc-e74e-4cab-9b41-02e5756c5510	1296	1.0	confident	Mammaliicoccus sciuri	Bacteria
987e4599-284d-4130-b08f-e347c9a64b3c	1296	1.0	confident	Mammaliicoccus sciuri	Bacteria
102609c6-765f-4902-83fc-b11d416e8416	1296	1.0	confident	Mammaliicoccus sciuri	Bacteria
a3fc695a-1ce9-4fa6-9c19-020ea40898e4	1296	1.0	confident	Mammaliicoccus sciuri	Bacteria
384ae436-9fed-4d33-8da6-4220a90822be	1296	1.0	confident	Mammaliicoccus sciuri	Bacteria
05ddc42a-c12f-4914-a8b7-7b2703bd53dd	1296	1.0	confident	Mammaliicoccus sciuri	Bacteria
b14c3f2b-e024-496c-9212-407d2e4e00cc	1296	1.0	confident	Mammaliicoccus sciuri	Bacteria
94802f96-040e-4eff-8a79-244ab84b25ff	1296	1.0	confident	Mammaliicoccus sciuri	Bacteria
678ffdef-6c7f-420c-92d4-2d7864d15cd8	1296	1.0	confident	Mammaliicoccus sciuri	Bacteria
0372e14f-17a0-452e-8fe8-347cde543ef5	1296	1.0	confident	Mammaliicoccus sciuri	Bacteria
eb00886d-38b9-4caa-b16a-7b5fddec9070	1296	1.0	confident	Mammaliicoccus sciuri	Bacteria
7841a7a3-bb16-46d1-b099-21899888d861	1296	1.0	confident	Mammaliicoccus sciuri	Bacteria
706fafe3-3cdd-463f-b33e-3874f3dc1a59	1296	1.0	confident	Mammaliicoccus sciuri	Bacteria
159c063b-807e-44cc-b909-851e15bcb140	1296	1.0	confident	Mammaliicoccus sciuri	Bacteria
77e7b47f-e7b1-40cc-ae3a-b2a08d3e42f4	1296	1.0	confident	Mammaliicoccus sciuri	Bacteria
68443c2e-7a3e-4c03-812d-1e0af2473791	1296	1.0	confident	Mammaliicoccus sciuri	Bacteria
5fbac8cd-8e9e-4fcd-869f-d367e98740ce	1296	1.0	confident	Mammaliicoccus sciuri	Bacteria
6141c40e-57fc-4b23-aa24-e917a9774d01	1296	1.0	confident	Mammaliicoccus sciuri	Bacteria
d59c53a3-92d9-49b6-9532-9187ebb3f19d	1296	1.0	confident	Mammaliicoccus sciuri	Bacteria
1802da61-5740-4517-befb-63abb9940735	1296	1.0	confident	Mammaliicoccus sciuri	Bacteria
57fecaec-57d9-453c-859b-a64a53e288d5	1296	1.0	confident	Mammaliicoccus sciuri	Bacteria
90e548cd-0172-40da-813a-e99ab6940b91	1296	1.0	confident	Mammaliicoccus sciuri	Bacteria
77c274a5-c5b6-4250-9586-14bae26afe85	1296	1.0	confident	Mammaliicoccus sciuri	Bacteria
2ad6f2b2-e453-4e4a-b613-933e3911ef18	1296	1.0	confident	Mammaliicoccus sciuri	Bacteria
4b418b34-87d4-49e5-a349-f7680ddaab71	1296	1.0	confident	Mammaliicoccus sciuri	Bacteria
2bbb0bf8-a4a1-447e-9ac4-cfacd570cb8a	1296	1.0	confident	Mammaliicoccus sciuri	Bacteria
b5887ef5-5c39-4145-ae65-e278379ba92c	1296	1.0	confident	Mammaliicoccus sciuri	Bacteria
d3dd5eda-debd-4868-b9e8-1ab624bdd627	1296	1.0	confident	Mammaliicoccus sciuri	Bacteria
dcefb443-e6b2-4154-ba5a-a55bcde7bab1	1296	1.0	confident	Mammaliicoccus sciuri	Bacteria
f55d44f2-8d55-4ec3-9a14-cae70d497c43	1296	1.0	confident	Mammaliicoccus sciuri	Bacteria
0222d4e4-ba3c-4ec5-8397-3ef5ff17f0bf	1296	1.0	confident	Mammaliicoccus sciuri	Bacteria
3dcbc651-7094-443a-b53e-d4f09cb9d573	1296	1.0	confident	Mammaliicoccus sciuri	Bacteria
2248e18a-3a5c-4e40-aa3b-8235a3f9c5f3	1296	1.0	confident	Mammaliicoccus sciuri	Bacteria
03595e51-e456-4041-9ad7-9ba26acd6673	1296	1.0	confident	Mammaliicoccus sciuri	Bacteria
68eebc30-dce5-49de-9cf6-b4f4e30c0d6d	1296	1.0	confident	Mammaliicoccus sciuri	Bacteria
deca363b-5eca-428c-abcc-2e0a53289e25	1296	1.0	confident	Mammaliicoccus sciuri	Bacteria
81586828-ca0f-430c-a8b1-34957c72762a	1296	1.0	confident	Mammaliicoccus sciuri	Bacteria
cd8e0492-97d8-4ea5-b202-4be8792959fb	1296	1.0	confident	Mammaliicoccus sciuri	Bacteria
dce72706-8856-49ae-b3af-82d6e3151b6e	1296	1.0	confident	Mammaliicoccus sciuri	Bacteria
cbf77b39-369a-443d-8e6c-e0b13d927b80	1296	1.0	confident	Mammaliicoccus sciuri	Bacteria
5bd66bf7-91ba-466f-806f-3c78a86c8e16	1296	1.0	confident	Mammaliicoccus sciuri	Bacteria
8a78033d-95ef-42df-b33f-6bc06aaec26e	1296	1.0	confident	Mammaliicoccus sciuri	Bacteria
07e3a30a-1fe0-43e3-b467-e0d34d25604e	1296	1.0	confident	Mammaliicoccus sciuri	Bacteria
b6aaea54-8d46-4695-ab5d-998759502d83	1296	1.0	confident	Mammaliicoccus sciuri	Bacteria
0c67ab10-49d7-42aa-a94f-e7c6f95a4cbb	1296	1.0	confident	Mammaliicoccus sciuri	Bacteria
e62269e6-a5f6-4d4c-a758-7aea27f7fb8f	1296	1.0	confident	Mammaliicoccus sciuri	Bacteria
58817b43-7e91-4a55-812a-3e7cf8a5a5b6	1296	1.0	confident	Mammaliicoccus sciuri	Bacteria
5094af47-cffc-43e6-8b2a-33024ff82663	1296	1.0	confident	Mammaliicoccus sciuri	Bacteria
cce703ec-96a9-4f34-a167-3e032469a866	1296	1.0	confident	Mammaliicoccus sciuri	Bacteria
48f22a36-0ba3-4e8c-b0e2-088f01857e49	1296	1.0	confident	Mammaliicoccus sciuri	Bacteria
ddef1b36-efad-42d7-a6a4-ef6006964793	1296	1.0	confident	Mammaliicoccus sciuri	Bacteria
03a40490-2482-428a-b09b-f4e8f69cf5dd	1296	1.0	confident	Mammaliicoccus sciuri	Bacteria
6471626d-4973-4d00-933d-0666870a8ece	1296	1.0	confident	Mammaliicoccus sciuri	Bacteria
3388c7da-5e0d-4a2e-a2fb-c530e37ac200	1296	1.0	confident	Mammaliicoccus sciuri	Bacteria
32457513-039a-4941-a87f-18203b4deacb	1296	1.0	confident	Mammaliicoccus sciuri	Bacteria
c689bb07-ecab-496e-b3fc-58a140423ddd	1296	1.0	confident	Mammaliicoccus sciuri	Bacteria
0baa1412-a268-492b-a819-ef939d7dec86	1296	1.0	confident	Mammaliicoccus sciuri	Bacteria
807417dd-9f2d-4f2b-a720-3c072d9afb4f	1296	1.0	confident	Mammaliicoccus sciuri	Bacteria
f7ad62cb-6f9d-4243-b000-fd157101732e	1296	1.0	confident	Mammaliicoccus sciuri	Bacteria
c4358bac-53b6-43eb-8a4d-c0864ba39757	1296	1.0	confident	Mammaliicoccus sciuri	Bacteria
38819cac-0674-4061-a907-e79d41e60673	1296	1.0	confident	Mammaliicoccus sciuri	Bacteria
d26c8f14-d775-43b2-93c1-4603540e3a91	1296	1.0	confident	Mammaliicoccus sciuri	Bacteria
4f890040-542f-4383-89ea-4f835b20de16	1296	1.0	confident	Mammaliicoccus sciuri	Bacteria
c1706ff0-fde9-4c22-9cf7-ac17e3e1e433	1296	1.0	confident	Mammaliicoccus sciuri	Bacteria
be4fcac4-c9c5-4854-a2eb-5f68f0682408	1296	1.0	confident	Mammaliicoccus sciuri	Bacteria
c936a815-6a0c-4144-b3a8-ac4a1166bf3f	1296	1.0	confident	Mammaliicoccus sciuri	Bacteria
9b4b0c78-1923-415e-99b8-c095f8620fcd	1296	1.0	confident	Mammaliicoccus sciuri	Bacteria
2c2c0f01-8ec8-4df7-8833-eae775efbbf9	1296	1.0	confident	Mammaliicoccus sciuri	Bacteria
a38891c9-6783-405f-b966-0e2f0e0e3a87	1296	1.0	confident	Mammaliicoccus sciuri	Bacteria
744307f9-9261-4071-ac33-8718a2dc2ed1	1296	1.0	confident	Mammaliicoccus sciuri	Bacteria
dc19ca06-3750-4990-99d2-1951dc99607e	1296	1.0	confident	Mammaliicoccus sciuri	Bacteria
2945364c-cc10-4f59-9620-088a225f0e17	1296	1.0	confident	Mammaliicoccus sciuri	Bacteria
53328905-9d46-42ba-99d1-92ed7570a0f7	1296	1.0	confident	Mammaliicoccus sciuri	Bacteria
e74551ea-fb0e-4c3e-84d3-2a96d1d9b63d	1296	1.0	confident	Mammaliicoccus sciuri	Bacteria
9be19522-f996-41d0-aad9-532e24626428	1296	1.0	confident	Mammaliicoccus sciuri	Bacteria
d92eecb1-6382-4aaf-a2a3-e899b1a10d2e	1296	1.0	confident	Mammaliicoccus sciuri	Bacteria
8441b465-f28f-46f5-a580-b695a23d5a9c	1296	1.0	confident	Mammaliicoccus sciuri	Bacteria
c32ebc87-4188-44bf-8aaf-7f84dbee113d	1296	1.0	confident	Mammaliicoccus sciuri	Bacteria
8b24a1d8-32ee-406f-9892-e78fdf5c2f55	1296	1.0	confident	Mammaliicoccus sciuri	Bacteria
04db1835-faa5-4d57-a44c-99c9fe14d4a4	1296	1.0	confident	Mammaliicoccus sciuri	Bacteria
75306f78-9161-4066-ada6-f217dd983928	1296	1.0	confident	Mammaliicoccus sciuri	Bacteria
71b5ab29-5d63-40bc-88f2-d6773e2bc3ca	1296	1.0	confident	Mammaliicoccus sciuri	Bacteria
10120467-2ac4-4caa-8377-564e537e7449	1296	1.0	confident	Mammaliicoccus sciuri	Bacteria
fd7c535a-9303-4e2a-9bf8-2454a7b7e2b2	1296	1.0	confident	Mammaliicoccus sciuri	Bacteria
2961a88c-ae73-4f3c-b0a8-687ce45b4225	1296	1.0	confident	Mammaliicoccus sciuri	Bacteria
a3a46b96-cf57-4d0c-8362-a625e2a74982	1296	1.0	confident	Mammaliicoccus sciuri	Bacteria
2bb8513b-0514-4e08-9927-eb5f7179c510	1296	1.0	confident	Mammaliicoccus sciuri	Bacteria
5e343e4f-9b6f-4736-9268-8403411c8f45	1296	1.0	confident	Mammaliicoccus sciuri	Bacteria
44ecc067-d940-4070-8f4b-a7c891936332	1296	1.0	confident	Mammaliicoccus sciuri	Bacteria
edd55c81-dfef-4c93-8b44-9a10a2fc70ea	1296	1.0	confident	Mammaliicoccus sciuri	Bacteria
6aff5590-62fc-45f2-86e2-a5fff58aa780	1296	1.0	confident	Mammaliicoccus sciuri	Bacteria
20c7dc43-c517-4a6b-af2f-4972dbc09673	1296	1.0	confident	Mammaliicoccus sciuri	Bacteria
edecd999-792b-4eab-90ee-3a041b4af9a9	1296	1.0	confident	Mammaliicoccus sciuri	Bacteria
72610369-0879-43e9-8a6c-0f865aea4517	1296	1.0	confident	Mammaliicoccus sciuri	Bacteria
4c75666d-f430-472d-b7a6-840869a2fd1d	1296	1.0	confident	Mammaliicoccus sciuri	Bacteria
a67001c9-2393-4451-ad64-b42132a41a36	1296	1.0	confident	Mammaliicoccus sciuri	Bacteria
b4f7c381-3fe4-4acb-a772-339f4f4e0909	1296	1.0	confident	Mammaliicoccus sciuri	Bacteria
bf26f43e-ed8d-42d7-85de-b37cf39890a0	1296	1.0	confident	Mammaliicoccus sciuri	Bacteria
d0ff699f-25d5-4627-b5a4-1267a848185e	1296	1.0	confident	Mammaliicoccus sciuri	Bacteria
271c011d-6cfc-4dae-9905-618cd0d45f70	1296	1.0	confident	Mammaliicoccus sciuri	Bacteria
0b7d851b-ef3f-45be-9b45-f04d47b59a97	1296	1.0	confident	Mammaliicoccus sciuri	Bacteria
f1c46435-ad73-4e51-9a53-f95cc6e4ae32	1296	1.0	confident	Mammaliicoccus sciuri	Bacteria
3acf5682-ec03-4271-ae32-0a0a99013704	1296	1.0	confident	Mammaliicoccus sciuri	Bacteria
9efde03c-a331-420f-980f-c82b3a80e01a	1296	1.0	confident	Mammaliicoccus sciuri	Bacteria
22986842-de2b-41fc-8523-06663043a475	1296	1.0	confident	Mammaliicoccus sciuri	Bacteria
f57ad41e-fea2-4213-841d-23e05490b2a2	1296	1.0	confident	Mammaliicoccus sciuri	Bacteria
ccde1680-8249-44ec-8937-a1b6d95b9b09	1296	1.0	confident	Mammaliicoccus sciuri	Bacteria
922162f6-7df7-4732-b84d-85dff24494ea	1296	1.0	confident	Mammaliicoccus sciuri	Bacteria
cb0744e1-bcf3-4f05-8fd7-60f3e7d53ac3	1296	1.0	confident	Mammaliicoccus sciuri	Bacteria
83833ee1-7806-4869-8588-aa60fdbd8407	1296	1.0	confident	Mammaliicoccus sciuri	Bacteria
cd6d0be8-ac30-4998-bc44-c18831a30f62	1296	1.0	confident	Mammaliicoccus sciuri	Bacteria
893dca0e-00e2-4d73-9e8d-241eab55e07a	1296	1.0	confident	Mammaliicoccus sciuri	Bacteria
4b087bb2-5070-4818-9b09-7d7f7fc0c7ed	1296	1.0	confident	Mammaliicoccus sciuri	Bacteria
610f707d-d35e-4ea4-9cb9-7358223a61f1	1296	1.0	confident	Mammaliicoccus sciuri	Bacteria
e1a2edfb-7d50-488c-91b9-87b2b3f5543a	1296	1.0	confident	Mammaliicoccus sciuri	Bacteria
8b5d72f9-4a96-4f4f-9e67-41b88b2ea0b7	1296	1.0	confident	Mammaliicoccus sciuri	Bacteria
1202d490-b5f4-4a51-af54-e95ecb80c9bc	1296	1.0	confident	Mammaliicoccus sciuri	Bacteria
fb29affb-5126-4b07-89ed-537f4bb0afa3	1296	1.0	confident	Mammaliicoccus sciuri	Bacteria
dd873c96-4abc-46a4-b30b-c7065df59bc8	1296	1.0	confident	Mammaliicoccus sciuri	Bacteria
98cc0b50-acf7-45bf-be3e-fa09f68a4cce	1296	1.0	confident	Mammaliicoccus sciuri	Bacteria
2273d641-2fa3-4a11-b9eb-80059e48ba83	1296	1.0	confident	Mammaliicoccus sciuri	Bacteria
9fdf01df-f479-470a-9300-7e3fda766579	1296	1.0	confident	Mammaliicoccus sciuri	Bacteria
4d9e5668-4154-4c7b-a5e7-97716a5f2753	1296	1.0	confident	Mammaliicoccus sciuri	Bacteria
607a5af5-0fd5-4e83-82de-cbe7ecba05da	1296	1.0	confident	Mammaliicoccus sciuri	Bacteria
22a31bfe-bae5-4622-bb36-48bb938ca018	1296	1.0	confident	Mammaliicoccus sciuri	Bacteria
99638b7b-462d-4c9e-8d20-2d2b184f35e6	1296	1.0	confident	Mammaliicoccus sciuri	Bacteria
1505ac97-23b9-4124-b187-89440762acf7	1296	1.0	confident	Mammaliicoccus sciuri	Bacteria
5ff85a2f-4b0d-4aa7-8e5f-25c515547073	1296	1.0	confident	Mammaliicoccus sciuri	Bacteria
e3e202eb-7994-4776-9311-d605fec745bd	1296	1.0	confident	Mammaliicoccus sciuri	Bacteria
f86fbf82-fa0f-460c-bb8f-7ad6abb1a75c	1296	1.0	confident	Mammaliicoccus sciuri	Bacteria
f92a964c-ae6c-4be8-8a1f-6ffe1e9ffe57	1296	1.0	confident	Mammaliicoccus sciuri	Bacteria
76e2b019-0769-44da-a7c9-1ae1105f0a6b	1296	1.0	confident	Mammaliicoccus sciuri	Bacteria
6d4f9982-5250-469c-b607-e9798f3bd4aa	1296	1.0	confident	Mammaliicoccus sciuri	Bacteria
8aaf195b-2587-4555-945a-8ef0bae8f512	1296	1.0	confident	Mammaliicoccus sciuri	Bacteria
43e7b57e-a9ad-48ba-bfbf-f7b3e1d34c33	1296	1.0	confident	Mammaliicoccus sciuri	Bacteria
9f54fdb1-956c-4dd8-93b2-1f55a6ce027b	1296	1.0	confident	Mammaliicoccus sciuri	Bacteria
29b8b5e3-8f62-41be-a97f-bab967d6be1f	1296	1.0	confident	Mammaliicoccus sciuri	Bacteria
94fb3389-cdcb-4263-bfce-bbea740c8d76	1296	1.0	confident	Mammaliicoccus sciuri	Bacteria
6937a12d-b51c-4577-90db-78e10282197d	1296	1.0	confident	Mammaliicoccus sciuri	Bacteria
5749fa11-7818-462c-a855-7023d19f606d	1296	1.0	confident	Mammaliicoccus sciuri	Bacteria
bc6e7314-9572-475c-bff4-87ddc7b5bc81	1296	1.0	confident	Mammaliicoccus sciuri	Bacteria
830c8d05-7add-4781-b388-fac60f2839f2	1296	1.0	confident	Mammaliicoccus sciuri	Bacteria
af9747bd-d5b6-4579-8792-f7d41af099a2	1296	1.0	confident	Mammaliicoccus sciuri	Bacteria
60d7f79e-e4cd-46ab-bb55-febb2aad9258	1296	1.0	confident	Mammaliicoccus sciuri	Bacteria
99c85319-440d-4f66-831c-741f65224e6c	1296	1.0	confident	Mammaliicoccus sciuri	Bacteria
d31933ee-ceef-4def-80fd-93f86aac0273	1296	1.0	confident	Mammaliicoccus sciuri	Bacteria
b8aa9347-6aa9-418e-a38c-e162b1abf943	1296	1.0	confident	Mammaliicoccus sciuri	Bacteria
458c2abf-1eb9-462b-8f58-a40dc9129abe	1296	1.0	confident	Mammaliicoccus sciuri	Bacteria
43025cc7-1143-45f5-8952-589fc95f78e2	1296	1.0	confident	Mammaliicoccus sciuri	Bacteria
4e271a97-5d63-4ef0-b3a5-6177327fe9a3	1296	1.0	confident	Mammaliicoccus sciuri	Bacteria
37a95c11-72e4-400c-907e-d0e6e20ad030	1296	1.0	confident	Mammaliicoccus sciuri	Bacteria
ae298fa9-b9be-4818-84d7-008a90dcbb42	1296	1.0	confident	Mammaliicoccus sciuri	Bacteria
a13168cc-a5cb-4e07-a007-46e87b133f64	1296	1.0	confident	Mammaliicoccus sciuri	Bacteria
57709b68-5063-4dda-9101-b4f7b26a5f9f	1296	1.0	confident	Mammaliicoccus sciuri	Bacteria
b61e8d66-2e7d-43ce-9e10-af98b34d6443	1296	1.0	confident	Mammaliicoccus sciuri	Bacteria
416a6c25-2c4c-4f74-a8a8-fbef3db255ec	1296	1.0	confident	Mammaliicoccus sciuri	Bacteria
e786f860-4e49-4c9d-bd6e-29781242d68a	1296	1.0	confident	Mammaliicoccus sciuri	Bacteria
bd2e5f4b-639d-48ce-b880-69a9e9af4c50	1296	1.0	confident	Mammaliicoccus sciuri	Bacteria
20c87f4a-1a82-4d02-b39c-e213b4c88e41	1296	1.0	confident	Mammaliicoccus sciuri	Bacteria
bccd884a-7a2f-4331-83e8-ea4502327fb9	1296	1.0	confident	Mammaliicoccus sciuri	Bacteria
d8d0ee95-7e00-4857-b4ae-2bd570ff2e7f	1296	1.0	confident	Mammaliicoccus sciuri	Bacteria
e1c275f1-6d62-4f4c-af45-43ccf95544c5	1296	1.0	confident	Mammaliicoccus sciuri	Bacteria
63590655-dbf5-47b7-b24a-437a91216102	1296	1.0	confident	Mammaliicoccus sciuri	Bacteria
ac7d5369-2117-461e-b4ef-93b9ec1c64c8	1296	1.0	confident	Mammaliicoccus sciuri	Bacteria
f60997c7-15f7-47c3-9548-19c7ec4ea128	1296	1.0	confident	Mammaliicoccus sciuri	Bacteria
7f2ee0a5-2786-4dd2-88c4-ed52644c0810	1296	1.0	confident	Mammaliicoccus sciuri	Bacteria
5aeaa69b-fddc-4474-b5ad-607ea0559893	1296	1.0	confident	Mammaliicoccus sciuri	Bacteria
c820495d-5460-4cdc-94f6-1021014c0899	1296	1.0	confident	Mammaliicoccus sciuri	Bacteria
4e46ad27-19c8-4dc7-831b-684783c087e3	1296	1.0	confident	Mammaliicoccus sciuri	Bacteria
522d0b33-648d-4163-926d-5f06bab5055d	1296	1.0	confident	Mammaliicoccus sciuri	Bacteria
f58c77fc-ead4-474b-a2eb-d9e09369b0c1	1296	1.0	confident	Mammaliicoccus sciuri	Bacteria
d24a2cc0-8dd7-41dc-a53d-ef516ad8bcda	1296	1.0	confident	Mammaliicoccus sciuri	Bacteria
e890d317-9dfb-4910-ac92-00098caf46aa	1296	1.0	confident	Mammaliicoccus sciuri	Bacteria
2fa32b3a-4e11-481d-b044-36eb5a9448a9	1296	1.0	confident	Mammaliicoccus sciuri	Bacteria
d77c6b62-1641-4897-acf6-de4858a92fa4	1296	1.0	confident	Mammaliicoccus sciuri	Bacteria
4d32bd0b-d819-4ea9-8406-64e86dab5203	1296	1.0	confident	Mammaliicoccus sciuri	Bacteria
eec6a5cd-4053-40a6-b534-d6091ce08719	1296	1.0	confident	Mammaliicoccus sciuri	Bacteria
d8d4407f-0f4b-4a00-b3c6-37e3ac123d69	1296	1.0	confident	Mammaliicoccus sciuri	Bacteria
e6a5c2a5-81ee-466e-a37c-66f74eaf95fb	1296	1.0	confident	Mammaliicoccus sciuri	Bacteria
c4198056-2174-49c8-aa52-13e0e491dc2c	1296	1.0	confident	Mammaliicoccus sciuri	Bacteria
eacee765-260d-457d-92a4-b23bfccda81e	1296	1.0	confident	Mammaliicoccus sciuri	Bacteria
85451460-8646-4d35-b20c-ced36d28b32b	1296	1.0	confident	Mammaliicoccus sciuri	Bacteria
6929a5b0-f644-4303-8e51-cff6e513abc3	1296	1.0	confident	Mammaliicoccus sciuri	Bacteria
d7d721e5-2dd9-460d-9f6d-570dfac4ab0c	1296	1.0	confident	Mammaliicoccus sciuri	Bacteria
6833328f-76be-4f73-b325-84b361c8c92d	1296	1.0	confident	Mammaliicoccus sciuri	Bacteria
54209553-858d-49e3-bab5-09d79b92fb70	1296	1.0	confident	Mammaliicoccus sciuri	Bacteria
f886644f-69b8-4a78-97b7-363375cb187d	1296	1.0	confident	Mammaliicoccus sciuri	Bacteria
7f41dfc1-5164-4a28-b291-8d3bc8c7dd83	1296	1.0	confident	Mammaliicoccus sciuri	Bacteria
583ea128-ddcf-49fa-b14c-bab7f2e51a90	1296	1.0	confident	Mammaliicoccus sciuri	Bacteria
2a6521a2-7429-4945-802d-68ed12fef1a6	1296	1.0	confident	Mammaliicoccus sciuri	Bacteria
8926411b-0a8e-4675-afbb-82e168870efb	1296	1.0	confident	Mammaliicoccus sciuri	Bacteria
8873bc5c-c817-466a-99ab-9e1e9477f4ff	1296	1.0	confident	Mammaliicoccus sciuri	Bacteria
5af846c2-8b96-4d9a-81b9-ccaab3e9e5e6	1296	1.0	confident	Mammaliicoccus sciuri	Bacteria
ae2e7e1d-eab5-4f22-8658-c9207c90b60f	1296	1.0	confident	Mammaliicoccus sciuri	Bacteria
cf80ccaa-db1e-479f-9b11-7ec4a2e60826	1296	1.0	confident	Mammaliicoccus sciuri	Bacteria
dc57eb10-a648-481f-86f2-82607a848207	1296	1.0	confident	Mammaliicoccus sciuri	Bacteria
a9e300e2-37d0-4bfc-be82-c1f43609ad73	1296	1.0	confident	Mammaliicoccus sciuri	Bacteria
f12d24fa-be49-440b-9ea1-a5290152c8fd	1296	1.0	confident	Mammaliicoccus sciuri	Bacteria
7330c10d-c5c7-4b4e-bf83-fb11cc07200b	1296	1.0	confident	Mammaliicoccus sciuri	Bacteria
d1d63908-18d4-4e8a-9e75-2c37f846e2d5	1296	1.0	confident	Mammaliicoccus sciuri	Bacteria
5ccffb13-55a2-476a-8c5b-00e49261de5b	1296	1.0	confident	Mammaliicoccus sciuri	Bacteria
282af024-e56d-448d-bb1a-a710247e5071	1296	1.0	confident	Mammaliicoccus sciuri	Bacteria
644d3394-faca-4f67-8188-bb4a93f9316c	1296	1.0	confident	Mammaliicoccus sciuri	Bacteria
449b3f58-00e3-4bfb-9272-5b93c627ad7c	1296	1.0	confident	Mammaliicoccus sciuri	Bacteria
d7e64274-9be9-4868-a458-fad64edbb9b9	1296	1.0	confident	Mammaliicoccus sciuri	Bacteria
79cc60e6-b5d8-42ba-ab94-e5bbb3f98682	1296	1.0	confident	Mammaliicoccus sciuri	Bacteria
0acc8f72-6ed5-4920-b619-8a49761d40cd	1296	1.0	confident	Mammaliicoccus sciuri	Bacteria
4bc70f01-e1fe-402b-be72-57ad7f142166	1296	1.0	confident	Mammaliicoccus sciuri	Bacteria
67f4c2ea-3893-4d6d-9edc-4b64787754d3	1296	1.0	confident	Mammaliicoccus sciuri	Bacteria
29b7144c-1d42-419d-a4b7-aa39ea86df01	1296	1.0	confident	Mammaliicoccus sciuri	Bacteria
ffdb137a-811c-4b5a-b8e2-8ac33b5d85a9	1296	1.0	confident	Mammaliicoccus sciuri	Bacteria
3a304542-989f-479e-b48f-5115873b568e	1296	1.0	confident	Mammaliicoccus sciuri	Bacteria
281fa7cb-9b2c-4a73-9340-02fd63577a97	1296	1.0	confident	Mammaliicoccus sciuri	Bacteria
fccf1910-3460-4c58-9cb4-2f01e85977db	1296	1.0	confident	Mammaliicoccus sciuri	Bacteria
d5a046aa-1aaf-49f3-9898-a54e3d1b6d17	1296	1.0	confident	Mammaliicoccus sciuri	Bacteria
76c4a01b-a0f3-41e1-9e35-4c299a3eff7c	1296	1.0	confident	Mammaliicoccus sciuri	Bacteria
262579fe-a7b0-48a1-9832-d8150d85b4ed	1296	1.0	confident	Mammaliicoccus sciuri	Bacteria
60ef068f-0db6-44f8-bc4a-18f195c60bb1	1296	1.0	confident	Mammaliicoccus sciuri	Bacteria
f1c24989-af28-4a74-b791-9128ce712e37	1296	1.0	confident	Mammaliicoccus sciuri	Bacteria
9c2915c1-0a92-4cce-b948-03036f76162e	1296	1.0	confident	Mammaliicoccus sciuri	Bacteria
aca59755-5e35-4502-820e-2fe5e587f9b2	1296	1.0	confident	Mammaliicoccus sciuri	Bacteria
97cb3dac-7545-4870-ba99-056bca4f38e1	1296	1.0	confident	Mammaliicoccus sciuri	Bacteria
e33bff5f-a189-4135-b7a5-dc3801b72788	1296	1.0	confident	Mammaliicoccus sciuri	Bacteria
b87beefd-617c-4e3e-b54c-2b19fea0f0a7	1296	1.0	confident	Mammaliicoccus sciuri	Bacteria
06a21a6c-1929-4bc6-ba47-fda4691a72a7	1296	1.0	confident	Mammaliicoccus sciuri	Bacteria
aa16ca84-0204-4f7e-bd7c-af89032fdb4e	1296	1.0	confident	Mammaliicoccus sciuri	Bacteria
e1135350-f2ce-4551-af92-ebb8391f3d69	1296	1.0	confident	Mammaliicoccus sciuri	Bacteria
4a94778a-1350-4469-ab7f-892b83ed4037	1296	1.0	confident	Mammaliicoccus sciuri	Bacteria
c54446e1-84df-45e2-bd9f-bd679cd12874	1296	1.0	confident	Mammaliicoccus sciuri	Bacteria
d3b08552-c898-49b0-811d-24b89233ad54	1296	1.0	confident	Mammaliicoccus sciuri	Bacteria
dc9959d0-8367-4e4d-b28c-1f44f78b1535	1296	1.0	confident	Mammaliicoccus sciuri	Bacteria
db44309a-0b21-4a93-a39e-37f608464e18	1296	1.0	confident	Mammaliicoccus sciuri	Bacteria
68fc469e-50a2-4869-8b5b-a9f63e401219	1296	1.0	confident	Mammaliicoccus sciuri	Bacteria
9620f0b7-342d-45f0-9eed-65f85efc46d4	1296	1.0	confident	Mammaliicoccus sciuri	Bacteria
053814be-32c3-479b-9692-eced11695cc9	1296	1.0	confident	Mammaliicoccus sciuri	Bacteria
adda637c-eaa2-443f-894c-cb381a41e393	1296	1.0	confident	Mammaliicoccus sciuri	Bacteria
7383e47a-4ed6-4d20-bfa8-8f65d276b87c	1296	1.0	confident	Mammaliicoccus sciuri	Bacteria
2ac6391e-956c-46e5-9020-24d024f76b9d	1296	1.0	confident	Mammaliicoccus sciuri	Bacteria
fae2fad4-f3b8-4d63-91d5-5feca2ca18c0	1296	1.0	confident	Mammaliicoccus sciuri	Bacteria
919f47c4-8ebb-436a-804c-ab02c97dc49d	1296	1.0	confident	Mammaliicoccus sciuri	Bacteria
69f84baf-ad18-48a3-959e-538672a9729a	1296	1.0	confident	Mammaliicoccus sciuri	Bacteria
9b1638d0-2b77-43ae-b70e-610b032ef7e4	1296	1.0	confident	Mammaliicoccus sciuri	Bacteria
0fbcad5c-7490-4cef-84dd-a3e250e496d2	1296	1.0	confident	Mammaliicoccus sciuri	Bacteria
87ee2c8b-dcce-40cd-ae00-459c2e8aaab5	1296	1.0	confident	Mammaliicoccus sciuri	Bacteria
440b037b-3504-497e-8170-0e3a8412efd5	1296	1.0	confident	Mammaliicoccus sciuri	Bacteria
26342754-08ce-453e-a96f-f09ae6e43013	1296	1.0	confident	Mammaliicoccus sciuri	Bacteria
fb1b9db6-5195-4341-b4c1-f6b5b21aec89	1296	1.0	confident	Mammaliicoccus sciuri	Bacteria
6f483060-2fa3-4ad3-991d-dcbff427b242	1296	1.0	confident	Mammaliicoccus sciuri	Bacteria
1ac52add-424e-45b7-bb73-070bdc353114	1296	1.0	confident	Mammaliicoccus sciuri	Bacteria
cbb3a2a6-9a96-4262-9851-999fa40f9e7d	1296	1.0	confident	Mammaliicoccus sciuri	Bacteria
74c22ce4-c571-4dca-8615-849b69d0e86e	1296	1.0	confident	Mammaliicoccus sciuri	Bacteria
51f8fe97-ed79-4d32-9cf5-81b2e43918fe	1296	1.0	confident	Mammaliicoccus sciuri	Bacteria
a1a0b056-8e33-450f-b5b6-b9a5ba9658db	1296	1.0	confident	Mammaliicoccus sciuri	Bacteria
3648f0fd-311c-495b-a323-3f0b24a805b8	1296	1.0	confident	Mammaliicoccus sciuri	Bacteria
6426c427-c744-4c4b-b767-292e1867d5a4	1296	1.0	confident	Mammaliicoccus sciuri	Bacteria
95b35425-9581-4778-89c6-923f989b44f3	1296	1.0	confident	Mammaliicoccus sciuri	Bacteria
0c201468-803d-4988-9eee-55e205e78ae3	1296	1.0	confident	Mammaliicoccus sciuri	Bacteria
46410f06-fe76-4355-bde9-4039cacdd457	1296	1.0	confident	Mammaliicoccus sciuri	Bacteria
42c29bc3-9eb2-493d-a3cd-9ac2ad2e3eac	1296	1.0	confident	Mammaliicoccus sciuri	Bacteria
e60085a0-b1d1-4e3b-8ddc-74eedca80c93	1296	1.0	confident	Mammaliicoccus sciuri	Bacteria
f3841d1b-70eb-4d43-8596-e5575451dee0	1296	1.0	confident	Mammaliicoccus sciuri	Bacteria
44753f80-c51b-499b-b9e1-4cf6b9f4ecd2	1296	1.0	confident	Mammaliicoccus sciuri	Bacteria
9da763d8-267e-4dfc-ad2e-9fbba737807a	1296	1.0	confident	Mammaliicoccus sciuri	Bacteria
2a56cdda-c070-4798-9325-3c8994eb2da2	1296	1.0	confident	Mammaliicoccus sciuri	Bacteria
b5c4402d-8663-4925-ba50-c0e5af84d4c6	1296	1.0	confident	Mammaliicoccus sciuri	Bacteria
234bf69f-7f2c-4929-8d34-97c0f062c108	1296	1.0	confident	Mammaliicoccus sciuri	Bacteria
fb1df2a4-28e1-4f4f-9057-c553066ba171	1296	1.0	confident	Mammaliicoccus sciuri	Bacteria
d327e7df-6838-42c9-b829-2e2a45ca15dd	1296	1.0	confident	Mammaliicoccus sciuri	Bacteria
53f54709-a069-4f61-a257-156a632a1842	1296	1.0	confident	Mammaliicoccus sciuri	Bacteria
75dc3a12-e20b-4912-b9cb-a3e07c286728	1296	1.0	confident	Mammaliicoccus sciuri	Bacteria
f6a05f64-952c-48c0-bf0d-f14864cc7b63	1296	1.0	confident	Mammaliicoccus sciuri	Bacteria
0367ee5e-a550-4321-ad49-c48fe5ae4b29	1296	1.0	confident	Mammaliicoccus sciuri	Bacteria
3e2c3558-813d-4b7d-a0d7-f3a2242f3283	1296	1.0	confident	Mammaliicoccus sciuri	Bacteria
6f83220c-7d89-41b5-9b11-42ceec1e47d4	1296	1.0	confident	Mammaliicoccus sciuri	Bacteria
66d8fdc3-4818-4e32-a2a8-d33a3c9009ff	1296	1.0	confident	Mammaliicoccus sciuri	Bacteria
ca686808-f2d6-4bd2-a9be-5c78303efde4	1296	1.0	confident	Mammaliicoccus sciuri	Bacteria
9baa3d74-01ac-4437-b629-31d7857fa6b3	1296	1.0	confident	Mammaliicoccus sciuri	Bacteria
867c066b-854a-437e-877f-3aac369d4389	1296	1.0	confident	Mammaliicoccus sciuri	Bacteria
18c1b574-9198-4a51-b05d-6b5283753083	1296	1.0	confident	Mammaliicoccus sciuri	Bacteria
c0b92962-f8c1-48cb-bfec-d9d3f009bc59	1296	1.0	confident	Mammaliicoccus sciuri	Bacteria
66eaf8e5-3536-4faf-8f1f-8c3b038c86dc	1296	1.0	confident	Mammaliicoccus sciuri	Bacteria
f75410a6-1374-420b-9b30-b036db61b6f3	1296	1.0	confident	Mammaliicoccus sciuri	Bacteria
106d4211-7991-47f8-a5a1-1ce28b02d493	1296	1.0	confident	Mammaliicoccus sciuri	Bacteria
03b3e00d-1238-4e5a-aaf6-32e68ca851f8	1296	1.0	confident	Mammaliicoccus sciuri	Bacteria
4e0f0dd6-d988-4d7c-998b-a574ea6475e8	1296	1.0	confident	Mammaliicoccus sciuri	Bacteria
5fa62de6-fc91-471c-8f36-147ed7e1663e	1296	1.0	confident	Mammaliicoccus sciuri	Bacteria
612e7bf0-224b-4372-a09a-be3a8597c790	1296	1.0	confident	Mammaliicoccus sciuri	Bacteria
6f734945-1646-4a42-8d11-6513e44cbd3c	1296	1.0	confident	Mammaliicoccus sciuri	Bacteria
c7457be0-fbf4-4bf4-bf92-242fb6ea913a	1296	1.0	confident	Mammaliicoccus sciuri	Bacteria
ac0002bc-d1ec-43a0-b64f-fc43af358520	1296	1.0	confident	Mammaliicoccus sciuri	Bacteria
7a6e8252-8abb-43e7-8e90-b16cded8aee3	1296	1.0	confident	Mammaliicoccus sciuri	Bacteria
1a547179-45e5-4fe2-a480-36f1cb403041	1296	1.0	confident	Mammaliicoccus sciuri	Bacteria
0b41b5c1-9ecc-48f8-ab84-82155c21b079	1296	1.0	confident	Mammaliicoccus sciuri	Bacteria
ea6b7cf9-3570-499c-95c7-d03d50709d1a	1296	1.0	confident	Mammaliicoccus sciuri	Bacteria
436ec36a-d3bf-4cb7-9b6d-da27dd408163	1296	1.0	confident	Mammaliicoccus sciuri	Bacteria
142c864d-a5b9-4f4c-ae4e-0c0eec8775ed	1296	1.0	confident	Mammaliicoccus sciuri	Bacteria
389931f1-84de-43d2-9b40-237f4e6ffb2e	1296	1.0	confident	Mammaliicoccus sciuri	Bacteria
45f111d7-97f6-44ba-94e4-5d9e6e50222a	1296	1.0	confident	Mammaliicoccus sciuri	Bacteria
f143a30b-a11e-426b-92aa-9621147ea8d0	1296	1.0	confident	Mammaliicoccus sciuri	Bacteria
82b125fc-6497-4591-aded-8b8e752b7ef8	1296	1.0	confident	Mammaliicoccus sciuri	Bacteria
e52547d0-838b-4a6d-862b-a1fcdbaac9ce	1296	1.0	confident	Mammaliicoccus sciuri	Bacteria
509b797e-dae4-4783-b4ee-9ad07131fadd	1296	1.0	confident	Mammaliicoccus sciuri	Bacteria
b4eaa08a-2d63-4e93-b3f6-0c575c9c2789	1296	1.0	confident	Mammaliicoccus sciuri	Bacteria
8e6a651b-12c2-4802-b396-ce8ebb547e85	1296	1.0	confident	Mammaliicoccus sciuri	Bacteria
c878407b-f237-4db3-b9f9-10a4028b1dba	1296	1.0	confident	Mammaliicoccus sciuri	Bacteria
cbf498aa-ad41-4c42-89cb-2b39ca12d479	1296	1.0	confident	Mammaliicoccus sciuri	Bacteria
dc540c12-117a-4723-92e3-c7113d4f3bcf	1296	1.0	confident	Mammaliicoccus sciuri	Bacteria
05690a7f-2e8f-459a-8f2d-d68231febe2a	1296	1.0	confident	Mammaliicoccus sciuri	Bacteria
5fd59734-bed6-42bc-91d3-fc87b369b244	1296	1.0	confident	Mammaliicoccus sciuri	Bacteria
68a69f22-1d99-47bc-afbd-408929922906	1296	1.0	confident	Mammaliicoccus sciuri	Bacteria
fddfb027-cfb3-40d6-9ef5-48d61a740855	1296	1.0	confident	Mammaliicoccus sciuri	Bacteria
efcd3a85-f202-490a-a3e8-098836c12561	1296	1.0	confident	Mammaliicoccus sciuri	Bacteria
a7265ba4-bac4-4e00-a56d-36fda44dd86b	1296	1.0	confident	Mammaliicoccus sciuri	Bacteria
f55e3a1a-9848-4e53-9303-593c2f8da609	1296	1.0	confident	Mammaliicoccus sciuri	Bacteria
92f1fb13-2c12-415b-92e8-1c38be8f3db6	1296	1.0	confident	Mammaliicoccus sciuri	Bacteria
ebf6023d-f557-46f6-8ed1-95e5d4af137f	1296	1.0	confident	Mammaliicoccus sciuri	Bacteria
b7affdc3-dab4-426d-a22a-2c562763b979	1296	1.0	confident	Mammaliicoccus sciuri	Bacteria
c741e35f-f97b-4ee8-a16a-a1ee0caf0d79	1296	1.0	confident	Mammaliicoccus sciuri	Bacteria
d6cc0fb3-9023-419f-b9b6-3296cea68295	1296	1.0	confident	Mammaliicoccus sciuri	Bacteria
2477f24a-f7e4-4c26-bcca-c4ca791aef3a	1296	1.0	confident	Mammaliicoccus sciuri	Bacteria
34c69544-bf92-4764-bd31-b2c910423a39	1296	1.0	confident	Mammaliicoccus sciuri	Bacteria
69893c17-2fad-4365-836d-263124f722e4	1296	1.0	confident	Mammaliicoccus sciuri	Bacteria
1ff6dfe9-52c1-49f4-af55-af452cec3315	1296	1.0	confident	Mammaliicoccus sciuri	Bacteria
df4afe2a-43e1-4209-a306-2f55f6f6aaf4	1296	1.0	confident	Mammaliicoccus sciuri	Bacteria
6909c910-fb44-4b47-8d2f-436e469b3f2a	1296	1.0	confident	Mammaliicoccus sciuri	Bacteria
25e62f1e-7dd8-4dea-b734-c5166caf8c38	1296	1.0	confident	Mammaliicoccus sciuri	Bacteria
47d9d63a-499a-4ef6-9461-82c2c3a98000	1296	1.0	confident	Mammaliicoccus sciuri	Bacteria
a3e30c43-6d46-4f7e-9508-e44b68c527b1	1296	1.0	confident	Mammaliicoccus sciuri	Bacteria
690c08b4-3a23-40fd-b7e2-36f7e3e68383	1296	1.0	confident	Mammaliicoccus sciuri	Bacteria
54c2d882-4cf0-4bb4-a69b-934faf836c9f	1296	1.0	confident	Mammaliicoccus sciuri	Bacteria
c12dbed5-af62-459f-8397-723692e1976a	1296	1.0	confident	Mammaliicoccus sciuri	Bacteria
fad3c479-b56f-41ad-b72d-24381518a835	1296	1.0	confident	Mammaliicoccus sciuri	Bacteria
353d41dd-c328-4665-ab21-9089623b1989	1296	1.0	confident	Mammaliicoccus sciuri	Bacteria
60e83af4-5fa8-4889-8224-05490b69048d	1296	1.0	confident	Mammaliicoccus sciuri	Bacteria
744927c9-30c3-4d6b-8e80-ef4bf710fb79	1296	1.0	confident	Mammaliicoccus sciuri	Bacteria
84d6fbc2-ec77-4c3e-8db5-dac75a0555be	1296	1.0	confident	Mammaliicoccus sciuri	Bacteria
5da67014-e901-46db-9425-0579b61df877	1296	1.0	confident	Mammaliicoccus sciuri	Bacteria
b020190b-ea87-40ea-98dd-10d017786d5f	1296	1.0	confident	Mammaliicoccus sciuri	Bacteria
b739dca0-afaf-46e5-affc-c7805eb24975	1296	1.0	confident	Mammaliicoccus sciuri	Bacteria
b1df1b0c-1517-4378-b13b-e1fea4409859	1296	1.0	confident	Mammaliicoccus sciuri	Bacteria
b2b20c43-3cd6-4ab2-9aa1-37c33f825705	1296	1.0	confident	Mammaliicoccus sciuri	Bacteria
efc856f2-9ab5-4d36-b16f-94232d78d029	1296	1.0	confident	Mammaliicoccus sciuri	Bacteria
6d12c278-73a4-44ae-a821-7d7a1d097942	1296	1.0	confident	Mammaliicoccus sciuri	Bacteria
9a2e594c-29de-428e-9663-47170d87e0db	1296	1.0	confident	Mammaliicoccus sciuri	Bacteria
7b7b681e-4871-415b-9078-1facf7ec20d2	1296	1.0	confident	Mammaliicoccus sciuri	Bacteria
5d5ac104-c944-4d2e-af51-a0274f4bbe35	1296	1.0	confident	Mammaliicoccus sciuri	Bacteria
d9466897-10db-4028-ad9b-3b4977274253	1296	1.0	confident	Mammaliicoccus sciuri	Bacteria
d4132d9e-afd7-41fe-8fd3-20a79776ff08	1296	1.0	confident	Mammaliicoccus sciuri	Bacteria
742de0cf-adcd-4f7c-bf8a-c32f6e28ddfa	1296	1.0	confident	Mammaliicoccus sciuri	Bacteria
5f3421c5-9776-4170-8a66-cbd817870de8	1296	1.0	confident	Mammaliicoccus sciuri	Bacteria
332857fb-66a5-43db-aea2-0a9e5bb46442	1296	1.0	confident	Mammaliicoccus sciuri	Bacteria
20c4ce1a-4af0-47ee-8b83-50c59ca84eab	1296	1.0	confident	Mammaliicoccus sciuri	Bacteria
06dca52f-d389-46df-b73c-972c79c7b6b7	1296	1.0	confident	Mammaliicoccus sciuri	Bacteria
a646f39e-e2c9-487e-bc9c-163401f5e9a6	1296	1.0	confident	Mammaliicoccus sciuri	Bacteria
17cace8c-d7f4-4ba5-9901-2853005f5d28	1296	1.0	confident	Mammaliicoccus sciuri	Bacteria
2ae48f9d-bdd5-4756-822c-1f226aa595bf	1296	1.0	confident	Mammaliicoccus sciuri	Bacteria
a3ee9c49-6df3-48d7-9385-328ad4afcf5b	1296	1.0	confident	Mammaliicoccus sciuri	Bacteria
b05fce41-2dd2-4314-aad8-e3a7f2a68b77	1296	1.0	confident	Mammaliicoccus sciuri	Bacteria
2bde43cb-3def-4c1b-90d9-1d8525443ff2	1296	1.0	confident	Mammaliicoccus sciuri	Bacteria
b2ea4f1d-54ae-4bd1-9e6e-053deb64b2f2	1296	1.0	confident	Mammaliicoccus sciuri	Bacteria
0e437b72-fa90-4dd7-93e6-2e7e2dd2fea8	1296	1.0	confident	Mammaliicoccus sciuri	Bacteria
8fb1f396-35a2-41d2-8b9d-11176780673a	1296	1.0	confident	Mammaliicoccus sciuri	Bacteria
2916ce8b-fe39-4c76-845e-00867d63d776	1296	1.0	confident	Mammaliicoccus sciuri	Bacteria
1cb34216-1192-479f-b8e7-a602bde812f2	1296	1.0	confident	Mammaliicoccus sciuri	Bacteria
81f0cfbc-4a74-48e4-b28b-02a62219c1a5	1296	1.0	confident	Mammaliicoccus sciuri	Bacteria
9e46d704-f2af-4f09-988f-fa0d7addf9c9	1296	1.0	confident	Mammaliicoccus sciuri	Bacteria
accf415f-a110-4cc3-90f0-7e0988b76c8e	1296	1.0	confident	Mammaliicoccus sciuri	Bacteria
861b2405-57eb-4d8b-abcb-9ab176cfb67f	1296	1.0	confident	Mammaliicoccus sciuri	Bacteria
e49bad90-2618-4158-9d84-58bd05b4231b	1296	1.0	confident	Mammaliicoccus sciuri	Bacteria
520a7dfa-e76e-4c5c-bb77-9efc647c4ab6	1296	1.0	confident	Mammaliicoccus sciuri	Bacteria
daafe613-15a2-4052-bca6-86dc30ede632	1296	1.0	confident	Mammaliicoccus sciuri	Bacteria
b876eafc-7e0a-4b09-81ec-1cecd31934b4	1296	1.0	confident	Mammaliicoccus sciuri	Bacteria
7d678b64-9b90-447d-a945-08b6519141f3	1296	1.0	confident	Mammaliicoccus sciuri	Bacteria
f6780ba9-356d-4941-b131-9bc8a3a5776b	1296	1.0	confident	Mammaliicoccus sciuri	Bacteria
d8edebe4-66d2-43a8-a548-e681b255435c	1296	1.0	confident	Mammaliicoccus sciuri	Bacteria
04c0425e-5d93-4a45-b647-e9041cc7a074	1296	1.0	confident	Mammaliicoccus sciuri	Bacteria
5729dc59-2d4f-4004-9ed1-cd45d6709c87	1296	1.0	confident	Mammaliicoccus sciuri	Bacteria
6141246d-1c77-47b3-aab6-1999e87b4614	1296	1.0	confident	Mammaliicoccus sciuri	Bacteria
825186b5-be5c-4107-b63d-651b635c66d6	1296	1.0	confident	Mammaliicoccus sciuri	Bacteria
741f4eef-1580-4536-817d-b921d7d7136d	1296	1.0	confident	Mammaliicoccus sciuri	Bacteria
1dfe287c-b32a-484d-b7cf-0921f2dcdacd	1296	1.0	confident	Mammaliicoccus sciuri	Bacteria
e7ff41f1-bf94-4a7a-a1ed-8cf7d4fe5666	1296	1.0	confident	Mammaliicoccus sciuri	Bacteria
a2380fd9-d706-49b8-85bf-dc3728bd3a63	1296	1.0	confident	Mammaliicoccus sciuri	Bacteria
5401f9b1-e473-4376-a3d2-88457fedf499	1296	1.0	confident	Mammaliicoccus sciuri	Bacteria
bafcd0e0-89f7-415b-b8f7-41589eb4bc92	1296	1.0	confident	Mammaliicoccus sciuri	Bacteria
4ee3451f-0e29-4125-9e67-8a1108ef45b1	1296	1.0	confident	Mammaliicoccus sciuri	Bacteria
edc4b54a-cf54-4c77-bd5a-c4699a67fd77	1296	1.0	confident	Mammaliicoccus sciuri	Bacteria
8c2b1ce6-883c-44ff-a765-0672adecb943	1296	1.0	confident	Mammaliicoccus sciuri	Bacteria
61c710e0-573c-4a82-8cf9-88f7d7a11e53	1296	1.0	confident	Mammaliicoccus sciuri	Bacteria
330b91f5-ee49-4762-9501-ad517804e8b4	1296	1.0	confident	Mammaliicoccus sciuri	Bacteria
88aa55de-7c3b-4854-8da3-f5a38d4bf247	1296	1.0	confident	Mammaliicoccus sciuri	Bacteria
a0718bdb-b08a-4332-9d52-5966f8c66474	1296	1.0	confident	Mammaliicoccus sciuri	Bacteria
4837daac-6b64-4b27-9d62-9d1d8ddd1a52	1296	1.0	confident	Mammaliicoccus sciuri	Bacteria
3f050f82-0826-4494-a2a3-39e7d47de87d	1296	1.0	confident	Mammaliicoccus sciuri	Bacteria
cf0f57f6-b43e-48f9-8023-24afa9b65a74	1296	1.0	confident	Mammaliicoccus sciuri	Bacteria
837ec25c-e15f-423c-94c1-389a109c3dcf	1296	1.0	confident	Mammaliicoccus sciuri	Bacteria
72023882-28dd-4fe9-8a56-d932cb2cfe1c	1296	1.0	confident	Mammaliicoccus sciuri	Bacteria
30610b90-55bb-4021-a1f5-ef08f2998ed0	1296	1.0	confident	Mammaliicoccus sciuri	Bacteria
206db5f5-67da-422e-841d-e3945d863346	1296	1.0	confident	Mammaliicoccus sciuri	Bacteria
f069d5c2-a05d-4b82-a823-aedd54242ea6	1296	1.0	confident	Mammaliicoccus sciuri	Bacteria
b62a5bfd-7059-4df3-b4e0-e1a23e29f498	1296	1.0	confident	Mammaliicoccus sciuri	Bacteria
104f5fa1-12a2-47c7-ba8f-9747fb3dcae7	1296	1.0	confident	Mammaliicoccus sciuri	Bacteria
1e2f1cfb-6ba2-4871-8697-93af8056af5f	1296	1.0	confident	Mammaliicoccus sciuri	Bacteria
fed669e8-acd3-4d48-b066-521c12bcf642	1296	1.0	confident	Mammaliicoccus sciuri	Bacteria
f6ff5e02-79c5-4ad8-8db6-3c74cb1e1344	1296	1.0	confident	Mammaliicoccus sciuri	Bacteria
62a2c5bf-fdd1-4f93-ae55-b438b360bcd7	1296	1.0	confident	Mammaliicoccus sciuri	Bacteria
9d7c16b3-685b-42cc-bb66-200b11d649a8	1296	1.0	confident	Mammaliicoccus sciuri	Bacteria
27385a19-b39a-46b6-8ed2-560ecba0f401	1296	1.0	confident	Mammaliicoccus sciuri	Bacteria
7000f9c9-ce42-4bb8-aee7-5dd7e98bc413	1296	1.0	confident	Mammaliicoccus sciuri	Bacteria
c7531fbd-56db-4e0c-86d3-1e38c6382348	1296	1.0	confident	Mammaliicoccus sciuri	Bacteria
94735dd7-a112-43c4-ae32-a5db552643ea	1296	1.0	confident	Mammaliicoccus sciuri	Bacteria
89ebfba5-8d61-42c7-aa70-ed8aa2369150	1296	1.0	confident	Mammaliicoccus sciuri	Bacteria
7122307d-fab7-453d-bfe9-8adced5edd23	1296	1.0	confident	Mammaliicoccus sciuri	Bacteria
f148f4cb-1ad6-47c6-9547-484e28bafb70	1296	1.0	confident	Mammaliicoccus sciuri	Bacteria
28b2fd5c-6841-491c-a5f1-a76f562d0de4	1296	1.0	confident	Mammaliicoccus sciuri	Bacteria
a226ec72-69af-48cf-ace9-43da6e38255c	1296	1.0	confident	Mammaliicoccus sciuri	Bacteria
7076ad24-64ef-4f31-ba32-a808f393ef0b	1296	1.0	confident	Mammaliicoccus sciuri	Bacteria
c0c8ecfb-efcc-49e4-8870-a7b8f6ce2d4b	1296	1.0	confident	Mammaliicoccus sciuri	Bacteria
97ec0de6-97ff-46f3-927d-aa847e803632	1296	1.0	confident	Mammaliicoccus sciuri	Bacteria
9c75cf79-99dc-403a-bb71-d3a74a4959f8	1296	1.0	confident	Mammaliicoccus sciuri	Bacteria
bb48c8df-18d2-465b-8a1d-1d330d624175	1296	1.0	confident	Mammaliicoccus sciuri	Bacteria
d11aa602-49a3-4cea-8c88-96ae6b8ff815	1296	1.0	confident	Mammaliicoccus sciuri	Bacteria
0a1c433a-2a32-4205-aa88-91f1d9319b65	1296	1.0	confident	Mammaliicoccus sciuri	Bacteria
af9262ac-2816-4b19-b7c3-a0625d7a8fff	1296	1.0	confident	Mammaliicoccus sciuri	Bacteria
baf9d16f-ed56-478f-a5e9-38d7937cbcd9	1296	1.0	confident	Mammaliicoccus sciuri	Bacteria
b2361864-7c87-4bf5-a9c3-329edac8162e	1296	1.0	confident	Mammaliicoccus sciuri	Bacteria
a15c875b-bd28-44a8-9dc9-e19190cb8434	1296	1.0	confident	Mammaliicoccus sciuri	Bacteria
aa036512-2b5c-411e-9436-95e02e3852ce	1296	1.0	confident	Mammaliicoccus sciuri	Bacteria
4ff3e6d7-8a6b-42d6-bc48-1df329edb820	1296	1.0	confident	Mammaliicoccus sciuri	Bacteria
5d50ccbf-c95e-4bd0-abe1-408c2bc4b56b	1296	1.0	confident	Mammaliicoccus sciuri	Bacteria
35b4bd7a-26d3-463d-8415-2a6c0fd02b1a	1296	1.0	confident	Mammaliicoccus sciuri	Bacteria
a077373c-a63a-4384-a6af-e3f24e5f781b	1296	1.0	confident	Mammaliicoccus sciuri	Bacteria
9e9fa2bd-2bcb-46b1-8e57-29a5ebbee3aa	1296	1.0	confident	Mammaliicoccus sciuri	Bacteria
212bfdac-0bf9-466a-bf8b-033a317b6baf	1296	1.0	confident	Mammaliicoccus sciuri	Bacteria
c58bd13b-302d-40aa-a0e8-a3c625879322	1296	1.0	confident	Mammaliicoccus sciuri	Bacteria
d0d42117-e595-4dd3-b78c-4902e6e895ce	1296	1.0	confident	Mammaliicoccus sciuri	Bacteria
58819ff2-e547-455c-9f61-f0a56569f1f3	1296	1.0	confident	Mammaliicoccus sciuri	Bacteria
292ad63f-2994-46b7-a3ed-de718acea99e	1296	1.0	confident	Mammaliicoccus sciuri	Bacteria
73de6f49-06ad-490e-97bc-d0146a7d1c3d	1296	1.0	confident	Mammaliicoccus sciuri	Bacteria
36dde780-cb84-475b-8c99-1daa42360c0a	1296	1.0	confident	Mammaliicoccus sciuri	Bacteria
adc87f3f-1daa-4aa8-9e4e-d9260549dd06	1296	1.0	confident	Mammaliicoccus sciuri	Bacteria
d7f52464-9c14-43aa-8da0-1c4623aba213	1296	1.0	confident	Mammaliicoccus sciuri	Bacteria
90909d61-6134-45fb-a4f6-8fd26e3aeacc	1296	1.0	confident	Mammaliicoccus sciuri	Bacteria
51aa5dcf-e883-4406-99bf-75937cda939d	1296	1.0	confident	Mammaliicoccus sciuri	Bacteria
940636d7-bcd0-4ce3-abce-355550b296d1	1296	1.0	confident	Mammaliicoccus sciuri	Bacteria
a1259110-cfe8-4d96-a479-57fc06d9b32e	1296	1.0	confident	Mammaliicoccus sciuri	Bacteria
1a06048e-d7a3-460d-8b7d-f9f170319f34	1296	1.0	confident	Mammaliicoccus sciuri	Bacteria
b52e2cc8-3c1f-413a-b3c8-32556723b446	1296	1.0	confident	Mammaliicoccus sciuri	Bacteria
c3436e62-c940-422f-82f5-f97c1799ebc4	1296	1.0	confident	Mammaliicoccus sciuri	Bacteria
4f2eb147-53b3-4b64-874a-a69584a8f288	1296	1.0	confident	Mammaliicoccus sciuri	Bacteria
c74e9abc-171b-431a-8045-e99c4822e01c	1296	1.0	confident	Mammaliicoccus sciuri	Bacteria
2f392ed5-ba8b-4b97-8872-79e46eb74423	1296	1.0	confident	Mammaliicoccus sciuri	Bacteria
fc8e5346-0f97-4d87-af6f-256d9d364fd6	1296	1.0	confident	Mammaliicoccus sciuri	Bacteria
e9dae082-a8fd-4858-bbf0-626a3d7428ba	1296	1.0	confident	Mammaliicoccus sciuri	Bacteria
37579129-cac1-425e-8a44-9cf05edf5f65	1296	1.0	confident	Mammaliicoccus sciuri	Bacteria
f0352eb7-66c8-4035-b0ba-1b964fb439a1	1296	1.0	confident	Mammaliicoccus sciuri	Bacteria
94ade88f-dce9-4218-a7c0-46cfcc735594	1296	1.0	confident	Mammaliicoccus sciuri	Bacteria
cc5a310f-3e4b-40fc-b8ba-72014b27a618	1296	1.0	confident	Mammaliicoccus sciuri	Bacteria
35b905df-927a-4d87-b8b1-c6833d64d840	1296	1.0	confident	Mammaliicoccus sciuri	Bacteria
28c47dce-22b5-4fef-9eb0-d4fa362b91af	1296	1.0	confident	Mammaliicoccus sciuri	Bacteria
3ae3ccca-280e-4d69-849d-0f0b16c9478b	1296	1.0	confident	Mammaliicoccus sciuri	Bacteria
510e7d4e-5e36-4f3c-b3b7-4cda140129b9	1296	1.0	confident	Mammaliicoccus sciuri	Bacteria
52e096c1-e54a-4815-8272-c94f62a5c733	1296	1.0	confident	Mammaliicoccus sciuri	Bacteria
356ab403-6388-4754-aaff-80dc6123e102	1296	1.0	confident	Mammaliicoccus sciuri	Bacteria
45487333-06be-45e1-8a76-b3510959df7c	1296	1.0	confident	Mammaliicoccus sciuri	Bacteria
4871865d-1606-4ad3-885c-945b2ee08729	1296	1.0	confident	Mammaliicoccus sciuri	Bacteria
2a9851f9-fc02-4a64-9104-d612b05f4e8b	1296	1.0	confident	Mammaliicoccus sciuri	Bacteria
6ada8408-ee3b-4218-8c03-02400d389143	1296	1.0	confident	Mammaliicoccus sciuri	Bacteria
ea810e1e-26d1-4f0b-8d1f-2978d4be0b3e	1296	1.0	confident	Mammaliicoccus sciuri	Bacteria
8918be8b-d075-42de-800c-a5bd9905a01a	1296	1.0	confident	Mammaliicoccus sciuri	Bacteria
84fd10d4-dbfb-46c0-950a-e4de35411844	1296	1.0	confident	Mammaliicoccus sciuri	Bacteria
0b64baeb-a462-44f1-bd3e-1065a1a73d1f	1296	1.0	confident	Mammaliicoccus sciuri	Bacteria
a1870f53-3343-4cc1-89a8-a413183a244f	1296	1.0	confident	Mammaliicoccus sciuri	Bacteria
38871756-5640-4c88-aaf5-01094c07240f	1296	1.0	confident	Mammaliicoccus sciuri	Bacteria
62fec827-7b53-4e2c-80be-f1edff632556	1296	1.0	confident	Mammaliicoccus sciuri	Bacteria
3ae82fcc-6fb4-4a6e-a6de-9100181820e8	1296	1.0	confident	Mammaliicoccus sciuri	Bacteria
2346e71c-f88f-44a9-936d-d274ee52d024	1296	1.0	confident	Mammaliicoccus sciuri	Bacteria
3a5502d0-2ce5-4e50-91c1-0920c3272ad7	1296	1.0	confident	Mammaliicoccus sciuri	Bacteria
a0105def-13c3-47bb-89a9-e050a49baea3	1296	1.0	confident	Mammaliicoccus sciuri	Bacteria
1bc6ac38-2d3e-4aef-8204-4a92063d2d85	1296	1.0	confident	Mammaliicoccus sciuri	Bacteria
d81b37f9-26d4-47bb-945c-9bf1136697e5	1296	1.0	confident	Mammaliicoccus sciuri	Bacteria
67bdf16f-ce4b-47ad-bd6d-bd92b5aaf2c9	1296	1.0	confident	Mammaliicoccus sciuri	Bacteria
4d3ae722-dc9f-4fcc-b1eb-24b4c8f14447	1296	1.0	confident	Mammaliicoccus sciuri	Bacteria
bef32af2-f8f8-4bf7-9921-436e81872bd0	1296	1.0	confident	Mammaliicoccus sciuri	Bacteria
651f8835-a979-49fe-ae24-b0c95f416705	1296	1.0	confident	Mammaliicoccus sciuri	Bacteria
e7e9a184-bac1-4bd0-9438-37f8ce78bf4a	1296	1.0	confident	Mammaliicoccus sciuri	Bacteria
b62c0d35-5f70-4d62-ac67-c3af50e1f580	1296	1.0	confident	Mammaliicoccus sciuri	Bacteria
c207ed1c-be9c-4d85-bd65-3ab1fc75652b	1296	1.0	confident	Mammaliicoccus sciuri	Bacteria
1ff6e658-2432-453d-a983-31d64d1815fc	1296	1.0	confident	Mammaliicoccus sciuri	Bacteria
580dd25d-4688-44b1-a26a-081b051cd182	1296	1.0	confident	Mammaliicoccus sciuri	Bacteria
587f3069-972a-4e01-900e-97de884ae8a8	1296	1.0	confident	Mammaliicoccus sciuri	Bacteria
c7138762-1398-48e4-a36a-65f71ff9a5e0	1296	1.0	confident	Mammaliicoccus sciuri	Bacteria
ba1e6fe7-0644-4c8f-bada-36db7b330dff	1296	1.0	confident	Mammaliicoccus sciuri	Bacteria
aec6eecc-3df1-4959-8473-2d56584d30cb	1296	1.0	confident	Mammaliicoccus sciuri	Bacteria
c9d6b677-03c5-4177-9a84-a2a9f5fff49c	1296	1.0	confident	Mammaliicoccus sciuri	Bacteria
914561ba-b323-49c2-8ca6-e5dc1490d9f4	1296	1.0	confident	Mammaliicoccus sciuri	Bacteria
84aa09c2-12ce-4e1a-834c-c29351e1026c	1296	1.0	confident	Mammaliicoccus sciuri	Bacteria
95895ff5-048e-429b-aefc-6f1b7a1e085f	1296	1.0	confident	Mammaliicoccus sciuri	Bacteria
4e64ba8f-e253-4f5a-b766-c6ee18e1e79f	1296	1.0	confident	Mammaliicoccus sciuri	Bacteria
a538ada2-3a63-4bc6-8b3e-3f8e9369fc1f	1296	1.0	confident	Mammaliicoccus sciuri	Bacteria
79aae9e1-8eb4-41a6-bb09-7b19024f46b7	1296	1.0	confident	Mammaliicoccus sciuri	Bacteria
f2c5dc87-8491-4633-9601-03096f59910f	1296	1.0	confident	Mammaliicoccus sciuri	Bacteria
a5440e1f-dc88-43ee-8520-57b7ab24a032	1296	1.0	confident	Mammaliicoccus sciuri	Bacteria
19b24f57-ac4b-48ea-bfbf-6a72c6d1ce4b	1296	1.0	confident	Mammaliicoccus sciuri	Bacteria
9cbfb9a5-3ac3-4a8c-b656-a341184830fc	1296	1.0	confident	Mammaliicoccus sciuri	Bacteria
63e061ad-7f7a-412a-a653-655a99f34f1c	1296	1.0	confident	Mammaliicoccus sciuri	Bacteria
82677b4f-8071-485a-8cc4-e65a039a916a	1296	1.0	confident	Mammaliicoccus sciuri	Bacteria
ecdfbf77-94ba-4266-9454-fa8e7355cec9	1296	1.0	confident	Mammaliicoccus sciuri	Bacteria
26772f96-7924-429e-bc66-2eff1218a752	1296	1.0	confident	Mammaliicoccus sciuri	Bacteria
6e619937-d528-4fe7-a812-4aa9f47e1405	1296	1.0	confident	Mammaliicoccus sciuri	Bacteria
a2bd60a8-6779-4eeb-b3d3-a61d76d5826e	1296	1.0	confident	Mammaliicoccus sciuri	Bacteria
81313c47-23a1-4c10-8d51-faad75ab0cc3	1296	1.0	confident	Mammaliicoccus sciuri	Bacteria
b4b7c633-cdd1-4dde-8701-8d77adedcae3	1296	1.0	confident	Mammaliicoccus sciuri	Bacteria
8e8613d1-9462-4542-a1ca-41b448bc8ebe	1296	1.0	confident	Mammaliicoccus sciuri	Bacteria
d9ffbf10-55b0-4fff-9058-82132a8bf4b5	1296	1.0	confident	Mammaliicoccus sciuri	Bacteria
1f98b059-5a5c-4c8d-97c9-b6a457dacb5e	1296	1.0	confident	Mammaliicoccus sciuri	Bacteria
fe961357-ecdf-4cc3-b4ad-6f736cdbf50a	1296	1.0	confident	Mammaliicoccus sciuri	Bacteria
73934dbc-5da3-4cfe-9621-5fa887ce8d2d	1296	1.0	confident	Mammaliicoccus sciuri	Bacteria
2d951495-d7e3-49d4-90c8-03fadab02972	1296	1.0	confident	Mammaliicoccus sciuri	Bacteria
159a9336-e4d8-4ae9-b12b-c863393bf6d0	1296	1.0	confident	Mammaliicoccus sciuri	Bacteria
33301346-1eb2-4e65-a0ad-8c32baec845b	1296	1.0	confident	Mammaliicoccus sciuri	Bacteria
e33752b1-647a-446e-9909-f393ed0c5007	1296	1.0	confident	Mammaliicoccus sciuri	Bacteria
5013ebfd-f8e7-40aa-98f5-79be2aa498e0	1296	1.0	confident	Mammaliicoccus sciuri	Bacteria
ece8ffff-f2b2-45be-a516-a292cef3eb4d	1296	1.0	confident	Mammaliicoccus sciuri	Bacteria
528b1ce5-c601-4e63-bdfc-8cc316f00f52	1296	1.0	confident	Mammaliicoccus sciuri	Bacteria
1f045fb2-950b-4a42-9397-57e3ad5c89e5	1296	1.0	confident	Mammaliicoccus sciuri	Bacteria
c92f4547-e7d3-4275-988a-15d6ab270753	1296	1.0	confident	Mammaliicoccus sciuri	Bacteria
9d44aef4-9b37-4ae2-b571-132184ed1d2f	1296	1.0	confident	Mammaliicoccus sciuri	Bacteria
769e010a-e456-4de0-807d-2d2ed285c16e	1296	1.0	confident	Mammaliicoccus sciuri	Bacteria
02a22b2f-dc5c-41e1-a895-1523aedeaa27	1296	1.0	confident	Mammaliicoccus sciuri	Bacteria
c36e7bb3-73dc-401c-8b90-5980f389e24a	1296	1.0	confident	Mammaliicoccus sciuri	Bacteria
b0dfaa80-4a59-4a22-85cf-d09ba29e6bcf	1296	1.0	confident	Mammaliicoccus sciuri	Bacteria
406d47ce-f7a6-41be-93aa-7c1dca917d7f	1296	1.0	confident	Mammaliicoccus sciuri	Bacteria
bbc46176-17ec-4548-862e-2c74b0c317ef	1296	1.0	confident	Mammaliicoccus sciuri	Bacteria
f64222ad-f659-4f7c-b0f1-9d0664e607ff	1296	1.0	confident	Mammaliicoccus sciuri	Bacteria
6246805b-6374-48c3-b40e-d53063dc2bcd	1296	1.0	confident	Mammaliicoccus sciuri	Bacteria
04601725-4e03-44b9-b18d-35d5b4221526	1296	1.0	confident	Mammaliicoccus sciuri	Bacteria
a336a913-9ca5-48a2-acf9-d8c11d0d1feb	1296	1.0	confident	Mammaliicoccus sciuri	Bacteria
c811bffe-a12a-4abc-b37b-81c11b38f24c	1296	1.0	confident	Mammaliicoccus sciuri	Bacteria
192cc240-c491-4b28-979b-64e7a9ce09dd	1296	1.0	confident	Mammaliicoccus sciuri	Bacteria
3cfbbecf-71f8-437b-8267-09eb15d5fdee	1296	1.0	confident	Mammaliicoccus sciuri	Bacteria
e10cbcdc-92df-49f2-aa07-11657ad4c278	1296	1.0	confident	Mammaliicoccus sciuri	Bacteria
9ef82b83-efcf-4869-8b13-c74599e76c91	1296	1.0	confident	Mammaliicoccus sciuri	Bacteria
d60b0a36-da98-4b9e-80ad-aa8f9b85c92f	1296	1.0	confident	Mammaliicoccus sciuri	Bacteria
a6acf954-7ef4-4b9e-be52-bed13c963c87	1296	1.0	confident	Mammaliicoccus sciuri	Bacteria
660f132c-f6af-4305-9838-bf564d20866b	1296	1.0	confident	Mammaliicoccus sciuri	Bacteria
b8bebc70-7998-4c3c-99d8-0d672496f121	1296	1.0	confident	Mammaliicoccus sciuri	Bacteria
029cad13-35f7-440c-8526-5de046e1ad1c	1296	1.0	confident	Mammaliicoccus sciuri	Bacteria
f403feba-102d-4569-9ceb-2c17b0fbd616	1296	1.0	confident	Mammaliicoccus sciuri	Bacteria
51fe8620-2560-4dcf-b847-3ceb14fc62c9	1296	1.0	confident	Mammaliicoccus sciuri	Bacteria
caa38844-08a2-4a0e-a8cd-7af4ddfbcc73	1296	1.0	confident	Mammaliicoccus sciuri	Bacteria
8d3e3539-b472-4c15-9ab8-f60c7ddc20ac	1296	1.0	confident	Mammaliicoccus sciuri	Bacteria
97e74ad1-c626-455e-a379-486adf9e443d	1296	1.0	confident	Mammaliicoccus sciuri	Bacteria
56383e7a-a7f0-468f-acaa-1e076d5cea46	1296	1.0	confident	Mammaliicoccus sciuri	Bacteria
dc8e4242-7232-4fa3-a905-510eabcf030e	1296	1.0	confident	Mammaliicoccus sciuri	Bacteria
daf8909c-1463-43a4-a341-15d3dfffeb4a	1296	1.0	confident	Mammaliicoccus sciuri	Bacteria
448195e1-d22e-4976-a6e1-78c0b2205df6	1296	1.0	confident	Mammaliicoccus sciuri	Bacteria
77b2520b-3ea7-4fe2-a2f4-30b0eed05f37	1296	1.0	confident	Mammaliicoccus sciuri	Bacteria
cd6346e7-644e-44fa-ab42-d7bb7f568801	1296	1.0	confident	Mammaliicoccus sciuri	Bacteria
76b1de72-ef9a-4f3c-880b-2c28b07e71a2	1296	1.0	confident	Mammaliicoccus sciuri	Bacteria
e7be9e59-533e-48fd-bfdd-bf863aa98dfb	1296	1.0	confident	Mammaliicoccus sciuri	Bacteria
81e2f528-34df-42b8-b489-03fa31b6662f	1296	1.0	confident	Mammaliicoccus sciuri	Bacteria
b6bd391d-4d4c-4e42-bdfc-50dbe8352f03	1296	1.0	confident	Mammaliicoccus sciuri	Bacteria
4d491465-c9af-4ed3-9a0e-c7ffa9b08b18	1296	1.0	confident	Mammaliicoccus sciuri	Bacteria
a2b5f50e-efd2-41ce-87a2-2f0893a1e298	1296	1.0	confident	Mammaliicoccus sciuri	Bacteria
89b725f8-702e-4716-9766-0b0022e8c1f2	1296	1.0	confident	Mammaliicoccus sciuri	Bacteria
34333529-30d3-4e79-a557-295918652337	1296	1.0	confident	Mammaliicoccus sciuri	Bacteria
88e007dd-4d6e-4115-ba43-8c6783ab2e63	1296	1.0	confident	Mammaliicoccus sciuri	Bacteria
c7cbeff3-58ed-4c8e-a9ab-721562779c7d	1296	1.0	confident	Mammaliicoccus sciuri	Bacteria
37f050e6-063d-46e2-afd5-92d1548ff15c	1296	1.0	confident	Mammaliicoccus sciuri	Bacteria
f69e6eaa-b692-4c6f-a247-30a909eea29a	1296	1.0	confident	Mammaliicoccus sciuri	Bacteria
cc4334e3-0d98-419a-8033-f411d96984e0	1296	1.0	confident	Mammaliicoccus sciuri	Bacteria
769fb400-969e-4e1c-b85f-61e146107d70	1296	1.0	confident	Mammaliicoccus sciuri	Bacteria
bf32002e-78bd-40fa-89c3-9d09e87b7a8a	1296	1.0	confident	Mammaliicoccus sciuri	Bacteria
4b488e6f-fb6e-4411-b0c7-4d78f0f35fe4	1296	1.0	confident	Mammaliicoccus sciuri	Bacteria
0c9e71fa-db3b-4320-929b-cb5ddf5c0849	1296	1.0	confident	Mammaliicoccus sciuri	Bacteria
9445e749-3659-42cf-b46f-3d80d061b1aa	1296	1.0	confident	Mammaliicoccus sciuri	Bacteria
c9baae85-f5b3-495b-8533-f9f73452c691	1296	1.0	confident	Mammaliicoccus sciuri	Bacteria
1a055a4f-b6da-4533-9a7e-9632c5b94aca	1296	1.0	confident	Mammaliicoccus sciuri	Bacteria
4c932c86-57b9-4622-ad6c-d60e7862088b	1296	1.0	confident	Mammaliicoccus sciuri	Bacteria
2d93a29c-852e-437e-8bb9-66a95f87c8d5	1296	1.0	confident	Mammaliicoccus sciuri	Bacteria
e8f48fea-6529-4626-b818-36a1806d200b	1296	1.0	confident	Mammaliicoccus sciuri	Bacteria
0e4c4ef3-045a-4ff3-a618-ec117e52a11c	1296	1.0	confident	Mammaliicoccus sciuri	Bacteria
09a55bdf-87a1-469a-b8b1-32b32e7608db	1296	1.0	confident	Mammaliicoccus sciuri	Bacteria
b431665b-ec1c-4617-a895-724100d9f8dc	1296	1.0	confident	Mammaliicoccus sciuri	Bacteria
a9535f7f-6df3-431b-8cbe-2e31c2d7d858	1296	1.0	confident	Mammaliicoccus sciuri	Bacteria
68343e6e-23d7-40d4-907f-da753878d772	1296	1.0	confident	Mammaliicoccus sciuri	Bacteria
be224edd-343e-41ab-8184-8e449fc0d0d8	1296	1.0	confident	Mammaliicoccus sciuri	Bacteria
1c6efdfa-3859-4a45-a946-80c538cee6cc	1296	1.0	confident	Mammaliicoccus sciuri	Bacteria
a4ce3f38-cefd-491b-8df0-df8537b5ca8b	1296	1.0	confident	Mammaliicoccus sciuri	Bacteria
4e634276-67e7-4c3a-bcfd-2eeea0ed58d6	1296	1.0	confident	Mammaliicoccus sciuri	Bacteria
534c0975-4ab0-4bfc-ac3f-19ef04cc304b	1296	1.0	confident	Mammaliicoccus sciuri	Bacteria
218afc43-88d4-45c1-847a-98cc60852509	1296	1.0	confident	Mammaliicoccus sciuri	Bacteria
8a2c0365-729c-4a69-ad80-ff69326dc9b3	1296	1.0	confident	Mammaliicoccus sciuri	Bacteria
d6d2b770-3211-400e-a43a-8de89a3e9c8e	1296	1.0	confident	Mammaliicoccus sciuri	Bacteria
b1bb7369-d746-428d-a95c-527d625b50fe	1296	1.0	confident	Mammaliicoccus sciuri	Bacteria
4a153c63-64bd-45cf-9bf3-25eb8f5bc31e	1296	1.0	confident	Mammaliicoccus sciuri	Bacteria
dfe2a9c9-0226-488d-8f01-c02aa00b8f2a	1296	1.0	confident	Mammaliicoccus sciuri	Bacteria
13d53ca2-c7d1-4091-9251-d009d9fc9d3a	1296	1.0	confident	Mammaliicoccus sciuri	Bacteria
218c931b-0c58-4911-a914-c813b164c686	1296	1.0	confident	Mammaliicoccus sciuri	Bacteria
da01345c-d2fe-4b4a-88bf-e37375f93e31	1296	1.0	confident	Mammaliicoccus sciuri	Bacteria
d6f17722-2523-4e07-9b93-8bad1c5040e1	1296	1.0	confident	Mammaliicoccus sciuri	Bacteria
e6b429e8-bffd-4316-b987-ce0f4e1c2848	1296	1.0	confident	Mammaliicoccus sciuri	Bacteria
dfd0413f-3287-430b-ba7a-9f8a85006694	1296	1.0	confident	Mammaliicoccus sciuri	Bacteria
74eeabe5-37a4-4b52-8f8f-038c7e37a55e	1296	1.0	confident	Mammaliicoccus sciuri	Bacteria
8b99c714-6fb1-4da6-8654-96c6b813f683	1296	1.0	confident	Mammaliicoccus sciuri	Bacteria
75bedb00-3487-4336-b280-311f1ebd2bc8	1296	1.0	confident	Mammaliicoccus sciuri	Bacteria
4ecae83c-eedb-4d80-b4b4-1a4d42eb2b06	1296	1.0	confident	Mammaliicoccus sciuri	Bacteria
480e5c03-1f88-4147-b795-f9ec0f8ab850	1296	1.0	confident	Mammaliicoccus sciuri	Bacteria
de60275a-29df-4f34-846a-a9e4f91f4bad	1296	1.0	confident	Mammaliicoccus sciuri	Bacteria
7347d2e5-e5b9-414c-945e-41a9edbb4fd7	1296	1.0	confident	Mammaliicoccus sciuri	Bacteria
5b2efc89-4973-47bf-b01a-07e56710f1e0	1296	1.0	confident	Mammaliicoccus sciuri	Bacteria
496baf94-068b-4eca-b97b-bab63b874122	1296	1.0	confident	Mammaliicoccus sciuri	Bacteria
341e8130-2bc3-4b61-a875-1834fc6dd8a3	1296	1.0	confident	Mammaliicoccus sciuri	Bacteria
0f279443-869f-4c35-9df3-a142ea2c65ff	1296	1.0	confident	Mammaliicoccus sciuri	Bacteria
3dfe7911-481e-4730-b7ec-b918cd22b435	1296	1.0	confident	Mammaliicoccus sciuri	Bacteria
88da64fb-4f40-4fab-b4de-121e56813f84	1296	1.0	confident	Mammaliicoccus sciuri	Bacteria
e59626d1-e17a-4783-8075-09806fbaba17	1296	1.0	confident	Mammaliicoccus sciuri	Bacteria
657b4cdf-874d-4fe3-b034-8f87708da23e	1296	1.0	confident	Mammaliicoccus sciuri	Bacteria
fa35be9b-e51a-4c9e-b57b-a7c2ae3b99ad	1296	1.0	confident	Mammaliicoccus sciuri	Bacteria
c04d7c07-dd96-4f9c-970b-621f0470ea24	1296	1.0	confident	Mammaliicoccus sciuri	Bacteria
bd832be1-f77f-4659-ad89-b755d70097e2	1296	1.0	confident	Mammaliicoccus sciuri	Bacteria
aff6927c-5dfd-4466-809e-2b4948100634	1296	1.0	confident	Mammaliicoccus sciuri	Bacteria
7f8f2ee8-195e-4342-b459-983f21a6ac91	1296	1.0	confident	Mammaliicoccus sciuri	Bacteria
d968ef51-23fc-43cf-af8e-19764954a154	1296	1.0	confident	Mammaliicoccus sciuri	Bacteria
6de1e296-8e8c-4d36-ba4f-0e9fb9738e4b	1296	1.0	confident	Mammaliicoccus sciuri	Bacteria
48e8a51d-eb52-4124-9c65-3055686fffa5	1296	1.0	confident	Mammaliicoccus sciuri	Bacteria
ce1d8b83-1fa0-446f-877a-7e17cb18bfa1	1296	1.0	confident	Mammaliicoccus sciuri	Bacteria
b7fe8fa2-1bfb-42e5-b9f7-911ea48ffb18	1296	1.0	confident	Mammaliicoccus sciuri	Bacteria
ba75130b-bf5e-4e39-80ac-c10e1c90c685	1296	1.0	confident	Mammaliicoccus sciuri	Bacteria
4b197793-e76d-4ea2-838f-753ee191e1f2	1296	1.0	confident	Mammaliicoccus sciuri	Bacteria
901f07eb-b331-4493-a5c2-856f3af97788	1296	1.0	confident	Mammaliicoccus sciuri	Bacteria
2d274420-59f5-452c-a55d-089c7b98e959	1296	1.0	confident	Mammaliicoccus sciuri	Bacteria
b0c70e98-c54d-4dfd-8f2f-c9dc3a1a03ea	1296	1.0	confident	Mammaliicoccus sciuri	Bacteria
63206e95-ca37-4c7e-a700-af3bad28eb73	1296	1.0	confident	Mammaliicoccus sciuri	Bacteria
3289840c-cee3-423a-a4f3-b13702fbadb3	1296	1.0	confident	Mammaliicoccus sciuri	Bacteria
8bef4cb8-6c4a-4e42-bc94-c9a3c72ac845	1296	1.0	confident	Mammaliicoccus sciuri	Bacteria
ad5e5488-468a-4aa8-a2fd-988acfc73783	1296	1.0	confident	Mammaliicoccus sciuri	Bacteria
e8b884d5-a9e1-4416-8224-32dbdd95a1de	1296	1.0	confident	Mammaliicoccus sciuri	Bacteria
6d7c5511-6d2e-4292-92bd-ae1930baf8c2	1296	1.0	confident	Mammaliicoccus sciuri	Bacteria
4fe5fc0d-8b08-467c-b3c2-4280f1f2b859	1296	1.0	confident	Mammaliicoccus sciuri	Bacteria
bc2afe0a-b142-42d3-b9e3-de0b9be720a9	1296	1.0	confident	Mammaliicoccus sciuri	Bacteria
693d5a8a-58f0-473b-b4f5-48050164ca33	1296	1.0	confident	Mammaliicoccus sciuri	Bacteria
28a3023d-bca4-49cb-a288-e1ead986b7aa	1296	1.0	confident	Mammaliicoccus sciuri	Bacteria
08b85e26-57ba-427a-8fa4-069bac450de6	1296	1.0	confident	Mammaliicoccus sciuri	Bacteria
0a23cbeb-b33d-4515-9db2-bdab8d151102	1296	1.0	confident	Mammaliicoccus sciuri	Bacteria
0bc1a8f7-bc22-4dd3-9e36-1c7abe8ea408	1296	1.0	confident	Mammaliicoccus sciuri	Bacteria
977c1fad-0512-4fc2-91e7-ae03eed1d33a	1296	1.0	confident	Mammaliicoccus sciuri	Bacteria
b665d08b-bcab-46ce-849e-d7b62d0e4095	1296	1.0	confident	Mammaliicoccus sciuri	Bacteria
595b593e-2440-4a5f-ae61-83e253d7dd3a	1296	1.0	confident	Mammaliicoccus sciuri	Bacteria
720619ee-08fa-43ca-8391-1dd0c39a9863	1296	1.0	confident	Mammaliicoccus sciuri	Bacteria
7590dbe5-df1b-4868-b981-21d9ab9c9506	1296	1.0	confident	Mammaliicoccus sciuri	Bacteria
47a9db6c-2293-4cbd-84f9-b3bbcca00ce3	1296	1.0	confident	Mammaliicoccus sciuri	Bacteria
f3241ef3-1dca-455d-8912-018471b80bf9	1296	1.0	confident	Mammaliicoccus sciuri	Bacteria
deeddd27-8733-45c7-9e96-9ffe3f926c16	1296	1.0	confident	Mammaliicoccus sciuri	Bacteria
49975644-d1a3-42fd-bbbf-45de79c7e8d8	1296	1.0	confident	Mammaliicoccus sciuri	Bacteria
9a63997f-5ab1-49c5-9133-34d992d855be	1296	1.0	confident	Mammaliicoccus sciuri	Bacteria
b9c6ecf9-5d82-485c-b482-c4a72dfd02f6	1296	1.0	confident	Mammaliicoccus sciuri	Bacteria
9bee52d6-a376-42c9-95ff-cbc267af0b9a	1296	1.0	confident	Mammaliicoccus sciuri	Bacteria
40cb3679-b225-4e09-a8a8-f914df3ddfd0	1296	1.0	confident	Mammaliicoccus sciuri	Bacteria
961164c3-5514-4b9f-90e3-6f5bb06dc68f	1296	1.0	confident	Mammaliicoccus sciuri	Bacteria
341c7fc2-32da-4e35-9d3d-f1509f8c0cb4	1296	1.0	confident	Mammaliicoccus sciuri	Bacteria
4726d7d1-db3d-4303-930e-e23f045441a8	1296	1.0	confident	Mammaliicoccus sciuri	Bacteria
a1790003-bff3-4bd3-a7b7-90a5c0e84b35	1296	1.0	confident	Mammaliicoccus sciuri	Bacteria
37c5a6f4-1342-427f-b6fa-ef4f754efc25	1296	1.0	confident	Mammaliicoccus sciuri	Bacteria
796b6783-ee28-47c4-96fe-1fc138762f05	1296	1.0	confident	Mammaliicoccus sciuri	Bacteria
ec42dde8-dbe4-4627-af5b-212073da3b1e	1296	1.0	confident	Mammaliicoccus sciuri	Bacteria
7465b391-0a2c-489e-a4fc-b511455640d1	1296	1.0	confident	Mammaliicoccus sciuri	Bacteria
124c27fc-f81e-4dc6-b21f-65f1f9622f96	1296	1.0	confident	Mammaliicoccus sciuri	Bacteria
62d9d709-e9d5-43ac-a62c-677797a80a14	1296	1.0	confident	Mammaliicoccus sciuri	Bacteria
b0ba5a6e-3a5b-426f-8f8b-3efd5983cf65	1296	1.0	confident	Mammaliicoccus sciuri	Bacteria
4f9e831e-acad-4c04-9d08-38dbe32a6277	1296	1.0	confident	Mammaliicoccus sciuri	Bacteria
64da8b35-093c-4f9f-97d3-d9d814b31fc0	1296	1.0	confident	Mammaliicoccus sciuri	Bacteria
75d4aff4-86ad-4d31-9013-15f043262714	1296	1.0	confident	Mammaliicoccus sciuri	Bacteria
1c34caf3-b563-4c71-a83a-bdb073f6ffdc	1296	1.0	confident	Mammaliicoccus sciuri	Bacteria
c36b122e-41c3-46ae-96ce-27e9289dca70	1296	1.0	confident	Mammaliicoccus sciuri	Bacteria
8938910f-d65c-40dd-9dac-536f9216fd0a	1296	1.0	confident	Mammaliicoccus sciuri	Bacteria
1fdfd2f3-bb57-428a-9790-597e02d6f88a	1296	1.0	confident	Mammaliicoccus sciuri	Bacteria
d8642be0-e186-480b-8ae6-e11e103005c0	1296	1.0	confident	Mammaliicoccus sciuri	Bacteria
c74dc835-494f-47da-88f2-a2daada5d91e	1296	1.0	confident	Mammaliicoccus sciuri	Bacteria
2b4f5717-1039-4a14-892e-4e133d48e239	1296	1.0	confident	Mammaliicoccus sciuri	Bacteria
eb4604da-8dc7-4577-8a20-32e617deb922	1296	1.0	confident	Mammaliicoccus sciuri	Bacteria
3e546e2e-7809-46b3-997a-042c3218e7e7	1296	1.0	confident	Mammaliicoccus sciuri	Bacteria
804a3a5d-4c63-44fd-9e31-e6b8f77f6df7	1296	1.0	confident	Mammaliicoccus sciuri	Bacteria
0ea9f689-9b2b-43b0-b392-1f68a81003c7	1296	1.0	confident	Mammaliicoccus sciuri	Bacteria
9e9f70d8-12ba-4024-8370-1f4f9d78b26b	1296	1.0	confident	Mammaliicoccus sciuri	Bacteria
e2a59e2d-68e5-4553-a9bb-21e8adc60029	1296	1.0	confident	Mammaliicoccus sciuri	Bacteria
ff842af9-b80d-4f59-9518-17b379b93568	1296	1.0	confident	Mammaliicoccus sciuri	Bacteria
2dfb2a6e-570e-426a-9c31-3f468d06788b	1296	1.0	confident	Mammaliicoccus sciuri	Bacteria
9591110f-0367-499a-a5ac-7ea89e4a4a5d	1296	1.0	confident	Mammaliicoccus sciuri	Bacteria
a6e9dd5d-9279-4193-994f-b08ecacc62f5	1296	1.0	confident	Mammaliicoccus sciuri	Bacteria
86e3732b-b11d-4cd4-b15e-d040a99ffbdd	1296	1.0	confident	Mammaliicoccus sciuri	Bacteria
e0bf2bec-a345-453e-9c41-7e95faf65503	1296	1.0	confident	Mammaliicoccus sciuri	Bacteria
833c3ff9-2279-4b16-ae68-96c078aaa757	1296	1.0	confident	Mammaliicoccus sciuri	Bacteria
629a7a84-d5dc-4cea-a700-62d3fc732aa7	1296	1.0	confident	Mammaliicoccus sciuri	Bacteria
34aa5cce-816e-4021-968c-6e53dbf58f7e	1296	1.0	confident	Mammaliicoccus sciuri	Bacteria
fa0b28e3-ff91-42bc-af6f-b2a89986bf6e	1296	1.0	confident	Mammaliicoccus sciuri	Bacteria
f93a51a9-2759-494f-adfb-df408648c142	1296	1.0	confident	Mammaliicoccus sciuri	Bacteria
b05524ca-055d-4936-9998-d47389d366e1	1296	1.0	confident	Mammaliicoccus sciuri	Bacteria
b9af46b3-28fe-4acf-b161-2544df4930f8	1296	1.0	confident	Mammaliicoccus sciuri	Bacteria
de646907-c0e3-4c62-b41c-c0d5187603f1	1296	1.0	confident	Mammaliicoccus sciuri	Bacteria
8c5c0759-7072-45be-bea6-ebbacd6a2f82	1296	1.0	confident	Mammaliicoccus sciuri	Bacteria
3e700be2-9c15-46e0-b764-f9a112deecf7	1296	1.0	confident	Mammaliicoccus sciuri	Bacteria
5b26bf1c-fbf0-4fba-b9b6-3d33de6d7c53	1296	1.0	confident	Mammaliicoccus sciuri	Bacteria
c1adc5bf-a08b-401b-bf12-21fb57599780	1296	1.0	confident	Mammaliicoccus sciuri	Bacteria
b0e2d509-cc08-4072-bc61-94fbfb36d6c9	1296	1.0	confident	Mammaliicoccus sciuri	Bacteria
80b4cd22-eb4d-4e38-a0c3-6005161a8775	1296	1.0	confident	Mammaliicoccus sciuri	Bacteria
87c21333-2fc2-4cc6-90e5-a8c2b42512c8	1296	1.0	confident	Mammaliicoccus sciuri	Bacteria
706b114b-0536-43b6-8147-c70e17c44e53	1296	1.0	confident	Mammaliicoccus sciuri	Bacteria
c0ef9bd0-7cd9-4d1a-a487-be206e655bf2	1296	1.0	confident	Mammaliicoccus sciuri	Bacteria
0f88eb19-274f-4993-b8d4-c26e8fcf84c1	1296	1.0	confident	Mammaliicoccus sciuri	Bacteria
ddb2251c-489a-4521-a12c-15e258285a83	1296	1.0	confident	Mammaliicoccus sciuri	Bacteria
73cfc8be-6d14-45e1-8ccd-8b409ff5c533	1296	1.0	confident	Mammaliicoccus sciuri	Bacteria
8ec6a5bf-c1bb-436e-86c1-6c723bbb2bbe	1296	1.0	confident	Mammaliicoccus sciuri	Bacteria
338decfd-db2d-4467-b332-6dc53ab4901f	1296	1.0	confident	Mammaliicoccus sciuri	Bacteria
fdd8f2e7-95a8-42a8-9642-d04d3f2dc944	1296	1.0	confident	Mammaliicoccus sciuri	Bacteria
e4879c1d-1717-4b65-b98d-ef3cc8b8077a	1296	1.0	confident	Mammaliicoccus sciuri	Bacteria
1b7c2ecd-67ed-469d-86ed-a023d179f47b	1296	1.0	confident	Mammaliicoccus sciuri	Bacteria
4cf7f735-49a1-493c-a174-24079ca5ade1	1296	1.0	confident	Mammaliicoccus sciuri	Bacteria
a8c5e6a8-49d1-4fb5-810a-95d313d9b75e	1296	1.0	confident	Mammaliicoccus sciuri	Bacteria
a7cb88b5-34b7-4abe-8ae2-da0bc8f97f6d	1296	1.0	confident	Mammaliicoccus sciuri	Bacteria
f5be4749-9654-43ff-a7c0-f9dd7a72e7da	1296	1.0	confident	Mammaliicoccus sciuri	Bacteria
4ae28274-ec71-4a14-b65b-69ec4843edfa	1296	1.0	confident	Mammaliicoccus sciuri	Bacteria
6235626b-8331-4eae-8680-033e41e1506b	1296	1.0	confident	Mammaliicoccus sciuri	Bacteria
7f75a54b-c27c-4ff2-a3e7-d8de4bf4aefa	1296	1.0	confident	Mammaliicoccus sciuri	Bacteria
a52f39f5-9579-4e41-8140-345db8397c27	1296	1.0	confident	Mammaliicoccus sciuri	Bacteria
7d919337-46db-4928-8c10-fe0bee522ca7	1296	1.0	confident	Mammaliicoccus sciuri	Bacteria
9ccc7358-4662-496e-ac7e-4e7699472d64	1296	1.0	confident	Mammaliicoccus sciuri	Bacteria
7263b4af-9595-4549-ad4d-515c3dc1ff08	1296	1.0	confident	Mammaliicoccus sciuri	Bacteria
a69df147-9b4d-4341-a063-4e2f94dc088a	1296	1.0	confident	Mammaliicoccus sciuri	Bacteria
bc06057d-da20-499c-a50c-9406433fdf36	1296	1.0	confident	Mammaliicoccus sciuri	Bacteria
4b0978bf-bb71-4a0b-b2c6-45dbd7fc8620	1296	1.0	confident	Mammaliicoccus sciuri	Bacteria
d883cc6e-5703-456b-a8df-239544531163	1296	1.0	confident	Mammaliicoccus sciuri	Bacteria
7609f0be-07be-4665-9fe9-9f4b18033069	1296	1.0	confident	Mammaliicoccus sciuri	Bacteria
2c87b21c-a729-4adf-965f-bdd82ae259a5	1296	1.0	confident	Mammaliicoccus sciuri	Bacteria
761532ca-5eb4-4b28-b430-678f8bde4ddf	1296	1.0	confident	Mammaliicoccus sciuri	Bacteria
b5879186-ffdd-4304-8996-1d6f9c683f91	1296	1.0	confident	Mammaliicoccus sciuri	Bacteria
220f17cb-604b-44d9-8257-a9147d0a3f61	1296	1.0	confident	Mammaliicoccus sciuri	Bacteria
2b82d6e5-e0aa-4531-b158-430d13266864	1296	1.0	confident	Mammaliicoccus sciuri	Bacteria
a266ab4f-4f7e-4f6a-a4b9-b12974cd7311	1296	1.0	confident	Mammaliicoccus sciuri	Bacteria
422d7a48-3eb1-464e-ab24-3e644366ba06	1296	1.0	confident	Mammaliicoccus sciuri	Bacteria
ac2a7100-dfcf-439f-a386-78d70ea8e5f6	1296	1.0	confident	Mammaliicoccus sciuri	Bacteria
c04352a9-179f-4917-8a19-8f5ab51c958e	1296	1.0	confident	Mammaliicoccus sciuri	Bacteria
b7ebbe39-a3ed-43ad-84e0-4d184ea625de	1296	1.0	confident	Mammaliicoccus sciuri	Bacteria
14d86273-c07f-4bcd-a984-13121c4d0848	1296	1.0	confident	Mammaliicoccus sciuri	Bacteria
e84cc166-535e-4d0d-b8c1-5f69357cb6c3	1296	1.0	confident	Mammaliicoccus sciuri	Bacteria
aff36516-3ae2-4eb5-aca3-fde00ae97549	1296	1.0	confident	Mammaliicoccus sciuri	Bacteria
9a5e0710-a3b1-4881-b4c7-7fbc76dd1e4e	1296	1.0	confident	Mammaliicoccus sciuri	Bacteria
1b766345-b475-4e17-aa98-6e7f30fefa1b	1296	1.0	confident	Mammaliicoccus sciuri	Bacteria
5b208705-09aa-45e1-be27-1ab27947787f	1296	1.0	confident	Mammaliicoccus sciuri	Bacteria
0208338a-92ef-4c16-b9e5-1292092d78ec	1296	1.0	confident	Mammaliicoccus sciuri	Bacteria
66905c72-e361-472b-b51d-a2471ab430bb	1296	1.0	confident	Mammaliicoccus sciuri	Bacteria
3d9ae625-dfab-44b2-826d-31b97cf5a3ee	1296	1.0	confident	Mammaliicoccus sciuri	Bacteria
8c9f068b-98d3-41a1-b6da-d8530b770051	1296	1.0	confident	Mammaliicoccus sciuri	Bacteria
0910643a-ab48-4ab8-9898-944d218c40e4	1296	1.0	confident	Mammaliicoccus sciuri	Bacteria
1575893f-5084-4a2e-8a93-2f530965a22e	1296	1.0	confident	Mammaliicoccus sciuri	Bacteria
f3d7f248-c7ec-4881-839d-5ce5dada43af	1296	1.0	confident	Mammaliicoccus sciuri	Bacteria
b8c69790-240d-4d54-b647-e9e6f07ddfe0	1296	1.0	confident	Mammaliicoccus sciuri	Bacteria
aadc66e5-a8c0-4687-8c93-507a75a98ab5	1296	1.0	confident	Mammaliicoccus sciuri	Bacteria
eeb5ee23-6dc9-4907-99f2-3ee9923feb50	1296	1.0	confident	Mammaliicoccus sciuri	Bacteria
c70beec2-31bc-46f6-aebc-aedae81658a1	1296	1.0	confident	Mammaliicoccus sciuri	Bacteria
1c974a4a-c6f2-4546-9da5-c8f9afc19061	1296	1.0	confident	Mammaliicoccus sciuri	Bacteria
f7dc5d87-58f2-419c-8361-3b2a93f7bfdb	1296	1.0	confident	Mammaliicoccus sciuri	Bacteria
8e1fccce-d4d4-4448-9b25-b232dd939664	1296	1.0	confident	Mammaliicoccus sciuri	Bacteria
0db70f2e-49bb-4935-8f7e-db723f08f844	1296	1.0	confident	Mammaliicoccus sciuri	Bacteria
602cdb84-6097-4d57-99fd-9f0dd1f4ef04	1296	1.0	confident	Mammaliicoccus sciuri	Bacteria
9f68df52-1e72-4b71-8d6b-7c49ff0b3fb4	1296	1.0	confident	Mammaliicoccus sciuri	Bacteria
13b78756-e221-4df0-b342-464caef37c92	1296	1.0	confident	Mammaliicoccus sciuri	Bacteria
ab47617f-7b35-4831-8ff7-1a6a0262051d	1296	1.0	confident	Mammaliicoccus sciuri	Bacteria
ec3a700e-186f-4546-aed7-2b6f6e95b3ee	1296	1.0	confident	Mammaliicoccus sciuri	Bacteria
3410ea67-ef63-473b-99f5-95783dfd6378	1296	1.0	confident	Mammaliicoccus sciuri	Bacteria
632809bc-3a92-4e1d-b7eb-8f37c766e3e7	1296	1.0	confident	Mammaliicoccus sciuri	Bacteria
238b9ccc-8741-4ea4-87f4-dbc261c50749	1296	1.0	confident	Mammaliicoccus sciuri	Bacteria
82af11c6-ddc9-4135-9667-6e42777466cc	1296	1.0	confident	Mammaliicoccus sciuri	Bacteria
cf50c5f9-97ce-4a41-b047-dd265dc78fe1	1296	1.0	confident	Mammaliicoccus sciuri	Bacteria
f83da863-87d8-4f2c-ab7e-5193709290b4	1296	1.0	confident	Mammaliicoccus sciuri	Bacteria
12f3706f-5588-4036-9f05-e485d9d194da	1296	1.0	confident	Mammaliicoccus sciuri	Bacteria
6686e7eb-c1a0-4ba1-8665-f466af983225	1296	1.0	confident	Mammaliicoccus sciuri	Bacteria
8c4f8e98-c6d7-4cd8-a990-096ec36e1817	1296	1.0	confident	Mammaliicoccus sciuri	Bacteria
6362da70-c771-4abc-8acc-70eaa83f34c1	1296	1.0	confident	Mammaliicoccus sciuri	Bacteria
ffde5953-be2d-434a-a0b9-fcc53405aad1	1296	1.0	confident	Mammaliicoccus sciuri	Bacteria
9c3efe41-cc4e-4571-9652-f98c10b6bf3a	1296	1.0	confident	Mammaliicoccus sciuri	Bacteria
4f9b1fb5-776f-4551-ac53-a966a80d71e3	1296	1.0	confident	Mammaliicoccus sciuri	Bacteria
d92cadd6-6b69-4eb9-b538-6542d7e65c82	1296	1.0	confident	Mammaliicoccus sciuri	Bacteria
40b21de4-44a0-4247-a4d5-bd981afc8c04	1296	1.0	confident	Mammaliicoccus sciuri	Bacteria
f5e8c690-4b1f-42ce-af10-3b3771532f3d	1296	1.0	confident	Mammaliicoccus sciuri	Bacteria
2471e2f9-e1f0-49d5-83a0-6c98adb012c9	1296	1.0	confident	Mammaliicoccus sciuri	Bacteria
09bb04bc-7375-412d-b18c-1fe2293259bd	1296	1.0	confident	Mammaliicoccus sciuri	Bacteria
ef4d9b27-f49e-46db-b704-b42982af13af	1296	1.0	confident	Mammaliicoccus sciuri	Bacteria
99864947-49cd-4078-9942-3df0f153e70a	1296	1.0	confident	Mammaliicoccus sciuri	Bacteria
c551a18b-3cf0-4cea-82be-0531b9fd334b	1296	1.0	confident	Mammaliicoccus sciuri	Bacteria
96ccf969-3c9a-499d-9f85-1e090e423a31	1296	1.0	confident	Mammaliicoccus sciuri	Bacteria
b61b5b3c-97a5-41ae-9d75-ceaf440bdc84	1296	1.0	confident	Mammaliicoccus sciuri	Bacteria
47008bf8-7b81-4104-8d5b-66bb396ada40	1296	1.0	confident	Mammaliicoccus sciuri	Bacteria
b6065868-62c3-45e3-912f-8ec23363828f	1296	1.0	confident	Mammaliicoccus sciuri	Bacteria
581ae9af-a640-4665-a1f2-4ceda053e3c8	1296	1.0	confident	Mammaliicoccus sciuri	Bacteria
37364b51-2004-4dd5-95c4-aa8ff328fcc6	1296	1.0	confident	Mammaliicoccus sciuri	Bacteria
c655d350-f772-4579-abff-5a942377c547	1296	1.0	confident	Mammaliicoccus sciuri	Bacteria
a5e8f66b-79b9-4aa2-ae18-00eac7f550db	1296	1.0	confident	Mammaliicoccus sciuri	Bacteria
6d590818-2116-4497-b9c2-743c3bdf6de1	1296	1.0	confident	Mammaliicoccus sciuri	Bacteria
5cd93a4b-7b5f-464e-aa8f-88f48128a2f4	1296	1.0	confident	Mammaliicoccus sciuri	Bacteria
6e3e4655-15c5-4cec-b166-9f69bbb0e97a	1296	1.0	confident	Mammaliicoccus sciuri	Bacteria
cf15889a-5c1a-445c-9e38-2e3a5bdad532	1296	1.0	confident	Mammaliicoccus sciuri	Bacteria
6e54f1e8-e32e-433e-97e6-c52bb9b9d0ca	1296	1.0	confident	Mammaliicoccus sciuri	Bacteria
84dda73a-8872-4848-ac63-d92e494771c0	1296	1.0	confident	Mammaliicoccus sciuri	Bacteria
a8c0afa0-20d5-40e2-abd1-69d362992363	1296	1.0	confident	Mammaliicoccus sciuri	Bacteria
9ba2e26f-019a-4556-8040-a1c8b61678cf	1296	1.0	confident	Mammaliicoccus sciuri	Bacteria
05b292e1-dcac-42f6-80b0-f56c9f06beab	1296	1.0	confident	Mammaliicoccus sciuri	Bacteria
7d7368cc-4329-4272-8875-42f6a7448675	1296	1.0	confident	Mammaliicoccus sciuri	Bacteria
83310325-bbd1-4db0-97bd-1b8824d29ea5	1296	1.0	confident	Mammaliicoccus sciuri	Bacteria
1660b596-cd44-45c6-9dd7-746033a8082a	1296	1.0	confident	Mammaliicoccus sciuri	Bacteria
59106247-a040-4baf-9011-6618146cb5a3	1296	1.0	confident	Mammaliicoccus sciuri	Bacteria
eef42d0c-eab3-406f-91df-8323a4d39452	1296	1.0	confident	Mammaliicoccus sciuri	Bacteria
1738fc74-64d6-4eab-85c8-39908356a0a3	1296	1.0	confident	Mammaliicoccus sciuri	Bacteria
a90c8a2a-dcc8-40be-9e68-c898ff5e1e9d	1296	1.0	confident	Mammaliicoccus sciuri	Bacteria
1ad82637-5042-4aee-9bcb-26a296b0de7d	1296	1.0	confident	Mammaliicoccus sciuri	Bacteria
50939c07-f033-4e12-b85f-82146bb77d2d	1296	1.0	confident	Mammaliicoccus sciuri	Bacteria
29af2dfc-fdbf-41b6-bf58-08fb4d147442	1296	1.0	confident	Mammaliicoccus sciuri	Bacteria
7c3cac6d-9084-4e78-8072-6236f01e8deb	1296	1.0	confident	Mammaliicoccus sciuri	Bacteria
d9ef30b7-b952-4286-8109-340a7940ad19	1296	1.0	confident	Mammaliicoccus sciuri	Bacteria
3d31d81e-a20e-4c33-8d8b-42437d2975d7	1296	1.0	confident	Mammaliicoccus sciuri	Bacteria
ff39db4f-e308-4ff9-8cd5-39e1ebd4d8ea	1296	1.0	confident	Mammaliicoccus sciuri	Bacteria
48c27743-44ad-4f20-af05-3fe71e2e013e	1296	1.0	confident	Mammaliicoccus sciuri	Bacteria
e1d7f180-35be-4fd1-9df9-09c1b8aeefda	1296	1.0	confident	Mammaliicoccus sciuri	Bacteria
6cbd222d-23f7-432d-815e-364207544f61	1296	1.0	confident	Mammaliicoccus sciuri	Bacteria
588fa757-19be-4637-b6a4-c5d2761ea694	1296	1.0	confident	Mammaliicoccus sciuri	Bacteria
2a1fef92-b4d3-480d-9a36-44d5f780e58c	1296	1.0	confident	Mammaliicoccus sciuri	Bacteria
d24c82bd-b8ca-411f-9d3f-91f18ea6b112	1296	1.0	confident	Mammaliicoccus sciuri	Bacteria
30c5c8b4-d6a8-49db-99d9-d40d29e70964	1296	1.0	confident	Mammaliicoccus sciuri	Bacteria
669c1158-4de3-47ae-a8c2-5056385a08b5	1296	1.0	confident	Mammaliicoccus sciuri	Bacteria
3a3b02a3-53be-43cc-b893-0010970855ce	1296	1.0	confident	Mammaliicoccus sciuri	Bacteria
f4736dad-99e9-4d97-89c7-21d66a9e7899	1296	1.0	confident	Mammaliicoccus sciuri	Bacteria
11326040-93c4-4c1e-8ded-31f03166b791	1296	1.0	confident	Mammaliicoccus sciuri	Bacteria
62144d41-3c39-4694-a64e-f203c5f0c2fa	1296	1.0	confident	Mammaliicoccus sciuri	Bacteria
b048c0de-6b4f-4582-abb3-aa79184afae4	1296	1.0	confident	Mammaliicoccus sciuri	Bacteria
7453b394-4bc2-40fa-89bb-02444faeb2bb	1296	1.0	confident	Mammaliicoccus sciuri	Bacteria
0526dae8-c2eb-4910-940f-1bb836b09172	1296	1.0	confident	Mammaliicoccus sciuri	Bacteria
1114d615-3c4b-4c93-b0e8-66696fefcf48	1296	1.0	confident	Mammaliicoccus sciuri	Bacteria
150f054d-d818-4ef0-b078-c7f38dd8ab8e	1296	1.0	confident	Mammaliicoccus sciuri	Bacteria
46f06af9-2a93-4028-bfed-5a3cbe8dd2bf	1296	1.0	confident	Mammaliicoccus sciuri	Bacteria
79009712-f7da-45b8-be99-c5fa0ae6c43e	1296	1.0	confident	Mammaliicoccus sciuri	Bacteria
2f622f4e-50c0-4972-b54b-2cb8d2ccc3c9	1296	1.0	confident	Mammaliicoccus sciuri	Bacteria
3dfaa83f-3f8e-45c5-a0b8-775a28c1142e	1296	1.0	confident	Mammaliicoccus sciuri	Bacteria
63bb59df-bbe2-4c16-a15c-d6168c58da15	1296	1.0	confident	Mammaliicoccus sciuri	Bacteria
8f7dc17b-228f-445f-8766-32b666e9e809	1296	1.0	confident	Mammaliicoccus sciuri	Bacteria
61435bfc-bab4-4d8b-a1fa-7ae6b2725de3	1296	1.0	confident	Mammaliicoccus sciuri	Bacteria
c9bd89c8-f6f6-4f40-ab68-2edd580783a8	1296	1.0	confident	Mammaliicoccus sciuri	Bacteria
611b0094-099c-405c-9a1a-bb2af616a221	1296	1.0	confident	Mammaliicoccus sciuri	Bacteria
4c469220-ad92-497f-bff7-140351324372	1296	1.0	confident	Mammaliicoccus sciuri	Bacteria
0772258c-3549-439f-8bab-00495ec63270	1296	1.0	confident	Mammaliicoccus sciuri	Bacteria
b41293b3-4736-4d06-b54f-8a20c9a6db42	1296	1.0	confident	Mammaliicoccus sciuri	Bacteria
9dacf99f-7a42-42c1-a57e-b65dbd7cd78d	1296	1.0	confident	Mammaliicoccus sciuri	Bacteria
77cac2cc-7414-4167-8f34-9f8060ae2822	1296	1.0	confident	Mammaliicoccus sciuri	Bacteria
a5dd17a9-ee66-45bf-b4f0-0f0c67deecd6	1296	1.0	confident	Mammaliicoccus sciuri	Bacteria
47142198-4944-4108-932a-07db4315a1e4	1296	1.0	confident	Mammaliicoccus sciuri	Bacteria
d24f857f-2cde-4b9e-843e-56c66d05a639	1296	1.0	confident	Mammaliicoccus sciuri	Bacteria
9ca35afe-8e4d-47c1-b0bf-840265815763	1296	1.0	confident	Mammaliicoccus sciuri	Bacteria
7cef8fbe-ca27-4357-bd94-dd05b4f0db86	1296	1.0	confident	Mammaliicoccus sciuri	Bacteria
e73d5254-4edd-4b75-8e79-13efa35f58b6	1296	1.0	confident	Mammaliicoccus sciuri	Bacteria
b74b4cb3-5e0a-4980-83e9-e6a74840b076	1296	1.0	confident	Mammaliicoccus sciuri	Bacteria
26f99a9f-9fdf-421a-b6b9-a1286f190604	1296	1.0	confident	Mammaliicoccus sciuri	Bacteria
f0d3d2e7-0c00-4b73-bf19-fd9971661829	1296	1.0	confident	Mammaliicoccus sciuri	Bacteria
8d0adc4e-07d1-4590-bb12-d8da9c86f3b9	1296	1.0	confident	Mammaliicoccus sciuri	Bacteria
c64ba54f-8788-45ab-8a4d-1bc103deedcf	1296	1.0	confident	Mammaliicoccus sciuri	Bacteria
4d40e15e-62c3-4ffa-b1fc-01fd791669d2	1296	1.0	confident	Mammaliicoccus sciuri	Bacteria
4ad77e55-1518-4011-b8cb-214a1e30203b	1296	1.0	confident	Mammaliicoccus sciuri	Bacteria
62aa54ef-98ec-4b5e-b3c1-3b8c9098e362	1296	1.0	confident	Mammaliicoccus sciuri	Bacteria
fed740b6-6ed6-4182-bfa9-17ca4a8614a6	1296	1.0	confident	Mammaliicoccus sciuri	Bacteria
2175909d-3ecb-4cc7-b991-7bb9e2f90221	1296	1.0	confident	Mammaliicoccus sciuri	Bacteria
2ef30d1a-3034-4609-895a-7910158a2ce4	1296	1.0	confident	Mammaliicoccus sciuri	Bacteria
739d8528-7364-4fa7-8d09-ea59d9a23213	1296	1.0	confident	Mammaliicoccus sciuri	Bacteria
65664f53-916e-415b-ac55-2feb4dba3d4b	1296	1.0	confident	Mammaliicoccus sciuri	Bacteria
4005858b-6ccd-4389-aad8-66e549a03d79	1296	1.0	confident	Mammaliicoccus sciuri	Bacteria
65271d6a-9ea4-4f28-bb45-c5a0203cdd7e	1296	1.0	confident	Mammaliicoccus sciuri	Bacteria
070dcc47-7b5c-46c9-a554-0833ad99ae9b	1296	1.0	confident	Mammaliicoccus sciuri	Bacteria
32b46d87-1730-44c7-a5c9-423b79247465	1296	1.0	confident	Mammaliicoccus sciuri	Bacteria
428c9fa1-1f18-4d84-9a71-868bebd250ec	1296	1.0	confident	Mammaliicoccus sciuri	Bacteria
f467e5dc-91fc-4119-bf8f-94143a052575	1296	1.0	confident	Mammaliicoccus sciuri	Bacteria
5e9d4d2d-46b7-47f7-9476-d6916144b7fa	1296	1.0	confident	Mammaliicoccus sciuri	Bacteria
82f6616f-c2b7-45e8-a282-a3a21c186574	1296	1.0	confident	Mammaliicoccus sciuri	Bacteria
a90bfb2e-c9cc-4d53-9f66-f74204066c7d	1296	1.0	confident	Mammaliicoccus sciuri	Bacteria
89f76571-d79a-4a41-8bc5-69c7247253a1	1296	1.0	confident	Mammaliicoccus sciuri	Bacteria
7b5333c8-26bf-430b-b6fd-958e8a5085cc	1296	1.0	confident	Mammaliicoccus sciuri	Bacteria
30253d5b-60d7-455a-866e-e967852934df	1296	1.0	confident	Mammaliicoccus sciuri	Bacteria
9874c21e-8de8-404c-ae93-0f2b34f2cae1	1296	1.0	confident	Mammaliicoccus sciuri	Bacteria
daa33e9c-ab2b-4f78-b22d-0af8745ce5b0	1296	1.0	confident	Mammaliicoccus sciuri	Bacteria
dd0f6cbd-5ca8-4b5b-bd5a-4b27bf8c38c9	1296	1.0	confident	Mammaliicoccus sciuri	Bacteria
2f10e152-195c-484d-b792-26a5aa668c18	1296	1.0	confident	Mammaliicoccus sciuri	Bacteria
a96add0e-f6af-453e-b1d3-79b68301b855	1296	1.0	confident	Mammaliicoccus sciuri	Bacteria
c6670603-ebbd-4d6e-873a-dfa997e0b67e	1296	1.0	confident	Mammaliicoccus sciuri	Bacteria
11f74fd5-2224-44f8-97ed-a034d2cd4d07	1296	1.0	confident	Mammaliicoccus sciuri	Bacteria
0e55d241-6621-4d3e-b567-4bdf6009fcbd	1296	1.0	confident	Mammaliicoccus sciuri	Bacteria
1cff6638-2585-49a9-8f0f-29ce5ddaea7a	1296	1.0	confident	Mammaliicoccus sciuri	Bacteria
5662f647-7280-496d-843a-c7fc6a23fff5	1296	1.0	confident	Mammaliicoccus sciuri	Bacteria
cdbfc88a-5a5a-4861-a37d-36d5a3029d2f	1296	1.0	confident	Mammaliicoccus sciuri	Bacteria
be142038-01fa-43a8-a04a-f1b0a9b122cc	1296	1.0	confident	Mammaliicoccus sciuri	Bacteria
12700cf0-b445-4997-b9e9-686488a876f0	1296	1.0	confident	Mammaliicoccus sciuri	Bacteria
b8efea31-2379-40e7-8cb7-e893789f1edc	1296	1.0	confident	Mammaliicoccus sciuri	Bacteria
46f2ef57-2231-4584-8c22-ee85068af046	1296	1.0	confident	Mammaliicoccus sciuri	Bacteria
8bb1dd80-97dc-4aae-b647-ee121f1d63b0	1296	1.0	confident	Mammaliicoccus sciuri	Bacteria
1ee5e6d6-61fe-4a0b-acbc-ad3eee70651e	1296	1.0	confident	Mammaliicoccus sciuri	Bacteria
4488e8ea-0b1d-40dc-a7bb-fc09a9eff6d7	1296	1.0	confident	Mammaliicoccus sciuri	Bacteria
0efe9a57-6e55-4999-9c3f-71129290b5a2	1296	1.0	confident	Mammaliicoccus sciuri	Bacteria
59638ea0-a9d4-467e-9bdc-6e0fe586a232	1296	1.0	confident	Mammaliicoccus sciuri	Bacteria
915272ce-d155-4cf6-93ea-59eec5b2dd64	1296	1.0	confident	Mammaliicoccus sciuri	Bacteria
6e6d4280-a142-48d0-8020-3cfa003b83c7	1296	1.0	confident	Mammaliicoccus sciuri	Bacteria
0f5b9250-e60b-47a2-a25f-f7c2ef54a78b	1296	1.0	confident	Mammaliicoccus sciuri	Bacteria
b19fd50e-5b05-465d-953f-cd043d8b2670	1296	1.0	confident	Mammaliicoccus sciuri	Bacteria
92e5c810-bf14-4abb-9e77-fac68fb2da2f	1296	1.0	confident	Mammaliicoccus sciuri	Bacteria
59a3f792-6a1a-4d7b-8e6e-5a796103ff74	1296	1.0	confident	Mammaliicoccus sciuri	Bacteria
bc75bcd2-e0b8-419c-b4b8-1603719c8819	1296	1.0	confident	Mammaliicoccus sciuri	Bacteria
affe3687-480d-4d14-98e5-788e66e5edbb	1296	1.0	confident	Mammaliicoccus sciuri	Bacteria
9f828884-357e-4fb1-b119-c6ec7151b052	1296	1.0	confident	Mammaliicoccus sciuri	Bacteria
423b7aec-35d7-406d-9b17-528bb2e0fd6f	1296	1.0	confident	Mammaliicoccus sciuri	Bacteria
fea17a68-5759-4240-bff0-e3b0ab20aba1	1296	1.0	confident	Mammaliicoccus sciuri	Bacteria
2c11688d-a124-48d0-9f6e-a21fe0417092	1296	1.0	confident	Mammaliicoccus sciuri	Bacteria
0b7b7191-ec56-42b9-99e0-5d0d68f850ce	1296	1.0	confident	Mammaliicoccus sciuri	Bacteria
ee62dafe-84d2-4c21-95eb-2661ed874878	1296	1.0	confident	Mammaliicoccus sciuri	Bacteria
6bcc352e-3d11-4e34-a9b7-787c4269d8cd	1296	1.0	confident	Mammaliicoccus sciuri	Bacteria
8e7ba0e6-3eea-4eb8-9039-bb90e492b906	1296	1.0	confident	Mammaliicoccus sciuri	Bacteria
adb53dcf-2bbc-46d6-bb53-c513689f269b	1296	1.0	confident	Mammaliicoccus sciuri	Bacteria
58e11e56-df59-4929-b939-121e01ad1a5b	1296	1.0	confident	Mammaliicoccus sciuri	Bacteria
97a5baf9-e921-4f4f-aa7a-2e5b303fbdb6	1296	1.0	confident	Mammaliicoccus sciuri	Bacteria
278f31ed-05da-40a3-9c73-b1dc499e6f4c	1296	1.0	confident	Mammaliicoccus sciuri	Bacteria
7ec4535b-a6f9-4951-8710-bbce6e51387e	1296	1.0	confident	Mammaliicoccus sciuri	Bacteria
b6a03e81-b117-4f49-8a3c-3d427f2339e9	1296	1.0	confident	Mammaliicoccus sciuri	Bacteria
55060c27-18f5-4ee0-9144-27c189c769e7	1296	1.0	confident	Mammaliicoccus sciuri	Bacteria
75e2ef50-3128-4f0e-b1b6-3647ce9ac4d5	1296	1.0	confident	Mammaliicoccus sciuri	Bacteria
66748a85-6067-4308-9404-9da7695507a5	1296	1.0	confident	Mammaliicoccus sciuri	Bacteria
2d8bfafd-70a9-465e-bee1-214cefca79dd	1296	1.0	confident	Mammaliicoccus sciuri	Bacteria
044f8183-e9ff-4d41-9ad2-2e4e789c3494	1296	1.0	confident	Mammaliicoccus sciuri	Bacteria
7c33207f-aabc-4b20-a19b-f1861fdadc50	1296	1.0	confident	Mammaliicoccus sciuri	Bacteria
a29c3788-5fbb-43bb-abce-cad6415c1c59	1296	1.0	confident	Mammaliicoccus sciuri	Bacteria
7cb6314e-1571-4d13-b437-f14f705be734	1296	1.0	confident	Mammaliicoccus sciuri	Bacteria
d178ac1d-4fbc-4e1e-9307-b3c2e02df4a2	1296	1.0	confident	Mammaliicoccus sciuri	Bacteria
b45f633e-9eba-466d-a7a7-e109dae61bc5	1296	1.0	confident	Mammaliicoccus sciuri	Bacteria
4e3af9d5-a8e2-4d59-941b-a31f747075fb	1296	1.0	confident	Mammaliicoccus sciuri	Bacteria
bbd17639-f4e4-4ea1-af76-c45445e26d98	1296	1.0	confident	Mammaliicoccus sciuri	Bacteria
ae5fe921-334f-4478-8d98-711f6ce641dc	1296	1.0	confident	Mammaliicoccus sciuri	Bacteria
e141b1c4-2cd6-481b-9d8f-a912cfd3eaf9	1296	1.0	confident	Mammaliicoccus sciuri	Bacteria
c6fcbcb4-13e9-47e9-b19d-67937516d862	1296	1.0	confident	Mammaliicoccus sciuri	Bacteria
31275755-eebe-4dff-9178-b744df738234	1296	1.0	confident	Mammaliicoccus sciuri	Bacteria
3b3c46fa-d3c1-444a-b7c0-ba583f6567ee	1296	1.0	confident	Mammaliicoccus sciuri	Bacteria
7fd9f2bf-b6aa-4e13-9348-f2cee9e1794f	1296	1.0	confident	Mammaliicoccus sciuri	Bacteria
d801b3e9-1fa9-41b9-9ab7-ea05f5e221f3	1296	1.0	confident	Mammaliicoccus sciuri	Bacteria
90431e89-7764-407e-831a-10c4b801a9e3	1296	1.0	confident	Mammaliicoccus sciuri	Bacteria
aa162c23-4f3f-4403-a698-5f211e9c8b2a	1296	1.0	confident	Mammaliicoccus sciuri	Bacteria
ae98a6ab-ad19-4aeb-8b62-25120b2472b2	1296	1.0	confident	Mammaliicoccus sciuri	Bacteria
f672005e-9298-4f2d-bd67-d49a6d4e4ce6	1296	1.0	confident	Mammaliicoccus sciuri	Bacteria
3b0fd139-db68-4e3b-a730-3ba68902c42d	28101	1.0	confident	Phyllobacterium myrsinacearum	Bacteria
d73e8fb5-da29-47ce-8b34-e4691dd11889	28101	0.9716938525513948	high	Phyllobacterium myrsinacearum	Bacteria
654e48a7-0a7b-4acc-9f0e-86981e9e3aa6	28101	0.9999986934946752	high	Phyllobacterium myrsinacearum	Bacteria
471509fc-89d9-48d0-a05b-4f724642d338	28101	1.0	confident	Phyllobacterium myrsinacearum	Bacteria
f2d8efe7-15f9-4b13-88aa-b06f8c4de0d5	28101	0.9999986934946752	high	Phyllobacterium myrsinacearum	Bacteria
f53c6b91-41c8-4f4c-83d7-f5c1ae7c8580	28101	0.9999986934946752	high	Phyllobacterium myrsinacearum	Bacteria
5240fa71-4a0d-4ea2-a1a1-9be1152449d7	28101	0.9999986934946752	high	Phyllobacterium myrsinacearum	Bacteria
68a62fc4-b1d7-4e0d-a136-bfd3fd9a97fd	28101	0.9999987027587354	high	Phyllobacterium myrsinacearum	Bacteria
10be12f2-801d-4838-a221-0f5a52872aab	28101	0.9999986934946752	high	Phyllobacterium myrsinacearum	Bacteria
684684db-853a-43bd-beae-3703418baf04	28101	0.9999986934946752	high	Phyllobacterium myrsinacearum	Bacteria
17445539-8274-4adf-8de6-206cd280d93c	28101	1.0	confident	Phyllobacterium myrsinacearum	Bacteria
37ed0dd9-50e5-4bbd-87bf-6fa0da8c6a85	28101	0.9999986934946752	high	Phyllobacterium myrsinacearum	Bacteria
6c8a458f-c3a3-495c-9886-a13dfa0d698d	28101	0.9999986934946752	high	Phyllobacterium myrsinacearum	Bacteria
e7cbd7e9-981f-42b0-a176-52b4a88d3426	28101	1.0	confident	Phyllobacterium myrsinacearum	Bacteria
f72cb219-bd59-412a-b217-e3e277b17246	28101	1.0	confident	Phyllobacterium myrsinacearum	Bacteria
91ff2c4f-4996-4ec1-90c4-7b7d5406fcf7	28101	0.9999986934946752	high	Phyllobacterium myrsinacearum	Bacteria
583fc655-d01b-4342-9d2a-1b7b9c01b6ee	28101	0.9999919792886744	high	Phyllobacterium myrsinacearum	Bacteria
0500dc6d-5081-4346-87e3-77aaa8c9724c	28101	0.9999986934946752	high	Phyllobacterium myrsinacearum	Bacteria
60ab4117-b83f-4676-a4a7-4244d1e096ca	28101	0.9999986934946752	high	Phyllobacterium myrsinacearum	Bacteria
efd5ba4d-2d96-4133-817f-be46f7c72c20	2718938	0.9999999987957828	high	Phyllobacterium sp. 628	Bacteria
9db57326-c279-4f08-9162-91130ec28e24	28101	0.9999986934946752	high	Phyllobacterium myrsinacearum	Bacteria
537ff759-22c2-44ce-a553-5662331fc5ee	28101	1.0	confident	Phyllobacterium myrsinacearum	Bacteria
4dcabf1d-aa13-4e6f-9c35-5f2e5bd36496	28101	1.0	confident	Phyllobacterium myrsinacearum	Bacteria
1f6d29bf-befe-4118-b495-f9e124d44da7	28101	0.9999986934946752	high	Phyllobacterium myrsinacearum	Bacteria
2cf341e2-2c38-47d0-b4e1-8d51c79a6129	28101	1.0	confident	Phyllobacterium myrsinacearum	Bacteria
83daabaa-d71c-4c66-abc7-cf652e56353d	28101	1.0	confident	Phyllobacterium myrsinacearum	Bacteria
d831a68e-1ec6-42d5-b351-c668f0f22319	28101	1.0	confident	Phyllobacterium myrsinacearum	Bacteria
270bee10-a38c-46a4-8d0d-585d768b383b	28101	1.0	confident	Phyllobacterium myrsinacearum	Bacteria
d6b6c4c2-032f-435d-9f2a-9a076ebdfcc2	28101	0.9999986934946752	high	Phyllobacterium myrsinacearum	Bacteria
56788ea4-b807-4171-993a-8a24336e467f	28101	1.0	confident	Phyllobacterium myrsinacearum	Bacteria
7aa7ea11-1005-4745-a5f1-7741faa22585	28101	1.0	confident	Phyllobacterium myrsinacearum	Bacteria
ca539de5-cfac-4476-85ae-f605020d5309	28101	0.9999986934946752	high	Phyllobacterium myrsinacearum	Bacteria
d20101ac-845b-412a-b2ff-34d5179a0845	28101	0.9999986934946752	high	Phyllobacterium myrsinacearum	Bacteria
d7333a5f-629f-4362-aa07-65d12dd2bcac	28101	0.9999986934946752	high	Phyllobacterium myrsinacearum	Bacteria
6f626c5f-f316-4c4c-982c-c377977f670f	28101	0.9999986934946752	high	Phyllobacterium myrsinacearum	Bacteria
c851b0d9-b327-40df-9670-e7a025068f73	28101	0.9999986934946752	high	Phyllobacterium myrsinacearum	Bacteria
c6642209-73d9-4b74-8a4b-d5c39d723614	2718938	0.9999990545195404	high	Phyllobacterium sp. 628	Bacteria
5b5fee40-9feb-4095-88dd-69ceb46c108d	28101	1.0	confident	Phyllobacterium myrsinacearum	Bacteria
8e6e1f00-d011-41dc-9237-c1c7efe5d65e	28101	0.9999986934946752	high	Phyllobacterium myrsinacearum	Bacteria
b0a5a5ab-1e79-4d24-a3d2-b10272ae7692	28101	0.9999986934946752	high	Phyllobacterium myrsinacearum	Bacteria
9474943c-0b66-4069-a28c-c5386bb0499c	28101	0.9999986934946752	high	Phyllobacterium myrsinacearum	Bacteria
7bea1c0d-9057-4a22-be22-71a4b8695daa	28101	0.9999986934946752	high	Phyllobacterium myrsinacearum	Bacteria
bb4d8430-726e-4231-8af9-4b8f7fa884f7	28101	1.0	confident	Phyllobacterium myrsinacearum	Bacteria
fe64149c-d9e0-4a06-beda-4330b67c4d08	28101	0.9999986934946752	high	Phyllobacterium myrsinacearum	Bacteria
d1f21074-6e51-4733-b415-c3c751f04294	28101	1.0	confident	Phyllobacterium myrsinacearum	Bacteria
de789594-ce0a-4294-955d-e038aeb8d620	28101	0.9999986934946752	high	Phyllobacterium myrsinacearum	Bacteria
5a89d83e-483c-4d29-be51-31b48d4aabb4	28101	0.9999986934946752	high	Phyllobacterium myrsinacearum	Bacteria
fe452633-e2b5-4271-85b2-fc3f76d0006a	28101	0.9999987210902554	high	Phyllobacterium myrsinacearum	Bacteria
06157a91-98a8-4e01-8bc7-43aec359de73	28101	0.9999987210902554	high	Phyllobacterium myrsinacearum	Bacteria
3bd21cf9-f498-4aba-a271-ebb50b736e0c	28101	1.0	confident	Phyllobacterium myrsinacearum	Bacteria
9b3592ef-230d-4fff-9de3-9348e378524c	28101	0.9999986934946752	high	Phyllobacterium myrsinacearum	Bacteria
55d801b2-27d3-4309-b1f9-e66ce00dd94c	28101	0.9999986934946752	high	Phyllobacterium myrsinacearum	Bacteria
166a1764-a222-4009-b6e0-31f5fe598577	28101	0.9999967535789408	high	Phyllobacterium myrsinacearum	Bacteria
019911d2-1641-4df6-a0b9-0486e9b0cc6a	28101	0.9999986934946752	high	Phyllobacterium myrsinacearum	Bacteria
60172d24-a96b-46a8-98eb-a49fa5a92ab2	28101	0.9999986934946752	high	Phyllobacterium myrsinacearum	Bacteria
0fc10917-c7c0-4f46-b488-bbd1f5deadcf	28101	1.0	confident	Phyllobacterium myrsinacearum	Bacteria
ce6f78f0-426a-434e-bf3a-ea0df7e7a159	28101	0.9999986934946752	high	Phyllobacterium myrsinacearum	Bacteria
5539c94d-778f-4d93-8155-f988682a5bc0	28101	0.9999986934946752	high	Phyllobacterium myrsinacearum	Bacteria
ef2ddd97-2436-4ad2-ae7d-123bbb7309d8	28101	0.9999986934946752	high	Phyllobacterium myrsinacearum	Bacteria
7497e96a-ef4b-49bb-99f8-6356f71c8c8e	28101	0.9999986934946752	high	Phyllobacterium myrsinacearum	Bacteria
9300b6a4-fd18-4c9b-9ff8-577b107fcf3d	28101	1.0	confident	Phyllobacterium myrsinacearum	Bacteria
6ac1db08-f2b1-48f3-9514-72b0f54f4669	28101	1.0	confident	Phyllobacterium myrsinacearum	Bacteria
b77bda00-7ba3-4d56-b4ec-9acd71f2feb2	28101	1.0	confident	Phyllobacterium myrsinacearum	Bacteria
c8c9ca31-9b30-4250-9188-735c0fb3dc1c	28101	1.0	confident	Phyllobacterium myrsinacearum	Bacteria
180bd887-7fcb-441b-a880-ff30fd9309ca	28101	0.9999967535789408	high	Phyllobacterium myrsinacearum	Bacteria
dcd2bd4d-05b0-42dc-bce7-aad02ff0bd26	28101	1.0	confident	Phyllobacterium myrsinacearum	Bacteria
fd1d4788-99aa-4416-ba20-db928f2b215d	28101	0.9999986934946752	high	Phyllobacterium myrsinacearum	Bacteria
a6641e1d-100a-4999-987c-a65658801e7e	28101	0.9999967535789408	high	Phyllobacterium myrsinacearum	Bacteria
b457b86b-ff5c-47f8-aa69-1fc7094f076c	28101	1.0	confident	Phyllobacterium myrsinacearum	Bacteria
01dee576-d194-4615-a450-57d02299dd97	28101	0.9999986934946752	high	Phyllobacterium myrsinacearum	Bacteria
d89c3e86-19c0-459f-a1ec-ec6dfeeb661c	28101	0.9999986934946752	high	Phyllobacterium myrsinacearum	Bacteria
ce5af4a4-23c2-48fb-8442-fd8702c936f5	28101	0.9999986934946752	high	Phyllobacterium myrsinacearum	Bacteria
f22d79e4-ff34-40b9-b597-aefab674057c	28101	1.0	confident	Phyllobacterium myrsinacearum	Bacteria
9bc45ec1-736e-480c-82c6-3ef74cd5c85b	28101	0.9999986934946752	high	Phyllobacterium myrsinacearum	Bacteria
8fe41b2e-5a60-4b09-a00a-f7aa1d6c27ef	28101	0.9999986934946752	high	Phyllobacterium myrsinacearum	Bacteria
8bbb1f6e-bbe9-45ab-80ea-5d32e1856376	28101	1.0	confident	Phyllobacterium myrsinacearum	Bacteria
2b85598d-5464-4043-949c-8749ae3d538d	28101	0.9999986934946752	high	Phyllobacterium myrsinacearum	Bacteria
fba5aa7a-94aa-498e-99a6-f1f9632571b0	28101	0.9999986934946752	high	Phyllobacterium myrsinacearum	Bacteria
4fa5578b-293e-4007-a104-a4a2bf210b04	28101	1.0	confident	Phyllobacterium myrsinacearum	Bacteria
91d10195-953f-4d6e-b477-509d1484a864	28101	0.9999986934946752	high	Phyllobacterium myrsinacearum	Bacteria
80fe6902-86be-485f-8993-762253fd7e39	28101	0.9999986934946752	high	Phyllobacterium myrsinacearum	Bacteria
d9280351-4dfb-4f75-94fc-e8425f67b011	28101	0.9999986934946752	high	Phyllobacterium myrsinacearum	Bacteria
1097ba08-92ea-427b-9893-db20b5335c45	28101	0.9999986934946752	high	Phyllobacterium myrsinacearum	Bacteria
229063a8-d0b3-417a-a0df-5ce486f90d6c	28101	1.0	confident	Phyllobacterium myrsinacearum	Bacteria
fb42037d-7f21-4f25-8b75-b79fe265762f	28101	0.9999996793846102	high	Phyllobacterium myrsinacearum	Bacteria
bb12fdb5-44e2-4cd6-8f6e-cc65055cbb8b	28101	1.0	confident	Phyllobacterium myrsinacearum	Bacteria
93091dff-fd51-4f19-a533-de0a97ef5a41	28101	1.0	confident	Phyllobacterium myrsinacearum	Bacteria
c5b7ca2c-7e7c-46b1-a552-bdebf9e80e61	28101	1.0	confident	Phyllobacterium myrsinacearum	Bacteria
052d3725-fbc5-447e-a8f7-0437c5e48900	28101	1.0	confident	Phyllobacterium myrsinacearum	Bacteria
87d0feba-9021-46b4-b25c-b2a72b5d4e63	28101	1.0	confident	Phyllobacterium myrsinacearum	Bacteria
0458ab43-bb7c-4559-a15a-63824ad11358	28101	0.9999986934946752	high	Phyllobacterium myrsinacearum	Bacteria
e9dbae02-fc01-47d0-b3b5-37f15d9a4bca	28101	1.0	confident	Phyllobacterium myrsinacearum	Bacteria
412c0632-da11-4233-8afc-e5972d825610	28101	0.9999986934946752	high	Phyllobacterium myrsinacearum	Bacteria
5c06ac8e-0f71-4c26-b150-8adac873e137	28101	0.9999986934946752	high	Phyllobacterium myrsinacearum	Bacteria
40483ac7-8c73-446c-8621-342eeba7f14e	28101	0.9999986934946752	high	Phyllobacterium myrsinacearum	Bacteria
710a4a21-ca02-4a24-b195-58c3abf27edc	28101	0.9999986934946752	high	Phyllobacterium myrsinacearum	Bacteria
d3733b11-81b1-4782-ba5a-45f60b4ba354	28101	0.9999986934946752	high	Phyllobacterium myrsinacearum	Bacteria
1e59ebed-367b-456d-a318-4c44468cd703	28101	0.9999986934946752	high	Phyllobacterium myrsinacearum	Bacteria
c6bd10f7-2e5e-47ba-92dc-0422f7706906	28101	1.0	confident	Phyllobacterium myrsinacearum	Bacteria
68e70827-52c6-4bb6-ad0b-5fee0b0a9ba4	28101	0.9999986934946752	high	Phyllobacterium myrsinacearum	Bacteria
374a0f46-82a2-45ea-aec2-37e28a4524de	28101	0.9999986934946752	high	Phyllobacterium myrsinacearum	Bacteria
325601d2-5444-496f-b064-af84934cf47c	2718938	0.9999999998852956	high	Phyllobacterium sp. 628	Bacteria
b146666f-94c1-41c4-a1a7-b9c806f08175	28101	0.9999986934946752	high	Phyllobacterium myrsinacearum	Bacteria
f4a55bad-2cb3-4375-bcd2-9a1416e9f408	28101	0.9999986934946752	high	Phyllobacterium myrsinacearum	Bacteria
25b81615-23f9-4cb9-a2f2-33a4953731ba	28101	1.0	confident	Phyllobacterium myrsinacearum	Bacteria
9ae4ec9d-9286-4540-a671-750f26234115	28101	0.9999919332748716	high	Phyllobacterium myrsinacearum	Bacteria
c394bd16-4dcc-44f7-a293-4f70ebbae195	28101	0.9999967535789408	high	Phyllobacterium myrsinacearum	Bacteria
c70d2a47-dafe-4ea1-9d52-b74d0d61f75f	28101	0.9999986934946752	high	Phyllobacterium myrsinacearum	Bacteria
cfaeadb5-e58b-40a2-93cd-43666bfb978c	28101	0.9999986934946752	high	Phyllobacterium myrsinacearum	Bacteria
98349d39-7ed7-4a32-b714-07b58436faa4	28101	0.9999986934946752	high	Phyllobacterium myrsinacearum	Bacteria
ec9ecd8d-ed74-4725-bdf4-fcbf6bf8342b	28101	0.9999919332748716	high	Phyllobacterium myrsinacearum	Bacteria
74a78c11-fae8-46c7-acc0-2f7545d9575a	28101	0.9999986934946752	high	Phyllobacterium myrsinacearum	Bacteria
aeec5659-4484-429e-85a6-5934f3b94d38	28101	0.9999986934946752	high	Phyllobacterium myrsinacearum	Bacteria
e5d5b71a-ffa6-4d7a-99f0-9ab5dd71f47f	28101	0.999881511552018	high	Phyllobacterium myrsinacearum	Bacteria
cfc799a0-fced-43c4-99bf-a603b77ff88f	28101	1.0	confident	Phyllobacterium myrsinacearum	Bacteria
07ecd3f5-3a19-4f85-b710-00d8986f6a0b	28101	1.0	confident	Phyllobacterium myrsinacearum	Bacteria
b3ea421b-dd94-4c96-ba1d-3a5d44be64fe	28101	1.0	confident	Phyllobacterium myrsinacearum	Bacteria
433bf717-a177-4aad-9264-b7929b3231f3	2718938	0.9999990545195404	high	Phyllobacterium sp. 628	Bacteria
34be8b33-a453-401e-acdc-8bd7d794d6bd	28101	0.9999967535789408	high	Phyllobacterium myrsinacearum	Bacteria
048f10cc-a7b6-4bd4-ba5f-c4a04528419b	28101	0.9999986934946752	high	Phyllobacterium myrsinacearum	Bacteria
cf84f29f-885b-45a2-a752-91025cff5134	28101	1.0	confident	Phyllobacterium myrsinacearum	Bacteria
69f298b3-7a17-4327-bd80-d9e3ead12bf5	28101	1.0	confident	Phyllobacterium myrsinacearum	Bacteria
cb0bc318-a20a-4713-add8-ec6004f68f76	28101	1.0	confident	Phyllobacterium myrsinacearum	Bacteria
1e322feb-aa99-418d-8347-620f842ed36c	28101	0.9999986934946752	high	Phyllobacterium myrsinacearum	Bacteria
f75d0f2d-d6d2-411d-acb2-92318694ed4d	28101	0.9999986934946752	high	Phyllobacterium myrsinacearum	Bacteria
a28cae35-2df9-45a1-9622-250235043c3b	28101	1.0	confident	Phyllobacterium myrsinacearum	Bacteria
20672694-2535-48b4-b08c-7d05e0b90fb8	28101	0.9999986934946752	high	Phyllobacterium myrsinacearum	Bacteria
588c88ba-222d-4c7a-af80-3e760c71b114	28101	0.9999987027521792	high	Phyllobacterium myrsinacearum	Bacteria
e3cb667a-236c-432e-9c48-206c4344063f	28101	0.9999986934946752	high	Phyllobacterium myrsinacearum	Bacteria
52de4810-72cc-4989-8b88-9eea1a96c2d8	28101	0.9999986934946752	high	Phyllobacterium myrsinacearum	Bacteria
1dc71d8c-52ab-4fac-a4f1-643c1d2e3b40	2718938	0.9999990545195404	high	Phyllobacterium sp. 628	Bacteria
47d3e27d-5cdb-43d8-b35e-baf9f8b05621	2718938	0.9999998213858567	high	Phyllobacterium sp. 628	Bacteria
0ae733d8-90b5-4cbe-837f-cac824fdf75e	28101	0.9999967535789408	high	Phyllobacterium myrsinacearum	Bacteria
08817111-1966-47f4-b96d-24491aac2ea9	28101	0.9999930841463524	high	Phyllobacterium myrsinacearum	Bacteria
1bcb9493-1f5f-4e1c-a9ea-5e882119f893	28101	1.0	confident	Phyllobacterium myrsinacearum	Bacteria
6026e932-4257-422f-8d52-37ebb425c54d	28101	0.9999986934946752	high	Phyllobacterium myrsinacearum	Bacteria
d5c7b9a7-82c2-4545-8ec4-101ec6e527ce	2718938	0.9999990545195404	high	Phyllobacterium sp. 628	Bacteria
004501b0-99ba-4933-a64d-e9ea819b2b92	28101	1.0	confident	Phyllobacterium myrsinacearum	Bacteria
ec7859b8-ef4d-4e8a-b950-890ac3eadbc4	28101	1.0	confident	Phyllobacterium myrsinacearum	Bacteria
cf52447e-f447-41da-89d2-d71b5249d267	28101	1.0	confident	Phyllobacterium myrsinacearum	Bacteria
f03c2f00-7677-485d-a483-0d605eb3a07a	28101	1.0	confident	Phyllobacterium myrsinacearum	Bacteria
e2151141-31bc-414e-8179-8cef8dbc0448	2718938	0.9999999998858704	high	Phyllobacterium sp. 628	Bacteria
d79d9a57-8e45-4eb3-a27d-6342d66cd8ff	28101	0.9999986934946752	high	Phyllobacterium myrsinacearum	Bacteria
585d0085-ce03-4b90-808f-3727c12cd7a7	28101	0.9999986934946752	high	Phyllobacterium myrsinacearum	Bacteria
a1d5e91d-078b-4e4c-a1ae-d9074dbb0d6f	28101	0.9999986934946752	high	Phyllobacterium myrsinacearum	Bacteria
1db4dec7-e7f2-41ea-a9f2-1fd66a4d94b1	28101	0.9999986934946752	high	Phyllobacterium myrsinacearum	Bacteria
0b7085f0-11a1-436a-9038-c54979fe4d87	28101	0.9999986934946752	high	Phyllobacterium myrsinacearum	Bacteria
f7bf2845-c3c4-41e0-a404-803886fd05ce	28101	0.9999986934946752	high	Phyllobacterium myrsinacearum	Bacteria
3fed55da-ef4d-48d0-b9d7-db5df042f3b6	28101	1.0	confident	Phyllobacterium myrsinacearum	Bacteria
0618393e-b7ae-4414-b01e-5524197d8bbe	28101	1.0	confident	Phyllobacterium myrsinacearum	Bacteria
ce6b9427-cab8-4927-917d-7eabaf7fb585	28101	0.9999986934946752	high	Phyllobacterium myrsinacearum	Bacteria
76993e7b-e777-4082-89e7-737755f579ab	28101	1.0	confident	Phyllobacterium myrsinacearum	Bacteria
e603224e-a4b8-4c67-acc0-ea96362286f2	28101	0.9999986934946752	high	Phyllobacterium myrsinacearum	Bacteria
8d5785ba-d3f0-463f-8c7d-928caa334f3e	28101	0.9999986934946752	high	Phyllobacterium myrsinacearum	Bacteria
9912b07e-9bb7-4c4f-8bbf-2b6c45ef34af	28101	0.9999986934946752	high	Phyllobacterium myrsinacearum	Bacteria
ab16c65e-b8e6-477e-9fa7-cf2be8af294f	28101	0.9999986934946752	high	Phyllobacterium myrsinacearum	Bacteria
6153cd6f-91ba-4d3a-90ab-6b5995845623	28101	0.9999986934946752	high	Phyllobacterium myrsinacearum	Bacteria
e31ba7ac-0ff7-4489-81d2-239caf9c08c1	28101	0.9999986934946752	high	Phyllobacterium myrsinacearum	Bacteria
d4e781b1-c30d-4481-ad7e-b4b7809b0d1d	28101	0.9999986934946752	high	Phyllobacterium myrsinacearum	Bacteria
75894116-1bb0-402e-badd-c67d92c0ce95	28101	1.0	confident	Phyllobacterium myrsinacearum	Bacteria
b0c2f239-e430-42b9-8ef1-20f532eaa9e3	28101	1.0	confident	Phyllobacterium myrsinacearum	Bacteria
e3565557-226e-49a4-9237-68ed88ea6a2b	28101	0.9999987027521792	high	Phyllobacterium myrsinacearum	Bacteria
47b2f2c2-78bc-4aff-b645-893a5996cf4d	28101	0.9999986934946752	high	Phyllobacterium myrsinacearum	Bacteria
32e6ccae-edce-4332-a163-0b3b93270985	28101	1.0	confident	Phyllobacterium myrsinacearum	Bacteria
aa813849-8ca8-4df4-875e-89b3eb764634	28101	0.9999986934946752	high	Phyllobacterium myrsinacearum	Bacteria
cbe012f8-e97a-4f28-826f-0cfc054c9670	28101	1.0	confident	Phyllobacterium myrsinacearum	Bacteria
6bfc10ed-bdbd-448e-9fce-8b1a3e0176ef	28101	0.9999986934946752	high	Phyllobacterium myrsinacearum	Bacteria
196baa1a-8320-4cfc-8058-629818cae79e	28101	0.9999986934946752	high	Phyllobacterium myrsinacearum	Bacteria
b19f49a3-8282-4a07-bb48-f0250e795970	28101	0.5538958676317742	medium	Phyllobacterium myrsinacearum	Bacteria
1993e81e-d5db-45fc-8039-441313e75811	28101	0.9999987027587354	high	Phyllobacterium myrsinacearum	Bacteria
23108f02-ab1e-4233-9b40-7a70c1f54a6a	28101	1.0	confident	Phyllobacterium myrsinacearum	Bacteria
71568ba8-2fea-47bc-8c5b-f98f86b5244f	28101	1.0	confident	Phyllobacterium myrsinacearum	Bacteria
b74cd32d-7152-4678-8683-1f9b5248de58	28101	0.9999986934946752	high	Phyllobacterium myrsinacearum	Bacteria
fed3df15-a200-4863-a82e-7009757e5628	28101	0.9999987119440874	high	Phyllobacterium myrsinacearum	Bacteria
9e7560fc-3a58-446d-a753-171ec6434ce3	28101	0.9999986934946752	high	Phyllobacterium myrsinacearum	Bacteria
a30529d0-3691-4f6d-8ad4-e64135c896d9	28101	0.9999967535789408	high	Phyllobacterium myrsinacearum	Bacteria
59065915-708f-436b-a017-ef0e6d535586	28101	0.9999986934946752	high	Phyllobacterium myrsinacearum	Bacteria
2fa007a1-dc61-46ff-8f73-dcb0c7a3de37	28101	0.9999986934946752	high	Phyllobacterium myrsinacearum	Bacteria
cd1a2537-3751-48af-a5ef-24c6969d90e3	28101	0.9999986934946752	high	Phyllobacterium myrsinacearum	Bacteria
c5d6b624-86ce-40f3-985b-1d04658acae8	28101	1.0	confident	Phyllobacterium myrsinacearum	Bacteria
52d17408-c7af-4a3b-828b-2e4d911b828d	28101	0.9999919332748716	high	Phyllobacterium myrsinacearum	Bacteria
0b53400d-e3ba-4447-b568-5651edac9b95	28101	0.9999986934946752	high	Phyllobacterium myrsinacearum	Bacteria
91c6b67b-8409-4deb-9105-658d5f1ad0d2	28101	0.9999986934946752	high	Phyllobacterium myrsinacearum	Bacteria
e4c2dfa2-dded-467e-9048-b1f84d545ec1	28101	0.9985746295846524	high	Phyllobacterium myrsinacearum	Bacteria
f038a156-49c8-4ee7-8d48-0c34668cbab3	28101	0.9999919332748716	high	Phyllobacterium myrsinacearum	Bacteria
2036739f-1f5f-4913-a9be-d916967cd234	28101	0.9999986934946752	high	Phyllobacterium myrsinacearum	Bacteria
6a3491d8-ba23-4d0c-ab3e-84ca89fc6061	28101	0.9999986934946752	high	Phyllobacterium myrsinacearum	Bacteria
58bbd347-2f5f-47f3-96dd-fb60a715da79	28101	0.9999986934946752	high	Phyllobacterium myrsinacearum	Bacteria
2df6b49f-9002-4172-b394-74eabe8f0182	28101	0.9999986934946752	high	Phyllobacterium myrsinacearum	Bacteria
e5027c3c-cb79-454e-b301-4de9c50074b7	28101	1.0	confident	Phyllobacterium myrsinacearum	Bacteria
56f84f08-b853-4959-b42a-81915939d48a	28101	0.9999986934946752	high	Phyllobacterium myrsinacearum	Bacteria
45c66635-3fa4-478c-baa6-69e110d34cb0	28101	1.0	confident	Phyllobacterium myrsinacearum	Bacteria
3985494e-8566-4cc5-9d89-822beced462e	28101	0.9999987743781392	high	Phyllobacterium myrsinacearum	Bacteria
1c90bc95-20dd-4f89-bf48-37677cd56b7a	28101	0.9999986934946752	high	Phyllobacterium myrsinacearum	Bacteria
b90c3dc6-c3ac-4268-99cf-4233d5273939	28101	0.999997657286988	high	Phyllobacterium myrsinacearum	Bacteria
31d9ce88-2098-4f6c-990a-5401bf70f100	2718938	0.9999999975565336	high	Phyllobacterium sp. 628	Bacteria
72ea12a2-a483-45a2-b7e2-d9e315523d91	28101	1.0	confident	Phyllobacterium myrsinacearum	Bacteria
6762534e-5fd6-44dc-a050-e8e9d7638a98	28101	1.0	confident	Phyllobacterium myrsinacearum	Bacteria
49a26359-6c9a-4dd4-b85c-33b449f8e037	28101	0.9999986934946752	high	Phyllobacterium myrsinacearum	Bacteria
6ac3ed3d-5470-4499-9cc6-9ee23c96396c	28101	0.9999986934946752	high	Phyllobacterium myrsinacearum	Bacteria
0c837fa0-af98-486c-98ca-a9b8a2f4136c	28101	0.9999919332748716	high	Phyllobacterium myrsinacearum	Bacteria
3cdc775f-5cfc-46f3-935a-aa167fe3e825	28101	0.9999986934946752	high	Phyllobacterium myrsinacearum	Bacteria
0c6ead71-3020-4483-a23a-4f53e5269259	28101	1.0	confident	Phyllobacterium myrsinacearum	Bacteria
ee531754-97b0-42ae-af7d-d9d93db0793c	28101	1.0	confident	Phyllobacterium myrsinacearum	Bacteria
bc60f6fe-c5f9-4bd4-97e9-22a578628c05	28101	0.9999986934946752	high	Phyllobacterium myrsinacearum	Bacteria
f9e80a2c-fdc7-4592-80ac-b8aafbd06d51	28101	1.0	confident	Phyllobacterium myrsinacearum	Bacteria
01572d7d-7ee2-42ff-ba63-e146008a65a9	28101	1.0	confident	Phyllobacterium myrsinacearum	Bacteria
8505ba9c-aedb-40b8-b73b-731783460fb1	28101	0.9999986934946752	high	Phyllobacterium myrsinacearum	Bacteria
3ee7262a-04a0-4a8d-b192-22a44fba57ae	28101	0.9999986934946752	high	Phyllobacterium myrsinacearum	Bacteria
4632e7ff-81ad-4841-9755-b3f8d833c297	28101	0.9999919332748716	high	Phyllobacterium myrsinacearum	Bacteria
995b10c0-e4e7-48c2-9c2b-8ba4806b64ee	28101	0.9999986934946752	high	Phyllobacterium myrsinacearum	Bacteria
38498775-6ec6-4b3d-8790-d50ba681b863	28101	1.0	confident	Phyllobacterium myrsinacearum	Bacteria
b1671363-9116-4e97-bd31-edbc74d8fca7	28101	0.9999986934946752	high	Phyllobacterium myrsinacearum	Bacteria
4adeaa3e-f781-48b3-83ab-8efad6d99584	28101	0.9999999249748688	high	Phyllobacterium myrsinacearum	Bacteria
b2fbfb75-c93a-4f5e-ba60-7b9aa80c3949	28101	0.9999986934946752	high	Phyllobacterium myrsinacearum	Bacteria
e535fbe6-85b1-4ec5-87c5-b373424cd907	28101	0.9999967535789408	high	Phyllobacterium myrsinacearum	Bacteria
5b352cc8-d649-41ce-9265-5fe87f9ae591	28101	0.9999986934946752	high	Phyllobacterium myrsinacearum	Bacteria
88d3d93f-78b6-427d-a959-edc0272f9904	28101	0.9999967535789408	high	Phyllobacterium myrsinacearum	Bacteria
68550058-b8c8-460f-9974-67b8c436e84c	28101	0.9999919332748716	high	Phyllobacterium myrsinacearum	Bacteria
031e1179-6de9-444c-b58e-9f218052a413	28101	1.0	confident	Phyllobacterium myrsinacearum	Bacteria
aa588f3e-7290-4883-b05b-c96b38c1145e	28101	1.0	confident	Phyllobacterium myrsinacearum	Bacteria
c26e973b-fa0b-4e6c-a6ae-7e3d26481066	28101	0.9999986934946752	high	Phyllobacterium myrsinacearum	Bacteria
62099d37-3318-4020-ab22-d6acb7096058	28101	0.9999967535789408	high	Phyllobacterium myrsinacearum	Bacteria
08deb790-df1b-46b0-8ec6-b5bd5742857a	28101	0.9999986934946752	high	Phyllobacterium myrsinacearum	Bacteria
523254fb-a59f-4c1f-bdd2-4b0d9f1c2d9d	28101	1.0	confident	Phyllobacterium myrsinacearum	Bacteria
f2e7c732-c513-4ed0-9881-70ed677f4841	28101	0.9999986934946752	high	Phyllobacterium myrsinacearum	Bacteria
e3c1186a-e485-45e8-988c-52e0ad2f9b6f	28101	0.9999986934946752	high	Phyllobacterium myrsinacearum	Bacteria
dd1614cd-5300-4150-a0d4-e93b7d097ff2	28101	1.0	confident	Phyllobacterium myrsinacearum	Bacteria
fbe48de4-24cb-4d2e-bd89-f06bb968717e	28101	0.9999986934946752	high	Phyllobacterium myrsinacearum	Bacteria
fabc89c3-5995-4453-8cb3-125cad50fabe	28101	0.9999919332748716	high	Phyllobacterium myrsinacearum	Bacteria
69fcd811-a616-4807-9f65-501867ff306e	28101	0.9999986934946752	high	Phyllobacterium myrsinacearum	Bacteria
93be8cbd-484c-4684-86d6-89d71a640362	28101	1.0	confident	Phyllobacterium myrsinacearum	Bacteria
a2394fe2-1606-409c-8da0-262fe64ac5d2	28101	1.0	confident	Phyllobacterium myrsinacearum	Bacteria
5f542844-3501-42f5-99fd-8d301a9de69a	28101	1.0	confident	Phyllobacterium myrsinacearum	Bacteria
de4a0f98-fdbe-4d2f-8787-eca2f24fa053	28101	0.9999986934946752	high	Phyllobacterium myrsinacearum	Bacteria
fa96ba91-7c79-4b22-95d4-7307df53179c	28101	0.9999986934946752	high	Phyllobacterium myrsinacearum	Bacteria
784acf2f-3f73-49e7-97f7-46d60226c330	28101	0.9999986934946752	high	Phyllobacterium myrsinacearum	Bacteria
2e469939-a7c5-4f12-9f4a-74e061fe1286	28101	0.9999986934946752	high	Phyllobacterium myrsinacearum	Bacteria
d427d080-917b-4ea2-96d8-a34e1c193932	28101	0.9999986934946752	high	Phyllobacterium myrsinacearum	Bacteria
c2b5e1ee-662f-4954-bdc8-e7a38dd9d121	28101	0.9999967951056896	high	Phyllobacterium myrsinacearum	Bacteria
ac19b483-9195-4196-b1ed-f8b200a8d7e6	28101	0.9999986934946752	high	Phyllobacterium myrsinacearum	Bacteria
962b08a7-f96b-4b67-b0de-9ccab5b32dd3	28101	1.0	confident	Phyllobacterium myrsinacearum	Bacteria
14e0f936-e563-406d-bdc0-b6c41b2bb0b8	28101	0.9999986934946752	high	Phyllobacterium myrsinacearum	Bacteria
64e7a4cc-d825-4d43-b83c-09981a849ab3	28101	0.9999986934946752	high	Phyllobacterium myrsinacearum	Bacteria
f38e51f2-d5fb-47e3-b509-f8ece243d4ee	28101	1.0	confident	Phyllobacterium myrsinacearum	Bacteria
dda24b5f-1c5d-4a74-aff5-eb743810c482	28101	0.9999986934946752	high	Phyllobacterium myrsinacearum	Bacteria
3690be9c-69cf-4483-98d4-905502400872	28101	0.9999986934946752	high	Phyllobacterium myrsinacearum	Bacteria
0a88a641-6240-482d-9acd-a4f3fca55db7	28101	0.9999986934946752	high	Phyllobacterium myrsinacearum	Bacteria
4f9d9543-625c-4cec-87f3-20e9fb174f4b	28101	0.9999986934946752	high	Phyllobacterium myrsinacearum	Bacteria
683b30ee-4625-445f-9cde-c025405f2c18	28101	0.9999986934946752	high	Phyllobacterium myrsinacearum	Bacteria
2a9a372d-f532-4ae5-b4c7-703e078500e8	28101	1.0	confident	Phyllobacterium myrsinacearum	Bacteria
59e9f3ed-0d96-4c12-92c5-528ba893a210	28101	0.9999967535789408	high	Phyllobacterium myrsinacearum	Bacteria
3ffe9ed6-4d1c-46a7-be2b-b7fbde57f8bf	28101	1.0	confident	Phyllobacterium myrsinacearum	Bacteria
ae722ae6-779a-4271-846b-3e5e518b442f	28101	0.9999996798738764	high	Phyllobacterium myrsinacearum	Bacteria
2cc97bc0-2620-4476-b6f6-b70cb6ec72bf	28101	0.9999986934946752	high	Phyllobacterium myrsinacearum	Bacteria
09a8a4ef-33aa-4c37-9dbb-05511d39a242	28101	0.9999987027587354	high	Phyllobacterium myrsinacearum	Bacteria
cf320d5f-4412-4ede-b2a3-b167c8f00833	28101	0.9999986934946752	high	Phyllobacterium myrsinacearum	Bacteria
b555cc7a-8687-4193-bdbd-2abbb4507323	28101	1.0	confident	Phyllobacterium myrsinacearum	Bacteria
53810696-198f-40d0-a7ce-a7ab5a2e79a6	28101	0.9999986934946752	high	Phyllobacterium myrsinacearum	Bacteria
50becff7-da4c-4189-a1c9-6ee1ee8cfdfb	28101	0.9999986934946752	high	Phyllobacterium myrsinacearum	Bacteria
b4da084d-c5f4-4d68-8e97-2ff9be6c4d87	28101	0.9999986934946752	high	Phyllobacterium myrsinacearum	Bacteria
73489fab-b194-4d2a-834f-9980b7fef488	28101	0.9999986934946752	high	Phyllobacterium myrsinacearum	Bacteria
d81e9ad6-5c10-413e-946a-15410230b90f	28101	0.9999967535789408	high	Phyllobacterium myrsinacearum	Bacteria
59b7b019-028d-4bb5-adac-93f77655c536	28101	0.9999986934946752	high	Phyllobacterium myrsinacearum	Bacteria
24f30844-1331-46ee-9dab-e15a245c581c	28101	0.9999986934946752	high	Phyllobacterium myrsinacearum	Bacteria
4006a11f-4144-499e-84f4-a6b8a3d16d65	28101	0.9999986934946752	high	Phyllobacterium myrsinacearum	Bacteria
ad578edf-2866-405b-97d3-0916ab690767	28101	1.0	confident	Phyllobacterium myrsinacearum	Bacteria
a5702b54-3af0-440a-87c6-b2ed87e51b5e	28101	1.0	confident	Phyllobacterium myrsinacearum	Bacteria
4001893e-ae90-4b7b-b7e3-a4aa3acb77b8	28101	0.9999986934946752	high	Phyllobacterium myrsinacearum	Bacteria
6462a740-e649-4991-a5e1-81057aef8857	28101	1.0	confident	Phyllobacterium myrsinacearum	Bacteria
803b42f4-fa6f-4bdb-8123-fb2f29317e7a	28101	0.9999986934946752	high	Phyllobacterium myrsinacearum	Bacteria
f08ab265-43fe-48a8-99dd-f06ee7ef1df4	28101	0.9999987027587354	high	Phyllobacterium myrsinacearum	Bacteria
b9bf2505-6c55-42bd-9592-811b1a6490c0	28101	0.9999986934946752	high	Phyllobacterium myrsinacearum	Bacteria
e2410424-3e68-417e-98f6-69189f0578e7	28101	1.0	confident	Phyllobacterium myrsinacearum	Bacteria
29615490-c4bc-4cc3-8be1-336ec9ed6a75	28101	0.9999986934946752	high	Phyllobacterium myrsinacearum	Bacteria
1b00b114-16c9-4fb7-9577-9febaeb6bfdc	28101	0.9999967535789408	high	Phyllobacterium myrsinacearum	Bacteria
17637063-69d5-4e7d-be67-8e7574c38fbf	28101	0.9999986934946752	high	Phyllobacterium myrsinacearum	Bacteria
095a969d-3a4d-43f9-a94c-b53b83dde719	28101	0.9998977574526302	high	Phyllobacterium myrsinacearum	Bacteria
ec1b7dba-a683-44aa-bfd8-16fc0b301b89	28101	0.9999986934946752	high	Phyllobacterium myrsinacearum	Bacteria
4f9baaf3-83d8-4361-a727-740567038a1f	28101	1.0	confident	Phyllobacterium myrsinacearum	Bacteria
7237e2d9-7415-475c-984e-9994e34166e0	28101	1.0	confident	Phyllobacterium myrsinacearum	Bacteria
9e54c867-a2ae-4aba-bbff-bd7e66f82765	28101	1.0	confident	Phyllobacterium myrsinacearum	Bacteria
008b9730-30bc-4e01-9446-16278e610e4a	28101	0.9999919332748716	high	Phyllobacterium myrsinacearum	Bacteria
0a33a9f8-a8a6-4ee0-af7d-2bedc8054a11	28101	0.9999986934946752	high	Phyllobacterium myrsinacearum	Bacteria
0c88bde0-02f3-4950-8dd1-0f2e21878e9c	28101	0.9999986934946752	high	Phyllobacterium myrsinacearum	Bacteria
dba7e35b-ee83-4129-b47a-f0011b759b5c	28101	0.9999986934946752	high	Phyllobacterium myrsinacearum	Bacteria
2725f970-c1b7-428a-a62b-085d2f054baf	28101	1.0	confident	Phyllobacterium myrsinacearum	Bacteria
b9149dda-1212-4951-8a79-ab2a801aa8b9	28101	1.0	confident	Phyllobacterium myrsinacearum	Bacteria
ed68ef0c-1c9d-40ae-a8e4-ea9f7f37b13f	28101	0.9999967535789408	high	Phyllobacterium myrsinacearum	Bacteria
cb7a04d8-cac9-47a6-8c7a-9d8133746042	2718938	0.9999937932913784	high	Phyllobacterium sp. 628	Bacteria
7859af47-e65d-42d9-bbc1-0ab6ee5082b2	28101	0.9999919800045368	high	Phyllobacterium myrsinacearum	Bacteria
474f0df7-1f6b-4907-bd0f-64fbb3e966ab	28101	0.9999986934946752	high	Phyllobacterium myrsinacearum	Bacteria
052e7969-4a7f-4a59-8dee-e7d8147454fa	28101	1.0	confident	Phyllobacterium myrsinacearum	Bacteria
f651279a-6d5c-412e-98dd-f599ac3b54cb	28101	1.0	confident	Phyllobacterium myrsinacearum	Bacteria
5d616935-e1a4-4165-8e3d-167fe3f6fa55	2718938	0.9999999987957828	high	Phyllobacterium sp. 628	Bacteria
33c51c5a-7bef-40c3-a30e-becbd2953274	28101	1.0	confident	Phyllobacterium myrsinacearum	Bacteria
4ad371a8-b0ba-4fd7-8163-cca57989fab1	28101	0.9999986934946752	high	Phyllobacterium myrsinacearum	Bacteria
5de3a5b9-f886-4450-923e-4c1ce87bd616	28101	0.9999967535789408	high	Phyllobacterium myrsinacearum	Bacteria
8a976410-df16-4330-9a26-4b7895baf68b	28101	0.9999986934946752	high	Phyllobacterium myrsinacearum	Bacteria
74520dca-622f-43dd-bc2f-608f572bcbc0	28101	0.9999986934946752	high	Phyllobacterium myrsinacearum	Bacteria
9890ce87-537d-4fc7-ac07-cda0ef53b0f4	28101	0.9999986934946752	high	Phyllobacterium myrsinacearum	Bacteria
3b3c8f6f-5dd6-47db-befa-364dcde8307c	28101	0.9999986934946752	high	Phyllobacterium myrsinacearum	Bacteria
3f7d6a63-2073-47d5-a17f-5a7994870df8	28101	1.0	confident	Phyllobacterium myrsinacearum	Bacteria
e5e5f471-681a-4ea9-b5f7-b60a75c8dbeb	28101	1.0	confident	Phyllobacterium myrsinacearum	Bacteria
ed7bd337-ab2b-421d-bae2-3070f2202f49	28101	0.9999986934946752	high	Phyllobacterium myrsinacearum	Bacteria
a229e704-10b2-454a-840a-a20213b6c455	28101	0.9999986934946752	high	Phyllobacterium myrsinacearum	Bacteria
7f166218-5792-493e-9206-ff98a0400f33	28101	0.9999986934946752	high	Phyllobacterium myrsinacearum	Bacteria
6bfce41b-41fe-4dc3-b5a5-a8133c95d717	28101	0.9999986934946752	high	Phyllobacterium myrsinacearum	Bacteria
b5a0ed1c-4de6-421a-a0da-084f1ca957d2	28101	0.9999986934946752	high	Phyllobacterium myrsinacearum	Bacteria
030fb6c9-6ccb-40da-855a-286df5e4756d	28101	1.0	confident	Phyllobacterium myrsinacearum	Bacteria
92060b38-7575-4c00-9786-0429095d6930	28101	0.9999986934946752	high	Phyllobacterium myrsinacearum	Bacteria
6a140444-acd5-482e-9d61-684d0f3e03b5	28101	0.9999986934946752	high	Phyllobacterium myrsinacearum	Bacteria
c502321d-47fe-40f9-bf81-b7114d6c20da	28101	0.9999986934946752	high	Phyllobacterium myrsinacearum	Bacteria
72dfb63b-ef68-4dab-8025-ccc4da233542	28101	1.0	confident	Phyllobacterium myrsinacearum	Bacteria
d4e90f0c-2c5c-4e66-8ae6-2dae728a4f71	28101	0.9999986934946752	high	Phyllobacterium myrsinacearum	Bacteria
7566178f-7fae-47c2-880a-1e5992e9e1a8	28101	0.9999986934946752	high	Phyllobacterium myrsinacearum	Bacteria
895a717b-c312-4245-b9f5-669fc460acbf	28101	0.9999986934946752	high	Phyllobacterium myrsinacearum	Bacteria
6487e338-2e4d-4fc2-a6c3-da9126c5ea14	28101	1.0	confident	Phyllobacterium myrsinacearum	Bacteria
b79e4380-643c-48b0-bbf0-55e3a5927cb6	28101	0.9999986934946752	high	Phyllobacterium myrsinacearum	Bacteria
43d727a8-c4d8-4e5a-b8d8-bcff50638e3c	28101	0.9999986934946752	high	Phyllobacterium myrsinacearum	Bacteria
7c811ecc-e02e-4fd5-9588-213d95abf0ab	28101	1.0	confident	Phyllobacterium myrsinacearum	Bacteria
db2580df-0ee3-480b-9ed6-ce18b007e919	28101	0.9999986934946752	high	Phyllobacterium myrsinacearum	Bacteria
fb5acbd8-ed9c-457d-a7bb-163c02daddcc	28101	1.0	confident	Phyllobacterium myrsinacearum	Bacteria
75cf00a2-d8fe-4c75-a37b-ea99c801bd4a	28101	0.9999986934946752	high	Phyllobacterium myrsinacearum	Bacteria
52ac3691-1ba0-4711-bb39-494e9c8f36a3	28101	0.9999986934946752	high	Phyllobacterium myrsinacearum	Bacteria
b2fa0a8d-d2ce-4e5e-a1d4-8e249f8eef06	28101	0.9999986934946752	high	Phyllobacterium myrsinacearum	Bacteria
ae61f2ab-68fd-4970-99a8-e8bb1820d696	28101	1.0	confident	Phyllobacterium myrsinacearum	Bacteria
a8ba9b59-819d-4d54-8c5a-6fe13ff85165	28101	0.9999986934946752	high	Phyllobacterium myrsinacearum	Bacteria
e90313ef-2013-4835-b80a-fa32d11dd2bd	28101	1.0	confident	Phyllobacterium myrsinacearum	Bacteria
e484a77b-1590-45e3-a8f0-bf501eb142aa	28101	0.9716938525513948	high	Phyllobacterium myrsinacearum	Bacteria
89e35db7-2581-42c2-8efb-3a1fc6266834	28101	0.9999967535789408	high	Phyllobacterium myrsinacearum	Bacteria
e1ea0d98-9bc3-423e-9433-1f956fa6ebe3	28101	0.9999986934946752	high	Phyllobacterium myrsinacearum	Bacteria
613d4ea5-9811-446c-a8dd-9597d8f3f8dd	28101	0.9999967535789408	high	Phyllobacterium myrsinacearum	Bacteria
c9597ccf-13a5-415c-bcdf-e21630cc7d96	28101	0.9999986934946752	high	Phyllobacterium myrsinacearum	Bacteria
2f6d9367-fa94-4e01-a51c-c4db36c0244a	28101	0.9999986934946752	high	Phyllobacterium myrsinacearum	Bacteria
c22df7e2-3f04-404d-bb02-b076b3cd5d8e	28101	0.9999986934946752	high	Phyllobacterium myrsinacearum	Bacteria
45bc2988-fccd-46db-995a-bdd6c8714468	28101	0.9999986934946752	high	Phyllobacterium myrsinacearum	Bacteria
a0c141c0-923f-4e2b-b5b1-773e951aa4c3	28101	1.0	confident	Phyllobacterium myrsinacearum	Bacteria
b33c3828-bd1d-4aa0-87d0-7160a85d5f41	28101	0.9999986934946752	high	Phyllobacterium myrsinacearum	Bacteria
bb011a34-e27d-4004-ad5e-3abc0832610d	28101	0.9999986934946752	high	Phyllobacterium myrsinacearum	Bacteria
6261a1af-8df6-4e11-9e24-ec6f4fb03d63	28101	0.9999967535789408	high	Phyllobacterium myrsinacearum	Bacteria
069713cf-b35f-4bf3-ad66-305c5163b4f7	28101	0.9999986934946752	high	Phyllobacterium myrsinacearum	Bacteria
b7747270-a6a5-4d29-98cb-84285bcad4c8	28101	1.0	confident	Phyllobacterium myrsinacearum	Bacteria
976ff372-3b51-4cac-9b56-157fc267aa71	28101	0.9999986934946752	high	Phyllobacterium myrsinacearum	Bacteria
08b450ee-4d5e-4216-90fc-b47b5180000f	28101	0.9999986934946752	high	Phyllobacterium myrsinacearum	Bacteria
a8e42065-7cf1-4c14-ac7f-d1c941ee4c3f	28101	0.9999986934946752	high	Phyllobacterium myrsinacearum	Bacteria
b31063c6-05e1-4568-830d-a10e767d6753	28101	1.0	confident	Phyllobacterium myrsinacearum	Bacteria
b8e7fde9-6ea2-406c-b080-8952063de729	28101	0.9999986934946752	high	Phyllobacterium myrsinacearum	Bacteria
6409613f-54b7-4852-a4ae-bb8f798afd1e	28101	0.9716938525513948	high	Phyllobacterium myrsinacearum	Bacteria
b73d2944-a19f-4277-a904-82f3cdfce55a	28101	0.9884401272498364	high	Phyllobacterium myrsinacearum	Bacteria
6aa363c1-dd43-4c3a-98f2-055037fccaf4	28101	0.9999919332748716	high	Phyllobacterium myrsinacearum	Bacteria
1c29a2ac-f4f6-4f66-99dd-eabb598848b9	28101	1.0	confident	Phyllobacterium myrsinacearum	Bacteria
91e2b2c4-0e2c-4013-9de5-e5187fe448d4	28101	0.9999986934946752	high	Phyllobacterium myrsinacearum	Bacteria
4e5f4f49-d0d0-4182-b8a3-b60d12908f18	28101	0.9999986934946752	high	Phyllobacterium myrsinacearum	Bacteria
4b14e837-76b8-4e16-8ec4-0dd31adff65a	28101	0.9999986934946752	high	Phyllobacterium myrsinacearum	Bacteria
7d8325fc-2fbb-4221-932a-ed55b0675728	28101	1.0	confident	Phyllobacterium myrsinacearum	Bacteria
72313b35-fcb7-42d9-af3a-2e753072886f	28101	1.0	confident	Phyllobacterium myrsinacearum	Bacteria
031b4e44-c212-4ab8-9a34-c7a4c500c20f	2718938	0.9999990545195404	high	Phyllobacterium sp. 628	Bacteria
da2a964f-501c-43ac-8c9a-03096d437862	28101	0.9999986934946752	high	Phyllobacterium myrsinacearum	Bacteria
86da0b53-bc3f-432c-b335-095735229f49	28101	1.0	confident	Phyllobacterium myrsinacearum	Bacteria
863efed3-1723-4dbf-8224-cc4ac7ccdeb4	28101	1.0	confident	Phyllobacterium myrsinacearum	Bacteria
c426b938-614c-4a9d-9b27-ac460f1189d5	28101	0.9999986934946752	high	Phyllobacterium myrsinacearum	Bacteria
af886f68-0fdb-4d6f-bbbb-79e4e4ecc37d	28101	0.9999986934946752	high	Phyllobacterium myrsinacearum	Bacteria
edb3c20f-f7d9-4648-a55a-bc3e72676cd5	28101	0.9999986934946752	high	Phyllobacterium myrsinacearum	Bacteria
c99af04b-90d8-4d2a-95f3-d5b3032e7cfc	28101	0.9999986934946752	high	Phyllobacterium myrsinacearum	Bacteria
dddd6061-8b58-4877-9efb-31f97b54d475	28101	0.9999986934946752	high	Phyllobacterium myrsinacearum	Bacteria
9af1e6a8-689a-4c10-84b0-478fc933f2f2	28101	0.9999987027130358	high	Phyllobacterium myrsinacearum	Bacteria
9df3f2fc-2f98-4d2f-b97e-fd8c11b4b507	28101	1.0	confident	Phyllobacterium myrsinacearum	Bacteria
ca5fa36a-1af4-4720-bccc-ac2498de606c	28101	1.0	confident	Phyllobacterium myrsinacearum	Bacteria
9b16685f-f1da-4b39-8e13-32a45cf0e0d5	28101	0.9999986934946752	high	Phyllobacterium myrsinacearum	Bacteria
53e6a6f0-fbf6-4054-94a2-937ef91c6496	28101	0.9999986934946752	high	Phyllobacterium myrsinacearum	Bacteria
2748ce64-ba43-47fb-bd60-c821ea7f949f	28101	0.9999986934946752	high	Phyllobacterium myrsinacearum	Bacteria
d201daf1-f976-44ff-9ad9-70502e21e9d1	28101	0.9999986934946752	high	Phyllobacterium myrsinacearum	Bacteria
6df463fe-7531-41ab-a718-164409a63974	28101	1.0	confident	Phyllobacterium myrsinacearum	Bacteria
46a49960-d6d9-43e2-86da-bd42db7ea507	28101	0.9999986934946752	high	Phyllobacterium myrsinacearum	Bacteria
f96867c8-3254-40a4-a6b0-b36dc455799e	28101	0.9999986934946752	high	Phyllobacterium myrsinacearum	Bacteria
15e07eae-abd8-4982-a537-22ae97209620	28101	0.9999986934946752	high	Phyllobacterium myrsinacearum	Bacteria
dee653bc-7e37-4f9e-b0c5-162e69db7117	28101	1.0	confident	Phyllobacterium myrsinacearum	Bacteria
ff0c9d3f-b3c6-48dc-9560-8d27a50b42a1	28101	0.9999986934946752	high	Phyllobacterium myrsinacearum	Bacteria
71999a25-6f0a-40fb-b34d-0172a95343a1	28101	0.9999967535789408	high	Phyllobacterium myrsinacearum	Bacteria
a3921e45-5652-4676-b46f-6c5e8091a591	28101	1.0	confident	Phyllobacterium myrsinacearum	Bacteria
529caddd-304f-49db-a993-b8663928b291	28101	1.0	confident	Phyllobacterium myrsinacearum	Bacteria
346c7e0b-afce-4353-8329-f840710f5fd5	28101	0.9999986934946752	high	Phyllobacterium myrsinacearum	Bacteria
547dfb57-a03f-4fdd-85e5-f861c23fdc57	28101	0.9999986934946752	high	Phyllobacterium myrsinacearum	Bacteria
47d45a9b-64c7-461d-8563-4bc839e84282	28101	1.0	confident	Phyllobacterium myrsinacearum	Bacteria
23618cab-b2e0-40d1-8b12-b433c1972ee8	28101	1.0	confident	Phyllobacterium myrsinacearum	Bacteria
78066212-8202-4908-8472-5ca1dec106f5	28101	0.9999986934946752	high	Phyllobacterium myrsinacearum	Bacteria
42f89a65-482d-4aa7-b00c-bdce03f21759	28101	1.0	confident	Phyllobacterium myrsinacearum	Bacteria
e9b700bd-7527-4578-9a21-b7534cf01d58	28101	1.0	confident	Phyllobacterium myrsinacearum	Bacteria
26032121-370d-4684-bdda-ac7836d77569	28101	0.9999866017545102	high	Phyllobacterium myrsinacearum	Bacteria
0aae3e2d-ce38-4891-ba1f-5ebe8134b929	28101	0.9999919857571168	high	Phyllobacterium myrsinacearum	Bacteria
8c6fc6ad-6480-4e0f-9db4-bc8e824681e6	28101	0.9999986934946752	high	Phyllobacterium myrsinacearum	Bacteria
08285db0-fe1f-498e-a826-6f07c3911db6	28101	0.9999986934946752	high	Phyllobacterium myrsinacearum	Bacteria
d6c9b014-5b87-4a64-a9b7-20013e160302	28101	0.9999986934946752	high	Phyllobacterium myrsinacearum	Bacteria
a05d9080-ff36-4811-b4d2-b136e9a23bca	28101	0.9999986934946752	high	Phyllobacterium myrsinacearum	Bacteria
5ed94f09-ba61-44c6-834e-48aa615760bc	28101	0.999996815931474	high	Phyllobacterium myrsinacearum	Bacteria
da3abff7-4c89-434d-8553-11f3435d52b1	28101	0.9999967535789408	high	Phyllobacterium myrsinacearum	Bacteria
c08f3b16-1c1a-438c-94da-dc9a8806bb6e	28101	0.9999986934946752	high	Phyllobacterium myrsinacearum	Bacteria
2d2b25f2-d478-45cc-9eaa-c038bb653c87	28101	0.9999986934946752	high	Phyllobacterium myrsinacearum	Bacteria
12ffc5c6-3b9e-4fd6-8e5b-be0f89a28ee5	28101	1.0	confident	Phyllobacterium myrsinacearum	Bacteria
858fc745-0cef-4f40-ab23-7e28eb23cf2b	28101	1.0	confident	Phyllobacterium myrsinacearum	Bacteria
1a3620e8-2ee6-473b-9282-e2efe10a40fa	28101	0.9999986934946752	high	Phyllobacterium myrsinacearum	Bacteria
afb4b58e-1c3a-4045-9105-38e1cad8750b	28101	0.9999986934946752	high	Phyllobacterium myrsinacearum	Bacteria
bd15d13d-b8e3-4399-be6a-de6cc2225dc0	28101	0.9999986934946752	high	Phyllobacterium myrsinacearum	Bacteria
6f6608df-48fa-407c-bf7e-658c654c6522	28101	0.9999986934946752	high	Phyllobacterium myrsinacearum	Bacteria
d279631c-d152-4bfb-b9d6-cf75202c6ee9	28101	0.9999986934946752	high	Phyllobacterium myrsinacearum	Bacteria
ba616569-dba0-4edb-ab69-25186e982e82	28101	1.0	confident	Phyllobacterium myrsinacearum	Bacteria
b3c137c0-7015-4b83-af3c-9dc117f4cc7f	28101	0.9999986934946752	high	Phyllobacterium myrsinacearum	Bacteria
1aa61ac7-30e3-47e2-81f9-05831213253e	28101	0.9999986934946752	high	Phyllobacterium myrsinacearum	Bacteria
23d980a2-d153-4b7a-97ef-15e59b0ca6d4	2718938	0.9999999775373686	high	Phyllobacterium sp. 628	Bacteria
abbc5c46-d8be-46e1-817e-c4f125a6f456	28101	0.9999986934946752	high	Phyllobacterium myrsinacearum	Bacteria
4c6144a3-8a75-48c6-8946-19e4f9155dfe	28101	1.0	confident	Phyllobacterium myrsinacearum	Bacteria
aee62752-a968-431d-abbb-70a33058846e	28101	0.9999986934946752	high	Phyllobacterium myrsinacearum	Bacteria
c03f266e-89e2-4ca8-899d-72a384bb1e30	28101	1.0	confident	Phyllobacterium myrsinacearum	Bacteria
8607d708-d3d9-4cf3-8bbb-7a3e2663ed5b	28101	0.9999986934946752	high	Phyllobacterium myrsinacearum	Bacteria
811f40ca-f517-4d6b-96cf-260f5fa92ecf	28101	0.9999986934946752	high	Phyllobacterium myrsinacearum	Bacteria
2052d02b-2efe-4ee3-b44b-0dba91f856f0	28101	1.0	confident	Phyllobacterium myrsinacearum	Bacteria
27c0b80e-0f0c-4af5-8ee7-bbf73f1bee66	28101	0.9999986934946752	high	Phyllobacterium myrsinacearum	Bacteria
14e29843-4eb7-4371-a3f1-894f4a622036	28101	0.9999986934946752	high	Phyllobacterium myrsinacearum	Bacteria
6088355e-eb41-4384-a0ce-7491b34958b3	28101	1.0	confident	Phyllobacterium myrsinacearum	Bacteria
bef0f2ce-3f66-456b-bf6c-cbd8405be2d2	28101	1.0	confident	Phyllobacterium myrsinacearum	Bacteria
c0e0cf2f-12af-49f5-be2a-ad39ca91bffd	28101	0.9999799558999334	high	Phyllobacterium myrsinacearum	Bacteria
64bd9b41-b818-4fa7-a2a5-2d849a453eb8	28101	0.9999986934946752	high	Phyllobacterium myrsinacearum	Bacteria
161812ab-4965-418c-bb52-3bb2f1d17e21	28101	0.9999986934946752	high	Phyllobacterium myrsinacearum	Bacteria
6bee2b2e-9b10-43c7-8c81-bc124513d73c	28101	1.0	confident	Phyllobacterium myrsinacearum	Bacteria
373a140f-6fbc-4534-ae14-4f21b69e39e2	28101	0.9999986934946752	high	Phyllobacterium myrsinacearum	Bacteria
33a42118-2d51-41a7-9d8c-c0bf53e9e33e	28101	1.0	confident	Phyllobacterium myrsinacearum	Bacteria
b62fced2-2327-4d69-b461-e2727252cda5	28101	0.9999986934946752	high	Phyllobacterium myrsinacearum	Bacteria
c1c5d01b-b505-4067-bbe0-30c965a4393a	28101	0.9999986934946752	high	Phyllobacterium myrsinacearum	Bacteria
2cc74938-d6ff-46e3-a742-d77c3ce49539	28101	0.9999986934946752	high	Phyllobacterium myrsinacearum	Bacteria
dc5d2d4c-c441-4f70-9efb-d6fff0fce488	28101	1.0	confident	Phyllobacterium myrsinacearum	Bacteria
dd1b89d1-14cf-4ac2-a4c0-533a68d86786	28101	0.9999967535789408	high	Phyllobacterium myrsinacearum	Bacteria
9a8ef67f-07b7-47d1-9742-2a1b164fa655	28101	0.9999986934946752	high	Phyllobacterium myrsinacearum	Bacteria
55bc8074-5e9d-4a3e-a673-9a3fa3cfa8b3	28101	0.9999986934946752	high	Phyllobacterium myrsinacearum	Bacteria
ef4ee0cd-1c82-4ae8-92ce-2d9c11e7ec49	28101	0.9999799558999334	high	Phyllobacterium myrsinacearum	Bacteria
85d311d8-31a2-48ac-b703-090e27260a2f	28101	0.9999986934946752	high	Phyllobacterium myrsinacearum	Bacteria
25a48cb2-86cc-453e-b7b7-fb04533a4c42	28101	0.9999986934946752	high	Phyllobacterium myrsinacearum	Bacteria
7cb39143-4ea4-4dbc-9f69-04afd89764cf	28101	0.9999986934946752	high	Phyllobacterium myrsinacearum	Bacteria
257c7154-4122-4bca-bed0-d93e3920165a	28101	1.0	confident	Phyllobacterium myrsinacearum	Bacteria
54ac78b4-4135-41a7-9a28-275d1492cf10	28101	1.0	confident	Phyllobacterium myrsinacearum	Bacteria
f259af04-2b6a-4b19-ba77-418b062e2881	28101	1.0	confident	Phyllobacterium myrsinacearum	Bacteria
674cc8ba-45b3-4142-99d4-8be169abae25	28101	0.9999986934946752	high	Phyllobacterium myrsinacearum	Bacteria
2011fcf4-9546-4b94-b414-f5c243781d02	28101	0.9999986934946752	high	Phyllobacterium myrsinacearum	Bacteria
b66e6209-ca9c-4a61-96c2-94247af4ee9a	28101	0.9999986934946752	high	Phyllobacterium myrsinacearum	Bacteria
68f0f32e-0444-4286-89b7-72a9890fd3ba	28101	0.9999986934946752	high	Phyllobacterium myrsinacearum	Bacteria
2ed05230-ff1b-4736-a4d8-13e2064397ed	28101	0.9999987027195368	high	Phyllobacterium myrsinacearum	Bacteria
edd678eb-63bb-42fb-858a-b5a299986f2c	28101	1.0	confident	Phyllobacterium myrsinacearum	Bacteria
ef04caa4-8c89-41e3-b049-3b7a58095186	28101	0.9999986934946752	high	Phyllobacterium myrsinacearum	Bacteria
34aa1cb8-a18b-4d9b-a6bc-4fe307815d65	28101	0.9999986934946752	high	Phyllobacterium myrsinacearum	Bacteria
839877ae-58a8-476c-86c3-d79c5a33b6ea	28101	1.0	confident	Phyllobacterium myrsinacearum	Bacteria
46888763-aa53-4e80-8880-c904e11d8827	28101	1.0	confident	Phyllobacterium myrsinacearum	Bacteria
82b1e024-35d8-4cec-8416-e01b7e8186e9	28101	0.9999967535789408	high	Phyllobacterium myrsinacearum	Bacteria
8a7cdd60-4560-44ed-92ae-fb70f09ac00d	28101	0.9999986934946752	high	Phyllobacterium myrsinacearum	Bacteria
f1403d75-f979-44f1-b536-131a4d71c384	28101	0.9999986934946752	high	Phyllobacterium myrsinacearum	Bacteria
07d713d1-a068-4a89-855d-a0a175e84caf	28101	0.9999986934946752	high	Phyllobacterium myrsinacearum	Bacteria
0a16a96b-9d64-46a5-828a-b3b0f0d0e20c	28101	0.9999986934946752	high	Phyllobacterium myrsinacearum	Bacteria
61080903-8283-49b3-bdb2-49e8ef2fcc9f	28101	0.9999986934946752	high	Phyllobacterium myrsinacearum	Bacteria
202fbbb5-1560-44c7-8f18-244ac36a4070	28101	0.9999986934946752	high	Phyllobacterium myrsinacearum	Bacteria
21a6a65b-59a6-42ea-b64f-ccaff5255bdd	28101	0.9999986934946752	high	Phyllobacterium myrsinacearum	Bacteria
a8ba835a-0cac-4474-be7e-d7944e5fc74e	28101	1.0	confident	Phyllobacterium myrsinacearum	Bacteria
479748f2-e388-49d6-87b4-f5d0d9156cf0	28101	0.9999967535789408	high	Phyllobacterium myrsinacearum	Bacteria
e0a44434-51e3-4638-b932-ae252c7a586c	28101	0.9999986934946752	high	Phyllobacterium myrsinacearum	Bacteria
962c48de-dbb5-4f15-9ce6-ba3271b00871	28101	0.9999987027587354	high	Phyllobacterium myrsinacearum	Bacteria
0212d9b8-760e-4fc2-a082-0837fe7a58f1	28101	1.0	confident	Phyllobacterium myrsinacearum	Bacteria
c0d9795e-8513-43b8-8fb9-e954c8ea1dae	28101	1.0	confident	Phyllobacterium myrsinacearum	Bacteria
6e194db4-95f7-4dda-a644-4db983a15e9d	28101	0.9998800315208092	high	Phyllobacterium myrsinacearum	Bacteria
01117f4c-68b0-49ad-b988-cdd09eabe5b4	28101	0.9999986934946752	high	Phyllobacterium myrsinacearum	Bacteria
04fbde13-565e-45b9-bbb1-d94af41c2d62	28101	0.9999986934946752	high	Phyllobacterium myrsinacearum	Bacteria
6992a563-f2c8-4c78-b888-214847e08e06	28101	0.9999987027521792	high	Phyllobacterium myrsinacearum	Bacteria
f10871d9-5817-4210-bc99-b2b866cd8ae4	28101	0.9999986934946752	high	Phyllobacterium myrsinacearum	Bacteria
63e98fbd-319a-483c-9edf-1776bdf55345	28101	1.0	confident	Phyllobacterium myrsinacearum	Bacteria
7ed1591c-aee3-4ee5-a155-06f97f8f87f1	28101	1.0	confident	Phyllobacterium myrsinacearum	Bacteria
ce8e4118-b39a-446c-912d-4e52aff8e952	28101	0.9999986934946752	high	Phyllobacterium myrsinacearum	Bacteria
8ba766b3-cab0-426b-bbf9-9635129071d4	28101	1.0	confident	Phyllobacterium myrsinacearum	Bacteria
a287434e-1879-48dc-89c4-1d8d08e6f7d6	28101	0.9999986934946752	high	Phyllobacterium myrsinacearum	Bacteria
7e2956e7-14bc-4849-951c-b382b25c7cc7	28101	0.9999986934946752	high	Phyllobacterium myrsinacearum	Bacteria
835135be-72b6-4920-bee2-addde89e9a28	28101	1.0	confident	Phyllobacterium myrsinacearum	Bacteria
df6de10e-556f-4dcb-96d8-4b0798cf04c3	28101	0.9999986934946752	high	Phyllobacterium myrsinacearum	Bacteria
f57096ea-27ab-49f4-bbfd-7f0abb508c7b	2718938	0.9999999967305946	high	Phyllobacterium sp. 628	Bacteria
935055ed-d030-4c4f-8075-de963a98056d	28101	1.0	confident	Phyllobacterium myrsinacearum	Bacteria
d5037e02-6353-49bd-81e1-f9c9a0153cac	28101	0.9999986934946752	high	Phyllobacterium myrsinacearum	Bacteria
981a6d4a-b4dd-4030-b05e-b0d66d5b4d0c	28101	0.9999986934946752	high	Phyllobacterium myrsinacearum	Bacteria
cdbc0da1-1b63-4764-b621-355937c3d3b2	28101	0.9999986934946752	high	Phyllobacterium myrsinacearum	Bacteria
ff10dcd8-dccf-4adb-95b6-d732fb238464	28101	1.0	confident	Phyllobacterium myrsinacearum	Bacteria
64c3c650-3ef4-412e-8dff-bb9ae8d9b5b5	28101	0.9999919332748716	high	Phyllobacterium myrsinacearum	Bacteria
e6839900-813c-4306-99cd-638471aed82b	28101	1.0	confident	Phyllobacterium myrsinacearum	Bacteria
9fc5460a-9732-4399-8a95-406c3df9401d	28101	1.0	confident	Phyllobacterium myrsinacearum	Bacteria
31f37452-0ce3-4fdb-bcb9-efaf4dbb8bf9	28101	0.9999986934946752	high	Phyllobacterium myrsinacearum	Bacteria
9c12312e-19b8-4fc0-87f4-6242a0251686	28101	0.9999967535789408	high	Phyllobacterium myrsinacearum	Bacteria
85d53c34-392d-430d-847f-27b0ce8dbaae	28101	1.0	confident	Phyllobacterium myrsinacearum	Bacteria
15daa0b7-60f2-461b-9b6e-1abcce7e941a	28101	1.0	confident	Phyllobacterium myrsinacearum	Bacteria
4b1475a7-112c-464d-9ddb-358ed5f11a89	2718938	0.99999999969817	high	Phyllobacterium sp. 628	Bacteria
5f6182f2-a90a-4c49-8d50-0bdeab499c73	2718938	0.9999990545195404	high	Phyllobacterium sp. 628	Bacteria
0237b930-b33f-49dd-897b-e029b00bb5f0	28101	0.9999986934946752	high	Phyllobacterium myrsinacearum	Bacteria
c13ddc63-547e-40ef-bed9-e8ab92227018	28101	0.9999986934946752	high	Phyllobacterium myrsinacearum	Bacteria
d35c3bf1-7dbf-4246-9253-4170f161778b	28101	1.0	confident	Phyllobacterium myrsinacearum	Bacteria
d86c194b-bd89-4c3d-88aa-9c09a72d6c2f	28101	1.0	confident	Phyllobacterium myrsinacearum	Bacteria
c4737aa9-6554-4f01-9674-832a51e172c8	28101	1.0	confident	Phyllobacterium myrsinacearum	Bacteria
605302a7-dc48-4d80-92e9-420bc4968723	28101	1.0	confident	Phyllobacterium myrsinacearum	Bacteria
e37da9c4-a08b-4775-8356-e6a54eb410b3	28101	0.9999986934946752	high	Phyllobacterium myrsinacearum	Bacteria
13192927-aa23-4ff9-aed6-67cde15cdc83	28101	1.0	confident	Phyllobacterium myrsinacearum	Bacteria
941df7d4-16c8-462e-9fd1-259acdbab80e	28101	0.9999987209935732	high	Phyllobacterium myrsinacearum	Bacteria
e55ec50d-661f-4461-9da0-e9acce7d05f9	28101	0.9999986934946752	high	Phyllobacterium myrsinacearum	Bacteria
946c3ac2-97d4-4f34-ae0e-68b8c8d06e6e	28101	0.9999986934946752	high	Phyllobacterium myrsinacearum	Bacteria
e5a25666-7c35-46d8-8392-36f53d4a9337	28101	0.9999986934946752	high	Phyllobacterium myrsinacearum	Bacteria
1fabcb92-c202-4207-890d-eaf8322eb68b	28101	0.9999986934946752	high	Phyllobacterium myrsinacearum	Bacteria
dfd06636-d596-4de6-bde0-5b9526c69c2c	28101	1.0	confident	Phyllobacterium myrsinacearum	Bacteria
a391eacc-c96b-46c9-8715-b05a2bf03896	28101	0.9999986934946752	high	Phyllobacterium myrsinacearum	Bacteria
4b3f3859-0d6c-4f47-87cd-9c273f3087af	28101	0.9999967535789408	high	Phyllobacterium myrsinacearum	Bacteria
98eb0f7d-284f-4918-9add-c98c443cccb8	28101	0.9999986934946752	high	Phyllobacterium myrsinacearum	Bacteria
59c29c41-b301-4d79-8cd6-8b0a11510ff6	28101	0.9999986934946752	high	Phyllobacterium myrsinacearum	Bacteria
00082b39-0aab-40aa-be76-7569b64bb1ee	28101	0.9999986934946752	high	Phyllobacterium myrsinacearum	Bacteria
817b14b2-bc8a-419a-99fb-61f9540a25d2	28101	0.9999986934946752	high	Phyllobacterium myrsinacearum	Bacteria
5c06eac2-303a-4bc8-aa4d-38c175f07de6	28101	0.9999986934946752	high	Phyllobacterium myrsinacearum	Bacteria
c856827e-dfa1-4b14-9ab5-46bf8037c9f7	28101	0.9999919332748716	high	Phyllobacterium myrsinacearum	Bacteria
319e69f0-8411-4903-9ea9-23348c3c8c11	28101	0.9999986934946752	high	Phyllobacterium myrsinacearum	Bacteria
6d73a115-9f44-493a-9515-0c04a98347ec	28101	1.0	confident	Phyllobacterium myrsinacearum	Bacteria
d0b97178-e4d4-4848-9c77-78286256aa9a	28101	0.9999986934946752	high	Phyllobacterium myrsinacearum	Bacteria
2cb2af17-ce9d-4d00-9f92-5e4e631e3073	28101	0.9999986934946752	high	Phyllobacterium myrsinacearum	Bacteria
2789538c-9364-49c2-870a-99002629c552	28101	0.9999986934946752	high	Phyllobacterium myrsinacearum	Bacteria
bb2ce1e8-c507-4199-a42c-56d56b88be87	28101	1.0	confident	Phyllobacterium myrsinacearum	Bacteria
7ad2c98b-2606-41c0-9e12-5dae2184acfa	28101	1.0	confident	Phyllobacterium myrsinacearum	Bacteria
573ba5bc-dd5e-48a8-880d-5c037b2f7aeb	28101	0.9999986934946752	high	Phyllobacterium myrsinacearum	Bacteria
34440d5a-ec1d-43b8-9a21-d5528f5148c4	28101	0.9999986934946752	high	Phyllobacterium myrsinacearum	Bacteria
04cf39ea-1402-42d7-9c62-a544cf6408b6	28101	0.9999986934946752	high	Phyllobacterium myrsinacearum	Bacteria
2dfc931d-8ac3-4ea1-8ce4-12970a7a64d2	28101	0.9999986934946752	high	Phyllobacterium myrsinacearum	Bacteria
6ce60581-5377-48d7-893f-48e6d3427f4c	28101	0.9999986934946752	high	Phyllobacterium myrsinacearum	Bacteria
7a25647d-54fe-4fae-8fc7-4a965b84826d	28101	0.9999992211643132	high	Phyllobacterium myrsinacearum	Bacteria
5bfdab19-6bf4-4275-ad35-da0bf12cab20	28101	0.9999967535789408	high	Phyllobacterium myrsinacearum	Bacteria
14000f30-92dc-4936-99cf-fcbb958b13c6	28101	1.0	confident	Phyllobacterium myrsinacearum	Bacteria
e6daebe8-a20c-43b1-bbd7-bcc6fc75a7f4	28101	0.9999986934946752	high	Phyllobacterium myrsinacearum	Bacteria
8d2fa028-239a-42d8-83da-214d447898f0	28101	0.9999986934946752	high	Phyllobacterium myrsinacearum	Bacteria
6f05154e-07a5-41e9-9c89-20e75c2d765b	28101	0.9999986934946752	high	Phyllobacterium myrsinacearum	Bacteria
a51fb8d3-09ca-4bea-9f12-df207f8451fc	28101	0.9999986934946752	high	Phyllobacterium myrsinacearum	Bacteria
454eaeaa-400e-410f-b078-ea9caf3f2089	28101	1.0	confident	Phyllobacterium myrsinacearum	Bacteria
742455b4-8cd5-4bcc-8ff3-605381e73890	28101	1.0	confident	Phyllobacterium myrsinacearum	Bacteria
c2abec15-3a81-436e-9807-c804663403e4	28101	0.9999986934946752	high	Phyllobacterium myrsinacearum	Bacteria
346ae93c-0a55-45d0-950a-f11aa5faa6f9	28101	0.9999986934946752	high	Phyllobacterium myrsinacearum	Bacteria
6228b9fe-f87a-461b-8389-61b38fa1d566	28101	0.9999986934946752	high	Phyllobacterium myrsinacearum	Bacteria
334b14e0-5484-4f6b-bcf4-ab9b97424312	28101	0.9999967535789408	high	Phyllobacterium myrsinacearum	Bacteria
b0867222-76ac-4ac6-9489-11d8c10ffc3a	28101	1.0	confident	Phyllobacterium myrsinacearum	Bacteria
8fb96b19-1a52-49fc-8a7e-fe43ac000cf0	28101	0.9999986934946752	high	Phyllobacterium myrsinacearum	Bacteria
9cb3b704-b751-4199-a27a-422df948bd54	28101	0.9999986934946752	high	Phyllobacterium myrsinacearum	Bacteria
bcd2481d-0adb-4678-becd-fa435ba4c46a	28101	0.9999986934946752	high	Phyllobacterium myrsinacearum	Bacteria
315705a8-e350-4858-83fc-93f6d31b3779	28101	0.9999986934946752	high	Phyllobacterium myrsinacearum	Bacteria
fa9d41f4-7e1b-4623-bdf9-9a48681917ff	28101	0.9999986934946752	high	Phyllobacterium myrsinacearum	Bacteria
0cb90b75-75c2-4f27-919c-8971f7e59549	28101	0.9999967535789408	high	Phyllobacterium myrsinacearum	Bacteria
41f18632-8c9d-47e7-b85f-a742e8507067	28101	1.0	confident	Phyllobacterium myrsinacearum	Bacteria
28ba69af-1785-47f9-a1fd-b7e71d8aaffc	28101	0.9999987119310862	high	Phyllobacterium myrsinacearum	Bacteria
9a60f115-b5ef-4f78-8aa8-62166348dc89	28101	0.9999986934946752	high	Phyllobacterium myrsinacearum	Bacteria
6c96020a-a103-43df-990b-8b93028c8f87	28101	1.0	confident	Phyllobacterium myrsinacearum	Bacteria
514bb446-45f7-4139-8823-0a99b0a0dbf7	28101	0.9999986934946752	high	Phyllobacterium myrsinacearum	Bacteria
1201990f-80b7-495b-bc37-464f73126dde	28101	0.9999986934946752	high	Phyllobacterium myrsinacearum	Bacteria
d4b08fda-328a-4971-bf3e-7c3b1262cccc	28101	0.9999986934946752	high	Phyllobacterium myrsinacearum	Bacteria
b3785b26-dd6f-46f3-948f-ae11de6f253f	28101	0.9999986934946752	high	Phyllobacterium myrsinacearum	Bacteria
fd239694-7198-47cd-a89f-3b84d6bcc017	28101	0.9999986934946752	high	Phyllobacterium myrsinacearum	Bacteria
f36fc12d-4c4b-4c94-a958-20dbdaab73fb	28101	1.0	confident	Phyllobacterium myrsinacearum	Bacteria
623627ac-2525-4cdf-9a6a-548566eb5ca5	28101	0.9999919795140582	high	Phyllobacterium myrsinacearum	Bacteria
37637187-65c8-4032-a7d3-2d0e032618a7	28101	0.9999919332748716	high	Phyllobacterium myrsinacearum	Bacteria
38c03a28-49dd-49f3-906e-a7599a7d534e	28101	1.0	confident	Phyllobacterium myrsinacearum	Bacteria
f1db4e62-20a3-49b9-90f1-efe8962750b0	28101	0.9999968559744206	high	Phyllobacterium myrsinacearum	Bacteria
7e27bdaf-6bf3-49ba-bf65-67818701da0c	28101	0.9999986934946752	high	Phyllobacterium myrsinacearum	Bacteria
e98cd086-297d-4bf7-834e-e1aa15ecca02	28101	0.9999986934946752	high	Phyllobacterium myrsinacearum	Bacteria
0346160e-ef6a-4de3-b9c8-c8fb1e225d57	28101	0.9999986934946752	high	Phyllobacterium myrsinacearum	Bacteria
71de1637-20c1-4d11-852e-a02d085dbc98	28101	0.9999992235001944	high	Phyllobacterium myrsinacearum	Bacteria
f1580d9f-8257-4e10-bd5a-236056c3b492	28101	0.9999967535789408	high	Phyllobacterium myrsinacearum	Bacteria
d02a1f23-b79b-44cb-8adf-1447fe2011ad	28101	1.0	confident	Phyllobacterium myrsinacearum	Bacteria
c1b3aa88-8dce-41be-9690-f5e6990dc425	28101	0.9999967535789408	high	Phyllobacterium myrsinacearum	Bacteria
b36127ca-7e3a-4a09-9371-b17e91c45133	28101	1.0	confident	Phyllobacterium myrsinacearum	Bacteria
0187483c-cec5-4755-9908-a205abd6af11	28101	0.9999986934946752	high	Phyllobacterium myrsinacearum	Bacteria
4d2259f7-8989-4fb2-b85f-f3b47bb4c20b	28101	1.0	confident	Phyllobacterium myrsinacearum	Bacteria
d4a872d0-be14-4ef5-af7c-78e513a50790	28101	0.9999986934946752	high	Phyllobacterium myrsinacearum	Bacteria
35919656-24d2-4692-ae0d-4a31c3151aca	28101	1.0	confident	Phyllobacterium myrsinacearum	Bacteria
6fbdb6c5-120d-4d58-b35d-3238eec30afa	28101	0.9999986934946752	high	Phyllobacterium myrsinacearum	Bacteria
b882416c-5f16-468c-a909-121627040f19	28101	0.9999967535789408	high	Phyllobacterium myrsinacearum	Bacteria
91e9fec7-c02b-42d4-8ed7-856425943872	28101	0.9999986934946752	high	Phyllobacterium myrsinacearum	Bacteria
f60d583e-ce61-4b8e-8eeb-95bd6fdf38d8	28101	0.9999986934946752	high	Phyllobacterium myrsinacearum	Bacteria
b102ca56-b8e3-42b6-9b7f-916b661954ab	2718938	0.9999998213858567	high	Phyllobacterium sp. 628	Bacteria
61366ee3-2262-45b4-b868-81830fd634f9	28101	0.9999986934946752	high	Phyllobacterium myrsinacearum	Bacteria
20a0d237-5af4-4ef0-b7fb-d2e9651a2336	28101	0.9999986934946752	high	Phyllobacterium myrsinacearum	Bacteria
c5c045e6-ebfd-46a9-b00a-fe3d07a5347d	28101	0.9999986934946752	high	Phyllobacterium myrsinacearum	Bacteria
5950b1cc-e4be-429f-b567-de4b7f6bdc37	28101	0.9999986934946752	high	Phyllobacterium myrsinacearum	Bacteria
c803a802-78d3-4b6d-b2c1-6c086a9b0836	28101	0.9999919332748716	high	Phyllobacterium myrsinacearum	Bacteria
bf397c1a-28eb-48b8-84b8-a9274e675682	28101	1.0	confident	Phyllobacterium myrsinacearum	Bacteria
95436556-b3d4-47cc-bf55-82370d5fe6dd	28101	0.9999986934946752	high	Phyllobacterium myrsinacearum	Bacteria
26b1940c-e7df-4f0c-a5c1-a6165d8815a5	28101	0.9999986934946752	high	Phyllobacterium myrsinacearum	Bacteria
bc2e9609-e94f-4849-9784-c56b5eb38227	28101	1.0	confident	Phyllobacterium myrsinacearum	Bacteria
fb1b66d4-3d03-43de-8dcf-8e4c0b94f022	28101	0.9999967535789408	high	Phyllobacterium myrsinacearum	Bacteria
ccb8cb65-5c3e-4a67-8fc6-73e96aacfb4b	28101	0.9999986934946752	high	Phyllobacterium myrsinacearum	Bacteria
43ca229c-59e4-43b0-ba61-389a4a13f8c9	28101	0.9999986934946752	high	Phyllobacterium myrsinacearum	Bacteria
9688c852-73c7-41d7-becf-922345582507	28101	0.9999986934946752	high	Phyllobacterium myrsinacearum	Bacteria
5464b55b-b436-42cb-99cd-5417e855ed11	28101	0.9999986934946752	high	Phyllobacterium myrsinacearum	Bacteria
320706d6-e7dc-4560-aed9-450492d4cf7c	28101	0.9999986934946752	high	Phyllobacterium myrsinacearum	Bacteria
4ce8eb31-a762-45b3-9441-06403fc882fd	28101	0.9999986934946752	high	Phyllobacterium myrsinacearum	Bacteria
6e6715ff-294e-4dc6-bb2d-3c331c8abbf7	28101	0.9999986934946752	high	Phyllobacterium myrsinacearum	Bacteria
05be9921-f301-4564-aa0c-1442533779fc	28101	0.9999986934946752	high	Phyllobacterium myrsinacearum	Bacteria
25c6dde7-29b6-4f55-a8cc-cee0274204f6	28101	0.9720599562634704	high	Phyllobacterium myrsinacearum	Bacteria
b18adf88-3c54-4c47-b3cd-a5d5d041ef15	28101	0.9999986934946752	high	Phyllobacterium myrsinacearum	Bacteria
dda2dbe5-2cc7-4269-bae0-d9504b106aed	28101	0.9999986934946752	high	Phyllobacterium myrsinacearum	Bacteria
187bc19f-62de-4f6d-a126-791c939c20ba	28101	0.9999986934946752	high	Phyllobacterium myrsinacearum	Bacteria
91d675d3-e052-4115-b76d-590734e068d8	28101	0.9999986934946752	high	Phyllobacterium myrsinacearum	Bacteria
5fd15487-74c7-479d-b2b3-aede61fc30e5	28101	1.0	confident	Phyllobacterium myrsinacearum	Bacteria
dc86e41c-4340-45d5-8553-9bd7460e3a18	28101	0.9999986934946752	high	Phyllobacterium myrsinacearum	Bacteria
9d07aef1-ccd3-471b-9188-456ab88e500e	28101	1.0	confident	Phyllobacterium myrsinacearum	Bacteria
87d3c4e2-5877-443c-aeaf-a32a6c0ccc4c	28101	1.0	confident	Phyllobacterium myrsinacearum	Bacteria
ba9b5f78-6276-4103-a42c-fbda4cddb026	28101	1.0	confident	Phyllobacterium myrsinacearum	Bacteria
a2570479-2092-423e-a15b-1b800cee10b6	28101	0.9999986934946752	high	Phyllobacterium myrsinacearum	Bacteria
c6b1f520-1c0b-4c5e-a728-09327d6e16a9	28101	0.9999967535789408	high	Phyllobacterium myrsinacearum	Bacteria
29cfa24e-9f1b-4dea-873b-94c0d77b038a	756892	1.0	confident	Acinetobacter indicus	Bacteria
3937de01-1877-4302-94a3-3f8a6adf3a70	756892	1.0	confident	Acinetobacter indicus	Bacteria
34698f23-1361-4e49-8129-f1880f9b1369	756892	1.0	confident	Acinetobacter indicus	Bacteria
82fedd58-fd28-4abf-b4a7-6c2008a6615e	756892	1.0	confident	Acinetobacter indicus	Bacteria
52c6573f-bcfa-47aa-8b89-dde4e3588737	756892	1.0	confident	Acinetobacter indicus	Bacteria
ffc20958-3710-49ff-871b-117b36fdeb60	756892	1.0	confident	Acinetobacter indicus	Bacteria
b10feb95-6a66-4729-924b-08fb1f35eec1	756892	1.0	confident	Acinetobacter indicus	Bacteria
3c75c69d-ff15-445b-8dc8-f2be536b18d4	756892	1.0	confident	Acinetobacter indicus	Bacteria
2ef2c572-2cae-4138-8498-125b381dfb65	756892	1.0	confident	Acinetobacter indicus	Bacteria
7030f2fc-83ec-42db-b9c1-a0b3c72cf2af	756892	1.0	confident	Acinetobacter indicus	Bacteria
bf2e534f-54da-406a-b86a-9f183acbe915	756892	1.0	confident	Acinetobacter indicus	Bacteria
d8efd2f9-91a5-47b1-bbd6-de56929e1404	756892	1.0	confident	Acinetobacter indicus	Bacteria
2c3abb16-fece-457e-b8d2-08f2aa1a818b	756892	1.0	confident	Acinetobacter indicus	Bacteria
76286b90-5d14-417e-8672-17cedea20b27	756892	1.0	confident	Acinetobacter indicus	Bacteria
2a153a24-360f-43dd-a8e6-4d1d1e7a87da	756892	1.0	confident	Acinetobacter indicus	Bacteria
5a6781b8-8972-47d5-8108-3414a147362f	756892	1.0	confident	Acinetobacter indicus	Bacteria
8ff6da1b-abc8-4b52-b069-10821027e613	756892	1.0	confident	Acinetobacter indicus	Bacteria
fb513a29-430e-4ff9-9b64-fd27dfa000d4	756892	1.0	confident	Acinetobacter indicus	Bacteria
53ef2283-1aaf-4f6a-be30-a500f06fbd38	756892	1.0	confident	Acinetobacter indicus	Bacteria
211c0c60-1395-4131-bf64-d31dbefc67d1	756892	1.0	confident	Acinetobacter indicus	Bacteria
cef8d51f-fe0b-4aca-aca4-2110b3cb4a66	756892	1.0	confident	Acinetobacter indicus	Bacteria
852874f3-b6d4-44e5-9455-4b8b4b6ee877	756892	1.0	confident	Acinetobacter indicus	Bacteria
c63fe002-9dda-475f-a0c5-5b66cb1cbc30	756892	1.0	confident	Acinetobacter indicus	Bacteria
4d0a3eed-cb67-445b-86d2-5a8c0e323dbe	756892	1.0	confident	Acinetobacter indicus	Bacteria
addc396e-2e4f-4b43-a342-d210870d8407	756892	1.0	confident	Acinetobacter indicus	Bacteria
88cdc00d-6533-4fa8-ac65-36c006a93546	756892	1.0	confident	Acinetobacter indicus	Bacteria
79cc7fd6-6111-408b-8157-366635be5d02	756892	1.0	confident	Acinetobacter indicus	Bacteria
4d0ed42e-974d-4ece-92e9-a5f4577a38ca	756892	1.0	confident	Acinetobacter indicus	Bacteria
48504632-2d48-4ca0-8005-5491390970bf	756892	1.0	confident	Acinetobacter indicus	Bacteria
9ab5383f-9609-4d4e-9623-eaa07a50238f	756892	1.0	confident	Acinetobacter indicus	Bacteria
035917b4-eae1-4b3a-ae19-8357761355e3	756892	1.0	confident	Acinetobacter indicus	Bacteria
81ecad36-7024-4596-9c58-f4f2795b353d	756892	1.0	confident	Acinetobacter indicus	Bacteria
ba9c895a-308d-44dd-8c3e-ffb08b20b6a0	756892	1.0	confident	Acinetobacter indicus	Bacteria
7a7112ed-c9be-4924-ad44-efabdf9a45dc	756892	1.0	confident	Acinetobacter indicus	Bacteria
0eb1a3b9-ebca-48ec-861a-fe0f8ab42923	756892	1.0	confident	Acinetobacter indicus	Bacteria
5e4dce44-9336-42d0-9631-b7fa6edd81ac	756892	1.0	confident	Acinetobacter indicus	Bacteria
2de11c4a-858b-4fd0-858b-aad7a718f92c	756892	1.0	confident	Acinetobacter indicus	Bacteria
dd76fe2f-2358-46ec-91e5-540f94e5b3ac	756892	1.0	confident	Acinetobacter indicus	Bacteria
2d11834e-31d8-44ea-8055-9a707a3b36c2	756892	1.0	confident	Acinetobacter indicus	Bacteria
8354c01d-208e-4bc4-b55c-21b89becd409	756892	1.0	confident	Acinetobacter indicus	Bacteria
27bfcd6a-b752-41a2-add9-01631f790286	756892	1.0	confident	Acinetobacter indicus	Bacteria
bca0757b-1515-4ccd-a2b0-a4158d7289f7	756892	1.0	confident	Acinetobacter indicus	Bacteria
1c12e554-1e04-4a44-9914-491c4ec729d1	756892	1.0	confident	Acinetobacter indicus	Bacteria
abc397b5-b9ff-4ab5-a39a-e5d794a0be51	756892	1.0	confident	Acinetobacter indicus	Bacteria
7a4c5d70-5e0d-423a-80c0-e14eaaa7f6e4	756892	1.0	confident	Acinetobacter indicus	Bacteria
11d18acb-ea45-4d6d-96ae-efdd05ba0cf5	756892	1.0	confident	Acinetobacter indicus	Bacteria
adef6091-8717-4bc2-84f6-36216ff30c19	756892	1.0	confident	Acinetobacter indicus	Bacteria
1350467b-b190-4921-b291-5dd62225db40	756892	1.0	confident	Acinetobacter indicus	Bacteria
ef51d8e3-7360-41a3-8ba5-b59c016a6ab4	756892	1.0	confident	Acinetobacter indicus	Bacteria
70ceda38-c1f5-4ab4-9972-bd7c03934530	756892	1.0	confident	Acinetobacter indicus	Bacteria
ac5e246c-1ee2-4ce5-b826-579eabed51b9	756892	1.0	confident	Acinetobacter indicus	Bacteria
5792fc01-6247-49fb-b718-679297ddf8cd	756892	1.0	confident	Acinetobacter indicus	Bacteria
77d303bd-0fd9-4c74-bfd8-6c472bce4185	756892	1.0	confident	Acinetobacter indicus	Bacteria
b1449bc9-b45e-4993-ba93-7847179147e9	756892	1.0	confident	Acinetobacter indicus	Bacteria
337775fd-2fe4-4f5a-a282-9b47ec03d275	756892	1.0	confident	Acinetobacter indicus	Bacteria
b9b767ed-48fe-4a01-94cc-296462138fd1	756892	1.0	confident	Acinetobacter indicus	Bacteria
f17c1a07-b42b-4ede-b847-e4556220aa2d	756892	1.0	confident	Acinetobacter indicus	Bacteria
9878f9f8-a625-449c-913a-1d7d06770d06	756892	1.0	confident	Acinetobacter indicus	Bacteria
017a8955-3475-4f37-b91a-9ca402d2a887	756892	1.0	confident	Acinetobacter indicus	Bacteria
98697a77-3c66-4496-a020-401617e69e44	756892	1.0	confident	Acinetobacter indicus	Bacteria
0a56ef8b-b56e-4e2d-ae07-91fa8736ba0f	756892	1.0	confident	Acinetobacter indicus	Bacteria
f96abc79-d1a3-4101-b8dd-0a0e4ecb2076	756892	1.0	confident	Acinetobacter indicus	Bacteria
66739f17-c03b-4a2a-b2af-182af58391ae	756892	1.0	confident	Acinetobacter indicus	Bacteria
3a3cd2b3-6bf2-4584-9bc3-e1ad4be8a3bb	756892	1.0	confident	Acinetobacter indicus	Bacteria
8e172573-023d-49b4-973f-cef6c7c43ba8	756892	1.0	confident	Acinetobacter indicus	Bacteria
bd9cf739-4ef5-44e4-ab2d-a576825cc31c	756892	1.0	confident	Acinetobacter indicus	Bacteria
55c00fd3-7045-4786-ab07-c9ef505f742d	756892	1.0	confident	Acinetobacter indicus	Bacteria
e4832669-d72a-48ba-9fea-055a7e33a7f0	756892	1.0	confident	Acinetobacter indicus	Bacteria
9dd67830-6f56-48ea-82af-05eacc69f05f	756892	1.0	confident	Acinetobacter indicus	Bacteria
10b71698-680a-483c-b846-fd44704d80a9	756892	1.0	confident	Acinetobacter indicus	Bacteria
a3df0137-b092-4206-8d1d-8170f6e3772a	756892	1.0	confident	Acinetobacter indicus	Bacteria
ce53038f-fa81-4b5d-8333-8d98d0896507	756892	1.0	confident	Acinetobacter indicus	Bacteria
9642c81d-477f-4dc5-b9c8-f4c685fea5b9	756892	1.0	confident	Acinetobacter indicus	Bacteria
c8d24437-b675-43dd-9066-47771f3f14e7	756892	1.0	confident	Acinetobacter indicus	Bacteria
86e1eb68-b3c4-4768-9e89-f47db1b0cd72	756892	1.0	confident	Acinetobacter indicus	Bacteria
41afca06-ef36-41c6-bce6-156578c3a732	756892	1.0	confident	Acinetobacter indicus	Bacteria
e872677d-9e1a-4981-bd34-9e3fa40603a6	756892	1.0	confident	Acinetobacter indicus	Bacteria
2e1c2f2a-009c-46a6-979c-c1255af50f7d	756892	1.0	confident	Acinetobacter indicus	Bacteria
335cbadf-3676-42ef-b6af-40a94cc8c460	756892	1.0	confident	Acinetobacter indicus	Bacteria
b9a58ff1-71f8-4e41-bf84-fd042e7ea056	756892	1.0	confident	Acinetobacter indicus	Bacteria
bc01ae51-71d9-4ce7-be64-336efbb885e8	756892	1.0	confident	Acinetobacter indicus	Bacteria
89c56e91-bf7a-474d-9037-422d041da452	756892	1.0	confident	Acinetobacter indicus	Bacteria
ccd5de61-797d-41e4-8bf3-8c6ec5a199aa	756892	1.0	confident	Acinetobacter indicus	Bacteria
bda9489e-03bb-4a7a-a06a-6f0f8c60e453	756892	1.0	confident	Acinetobacter indicus	Bacteria
c944d851-af0c-456d-91d3-1ace71a6c6b0	756892	1.0	confident	Acinetobacter indicus	Bacteria
e7a0e414-d8ec-4e3e-a78a-3e6edb254d81	756892	1.0	confident	Acinetobacter indicus	Bacteria
c265847c-9448-4e7f-9bac-72a39e91371c	756892	1.0	confident	Acinetobacter indicus	Bacteria
d9b96d64-4f9f-450b-a3a3-7cdacea857ba	756892	1.0	confident	Acinetobacter indicus	Bacteria
a97b19c7-78de-42ac-971c-935b10a10494	756892	1.0	confident	Acinetobacter indicus	Bacteria
99da782a-588b-43b3-9c51-1026e1bdeb8d	756892	1.0	confident	Acinetobacter indicus	Bacteria
23ed78d3-e466-4362-b87d-037357917791	756892	1.0	confident	Acinetobacter indicus	Bacteria
3c748e89-b9a1-4357-8fa6-f19e3de6c0c7	756892	1.0	confident	Acinetobacter indicus	Bacteria
7cd3772d-b1ad-4a0a-a9a9-2d8e56479ca1	756892	1.0	confident	Acinetobacter indicus	Bacteria
492f3031-a34d-429b-85d6-cb415b083312	756892	1.0	confident	Acinetobacter indicus	Bacteria
a28fda65-7b10-4388-9c3c-10328bbb6ce7	756892	1.0	confident	Acinetobacter indicus	Bacteria
cbe79138-1bd8-4167-99bc-dc473036bdef	756892	1.0	confident	Acinetobacter indicus	Bacteria
b289126d-8185-4118-941b-8372d53809b3	756892	1.0	confident	Acinetobacter indicus	Bacteria
7b98d711-a0e0-4ef3-9444-b39c79d89838	756892	1.0	confident	Acinetobacter indicus	Bacteria
07a51b79-8bc0-4f18-8356-4df1ce4b426a	756892	1.0	confident	Acinetobacter indicus	Bacteria
12a98d8e-9939-452c-8901-77fef29a5675	756892	1.0	confident	Acinetobacter indicus	Bacteria
d871e2ff-0c8d-4c19-b985-37f4c853af75	756892	1.0	confident	Acinetobacter indicus	Bacteria
dde6be06-63fd-471a-9a2b-cbf361c22ece	756892	1.0	confident	Acinetobacter indicus	Bacteria
7700edb2-7538-491d-bb2d-f37968ecd82a	756892	1.0	confident	Acinetobacter indicus	Bacteria
39f31eeb-9000-4c6c-856b-40965ae31802	756892	1.0	confident	Acinetobacter indicus	Bacteria
beb925aa-1a8b-4591-95d7-0b6b6919dd3d	756892	1.0	confident	Acinetobacter indicus	Bacteria
cd836084-ca42-4385-8d6a-b4e267b7a838	756892	1.0	confident	Acinetobacter indicus	Bacteria
7e48d4f0-837c-4e20-8e66-2b4ce7327329	756892	1.0	confident	Acinetobacter indicus	Bacteria
7b080e41-34b5-488b-8356-375703c1dd74	756892	1.0	confident	Acinetobacter indicus	Bacteria
e63b918d-5bd4-4386-8920-82c0d682311f	756892	1.0	confident	Acinetobacter indicus	Bacteria
7e76d5fc-965f-4a9c-b935-4e5150e3ef17	756892	1.0	confident	Acinetobacter indicus	Bacteria
3be10ac2-4ab5-4ab3-88ea-158dc4a7e1d1	756892	1.0	confident	Acinetobacter indicus	Bacteria
7902e4e0-2b4d-4c9e-8924-a4fc22b6a26c	756892	1.0	confident	Acinetobacter indicus	Bacteria
57090a6a-a699-42ee-b6df-1d0ea3fed2c3	756892	1.0	confident	Acinetobacter indicus	Bacteria
ee10a771-1030-4a93-bc95-603e481848cb	756892	1.0	confident	Acinetobacter indicus	Bacteria
86358b18-978f-468b-b110-ec5821ba5b0a	756892	1.0	confident	Acinetobacter indicus	Bacteria
8251916d-18ea-4ae6-aebe-12f7c4d47d60	756892	1.0	confident	Acinetobacter indicus	Bacteria
6e554774-c070-4c93-9127-e552162b8640	756892	1.0	confident	Acinetobacter indicus	Bacteria
0c16128c-b95e-484b-9f72-dc3ba542e2df	756892	1.0	confident	Acinetobacter indicus	Bacteria
3eefbe94-8d42-4b09-936f-76ef75970833	756892	1.0	confident	Acinetobacter indicus	Bacteria
8db72a43-2bdd-408d-a34b-c89005dc707d	756892	1.0	confident	Acinetobacter indicus	Bacteria
b28d258e-2659-46bb-ae65-28b0cf819a3f	756892	1.0	confident	Acinetobacter indicus	Bacteria
05a10030-2c41-4c78-85cc-671360d1fc47	756892	1.0	confident	Acinetobacter indicus	Bacteria
50914802-bad9-428b-9ef8-b483e0071992	756892	1.0	confident	Acinetobacter indicus	Bacteria
438cb5e2-d84c-4c3b-8fdd-45947d451474	756892	1.0	confident	Acinetobacter indicus	Bacteria
f5f212d4-e2ba-4f2c-bf9f-c93bcc191269	756892	1.0	confident	Acinetobacter indicus	Bacteria
9f31a163-7e5c-47fe-973d-1c6e5f44a5f1	756892	1.0	confident	Acinetobacter indicus	Bacteria
b2af1f1f-5355-473b-becf-6ceb597eec40	756892	1.0	confident	Acinetobacter indicus	Bacteria
925c9091-d5e7-4a5e-9416-0f48b61930cf	756892	1.0	confident	Acinetobacter indicus	Bacteria
8960a5e3-30ad-42f8-a52f-2abce09756ea	756892	1.0	confident	Acinetobacter indicus	Bacteria
4f185893-1646-400f-8409-af8f6d86bb29	756892	1.0	confident	Acinetobacter indicus	Bacteria
c3cd412d-f9fa-4bdd-bdc4-7c461984ee92	756892	1.0	confident	Acinetobacter indicus	Bacteria
aa4962d8-0b24-4cd0-bb17-8dda8106e399	756892	1.0	confident	Acinetobacter indicus	Bacteria
fe478d41-e000-4431-8c19-e6cd19aca889	756892	1.0	confident	Acinetobacter indicus	Bacteria
2042feac-59cd-4f05-8a0c-ed79983d7f00	756892	1.0	confident	Acinetobacter indicus	Bacteria
81f5dc75-8705-4dc8-90d8-2e73c7f0d418	756892	1.0	confident	Acinetobacter indicus	Bacteria
3a1ba718-5ef5-47fc-8f55-22b055948377	756892	1.0	confident	Acinetobacter indicus	Bacteria
3dfbcd27-07ab-4ab8-be4e-5aaf6592b9ac	756892	1.0	confident	Acinetobacter indicus	Bacteria
269b84e6-e44c-42b5-9e51-3f8a0acffc77	756892	1.0	confident	Acinetobacter indicus	Bacteria
de9d344a-5d6b-452e-b25a-cc03950eb789	756892	1.0	confident	Acinetobacter indicus	Bacteria
eaef0361-fd2c-42a0-88db-71c22b132dd7	756892	1.0	confident	Acinetobacter indicus	Bacteria
addeb798-a062-4e07-82d9-75066ae8e64b	756892	1.0	confident	Acinetobacter indicus	Bacteria
5b4b5b30-b22b-4198-8c21-e5ef40d3b159	756892	1.0	confident	Acinetobacter indicus	Bacteria
82641870-0df2-45d4-b01f-c9b6f81fac9e	756892	1.0	confident	Acinetobacter indicus	Bacteria
c8018806-c816-4d12-90cb-a8dfbd590837	756892	1.0	confident	Acinetobacter indicus	Bacteria
db60a5f3-7f7c-42c8-b725-fe8f82e2f90e	756892	1.0	confident	Acinetobacter indicus	Bacteria
41bc8e54-7ff2-4762-a7c0-e6c969748deb	756892	1.0	confident	Acinetobacter indicus	Bacteria
9f771fae-3257-43d2-8622-8259f0d6d250	756892	1.0	confident	Acinetobacter indicus	Bacteria
dd0acf2c-784b-40aa-9561-03aa0ec26aa2	756892	1.0	confident	Acinetobacter indicus	Bacteria
13aa1ff7-71fe-488e-a94e-b3b306456508	756892	1.0	confident	Acinetobacter indicus	Bacteria
7466adf6-8155-4632-bd55-394617e027c1	756892	1.0	confident	Acinetobacter indicus	Bacteria
d489b26a-71da-47ed-9e18-b51cff172029	756892	1.0	confident	Acinetobacter indicus	Bacteria
da56f640-fa27-45e6-976a-534a67f1a3f4	756892	1.0	confident	Acinetobacter indicus	Bacteria
0b47a3cc-64b5-40d1-ac7b-4f3665a450fe	756892	1.0	confident	Acinetobacter indicus	Bacteria
6edb3bd4-9719-4d79-810c-ff6b9d521ffa	756892	1.0	confident	Acinetobacter indicus	Bacteria
7d65ede3-807a-4044-8386-8208f2725880	756892	1.0	confident	Acinetobacter indicus	Bacteria
7dbd83e3-4ec5-451d-bc78-ffa679e24eca	756892	1.0	confident	Acinetobacter indicus	Bacteria
e3231fcc-7bf1-49f2-8fcf-44b64ed05f50	756892	1.0	confident	Acinetobacter indicus	Bacteria
1170195d-466a-435d-9a85-cba0e1b65d86	756892	1.0	confident	Acinetobacter indicus	Bacteria
7b76be03-5851-4da6-b279-cfde246e3445	756892	1.0	confident	Acinetobacter indicus	Bacteria
854bbbf0-452a-4536-b6cb-4bc1d99a9058	756892	1.0	confident	Acinetobacter indicus	Bacteria
816615b1-c9ae-4105-82fa-5d070b4f54ce	756892	1.0	confident	Acinetobacter indicus	Bacteria
d54b1605-b282-47c2-8d95-230d6b945cd5	756892	1.0	confident	Acinetobacter indicus	Bacteria
7629f018-137d-4f23-b47a-5eb9aeea53da	756892	1.0	confident	Acinetobacter indicus	Bacteria
b5c0848e-04b4-489a-8902-a83c53caa8b7	756892	1.0	confident	Acinetobacter indicus	Bacteria
2006c57c-230f-40fb-9c44-d0b0e0c273d2	756892	1.0	confident	Acinetobacter indicus	Bacteria
1f8a6200-7ff4-4d7c-8e92-36a61dc044f7	756892	1.0	confident	Acinetobacter indicus	Bacteria
0cb7e4f2-25e2-4adc-bdf1-9f19ae315c76	756892	1.0	confident	Acinetobacter indicus	Bacteria
e1b727e8-3889-4f2d-8344-8d6e532ee98b	756892	1.0	confident	Acinetobacter indicus	Bacteria
0b41589b-c0a8-4482-9800-af4812522850	756892	1.0	confident	Acinetobacter indicus	Bacteria
a5b64c48-f91d-4621-a4be-c55775339e09	756892	1.0	confident	Acinetobacter indicus	Bacteria
7d912908-58f5-482a-bedb-3b1094ac3eec	756892	1.0	confident	Acinetobacter indicus	Bacteria
7cbfb20d-75e4-4721-a7cc-55d15a2875ce	756892	1.0	confident	Acinetobacter indicus	Bacteria
305f6289-4455-4e1f-8b23-7c6fc548503c	756892	1.0	confident	Acinetobacter indicus	Bacteria
af593abc-ac05-4332-be24-a5286d000669	756892	1.0	confident	Acinetobacter indicus	Bacteria
ded1ed1a-657d-4e1b-9cfa-f2e8f5484af3	756892	1.0	confident	Acinetobacter indicus	Bacteria
7a097c1d-483e-4911-988b-e3ca90944859	756892	1.0	confident	Acinetobacter indicus	Bacteria
7de65288-a70b-49f8-8dbc-ee8259ea6f71	756892	1.0	confident	Acinetobacter indicus	Bacteria
8a8568cc-bb87-4c8e-ba64-7e8f837bbeaa	756892	1.0	confident	Acinetobacter indicus	Bacteria
853f962f-b4e4-466e-896b-7f376c39b1b1	756892	1.0	confident	Acinetobacter indicus	Bacteria
3e0f2ae5-518c-4508-8b74-9f99371ccc7a	756892	1.0	confident	Acinetobacter indicus	Bacteria
50398424-7ec3-4593-8a2b-07fc4ae13d12	756892	1.0	confident	Acinetobacter indicus	Bacteria
b68a58dd-5105-4d38-854d-2b8ba2e6de89	756892	1.0	confident	Acinetobacter indicus	Bacteria
190a1176-4aba-4379-894d-2d5e57aebc9a	756892	1.0	confident	Acinetobacter indicus	Bacteria
77bdccfd-936f-4550-92fd-b043b420f3fa	756892	1.0	confident	Acinetobacter indicus	Bacteria
2d1612b1-4e99-4ef9-aa8e-e23469a3845f	756892	1.0	confident	Acinetobacter indicus	Bacteria
4e36d7f5-8681-45ed-8b38-925ab1498a0b	756892	1.0	confident	Acinetobacter indicus	Bacteria
c752b534-198c-48fa-b987-177594e9d505	756892	1.0	confident	Acinetobacter indicus	Bacteria
1c4ae88c-b90c-4529-98c7-b5d5da91c512	756892	1.0	confident	Acinetobacter indicus	Bacteria
dd87f1e3-a30d-40dd-bcd9-d8dafc9185e4	756892	1.0	confident	Acinetobacter indicus	Bacteria
b7f21ad1-ebe8-43e5-83cb-eae557ba6615	756892	1.0	confident	Acinetobacter indicus	Bacteria
0b0adc73-ca4d-4483-8dd3-73a7cd7212fd	756892	1.0	confident	Acinetobacter indicus	Bacteria
9ffffffb-d250-4c1b-bd4a-f1e853830e14	756892	1.0	confident	Acinetobacter indicus	Bacteria
13a7d14a-7b8b-4c48-aa90-189c986787b3	756892	1.0	confident	Acinetobacter indicus	Bacteria
fafd6f66-7a3c-44ab-b2da-0d25d0280985	756892	1.0	confident	Acinetobacter indicus	Bacteria
40f60dfe-42c0-44ad-99cd-0ee844023f80	756892	1.0	confident	Acinetobacter indicus	Bacteria
8c468255-b778-4178-b402-417ec0852cba	756892	1.0	confident	Acinetobacter indicus	Bacteria
b8b8edde-bc3e-44da-96df-16cc983b5418	756892	1.0	confident	Acinetobacter indicus	Bacteria
1bcfe022-d0dd-4319-ab5e-efbb2cee4d0a	756892	1.0	confident	Acinetobacter indicus	Bacteria
ccb3cae5-9d93-41a9-8692-62e1a6254ab5	756892	1.0	confident	Acinetobacter indicus	Bacteria
6545850e-da1b-4422-82d5-18bd51377408	756892	1.0	confident	Acinetobacter indicus	Bacteria
351d698f-1d0f-4351-a6d5-e85be4528236	756892	1.0	confident	Acinetobacter indicus	Bacteria
070dad69-6873-448c-bfb2-48f7664a0e27	756892	1.0	confident	Acinetobacter indicus	Bacteria
5903270f-3f5b-4788-b45f-b59f3ce076d9	756892	1.0	confident	Acinetobacter indicus	Bacteria
b35f29b4-cc8f-4690-8705-8dcf21fdc987	756892	1.0	confident	Acinetobacter indicus	Bacteria
ee258029-9abc-4a7c-a402-54f4ab61c5ad	756892	1.0	confident	Acinetobacter indicus	Bacteria
70040e43-54b8-4a1e-a57e-cf0fbb5ab09e	756892	1.0	confident	Acinetobacter indicus	Bacteria
a7e31779-c78e-4626-866f-13bf4dd4cbb0	756892	1.0	confident	Acinetobacter indicus	Bacteria
ff5b19a4-ca21-4110-bf5a-56a1b964618d	756892	1.0	confident	Acinetobacter indicus	Bacteria
f2fb1c7c-741c-4b84-a767-c9d8a90e21ef	756892	1.0	confident	Acinetobacter indicus	Bacteria
d445e535-630f-49f8-b6fb-a46958e6e99f	756892	1.0	confident	Acinetobacter indicus	Bacteria
264525b8-35a2-4f10-91fb-e9b2d740d5f7	756892	1.0	confident	Acinetobacter indicus	Bacteria
1a46eaab-42b4-42a3-85e1-8cb5b153207b	756892	1.0	confident	Acinetobacter indicus	Bacteria
86437bc9-449e-4951-9900-b0702cf5434c	756892	1.0	confident	Acinetobacter indicus	Bacteria
3651909c-6e50-4d37-a18a-679be6c4fbeb	756892	1.0	confident	Acinetobacter indicus	Bacteria
070c6c40-c0b4-4aff-817d-699e40237edf	756892	1.0	confident	Acinetobacter indicus	Bacteria
8d11c97a-d986-4046-954f-205a30b0370c	756892	1.0	confident	Acinetobacter indicus	Bacteria
53441836-33c5-465d-b260-6bbe27bb82e5	756892	1.0	confident	Acinetobacter indicus	Bacteria
e80a2a40-45af-44ea-86ec-a4b4b8e0cf1b	756892	1.0	confident	Acinetobacter indicus	Bacteria
adf093dc-2764-479a-8eba-3a7fe5cd9720	756892	1.0	confident	Acinetobacter indicus	Bacteria
f6b887a3-03c8-4593-a94e-9e6185926222	756892	1.0	confident	Acinetobacter indicus	Bacteria
026bf7d8-2c76-4724-8c79-49c30ea2287a	756892	1.0	confident	Acinetobacter indicus	Bacteria
c50c801a-0a4e-4419-84a5-2b112d32b1cf	756892	1.0	confident	Acinetobacter indicus	Bacteria
6691c93d-af2b-4078-9af3-d06087a7815c	756892	1.0	confident	Acinetobacter indicus	Bacteria
1642a170-5a9c-4464-842c-5d3d30f30145	756892	1.0	confident	Acinetobacter indicus	Bacteria
3977ee53-1323-46a0-be9a-e658d51b731b	756892	1.0	confident	Acinetobacter indicus	Bacteria
536ec5a3-81d6-4e31-a102-f7daca175b60	756892	1.0	confident	Acinetobacter indicus	Bacteria
978d08ee-3920-4bc4-a931-6180cbb0238d	756892	1.0	confident	Acinetobacter indicus	Bacteria
c2a129de-14ab-4fa4-b857-32874514a762	756892	1.0	confident	Acinetobacter indicus	Bacteria
eb02d4fd-c8bc-4ae8-894f-a60de038aa47	756892	1.0	confident	Acinetobacter indicus	Bacteria
5e67983e-50a9-4779-bd3c-b4c9f7777b2e	756892	1.0	confident	Acinetobacter indicus	Bacteria
c88990d5-7638-4b91-8241-411df087b6a0	756892	1.0	confident	Acinetobacter indicus	Bacteria
ad028bcf-9136-4afd-8454-e5ef79b120fd	756892	1.0	confident	Acinetobacter indicus	Bacteria
13840a96-bce9-45fa-abdf-f0a4a1f70d8b	756892	1.0	confident	Acinetobacter indicus	Bacteria
91fc986e-f641-42dd-aca4-f6ba681a48ff	756892	1.0	confident	Acinetobacter indicus	Bacteria
6206e079-d87f-4fa7-886d-aa4ebdd48353	756892	1.0	confident	Acinetobacter indicus	Bacteria
196242b0-2dc2-4d0c-aa53-43684619ac9c	756892	1.0	confident	Acinetobacter indicus	Bacteria
f0ba9910-0e5a-4271-90af-31ad427ccc1a	756892	1.0	confident	Acinetobacter indicus	Bacteria
526d7a43-1840-4d7e-8e64-ef38b8b41c55	756892	1.0	confident	Acinetobacter indicus	Bacteria
b39a382d-7970-48ae-a62d-033fc9708b1b	756892	1.0	confident	Acinetobacter indicus	Bacteria
ce881ed6-086f-4679-9f47-d0c0272baf6f	756892	1.0	confident	Acinetobacter indicus	Bacteria
a4013f1f-afd6-4065-8537-918f228232e3	756892	1.0	confident	Acinetobacter indicus	Bacteria
b8994a5e-7ec0-4d56-864b-f9902acdfb7c	756892	1.0	confident	Acinetobacter indicus	Bacteria
0c34723a-a236-497d-9788-0bd37c9e6014	756892	1.0	confident	Acinetobacter indicus	Bacteria
b0063ef9-b076-413f-a484-4c06880616e6	756892	1.0	confident	Acinetobacter indicus	Bacteria
0edf39f6-961a-40d0-9de3-a7413bc22bb2	756892	1.0	confident	Acinetobacter indicus	Bacteria
d58dec92-7476-49ab-b314-a46a95dfa262	756892	1.0	confident	Acinetobacter indicus	Bacteria
735d45ed-4bd4-4972-9bb9-1708ac6dc6ca	756892	1.0	confident	Acinetobacter indicus	Bacteria
20272c9b-17b4-4afd-aa8b-a47ba4040748	756892	1.0	confident	Acinetobacter indicus	Bacteria
fd5ee8ca-6768-4061-9542-693cf934ef4c	756892	1.0	confident	Acinetobacter indicus	Bacteria
3e0ddf4d-32de-4e5e-b822-27870219cb35	756892	1.0	confident	Acinetobacter indicus	Bacteria
a183e92e-7a23-4b68-9715-674b873f522c	756892	1.0	confident	Acinetobacter indicus	Bacteria
4e16a217-d738-4c8d-ad04-685ccc7d1272	756892	1.0	confident	Acinetobacter indicus	Bacteria
bea3cc59-f5bc-4892-84da-3d1d449fd527	756892	1.0	confident	Acinetobacter indicus	Bacteria
d651c5ae-6592-4431-a73c-c5b6a7c34e80	756892	1.0	confident	Acinetobacter indicus	Bacteria
b1d7fc62-7e51-4e2f-b5bd-6cc8e6945175	756892	1.0	confident	Acinetobacter indicus	Bacteria
383ce77c-a65a-42e5-a5b7-14cc11b50ef9	756892	1.0	confident	Acinetobacter indicus	Bacteria
0ae7d37b-9043-40fb-9e38-f6c5a6675d87	756892	1.0	confident	Acinetobacter indicus	Bacteria
d0f5291b-0b99-406b-bf2b-dbdf3b52da81	756892	1.0	confident	Acinetobacter indicus	Bacteria
04ca4d93-664f-4a8c-bd7a-894ddc574aba	756892	1.0	confident	Acinetobacter indicus	Bacteria
9f2a8de9-9ab8-443e-ad48-44ff27246c6c	756892	1.0	confident	Acinetobacter indicus	Bacteria
8461a03b-319d-4770-b3a6-d85b6c549b6f	756892	1.0	confident	Acinetobacter indicus	Bacteria
84f985eb-24d7-48a1-8b0c-b860d21046fb	756892	1.0	confident	Acinetobacter indicus	Bacteria
8954197e-ae0e-488b-8e2c-8fddd896dd5a	756892	1.0	confident	Acinetobacter indicus	Bacteria
a2b5ecb8-4f37-422d-b517-9e710b6b8e03	756892	1.0	confident	Acinetobacter indicus	Bacteria
d9e19ffc-3acd-44af-9f57-3725e05626d2	756892	1.0	confident	Acinetobacter indicus	Bacteria
45313ccf-44f5-42f5-835d-bd37b4e2db5a	756892	1.0	confident	Acinetobacter indicus	Bacteria
ee12c094-6ae3-4b67-9c71-ae76453e75cf	756892	1.0	confident	Acinetobacter indicus	Bacteria
0255295a-8283-4235-b82a-51128e0d5789	756892	1.0	confident	Acinetobacter indicus	Bacteria
eefbf991-4f3e-4ed5-a4a2-140b77f40f0b	756892	1.0	confident	Acinetobacter indicus	Bacteria
624b74cd-3490-4178-82e9-3845853530bd	756892	1.0	confident	Acinetobacter indicus	Bacteria
0bc5c411-110a-436b-87d5-51c5c2f88152	756892	1.0	confident	Acinetobacter indicus	Bacteria
30e74deb-b141-47a3-a334-1f950fb1ffa8	756892	1.0	confident	Acinetobacter indicus	Bacteria
c97efc31-9ee8-4272-b6d5-1ef540f02645	756892	1.0	confident	Acinetobacter indicus	Bacteria
70660c22-33e5-4895-bc01-fe9748be7f0c	756892	1.0	confident	Acinetobacter indicus	Bacteria
91ecf22b-392f-4413-bae7-a5694a4068a1	756892	1.0	confident	Acinetobacter indicus	Bacteria
fe3b55b7-e152-49d7-ac78-c11609e07b74	756892	1.0	confident	Acinetobacter indicus	Bacteria
7dea59c6-5247-4a87-8d4c-d8880f1cc888	756892	1.0	confident	Acinetobacter indicus	Bacteria
9ca0dc72-d71b-4d2b-b66e-df4c1ed1998d	756892	1.0	confident	Acinetobacter indicus	Bacteria
3397150d-59db-47fb-b06c-fa460a94155c	756892	1.0	confident	Acinetobacter indicus	Bacteria
0c160de6-edbc-4d7f-9ff0-872177d26fa1	756892	1.0	confident	Acinetobacter indicus	Bacteria
4cc82988-8501-43b9-a9bd-774264e3f564	756892	1.0	confident	Acinetobacter indicus	Bacteria
732872ea-c994-4fcd-89d3-2d58ae9cae63	756892	1.0	confident	Acinetobacter indicus	Bacteria
d686afd5-39ed-4be7-ab22-7f942b455143	756892	1.0	confident	Acinetobacter indicus	Bacteria
93eb80bc-daad-489e-a265-8cb172e86bc2	756892	1.0	confident	Acinetobacter indicus	Bacteria
695dfe1e-9ec1-4993-984f-a41c5f2d49fa	756892	1.0	confident	Acinetobacter indicus	Bacteria
e8177261-08fd-49c0-a414-51be576d37bd	756892	1.0	confident	Acinetobacter indicus	Bacteria
7f590bcc-ec59-46ce-8531-991a2557c0fc	756892	1.0	confident	Acinetobacter indicus	Bacteria
99187232-ed21-4bc5-8805-7facf85f8865	756892	1.0	confident	Acinetobacter indicus	Bacteria
f5d79d49-e92e-49da-bb41-58e1f4633bf2	756892	1.0	confident	Acinetobacter indicus	Bacteria
42bc7452-4abe-45dd-9da5-fd580d063d9c	756892	1.0	confident	Acinetobacter indicus	Bacteria
5fddc8ad-bf08-4389-b9c8-7e63fbcfc5e2	756892	1.0	confident	Acinetobacter indicus	Bacteria
ea095cdd-e84c-4ede-a7db-f76345654757	756892	1.0	confident	Acinetobacter indicus	Bacteria
229241e8-9909-4da1-91d0-bb1a538d18fa	756892	1.0	confident	Acinetobacter indicus	Bacteria
8e54e081-31e1-438f-8604-b42d487df9a7	756892	1.0	confident	Acinetobacter indicus	Bacteria
7e2bf2f0-cc6e-4d60-aa09-b02f2c2bc287	756892	1.0	confident	Acinetobacter indicus	Bacteria
13320b4c-24be-49a9-aba0-e02b19102262	756892	1.0	confident	Acinetobacter indicus	Bacteria
597b4fa8-2444-45a7-bf69-4a2a91f99e2a	756892	1.0	confident	Acinetobacter indicus	Bacteria
ab2579cc-ae0e-4a86-bdac-d1763e550b76	756892	1.0	confident	Acinetobacter indicus	Bacteria
29c12904-4322-4198-8ffe-366beb6fa69a	756892	1.0	confident	Acinetobacter indicus	Bacteria
8e48c29a-6bec-48e9-998d-c2a057a4e8bf	756892	1.0	confident	Acinetobacter indicus	Bacteria
18ec564e-278b-470c-a1d7-ef1ca3eb2a43	756892	1.0	confident	Acinetobacter indicus	Bacteria
fdb11955-c906-4dd6-bb46-a40b077733bb	756892	1.0	confident	Acinetobacter indicus	Bacteria
3d08a0ec-384f-43d2-93d3-6e01e04765f9	756892	1.0	confident	Acinetobacter indicus	Bacteria
b82a4456-d31f-4860-87fb-535c09b8de31	756892	1.0	confident	Acinetobacter indicus	Bacteria
814fb345-e1da-4cf1-a108-b736a323bacb	756892	1.0	confident	Acinetobacter indicus	Bacteria
8908ad1f-178e-46e9-ab10-95ca6108b2bd	756892	1.0	confident	Acinetobacter indicus	Bacteria
e4d260af-885e-4e62-9bb0-42168e94f08b	756892	1.0	confident	Acinetobacter indicus	Bacteria
bd9abc77-7f9d-442d-a76f-81fe674503c6	756892	1.0	confident	Acinetobacter indicus	Bacteria
2c967cc3-57fe-47ef-a670-88cbf6bbe1ae	756892	1.0	confident	Acinetobacter indicus	Bacteria
b69f5837-51fa-40b5-9e10-b9ae979c20f1	756892	1.0	confident	Acinetobacter indicus	Bacteria
e223336e-7214-4e6d-9827-7c067cc6e2ad	756892	1.0	confident	Acinetobacter indicus	Bacteria
df8cac8c-0337-4682-a86b-7fdcd8b55dd7	756892	1.0	confident	Acinetobacter indicus	Bacteria
388964f6-8c1d-4445-9148-aa89bab194be	756892	1.0	confident	Acinetobacter indicus	Bacteria
15793b3f-e98c-414e-b6d0-74f593aaad5c	756892	1.0	confident	Acinetobacter indicus	Bacteria
097a9c7b-9830-4998-bc72-cecd3a7696d0	756892	1.0	confident	Acinetobacter indicus	Bacteria
45776b03-cd8f-47bc-8fcb-d07fd7547fd9	756892	1.0	confident	Acinetobacter indicus	Bacteria
1995c77e-b2e3-424a-8909-73f74450f1d5	756892	1.0	confident	Acinetobacter indicus	Bacteria
0a9f0435-a430-4200-a0c7-faf4b895899a	756892	1.0	confident	Acinetobacter indicus	Bacteria
16847721-5fec-4e49-ad15-36f3c4cd7163	756892	1.0	confident	Acinetobacter indicus	Bacteria
776ce9be-43e5-4752-9344-096aafa79a33	756892	1.0	confident	Acinetobacter indicus	Bacteria
0bfa063b-847e-46da-9ad9-96ea55c875f7	756892	1.0	confident	Acinetobacter indicus	Bacteria
c35d0826-b924-449d-876a-a5739e084b2a	756892	1.0	confident	Acinetobacter indicus	Bacteria
ee78ad14-56c5-4bb1-ab85-e2be9045a6a6	756892	1.0	confident	Acinetobacter indicus	Bacteria
adfc8c45-019f-46b6-a09b-337e81a02987	756892	1.0	confident	Acinetobacter indicus	Bacteria
fe1594f4-0215-40a7-af28-59aa20fef8a0	756892	1.0	confident	Acinetobacter indicus	Bacteria
68035e7d-a7fb-45e6-aacb-bf0bea9a5b16	756892	1.0	confident	Acinetobacter indicus	Bacteria
498e8576-2b95-4751-9b4e-74648e623e60	756892	1.0	confident	Acinetobacter indicus	Bacteria
954ff2ef-b0ba-4bac-b322-81646bb82902	756892	1.0	confident	Acinetobacter indicus	Bacteria
598787fc-0b85-4ea3-bf61-5a29c64bb176	2045010	1.0	confident	Citricoccus massiliensis	Bacteria
1f14fa7d-1825-4f2c-9172-d67e1994515a	2045010	1.0	confident	Citricoccus massiliensis	Bacteria
3cf83d60-bede-47f5-8559-de94a1910be9	2045010	1.0	confident	Citricoccus massiliensis	Bacteria
59a88043-25ee-4e07-896f-560b49a61794	2045010	1.0	confident	Citricoccus massiliensis	Bacteria
54578d46-4979-456e-875f-431d1bd42a3b	2045010	1.0	confident	Citricoccus massiliensis	Bacteria
93b6984b-fca6-4417-b810-849a70767904	2045010	1.0	confident	Citricoccus massiliensis	Bacteria
ea245f95-c495-4597-8988-1616bf35464d	2045010	1.0	confident	Citricoccus massiliensis	Bacteria
92b9b6cd-28d6-46fe-b718-43719c4b8eeb	2045010	1.0	confident	Citricoccus massiliensis	Bacteria
dabf6bd4-3a80-421d-a20f-322bc217bda0	2045010	1.0	confident	Citricoccus massiliensis	Bacteria
51c5aff5-d51e-442a-aa08-554e677f87c6	2045010	1.0	confident	Citricoccus massiliensis	Bacteria
c997a4c7-c538-4231-a41f-6ebaf89ae7ea	2045010	1.0	confident	Citricoccus massiliensis	Bacteria
418fa21e-0049-477f-a485-308c6543ae10	2045010	1.0	confident	Citricoccus massiliensis	Bacteria
4728c1ef-d8ce-401f-a013-0966b94820e8	2045010	1.0	confident	Citricoccus massiliensis	Bacteria
45465ad0-daa7-4003-a736-82dc65fcd14f	2045010	1.0	confident	Citricoccus massiliensis	Bacteria
7a8efdca-1886-4799-879f-3d86dc97a3f9	2045010	1.0	confident	Citricoccus massiliensis	Bacteria
1625cd3c-8679-4fa9-80f9-107f2d0bf84c	2045010	1.0	confident	Citricoccus massiliensis	Bacteria
a590ecd7-c01f-4eeb-9697-840c581a0b48	2045010	1.0	confident	Citricoccus massiliensis	Bacteria
0ad5af33-e0af-4683-a0b3-6c5addfd5af5	2045010	1.0	confident	Citricoccus massiliensis	Bacteria
53c006df-1035-4036-94c0-a60ccfb17377	2045010	1.0	confident	Citricoccus massiliensis	Bacteria
883ab26e-3b8f-4d37-b38f-cafbdc33e8be	2045010	1.0	confident	Citricoccus massiliensis	Bacteria
81e0fd35-6edb-453d-917c-25982172e129	2045010	1.0	confident	Citricoccus massiliensis	Bacteria
f8ced266-6c38-4fe1-a952-0231476b67cc	2045010	1.0	confident	Citricoccus massiliensis	Bacteria
60e7efc8-64b0-4e36-9d8e-4a4cca0107e6	2045010	1.0	confident	Citricoccus massiliensis	Bacteria
c455f9c7-ea67-476f-bdd6-0ee9577ef227	2045010	1.0	confident	Citricoccus massiliensis	Bacteria
e3e6e894-bbe1-4e3e-8207-0318a9d50bd5	2045010	1.0	confident	Citricoccus massiliensis	Bacteria
df2ae133-04c6-4237-8508-ecc65f368f4d	2045010	1.0	confident	Citricoccus massiliensis	Bacteria
24761db6-bb2d-470f-a1f7-da94b591a3b5	2045010	1.0	confident	Citricoccus massiliensis	Bacteria
64828d73-419d-406b-b67c-6dd6c02884cb	2045010	1.0	confident	Citricoccus massiliensis	Bacteria
664e6378-e39a-4f9a-944f-6a21d432f2d4	2045010	1.0	confident	Citricoccus massiliensis	Bacteria
b3bae309-d193-4d56-a6b6-d4e74b589b45	2045010	1.0	confident	Citricoccus massiliensis	Bacteria
f8fe4806-fa11-43db-8de5-41341b905781	2045010	1.0	confident	Citricoccus massiliensis	Bacteria
a3494956-2433-4305-b0d5-3efe57da4851	2045010	1.0	confident	Citricoccus massiliensis	Bacteria
678444c2-5349-4ab5-b327-45b9d1848b96	2045010	1.0	confident	Citricoccus massiliensis	Bacteria
9520b63b-c494-47e7-8a12-0ab7b2e7d0d0	2045010	1.0	confident	Citricoccus massiliensis	Bacteria
6aadafd9-bd28-4e3d-9094-713a7133894a	2045010	1.0	confident	Citricoccus massiliensis	Bacteria
9d5fdeec-7ed0-4a7d-bd78-ab3872be6341	2045010	1.0	confident	Citricoccus massiliensis	Bacteria
0223e7b7-e955-44d9-af9b-3d702e333ed7	2045010	1.0	confident	Citricoccus massiliensis	Bacteria
8f477e51-b413-4577-9abf-50cdb0fed54c	2045010	1.0	confident	Citricoccus massiliensis	Bacteria
25d68d9a-1ed8-4193-be96-ec6adc219b00	2045010	1.0	confident	Citricoccus massiliensis	Bacteria
c073cc1c-af7f-47e5-8a6d-119b2ba30d08	2045010	1.0	confident	Citricoccus massiliensis	Bacteria
1da2ae3c-1d10-4e16-bf9b-13c06b37a0c4	2045010	1.0	confident	Citricoccus massiliensis	Bacteria
92511650-1787-433a-b25b-2893510bd874	2045010	1.0	confident	Citricoccus massiliensis	Bacteria
97dd9872-9e9d-4f6e-8ca7-435807644b43	2045010	1.0	confident	Citricoccus massiliensis	Bacteria
0b7cf1bb-c568-40dd-a0f7-b3b7ec718b13	2045010	1.0	confident	Citricoccus massiliensis	Bacteria
a82f5277-515d-48a3-8f49-2a13bdbe74a9	2045010	1.0	confident	Citricoccus massiliensis	Bacteria
f4ed1f48-4159-41c6-95d4-6083527cf2eb	2045010	1.0	confident	Citricoccus massiliensis	Bacteria
9f529a19-3524-479b-bbfd-f392e0a10c47	2045010	1.0	confident	Citricoccus massiliensis	Bacteria
391f5692-b7f9-4e87-b779-9c9772b27882	2045010	1.0	confident	Citricoccus massiliensis	Bacteria
0ec2c0bb-6d34-4c5d-b366-6a1404074af7	2045010	1.0	confident	Citricoccus massiliensis	Bacteria
706a853c-ca06-4ed7-8e49-9a131cb4537e	2045010	1.0	confident	Citricoccus massiliensis	Bacteria
2c3d42f0-9bc3-41a2-8d5d-fb22b416bfff	2045010	1.0	confident	Citricoccus massiliensis	Bacteria
ff9937fc-90ff-437e-b486-20f5e4e34fc3	2045010	1.0	confident	Citricoccus massiliensis	Bacteria
a40125b6-83c8-479f-b1d2-78241ee5b35f	2045010	1.0	confident	Citricoccus massiliensis	Bacteria
e6bafc76-e1fe-42b7-8e21-74769d8b2c92	2045010	1.0	confident	Citricoccus massiliensis	Bacteria
a005c488-5b9a-4067-97b8-a9687af3b535	2045010	1.0	confident	Citricoccus massiliensis	Bacteria
632fc4d5-d08a-465c-8124-ef91bde891d7	2045010	1.0	confident	Citricoccus massiliensis	Bacteria
141b5d36-ed06-45bd-9b11-1721ad2e0d5e	2045010	1.0	confident	Citricoccus massiliensis	Bacteria
7d20b917-d1f4-4c5c-8434-7fa20e36b92a	2045010	1.0	confident	Citricoccus massiliensis	Bacteria
b77b86aa-1748-4a99-8ac7-dc2cf8197eb9	2045010	1.0	confident	Citricoccus massiliensis	Bacteria
fdb6fb2c-9ba7-4c70-8d08-c7bb81033683	2045010	1.0	confident	Citricoccus massiliensis	Bacteria
f6007fef-fb4d-4a71-9323-245a8d038744	2045010	1.0	confident	Citricoccus massiliensis	Bacteria
972ca69f-4b90-4beb-9a29-968e78e33b35	2045010	1.0	confident	Citricoccus massiliensis	Bacteria
aa8039d0-9eb4-462d-bc71-fb510eaefbab	2045010	1.0	confident	Citricoccus massiliensis	Bacteria
fd09f1d5-dcd5-44b8-90cd-626bfd44b076	2045010	1.0	confident	Citricoccus massiliensis	Bacteria
304d4c2e-5c01-4e67-85a1-62a63acc7be9	2045010	1.0	confident	Citricoccus massiliensis	Bacteria
5b01e620-5257-4f67-9ce1-42dfc01016cc	2045010	1.0	confident	Citricoccus massiliensis	Bacteria
92d06558-70ad-43d3-9733-109fc5c5e763	2045010	1.0	confident	Citricoccus massiliensis	Bacteria
221b9a21-9756-4871-87db-715f8b0b325d	2045010	1.0	confident	Citricoccus massiliensis	Bacteria
65277e87-ae64-46b4-8eb9-fd9416117e06	2045010	1.0	confident	Citricoccus massiliensis	Bacteria
64cc91f7-ebca-4e6e-b661-75826c63dfd0	2045010	1.0	confident	Citricoccus massiliensis	Bacteria
060cfa50-cdde-43a0-8e15-b128ec2a897b	2045010	1.0	confident	Citricoccus massiliensis	Bacteria
a140fb19-ea36-420c-afcc-9ae1103511c6	2045010	1.0	confident	Citricoccus massiliensis	Bacteria
2db9b858-1840-4d52-b3ad-c01e24235c0b	2045010	1.0	confident	Citricoccus massiliensis	Bacteria
cadc025f-47cf-45f6-a795-40c675f1217f	2045010	1.0	confident	Citricoccus massiliensis	Bacteria
3b7fc817-b60b-44cf-9ab1-a25d6672d8bd	2045010	1.0	confident	Citricoccus massiliensis	Bacteria
70b12558-84ae-4ad7-b2f3-cbe24cf6843b	2045010	1.0	confident	Citricoccus massiliensis	Bacteria
c3b299ae-5d3d-44bd-af93-9a095591dd6e	2045010	1.0	confident	Citricoccus massiliensis	Bacteria
acc47d4f-9747-44f4-b46b-8061ae042e45	2045010	1.0	confident	Citricoccus massiliensis	Bacteria
d356f286-48cc-4363-8586-f1708dcff89b	2045010	1.0	confident	Citricoccus massiliensis	Bacteria
670b2f5c-2a14-459f-b95a-ad1e402ad4d9	2045010	1.0	confident	Citricoccus massiliensis	Bacteria
77fda16c-e808-4bbc-bf87-6c4a8ed3c084	2045010	1.0	confident	Citricoccus massiliensis	Bacteria
34b6108a-46f8-4d63-baaf-dea0c8126acf	2045010	1.0	confident	Citricoccus massiliensis	Bacteria
3af64e12-ac76-4185-b714-f9d4f714c5be	2045010	1.0	confident	Citricoccus massiliensis	Bacteria
68aa65d4-789b-48a1-8886-8e13d7966bb3	2045010	1.0	confident	Citricoccus massiliensis	Bacteria
8aa8758e-3418-46f7-9d3f-211e7de73cf3	2045010	1.0	confident	Citricoccus massiliensis	Bacteria
79120119-108a-4e5d-ad96-b5cab9c98f80	2045010	1.0	confident	Citricoccus massiliensis	Bacteria
c5665280-d5bc-4333-a7f4-20f10b0185bd	2045010	1.0	confident	Citricoccus massiliensis	Bacteria
22afce81-1369-4cc0-8260-29ef788aa338	2045010	1.0	confident	Citricoccus massiliensis	Bacteria
19fb8228-d30f-4450-bf44-201e0b372c4c	2045010	1.0	confident	Citricoccus massiliensis	Bacteria
9a431341-571b-4fc6-b288-53426f5559d2	2045010	1.0	confident	Citricoccus massiliensis	Bacteria
870fe8f8-5af2-401c-85a7-050404185207	2045010	1.0	confident	Citricoccus massiliensis	Bacteria
7b2381e0-208d-4d90-87d6-3f149559f690	2045010	1.0	confident	Citricoccus massiliensis	Bacteria
974361c8-86d9-4738-937e-cb0227ccba16	2045010	1.0	confident	Citricoccus massiliensis	Bacteria
bc69a61c-249a-475a-b531-19e73ffdbb4c	2045010	1.0	confident	Citricoccus massiliensis	Bacteria
17817990-6807-428a-a3af-35127899ff89	2045010	1.0	confident	Citricoccus massiliensis	Bacteria
f9978657-0b95-499f-9d75-0f0ea3e2de95	2045010	1.0	confident	Citricoccus massiliensis	Bacteria
ae55bdbc-464f-4a5c-a9ce-9111bc7ca59e	2045010	1.0	confident	Citricoccus massiliensis	Bacteria
a8854a06-aea1-4046-9bdd-8e4d522399d5	2045010	1.0	confident	Citricoccus massiliensis	Bacteria
0db6e28c-7c3b-4c0e-9317-933702a2035c	2045010	1.0	confident	Citricoccus massiliensis	Bacteria
f164305e-9f89-4ac2-ac5e-f58bca2c23ad	2045010	1.0	confident	Citricoccus massiliensis	Bacteria
bbe38459-152b-4fc8-a9c5-6824a26b92ae	2045010	1.0	confident	Citricoccus massiliensis	Bacteria
258356ea-8ff0-4695-b09c-eb2b2bbd3d99	2045010	1.0	confident	Citricoccus massiliensis	Bacteria
4050c861-39ad-44e0-b482-d91dbf027dae	2045010	1.0	confident	Citricoccus massiliensis	Bacteria
0e258953-7728-4945-b0c6-d03b3902356f	2045010	1.0	confident	Citricoccus massiliensis	Bacteria
9cc647e1-8bb9-44b8-8914-89c9287528b5	2045010	1.0	confident	Citricoccus massiliensis	Bacteria
972b6a4c-50f8-45b8-b6f8-d8271aecfcbe	2045010	1.0	confident	Citricoccus massiliensis	Bacteria
88cf9dbc-b18e-47a6-9f61-2a63390748df	2045010	1.0	confident	Citricoccus massiliensis	Bacteria
d5525e2b-d925-4072-a430-11024de680e6	2045010	1.0	confident	Citricoccus massiliensis	Bacteria
070d3cbe-24c6-4017-842c-da149f2eef86	2045010	1.0	confident	Citricoccus massiliensis	Bacteria
bd0c159b-f639-4177-8d39-5edfab4b16de	2045010	1.0	confident	Citricoccus massiliensis	Bacteria
62330cec-e64b-4810-b2df-b58d3fbf88d8	2045010	1.0	confident	Citricoccus massiliensis	Bacteria
6ea333ff-ca53-4f2e-b223-97b701f4e56b	2045010	1.0	confident	Citricoccus massiliensis	Bacteria
ea993a56-5dce-4416-ae4f-7d31a0086b19	2045010	1.0	confident	Citricoccus massiliensis	Bacteria
31977f1c-9149-40ce-9d9e-a0ca35807fe8	2045010	1.0	confident	Citricoccus massiliensis	Bacteria
24704741-4d43-4198-b869-ca125e218049	2045010	1.0	confident	Citricoccus massiliensis	Bacteria
b47b276b-14d3-485c-948a-9c64fe188be3	2045010	1.0	confident	Citricoccus massiliensis	Bacteria
3b0dc59b-6738-44af-81c8-8895bdbae565	2045010	1.0	confident	Citricoccus massiliensis	Bacteria
b55851c1-a6e5-4a8d-a011-fa688917113a	2045010	1.0	confident	Citricoccus massiliensis	Bacteria
d4dcd55d-86a6-4a4a-b7bf-fc2805e42532	2045010	1.0	confident	Citricoccus massiliensis	Bacteria
f5950bf3-270f-4cc0-a71f-9e228c651159	2045010	1.0	confident	Citricoccus massiliensis	Bacteria
834485d7-f469-4c38-b6c9-d296bdd53cbd	2045010	1.0	confident	Citricoccus massiliensis	Bacteria
f1e6e536-1a7b-45b3-9c8e-47b6e5caa0e9	2045010	1.0	confident	Citricoccus massiliensis	Bacteria
297c8b4c-98d7-4bbc-94de-d162e46d667f	2045010	1.0	confident	Citricoccus massiliensis	Bacteria
369a361d-2b84-4884-a9ff-167843e54cf0	2045010	1.0	confident	Citricoccus massiliensis	Bacteria
6f46e4f6-c3d1-47e0-9feb-ccb885df1c9c	2045010	1.0	confident	Citricoccus massiliensis	Bacteria
4ccaa8f5-fb26-4779-9e99-81f09354e9df	2045010	1.0	confident	Citricoccus massiliensis	Bacteria
816710fc-4009-429e-8b92-2b0245fa529c	2045010	1.0	confident	Citricoccus massiliensis	Bacteria
4560db8a-fe7d-4089-ab66-dc4537d2d36d	2045010	1.0	confident	Citricoccus massiliensis	Bacteria
34aff432-7901-45f7-876c-26cb63db69e5	2045010	1.0	confident	Citricoccus massiliensis	Bacteria
5ff70a27-7ae9-4b30-872c-c312758356cb	2045010	1.0	confident	Citricoccus massiliensis	Bacteria
537a79cc-5bb1-4ab2-8ff7-c71a6de1e005	2045010	1.0	confident	Citricoccus massiliensis	Bacteria
96c3ade0-b1bc-4414-a55e-06f409cbc37d	2045010	1.0	confident	Citricoccus massiliensis	Bacteria
d2e35ed2-3e5a-4646-97fb-4bd05a025b6e	2045010	1.0	confident	Citricoccus massiliensis	Bacteria
a15d7798-ffdd-4d36-ad52-5f43ceeecdea	2045010	1.0	confident	Citricoccus massiliensis	Bacteria
68fa5f97-ae2b-48c4-80e5-6ec8b01ee79b	2045010	1.0	confident	Citricoccus massiliensis	Bacteria
a32c4c29-2207-490f-a885-2cf5944731a1	2045010	1.0	confident	Citricoccus massiliensis	Bacteria
b5a09674-cadb-4e02-ae47-aea067a9c515	2045010	1.0	confident	Citricoccus massiliensis	Bacteria
029e882f-cfa1-420d-952d-3c5819349708	2045010	1.0	confident	Citricoccus massiliensis	Bacteria
4efc2d6b-f51a-4126-a351-7e2c776e7fc4	2045010	1.0	confident	Citricoccus massiliensis	Bacteria
e2bc8fbb-5f94-48f6-89cd-cb95a50e5948	2045010	1.0	confident	Citricoccus massiliensis	Bacteria
79e213d5-faa2-4d99-a9a0-b5611f49bcf9	2045010	1.0	confident	Citricoccus massiliensis	Bacteria
38d1f02a-3e39-4803-83d6-cbf4c4d77300	2045010	1.0	confident	Citricoccus massiliensis	Bacteria
14f2ac56-78f8-4875-a505-8daec862298b	2045010	1.0	confident	Citricoccus massiliensis	Bacteria
0464e1d4-bc3f-4f4d-8c2a-5a6ed08f3567	2045010	1.0	confident	Citricoccus massiliensis	Bacteria
244329a3-09cb-44e4-a02f-166a8e46f75c	2045010	1.0	confident	Citricoccus massiliensis	Bacteria
3794ac3b-8dba-4552-a5ab-990b4d592644	2045010	1.0	confident	Citricoccus massiliensis	Bacteria
284e5eaf-1abc-4dea-86d5-1317ae044175	2045010	1.0	confident	Citricoccus massiliensis	Bacteria
1110c7da-5ac1-4835-815f-0450e9a86ba0	2045010	1.0	confident	Citricoccus massiliensis	Bacteria
1db61c89-ca83-451e-ba26-383c85b6604c	2045010	1.0	confident	Citricoccus massiliensis	Bacteria
dbd2e5e9-5966-4dba-ae45-0c166c787cb8	2045010	1.0	confident	Citricoccus massiliensis	Bacteria
a9881f27-b3d6-498c-9804-b0a1b229642d	2045010	1.0	confident	Citricoccus massiliensis	Bacteria
ca118a75-cfe1-4ea4-8c3c-0cba436a607c	2045010	1.0	confident	Citricoccus massiliensis	Bacteria
5f4fb349-fbed-47d8-8aef-5e21a8d9ba77	2045010	1.0	confident	Citricoccus massiliensis	Bacteria
9e948b25-8201-4db6-850e-645c4e296fc1	2045010	1.0	confident	Citricoccus massiliensis	Bacteria
eca39c25-b41a-4904-9cc8-8112dbcdb836	2045010	1.0	confident	Citricoccus massiliensis	Bacteria
891095fd-42ba-41d8-b19e-0ee6690c1678	2045010	1.0	confident	Citricoccus massiliensis	Bacteria
7638d77f-4b77-444e-9f5e-1649abbcfd24	2045010	1.0	confident	Citricoccus massiliensis	Bacteria
f97fca24-6ced-4f6a-b71b-6a6a3d18a80c	2045010	1.0	confident	Citricoccus massiliensis	Bacteria
954adc24-17be-46fd-a208-e084b1c1239d	2045010	1.0	confident	Citricoccus massiliensis	Bacteria
7bbf3f3f-2989-4962-be0b-0c50ae52a8aa	2045010	1.0	confident	Citricoccus massiliensis	Bacteria
e33d5514-bf6b-4475-87a1-f2cf72bad96d	2045010	1.0	confident	Citricoccus massiliensis	Bacteria
57c25dcd-cd8f-419b-9282-78f429a98b68	2045010	1.0	confident	Citricoccus massiliensis	Bacteria
981fe043-032c-4ec9-aa5a-e93485f40f52	2045010	1.0	confident	Citricoccus massiliensis	Bacteria
3ea962fe-8a5e-426c-b5ca-e7f070896ac2	2045010	1.0	confident	Citricoccus massiliensis	Bacteria
aff4456a-14e4-4620-a79f-5b1d94f2df95	2045010	1.0	confident	Citricoccus massiliensis	Bacteria
f1ab2fc9-d2ad-4662-900d-0dc8d4255d1e	2045010	1.0	confident	Citricoccus massiliensis	Bacteria
c517c964-53e2-401f-8b8c-58d2fbf5455f	2045010	1.0	confident	Citricoccus massiliensis	Bacteria
d8275888-5e79-4419-bfa0-4e803606f049	2045010	1.0	confident	Citricoccus massiliensis	Bacteria
fdb23ac3-409f-4337-a797-8b03e137b720	2045010	1.0	confident	Citricoccus massiliensis	Bacteria
4c1408d8-1177-4ee3-8e90-8571afbf2b14	2045010	1.0	confident	Citricoccus massiliensis	Bacteria
4af35a65-2d28-4675-8daf-16d4f1592b05	2045010	1.0	confident	Citricoccus massiliensis	Bacteria
d95f535c-9ea8-468c-b73e-a9d0a001b6ad	2045010	1.0	confident	Citricoccus massiliensis	Bacteria
a477d45c-8fd2-4376-b159-a1f7ed6de737	2045010	1.0	confident	Citricoccus massiliensis	Bacteria
cd55892e-4b1a-4669-bdc8-6b5de3aebca9	2045010	1.0	confident	Citricoccus massiliensis	Bacteria
ef534630-e738-4f90-998c-8722392389d5	2045010	1.0	confident	Citricoccus massiliensis	Bacteria
2469a0fc-5296-43e0-814f-f3887b93d5c2	202611	1.0	confident	Lysinibacillus odysseyi	Bacteria
bb34146f-afd6-4c13-89b9-bf5255c75cd5	202611	1.0	confident	Lysinibacillus odysseyi	Bacteria
c2125b45-dae5-4a75-a6fc-f96e03d58fc2	202611	1.0	confident	Lysinibacillus odysseyi	Bacteria
fc22f57d-99fa-4d9f-99c7-744adbad2efd	202611	1.0	confident	Lysinibacillus odysseyi	Bacteria
fb0b9c6e-7c81-4aff-a9c5-b03f1ab2a889	202611	1.0	confident	Lysinibacillus odysseyi	Bacteria
a254d837-c258-416e-aae1-70204ef57da8	202611	1.0	confident	Lysinibacillus odysseyi	Bacteria
b61e696f-3ea4-49dc-bdb2-e5ccd25bacbe	202611	1.0	confident	Lysinibacillus odysseyi	Bacteria
5b8576f4-2823-4786-a846-c6d37a8513ba	202611	1.0	confident	Lysinibacillus odysseyi	Bacteria
527ebcec-b586-4546-a747-b625ffd52dec	202611	1.0	confident	Lysinibacillus odysseyi	Bacteria
f864cd89-e8ae-4597-94c7-c9e3869bf7f1	202611	1.0	confident	Lysinibacillus odysseyi	Bacteria
5ee114d1-7348-4b83-b7d1-b59618b83fbf	202611	1.0	confident	Lysinibacillus odysseyi	Bacteria
86597e3b-be39-419d-a354-3b8ccc0c6a4d	202611	1.0	confident	Lysinibacillus odysseyi	Bacteria
f6939329-cd49-42c1-b2c0-05be5f8fe47b	202611	1.0	confident	Lysinibacillus odysseyi	Bacteria
30bcb539-10a3-4486-b3ae-2b5ffc5ee7e6	202611	1.0	confident	Lysinibacillus odysseyi	Bacteria
2a8972fa-8a3f-432e-b005-fc6c99b97f58	202611	1.0	confident	Lysinibacillus odysseyi	Bacteria
f28ae303-6eb8-41ba-9047-aeb5c3327013	202611	1.0	confident	Lysinibacillus odysseyi	Bacteria
b5e62a5e-ab76-4b7e-852a-afa0d247f2c7	202611	1.0	confident	Lysinibacillus odysseyi	Bacteria
de310022-4caf-4391-8e87-945506ccf7ff	202611	1.0	confident	Lysinibacillus odysseyi	Bacteria
9462252c-fb19-4235-b074-3ec6db1ccd97	202611	1.0	confident	Lysinibacillus odysseyi	Bacteria
9e975c62-33ba-48eb-978c-55e889801002	202611	1.0	confident	Lysinibacillus odysseyi	Bacteria
74b4b8b5-1e74-47d7-b1a5-8fdf2524d7cd	202611	1.0	confident	Lysinibacillus odysseyi	Bacteria
777428a8-2145-4a9c-995a-83b4f95ba10e	202611	1.0	confident	Lysinibacillus odysseyi	Bacteria
9666bb31-66d7-4021-898d-674c651a52b3	202611	1.0	confident	Lysinibacillus odysseyi	Bacteria
ff834d27-58b9-482e-913c-54aaf010d383	202611	1.0	confident	Lysinibacillus odysseyi	Bacteria
715eed3c-2504-4ddf-8358-6e065fb0f9ba	202611	1.0	confident	Lysinibacillus odysseyi	Bacteria
9df0a19e-9c15-4b43-9d24-48604d1af150	202611	1.0	confident	Lysinibacillus odysseyi	Bacteria
34df4930-179d-47f3-9159-7ecd433c2d10	202611	1.0	confident	Lysinibacillus odysseyi	Bacteria
22f1e55c-2e54-4c6a-ad47-1a2f734632ff	202611	1.0	confident	Lysinibacillus odysseyi	Bacteria
8c65ded2-b72a-427a-90ef-3e741e53f2d4	202611	1.0	confident	Lysinibacillus odysseyi	Bacteria
ad617fc3-a9fd-4640-8bcd-fe7f9e7254f0	202611	1.0	confident	Lysinibacillus odysseyi	Bacteria
00dc8aae-5ff6-43f9-b8a1-86af0e19bc59	202611	1.0	confident	Lysinibacillus odysseyi	Bacteria
476c82e8-7dd5-4021-833c-176948e030be	202611	1.0	confident	Lysinibacillus odysseyi	Bacteria
9c9db7f2-b87d-41d0-82c0-298f2a023c4e	202611	1.0	confident	Lysinibacillus odysseyi	Bacteria
1ead8bd3-a197-4d27-9862-cd3ed7a52dbd	202611	1.0	confident	Lysinibacillus odysseyi	Bacteria
7f4f1530-03e4-43c6-887a-4076a15c602c	202611	1.0	confident	Lysinibacillus odysseyi	Bacteria
bafe9263-cc34-4bcc-a509-48c06242d335	202611	1.0	confident	Lysinibacillus odysseyi	Bacteria
37e0de67-2235-45e2-b924-eb8f408b5080	202611	1.0	confident	Lysinibacillus odysseyi	Bacteria
555751d6-3562-4b8b-9fa7-4100561599c3	202611	1.0	confident	Lysinibacillus odysseyi	Bacteria
43d51a27-d38f-4e13-91af-a74dacc9a356	202611	1.0	confident	Lysinibacillus odysseyi	Bacteria
ad006216-9403-4842-83b0-8a5a566ed90a	202611	1.0	confident	Lysinibacillus odysseyi	Bacteria
c71db790-9636-4887-b753-8a592e425bbb	202611	1.0	confident	Lysinibacillus odysseyi	Bacteria
734bab02-2cdc-48dd-a40d-49c1df4b8980	202611	1.0	confident	Lysinibacillus odysseyi	Bacteria
7a916058-fda6-45e8-ab6d-8918e4186162	202611	1.0	confident	Lysinibacillus odysseyi	Bacteria
8e32d6b5-8cb7-4b2a-8108-8317f74ad3de	202611	1.0	confident	Lysinibacillus odysseyi	Bacteria
d2e07eee-e518-4b5b-89d0-c570da91de50	202611	1.0	confident	Lysinibacillus odysseyi	Bacteria
2f057ae1-c223-4e9e-984b-3d9d7f3ec54b	202611	1.0	confident	Lysinibacillus odysseyi	Bacteria
7b678a88-7599-4b42-887c-9d69eb7e9472	202611	1.0	confident	Lysinibacillus odysseyi	Bacteria
df74945d-541e-4386-8297-c2257091d2a4	202611	1.0	confident	Lysinibacillus odysseyi	Bacteria
d8ae5a77-5238-413a-9d6d-c016f26c81cc	202611	1.0	confident	Lysinibacillus odysseyi	Bacteria
e0928d22-fb89-4615-a644-cd47cbc11d53	202611	1.0	confident	Lysinibacillus odysseyi	Bacteria
74272284-0d83-4928-810d-5114125c62b0	73513	1.0	confident	Dioon_edule:mito	Eukaryota:mito
3ae97337-901c-4cf7-b7a8-8c24a3ba2c06	73513	1.0	confident	Dioon_edule:mito	Eukaryota:mito
3937873d-20f4-44d4-9419-70ea09c8cdb9	73513	1.0	confident	Dioon_edule:mito	Eukaryota:mito
cf3af998-44db-4047-a7e6-fe604d6af50b	73513	1.0	confident	Dioon_edule:mito	Eukaryota:mito
e71572d0-8eb0-457b-9298-48a2f07edc6a	73513	1.0	confident	Dioon_edule:mito	Eukaryota:mito
91b08edb-0947-434d-a9bf-b2307b39f720	73513	1.0	confident	Dioon_edule:mito	Eukaryota:mito
6dee887f-fa19-44f9-af31-5cd40e90a7b2	73513	1.0	confident	Dioon_edule:mito	Eukaryota:mito
b7decf19-d4a2-4f27-b782-c6ed882f4007	73513	1.0	confident	Dioon_edule:mito	Eukaryota:mito
4b9be901-4684-4d27-8d98-e53f1ac82504	73513	1.0	confident	Dioon_edule:mito	Eukaryota:mito
b2148bd1-f88b-47d9-aeeb-f4c3f8c28684	73513	1.0	confident	Dioon_edule:mito	Eukaryota:mito
b5852018-f66e-4a4a-ad1b-8f43a9e58146	73513	1.0	confident	Dioon_edule:mito	Eukaryota:mito
0730f0c4-abd1-4a0a-a7e6-a779cf438cda	73513	1.0	confident	Dioon_edule:mito	Eukaryota:mito
69b7037d-f546-44e4-b374-5edeff9849b1	73513	1.0	confident	Dioon_edule:mito	Eukaryota:mito
398ad635-911d-465f-9aaf-5e2f02a82f1a	73513	1.0	confident	Dioon_edule:mito	Eukaryota:mito
e4b5e19d-2a87-44c2-8bd4-303ee3141ace	73513	1.0	confident	Dioon_edule:mito	Eukaryota:mito
2a832f68-f9bd-4a99-a296-eecbdb2ad1eb	73513	1.0	confident	Dioon_edule:mito	Eukaryota:mito
0ca21ac7-fd0e-4916-ab10-150444dc3828	73513	1.0	confident	Dioon_edule:mito	Eukaryota:mito
d365223f-5180-43f3-a5b8-9abd9fd4c5e8	73513	1.0	confident	Dioon_edule:mito	Eukaryota:mito
ec6a3540-1cae-4a7d-a48e-326ae5b7a288	73513	1.0	confident	Dioon_edule:mito	Eukaryota:mito
6aa66dc4-56f5-476b-8cb2-839399b2835e	73513	1.0	confident	Dioon_edule:mito	Eukaryota:mito
4f255bc9-a014-45e2-84ae-72d4959c44db	73513	1.0	confident	Dioon_edule:mito	Eukaryota:mito
b6052745-1ead-40d9-ae9e-d122dbe161a6	73513	1.0	confident	Dioon_edule:mito	Eukaryota:mito
64579a8f-f1de-4bd6-886d-ef684947ede5	73513	1.0	confident	Dioon_edule:mito	Eukaryota:mito
b4bc7008-ce9b-4bca-8b31-b503bdf16a19	73513	1.0	confident	Dioon_edule:mito	Eukaryota:mito
23a6e62e-1271-410e-b891-6fa3162fb123	73513	1.0	confident	Dioon_edule:mito	Eukaryota:mito
107d6d79-85dd-4591-b164-07d0e6cc7a14	73513	1.0	confident	Dioon_edule:mito	Eukaryota:mito
44fb2c18-d415-48b8-a678-56744daae912	73513	1.0	confident	Dioon_edule:mito	Eukaryota:mito
6b728ec5-c63f-49d5-b260-2053b9916d4b	73513	1.0	confident	Dioon_edule:mito	Eukaryota:mito
74ad342a-d0a9-4ad0-a48c-af600e80d597	73513	1.0	confident	Dioon_edule:mito	Eukaryota:mito
1ff28b09-5c21-49a9-93ac-9f5991365630	73513	1.0	confident	Dioon_edule:mito	Eukaryota:mito
5fa7f9c8-2bb6-435d-afa8-f48d58efbdee	73513	1.0	confident	Dioon_edule:mito	Eukaryota:mito
6b132288-0691-41f7-a019-66c128a3db05	73513	1.0	confident	Dioon_edule:mito	Eukaryota:mito
2e24f7dd-aa6d-417e-84a5-427dcd2ec8d9	73513	1.0	confident	Dioon_edule:mito	Eukaryota:mito
55329459-846a-449a-b128-45d376c02b4b	73513	1.0	confident	Dioon_edule:mito	Eukaryota:mito
c6e66361-4e2c-4caa-a06e-937515e773cd	73513	1.0	confident	Dioon_edule:mito	Eukaryota:mito
b50ee633-a1b9-418d-8939-4f4550915b0d	73513	1.0	confident	Dioon_edule:mito	Eukaryota:mito
d3e381ec-2b6f-49d1-a659-e9fb24f2351f	73513	1.0	confident	Dioon_edule:mito	Eukaryota:mito
f8fe420b-ec59-43bc-85ac-4be5e9b6ddc8	73513	1.0	confident	Dioon_edule:mito	Eukaryota:mito
683ea977-61da-4f8c-b63f-d5f0950a0077	73513	1.0	confident	Dioon_edule:mito	Eukaryota:mito
953bda25-b2b0-4a5a-b659-88c3d059db18	73513	1.0	confident	Dioon_edule:mito	Eukaryota:mito
49755190-cf41-4944-b222-112d88c72f6a	73513	1.0	confident	Dioon_edule:mito	Eukaryota:mito
eac69e23-635a-42f5-b7ca-1f374bad0ec6	73513	1.0	confident	Dioon_edule:mito	Eukaryota:mito
04097d0b-4b88-4a3b-a51d-feb4a073752a	73513	1.0	confident	Dioon_edule:mito	Eukaryota:mito
5c67b755-c346-44bb-b61b-48a3dacc7cc5	73513	1.0	confident	Dioon_edule:mito	Eukaryota:mito
a7ecf0ad-0de4-4574-85dc-7a2d4c2cd54e	73513	1.0	confident	Dioon_edule:mito	Eukaryota:mito
a1c5bb46-3a66-4f4d-837b-64e7f1ac02e0	73513	1.0	confident	Dioon_edule:mito	Eukaryota:mito
ea703819-38bd-4744-a691-2f7b7cea7095	73513	1.0	confident	Dioon_edule:mito	Eukaryota:mito
37bf917e-0d0c-45ce-9e51-d18c4150bc74	73513	1.0	confident	Dioon_edule:mito	Eukaryota:mito
b5f30316-d77b-4069-9483-a94f82e93f90	73513	1.0	confident	Dioon_edule:mito	Eukaryota:mito
8f6fde43-d634-4bb9-9336-b4ad96fbde67	73513	1.0	confident	Dioon_edule:mito	Eukaryota:mito
150b0706-75ba-46c0-b1f0-ec391daeb24f	73513	1.0	confident	Dioon_edule:mito	Eukaryota:mito
9acff3fe-b0a3-4cac-b2cf-cd0305b6fa7e	73513	1.0	confident	Dioon_edule:mito	Eukaryota:mito
7d876a7b-3ced-47b6-98ef-e0799451cde3	73513	1.0	confident	Dioon_edule:mito	Eukaryota:mito
4b4c661e-d5a1-47bb-b566-b4158fecaf0a	73513	1.0	confident	Dioon_edule:mito	Eukaryota:mito
6fdcdfad-fc15-40c1-adc0-ac2c4418dcf0	73513	1.0	confident	Dioon_edule:mito	Eukaryota:mito
662de263-161d-4f51-b05b-d0757f036052	73513	1.0	confident	Dioon_edule:mito	Eukaryota:mito
cc550b17-6115-40d1-8c3f-f06ead4fa368	73513	1.0	confident	Dioon_edule:mito	Eukaryota:mito
05287e15-d057-4955-a7f2-5ff45d0dda42	73513	1.0	confident	Dioon_edule:mito	Eukaryota:mito
b63a17d7-6f06-4cdb-a8ef-2d9b7ac4d95c	73513	1.0	confident	Dioon_edule:mito	Eukaryota:mito
3d8d142e-8fe1-40f9-bb7a-335ae0561eac	73513	1.0	confident	Dioon_edule:mito	Eukaryota:mito
f3041358-c3e8-4fd5-84ff-318c440bfd89	73513	1.0	confident	Dioon_edule:mito	Eukaryota:mito
9f8a759f-f672-4efa-ae02-155522c04c17	73513	1.0	confident	Dioon_edule:mito	Eukaryota:mito
75fdc20e-8056-4ea0-94ef-753acfddc82b	73513	1.0	confident	Dioon_edule:mito	Eukaryota:mito
6da90c07-90f5-47b5-874a-ddea55c6960c	73513	1.0	confident	Dioon_edule:mito	Eukaryota:mito
c7aad0f3-ee47-4733-8d35-a2719748b49f	73513	1.0	confident	Dioon_edule:mito	Eukaryota:mito
41c8feda-90f9-4dda-888d-b817772ae6e0	73513	1.0	confident	Dioon_edule:mito	Eukaryota:mito
51c82916-e487-474c-a2bb-2728fa6ede45	73513	1.0	confident	Dioon_edule:mito	Eukaryota:mito
24b36044-cf37-4e3e-ab60-fcee91724fd3	73513	1.0	confident	Dioon_edule:mito	Eukaryota:mito
1a5ff0c3-cf64-43f4-8d00-025bdba86c22	73513	1.0	confident	Dioon_edule:mito	Eukaryota:mito
bf245d82-ff27-474d-9d0b-6e83d7ed2e75	73513	1.0	confident	Dioon_edule:mito	Eukaryota:mito
3a6a53a0-445d-449c-a9d3-690d236d1965	73513	1.0	confident	Dioon_edule:mito	Eukaryota:mito
ed635d85-f062-4fe6-8439-95c03f07704d	73513	1.0	confident	Dioon_edule:mito	Eukaryota:mito
8ee048cf-b345-4a38-8c04-ceb5244c2c15	73513	1.0	confident	Dioon_edule:mito	Eukaryota:mito
5b5d2586-aaf9-4737-8515-7ace64f38eab	73513	1.0	confident	Dioon_edule:mito	Eukaryota:mito
29e725b8-b42f-4df8-96a4-24ba5f8c84b9	73513	1.0	confident	Dioon_edule:mito	Eukaryota:mito
586fcdbc-3405-49c9-b2d6-206952b8ef61	73513	1.0	confident	Dioon_edule:mito	Eukaryota:mito
5cd27d4a-87a8-40e4-8002-7a18329ab5bc	73513	1.0	confident	Dioon_edule:mito	Eukaryota:mito
823bda4c-de6f-4b98-852d-e8a540122383	73513	1.0	confident	Dioon_edule:mito	Eukaryota:mito
fb227733-ca36-4d78-ba13-562f1f5ab6a8	73513	1.0	confident	Dioon_edule:mito	Eukaryota:mito
db2fe9f8-c0bd-4a17-acab-154d9395813a	73513	1.0	confident	Dioon_edule:mito	Eukaryota:mito
ab7a4dc8-bef0-44df-8d4f-f57cc328e2f5	73513	1.0	confident	Dioon_edule:mito	Eukaryota:mito
0c063488-0d43-4962-8cd8-0db1960c0637	73513	1.0	confident	Dioon_edule:mito	Eukaryota:mito
fdf634ae-a082-4bab-8ddf-50b8b4355007	73513	1.0	confident	Dioon_edule:mito	Eukaryota:mito
dd05a524-ae16-4d1d-be3d-8ca4ec392b4b	73513	1.0	confident	Dioon_edule:mito	Eukaryota:mito
8ee75100-60f6-4237-9ead-5ef23b6a0986	73513	1.0	confident	Dioon_edule:mito	Eukaryota:mito
35b87c4e-e1e4-4c52-8c43-9dd0af401579	73513	1.0	confident	Dioon_edule:mito	Eukaryota:mito
cd0bf2ce-e010-4083-b90c-e149d9c11e0f	73513	1.0	confident	Dioon_edule:mito	Eukaryota:mito
5fd6e5d6-f4dd-4475-80ad-b30e0200c7f9	73513	1.0	confident	Dioon_edule:mito	Eukaryota:mito
ead300c7-30b6-481d-9e95-caa0204ba5c5	73513	1.0	confident	Dioon_edule:mito	Eukaryota:mito
c1321eeb-f362-450f-bf45-76538870688c	73513	1.0	confident	Dioon_edule:mito	Eukaryota:mito
45d43523-4850-4d09-9887-79453637ea1b	73513	1.0	confident	Dioon_edule:mito	Eukaryota:mito
2130db3c-b0c5-4f6d-81ca-b77e2a3867ec	73513	1.0	confident	Dioon_edule:mito	Eukaryota:mito
a88bf351-0282-4ee4-81ac-5f1554977183	73513	1.0	confident	Dioon_edule:mito	Eukaryota:mito
6da632b3-64f5-49d8-90fe-b34ccb85eb1c	73513	1.0	confident	Dioon_edule:mito	Eukaryota:mito
f3fafdad-ce0e-4168-b8e6-8cc96f7669fa	73513	1.0	confident	Dioon_edule:mito	Eukaryota:mito
5f15d2f6-75c0-418b-b1e2-860edd393623	73513	1.0	confident	Dioon_edule:mito	Eukaryota:mito
8bb572c1-f7d8-4ab9-990c-c02fdac18622	73513	1.0	confident	Dioon_edule:mito	Eukaryota:mito
0fcd80d2-c7bd-4064-a06c-16f5bd308a3e	73513	1.0	confident	Dioon_edule:mito	Eukaryota:mito
480fe34d-25dd-4d01-bf38-ce148447c8f9	73513	1.0	confident	Dioon_edule:mito	Eukaryota:mito
f8f31a83-8e1d-4e27-9cc2-955f28be3c45	73513	1.0	confident	Dioon_edule:mito	Eukaryota:mito
40bd46fb-b9e1-4a18-b445-4fc4e20289e2	73513	1.0	confident	Dioon_edule:mito	Eukaryota:mito
78d7d1d2-9c4f-4a98-847a-8a7d0eed0f5d	73513	1.0	confident	Dioon_edule:mito	Eukaryota:mito
5ef865af-b49b-4d54-a71e-8765993f8d84	73513	1.0	confident	Dioon_edule:mito	Eukaryota:mito
60f5fdf8-7f5b-41ca-9ae6-c86eb1739ec5	73513	1.0	confident	Dioon_edule:mito	Eukaryota:mito
89845f32-d265-4c6c-a570-6ffbc8effcaa	73513	1.0	confident	Dioon_edule:mito	Eukaryota:mito
08d38d94-c792-42a8-9a04-13fc39719829	73513	1.0	confident	Dioon_edule:mito	Eukaryota:mito
7a7af974-8e9c-4ec7-9d3e-d4bad610b2cc	73513	1.0	confident	Dioon_edule:mito	Eukaryota:mito
07c03b37-d79d-47ac-9f93-db8cf7d19962	73513	1.0	confident	Dioon_edule:mito	Eukaryota:mito
0717ac11-1713-4453-8dd2-f746b41e4cba	73513	1.0	confident	Dioon_edule:mito	Eukaryota:mito
6913db07-c103-4a10-8c70-9e05eb10cf3c	73513	1.0	confident	Dioon_edule:mito	Eukaryota:mito
91906d7e-0de2-45ed-9e7c-913564942318	73513	1.0	confident	Dioon_edule:mito	Eukaryota:mito
769c52a1-dad1-41cd-9489-ee87a2c4aa92	73513	1.0	confident	Dioon_edule:mito	Eukaryota:mito
53970835-b54e-4b09-a515-e730af537f71	73513	1.0	confident	Dioon_edule:mito	Eukaryota:mito
f4f1b73a-9ea3-4100-9693-f0e5eff2f712	73513	1.0	confident	Dioon_edule:mito	Eukaryota:mito
3260f6be-82e6-48e8-b6ca-70f890ebfc62	73513	1.0	confident	Dioon_edule:mito	Eukaryota:mito
9cf9a622-3a6b-4e8e-80dc-d24cbc961a78	73513	1.0	confident	Dioon_edule:mito	Eukaryota:mito
233ef7fb-42fc-4a8a-9677-29cad03196bf	73513	1.0	confident	Dioon_edule:mito	Eukaryota:mito
37df81ec-8bb4-4567-8172-507fa2f2fce3	73513	1.0	confident	Dioon_edule:mito	Eukaryota:mito
d04a5210-1c89-4066-b48f-4fcca7a1bf1b	73513	1.0	confident	Dioon_edule:mito	Eukaryota:mito
f20c672e-92be-4d2d-93f1-c733b7184523	73513	1.0	confident	Dioon_edule:mito	Eukaryota:mito
32e7f3fe-1ab5-4c40-a50a-f7cac8c00a3d	73513	1.0	confident	Dioon_edule:mito	Eukaryota:mito
acb24a64-f140-4512-9633-5e2c50252cba	73513	1.0	confident	Dioon_edule:mito	Eukaryota:mito
ec34a574-6451-41c1-8506-2894fb86c747	73513	1.0	confident	Dioon_edule:mito	Eukaryota:mito
5132e6e7-4604-4d2a-9d91-95bac58e7c69	73513	1.0	confident	Dioon_edule:mito	Eukaryota:mito
7f1e1b04-4765-4042-968e-b84c4aa33cd7	73513	1.0	confident	Dioon_edule:mito	Eukaryota:mito
1b8e4739-2163-46e3-958a-dbe2c2cde8e5	73513	1.0	confident	Dioon_edule:mito	Eukaryota:mito
6fbe0068-ddc5-4232-835f-e37995e2a96a	73513	1.0	confident	Dioon_edule:mito	Eukaryota:mito
dc5283bf-50c0-4be6-916b-68c9bcb09d06	73513	1.0	confident	Dioon_edule:mito	Eukaryota:mito
998f3034-edd2-4d45-aad0-927f49a77c3d	73513	1.0	confident	Dioon_edule:mito	Eukaryota:mito
e1652ace-7ffa-4062-8494-0f707529ebba	73513	1.0	confident	Dioon_edule:mito	Eukaryota:mito
44622da2-9c27-44e4-b2e5-a9a2fd53c0da	73513	1.0	confident	Dioon_edule:mito	Eukaryota:mito
255ff9d9-eabc-46d5-8869-c0401a84f824	73513	1.0	confident	Dioon_edule:mito	Eukaryota:mito
543c8ab7-9b13-4ec5-aec2-8693723dfd2d	73513	1.0	confident	Dioon_edule:mito	Eukaryota:mito
69ff4ad5-ff89-4d86-8195-99fa60e1e2a6	73513	1.0	confident	Dioon_edule:mito	Eukaryota:mito
917f03e9-ac00-419e-9b70-59ecac25b00d	73513	1.0	confident	Dioon_edule:mito	Eukaryota:mito
5ca1de66-e956-4185-bf39-667a840a5be3	73513	1.0	confident	Dioon_edule:mito	Eukaryota:mito
254ce12a-b47a-448e-b258-031c5022278d	73513	1.0	confident	Dioon_edule:mito	Eukaryota:mito
774d9d70-ab56-4125-93cc-475344180225	73513	1.0	confident	Dioon_edule:mito	Eukaryota:mito
3465fb55-b946-413a-b6f5-3e05de56b460	73513	1.0	confident	Dioon_edule:mito	Eukaryota:mito
49b41a5b-dd61-4f05-af1a-c639290b691b	73513	1.0	confident	Dioon_edule:mito	Eukaryota:mito
c6a03156-4d14-44de-8087-01fe8dbc7341	73513	1.0	confident	Dioon_edule:mito	Eukaryota:mito
afc390d4-8b05-4bc8-9654-08a40ffaaaab	73513	1.0	confident	Dioon_edule:mito	Eukaryota:mito
a7c5fb1b-c1c0-498c-8497-ab9d87bd7310	73513	1.0	confident	Dioon_edule:mito	Eukaryota:mito
7ae0d973-dc02-4637-a4a8-1179955dbe46	73513	1.0	confident	Dioon_edule:mito	Eukaryota:mito
a4738639-c842-4457-9787-f27392e4d987	73513	1.0	confident	Dioon_edule:mito	Eukaryota:mito
24bcbc8e-41ed-4e70-93cf-d1e4b21e1ff2	73513	1.0	confident	Dioon_edule:mito	Eukaryota:mito
5f717dab-7bee-470e-acc7-324ab8f73125	73513	1.0	confident	Dioon_edule:mito	Eukaryota:mito
d0b1ba50-33a3-495b-8217-498c459ae246	73513	1.0	confident	Dioon_edule:mito	Eukaryota:mito
657e9ca7-7be7-46cb-9a26-9d88898cf29b	73513	1.0	confident	Dioon_edule:mito	Eukaryota:mito
924b8773-8bf4-4fb9-85c8-56e3786711c2	73513	1.0	confident	Dioon_edule:mito	Eukaryota:mito
9f8dd158-4e4e-4cb3-a03f-0b0bc0f08171	73513	1.0	confident	Dioon_edule:mito	Eukaryota:mito
f9216a0d-e32d-4032-8bb6-b907498c572a	73513	1.0	confident	Dioon_edule:mito	Eukaryota:mito
f670d35a-b078-426e-a830-b043b5723c54	73513	1.0	confident	Dioon_edule:mito	Eukaryota:mito
109033da-de93-42ed-b003-f9f024bc63ce	73513	1.0	confident	Dioon_edule:mito	Eukaryota:mito
7c44d2d7-fdd3-448e-a304-b69420520317	73513	1.0	confident	Dioon_edule:mito	Eukaryota:mito
e039cb54-f5b6-4b72-8d3f-8634018dcfe9	73513	1.0	confident	Dioon_edule:mito	Eukaryota:mito
9d384575-64a2-48a6-9b65-d2005626a176	73513	1.0	confident	Dioon_edule:mito	Eukaryota:mito
3913d779-dba6-4bac-920e-0acd2f320d16	73513	1.0	confident	Dioon_edule:mito	Eukaryota:mito
db19e67c-30ff-45bc-a1a9-2f500ae790d1	73513	1.0	confident	Dioon_edule:mito	Eukaryota:mito
5f13f89a-beb7-4853-b052-542de82cedcf	73513	1.0	confident	Dioon_edule:mito	Eukaryota:mito
a97e6db7-0ac7-4a34-87b9-5811596ff85e	73513	1.0	confident	Dioon_edule:mito	Eukaryota:mito
5a1100b4-4004-4990-a580-3aabc35695c6	73513	1.0	confident	Dioon_edule:mito	Eukaryota:mito
456c3256-a934-4f50-aef4-3422eac4aa61	73513	1.0	confident	Dioon_edule:mito	Eukaryota:mito
f52d26b3-20a1-412e-ac7e-f4e2098d7010	73513	1.0	confident	Dioon_edule:mito	Eukaryota:mito
7e892a2a-6629-46d6-a5b7-a37bbd501d37	73513	1.0	confident	Dioon_edule:mito	Eukaryota:mito
b0841884-c268-4702-a414-ac14c3db1dc8	73513	1.0	confident	Dioon_edule:mito	Eukaryota:mito
cd8d230a-32e5-490a-be79-436613a461e6	73513	1.0	confident	Dioon_edule:mito	Eukaryota:mito
db7ad225-ab46-4942-b872-7761e74f4fc5	73513	1.0	confident	Dioon_edule:mito	Eukaryota:mito
07b6b4a3-18ba-4a0d-80f1-4f7f7d61add1	73513	1.0	confident	Dioon_edule:mito	Eukaryota:mito
634aa1fc-756a-4a35-bfc9-262aa6dfe888	73513	1.0	confident	Dioon_edule:mito	Eukaryota:mito
efec1622-83a4-4cc7-8e61-5bef4aec6fef	73513	1.0	confident	Dioon_edule:mito	Eukaryota:mito
78fcb683-ac72-4f9d-b081-cd8bb690e744	73513	1.0	confident	Dioon_edule:mito	Eukaryota:mito
63f37bd8-be12-4969-bb88-276485a02197	73513	1.0	confident	Dioon_edule:mito	Eukaryota:mito
750f541e-3e6c-472f-8cfb-daea348a02e1	73513	1.0	confident	Dioon_edule:mito	Eukaryota:mito
1ed57a0f-1156-4130-822d-8dcc360c32f4	73513	1.0	confident	Dioon_edule:mito	Eukaryota:mito
0d11058e-bfed-493a-a83a-b14e2f8224eb	73513	1.0	confident	Dioon_edule:mito	Eukaryota:mito
a55875da-7123-4d1f-881c-c1ea6d3e876a	73513	1.0	confident	Dioon_edule:mito	Eukaryota:mito
d48cdf5c-c07e-4940-916d-ff714c3d4145	73513	1.0	confident	Dioon_edule:mito	Eukaryota:mito
875c4baa-8d86-4fe2-a68d-e88f79c57095	73513	1.0	confident	Dioon_edule:mito	Eukaryota:mito
5af0adf9-100f-4348-a863-9b7e07769b4f	73513	1.0	confident	Dioon_edule:mito	Eukaryota:mito
e021b22d-349e-4f3b-91fb-c17fce78aeb0	73513	1.0	confident	Dioon_edule:mito	Eukaryota:mito
de0317f6-3f22-4504-ae5a-99869c43735f	73513	1.0	confident	Dioon_edule:mito	Eukaryota:mito
40bf0be1-3c58-4009-ad2c-3fdf6e6bc906	73513	1.0	confident	Dioon_edule:mito	Eukaryota:mito
2aef342c-226c-4a7a-bc0b-e6d9c3a8fc01	73513	1.0	confident	Dioon_edule:mito	Eukaryota:mito
b0e72703-fd42-4416-9334-a97c100c795a	73513	1.0	confident	Dioon_edule:mito	Eukaryota:mito
26cb297d-2c16-4ead-9eb7-225de6d3f9da	73513	1.0	confident	Dioon_edule:mito	Eukaryota:mito
c6f982e9-35ad-49d9-8ae7-ef47f6592b65	73513	1.0	confident	Dioon_edule:mito	Eukaryota:mito
015aa080-bf7a-42ab-804d-17e0e32181ab	73513	1.0	confident	Dioon_edule:mito	Eukaryota:mito
87e48144-7b49-48ba-967f-d71e6f3bacad	73513	1.0	confident	Dioon_edule:mito	Eukaryota:mito
d8ca6ea0-bdeb-4e24-b2f3-28a6c1f5231c	73513	1.0	confident	Dioon_edule:mito	Eukaryota:mito
d2b67c1e-d185-4f74-85fb-718543151e3f	73513	1.0	confident	Dioon_edule:mito	Eukaryota:mito
7b99c20f-a127-41d4-96de-f7ba17091b74	73513	1.0	confident	Dioon_edule:mito	Eukaryota:mito
0c444208-3df2-4410-8b59-65ed5aeaec0f	73513	1.0	confident	Dioon_edule:mito	Eukaryota:mito
092c260d-d723-47a4-a048-9cdd74e92baa	73513	1.0	confident	Dioon_edule:mito	Eukaryota:mito
ce5168f4-15cd-4c9a-bd61-4023e54c4498	73513	1.0	confident	Dioon_edule:mito	Eukaryota:mito
a3c2983c-6426-4a7c-8ca4-e5906ca782f3	6722	1.0	confident	Epifagus_virginiana:plas	Eukaryota:plas
631a4665-207b-4e01-956a-f32662cc4c63	73513	1.0	confident	Dioon_edule:mito	Eukaryota:mito
124e6ebf-bb9f-496c-a689-fa42186a4072	73513	1.0	confident	Dioon_edule:mito	Eukaryota:mito
39c4362d-c02a-42ac-92ed-d7e6f40ccd8f	73513	1.0	confident	Dioon_edule:mito	Eukaryota:mito
04c0a049-7709-4713-b346-36947eb1850e	73513	1.0	confident	Dioon_edule:mito	Eukaryota:mito
eaaf9aff-7209-4f35-a8e3-134ab189e712	6722	1.0	confident	Epifagus_virginiana:plas	Eukaryota:plas
1c5857c9-723b-4e6b-bf2d-1016e4bf2c9f	6722	1.0	confident	Epifagus_virginiana:plas	Eukaryota:plas
4f7fc7ef-26f1-45af-b306-8e935b9af7d1	6722	1.0	confident	Epifagus_virginiana:plas	Eukaryota:plas
354834ef-7d9a-49ac-93e4-9d436691f347	6722	1.0	confident	Epifagus_virginiana:plas	Eukaryota:plas
7763489b-7dd9-421c-80e6-2a7599b4375b	6722	1.0	confident	Epifagus_virginiana:plas	Eukaryota:plas
f0e4b80e-ebc8-4fbb-a52c-5208d9987a6c	6722	1.0	confident	Epifagus_virginiana:plas	Eukaryota:plas
58194c6b-8c10-4816-b0dc-fffb787de547	6722	1.0	confident	Epifagus_virginiana:plas	Eukaryota:plas
c68661ee-cd5a-40a2-b5c0-d122abb88fb2	6722	1.0	confident	Epifagus_virginiana:plas	Eukaryota:plas
2ba52b9d-af10-40ef-b3b5-a2b64a706e3c	6722	1.0	confident	Epifagus_virginiana:plas	Eukaryota:plas
bb67aa19-c959-4734-a8ad-75dcf70a672a	6722	1.0	confident	Epifagus_virginiana:plas	Eukaryota:plas
206d3678-10f3-4c89-b5ae-ced48b0eeff4	6722	1.0	confident	Epifagus_virginiana:plas	Eukaryota:plas
70f3d5d4-b6d9-41a9-97a4-2b8d438f1a0c	6722	1.0	confident	Epifagus_virginiana:plas	Eukaryota:plas
854ddcb5-cb11-421c-9780-bde6801e2448	6722	1.0	confident	Epifagus_virginiana:plas	Eukaryota:plas
9ac16628-fc89-4ef3-b4dc-471b7c6cad5a	6722	1.0	confident	Epifagus_virginiana:plas	Eukaryota:plas
c0aef4f3-e6ff-4f36-acee-03b4666cc7b0	6722	1.0	confident	Epifagus_virginiana:plas	Eukaryota:plas
12c4398f-437c-40e4-8fd8-1f02637b0361	2885764	1.0	confident	Globicatella sp. PHS-GS-PNBC-21-1553	Bacteria
d5d00e69-18ae-4f45-8691-e10241071c1e	2885764	1.0	confident	Globicatella sp. PHS-GS-PNBC-21-1553	Bacteria
f68ae6b6-0746-4911-8a4d-e02b754a0340	2885764	1.0	confident	Globicatella sp. PHS-GS-PNBC-21-1553	Bacteria
783a24a3-4d1e-41e8-aa14-9c46c0594ab7	2885764	1.0	confident	Globicatella sp. PHS-GS-PNBC-21-1553	Bacteria
0f7aae61-54ec-486a-b274-9de5cfc6c040	2885764	1.0	confident	Globicatella sp. PHS-GS-PNBC-21-1553	Bacteria
e6989dcf-0475-4132-8b60-b8a8a0c2d0e1	2885764	1.0	confident	Globicatella sp. PHS-GS-PNBC-21-1553	Bacteria
93a0dc18-00af-48ab-a0db-a868b7cbf7a5	2885764	1.0	confident	Globicatella sp. PHS-GS-PNBC-21-1553	Bacteria
a0251625-9099-4b9e-acf7-0e55898f7c73	2885764	1.0	confident	Globicatella sp. PHS-GS-PNBC-21-1553	Bacteria
b2a8a323-e050-475e-a226-4d78bcf968db	2885764	1.0	confident	Globicatella sp. PHS-GS-PNBC-21-1553	Bacteria
44e0e75b-88a1-4eb5-b827-625c9702d71e	2885764	1.0	confident	Globicatella sp. PHS-GS-PNBC-21-1553	Bacteria
aa2fd21e-b191-40c1-9a80-d660bc8da331	2885764	1.0	confident	Globicatella sp. PHS-GS-PNBC-21-1553	Bacteria
eca992b2-adfe-4c3d-926f-070abf4137b2	2885764	1.0	confident	Globicatella sp. PHS-GS-PNBC-21-1553	Bacteria
c7e36999-9426-4481-b208-fb9ac3c26e90	2885764	1.0	confident	Globicatella sp. PHS-GS-PNBC-21-1553	Bacteria
e0d5a6c7-a79f-48a2-89ec-6323ee2e7c31	2885764	1.0	confident	Globicatella sp. PHS-GS-PNBC-21-1553	Bacteria
33ad0fde-f5f5-493f-a87b-19cb73040e58	2885764	1.0	confident	Globicatella sp. PHS-GS-PNBC-21-1553	Bacteria
7aa46bd1-548b-4a53-bfc0-ab5abb6ef175	2885764	1.0	confident	Globicatella sp. PHS-GS-PNBC-21-1553	Bacteria
e5ce53b2-7052-4d2d-9c38-251a6dfed817	2885764	1.0	confident	Globicatella sp. PHS-GS-PNBC-21-1553	Bacteria
337eb120-f5e5-495f-adf3-99378024e6e1	2885764	1.0	confident	Globicatella sp. PHS-GS-PNBC-21-1553	Bacteria
f1da4d77-f065-4982-8e52-0783d0f253d0	2885764	1.0	confident	Globicatella sp. PHS-GS-PNBC-21-1553	Bacteria
62fcddd6-e4ff-41b3-bd5a-8604a14a3da4	2885764	1.0	confident	Globicatella sp. PHS-GS-PNBC-21-1553	Bacteria
13e0d2be-37de-4d03-ad72-833832c7c146	2885764	1.0	confident	Globicatella sp. PHS-GS-PNBC-21-1553	Bacteria
db38373c-8247-4661-90df-e490eee6b76b	2885764	1.0	confident	Globicatella sp. PHS-GS-PNBC-21-1553	Bacteria
808ab515-474e-456e-b4ba-249ac267a258	2885764	1.0	confident	Globicatella sp. PHS-GS-PNBC-21-1553	Bacteria
0878313b-38be-4f40-9a87-44bcf83e5d81	2885764	1.0	confident	Globicatella sp. PHS-GS-PNBC-21-1553	Bacteria
3f017bde-057c-4d0f-b2e0-802c180260dc	2885764	1.0	confident	Globicatella sp. PHS-GS-PNBC-21-1553	Bacteria
e994b397-1594-4f09-8753-1c14aec1d145	2885764	1.0	confident	Globicatella sp. PHS-GS-PNBC-21-1553	Bacteria
b9d418a1-5d67-4d57-a91c-29b2aec8943e	2885764	1.0	confident	Globicatella sp. PHS-GS-PNBC-21-1553	Bacteria
8ebdb88d-03a5-4e84-97bd-97c24a464dc6	2885764	1.0	confident	Globicatella sp. PHS-GS-PNBC-21-1553	Bacteria
012155f4-cd18-4166-9d7f-4fe35ad2a3c4	2885764	1.0	confident	Globicatella sp. PHS-GS-PNBC-21-1553	Bacteria
868a61a6-0309-456d-a846-d98775d8a931	2885764	1.0	confident	Globicatella sp. PHS-GS-PNBC-21-1553	Bacteria
0b9be052-ab3d-4831-9619-b8fcc8d64260	2885764	1.0	confident	Globicatella sp. PHS-GS-PNBC-21-1553	Bacteria
24262b96-c11d-422c-8d11-16d1207a6b1b	2885764	1.0	confident	Globicatella sp. PHS-GS-PNBC-21-1553	Bacteria
701d1756-cc10-4da8-8664-c168f1410c14	2885764	1.0	confident	Globicatella sp. PHS-GS-PNBC-21-1553	Bacteria
8875df04-8af5-499d-b681-7d8466eee1a8	2885764	1.0	confident	Globicatella sp. PHS-GS-PNBC-21-1553	Bacteria
d212c608-5268-4caf-9a32-b8292bbb618a	2885764	1.0	confident	Globicatella sp. PHS-GS-PNBC-21-1553	Bacteria
86e923fa-281f-4f26-97e6-5e079f0c2c46	2885764	1.0	confident	Globicatella sp. PHS-GS-PNBC-21-1553	Bacteria
1331be86-ac6a-4b41-8c16-abd2c40efcd0	2885764	1.0	confident	Globicatella sp. PHS-GS-PNBC-21-1553	Bacteria
02dcbe39-aec1-4996-bb21-983c6e19863e	2885764	1.0	confident	Globicatella sp. PHS-GS-PNBC-21-1553	Bacteria
1363dd00-4f6a-4ded-a8fe-45177cd624c9	2885764	1.0	confident	Globicatella sp. PHS-GS-PNBC-21-1553	Bacteria
6b91ec83-326b-465a-ae13-117694a91a83	2885764	1.0	confident	Globicatella sp. PHS-GS-PNBC-21-1553	Bacteria
a9ec30dc-6af1-47eb-9126-cf5c735fdc5d	2885764	1.0	confident	Globicatella sp. PHS-GS-PNBC-21-1553	Bacteria
0a7a6790-b0e1-403b-bffd-1fa9fb99a627	2885764	1.0	confident	Globicatella sp. PHS-GS-PNBC-21-1553	Bacteria
439a3a1a-efac-4b20-9a08-61cbc03238aa	2885764	1.0	confident	Globicatella sp. PHS-GS-PNBC-21-1553	Bacteria
7c70d879-2607-449d-aa03-66a56abf6e46	2885764	1.0	confident	Globicatella sp. PHS-GS-PNBC-21-1553	Bacteria
0f55fb6d-41ad-4afd-8338-3d4424f1c0bd	2885764	1.0	confident	Globicatella sp. PHS-GS-PNBC-21-1553	Bacteria
4962f4ff-2c34-4896-9d9c-e9c6fd89d9a6	2885764	1.0	confident	Globicatella sp. PHS-GS-PNBC-21-1553	Bacteria
f0bfb5d7-d330-4f70-b002-12e2976e2ccf	2885764	1.0	confident	Globicatella sp. PHS-GS-PNBC-21-1553	Bacteria
1663e4ec-35f3-4328-a0ac-b76248d30661	2885764	1.0	confident	Globicatella sp. PHS-GS-PNBC-21-1553	Bacteria
210d30e6-919d-448f-a115-b23c84f9ffa7	2885764	1.0	confident	Globicatella sp. PHS-GS-PNBC-21-1553	Bacteria
f3af03fa-a931-4c5b-b400-1eb375149327	2885764	1.0	confident	Globicatella sp. PHS-GS-PNBC-21-1553	Bacteria
d7de0918-cba1-4745-9ff5-5019e095ab50	2885764	1.0	confident	Globicatella sp. PHS-GS-PNBC-21-1553	Bacteria
eb841554-41d3-45a8-b9cf-134976a478e2	2885764	1.0	confident	Globicatella sp. PHS-GS-PNBC-21-1553	Bacteria
b3b822f7-ac72-45b6-b268-5b2519eb1090	2885764	1.0	confident	Globicatella sp. PHS-GS-PNBC-21-1553	Bacteria
bf112a93-5d2a-4eae-acde-629dbfcd25bf	2885764	1.0	confident	Globicatella sp. PHS-GS-PNBC-21-1553	Bacteria
739c77b2-f1b4-4cc0-bd95-fb71f03260a4	2885764	1.0	confident	Globicatella sp. PHS-GS-PNBC-21-1553	Bacteria
d4b2516d-3886-42b2-94ab-f02003287f4f	2885764	1.0	confident	Globicatella sp. PHS-GS-PNBC-21-1553	Bacteria
4d90c00f-833d-43d0-8cfc-8c1051a577e6	2885764	1.0	confident	Globicatella sp. PHS-GS-PNBC-21-1553	Bacteria
73af850a-15b4-42dc-b5f8-7976514466f7	2885764	1.0	confident	Globicatella sp. PHS-GS-PNBC-21-1553	Bacteria
6c19d830-ef8e-477e-9e20-69d5dc70f419	2885764	1.0	confident	Globicatella sp. PHS-GS-PNBC-21-1553	Bacteria
3a9df900-54ac-481d-978d-281a66a3a320	2885764	1.0	confident	Globicatella sp. PHS-GS-PNBC-21-1553	Bacteria
f795112c-e273-4510-a782-e8723a193522	2885764	1.0	confident	Globicatella sp. PHS-GS-PNBC-21-1553	Bacteria
1cb9a8f4-c3da-422d-8e64-aae10eaa600a	2885764	1.0	confident	Globicatella sp. PHS-GS-PNBC-21-1553	Bacteria
ca4b3b84-080b-4138-a8dd-c0ff26934320	2885764	1.0	confident	Globicatella sp. PHS-GS-PNBC-21-1553	Bacteria
98fd5eab-b206-4b34-90e3-452eb5954d86	2885764	1.0	confident	Globicatella sp. PHS-GS-PNBC-21-1553	Bacteria
79f26f8c-67e2-46c3-957f-42321ba6f26c	2885764	1.0	confident	Globicatella sp. PHS-GS-PNBC-21-1553	Bacteria
954bfea3-4497-40df-bcf7-2516e8facc28	2885764	1.0	confident	Globicatella sp. PHS-GS-PNBC-21-1553	Bacteria
24c4836c-095c-433d-99ce-6738c332ac0b	2885764	1.0	confident	Globicatella sp. PHS-GS-PNBC-21-1553	Bacteria
9f55c879-6b86-456d-b463-e448351dc43a	2885764	1.0	confident	Globicatella sp. PHS-GS-PNBC-21-1553	Bacteria
d5614614-0bff-424d-ac8c-cd9784211fc1	2885764	1.0	confident	Globicatella sp. PHS-GS-PNBC-21-1553	Bacteria
eeeb0a65-20ff-422b-8fcf-ea7daff4b34f	2885764	1.0	confident	Globicatella sp. PHS-GS-PNBC-21-1553	Bacteria
64d2761b-3f3a-4025-965b-4c2f74652b99	2885764	1.0	confident	Globicatella sp. PHS-GS-PNBC-21-1553	Bacteria
4b62f795-eca0-4b92-84aa-9e11e2d848fc	2885764	1.0	confident	Globicatella sp. PHS-GS-PNBC-21-1553	Bacteria
7d22d86b-e11f-41c6-9b93-99fca93eac09	2885764	1.0	confident	Globicatella sp. PHS-GS-PNBC-21-1553	Bacteria
61a63865-c94f-424c-975a-f4d92d813635	2885764	1.0	confident	Globicatella sp. PHS-GS-PNBC-21-1553	Bacteria
06bd584e-20a4-4fbb-a13a-3f9f59afa3f8	2885764	1.0	confident	Globicatella sp. PHS-GS-PNBC-21-1553	Bacteria
3e0d7ca5-a9af-41eb-9fda-3016a7287fa3	2885764	1.0	confident	Globicatella sp. PHS-GS-PNBC-21-1553	Bacteria
d834618f-9a58-463a-9a7a-1d055af883ab	2885764	1.0	confident	Globicatella sp. PHS-GS-PNBC-21-1553	Bacteria
626f15f4-fbd8-4a4a-9bef-40f008ab1502	2885764	1.0	confident	Globicatella sp. PHS-GS-PNBC-21-1553	Bacteria
2914414f-f1b0-42ad-a991-49a3c9ceab81	2885764	1.0	confident	Globicatella sp. PHS-GS-PNBC-21-1553	Bacteria
7e7849be-4712-4501-9160-c95d8248e87d	2885764	1.0	confident	Globicatella sp. PHS-GS-PNBC-21-1553	Bacteria
53d1005f-f33c-44bf-9705-9e7d5158d11e	2885764	1.0	confident	Globicatella sp. PHS-GS-PNBC-21-1553	Bacteria
e937c7ed-05dc-446f-91fd-ed3fb583a734	2885764	1.0	confident	Globicatella sp. PHS-GS-PNBC-21-1553	Bacteria
00eaf70a-2052-4209-bd6f-a17837dda703	2885764	1.0	confident	Globicatella sp. PHS-GS-PNBC-21-1553	Bacteria
5ab09682-be01-477a-8e30-0632429d0117	2885764	1.0	confident	Globicatella sp. PHS-GS-PNBC-21-1553	Bacteria
9cdc5f9b-1efa-4931-90ea-1086d0d142d4	2885764	1.0	confident	Globicatella sp. PHS-GS-PNBC-21-1553	Bacteria
292f7e16-6755-4417-bfdb-f2a8ff91d60b	2885764	1.0	confident	Globicatella sp. PHS-GS-PNBC-21-1553	Bacteria
7aa56616-8b8c-4097-8d3c-41b5ca29b049	2885764	1.0	confident	Globicatella sp. PHS-GS-PNBC-21-1553	Bacteria
362df6c8-06bb-4713-935e-c1b2e078c8e9	2885764	1.0	confident	Globicatella sp. PHS-GS-PNBC-21-1553	Bacteria
21f46018-3f5d-408c-a1fd-21e1e87d4b1f	2885764	1.0	confident	Globicatella sp. PHS-GS-PNBC-21-1553	Bacteria
d364ae1a-e5e8-48ae-82ab-5c49ebe8f78b	2885764	1.0	confident	Globicatella sp. PHS-GS-PNBC-21-1553	Bacteria
d0becb2b-4170-43ae-8721-b15f84367ddf	2885764	1.0	confident	Globicatella sp. PHS-GS-PNBC-21-1553	Bacteria
1a0965cb-6320-4c3e-ad11-dc21ae83b4f5	2885764	1.0	confident	Globicatella sp. PHS-GS-PNBC-21-1553	Bacteria
d31324e1-85aa-48cd-821f-b058633ad69f	2885764	1.0	confident	Globicatella sp. PHS-GS-PNBC-21-1553	Bacteria
6afa10d9-e988-4562-9b1d-7b846f091484	2885764	1.0	confident	Globicatella sp. PHS-GS-PNBC-21-1553	Bacteria
9b634bfb-385e-4bc5-926e-2e9f8e479e58	2885764	1.0	confident	Globicatella sp. PHS-GS-PNBC-21-1553	Bacteria
268c578a-5f04-4df7-bd3e-5dfbd61c5c1f	2885764	1.0	confident	Globicatella sp. PHS-GS-PNBC-21-1553	Bacteria
997685eb-c836-4655-b542-c1b9f07930fb	2885764	1.0	confident	Globicatella sp. PHS-GS-PNBC-21-1553	Bacteria
d6d3a52c-a204-464f-b3cc-347b245cce0c	2885764	1.0	confident	Globicatella sp. PHS-GS-PNBC-21-1553	Bacteria
c9ca761a-d778-4ab5-beb8-5015e3c2059c	2885764	1.0	confident	Globicatella sp. PHS-GS-PNBC-21-1553	Bacteria
8f538e77-84f3-4a25-a4f9-ac26f3f3eabd	2885764	1.0	confident	Globicatella sp. PHS-GS-PNBC-21-1553	Bacteria
0acf67af-8753-47d6-879e-2a39dd7100be	2885764	1.0	confident	Globicatella sp. PHS-GS-PNBC-21-1553	Bacteria
71238e8c-bf5b-4214-ad3f-0d97b24d33f8	2885764	1.0	confident	Globicatella sp. PHS-GS-PNBC-21-1553	Bacteria
9306f8b9-f6b6-4d1f-87b9-23da0ddf37ed	2885764	1.0	confident	Globicatella sp. PHS-GS-PNBC-21-1553	Bacteria
bddfc13c-69e3-4ad4-b4a8-98e327951c61	2885764	1.0	confident	Globicatella sp. PHS-GS-PNBC-21-1553	Bacteria
b166e276-b391-4cf2-968d-adfa97cfe065	2885764	1.0	confident	Globicatella sp. PHS-GS-PNBC-21-1553	Bacteria
295024d2-14ab-4d33-97f6-181c57a22d25	2885764	1.0	confident	Globicatella sp. PHS-GS-PNBC-21-1553	Bacteria
f9b32af1-ee66-4282-960e-b9b95279d011	2885764	1.0	confident	Globicatella sp. PHS-GS-PNBC-21-1553	Bacteria
535d2164-196b-48af-b73b-0e636364b052	2885764	1.0	confident	Globicatella sp. PHS-GS-PNBC-21-1553	Bacteria
7787a251-1f04-4b01-b697-8f650b6f4cbc	2885764	1.0	confident	Globicatella sp. PHS-GS-PNBC-21-1553	Bacteria
a4fd5ea6-0caf-4e11-acd1-ead073f03f78	2885764	1.0	confident	Globicatella sp. PHS-GS-PNBC-21-1553	Bacteria
b061bc70-6fc3-41e6-bf20-4ff823384ed3	2885764	1.0	confident	Globicatella sp. PHS-GS-PNBC-21-1553	Bacteria
b3404cde-3eb0-45ae-a071-ed9a708b3e7f	2885764	1.0	confident	Globicatella sp. PHS-GS-PNBC-21-1553	Bacteria
6c85360d-9590-4fd4-9c2d-77ab590f92aa	2885764	1.0	confident	Globicatella sp. PHS-GS-PNBC-21-1553	Bacteria
68542bce-1313-491e-a5f7-3635dc7b4b61	2885764	1.0	confident	Globicatella sp. PHS-GS-PNBC-21-1553	Bacteria
f78981e5-a6ce-49b5-a343-e9b0fe8daa89	2885764	1.0	confident	Globicatella sp. PHS-GS-PNBC-21-1553	Bacteria
92f49951-886e-41ec-af0d-583c41bab94d	2885764	1.0	confident	Globicatella sp. PHS-GS-PNBC-21-1553	Bacteria
bb8adeb7-8ea0-43c8-b9cc-e5208a5079dd	2885764	1.0	confident	Globicatella sp. PHS-GS-PNBC-21-1553	Bacteria
9c9f9a98-0239-4c97-8bca-bc371c71f800	2885764	1.0	confident	Globicatella sp. PHS-GS-PNBC-21-1553	Bacteria
3fe68de3-e5ff-48a5-8fec-d3be4ed02857	2885764	1.0	confident	Globicatella sp. PHS-GS-PNBC-21-1553	Bacteria
fedcd09d-ce2b-4c61-9f20-f6983ada2f4c	2885764	1.0	confident	Globicatella sp. PHS-GS-PNBC-21-1553	Bacteria
8a9d17e5-9682-47bb-a4bb-d9e36b4090af	2885764	1.0	confident	Globicatella sp. PHS-GS-PNBC-21-1553	Bacteria
ca12c713-39ed-4fcf-b070-ac27e8dae087	2885764	1.0	confident	Globicatella sp. PHS-GS-PNBC-21-1553	Bacteria
e0888505-3c82-4503-a53b-2114b1b3062f	2885764	1.0	confident	Globicatella sp. PHS-GS-PNBC-21-1553	Bacteria
bbbadf42-63f3-4deb-a561-7121b0742e2b	2885764	1.0	confident	Globicatella sp. PHS-GS-PNBC-21-1553	Bacteria
8f41197f-fcc3-40dd-a22c-42915e007864	2885764	1.0	confident	Globicatella sp. PHS-GS-PNBC-21-1553	Bacteria
fe1d23a9-ce1a-49c4-898f-741860283866	2885764	1.0	confident	Globicatella sp. PHS-GS-PNBC-21-1553	Bacteria
fe8f62c0-15f9-47b3-bec2-177ef95958b7	2885764	1.0	confident	Globicatella sp. PHS-GS-PNBC-21-1553	Bacteria
883b6f5a-0810-4bf4-99d1-93d18f6d2729	2885764	1.0	confident	Globicatella sp. PHS-GS-PNBC-21-1553	Bacteria
d25d63b7-33a3-49ca-b451-bad404d8a57e	2885764	1.0	confident	Globicatella sp. PHS-GS-PNBC-21-1553	Bacteria
0b1b211d-086d-411b-a944-daacf3cc1709	2885764	1.0	confident	Globicatella sp. PHS-GS-PNBC-21-1553	Bacteria
62f57c7f-05dc-4682-b522-6be11d3bc4ac	2885764	1.0	confident	Globicatella sp. PHS-GS-PNBC-21-1553	Bacteria
155cd0a3-b1ae-4bb1-ac72-be20853d6113	2885764	1.0	confident	Globicatella sp. PHS-GS-PNBC-21-1553	Bacteria
69131101-af8e-4046-829e-88693c29cfe9	2885764	1.0	confident	Globicatella sp. PHS-GS-PNBC-21-1553	Bacteria
dc9b591b-2ce4-4640-91e0-3de5384b52fa	2885764	1.0	confident	Globicatella sp. PHS-GS-PNBC-21-1553	Bacteria
f518ae1d-3cea-4fae-9619-957d019b64a0	2885764	1.0	confident	Globicatella sp. PHS-GS-PNBC-21-1553	Bacteria
11f16191-2cf1-4427-b098-60961c3ab673	2885764	1.0	confident	Globicatella sp. PHS-GS-PNBC-21-1553	Bacteria
913fd2f1-a75d-4546-80a3-20153e7b3c6b	2885764	1.0	confident	Globicatella sp. PHS-GS-PNBC-21-1553	Bacteria
7640afc3-2a60-44da-bd0d-640392955086	2885764	1.0	confident	Globicatella sp. PHS-GS-PNBC-21-1553	Bacteria
18ed4225-d78b-4414-9588-844ee9ed4eff	2885764	1.0	confident	Globicatella sp. PHS-GS-PNBC-21-1553	Bacteria
89f7c635-0a37-4b61-a95c-c1d640dbe4fb	2885764	1.0	confident	Globicatella sp. PHS-GS-PNBC-21-1553	Bacteria
621f1496-a5bd-4296-a7ec-5bc2d03252c8	2885764	1.0	confident	Globicatella sp. PHS-GS-PNBC-21-1553	Bacteria
ee2d9497-9fef-4a63-84a8-8f850ab9e4bf	2885764	1.0	confident	Globicatella sp. PHS-GS-PNBC-21-1553	Bacteria
17821944-32f9-43d0-bccc-99fefbd61381	2885764	1.0	confident	Globicatella sp. PHS-GS-PNBC-21-1553	Bacteria
0d7d6fe4-45de-4300-8b16-992696318e9b	2885764	1.0	confident	Globicatella sp. PHS-GS-PNBC-21-1553	Bacteria
0186a293-96b5-4557-97f5-7fb5866e0243	2885764	1.0	confident	Globicatella sp. PHS-GS-PNBC-21-1553	Bacteria
52843979-a0b9-4e1e-a173-c0e6d14ff452	2885764	1.0	confident	Globicatella sp. PHS-GS-PNBC-21-1553	Bacteria
038e1dbd-a990-4d48-9bf3-2d37c244529c	2885764	1.0	confident	Globicatella sp. PHS-GS-PNBC-21-1553	Bacteria
9ad3589a-9058-48e8-b06a-0f9fd29a23a0	2885764	1.0	confident	Globicatella sp. PHS-GS-PNBC-21-1553	Bacteria
b8df9e3b-bb65-4964-b6fa-4db2ca4d534e	2885764	1.0	confident	Globicatella sp. PHS-GS-PNBC-21-1553	Bacteria
382c451a-483d-4468-93fe-3093e4d060a8	2885764	1.0	confident	Globicatella sp. PHS-GS-PNBC-21-1553	Bacteria
f3869bce-8a3b-4588-a078-2a0540678a4e	2885764	1.0	confident	Globicatella sp. PHS-GS-PNBC-21-1553	Bacteria
dd3493a6-7ca3-4a45-8b97-a8a0593c1e22	2885764	1.0	confident	Globicatella sp. PHS-GS-PNBC-21-1553	Bacteria
3e1fe9d7-1534-4e3f-b231-fe4c34caddd5	2885764	1.0	confident	Globicatella sp. PHS-GS-PNBC-21-1553	Bacteria
60005244-c1ce-4879-81d0-fd8791a44350	2885764	1.0	confident	Globicatella sp. PHS-GS-PNBC-21-1553	Bacteria
5ba9e155-e397-4a22-994f-73a7fdc260c9	2885764	1.0	confident	Globicatella sp. PHS-GS-PNBC-21-1553	Bacteria
1bce283f-8ff8-407f-b9b8-04a5252e22ef	2885764	1.0	confident	Globicatella sp. PHS-GS-PNBC-21-1553	Bacteria
9ca9e036-0442-4bb7-bc50-fdf9fc79c75f	2885764	1.0	confident	Globicatella sp. PHS-GS-PNBC-21-1553	Bacteria
692da4ba-cd60-4479-aa32-f3bf265d4fa8	2885764	1.0	confident	Globicatella sp. PHS-GS-PNBC-21-1553	Bacteria
4f3ce144-a0d3-4bbc-8203-3dff823e1355	2885764	1.0	confident	Globicatella sp. PHS-GS-PNBC-21-1553	Bacteria
7c4e47ec-809b-4dca-b582-ff7b2ae10b3d	2885764	1.0	confident	Globicatella sp. PHS-GS-PNBC-21-1553	Bacteria
4d922dbe-1f82-44e7-b16e-94ad459ab227	2885764	1.0	confident	Globicatella sp. PHS-GS-PNBC-21-1553	Bacteria
8cc14416-14c9-47e6-8d13-fee08e8bc739	2885764	1.0	confident	Globicatella sp. PHS-GS-PNBC-21-1553	Bacteria
e3927cf8-4685-465c-a8c2-081dde07b25e	2885764	1.0	confident	Globicatella sp. PHS-GS-PNBC-21-1553	Bacteria
fbd1681f-e5b5-44e8-880e-6bc7ba60d5f5	2885764	1.0	confident	Globicatella sp. PHS-GS-PNBC-21-1553	Bacteria
56955a87-4183-4a59-9313-6b57127b86c7	2885764	1.0	confident	Globicatella sp. PHS-GS-PNBC-21-1553	Bacteria
54cf42c4-3d78-494f-a69f-8f3e3e2af952	2885764	1.0	confident	Globicatella sp. PHS-GS-PNBC-21-1553	Bacteria
1876b16a-28f6-4e99-b3ae-52061ce6791e	2885764	1.0	confident	Globicatella sp. PHS-GS-PNBC-21-1553	Bacteria
e0341fc9-bd97-4087-b74f-6b6645c1ae74	2885764	1.0	confident	Globicatella sp. PHS-GS-PNBC-21-1553	Bacteria
2cd0bca9-ffd5-4b9d-86ac-b4d5930f441d	2885764	1.0	confident	Globicatella sp. PHS-GS-PNBC-21-1553	Bacteria
66084921-1c73-42cb-ad08-dc41e7844a5c	2885764	1.0	confident	Globicatella sp. PHS-GS-PNBC-21-1553	Bacteria
bf4c8d70-ccd7-457f-811d-adefcc178a73	2885764	1.0	confident	Globicatella sp. PHS-GS-PNBC-21-1553	Bacteria
0c8ae31c-5c54-41b5-bb96-4d95b6f8373b	2885764	1.0	confident	Globicatella sp. PHS-GS-PNBC-21-1553	Bacteria
ac5e9904-313c-4f72-a7a1-a437a105d922	2885764	1.0	confident	Globicatella sp. PHS-GS-PNBC-21-1553	Bacteria
e0896459-cb07-4001-b41e-a72ffd2dd27e	2885764	1.0	confident	Globicatella sp. PHS-GS-PNBC-21-1553	Bacteria
c572c7e0-9e94-475f-8642-33c36bab78af	2885764	1.0	confident	Globicatella sp. PHS-GS-PNBC-21-1553	Bacteria
5eca9c80-06cd-4d91-8568-72a36a67beca	2885764	1.0	confident	Globicatella sp. PHS-GS-PNBC-21-1553	Bacteria
cb830db6-4f70-4196-ab3d-b8394850dc25	2885764	1.0	confident	Globicatella sp. PHS-GS-PNBC-21-1553	Bacteria
49824b24-f018-4026-b3a3-5b8613b7042e	2885764	1.0	confident	Globicatella sp. PHS-GS-PNBC-21-1553	Bacteria
7bae8e57-4210-4b9f-85e8-f84003ff5054	2885764	1.0	confident	Globicatella sp. PHS-GS-PNBC-21-1553	Bacteria
691c86be-08a7-40ac-836b-a7bda08529b8	2885764	1.0	confident	Globicatella sp. PHS-GS-PNBC-21-1553	Bacteria
d04055ff-45a5-469c-97b0-a7a6d61cbd22	2885764	1.0	confident	Globicatella sp. PHS-GS-PNBC-21-1553	Bacteria
5928f8b0-1c34-4ec4-a3a0-517336357991	2885764	1.0	confident	Globicatella sp. PHS-GS-PNBC-21-1553	Bacteria
360ce1ca-5522-4921-a901-b9ec7e1a3af9	2885764	1.0	confident	Globicatella sp. PHS-GS-PNBC-21-1553	Bacteria
7b7125c7-d05a-4e47-a700-e9fcead3844c	2885764	1.0	confident	Globicatella sp. PHS-GS-PNBC-21-1553	Bacteria
bf78746f-781f-4507-b0df-f1c8fec6b3fa	2885764	1.0	confident	Globicatella sp. PHS-GS-PNBC-21-1553	Bacteria
6b83a38e-3400-4201-bcab-5f33ed969f03	2885764	1.0	confident	Globicatella sp. PHS-GS-PNBC-21-1553	Bacteria
57c7b5ad-74ae-4800-a08b-0ce65258050b	2885764	1.0	confident	Globicatella sp. PHS-GS-PNBC-21-1553	Bacteria
8be10956-7202-46e1-a7b0-500dcc05236c	2885764	1.0	confident	Globicatella sp. PHS-GS-PNBC-21-1553	Bacteria
b3362ab1-1191-4972-89a8-d736f210368e	2885764	1.0	confident	Globicatella sp. PHS-GS-PNBC-21-1553	Bacteria
aebfe182-d6bf-48f2-9d1d-3483535f8f84	2885764	1.0	confident	Globicatella sp. PHS-GS-PNBC-21-1553	Bacteria
8ac3a38d-c5bf-42c1-bd96-d471b44e9fd3	2885764	1.0	confident	Globicatella sp. PHS-GS-PNBC-21-1553	Bacteria
7b4a7aeb-0056-4063-bdbf-b1266a5e310a	2885764	1.0	confident	Globicatella sp. PHS-GS-PNBC-21-1553	Bacteria
3028fa2a-a5ed-4acb-b0bc-a0dc17e2abb1	2885764	1.0	confident	Globicatella sp. PHS-GS-PNBC-21-1553	Bacteria
1c279753-b0e1-417d-a944-c9c1bf0257a0	2885764	1.0	confident	Globicatella sp. PHS-GS-PNBC-21-1553	Bacteria
3db104b0-025f-4aa5-8de0-a1811e6f5a6c	2885764	1.0	confident	Globicatella sp. PHS-GS-PNBC-21-1553	Bacteria
0554906e-db1c-464e-bdfe-73f141fd78cb	2885764	1.0	confident	Globicatella sp. PHS-GS-PNBC-21-1553	Bacteria
94142025-666f-46d7-90c9-6aa7fd90cbe0	2885764	1.0	confident	Globicatella sp. PHS-GS-PNBC-21-1553	Bacteria
3f840d90-d262-4a27-b798-0ef904cd9012	2885764	1.0	confident	Globicatella sp. PHS-GS-PNBC-21-1553	Bacteria
9ba3e98c-efcd-4a62-b9ce-086fc6e8a047	2885764	1.0	confident	Globicatella sp. PHS-GS-PNBC-21-1553	Bacteria
c5bd9870-2180-488a-9929-6379976ccad6	2885764	1.0	confident	Globicatella sp. PHS-GS-PNBC-21-1553	Bacteria
843b6c0f-b377-430b-bf68-8666f4628205	2885764	1.0	confident	Globicatella sp. PHS-GS-PNBC-21-1553	Bacteria
5487ee70-c8f2-4d09-9b59-736faaec9b1e	2885764	1.0	confident	Globicatella sp. PHS-GS-PNBC-21-1553	Bacteria
0716e577-61d5-4877-802b-ef4e92f1678b	2885764	1.0	confident	Globicatella sp. PHS-GS-PNBC-21-1553	Bacteria
8c0da653-8ac6-474f-9b91-66879f956ef2	2885764	1.0	confident	Globicatella sp. PHS-GS-PNBC-21-1553	Bacteria
23969626-7762-4139-83a8-62460fbb32fb	2885764	1.0	confident	Globicatella sp. PHS-GS-PNBC-21-1553	Bacteria
4e31cc64-63bb-4215-8a52-4345b2935455	2885764	1.0	confident	Globicatella sp. PHS-GS-PNBC-21-1553	Bacteria
542f1a60-87f9-424d-8ad2-92bda746decf	2885764	1.0	confident	Globicatella sp. PHS-GS-PNBC-21-1553	Bacteria
01864e33-39eb-43cc-8753-e43a47f1cb69	2885764	1.0	confident	Globicatella sp. PHS-GS-PNBC-21-1553	Bacteria
fe1b1ac0-4e96-4f2a-a9ae-d849dec096ef	2885764	1.0	confident	Globicatella sp. PHS-GS-PNBC-21-1553	Bacteria
d943c974-a8cb-4700-9e7e-b4cc683ac616	2885764	1.0	confident	Globicatella sp. PHS-GS-PNBC-21-1553	Bacteria
93329e1a-abdd-4184-9ba4-cf8643627950	2885764	1.0	confident	Globicatella sp. PHS-GS-PNBC-21-1553	Bacteria
23d7e862-8c6d-4f39-a87d-8829549e1836	2885764	1.0	confident	Globicatella sp. PHS-GS-PNBC-21-1553	Bacteria
55ab6ef8-26c7-4dbd-b6b0-b13131848091	2885764	1.0	confident	Globicatella sp. PHS-GS-PNBC-21-1553	Bacteria
86627528-d681-4fc5-81c1-93827d343743	2885764	1.0	confident	Globicatella sp. PHS-GS-PNBC-21-1553	Bacteria
fef39486-fdf8-4556-a1de-e14365eead00	2885764	1.0	confident	Globicatella sp. PHS-GS-PNBC-21-1553	Bacteria
1e1045e1-f315-4cf6-9f0d-24069cb65db9	2885764	1.0	confident	Globicatella sp. PHS-GS-PNBC-21-1553	Bacteria
be8d8aa9-6515-4c88-84ea-5012a345ce4f	2885764	1.0	confident	Globicatella sp. PHS-GS-PNBC-21-1553	Bacteria
3e514777-3c14-4500-872e-9accdea4deb5	2885764	1.0	confident	Globicatella sp. PHS-GS-PNBC-21-1553	Bacteria
0acc7a30-8ea5-4e83-b6cf-76da08bbbab5	2885764	1.0	confident	Globicatella sp. PHS-GS-PNBC-21-1553	Bacteria
cc7ff9e0-069f-4af4-92ee-39e5c2cf3690	2885764	1.0	confident	Globicatella sp. PHS-GS-PNBC-21-1553	Bacteria
88384ea6-2e49-43ea-be06-dccfc9716935	2885764	1.0	confident	Globicatella sp. PHS-GS-PNBC-21-1553	Bacteria
a9f3a53f-6901-40d8-94be-94c3403e6cca	2885764	1.0	confident	Globicatella sp. PHS-GS-PNBC-21-1553	Bacteria
71bc3bc5-49be-4fe2-9e37-38504249ef11	2885764	1.0	confident	Globicatella sp. PHS-GS-PNBC-21-1553	Bacteria
a9f1e5ce-3413-4149-a67a-f139fb5712d0	2885764	1.0	confident	Globicatella sp. PHS-GS-PNBC-21-1553	Bacteria
a29aed48-21a7-456e-a165-be627832f18f	2885764	1.0	confident	Globicatella sp. PHS-GS-PNBC-21-1553	Bacteria
aff48326-5458-4b3d-a3e5-c2a0f61e5c77	2885764	1.0	confident	Globicatella sp. PHS-GS-PNBC-21-1553	Bacteria
ebe8ab2e-3a04-43fe-ab11-179427437b1a	2885764	1.0	confident	Globicatella sp. PHS-GS-PNBC-21-1553	Bacteria
75eb08f0-f7d1-4b12-a954-fd821f65b992	2885764	1.0	confident	Globicatella sp. PHS-GS-PNBC-21-1553	Bacteria
046ebbe0-114a-41e2-a82b-db3742de6c93	2885764	1.0	confident	Globicatella sp. PHS-GS-PNBC-21-1553	Bacteria
224349b0-8a38-4376-976b-f8bb88800dd6	2885764	1.0	confident	Globicatella sp. PHS-GS-PNBC-21-1553	Bacteria
2d82964b-9c5f-47a8-8506-b83a856bcb8c	2885764	1.0	confident	Globicatella sp. PHS-GS-PNBC-21-1553	Bacteria
7908d969-9c53-40a5-b631-2215a0aed125	2885764	1.0	confident	Globicatella sp. PHS-GS-PNBC-21-1553	Bacteria
dbddb4ca-1a8d-4cfa-a373-4e065402b533	2885764	1.0	confident	Globicatella sp. PHS-GS-PNBC-21-1553	Bacteria
cc5b0e38-8fd3-417a-b4a8-5cfc669c4909	2885764	1.0	confident	Globicatella sp. PHS-GS-PNBC-21-1553	Bacteria
56d260d4-06a1-4069-ba9e-f1e73b6bca91	2885764	1.0	confident	Globicatella sp. PHS-GS-PNBC-21-1553	Bacteria
b181b3f6-77b5-45df-9549-3cb0e564a871	2885764	1.0	confident	Globicatella sp. PHS-GS-PNBC-21-1553	Bacteria
026e7152-224e-4cc1-bdff-ad17fa7d7a63	2885764	1.0	confident	Globicatella sp. PHS-GS-PNBC-21-1553	Bacteria
5921eabd-dcc7-4178-9513-ab9a1aaf70b3	2885764	1.0	confident	Globicatella sp. PHS-GS-PNBC-21-1553	Bacteria
936276e6-6875-489a-b964-af51fd4cea6c	2885764	1.0	confident	Globicatella sp. PHS-GS-PNBC-21-1553	Bacteria
3542721b-7290-4398-b7c8-1607fcc2cf16	2885764	1.0	confident	Globicatella sp. PHS-GS-PNBC-21-1553	Bacteria
a2158325-5c4f-45d0-9e03-72a15e03df2a	2885764	1.0	confident	Globicatella sp. PHS-GS-PNBC-21-1553	Bacteria
b5dd7d8e-04e1-40ce-9239-476a06f40d18	2885764	1.0	confident	Globicatella sp. PHS-GS-PNBC-21-1553	Bacteria
8bd57da4-9637-4bef-a124-fd94cefa6786	2885764	1.0	confident	Globicatella sp. PHS-GS-PNBC-21-1553	Bacteria
32f909de-1edb-4ed0-8c2d-01b0085e05c5	2885764	1.0	confident	Globicatella sp. PHS-GS-PNBC-21-1553	Bacteria
e4683442-7c2d-4777-b541-96bb377d6a66	2885764	1.0	confident	Globicatella sp. PHS-GS-PNBC-21-1553	Bacteria
c78f91ad-024a-412b-beb4-feec6caac35f	2885764	1.0	confident	Globicatella sp. PHS-GS-PNBC-21-1553	Bacteria
c4e55b1e-2da5-414a-ac20-76fe661b7b02	2885764	1.0	confident	Globicatella sp. PHS-GS-PNBC-21-1553	Bacteria
2e466b59-c5c2-486e-be24-99cbacd25bc0	2885764	1.0	confident	Globicatella sp. PHS-GS-PNBC-21-1553	Bacteria
502b319a-69c7-426f-af53-76aa3c14a935	2885764	1.0	confident	Globicatella sp. PHS-GS-PNBC-21-1553	Bacteria
c4ea1c13-e916-4c9b-8602-58e3ecae421c	2885764	1.0	confident	Globicatella sp. PHS-GS-PNBC-21-1553	Bacteria
1f8722ab-279b-43e1-b5b8-91b7d6b6d81b	2885764	1.0	confident	Globicatella sp. PHS-GS-PNBC-21-1553	Bacteria
e8efe2a7-9fe0-4e47-9fdf-92a77d903a06	2885764	1.0	confident	Globicatella sp. PHS-GS-PNBC-21-1553	Bacteria
233ab972-408e-48bb-ba12-ae62f2bb001d	2885764	1.0	confident	Globicatella sp. PHS-GS-PNBC-21-1553	Bacteria
b3e6cd1a-dcb6-475d-b37b-a14098ae663f	2885764	1.0	confident	Globicatella sp. PHS-GS-PNBC-21-1553	Bacteria
08a1eae4-09de-45f9-bad5-8df2b552fb11	2885764	1.0	confident	Globicatella sp. PHS-GS-PNBC-21-1553	Bacteria
3f089b47-2060-430e-97c1-ea1a23fecfc3	2885764	1.0	confident	Globicatella sp. PHS-GS-PNBC-21-1553	Bacteria
da881107-6332-48f3-9157-eba239bc2725	2885764	1.0	confident	Globicatella sp. PHS-GS-PNBC-21-1553	Bacteria
78f1ffea-a37f-4bad-b4c8-f5eda15b2e7f	2885764	1.0	confident	Globicatella sp. PHS-GS-PNBC-21-1553	Bacteria
b74a8166-09c3-422e-88e4-5070f726972d	2885764	1.0	confident	Globicatella sp. PHS-GS-PNBC-21-1553	Bacteria
6c80e2b1-580f-4186-9812-2c2f5a07e823	2885764	1.0	confident	Globicatella sp. PHS-GS-PNBC-21-1553	Bacteria
a9e79c0c-efad-4f1c-9d0d-50d3f91cd34e	2885764	1.0	confident	Globicatella sp. PHS-GS-PNBC-21-1553	Bacteria
c1bfdb7a-b18d-4aa9-b1f6-7701038bea81	2885764	1.0	confident	Globicatella sp. PHS-GS-PNBC-21-1553	Bacteria
d6ee6a6d-639f-47fc-870e-f28ed376e1f5	2885764	1.0	confident	Globicatella sp. PHS-GS-PNBC-21-1553	Bacteria
18b80124-9ce3-478b-a9e3-afee838770f5	2885764	1.0	confident	Globicatella sp. PHS-GS-PNBC-21-1553	Bacteria
30dafe35-1427-4272-84ec-c547ee1bbf47	2885764	1.0	confident	Globicatella sp. PHS-GS-PNBC-21-1553	Bacteria
09e18ac8-7c6d-4af8-95ef-93a725d483cd	2885764	1.0	confident	Globicatella sp. PHS-GS-PNBC-21-1553	Bacteria
66fb540a-0b58-4d95-aa90-cb50f5f4d559	2885764	1.0	confident	Globicatella sp. PHS-GS-PNBC-21-1553	Bacteria
f5428da3-de73-4d03-b49e-c222aef1b9c7	2885764	1.0	confident	Globicatella sp. PHS-GS-PNBC-21-1553	Bacteria
d43ef0ca-946a-4254-9081-51022ccb0a3c	2885764	1.0	confident	Globicatella sp. PHS-GS-PNBC-21-1553	Bacteria
b5c78d1d-d896-491b-88db-4e2c0cd14162	2885764	1.0	confident	Globicatella sp. PHS-GS-PNBC-21-1553	Bacteria
d5293896-f3f5-457a-a455-bd0a7d58c5b5	2885764	1.0	confident	Globicatella sp. PHS-GS-PNBC-21-1553	Bacteria
d348c9cc-697e-4f16-928c-cf2c7e86872d	2885764	1.0	confident	Globicatella sp. PHS-GS-PNBC-21-1553	Bacteria
05800fe8-1932-4c9c-a82e-f9c7753a63ac	2885764	1.0	confident	Globicatella sp. PHS-GS-PNBC-21-1553	Bacteria
53756546-5ebc-4654-874a-a324de66f599	2885764	1.0	confident	Globicatella sp. PHS-GS-PNBC-21-1553	Bacteria
ba8fc86e-7a1c-4297-8e9d-4510925939e9	2885764	1.0	confident	Globicatella sp. PHS-GS-PNBC-21-1553	Bacteria
7e0d7070-5294-43e8-8c16-eaf70f8a1b25	2885764	1.0	confident	Globicatella sp. PHS-GS-PNBC-21-1553	Bacteria
105671be-5f57-49dc-b223-66965d9b7ac8	2885764	1.0	confident	Globicatella sp. PHS-GS-PNBC-21-1553	Bacteria
8581bc30-1d0e-4838-b614-7100ffd5f2df	2885764	1.0	confident	Globicatella sp. PHS-GS-PNBC-21-1553	Bacteria
0b28b746-2d38-406e-bcfd-2248a5b57548	2885764	1.0	confident	Globicatella sp. PHS-GS-PNBC-21-1553	Bacteria
6a471c25-23fb-499b-8726-cb2bb5f7605a	2885764	1.0	confident	Globicatella sp. PHS-GS-PNBC-21-1553	Bacteria
14e4c851-274d-4c16-a769-d2ea062182a2	2885764	1.0	confident	Globicatella sp. PHS-GS-PNBC-21-1553	Bacteria
0a7acad5-5553-4cf4-9a32-7e91ff808cf1	2885764	1.0	confident	Globicatella sp. PHS-GS-PNBC-21-1553	Bacteria
d49a40a6-0111-4928-a134-052cf8690354	2885764	1.0	confident	Globicatella sp. PHS-GS-PNBC-21-1553	Bacteria
f782018a-12fa-44f0-827f-82710cb028e2	2885764	1.0	confident	Globicatella sp. PHS-GS-PNBC-21-1553	Bacteria
35a16a83-d8a5-4258-8ca4-2c66402eddf3	2885764	1.0	confident	Globicatella sp. PHS-GS-PNBC-21-1553	Bacteria
45117182-f306-41c9-adff-a6197aed5fd6	2885764	1.0	confident	Globicatella sp. PHS-GS-PNBC-21-1553	Bacteria
c5653373-a403-49dd-a940-2acc8b301156	2885764	1.0	confident	Globicatella sp. PHS-GS-PNBC-21-1553	Bacteria
132b2140-fbe0-4212-8815-176ec18fb7f7	2885764	1.0	confident	Globicatella sp. PHS-GS-PNBC-21-1553	Bacteria
f95e5b05-7193-44fe-8f3b-4526c6048638	2885764	1.0	confident	Globicatella sp. PHS-GS-PNBC-21-1553	Bacteria
22eac661-ed4f-478d-8e76-07d7ff75cf98	2885764	1.0	confident	Globicatella sp. PHS-GS-PNBC-21-1553	Bacteria
034717f9-6d2f-42b4-98e1-3f06b9d3d869	2885764	1.0	confident	Globicatella sp. PHS-GS-PNBC-21-1553	Bacteria
b2066d57-0a0a-41ac-a56f-1a47bc7ff201	2885764	1.0	confident	Globicatella sp. PHS-GS-PNBC-21-1553	Bacteria
b6870859-fc10-49fc-a8ba-3b2be4b171ac	2885764	1.0	confident	Globicatella sp. PHS-GS-PNBC-21-1553	Bacteria
ba1c6628-4e67-4f37-a0c5-a2a4ddb3d740	2885764	1.0	confident	Globicatella sp. PHS-GS-PNBC-21-1553	Bacteria
37f1547d-1979-494b-9801-1c0b82a55670	2885764	1.0	confident	Globicatella sp. PHS-GS-PNBC-21-1553	Bacteria
1412bc6b-e66e-4141-a116-7f5f2cd517eb	2885764	1.0	confident	Globicatella sp. PHS-GS-PNBC-21-1553	Bacteria
26dec455-d525-4798-97d8-a6eef81f53c9	2885764	1.0	confident	Globicatella sp. PHS-GS-PNBC-21-1553	Bacteria
98a86e45-9712-4b0d-af26-80228c5019c9	2885764	1.0	confident	Globicatella sp. PHS-GS-PNBC-21-1553	Bacteria
4b278bff-c2c7-4e72-a1b6-3aa6e32843b0	2885764	1.0	confident	Globicatella sp. PHS-GS-PNBC-21-1553	Bacteria
8c78212c-c4b3-4890-abaa-8b45db730bfb	2885764	1.0	confident	Globicatella sp. PHS-GS-PNBC-21-1553	Bacteria
ee522812-ab62-4270-9407-121badf06483	2885764	1.0	confident	Globicatella sp. PHS-GS-PNBC-21-1553	Bacteria
ce1d798d-38d9-433c-a291-57c8032c12f6	2885764	1.0	confident	Globicatella sp. PHS-GS-PNBC-21-1553	Bacteria
d99790b5-a17a-4bf5-9b50-541b8ba66181	2885764	1.0	confident	Globicatella sp. PHS-GS-PNBC-21-1553	Bacteria
5b52780f-e561-4cbd-9451-a2601c4e551a	2885764	1.0	confident	Globicatella sp. PHS-GS-PNBC-21-1553	Bacteria
9b5b473c-30a0-48cf-bc58-86f89db0a23a	2885764	1.0	confident	Globicatella sp. PHS-GS-PNBC-21-1553	Bacteria
3a0cce59-e916-4401-8bcd-26e9a33e353a	2885764	1.0	confident	Globicatella sp. PHS-GS-PNBC-21-1553	Bacteria
7abd6500-f9ef-4c39-8e00-576e3970ab43	2885764	1.0	confident	Globicatella sp. PHS-GS-PNBC-21-1553	Bacteria
8c0bb616-3733-4883-bcfe-d1f5da86aa60	2885764	1.0	confident	Globicatella sp. PHS-GS-PNBC-21-1553	Bacteria
31b1fefa-deab-4f88-9ba3-e09626bcc857	2885764	1.0	confident	Globicatella sp. PHS-GS-PNBC-21-1553	Bacteria
71764b18-1305-441a-92c4-c3d5976df1bd	2885764	1.0	confident	Globicatella sp. PHS-GS-PNBC-21-1553	Bacteria
ba6d65f6-781e-4aef-a120-67f3746760e7	2885764	1.0	confident	Globicatella sp. PHS-GS-PNBC-21-1553	Bacteria
d99ca5e7-8c2a-4437-962b-742b7d5c0d6a	2885764	1.0	confident	Globicatella sp. PHS-GS-PNBC-21-1553	Bacteria
1dfe5481-e372-44ad-8d12-06710164a4bc	2885764	1.0	confident	Globicatella sp. PHS-GS-PNBC-21-1553	Bacteria
902be41b-400c-4d0f-af8d-bd5a577f8de5	2885764	1.0	confident	Globicatella sp. PHS-GS-PNBC-21-1553	Bacteria
d3c21886-d83a-4a56-8dc3-9ea69c619f20	2885764	1.0	confident	Globicatella sp. PHS-GS-PNBC-21-1553	Bacteria
c8cc93c6-f131-4f11-a0cb-880fc7852e52	2885764	1.0	confident	Globicatella sp. PHS-GS-PNBC-21-1553	Bacteria
d4537a67-5b8b-44c5-884d-60625545f842	6649	1.0	confident	Embryophyceae_XXX_sp.:plas	Eukaryota:plas
b3662c10-126a-4f4b-baed-81ca90aa3c08	6649	1.0	confident	Embryophyceae_XXX_sp.:plas	Eukaryota:plas
a8442690-8192-41df-9ebd-2cf12d28c3b5	6649	1.0	confident	Embryophyceae_XXX_sp.:plas	Eukaryota:plas
b86e15d2-b273-4722-8a96-dd15f48c373b	6649	1.0	confident	Embryophyceae_XXX_sp.:plas	Eukaryota:plas
fbae3d36-0329-48a4-bb5f-deeb103e2a4d	6649	1.0	confident	Embryophyceae_XXX_sp.:plas	Eukaryota:plas
1b378039-8c72-416e-b5ea-6aa15d5c3956	6649	1.0	confident	Embryophyceae_XXX_sp.:plas	Eukaryota:plas
45aefde0-9446-4b92-b4e3-ee74fb367d61	6649	1.0	confident	Embryophyceae_XXX_sp.:plas	Eukaryota:plas
af4db4b4-b3b6-4d44-9ec3-9e32bfd40943	6649	1.0	confident	Embryophyceae_XXX_sp.:plas	Eukaryota:plas
2b1164e1-8fe2-451c-9ea2-eb26d6222173	6649	1.0	confident	Embryophyceae_XXX_sp.:plas	Eukaryota:plas
6332aca3-abab-4977-a4eb-490db9b84926	6649	1.0	confident	Embryophyceae_XXX_sp.:plas	Eukaryota:plas
e191bda6-e908-4819-9771-90da8e2cfd6f	6649	1.0	confident	Embryophyceae_XXX_sp.:plas	Eukaryota:plas
15e45428-7fcd-4ad3-9e92-85d34ef97dc1	6649	1.0	confident	Embryophyceae_XXX_sp.:plas	Eukaryota:plas
84f41fb7-a94e-427d-b3c8-bdfc6f7a7172	6649	1.0	confident	Embryophyceae_XXX_sp.:plas	Eukaryota:plas
7ee0f209-034b-40a3-836c-e63035ca8f6b	6649	1.0	confident	Embryophyceae_XXX_sp.:plas	Eukaryota:plas
1020e181-cba0-4d14-b259-88c106e0353d	6649	1.0	confident	Embryophyceae_XXX_sp.:plas	Eukaryota:plas
ba131b08-ae2b-40f2-9721-8912fe787dce	6649	1.0	confident	Embryophyceae_XXX_sp.:plas	Eukaryota:plas
00512d5e-4730-41f1-a422-5d04dbb15f82	6649	1.0	confident	Embryophyceae_XXX_sp.:plas	Eukaryota:plas
7ccce2be-6240-4b07-87bb-5b8a16ad2ed2	6649	1.0	confident	Embryophyceae_XXX_sp.:plas	Eukaryota:plas
e208b38f-0573-4ccf-b62c-26ddec960339	6649	1.0	confident	Embryophyceae_XXX_sp.:plas	Eukaryota:plas
eec17625-c75c-4f3d-9cf6-4711c63b7ad4	6649	1.0	confident	Embryophyceae_XXX_sp.:plas	Eukaryota:plas
9827baf1-bcfd-4220-a2f7-8bbc29e5a3ff	6649	1.0	confident	Embryophyceae_XXX_sp.:plas	Eukaryota:plas
567c9e29-da94-43b6-882f-a9e2d5b28621	6649	1.0	confident	Embryophyceae_XXX_sp.:plas	Eukaryota:plas
ad1d027b-2312-4fea-9aa4-3c2af014b648	6649	1.0	confident	Embryophyceae_XXX_sp.:plas	Eukaryota:plas
12b8119d-818b-422c-a49d-71c1533f7e25	6649	1.0	confident	Embryophyceae_XXX_sp.:plas	Eukaryota:plas
48e575ac-d202-4b7c-b9fd-4941e66738b5	6649	1.0	confident	Embryophyceae_XXX_sp.:plas	Eukaryota:plas
68d7b890-d013-4b2f-9bdc-23de92af8dcb	6649	1.0	confident	Embryophyceae_XXX_sp.:plas	Eukaryota:plas
780bb46d-a0cb-4e4f-9f62-a7d67868be99	6649	1.0	confident	Embryophyceae_XXX_sp.:plas	Eukaryota:plas
b603fb15-7cef-4780-aa05-510611e3c324	6649	1.0	confident	Embryophyceae_XXX_sp.:plas	Eukaryota:plas
e6535dc5-2f30-44b3-91e2-84ae18aa6b72	6649	1.0	confident	Embryophyceae_XXX_sp.:plas	Eukaryota:plas
f94715fa-4a23-4aa3-9544-d42ddf5b35b4	6649	1.0	confident	Embryophyceae_XXX_sp.:plas	Eukaryota:plas
8f86f878-740e-4949-b222-0662cbd27535	6649	1.0	confident	Embryophyceae_XXX_sp.:plas	Eukaryota:plas
d7e625bd-e007-4b62-870c-0d844e70968c	6649	1.0	confident	Embryophyceae_XXX_sp.:plas	Eukaryota:plas
a76fa1a9-ad8c-4da9-a7fd-a9c6f2a88299	6649	1.0	confident	Embryophyceae_XXX_sp.:plas	Eukaryota:plas
ac6255c5-7f2e-40cb-a864-edca5d6f40d2	6649	1.0	confident	Embryophyceae_XXX_sp.:plas	Eukaryota:plas
edcdcaac-e1a6-40a7-9595-613143f452b8	6649	1.0	confident	Embryophyceae_XXX_sp.:plas	Eukaryota:plas
8dad89dd-be74-42df-91c8-6c43ce793fff	6649	1.0	confident	Embryophyceae_XXX_sp.:plas	Eukaryota:plas
067f334b-7400-4a33-9b27-0f2319c057c0	6649	1.0	confident	Embryophyceae_XXX_sp.:plas	Eukaryota:plas
9d151569-9290-4a08-92fa-b64ac4a60015	6649	1.0	confident	Embryophyceae_XXX_sp.:plas	Eukaryota:plas
e86c6ae5-1736-4603-9f81-0c231316c85d	6649	1.0	confident	Embryophyceae_XXX_sp.:plas	Eukaryota:plas
59131a53-b692-4f18-acd8-53e97c33ba95	6649	1.0	confident	Embryophyceae_XXX_sp.:plas	Eukaryota:plas
8f4316ba-345b-4e0d-9912-7ac122261008	6649	1.0	confident	Embryophyceae_XXX_sp.:plas	Eukaryota:plas
15c41765-22db-4dce-b662-fc7255d46718	6649	1.0	confident	Embryophyceae_XXX_sp.:plas	Eukaryota:plas
16df4601-4e82-46d2-9376-80878fd2337b	6649	1.0	confident	Embryophyceae_XXX_sp.:plas	Eukaryota:plas
4ec54634-1076-4332-ae1a-3727706411f0	6649	1.0	confident	Embryophyceae_XXX_sp.:plas	Eukaryota:plas
b90c48c4-6b51-42a3-8cd6-1da8eac9aa0a	6649	1.0	confident	Embryophyceae_XXX_sp.:plas	Eukaryota:plas
131b1645-3545-49b0-b021-f428cd191721	6649	1.0	confident	Embryophyceae_XXX_sp.:plas	Eukaryota:plas
5b91537c-615c-47c6-b583-b488c4168ab2	6649	1.0	confident	Embryophyceae_XXX_sp.:plas	Eukaryota:plas
5456cf74-568a-475b-96ad-57480100172e	6649	1.0	confident	Embryophyceae_XXX_sp.:plas	Eukaryota:plas
ef0ea392-9481-49d9-b91b-fd738f14cd50	6649	1.0	confident	Embryophyceae_XXX_sp.:plas	Eukaryota:plas
e22213fd-108f-4eaa-b978-14c478847a62	6649	1.0	confident	Embryophyceae_XXX_sp.:plas	Eukaryota:plas
a22fbda4-85a0-483f-b104-d129fb34e89f	6649	1.0	confident	Embryophyceae_XXX_sp.:plas	Eukaryota:plas
da7c03df-4d4a-4410-a744-c1cc64ac0cb4	6649	1.0	confident	Embryophyceae_XXX_sp.:plas	Eukaryota:plas
02f3bccc-e5eb-4434-9139-5cd75ded841f	6649	1.0	confident	Embryophyceae_XXX_sp.:plas	Eukaryota:plas
2a15963c-7e90-45cb-ac1b-3921d1896501	6649	1.0	confident	Embryophyceae_XXX_sp.:plas	Eukaryota:plas
9b147538-d4f0-4e61-9977-d45debeed87d	6649	1.0	confident	Embryophyceae_XXX_sp.:plas	Eukaryota:plas
f4c91da0-6833-4dbb-8ba5-96ec8b5cfaca	6649	1.0	confident	Embryophyceae_XXX_sp.:plas	Eukaryota:plas
7f32dc39-f284-46ae-a347-ee12c2a2d204	6649	1.0	confident	Embryophyceae_XXX_sp.:plas	Eukaryota:plas
d5ec891c-ade8-496e-907a-3b9ffe0ae71c	6649	1.0	confident	Embryophyceae_XXX_sp.:plas	Eukaryota:plas
5143f8f0-0bc5-46de-b9f5-4742bc7e8124	6649	1.0	confident	Embryophyceae_XXX_sp.:plas	Eukaryota:plas
9af08ec6-5a10-409f-8c16-52184bf36413	6649	1.0	confident	Embryophyceae_XXX_sp.:plas	Eukaryota:plas
7816252f-78de-4d73-bf01-9156af74a6d1	6649	1.0	confident	Embryophyceae_XXX_sp.:plas	Eukaryota:plas
93f41ba9-8c0d-4233-9889-4363ba130879	6649	1.0	confident	Embryophyceae_XXX_sp.:plas	Eukaryota:plas
49e3f243-12cf-45e5-8bea-c21af85fbe5e	6649	1.0	confident	Embryophyceae_XXX_sp.:plas	Eukaryota:plas
3b6cdd09-0976-4c07-ae6c-333c6e74de23	6649	1.0	confident	Embryophyceae_XXX_sp.:plas	Eukaryota:plas
2188edb5-7db2-42aa-937a-9ca9f00a80bb	6649	1.0	confident	Embryophyceae_XXX_sp.:plas	Eukaryota:plas
a7cdf50b-1d4c-4557-a8f4-ae3922500cf1	6649	1.0	confident	Embryophyceae_XXX_sp.:plas	Eukaryota:plas
0eded833-9e13-4ba0-9327-27237050ea6d	6649	1.0	confident	Embryophyceae_XXX_sp.:plas	Eukaryota:plas
a8882c27-eff8-4b43-9efb-357998965c36	6649	1.0	confident	Embryophyceae_XXX_sp.:plas	Eukaryota:plas
6cfd0adb-98d5-4c2d-8c24-493a7f2de215	6649	1.0	confident	Embryophyceae_XXX_sp.:plas	Eukaryota:plas
470b705f-8b96-44ec-b075-b8ccde26187f	6649	1.0	confident	Embryophyceae_XXX_sp.:plas	Eukaryota:plas
8cd6e373-507d-440f-ab8c-d1cddc925546	6649	1.0	confident	Embryophyceae_XXX_sp.:plas	Eukaryota:plas
f33bc8dd-c349-436c-8b02-b85675701c6b	6649	1.0	confident	Embryophyceae_XXX_sp.:plas	Eukaryota:plas
8dad849c-5fe8-42ed-90ae-db76aafd8950	6649	1.0	confident	Embryophyceae_XXX_sp.:plas	Eukaryota:plas
2a53bbf9-2feb-435e-9fab-a1cd05e14adf	6649	1.0	confident	Embryophyceae_XXX_sp.:plas	Eukaryota:plas
e467109a-71bf-4874-81a6-482c7369dc51	6649	1.0	confident	Embryophyceae_XXX_sp.:plas	Eukaryota:plas
0e9e180d-a11c-450b-8cb8-83456ef02912	6649	1.0	confident	Embryophyceae_XXX_sp.:plas	Eukaryota:plas
18062e60-0c6f-42bf-af3f-2298e982e3b0	6649	1.0	confident	Embryophyceae_XXX_sp.:plas	Eukaryota:plas
739ab56b-17fb-435c-abd9-a221d7a00456	6649	1.0	confident	Embryophyceae_XXX_sp.:plas	Eukaryota:plas
f15326db-0e52-4e2a-9eab-893541cf5da7	6649	1.0	confident	Embryophyceae_XXX_sp.:plas	Eukaryota:plas
122bebee-57cf-41b8-af2f-886b656dd982	6649	1.0	confident	Embryophyceae_XXX_sp.:plas	Eukaryota:plas
a408ab4e-f94c-4333-906b-4fd44cc4b5ef	6649	1.0	confident	Embryophyceae_XXX_sp.:plas	Eukaryota:plas
20906aea-07f7-4aee-8d0a-9aeacbfe5aca	6649	1.0	confident	Embryophyceae_XXX_sp.:plas	Eukaryota:plas
516c0f17-aa82-4eb1-a075-cc089d09050c	6649	1.0	confident	Embryophyceae_XXX_sp.:plas	Eukaryota:plas
b6bd99e7-7e07-4f6f-9574-0bafe731b68b	6649	1.0	confident	Embryophyceae_XXX_sp.:plas	Eukaryota:plas
f95cb489-6c0b-4f6a-a2ec-f9a7e5939187	6649	1.0	confident	Embryophyceae_XXX_sp.:plas	Eukaryota:plas
617257b7-0b78-4d7b-8941-7ed5f8faa859	6649	1.0	confident	Embryophyceae_XXX_sp.:plas	Eukaryota:plas
68676514-0a93-49f8-a70d-d54399e4fe80	6649	1.0	confident	Embryophyceae_XXX_sp.:plas	Eukaryota:plas
ce5f4eb4-1f5a-4b9f-8a55-0ba8b85d2954	6649	1.0	confident	Embryophyceae_XXX_sp.:plas	Eukaryota:plas
aa48739f-ae20-4284-bcc8-b714ddb56c62	6649	1.0	confident	Embryophyceae_XXX_sp.:plas	Eukaryota:plas
efb2f96b-a1b3-450d-ab3f-e5ab1472a2c7	6649	1.0	confident	Embryophyceae_XXX_sp.:plas	Eukaryota:plas
c4d22c24-aa49-42dc-a4ff-a215c4e8f17c	6649	1.0	confident	Embryophyceae_XXX_sp.:plas	Eukaryota:plas
f0cc101a-e4cc-4bd3-9e86-64190939c337	6649	1.0	confident	Embryophyceae_XXX_sp.:plas	Eukaryota:plas
3442ba12-7c74-4bae-9c8c-4637f95680db	6649	1.0	confident	Embryophyceae_XXX_sp.:plas	Eukaryota:plas
a33a36e6-2306-4559-82ce-928f26378871	6649	1.0	confident	Embryophyceae_XXX_sp.:plas	Eukaryota:plas
38438944-0819-4ecc-b100-55e3c1329d7b	6649	1.0	confident	Embryophyceae_XXX_sp.:plas	Eukaryota:plas
29c26c47-5989-4504-9de7-27a6f628a80c	6649	1.0	confident	Embryophyceae_XXX_sp.:plas	Eukaryota:plas
637c1495-a215-411c-bb36-d3b6e2979f35	6649	1.0	confident	Embryophyceae_XXX_sp.:plas	Eukaryota:plas
98d4067d-cc82-4043-9a72-341e133676a8	6649	1.0	confident	Embryophyceae_XXX_sp.:plas	Eukaryota:plas
3a0ed4ee-9252-469b-987b-2c4f6e987de3	6649	1.0	confident	Embryophyceae_XXX_sp.:plas	Eukaryota:plas
c9926051-7d2a-479a-b0eb-001db3883333	6649	1.0	confident	Embryophyceae_XXX_sp.:plas	Eukaryota:plas
2765e9c5-a074-4eb5-bb38-863511edaea8	6649	1.0	confident	Embryophyceae_XXX_sp.:plas	Eukaryota:plas
11f1dc8c-52b1-4bc4-b99a-46028ce8be36	6649	1.0	confident	Embryophyceae_XXX_sp.:plas	Eukaryota:plas
bdbb21a7-f064-4667-86ff-d307ddd97620	6649	1.0	confident	Embryophyceae_XXX_sp.:plas	Eukaryota:plas
3f007e95-9099-43ce-953c-377713cc33a8	6649	1.0	confident	Embryophyceae_XXX_sp.:plas	Eukaryota:plas
e068d362-e1a8-4d3c-91cd-d9f4d77e30ee	6649	1.0	confident	Embryophyceae_XXX_sp.:plas	Eukaryota:plas
c9a38c0c-d72d-4405-98ed-5e2241aee990	6649	1.0	confident	Embryophyceae_XXX_sp.:plas	Eukaryota:plas
6006ea20-582e-4b66-841a-a511dacc8ba1	6649	1.0	confident	Embryophyceae_XXX_sp.:plas	Eukaryota:plas
ce4982f2-f990-44f7-b190-6c2c2d6d83d5	6649	1.0	confident	Embryophyceae_XXX_sp.:plas	Eukaryota:plas
ec2c2317-3168-4808-8d3f-4aaec1b74f1a	6649	1.0	confident	Embryophyceae_XXX_sp.:plas	Eukaryota:plas
df018c62-6a13-4b15-884b-bbaf3c7a8d05	6649	1.0	confident	Embryophyceae_XXX_sp.:plas	Eukaryota:plas
d958891a-bd7e-4e9d-85af-c5fc0a7e0be8	6649	1.0	confident	Embryophyceae_XXX_sp.:plas	Eukaryota:plas
530cd427-04db-42bf-830f-f042968d5e56	6649	1.0	confident	Embryophyceae_XXX_sp.:plas	Eukaryota:plas
2bbefe27-0b28-44c3-9da3-0aee8e8f3873	6649	1.0	confident	Embryophyceae_XXX_sp.:plas	Eukaryota:plas
baa3e9ec-a02f-4fbc-af2c-cd914d496565	6649	1.0	confident	Embryophyceae_XXX_sp.:plas	Eukaryota:plas
cbdf9ebd-e5e9-4093-9b79-0656cd7960d1	6649	1.0	confident	Embryophyceae_XXX_sp.:plas	Eukaryota:plas
1985c1d3-a571-438e-9c32-dd4a9642411a	6649	1.0	confident	Embryophyceae_XXX_sp.:plas	Eukaryota:plas
87caaed1-07e4-47e3-b972-8b8c7b17cdf0	6649	1.0	confident	Embryophyceae_XXX_sp.:plas	Eukaryota:plas
f00fdd57-a79a-43c3-9c3e-065efd591f92	6649	1.0	confident	Embryophyceae_XXX_sp.:plas	Eukaryota:plas
009a8961-bf1e-401a-a380-f01ada240495	6649	1.0	confident	Embryophyceae_XXX_sp.:plas	Eukaryota:plas
000cfea7-ac2f-41f6-9abb-a4d338ca4e48	6649	1.0	confident	Embryophyceae_XXX_sp.:plas	Eukaryota:plas
ec78241c-719e-46ab-a33b-c503eb7cd1ee	6649	1.0	confident	Embryophyceae_XXX_sp.:plas	Eukaryota:plas
9bb07e0d-9fbd-47a6-b4ab-f7cb5613d391	6649	1.0	confident	Embryophyceae_XXX_sp.:plas	Eukaryota:plas
8897ca0d-1b03-4fc1-be99-93b6e0f91397	6649	1.0	confident	Embryophyceae_XXX_sp.:plas	Eukaryota:plas
c2d6c7a1-b2f8-47e8-8232-5d5ba1596f4c	6649	1.0	confident	Embryophyceae_XXX_sp.:plas	Eukaryota:plas
fd6975d4-4ceb-4450-8b83-eada2b550f3b	6649	1.0	confident	Embryophyceae_XXX_sp.:plas	Eukaryota:plas
bbcfb9c7-f324-4be4-aa3f-fd1957f03a62	6649	1.0	confident	Embryophyceae_XXX_sp.:plas	Eukaryota:plas
16e27475-c141-4640-bc6e-c55b5caefef6	6649	1.0	confident	Embryophyceae_XXX_sp.:plas	Eukaryota:plas
40b37b3a-3c40-4916-881f-16b5ea6c4d89	6649	1.0	confident	Embryophyceae_XXX_sp.:plas	Eukaryota:plas
7d5a35cf-7c78-4a69-9a32-595b71368dc5	6649	1.0	confident	Embryophyceae_XXX_sp.:plas	Eukaryota:plas
d5096434-ab54-436e-ad40-04bbf04a772e	6649	1.0	confident	Embryophyceae_XXX_sp.:plas	Eukaryota:plas
a8107515-f383-4eca-9064-1eba90049730	6649	1.0	confident	Embryophyceae_XXX_sp.:plas	Eukaryota:plas
7ec179dc-815c-429b-8dc5-ca01916ed31d	6649	1.0	confident	Embryophyceae_XXX_sp.:plas	Eukaryota:plas
2ea63c7f-82e7-4979-922d-18d3fe87d54d	6649	1.0	confident	Embryophyceae_XXX_sp.:plas	Eukaryota:plas
78bda0e1-fb1a-4e93-9ef3-db74ae5e1fbd	6649	1.0	confident	Embryophyceae_XXX_sp.:plas	Eukaryota:plas
359785e0-0f81-424f-a6f3-804e28559b9b	6649	1.0	confident	Embryophyceae_XXX_sp.:plas	Eukaryota:plas
e5160823-27f5-4f36-bff4-988ae63cbae4	6649	1.0	confident	Embryophyceae_XXX_sp.:plas	Eukaryota:plas
0712dd12-6c87-4ef0-9b7c-44beb4646846	6649	1.0	confident	Embryophyceae_XXX_sp.:plas	Eukaryota:plas
c6de2ada-3782-43ef-9f72-2739af90d099	6649	1.0	confident	Embryophyceae_XXX_sp.:plas	Eukaryota:plas
a5708c7a-cc8d-47da-bc2c-04098b0ab595	6649	1.0	confident	Embryophyceae_XXX_sp.:plas	Eukaryota:plas
3cde29a3-ac0c-4415-942f-a694cf9fa515	6649	1.0	confident	Embryophyceae_XXX_sp.:plas	Eukaryota:plas
741d6b09-e061-4912-8241-d6f1baba1d99	6649	1.0	confident	Embryophyceae_XXX_sp.:plas	Eukaryota:plas
fc0ff42a-ddc7-4414-a4a0-5285249ebc8a	6649	1.0	confident	Embryophyceae_XXX_sp.:plas	Eukaryota:plas
16d99a62-6a90-47b3-9a84-33f8c0b428f8	6649	1.0	confident	Embryophyceae_XXX_sp.:plas	Eukaryota:plas
a0483a01-c969-4f68-86bc-5a65821eb315	6649	1.0	confident	Embryophyceae_XXX_sp.:plas	Eukaryota:plas
2bb5eb87-9421-475d-8584-fa935db39b62	6649	1.0	confident	Embryophyceae_XXX_sp.:plas	Eukaryota:plas
0a4fc7f3-5a34-4c2b-b498-683d482a2875	6649	1.0	confident	Embryophyceae_XXX_sp.:plas	Eukaryota:plas
bc544073-5e6a-4115-8efb-fdb03d346515	6649	1.0	confident	Embryophyceae_XXX_sp.:plas	Eukaryota:plas
a82ac3bf-9bc1-4d4a-9e7c-8f2d10359549	6649	1.0	confident	Embryophyceae_XXX_sp.:plas	Eukaryota:plas
91f2a08d-9538-435f-865e-92af8aa24201	6649	1.0	confident	Embryophyceae_XXX_sp.:plas	Eukaryota:plas
569b6da5-3501-445c-bb1a-4ad2c3792503	6649	1.0	confident	Embryophyceae_XXX_sp.:plas	Eukaryota:plas
9c02e545-994b-4948-91c6-7883521ecef1	6649	1.0	confident	Embryophyceae_XXX_sp.:plas	Eukaryota:plas
2c0069f3-1e4e-4b5a-9505-68e91765f896	6649	1.0	confident	Embryophyceae_XXX_sp.:plas	Eukaryota:plas
45bd01d0-69c1-4ed1-a0a9-2408007d7d55	6649	1.0	confident	Embryophyceae_XXX_sp.:plas	Eukaryota:plas
4dd2a119-d009-4bc1-afe6-d151e544bc92	6649	1.0	confident	Embryophyceae_XXX_sp.:plas	Eukaryota:plas
72493771-40b3-476d-a7df-cce16856164c	6649	1.0	confident	Embryophyceae_XXX_sp.:plas	Eukaryota:plas
176b30bf-0d63-4e13-b0e8-b5b79b7274af	6649	1.0	confident	Embryophyceae_XXX_sp.:plas	Eukaryota:plas
e724d95a-8080-4e00-a0f8-7ef0b1239915	6649	1.0	confident	Embryophyceae_XXX_sp.:plas	Eukaryota:plas
de833e7d-9464-4bd9-af4a-c8cfbc4ac672	6649	1.0	confident	Embryophyceae_XXX_sp.:plas	Eukaryota:plas
52faf83c-5e6a-471e-96e1-1671ccbe251d	6649	1.0	confident	Embryophyceae_XXX_sp.:plas	Eukaryota:plas
9e5605db-c5fa-4162-bf98-4ec49188f0d1	6649	1.0	confident	Embryophyceae_XXX_sp.:plas	Eukaryota:plas
660f4b15-0bb0-4c6d-80d7-5a7b9ed108ab	6649	1.0	confident	Embryophyceae_XXX_sp.:plas	Eukaryota:plas
1decd439-52b5-4d58-b66e-b3390f3c3e5e	6649	1.0	confident	Embryophyceae_XXX_sp.:plas	Eukaryota:plas
aa97cc3a-4652-4d8f-ab06-9f53ab81a401	6649	1.0	confident	Embryophyceae_XXX_sp.:plas	Eukaryota:plas
cbc0cd38-4159-427f-889b-4b5aed87df07	6649	1.0	confident	Embryophyceae_XXX_sp.:plas	Eukaryota:plas
5fb8369a-a92a-4a3a-bdd0-7c49a19f40f5	6649	1.0	confident	Embryophyceae_XXX_sp.:plas	Eukaryota:plas
9108a6b2-3713-4412-956c-961866fc16a5	6649	1.0	confident	Embryophyceae_XXX_sp.:plas	Eukaryota:plas
a190a990-47e0-4604-9003-b887a4efe370	6649	1.0	confident	Embryophyceae_XXX_sp.:plas	Eukaryota:plas
a95416d4-e4d5-43c4-83f3-d48ec08dea30	6649	1.0	confident	Embryophyceae_XXX_sp.:plas	Eukaryota:plas
187f9ba0-3cad-4886-86f0-0a5e29c6a055	6649	1.0	confident	Embryophyceae_XXX_sp.:plas	Eukaryota:plas
25386f79-5c54-407a-a92e-a9b4956d1de4	6649	1.0	confident	Embryophyceae_XXX_sp.:plas	Eukaryota:plas
4eddf82d-3003-4739-9de6-ca16f41aa4de	6649	1.0	confident	Embryophyceae_XXX_sp.:plas	Eukaryota:plas
d19e7fa1-7551-47a8-ade3-24479c32fab6	6649	1.0	confident	Embryophyceae_XXX_sp.:plas	Eukaryota:plas
18ae8b01-3890-4998-b574-08041bfe0e3f	6649	1.0	confident	Embryophyceae_XXX_sp.:plas	Eukaryota:plas
14273a18-b994-4d62-9836-cc1dc9369a93	6649	1.0	confident	Embryophyceae_XXX_sp.:plas	Eukaryota:plas
5ec1c309-211f-4fab-b3fd-aa0277f95bba	6649	1.0	confident	Embryophyceae_XXX_sp.:plas	Eukaryota:plas
abae9cbb-7c15-4c33-8ea0-07287b708997	6649	1.0	confident	Embryophyceae_XXX_sp.:plas	Eukaryota:plas
39bb632c-5806-4968-9ef5-293dd8ee1092	6649	1.0	confident	Embryophyceae_XXX_sp.:plas	Eukaryota:plas
35e757c7-61cd-47e7-9aba-f2c62187eadd	6649	1.0	confident	Embryophyceae_XXX_sp.:plas	Eukaryota:plas
02f2949a-32e6-410b-9b5e-2ebc4f990b59	6649	1.0	confident	Embryophyceae_XXX_sp.:plas	Eukaryota:plas
f457d238-9b45-475a-9afc-de63bd2d3a89	6649	1.0	confident	Embryophyceae_XXX_sp.:plas	Eukaryota:plas
06334564-ba04-4173-ba48-741e17c87760	6649	1.0	confident	Embryophyceae_XXX_sp.:plas	Eukaryota:plas
79fe541a-34e8-4091-80aa-f0ab01f70e9f	6649	1.0	confident	Embryophyceae_XXX_sp.:plas	Eukaryota:plas
26eb7c02-af61-4552-8f11-6435d3c20ea8	6649	1.0	confident	Embryophyceae_XXX_sp.:plas	Eukaryota:plas
b27ed335-e73f-41ed-a0fa-2db3b2b6fe5e	6649	1.0	confident	Embryophyceae_XXX_sp.:plas	Eukaryota:plas
82a60228-9cea-4ca9-9ea8-013ce7de2f1f	6649	1.0	confident	Embryophyceae_XXX_sp.:plas	Eukaryota:plas
809fdac9-410b-4733-8498-8e07b016fac8	6649	1.0	confident	Embryophyceae_XXX_sp.:plas	Eukaryota:plas
8a4668c3-358f-4923-9b04-835d21d169c0	6649	1.0	confident	Embryophyceae_XXX_sp.:plas	Eukaryota:plas
33ebf924-d3a5-49e2-83e0-4c01ba43d508	6649	1.0	confident	Embryophyceae_XXX_sp.:plas	Eukaryota:plas
9ae82c3b-ad9b-4c1f-8114-fca6a14209a6	6649	1.0	confident	Embryophyceae_XXX_sp.:plas	Eukaryota:plas
22faccea-9798-4ea5-aac7-74feb3d6269b	6649	1.0	confident	Embryophyceae_XXX_sp.:plas	Eukaryota:plas
832e26fd-c867-4353-b1da-7260cd92f0a0	6649	1.0	confident	Embryophyceae_XXX_sp.:plas	Eukaryota:plas
691a9747-54d4-430b-b258-5d7ae5fded24	6649	1.0	confident	Embryophyceae_XXX_sp.:plas	Eukaryota:plas
336ac8ac-016f-45b4-87f8-4ca1c3f78d29	6649	1.0	confident	Embryophyceae_XXX_sp.:plas	Eukaryota:plas
9950da61-d693-47f2-a8dd-0390fadeb0a4	6649	1.0	confident	Embryophyceae_XXX_sp.:plas	Eukaryota:plas
7e8856bd-a4c9-4ae3-9ca7-6fb9f46370f8	6649	1.0	confident	Embryophyceae_XXX_sp.:plas	Eukaryota:plas
a9e31041-0608-4c2b-ad8a-f108ec9dc118	6649	1.0	confident	Embryophyceae_XXX_sp.:plas	Eukaryota:plas
783a2a53-df6c-49dc-abf8-e07bb1899f39	6649	1.0	confident	Embryophyceae_XXX_sp.:plas	Eukaryota:plas
0658a727-6e07-4160-bbf2-2f5d162afbeb	6649	1.0	confident	Embryophyceae_XXX_sp.:plas	Eukaryota:plas
ce6bc208-411e-47e5-8d83-6ac0754f42c5	6649	1.0	confident	Embryophyceae_XXX_sp.:plas	Eukaryota:plas
ec641c1b-3748-45c2-b316-e34a488cda45	6649	1.0	confident	Embryophyceae_XXX_sp.:plas	Eukaryota:plas
fd1d7d37-c514-482c-b496-eb69054dc349	6649	1.0	confident	Embryophyceae_XXX_sp.:plas	Eukaryota:plas
d800f48f-f25c-40cb-adb7-c971b1c1c6ee	6649	1.0	confident	Embryophyceae_XXX_sp.:plas	Eukaryota:plas
63644ff9-fd34-4b39-9811-cae1dc6dae42	6649	1.0	confident	Embryophyceae_XXX_sp.:plas	Eukaryota:plas
64b7e480-1a5a-4dd4-bc5d-2918a755109d	6649	1.0	confident	Embryophyceae_XXX_sp.:plas	Eukaryota:plas
f599467e-e107-42c7-8269-2d84c885abed	6649	1.0	confident	Embryophyceae_XXX_sp.:plas	Eukaryota:plas
6a303d25-ab8a-4003-82bc-922df3d0ecf3	6649	1.0	confident	Embryophyceae_XXX_sp.:plas	Eukaryota:plas
ea778348-7f54-4748-a895-4250951216da	6649	1.0	confident	Embryophyceae_XXX_sp.:plas	Eukaryota:plas
6527b744-00fd-400a-ab99-d84204601f9f	6649	1.0	confident	Embryophyceae_XXX_sp.:plas	Eukaryota:plas
52813e3c-3610-4afa-b3d4-8b477d39237a	6649	1.0	confident	Embryophyceae_XXX_sp.:plas	Eukaryota:plas
bd9e7143-19a5-4217-96d5-a393af20c9d5	6649	1.0	confident	Embryophyceae_XXX_sp.:plas	Eukaryota:plas
1d2f27bd-1e7c-4250-b6e8-93ec744b08ea	6649	1.0	confident	Embryophyceae_XXX_sp.:plas	Eukaryota:plas
b98a385f-fdfa-457e-802b-b89334d789b1	6649	1.0	confident	Embryophyceae_XXX_sp.:plas	Eukaryota:plas
1508d27f-e24b-4f37-9c8f-1e27391072ff	6649	1.0	confident	Embryophyceae_XXX_sp.:plas	Eukaryota:plas
8e77ba16-0b6e-417a-a9cc-84d3b105ef5d	6649	1.0	confident	Embryophyceae_XXX_sp.:plas	Eukaryota:plas
d3da0ff7-02a8-437d-b052-8b5a4043379d	6649	1.0	confident	Embryophyceae_XXX_sp.:plas	Eukaryota:plas
1281aed3-4aba-4798-bcb3-fc9631777ed3	6649	1.0	confident	Embryophyceae_XXX_sp.:plas	Eukaryota:plas
a23ca551-361a-4dd2-955e-4e9478903823	6649	1.0	confident	Embryophyceae_XXX_sp.:plas	Eukaryota:plas
833afb17-cdb7-4af9-bbe6-04b936120e54	6649	1.0	confident	Embryophyceae_XXX_sp.:plas	Eukaryota:plas
0e69c36e-1343-41af-ab21-2e2d1f617b1e	6649	1.0	confident	Embryophyceae_XXX_sp.:plas	Eukaryota:plas
0311ca0d-e71c-46f9-b76b-531204924516	6649	1.0	confident	Embryophyceae_XXX_sp.:plas	Eukaryota:plas
82144adb-4a4a-4a59-b909-2949f0c9c7c9	6649	1.0	confident	Embryophyceae_XXX_sp.:plas	Eukaryota:plas
e64a8471-f7e4-4dc7-883e-f7cc02342162	6649	1.0	confident	Embryophyceae_XXX_sp.:plas	Eukaryota:plas
a2e3df3d-bfac-431a-8866-fc8f1e2f9324	6649	1.0	confident	Embryophyceae_XXX_sp.:plas	Eukaryota:plas
d198631c-7e89-436f-b911-bc7862fc34aa	6649	1.0	confident	Embryophyceae_XXX_sp.:plas	Eukaryota:plas
36a33c90-23c7-4fa2-849a-b7ca8a1e941a	6649	1.0	confident	Embryophyceae_XXX_sp.:plas	Eukaryota:plas
1917ed2b-e03c-49fc-913e-9d08e179cc75	6649	1.0	confident	Embryophyceae_XXX_sp.:plas	Eukaryota:plas
685f7931-d9b8-409e-8282-fad929cf0f4e	6649	1.0	confident	Embryophyceae_XXX_sp.:plas	Eukaryota:plas
56f72362-ce8f-444d-9172-660efa8e9196	6649	1.0	confident	Embryophyceae_XXX_sp.:plas	Eukaryota:plas
501e00f6-b6e7-4bfb-a340-62d1700ab3ba	6649	1.0	confident	Embryophyceae_XXX_sp.:plas	Eukaryota:plas
851bac31-e511-48cd-bce2-a6290990b0bf	6649	1.0	confident	Embryophyceae_XXX_sp.:plas	Eukaryota:plas
451b0422-56e7-43f5-9d97-af91f180786c	6649	1.0	confident	Embryophyceae_XXX_sp.:plas	Eukaryota:plas
80192bb8-ad0b-4729-923b-c1bc04bea085	6649	1.0	confident	Embryophyceae_XXX_sp.:plas	Eukaryota:plas
789daae1-50d2-4f8a-a3af-92ba818664d1	6649	1.0	confident	Embryophyceae_XXX_sp.:plas	Eukaryota:plas
127449fb-a252-4a06-ab2b-326784215455	6649	1.0	confident	Embryophyceae_XXX_sp.:plas	Eukaryota:plas
fa92112a-a74e-4b89-aa24-22d00993c1b4	6649	1.0	confident	Embryophyceae_XXX_sp.:plas	Eukaryota:plas
59360d02-c11c-4692-9010-6649732b3dea	6649	1.0	confident	Embryophyceae_XXX_sp.:plas	Eukaryota:plas
1557877e-0914-4f28-92e3-8e20e504c72c	6649	1.0	confident	Embryophyceae_XXX_sp.:plas	Eukaryota:plas
45227ac6-3ff8-4dd4-b969-7174e628f53b	6649	1.0	confident	Embryophyceae_XXX_sp.:plas	Eukaryota:plas
1d4c0cec-6676-4c53-9b59-4384085b689a	6649	1.0	confident	Embryophyceae_XXX_sp.:plas	Eukaryota:plas
61d32875-6c66-4a34-820b-2996e8278b77	2880968	1.0	confident	Pseudoneobacillus rhizosphaerae	Bacteria
4845f233-8e50-4b1f-81ab-defabf488389	2880968	1.0	confident	Pseudoneobacillus rhizosphaerae	Bacteria
35610df0-c482-4345-bafd-955abb059a0b	2880968	1.0	confident	Pseudoneobacillus rhizosphaerae	Bacteria
02419121-f970-46d3-b6e2-c60ace06f988	2880968	1.0	confident	Pseudoneobacillus rhizosphaerae	Bacteria
d72e1e31-3d41-4894-88b3-53d46e3cb519	2880968	1.0	confident	Pseudoneobacillus rhizosphaerae	Bacteria
3f9fac95-521c-454f-a8cb-b5b4d8ba935c	2880968	1.0	confident	Pseudoneobacillus rhizosphaerae	Bacteria
7c9644d7-8d63-456f-be76-93c2c45ba5c0	2880968	1.0	confident	Pseudoneobacillus rhizosphaerae	Bacteria
05988cc1-d76a-4a2e-a2d0-910383e87da4	2880968	1.0	confident	Pseudoneobacillus rhizosphaerae	Bacteria
1ad50f5d-abb8-422d-9df2-6794d3079b8f	2880968	1.0	confident	Pseudoneobacillus rhizosphaerae	Bacteria
08e70a31-99a0-492b-bb73-bb3276ff67cc	2880968	1.0	confident	Pseudoneobacillus rhizosphaerae	Bacteria
d29937a8-af13-466f-80b0-8ee656df6ea1	2880968	1.0	confident	Pseudoneobacillus rhizosphaerae	Bacteria
c6460742-2898-4160-898c-172ce4b80a83	2880968	1.0	confident	Pseudoneobacillus rhizosphaerae	Bacteria
4e43b442-bfba-48b8-ac08-571c3b18768c	2880968	1.0	confident	Pseudoneobacillus rhizosphaerae	Bacteria
1e6f0af0-58dd-4b03-964d-acaf05be5232	2880968	1.0	confident	Pseudoneobacillus rhizosphaerae	Bacteria
9532c9aa-2836-4707-86a7-75bd35660fde	2880968	1.0	confident	Pseudoneobacillus rhizosphaerae	Bacteria
058fc7f6-7e20-4175-a768-ae725745b6d3	2880968	1.0	confident	Pseudoneobacillus rhizosphaerae	Bacteria
9432e9c8-9f74-4dd4-8bd0-9e3f30abee2d	2880968	1.0	confident	Pseudoneobacillus rhizosphaerae	Bacteria
64e750ee-777b-4255-a9cc-3e60a58bb111	2880968	1.0	confident	Pseudoneobacillus rhizosphaerae	Bacteria
61b1611e-47bd-4675-afa5-b09c55259c44	2880968	1.0	confident	Pseudoneobacillus rhizosphaerae	Bacteria
4fa30e72-b6a3-4756-98c9-b815852378d2	2880968	1.0	confident	Pseudoneobacillus rhizosphaerae	Bacteria
eafb8489-93c5-41a7-9fd7-f99d0e943715	2880968	1.0	confident	Pseudoneobacillus rhizosphaerae	Bacteria
0e29b8ba-f91d-4ab2-a967-5cea785c1e46	2880968	1.0	confident	Pseudoneobacillus rhizosphaerae	Bacteria
ccffb51d-0926-455e-b418-b6eb883a1f37	2880968	1.0	confident	Pseudoneobacillus rhizosphaerae	Bacteria
d18849aa-686c-4a7f-a606-660825a9af8b	2880968	1.0	confident	Pseudoneobacillus rhizosphaerae	Bacteria
ccaa3707-548e-4a29-b6d9-1962837d89db	2880968	1.0	confident	Pseudoneobacillus rhizosphaerae	Bacteria
444b23cf-1983-47d7-bcd4-8a4aab10899e	2880968	1.0	confident	Pseudoneobacillus rhizosphaerae	Bacteria
1758f806-39bf-4438-8bd7-9d8c7fdd9194	2880968	1.0	confident	Pseudoneobacillus rhizosphaerae	Bacteria
e391cf5b-98c6-488d-9749-05f5ddd15e15	2880968	1.0	confident	Pseudoneobacillus rhizosphaerae	Bacteria
bcdfe952-76ac-49fa-bae4-0dad56f66012	2880968	1.0	confident	Pseudoneobacillus rhizosphaerae	Bacteria
bf4533e4-a218-44ed-a241-f142a245a771	2880968	1.0	confident	Pseudoneobacillus rhizosphaerae	Bacteria
cf0be3c0-6070-44fa-b72c-817b4648dad9	2880968	1.0	confident	Pseudoneobacillus rhizosphaerae	Bacteria
15bc046e-9f50-402e-a364-a896e2dd01cb	2880968	1.0	confident	Pseudoneobacillus rhizosphaerae	Bacteria
2d2ecce3-fb9e-4a4e-920e-c538bf78b6ba	2880968	1.0	confident	Pseudoneobacillus rhizosphaerae	Bacteria
ebeb2ed9-95e2-4dd2-bb59-b6d490dc6e39	2880968	1.0	confident	Pseudoneobacillus rhizosphaerae	Bacteria
271a440f-13f9-46c1-8381-490c17c53ef2	2880968	1.0	confident	Pseudoneobacillus rhizosphaerae	Bacteria
d7c457e4-b7e6-406b-8bfd-f77fb4e8234f	2880968	1.0	confident	Pseudoneobacillus rhizosphaerae	Bacteria
bfcb9f0b-83c3-4ae5-885f-65c9dc0fedae	2880968	1.0	confident	Pseudoneobacillus rhizosphaerae	Bacteria
ac60a032-f3fc-4fd1-83b9-2922c4d8f654	2880968	1.0	confident	Pseudoneobacillus rhizosphaerae	Bacteria
7c6f5028-d692-4ef9-8edf-552432665dbe	2880968	1.0	confident	Pseudoneobacillus rhizosphaerae	Bacteria
9e0d8fbf-2fdf-4266-9e3c-77224a6b85ad	2880968	1.0	confident	Pseudoneobacillus rhizosphaerae	Bacteria
857fe432-b1d8-43ab-9f8b-3bb1129045ba	2880968	1.0	confident	Pseudoneobacillus rhizosphaerae	Bacteria
382ef6e2-92e5-4d77-b0ad-4595663cac3b	2880968	1.0	confident	Pseudoneobacillus rhizosphaerae	Bacteria
59b4d888-1b63-489f-a07e-e9217ef208fb	2880968	1.0	confident	Pseudoneobacillus rhizosphaerae	Bacteria
da3e4e1c-d24d-4d16-8264-ddb2810e81d2	2880968	1.0	confident	Pseudoneobacillus rhizosphaerae	Bacteria
febf5dcd-04ac-4a65-9201-c36a1f82091d	2880968	1.0	confident	Pseudoneobacillus rhizosphaerae	Bacteria
352aac67-65de-4609-89e7-ae2c74de5e96	2880968	1.0	confident	Pseudoneobacillus rhizosphaerae	Bacteria
e3b4e021-5415-4477-bc1c-02c374e60976	2880968	1.0	confident	Pseudoneobacillus rhizosphaerae	Bacteria
ccedb65d-7021-487e-93bc-a3dd42901577	2880968	1.0	confident	Pseudoneobacillus rhizosphaerae	Bacteria
376fb667-dd75-42f5-a5ec-7dd55ea30a2a	2880968	1.0	confident	Pseudoneobacillus rhizosphaerae	Bacteria
94853d2e-d9eb-47cf-95b2-8fccdd6c7322	2880968	1.0	confident	Pseudoneobacillus rhizosphaerae	Bacteria
062b14ee-8dd5-4d01-aa9c-92230f843930	2880968	1.0	confident	Pseudoneobacillus rhizosphaerae	Bacteria
b3c4aced-5a73-4fa9-8bba-9933c3b1dcaf	2880968	1.0	confident	Pseudoneobacillus rhizosphaerae	Bacteria
3b930c0d-bc87-4460-867b-bcb121d39a5f	2880968	1.0	confident	Pseudoneobacillus rhizosphaerae	Bacteria
ba36a72f-8b6c-400b-8976-897c0e273d4c	2880968	1.0	confident	Pseudoneobacillus rhizosphaerae	Bacteria
33973fd5-1ac3-4a57-9ce3-1b9af6391f0d	2880968	1.0	confident	Pseudoneobacillus rhizosphaerae	Bacteria
5f5502cc-dc5d-4c4f-8db8-e4ae1298d38e	2880968	1.0	confident	Pseudoneobacillus rhizosphaerae	Bacteria
26742aed-d346-48a9-a136-24a88dbb8d5b	2880968	1.0	confident	Pseudoneobacillus rhizosphaerae	Bacteria
c1af0c98-ffa2-4933-bf03-3e11649c7769	2880968	1.0	confident	Pseudoneobacillus rhizosphaerae	Bacteria
f3ed152d-f8f6-47d3-9d42-c38bc73ec037	2880968	1.0	confident	Pseudoneobacillus rhizosphaerae	Bacteria
fe07b99b-a2f2-4022-aff5-18f7523f35e8	2880968	1.0	confident	Pseudoneobacillus rhizosphaerae	Bacteria
d9a7aee4-0deb-4eab-a885-8a5c52e801cb	2880968	1.0	confident	Pseudoneobacillus rhizosphaerae	Bacteria
d9a9d5d6-f21d-499a-94ce-af734eae53c3	2880968	1.0	confident	Pseudoneobacillus rhizosphaerae	Bacteria
a421c826-ad4f-41bd-88e7-e49012758a75	2880968	1.0	confident	Pseudoneobacillus rhizosphaerae	Bacteria
571bfcc4-1ae5-4f67-af28-f3a12daebc27	2880968	1.0	confident	Pseudoneobacillus rhizosphaerae	Bacteria
4326d9fb-d7ca-45b3-bcb4-14fe1d6f1dbd	2880968	1.0	confident	Pseudoneobacillus rhizosphaerae	Bacteria
fca96807-f498-45c9-9ade-56be60e7282e	2880968	1.0	confident	Pseudoneobacillus rhizosphaerae	Bacteria
b4dee77f-1055-4c7d-9c4c-87a8403db504	2880968	1.0	confident	Pseudoneobacillus rhizosphaerae	Bacteria
376401f5-0f55-48d6-b10d-e40d3fe1c974	2880968	1.0	confident	Pseudoneobacillus rhizosphaerae	Bacteria
c1b2057e-5bdc-4ff5-ab6b-91e7232ac86e	2880968	1.0	confident	Pseudoneobacillus rhizosphaerae	Bacteria
91b4567f-e8da-4ca4-98ec-b8c266ca8138	2880968	1.0	confident	Pseudoneobacillus rhizosphaerae	Bacteria
defcc75d-45ec-46e9-a9cb-6a76c95808db	2880968	1.0	confident	Pseudoneobacillus rhizosphaerae	Bacteria
bdd59846-7695-49c0-8bac-f1777bf2c803	2880968	1.0	confident	Pseudoneobacillus rhizosphaerae	Bacteria
62b6a17e-b688-4178-afdc-185072d4a1a0	2880968	1.0	confident	Pseudoneobacillus rhizosphaerae	Bacteria
aa5ec1fd-3dc0-41a7-a2b5-95bbd67d3e15	2880968	1.0	confident	Pseudoneobacillus rhizosphaerae	Bacteria
0e6d9165-045d-4b87-abb7-5b538567d515	2880968	1.0	confident	Pseudoneobacillus rhizosphaerae	Bacteria
cccf9326-fdd0-4fcc-9e70-2fd7ce16ffa4	2880968	1.0	confident	Pseudoneobacillus rhizosphaerae	Bacteria
7e4a6582-c40d-4f0b-9cbb-bc7c5a51242f	2880968	1.0	confident	Pseudoneobacillus rhizosphaerae	Bacteria
1a1138bb-46fd-445b-b6b2-c8d483c682a1	2880968	1.0	confident	Pseudoneobacillus rhizosphaerae	Bacteria
c79c134d-bf39-4f07-b65e-49369169d20f	2880968	1.0	confident	Pseudoneobacillus rhizosphaerae	Bacteria
6f410c64-a266-4133-81b7-ef2cea7b5d4c	2880968	1.0	confident	Pseudoneobacillus rhizosphaerae	Bacteria
53085b91-4bfa-440c-875d-b70f9f506df2	2880968	1.0	confident	Pseudoneobacillus rhizosphaerae	Bacteria
1112dde3-3e2a-4ffa-8aaf-17a5cbf1fd96	2880968	1.0	confident	Pseudoneobacillus rhizosphaerae	Bacteria
f6e38674-f10a-4e32-9a0d-adb9573fa50a	2880968	1.0	confident	Pseudoneobacillus rhizosphaerae	Bacteria
e3ec0e62-8c3f-447a-9511-57b0d01e7c0d	2880968	1.0	confident	Pseudoneobacillus rhizosphaerae	Bacteria
5bb9b38e-5255-4959-8273-8a1247f942ff	2880968	1.0	confident	Pseudoneobacillus rhizosphaerae	Bacteria
2e54bb72-03a3-4930-9033-a8cee9fce2b2	2880968	1.0	confident	Pseudoneobacillus rhizosphaerae	Bacteria
8eeaeffa-9ef0-4202-ab2f-2353c17c609e	2880968	1.0	confident	Pseudoneobacillus rhizosphaerae	Bacteria
8edead86-3e72-4afe-a6f4-314806459875	2880968	1.0	confident	Pseudoneobacillus rhizosphaerae	Bacteria
f3aa7b75-eac6-4311-abab-6b9e3dcdd154	2880968	1.0	confident	Pseudoneobacillus rhizosphaerae	Bacteria
4f170a65-4a3b-4866-b185-0df8533ba9b6	2880968	1.0	confident	Pseudoneobacillus rhizosphaerae	Bacteria
29382831-fe49-4bdc-88f6-0eed09f99b44	2880968	1.0	confident	Pseudoneobacillus rhizosphaerae	Bacteria
1897a113-23d1-4124-a735-aeac6537d584	2880968	1.0	confident	Pseudoneobacillus rhizosphaerae	Bacteria
1a6e1d43-7161-4179-97ac-ee081e7dc183	2880968	1.0	confident	Pseudoneobacillus rhizosphaerae	Bacteria
6a01a0d1-bdf1-4f0c-862f-eaee81a39eb5	2880968	1.0	confident	Pseudoneobacillus rhizosphaerae	Bacteria
08941d47-b24f-421d-b045-66bc54e04107	2880968	1.0	confident	Pseudoneobacillus rhizosphaerae	Bacteria
9ab32af2-ac84-4610-863c-af0f9cdbca43	2880968	1.0	confident	Pseudoneobacillus rhizosphaerae	Bacteria
5f80cc00-653a-44ab-84a7-7f5fa3e81e2b	2880968	1.0	confident	Pseudoneobacillus rhizosphaerae	Bacteria
8d9c1c22-0ef4-403b-9c76-9730d214ed13	2880968	1.0	confident	Pseudoneobacillus rhizosphaerae	Bacteria
e26a75aa-a5d9-46f5-9d58-d0867ef34c2a	2880968	1.0	confident	Pseudoneobacillus rhizosphaerae	Bacteria
3a175851-e9d9-47fa-bfb3-2e4a3946d934	2880968	1.0	confident	Pseudoneobacillus rhizosphaerae	Bacteria
f9d669e2-2af5-4aea-b5f6-02fdcf0e993a	2880968	1.0	confident	Pseudoneobacillus rhizosphaerae	Bacteria
f6f5e5d7-d8ac-4c36-917d-f5c723b52e6e	2880968	1.0	confident	Pseudoneobacillus rhizosphaerae	Bacteria
f7c56580-27c3-4b72-93c7-47a182dd6ae3	2880968	1.0	confident	Pseudoneobacillus rhizosphaerae	Bacteria
cee2590a-2de5-4642-9659-17b8b5650d51	2880968	1.0	confident	Pseudoneobacillus rhizosphaerae	Bacteria
200334a1-ca07-4bc7-9bfa-e4b39190d3ad	2880968	1.0	confident	Pseudoneobacillus rhizosphaerae	Bacteria
ece7bacc-027d-4a90-a394-36696383c87d	2880968	1.0	confident	Pseudoneobacillus rhizosphaerae	Bacteria
3ac8b6d0-e757-4752-9b0c-a1ce657f5a9b	2880968	1.0	confident	Pseudoneobacillus rhizosphaerae	Bacteria
801b17a5-2a91-448e-8a97-01d464db2984	2880968	1.0	confident	Pseudoneobacillus rhizosphaerae	Bacteria
abe06fa6-bba7-4541-8ee9-4c907d68d95a	2880968	1.0	confident	Pseudoneobacillus rhizosphaerae	Bacteria
efd0b44c-a35b-4fe6-98fb-0b08f4042d9b	2880968	1.0	confident	Pseudoneobacillus rhizosphaerae	Bacteria
015b1bba-b3cb-41d9-b73f-a64893d580e8	2880968	1.0	confident	Pseudoneobacillus rhizosphaerae	Bacteria
a0731768-3419-4fcd-a344-c660b54dc03b	2880968	1.0	confident	Pseudoneobacillus rhizosphaerae	Bacteria
9a5bf351-cd9e-48f3-ab41-649c6387e3b6	2880968	1.0	confident	Pseudoneobacillus rhizosphaerae	Bacteria
1be8d78b-ca45-4bcb-b3fe-617bc5bc19b7	2880968	1.0	confident	Pseudoneobacillus rhizosphaerae	Bacteria
49249da1-d761-489d-a02b-da29687e6d58	2880968	1.0	confident	Pseudoneobacillus rhizosphaerae	Bacteria
541be3a0-e28a-4c62-843c-6fcf6c533918	2880968	1.0	confident	Pseudoneobacillus rhizosphaerae	Bacteria
c5febf44-1ace-4d98-a64e-3e0bcc60ff7c	2880968	1.0	confident	Pseudoneobacillus rhizosphaerae	Bacteria
c91d7e4d-8df5-445c-8f35-31f9e15a902a	2880968	1.0	confident	Pseudoneobacillus rhizosphaerae	Bacteria
ab61dac1-1424-45a6-a5fd-468fd94e97b6	2880968	1.0	confident	Pseudoneobacillus rhizosphaerae	Bacteria
0103d29d-d378-4037-8a8c-fbc2bd54623c	2880968	1.0	confident	Pseudoneobacillus rhizosphaerae	Bacteria
7b1651b7-6c12-49f3-9482-89fd6e252707	2880968	1.0	confident	Pseudoneobacillus rhizosphaerae	Bacteria
0b29375c-9a51-4f47-b4f4-d6b29800f68c	2880968	1.0	confident	Pseudoneobacillus rhizosphaerae	Bacteria
ea8a3bd0-4b46-4eec-8a17-92760d8b267d	2880968	1.0	confident	Pseudoneobacillus rhizosphaerae	Bacteria
94cfc883-b615-4891-b814-58c2e2c18d03	2880968	1.0	confident	Pseudoneobacillus rhizosphaerae	Bacteria
7c0b9bac-841d-41e3-a987-0b774a39096c	2880968	1.0	confident	Pseudoneobacillus rhizosphaerae	Bacteria
5376d25b-269c-4da5-9ee9-25a7b69c9790	2880968	1.0	confident	Pseudoneobacillus rhizosphaerae	Bacteria
dbda2a68-8f93-4ffd-8e9f-841e9d4622c7	2880968	1.0	confident	Pseudoneobacillus rhizosphaerae	Bacteria
dbcdf008-3344-436f-a0c3-3a2d635451e9	2880968	1.0	confident	Pseudoneobacillus rhizosphaerae	Bacteria
1c9288af-01b7-4346-ae75-ab39415d9e78	2880968	1.0	confident	Pseudoneobacillus rhizosphaerae	Bacteria
e541c54b-5c7e-466a-91f8-91d0db951890	2880968	1.0	confident	Pseudoneobacillus rhizosphaerae	Bacteria
c9bfc384-af7f-4c4b-a251-b64a9ac0a0f2	2880968	1.0	confident	Pseudoneobacillus rhizosphaerae	Bacteria
469ef035-60d6-45be-85f6-38207148297b	2880968	1.0	confident	Pseudoneobacillus rhizosphaerae	Bacteria
9027ca7a-0fda-428d-ba6b-99db64f358eb	2880968	1.0	confident	Pseudoneobacillus rhizosphaerae	Bacteria
34e846d8-5bc1-46ba-993a-053be8e7ab37	2880968	1.0	confident	Pseudoneobacillus rhizosphaerae	Bacteria
45aeeaa9-c8f6-41c8-b20b-39fb074fb2a3	2880968	1.0	confident	Pseudoneobacillus rhizosphaerae	Bacteria
0f89eeb8-7a33-486c-9bf5-15a7272ab687	2880968	1.0	confident	Pseudoneobacillus rhizosphaerae	Bacteria
239a79e6-beae-479a-92f7-4102815a474d	2880968	1.0	confident	Pseudoneobacillus rhizosphaerae	Bacteria
2af37d4e-ecee-4fd4-9f24-afa6b91b2f5b	2880968	1.0	confident	Pseudoneobacillus rhizosphaerae	Bacteria
6f7beeb8-feaf-4b14-8454-ad8eabc06d4a	2880968	1.0	confident	Pseudoneobacillus rhizosphaerae	Bacteria
43264b07-d563-4769-b0c2-1113533f24a5	2880968	1.0	confident	Pseudoneobacillus rhizosphaerae	Bacteria
74214a2c-4d22-41f6-86b2-b2264c039a0d	2880968	1.0	confident	Pseudoneobacillus rhizosphaerae	Bacteria
ccf769f7-c3fa-4f7f-8078-34cfa4a6c841	2880968	1.0	confident	Pseudoneobacillus rhizosphaerae	Bacteria
cbd86484-f8fa-423e-b6d0-b18eab5b612e	2880968	1.0	confident	Pseudoneobacillus rhizosphaerae	Bacteria
a0275da1-080c-445b-aca3-faf35286c4e6	2880968	1.0	confident	Pseudoneobacillus rhizosphaerae	Bacteria
7e1d1e16-377e-4e2b-b1d3-13afea2f8aca	2880968	1.0	confident	Pseudoneobacillus rhizosphaerae	Bacteria
f582fc9d-20a4-4eda-ba32-56a8aa7e6bc2	2880968	1.0	confident	Pseudoneobacillus rhizosphaerae	Bacteria
332124d3-2535-4f16-a32c-2bf4ae286a1a	2880968	1.0	confident	Pseudoneobacillus rhizosphaerae	Bacteria
a41581fc-5741-464c-98aa-867add0d4e6d	2880968	1.0	confident	Pseudoneobacillus rhizosphaerae	Bacteria
1bd977c0-65b4-4f0a-8f3f-bf876d94767d	2880968	1.0	confident	Pseudoneobacillus rhizosphaerae	Bacteria
9eef6afb-0f0d-4f75-8a0d-a93558f38a6f	2880968	1.0	confident	Pseudoneobacillus rhizosphaerae	Bacteria
3ae1355d-35ce-4451-9164-0f7d9258d486	2880968	1.0	confident	Pseudoneobacillus rhizosphaerae	Bacteria
60324a0a-cae0-4f0c-8cdd-5fe2cb1c3207	2880968	1.0	confident	Pseudoneobacillus rhizosphaerae	Bacteria
02681bd5-c885-43bc-8c0f-3c95ff4049ca	2880968	1.0	confident	Pseudoneobacillus rhizosphaerae	Bacteria
065475b2-9cc8-44e8-8712-fa5b7518211c	2880968	1.0	confident	Pseudoneobacillus rhizosphaerae	Bacteria
034d5af4-4994-428c-a8ec-6be62a002d4d	2880968	1.0	confident	Pseudoneobacillus rhizosphaerae	Bacteria
dd62de2a-8691-4138-85be-24fad92ccdbf	2880968	1.0	confident	Pseudoneobacillus rhizosphaerae	Bacteria
8a3b2bab-f1e5-4f0d-bb36-fb10a92cefb6	2880968	1.0	confident	Pseudoneobacillus rhizosphaerae	Bacteria
3b294f2a-2be3-4643-a42f-f2bbaa706d00	2082188	1.0	confident	Sphingobium sp. YG1	Bacteria
2a5b6d87-9196-4412-8635-a137db3c722d	2082188	1.0	confident	Sphingobium sp. YG1	Bacteria
dc63b08f-0802-417d-b1b0-d983c6508e4b	2082188	1.0	confident	Sphingobium sp. YG1	Bacteria
5a551230-1c47-41f1-ab7a-7aade3647dc6	2082188	1.0	confident	Sphingobium sp. YG1	Bacteria
bcbe1e33-d948-433b-ae59-599474e598c7	2082188	1.0	confident	Sphingobium sp. YG1	Bacteria
ca692509-7f86-47ee-bc9d-0bbdf4edebe4	2082188	1.0	confident	Sphingobium sp. YG1	Bacteria
aac57008-ca09-4d8d-b442-adb88023202f	2082188	1.0	confident	Sphingobium sp. YG1	Bacteria
aaf7b6c9-3833-41a8-9358-0d1ce7926eab	2082188	1.0	confident	Sphingobium sp. YG1	Bacteria
b61496f2-d5a0-4861-9557-a63e72907041	2082188	1.0	confident	Sphingobium sp. YG1	Bacteria
2a9938f2-b768-450c-8ab5-434b9005aada	2082188	1.0	confident	Sphingobium sp. YG1	Bacteria
f10ce5ed-83bb-4d71-a3f5-272e75ca3df2	2082188	1.0	confident	Sphingobium sp. YG1	Bacteria
93426924-2fee-4f15-b254-e962a5dff795	2082188	1.0	confident	Sphingobium sp. YG1	Bacteria
50f09044-5685-4312-a79d-32df19ecec39	2082188	1.0	confident	Sphingobium sp. YG1	Bacteria
2be7f971-2a2c-4417-96ae-85c937146287	2082188	1.0	confident	Sphingobium sp. YG1	Bacteria
abed8a11-fd60-4b31-8126-8941c8b864e1	2082188	1.0	confident	Sphingobium sp. YG1	Bacteria
7a6bd086-18d0-4cc0-8f44-070fe1024f99	2082188	1.0	confident	Sphingobium sp. YG1	Bacteria
999b1fcd-0e2b-43cf-9be9-d6dbffe28285	2082188	1.0	confident	Sphingobium sp. YG1	Bacteria
a1812955-a4e8-4668-b054-2dc8707405e2	2082188	1.0	confident	Sphingobium sp. YG1	Bacteria
737d796d-d9c5-4c47-b6ec-df998e1d1517	2082188	1.0	confident	Sphingobium sp. YG1	Bacteria
4647e747-835b-4dfa-af09-3fc68512738e	2082188	1.0	confident	Sphingobium sp. YG1	Bacteria
0023f507-0a37-487d-9113-7ad9a35cefda	2082188	1.0	confident	Sphingobium sp. YG1	Bacteria
98459f09-eef9-4ece-b1eb-3295d668f574	2082188	1.0	confident	Sphingobium sp. YG1	Bacteria
0ba6f3b3-21bf-4074-9845-ee389331ce8f	2082188	1.0	confident	Sphingobium sp. YG1	Bacteria
06bd6b94-eb5d-4c5c-b1e1-54982d2b4ae8	2082188	1.0	confident	Sphingobium sp. YG1	Bacteria
241fbfd7-a181-42f6-b2ca-5aec634c93f7	2082188	1.0	confident	Sphingobium sp. YG1	Bacteria
8078dcd3-49b2-47e6-bf00-77a18c289cbd	2082188	1.0	confident	Sphingobium sp. YG1	Bacteria
b0dc70cb-ab0a-480d-b876-bfcc562885ed	2082188	1.0	confident	Sphingobium sp. YG1	Bacteria
2863794c-d948-4e66-be1c-42d2777c8b5f	2082188	1.0	confident	Sphingobium sp. YG1	Bacteria
c77b8501-51b2-4a44-bfd0-68f37912f2d5	2082188	1.0	confident	Sphingobium sp. YG1	Bacteria
4ad79b6f-ebc7-4495-91e6-de5557c1c88a	2082188	1.0	confident	Sphingobium sp. YG1	Bacteria
5cdcf028-f0af-4063-a824-484e18ee3d25	2082188	1.0	confident	Sphingobium sp. YG1	Bacteria
f49289da-b6b3-4f95-96e3-9e4f7b6b135b	2082188	1.0	confident	Sphingobium sp. YG1	Bacteria
946ebd2b-27c5-4541-8d02-633b7a88016d	2082188	1.0	confident	Sphingobium sp. YG1	Bacteria
ebb104f5-a190-4f4e-88fc-216064948bd2	2082188	1.0	confident	Sphingobium sp. YG1	Bacteria
a9994314-ad92-4fbb-9047-7a3f2c105284	2082188	1.0	confident	Sphingobium sp. YG1	Bacteria
427c7eef-94df-4927-bc24-aa3d8b4bb83d	2082188	1.0	confident	Sphingobium sp. YG1	Bacteria
e4e186af-f782-418f-86e6-ee953327216c	2082188	1.0	confident	Sphingobium sp. YG1	Bacteria
32a50715-ea75-47b3-9e11-abc104bd7dbc	2082188	1.0	confident	Sphingobium sp. YG1	Bacteria
3eb843f0-ebf7-4a08-ab71-ce048a653349	2082188	1.0	confident	Sphingobium sp. YG1	Bacteria
8fc6610f-cd12-445f-8c2b-c6e152929250	2082188	1.0	confident	Sphingobium sp. YG1	Bacteria
fcaddbfb-8fcd-4553-91b7-6d8a01a0661e	2082188	1.0	confident	Sphingobium sp. YG1	Bacteria
0b057e76-4d48-4c6e-894a-e3eadcea59bd	2082188	1.0	confident	Sphingobium sp. YG1	Bacteria
e56e5096-a8fd-4e82-a415-341dd926af31	2082188	1.0	confident	Sphingobium sp. YG1	Bacteria
8c7ef55b-03a6-41f1-9f2e-2433b019f0f6	2082188	1.0	confident	Sphingobium sp. YG1	Bacteria
1c78ea41-033a-410e-9f94-03af95082c36	2082188	1.0	confident	Sphingobium sp. YG1	Bacteria
afb19c6a-3bf4-4879-afbd-e9a6e89be86b	2082188	1.0	confident	Sphingobium sp. YG1	Bacteria
f6c918ce-0331-4da9-8784-f6ab702d8d80	2082188	1.0	confident	Sphingobium sp. YG1	Bacteria
27af9b15-b40b-4090-aef8-2d5871ee4e03	2082188	0.9879288252591664	high	Sphingobium sp. YG1	Bacteria
83096c8f-8cdf-4996-843f-201d6ceae70d	2082188	1.0	confident	Sphingobium sp. YG1	Bacteria
6d7b44df-02d5-4042-bf7e-89b98942c7c9	2082188	1.0	confident	Sphingobium sp. YG1	Bacteria
ae001bd7-ac99-47a3-a281-f6a723d515d8	2082188	1.0	confident	Sphingobium sp. YG1	Bacteria
031e9abb-4c64-4d5e-9538-e6b534c0bfef	2082188	1.0	confident	Sphingobium sp. YG1	Bacteria
a988fca4-c47d-4021-a0b8-4499ce212fec	2082188	1.0	confident	Sphingobium sp. YG1	Bacteria
3bcb7843-1686-4276-b571-49eb7155de56	2082188	1.0	confident	Sphingobium sp. YG1	Bacteria
938ab6cc-60df-42aa-a106-912c4af63988	2082188	1.0	confident	Sphingobium sp. YG1	Bacteria
233bad48-39f4-46f7-a219-e58b3e628792	2082188	1.0	confident	Sphingobium sp. YG1	Bacteria
7f3ba8a1-2f16-4164-8301-1c2689a6965c	2082188	1.0	confident	Sphingobium sp. YG1	Bacteria
3215a2d3-90e5-4e1b-92ee-80e5e3c784fd	2082188	1.0	confident	Sphingobium sp. YG1	Bacteria
b1e97e15-55a8-4a60-ac00-0e8ad318c487	2082188	1.0	confident	Sphingobium sp. YG1	Bacteria
07e7cf24-3e98-4a9d-b824-1c9b38cde99b	2082188	1.0	confident	Sphingobium sp. YG1	Bacteria
d841bc16-798c-4467-a67e-2ae09f1d2a85	2082188	1.0	confident	Sphingobium sp. YG1	Bacteria
3035d661-73b5-408b-a447-16421020efc2	2082188	1.0	confident	Sphingobium sp. YG1	Bacteria
7e8713d7-bd56-4fbe-8c78-30f5bf42088a	2082188	1.0	confident	Sphingobium sp. YG1	Bacteria
1c46bd7b-a792-4c12-9e3c-868daa5db40d	2082188	1.0	confident	Sphingobium sp. YG1	Bacteria
560b78b0-0016-40ed-80fa-07acd3812e8e	2082188	1.0	confident	Sphingobium sp. YG1	Bacteria
a71fa97e-8885-43df-906c-9992c499a120	2082188	1.0	confident	Sphingobium sp. YG1	Bacteria
3b03c649-0cfd-43e5-a38a-019f4bac036b	2082188	1.0	confident	Sphingobium sp. YG1	Bacteria
306e79cc-53cc-4450-b158-f8a1b16e337e	2082188	1.0	confident	Sphingobium sp. YG1	Bacteria
1e5fe46a-77c1-49a2-9c9f-386cb409f064	2082188	1.0	confident	Sphingobium sp. YG1	Bacteria
25e82dff-02a9-4d2e-83a0-c5a9c0e5cc00	2082188	1.0	confident	Sphingobium sp. YG1	Bacteria
386ec0ef-bc7e-44de-b1f5-638544280fdf	2082188	1.0	confident	Sphingobium sp. YG1	Bacteria
f98a505e-db91-4882-9ad5-5ae968e0fb11	2082188	1.0	confident	Sphingobium sp. YG1	Bacteria
821692b3-dd30-4d15-b417-d945b0ab4024	2082188	1.0	confident	Sphingobium sp. YG1	Bacteria
491265e6-6203-4598-a65b-b996825a38ec	2082188	1.0	confident	Sphingobium sp. YG1	Bacteria
df4e926f-14b3-4f05-a2b0-a06a17d93053	2082188	1.0	confident	Sphingobium sp. YG1	Bacteria
df29782d-2a60-4295-9123-04c77a76774f	2082188	1.0	confident	Sphingobium sp. YG1	Bacteria
ef3c9790-14fb-47ed-af50-dcca538cd1a7	2082188	1.0	confident	Sphingobium sp. YG1	Bacteria
e491891c-1fdf-4e50-a28e-4f05c8655ec3	2082188	1.0	confident	Sphingobium sp. YG1	Bacteria
1198a767-ccd2-4c62-b248-5783e6fb17a0	2082188	1.0	confident	Sphingobium sp. YG1	Bacteria
87cb639b-6f8b-4c41-ae31-59e1cee5a973	2082188	1.0	confident	Sphingobium sp. YG1	Bacteria
5fcd11f5-37a6-422c-8ca0-7ea6627f7a0c	2082188	1.0	confident	Sphingobium sp. YG1	Bacteria
f7caf1e7-84f5-4183-8d57-1a63bf3426ea	2082188	1.0	confident	Sphingobium sp. YG1	Bacteria
b151d7b7-36b1-4ee3-8318-7d0bda00a2d1	2082188	1.0	confident	Sphingobium sp. YG1	Bacteria
0a7b5278-59e1-4d8b-af78-3fe9e19d5be3	2082188	1.0	confident	Sphingobium sp. YG1	Bacteria
28dab869-8859-4700-8e8d-7ae3e675afba	2082188	1.0	confident	Sphingobium sp. YG1	Bacteria
3c159f56-325f-467e-88ca-11ea70e9f482	2082188	1.0	confident	Sphingobium sp. YG1	Bacteria
9a33bf09-26ce-460b-8c2f-b6af8dbeb807	2082188	1.0	confident	Sphingobium sp. YG1	Bacteria
dc3518bd-a5ef-4f52-88eb-733437819435	2082188	1.0	confident	Sphingobium sp. YG1	Bacteria
601e3803-6a00-4081-ad80-7f2a40ddbd5d	2082188	1.0	confident	Sphingobium sp. YG1	Bacteria
f7172238-0bb6-4a3b-90cd-fd5117403b32	2082188	1.0	confident	Sphingobium sp. YG1	Bacteria
f355a979-d260-4f26-8dc9-5dbebcf29c23	2082188	1.0	confident	Sphingobium sp. YG1	Bacteria
c7c8c446-a303-43d1-a1b5-974dc9820968	2082188	1.0	confident	Sphingobium sp. YG1	Bacteria
f1198c59-22b8-474d-8d02-abe55b629747	2082188	1.0	confident	Sphingobium sp. YG1	Bacteria
8386ed88-8308-4ae9-8e51-714231ed00b4	2082188	1.0	confident	Sphingobium sp. YG1	Bacteria
8a85f96e-e26e-490d-8674-52cde9c5916e	2082188	1.0	confident	Sphingobium sp. YG1	Bacteria
0598ad22-be36-459c-8cdc-4523b7926e9b	2082188	1.0	confident	Sphingobium sp. YG1	Bacteria
ba04166b-7943-4bf6-a9d6-ea135d4bfb2b	2082188	1.0	confident	Sphingobium sp. YG1	Bacteria
d8377ebd-c061-4689-b331-083bb70dcbd2	2082188	1.0	confident	Sphingobium sp. YG1	Bacteria
b0c5bbc5-b29d-400d-8004-f29bc9305f4e	2082188	1.0	confident	Sphingobium sp. YG1	Bacteria
6b65badd-b8fb-4369-8bce-11a0e35304b0	2082188	1.0	confident	Sphingobium sp. YG1	Bacteria
5fec770c-d1f1-4dd0-807a-5c0255683127	2082188	1.0	confident	Sphingobium sp. YG1	Bacteria
8e059e1b-066a-46ed-a35c-a9a97a7b9759	2082188	1.0	confident	Sphingobium sp. YG1	Bacteria
19d097d1-fa85-4f17-9708-68b0ab0944b5	2082188	1.0	confident	Sphingobium sp. YG1	Bacteria
f9fc6545-44ff-429c-87e2-83c0a2774e86	2082188	1.0	confident	Sphingobium sp. YG1	Bacteria
eb7c03e4-de03-460e-afef-ac347bcfd907	2082188	1.0	confident	Sphingobium sp. YG1	Bacteria
d78c3c8c-dc81-4cf3-8ac9-8abd59359f81	2082188	1.0	confident	Sphingobium sp. YG1	Bacteria
c92b4b17-8ad0-4943-90d9-d6eab3e24717	2082188	1.0	confident	Sphingobium sp. YG1	Bacteria
761a204e-e7bd-47fe-aeed-c4070c61fc35	2082188	1.0	confident	Sphingobium sp. YG1	Bacteria
6cc403dc-5c68-49c3-a9ca-8ea637c43c41	2082188	1.0	confident	Sphingobium sp. YG1	Bacteria
d99d51c6-90f2-43a5-b81f-712686460df7	2082188	1.0	confident	Sphingobium sp. YG1	Bacteria
cc52e185-2640-42fc-9c86-f4034259b1c4	2082188	1.0	confident	Sphingobium sp. YG1	Bacteria
3cd84585-d2e6-4e2a-89f6-1acded30cb96	2082188	1.0	confident	Sphingobium sp. YG1	Bacteria
a179c951-30b8-469f-861f-570f604556db	2082188	1.0	confident	Sphingobium sp. YG1	Bacteria
4617c4c3-3e92-4298-8fc6-e6486fa33553	2082188	1.0	confident	Sphingobium sp. YG1	Bacteria
c341e98c-4024-4f59-a3df-5f44cd5b38e0	2082188	1.0	confident	Sphingobium sp. YG1	Bacteria
5f726ed0-a209-4db0-a6eb-721d0139b137	2082188	1.0	confident	Sphingobium sp. YG1	Bacteria
60c8e683-5c2a-40db-9467-345e0b95a769	2082188	1.0	confident	Sphingobium sp. YG1	Bacteria
87984b97-1218-4217-ac0b-ffef6e6099ae	2082188	1.0	confident	Sphingobium sp. YG1	Bacteria
5c4440ea-f7cd-4242-ad5a-7564825eaa77	2082188	1.0	confident	Sphingobium sp. YG1	Bacteria
e09fd3b2-6b23-414a-a784-c9ba706eff9c	2082188	1.0	confident	Sphingobium sp. YG1	Bacteria
e2508092-6488-4bfb-8e09-5cf9570474b6	2082188	1.0	confident	Sphingobium sp. YG1	Bacteria
35d26a56-deae-4074-a042-8a5f20b21e54	2082188	1.0	confident	Sphingobium sp. YG1	Bacteria
22d347f8-a173-4f3a-944c-451d94a587a4	2082188	1.0	confident	Sphingobium sp. YG1	Bacteria
7a3c8cdb-a1af-4bf9-b768-962fcea887b4	2082188	1.0	confident	Sphingobium sp. YG1	Bacteria
a53a2b1a-ff4b-4b4f-a279-189b27d17f06	2082188	1.0	confident	Sphingobium sp. YG1	Bacteria
e49fe31c-1844-4ae8-aa26-3ac29e822cbf	2082188	1.0	confident	Sphingobium sp. YG1	Bacteria
2cbfdf7c-40ae-4674-b51d-e65d1319fecb	2082188	1.0	confident	Sphingobium sp. YG1	Bacteria
1f3f40dd-70a8-491d-8098-e81c1cbaabd6	2082188	1.0	confident	Sphingobium sp. YG1	Bacteria
b8827518-29a0-4633-8c0c-0ee05a5e7a6e	2082188	1.0	confident	Sphingobium sp. YG1	Bacteria
885527d6-c419-4dea-9819-d1b080761047	2082188	1.0	confident	Sphingobium sp. YG1	Bacteria
6e1c71cc-b767-440d-8690-421e5833f8a8	2082188	1.0	confident	Sphingobium sp. YG1	Bacteria
3feb13c7-0029-4ebe-9ecc-9c8564fa0c99	2082188	1.0	confident	Sphingobium sp. YG1	Bacteria
5f615a80-cc78-4010-8286-3c5f611d9388	2082188	1.0	confident	Sphingobium sp. YG1	Bacteria
9466b226-cb9e-4789-baca-da9d3c419713	2082188	1.0	confident	Sphingobium sp. YG1	Bacteria
a54c3a39-8a76-4e30-b09a-e25c1982eb71	2082188	1.0	confident	Sphingobium sp. YG1	Bacteria
b14b589d-73ca-4ae1-a44e-466d83c4edd9	2082188	1.0	confident	Sphingobium sp. YG1	Bacteria
283fc75c-b2c2-47e0-a73c-f59f86c2135a	2082188	1.0	confident	Sphingobium sp. YG1	Bacteria
0c3869a1-fefb-44f5-a1f7-08ea4690925f	2082188	1.0	confident	Sphingobium sp. YG1	Bacteria
48bc0b86-76bc-4eb7-9312-7705166a66a6	2082188	1.0	confident	Sphingobium sp. YG1	Bacteria
0e00107e-b7f1-4469-9e78-867fdbb34995	2082188	1.0	confident	Sphingobium sp. YG1	Bacteria
e4735a35-402a-4d31-8b5d-b95709d07699	2082188	1.0	confident	Sphingobium sp. YG1	Bacteria
c22191a1-985f-43b1-a864-25f96e3fba9a	2082188	1.0	confident	Sphingobium sp. YG1	Bacteria
3fc06197-642f-43b8-b535-13b34cb420f9	2082188	1.0	confident	Sphingobium sp. YG1	Bacteria
4dda4a3f-b67d-4107-88e4-78383e46fdf1	2082188	1.0	confident	Sphingobium sp. YG1	Bacteria
e3c002cd-3335-4866-87b3-a268eed7f72a	2082188	1.0	confident	Sphingobium sp. YG1	Bacteria
76e78926-b7b0-45c6-84af-4f80d1e944b3	2082188	1.0	confident	Sphingobium sp. YG1	Bacteria
0b9cf6ec-7a4e-4441-92e1-e9fc2f04da97	2082188	1.0	confident	Sphingobium sp. YG1	Bacteria
7899ad34-1a0e-4d89-ac17-560dc3d63d42	2082188	1.0	confident	Sphingobium sp. YG1	Bacteria
4c102efa-6c46-40a9-b0f7-db43b11a338e	2082188	1.0	confident	Sphingobium sp. YG1	Bacteria
534b6dd0-37dd-40c3-96cc-a796dc4a1b76	2082188	1.0	confident	Sphingobium sp. YG1	Bacteria
306f487d-9d97-43e1-bd36-23bf1abd4285	2082188	1.0	confident	Sphingobium sp. YG1	Bacteria
3b3b756a-b67f-4f1c-8953-70c052c31b76	2082188	1.0	confident	Sphingobium sp. YG1	Bacteria
27274e9f-abfa-46d6-8323-684419c469c4	2082188	1.0	confident	Sphingobium sp. YG1	Bacteria
7874a350-eb71-4336-861b-3a5de597bc68	2082188	1.0	confident	Sphingobium sp. YG1	Bacteria
5c3ba615-0855-4c2d-afb8-a4ae777a9a70	2082188	1.0	confident	Sphingobium sp. YG1	Bacteria
fdf0a311-e5f1-438d-b85f-d5ae2a4843fb	2082188	1.0	confident	Sphingobium sp. YG1	Bacteria
933cb645-e789-429f-b4ae-650aa2375232	2082188	1.0	confident	Sphingobium sp. YG1	Bacteria
909f138d-7eac-4e45-8a80-fce1778b0f82	2082188	1.0	confident	Sphingobium sp. YG1	Bacteria
ce5618dd-4e4d-4b0d-bb2b-1ecb6e2804b1	2082188	1.0	confident	Sphingobium sp. YG1	Bacteria
33f33f2a-6586-4269-9942-f9dff124b70b	2082188	1.0	confident	Sphingobium sp. YG1	Bacteria
e1fd275f-ef96-4ee6-9bb2-c1d684d61f86	2082188	1.0	confident	Sphingobium sp. YG1	Bacteria
28849542-7df6-45be-b4b7-6b4cc2559142	2082188	1.0	confident	Sphingobium sp. YG1	Bacteria
92450a0a-56eb-4541-ad64-9e299480e071	2082188	1.0	confident	Sphingobium sp. YG1	Bacteria
0e62dd13-aeee-43f6-a80b-a160dd298f55	2082188	1.0	confident	Sphingobium sp. YG1	Bacteria
9384d4df-4cba-4fb9-af3f-0b6de414afce	2082188	1.0	confident	Sphingobium sp. YG1	Bacteria
e1743fba-57e5-4eec-8935-d25906149216	2082188	1.0	confident	Sphingobium sp. YG1	Bacteria
da12643f-3099-4770-aee5-3c1daef4abf0	2082188	1.0	confident	Sphingobium sp. YG1	Bacteria
d66a4db1-abd6-4245-aad7-04324f47dfa3	2082188	1.0	confident	Sphingobium sp. YG1	Bacteria
5cccd7d0-7e7c-4699-bef2-816fc94a51d7	2082188	1.0	confident	Sphingobium sp. YG1	Bacteria
48b28446-9937-4ab3-a745-9efb1c32a4e0	2082188	1.0	confident	Sphingobium sp. YG1	Bacteria
271727f7-3ab0-4b44-97cc-6add73f07c17	2082188	1.0	confident	Sphingobium sp. YG1	Bacteria
89ac2c36-db51-4208-be37-8f64502ff475	2082188	1.0	confident	Sphingobium sp. YG1	Bacteria
69450c38-1d44-4b0c-9cb1-c40658034bea	2082188	1.0	confident	Sphingobium sp. YG1	Bacteria
77cadc0e-aa8b-4db1-aad7-09a6208a7a66	2082188	1.0	confident	Sphingobium sp. YG1	Bacteria
1133ab8b-0c04-462a-95a4-5c80ec22ded9	2082188	1.0	confident	Sphingobium sp. YG1	Bacteria
f2f1c6fa-1ca9-469e-915a-f3841f5b9c6c	2082188	1.0	confident	Sphingobium sp. YG1	Bacteria
c96a2623-63bd-4301-ba2f-6c328915ee1a	2082188	1.0	confident	Sphingobium sp. YG1	Bacteria
aae0b8da-ba35-46d3-9a8b-4c83561ad5b2	2082188	1.0	confident	Sphingobium sp. YG1	Bacteria
b1dd46ca-4869-426a-8efa-37e04f2feb94	2082188	1.0	confident	Sphingobium sp. YG1	Bacteria
fa8b1c64-f321-4e9a-a103-cbc29ee977c1	2082188	1.0	confident	Sphingobium sp. YG1	Bacteria
2bb6effa-b3cf-4a3f-a0e1-b2c3625c691a	2082188	1.0	confident	Sphingobium sp. YG1	Bacteria
868219f6-4a25-4b0a-9758-851854920922	2082188	1.0	confident	Sphingobium sp. YG1	Bacteria
1077b5d0-0beb-4046-9f63-44254b9371eb	2082188	1.0	confident	Sphingobium sp. YG1	Bacteria
3d627c46-d17e-4f6c-8674-7c3e009621d7	2082188	1.0	confident	Sphingobium sp. YG1	Bacteria
18086020-7698-48a5-b5f2-1ee5d409c389	2082188	1.0	confident	Sphingobium sp. YG1	Bacteria
f0ae006d-dd72-4f9e-90d5-605ed0e655de	2082188	1.0	confident	Sphingobium sp. YG1	Bacteria
15f030b4-96c0-401f-8453-69002086c338	2082188	1.0	confident	Sphingobium sp. YG1	Bacteria
31346611-801d-4b5a-9299-b896ad454767	2082188	1.0	confident	Sphingobium sp. YG1	Bacteria
6042c795-e09d-401c-9dac-d2a0cdd89c64	2082188	1.0	confident	Sphingobium sp. YG1	Bacteria
cff96697-cd98-40f1-ab3c-663093bb69f3	2082188	1.0	confident	Sphingobium sp. YG1	Bacteria
028bd21a-a6ab-467d-822a-eb790c41364d	2082188	1.0	confident	Sphingobium sp. YG1	Bacteria
a4318bdc-7420-40c2-ace7-e01ef8a009a0	2082188	1.0	confident	Sphingobium sp. YG1	Bacteria
d913ab2c-9aa4-49b6-bc51-e23fc9d11e04	2082188	1.0	confident	Sphingobium sp. YG1	Bacteria
1a6f01e5-ac4a-4fc6-aef0-87fca88938b1	2082188	1.0	confident	Sphingobium sp. YG1	Bacteria
6e787afc-5940-4209-b182-c71c4254489a	2082188	1.0	confident	Sphingobium sp. YG1	Bacteria
7bee5f3d-8b46-4398-b477-7ac400933f87	2082188	1.0	confident	Sphingobium sp. YG1	Bacteria
972ba62a-3ffe-4e02-b970-183f9aa0a2e5	2082188	1.0	confident	Sphingobium sp. YG1	Bacteria
f8dcc861-0a81-47dc-93b7-e871c3768397	2082188	1.0	confident	Sphingobium sp. YG1	Bacteria
d576aa0f-6630-405f-b5fc-a5aa94c7b3b7	2082188	1.0	confident	Sphingobium sp. YG1	Bacteria
cb7c32d4-7b49-4750-bbae-3b9a022ea174	2082188	1.0	confident	Sphingobium sp. YG1	Bacteria
364e65d2-6d52-4297-9089-e385abd98bc4	2082188	1.0	confident	Sphingobium sp. YG1	Bacteria
d44c7ace-f267-4e1d-b2c3-a0aeb1cbbea8	2082188	1.0	confident	Sphingobium sp. YG1	Bacteria
a758aa86-5e37-42d9-8be9-2e8a9a6030ad	1931241	1.0	confident	Halopseudomonas phragmitis	Bacteria
619bd80f-2ce7-437f-bf0d-a32b5b0f248a	1931241	1.0	confident	Halopseudomonas phragmitis	Bacteria
8ad48b67-0f5a-4f7d-99d1-94a3e3c8a6bf	1931241	1.0	confident	Halopseudomonas phragmitis	Bacteria
b3570522-b274-4007-8ea6-a7e2b3672c67	1931241	1.0	confident	Halopseudomonas phragmitis	Bacteria
a324d306-f4f8-40b3-8acb-6e706be25ddc	1931241	1.0	confident	Halopseudomonas phragmitis	Bacteria
dced1baa-2ca7-42ef-a30a-a13abe825ed7	1931241	1.0	confident	Halopseudomonas phragmitis	Bacteria
1aa76f1b-b24a-4914-85a3-f289f15dd4ae	1931241	1.0	confident	Halopseudomonas phragmitis	Bacteria
1234a9e3-cc55-4447-a779-4fcefd9ab30c	1931241	1.0	confident	Halopseudomonas phragmitis	Bacteria
26e3e692-1bc6-41af-afba-bc491b826bb5	1931241	1.0	confident	Halopseudomonas phragmitis	Bacteria
c6d84152-8949-429f-98fa-2204aeb193b4	1931241	1.0	confident	Halopseudomonas phragmitis	Bacteria
394aae46-b2aa-4198-b747-b00fbc4a9ad1	1931241	1.0	confident	Halopseudomonas phragmitis	Bacteria
cb6c8d6b-0e58-4ddb-be46-bad86ccc61ce	1931241	1.0	confident	Halopseudomonas phragmitis	Bacteria
09a7388f-2f06-4bbe-9ec7-24ec1d0d854f	1931241	1.0	confident	Halopseudomonas phragmitis	Bacteria
7233765b-d907-41cd-9a23-50b94611c97e	1931241	1.0	confident	Halopseudomonas phragmitis	Bacteria
d13a83b6-a6c2-4c38-9b57-bdae4aa54814	1931241	1.0	confident	Halopseudomonas phragmitis	Bacteria
286beb78-5cf2-4bf3-b245-d054f06e278d	1931241	1.0	confident	Halopseudomonas phragmitis	Bacteria
e1fe8622-361a-436b-b0f7-78cdfc04ce09	1931241	1.0	confident	Halopseudomonas phragmitis	Bacteria
d9f1e76b-40cb-4790-8fae-2d653e985ac5	1931241	1.0	confident	Halopseudomonas phragmitis	Bacteria
1e0fa4b5-9d2a-4833-ba12-bc9821ac531d	1931241	1.0	confident	Halopseudomonas phragmitis	Bacteria
aacb074a-cde5-4e81-96fc-993c5c70520f	1931241	1.0	confident	Halopseudomonas phragmitis	Bacteria
9039df95-0691-4cd2-a5ed-606e0940c951	1931241	1.0	confident	Halopseudomonas phragmitis	Bacteria
829ad2d7-a950-40dd-8e16-b19c5d21cfc7	1931241	1.0	confident	Halopseudomonas phragmitis	Bacteria
5c018229-6800-4d7d-8fcd-163ace0ab4b0	1931241	1.0	confident	Halopseudomonas phragmitis	Bacteria
e2e976c5-1e5b-4a6c-8bf1-9c265e66bcd9	1931241	1.0	confident	Halopseudomonas phragmitis	Bacteria
a2b0c337-eb03-4b6a-8b49-7c9130b52ce2	1931241	1.0	confident	Halopseudomonas phragmitis	Bacteria
36db369b-0c08-47f2-b915-e60edfaae02c	1931241	1.0	confident	Halopseudomonas phragmitis	Bacteria
6b64bebd-7f92-4b71-baa1-6810944da904	1931241	1.0	confident	Halopseudomonas phragmitis	Bacteria
d74eb881-7602-431e-87eb-c214c894c942	1931241	1.0	confident	Halopseudomonas phragmitis	Bacteria
658553a7-d636-45a1-8ef0-96a60027cac0	1931241	1.0	confident	Halopseudomonas phragmitis	Bacteria
0cda5699-b135-4a1a-9ac7-f4f17e9ea896	1931241	1.0	confident	Halopseudomonas phragmitis	Bacteria
12904f58-1eff-42ab-8d1c-d50d18cc67b9	1931241	1.0	confident	Halopseudomonas phragmitis	Bacteria
9960c4c7-c18d-429d-aae8-9f21a08c9ca2	1931241	1.0	confident	Halopseudomonas phragmitis	Bacteria
fdb71fce-456e-4cac-bddb-3f2cedf5b3b5	1931241	1.0	confident	Halopseudomonas phragmitis	Bacteria
de52f84e-fbda-41d8-a6a2-a8cbe77a63c2	1931241	1.0	confident	Halopseudomonas phragmitis	Bacteria
c780f555-1963-4abe-98e7-03db687024b6	1931241	1.0	confident	Halopseudomonas phragmitis	Bacteria
dcf96b8a-9e1d-41f5-a822-99be01577cd0	1931241	1.0	confident	Halopseudomonas phragmitis	Bacteria
87f5c058-170d-491f-a52c-86811de0093b	1931241	1.0	confident	Halopseudomonas phragmitis	Bacteria
153fd0a8-1508-4e38-9ced-a4592189afc0	1931241	1.0	confident	Halopseudomonas phragmitis	Bacteria
29849cce-facb-4137-adab-6b244fb46f1e	1931241	1.0	confident	Halopseudomonas phragmitis	Bacteria
8dcedc3f-bfa0-4c3c-b404-a18c2b1e0cd1	1931241	1.0	confident	Halopseudomonas phragmitis	Bacteria
427aa5af-06e3-4dbd-bacc-393c337a069b	1931241	1.0	confident	Halopseudomonas phragmitis	Bacteria
acb5a384-9faa-42ec-a309-660e2f193ba8	1931241	1.0	confident	Halopseudomonas phragmitis	Bacteria
7f41baea-c8cb-49d8-8b54-188e72a411e4	1931241	1.0	confident	Halopseudomonas phragmitis	Bacteria
3d927dda-c810-4026-9e80-f975ab2fdc5f	1931241	1.0	confident	Halopseudomonas phragmitis	Bacteria
ab1c779b-c037-4cad-946e-4d615dfcc6ca	1931241	1.0	confident	Halopseudomonas phragmitis	Bacteria
7101b356-618d-4fad-bf78-72ef6f126d50	1931241	1.0	confident	Halopseudomonas phragmitis	Bacteria
f1be1b30-b8b1-42e3-8ae9-b15c334a7169	1931241	1.0	confident	Halopseudomonas phragmitis	Bacteria
f5b12b64-1ee8-4c6a-8a07-f2fe2b1fb7d9	1931241	1.0	confident	Halopseudomonas phragmitis	Bacteria
c2465fe4-0ba6-4c66-8526-ea7ea0c0ffbd	1931241	1.0	confident	Halopseudomonas phragmitis	Bacteria
1aef12d5-e245-4123-948d-c99b88f5b389	1931241	1.0	confident	Halopseudomonas phragmitis	Bacteria
859ee9ef-df02-47fa-985d-496b9af1b5c5	1931241	1.0	confident	Halopseudomonas phragmitis	Bacteria
31db7842-f0e3-40e5-b6d2-cea72cba00e0	1931241	1.0	confident	Halopseudomonas phragmitis	Bacteria
cf80a8b2-4bdb-4fde-8a53-79d65c315e05	1931241	1.0	confident	Halopseudomonas phragmitis	Bacteria
9b7be1c4-1554-41f6-8ac2-31696d376168	1931241	1.0	confident	Halopseudomonas phragmitis	Bacteria
b6552102-f0b3-401c-b87c-aa0e85ca6183	1931241	1.0	confident	Halopseudomonas phragmitis	Bacteria
e9f8901d-dbd2-4522-b7f3-c7a5a526e522	1931241	1.0	confident	Halopseudomonas phragmitis	Bacteria
487829c3-74da-40cc-bb30-adacd426677d	1931241	1.0	confident	Halopseudomonas phragmitis	Bacteria
50275508-cf44-43c2-8935-acb121234506	1931241	1.0	confident	Halopseudomonas phragmitis	Bacteria
476db516-07b0-4c7c-a8a4-23ef01968a02	1931241	1.0	confident	Halopseudomonas phragmitis	Bacteria
f2205f5a-dbd8-4560-ba8e-f20adb7e925b	1931241	1.0	confident	Halopseudomonas phragmitis	Bacteria
843c4ce5-7381-40de-a786-cfa769d6384d	1931241	1.0	confident	Halopseudomonas phragmitis	Bacteria
0e54b13a-2119-45e3-b383-00b06f253fe5	1931241	1.0	confident	Halopseudomonas phragmitis	Bacteria
cc37a7ca-250e-4827-a19b-dab34a50c42a	1931241	1.0	confident	Halopseudomonas phragmitis	Bacteria
b4c72e77-ff53-448f-957c-3a4a66e230af	1931241	1.0	confident	Halopseudomonas phragmitis	Bacteria
50670419-da38-4bd2-8330-2af13c9d2aae	1931241	1.0	confident	Halopseudomonas phragmitis	Bacteria
5311b163-5ae3-4693-a642-6d35f1f838c9	1931241	1.0	confident	Halopseudomonas phragmitis	Bacteria
2920afbc-5544-4cba-a1c5-ed068fb0c8cc	1931241	1.0	confident	Halopseudomonas phragmitis	Bacteria
18cde16d-77d9-4f57-9692-370f1e58f1cd	1931241	1.0	confident	Halopseudomonas phragmitis	Bacteria
caed0285-a165-441a-a1a5-984fac2123ed	1931241	1.0	confident	Halopseudomonas phragmitis	Bacteria
c774d467-40af-4163-a9ae-682804400063	1931241	1.0	confident	Halopseudomonas phragmitis	Bacteria
ca5fdb7b-db09-498d-a5b7-105bc9ba373f	1931241	1.0	confident	Halopseudomonas phragmitis	Bacteria
0bc1839e-604c-45eb-9518-8fb1210fb966	1931241	1.0	confident	Halopseudomonas phragmitis	Bacteria
f46b7174-a8cd-4320-b448-16a624061600	1931241	1.0	confident	Halopseudomonas phragmitis	Bacteria
83fe0dec-9c46-4c8a-a5d0-aabf6c9ab059	1931241	1.0	confident	Halopseudomonas phragmitis	Bacteria
a8f53c6c-e97e-457d-803e-f92d130b5511	1931241	1.0	confident	Halopseudomonas phragmitis	Bacteria
654399af-30c4-4cc1-92f1-75dc89e00990	1931241	1.0	confident	Halopseudomonas phragmitis	Bacteria
adb50c62-af03-4bc6-b19e-8940e6d19688	1931241	1.0	confident	Halopseudomonas phragmitis	Bacteria
b54b70ae-38bf-4a8b-af4f-5d273518371d	1931241	1.0	confident	Halopseudomonas phragmitis	Bacteria
1325bf9e-ff01-45fa-a6da-6554b8769778	1931241	1.0	confident	Halopseudomonas phragmitis	Bacteria
17fc4b35-585a-4677-9010-8e0247fadb9a	1931241	1.0	confident	Halopseudomonas phragmitis	Bacteria
65b837ab-862a-4de6-8d74-dcc07e7e45ae	1931241	1.0	confident	Halopseudomonas phragmitis	Bacteria
e846d14e-e487-4b0d-a14c-5de47c38826a	1931241	1.0	confident	Halopseudomonas phragmitis	Bacteria
7d2b5757-4b5a-4ca4-adf6-d633963decef	1931241	1.0	confident	Halopseudomonas phragmitis	Bacteria
9606f2a3-b2a1-453a-9131-5cb2c3c4e3c1	1931241	1.0	confident	Halopseudomonas phragmitis	Bacteria
6e774860-dd54-4d44-8c5a-ae4586606be1	1931241	1.0	confident	Halopseudomonas phragmitis	Bacteria
a7c614d3-5466-43b4-919e-f3431ca269bd	1931241	1.0	confident	Halopseudomonas phragmitis	Bacteria
1975f15c-199a-43d6-88a2-479ee22095dc	1931241	1.0	confident	Halopseudomonas phragmitis	Bacteria
5342313d-25b8-4f9c-8b35-b5a18d25db30	1931241	1.0	confident	Halopseudomonas phragmitis	Bacteria
f73a98d9-49a6-44f6-a983-0ba688202292	1931241	1.0	confident	Halopseudomonas phragmitis	Bacteria
01ba6103-5369-4a8f-9707-974be9d9d446	1931241	1.0	confident	Halopseudomonas phragmitis	Bacteria
e500b247-a3e6-496c-8832-9b90e7a36f01	1931241	1.0	confident	Halopseudomonas phragmitis	Bacteria
3da5f3b3-289a-4a26-a138-ff107870f10a	1931241	1.0	confident	Halopseudomonas phragmitis	Bacteria
a49d0d79-5768-44d7-8633-9c4983f8e87a	1931241	1.0	confident	Halopseudomonas phragmitis	Bacteria
4d9792dd-fa9a-4f57-9b36-bf3b16727c0e	1931241	1.0	confident	Halopseudomonas phragmitis	Bacteria
4e97ae99-a4c1-4fc6-a76a-93b4f203c2b3	1931241	1.0	confident	Halopseudomonas phragmitis	Bacteria
c575277b-df04-4ce2-b3aa-20163b0e3432	1931241	1.0	confident	Halopseudomonas phragmitis	Bacteria
cd0ff4a1-15fa-43a3-8d8c-149f21fc1c21	1931241	1.0	confident	Halopseudomonas phragmitis	Bacteria
7a510d73-d85c-4da9-bf14-a08fed346fa2	1931241	1.0	confident	Halopseudomonas phragmitis	Bacteria
f5728a89-f6e0-456d-876d-129501f15f2e	1931241	1.0	confident	Halopseudomonas phragmitis	Bacteria
a8166a16-5ece-4a6f-833a-6fe66895f038	1931241	1.0	confident	Halopseudomonas phragmitis	Bacteria
3a4db552-4af6-4ad0-9eed-3775b90f507b	1931241	1.0	confident	Halopseudomonas phragmitis	Bacteria
26370344-7668-4a20-862c-50e35ae1d6f3	1931241	1.0	confident	Halopseudomonas phragmitis	Bacteria
d4c50b30-ed08-4d52-b873-ebc5400e832f	1931241	1.0	confident	Halopseudomonas phragmitis	Bacteria
f51a7140-06f2-4e1c-a009-0c75c4a757d2	1931241	1.0	confident	Halopseudomonas phragmitis	Bacteria
097f317a-49aa-48dc-826a-c239a1859a13	1931241	1.0	confident	Halopseudomonas phragmitis	Bacteria
bc35a1c1-b1f4-4bc1-83af-7cf3ca01d1e0	1931241	1.0	confident	Halopseudomonas phragmitis	Bacteria
ae09d33f-c4ad-4f15-8516-4998d8213062	1931241	1.0	confident	Halopseudomonas phragmitis	Bacteria
83f91233-0ce1-474b-9f9a-beee17713416	1931241	1.0	confident	Halopseudomonas phragmitis	Bacteria
54ab9872-c9b2-44bb-9d0e-e5eb456bd224	1931241	1.0	confident	Halopseudomonas phragmitis	Bacteria
14795308-70f8-428c-accc-602bb4f506e2	1931241	1.0	confident	Halopseudomonas phragmitis	Bacteria
737b1998-4c43-4d66-a98d-334a01cb8b30	1931241	1.0	confident	Halopseudomonas phragmitis	Bacteria
3731bf60-d46e-411c-bf73-69e0a9687e0c	1931241	1.0	confident	Halopseudomonas phragmitis	Bacteria
b57d50a5-b1c8-4d57-a6bf-320ed6e03f76	1931241	1.0	confident	Halopseudomonas phragmitis	Bacteria
b0d732b2-6084-43ad-918c-0d213322b57a	1931241	1.0	confident	Halopseudomonas phragmitis	Bacteria
b8d91bd6-309f-489d-b5d9-760df433f6b7	1931241	1.0	confident	Halopseudomonas phragmitis	Bacteria
96e0a32f-a7e1-4bcb-922e-5c4f0173b281	1931241	1.0	confident	Halopseudomonas phragmitis	Bacteria
38df9034-b423-4962-b8cc-94acc35e7c27	1931241	1.0	confident	Halopseudomonas phragmitis	Bacteria
01e12c14-afc3-4ba3-a7c3-c167606975ac	1931241	1.0	confident	Halopseudomonas phragmitis	Bacteria
e8520c78-9455-4ba1-9200-4c500f22689f	1931241	1.0	confident	Halopseudomonas phragmitis	Bacteria
629ae104-f138-4437-9d5d-20d9d1d046dd	1931241	1.0	confident	Halopseudomonas phragmitis	Bacteria
e542c199-e99c-45c5-9bce-9cb039458dbf	1931241	1.0	confident	Halopseudomonas phragmitis	Bacteria
bf99f258-3ab3-4e42-9487-faee166741e8	1931241	1.0	confident	Halopseudomonas phragmitis	Bacteria
1436f42f-0fc0-486f-8ebb-43dabc2b8298	1931241	1.0	confident	Halopseudomonas phragmitis	Bacteria
43c32275-b775-432b-b731-ab7e957a9bdc	1931241	1.0	confident	Halopseudomonas phragmitis	Bacteria
430b8c7a-f080-4e8b-afc7-dd7e2b878cce	1931241	1.0	confident	Halopseudomonas phragmitis	Bacteria
291fdc65-8ea9-4db2-a3a7-dfed109a7aad	1931241	1.0	confident	Halopseudomonas phragmitis	Bacteria
3284a500-2b04-4704-a47e-906e9c0eab29	1931241	1.0	confident	Halopseudomonas phragmitis	Bacteria
d5929b5f-9574-4feb-ac51-c3d7111853b8	40214	1.0	confident	Acinetobacter johnsonii	Bacteria
f3f5d9e9-8d8d-473d-b132-7aa894a8ee00	40214	1.0	confident	Acinetobacter johnsonii	Bacteria
c4e1e2ac-18bc-456e-bf4e-f2e0992adddb	40214	1.0	confident	Acinetobacter johnsonii	Bacteria
da259801-fb01-46a9-adc3-74464c5dc897	40214	1.0	confident	Acinetobacter johnsonii	Bacteria
5255059f-c3e3-4b76-8c12-6f84b0a8db18	40214	1.0	confident	Acinetobacter johnsonii	Bacteria
eaadcacc-8898-4d51-8bff-26e077aad558	40214	1.0	confident	Acinetobacter johnsonii	Bacteria
ca83066d-55ab-4127-bf56-43bed2ae899d	40214	1.0	confident	Acinetobacter johnsonii	Bacteria
132926a3-98ee-4992-b840-b2aee3ce79eb	40214	1.0	confident	Acinetobacter johnsonii	Bacteria
c2fbd2ad-29e3-4a0c-971d-11364ba37740	40214	1.0	confident	Acinetobacter johnsonii	Bacteria
42c4f88d-b182-4e7d-b3d8-a0c9685222b4	40214	1.0	confident	Acinetobacter johnsonii	Bacteria
baac276a-a399-4964-8738-72ef48946268	40214	1.0	confident	Acinetobacter johnsonii	Bacteria
8aa1c8e0-03e8-4b7e-b3ce-54094cae9b19	40214	1.0	confident	Acinetobacter johnsonii	Bacteria
310584c6-687f-4069-8ebf-b26022969657	40214	1.0	confident	Acinetobacter johnsonii	Bacteria
d96bf60d-26ef-4851-baba-e7bc6d650379	40214	1.0	confident	Acinetobacter johnsonii	Bacteria
dd230481-6cdd-421e-bb9d-f8aaf53c3894	40214	1.0	confident	Acinetobacter johnsonii	Bacteria
09660778-dcbd-4230-b8cb-4c8fb88f2dbe	40214	1.0	confident	Acinetobacter johnsonii	Bacteria
b1eed894-bbf0-4271-b28e-59fdb417c079	40214	1.0	confident	Acinetobacter johnsonii	Bacteria
10288ac3-882d-4779-b642-f47153776cb9	40214	1.0	confident	Acinetobacter johnsonii	Bacteria
39900a8b-0149-40a2-b104-41da505538a0	40214	1.0	confident	Acinetobacter johnsonii	Bacteria
a55a5056-f291-4e02-ab16-090b860727c5	40214	1.0	confident	Acinetobacter johnsonii	Bacteria
fb4de941-4dff-4f18-98a9-4cebe5839375	40214	1.0	confident	Acinetobacter johnsonii	Bacteria
0d8f569f-cb4b-40c2-a3a6-653b8e307079	40214	1.0	confident	Acinetobacter johnsonii	Bacteria
dc6ce437-63ee-4e0f-9089-a1016b7cd422	40214	1.0	confident	Acinetobacter johnsonii	Bacteria
5efb2533-4437-4452-b236-c3fef047ac6d	40214	1.0	confident	Acinetobacter johnsonii	Bacteria
04951075-3c62-4efe-b546-3e68a1cbb538	40214	1.0	confident	Acinetobacter johnsonii	Bacteria
45897a7d-dd1b-4b0a-ae0d-ee6cb3143e77	40214	1.0	confident	Acinetobacter johnsonii	Bacteria
bb57a408-d62a-4f13-9074-59aed63c7d72	40214	1.0	confident	Acinetobacter johnsonii	Bacteria
c485d856-8208-4926-b5f3-6e45c9d3e70b	40214	1.0	confident	Acinetobacter johnsonii	Bacteria
672233fc-68c4-4d7f-97d9-ae25634b32e5	40214	1.0	confident	Acinetobacter johnsonii	Bacteria
50b83b9b-d0ea-4b50-a8ef-2994522ae87d	40214	1.0	confident	Acinetobacter johnsonii	Bacteria
0107bb95-0e85-41e5-a99a-5a108e9c906d	40214	1.0	confident	Acinetobacter johnsonii	Bacteria
aa4320ac-a403-4cd0-a834-edd1dbcc9ecb	40214	1.0	confident	Acinetobacter johnsonii	Bacteria
e649605e-f349-43cb-83e6-d415a4ebc66b	40214	1.0	confident	Acinetobacter johnsonii	Bacteria
3f637de0-9996-4fd8-969e-224302c0109a	40214	1.0	confident	Acinetobacter johnsonii	Bacteria
12d42477-5715-4878-bfce-77324f21a665	40214	1.0	confident	Acinetobacter johnsonii	Bacteria
ae60033e-0ca9-4d53-bebd-333af7e0382a	40214	1.0	confident	Acinetobacter johnsonii	Bacteria
629a9b27-6121-4842-9c66-22fd34cbe282	40214	1.0	confident	Acinetobacter johnsonii	Bacteria
5ccc7b1f-abd7-426a-8a15-da4a42727daa	40214	1.0	confident	Acinetobacter johnsonii	Bacteria
431cec97-bfec-4921-beda-279d6704630e	40214	1.0	confident	Acinetobacter johnsonii	Bacteria
474fa4c7-3feb-4fab-a54b-2301605583ba	40214	1.0	confident	Acinetobacter johnsonii	Bacteria
a62e8741-0719-48a9-a57d-8cb97154653d	40214	1.0	confident	Acinetobacter johnsonii	Bacteria
2c1e58b2-abbb-426f-aa37-3eacdde01abe	40214	1.0	confident	Acinetobacter johnsonii	Bacteria
5f1b173f-7f13-4904-b466-4433d506b68c	40214	1.0	confident	Acinetobacter johnsonii	Bacteria
1d547f72-4799-402a-9054-e61d9b61e7c5	40214	1.0	confident	Acinetobacter johnsonii	Bacteria
48677ea6-667e-4c9e-a484-54c4f3352919	40214	1.0	confident	Acinetobacter johnsonii	Bacteria
250c455b-276b-4342-8a3b-e66a95389582	40214	1.0	confident	Acinetobacter johnsonii	Bacteria
f72c952b-475e-4847-8792-30d8595c3705	40214	1.0	confident	Acinetobacter johnsonii	Bacteria
f0c6eade-b4ed-437f-8478-b01f2e64bc18	40214	1.0	confident	Acinetobacter johnsonii	Bacteria
f115c625-b348-4515-8431-3a20a4e66593	40214	1.0	confident	Acinetobacter johnsonii	Bacteria
20e118d4-1806-4753-8421-1e5e114fbadd	40214	1.0	confident	Acinetobacter johnsonii	Bacteria
f62a8eac-19a8-4789-aff0-c42a45c664e8	40214	1.0	confident	Acinetobacter johnsonii	Bacteria
12714890-a724-4e8d-9030-0d491e7fa1ca	40214	1.0	confident	Acinetobacter johnsonii	Bacteria
26071cd9-c3d3-4434-8fa2-ea3faaed63c1	40214	1.0	confident	Acinetobacter johnsonii	Bacteria
b0974fa0-69e2-4bbc-aad3-5bb51f021dd1	40214	1.0	confident	Acinetobacter johnsonii	Bacteria
796fec46-d315-49b0-bdfe-7fb79f88d623	40214	1.0	confident	Acinetobacter johnsonii	Bacteria
dfa025c9-2ffb-407c-889c-49fb49da4e4c	40214	1.0	confident	Acinetobacter johnsonii	Bacteria
3199f3a3-1335-434f-b669-355dcb2e8db4	40214	1.0	confident	Acinetobacter johnsonii	Bacteria
005addfe-e98a-442e-8dcc-bb402f63bcba	40214	1.0	confident	Acinetobacter johnsonii	Bacteria
24cbf38b-9384-4bff-a483-aae5778310e0	40214	1.0	confident	Acinetobacter johnsonii	Bacteria
5d6e69d8-fe30-464e-828d-d3ad7b2354ed	40214	1.0	confident	Acinetobacter johnsonii	Bacteria
e414d05a-d89c-4f06-b8f0-3fed949e271c	40214	1.0	confident	Acinetobacter johnsonii	Bacteria
a6381c7e-b0dc-450b-b2bb-e448b656e12c	40214	1.0	confident	Acinetobacter johnsonii	Bacteria
89b92c01-5a85-4b5e-9e59-6742502d5c9a	40214	1.0	confident	Acinetobacter johnsonii	Bacteria
bdffdd4a-31fe-4e2f-b4ea-0ad1668c887a	40214	1.0	confident	Acinetobacter johnsonii	Bacteria
3765d571-900d-4288-aa33-a9911d78537d	40214	1.0	confident	Acinetobacter johnsonii	Bacteria
ec2c00b2-cf9e-4f1e-8be1-cba241917a4f	40214	1.0	confident	Acinetobacter johnsonii	Bacteria
73ef66ad-9da6-4b92-a606-2f5b0154cc5f	40214	1.0	confident	Acinetobacter johnsonii	Bacteria
430b814c-2174-4258-b3c0-7320a94325f9	40214	1.0	confident	Acinetobacter johnsonii	Bacteria
edc10922-dea6-452c-9001-e3b4182705f0	40214	1.0	confident	Acinetobacter johnsonii	Bacteria
68eb5a49-8358-4b14-9eda-688fb1dea0f5	40214	1.0	confident	Acinetobacter johnsonii	Bacteria
6bae31d9-b6eb-42b5-8bad-b832e1ee5db6	40214	1.0	confident	Acinetobacter johnsonii	Bacteria
3af49d07-223f-4905-923d-cb359eccbe04	40214	1.0	confident	Acinetobacter johnsonii	Bacteria
e031ae4d-c8e8-489b-b024-e3401c9c78f4	40214	1.0	confident	Acinetobacter johnsonii	Bacteria
6cee6e56-5913-4023-b73e-b3c2cd401d88	40214	1.0	confident	Acinetobacter johnsonii	Bacteria
8d550370-637e-4e45-8fd9-06f01739baaa	40214	1.0	confident	Acinetobacter johnsonii	Bacteria
68e7830f-ec43-4307-900b-0f56f3380e22	40214	1.0	confident	Acinetobacter johnsonii	Bacteria
d86527ec-cf27-4721-9fdd-df0bd24ecf04	40214	1.0	confident	Acinetobacter johnsonii	Bacteria
4deee82b-3eef-4304-a9d3-0c68ac6fd110	40214	1.0	confident	Acinetobacter johnsonii	Bacteria
9957aeeb-7dba-4af8-8f04-ee6f14031f5c	40214	1.0	confident	Acinetobacter johnsonii	Bacteria
dabd278b-f28a-4989-b180-f68fe11bd900	40214	1.0	confident	Acinetobacter johnsonii	Bacteria
06ede6c2-67c9-4957-8ea3-74680d2f2328	40214	1.0	confident	Acinetobacter johnsonii	Bacteria
09a5ab47-0e22-4ee1-8901-c54d3c5db1e6	40214	1.0	confident	Acinetobacter johnsonii	Bacteria
5332444d-3cc8-4bbe-854b-6a9168c7144d	40214	1.0	confident	Acinetobacter johnsonii	Bacteria
b911b76f-bafa-4712-b6e9-c6f9bf393d8d	40214	1.0	confident	Acinetobacter johnsonii	Bacteria
73566b0f-5f46-4356-b55d-91f213c38477	40214	1.0	confident	Acinetobacter johnsonii	Bacteria
51473f7c-d799-4045-a0c2-825eccd47ef3	40214	1.0	confident	Acinetobacter johnsonii	Bacteria
8530ec20-3f7c-4835-8b1b-12a10024b8a8	40214	1.0	confident	Acinetobacter johnsonii	Bacteria
f1694fb5-625c-4866-a5cb-ac65b098ae83	40214	1.0	confident	Acinetobacter johnsonii	Bacteria
a635d50f-2bf1-4a8b-8c6e-adb32f40d1e1	40214	1.0	confident	Acinetobacter johnsonii	Bacteria
c3a6f2a6-4356-482a-b92b-acf637c9219e	40214	1.0	confident	Acinetobacter johnsonii	Bacteria
9e61f2da-28a5-4eb5-ae58-dc8346291b50	40214	1.0	confident	Acinetobacter johnsonii	Bacteria
efd3b6bc-9bef-44e2-8e90-732407a03dab	40214	1.0	confident	Acinetobacter johnsonii	Bacteria
a69670a0-09f7-4f7c-9e8e-dbcfda1e7a35	40214	1.0	confident	Acinetobacter johnsonii	Bacteria
6b9b595e-3521-41ca-9e94-c182f797ce30	40214	1.0	confident	Acinetobacter johnsonii	Bacteria
b16ea499-d015-4bd0-8e6b-4cd55be626e8	40214	1.0	confident	Acinetobacter johnsonii	Bacteria
526a9a27-8845-4b06-ac0c-28a6f94fc061	40214	1.0	confident	Acinetobacter johnsonii	Bacteria
26ce468e-424f-42b6-85d7-61890ba4a61d	40214	1.0	confident	Acinetobacter johnsonii	Bacteria
86355d44-01a7-463a-a8aa-5020155ae234	40214	1.0	confident	Acinetobacter johnsonii	Bacteria
a4f5baa5-5a54-401d-9de9-c35f940a1632	391738	1.0	confident	Novilysobacter defluvii	Bacteria
e7e9d001-1cfb-4402-964a-41a80a6b65a6	391738	1.0	confident	Novilysobacter defluvii	Bacteria
7f7be21f-ed16-42af-9ab6-54a06c99c268	391738	1.0	confident	Novilysobacter defluvii	Bacteria
2e4a12d6-3554-4cac-9768-de272108a4fd	391738	1.0	confident	Novilysobacter defluvii	Bacteria
12876b34-06dc-4527-abf4-b00c7beb0608	391738	1.0	confident	Novilysobacter defluvii	Bacteria
f15b631e-4af9-45fb-b2b0-27d75a646969	391738	1.0	confident	Novilysobacter defluvii	Bacteria
e629fc25-e959-43b2-a775-71a4ba6e37b3	391738	1.0	confident	Novilysobacter defluvii	Bacteria
403ae5a3-d096-482c-903e-9388d253c24a	391738	1.0	confident	Novilysobacter defluvii	Bacteria
e6ffbbd3-91d3-4b57-8426-881c7da0e82b	391738	1.0	confident	Novilysobacter defluvii	Bacteria
4f1499d9-96ce-4383-888a-69b59a58da34	391738	1.0	confident	Novilysobacter defluvii	Bacteria
44683ab9-2e45-4edd-bcd4-9ffd98e1f84f	391738	1.0	confident	Novilysobacter defluvii	Bacteria
afd98062-7fe3-4cdc-8336-1d1d925a02f4	391738	1.0	confident	Novilysobacter defluvii	Bacteria
df9706e6-6ee3-4e27-bc1c-cc00fcaa86aa	391738	1.0	confident	Novilysobacter defluvii	Bacteria
548857d4-da65-41fc-975f-ca10fc81b9e5	391738	1.0	confident	Novilysobacter defluvii	Bacteria
79b20b85-ca52-4ede-a7eb-98178f431332	391738	1.0	confident	Novilysobacter defluvii	Bacteria
07134b79-e40b-4f77-a89f-457d88a644e2	391738	1.0	confident	Novilysobacter defluvii	Bacteria
6e8d5495-cbb3-49ed-aca5-380631197bf0	391738	1.0	confident	Novilysobacter defluvii	Bacteria
ad12ba4d-bd37-4762-8807-ee671c35cc52	391738	1.0	confident	Novilysobacter defluvii	Bacteria
3d9f0af6-abdf-4d52-ae46-5c10ef9348e8	391738	1.0	confident	Novilysobacter defluvii	Bacteria
ee091a66-f2c6-4ad5-83ab-f6fdbcc832ae	391738	1.0	confident	Novilysobacter defluvii	Bacteria
96c25eaf-8105-4e38-9d00-f99809924fde	391738	1.0	confident	Novilysobacter defluvii	Bacteria
d8b0c3f8-8a0b-4a93-9d3e-5c67fde3af4b	391738	1.0	confident	Novilysobacter defluvii	Bacteria
39492ace-965a-4815-bed2-396392705bb5	391738	1.0	confident	Novilysobacter defluvii	Bacteria
16de7e85-ff81-4d29-8c9d-558aa162436d	391738	1.0	confident	Novilysobacter defluvii	Bacteria
2bb56117-9f5b-4b9e-9e44-d93ac1b585fe	391738	1.0	confident	Novilysobacter defluvii	Bacteria
d801b9fa-75f9-462d-a13a-5841fc7a8482	391738	1.0	confident	Novilysobacter defluvii	Bacteria
708b90ed-3872-4783-9729-43fdaec5efb5	391738	1.0	confident	Novilysobacter defluvii	Bacteria
09134c7d-246f-4f16-8ce9-152c3b0e545e	391738	1.0	confident	Novilysobacter defluvii	Bacteria
7ff998ba-e1ff-41e8-8139-1d72b3112865	391738	1.0	confident	Novilysobacter defluvii	Bacteria
81176610-2753-45a4-bacb-3db8e5cc1219	391738	1.0	confident	Novilysobacter defluvii	Bacteria
4ddca0a5-7ad0-4028-b2b7-5421cd5c9376	391738	1.0	confident	Novilysobacter defluvii	Bacteria
df21961d-9f60-480e-a755-608f6634e99b	391738	1.0	confident	Novilysobacter defluvii	Bacteria
88c21c5d-b609-4bdd-969a-a9f4d3c97d66	391738	1.0	confident	Novilysobacter defluvii	Bacteria
545a8584-ea82-48bf-b540-d3b33cfed483	391738	1.0	confident	Novilysobacter defluvii	Bacteria
a90ac504-ae3a-416e-aa36-688b96957bc6	391738	1.0	confident	Novilysobacter defluvii	Bacteria
01e56d18-6eea-4381-9e57-e11b714cc1fe	391738	1.0	confident	Novilysobacter defluvii	Bacteria
3fb782ac-6509-42eb-bac6-02c1e924863d	391738	1.0	confident	Novilysobacter defluvii	Bacteria
d88e8727-0804-4edb-ae30-287b2445d9f9	391738	1.0	confident	Novilysobacter defluvii	Bacteria
a1e0985b-fc1b-48fb-8dbf-dfbf52417aeb	391738	1.0	confident	Novilysobacter defluvii	Bacteria
a81f603d-31ca-4a84-968f-e63af29bd01f	391738	1.0	confident	Novilysobacter defluvii	Bacteria
6432d51e-37d9-4c4d-8a0c-d005bb4679c5	391738	1.0	confident	Novilysobacter defluvii	Bacteria
f63dffee-4ee6-4cb8-a77f-2e73377591fe	391738	1.0	confident	Novilysobacter defluvii	Bacteria
05d28572-010f-4819-93eb-2f0bc7405258	391738	1.0	confident	Novilysobacter defluvii	Bacteria
30f43f31-1799-4647-b1bb-dfa58a5fa3a4	391738	1.0	confident	Novilysobacter defluvii	Bacteria
4b61ab85-9cec-438c-99ee-049dfbc350e0	391738	1.0	confident	Novilysobacter defluvii	Bacteria
7ce872d1-5dd4-4504-8a95-c14bf2236935	391738	1.0	confident	Novilysobacter defluvii	Bacteria
2dce38a6-1890-4ce7-9780-f89da8a7e304	391738	1.0	confident	Novilysobacter defluvii	Bacteria
5fde00c0-4820-4bad-9b2f-eb0dcd7a6b7f	391738	1.0	confident	Novilysobacter defluvii	Bacteria
8285e76c-4801-4b27-a0f4-74f5a40dea24	391738	1.0	confident	Novilysobacter defluvii	Bacteria
eb265e39-990e-430d-9d60-bd26187bfd34	391738	1.0	confident	Novilysobacter defluvii	Bacteria
e5e8d90c-43bb-494e-bae6-c1606ffa5bf9	391738	1.0	confident	Novilysobacter defluvii	Bacteria
a526e25f-cdbc-46bb-ae59-5a1b8b2e1728	391738	1.0	confident	Novilysobacter defluvii	Bacteria
572a8799-83eb-4775-9d49-de9995bb3a51	391738	1.0	confident	Novilysobacter defluvii	Bacteria
8e4ce7a3-5219-4851-84b5-062e6a77758a	391738	1.0	confident	Novilysobacter defluvii	Bacteria
5cebefad-c30f-443d-a335-09ee35d07315	391738	1.0	confident	Novilysobacter defluvii	Bacteria
ddd3855e-0bb1-427b-805f-2d195961105a	391738	1.0	confident	Novilysobacter defluvii	Bacteria
9f44f04b-a0c8-451a-aa2e-608ddae3c44a	391738	1.0	confident	Novilysobacter defluvii	Bacteria
8b41971d-ef33-4ae2-9fb3-c306fe9bf2e5	391738	1.0	confident	Novilysobacter defluvii	Bacteria
a4a65fd4-bed1-4fa3-9c19-b398700f3902	391738	1.0	confident	Novilysobacter defluvii	Bacteria
d41330ec-583d-48da-9569-1eceab8dc2d9	391738	1.0	confident	Novilysobacter defluvii	Bacteria
b54cbf2f-0e92-4689-a57a-51188638d115	391738	1.0	confident	Novilysobacter defluvii	Bacteria
e794b0eb-7275-47bf-8d3e-7dfbfdae5e2e	391738	1.0	confident	Novilysobacter defluvii	Bacteria
e3ac37ad-6f1e-4462-a08a-e347361df3ba	391738	1.0	confident	Novilysobacter defluvii	Bacteria
bdb09432-4474-4a51-b5c9-0f124df61183	391738	1.0	confident	Novilysobacter defluvii	Bacteria
20d075b9-5b03-4ff9-9521-1ff2b0f14c32	391738	1.0	confident	Novilysobacter defluvii	Bacteria
a8adc457-87a2-4dec-8f0d-b30c8ab536f6	391738	1.0	confident	Novilysobacter defluvii	Bacteria
74422e01-8a20-4d41-affb-fd47fab9cade	391738	1.0	confident	Novilysobacter defluvii	Bacteria
bcdbaa21-c422-4183-8d9f-3f793cf93a9e	391738	1.0	confident	Novilysobacter defluvii	Bacteria
ba7a109a-085e-43a8-89e3-7fcdc9c9beec	391738	1.0	confident	Novilysobacter defluvii	Bacteria
b50aa876-ae47-4e4e-a839-6c3d663c1f71	391738	1.0	confident	Novilysobacter defluvii	Bacteria
e0932267-0f40-4c93-ad41-518f748e431f	391738	1.0	confident	Novilysobacter defluvii	Bacteria
2a3f5169-33c7-4226-9346-1c171557b319	391738	1.0	confident	Novilysobacter defluvii	Bacteria
d056976d-5865-448c-b0b3-a71c0d00c7d6	391738	1.0	confident	Novilysobacter defluvii	Bacteria
87f003b0-7891-497a-987c-eb8f289ce074	391738	1.0	confident	Novilysobacter defluvii	Bacteria
a695f1ab-4d51-4c40-86d0-3ab7bcccc526	391738	1.0	confident	Novilysobacter defluvii	Bacteria
bbc06e87-620d-49cc-8754-4cc3a017fd76	391738	1.0	confident	Novilysobacter defluvii	Bacteria
ed4cef75-ecc1-43a8-baa5-960048676247	391738	1.0	confident	Novilysobacter defluvii	Bacteria
c48fd418-57e4-4410-a3da-fe5655e05dff	391738	1.0	confident	Novilysobacter defluvii	Bacteria
19150e84-ceba-4d80-b791-7222f9b614cb	391738	1.0	confident	Novilysobacter defluvii	Bacteria
fb87fe71-1de3-4958-9e49-f184e9a26819	391738	1.0	confident	Novilysobacter defluvii	Bacteria
f842df5f-6fe7-49c5-9d63-98d00385969e	391738	1.0	confident	Novilysobacter defluvii	Bacteria
cc08732c-c84d-4c78-b4b3-d140f70d2c87	391738	1.0	confident	Novilysobacter defluvii	Bacteria
a0d7c961-ebbd-40e1-b46f-043ab3052845	391738	1.0	confident	Novilysobacter defluvii	Bacteria
af9c2cd6-b7be-4811-8384-4cfc69426e8c	391738	1.0	confident	Novilysobacter defluvii	Bacteria
9eb29466-1c24-44a2-aeac-f8b5aaa3e6f9	391738	1.0	confident	Novilysobacter defluvii	Bacteria
7d2f92e4-07f6-4713-8dda-c72c6b6d576c	391738	1.0	confident	Novilysobacter defluvii	Bacteria
487e833a-86ad-4c58-8739-100a6a1fc66d	391738	1.0	confident	Novilysobacter defluvii	Bacteria
ffd6aff6-ebf5-4aaf-8106-7017dbf23cf5	391738	1.0	confident	Novilysobacter defluvii	Bacteria
ddb5f0a4-0ddd-4063-a1f8-d60e311a35fa	391738	1.0	confident	Novilysobacter defluvii	Bacteria
bcfc6f11-0eaf-449f-8e2f-cd8c38a5535c	391738	1.0	confident	Novilysobacter defluvii	Bacteria
14bdf282-7b2d-4907-8c3b-2f2a66ba52b0	391738	1.0	confident	Novilysobacter defluvii	Bacteria
871f2c9a-da6c-427f-a3bf-3983309137c5	391738	1.0	confident	Novilysobacter defluvii	Bacteria
c57e2a32-db87-45bb-b109-ab5afd5dbf62	391738	1.0	confident	Novilysobacter defluvii	Bacteria
67572e47-07fa-4bea-bb4a-7b7d22583852	391738	1.0	confident	Novilysobacter defluvii	Bacteria
8ae282b6-0176-4124-a9f3-946c8ab0e923	391738	1.0	confident	Novilysobacter defluvii	Bacteria
e49429c5-80f7-4880-a0fb-d65ada24cf6b	391738	1.0	confident	Novilysobacter defluvii	Bacteria
f841ef62-dd81-46c0-a18e-44408ecd676b	391738	1.0	confident	Novilysobacter defluvii	Bacteria
1e13ac70-4318-4ee7-bf73-c3a9e05196f9	391738	1.0	confident	Novilysobacter defluvii	Bacteria
e5f6bb68-4a14-4818-af43-1ea63b25e2af	391738	1.0	confident	Novilysobacter defluvii	Bacteria
9dafd766-f897-40ad-9cce-ed2f74f58093	391738	1.0	confident	Novilysobacter defluvii	Bacteria
4c7c04fd-91fc-49f2-9760-8d23359a3f4a	391738	1.0	confident	Novilysobacter defluvii	Bacteria
d315919d-396e-4fcd-ac03-1b9f13b68028	391738	1.0	confident	Novilysobacter defluvii	Bacteria
1b667e02-1960-41ba-8002-ffab4af6cee4	391738	1.0	confident	Novilysobacter defluvii	Bacteria
fcd2e8fe-15ee-4896-b47b-3ab90d94a14d	391738	1.0	confident	Novilysobacter defluvii	Bacteria
9b49a860-b481-4047-9c58-59a79e724bee	391738	1.0	confident	Novilysobacter defluvii	Bacteria
ba0bcc9a-bef6-47ee-9b2c-52251f56a4c5	391738	1.0	confident	Novilysobacter defluvii	Bacteria
3e5ebf43-169c-4cd9-bff1-4c0bb1d97d6a	391738	1.0	confident	Novilysobacter defluvii	Bacteria
4738aa50-31fd-40d4-8319-29a67c9b1109	391738	1.0	confident	Novilysobacter defluvii	Bacteria
73eb6868-7fc9-487b-a6aa-e168a322324e	391738	1.0	confident	Novilysobacter defluvii	Bacteria
2d6e39d9-6f1f-4e23-a126-58aa292663b1	391738	1.0	confident	Novilysobacter defluvii	Bacteria
326ca04c-0681-41cd-896b-6948ae9a96bf	391738	1.0	confident	Novilysobacter defluvii	Bacteria
f3c2f121-13b2-4661-8e56-973b9ddd4bea	391738	1.0	confident	Novilysobacter defluvii	Bacteria
6f646ab9-859e-480f-9928-d336c411b509	391738	1.0	confident	Novilysobacter defluvii	Bacteria
6b95a981-f5f9-4f65-b755-cf303011b59a	391738	1.0	confident	Novilysobacter defluvii	Bacteria
c1435279-a135-45be-945d-cd8c46c632ce	391738	1.0	confident	Novilysobacter defluvii	Bacteria
0b2714ea-a2dc-4cbb-b52f-995b5f28e81e	391738	1.0	confident	Novilysobacter defluvii	Bacteria
424e8476-9b46-4f64-939d-aabd1764392b	391738	1.0	confident	Novilysobacter defluvii	Bacteria
213d583f-1e1e-4c6e-aff2-a223cd8d11c5	391738	1.0	confident	Novilysobacter defluvii	Bacteria
bf6fc1b4-9806-4815-b532-bb7f923c6f47	391738	1.0	confident	Novilysobacter defluvii	Bacteria
d7edf6c6-f271-4e36-a743-2bc908d6e885	391738	1.0	confident	Novilysobacter defluvii	Bacteria
85574b42-5d90-4222-8b85-21deba78eca2	391738	1.0	confident	Novilysobacter defluvii	Bacteria
2e674f9c-dacb-4147-86b8-17545d6f81f8	391738	1.0	confident	Novilysobacter defluvii	Bacteria
da4eae2f-328b-49f5-8ed5-1574e2853071	391738	1.0	confident	Novilysobacter defluvii	Bacteria
8b85b153-f3b5-496a-ae2c-dbdc9848c294	391738	1.0	confident	Novilysobacter defluvii	Bacteria
adcb6d8c-fd26-4edf-8e2a-578bce46949e	391738	1.0	confident	Novilysobacter defluvii	Bacteria
0811ec39-d27d-4175-b8ee-fc106feae630	391738	1.0	confident	Novilysobacter defluvii	Bacteria
35df2bda-6590-4e47-9b00-a6451cdd7ea4	391738	1.0	confident	Novilysobacter defluvii	Bacteria
d016ca74-2f6b-435a-ba3f-c8eb69cde24e	391738	1.0	confident	Novilysobacter defluvii	Bacteria
ed962a3c-8f87-49d9-b31a-d873028709b1	391738	1.0	confident	Novilysobacter defluvii	Bacteria
330993c5-6de7-4e34-9b47-a9145a6e83b3	391738	1.0	confident	Novilysobacter defluvii	Bacteria
6c61e63d-dc48-40cf-9572-362e6ca6b396	391738	1.0	confident	Novilysobacter defluvii	Bacteria
7c1d20aa-2d6c-4b4b-a2ad-75db7886629e	391738	1.0	confident	Novilysobacter defluvii	Bacteria
48cf56ed-caf8-4b7d-932b-f51e465b2fd0	391738	1.0	confident	Novilysobacter defluvii	Bacteria
b579beca-3b2b-45a7-9008-21050235eedb	391738	1.0	confident	Novilysobacter defluvii	Bacteria
f658057e-94f3-4b76-b25b-0198dc2171b9	391738	1.0	confident	Novilysobacter defluvii	Bacteria
61cdc552-d5a3-4ef4-a9aa-db8967f0bd93	391738	1.0	confident	Novilysobacter defluvii	Bacteria
d62a03dd-3678-4c0f-9a69-6b2c1017138d	391738	1.0	confident	Novilysobacter defluvii	Bacteria
ba29b0de-806f-4049-8b4b-e578a6619f35	391738	1.0	confident	Novilysobacter defluvii	Bacteria
7a7665f4-2b71-4def-b363-ee969c801e7f	391738	1.0	confident	Novilysobacter defluvii	Bacteria
8ec6350d-9156-4c20-8baa-9a6b4b69620e	391738	1.0	confident	Novilysobacter defluvii	Bacteria
40f6eb53-64b6-4fdf-9a7e-050cc4221477	391738	1.0	confident	Novilysobacter defluvii	Bacteria
7f7e7d43-4f73-4cc5-a6f3-00917493e987	391738	1.0	confident	Novilysobacter defluvii	Bacteria
8d809352-de79-48d9-9383-f57d6d6f5fdc	391738	1.0	confident	Novilysobacter defluvii	Bacteria
c69cacbb-f6f5-4ff7-9294-db768300b1e3	391738	1.0	confident	Novilysobacter defluvii	Bacteria
81597fa9-9b58-4eb1-b7de-64b44d02fd06	391738	1.0	confident	Novilysobacter defluvii	Bacteria
82ac2e70-b3a9-4b56-8f77-b632b8fb3889	391738	1.0	confident	Novilysobacter defluvii	Bacteria
b2add2ab-9967-43a8-a45f-5a5c06885fea	391738	1.0	confident	Novilysobacter defluvii	Bacteria
c57c9446-4a20-433e-b04b-868f552f25a1	391738	1.0	confident	Novilysobacter defluvii	Bacteria
a8f6091d-72bd-4714-875d-ccc00f7c57db	391738	1.0	confident	Novilysobacter defluvii	Bacteria
74145fb2-d5ad-4f34-b567-79c30591edd5	391738	1.0	confident	Novilysobacter defluvii	Bacteria
7449379c-f0f3-4d73-a8c5-887f3d3ba67d	391738	1.0	confident	Novilysobacter defluvii	Bacteria
3c0b622d-ea6d-4daf-bc65-e666a53067f7	391738	1.0	confident	Novilysobacter defluvii	Bacteria
37429b70-2e81-4813-bfc3-c1ed59aa3e94	391738	1.0	confident	Novilysobacter defluvii	Bacteria
fbe738ab-b6ff-479b-b37f-f7c7283bdc4e	391738	1.0	confident	Novilysobacter defluvii	Bacteria
52ad0be5-3bbc-4f4a-8593-3be9b581bec4	391738	1.0	confident	Novilysobacter defluvii	Bacteria
a785fc5e-8a9c-4aa8-a358-09e953bc4084	391738	1.0	confident	Novilysobacter defluvii	Bacteria
e68717a0-bb03-4457-bffb-5677dc61e8d9	391738	1.0	confident	Novilysobacter defluvii	Bacteria
a4bb6af2-a3a8-4d9c-b10b-4ee130803ea4	391738	1.0	confident	Novilysobacter defluvii	Bacteria
6dae7a63-26da-4b51-8147-44114e97d024	391738	1.0	confident	Novilysobacter defluvii	Bacteria
5615e7b9-e29b-4aab-9e19-8739f8b9a1ed	391738	1.0	confident	Novilysobacter defluvii	Bacteria
518776e0-891c-4fab-8993-feaaad33174d	391738	1.0	confident	Novilysobacter defluvii	Bacteria
d516cbe9-dfee-450b-9dd0-2d5297adbc56	391738	1.0	confident	Novilysobacter defluvii	Bacteria
6fe6275e-7a0b-4917-9471-a92de0231847	391738	1.0	confident	Novilysobacter defluvii	Bacteria
dc945af9-6458-4291-80bd-d389b24e33a9	391738	1.0	confident	Novilysobacter defluvii	Bacteria
36ce2979-b0e6-4530-83a2-ceac4b8595ad	391738	1.0	confident	Novilysobacter defluvii	Bacteria
7666d8d7-8cf1-4e22-818d-483aeb750a24	391738	1.0	confident	Novilysobacter defluvii	Bacteria
e84c787f-86bc-496c-bac2-8fcac1012796	391738	1.0	confident	Novilysobacter defluvii	Bacteria
a1104513-849f-4c84-8a3c-ba4fd6adeab0	391738	1.0	confident	Novilysobacter defluvii	Bacteria
91bba2ae-82d3-4a3b-b895-0f9448ba19a7	391738	1.0	confident	Novilysobacter defluvii	Bacteria
a5e9045a-b2ed-4ae4-817c-4182aa472097	391738	1.0	confident	Novilysobacter defluvii	Bacteria
a1a1b3a4-22ad-4af4-8a3b-6bd4e7f82cfd	391738	1.0	confident	Novilysobacter defluvii	Bacteria
8c28d4a4-86e2-42f1-834d-6ff6feb77743	391738	1.0	confident	Novilysobacter defluvii	Bacteria
ebc4ea6e-0046-4a14-a91e-303cd45edfae	391738	1.0	confident	Novilysobacter defluvii	Bacteria
8b6a09e0-43ef-43c2-bfc8-75704a0a04c5	391738	1.0	confident	Novilysobacter defluvii	Bacteria
c983a26b-a4d7-4552-84cb-fff88f44b1f9	391738	1.0	confident	Novilysobacter defluvii	Bacteria
ea6059d9-5511-4507-9dc8-8fd2433eaf28	391738	1.0	confident	Novilysobacter defluvii	Bacteria
cefa9f41-ee64-465e-93f4-db01a3805573	391738	1.0	confident	Novilysobacter defluvii	Bacteria
06aca63c-9605-436b-8a93-8ea4eefac22a	391738	1.0	confident	Novilysobacter defluvii	Bacteria
001c7eb6-1784-45eb-94e0-d7e8b4f15eb2	391738	1.0	confident	Novilysobacter defluvii	Bacteria
c4c61de9-3802-4fbd-923e-1c6c7fb7cad9	391738	1.0	confident	Novilysobacter defluvii	Bacteria
c5f8f3db-c855-4efc-bd23-744d66f2a538	391738	1.0	confident	Novilysobacter defluvii	Bacteria
1adfb3ae-4533-468c-94f5-0308551c32ac	391738	1.0	confident	Novilysobacter defluvii	Bacteria
88ef16f1-5c13-403a-baaf-fd80a60d5f4f	391738	1.0	confident	Novilysobacter defluvii	Bacteria
3467ad6a-249b-4a66-94d8-7a2781f6d858	391738	1.0	confident	Novilysobacter defluvii	Bacteria
0e0b315b-e476-47f9-83e8-b2e9037ee27e	391738	1.0	confident	Novilysobacter defluvii	Bacteria
d515b232-922d-45d7-905c-c3722fb5d159	391738	1.0	confident	Novilysobacter defluvii	Bacteria
75b2617b-620a-4359-86ea-37c46daa1dd0	391738	1.0	confident	Novilysobacter defluvii	Bacteria
c186eb65-8b96-4848-9893-1f900a4d1c61	391738	1.0	confident	Novilysobacter defluvii	Bacteria
b98a3b5e-6fe2-482f-bf9f-d2faec52bf17	391738	1.0	confident	Novilysobacter defluvii	Bacteria
4e850126-1458-4a21-901d-9e8fe97e047e	391738	1.0	confident	Novilysobacter defluvii	Bacteria
69a98333-258f-46ab-b746-7e0e1d8a8c46	391738	1.0	confident	Novilysobacter defluvii	Bacteria
db35888e-c7f2-44fa-bf79-0cd868abd2e6	391738	1.0	confident	Novilysobacter defluvii	Bacteria
bd7aa930-3d1f-438b-aa93-c4dfcce13261	391738	1.0	confident	Novilysobacter defluvii	Bacteria
211384cb-806c-49c4-9c7a-825ab3443fff	83447	0.9808591140798144	high	Chondromyces pediculatus	Bacteria
db204f98-228a-49a6-a983-b58afc98af4d	83447	0.9070166737208272	high	Chondromyces pediculatus	Bacteria
7cfca6a2-3acf-4671-acb1-5161f949ace9	83447	0.9073412070725128	high	Chondromyces pediculatus	Bacteria
7e3ea89c-9cb4-40c9-a756-62bf2ad6b078	83447	0.9058337295121616	high	Chondromyces pediculatus	Bacteria
6b85ff8e-21fc-46f3-8bf9-1f6a219a9d7a	83447	0.9086640268573212	high	Chondromyces pediculatus	Bacteria
84aabdfd-330b-48f3-89bb-8e05ef7585ac	83447	0.9077828038483988	high	Chondromyces pediculatus	Bacteria
50d10552-536d-4722-bc6f-8aa991d5d639	83447	0.9895894854892116	high	Chondromyces pediculatus	Bacteria
5d58ad04-d163-4f14-a310-e1f7b7bec714	83447	0.8636119624514013	high	Chondromyces pediculatus	Bacteria
fd0d2449-0f23-4f76-ba25-5d6d319f6fec	83447	0.9088229015644512	high	Chondromyces pediculatus	Bacteria
147b7a38-35c6-44fb-86ee-9ce4a49b74d1	83447	0.7921360784433578	medium	Chondromyces pediculatus	Bacteria
88dd689e-ba6f-4ca6-ab79-c60d69432576	52	0.9819628977378064	high	Chondromyces crocatus	Bacteria
96f588b6-7cf8-49ab-81a4-c2fe813e9a18	52	0.9384886448539768	high	Chondromyces crocatus	Bacteria
1b8b2550-50d4-4892-8060-79dbfb9fadd5	52	0.9971176994138398	high	Chondromyces crocatus	Bacteria
122f17cd-99fb-4e86-aa6a-ad7b94ec6401	83447	0.9078836437206836	high	Chondromyces pediculatus	Bacteria
368d9fe4-b8f0-41da-aeb2-cc96431306ab	83447	0.5050351133541557	medium	Chondromyces pediculatus	Bacteria
410469a8-fae2-4dae-95c4-aced75a312bd	83447	0.6111844226121038	medium	Chondromyces pediculatus	Bacteria
a259b3ff-809e-405e-8633-1c25c8fc1f77	83447	0.6147741364365711	medium	Chondromyces pediculatus	Bacteria
9eb44c8f-f7b2-428f-83b5-e77244362771	83447	0.9087033622185116	high	Chondromyces pediculatus	Bacteria
c155d768-af3b-4fcb-ab78-e46c76950903	83447	0.9075276128488812	high	Chondromyces pediculatus	Bacteria
b3a54849-9f03-4a52-aeaf-9850f0e55c63	83447	0.9739886601514796	high	Chondromyces pediculatus	Bacteria
7b27352a-7b17-464a-a1c3-b6d883b5ab2f	83447	0.906526046232315	high	Chondromyces pediculatus	Bacteria
ba3c5a67-1970-4755-817e-b5d6a8f10ea5	83447	0.9377172188552484	high	Chondromyces pediculatus	Bacteria
0b126e5d-0317-4066-90a5-1734bddb65a9	83447	0.9973402094216454	high	Chondromyces pediculatus	Bacteria
14bad19f-8722-4012-bcb9-8883df622e77	83447	0.9066942621820512	high	Chondromyces pediculatus	Bacteria
43f950c3-404a-494b-aec0-4b4087bb1433	83447	0.9089181796173884	high	Chondromyces pediculatus	Bacteria
d19c22d1-8ed4-4517-9172-16a6fb984eb4	83447	0.905181237485178	high	Chondromyces pediculatus	Bacteria
ab04f7b8-b716-4366-bc70-451899da84fe	83447	0.9067858522917136	high	Chondromyces pediculatus	Bacteria
f97da4a9-344b-43fa-a99b-c7d296a63c0d	83447	0.9083293045170504	high	Chondromyces pediculatus	Bacteria
63610586-45dd-45c9-ba00-474317c08d1c	83447	0.9081570990035112	high	Chondromyces pediculatus	Bacteria
736eba5f-769f-4578-8834-09653427b710	52	0.9989377587463016	high	Chondromyces crocatus	Bacteria
0c08b960-5fad-44af-80d0-11c7893473f8	83447	0.9080727948947074	high	Chondromyces pediculatus	Bacteria
f7106c3b-25b9-428f-b2e5-58cef32c36fa	83447	0.9063606371269594	high	Chondromyces pediculatus	Bacteria
7a600014-fe8b-4974-a109-92fc57b49680	83447	0.9928040349134633	high	Chondromyces pediculatus	Bacteria
cbf0b6af-455a-4de6-8a78-2909f0382080	83447	0.7895254858924524	medium	Chondromyces pediculatus	Bacteria
78e601a2-6fd9-4c04-b1bb-b854dddd12c4	83447	0.7993338976617507	medium	Chondromyces pediculatus	Bacteria
ea5f3fe5-8a93-485c-bb6d-ba6f413f6d1a	83447	0.9084990723994236	high	Chondromyces pediculatus	Bacteria
da487bd8-c76f-42a1-8dad-e905573bd0b8	83447	0.9922482241814444	high	Chondromyces pediculatus	Bacteria
63e0ebc2-5c7b-44fc-a563-74bd570a9ee1	83447	0.6481827262585133	medium	Chondromyces pediculatus	Bacteria
1b096105-2a2d-45f1-8004-33070b86afcd	83447	0.7979081415945058	medium	Chondromyces pediculatus	Bacteria
5d916fd7-ea1b-4e90-90ce-b26090c14130	83447	0.9080463478793092	high	Chondromyces pediculatus	Bacteria
eb718594-9474-4680-8c9c-fbf98dcfea13	52	1.0	confident	Chondromyces crocatus	Bacteria
67adcaf2-d200-4ae5-b8a0-c6e88ea9c476	83447	0.9070081104833496	high	Chondromyces pediculatus	Bacteria
cf0967fc-1ecb-4464-966e-ca4c488ac926	83447	0.9087033622185116	high	Chondromyces pediculatus	Bacteria
d4087a8d-09ff-478b-8ffe-50e221adb18e	83447	0.9078641011219648	high	Chondromyces pediculatus	Bacteria
3ab88f59-c068-47a8-acd9-1c5f18b62e4b	83447	0.8023303634623263	high	Chondromyces pediculatus	Bacteria
d34eaf8e-65af-469d-ad2c-9aa0474f3aef	83447	0.907243713592828	high	Chondromyces pediculatus	Bacteria
c8499cd3-7dcb-4feb-960f-cc5caea8e059	52	0.9389001066992282	high	Chondromyces crocatus	Bacteria
78dda359-9fec-4f49-bbbd-b5620066c9c6	52	0.9926779641464376	high	Chondromyces crocatus	Bacteria
e94abece-2676-4a32-9f4f-39d56f20b213	83447	0.9814698044459804	high	Chondromyces pediculatus	Bacteria
3576ae04-516e-4bfc-9089-fcaac200a52c	83447	0.9070759422463106	high	Chondromyces pediculatus	Bacteria
d7b24249-e950-4959-8eb4-6e4749374464	83447	0.9060389532654244	high	Chondromyces pediculatus	Bacteria
0201316a-b8a3-43a2-ae7c-79c1bc98de51	83447	0.9087143221959132	high	Chondromyces pediculatus	Bacteria
6bf3a309-cda5-4fda-8410-2adb7d5a433f	83447	0.7976914231340586	medium	Chondromyces pediculatus	Bacteria
f4e90248-8215-499d-b025-c4c064c6bc25	83447	0.601990435512757	medium	Chondromyces pediculatus	Bacteria
34b038a9-df20-4714-ab73-1d3c73116979	83447	0.9068092772894836	high	Chondromyces pediculatus	Bacteria
42a0241f-286d-4ae8-8c3b-26c1027c82d2	83447	0.907131332108154	high	Chondromyces pediculatus	Bacteria
d84c29ed-b044-47b6-9780-670d744a03b1	83447	0.9080695258474832	high	Chondromyces pediculatus	Bacteria
1e521654-60d1-4f73-ada5-d393c12759ac	83447	0.9084597960178128	high	Chondromyces pediculatus	Bacteria
08eee11f-154a-41c4-beb1-54e6b9054d21	83447	0.908174178572322	high	Chondromyces pediculatus	Bacteria
b70b807d-a603-428d-ae62-c3edbc3e06d1	83447	0.6101462729900151	medium	Chondromyces pediculatus	Bacteria
f74fa8ad-0066-49e6-8c4e-d439081ed2c5	83447	0.9610393778296288	high	Chondromyces pediculatus	Bacteria
b8a9814f-9556-47c2-901f-86f6bec326d5	83447	0.7963141323135852	medium	Chondromyces pediculatus	Bacteria
8be14493-5634-4068-8d0c-f83a9ee32bf1	52	0.6084126207165598	medium	Chondromyces crocatus	Bacteria
2ada716c-964f-47e6-919a-05278caa7058	83447	0.9084597960178128	high	Chondromyces pediculatus	Bacteria
06951b5d-e2ab-409d-99e6-e706c382b522	83447	0.7988795036720719	medium	Chondromyces pediculatus	Bacteria
0a4f2886-0e39-41e2-b157-da516d83a945	83447	0.9084161431620132	high	Chondromyces pediculatus	Bacteria
57f432b5-4c0a-4217-b44a-1fdf0b243f54	83447	0.908592253381488	high	Chondromyces pediculatus	Bacteria
db54f9ab-de03-47af-b9b0-41f66c9420f1	83447	0.7984707772782933	medium	Chondromyces pediculatus	Bacteria
9db446fb-546e-449e-807b-4eb00dd41bc4	83447	0.9025079869727812	high	Chondromyces pediculatus	Bacteria
dd2e5df0-797b-48fa-bcdf-5b53ee54ef74	52	0.9734111507289176	high	Chondromyces crocatus	Bacteria
f069e233-c7c8-4a5c-bacf-f30375c7df23	83447	0.9558105235803648	high	Chondromyces pediculatus	Bacteria
8bd0432b-ba4c-4db0-8294-e7e40fb0c338	83447	0.9087769343291584	high	Chondromyces pediculatus	Bacteria
4a43147c-ec9c-4373-845f-c29e5710970b	83447	0.9080561732884012	high	Chondromyces pediculatus	Bacteria
81323461-ed45-4d61-813e-f12f4293d956	83447	0.9078217326335012	high	Chondromyces pediculatus	Bacteria
2946d9c0-b608-4134-a73e-08afdda16cec	83447	0.9084205575110096	high	Chondromyces pediculatus	Bacteria
8e7c25b9-6cce-4b98-82c1-a5fcc764a98d	83447	0.9081855134040372	high	Chondromyces pediculatus	Bacteria
15d73c93-c972-49d8-8f1c-385a92cbd73d	83447	0.9083183178249128	high	Chondromyces pediculatus	Bacteria
3b7c248a-7d77-4538-8ac4-d3e0a03eca50	83447	0.9075665633965112	high	Chondromyces pediculatus	Bacteria
732ea6db-472f-494b-bca0-6240fd0b0b84	83447	0.9833592041540592	high	Chondromyces pediculatus	Bacteria
1b71b3fe-1541-4ac2-8841-8515d5b57291	83447	0.9076121925131312	high	Chondromyces pediculatus	Bacteria
30bb7fed-00f8-45e6-93ec-afdaa3909cac	83447	0.9084747259325838	high	Chondromyces pediculatus	Bacteria
5fe23560-5ed7-4ffa-b533-8b679bbbde7b	52	0.9890642274442024	high	Chondromyces crocatus	Bacteria
b3706ca7-46c8-4d52-9d51-e41764e4281a	83447	0.9969248443945428	high	Chondromyces pediculatus	Bacteria
ed09be18-28ce-4ce3-9328-288b97f1453b	52	0.6045794720448301	medium	Chondromyces crocatus	Bacteria
4fbbdbc3-8066-4873-9de8-05c8cbd8539e	52	0.9832945038594372	high	Chondromyces crocatus	Bacteria
37c767d0-f52b-44d0-8377-e146b220a2e4	83447	0.9082723597796952	high	Chondromyces pediculatus	Bacteria
033b6318-1566-4630-8f71-bb10dc0c2e74	83447	0.9085509937015596	high	Chondromyces pediculatus	Bacteria
c0eb31cb-b8ee-479c-8c4e-5421734d1075	83447	0.7171204169998405	medium	Chondromyces pediculatus	Bacteria
a66f1215-9855-412a-80e1-9dc9a7a745e8	83447	0.9080439349329272	high	Chondromyces pediculatus	Bacteria
5e6e9029-5886-4548-af67-0cdcc28f2864	52	1.0	confident	Chondromyces crocatus	Bacteria
2bab9b62-8b70-47d8-817b-286793fc4e3d	83447	0.9346774589282324	high	Chondromyces pediculatus	Bacteria
0034100c-2f52-40ab-8321-ca8f04be721d	83447	0.9083240560546638	high	Chondromyces pediculatus	Bacteria
76c26ef1-f219-422b-9151-e57adfc4bd6d	83447	0.9086749836794744	high	Chondromyces pediculatus	Bacteria
d3638414-21ab-4a6b-82c1-29f067a60b2b	83447	0.983664059042962	high	Chondromyces pediculatus	Bacteria
452e0508-79ef-474d-8c06-1446f565ebf7	83447	0.9603870342030928	high	Chondromyces pediculatus	Bacteria
d0ec7735-525b-484f-b960-7734c3f1d94e	52	0.6128125247975929	medium	Chondromyces crocatus	Bacteria
c8b70b3f-4e58-48c0-8657-d4caa20f347f	83447	0.907975509881264	high	Chondromyces pediculatus	Bacteria
659ac772-94cc-4eb7-ac63-612670177cf2	83447	0.9068480392964086	high	Chondromyces pediculatus	Bacteria
9623a407-9441-41a8-9be2-f0c1d427edb1	83447	0.9080634124435808	high	Chondromyces pediculatus	Bacteria
c3044ec8-1a4e-4988-a54c-badc97be65c8	83447	0.7990905057685136	medium	Chondromyces pediculatus	Bacteria
b3736cb0-e956-42c5-9956-c84c21c3d254	83447	0.9711081267325796	high	Chondromyces pediculatus	Bacteria
996c67be-0b16-41c3-9078-4de5f2d65196	83447	0.907936386096954	high	Chondromyces pediculatus	Bacteria
3df7428d-5905-4fe1-bce6-d3501b846003	83447	0.9749092903441622	high	Chondromyces pediculatus	Bacteria
e17fe2f5-f501-4f55-943c-03115b2fb571	52	0.7914603736773821	medium	Chondromyces crocatus	Bacteria
21922105-d6f8-40b0-b8b1-6580b3a76618	2745851	1.0	confident	Moheibacter lacus	Bacteria
3304813e-b3f5-4f80-bd4f-b528aefd4b46	2745851	1.0	confident	Moheibacter lacus	Bacteria
06f81dfc-f9c9-44d1-92db-706fc47b4479	2745851	1.0	confident	Moheibacter lacus	Bacteria
155a2ebc-d024-4f10-9e88-32179b492b1a	2745851	1.0	confident	Moheibacter lacus	Bacteria
b2c365e0-ae84-4192-ba2c-db5bf11ff6db	2745851	1.0	confident	Moheibacter lacus	Bacteria
99c87640-8e3d-4464-8f4e-2c72ce32c281	2745851	1.0	confident	Moheibacter lacus	Bacteria
fc3ec922-90af-4995-a267-0cb2ab5cb7fa	2745851	1.0	confident	Moheibacter lacus	Bacteria
5d03fe24-15bb-4fc2-bc4e-25a838e7e679	2745851	1.0	confident	Moheibacter lacus	Bacteria
daeb8a4b-9450-41f1-8e58-0d1fabd2c18d	2745851	1.0	confident	Moheibacter lacus	Bacteria
83024c8f-d2ab-4022-a5eb-5d3377219e30	2745851	1.0	confident	Moheibacter lacus	Bacteria
72886cb5-ab1f-468f-bc68-3e91e3db3f46	2745851	1.0	confident	Moheibacter lacus	Bacteria
0878a5e8-bc3a-454e-8191-d4c55139f281	2745851	1.0	confident	Moheibacter lacus	Bacteria
7cf5b133-1c06-4650-b185-bc9671186056	2745851	1.0	confident	Moheibacter lacus	Bacteria
3664ae03-bdb2-485e-b899-239faaad1198	2745851	1.0	confident	Moheibacter lacus	Bacteria
987fa729-7394-42d1-9041-8f173710cf27	2745851	1.0	confident	Moheibacter lacus	Bacteria
27e75a1c-0758-4c6d-9020-98663f7ecf02	2745851	1.0	confident	Moheibacter lacus	Bacteria
dcb8ed33-2868-4cba-ac43-d7c320d2ef41	2745851	1.0	confident	Moheibacter lacus	Bacteria
12b59387-8fff-442a-a556-cf72134bad31	2745851	1.0	confident	Moheibacter lacus	Bacteria
347f157f-32e9-47d1-8ead-2b2102450ed5	2745851	1.0	confident	Moheibacter lacus	Bacteria
8f59b982-ebeb-4f11-8b49-464e83c8f592	2745851	1.0	confident	Moheibacter lacus	Bacteria
c954c287-7a5b-4c15-9aa9-745a3e3328f7	2745851	1.0	confident	Moheibacter lacus	Bacteria
29ecc4e6-759d-4179-ba51-70c18d8c70a0	2745851	1.0	confident	Moheibacter lacus	Bacteria
507632bb-1e6e-421a-bd03-30c27c16001b	2745851	1.0	confident	Moheibacter lacus	Bacteria
b3fb572b-a73b-4584-b1f6-db73db8eec24	2745851	1.0	confident	Moheibacter lacus	Bacteria
16ce6dec-35fd-4412-ace2-89d0614c5abb	2745851	1.0	confident	Moheibacter lacus	Bacteria
f982a956-c942-4431-91df-f9a9a2a4de77	2745851	1.0	confident	Moheibacter lacus	Bacteria
09843199-fe98-4271-8476-62826bc72c99	2745851	1.0	confident	Moheibacter lacus	Bacteria
f32835ce-39fe-46f6-ba01-02d1b4306a02	2745851	1.0	confident	Moheibacter lacus	Bacteria
05a52a16-f9cc-40a9-be19-3e5ddca9dcdc	2745851	1.0	confident	Moheibacter lacus	Bacteria
61f0cdd5-892d-418a-80bf-22a9fdcb4f76	2745851	1.0	confident	Moheibacter lacus	Bacteria
7ab9875b-b7fe-42b0-a711-437bddd65df2	2745851	1.0	confident	Moheibacter lacus	Bacteria
fe607464-1cbc-4156-bd0e-072d540a2540	2745851	1.0	confident	Moheibacter lacus	Bacteria
7e7d86cd-0c69-45bf-8981-8f9f3d0840b1	2745851	1.0	confident	Moheibacter lacus	Bacteria
e2e4039d-f8c0-41b4-97ee-a9bcd708b99b	2745851	1.0	confident	Moheibacter lacus	Bacteria
e125a17a-2282-4843-bb79-3fdefcb08810	2745851	1.0	confident	Moheibacter lacus	Bacteria
69138992-f7c1-4415-a513-32888450d2db	2745851	1.0	confident	Moheibacter lacus	Bacteria
0e17dda5-e226-4a33-a13e-e5d1c4f234d1	2745851	1.0	confident	Moheibacter lacus	Bacteria
6a45853d-2bc3-419f-8372-9cfd9e97a5aa	2745851	1.0	confident	Moheibacter lacus	Bacteria
5609877c-19e9-4440-bcb7-4c13573a4607	2745851	1.0	confident	Moheibacter lacus	Bacteria
846762dc-1fa7-464b-9882-1b16a6dd9696	2745851	1.0	confident	Moheibacter lacus	Bacteria
fa83111f-88da-41bb-8705-1fabeda7d1b2	2745851	1.0	confident	Moheibacter lacus	Bacteria
2940b5a3-ddfd-4a4d-a122-182adc552869	2745851	1.0	confident	Moheibacter lacus	Bacteria
db75a5cb-c7bb-49b1-a978-3b7347d4f5ea	2745851	1.0	confident	Moheibacter lacus	Bacteria
60245323-09a9-4784-b147-2f9b8efcd279	2745851	1.0	confident	Moheibacter lacus	Bacteria
e0901159-6191-444a-8f2a-fe840d8a05b4	2745851	1.0	confident	Moheibacter lacus	Bacteria
614182f8-a3be-4edb-8d3d-72454d42ac8d	2745851	1.0	confident	Moheibacter lacus	Bacteria
8c00e8c8-9a26-4ed9-bfaa-a3b07e0b8f30	2745851	1.0	confident	Moheibacter lacus	Bacteria
7b2e5c41-693f-457e-baa2-086fea3b6150	2745851	1.0	confident	Moheibacter lacus	Bacteria
f376ffd0-0d4a-4c8b-8637-e326d804879d	2745851	1.0	confident	Moheibacter lacus	Bacteria
bf173788-2bc4-48dc-bce1-e1d435a63b5f	2745851	1.0	confident	Moheibacter lacus	Bacteria
9c503649-013b-46b6-afc0-2a9f7d10c1dc	2745851	1.0	confident	Moheibacter lacus	Bacteria
78d690bc-0510-465a-b830-2f7d584acbca	2745851	1.0	confident	Moheibacter lacus	Bacteria
92445e8b-456a-4606-a1c9-70689309a8cb	2745851	1.0	confident	Moheibacter lacus	Bacteria
9dc6c6c3-4285-4dae-b6a2-b1667ac7a998	2745851	1.0	confident	Moheibacter lacus	Bacteria
223f0f1c-52c1-470a-ba7e-e5ee4164412d	2745851	1.0	confident	Moheibacter lacus	Bacteria
9e074391-c86f-4fbb-8c72-239d1c7c68ed	2745851	1.0	confident	Moheibacter lacus	Bacteria
c90013f9-36ff-46d4-b29c-4c074bacfcce	2745851	1.0	confident	Moheibacter lacus	Bacteria
970e4e35-65a1-4495-922d-c08971ab6846	2745851	1.0	confident	Moheibacter lacus	Bacteria
9b382d98-25b3-4642-82ab-e27313758aab	2745851	1.0	confident	Moheibacter lacus	Bacteria
3d03eb31-cfb8-4ce1-8624-b567c4d25736	2745851	1.0	confident	Moheibacter lacus	Bacteria
19afbd43-2129-4e0b-8594-160413f4f834	2745851	1.0	confident	Moheibacter lacus	Bacteria
b03ad52d-88fe-406f-8e91-8410315cbeb8	2745851	1.0	confident	Moheibacter lacus	Bacteria
e00a7478-5f2f-435f-b664-fcfa4a087070	2745851	1.0	confident	Moheibacter lacus	Bacteria
6b15f210-2e3c-409b-80f3-d5a238506298	2745851	1.0	confident	Moheibacter lacus	Bacteria
387f07a6-7858-4b4d-a9c7-f5ecf521a5e1	2745851	1.0	confident	Moheibacter lacus	Bacteria
541566db-bde5-4359-8ba7-3b95dc15d553	2745851	1.0	confident	Moheibacter lacus	Bacteria
20558782-dafa-4aa1-8ea3-f4e52586b37f	2745851	1.0	confident	Moheibacter lacus	Bacteria
207b3b0d-6150-47a6-9025-792a0b47ac57	2745851	1.0	confident	Moheibacter lacus	Bacteria
2952c300-ae88-4d33-a3da-eba24abb7a6c	2745851	1.0	confident	Moheibacter lacus	Bacteria
b0de896d-a13d-4524-95de-9bb189e8d756	2745851	1.0	confident	Moheibacter lacus	Bacteria
5f168eeb-5ea3-41cc-9e94-10b7ffa5c465	2745851	1.0	confident	Moheibacter lacus	Bacteria
3c0be1e0-c5c9-40ae-a5c1-b534e032e868	2745851	1.0	confident	Moheibacter lacus	Bacteria
abd35dd9-a774-4ece-9e75-708ee73db07a	2745851	1.0	confident	Moheibacter lacus	Bacteria
77d5b336-fbfe-46ba-9612-a2758d9ae4eb	2745851	1.0	confident	Moheibacter lacus	Bacteria
c7cd2d7d-f4b9-43e3-8d5e-9e3cf182b16d	2745851	1.0	confident	Moheibacter lacus	Bacteria
5c647fdf-3ed8-4de0-9bc4-8320c6420481	2745851	1.0	confident	Moheibacter lacus	Bacteria
df842529-6b9c-4006-8ad1-858d0f9b978f	2745851	1.0	confident	Moheibacter lacus	Bacteria
983ccc91-d77e-4967-a763-3befec8ef70c	2745851	1.0	confident	Moheibacter lacus	Bacteria
8ff39f90-fb04-41b6-9463-a57bf50562f9	2745851	1.0	confident	Moheibacter lacus	Bacteria
220d754c-3db9-4cb8-9f5b-6384128299ae	2745851	1.0	confident	Moheibacter lacus	Bacteria
9de7a5c8-241f-4f65-a540-7c97784fe02a	2745851	1.0	confident	Moheibacter lacus	Bacteria
0b11a89c-62a4-400a-b0e4-e62c11be6068	2745851	1.0	confident	Moheibacter lacus	Bacteria
be12f2d0-374e-41b8-af62-69b9fbb83b95	2745851	1.0	confident	Moheibacter lacus	Bacteria
f1ab5d25-aece-44f8-953a-351271c8f398	2745851	1.0	confident	Moheibacter lacus	Bacteria
f103079f-0198-4b10-8da0-c57cc6f8db62	2745851	1.0	confident	Moheibacter lacus	Bacteria
7936aa2a-5e84-4331-a6b9-f884d36a7dd6	2745851	1.0	confident	Moheibacter lacus	Bacteria
304df3d8-61c2-4f14-85d4-aed6c84ccce1	2745851	1.0	confident	Moheibacter lacus	Bacteria
973490d2-0fb6-4fcc-8c1e-f5ac6060e12c	2745851	1.0	confident	Moheibacter lacus	Bacteria
6cdcbcae-4cba-48f6-8461-ceb16d43177b	2745851	1.0	confident	Moheibacter lacus	Bacteria
d747e060-eadc-4d50-be5b-6c2437d870fe	2745851	1.0	confident	Moheibacter lacus	Bacteria
b1e616d0-8aee-4207-a0ed-c3a27d4453b5	2745851	1.0	confident	Moheibacter lacus	Bacteria
b9cec48b-94f4-4bf5-aa87-560d198d38e7	2745851	1.0	confident	Moheibacter lacus	Bacteria
b8d9c68c-5ea7-4ba2-8be0-9b6b0cfbe270	2745851	1.0	confident	Moheibacter lacus	Bacteria
d3dbd6a9-a348-40d5-baad-bdfd9bb6e9da	2745851	1.0	confident	Moheibacter lacus	Bacteria
b4ede94a-2b18-465f-ba77-cb7c8180857b	2745851	1.0	confident	Moheibacter lacus	Bacteria
a05a0494-d0ca-474a-9f4f-f85edb110459	1902580	0.3333333333333333	low	Macrococcus epidermidis	Bacteria
a7aa9fc4-083d-4af6-9e46-7323a00deb14	1902580	0.3333333333333333	low	Macrococcus epidermidis	Bacteria
b226509e-e33b-4c64-bdfc-2b7b212e8643	1902580	0.3333333333333333	low	Macrococcus epidermidis	Bacteria
2d78a299-5bab-4a1b-8dce-1e0e50028a52	1902580	0.3333333333333333	low	Macrococcus epidermidis	Bacteria
73dc7552-adce-4373-afea-63283caaa895	1902580	0.3333333333333333	low	Macrococcus epidermidis	Bacteria
7b51cfb3-f5e4-41e7-92c7-783422014564	1902580	0.3333333333333333	low	Macrococcus epidermidis	Bacteria
c0ccf420-a298-4d9e-9ab2-50da01923c6a	1902580	0.3333333333333333	low	Macrococcus epidermidis	Bacteria
ce41c713-6e77-4287-9dd3-166b759c73d1	1902580	0.3333333333333333	low	Macrococcus epidermidis	Bacteria
c74f215e-a70e-43d7-a3b3-797c530ec040	1902580	0.3333333333333333	low	Macrococcus epidermidis	Bacteria
1bf94ede-c55d-4e30-8010-18ba888f64c4	1902580	0.3333333333333333	low	Macrococcus epidermidis	Bacteria
f7fd9d88-b123-4ccf-9bce-1280f43acd10	1902580	0.3333333333333333	low	Macrococcus epidermidis	Bacteria
732cc6db-4f93-46b4-b33c-4bcd286ab2a2	1902580	0.3333333333333333	low	Macrococcus epidermidis	Bacteria
e7e2b56b-ba54-4398-abfc-8e67b387e9df	1902580	0.3333333333333333	low	Macrococcus epidermidis	Bacteria
156655a4-72aa-46c5-bbeb-007b301b6717	1902580	0.3333333333333333	low	Macrococcus epidermidis	Bacteria
86304317-63a5-476a-a335-0126192e9c12	1902580	0.3333333333333333	low	Macrococcus epidermidis	Bacteria
a67bbace-7a6e-4557-bb24-cfcbe6d5d526	1902580	0.3333333333333333	low	Macrococcus epidermidis	Bacteria
1f73255e-e78a-4ea3-ba36-4c20bf0f8b37	1902580	0.3333333333333333	low	Macrococcus epidermidis	Bacteria
feec6e86-3789-408a-bbd9-c46e214699f9	1902580	0.3333333333333333	low	Macrococcus epidermidis	Bacteria
f87b99f0-2a26-4b71-aae8-c3470b3092f5	1902580	0.3333333333333333	low	Macrococcus epidermidis	Bacteria
864139fd-f158-4a62-9ef3-f248b12b2e03	1902580	0.3333333333333333	low	Macrococcus epidermidis	Bacteria
533d9d5c-c7f3-41a0-91f1-efa59d493c4f	1902580	0.3333333333333333	low	Macrococcus epidermidis	Bacteria
9ccb6cca-aaca-4d36-a15e-6670f2e31fba	1902580	0.3333333333333333	low	Macrococcus epidermidis	Bacteria
70c27a9c-0e5b-4e6c-b768-05bb6a7d5fe1	1902580	0.3333333333333333	low	Macrococcus epidermidis	Bacteria
9d9ecf90-bbb2-4050-be1f-954538ead3d2	1902580	0.3333333333333333	low	Macrococcus epidermidis	Bacteria
5933e8b5-b1a9-40c0-9d9e-319083239144	1902580	0.3333333333333333	low	Macrococcus epidermidis	Bacteria
11087847-fb1e-4ef7-9142-a07a53f85bf5	1902580	0.3333333333333333	low	Macrococcus epidermidis	Bacteria
fd2b6ed1-c5d3-4893-a747-836f6ffb6687	1902580	0.3333333333333333	low	Macrococcus epidermidis	Bacteria
48ba5dd7-0d7e-41fb-9e65-a893e1226e04	1902580	0.3333333333333333	low	Macrococcus epidermidis	Bacteria
54fd62a6-7035-4f42-bb99-b6e566589ebb	1902580	0.3333333333333333	low	Macrococcus epidermidis	Bacteria
759d53fd-91eb-4b76-8e5a-75371fca7a49	1902580	0.3333333333333333	low	Macrococcus epidermidis	Bacteria
f6585552-1868-4323-b95a-dc961cb3e5af	1902580	0.3333333333333333	low	Macrococcus epidermidis	Bacteria
1b9a6690-4c37-4b44-9341-7c02e6c7d634	1902580	0.3333333333333333	low	Macrococcus epidermidis	Bacteria
e945845c-156e-4655-9ada-cd357cff9733	13690	1.0	confident	Sphingobium yanoikuyae	Bacteria
c2ac487e-c113-4527-bb49-0e5e8a5277fe	13690	1.0	confident	Sphingobium yanoikuyae	Bacteria
08fdc7e0-457a-4a21-9ae4-6e43e265588f	13690	1.0	confident	Sphingobium yanoikuyae	Bacteria
979686c3-d006-459d-8656-975711d7e92e	13690	1.0	confident	Sphingobium yanoikuyae	Bacteria
556d96f1-8af5-4b65-89e0-cac66f6575a2	13690	1.0	confident	Sphingobium yanoikuyae	Bacteria
d03cec59-b177-4569-9d59-599f8c0fa57d	13690	1.0	confident	Sphingobium yanoikuyae	Bacteria
da314bc0-20eb-4bf8-b3d3-64b0ce1126c3	13690	1.0	confident	Sphingobium yanoikuyae	Bacteria
d96afb64-3ec8-4b21-b5b0-464e0e1d78ba	13690	1.0	confident	Sphingobium yanoikuyae	Bacteria
f6dd7b2b-4c30-46f5-b45d-0db9ae51a03f	13690	1.0	confident	Sphingobium yanoikuyae	Bacteria
2ea3ac77-9788-4b3e-a895-d88e266e4a21	13690	1.0	confident	Sphingobium yanoikuyae	Bacteria
2a66afcc-3840-4ccf-b4f8-9be6b2e927d0	13690	1.0	confident	Sphingobium yanoikuyae	Bacteria
87aa4f9f-a294-492e-9e52-7b3f1dc25237	13690	1.0	confident	Sphingobium yanoikuyae	Bacteria
b0114acc-c855-4f35-9ca2-5057f4d4d37d	13690	1.0	confident	Sphingobium yanoikuyae	Bacteria
c38f1d5c-4dd5-41ad-8434-f9c79ecf8423	13690	1.0	confident	Sphingobium yanoikuyae	Bacteria
0dcb5238-cfa0-4159-994c-40897e905011	13690	1.0	confident	Sphingobium yanoikuyae	Bacteria
7fc0f104-eb95-448d-af07-daa1f92cd754	13690	1.0	confident	Sphingobium yanoikuyae	Bacteria
16593b0d-25fa-4932-ac95-162a706cd575	13690	1.0	confident	Sphingobium yanoikuyae	Bacteria
99100557-08d8-44e6-893d-6d659b78a925	13690	1.0	confident	Sphingobium yanoikuyae	Bacteria
ba71ad5a-268c-4cd5-8a3a-a1b8b1d26663	13690	1.0	confident	Sphingobium yanoikuyae	Bacteria
aa6f4674-9419-4813-bdcd-431688aa4d2c	13690	1.0	confident	Sphingobium yanoikuyae	Bacteria
afa7fae0-fb07-42db-a7af-1e6d6b3ced8d	13690	1.0	confident	Sphingobium yanoikuyae	Bacteria
5c34e7cf-ecea-45d7-806c-d67fcd7ae9c9	13690	1.0	confident	Sphingobium yanoikuyae	Bacteria
fc3696c0-bafc-4edf-84b5-a88a9a583372	13690	1.0	confident	Sphingobium yanoikuyae	Bacteria
58da52c4-9b43-4a17-84b1-b0f2d8907e53	13690	1.0	confident	Sphingobium yanoikuyae	Bacteria
983974a3-e04a-4c77-b87d-065a99eeeb87	13690	1.0	confident	Sphingobium yanoikuyae	Bacteria
3e206f53-9824-43a9-8dbf-5f2dea59ec62	13690	1.0	confident	Sphingobium yanoikuyae	Bacteria
fbd75a53-00bd-4d49-a094-02165f446b57	13690	1.0	confident	Sphingobium yanoikuyae	Bacteria
28aca763-7e5e-43d5-b4e9-c32263d4f35a	13690	1.0	confident	Sphingobium yanoikuyae	Bacteria
8b0e9cb0-8f78-4ff9-83b2-c505a5fb1bfb	13690	1.0	confident	Sphingobium yanoikuyae	Bacteria
3596e4a0-a517-4725-aaf5-30d06e31d4ea	13690	1.0	confident	Sphingobium yanoikuyae	Bacteria
1036eef1-982c-4c0e-a7ed-579e226095b8	13690	1.0	confident	Sphingobium yanoikuyae	Bacteria
6d62a761-a25e-4ed7-af4e-fe78a7f30d3c	13690	1.0	confident	Sphingobium yanoikuyae	Bacteria
2a922d31-a072-484b-930b-0fe9b908d6ec	13690	1.0	confident	Sphingobium yanoikuyae	Bacteria
1dcc8ec3-0636-4a9e-8177-032926ac1b15	13690	1.0	confident	Sphingobium yanoikuyae	Bacteria
c12f53c5-d1b6-44c8-b052-804f7995ae4f	13690	1.0	confident	Sphingobium yanoikuyae	Bacteria
c48584e5-3b1b-47e5-bfed-232da8a1e558	13690	1.0	confident	Sphingobium yanoikuyae	Bacteria
3e1735c5-998a-411c-9861-b20a7be7d86d	13690	1.0	confident	Sphingobium yanoikuyae	Bacteria
74fc6569-769c-488b-9748-a72968964f7d	13690	1.0	confident	Sphingobium yanoikuyae	Bacteria
9522adb8-8d41-4692-a01a-dc4823ad0fd5	251051	1.0	confident	Pallidibacillus thermolactis	Bacteria
cf081cce-0fc5-4670-921a-988f8aae18f0	251051	1.0	confident	Pallidibacillus thermolactis	Bacteria
0c510ce8-6d42-4661-91ee-760fc04d233b	251051	1.0	confident	Pallidibacillus thermolactis	Bacteria
bdd5ed5d-23d4-45ba-9e39-6c869e9f7a84	251051	1.0	confident	Pallidibacillus thermolactis	Bacteria
62feed15-c841-4606-957a-b13e2bdfe7f1	251051	1.0	confident	Pallidibacillus thermolactis	Bacteria
2a621122-ee77-495b-bc2c-83123af1f170	251051	1.0	confident	Pallidibacillus thermolactis	Bacteria
286b3cf7-4c8c-4319-8e9e-3870134a641d	251051	1.0	confident	Pallidibacillus thermolactis	Bacteria
d3b0d5d3-4e32-4aff-ba9f-f49690c452b1	251051	1.0	confident	Pallidibacillus thermolactis	Bacteria
26fde7e7-c182-4351-a2f9-659dfcf627b4	251051	1.0	confident	Pallidibacillus thermolactis	Bacteria
29c14303-fd38-430c-9ce3-415c48d52b1f	251051	1.0	confident	Pallidibacillus thermolactis	Bacteria
79832a5f-b117-4f72-b849-4ce82a734edf	251051	1.0	confident	Pallidibacillus thermolactis	Bacteria
b5ade91f-b122-43df-a276-af42195ab965	251051	1.0	confident	Pallidibacillus thermolactis	Bacteria
90c70c60-fcdd-4696-a9d8-99da642d1a65	251051	1.0	confident	Pallidibacillus thermolactis	Bacteria
dff88667-797d-4ad6-9f2e-7b6d47841ff3	251051	1.0	confident	Pallidibacillus thermolactis	Bacteria
1f3305e4-ebee-4ed3-9cfa-51e7ff0c4d5c	251051	1.0	confident	Pallidibacillus thermolactis	Bacteria
48420cb6-27a6-4e4c-90aa-3d2fd45cf00d	251051	1.0	confident	Pallidibacillus thermolactis	Bacteria
a52647b4-015e-436c-bf6e-57adfdaec414	251051	1.0	confident	Pallidibacillus thermolactis	Bacteria
aa909b9a-a2af-4e9d-8475-9acdf1be3dc7	251051	1.0	confident	Pallidibacillus thermolactis	Bacteria
35d6315c-3121-4c8e-986a-d8af6a135c0b	251051	1.0	confident	Pallidibacillus thermolactis	Bacteria
999b696f-f8b1-4095-8b16-e6449810711f	251051	1.0	confident	Pallidibacillus thermolactis	Bacteria
cf6474be-2377-4025-9f76-6fb4cedaac52	251051	1.0	confident	Pallidibacillus thermolactis	Bacteria
4eb7bbff-4a3c-4dfb-95a1-16349d1c1ae3	251051	1.0	confident	Pallidibacillus thermolactis	Bacteria
71acf208-3e73-42d7-b014-c28c32a5e1b2	251051	1.0	confident	Pallidibacillus thermolactis	Bacteria
76863597-7410-47bf-8615-6fc8daf14d94	251051	1.0	confident	Pallidibacillus thermolactis	Bacteria
f288a3eb-8f84-4c69-9469-f5e0faba93ae	251051	1.0	confident	Pallidibacillus thermolactis	Bacteria
9e52b76d-27bd-4561-858a-30f5deaa716e	251051	1.0	confident	Pallidibacillus thermolactis	Bacteria
bfff820c-2262-47b5-ab3f-65284bef5be2	251051	1.0	confident	Pallidibacillus thermolactis	Bacteria
c9e2f412-3f0b-4ecb-b115-93265773c81d	251051	1.0	confident	Pallidibacillus thermolactis	Bacteria
70170c7f-1926-4cf7-bb59-2d78fe86f3cd	251051	1.0	confident	Pallidibacillus thermolactis	Bacteria
b62e5017-218c-45a4-be9a-81b9aa4e94fe	251051	1.0	confident	Pallidibacillus thermolactis	Bacteria
d0bd81f9-fd50-46fb-8a75-ade5052e1dee	251051	1.0	confident	Pallidibacillus thermolactis	Bacteria
87b1b947-afb1-4145-898d-5880e4d996f3	251051	1.0	confident	Pallidibacillus thermolactis	Bacteria
fd7dc313-02ae-485e-bad0-e18f7dea29f7	251051	1.0	confident	Pallidibacillus thermolactis	Bacteria
691385af-f361-4fe8-9013-8838f05f133d	251051	1.0	confident	Pallidibacillus thermolactis	Bacteria
cd4a2c7f-ae97-4408-b1d3-9d6e30624798	251051	1.0	confident	Pallidibacillus thermolactis	Bacteria
f8aa3070-698e-4089-a979-3985b0d8e47a	251051	1.0	confident	Pallidibacillus thermolactis	Bacteria
362d6bd9-9ef5-4b35-80bb-acccbee66284	251051	1.0	confident	Pallidibacillus thermolactis	Bacteria
187f6148-5942-43a5-9698-d4de46917c5d	251051	1.0	confident	Pallidibacillus thermolactis	Bacteria
c21c4bfa-ad15-4e8e-ba58-68cb8e5d12e9	251051	1.0	confident	Pallidibacillus thermolactis	Bacteria
28b73b9b-d816-416d-ba32-59959759c752	251051	1.0	confident	Pallidibacillus thermolactis	Bacteria
52f3ff21-63dc-45bb-adfd-822ef2e495e6	251051	1.0	confident	Pallidibacillus thermolactis	Bacteria
562a4065-ecb9-4dd3-a8e6-49d1e189f69e	251051	1.0	confident	Pallidibacillus thermolactis	Bacteria
530f4563-2996-4ed8-acc5-0e2b59560997	251051	1.0	confident	Pallidibacillus thermolactis	Bacteria
22b1e971-2443-4443-ab1d-4378ff813625	251051	1.0	confident	Pallidibacillus thermolactis	Bacteria
ff2c0968-7a34-4f28-8c74-d9419359c216	251051	1.0	confident	Pallidibacillus thermolactis	Bacteria
1e3e29db-a26a-4671-8d9c-806ea2f047c5	251051	1.0	confident	Pallidibacillus thermolactis	Bacteria
25a55e49-1b31-4e02-9eec-075e2b6942d0	251051	1.0	confident	Pallidibacillus thermolactis	Bacteria
fe7d0ff2-57da-4d09-8c62-01433bf89fa1	251051	1.0	confident	Pallidibacillus thermolactis	Bacteria
d59d16a9-febe-4db6-a67a-41012d71d0c8	251051	1.0	confident	Pallidibacillus thermolactis	Bacteria
5f9d2a04-6d6e-4164-8bc3-6a0d80aab93d	251051	1.0	confident	Pallidibacillus thermolactis	Bacteria
ad10e39c-ba77-4612-8ef6-fc072d0dffb5	251051	1.0	confident	Pallidibacillus thermolactis	Bacteria
d8b0eedc-0ce7-44ef-9eaa-e85d7995425d	251051	1.0	confident	Pallidibacillus thermolactis	Bacteria
645d0775-cdd3-4001-9a46-987997c74635	251051	1.0	confident	Pallidibacillus thermolactis	Bacteria
b9a782a8-1984-43e5-b0b0-06b3032e0622	251051	1.0	confident	Pallidibacillus thermolactis	Bacteria
7570c66e-0b45-4aa5-8acc-5ecaa0f251b8	251051	1.0	confident	Pallidibacillus thermolactis	Bacteria
0db629ee-e9a9-4635-887c-da29327a83ea	251051	1.0	confident	Pallidibacillus thermolactis	Bacteria
557b1b13-fa99-4317-a640-81918346d2a6	251051	1.0	confident	Pallidibacillus thermolactis	Bacteria
97366ab7-a3d6-46ee-9aa8-56eb59a2f4f4	251051	1.0	confident	Pallidibacillus thermolactis	Bacteria
57989357-d19c-4f21-97b9-eae07f204dae	251051	1.0	confident	Pallidibacillus thermolactis	Bacteria
ce7822af-3b42-4de7-9a84-768f76889a77	251051	1.0	confident	Pallidibacillus thermolactis	Bacteria
9709d884-cbba-4339-881b-24103e142732	251051	1.0	confident	Pallidibacillus thermolactis	Bacteria
bda13734-8cb6-4ef3-a342-f17bccc981a3	251051	1.0	confident	Pallidibacillus thermolactis	Bacteria
679280d9-387e-424d-a1b3-3e5ee021318b	251051	1.0	confident	Pallidibacillus thermolactis	Bacteria
1d70a91b-3be7-4362-9db0-68aca28f7658	251051	1.0	confident	Pallidibacillus thermolactis	Bacteria
f57f5883-a676-4c80-930d-43195380fd9b	251051	1.0	confident	Pallidibacillus thermolactis	Bacteria
76cf756b-dd0b-4887-b0f9-f6a998ff0c67	251051	1.0	confident	Pallidibacillus thermolactis	Bacteria
9a540f5c-92e4-4322-a011-b2c2fcf26f02	251051	1.0	confident	Pallidibacillus thermolactis	Bacteria
947e4d73-e5dc-482a-a31e-58732f588a60	251051	1.0	confident	Pallidibacillus thermolactis	Bacteria
c49660b8-d81b-409d-ac83-c0f58970d61c	251051	1.0	confident	Pallidibacillus thermolactis	Bacteria
ebd85d2b-f8d7-46c8-bd8d-651fdd9250c9	251051	1.0	confident	Pallidibacillus thermolactis	Bacteria
8523a385-4486-4872-9aa8-cd1cd39f1e18	251051	1.0	confident	Pallidibacillus thermolactis	Bacteria
54d82b39-df14-4e94-a818-913611d78ae4	251051	1.0	confident	Pallidibacillus thermolactis	Bacteria
6a2acbee-662e-4cd9-b4af-532ec7f9c299	251051	1.0	confident	Pallidibacillus thermolactis	Bacteria
07479726-92c3-4b80-be4a-13ecc8bca7bd	251051	1.0	confident	Pallidibacillus thermolactis	Bacteria
9ba94956-444e-4ffe-b09f-54b8b027a2fa	251051	1.0	confident	Pallidibacillus thermolactis	Bacteria
7a9aee8d-c691-49f5-a2fe-ec7f7d759643	251051	1.0	confident	Pallidibacillus thermolactis	Bacteria
a9242783-d712-4bb5-83b0-748cce34cf51	251051	1.0	confident	Pallidibacillus thermolactis	Bacteria
f549e0b0-e854-4f9f-8097-5a340b47ea5a	251051	1.0	confident	Pallidibacillus thermolactis	Bacteria
d2cc5871-790f-48f0-9b30-622d196d8592	251051	1.0	confident	Pallidibacillus thermolactis	Bacteria
05c560d0-44f6-4a68-a6e2-30b2f4477b77	251051	1.0	confident	Pallidibacillus thermolactis	Bacteria
3f67ce19-8a68-424b-929f-724513b5b80d	251051	1.0	confident	Pallidibacillus thermolactis	Bacteria
80421dad-a578-431c-80ea-fdebef684e0e	251051	1.0	confident	Pallidibacillus thermolactis	Bacteria
2b45cf1b-e27b-4e84-9e24-28f9062f9ee7	251051	1.0	confident	Pallidibacillus thermolactis	Bacteria
3426c221-667c-4c40-834b-17e52ad24fdf	251051	1.0	confident	Pallidibacillus thermolactis	Bacteria
c4bd2fc2-2f86-4f84-a38b-10c1df0ca620	251051	1.0	confident	Pallidibacillus thermolactis	Bacteria
c37f0284-93bc-4693-9b8e-203bfa85b30e	251051	1.0	confident	Pallidibacillus thermolactis	Bacteria
6e32699b-6815-45dc-afca-abd7e27c1302	251051	1.0	confident	Pallidibacillus thermolactis	Bacteria
faa66bf8-bc76-416c-9395-62b1f903af84	251051	1.0	confident	Pallidibacillus thermolactis	Bacteria
b82472eb-c608-4612-bcc4-d23c881266dc	251051	1.0	confident	Pallidibacillus thermolactis	Bacteria
b08ffe41-05bc-4c57-acce-3cdcebe3fd14	251051	1.0	confident	Pallidibacillus thermolactis	Bacteria
fca0af0b-1e2e-4ecf-8d21-ebb0a82c4366	251051	1.0	confident	Pallidibacillus thermolactis	Bacteria
a2fe5967-54a5-4b85-9aae-5603554bae8b	251051	1.0	confident	Pallidibacillus thermolactis	Bacteria
5d6502eb-288b-4b4e-8269-af045a85d2cc	251051	1.0	confident	Pallidibacillus thermolactis	Bacteria
65faf44f-c0d3-49b6-ad58-65a4323ae575	251051	1.0	confident	Pallidibacillus thermolactis	Bacteria
3c2660b6-3675-4901-aaf3-f60f3ee756ee	251051	1.0	confident	Pallidibacillus thermolactis	Bacteria
abbe9ce1-2d6f-47e3-8a08-f1150d9ef80f	251051	1.0	confident	Pallidibacillus thermolactis	Bacteria
370c2f88-9757-4517-aae0-442c90fd1b05	251051	1.0	confident	Pallidibacillus thermolactis	Bacteria
51b4dd9a-a7dc-40f6-911d-1e76201ac646	251051	1.0	confident	Pallidibacillus thermolactis	Bacteria
c7dd2677-276a-415c-9f80-b250f060df5e	251051	1.0	confident	Pallidibacillus thermolactis	Bacteria
bcb54f72-5e5d-4d70-9522-30fde235d940	251051	1.0	confident	Pallidibacillus thermolactis	Bacteria
5ef227bb-b5eb-4440-a90c-980efa462cb3	251051	1.0	confident	Pallidibacillus thermolactis	Bacteria
26219d0c-6279-4d08-9712-48b59b71b463	251051	1.0	confident	Pallidibacillus thermolactis	Bacteria
78065e99-f6e5-4d5c-bc16-13f6899577b1	251051	1.0	confident	Pallidibacillus thermolactis	Bacteria
c04a514d-e8a5-4dd8-914d-7faf38e15bdd	251051	1.0	confident	Pallidibacillus thermolactis	Bacteria
46472c6f-314a-4f11-adbb-3471702e1eb6	251051	1.0	confident	Pallidibacillus thermolactis	Bacteria
48876c11-4284-4d0c-b2f3-f102fc16c4eb	251051	1.0	confident	Pallidibacillus thermolactis	Bacteria
fcb36504-dc23-4df7-8005-bf293004e456	251051	1.0	confident	Pallidibacillus thermolactis	Bacteria
c2e02836-8fe9-48ba-be4e-0b6ae7326c25	251051	1.0	confident	Pallidibacillus thermolactis	Bacteria
5f34df75-07dd-4be2-a348-d6f412ca43b4	251051	1.0	confident	Pallidibacillus thermolactis	Bacteria
afed8616-0245-48a0-8e70-6cd166ad466d	251051	1.0	confident	Pallidibacillus thermolactis	Bacteria
6d399915-4600-49f2-a2ff-3dff1a2e4eac	251051	1.0	confident	Pallidibacillus thermolactis	Bacteria
2900af17-91fb-414f-bd19-5d806f7b0bc5	251051	1.0	confident	Pallidibacillus thermolactis	Bacteria
8b880294-ec42-430d-b045-3c5da4685b3a	251051	1.0	confident	Pallidibacillus thermolactis	Bacteria
c741f6a0-5aee-4aa4-8035-ee998ed047e0	251051	1.0	confident	Pallidibacillus thermolactis	Bacteria
47fb5def-c205-4acb-9ae4-6c126c689869	251051	1.0	confident	Pallidibacillus thermolactis	Bacteria
22498663-78f3-46cc-8b79-33ca9bf0ebaf	863372	1.0	confident	Herbaspirillum huttiense	Bacteria
c9841a85-f13f-44e5-b883-6c9d14737c67	863372	1.0	confident	Herbaspirillum huttiense	Bacteria
0f3dd8e5-0479-417d-a74c-29e96e2634a1	863372	1.0	confident	Herbaspirillum huttiense	Bacteria
e19c1fea-448a-43e0-ae5b-67c0f47bdea8	863372	1.0	confident	Herbaspirillum huttiense	Bacteria
927b45d0-24bb-41d7-9457-e7f05159b876	863372	1.0	confident	Herbaspirillum huttiense	Bacteria
0288e3d8-d288-4bfb-ade8-1bdf2b1c394b	863372	1.0	confident	Herbaspirillum huttiense	Bacteria
2e97d84c-e46a-40c8-8b90-274cb3e5e219	863372	1.0	confident	Herbaspirillum huttiense	Bacteria
5bc7dfb6-3bcb-4eb6-a1f2-70b755c00637	863372	1.0	confident	Herbaspirillum huttiense	Bacteria
316513b1-acca-46ff-b0e9-5ed63a714744	863372	1.0	confident	Herbaspirillum huttiense	Bacteria
0a9e9d81-dff6-481f-841b-02ab73274e23	863372	1.0	confident	Herbaspirillum huttiense	Bacteria
a48e3dd6-528f-46ee-867a-e9fc44561a0d	863372	1.0	confident	Herbaspirillum huttiense	Bacteria
08a08889-b0ad-489b-956d-c35f68bfae15	863372	1.0	confident	Herbaspirillum huttiense	Bacteria
73069d0c-0aeb-40d9-8d1f-87dad51c924b	863372	1.0	confident	Herbaspirillum huttiense	Bacteria
da7ce39b-106b-428d-ba72-ee4c6e6784f9	863372	1.0	confident	Herbaspirillum huttiense	Bacteria
e1a94d2c-2da3-4ae8-8c84-24175201f5b7	863372	1.0	confident	Herbaspirillum huttiense	Bacteria
62748746-7e71-4fc2-a35f-6aefb3a9b2c2	863372	1.0	confident	Herbaspirillum huttiense	Bacteria
22e36ca4-d269-4736-ab34-063098e64d65	863372	1.0	confident	Herbaspirillum huttiense	Bacteria
cf7dc357-fa89-43cd-8f21-257d63943932	863372	1.0	confident	Herbaspirillum huttiense	Bacteria
8102bb64-dc1b-4bcb-bb74-4713a2dcd46e	863372	1.0	confident	Herbaspirillum huttiense	Bacteria
92b416df-e172-4c2a-ad10-a9806c3885b7	863372	1.0	confident	Herbaspirillum huttiense	Bacteria
3536096c-ecec-4d89-9690-2373d68fd231	863372	1.0	confident	Herbaspirillum huttiense	Bacteria
2b4130d0-8dfb-4eb9-b43b-4a825e8b657c	863372	1.0	confident	Herbaspirillum huttiense	Bacteria
008c32cc-f79d-49ce-89de-767ab2e6d22e	863372	1.0	confident	Herbaspirillum huttiense	Bacteria
c65bd57b-45e4-4ea2-8e16-1e99c68db60a	863372	1.0	confident	Herbaspirillum huttiense	Bacteria
32fcf94f-4a8d-4a2d-a395-ea2c7a4a73a7	863372	1.0	confident	Herbaspirillum huttiense	Bacteria
9aed9b4a-91db-4dc1-be86-28f9137da128	863372	1.0	confident	Herbaspirillum huttiense	Bacteria
52be3910-d98e-42dd-8934-5a7cca161f45	863372	1.0	confident	Herbaspirillum huttiense	Bacteria
83efbf23-b9f0-47f7-8412-173f1c510314	863372	1.0	confident	Herbaspirillum huttiense	Bacteria
29b5ee06-fc1b-45ad-a8b5-52c66790eee1	863372	1.0	confident	Herbaspirillum huttiense	Bacteria
210f95b3-3ff6-4b49-81ee-3028b9851c64	863372	1.0	confident	Herbaspirillum huttiense	Bacteria
1e2e1d78-e21d-4ce2-832a-aef785ca25f1	863372	1.0	confident	Herbaspirillum huttiense	Bacteria
9560ecf1-6f78-4b4b-962a-09b7f6bcbdc9	863372	1.0	confident	Herbaspirillum huttiense	Bacteria
b9c208a2-d19b-4b12-b467-4bc4a6c3b75a	863372	1.0	confident	Herbaspirillum huttiense	Bacteria
5769b645-4dbe-43c9-aeb3-e91113d14a87	863372	1.0	confident	Herbaspirillum huttiense	Bacteria
5c398344-f0c2-40e9-87a3-a42ba10fed67	863372	1.0	confident	Herbaspirillum huttiense	Bacteria
9b079cce-3bb6-41bb-8187-4851c4f0dee6	863372	1.0	confident	Herbaspirillum huttiense	Bacteria
a8c1fd2a-2b35-4ca6-8fdb-5d0bec960ba6	863372	1.0	confident	Herbaspirillum huttiense	Bacteria
e8cc3d12-79e9-4cd6-a3f3-b6b2b6a8e00d	863372	1.0	confident	Herbaspirillum huttiense	Bacteria
96f9ae91-0446-4dcc-b47b-0e5751a0bb30	863372	1.0	confident	Herbaspirillum huttiense	Bacteria
4fe52506-8a95-4ae0-a053-1b723c063d63	863372	1.0	confident	Herbaspirillum huttiense	Bacteria
1f604edc-a49f-4412-b8e5-31409f554138	863372	1.0	confident	Herbaspirillum huttiense	Bacteria
7e75243b-91bd-4dd4-b13b-1615e356c20c	863372	1.0	confident	Herbaspirillum huttiense	Bacteria
099b5c76-8308-4c99-bda5-6bb86033e413	863372	1.0	confident	Herbaspirillum huttiense	Bacteria
8f575897-4916-4f0b-bc7d-29224e1a9c43	863372	1.0	confident	Herbaspirillum huttiense	Bacteria
36a38f88-1b04-4447-a470-a9c1f432d2a3	863372	1.0	confident	Herbaspirillum huttiense	Bacteria
01bcc111-5b48-4bdd-9732-f956855749fc	863372	1.0	confident	Herbaspirillum huttiense	Bacteria
513e98ce-2e49-4622-9b94-11081f1adf09	863372	1.0	confident	Herbaspirillum huttiense	Bacteria
4aeba4bb-94e9-4723-a5a1-c69bce3db84c	863372	1.0	confident	Herbaspirillum huttiense	Bacteria
fc2cd3a1-a6b7-434c-b9cd-83b710989ca5	863372	1.0	confident	Herbaspirillum huttiense	Bacteria
3e7b2571-f0f9-40b2-919e-d7d0ec04eca5	863372	1.0	confident	Herbaspirillum huttiense	Bacteria
bb3080f1-f339-4386-a7c8-ffe71ba64c39	863372	1.0	confident	Herbaspirillum huttiense	Bacteria
57cb53c1-26b1-48ad-9b0b-50a706f63668	863372	1.0	confident	Herbaspirillum huttiense	Bacteria
abe89e27-58dd-4f01-91b1-4e8d48ca52de	863372	1.0	confident	Herbaspirillum huttiense	Bacteria
fb015520-cb78-4290-a3d6-bc7ec71001f9	863372	1.0	confident	Herbaspirillum huttiense	Bacteria
ea32f275-41bd-4bdd-aee9-e364cb46e270	863372	1.0	confident	Herbaspirillum huttiense	Bacteria
337b577d-9fdc-4172-b801-5c2bf8e43454	863372	1.0	confident	Herbaspirillum huttiense	Bacteria
a3fa82b3-56f5-45eb-9282-66ad1fb2062d	863372	1.0	confident	Herbaspirillum huttiense	Bacteria
01b55547-15f7-40f7-a695-20c258cc7201	863372	1.0	confident	Herbaspirillum huttiense	Bacteria
03df6be7-6608-4674-b94c-e86cbc3b2180	863372	1.0	confident	Herbaspirillum huttiense	Bacteria
c3dcf0fc-5af7-4774-a33b-52bf5d8620fe	863372	1.0	confident	Herbaspirillum huttiense	Bacteria
96185c74-f60d-4e81-bb55-61e97a7ba132	863372	1.0	confident	Herbaspirillum huttiense	Bacteria
394e22e2-2623-45a4-93b2-b158936f09d1	863372	1.0	confident	Herbaspirillum huttiense	Bacteria
0d85fc94-c68e-4350-8b6e-3a4f74655a05	863372	1.0	confident	Herbaspirillum huttiense	Bacteria
09fb2477-af4f-4cf3-8c3f-d1eace3fa44c	863372	1.0	confident	Herbaspirillum huttiense	Bacteria
cae91e22-92f3-4ce5-9d03-0450a823a8c7	863372	1.0	confident	Herbaspirillum huttiense	Bacteria
4df42e9f-675d-4a0b-83ee-117eb6b5e383	863372	1.0	confident	Herbaspirillum huttiense	Bacteria
6041ad9a-24ea-4ba4-95cf-2f51bd99995b	863372	1.0	confident	Herbaspirillum huttiense	Bacteria
7bb7f067-2bd3-462d-9fc9-8a8c3197876b	863372	1.0	confident	Herbaspirillum huttiense	Bacteria
af4abf59-d3cd-4d51-8f9e-9f2b25360c44	863372	1.0	confident	Herbaspirillum huttiense	Bacteria
51afd60d-c2c7-40b5-9b93-9126f7b747e2	863372	1.0	confident	Herbaspirillum huttiense	Bacteria
52109716-14cc-4fbc-8540-386032a47dfc	863372	1.0	confident	Herbaspirillum huttiense	Bacteria
cb407934-759f-4f90-b327-04fb5c4a347a	863372	1.0	confident	Herbaspirillum huttiense	Bacteria
7ba54b87-bdf6-4a8f-baa2-05917df203d2	863372	1.0	confident	Herbaspirillum huttiense	Bacteria
3da67a14-61ab-426c-bf11-997e1a4835fd	863372	1.0	confident	Herbaspirillum huttiense	Bacteria
bb82c11d-3a3c-45ff-a24f-70845a767a98	863372	1.0	confident	Herbaspirillum huttiense	Bacteria
8076fd1c-c2f9-48b9-8032-74ee956997be	863372	1.0	confident	Herbaspirillum huttiense	Bacteria
3b9cbf94-140f-4ca0-9054-0f16144179ff	863372	1.0	confident	Herbaspirillum huttiense	Bacteria
35711323-64e9-47ac-827f-5d6c0f5e31b6	863372	1.0	confident	Herbaspirillum huttiense	Bacteria
a63a344c-3a3d-4e56-9ac7-cdca2a199b5b	863372	1.0	confident	Herbaspirillum huttiense	Bacteria
ad34a5b2-c9bb-46f3-bfc0-255d8512b4fc	863372	1.0	confident	Herbaspirillum huttiense	Bacteria
61e4a290-dd65-49c9-8144-270d08e4e9c8	863372	1.0	confident	Herbaspirillum huttiense	Bacteria
8896509c-71a4-4108-b098-e4324f02a27c	863372	1.0	confident	Herbaspirillum huttiense	Bacteria
6737c67e-5ca2-4d4f-a781-00c85ebee86a	863372	1.0	confident	Herbaspirillum huttiense	Bacteria
602cdcc3-bc1d-44ae-972d-f2b8508491bd	863372	1.0	confident	Herbaspirillum huttiense	Bacteria
b23a890e-d2c8-42e7-b10a-71627497cc7f	863372	1.0	confident	Herbaspirillum huttiense	Bacteria
5e6f8f5a-765f-4e2d-905f-696efabaef2a	863372	1.0	confident	Herbaspirillum huttiense	Bacteria
acdfe0f0-dfde-4a88-ba7b-499c90225587	863372	1.0	confident	Herbaspirillum huttiense	Bacteria
55967d5b-4fc6-449e-9bf9-0951776f733b	863372	1.0	confident	Herbaspirillum huttiense	Bacteria
7ebea1e4-2122-4736-96fb-2538084fa6c4	863372	1.0	confident	Herbaspirillum huttiense	Bacteria
e1b52709-5dd8-4946-818a-6113218b0cde	863372	1.0	confident	Herbaspirillum huttiense	Bacteria
3463ff9e-c572-4a6b-b366-8e6c7a79e67a	863372	1.0	confident	Herbaspirillum huttiense	Bacteria
09e24d42-ad54-426a-a2bd-50ae62af78d5	863372	1.0	confident	Herbaspirillum huttiense	Bacteria
b661ef39-d3db-4720-b904-ed7c07d529f7	863372	1.0	confident	Herbaspirillum huttiense	Bacteria
97b93d92-6c36-4c8b-968b-871bd57a071c	863372	1.0	confident	Herbaspirillum huttiense	Bacteria
e3fb5c8e-adcb-4eff-996f-58b57b0fb35b	863372	1.0	confident	Herbaspirillum huttiense	Bacteria
dcb7cafa-dff5-429f-993d-fc156a05aa99	863372	1.0	confident	Herbaspirillum huttiense	Bacteria
12b5658b-8b80-4286-91e3-8e9f420fbb30	863372	1.0	confident	Herbaspirillum huttiense	Bacteria
a61871c0-71fb-4ded-bc42-2d5e85fc2aff	863372	1.0	confident	Herbaspirillum huttiense	Bacteria
fbcd6a9e-b79c-4f30-b176-54f5b3c2fbda	863372	1.0	confident	Herbaspirillum huttiense	Bacteria
55269f0b-4adf-452e-8d46-b72150670612	863372	1.0	confident	Herbaspirillum huttiense	Bacteria
2f5241f5-352b-4b50-a647-801329c1781a	863372	1.0	confident	Herbaspirillum huttiense	Bacteria
cc174dec-02e6-445f-93c2-b15c628ed83d	863372	1.0	confident	Herbaspirillum huttiense	Bacteria
87567ac1-04b7-44b5-9140-f3bb2e72ee7e	863372	1.0	confident	Herbaspirillum huttiense	Bacteria
40201303-e806-4a9f-9bbf-f7b4bed82909	110845	0.9978784249647648	high	Phocicoccus pinnipedialis	Bacteria
4e27d7c9-c4ce-4cd8-83b3-64c87828210f	110845	0.998031300165978	high	Phocicoccus pinnipedialis	Bacteria
a86eb2c7-db4d-42da-b00f-28e06c88113c	1812261	0.6242862754161036	medium	Phocicoccus schoeneichii	Bacteria
5533fe58-cdca-4a2d-b6bf-852d93548bf1	110845	0.9978784249647648	high	Phocicoccus pinnipedialis	Bacteria
e46a8aee-7dad-41da-a35f-0fc1dd057a9d	110845	0.9978846028033744	high	Phocicoccus pinnipedialis	Bacteria
3bf2050e-9734-4e6e-b2d4-2922f7ce1e5b	110845	0.9978973498053636	high	Phocicoccus pinnipedialis	Bacteria
db0c3872-5229-4367-8138-a798915f99b0	110845	0.9978971565589544	high	Phocicoccus pinnipedialis	Bacteria
fe8fdd07-4868-4335-a915-0a25ad2e59f7	1812261	1.0	confident	Phocicoccus schoeneichii	Bacteria
19cf9dbb-f162-4194-ae1f-8ef2815eadff	110845	0.9979079023379184	high	Phocicoccus pinnipedialis	Bacteria
fbc0e61d-dacb-4cc9-b465-d17a3854bcb8	110845	0.997886222626616	high	Phocicoccus pinnipedialis	Bacteria
799c447f-bcd6-46ee-bbcf-fd36d3330efe	110845	0.9979401556188168	high	Phocicoccus pinnipedialis	Bacteria
949d2e81-8263-44a7-87ca-b265a2a68d51	110845	0.9948887793085972	high	Phocicoccus pinnipedialis	Bacteria
a168753b-6a6d-4c62-9422-1f847bb9f971	110845	0.9979146279475192	high	Phocicoccus pinnipedialis	Bacteria
07d18071-ae97-4388-ab2e-a3fe1a0538e9	110845	0.9979058108353868	high	Phocicoccus pinnipedialis	Bacteria
01f0b6a2-be16-487b-90b5-6c47fe6be0b7	110845	0.997142281929892	high	Phocicoccus pinnipedialis	Bacteria
3ddf1704-2e61-44a0-b9f8-7afeacb9f186	1812261	1.0	confident	Phocicoccus schoeneichii	Bacteria
4d98e268-7b16-49d2-9112-a0ad002ecb12	110845	0.9979216916396808	high	Phocicoccus pinnipedialis	Bacteria
db3bcd65-f13f-4b2d-a6bc-2ec87e0d7dfe	110845	0.9979093255591264	high	Phocicoccus pinnipedialis	Bacteria
624971e8-8cd9-4a20-9908-f823c24705ed	110845	0.9863851717281216	high	Phocicoccus pinnipedialis	Bacteria
2070c488-4841-4361-8cf7-df7e347d8154	110845	0.9978952334748968	high	Phocicoccus pinnipedialis	Bacteria
2443451e-f963-43d3-96f0-71de24ffbee7	110845	0.9999426801887262	high	Phocicoccus pinnipedialis	Bacteria
20a79890-cd87-40ca-856a-256ec9ea5705	110845	0.997912349680659	high	Phocicoccus pinnipedialis	Bacteria
216c7449-f038-493a-a6fe-9db4b01b1f74	110845	0.9978897858150731	high	Phocicoccus pinnipedialis	Bacteria
c50cba85-6d5c-4239-bf21-73ca0a28334b	1812261	1.0	confident	Phocicoccus schoeneichii	Bacteria
8b59346d-f085-4ebe-b096-13a179bf1478	110845	0.9991653680145698	high	Phocicoccus pinnipedialis	Bacteria
ef04918e-34ef-4e31-9324-7e4eb5946da0	110845	0.9979144197712712	high	Phocicoccus pinnipedialis	Bacteria
f9b4a408-09e3-4cba-a266-2d16a2adc253	110845	0.9978919610862692	high	Phocicoccus pinnipedialis	Bacteria
c603d42a-77cf-4a76-81fb-4bf784beeec7	110845	0.9979074347511542	high	Phocicoccus pinnipedialis	Bacteria
b2b6ae3a-4e40-4cc0-9cac-9d317e967293	110845	0.9978983085296328	high	Phocicoccus pinnipedialis	Bacteria
dc0a8e8b-0f13-43cf-8a57-0a71fa5973e7	110845	0.9991494054653624	high	Phocicoccus pinnipedialis	Bacteria
a68d0272-9de9-48c7-9935-700fe5be1be2	110845	0.9979528245341645	high	Phocicoccus pinnipedialis	Bacteria
631e731a-1401-4019-af51-46ff1b93ef75	110845	0.9999426801887262	high	Phocicoccus pinnipedialis	Bacteria
6e2c94d5-97bf-4a5c-b044-2cd6e6dcc587	1812261	1.0	confident	Phocicoccus schoeneichii	Bacteria
2916268d-d8b5-4b25-8e2b-4b4454701ea8	110845	0.9999426801887262	high	Phocicoccus pinnipedialis	Bacteria
3c9a36bf-31b7-470f-a4bd-6e108923aeed	110845	0.9979226469938696	high	Phocicoccus pinnipedialis	Bacteria
03c7904d-4711-4836-ad48-c9963fac13ba	110845	0.997886222626616	high	Phocicoccus pinnipedialis	Bacteria
0337c63c-f0e3-4a19-9e85-16114d98d19b	110845	0.9979006671008068	high	Phocicoccus pinnipedialis	Bacteria
39603d66-d833-4d7a-851f-7dc67d7ecd67	110845	0.9979050624516212	high	Phocicoccus pinnipedialis	Bacteria
6a76a325-4e07-41de-a222-2ff69e93a968	1812261	1.0	confident	Phocicoccus schoeneichii	Bacteria
cf39bbcb-9282-4c9b-b8ce-dbe6c69f5813	1812261	1.0	confident	Phocicoccus schoeneichii	Bacteria
21b78f38-88f2-4b15-a4c8-d0d8b7f3544b	1812261	1.0	confident	Phocicoccus schoeneichii	Bacteria
d19b7e9f-bc05-4600-a95a-1744cb7f63a4	110845	0.9979006036321406	high	Phocicoccus pinnipedialis	Bacteria
6046feb6-2344-4eb9-9f5d-14d9a9104694	110845	0.9979214973598388	high	Phocicoccus pinnipedialis	Bacteria
4db729f1-42ce-45e6-b918-719c281a6b74	1812261	1.0	confident	Phocicoccus schoeneichii	Bacteria
5c23830e-149a-4796-b9c1-6b83e7833777	110845	0.997881027369526	high	Phocicoccus pinnipedialis	Bacteria
1c323cb4-af1a-49e6-80de-a678a7131b7c	110845	0.9999730923717292	high	Phocicoccus pinnipedialis	Bacteria
f6b677d1-2099-4d40-844a-8f4ff12892af	110845	0.9979399664259826	high	Phocicoccus pinnipedialis	Bacteria
c87d5d6a-40c3-4488-8fcd-f34ee3b47954	110845	0.9978784249647648	high	Phocicoccus pinnipedialis	Bacteria
2df0e607-5618-4e55-a33d-10f9f8370c91	110845	0.9979331782856208	high	Phocicoccus pinnipedialis	Bacteria
6e77cdd6-6827-45d1-a56f-ca6715e40e36	110845	0.9999426801887262	high	Phocicoccus pinnipedialis	Bacteria
d96dd19e-e22d-482f-b372-45c73d7b190b	1812261	1.0	confident	Phocicoccus schoeneichii	Bacteria
ddb28682-3e37-4f9b-b61c-70e80d064670	110845	0.9999426801887262	high	Phocicoccus pinnipedialis	Bacteria
d603c6dc-34f7-4eef-9cb7-a4b2573c38dd	110845	0.9979153847829336	high	Phocicoccus pinnipedialis	Bacteria
5265192d-9599-48a4-83e8-5b4dadcbf7b9	110845	0.997898032173362	high	Phocicoccus pinnipedialis	Bacteria
3e57c872-1bef-4e3f-8c32-e691b034da9c	110845	0.9979093255591264	high	Phocicoccus pinnipedialis	Bacteria
eb7b066f-77ca-4f47-a9a4-32399a95c23b	110845	0.997887195895192	high	Phocicoccus pinnipedialis	Bacteria
48bc7353-5b26-4e4c-a3dc-e5d3a102e443	1812261	1.0	confident	Phocicoccus schoeneichii	Bacteria
1a57516a-d12a-4e60-b221-34ec652daf5d	1812261	1.0	confident	Phocicoccus schoeneichii	Bacteria
dc91b75a-82a4-463f-bbb9-e7343da68faa	110845	0.997882006535752	high	Phocicoccus pinnipedialis	Bacteria
4c018b28-d672-4446-93ca-17f0d055c4e8	110845	0.9999426801887262	high	Phocicoccus pinnipedialis	Bacteria
54fdeaf1-610c-4140-a879-257f42bb01bd	110845	0.9979230859357608	high	Phocicoccus pinnipedialis	Bacteria
ce42b383-db28-4ae6-bf1b-ebc9ee89d3da	110845	0.9978945469221416	high	Phocicoccus pinnipedialis	Bacteria
a0553809-5a37-433a-b70d-9cfa742392fb	110845	0.9996615066177074	high	Phocicoccus pinnipedialis	Bacteria
df43f310-038c-4605-8acd-1b7d32e0ea03	110845	0.9978926862970464	high	Phocicoccus pinnipedialis	Bacteria
b64627a2-f5ce-4058-ade0-154669978bb0	110845	0.9978926502269484	high	Phocicoccus pinnipedialis	Bacteria
732c62aa-7c3d-4ccf-9496-565f6be910d2	110845	0.9979750197873924	high	Phocicoccus pinnipedialis	Bacteria
5e1d7afa-9518-4383-bbaf-88408de76d77	110845	0.9979006036321406	high	Phocicoccus pinnipedialis	Bacteria
8e5e816e-0897-4b3f-a28d-6171b5fdbf1a	110845	0.9979388162721204	high	Phocicoccus pinnipedialis	Bacteria
f02837e2-b441-4b68-8d82-df76d4cd098e	110845	0.997898032173362	high	Phocicoccus pinnipedialis	Bacteria
3e26126b-7a56-440e-8f10-8683838dbd58	110845	0.9991922676784222	high	Phocicoccus pinnipedialis	Bacteria
9f70996b-f221-4813-9f4c-1be76646fb46	1703	1.0	confident	Brevibacterium linens	Bacteria
c769030b-f8a2-466a-b193-be41c24e1f4d	1703	1.0	confident	Brevibacterium linens	Bacteria
f1c5d574-cd16-4a08-af3e-239a515f4dac	1703	1.0	confident	Brevibacterium linens	Bacteria
736bed58-ec56-4708-99a9-f14a22716726	1703	1.0	confident	Brevibacterium linens	Bacteria
1b758635-3b80-45a4-b566-e2050238f230	1703	1.0	confident	Brevibacterium linens	Bacteria
1faa970e-9752-4f91-9cf6-5e7343c392d7	1703	1.0	confident	Brevibacterium linens	Bacteria
734b91fa-23a1-4229-9348-8797d566ebe1	1703	1.0	confident	Brevibacterium linens	Bacteria
25d097da-f7b4-49a8-bc16-44b6097a467a	1703	1.0	confident	Brevibacterium linens	Bacteria
7f7c5575-8720-491a-9ebe-ffd159ee82db	1703	1.0	confident	Brevibacterium linens	Bacteria
a17462ee-6727-43fb-848c-a1be2add22a5	1703	1.0	confident	Brevibacterium linens	Bacteria
da821a9e-9da7-4105-8488-815698283462	1703	1.0	confident	Brevibacterium linens	Bacteria
19080f15-85bb-467a-a984-65d38f901304	1703	1.0	confident	Brevibacterium linens	Bacteria
bf827d6a-26a9-4b63-a189-c12cda687191	1703	1.0	confident	Brevibacterium linens	Bacteria
90d657c2-378d-4326-8e27-ceb7ca0ebbcb	1703	1.0	confident	Brevibacterium linens	Bacteria
8fc75efd-039a-4c4b-999e-e1315ae634da	1703	1.0	confident	Brevibacterium linens	Bacteria
557c7238-8f1d-4c60-b257-31adc304bacc	1703	1.0	confident	Brevibacterium linens	Bacteria
6c08096a-d889-4d1e-a0a1-c7a3985c749d	1703	1.0	confident	Brevibacterium linens	Bacteria
b06110ec-dae5-4e9a-9a13-30ac03b7f95c	1703	1.0	confident	Brevibacterium linens	Bacteria
93d7a9e9-66a0-44e9-8ec7-59c006c489c9	1703	1.0	confident	Brevibacterium linens	Bacteria
a3c1f426-30db-4d30-bebe-495ef15df8ef	1703	1.0	confident	Brevibacterium linens	Bacteria
5136dd54-970d-4171-af0d-9ca5235d37f9	1703	1.0	confident	Brevibacterium linens	Bacteria
fd0d8c9d-8cef-402b-9795-24715f0a64c6	1703	1.0	confident	Brevibacterium linens	Bacteria
9e0c7609-4bf1-4f32-9c18-e29c1b08c406	1703	1.0	confident	Brevibacterium linens	Bacteria
d937042a-9d6e-446f-b156-6f27de60db68	1703	1.0	confident	Brevibacterium linens	Bacteria
0c4eebfa-bf45-4565-a2c6-532f583c7a3f	1703	1.0	confident	Brevibacterium linens	Bacteria
54650fa2-41d9-4ab3-b164-21199f2497ed	1703	1.0	confident	Brevibacterium linens	Bacteria
533b2a2c-77d4-4698-af34-6038235b6ded	1703	1.0	confident	Brevibacterium linens	Bacteria
1c611f78-ffd3-462d-825c-f1edd2b17051	1703	1.0	confident	Brevibacterium linens	Bacteria
3170a7b6-794e-47be-897b-89110b25ff90	1703	1.0	confident	Brevibacterium linens	Bacteria
d13294aa-0edb-41dc-b727-76a1fe87b2a6	134034	1.0	confident	Corynebacterium freneyi	Bacteria
66cebed4-7eea-4063-8766-a4997c05ea40	134034	1.0	confident	Corynebacterium freneyi	Bacteria
33bd0e30-0b99-4a0e-859e-50012fd5d011	134034	1.0	confident	Corynebacterium freneyi	Bacteria
0780a565-4d10-4361-9731-433c7de048ad	134034	1.0	confident	Corynebacterium freneyi	Bacteria
04d0b7e8-1989-4f85-b965-3096b29c60ae	134034	1.0	confident	Corynebacterium freneyi	Bacteria
3c72e594-2004-4619-9f18-1541a7e7c7de	134034	1.0	confident	Corynebacterium freneyi	Bacteria
385bd660-306f-4da5-bc4b-3db92f8e9a55	134034	1.0	confident	Corynebacterium freneyi	Bacteria
cf33938f-31aa-4055-91ce-1db6b5dc1782	134034	1.0	confident	Corynebacterium freneyi	Bacteria
46e943f1-299e-4c6a-940b-34359b7c03d7	134034	1.0	confident	Corynebacterium freneyi	Bacteria
1229a8f4-f0d0-49f1-a3c3-c7280fcd204b	134034	1.0	confident	Corynebacterium freneyi	Bacteria
d243cb5b-79b6-4491-8224-299cf7446b7a	134034	1.0	confident	Corynebacterium freneyi	Bacteria
2ffeee88-69b3-4899-a16e-3e3893ee4326	134034	1.0	confident	Corynebacterium freneyi	Bacteria
d37d46fc-49bd-419c-b607-e58ae1f0def2	134034	1.0	confident	Corynebacterium freneyi	Bacteria
368c3a25-c48c-4311-b93f-10f41ee62d1d	134034	1.0	confident	Corynebacterium freneyi	Bacteria
990e066b-fcbc-44dc-be47-955cd906334f	134034	1.0	confident	Corynebacterium freneyi	Bacteria
ed67dbcc-e37c-4428-9e74-ab1ce91ede51	134034	1.0	confident	Corynebacterium freneyi	Bacteria
401d3693-68a0-4538-a3d5-bfc3306224ce	134034	1.0	confident	Corynebacterium freneyi	Bacteria
337470ea-142d-4f4c-b43e-3ca8e7b26277	134034	1.0	confident	Corynebacterium freneyi	Bacteria
01b51504-ea37-40eb-bf35-f2716676f430	134034	1.0	confident	Corynebacterium freneyi	Bacteria
e03fa98d-6c10-420e-b1e7-3381df0d00ad	134034	1.0	confident	Corynebacterium freneyi	Bacteria
722c3711-fa59-4b94-b606-fe3dce841a13	134034	1.0	confident	Corynebacterium freneyi	Bacteria
f9f9afd9-f2ab-43e6-86ba-212c20bcb028	134034	1.0	confident	Corynebacterium freneyi	Bacteria
74e27c75-236c-4c07-94f0-1502c087b9b2	134034	1.0	confident	Corynebacterium freneyi	Bacteria
10927e64-3ad0-42c8-826a-49d3581564f8	134034	1.0	confident	Corynebacterium freneyi	Bacteria
23f87526-1ad5-4c2f-aed5-daa0472db5ce	134034	1.0	confident	Corynebacterium freneyi	Bacteria
313d1c92-f5a0-4e9e-9391-d26870816eec	134034	1.0	confident	Corynebacterium freneyi	Bacteria
fdf56e92-4d9c-4f30-ab3a-c29c8ff8fbbb	134034	1.0	confident	Corynebacterium freneyi	Bacteria
a29200ae-3597-477c-ac56-82e406af7a1f	134034	1.0	confident	Corynebacterium freneyi	Bacteria
5092da2e-cf87-4903-8c00-7a30d4d8a320	134034	1.0	confident	Corynebacterium freneyi	Bacteria
a4c2e091-ba71-4614-a153-1bee3e1046e0	134034	1.0	confident	Corynebacterium freneyi	Bacteria
2f249b75-35f3-4f80-b6da-1cc5e59360c7	134034	1.0	confident	Corynebacterium freneyi	Bacteria
888b171f-7522-4588-94af-84af3a0f174e	134034	1.0	confident	Corynebacterium freneyi	Bacteria
e3305c05-661e-4a92-9281-06f201f4ed76	134034	1.0	confident	Corynebacterium freneyi	Bacteria
e7c5668b-2a8e-4fb5-9d46-98258f2d1e3f	134034	1.0	confident	Corynebacterium freneyi	Bacteria
751c86b8-1a0b-4346-a8a2-d5d4580130f9	134034	1.0	confident	Corynebacterium freneyi	Bacteria
1891bd38-38f8-4065-ba58-84ccaf57c70c	134034	1.0	confident	Corynebacterium freneyi	Bacteria
80e6a1d4-2e9d-4f87-9c11-163edd11b27e	2653852	1.0	confident	Rubrobacter marinus	Bacteria
920df706-140d-4ce1-982e-1dd1effede55	2653852	1.0	confident	Rubrobacter marinus	Bacteria
5da6e937-a1f2-4f24-9e10-ae2ed13463ae	2653852	1.0	confident	Rubrobacter marinus	Bacteria
5984a27f-2f74-45ad-bbae-dcc5f7d7f70c	2653852	1.0	confident	Rubrobacter marinus	Bacteria
f7f8a0a7-e994-472b-afbc-56122b938684	2653852	1.0	confident	Rubrobacter marinus	Bacteria
90267a07-6519-449c-a8bf-f61a884ee349	2653852	1.0	confident	Rubrobacter marinus	Bacteria
debf540c-8313-46ed-87ed-e72fc096c4e0	2653852	1.0	confident	Rubrobacter marinus	Bacteria
bcb7903b-7888-442c-9c4b-4dbbcfea2316	2653852	1.0	confident	Rubrobacter marinus	Bacteria
e9908ae4-bc8a-4179-beb4-99fa48a2afba	2653852	1.0	confident	Rubrobacter marinus	Bacteria
86037f49-338f-4d00-a432-7c3448c8d51c	2653852	1.0	confident	Rubrobacter marinus	Bacteria
5a0c9582-ccfa-4ed9-86c4-e944fda16349	2653852	1.0	confident	Rubrobacter marinus	Bacteria
1b0dc892-0bd9-49a6-a487-dbe4b058bbc7	2653852	1.0	confident	Rubrobacter marinus	Bacteria
ed339275-0f30-4b75-93eb-079003a1d3ca	2653852	1.0	confident	Rubrobacter marinus	Bacteria
de1f37e8-c3c9-4eb0-94dd-cd62c58e1719	2653852	1.0	confident	Rubrobacter marinus	Bacteria
